t_s,theta_rad,dtheta_rad_s,psi_rad,dpsi_rad_s,error_theta,error_dtheta,error_psi,error_dpsi,u_PD_Nm,u_Nm,status_cbf,dorong_N,ISE_theta,ISE_dtheta,ISE_psi,ISE_dpsi,Kp_psi,Kd_psi,Kp_theta,Kd_theta,Kvel,Alpha_1,Alpha_2,Alpha_3,Alpha_4,Alpha_5,Alpha_6,zeta_DEG
0.005,0,0,-1.5560297e-07,0,0,0,1.5560297e-07,0,-2.3340446e-06,-2.3340446e-06,-,0,0,0,1.2106142e-16,0,15,1.5,0.02,0.04,-0.05,40,40,40,40,40,10,0
0.01,4.170642e-05,0.010874976,-4.0105603e-07,-0.00011658629,-4.170642e-05,-0.010874976,4.0105603e-07,0.00011658629,0.00025493788,0.00025493788,-,0,8.6971272e-12,5.913255e-07,9.2529112e-16,6.7961819e-11,15,1.5,0.02,0.04,-0.05,40,40,40,40,40,10,0
0.015,9.5243091e-05,0.013390384,-2.2441547e-05,-0.0045420568,-9.5243091e-05,-0.013390384,2.2441547e-05,0.0045420568,-0.0066121882,-0.0066121882,-,0,5.4053359e-11,1.4878374e-06,2.5190405e-12,1.0321936e-07,15,1.5,0.02,0.04,-0.05,40,40,40,40,40,10,0
0.02,0.00018146373,0.019829271,-4.8392228e-05,-0.0056603599,-0.00018146373,-0.019829271,4.8392228e-05,0.0056603599,-0.0084196231,-0.0084196231,-,0,2.1869879e-10,3.4538373e-06,1.4228079e-11,2.6341773e-07,15,1.5,0.02,0.04,-0.05,40,40,40,40,40,10,0
0.025,0.00029919462,0.024538983,-6.8678665e-05,-0.0045198219,-0.00029919462,-0.024538983,6.8678665e-05,0.0045198219,-0.0068223696,-0.0068223696,-,0,6.6628589e-10,6.4646458e-06,3.7811874e-11,3.6556168e-07,15,1.5,0.02,0.04,-0.05,40,40,40,40,40,10,0
0.03,0.00043516955,0.027870031,-8.6110899e-05,-0.0039338024,-0.00043516955,-0.027870031,8.6110899e-05,0.0039338024,-0.0060688625,-0.0060688625,-,0,1.6131486e-09,1.0348339e-05,7.4887309e-11,4.4293569e-07,15,1.5,0.02,0.04,-0.05,40,40,40,40,40,10,0
0.035,0.00058419885,0.032086778,-0.00010814651,-0.0037703297,-0.00058419885,-0.032086778,0.00010814651,0.0037703297,-0.0059825371,-0.0059825371,-,0,3.3195901e-09,1.5496145e-05,1.3336564e-10,5.1401262e-07,15,1.5,0.02,0.04,-0.05,40,40,40,40,40,10,0
0.04,0.00075735544,0.036530079,-0.0001286093,-0.0041429429,-0.00075735544,-0.036530079,0.0001286093,0.0041429429,-0.0066672036,-0.0066672036,-,0,6.1875264e-09,2.2168379e-05,2.1606741e-10,5.998325e-07,15,1.5,0.02,0.04,-0.05,40,40,40,40,40,10,0
0.045,0.00092902659,0.038213281,-0.0001756671,-0.0076205723,-0.00092902659,-0.038213281,0.0001756671,0.0076205723,-0.012518753,-0.012518753,-,0,1.0502978e-08,2.9469653e-05,3.7036205e-10,8.9019811e-07,15,1.5,0.02,0.04,-0.05,40,40,40,40,40,10,0
0.05,0.0011359939,0.042448266,-0.00021283769,-0.0084171765,-0.0011359939,-0.042448266,0.00021283769,0.0084171765,-0.01409768,-0.01409768,-,0,1.6955389e-08,3.8478929e-05,5.9686145e-10,1.2444424e-06,15,1.5,0.02,0.04,-0.05,40,40,40,40,40,10,0
0.055,0.0013500759,0.045326623,-0.00025786289,-0.0071759774,-0.0013500759,-0.045326623,0.00025786289,0.0071759774,-0.012791843,-0.012791843,-,0,2.6068913e-08,4.8751443e-05,9.293278e-10,1.5019157e-06,15,1.5,0.02,0.04,-0.05,40,40,40,40,40,10,0
0.06,0.0015600953,0.046011065,-0.00031311935,-0.0074569623,-0.0015600953,-0.046011065,0.00031311935,0.0074569623,-0.014010589,-0.014010589,-,0,3.8238399e-08,5.9336534e-05,1.4195464e-09,1.7799471e-06,15,1.5,0.02,0.04,-0.05,40,40,40,40,40,10,0
0.065,0.0017736249,0.046108636,-0.00037318912,-0.0094913071,-0.0017736249,-0.046108636,0.00037318912,0.0094913071,-0.01795498,-0.01795498,-,0,5.3967125e-08,6.9966565e-05,2.115897e-09,2.2303717e-06,15,1.5,0.02,0.04,-0.05,40,40,40,40,40,10,0
0.07,0.0020273064,0.052429376,-0.00040247958,-0.0048749192,-0.0020273064,-0.052429376,0.00040247958,0.0048749192,-0.011211851,-0.011211851,-,0,7.4516981e-08,8.3710762e-05,2.9258461e-09,2.3491958e-06,15,1.5,0.02,0.04,-0.05,40,40,40,40,40,10,0
0.075,0.0022754831,0.051775206,-0.00043840551,-0.0041933575,-0.0022754831,-0.051775206,0.00043840551,0.0041933575,-0.010749601,-0.010749601,-,0,1.004061e-07,9.7114122e-05,3.8868431e-09,2.4371171e-06,15,1.5,0.02,0.04,-0.05,40,40,40,40,40,10,0
0.08,0.0025139903,0.049763907,-0.00047726555,-0.0054373783,-0.0025139903,-0.049763907,0.00047726555,0.0054373783,-0.013274215,-0.013274215,-,0,1.3200683e-07,0.00010949635,5.0257551e-09,2.5849425e-06,15,1.5,0.02,0.04,-0.05,40,40,40,40,40,10,0
0.085,0.0027750652,0.054202647,-0.00049174191,-0.00089853027,-0.0027750652,-0.054202647,0.00049174191,0.00089853027,-0.0065003169,-0.0065003169,-,0,1.7051177e-07,0.00012418599,6.2348056e-09,2.5889793e-06,15,1.5,0.02,0.04,-0.05,40,40,40,40,40,10,0
0.09,0.0030049227,0.050702476,-0.00053309846,-0.0030188863,-0.0030049227,-0.050702476,0.00053309846,0.0030188863,-0.010436609,-0.010436609,-,0,2.1565957e-07,0.00013703969,7.6557755e-09,2.6345476e-06,15,1.5,0.02,0.04,-0.05,40,40,40,40,40,10,0
0.095,0.0032653419,0.052868433,-0.00055099098,-0.0041271115,-0.0032653419,-0.052868433,0.00055099098,0.0041271115,-0.012275488,-0.012275488,-,0,2.6897186e-07,0.00015101505,9.1737308e-09,2.7197129e-06,15,1.5,0.02,0.04,-0.05,40,40,40,40,40,10,0
0.1,0.0035287994,0.054639533,-0.00057579286,-0.0034960312,-0.0035287994,-0.054639533,0.00057579286,0.0034960312,-0.011624782,-0.011624782,-,0,3.3123398e-07,0.00016594244,1.0831418e-08,2.7808241e-06,15,1.5,0.02,0.04,-0.05,40,40,40,40,40,10,0
0.105,0.0038050185,0.057083465,-0.00059112972,-0.00139141,-0.0038050185,-0.057083465,0.00059112972,0.00139141,-0.0085946219,-0.0085946219,-,0,4.0362481e-07,0.00018223505,1.257859e-08,2.7905042e-06,15,1.5,0.02,0.04,-0.05,40,40,40,40,40,10,0
0.11,0.0040675376,0.056103618,-0.00062421199,-0.0034972298,-0.0040675376,-0.056103618,0.00062421199,0.0034972298,-0.012283529,-0.012283529,-,0,4.8634912e-07,0.00019797313,1.4526793e-08,2.8516572e-06,15,1.5,0.02,0.04,-0.05,40,40,40,40,40,10,0
0.115,0.0043767365,0.063122012,-0.00062319352,6.7990536e-05,-0.0043767365,-0.063122012,0.00062319352,-6.7990536e-05,-0.0066335019,-0.0066335019,-,0,5.8212823e-07,0.00021789508,1.6468644e-08,2.8516804e-06,15,1.5,0.02,0.04,-0.05,40,40,40,40,40,10,0
0.12,0.0046733239,0.063243419,-0.00064609345,-0.0012822466,-0.0046733239,-0.063243419,0.00064609345,0.0012822466,-0.0089915684,-0.0089915684,-,0,6.9132801e-07,0.00023789373,1.8555827e-08,2.8599011e-06,15,1.5,0.02,0.04,-0.05,40,40,40,40,40,10,0
0.125,0.0049735392,0.06327786,-0.00068482397,-0.0067448295,-0.0049735392,-0.06327786,0.00068482397,0.0067448295,-0.017759019,-0.017759019,-,0,8.1500848e-07,0.00025791416,2.0900747e-08,3.0873648e-06,15,1.5,0.02,0.04,-0.05,40,40,40,40,40,10,0
0.13,0.0053109722,0.070214114,-0.00071065593,-0.0042538907,-0.0053109722,-0.070214114,0.00071065593,0.0042538907,-0.014125891,-0.014125891,-,0,9.560406e-07,0.00028256427,2.3425906e-08,3.1778427e-06,15,1.5,0.02,0.04,-0.05,40,40,40,40,40,10,0
0.135,0.0056658278,0.072844418,-0.00072598554,-0.00096499472,-0.0056658278,-0.072844418,0.00072598554,0.00096499472,-0.0093101819,-0.0093101819,-,0,1.1165486e-06,0.00030909582,2.6061181e-08,3.1824988e-06,15,1.5,0.02,0.04,-0.05,40,40,40,40,40,10,0
0.14,0.0060279566,0.075935128,-0.00073909011,-2.9125469e-07,-0.0060279566,-0.075935128,0.00073909011,2.9125469e-07,-0.0079288243,-0.0079288243,-,0,1.2982299e-06,0.00033792654,2.8792452e-08,3.1824988e-06,15,1.5,0.02,0.04,-0.05,40,40,40,40,40,10,0
0.145,0.0064124063,0.076831145,-0.00075114715,-0.0047805578,-0.0064124063,-0.076831145,0.00075114715,0.0047805578,-0.01523655,-0.01523655,-,0,1.5038247e-06,0.00036744166,3.1613562e-08,3.2967674e-06,15,1.5,0.02,0.04,-0.05,40,40,40,40,40,10,0
0.15,0.0067943511,0.083729306,-0.00079827509,-0.0049602598,-0.0067943511,-0.083729306,0.00079827509,0.0049602598,-0.015929457,-0.015929457,-,0,1.7346407e-06,0.00040249464,3.4799778e-08,3.4197883e-06,15,1.5,0.02,0.04,-0.05,40,40,40,40,40,10,0
0.155,0.0071853209,0.085939859,-0.00085950728,-0.0057415919,-0.0071853209,-0.085939859,0.00085950728,0.0057415919,-0.017923696,-0.017923696,-,0,1.9927849e-06,0.00043942294,3.8493541e-08,3.5846177e-06,15,1.5,0.02,0.04,-0.05,40,40,40,40,40,10,0
0.16,0.0076261393,0.093776307,-0.00088627359,-0.001043747,-0.0076261393,-0.093776307,0.00088627359,0.001043747,-0.010956149,-0.010956149,-,0,2.2835749e-06,0.00048339292,4.2420946e-08,3.5900647e-06,15,1.5,0.02,0.04,-0.05,40,40,40,40,40,10,0
0.165,0.0080805055,0.093994628,-0.00091319204,-0.0033023021,-0.0080805055,-0.093994628,0.00091319204,0.0033023021,-0.014729939,-0.014729939,-,0,2.6100478e-06,0.00052756787,4.6590544e-08,3.6445907e-06,15,1.5,0.02,0.04,-0.05,40,40,40,40,40,10,0
0.17,0.0085523639,0.099343402,-0.00095016,-0.0054865639,-0.0085523639,-0.099343402,0.00095016,0.0054865639,-0.018337462,-0.018337462,-,0,2.9757624e-06,0.00057691343,5.1104564e-08,3.7951027e-06,15,1.5,0.02,0.04,-0.05,40,40,40,40,40,10,0
0.175,0.00906827,0.10592864,-0.00097558023,-0.0046948104,-0.00906827,-0.10592864,0.00097558023,0.0046948104,-0.017257408,-0.017257408,-,0,3.38693e-06,0.00063301781,5.5863348e-08,3.9053089e-06,15,1.5,0.02,0.04,-0.05,40,40,40,40,40,10,0
0.18,0.0095857726,0.10810839,-0.0010235387,-0.0067255243,-0.0095857726,-0.10810839,0.0010235387,0.0067255243,-0.020925316,-0.020925316,-,0,3.8463652e-06,0.00069145492,6.1101505e-08,4.1314723e-06,15,1.5,0.02,0.04,-0.05,40,40,40,40,40,10,0
0.185,0.010120235,0.11476675,-0.0010798393,-0.0056983107,-0.010120235,-0.11476675,0.0010798393,0.0056983107,-0.019951982,-0.019951982,-,0,4.358461e-06,0.00075731196,6.6931771e-08,4.293826e-06,15,1.5,0.02,0.04,-0.05,40,40,40,40,40,10,0
0.19,0.010581976,0.10216139,-0.0011959835,-0.0042557875,-0.010581976,-0.10216139,0.0011959835,0.0042557875,-0.020025339,-0.020025339,-,0,4.918352e-06,0.00080949671,7.4083653e-08,4.3843846e-06,15,1.5,0.02,0.04,-0.05,40,40,40,40,40,10,0
0.195,0.01096216,0.087651909,-0.001273829,0.0058268923,-0.01096216,-0.087651909,0.001273829,-0.0058268923,-0.0066417777,-0.0066417777,-,0,5.5191967e-06,0.00084791099,8.2196855e-08,4.554148e-06,15,1.5,0.02,0.04,-0.05,40,40,40,40,40,10,0
0.2,0.011237111,0.066364801,-0.0013355374,0.0086233463,-0.011237111,-0.066364801,0.0013355374,-0.0086233463,-0.0042187077,-0.0042187077,-,0,6.15056e-06,0.00086993243,9.1115156e-08,4.9259585e-06,15,1.5,0.02,0.04,-0.05,40,40,40,40,40,10,0
0.205,0.011504396,0.058673632,-0.0013111844,0.016163594,-0.011504396,-0.058673632,0.0013111844,-0.016163594,0.007154657,0.007154657,-,0,6.8123156e-06,0.0008871454,9.971118e-08,6.2322673e-06,15,1.5,0.02,0.04,-0.05,40,40,40,40,40,10,0
0.21,0.011719289,0.04408372,-0.0012690751,0.014834975,-0.011719289,-0.04408372,0.0012690751,-0.014834975,0.0052140706,0.0052140706,-,0,7.4990243e-06,0.00089686227,1.0776394e-07,7.3326497e-06,15,1.5,0.02,0.04,-0.05,40,40,40,40,40,10,0
0.215,0.011967458,0.043475694,-0.0011495502,0.02006356,-0.011967458,-0.043475694,0.0011495502,-0.02006356,0.014830464,0.014830464,-,0,8.2151245e-06,0.00090631295,1.1437127e-07,9.345382e-06,15,1.5,0.02,0.04,-0.05,40,40,40,40,40,10,0
0.22,0.012151855,0.032097386,-0.0010615495,0.015548341,-0.012151855,-0.032097386,0.0010615495,-0.015548341,0.0089262005,0.0089262005,-,0,8.9534624e-06,0.00091146416,1.200057e-07,1.0554136e-05,15,1.5,0.02,0.04,-0.05,40,40,40,40,40,10,0
0.225,0.012333933,0.032645055,-0.00096041306,0.016675548,-0.012333933,-0.032645055,0.00096041306,-0.016675548,0.012159607,0.012159607,-,0,9.714092e-06,0.00091679266,1.2461767e-07,1.1944506e-05,15,1.5,0.02,0.04,-0.05,40,40,40,40,40,10,0
0.23,0.012510287,0.028507305,-0.00085132192,0.016713039,-0.012510287,-0.028507305,0.00085132192,-0.016713039,0.013690228,0.013690228,-,0,1.0496628e-05,0.00092085599,1.2824141e-07,1.3341134e-05,15,1.5,0.02,0.04,-0.05,40,40,40,40,40,10,0
0.235,0.01265567,0.024818726,-0.00075890629,0.015009083,-0.01265567,-0.024818726,0.00075890629,-0.015009083,0.012375893,0.012375893,-,0,1.1297458e-05,0.00092393584,1.3112111e-07,1.4467497e-05,15,1.5,0.02,0.04,-0.05,40,40,40,40,40,10,0
0.24,0.012850675,0.02472555,-0.00061022841,0.015807538,-0.012850675,-0.02472555,0.00061022841,-0.015807538,0.015803916,0.015803916,-,0,1.2123158e-05,0.0009269926,1.32983e-07,1.5716888e-05,15,1.5,0.02,0.04,-0.05,40,40,40,40,40,10,0
0.245,0.012990504,0.019690578,-0.00051009895,0.012388741,-0.012990504,-0.019690578,0.00051009895,-0.012388741,0.011979061,0.011979061,-,0,1.2966924e-05,0.0009289312,1.3428401e-07,1.6484293e-05,15,1.5,0.02,0.04,-0.05,40,40,40,40,40,10,0
0.25,0.013193602,0.02490762,-0.00034546232,0.016941857,-0.013193602,-0.02490762,0.00034546232,-0.016941857,0.021491028,0.021491028,-,0,1.3837279e-05,0.00093203315,1.3488073e-07,1.7919426e-05,15,1.5,0.02,0.04,-0.05,40,40,40,40,40,10,0
0.255,0.013325996,0.021515062,-0.00024785265,0.015217972,-0.013325996,-0.021515062,0.00024785265,-0.015217972,0.020236291,0.020236291,-,0,1.472519e-05,0.00093434764,1.3518788e-07,1.9077359e-05,15,1.5,0.02,0.04,-0.05,40,40,40,40,40,10,0
0.26,0.013541735,0.023165255,-7.6935298e-05,0.012391597,-0.013541735,-0.023165255,7.6935298e-05,-0.012391597,0.01863081,0.01863081,-,0,1.5642083e-05,0.00093703078,1.3521748e-07,1.9845117e-05,15,1.5,0.02,0.04,-0.05,40,40,40,40,40,10,0
0.265,0.013710324,0.023305,2.6547885e-05,0.0087695266,-0.013710324,-0.023305,-2.6547885e-05,-0.0087695266,0.014758915,0.014758915,-,0,1.6581948e-05,0.0009397464,1.35221e-07,2.022964e-05,15,1.5,0.02,0.04,-0.05,40,40,40,40,40,10,0
0.27,0.013876673,0.024838637,0.00011155199,0.0073954421,-0.013876673,-0.024838637,-0.00011155199,-0.0073954421,0.014037522,0.014037522,-,0,1.7544758e-05,0.00094283118,1.3528322e-07,2.0503103e-05,15,1.5,0.02,0.04,-0.05,40,40,40,40,40,10,0
0.275,0.014040554,0.025658994,0.00018666669,0.0076585917,-0.014040554,-0.025658994,-0.00018666669,-0.0076585917,0.015595059,0.015595059,-,0,1.8530444e-05,0.0009461231,1.3545744e-07,2.0796373e-05,15,1.5,0.02,0.04,-0.05,40,40,40,40,40,10,0
0.28,0.014181288,0.024192376,0.00023677222,0.0059273336,-0.014181288,-0.024192376,-0.00023677222,-0.0059273336,0.013693904,0.013693904,-,0,1.9535989e-05,0.00094904946,1.3573775e-07,2.097204e-05,15,1.5,0.02,0.04,-0.05,40,40,40,40,40,10,0
0.285,0.014352864,0.027878947,0.00031300593,0.0082407253,-0.014352864,-0.027878947,-0.00031300593,-0.0082407253,0.018458392,0.018458392,-,0,2.0566012e-05,0.00095293564,1.3622761e-07,2.1311588e-05,15,1.5,0.02,0.04,-0.05,40,40,40,40,40,10,0
0.29,0.014536236,0.023828497,0.0003973238,0.0038672593,-0.014536236,-0.023828497,-0.0003973238,-0.0038672593,0.01300461,0.01300461,-,0,2.1622523e-05,0.00095577462,1.3701694e-07,2.1386366e-05,15,1.5,0.02,0.04,-0.05,40,40,40,40,40,10,0
0.295,0.014733399,0.02468106,0.00048430139,0.0012182527,-0.014733399,-0.02468106,-0.00048430139,-0.0012182527,0.01037381,0.01037381,-,0,2.2707888e-05,0.0009588204,1.3818968e-07,2.1393787e-05,15,1.5,0.02,0.04,-0.05,40,40,40,40,40,10,0
0.3,0.014952459,0.026926463,0.00058552822,0.0032682853,-0.014952459,-0.026926463,-0.00058552822,-0.0032682853,0.015061459,0.015061459,-,0,2.3825768e-05,0.00096244557,1.399039e-07,2.1447195e-05,15,1.5,0.02,0.04,-0.05,40,40,40,40,40,10,0
0.305,0.01514935,0.025556629,0.00066813391,0.0032124367,-0.01514935,-0.025556629,-0.00066813391,-0.0032124367,0.016165916,0.016165916,-,0,2.4973282e-05,0.00096571128,1.4213591e-07,2.1498794e-05,15,1.5,0.02,0.04,-0.05,40,40,40,40,40,10,0
0.31,0.015303003,0.024504705,0.00070466291,0.00033870185,-0.015303003,-0.024504705,-0.00070466291,-0.00033870185,0.012364245,0.012364245,-,0,2.6144192e-05,0.00096871368,1.4461866e-07,2.1499368e-05,15,1.5,0.02,0.04,-0.05,40,40,40,40,40,10,0
0.315,0.015484505,0.026824564,0.00075734353,-2.7685314e-05,-0.015484505,-0.026824564,-0.00075734353,2.7685314e-05,0.012701298,0.012701298,-,0,2.7343041e-05,0.00097231147,1.4748651e-07,2.1499371e-05,15,1.5,0.02,0.04,-0.05,40,40,40,40,40,10,0
0.32,0.015653464,0.025505586,0.00079078274,-0.0017897664,-0.015653464,-0.025505586,-0.00079078274,0.0017897664,0.010510384,0.010510384,-,0,2.8568196e-05,0.00097556414,1.506132e-07,2.1515388e-05,15,1.5,0.02,0.04,-0.05,40,40,40,40,40,10,0
0.325,0.015819056,0.025227526,0.00081746873,-0.0029010201,-0.015819056,-0.025227526,-0.00081746873,0.0029010201,0.0092359829,0.0092359829,-,0,2.9819409e-05,0.00097874628,1.5395447e-07,2.1557467e-05,15,1.5,0.02,0.04,-0.05,40,40,40,40,40,10,0
0.33,0.015980216,0.029008468,0.00083920314,0.0012620586,-0.015980216,-0.029008468,-0.00083920314,-0.0012620586,0.015961078,0.015961078,-,0,3.1096245e-05,0.00098295374,1.5747578e-07,2.1565431e-05,15,1.5,0.02,0.04,-0.05,40,40,40,40,40,10,0
0.335,0.016117298,0.025789499,0.00084067624,-0.00093850183,-0.016117298,-0.025789499,-0.00084067624,0.00093850183,0.012556317,0.012556317,-,0,3.2395081e-05,0.00098627923,1.6100946e-07,2.1569835e-05,15,1.5,0.02,0.04,-0.05,40,40,40,40,40,10,0
0.34,0.016310473,0.027167446,0.00089007861,-0.0029833657,-0.016310473,-0.027167446,-0.00089007861,0.0029833657,0.010289038,0.010289038,-,0,3.3725239e-05,0.00098996958,1.6497066e-07,2.1614337e-05,15,1.5,0.02,0.04,-0.05,40,40,40,40,40,10,0
0.345,0.016470031,0.028704019,0.00089464953,-0.0028987165,-0.016470031,-0.028704019,-0.00089464953,0.0028987165,0.01054923,0.01054923,-,0,3.5081549e-05,0.00099408918,1.6897265e-07,2.165635e-05,15,1.5,0.02,0.04,-0.05,40,40,40,40,40,10,0
0.35,0.016607206,0.024873154,0.00087342055,-0.006910154,-0.016607206,-0.024873154,-0.00087342055,0.006910154,0.0040631475,0.0040631475,-,0,3.6460545e-05,0.00099718255,1.7278697e-07,2.1895101e-05,15,1.5,0.02,0.04,-0.05,40,40,40,40,40,10,0
0.355,0.016757109,0.028704212,0.00086288559,-0.0036246004,-0.016757109,-0.028704212,-0.00086288559,0.0036246004,0.0089896938,0.0089896938,-,0,3.7864549e-05,0.0010013022,1.7650983e-07,2.196079e-05,15,1.5,0.02,0.04,-0.05,40,40,40,40,40,10,0
0.36,0.016825078,0.024710826,0.00077951717,-0.0041646719,-0.016825078,-0.024710826,-0.00077951717,0.0041646719,0.0067706844,0.0067706844,-,0,3.9279965e-05,0.0010043553,1.7954806e-07,2.2047513e-05,15,1.5,0.02,0.04,-0.05,40,40,40,40,40,10,0
0.365,0.016938279,0.022330489,0.00074833352,-0.0065236452,-0.016938279,-0.022330489,-0.00074833352,0.0065236452,0.00267152,0.00267152,-,0,4.0714492e-05,0.0010068486,1.8234808e-07,2.2260302e-05,15,1.5,0.02,0.04,-0.05,40,40,40,40,40,10,0
0.37,0.017073353,0.021637597,0.00074318819,-0.0058879731,-0.017073353,-0.021637597,-0.00074318819,0.0058879731,0.0035228341,0.0035228341,-,0,4.2171988e-05,0.0010091895,1.8510972e-07,2.2433643e-05,15,1.5,0.02,0.04,-0.05,40,40,40,40,40,10,0
0.375,0.017148665,0.017983767,0.00069226064,-0.0057654491,-0.017148665,-0.017983767,-0.00069226064,0.0057654491,0.0027980599,0.0027980599,-,0,4.3642372e-05,0.0010108066,1.8750584e-07,2.2599845e-05,15,1.5,0.02,0.04,-0.05,40,40,40,40,40,10,0
0.38,0.017229297,0.017961227,0.00066349146,-0.0026902267,-0.017229297,-0.017961227,-0.00066349146,0.0026902267,0.0069800669,0.0069800669,-,0,4.5126615e-05,0.0010124196,1.8970695e-07,2.2636032e-05,15,1.5,0.02,0.04,-0.05,40,40,40,40,40,10,0
0.385,0.017297236,0.011504762,0.00063853787,-0.0057060193,-0.017297236,-0.011504762,-0.00063853787,0.0057060193,0.0018251743,0.0018251743,-,0,4.6622587e-05,0.0010130814,1.917456e-07,2.2798825e-05,15,1.5,0.02,0.04,-0.05,40,40,40,40,40,10,0
0.39,0.017404139,0.01142791,0.00066147372,-0.0050997822,-0.017404139,-0.01142791,-0.00066147372,0.0050997822,0.0030776316,0.0030776316,-,0,4.8137108e-05,0.0010137344,1.9393334e-07,2.2928864e-05,15,1.5,0.02,0.04,-0.05,40,40,40,40,40,10,0
0.395,0.017405956,0.0067513611,0.00059229529,-0.0059063119,-0.017405956,-0.0067513611,-0.00059229529,0.0059063119,0.00064313497,0.00064313497,-,0,4.9651944e-05,0.0010139623,1.9568741e-07,2.3103287e-05,15,1.5,0.02,0.04,-0.05,40,40,40,40,40,10,0
0.4,0.017456893,0.0071884325,0.00058897992,-0.0024651949,-0.017456893,-0.0071884325,-0.00058897992,0.0024651949,0.0057735816,0.0057735816,-,0,5.117566e-05,0.0010142207,1.9742189e-07,2.3133673e-05,15,1.5,0.02,0.04,-0.05,40,40,40,40,40,10,0
0.405,0.017425725,0.004088022,0.00052305735,-0.0010704533,-0.017425725,-0.004088022,-0.00052305735,0.0010704533,0.0067522157,0.0067522157,-,0,5.2693939e-05,0.0010143042,1.9878984e-07,2.3139402e-05,15,1.5,0.02,0.04,-0.05,40,40,40,40,40,10,0
0.41,0.017467979,0.001446466,0.00054324656,-0.0024711988,-0.017467979,-0.001446466,-0.00054324656,0.0024711988,0.0048491183,0.0048491183,-,0,5.4219591e-05,0.0010143147,2.0026542e-07,2.3169936e-05,15,1.5,0.02,0.04,-0.05,40,40,40,40,40,10,0
0.415,0.017428749,-0.0016554387,0.00048608929,-0.0050081926,-0.017428749,0.0016554387,-0.00048608929,0.0050081926,6.1407902e-05,6.1407902e-05,-,0,5.5738397e-05,0.0010143284,2.0144684e-07,2.3295346e-05,15,1.5,0.02,0.04,-0.05,40,40,40,40,40,10,0
0.42,0.017488435,0.0010544015,0.00053432933,-0.00053700914,-0.017488435,-0.0010544015,-0.00053432933,0.00053700914,0.0076013709,0.0076013709,-,0,5.7267624e-05,0.001014334,2.0287438e-07,2.3296788e-05,15,1.5,0.02,0.04,-0.05,40,40,40,40,40,10,0
0.425,0.017442764,-0.0066816139,0.00049526302,-0.0034373441,-0.017442764,0.0066816139,-0.00049526302,0.0034373441,0.0023545198,0.0023545198,-,0,5.8788874e-05,0.0010145572,2.041008e-07,2.3355865e-05,15,1.5,0.02,0.04,-0.05,40,40,40,40,40,10,0
0.43,0.017423417,-0.0034519713,0.00049228562,-0.00014196562,-0.017423417,0.0034519713,-0.00049228562,0.00014196562,0.0073817254,0.0073817254,-,0,6.0306751e-05,0.0010146168,2.0531253e-07,2.3355965e-05,15,1.5,0.02,0.04,-0.05,40,40,40,40,40,10,0
0.435,0.017413314,-0.0075063566,0.00050893244,-0.00074574742,-0.017413314,0.0075063566,-0.00050893244,0.00074574742,0.0065633775,0.0065633775,-,0,6.1822869e-05,0.0010148985,2.0660759e-07,2.3358746e-05,15,1.5,0.02,0.04,-0.05,40,40,40,40,40,10,0
0.44,0.017373764,-0.0093697819,0.00050376572,-0.0023605315,-0.017373764,0.0093697819,-0.00050376572,0.0023605315,0.0039883726,0.0039883726,-,0,6.3332107e-05,0.0010153375,2.0787649e-07,2.3386607e-05,15,1.5,0.02,0.04,-0.05,40,40,40,40,40,10,0
0.445,0.017355267,-0.010893298,0.00052277663,-0.0030584991,-0.017355267,0.010893298,-0.00052277663,0.0030584991,0.0031652743,0.0031652743,-,0,6.4838134e-05,0.0010159308,2.0924297e-07,2.3433379e-05,15,1.5,0.02,0.04,-0.05,40,40,40,40,40,10,0
0.45,0.017288654,-0.012952105,0.00050304941,-0.0025283402,-0.017288654,0.012952105,-0.00050304941,0.0025283402,0.0035809198,0.0035809198,-,0,6.6332621e-05,0.0010167696,2.1050826e-07,2.3465341e-05,15,1.5,0.02,0.04,-0.05,40,40,40,40,40,10,0
0.455,0.017226939,-0.014864403,0.00050283247,-0.0013105466,-0.017226939,0.014864403,-0.00050283247,0.0013105466,0.0053266299,0.0053266299,-,0,6.7816458e-05,0.0010178743,2.1177246e-07,2.3473929e-05,15,1.5,0.02,0.04,-0.05,40,40,40,40,40,10,0
0.46,0.017145455,-0.016807695,0.00049790538,-0.00030215871,-0.017145455,0.016807695,-0.00049790538,0.00030215871,0.006685944,0.006685944,-,0,6.9286292e-05,0.0010192868,2.1301201e-07,2.3474385e-05,15,1.5,0.02,0.04,-0.05,40,40,40,40,40,10,0
0.465,0.017049369,-0.022301426,0.00049024012,-0.0038153928,-0.017049369,0.022301426,-0.00049024012,0.0038153928,0.0010794429,0.0010794429,-,0,7.0739696e-05,0.0010217736,2.1421369e-07,2.3547172e-05,15,1.5,0.02,0.04,-0.05,40,40,40,40,40,10,0
0.47,0.016918584,-0.02082792,0.00045555946,-0.0010996985,-0.016918584,0.02082792,-0.00045555946,0.0010996985,0.0046890989,0.0046890989,-,0,7.2170889e-05,0.0010239426,2.1525136e-07,2.3553218e-05,15,1.5,0.02,0.04,-0.05,40,40,40,40,40,10,0
0.475,0.0167517,-0.026136661,0.00040208801,-0.0014650503,-0.0167517,0.026136661,-0.00040208801,0.0014650503,0.0031233122,0.0031233122,-,0,7.3573986e-05,0.0010273582,2.1605974e-07,2.356395e-05,15,1.5,0.02,0.04,-0.05,40,40,40,40,40,10,0
0.48,0.016599202,-0.02857085,0.00038131234,-0.0010877487,-0.016599202,0.02857085,-0.00038131234,0.0010877487,0.003277212,0.003277212,-,0,7.4951654e-05,0.0010314397,2.1678673e-07,2.3569866e-05,15,1.5,0.02,0.04,-0.05,40,40,40,40,40,10,0
0.485,0.016404782,-0.031600915,0.00033620681,-0.00012070999,-0.016404782,0.031600915,-0.00033620681,0.00012070999,0.0039260963,0.0039260963,-,0,7.6297238e-05,0.0010364328,2.1735191e-07,2.3569939e-05,15,1.5,0.02,0.04,-0.05,40,40,40,40,40,10,0
0.49,0.016281174,-0.033831012,0.00038221124,0.0017266638,-0.016281174,0.033831012,-0.00038221124,-0.0017266638,0.0072955473,0.0072955473,-,0,7.7622621e-05,0.0010421555,2.1808233e-07,2.3584846e-05,15,1.5,0.02,0.04,-0.05,40,40,40,40,40,10,0
0.495,0.016108107,-0.037739208,0.00039865656,0.0017637903,-0.016108107,0.037739208,-0.00039865656,-0.0017637903,0.0074381276,0.0074381276,-,0,7.8919977e-05,0.0010492767,2.1887697e-07,2.3600401e-05,15,1.5,0.02,0.04,-0.05,40,40,40,40,40,10,0
0.5,0.015953027,-0.039596971,0.00044704272,0.0019077118,-0.015953027,0.039596971,-0.00044704272,-0.0019077118,0.0083023902,0.0083023902,-,0,8.0192472e-05,0.0010571163,2.198762e-07,2.3618597e-05,15,1.5,0.02,0.04,-0.05,40,40,40,40,40,10,0
0.505,0.015785032,-0.042466425,0.00049306069,0.0012388179,-0.015785032,0.042466425,-0.00049306069,-0.0012388179,0.0078711808,0.0078711808,-,0,8.1438308e-05,0.0010661333,2.2109175e-07,2.3626271e-05,15,1.5,0.02,0.04,-0.05,40,40,40,40,40,10,0
0.51,0.015599051,-0.043328735,0.00053129334,0.0023107023,-0.015599051,0.043328735,-0.00053129334,-0.0023107023,0.010014285,0.010014285,-,0,8.265496e-05,0.0010755202,2.2250311e-07,2.3652968e-05,15,1.5,0.02,0.04,-0.05,40,40,40,40,40,10,0
0.515,0.015388141,-0.047609689,0.00055597138,0.0005337104,-0.015388141,0.047609689,-0.00055597138,-0.0005337104,0.0075435116,0.0075435116,-,0,8.3838934e-05,0.0010868536,2.2404863e-07,2.3654392e-05,15,1.5,0.02,0.04,-0.05,40,40,40,40,40,10,0
0.52,0.015166267,-0.049186425,0.00057904536,0.00040950352,-0.015166267,0.049186425,-0.00057904536,-0.00040950352,0.007635804,0.007635804,-,0,8.4989013e-05,0.0010989501,2.257251e-07,2.365523e-05,15,1.5,0.02,0.04,-0.05,40,40,40,40,40,10,0
0.525,0.014902772,-0.050036752,0.00057344414,0.0029138587,-0.014902772,0.050036752,-0.00057344414,-0.0029138587,0.011269036,0.011269036,-,0,8.6099476e-05,0.0011114685,2.2736929e-07,2.3697683e-05,15,1.5,0.02,0.04,-0.05,40,40,40,40,40,10,0
0.53,0.014647878,-0.053815182,0.00059399471,0.0027522971,-0.014647878,0.053815182,-0.00059399471,-0.0027522971,0.011178717,0.011178717,-,0,8.7172277e-05,0.0011259489,2.2913344e-07,2.3735559e-05,15,1.5,0.02,0.04,-0.05,40,40,40,40,40,10,0
0.535,0.014436997,-0.055338982,0.00067089564,0.0029110793,-0.014436997,0.055338982,-0.00067089564,-0.0029110793,0.012505234,0.012505234,-,0,8.8214412e-05,0.0011412609,2.3138394e-07,2.3777931e-05,15,1.5,0.02,0.04,-0.05,40,40,40,40,40,10,0
0.54,0.014197948,-0.060001366,0.00072929968,0.00036765188,-0.014197948,0.060001366,-0.00072929968,-0.00036765188,0.0093748774,0.0093748774,-,0,8.922232e-05,0.0011592617,2.3404333e-07,2.3778607e-05,15,1.5,0.02,0.04,-0.05,40,40,40,40,40,10,0
0.545,0.013972174,-0.06098812,0.0008102155,0.0010487956,-0.013972174,0.06098812,-0.0008102155,-0.0010487956,0.011566345,0.011566345,-,0,9.0198429e-05,0.0011778594,2.3732558e-07,2.3784106e-05,15,1.5,0.02,0.04,-0.05,40,40,40,40,40,10,0
0.55,0.013696105,-0.064629714,0.00085635654,0.0014714376,-0.013696105,0.064629714,-0.00085635654,-0.0014714376,0.012741238,0.012741238,-,0,9.1136345e-05,0.0011987444,2.4099231e-07,2.3794932e-05,15,1.5,0.02,0.04,-0.05,40,40,40,40,40,10,0
0.555,0.013402863,-0.069828785,0.0009027473,-0.00062655795,-0.013402863,0.069828785,-0.0009027473,0.00062655795,0.010076278,0.010076278,-,0,9.2034529e-05,0.0012231247,2.4506708e-07,2.3796895e-05,15,1.5,0.02,0.04,-0.05,40,40,40,40,40,10,0
0.56,0.013099699,-0.072435622,0.00095382647,-0.00042804843,-0.013099699,0.072435622,-0.00095382647,0.00042804843,0.011029893,0.011029893,-,0,9.2892539e-05,0.0012493593,2.49616e-07,2.3797811e-05,15,1.5,0.02,0.04,-0.05,40,40,40,40,40,10,0
0.565,0.012777935,-0.077342886,0.0010069832,-0.00030422539,-0.012777935,0.077342886,-0.0010069832,0.00030422539,0.011810254,0.011810254,-,0,9.3708918e-05,0.001279269,2.5468608e-07,2.3798274e-05,15,1.5,0.02,0.04,-0.05,40,40,40,40,40,10,0
0.57,0.012355215,-0.082524851,0.00098371034,-0.00066936032,-0.012355215,0.082524851,-0.00098371034,0.00066936032,0.010697725,0.010697725,-,0,9.4472174e-05,0.0013133207,2.5952451e-07,2.3800514e-05,15,1.5,0.02,0.04,-0.05,40,40,40,40,40,10,0
0.575,0.01196962,-0.087571783,0.001021828,-0.00081559162,-0.01196962,0.087571783,-0.001021828,0.00081559162,0.010840553,0.010840553,-,0,9.5188533e-05,0.0013516648,2.6474517e-07,2.380384e-05,15,1.5,0.02,0.04,-0.05,40,40,40,40,40,10,0
0.58,0.011634262,-0.081139369,0.0011217307,0.00039400541,-0.011634262,0.081139369,-0.0011217307,-0.00039400541,0.014404079,0.014404079,-,0,9.5865314e-05,0.0013845828,2.7103657e-07,2.3804616e-05,15,1.5,0.02,0.04,-0.05,40,40,40,40,40,10,0
0.585,0.011413038,-0.064768707,0.0012375514,-0.0066684127,-0.011413038,0.064768707,-0.0012375514,0.0066684127,0.0061981639,0.0061981639,-,0,9.6516601e-05,0.0014055577,2.7869423e-07,2.4026955e-05,15,1.5,0.02,0.04,-0.05,40,40,40,40,40,10,0
0.59,0.011417733,-0.043449794,0.0014569178,-0.01058275,-0.011417733,0.043449794,-0.0014569178,0.01058275,0.0044700043,0.0044700043,-,0,9.7168424e-05,0.0014149971,2.8930728e-07,2.4586928e-05,15,1.5,0.02,0.04,-0.05,40,40,40,40,40,10,0
0.595,0.011402148,-0.030599712,0.0015463095,-0.017493186,-0.011402148,0.030599712,-0.0015463095,0.017493186,-0.0040410821,-0.0040410821,-,0,9.7818469e-05,0.0014196788,3.0126265e-07,2.6116986e-05,15,1.5,0.02,0.04,-0.05,40,40,40,40,40,10,0
0.6,0.011440289,-0.01325505,0.0015943775,-0.018673604,-0.011440289,0.01325505,-0.0015943775,0.018673604,-0.0043961403,-0.0043961403,-,0,9.847287e-05,0.0014205573,3.1397285e-07,2.7860503e-05,15,1.5,0.02,0.04,-0.05,40,40,40,40,40,10,0
0.605,0.011450348,-0.0060413542,0.0015379537,-0.024570448,-0.011450348,0.0060413542,-0.0015379537,0.024570448,-0.013799013,-0.013799013,-,0,9.9128422e-05,0.0014207398,3.2579935e-07,3.0879038e-05,15,1.5,0.02,0.04,-0.05,40,40,40,40,40,10,0
0.61,0.011507184,0.0059380833,0.0014634668,-0.025494048,-0.011507184,-0.0059380833,-0.0014634668,0.025494048,-0.015821404,-0.015821404,-,0,9.9790499e-05,0.0014209161,3.3650803e-07,3.412877e-05,15,1.5,0.02,0.04,-0.05,40,40,40,40,40,10,0
0.615,0.011546548,0.010838747,0.0013244288,-0.027670908,-0.011546548,-0.010838747,-0.0013244288,0.027670908,-0.020975449,-0.020975449,-,0,0.00010045711,0.0014215035,3.4527859e-07,3.7957166e-05,15,1.5,0.02,0.04,-0.05,40,40,40,40,40,10,0
0.62,0.011549963,0.021611475,0.0011178908,-0.02276915,-0.011549963,-0.021611475,-0.0011178908,0.02276915,-0.016289904,-0.016289904,-,0,0.00010112412,0.0014238388,3.5152699e-07,4.0549337e-05,15,1.5,0.02,0.04,-0.05,40,40,40,40,40,10,0
0.625,0.011604673,0.021957359,0.00094218667,-0.025265698,-0.011604673,-0.021957359,-0.00094218667,0.025265698,-0.022655359,-0.022655359,-,0,0.00010179746,0.0014262494,3.5596557e-07,4.3741114e-05,15,1.5,0.02,0.04,-0.05,40,40,40,40,40,10,0
0.63,0.011671634,0.027643876,0.00075496466,-0.025634089,-0.011671634,-0.027643876,-0.00075496466,0.025634089,-0.025787476,-0.025787476,-,0,0.0001024786,0.0014300703,3.5881542e-07,4.7026647e-05,15,1.5,0.02,0.04,-0.05,40,40,40,40,40,10,0
0.635,0.011710207,0.030837611,0.0005204516,-0.024708733,-0.011710207,-0.030837611,-0.0005204516,0.024708733,-0.027788616,-0.027788616,-,0,0.00010316424,0.0014348251,3.6016977e-07,5.0079254e-05,15,1.5,0.02,0.04,-0.05,40,40,40,40,40,10,0
0.64,0.011691675,0.031303146,0.00022263501,-0.024798775,-0.011691675,-0.031303146,-0.00022263501,0.024798775,-0.032372679,-0.032372679,-,0,0.00010384772,0.0014397246,3.604176e-07,5.3154151e-05,15,1.5,0.02,0.04,-0.05,40,40,40,40,40,10,0
0.645,0.011687645,0.033716524,-6.0496991e-05,-0.021954601,-0.011687645,-0.033716524,6.0496991e-05,0.021954601,-0.032256942,-0.032256942,-,0,0.00010453072,0.0014454086,3.604359e-07,5.5564173e-05,15,1.5,0.02,0.04,-0.05,40,40,40,40,40,10,0
0.65,0.011637396,0.03140584,-0.00037849061,-0.020203473,-0.011637396,-0.03140584,0.00037849061,0.020203473,-0.034493588,-0.034493588,-,0,0.00010520787,0.0014503402,3.6115218e-07,5.7605075e-05,15,1.5,0.02,0.04,-0.05,40,40,40,40,40,10,0
0.655,0.011397891,0.010787723,-0.00081875252,-0.017112511,-0.011397891,-0.010787723,0.00081875252,0.017112511,-0.037290587,-0.037290587,-,0,0.00010585743,0.0014509221,3.6450396e-07,5.9069265e-05,15,1.5,0.02,0.04,-0.05,40,40,40,40,40,10,0
0.66,0.010996025,-0.011730064,-0.0012581487,-0.0056433757,-0.010996025,0.011730064,0.0012581487,0.0056433757,-0.027586576,-0.027586576,-,0,0.00010646199,0.0014516101,3.7241865e-07,5.9228503e-05,15,1.5,0.02,0.04,-0.05,40,40,40,40,40,10,0
0.665,0.010575179,-0.028405214,-0.0015715602,-0.002027186,-0.010575179,0.028405214,0.0015715602,0.002027186,-0.027538888,-0.027538888,-,0,0.00010702116,0.0014556443,3.8476766e-07,5.9249051e-05,15,1.5,0.02,0.04,-0.05,40,40,40,40,40,10,0
0.67,0.01026946,-0.024719443,-0.0017447726,0.0017225634,-0.01026946,0.024719443,0.0017447726,-0.0017225634,-0.024371132,-0.024371132,-,0,0.00010754847,0.0014586996,3.9998881e-07,5.9263887e-05,15,1.5,0.02,0.04,-0.05,40,40,40,40,40,10,0
0.675,0.0099995899,-0.0240495,-0.0018825545,0.0023741209,-0.0099995899,0.0240495,0.0018825545,-0.0023741209,-0.025439124,-0.025439124,-,0,0.00010804843,0.0014615915,4.1770887e-07,5.9292069e-05,15,1.5,0.02,0.04,-0.05,40,40,40,40,40,10,0
0.68,0.009713395,-0.022798163,-0.0020423019,0.0017562793,-0.009713395,0.022798163,0.0020423019,-0.0017562793,-0.028717768,-0.028717768,-,0,0.00010852018,0.0014641903,4.3856385e-07,5.9307492e-05,15,1.5,0.02,0.04,-0.05,40,40,40,40,40,10,0
0.685,0.0095623166,-0.018334025,-0.002073786,0.0051803073,-0.0095623166,0.018334025,0.002073786,-0.0051803073,-0.023878444,-0.023878444,-,0,0.00010897737,0.001465871,4.600668e-07,5.944167e-05,15,1.5,0.02,0.04,-0.05,40,40,40,40,40,10,0
0.69,0.0092186306,-0.018704142,-0.0022964016,0.0059950692,-0.0092186306,0.018704142,0.0022964016,-0.0059950692,-0.026017214,-0.026017214,-,0,0.00010940229,0.0014676202,4.864341e-07,5.9621374e-05,15,1.5,0.02,0.04,-0.05,40,40,40,40,40,10,0
0.695,0.008969437,-0.017658966,-0.0024274075,0.0052890438,-0.008969437,0.017658966,0.0024274075,-0.0052890438,-0.029004517,-0.029004517,-,0,0.00010980454,0.0014691794,5.1589564e-07,5.9761244e-05,15,1.5,0.02,0.04,-0.05,40,40,40,40,40,10,0
0.7,0.008725962,-0.017165831,-0.0025569784,0.0055202014,-0.008725962,0.017165831,0.0025569784,-0.0055202014,-0.030586488,-0.030586488,-,0,0.00011018525,0.0014706527,5.4858633e-07,5.9913607e-05,15,1.5,0.02,0.04,-0.05,40,40,40,40,40,10,0
0.705,0.0085047496,-0.017348297,-0.0026595836,0.0070830778,-0.0085047496,0.017348297,0.0026595836,-0.0070830778,-0.029792974,-0.029792974,-,0,0.00011054691,0.0014721575,5.8395325e-07,6.0164457e-05,15,1.5,0.02,0.04,-0.05,40,40,40,40,40,10,0
0.71,0.0082573175,-0.014360035,-0.0027762282,0.012965922,-0.0082573175,0.014360035,0.0027762282,-0.012965922,-0.022603795,-0.022603795,-,0,0.00011088782,0.0014731886,6.2249047e-07,6.1005032e-05,15,1.5,0.02,0.04,-0.05,40,40,40,40,40,10,0
0.715,0.0080373025,-0.016488488,-0.0028520603,0.013368388,-0.0080373025,0.016488488,0.0028520603,-0.013368388,-0.023227116,-0.023227116,-,0,0.00011121081,0.0014745479,6.6316171e-07,6.1898601e-05,15,1.5,0.02,0.04,-0.05,40,40,40,40,40,10,0
0.72,0.0078768368,-0.014052925,-0.00286897,0.013913479,-0.0078768368,0.014052925,0.00286897,-0.013913479,-0.022568912,-0.022568912,-,0,0.00011152104,0.0014755353,7.0431665e-07,6.2866526e-05,15,1.5,0.02,0.04,-0.05,40,40,40,40,40,10,0
0.725,0.0076787839,-0.011841302,-0.0029312412,0.014792368,-0.0076787839,0.011841302,0.0029312412,-0.014792368,-0.022100142,-0.022100142,-,0,0.00011181586,0.0014762364,7.4727753e-07,6.3960597e-05,15,1.5,0.02,0.04,-0.05,40,40,40,40,40,10,0
0.73,0.007505361,-0.0092393763,-0.002976567,0.015719705,-0.007505361,0.0092393763,0.002976567,-0.015719705,-0.021288415,-0.021288415,-,0,0.00011209751,0.0014766633,7.9157728e-07,6.5196142e-05,15,1.5,0.02,0.04,-0.05,40,40,40,40,40,10,0
0.735,0.0074103776,-0.0069689291,-0.0029522336,0.016177941,-0.0074103776,0.0069689291,0.0029522336,-0.016177941,-0.020147143,-0.020147143,-,0,0.00011237208,0.0014769061,8.351557e-07,6.6504771e-05,15,1.5,0.02,0.04,-0.05,40,40,40,40,40,10,0
0.74,0.007234337,-0.0066416228,-0.0030194126,0.014226323,-0.007234337,0.0066416228,0.0030194126,-0.014226323,-0.024072683,-0.024072683,-,0,0.00011263376,0.0014771266,8.8073996e-07,6.7516712e-05,15,1.5,0.02,0.04,-0.05,40,40,40,40,40,10,0
0.745,0.0072100278,-0.00081918873,-0.0029480363,0.017173524,-0.0072100278,0.00081918873,0.0029480363,-0.017173524,-0.018348825,-0.018348825,-,0,0.00011289368,0.00147713,9.2419455e-07,6.8991362e-05,15,1.5,0.02,0.04,-0.05,40,40,40,40,40,10,0
0.75,0.0070812421,-0.001374547,-0.0029879777,0.016252711,-0.0070812421,0.001374547,0.0029879777,-0.016252711,-0.020353957,-0.020353957,-,0,0.0001131444,0.0014771394,9.6883461e-07,7.0312115e-05,15,1.5,0.02,0.04,-0.05,40,40,40,40,40,10,0
0.755,0.0069519601,0.0026868188,-0.0030408505,0.016410963,-0.0069519601,-0.0026868188,0.0030408505,-0.016410963,-0.0207498,-0.0207498,-,0,0.00011338605,0.0014771755,1.0150685e-06,7.1658714e-05,15,1.5,0.02,0.04,-0.05,40,40,40,40,40,10,0
0.76,0.0068826352,0.0086216873,-0.0030495024,0.019699176,-0.0068826352,-0.0086216873,0.0030495024,-0.019699176,-0.015711251,-0.015711251,-,0,0.0001136229,0.0014775472,1.0615658e-06,7.3599001e-05,15,1.5,0.02,0.04,-0.05,40,40,40,40,40,10,0
0.765,0.0068676245,0.011043538,-0.0030161826,0.019760755,-0.0068676245,-0.011043538,0.0030161826,-0.019760755,-0.015022513,-0.015022513,-,0,0.00011385872,0.001478157,1.1070526e-06,7.5551439e-05,15,1.5,0.02,0.04,-0.05,40,40,40,40,40,10,0
0.77,0.00685154,0.012626122,-0.0030053712,0.015797257,-0.00685154,-0.012626122,0.0030053712,-0.015797257,-0.020742608,-0.020742608,-,0,0.00011409344,0.0014789541,1.1522139e-06,7.6799205e-05,15,1.5,0.02,0.04,-0.05,40,40,40,40,40,10,0
0.775,0.006850278,0.022245384,-0.0030090557,0.019338074,-0.006850278,-0.022245384,0.0030090557,-0.019338074,-0.015101904,-0.015101904,-,0,0.00011432807,0.0014814284,1.1974859e-06,7.8669011e-05,15,1.5,0.02,0.04,-0.05,40,40,40,40,40,10,0
0.78,0.0068795803,0.023058166,-0.003001767,0.017656329,-0.0068795803,-0.023058166,0.003001767,-0.017656329,-0.017482093,-0.017482093,-,0,0.00011456471,0.0014840868,1.242539e-06,8.022774e-05,15,1.5,0.02,0.04,-0.05,40,40,40,40,40,10,0
0.785,0.0069740739,0.030051564,-0.0029527448,0.018459676,-0.0069740739,-0.030051564,0.0029527448,-0.018459676,-0.015260113,-0.015260113,-,0,0.0001148079,0.0014886023,1.2861325e-06,8.1931539e-05,15,1.5,0.02,0.04,-0.05,40,40,40,40,40,10,0
0.79,0.0071201137,0.033591444,-0.0028789716,0.017218314,-0.0071201137,-0.033591444,0.0028789716,-0.017218314,-0.015871043,-0.015871043,-,0,0.00011506138,0.0014942442,1.3275749e-06,8.341389e-05,15,1.5,0.02,0.04,-0.05,40,40,40,40,40,10,0
0.795,0.0072411819,0.040522053,-0.0028588587,0.017760711,-0.0072411819,-0.040522053,0.0028588587,-0.017760711,-0.014476107,-0.014476107,-,0,0.00011532356,0.0015024544,1.3684402e-06,8.4991105e-05,15,1.5,0.02,0.04,-0.05,40,40,40,40,40,10,0
0.8,0.0074684192,0.049472744,-0.0027639634,0.020502361,-0.0074684192,-0.049472744,0.0027639634,-0.020502361,-0.0085776322,-0.0085776322,-,0,0.00011560244,0.0015146921,1.4066377e-06,8.7092839e-05,15,1.5,0.02,0.04,-0.05,40,40,40,40,40,10,0
0.805,0.007672577,0.051015419,-0.0027217803,0.018280411,-0.007672577,-0.051015419,0.0027217803,-0.018280411,-0.011212019,-0.011212019,-,0,0.00011589678,0.001527705,1.4436781e-06,8.8763706e-05,15,1.5,0.02,0.04,-0.05,40,40,40,40,40,10,0
0.81,0.0076461991,0.03723085,-0.002855929,0.023107364,-0.0076461991,-0.03723085,0.002855929,-0.023107364,-0.0065357313,-0.0065357313,-,0,0.00011618911,0.0015346357,1.4844598e-06,9.1433457e-05,15,1.5,0.02,0.04,-0.05,40,40,40,40,40,10,0
0.815,0.0075971469,0.02130416,-0.0029151443,0.027311783,-0.0075971469,-0.02130416,0.0029151443,-0.027311783,-0.0017553802,-0.0017553802,-,0,0.00011647769,0.001536905,1.5269501e-06,9.5163125e-05,15,1.5,0.02,0.04,-0.05,40,40,40,40,40,10,0
0.82,0.0075111966,0.00760762,-0.0029197128,0.030722262,-0.0075111966,-0.00760762,0.0029197128,-0.030722262,0.0027422288,0.0027422288,-,0,0.00011675978,0.0015371944,1.5695737e-06,9.9882411e-05,15,1.5,0.02,0.04,-0.05,40,40,40,40,40,10,0
0.825,0.0073762039,-0.00099021242,-0.002896829,0.036237584,-0.0073762039,0.00099021242,0.002896829,-0.036237584,0.011011857,0.011011857,-,0,0.00011703182,0.0015371993,1.6115318e-06,0.00010644822,15,1.5,0.02,0.04,-0.05,40,40,40,40,40,10,0
0.83,0.0073839648,-0.014934113,-0.0026688237,0.033685767,-0.0073839648,0.014934113,0.0026688237,-0.033685767,0.010046611,0.010046611,-,0,0.00011730444,0.0015383144,1.6471449e-06,0.00011212188,15,1.5,0.02,0.04,-0.05,40,40,40,40,40,10,0
0.835,0.0073496563,-0.017678846,-0.0024411739,0.037254152,-0.0073496563,0.017678846,0.0024411739,-0.037254152,0.018703459,0.018703459,-,0,0.00011757452,0.0015398771,1.6769416e-06,0.00011906124,15,1.5,0.02,0.04,-0.05,40,40,40,40,40,10,0
0.84,0.0071600416,-0.025425321,-0.0023346962,0.036681533,-0.0071600416,0.025425321,0.0023346962,-0.036681533,0.019128045,0.019128045,-,0,0.00011783085,0.0015431094,1.7041956e-06,0.00012578891,15,1.5,0.02,0.04,-0.05,40,40,40,40,40,10,0
0.845,0.0070721914,-0.028637444,-0.0021063137,0.035407264,-0.0070721914,0.028637444,0.0021063137,-0.035407264,0.020512137,0.020512137,-,0,0.00011808093,0.0015472099,1.7263784e-06,0.00013205728,15,1.5,0.02,0.04,-0.05,40,40,40,40,40,10,0
0.85,0.0072483107,-0.015195932,-0.0016547608,0.030167252,-0.0072483107,0.015195932,0.0016547608,-0.030167252,0.019966595,0.019966595,-,0,0.00011834362,0.0015483645,1.7400696e-06,0.0001366076,15,1.5,0.02,0.04,-0.05,40,40,40,40,40,10,0
0.855,0.0075972453,0.008068563,-0.0011581782,0.02710914,-0.0075972453,-0.008068563,0.0011581782,-0.02710914,0.023765723,0.023765723,-,0,0.00011863221,0.00154869,1.7467764e-06,0.00014028213,15,1.5,0.02,0.04,-0.05,40,40,40,40,40,10,0
0.86,0.007940288,0.023102978,-0.00078495352,0.024399654,-0.007940288,-0.023102978,0.00078495352,-0.024399654,0.025908104,0.025908104,-,0,0.00011894746,0.0015513587,1.7498572e-06,0.00014325884,15,1.5,0.02,0.04,-0.05,40,40,40,40,40,10,0
0.865,0.0082055697,0.022096284,-0.0005156629,0.022563462,-0.0082055697,-0.022096284,0.0005156629,-0.022563462,0.027158212,0.027158212,-,0,0.00011928411,0.0015538,1.7511867e-06,0.00014580439,15,1.5,0.02,0.04,-0.05,40,40,40,40,40,10,0
0.87,0.0084586588,0.020096877,-0.00026700213,0.018299728,-0.0084586588,-0.020096877,0.00026700213,-0.018299728,0.024417608,0.024417608,-,0,0.00011964186,0.0015558194,1.7515432e-06,0.00014747879,15,1.5,0.02,0.04,-0.05,40,40,40,40,40,10,0
0.875,0.0087408626,0.02537987,-3.1543203e-06,0.020441567,-0.0087408626,-0.02537987,3.1543203e-06,-0.020441567,0.031805048,0.031805048,-,0,0.00012002387,0.0015590401,1.7515432e-06,0.00014956808,15,1.5,0.02,0.04,-0.05,40,40,40,40,40,10,0
0.88,0.008979078,0.019159719,0.00020597895,0.012741761,-0.008979078,-0.019159719,-0.00020597895,-0.012741761,0.023148297,0.023148297,-,0,0.00012042699,0.0015608755,1.7517554e-06,0.00015037984,15,1.5,0.02,0.04,-0.05,40,40,40,40,40,10,0
0.885,0.0093504104,0.025866168,0.00052641104,0.013160668,-0.0093504104,-0.025866168,-0.00052641104,-0.013160668,0.028858822,0.028858822,-,0,0.00012086414,0.0015642208,1.7531409e-06,0.00015124586,15,1.5,0.02,0.04,-0.05,40,40,40,40,40,10,0
0.89,0.0096589182,0.027023886,0.00076875259,0.013411655,-0.0096589182,-0.027023886,-0.00076875259,-0.013411655,0.032922905,0.032922905,-,0,0.00012133061,0.0015678723,1.7560958e-06,0.00015214522,15,1.5,0.02,0.04,-0.05,40,40,40,40,40,10,0
0.895,0.0099624101,0.027163975,0.00099015719,0.0088583908,-0.0099624101,-0.027163975,-0.00099015719,-0.0088583908,0.029425751,0.029425751,-,0,0.00012182686,0.0015715617,1.7609979e-06,0.00015253758,15,1.5,0.02,0.04,-0.05,40,40,40,40,40,10,0
0.9,0.010370347,0.033143938,0.0012843615,0.0074131643,-0.010370347,-0.033143938,-0.0012843615,-0.0074131643,0.031918334,0.031918334,-,0,0.00012236458,0.0015770543,1.7692458e-06,0.00015281235,15,1.5,0.02,0.04,-0.05,40,40,40,40,40,10,0
0.905,0.010767279,0.038874188,0.0015365317,0.0077459156,-0.010767279,-0.038874188,-0.0015365317,-0.0077459156,0.036437162,0.036437162,-,0,0.00012294425,0.0015846103,1.7810504e-06,0.00015311235,15,1.5,0.02,0.04,-0.05,40,40,40,40,40,10,0
0.91,0.01117113,0.040536826,0.0017632919,0.0022687827,-0.01117113,-0.040536826,-0.0017632919,-0.0022687827,0.031697448,0.031697448,-,0,0.00012356822,0.0015928265,1.7965964e-06,0.00015313808,15,1.5,0.02,0.04,-0.05,40,40,40,40,40,10,0
0.915,0.011757013,0.046141371,0.0021266302,-0.0025223689,-0.011757013,-0.046141371,-0.0021266302,0.0025223689,0.030196694,0.030196694,-,0,0.00012425936,0.0016034716,1.8192092e-06,0.0001531699,15,1.5,0.02,0.04,-0.05,40,40,40,40,40,10,0
0.92,0.012280636,0.054288414,0.002384147,-0.0020162862,-0.012280636,-0.054288414,-0.002384147,0.0020162862,0.035154924,0.035154924,-,0,0.00012501343,0.0016182078,1.84763e-06,0.00015319022,15,1.5,0.02,0.04,-0.05,40,40,40,40,40,10,0
0.925,0.012754762,0.056996719,0.0025557651,-0.0063530288,-0.012754762,-0.056996719,-0.0025557651,0.0063530288,0.031341897,0.031341897,-,0,0.00012582685,0.0016344509,1.8802897e-06,0.00015339203,15,1.5,0.02,0.04,-0.05,40,40,40,40,40,10,0
0.93,0.013283759,0.06360745,0.0027363972,-0.010337328,-0.013283759,-0.06360745,-0.0027363972,0.010337328,0.028349939,0.028349939,-,0,0.00012670914,0.0016546804,1.917729e-06,0.00015392633,15,1.5,0.02,0.04,-0.05,40,40,40,40,40,10,0
0.935,0.01383545,0.068318771,0.0028926861,-0.014248982,-0.01383545,-0.068318771,-0.0028926861,0.014248982,0.025026279,0.025026279,-,0,0.00012766624,0.0016780177,1.9595672e-06,0.0001549415,15,1.5,0.02,0.04,-0.05,40,40,40,40,40,10,0
0.94,0.014335258,0.073402373,0.0029582038,-0.016385167,-0.014335258,-0.073402373,-0.0029582038,0.016385167,0.023018107,0.023018107,-,0,0.00012869374,0.0017049573,2.003322e-06,0.00015628386,15,1.5,0.02,0.04,-0.05,40,40,40,40,40,10,0
0.945,0.014878551,0.079838163,0.0030358501,-0.015588015,-0.014878551,-0.079838163,-0.0030358501,0.015588015,0.025646828,0.025646828,-,0,0.0001298006,0.0017368279,2.049404e-06,0.0001574988,15,1.5,0.02,0.04,-0.05,40,40,40,40,40,10,0
0.95,0.01538613,0.084535055,0.0030517319,-0.015823904,-0.01538613,-0.084535055,-0.0030517319,0.015823904,0.025729247,0.025729247,-,0,0.00013098426,0.0017725588,2.0959693e-06,0.00015875078,15,1.5,0.02,0.04,-0.05,40,40,40,40,40,10,0
0.955,0.015963588,0.086905326,0.0031060438,-0.020652644,-0.015963588,-0.086905326,-0.0031060438,0.020652644,0.019407175,0.019407175,-,0,0.00013225844,0.0018103215,2.1442068e-06,0.00016088343,15,1.5,0.02,0.04,-0.05,40,40,40,40,40,10,0
0.96,0.016632715,0.091224383,0.0032139875,-0.024218455,-0.016632715,-0.091224383,-0.0032139875,0.024218455,0.01586376,0.01586376,-,0,0.00013364168,0.0018519309,2.1958554e-06,0.0001638161,15,1.5,0.02,0.04,-0.05,40,40,40,40,40,10,0
0.965,0.017129513,0.094278767,0.0031202223,-0.025701767,-0.017129513,-0.094278767,-0.0031202223,0.025701767,0.012364424,0.012364424,-,0,0.00013510878,0.0018963733,2.2445344e-06,0.00016711901,15,1.5,0.02,0.04,-0.05,40,40,40,40,40,10,0
0.97,0.017742706,0.095211263,0.0031248446,-0.02775316,-0.017742706,-0.095211263,-0.0031248446,0.02775316,0.0094062327,0.0094062327,-,0,0.0001366828,0.0019416993,2.2933576e-06,0.0001709702,15,1.5,0.02,0.04,-0.05,40,40,40,40,40,10,0
0.975,0.018189599,0.097105073,0.0029527786,-0.027334154,-0.018189599,-0.097105073,-0.0029527786,0.027334154,0.0075384431,0.0075384431,-,0,0.0001383371,0.0019888462,2.3369521e-06,0.00017470598,15,1.5,0.02,0.04,-0.05,40,40,40,40,40,10,0
0.98,0.018627161,0.097829113,0.0027674813,-0.026925083,-0.018627161,-0.097829113,-0.0027674813,0.026925083,0.0054103032,0.0054103032,-,0,0.00014007196,0.0020366989,2.3752469e-06,0.00017833078,15,1.5,0.02,0.04,-0.05,40,40,40,40,40,10,0
0.985,0.019068636,0.097879802,0.0025859197,-0.026726195,-0.019068636,-0.097879802,-0.0025859197,0.026726195,0.0029960679,0.0029960679,-,0,0.00014189002,0.0020846012,2.4086818e-06,0.00018190222,15,1.5,0.02,0.04,-0.05,40,40,40,40,40,10,0
0.99,0.019604672,0.094533234,0.0025015434,-0.029293772,-0.019604672,-0.094533234,-0.0025015434,0.029293772,-0.0022440839,-0.0022440839,-,0,0.00014381174,0.0021292839,2.4399704e-06,0.00018619285,15,1.5,0.02,0.04,-0.05,40,40,40,40,40,10,0
0.995,0.019964123,0.095310409,0.0022469356,-0.026919795,-0.019964123,-0.095310409,-0.0022469356,0.026919795,-0.0024639602,-0.0024639602,-,0,0.00014580457,0.0021747042,2.465214e-06,0.00018981623,15,1.5,0.02,0.04,-0.05,40,40,40,40,40,10,0
1,0.020285785,0.092533446,0.0019703808,-0.025476062,-0.020285785,-0.092533446,-0.0019703808,0.025476062,-0.0045513274,-0.0045513274,-,0,0.00014786214,0.0022175164,2.484626e-06,0.00019306137,15,1.5,0.02,0.04,-0.05,40,40,40,40,40,10,0
1.005,0.020675899,0.090636568,0.0017817378,-0.023698096,-0.020675899,-0.090636568,-0.0017817378,0.023698096,-0.0047820966,-0.0047820966,-,0,0.0001499996,0.0022585914,2.500499e-06,0.00019586937,15,1.5,0.02,0.04,-0.05,40,40,40,40,40,10,0
1.01,0.021025987,0.087040494,0.0015734313,-0.022954887,-0.021025987,-0.087040494,-0.0015734313,0.022954887,-0.0069287226,-0.0069287226,-,0,0.00015221006,0.0022964716,2.5128774e-06,0.00019850401,15,1.5,0.02,0.04,-0.05,40,40,40,40,40,10,0
1.015,0.021340024,0.082410942,0.00134927,-0.023740007,-0.021340024,-0.082410942,-0.00134927,0.023740007,-0.011647722,-0.011647722,-,0,0.00015448704,0.0023304294,2.52198e-06,0.00020132195,15,1.5,0.02,0.04,-0.05,40,40,40,40,40,10,0
1.02,0.021681215,0.082341591,0.001173729,-0.019218829,-0.021681215,-0.082341591,-0.001173729,0.019218829,-0.0074950204,-0.0074950204,-,0,0.00015683742,0.0023643301,2.5288682e-06,0.00020316876,15,1.5,0.02,0.04,-0.05,40,40,40,40,40,10,0
1.025,0.021921259,0.072130293,0.00092719003,-0.022431865,-0.021921259,-0.072130293,-0.00092719003,0.022431865,-0.01641631,-0.01641631,-,0,0.00015924013,0.002390344,2.5331666e-06,0.00020568471,15,1.5,0.02,0.04,-0.05,40,40,40,40,40,10,0
1.03,0.022241403,0.075043167,0.00078619751,-0.015721498,-0.022241403,-0.075043167,-0.00078619751,0.015721498,-0.0083427301,-0.0083427301,-,0,0.00016171353,0.0024185014,2.5362572e-06,0.00020692053,15,1.5,0.02,0.04,-0.05,40,40,40,40,40,10,0
1.035,0.022461981,0.070301007,0.00057999306,-0.011522316,-0.022461981,-0.070301007,-0.00057999306,0.011522316,-0.0053222982,-0.0053222982,-,0,0.00016423623,0.0024432125,2.5379391e-06,0.00020758435,15,1.5,0.02,0.04,-0.05,40,40,40,40,40,10,0
1.04,0.022716856,0.066093691,0.00043593403,-0.012406937,-0.022716856,-0.066093691,-0.00043593403,0.012406937,-0.0089733109,-0.0089733109,-,0,0.00016681651,0.0024650544,2.5388893e-06,0.00020835401,15,1.5,0.02,0.04,-0.05,40,40,40,40,40,10,0
1.045,0.023104493,0.064563462,0.0004340428,-0.013008622,-0.023104493,-0.064563462,-0.0004340428,0.013008622,-0.009957662,-0.009957662,-,0,0.0001694856,0.0024858966,2.5398313e-06,0.00020920014,15,1.5,0.02,0.04,-0.05,40,40,40,40,40,10,0
1.05,0.023352212,0.060543692,0.00030246382,-0.014235401,-0.023352212,-0.060543692,-0.00030246382,0.014235401,-0.013927352,-0.013927352,-,0,0.00017221222,0.0025042243,2.5402887e-06,0.00021021337,15,1.5,0.02,0.04,-0.05,40,40,40,40,40,10,0
1.055,0.023476492,0.060046322,6.1918182e-05,-0.01176795,-0.023476492,-0.060046322,-6.1918182e-05,0.01176795,-0.013851769,-0.013851769,-,0,0.00017496795,0.0025222521,2.5403079e-06,0.00021090579,15,1.5,0.02,0.04,-0.05,40,40,40,40,40,10,0
1.06,0.023597244,0.055749629,-0.00016104845,-0.011005227,-0.023597244,-0.055749629,0.00016104845,0.011005227,-0.016221637,-0.016221637,-,0,0.0001777521,0.0025377922,2.5404376e-06,0.00021151137,15,1.5,0.02,0.04,-0.05,40,40,40,40,40,10,0
1.065,0.023730346,0.05218211,-0.00034772335,-0.0099683237,-0.023730346,-0.05218211,0.00034772335,0.0099683237,-0.017606445,-0.017606445,-,0,0.00018056775,0.0025514071,2.5410421e-06,0.0002120082,15,1.5,0.02,0.04,-0.05,40,40,40,40,40,10,0
1.07,0.023842545,0.048636891,-0.00052888461,-0.0077827003,-0.023842545,-0.048636891,0.00052888461,0.0077827003,-0.017184993,-0.017184993,-,0,0.00018341008,0.0025632348,2.5424407e-06,0.00021231106,15,1.5,0.02,0.04,-0.05,40,40,40,40,40,10,0
1.075,0.023899491,0.046444101,-0.00073476197,-0.0033570488,-0.023899491,-0.046444101,0.00073476197,0.0033570488,-0.013721249,-0.013721249,-,0,0.00018626601,0.0025740201,2.5451401e-06,0.0002123674,15,1.5,0.02,0.04,-0.05,40,40,40,40,40,10,0
1.08,0.023934573,0.045391726,-0.00092632823,0.0030094534,-0.023934573,-0.045391726,0.00092632823,-0.0030094534,-0.0070863829,-0.0070863829,-,0,0.00018913033,0.0025843221,2.5494305e-06,0.00021241269,15,1.5,0.02,0.04,-0.05,40,40,40,40,40,10,0
1.085,0.024027519,0.03896063,-0.0010301503,0.001592032,-0.024027519,-0.03896063,0.0010301503,-0.001592032,-0.011025231,-0.011025231,-,0,0.00019201694,0.0025919118,2.5547366e-06,0.00021242536,15,1.5,0.02,0.04,-0.05,40,40,40,40,40,10,0
1.09,0.024214459,0.038890096,-0.0010270869,0.0026986675,-0.024214459,-0.038890096,0.0010270869,-0.0026986675,-0.0093184089,-0.0093184089,-,0,0.00019494864,0.002599474,2.5600111e-06,0.00021246178,15,1.5,0.02,0.04,-0.05,40,40,40,40,40,10,0
1.095,0.024324443,0.033743976,-0.001086211,0.0014743708,-0.024324443,-0.033743976,0.001086211,-0.0014743708,-0.012245361,-0.012245361,-,0,0.00019790703,0.0026051673,2.5659104e-06,0.00021247264,15,1.5,0.02,0.04,-0.05,40,40,40,40,40,10,0
1.1,0.024356,0.038056719,-0.001208016,0.0084234146,-0.024356,-0.038056719,0.001208016,-0.0084234146,-0.0034757298,-0.0034757298,-,0,0.00020087311,0.0026124088,2.5732069e-06,0.00021282741,15,1.5,0.02,0.04,-0.05,40,40,40,40,40,10,0
1.105,0.024287546,0.028518717,-0.0014116342,0.0031959748,-0.024287546,-0.028518717,0.0014116342,-0.0031959748,-0.01475405,-0.01475405,-,0,0.00020382253,0.0026164754,2.5831704e-06,0.00021287849,15,1.5,0.02,0.04,-0.05,40,40,40,40,40,10,0
1.11,0.024370954,0.034350094,-0.0014590697,0.0075947036,-0.024370954,-0.034350094,0.0014590697,-0.0075947036,-0.0086325679,-0.0086325679,-,0,0.00020679225,0.0026223751,2.5938149e-06,0.00021316688,15,1.5,0.02,0.04,-0.05,40,40,40,40,40,10,0
1.115,0.024383501,0.028380443,-0.0015635365,0.0071915464,-0.024383501,-0.028380443,0.0015635365,-0.0071915464,-0.011042841,-0.011042841,-,0,0.00020976502,0.0026264023,2.6060381e-06,0.00021342547,15,1.5,0.02,0.04,-0.05,40,40,40,40,40,10,0
1.12,0.024459663,0.023683694,-0.0015886805,0.0040217875,-0.024459663,-0.023683694,0.0015886805,-0.0040217875,-0.016360986,-0.016360986,-,0,0.0002127564,0.0026292069,2.6186576e-06,0.00021350635,15,1.5,0.02,0.04,-0.05,40,40,40,40,40,10,0
1.125,0.024525729,0.028487967,-0.0016121099,0.011746749,-0.024525729,-0.028487967,0.0016121099,-0.011746749,-0.0049314906,-0.0049314906,-,0,0.00021576396,0.0026332647,2.6316521e-06,0.00021419628,15,1.5,0.02,0.04,-0.05,40,40,40,40,40,10,0
1.13,0.024522499,0.022430207,-0.0016804685,0.011866696,-0.024522499,-0.022430207,0.0016804685,-0.011866696,-0.006019325,-0.006019325,-,0,0.00021877072,0.0026357803,2.645772e-06,0.00021490037,15,1.5,0.02,0.04,-0.05,40,40,40,40,40,10,0
1.135,0.024618242,0.023546041,-0.0016410618,0.01179658,-0.024618242,-0.023546041,0.0016410618,-0.01179658,-0.0054868509,-0.0054868509,-,0,0.00022180101,0.0026385524,2.6592374e-06,0.00021559617,15,1.5,0.02,0.04,-0.05,40,40,40,40,40,10,0
1.14,0.02473834,0.026306265,-0.0015814563,0.01396137,-0.02473834,-0.026306265,0.0015814563,-0.01396137,-0.001232772,-0.001232772,-,0,0.00022486094,0.0026420125,2.6717424e-06,0.00021657077,15,1.5,0.02,0.04,-0.05,40,40,40,40,40,10,0
1.145,0.024861867,0.02122589,-0.0015202334,0.009068873,-0.024861867,-0.02122589,0.0015202334,-0.009068873,-0.0078539187,-0.0078539187,-,0,0.0002279515,0.0026442652,2.683298e-06,0.00021698199,15,1.5,0.02,0.04,-0.05,40,40,40,40,40,10,0
1.15,0.024984941,0.026205728,-0.0014635591,0.012162717,-0.024984941,-0.026205728,0.0014635591,-0.012162717,-0.0021613832,-0.0021613832,-,0,0.00023107274,0.0026476989,2.694008e-06,0.00021772165,15,1.5,0.02,0.04,-0.05,40,40,40,40,40,10,0
1.155,0.025013052,0.025220059,-0.0014990299,0.013368267,-0.025013052,-0.025220059,0.0014990299,-0.013368267,-0.0009239849,-0.0009239849,-,0,0.000234201,0.0026508791,2.7052434e-06,0.0002186152,15,1.5,0.02,0.04,-0.05,40,40,40,40,40,10,0
1.16,0.025176722,0.024305088,-0.0013991946,0.010909711,-0.025176722,-0.024305088,0.0013991946,-0.010909711,-0.0031476144,-0.0031476144,-,0,0.00023737034,0.0026538328,2.7150322e-06,0.00021921031,15,1.5,0.02,0.04,-0.05,40,40,40,40,40,10,0
1.165,0.025294334,0.029866133,-0.0013558982,0.014009146,-0.025294334,-0.029866133,0.0013558982,-0.014009146,0.0023757777,0.0023757777,-,0,0.00024056935,0.0026582927,2.7242245e-06,0.00022019159,15,1.5,0.02,0.04,-0.05,40,40,40,40,40,10,0
1.17,0.025424428,0.029722291,-0.0013086359,0.012666336,-0.025424428,-0.029722291,0.0013086359,-0.012666336,0.0010673457,0.0010673457,-,0,0.00024380136,0.0026627098,2.7327871e-06,0.00022099377,15,1.5,0.02,0.04,-0.05,40,40,40,40,40,10,0
1.175,0.025554445,0.032847221,-0.0012784231,0.010926686,-0.025554445,-0.032847221,0.0012784231,-0.010926686,-0.00096133856,-0.00096133856,-,0,0.00024706651,0.0026681045,2.7409589e-06,0.00022159073,15,1.5,0.02,0.04,-0.05,40,40,40,40,40,10,0
1.18,0.025766711,0.036152091,-0.0011883181,0.010020017,-0.025766711,-0.036152091,0.0011883181,-0.010020017,-0.00083332937,-0.00083332937,-,0,0.00025038613,0.0026746394,2.7480194e-06,0.00022209274,15,1.5,0.02,0.04,-0.05,40,40,40,40,40,10,0
1.185,0.026013194,0.038454276,-0.0010817853,0.0091936424,-0.026013194,-0.038454276,0.0010817853,-0.0091936424,-0.00037788172,-0.00037788172,-,0,0.00025376956,0.002682033,2.7538707e-06,0.00022251535,15,1.5,0.02,0.04,-0.05,40,40,40,40,40,10,0
1.19,0.026174473,0.045087197,-0.001077015,0.01239016,-0.026174473,-0.045087197,0.001077015,-0.01239016,0.0047569917,0.0047569917,-,0,0.00025719507,0.0026921973,2.7596705e-06,0.00022328293,15,1.5,0.02,0.04,-0.05,40,40,40,40,40,10,0
1.195,0.02641182,0.046669752,-0.0010149695,0.0099998707,-0.02641182,-0.046669752,0.0010149695,-0.0099998707,0.0021702898,0.0021702898,-,0,0.00026068299,0.0027030876,2.7648214e-06,0.00022378292,15,1.5,0.02,0.04,-0.05,40,40,40,40,40,10,0
1.2,0.026737645,0.049931558,-0.00089490671,0.0057510138,-0.026737645,-0.049931558,0.00089490671,-0.0057510138,-0.0022650648,-0.0022650648,-,0,0.0002642575,0.0027155534,2.7688257e-06,0.00022394829,15,1.5,0.02,0.04,-0.05,40,40,40,40,40,10,0
1.205,0.027074979,0.056579329,-0.00079687393,0.0062210998,-0.027074979,-0.056579329,0.00079687393,-0.0062210998,0.00018321364,0.00018321364,-,0,0.00026792277,0.0027315595,2.7720007e-06,0.0002241418,15,1.5,0.02,0.04,-0.05,40,40,40,40,40,10,0
1.21,0.027330988,0.058738422,-0.00080362819,0.0046734371,-0.027330988,-0.058738422,0.00080362819,-0.0046734371,-0.0021481106,-0.0021481106,-,0,0.00027165769,0.0027488106,2.7752298e-06,0.00022425101,15,1.5,0.02,0.04,-0.05,40,40,40,40,40,10,0
1.215,0.02768721,0.064454778,-0.00073449297,0.0047506326,-0.02768721,-0.064454778,0.00073449297,-0.0047506326,-0.00075951032,-0.00075951032,-,0,0.0002754906,0.0027695827,2.7779272e-06,0.00022436385,15,1.5,0.02,0.04,-0.05,40,40,40,40,40,10,0
1.22,0.028079567,0.068495618,-0.00065417273,0.0042293236,-0.028079567,-0.068495618,0.00065417273,-0.0042293236,-0.00016718935,-0.00016718935,-,0,0.00027943291,0.0027930409,2.7800669e-06,0.00022445328,15,1.5,0.02,0.04,-0.05,40,40,40,40,40,10,0
1.225,0.028410724,0.072684255,-0.00066180301,0.00253681,-0.028410724,-0.072684255,0.00066180301,-0.00253681,-0.0026462454,-0.0026462454,-,0,0.00028346875,0.0028194559,2.7822568e-06,0.00022448546,15,1.5,0.02,0.04,-0.05,40,40,40,40,40,10,0
1.23,0.028899425,0.078321963,-0.0005438305,0.0014440712,-0.028899425,-0.078321963,0.0005438305,-0.0014440712,-0.0022804837,-0.0022804837,-,0,0.00028764464,0.0028501276,2.7837356e-06,0.00022449589,15,1.5,0.02,0.04,-0.05,40,40,40,40,40,10,0
1.235,0.029323859,0.083138714,-0.00052054456,0.00060214165,-0.029323859,-0.083138714,0.00052054456,-0.00060214165,-0.0029929301,-0.0029929301,-,0,0.00029194408,0.0028846878,2.7850904e-06,0.0002244977,15,1.5,0.02,0.04,-0.05,40,40,40,40,40,10,0
1.24,0.029785602,0.088541796,-0.00049057746,-0.00043322654,-0.029785602,-0.088541796,0.00049057746,0.00043322654,-0.0038711179,-0.0038711179,-,0,0.00029637999,0.002923886,2.7862937e-06,0.00022449864,15,1.5,0.02,0.04,-0.05,40,40,40,40,40,10,0
1.245,0.03029951,0.092772396,-0.0004410115,-0.0027722088,-0.03029951,-0.092772396,0.0004410115,0.0027722088,-0.0064565996,-0.0064565996,-,0,0.00030097029,0.0029669196,2.7872662e-06,0.00022453707,15,1.5,0.02,0.04,-0.05,40,40,40,40,40,10,0
1.25,0.030820676,0.10050276,-0.00041721043,-0.0016749084,-0.030820676,-0.10050276,0.00041721043,0.0016749084,-0.0041339953,-0.0041339953,-,0,0.00030571986,0.0030174236,2.7881365e-06,0.00022455109,15,1.5,0.02,0.04,-0.05,40,40,40,40,40,10,0
1.255,0.031281868,0.10471427,-0.00048359236,-0.0031163924,-0.031281868,-0.10471427,0.00048359236,0.0031163924,-0.007114266,-0.007114266,-,0,0.00031061264,0.003072249,2.7893058e-06,0.00022459965,15,1.5,0.02,0.04,-0.05,40,40,40,40,40,10,0
1.26,0.031872984,0.11318942,-0.00045482987,-0.0024698674,-0.031872984,-0.11318942,0.00045482987,0.0024698674,-0.0053622128,-0.0053622128,-,0,0.00031569207,0.0031363082,2.7903402e-06,0.00022463015,15,1.5,0.02,0.04,-0.05,40,40,40,40,40,10,0
1.265,0.032484484,0.12311627,-0.00044135569,0.00077782269,-0.032484484,-0.12311627,0.00044135569,-0.00077782269,0.00012073934,0.00012073934,-,0,0.00032096828,0.0032120963,2.7913141e-06,0.00022463318,15,1.5,0.02,0.04,-0.05,40,40,40,40,40,10,0
1.27,0.033175273,0.12575863,-0.00038768065,-0.005161762,-0.033175273,-0.12575863,0.00038768065,0.005161762,-0.0078640021,-0.0078640021,-,0,0.00032647128,0.0032911725,2.7920656e-06,0.0002247664,15,1.5,0.02,0.04,-0.05,40,40,40,40,40,10,0
1.275,0.034049453,0.13874325,-0.000206463,-0.0050844132,-0.034049453,-0.13874325,0.000206463,0.0050844132,-0.0044928458,-0.0044928458,-,0,0.0003322681,0.0033874209,2.7922788e-06,0.00022489565,15,1.5,0.02,0.04,-0.05,40,40,40,40,40,10,0
1.28,0.03476421,0.1427461,-0.00023669211,-0.0098240901,-0.03476421,-0.1427461,0.00023669211,0.0098240901,-0.011881389,-0.011881389,-,0,0.00033831085,0.0034893032,2.7925589e-06,0.00022537822,15,1.5,0.02,0.04,-0.05,40,40,40,40,40,10,0
1.285,0.035617876,0.1536666,-0.00018105256,-0.0107619,-0.035617876,-0.1536666,0.00018105256,0.0107619,-0.011999617,-0.011999617,-,0,0.00034465402,0.0036073703,2.7927228e-06,0.00022595731,15,1.5,0.02,0.04,-0.05,40,40,40,40,40,10,0
1.29,0.036421682,0.16045359,-0.00022351768,-0.012168667,-0.036421682,-0.16045359,0.00022351768,0.012168667,-0.014459188,-0.014459188,-,0,0.00035128671,0.0037360971,2.7929726e-06,0.00022669769,15,1.5,0.02,0.04,-0.05,40,40,40,40,40,10,0
1.295,0.037322747,0.1732076,-0.00021275491,-0.0086273368,-0.037322747,-0.1732076,0.00021275491,0.0086273368,-0.00845757,-0.00845757,-,0,0.00035825165,0.0038861014,2.7931989e-06,0.00022706985,15,1.5,0.02,0.04,-0.05,40,40,40,40,40,10,0
1.3,0.03814843,0.17521555,-0.00032216098,-0.015414319,-0.03814843,-0.17521555,0.00032216098,0.015414319,-0.020182303,-0.020182303,-,0,0.00036552817,0.0040396039,2.7937178e-06,0.00022825785,15,1.5,0.02,0.04,-0.05,40,40,40,40,40,10,0
1.305,0.039010319,0.17867798,-0.00043596383,-0.013553916,-0.039010319,-0.17867798,0.00043596383,0.013553916,-0.018943006,-0.018943006,-,0,0.00037313719,0.004199233,2.7946682e-06,0.0002291764,15,1.5,0.02,0.04,-0.05,40,40,40,40,40,10,0
1.31,0.039466063,0.16108386,-0.0008735685,-0.0086922583,-0.039466063,-0.16108386,0.0008735685,0.0086922583,-0.018909239,-0.018909239,-,0,0.00038092504,0.0043289731,2.7984838e-06,0.00022955417,15,1.5,0.02,0.04,-0.05,40,40,40,40,40,10,0
1.315,0.039908179,0.14744411,-0.0012182333,-0.0017665971,-0.039908179,-0.14744411,0.0012182333,0.0017665971,-0.014227467,-0.014227467,-,0,0.00038888835,0.0044376719,2.8059042e-06,0.00022956978,15,1.5,0.02,0.04,-0.05,40,40,40,40,40,10,0
1.32,0.040384433,0.13304858,-0.0014288966,0.0034286787,-0.040384433,-0.13304858,0.0014288966,-0.0034286787,-0.010160799,-0.010160799,-,0,0.00039704287,0.0045261815,2.816113e-06,0.00022962856,15,1.5,0.02,0.04,-0.05,40,40,40,40,40,10,0
1.325,0.040822449,0.11895729,-0.0015914142,0.005090842,-0.040822449,-0.11895729,0.0015914142,-0.005090842,-0.01066021,-0.01066021,-,0,0.00040537523,0.0045969357,2.828776e-06,0.00022975814,15,1.5,0.02,0.04,-0.05,40,40,40,40,40,10,0
1.33,0.041204687,0.11233233,-0.0017410173,0.010866007,-0.041204687,-0.11233233,0.0017410173,-0.010866007,-0.0044988617,-0.0044988617,-,0,0.00041386436,0.0046600285,2.8439317e-06,0.00023034849,15,1.5,0.02,0.04,-0.05,40,40,40,40,40,10,0
1.335,0.041583865,0.10539813,-0.0018328409,0.015953289,-0.041583865,-0.10539813,0.0018328409,-0.015953289,0.0014849227,0.0014849227,-,0,0.00042251045,0.0047155723,2.8607282e-06,0.00023162103,15,1.5,0.02,0.04,-0.05,40,40,40,40,40,10,0
1.34,0.042055284,0.096374606,-0.0017859935,0.014400752,-0.042055284,-0.096374606,0.0017859935,-0.014400752,-0.00049268477,-0.00049268477,-,0,0.00043135368,0.0047620126,2.8766771e-06,0.00023265793,15,1.5,0.02,0.04,-0.05,40,40,40,40,40,10,0
1.345,0.042498909,0.093776261,-0.0017427773,0.014879938,-0.042498909,-0.093776261,0.0017427773,-0.014879938,0.00077927669,0.00077927669,-,0,0.00044038447,0.0048059825,2.8918634e-06,0.000233765,15,1.5,0.02,0.04,-0.05,40,40,40,40,40,10,0
1.35,0.042945644,0.089242206,-0.001678992,0.01411505,-0.042945644,-0.089242206,0.001678992,-0.01411505,0.00041629575,0.00041629575,-,0,0.00044960611,0.0048458034,2.9059585e-06,0.00023476117,15,1.5,0.02,0.04,-0.05,40,40,40,40,40,10,0
1.355,0.043484501,0.090154755,-0.0015083225,0.01743828,-0.043484501,-0.090154755,0.0015083225,-0.01743828,0.0080084629,0.0080084629,-,0,0.00045906062,0.0048864428,2.9173337e-06,0.00023628164,15,1.5,0.02,0.04,-0.05,40,40,40,40,40,10,0
1.36,0.043820629,0.086493659,-0.0015292418,0.015885166,-0.043820629,-0.086493659,0.0015292418,-0.015885166,0.0052252818,0.0052252818,-,0,0.00046866186,0.0049238486,2.9290266e-06,0.00023754333,15,1.5,0.02,0.04,-0.05,40,40,40,40,40,10,0
1.365,0.044419072,0.091178408,-0.0012933698,0.017324259,-0.044419072,-0.091178408,0.0012933698,-0.017324259,0.011121359,0.011121359,-,0,0.00047852713,0.0049654161,2.9373906e-06,0.00023904398,15,1.5,0.02,0.04,-0.05,40,40,40,40,40,10,0
1.37,0.044946134,0.093511348,-0.0011414016,0.017646876,-0.044946134,-0.093511348,0.0011414016,-0.017646876,0.013988666,0.013988666,-,0,0.0004886279,0.0050091379,2.9439046e-06,0.00024060104,15,1.5,0.02,0.04,-0.05,40,40,40,40,40,10,0
1.375,0.045527966,0.097676478,-0.00095763161,0.015492048,-0.045527966,-0.097676478,0.00095763161,-0.015492048,0.013691216,0.013691216,-,0,0.00049899188,0.0050568414,2.9484899e-06,0.00024180106,15,1.5,0.02,0.04,-0.05,40,40,40,40,40,10,0
1.38,0.046194938,0.10279977,-0.00072752409,0.011886659,-0.046194938,-0.10279977,0.00072752409,-0.011886659,0.011953016,0.011953016,-,0,0.00050966174,0.0051096804,2.9511363e-06,0.00024250752,15,1.5,0.02,0.04,-0.05,40,40,40,40,40,10,0
1.385,0.046909543,0.10817559,-0.00049473835,0.0080869844,-0.046909543,-0.10817559,0.00049473835,-0.0080869844,0.0099746158,0.0099746158,-,0,0.00052066427,0.0051681902,2.9523602e-06,0.00024283452,15,1.5,0.02,0.04,-0.05,40,40,40,40,40,10,0
1.39,0.047677382,0.11719005,-0.00025333302,0.0083423302,-0.047677382,-0.11719005,0.00025333302,-0.0083423302,0.014354649,0.014354649,-,0,0.00053202993,0.0052368577,2.9526811e-06,0.00024318249,15,1.5,0.02,0.04,-0.05,40,40,40,40,40,10,0
1.395,0.048309595,0.12331144,-0.0001897649,0.0062239849,-0.048309595,-0.12331144,0.0001897649,-0.0062239849,0.012388153,0.012388153,-,0,0.00054369902,0.0053128863,2.9528611e-06,0.00024337618,15,1.5,0.02,0.04,-0.05,40,40,40,40,40,10,0
1.4,0.049124705,0.1333606,4.7840972e-06,0.0044587532,-0.049124705,-0.1333606,-4.7840972e-06,-0.0044587532,0.013076809,0.013076809,-,0,0.0005557652,0.0054018115,2.9528612e-06,0.00024347558,15,1.5,0.02,0.04,-0.05,40,40,40,40,40,10,0
1.405,0.049958153,0.14255198,0.00015983924,0.0022339119,-0.049958153,-0.14255198,-0.00015983924,-0.0022339119,0.012449699,0.012449699,-,0,0.00056824429,0.0055034168,2.952989e-06,0.00024350054,15,1.5,0.02,0.04,-0.05,40,40,40,40,40,10,0
1.41,0.050750949,0.15095067,0.00021311015,-0.0021391703,-0.050750949,-0.15095067,-0.00021311015,0.0021391703,0.0070409428,0.0070409428,-,0,0.00058112258,0.0056173474,2.953216e-06,0.00024352342,15,1.5,0.02,0.04,-0.05,40,40,40,40,40,10,0
1.415,0.051662576,0.15763144,0.00031955963,-0.0088305942,-0.051662576,-0.15763144,-0.00031955963,0.0088305942,-0.0011139878,-0.0011139878,-,0,0.00059446769,0.0057415857,2.9537266e-06,0.00024391331,15,1.5,0.02,0.04,-0.05,40,40,40,40,40,10,0
1.42,0.05267105,0.17258398,0.00046317692,-0.0048758752,-0.05267105,-0.17258398,-0.00046317692,0.0048758752,0.007590621,0.007590621,-,0,0.00060833889,0.0058905119,2.9547993e-06,0.00024403218,15,1.5,0.02,0.04,-0.05,40,40,40,40,40,10,0
1.425,0.05358646,0.17595389,0.00047139512,-0.007976493,-0.05358646,-0.17595389,-0.00047139512,0.007976493,0.0032160721,0.0032160721,-,0,0.00062269643,0.0060453107,2.9559104e-06,0.00024435031,15,1.5,0.02,0.04,-0.05,40,40,40,40,40,10,0
1.43,0.054542602,0.18511928,0.00047430502,-0.010144389,-0.054542602,-0.18511928,-0.00047430502,0.010144389,0.00039361567,0.00039361567,-,0,0.00063757091,0.0062166565,2.9570352e-06,0.00024486485,15,1.5,0.02,0.04,-0.05,40,40,40,40,40,10,0
1.435,0.055551052,0.18907809,0.00048304949,-0.013774746,-0.055551052,-0.18907809,-0.00048304949,0.013774746,-0.0047422323,-0.0047422323,-,0,0.0006530005,0.0063954091,2.9582019e-06,0.00024581357,15,1.5,0.02,0.04,-0.05,40,40,40,40,40,10,0
1.44,0.056599251,0.19472678,0.00049792449,-0.014652654,-0.056599251,-0.19472678,-0.00049792449,0.014652654,-0.0055890567,-0.0055890567,-,0,0.00066901788,0.0065850017,2.9594415e-06,0.00024688707,15,1.5,0.02,0.04,-0.05,40,40,40,40,40,10,0
1.445,0.057502496,0.20182559,0.00034107382,-0.012130788,-0.057502496,-0.20182559,-0.00034107382,0.012130788,-0.0038570011,-0.0038570011,-,0,0.00068555057,0.0067886695,2.9600232e-06,0.00024762285,15,1.5,0.02,0.04,-0.05,40,40,40,40,40,10,0
1.45,0.05848485,0.20683764,0.00023800659,-0.012511959,-0.05848485,-0.20683764,-0.00023800659,0.012511959,-0.0057546367,-0.0057546367,-,0,0.00070265295,0.0070025786,2.9603064e-06,0.00024840559,15,1.5,0.02,0.04,-0.05,40,40,40,40,40,10,0
1.455,0.059530272,0.21208488,0.00016358192,-0.015148696,-0.059530272,-0.21208488,-0.00016358192,0.015148696,-0.010595315,-0.010595315,-,0,0.00072037222,0.0072274786,2.9604402e-06,0.00024955301,15,1.5,0.02,0.04,-0.05,40,40,40,40,40,10,0
1.46,0.060527612,0.21854861,9.964205e-07,-0.016801197,-0.060527612,-0.21854861,-9.964205e-07,0.016801197,-0.015234352,-0.015234352,-,0,0.00073869018,0.007466296,2.9604402e-06,0.00025096441,15,1.5,0.02,0.04,-0.05,40,40,40,40,40,10,0
1.465,0.061654282,0.2259626,-6.7990379e-05,-0.015891522,-0.061654282,-0.2259626,6.7990379e-05,0.015891522,-0.014585549,-0.014585549,-,0,0.00075769643,0.0077215915,2.9604633e-06,0.00025222711,15,1.5,0.02,0.04,-0.05,40,40,40,40,40,10,0
1.47,0.062711275,0.22917126,-0.00023491767,-0.017766284,-0.062711275,-0.22917126,0.00023491767,0.017766284,-0.019752116,-0.019752116,-,0,0.00077735995,0.0079841888,2.9607393e-06,0.00025380532,15,1.5,0.02,0.04,-0.05,40,40,40,40,40,10,0
1.475,0.063875752,0.23518948,-0.00032578029,-0.018843151,-0.063875752,-0.23518948,0.00032578029,0.018843151,-0.022466337,-0.022466337,-,0,0.00079776051,0.0082607593,2.9612699e-06,0.00025558064,15,1.5,0.02,0.04,-0.05,40,40,40,40,40,10,0
1.48,0.064787826,0.22646924,-0.00066216262,-0.014544293,-0.064787826,-0.22646924,0.00066216262,0.014544293,-0.021394353,-0.021394353,-,0,0.00081874782,0.0085172009,2.9634622e-06,0.00025663832,15,1.5,0.02,0.04,-0.05,40,40,40,40,40,10,0
1.485,0.06537375,0.20601524,-0.0012057869,-0.010019613,-0.06537375,-0.20601524,0.0012057869,0.010019613,-0.023568139,-0.023568139,-,0,0.00084011646,0.0087294123,2.9707318e-06,0.00025714028,15,1.5,0.02,0.04,-0.05,40,40,40,40,40,10,0
1.49,0.066015276,0.1914096,-0.0015751931,-0.0017167585,-0.066015276,-0.1914096,0.0015751931,0.0017167585,-0.017226345,-0.017226345,-,0,0.00086190654,0.0089126005,2.983138e-06,0.00025715502,15,1.5,0.02,0.04,-0.05,40,40,40,40,40,10,0
1.495,0.066552165,0.17344451,-0.0019343169,0.0033657636,-0.066552165,-0.17344451,0.0019343169,-0.0033657636,-0.015697285,-0.015697285,-,0,0.0008840525,0.0090630154,3.0018459e-06,0.00025721166,15,1.5,0.02,0.04,-0.05,40,40,40,40,40,10,0
1.5,0.067159495,0.16229673,-0.0021232561,0.010104519,-0.067159495,-0.16229673,0.0021232561,-0.010104519,-0.0088570046,-0.0088570046,-,0,0.00090660449,0.0091947166,3.024387e-06,0.00025772217,15,1.5,0.02,0.04,-0.05,40,40,40,40,40,10,0
1.505,0.067738028,0.15187473,-0.002257501,0.015644269,-0.067738028,-0.15187473,0.002257501,-0.015644269,-0.002966361,-0.002966361,-,0,0.00092954669,0.0093100462,3.0498685e-06,0.00025894589,15,1.5,0.02,0.04,-0.05,40,40,40,40,40,10,0
1.51,0.068388774,0.14077145,-0.0022561155,0.015072313,-0.068388774,-0.14077145,0.0022561155,-0.015072313,-0.0042346284,-0.0042346284,-,0,0.00095293181,0.0094091293,3.0753188e-06,0.00026008176,15,1.5,0.02,0.04,-0.05,40,40,40,40,40,10,0
1.515,0.069080515,0.13792057,-0.0021745345,0.018197945,-0.069080515,-0.13792057,0.0021745345,-0.018197945,0.0015773327,0.0015773327,-,0,0.0009767924,0.0095042397,3.0989618e-06,0.00026173758,15,1.5,0.02,0.04,-0.05,40,40,40,40,40,10,0
1.52,0.069723328,0.13217025,-0.0021121315,0.018397218,-0.069723328,-0.13217025,0.0021121315,-0.018397218,0.0025951298,0.0025951298,-,0,0.0010010991,0.0095915846,3.1212673e-06,0.00026342987,15,1.5,0.02,0.04,-0.05,40,40,40,40,40,10,0
1.525,0.070398925,0.12969598,-0.0020007405,0.017367607,-0.070398925,-0.12969598,0.0020007405,-0.017367607,0.0026361203,0.0026361203,-,0,0.0010258792,0.0096756898,3.1412821e-06,0.00026493804,15,1.5,0.02,0.04,-0.05,40,40,40,40,40,10,0
1.53,0.071069376,0.12731276,-0.0018916144,0.014982696,-0.071069376,-0.12731276,0.0018916144,-0.014982696,0.00061372637,0.00061372637,-,0,0.0010511334,0.0097567325,3.1591732e-06,0.00026606045,15,1.5,0.02,0.04,-0.05,40,40,40,40,40,10,0
1.535,0.071771914,0.1336529,-0.0017528234,0.020496189,-0.071771914,-0.1336529,0.0017528234,-0.020496189,0.011233486,0.011233486,-,0,0.0010768895,0.009846048,3.1745351e-06,0.00026816092,15,1.5,0.02,0.04,-0.05,40,40,40,40,40,10,0
1.54,0.072443982,0.13062332,-0.0016434103,0.018666018,-0.072443982,-0.13062332,0.0016434103,-0.018666018,0.010021684,0.010021684,-,0,0.0011031301,0.0099313602,3.1880391e-06,0.00026990302,15,1.5,0.02,0.04,-0.05,40,40,40,40,40,10,0
1.545,0.073238913,0.13546949,-0.0014256732,0.017610092,-0.073238913,-0.13546949,0.0014256732,-0.017610092,0.011913598,0.011913598,-,0,0.0011299498,0.01002312,3.1982018e-06,0.00027145359,15,1.5,0.02,0.04,-0.05,40,40,40,40,40,10,0
1.55,0.074035417,0.13653238,-0.0012267827,0.015799159,-0.074035417,-0.13653238,0.0012267827,-0.015799159,0.012239003,0.012239003,-,0,0.001157356,0.010116326,3.2057268e-06,0.00027270166,15,1.5,0.02,0.04,-0.05,40,40,40,40,40,10,0
1.555,0.074850121,0.14212743,-0.0010301245,0.016486665,-0.074850121,-0.14212743,0.0010301245,-0.016486665,0.01646023,0.01646023,-,0,0.0011853687,0.010217327,3.2110326e-06,0.00027406071,15,1.5,0.02,0.04,-0.05,40,40,40,40,40,10,0
1.56,0.075601374,0.14552198,-0.00092468436,0.013892975,-0.075601374,-0.14552198,0.00092468436,-0.013892975,0.014302104,0.014302104,-,0,0.0012139466,0.01032321,3.2153078e-06,0.00027502579,15,1.5,0.02,0.04,-0.05,40,40,40,40,40,10,0
1.565,0.076557391,0.15239056,-0.00065518287,0.011180199,-0.076557391,-0.15239056,0.00065518287,-0.011180199,0.014569325,0.014569325,-,0,0.0012432517,0.010439324,3.2174541e-06,0.00027565077,15,1.5,0.02,0.04,-0.05,40,40,40,40,40,10,0
1.57,0.077556503,0.1600204,-0.0003892378,0.0096402531,-0.077556503,-0.1600204,0.0003892378,-0.0096402531,0.016573759,0.016573759,-,0,0.0012733268,0.010567357,3.2182116e-06,0.00027611544,15,1.5,0.02,0.04,-0.05,40,40,40,40,40,10,0
1.575,0.078494428,0.16522732,-0.00023385771,0.0044934802,-0.078494428,-0.16522732,0.00023385771,-0.0044934802,0.011411336,0.011411336,-,0,0.0013041337,0.010703857,3.2184851e-06,0.0002762164,15,1.5,0.02,0.04,-0.05,40,40,40,40,40,10,0
1.58,0.079496676,0.1728887,-7.2940495e-05,-0.00054690647,-0.079496676,-0.1728887,7.2940495e-05,0.00054690647,0.0065910145,0.0065910145,-,0,0.0013357323,0.01085331,3.2185117e-06,0.00027621789,15,1.5,0.02,0.04,-0.05,40,40,40,40,40,10,0
1.585,0.080572316,0.18561766,0.00010430359,0.0016194681,-0.080572316,-0.18561766,-0.00010430359,-0.0016194681,0.013029909,0.013029909,-,0,0.0013681918,0.011025579,3.2185661e-06,0.00027623101,15,1.5,0.02,0.04,-0.05,40,40,40,40,40,10,0
1.59,0.081689627,0.1924689,0.00027600932,-0.00023163139,-0.081689627,-0.1924689,-0.00027600932,0.00023163139,0.013125241,0.013125241,-,0,0.0014015577,0.011210801,3.218947e-06,0.00027623128,15,1.5,0.02,0.04,-0.05,40,40,40,40,40,10,0
1.595,0.082768346,0.20193879,0.00034957506,-0.004817865,-0.082768346,-0.20193879,-0.00034957506,0.004817865,0.0077497467,0.0077497467,-,0,0.0014358107,0.011414697,3.219558e-06,0.00027634733,15,1.5,0.02,0.04,-0.05,40,40,40,40,40,10,0
1.6,0.084085154,0.21286149,0.0005867887,-0.0093496867,-0.084085154,-0.21286149,-0.0005867887,0.0093496867,0.0049734628,0.0049734628,-,0,0.0014711623,0.011641247,3.2212796e-06,0.00027678442,15,1.5,0.02,0.04,-0.05,40,40,40,40,40,10,0
1.605,0.085242781,0.22365325,0.00059356079,-0.012019836,-0.085242781,-0.22365325,-0.00059356079,0.012019836,0.0015246437,0.0015246437,-,0,0.001507494,0.011891351,3.2230412e-06,0.0002775068,15,1.5,0.02,0.04,-0.05,40,40,40,40,40,10,0
1.61,0.086518013,0.23593359,0.00065143886,-0.012941241,-0.086518013,-0.23593359,-0.00065143886,0.012941241,0.0015274248,0.0015274248,-,0,0.0015449208,0.012169674,3.225163e-06,0.00027834418,15,1.5,0.02,0.04,-0.05,40,40,40,40,40,10,0
1.615,0.087577812,0.22400423,0.00052151682,-0.0070862694,-0.087577812,-0.22400423,-0.00052151682,0.0070862694,0.0079050736,0.0079050736,-,0,0.0015832702,0.012420564,3.2265229e-06,0.00027859526,15,1.5,0.02,0.04,-0.05,40,40,40,40,40,10,0
1.62,0.088433648,0.20655839,0.00027034865,-0.0085732036,-0.088433648,-0.20655839,-0.00027034865,0.0085732036,0.0012264326,0.0012264326,-,0,0.0016223727,0.012633896,3.2268884e-06,0.00027896275,15,1.5,0.02,0.04,-0.05,40,40,40,40,40,10,0
1.625,0.089388337,0.2009748,0.00018147098,-0.0036396688,-0.089388337,-0.2009748,-0.00018147098,0.0036396688,0.0070893203,0.0070893203,-,0,0.0016623241,0.01283585,3.227053e-06,0.00027902899,15,1.5,0.02,0.04,-0.05,40,40,40,40,40,10,0
1.63,0.090247961,0.18459316,5.8864055e-05,-0.0065787195,-0.090247961,-0.18459316,-5.8864055e-05,0.0065787195,0.00020356727,0.00020356727,-,0,0.0017030476,0.013006223,3.2270704e-06,0.00027924539,15,1.5,0.02,0.04,-0.05,40,40,40,40,40,10,0
1.635,0.091145722,0.18050522,2.6654448e-05,-0.0021995527,-0.091145722,-0.18050522,-2.6654448e-05,0.0021995527,0.0061436108,0.0061436108,-,0,0.0017445853,0.013169134,3.2270739e-06,0.00027926958,15,1.5,0.02,0.04,-0.05,40,40,40,40,40,10,0
1.64,0.09189082,0.17331526,-0.00010635077,0.0022624365,-0.09189082,-0.17331526,0.00010635077,-0.0022624365,0.01056882,0.01056882,-,0,0.0017868049,0.013319325,3.2271305e-06,0.00027929517,15,1.5,0.02,0.04,-0.05,40,40,40,40,40,10,0
1.645,0.092719715,0.16941896,-0.00011204376,0.0051105667,-0.092719715,-0.16941896,0.00011204376,-0.0051105667,0.014616346,0.014616346,-,0,0.0018297896,0.013462839,3.2271932e-06,0.00027942576,15,1.5,0.02,0.04,-0.05,40,40,40,40,40,10,0
1.65,0.093634971,0.16546766,-9.3760952e-06,0.004000127,-0.093634971,-0.16546766,9.3760952e-06,-0.004000127,0.014350955,0.014350955,-,0,0.0018736272,0.013599736,3.2271937e-06,0.00027950577,15,1.5,0.02,0.04,-0.05,40,40,40,40,40,10,0
1.655,0.094566329,0.16437014,0.00011265756,0.0020977074,-0.094566329,-0.16437014,-0.00011265756,-0.0020977074,0.013302557,0.013302557,-,0,0.0019183411,0.013734824,3.2272571e-06,0.00027952777,15,1.5,0.02,0.04,-0.05,40,40,40,40,40,10,0
1.66,0.095577051,0.16806677,0.00030731877,0.0040843508,-0.095577051,-0.16806677,-0.00030731877,-0.0040843508,0.01937052,0.01937052,-,0,0.001964016,0.013876056,3.2277294e-06,0.00027961118,15,1.5,0.02,0.04,-0.05,40,40,40,40,40,10,0
1.665,0.096527178,0.16573512,0.00043159141,-0.00037276548,-0.096527178,-0.16573512,-0.00043159141,0.00037276548,0.014474671,0.014474671,-,0,0.0020106035,0.014013397,3.2286607e-06,0.00027961187,15,1.5,0.02,0.04,-0.05,40,40,40,40,40,10,0
1.67,0.097673964,0.17211684,0.0007270452,-0.0010701268,-0.097673964,-0.17211684,-0.0007270452,0.0010701268,0.018138641,0.018138641,-,0,0.0020583045,0.014161518,3.2313037e-06,0.0002796176,15,1.5,0.02,0.04,-0.05,40,40,40,40,40,10,0
1.675,0.098624977,0.17454216,0.00080021209,-0.0022413995,-0.098624977,-0.17454216,-0.00080021209,0.0022413995,0.017595268,0.017595268,-,0,0.0021069389,0.014313843,3.2345054e-06,0.00027964272,15,1.5,0.02,0.04,-0.05,40,40,40,40,40,10,0
1.68,0.099646578,0.17760071,0.00092111399,-0.0046018407,-0.099646578,-0.17760071,-0.00092111399,0.0046018407,0.016010909,0.016010909,-,0,0.0021565861,0.014471553,3.2387477e-06,0.0002797486,15,1.5,0.02,0.04,-0.05,40,40,40,40,40,10,0
1.685,0.1006919,0.18212061,0.0010427799,-0.0044471203,-0.1006919,-0.18212061,-0.0010427799,0.0044471203,0.01826968,0.01826968,-,0,0.0022072804,0.014637393,3.2441846e-06,0.00027984749,15,1.5,0.02,0.04,-0.05,40,40,40,40,40,10,0
1.69,0.10172534,0.18415046,0.0011301847,-0.0069842731,-0.10172534,-0.18415046,-0.0011301847,0.0069842731,0.015876885,0.015876885,-,0,0.0022590206,0.014806949,3.2505712e-06,0.00028009139,15,1.5,0.02,0.04,-0.05,40,40,40,40,40,10,0
1.695,0.10282836,0.19244243,0.0012564318,-0.0058993221,-0.10282836,-0.19244243,-0.0012564318,0.0058993221,0.019751759,0.019751759,-,0,0.002311889,0.01499212,3.2584643e-06,0.0002802654,15,1.5,0.02,0.04,-0.05,40,40,40,40,40,10,0
1.7,0.10396407,0.19412153,0.0013800331,-0.011188995,-0.10396407,-0.19412153,-0.0013800331,0.011188995,0.013761147,0.013761147,-,0,0.0023659316,0.015180536,3.2679867e-06,0.00028089136,15,1.5,0.02,0.04,-0.05,40,40,40,40,40,10,0
1.705,0.10510213,0.20343725,0.0014598598,-0.012612309,-0.10510213,-0.20343725,-0.0014598598,0.012612309,0.013218965,0.013218965,-,0,0.0024211639,0.015387469,3.2786427e-06,0.00028168672,15,1.5,0.02,0.04,-0.05,40,40,40,40,40,10,0
1.71,0.1063999,0.20958909,0.0016530592,-0.014753828,-0.1063999,-0.20958909,-0.0016530592,0.014753828,0.013176708,0.013176708,-,0,0.0024777686,0.015607107,3.2923057e-06,0.00028277509,15,1.5,0.02,0.04,-0.05,40,40,40,40,40,10,0
1.715,0.10757927,0.21506537,0.0016832038,-0.018640711,-0.10757927,-0.21506537,-0.0016832038,0.018640711,0.0080411903,0.0080411903,-,0,0.0025356351,0.015838373,3.3064716e-06,0.00028451247,15,1.5,0.02,0.04,-0.05,40,40,40,40,40,10,0
1.72,0.10883395,0.223765,0.0017375428,-0.020745176,-0.10883395,-0.223765,-0.0017375428,0.020745176,0.0060726563,0.0060726563,-,0,0.0025948592,0.016088727,3.3215669e-06,0.00028666429,15,1.5,0.02,0.04,-0.05,40,40,40,40,40,10,0
1.725,0.11015977,0.232325,0.0018142441,-0.021249392,-0.11015977,-0.232325,-0.0018142441,0.021249392,0.0068357693,0.0068357693,-,0,0.0026555351,0.016358601,3.3380243e-06,0.00028892197,15,1.5,0.02,0.04,-0.05,40,40,40,40,40,10,0
1.73,0.11146237,0.23845164,0.0018214347,-0.024516897,-0.11146237,-0.23845164,-0.0018214347,0.024516897,0.0023134876,0.0023134876,-,0,0.0027176544,0.016642897,3.3546124e-06,0.00029192736,15,1.5,0.02,0.04,-0.05,40,40,40,40,40,10,0
1.735,0.11282147,0.24833357,0.0018318214,-0.026149168,-0.11282147,-0.24833357,-0.0018318214,0.026149168,0.00044334233,0.00044334233,-,0,0.0027812978,0.016951245,3.3713903e-06,0.00029534626,15,1.5,0.02,0.04,-0.05,40,40,40,40,40,10,0
1.74,0.11418727,0.254284,0.0017948772,-0.030538345,-0.11418727,-0.254284,-0.0017948772,0.030538345,-0.0064292542,-0.0064292542,-,0,0.0028464915,0.017274547,3.3874982e-06,0.00030000921,15,1.5,0.02,0.04,-0.05,40,40,40,40,40,10,0
1.745,0.11555214,0.26621006,0.0017036185,-0.029525296,-0.11555214,-0.26621006,-0.0017036185,0.029525296,-0.0057742211,-0.0057742211,-,0,0.002913253,0.017628886,3.4020098e-06,0.00030436792,15,1.5,0.02,0.04,-0.05,40,40,40,40,40,10,0
1.75,0.11680272,0.27290657,0.0014511539,-0.031194728,-0.11680272,-0.27290657,-0.0014511539,0.031194728,-0.011772466,-0.011772466,-,0,0.0029814673,0.018001276,3.412539e-06,0.00030923348,15,1.5,0.02,0.04,-0.05,40,40,40,40,40,10,0
1.755,0.11814451,0.28175618,0.0012412201,-0.033006696,-0.11814451,-0.28175618,-0.0012412201,0.033006696,-0.017258605,-0.017258605,-,0,0.003051258,0.018398208,3.4202421e-06,0.00031468069,15,1.5,0.02,0.04,-0.05,40,40,40,40,40,10,0
1.76,0.11919534,0.26510906,0.00078469579,-0.027987439,-0.11919534,-0.26510906,-0.00078469579,0.027987439,-0.017222452,-0.017222452,-,0,0.0031222956,0.018749623,3.4233209e-06,0.00031859717,15,1.5,0.02,0.04,-0.05,40,40,40,40,40,10,0
1.765,0.12009738,0.24429577,0.00029090621,-0.025813992,-0.12009738,-0.24429577,-0.00029090621,0.025813992,-0.022183617,-0.022183617,-,0,0.0031944125,0.019048025,3.423744e-06,0.00032192898,15,1.5,0.02,0.04,-0.05,40,40,40,40,40,10,0
1.77,0.12101055,0.23007505,-8.1975972e-05,-0.018752937,-0.12101055,-0.23007505,8.1975972e-05,0.018752937,-0.017735832,-0.017735832,-,0,0.0032676303,0.019312697,3.4237776e-06,0.00032368735,15,1.5,0.02,0.04,-0.05,40,40,40,40,40,10,0
1.775,0.12169973,0.21398307,-0.00056770327,-0.011967949,-0.12169973,-0.21398307,0.00056770327,0.011967949,-0.015474156,-0.015474156,-,0,0.0033416844,0.019541641,3.425389e-06,0.00032440351,15,1.5,0.02,0.04,-0.05,40,40,40,40,40,10,0
1.78,0.12252482,0.19940403,-0.00081597665,-0.0079306351,-0.12252482,-0.19940403,0.00081597665,0.0079306351,-0.013708945,-0.013708945,-,0,0.0034167461,0.019740451,3.4287181e-06,0.00032471798,15,1.5,0.02,0.04,-0.05,40,40,40,40,40,10,0
1.785,0.12327129,0.18314467,-0.0010581036,-0.008337353,-0.12327129,-0.18314467,0.0010581036,0.008337353,-0.01858637,-0.01858637,-,0,0.0034927251,0.019908161,3.434316e-06,0.00032506554,15,1.5,0.02,0.04,-0.05,40,40,40,40,40,10,0
1.79,0.12394863,0.17626084,-0.0012972123,-0.0017262918,-0.12394863,-0.17626084,0.0012972123,0.0017262918,-0.012518216,-0.012518216,-,0,0.0035695414,0.0200635,3.4427298e-06,0.00032508044,15,1.5,0.02,0.04,-0.05,40,40,40,40,40,10,0
1.795,0.12453586,0.16344893,-0.0015531565,0.00090148858,-0.12453586,-0.16344893,0.0015531565,-0.00090148858,-0.01291644,-0.01291644,-,0,0.0036470873,0.020197078,3.4547913e-06,0.0003250845,15,1.5,0.02,0.04,-0.05,40,40,40,40,40,10,0
1.8,0.12515194,0.15418093,-0.0017178717,0.0021421353,-0.12515194,-0.15418093,0.0017178717,-0.0021421353,-0.013884596,-0.013884596,-,0,0.0037254024,0.020315937,3.4695467e-06,0.00032510745,15,1.5,0.02,0.04,-0.05,40,40,40,40,40,10,0
1.805,0.12579762,0.15072033,-0.0018027384,0.0084328256,-0.12579762,-0.15072033,0.0018027384,-0.0084328256,-0.0058470714,-0.0058470714,-,0,0.0038045276,0.02042952,3.4857961e-06,0.00032546301,15,1.5,0.02,0.04,-0.05,40,40,40,40,40,10,0
1.81,0.12641419,0.14193912,-0.0018690007,0.0090627605,-0.12641419,-0.14193912,0.0018690007,-0.0090627605,-0.0062350216,-0.0062350216,-,0,0.0038844303,0.020530253,3.5032619e-06,0.00032587368,15,1.5,0.02,0.04,-0.05,40,40,40,40,40,10,0
1.815,0.12694864,0.14059979,-0.001988388,0.011118917,-0.12694864,-0.14059979,0.001988388,-0.011118917,-0.0049844792,-0.0049844792,-,0,0.0039650101,0.020629095,3.5230303e-06,0.00032649183,15,1.5,0.02,0.04,-0.05,40,40,40,40,40,10,0
1.82,0.12762859,0.13908298,-0.001947222,0.012361078,-0.12762859,-0.13908298,0.001947222,-0.012361078,-0.0025508233,-0.0025508233,-,0,0.0040464554,0.020725815,3.5419887e-06,0.00032725581,15,1.5,0.02,0.04,-0.05,40,40,40,40,40,10,0
1.825,0.12833438,0.13960966,-0.0018714055,0.013982857,-0.12833438,-0.13960966,0.0018714055,-0.013982857,0.0010542777,0.0010542777,-,0,0.004128804,0.02082327,3.5594995e-06,0.00032823341,15,1.5,0.02,0.04,-0.05,40,40,40,40,40,10,0
1.83,0.12899372,0.13837995,-0.0018438033,0.011437595,-0.12899372,-0.13837995,0.0018438033,-0.011437595,-0.0023855841,-0.0023855841,-,0,0.0042120009,0.020919015,3.5764975e-06,0.0003288875,15,1.5,0.02,0.04,-0.05,40,40,40,40,40,10,0
1.835,0.12976501,0.14195554,-0.0017203065,0.010533889,-0.12976501,-0.14195554,0.0017203065,-0.010533889,-0.0017302422,-0.0017302422,-,0,0.0042961956,0.021019771,3.5912948e-06,0.00032944232,15,1.5,0.02,0.04,-0.05,40,40,40,40,40,10,0
1.84,0.13047909,0.1448194,-0.001672539,0.010210521,-0.13047909,-0.1448194,0.001672539,-0.010210521,-0.0013699458,-0.0013699458,-,0,0.0043813196,0.021124635,3.6052817e-06,0.00032996359,15,1.5,0.02,0.04,-0.05,40,40,40,40,40,10,0
1.845,0.1313378,0.14918392,-0.0015000535,0.010055466,-0.1313378,-0.14918392,0.0015000535,-0.010055466,0.0011765084,0.0011765084,-,0,0.0044675677,0.021235914,3.6165325e-06,0.00033046915,15,1.5,0.02,0.04,-0.05,40,40,40,40,40,10,0
1.85,0.1321653,0.15221937,-0.0013848928,0.0074001638,-0.1321653,-0.15221937,0.0013848928,-0.0074001638,-0.0009410659,-0.0009410659,-,0,0.004554906,0.021351768,3.6261222e-06,0.00033074297,15,1.5,0.02,0.04,-0.05,40,40,40,40,40,10,0
1.855,0.13295507,0.15886803,-0.0013436762,0.0057626858,-0.13295507,-0.15886803,0.0013436762,-0.0057626858,-0.0024972918,-0.0024972918,-,0,0.0046432913,0.021477963,3.6351495e-06,0.00033090901,15,1.5,0.02,0.04,-0.05,40,40,40,40,40,10,0
1.86,0.13384374,0.16553994,-0.0012379956,0.0074916714,-0.13384374,-0.16553994,0.0012379956,-0.0074916714,0.0019660457,0.0019660457,-,0,0.004732862,0.02161498,3.6428127e-06,0.00033118963,15,1.5,0.02,0.04,-0.05,40,40,40,40,40,10,0
1.865,0.13473532,0.16363278,-0.0011450278,0.0026537036,-0.13473532,-0.16363278,0.0011450278,-0.0026537036,-0.0039548442,-0.0039548442,-,0,0.00482363,0.021748859,3.6493681e-06,0.00033122484,15,1.5,0.02,0.04,-0.05,40,40,40,40,40,10,0
1.87,0.13562382,0.1688568,-0.0010815058,0.001037468,-0.13562382,-0.1688568,0.0010815058,-0.001037468,-0.0051996359,-0.0051996359,-,0,0.0049155992,0.021891422,3.6552164e-06,0.00033123023,15,1.5,0.02,0.04,-0.05,40,40,40,40,40,10,0
1.875,0.13652583,0.17581678,-0.0010306936,0.0038140559,-0.13652583,-0.17581678,0.0010306936,-0.0038140559,2.3868301e-05,2.3868301e-05,-,0,0.0050087957,0.022045979,3.660528e-06,0.00033130296,15,1.5,0.02,0.04,-0.05,40,40,40,40,40,10,0
1.88,0.13751652,0.17903936,-0.00091314747,0.002509513,-0.13751652,-0.17903936,0.00091314747,-0.002509513,-2.1037904e-05,-2.1037904e-05,-,0,0.0051033496,0.022206255,3.6646972e-06,0.00033133445,15,1.5,0.02,0.04,-0.05,40,40,40,40,40,10,0
1.885,0.13856175,0.18632228,-0.00077712206,0.00077947449,-0.13856175,-0.18632228,0.00077712206,-0.00077947449,-0.00026349283,-0.00026349283,-,0,0.0051993464,0.022379835,3.6677168e-06,0.00033133749,15,1.5,0.02,0.04,-0.05,40,40,40,40,40,10,0
1.89,0.13963216,0.19278322,-0.00066453721,-0.0029592932,-0.13963216,-0.19278322,0.00066453721,0.0029592932,-0.003903026,-0.003903026,-,0,0.0052968321,0.022565662,3.6699249e-06,0.00033138127,15,1.5,0.02,0.04,-0.05,40,40,40,40,40,10,0
1.895,0.14075005,0.20406755,-0.00055879768,-0.0029958098,-0.14075005,-0.20406755,0.00055879768,0.0029958098,-0.0018979772,-0.0018979772,-,0,0.005395885,0.02277388,3.6714861e-06,0.00033142615,15,1.5,0.02,0.04,-0.05,40,40,40,40,40,10,0
1.9,0.1418824,0.21285963,-0.00049225873,-0.004551087,-0.1418824,-0.21285963,0.00049225873,0.004551087,-0.0028584784,-0.0028584784,-,0,0.0054965381,0.023000426,3.6726977e-06,0.00033152971,15,1.5,0.02,0.04,-0.05,40,40,40,40,40,10,0
1.905,0.14313413,0.22066897,-0.00036608538,-0.0097678984,-0.14313413,-0.22066897,0.00036608538,0.0097678984,-0.0084536871,-0.0084536871,-,0,0.005598975,0.0232439,3.6733678e-06,0.00033200677,15,1.5,0.02,0.04,-0.05,40,40,40,40,40,10,0
1.91,0.14433377,0.23027346,-0.00035969893,-0.014058188,-0.14433377,-0.23027346,0.00035969893,0.014058188,-0.014385152,-0.014385152,-,0,0.0057031362,0.023509029,3.6740147e-06,0.00033299493,15,1.5,0.02,0.04,-0.05,40,40,40,40,40,10,0
1.915,0.14554794,0.23998479,-0.00039592743,-0.0099277936,-0.14554794,-0.23998479,0.00039592743,0.0099277936,-0.0083202514,-0.0083202514,-,0,0.0058090572,0.023796992,3.6747985e-06,0.00033348774,15,1.5,0.02,0.04,-0.05,40,40,40,40,40,10,0
1.92,0.14635964,0.22250488,-0.00077194199,-0.0070011658,-0.14635964,-0.22250488,0.00077194199,0.0070011658,-0.010253491,-0.010253491,-,0,0.0059161629,0.024044535,3.677778e-06,0.00033373282,15,1.5,0.02,0.04,-0.05,40,40,40,40,40,10,0
1.925,0.14725533,0.21005426,-0.00097801959,-0.0043884305,-0.14725533,-0.21005426,0.00097801959,0.0043884305,-0.0099056626,-0.0099056626,-,0,0.0060245835,0.024265149,3.6825606e-06,0.00033382911,15,1.5,0.02,0.04,-0.05,40,40,40,40,40,10,0
1.93,0.14804569,0.19600304,-0.0012146292,-0.0035379407,-0.14804569,-0.19600304,0.0012146292,0.0035379407,-0.012725313,-0.012725313,-,0,0.0061341712,0.024457234,3.6899372e-06,0.0003338917,15,1.5,0.02,0.04,-0.05,40,40,40,40,40,10,0
1.935,0.14881561,0.19240656,-0.0014017806,0.0062395002,-0.14881561,-0.19240656,0.0014017806,-0.0062395002,-0.00099488421,-0.00099488421,-,0,0.0062449016,0.024642336,3.6997622e-06,0.00033408635,15,1.5,0.02,0.04,-0.05,40,40,40,40,40,10,0
1.94,0.1495672,0.17778973,-0.0015387412,0.0055606669,-0.1495672,-0.17778973,0.0015387412,-0.0055606669,-0.0046371853,-0.0046371853,-,0,0.0063567533,0.024800382,3.7116008e-06,0.00033424096,15,1.5,0.02,0.04,-0.05,40,40,40,40,40,10,0
1.945,0.15043634,0.17305163,-0.001514323,0.0061472592,-0.15043634,-0.17305163,0.001514323,-0.0061472592,-0.0035631644,-0.0035631644,-,0,0.0064699088,0.024950116,3.7230667e-06,0.0003344299,15,1.5,0.02,0.04,-0.05,40,40,40,40,40,10,0
1.95,0.15124122,0.16836677,-0.0015239491,0.0079856964,-0.15124122,-0.16836677,0.0015239491,-0.0079856964,-0.0011211963,-0.0011211963,-,0,0.0065842783,0.025091853,3.7346788e-06,0.00033474876,15,1.5,0.02,0.04,-0.05,40,40,40,40,40,10,0
1.955,0.1520294,0.16721036,-0.0015229751,0.011587377,-0.1520294,-0.16721036,0.0015229751,-0.011587377,0.004265441,0.004265441,-,0,0.006699843,0.02523165,3.746276e-06,0.0003354201,15,1.5,0.02,0.04,-0.05,40,40,40,40,40,10,0
1.96,0.15283986,0.16172382,-0.0014837658,0.0082509931,-0.15283986,-0.16172382,0.0014837658,-0.0082509931,-0.00035424818,-0.00035424818,-,0,0.0068166431,0.025362422,3.7572839e-06,0.00033576049,15,1.5,0.02,0.04,-0.05,40,40,40,40,40,10,0
1.965,0.15368311,0.16668909,-0.00141441,0.010897612,-0.15368311,-0.16668909,0.00141441,-0.010897612,0.0048714944,0.0048714944,-,0,0.0069347356,0.025501349,3.7672866e-06,0.00033635428,15,1.5,0.02,0.04,-0.05,40,40,40,40,40,10,0
1.97,0.15461177,0.16533167,-0.0012655941,0.0091061072,-0.15461177,-0.16533167,0.0012655941,-0.0091061072,0.0043807507,0.0043807507,-,0,0.0070542596,0.025638022,3.7752953e-06,0.00033676889,15,1.5,0.02,0.04,-0.05,40,40,40,40,40,10,0
1.975,0.15559193,0.17032712,-0.001079591,0.01026998,-0.15559193,-0.17032712,0.001079591,-0.01026998,0.0091360283,0.0091360283,-,0,0.0071753039,0.025783078,3.7811229e-06,0.00033729625,15,1.5,0.02,0.04,-0.05,40,40,40,40,40,10,0
1.98,0.15648533,0.17103016,-0.00098751481,0.010484047,-0.15648533,-0.17103016,0.00098751481,-0.010484047,0.010884261,0.010884261,-,0,0.0072977422,0.025929335,3.7859988e-06,0.00033784582,15,1.5,0.02,0.04,-0.05,40,40,40,40,40,10,0
1.985,0.15750567,0.17166347,-0.00078325646,0.0065222394,-0.15750567,-0.17166347,0.00078325646,-0.0065222394,0.0080511644,0.0080511644,-,0,0.0074217823,0.026076677,3.7890662e-06,0.00033805852,15,1.5,0.02,0.04,-0.05,40,40,40,40,40,10,0
1.99,0.15853189,0.17435943,-0.00060272917,0.0024051254,-0.15853189,-0.17435943,0.00060272917,-0.0024051254,0.0047117658,0.0047117658,-,0,0.0075474441,0.026228683,3.7908826e-06,0.00033808745,15,1.5,0.02,0.04,-0.05,40,40,40,40,40,10,0
1.995,0.15954484,0.18154546,-0.00046755107,0.0034358724,-0.15954484,-0.18154546,0.00046755107,-0.0034358724,0.0085932578,0.0085932578,-,0,0.0076747169,0.026393476,3.7919757e-06,0.00033814647,15,1.5,0.02,0.04,-0.05,40,40,40,40,40,10,0
2,0.16057258,0.18521436,-0.00034551597,0.0018948851,-0.16057258,-0.18521436,0.00034551597,-0.0018948851,0.0082796138,0.0082796138,-,0,0.0078036347,0.026564998,3.7925726e-06,0.00033816442,15,1.5,0.02,0.04,-0.05,40,40,40,40,40,10,0
2.005,0.16163006,0.1955061,-0.00023080647,0.0032984592,-0.16163006,-0.1955061,0.00023080647,-0.0032984592,0.012538437,0.012538437,-,0,0.0079342561,0.026756111,3.7928389e-06,0.00033821882,15,1.5,0.02,0.04,-0.05,40,40,40,40,40,10,0
2.01,0.16271402,0.20117062,-0.00013721029,-0.00098494791,-0.16271402,-0.20117062,0.00013721029,0.00098494791,0.0077655288,0.0077655288,-,0,0.0080666353,0.026958459,3.7929331e-06,0.00033822367,15,1.5,0.02,0.04,-0.05,40,40,40,40,40,10,0
2.015,0.16388834,0.21270569,-1.5051448e-05,-0.0034236065,-0.16388834,-0.21270569,1.5051448e-05,0.0034236065,0.0064248126,0.0064248126,-,0,0.0082009323,0.027184678,3.7929342e-06,0.00033828228,15,1.5,0.02,0.04,-0.05,40,40,40,40,40,10,0
2.02,0.16507317,0.21826769,5.2705559e-05,-0.010194948,-0.16507317,-0.21826769,-5.2705559e-05,0.010194948,-0.0024696677,-0.0024696677,-,0,0.008337178,0.027422882,3.7929481e-06,0.00033880196,15,1.5,0.02,0.04,-0.05,40,40,40,40,40,10,0
2.025,0.16628023,0.23018291,7.9216178e-05,-0.01122737,-0.16628023,-0.23018291,-7.9216178e-05,0.01122737,-0.003119891,-0.003119891,-,0,0.0084754236,0.027687803,3.7929795e-06,0.00033943223,15,1.5,0.02,0.04,-0.05,40,40,40,40,40,10,0
2.03,0.16754478,0.23719766,0.00011084727,-0.013043839,-0.16754478,-0.23719766,-0.00011084727,0.013043839,-0.0050642481,-0.0050642481,-,0,0.0086157799,0.027969116,3.7930409e-06,0.00034028294,15,1.5,0.02,0.04,-0.05,40,40,40,40,40,10,0
2.035,0.16865787,0.23716458,-3.7989839e-05,-0.010742843,-0.16865787,-0.23716458,3.7989839e-05,0.010742843,-0.0038243712,-0.0038243712,-,0,0.0087580072,0.028250352,3.7930481e-06,0.00034085999,15,1.5,0.02,0.04,-0.05,40,40,40,40,40,10,0
2.04,0.16958994,0.2179321,-0.00028565164,-0.01024309,-0.16958994,-0.2179321,0.00028565164,0.01024309,-0.0075403274,-0.0075403274,-,0,0.008901811,0.028487824,3.7934561e-06,0.00034138459,15,1.5,0.02,0.04,-0.05,40,40,40,40,40,10,0
2.045,0.1703799,0.20334917,-0.00058356691,-0.0073476653,-0.1703799,-0.20334917,0.00058356691,0.0073476653,-0.0082334369,-0.0082334369,-,0,0.0090469575,0.028694578,3.7951589e-06,0.00034165453,15,1.5,0.02,0.04,-0.05,40,40,40,40,40,10,0
2.05,0.17114849,0.19362403,-0.00081250695,0.0014051627,-0.17114849,-0.19362403,0.00081250695,-0.0014051627,0.0010880709,0.0010880709,-,0,0.0091934166,0.028882029,3.7984597e-06,0.0003416644,15,1.5,0.02,0.04,-0.05,40,40,40,40,40,10,0
2.055,0.17188452,0.17874423,-0.00098410202,0.0041866743,-0.17188452,-0.17874423,0.00098410202,-0.0041866743,0.0021059408,0.0021059408,-,0,0.009341138,0.029041777,3.803302e-06,0.00034175205,15,1.5,0.02,0.04,-0.05,40,40,40,40,40,10,0
2.06,0.17269317,0.17050617,-0.0010160586,0.0065246597,-0.17269317,-0.17050617,0.0010160586,-0.0065246597,0.004820221,0.004820221,-,0,0.0094902527,0.029187139,3.8084638e-06,0.0003419649,15,1.5,0.02,0.04,-0.05,40,40,40,40,40,10,0
2.065,0.17353164,0.16619263,-0.00097056748,0.011046731,-0.17353164,-0.16619263,0.00097056748,-0.011046731,0.012129923,0.012129923,-,0,0.0096408188,0.029325239,3.8131739e-06,0.00034257505,15,1.5,0.02,0.04,-0.05,40,40,40,40,40,10,0
2.07,0.17429841,0.16008132,-0.00096091244,0.011003269,-0.17429841,-0.16008132,0.00096091244,-0.011003269,0.011980438,0.011980438,-,0,0.0097927185,0.029453369,3.8177906e-06,0.00034318041,15,1.5,0.02,0.04,-0.05,40,40,40,40,40,10,0
2.075,0.17517573,0.15479646,-0.00082735003,0.0061316286,-0.17517573,-0.15479646,0.00082735003,-0.0061316286,0.0064825653,0.0064825653,-,0,0.0099461512,0.029573178,3.8212132e-06,0.0003433684,15,1.5,0.02,0.04,-0.05,40,40,40,40,40,10,0
2.08,0.1761437,0.15683914,-0.00060377178,0.0076827002,-0.1761437,-0.15683914,0.00060377178,-0.0076827002,0.012263913,0.012263913,-,0,0.010101284,0.029696171,3.8230359e-06,0.00034366352,15,1.5,0.02,0.04,-0.05,40,40,40,40,40,10,0
2.085,0.17706486,0.15644239,-0.00042198734,0.0092912816,-0.17706486,-0.15644239,0.00042198734,-0.0092912816,0.017406105,0.017406105,-,0,0.010258044,0.029818542,3.8239262e-06,0.00034409516,15,1.5,0.02,0.04,-0.05,40,40,40,40,40,10,0
2.09,0.17786748,0.15387627,-0.00036270675,0.0040645004,-0.17786748,-0.15387627,0.00036270675,-0.0040645004,0.01036855,0.01036855,-,0,0.010416228,0.029936932,3.824584e-06,0.00034417776,15,1.5,0.02,0.04,-0.05,40,40,40,40,40,10,0
2.095,0.17884275,0.15893073,-0.00015688522,0.0021859834,-0.17884275,-0.15893073,0.00015688522,-0.0021859834,0.010859781,0.010859781,-,0,0.010576152,0.030063227,3.8247071e-06,0.00034420165,15,1.5,0.02,0.04,-0.05,40,40,40,40,40,10,0
2.1,0.17980355,0.16201213,1.0123098e-05,0.0017727964,-0.17980355,-0.16201213,-1.0123098e-05,-0.0017727964,0.012887597,0.012887597,-,0,0.010737798,0.030194466,3.8247076e-06,0.00034421736,15,1.5,0.02,0.04,-0.05,40,40,40,40,40,10,0
2.105,0.18069392,0.16232484,9.5124376e-05,0.0012379447,-0.18069392,-0.16232484,-9.5124376e-05,-0.0012379447,0.013390655,0.013390655,-,0,0.01090105,0.030326213,3.8247528e-06,0.00034422503,15,1.5,0.02,0.04,-0.05,40,40,40,40,40,10,0
2.11,0.18163998,0.16081133,0.00022971157,-0.0024315318,-0.18163998,-0.16081133,-0.00022971157,0.0024315318,0.0098636288,0.0098636288,-,0,0.011066015,0.030455514,3.8250167e-06,0.00034425459,15,1.5,0.02,0.04,-0.05,40,40,40,40,40,10,0
2.115,0.18269106,0.16601138,0.00045437134,-0.00077837524,-0.18269106,-0.16601138,-0.00045437134,0.00077837524,0.015942284,0.015942284,-,0,0.011232895,0.030593313,3.8260489e-06,0.00034425762,15,1.5,0.02,0.04,-0.05,40,40,40,40,40,10,0
2.12,0.18351208,0.1670971,0.00043469974,-0.0020845068,-0.18351208,-0.1670971,-0.00043469974,0.0020845068,0.013747862,0.013747862,-,0,0.011401279,0.03073292,3.8269938e-06,0.00034427934,15,1.5,0.02,0.04,-0.05,40,40,40,40,40,10,0
2.125,0.18449807,0.17020282,0.00055315318,-0.0063393652,-0.18449807,-0.17020282,-0.00055315318,0.0063393652,0.0092863243,0.0092863243,-,0,0.011571477,0.030877765,3.8285236e-06,0.00034448028,15,1.5,0.02,0.04,-0.05,40,40,40,40,40,10,0
2.13,0.18547499,0.17850733,0.00062650139,-0.0051409439,-0.18547499,-0.17850733,-0.00062650139,0.0051409439,0.012535898,0.012535898,-,0,0.011743481,0.03103709,3.8304862e-06,0.00034461243,15,1.5,0.02,0.04,-0.05,40,40,40,40,40,10,0
2.135,0.18661468,0.18232756,0.00083208566,-0.0067697279,-0.18661468,-0.18232756,-0.00083208566,0.0067697279,0.013352089,0.013352089,-,0,0.011917607,0.031203307,3.833948e-06,0.00034484157,15,1.5,0.02,0.04,-0.05,40,40,40,40,40,10,0
2.14,0.18773286,0.18699869,0.00097909087,-0.010826508,-0.18773286,-0.18699869,-0.00097909087,0.010826508,0.009681206,0.009681206,-,0,0.012093825,0.031378149,3.8387411e-06,0.00034542764,15,1.5,0.02,0.04,-0.05,40,40,40,40,40,10,0
2.145,0.18890626,0.19458309,0.0011323592,-0.013749389,-0.18890626,-0.19458309,-0.0011323592,0.013749389,0.0079227537,0.0079227537,-,0,0.012272253,0.031567462,3.8451523e-06,0.00034637287,15,1.5,0.02,0.04,-0.05,40,40,40,40,40,10,0
2.15,0.19006982,0.19998479,0.0012263188,-0.017839136,-0.19006982,-0.19998479,-0.0012263188,0.017839136,0.0034368664,0.0034368664,-,0,0.012452885,0.031767432,3.8526716e-06,0.00034796404,15,1.5,0.02,0.04,-0.05,40,40,40,40,40,10,0
2.155,0.19127176,0.21036683,0.0013104587,-0.017203407,-0.19127176,-0.21036683,-0.0013104587,0.017203407,0.0060918788,0.0060918788,-,0,0.01263581,0.031988703,3.8612581e-06,0.00034944383,15,1.5,0.02,0.04,-0.05,40,40,40,40,40,10,0
2.16,0.19240511,0.21446269,0.0012815741,-0.021429165,-0.19240511,-0.21446269,-0.0012815741,0.021429165,-0.00049352705,-0.00049352705,-,0,0.012820908,0.032218674,3.8694702e-06,0.00035173987,15,1.5,0.02,0.04,-0.05,40,40,40,40,40,10,0
2.165,0.19353261,0.22391735,0.0011957519,-0.023462343,-0.19353261,-0.22391735,-0.0011957519,0.023462343,-0.0044298909,-0.0044298909,-,0,0.013008183,0.032469369,3.8766194e-06,0.00035449228,15,1.5,0.02,0.04,-0.05,40,40,40,40,40,10,0
2.17,0.19476048,0.23243374,0.001160826,-0.023787356,-0.19476048,-0.23243374,-0.001160826,0.023787356,-0.0050760842,-0.0050760842,-,0,0.013197841,0.032739496,3.8833569e-06,0.00035732147,15,1.5,0.02,0.04,-0.05,40,40,40,40,40,10,0
2.175,0.19593496,0.24022202,0.0010310488,-0.023931442,-0.19593496,-0.24022202,-0.0010310488,0.023931442,-0.0069038512,-0.0069038512,-,0,0.013389793,0.033028029,3.8886722e-06,0.00036018504,15,1.5,0.02,0.04,-0.05,40,40,40,40,40,10,0
2.18,0.19712074,0.24609,0.00086923843,-0.027226651,-0.19712074,-0.24609,-0.00086923843,0.027226651,-0.014015385,-0.014015385,-,0,0.013584076,0.03333083,3.8924501e-06,0.00036389149,15,1.5,0.02,0.04,-0.05,40,40,40,40,40,10,0
2.185,0.19837655,0.254337,0.00073007129,-0.028676095,-0.19837655,-0.254337,-0.00073007129,0.028676095,-0.017922061,-0.017922061,-,0,0.013780843,0.033654267,3.8951151e-06,0.00036800309,15,1.5,0.02,0.04,-0.05,40,40,40,40,40,10,0
2.19,0.19951348,0.24835749,0.00045054491,-0.029231371,-0.19951348,-0.24835749,-0.00045054491,0.029231371,-0.023164314,-0.023164314,-,0,0.013979871,0.033962674,3.8961301e-06,0.00037227545,15,1.5,0.02,0.04,-0.05,40,40,40,40,40,10,0
2.195,0.20040048,0.23255963,2.1936593e-05,-0.021138706,-0.20040048,-0.23255963,-2.1936593e-05,0.021138706,-0.018068615,-0.018068615,-,0,0.014180673,0.034233094,3.8961325e-06,0.00037450968,15,1.5,0.02,0.04,-0.05,40,40,40,40,40,10,0
2.2,0.20110355,0.21246971,-0.00046596525,-0.015587835,-0.20110355,-0.21246971,0.00046596525,0.015587835,-0.017850371,-0.017850371,-,0,0.014382886,0.034458811,3.8972181e-06,0.00037572458,15,1.5,0.02,0.04,-0.05,40,40,40,40,40,10,0
2.205,0.20184427,0.19610565,-0.00080210416,-0.010992349,-0.20184427,-0.19610565,0.00080210416,0.010992349,-0.016638975,-0.016638975,-,0,0.014586591,0.034651098,3.900435e-06,0.00037632874,15,1.5,0.02,0.04,-0.05,40,40,40,40,40,10,0
2.21,0.2024399,0.17903642,-0.0011829462,-0.0085598956,-0.2024399,-0.17903642,0.0011829462,0.0085598956,-0.019373782,-0.019373782,-,0,0.014791501,0.034811368,3.9074318e-06,0.0003766951,15,1.5,0.02,0.04,-0.05,40,40,40,40,40,10,0
2.215,0.20315806,0.16720693,-0.0013497395,-0.002865895,-0.20315806,-0.16720693,0.0013497395,0.002865895,-0.013793497,-0.013793497,-,0,0.014997867,0.034951159,3.9165408e-06,0.00037673616,15,1.5,0.02,0.04,-0.05,40,40,40,40,40,10,0
2.22,0.20370658,0.15594614,-0.0015966954,0.0040294875,-0.20370658,-0.15594614,0.0015966954,-0.0040294875,-0.0075942225,-0.0075942225,-,0,0.015205349,0.035072755,3.9292879e-06,0.00037681735,15,1.5,0.02,0.04,-0.05,40,40,40,40,40,10,0
2.225,0.20439402,0.14578976,-0.0016276419,0.0074757367,-0.20439402,-0.14578976,0.0016276419,-0.0074757367,-0.003281553,-0.003281553,-,0,0.015414233,0.035179028,3.942534e-06,0.00037709678,15,1.5,0.02,0.04,-0.05,40,40,40,40,40,10,0
2.23,0.20501705,0.13816013,-0.0016696268,0.0085798435,-0.20501705,-0.13816013,0.0016696268,-0.0085798435,-0.0025478911,-0.0025478911,-,0,0.015624393,0.035274469,3.9564723e-06,0.00037746485,15,1.5,0.02,0.04,-0.05,40,40,40,40,40,10,0
2.235,0.20566344,0.13397782,-0.0016554398,0.0095132078,-0.20566344,-0.13397782,0.0016554398,-0.0095132078,-0.0010894039,-0.0010894039,-,0,0.01583588,0.03536422,3.9701747e-06,0.00037791735,15,1.5,0.02,0.04,-0.05,40,40,40,40,40,10,0
2.24,0.20633564,0.1291519,-0.0015938217,0.008491815,-0.20633564,-0.1291519,0.0015938217,-0.008491815,-0.001876814,-0.001876814,-,0,0.016048752,0.035447621,3.9828761e-06,0.00037827791,15,1.5,0.02,0.04,-0.05,40,40,40,40,40,10,0
2.245,0.20702943,0.12824457,-0.0014968418,0.0096391866,-0.20702943,-0.12824457,0.0014968418,-0.0096391866,0.0012765238,0.0012765238,-,0,0.016263058,0.035529854,3.9940787e-06,0.00037874248,15,1.5,0.02,0.04,-0.05,40,40,40,40,40,10,0
2.25,0.20770064,0.12461607,-0.0014130972,0.0077569293,-0.20770064,-0.12461607,0.0014130972,-0.0077569293,-0.00042240846,-0.00042240846,-,0,0.016478756,0.0356075,4.0040629e-06,0.00037904333,15,1.5,0.02,0.04,-0.05,40,40,40,40,40,10,0
2.255,0.20832682,0.12505955,-0.0013740669,0.0071417562,-0.20832682,-0.12505955,0.0013740669,-0.0071417562,-0.00072945101,-0.00072945101,-,0,0.016695756,0.035685699,4.0135032e-06,0.00037929835,15,1.5,0.02,0.04,-0.05,40,40,40,40,40,10,0
2.26,0.20901946,0.12812759,-0.001273045,0.0094279837,-0.20901946,-0.12812759,0.001273045,-0.0094279837,0.0043517938,0.0043517938,-,0,0.016914202,0.035767783,4.0216065e-06,0.00037974279,15,1.5,0.02,0.04,-0.05,40,40,40,40,40,10,0
2.265,0.20971243,0.12803377,-0.001177426,0.0079394476,-0.20971243,-0.12803377,0.001177426,-0.0079394476,0.0035633805,0.0035633805,-,0,0.017134099,0.035849746,4.0285381e-06,0.00038005796,15,1.5,0.02,0.04,-0.05,40,40,40,40,40,10,0
2.27,0.2105277,0.13355806,-0.00097863199,0.0080206977,-0.2105277,-0.13355806,0.00097863199,-0.0080206977,0.0069044431,0.0069044431,-,0,0.017355708,0.035938935,4.0333267e-06,0.00038037962,15,1.5,0.02,0.04,-0.05,40,40,40,40,40,10,0
2.275,0.21133906,0.13792894,-0.00081197603,0.0066040184,-0.21133906,-0.13792894,0.00081197603,-0.0066040184,0.0074703259,0.0074703259,-,0,0.017579029,0.036034057,4.0366233e-06,0.00038059768,15,1.5,0.02,0.04,-0.05,40,40,40,40,40,10,0
2.28,0.21218918,0.14434712,-0.00064449527,0.0042301097,-0.21218918,-0.14434712,0.00064449527,-0.0042301097,0.0066954037,0.0066954037,-,0,0.01780415,0.036138237,4.0387001e-06,0.00038068715,15,1.5,0.02,0.04,-0.05,40,40,40,40,40,10,0
2.285,0.21303303,0.14974396,-0.00053108517,-0.00045370279,-0.21303303,-0.14974396,0.00053108517,0.00045370279,0.0016035874,0.0016035874,-,0,0.018031066,0.036250354,4.0401104e-06,0.00038068818,15,1.5,0.02,0.04,-0.05,40,40,40,40,40,10,0
2.29,0.21403275,0.15816041,-0.00031367291,-0.0026108481,-0.21403275,-0.15816041,0.00031367291,0.0026108481,0.0019857057,0.0019857057,-,0,0.018260116,0.036375427,4.0406023e-06,0.00038072226,15,1.5,0.02,0.04,-0.05,40,40,40,40,40,10,0
2.295,0.21492744,0.16694319,-0.00024755193,-0.0022087093,-0.21492744,-0.16694319,0.00024755193,0.0022087093,0.0039499336,0.0039499336,-,0,0.018491085,0.036514777,4.0409087e-06,0.00038074666,15,1.5,0.02,0.04,-0.05,40,40,40,40,40,10,0
2.3,0.21581913,0.16704411,-0.0002273409,-0.0098204395,-0.21581913,-0.16704411,0.0002273409,0.0098204395,-0.0071426257,-0.0071426257,-,0,0.018723974,0.036654296,4.0411672e-06,0.00038122886,15,1.5,0.02,0.04,-0.05,40,40,40,40,40,10,0
2.305,0.2168294,0.17665075,-0.00012190924,-0.0072077697,-0.2168294,-0.17665075,0.00012190924,0.0072077697,-0.0012376752,-0.0012376752,-,0,0.018959049,0.036810323,4.0412415e-06,0.00038148862,15,1.5,0.02,0.04,-0.05,40,40,40,40,40,10,0
2.31,0.21762061,0.17442698,-0.00025286699,-0.01054761,-0.21762061,-0.17442698,0.00025286699,0.01054761,-0.0082849281,-0.0082849281,-,0,0.019195843,0.036962447,4.0415612e-06,0.00038204488,15,1.5,0.02,0.04,-0.05,40,40,40,40,40,10,0
2.315,0.21863162,0.18103578,-0.00018442636,-0.0099974341,-0.21863162,-0.18103578,0.00018442636,0.0099974341,-0.0061484831,-0.0061484831,-,0,0.019434842,0.037126317,4.0417312e-06,0.00038254463,15,1.5,0.02,0.04,-0.05,40,40,40,40,40,10,0
2.32,0.21948081,0.18421509,-0.00029829723,-0.0096140925,-0.21948081,-0.18421509,0.00029829723,0.0096140925,-0.0071373774,-0.0071373774,-,0,0.019675701,0.037295993,4.0421762e-06,0.00038300678,15,1.5,0.02,0.04,-0.05,40,40,40,40,40,10,0
2.325,0.22040795,0.18657285,-0.00035598332,-0.012649792,-0.22040795,-0.18657285,0.00035598332,0.012649792,-0.012443364,-0.012443364,-,0,0.019918599,0.03747004,4.0428098e-06,0.00038380687,15,1.5,0.02,0.04,-0.05,40,40,40,40,40,10,0
2.33,0.22127918,0.19428705,-0.00049845358,-0.010969955,-0.22127918,-0.19428705,0.00049845358,0.010969955,-0.011734671,-0.011734671,-,0,0.020163422,0.037658777,4.0440521e-06,0.00038440857,15,1.5,0.02,0.04,-0.05,40,40,40,40,40,10,0
2.335,0.22218606,0.1985341,-0.00062922715,-0.01068805,-0.22218606,-0.1985341,0.00062922715,0.01068805,-0.013085397,-0.013085397,-,0,0.020410255,0.037855856,4.0460317e-06,0.00038497974,15,1.5,0.02,0.04,-0.05,40,40,40,40,40,10,0
2.34,0.22320031,0.20155813,-0.00067778698,-0.013411176,-0.22320031,-0.20155813,0.00067778698,0.013411176,-0.017757237,-0.017757237,-,0,0.020659347,0.038058985,4.0483287e-06,0.00038587904,15,1.5,0.02,0.04,-0.05,40,40,40,40,40,10,0
2.345,0.2241392,0.19909309,-0.00081332146,-0.0097908082,-0.2241392,-0.19909309,0.00081332146,0.0097908082,-0.014439527,-0.014439527,-,0,0.020910539,0.038257175,4.0516361e-06,0.00038635834,15,1.5,0.02,0.04,-0.05,40,40,40,40,40,10,0
2.35,0.22470859,0.17924098,-0.0012110937,-0.0040561956,-0.22470859,-0.17924098,0.0012110937,0.0040561956,-0.012586888,-0.012586888,-,0,0.021163009,0.038417812,4.0589699e-06,0.0003864406,15,1.5,0.02,0.04,-0.05,40,40,40,40,40,10,0
2.355,0.22538257,0.16093357,-0.0013862661,-7.0496771e-05,-0.22538257,-0.16093357,0.0013862661,7.0496771e-05,-0.0099547423,-0.0099547423,-,0,0.021416995,0.03854731,4.0685785e-06,0.00038644062,15,1.5,0.02,0.04,-0.05,40,40,40,40,40,10,0
2.36,0.22592648,0.14312388,-0.0015868032,0.0021793242,-0.22592648,-0.14312388,0.0015868032,-0.0021793242,-0.010289577,-0.010289577,-,0,0.021672209,0.038649732,4.0811683e-06,0.00038646437,15,1.5,0.02,0.04,-0.05,40,40,40,40,40,10,0
2.365,0.22638751,0.13214861,-0.0017778048,0.008650069,-0.22638751,-0.13214861,0.0017778048,-0.008650069,-0.0038782744,-0.0038782744,-,0,0.021928465,0.038737048,4.0969712e-06,0.00038683849,15,1.5,0.02,0.04,-0.05,40,40,40,40,40,10,0
2.37,0.22684151,0.11925803,-0.001890516,0.012580693,-0.22684151,-0.11925803,0.001890516,-0.012580693,-0.00017954938,-0.00017954938,-,0,0.022185751,0.038808161,4.1148415e-06,0.00038762986,15,1.5,0.02,0.04,-0.05,40,40,40,40,40,10,0
2.375,0.22733458,0.11294874,-0.0018945469,0.018273686,-0.22733458,-0.11294874,0.0018945469,-0.018273686,0.0080569664,0.0080569664,-,0,0.022444156,0.038871948,4.132788e-06,0.0003892995,15,1.5,0.02,0.04,-0.05,40,40,40,40,40,10,0
2.38,0.22779729,0.099014256,-0.0018780182,0.013318863,-0.22779729,-0.099014256,0.0018780182,-0.013318863,0.00032453805,0.00032453805,-,0,0.022703614,0.038920967,4.1504228e-06,0.00039018646,15,1.5,0.02,0.04,-0.05,40,40,40,40,40,10,0
2.385,0.22825321,0.09709238,-0.0018409624,0.014520606,-0.22825321,-0.09709238,0.0018409624,-0.014520606,0.0026152322,0.0026152322,-,0,0.022964112,0.038968102,4.1673685e-06,0.0003912407,15,1.5,0.02,0.04,-0.05,40,40,40,40,40,10,0
2.39,0.22878186,0.093324088,-0.0017025946,0.018199117,-0.22878186,-0.093324088,0.0017025946,-0.018199117,0.010068356,0.010068356,-,0,0.023225817,0.039011648,4.1818626e-06,0.00039289674,15,1.5,0.02,0.04,-0.05,40,40,40,40,40,10,0
2.395,0.22928998,0.088106191,-0.0015535755,0.018418812,-0.22928998,-0.088106191,0.0015535755,-0.018418812,0.012434633,0.012434633,-,0,0.023488687,0.039050462,4.1939306e-06,0.000394593,15,1.5,0.02,0.04,-0.05,40,40,40,40,40,10,0
2.4,0.22981271,0.08668299,-0.0013785478,0.017173293,-0.22981271,-0.08668299,0.0013785478,-0.017173293,0.013145296,0.013145296,-,0,0.023752756,0.039088032,4.2034326e-06,0.00039606761,15,1.5,0.02,0.04,-0.05,40,40,40,40,40,10,0
2.405,0.23036509,0.087728895,-0.0011790307,0.016376509,-0.23036509,-0.087728895,0.0011790307,-0.016376509,0.014995761,0.014995761,-,0,0.024018096,0.039126513,4.2103831e-06,0.00039740856,15,1.5,0.02,0.04,-0.05,40,40,40,40,40,10,0
2.41,0.2309687,0.089178679,-0.00094042482,0.015008439,-0.2309687,-0.089178679,0.00094042482,-0.015008439,0.016592808,0.016592808,-,0,0.024284829,0.039166278,4.2148051e-06,0.00039853483,15,1.5,0.02,0.04,-0.05,40,40,40,40,40,10,0
2.415,0.23163524,0.091611088,-0.00065811782,0.012908903,-0.23163524,-0.091611088,0.00065811782,-0.012908903,0.017788736,0.017788736,-,0,0.024553104,0.039208241,4.2169707e-06,0.00039936802,15,1.5,0.02,0.04,-0.05,40,40,40,40,40,10,0
2.42,0.23223792,0.089074302,-0.00045197154,0.0093116578,-0.23223792,-0.089074302,0.00045197154,-0.0093116578,0.015395644,0.015395644,-,0,0.024822776,0.039247912,4.2179921e-06,0.00039980156,15,1.5,0.02,0.04,-0.05,40,40,40,40,40,10,0
2.425,0.23292476,0.092955453,-0.00017076626,0.010840987,-0.23292476,-0.092955453,0.00017076626,-0.010840987,0.0220767,0.0220767,-,0,0.025094046,0.039291115,4.2181379e-06,0.00040038919,15,1.5,0.02,0.04,-0.05,40,40,40,40,40,10,0
2.43,0.23346863,0.090658684,-4.1449721e-05,0.0071417921,-0.23346863,-0.090658684,4.1449721e-05,-0.0071417921,0.018386662,0.018386662,-,0,0.025366584,0.03933221,4.2181465e-06,0.00040064422,15,1.5,0.02,0.04,-0.05,40,40,40,40,40,10,0
2.435,0.23414938,0.099235469,0.00020325635,0.0094878514,-0.23414938,-0.099235469,-0.00020325635,-0.0094878514,0.025933029,0.025933029,-,0,0.025640713,0.039381449,4.2183531e-06,0.00040109432,15,1.5,0.02,0.04,-0.05,40,40,40,40,40,10,0
2.44,0.23483247,0.10087257,0.00042437763,0.0066315182,-0.23483247,-0.10087257,-0.00042437763,-0.0066315182,0.025044494,0.025044494,-,0,0.025916445,0.039432325,4.2192536e-06,0.0004013142,15,1.5,0.02,0.04,-0.05,40,40,40,40,40,10,0
2.445,0.23560757,0.10923194,0.00069875532,0.0050637977,-0.23560757,-0.10923194,-0.00069875532,-0.0050637977,0.027158455,0.027158455,-,0,0.026193999,0.039491983,4.2216949e-06,0.00040144241,15,1.5,0.02,0.04,-0.05,40,40,40,40,40,10,0
2.45,0.23647553,0.11312291,0.0010160204,-0.0010929367,-0.23647553,-0.11312291,-0.0010160204,0.0010929367,0.022855327,0.022855327,-,0,0.026473603,0.039555967,4.2268563e-06,0.00040144839,15,1.5,0.02,0.04,-0.05,40,40,40,40,40,10,0
2.455,0.2373952,0.11765997,0.0013285167,-0.0086887408,-0.2373952,-0.11765997,-0.0013285167,0.0086887408,0.016348942,0.016348942,-,0,0.026755385,0.039625186,4.2356811e-06,0.00040182586,15,1.5,0.02,0.04,-0.05,40,40,40,40,40,10,0
2.46,0.23831744,0.126663,0.0015887474,-0.0098872812,-0.23831744,-0.126663,-0.0015887474,0.0098872812,0.018833158,0.018833158,-,0,0.027039361,0.039705404,4.2483017e-06,0.00040231465,15,1.5,0.02,0.04,-0.05,40,40,40,40,40,10,0
2.465,0.23909955,0.13332954,0.0016676819,-0.010145098,-0.23909955,-0.13332954,-0.0016676819,0.010145098,0.019912753,0.019912753,-,0,0.027325204,0.039794288,4.2622075e-06,0.00040282926,15,1.5,0.02,0.04,-0.05,40,40,40,40,40,10,0
2.47,0.23998545,0.13949661,0.0018083618,-0.013381977,-0.23998545,-0.13949661,-0.0018083618,0.013381977,0.017432035,0.017432035,-,0,0.027613169,0.039891584,4.2785584e-06,0.00040372465,15,1.5,0.02,0.04,-0.05,40,40,40,40,40,10,0
2.475,0.24086221,0.14570483,0.001888002,-0.018214637,-0.24086221,-0.14570483,-0.001888002,0.018214637,0.011643511,0.011643511,-,0,0.027903242,0.039997734,4.2963811e-06,0.00040538351,15,1.5,0.02,0.04,-0.05,40,40,40,40,40,10,0
2.48,0.24171465,0.1541657,0.0018898436,-0.020227467,-0.24171465,-0.1541657,-0.0018898436,0.020227467,0.0090073748,0.0090073748,-,0,0.028195372,0.040116569,4.3142387e-06,0.00040742927,15,1.5,0.02,0.04,-0.05,40,40,40,40,40,10,0
2.485,0.24270047,0.16050589,0.0019805526,-0.021747502,-0.24270047,-0.16050589,-0.0019805526,0.021747502,0.0083612822,0.0083612822,-,0,0.02848989,0.04024538,4.3338516e-06,0.00040979404,15,1.5,0.02,0.04,-0.05,40,40,40,40,40,10,0
2.49,0.2436989,0.16403053,0.0020462765,-0.025518665,-0.2436989,-0.16403053,-0.0020462765,0.025518665,0.0038513499,0.0038513499,-,0,0.028786835,0.04037991,4.3547879e-06,0.00041305005,15,1.5,0.02,0.04,-0.05,40,40,40,40,40,10,0
2.495,0.24460319,0.16998087,0.0019791777,-0.027606078,-0.24460319,-0.16998087,-0.0019791777,0.027606078,-3.0152983e-05,-3.0152983e-05,-,0,0.029085989,0.040524377,4.3743736e-06,0.00041686052,15,1.5,0.02,0.04,-0.05,40,40,40,40,40,10,0
2.5,0.24550856,0.1727273,0.0018780011,-0.031226222,-0.24550856,-0.1727273,-0.0018780011,0.031226222,-0.0068500531,-0.0068500531,-,0,0.029387361,0.040673551,4.392008e-06,0.00042173591,15,1.5,0.02,0.04,-0.05,40,40,40,40,40,10,0
2.505,0.24646702,0.17813233,0.001801799,-0.030952506,-0.24646702,-0.17813233,-0.001801799,0.030952506,-0.0073471411,-0.0073471411,-,0,0.029691091,0.040832207,4.4082404e-06,0.0004265262,15,1.5,0.02,0.04,-0.05,40,40,40,40,40,10,0
2.51,0.24729798,0.178979,0.0015816732,-0.032161934,-0.24729798,-0.178979,-0.0015816732,0.032161934,-0.012412684,-0.012412684,-,0,0.029996873,0.040992374,4.4207489e-06,0.00043169815,15,1.5,0.02,0.04,-0.05,40,40,40,40,40,10,0
2.515,0.24814342,0.18006786,0.001362875,-0.034088775,-0.24814342,-0.18006786,-0.001362875,0.034088775,-0.018524455,-0.018524455,-,0,0.030304748,0.041154496,4.430036e-06,0.00043750837,15,1.5,0.02,0.04,-0.05,40,40,40,40,40,10,0
2.52,0.24887484,0.18280216,0.0010207669,-0.032441348,-0.24887484,-0.18280216,-0.0010207669,0.032441348,-0.021060936,-0.021060936,-,0,0.030614442,0.041321579,4.4352459e-06,0.00044277058,15,1.5,0.02,0.04,-0.05,40,40,40,40,40,10,0
2.525,0.24956091,0.18101301,0.00063563803,-0.032730887,-0.24956091,-0.18101301,-0.00063563803,0.032730887,-0.027330021,-0.027330021,-,0,0.030925845,0.041485408,4.437266e-06,0.00044812713,15,1.5,0.02,0.04,-0.05,40,40,40,40,40,10,0
2.53,0.25031604,0.18377258,0.00032802516,-0.028153132,-0.25031604,-0.18377258,-0.00032802516,0.028153132,-0.024952097,-0.024952097,-,0,0.031239136,0.04165427,4.437804e-06,0.00045209012,15,1.5,0.02,0.04,-0.05,40,40,40,40,40,10,0
2.535,0.25103014,0.18007771,-3.4352398e-06,-0.027328675,-0.25103014,-0.18007771,3.4352398e-06,0.027328675,-0.02882083,-0.02882083,-,0,0.031554216,0.04181641,4.4378041e-06,0.00045582441,15,1.5,0.02,0.04,-0.05,40,40,40,40,40,10,0
2.54,0.25172353,0.18040061,-0.00034135429,-0.025263225,-0.25172353,-0.18040061,0.00034135429,0.025263225,-0.030764657,-0.030764657,-,0,0.03187104,0.041979132,4.4383867e-06,0.00045901556,15,1.5,0.02,0.04,-0.05,40,40,40,40,40,10,0
2.545,0.25245725,0.17688437,-0.00062660459,-0.025832602,-0.25245725,-0.17688437,0.00062660459,0.025832602,-0.036023452,-0.036023452,-,0,0.032189713,0.042135572,4.4403499e-06,0.00046235218,15,1.5,0.02,0.04,-0.05,40,40,40,40,40,10,0
2.55,0.25275365,0.15236486,-0.0012433363,-0.017173998,-0.25275365,-0.15236486,0.0012433363,0.017173998,-0.033261374,-0.033261374,-,0,0.032509135,0.042251647,4.4480793e-06,0.00046382691,15,1.5,0.02,0.04,-0.05,40,40,40,40,40,10,0
2.555,0.25296876,0.12468227,-0.0017698251,-0.0096208492,-0.25296876,-0.12468227,0.0017698251,0.0096208492,-0.030931984,-0.030931984,-,0,0.032829101,0.042329376,4.4637407e-06,0.00046428971,15,1.5,0.02,0.04,-0.05,40,40,40,40,40,10,0
2.56,0.25302256,0.10204939,-0.0022893606,0.0003738542,-0.25302256,-0.10204939,0.0022893606,-0.0003738542,-0.024637201,-0.024637201,-,0,0.033149203,0.042381446,4.4899466e-06,0.00046429041,15,1.5,0.02,0.04,-0.05,40,40,40,40,40,10,0
2.565,0.25300328,0.075903121,-0.0027253466,0.0047094463,-0.25300328,-0.075903121,0.0027253466,-0.0047094463,-0.025719839,-0.025719839,-,0,0.033469257,0.042410252,4.5270841e-06,0.0004644013,15,1.5,0.02,0.04,-0.05,40,40,40,40,40,10,0
2.57,0.25295029,0.057487007,-0.0030561721,0.012281652,-0.25295029,-0.057487007,0.0030561721,-0.012281652,-0.020061618,-0.020061618,-,0,0.033789176,0.042426776,4.5737851e-06,0.0004651555,15,1.5,0.02,0.04,-0.05,40,40,40,40,40,10,0
2.575,0.2528481,0.039201344,-0.0033052717,0.020333494,-0.2528481,-0.039201344,0.0033052717,-0.020333494,-0.012453819,-0.012453819,-,0,0.034108837,0.04243446,4.6284092e-06,0.00046722275,15,1.5,0.02,0.04,-0.05,40,40,40,40,40,10,0
2.58,0.25259915,0.019449208,-0.0035808585,0.023130967,-0.25259915,-0.019449208,0.0035808585,-0.023130967,-0.013186474,-0.013186474,-,0,0.034427868,0.042436351,4.6925219e-06,0.00046989796,15,1.5,0.02,0.04,-0.05,40,40,40,40,40,10,0
2.585,0.25248213,0.0069373307,-0.0036265107,0.028271114,-0.25248213,-0.0069373307,0.0036265107,-0.028271114,-0.0066638532,-0.0066638532,-,0,0.034746605,0.042436592,4.7582798e-06,0.00047389424,15,1.5,0.02,0.04,-0.05,40,40,40,40,40,10,0
2.59,0.25229197,-0.0063685421,-0.0036555563,0.033128176,-0.25229197,0.0063685421,0.0036555563,-0.033128176,-0.00034998276,-0.00034998276,-,0,0.035064861,0.042436795,4.8250953e-06,0.00047938162,15,1.5,0.02,0.04,-0.05,40,40,40,40,40,10,0
2.595,0.25207137,-0.019177124,-0.0036362609,0.034483264,-0.25207137,0.019177124,0.0036362609,-0.034483264,0.0014553256,0.0014553256,-,0,0.035382561,0.042438633,4.8912072e-06,0.0004853271,15,1.5,0.02,0.04,-0.05,40,40,40,40,40,10,0
2.6,0.2519886,-0.025475826,-0.0034196867,0.038565351,-0.2519886,0.025475826,0.0034196867,-0.038565351,0.010573465,0.010573465,-,0,0.035700052,0.042441879,4.9496785e-06,0.00049276353,15,1.5,0.02,0.04,-0.05,40,40,40,40,40,10,0
2.605,0.2518777,-0.036350871,-0.0031819318,0.037218326,-0.2518777,0.036350871,0.0031819318,-0.037218326,0.011682031,0.011682031,-,0,0.036017264,0.042448485,5.000302e-06,0.00049968955,15,1.5,0.02,0.04,-0.05,40,40,40,40,40,10,0
2.61,0.25182731,-0.042380633,-0.0028523779,0.035269018,-0.25182731,0.042380633,0.0028523779,-0.035269018,0.013459179,0.013459179,-,0,0.036334349,0.042457466,5.0409823e-06,0.00050590907,15,1.5,0.02,0.04,-0.05,40,40,40,40,40,10,0
2.615,0.25173659,-0.043752474,-0.00254374,0.037652485,-0.25173659,0.043752474,0.00254374,-0.037652485,0.02160726,0.02160726,-,0,0.036651205,0.042467037,5.0733353e-06,0.00051299762,15,1.5,0.02,0.04,-0.05,40,40,40,40,40,10,0
2.62,0.25161709,-0.047746033,-0.0022472966,0.036688488,-0.25161709,0.047746033,0.0022472966,-0.036688488,0.024445784,0.024445784,-,0,0.036967761,0.042478436,5.0985871e-06,0.00051972784,15,1.5,0.02,0.04,-0.05,40,40,40,40,40,10,0
2.625,0.25167386,-0.044624429,-0.0017737035,0.038082335,-0.25167386,0.044624429,0.0017737035,-0.038082335,0.03376645,0.03376645,-,0,0.03728446,0.042488393,5.1143172e-06,0.00052697916,15,1.5,0.02,0.04,-0.05,40,40,40,40,40,10,0
2.63,0.25175495,-0.044716719,-0.0012885811,0.034877393,-0.25175495,0.044716719,0.0012885811,-0.034877393,0.036233802,0.036233802,-,0,0.037601363,0.042498391,5.1226194e-06,0.00053306133,15,1.5,0.02,0.04,-0.05,40,40,40,40,40,10,0
2.635,0.25188167,-0.042655568,-0.00078995627,0.028304199,-0.25188167,0.042655568,0.00078995627,-0.028304199,0.033938365,0.033938365,-,0,0.037918584,0.042507488,5.1257395e-06,0.00053706696,15,1.5,0.02,0.04,-0.05,40,40,40,40,40,10,0
2.64,0.25205392,-0.031527594,-0.00029255384,0.029592087,-0.25205392,0.031527594,0.00029255384,-0.029592087,0.043779797,0.043779797,-,0,0.03823624,0.042512458,5.1261675e-06,0.00054144542,15,1.5,0.02,0.04,-0.05,40,40,40,40,40,10,0
2.645,0.25227464,-0.030191573,0.00020943956,0.022860977,-0.25227464,0.030191573,-0.00020943956,-0.022860977,0.041270889,0.041270889,-,0,0.038554453,0.042517016,5.1263868e-06,0.00054405854,15,1.5,0.02,0.04,-0.05,40,40,40,40,40,10,0
2.65,0.25255645,-0.021588018,0.00071425407,0.017408969,-0.25255645,0.021588018,-0.00071425407,-0.017408969,0.041014873,0.041014873,-,0,0.038873377,0.042519346,5.1289376e-06,0.0005455739,15,1.5,0.02,0.04,-0.05,40,40,40,40,40,10,0
2.655,0.25290568,-0.016912502,0.0012216216,0.0098231951,-0.25290568,0.016912502,-0.0012216216,-0.0098231951,0.037440731,0.037440731,-,0,0.039193183,0.042520776,5.1363994e-06,0.00054605638,15,1.5,0.02,0.04,-0.05,40,40,40,40,40,10,0
2.66,0.25329518,-0.0056115676,0.0017088569,0.0091592784,-0.25329518,0.0056115676,-0.0017088569,-0.0091592784,0.044213212,0.044213212,-,0,0.039513975,0.042520933,5.1510003e-06,0.00054647584,15,1.5,0.02,0.04,-0.05,40,40,40,40,40,10,0
2.665,0.25350021,-0.0019539759,0.0019588692,0.0031967911,-0.25350021,0.0019539759,-0.0019588692,-0.0031967911,0.03917007,0.03917007,-,0,0.039835287,0.042520953,5.1701862e-06,0.00054652694,15,1.5,0.02,0.04,-0.05,40,40,40,40,40,10,0
2.67,0.25398498,0.0051671636,0.0024276746,-0.0035885121,-0.25398498,-0.0051671636,-0.0024276746,0.0035885121,0.036318736,0.036318736,-,0,0.040157829,0.042521086,5.1996542e-06,0.00054659133,15,1.5,0.02,0.04,-0.05,40,40,40,40,40,10,0
2.675,0.25446659,0.013107887,0.002833288,-0.0063973462,-0.25446659,-0.013107887,-0.002833288,0.0063973462,0.038516948,0.038516948,-,0,0.040481595,0.042521945,5.2397918e-06,0.00054679596,15,1.5,0.02,0.04,-0.05,40,40,40,40,40,10,0
2.68,0.25493017,0.019836154,0.0031722701,-0.0087122803,-0.25493017,-0.019836154,-0.0031722701,0.0087122803,0.040407681,0.040407681,-,0,0.040806542,0.042523912,5.2901083e-06,0.00054717548,15,1.5,0.02,0.04,-0.05,40,40,40,40,40,10,0
2.685,0.25547365,0.025744334,0.0035412976,-0.013399101,-0.25547365,-0.025744334,-0.0035412976,0.013399101,0.03916006,0.03916006,-,0,0.041132876,0.042527226,5.3528122e-06,0.00054807316,15,1.5,0.02,0.04,-0.05,40,40,40,40,40,10,0
2.69,0.25596953,0.033060515,0.0038055378,-0.018088743,-0.25596953,-0.033060515,-0.0038055378,0.018088743,0.036391764,0.036391764,-,0,0.041460478,0.042532691,5.4252228e-06,0.00054970917,15,1.5,0.02,0.04,-0.05,40,40,40,40,40,10,0
2.695,0.25640954,0.035517897,0.0039554656,-0.027114426,-0.25640954,-0.035517897,-0.0039554656,0.027114426,0.025209252,0.025209252,-,0,0.041789207,0.042538999,5.5034514e-06,0.00055338513,15,1.5,0.02,0.04,-0.05,40,40,40,40,40,10,0
2.7,0.2569173,0.042933733,0.0041200481,-0.029751579,-0.2569173,-0.042933733,-0.0041200481,0.029751579,0.024029049,0.024029049,-,0,0.04211924,0.042548215,5.5883254e-06,0.00055781091,15,1.5,0.02,0.04,-0.05,40,40,40,40,40,10,0
2.705,0.25728465,0.046506004,0.0041141628,-0.029501763,-0.25728465,-0.046506004,-0.0041141628,0.029501763,0.024465731,0.024465731,-,0,0.042450217,0.042559029,5.672957e-06,0.00056216268,15,1.5,0.02,0.04,-0.05,40,40,40,40,40,10,0
2.71,0.25774049,0.046677143,0.0041812198,-0.032299983,-0.25774049,-0.046677143,-0.0041812198,0.032299983,0.021290218,0.021290218,-,0,0.042782368,0.042569923,5.76037e-06,0.00056737913,15,1.5,0.02,0.04,-0.05,40,40,40,40,40,10,0
2.715,0.25817674,0.049611857,0.0042117824,-0.033022013,-0.25817674,-0.049611857,-0.0042117824,0.033022013,0.020791725,0.020791725,-,0,0.043115644,0.04258223,5.8490656e-06,0.00057283139,15,1.5,0.02,0.04,-0.05,40,40,40,40,40,10,0
2.72,0.2585668,0.047996062,0.0041826517,-0.036700371,-0.2585668,-0.047996062,-0.0041826517,0.036700371,0.014780398,0.014780398,-,0,0.043449928,0.042593748,5.9365385e-06,0.00057956598,15,1.5,0.02,0.04,-0.05,40,40,40,40,40,10,0
2.725,0.25890929,0.048990261,0.0040952972,-0.037885077,-0.25890929,-0.048990261,-0.0040952972,0.037885077,0.011739638,0.011739638,-,0,0.043785098,0.042605748,6.0203958e-06,0.00058674237,15,1.5,0.02,0.04,-0.05,40,40,40,40,40,10,0
2.73,0.25923804,0.045837386,0.0039934577,-0.039834309,-0.25923804,-0.045837386,-0.0039934577,0.039834309,0.007168659,0.007168659,-,0,0.04412112,0.042616254,6.1001343e-06,0.00059467624,15,1.5,0.02,0.04,-0.05,40,40,40,40,40,10,0
2.735,0.25954424,0.045296038,0.0038795907,-0.037668635,-0.25954424,-0.045296038,-0.0038795907,0.037668635,0.0086936333,0.0086936333,-,0,0.044457936,0.042626512,6.1753904e-06,0.00060177087,15,1.5,0.02,0.04,-0.05,40,40,40,40,40,10,0
2.74,0.2597417,0.037754793,0.0036779952,-0.040006789,-0.2597417,-0.037754793,-0.0036779952,0.040006789,0.0018647698,0.0018647698,-,0,0.044795264,0.042633639,6.2430286e-06,0.00060977358,15,1.5,0.02,0.04,-0.05,40,40,40,40,40,10,0
2.745,0.26000528,0.037513691,0.003564478,-0.036393586,-0.26000528,-0.037513691,-0.003564478,0.036393586,0.0055774445,0.0055774445,-,0,0.045133278,0.042640676,6.3065562e-06,0.00061639605,15,1.5,0.02,0.04,-0.05,40,40,40,40,40,10,0
2.75,0.26008492,0.025679758,0.0032982531,-0.040382024,-0.26008492,-0.025679758,-0.0032982531,0.040382024,-0.0048703508,-0.0048703508,-,0,0.045471499,0.042643973,6.3609485e-06,0.00062454959,15,1.5,0.02,0.04,-0.05,40,40,40,40,40,10,0
2.755,0.26019708,0.022459687,0.0030957503,-0.038423851,-0.26019708,-0.022459687,-0.0030957503,0.038423851,-0.0050971923,-0.0050971923,-,0,0.045810012,0.042646495,6.4088669e-06,0.00063193155,15,1.5,0.02,0.04,-0.05,40,40,40,40,40,10,0
2.76,0.2601831,0.014349592,0.0028121093,-0.034981509,-0.2601831,-0.014349592,-0.0028121093,0.034981509,-0.0045129788,-0.0045129788,-,0,0.046148488,0.042647525,6.4484067e-06,0.00063805008,15,1.5,0.02,0.04,-0.05,40,40,40,40,40,10,0
2.765,0.2601422,0.0065526263,0.0025590948,-0.031285937,-0.2601422,-0.0065526263,-0.0025590948,0.031285937,-0.0030775342,-0.0030775342,-,0,0.046486858,0.042647739,6.4811515e-06,0.00064294413,15,1.5,0.02,0.04,-0.05,40,40,40,40,40,10,0
2.77,0.25999577,-0.0044799161,0.0022564725,-0.031333019,-0.25999577,0.0044799161,-0.0022564725,0.031333019,-0.0081317224,-0.0081317224,-,0,0.046824847,0.04264784,6.5066098e-06,0.00064785292,15,1.5,0.02,0.04,-0.05,40,40,40,40,40,10,0
2.775,0.25978282,-0.01408719,0.0019392816,-0.030937884,-0.25978282,0.01408719,-0.0019392816,0.030937884,-0.012685434,-0.012685434,-,0,0.047162282,0.042648832,6.5254139e-06,0.00065263868,15,1.5,0.02,0.04,-0.05,40,40,40,40,40,10,0
2.78,0.25959838,-0.022926986,0.0017101904,-0.026569907,-0.25959838,0.022926986,-0.0017101904,0.026569907,-0.0099271167,-0.0099271167,-,0,0.047499239,0.04265146,6.5400377e-06,0.00065616848,15,1.5,0.02,0.04,-0.05,40,40,40,40,40,10,0
2.785,0.25928795,-0.035342479,0.0014300234,-0.022812926,-0.25928795,0.035342479,-0.0014300234,0.022812926,-0.0089969785,-0.0089969785,-,0,0.04783539,0.042657706,6.5502625e-06,0.00065877063,15,1.5,0.02,0.04,-0.05,40,40,40,40,40,10,0
2.79,0.25888066,-0.045738377,0.0011290403,-0.018628404,-0.25888066,0.045738377,-0.0011290403,0.018628404,-0.0076589234,-0.0076589234,-,0,0.048170486,0.042668166,6.5566362e-06,0.00066050572,15,1.5,0.02,0.04,-0.05,40,40,40,40,40,10,0
2.795,0.25848378,-0.060021246,0.00091030463,-0.018673637,-0.25848378,0.060021246,-0.00091030463,0.018673637,-0.01158706,-0.01158706,-,0,0.048504555,0.042686178,6.5607794e-06,0.00066224924,15,1.5,0.02,0.04,-0.05,40,40,40,40,40,10,0
2.8,0.2580474,-0.070148982,0.00072167713,-0.015081951,-0.2580474,0.070148982,-0.00072167713,0.015081951,-0.0094427801,-0.0094427801,-,0,0.048837498,0.042710783,6.5633835e-06,0.00066338657,15,1.5,0.02,0.04,-0.05,40,40,40,40,40,10,0
2.805,0.25748332,-0.086316587,0.00048263978,-0.014616905,-0.25748332,0.086316587,-0.00048263978,0.014616905,-0.012988758,-0.012988758,-,0,0.049168986,0.042748036,6.5645482e-06,0.00066445483,15,1.5,0.02,0.04,-0.05,40,40,40,40,40,10,0
2.81,0.25677823,-0.096766652,0.00018316593,-0.0092864132,-0.25677823,0.096766652,-0.00018316593,0.0092864132,-0.0099172324,-0.0099172324,-,0,0.049498661,0.042794855,6.564716e-06,0.00066488602,15,1.5,0.02,0.04,-0.05,40,40,40,40,40,10,0
2.815,0.2559935,-0.11370294,-0.00010850327,-0.0075809186,-0.2559935,0.11370294,0.00010850327,0.0075809186,-0.012427175,-0.012427175,-,0,0.049826325,0.042859496,6.5647748e-06,0.00066517337,15,1.5,0.02,0.04,-0.05,40,40,40,40,40,10,0
2.82,0.25532307,-0.12425274,-0.00019641637,-0.00072820273,-0.25532307,0.12425274,0.00019641637,0.00072820273,-0.0039021978,-0.0039021978,-,0,0.050152274,0.04293669,6.5649677e-06,0.00066517603,15,1.5,0.02,0.04,-0.05,40,40,40,40,40,10,0
2.825,0.25441617,-0.1445755,-0.00042659592,-0.0012341251,-0.25441617,0.1445755,0.00042659592,0.0012341251,-0.0089448231,-0.0089448231,-,0,0.050475912,0.0430412,6.5658777e-06,0.00066518364,15,1.5,0.02,0.04,-0.05,40,40,40,40,40,10,0
2.83,0.25375314,-0.14455015,-0.00034574859,0.0019080036,-0.25375314,0.14455015,0.00034574859,-0.0019080036,-0.0030311665,-0.0030311665,-,0,0.050797865,0.043145674,6.5664754e-06,0.00066520184,15,1.5,0.02,0.04,-0.05,40,40,40,40,40,10,0
2.835,0.25306612,-0.13688955,-0.00033231157,-0.00092087996,-0.25306612,0.13688955,0.00033231157,0.00092087996,-0.0067802532,-0.0067802532,-,0,0.051118077,0.043239368,6.5670275e-06,0.00066520608,15,1.5,0.02,0.04,-0.05,40,40,40,40,40,10,0
2.84,0.25252688,-0.1253633,-0.00023213299,-0.0027536696,-0.25252688,0.1253633,0.00023213299,0.0027536696,-0.0075764938,-0.0075764938,-,0,0.051436927,0.043317948,6.567297e-06,0.000665244,15,1.5,0.02,0.04,-0.05,40,40,40,40,40,10,0
2.845,0.25194933,-0.12033144,-0.0002274221,-0.0078791065,-0.25194933,0.12033144,0.0002274221,0.0078791065,-0.015004262,-0.015004262,-,0,0.051754319,0.043390346,6.5675556e-06,0.0006655544,15,1.5,0.02,0.04,-0.05,40,40,40,40,40,10,0
2.85,0.25150768,-0.10845472,-0.00013377566,-0.0048948806,-0.25150768,0.10845472,0.00013377566,0.0048948806,-0.0086569909,-0.0086569909,-,0,0.052070599,0.043449158,6.567645e-06,0.0006656742,15,1.5,0.02,0.04,-0.05,40,40,40,40,40,10,0
2.855,0.25091978,-0.10732996,-0.00021453418,-0.0072302392,-0.25091978,0.10732996,0.00021453418,0.0072302392,-0.013338174,-0.013338174,-,0,0.052385403,0.043506757,6.5678752e-06,0.00066593558,15,1.5,0.02,0.04,-0.05,40,40,40,40,40,10,0
2.86,0.25052267,-0.10152418,-0.00013185005,-0.0082353959,-0.25052267,0.10152418,0.00013185005,0.0082353959,-0.013381358,-0.013381358,-,0,0.052699211,0.043558293,6.5679621e-06,0.00066627469,15,1.5,0.02,0.04,-0.05,40,40,40,40,40,10,0
2.865,0.24990888,-0.10161209,-0.00028900702,-0.011508008,-0.24990888,0.10161209,0.00028900702,0.011508008,-0.020663424,-0.020663424,-,0,0.053011483,0.043609918,6.5683797e-06,0.00066693686,15,1.5,0.02,0.04,-0.05,40,40,40,40,40,10,0
2.87,0.24936572,-0.10016356,-0.00038947394,-0.012587291,-0.24936572,0.10016356,0.00038947394,0.012587291,-0.023742274,-0.023742274,-,0,0.0533224,0.043660081,6.5691382e-06,0.00066772906,15,1.5,0.02,0.04,-0.05,40,40,40,40,40,10,0
2.875,0.24868587,-0.10214442,-0.00062353073,-0.011848708,-0.24868587,0.10214442,0.00062353073,0.011848708,-0.026238082,-0.026238082,-,0,0.053631623,0.043712249,6.5710821e-06,0.00066843102,15,1.5,0.02,0.04,-0.05,40,40,40,40,40,10,0
2.88,0.24798686,-0.10292094,-0.00085539876,-0.0073178116,-0.24798686,0.10292094,0.00085539876,0.0073178116,-0.022964799,-0.022964799,-,0,0.05393911,0.043765212,6.5747406e-06,0.00066869877,15,1.5,0.02,0.04,-0.05,40,40,40,40,40,10,0
2.885,0.24716103,-0.1104323,-0.0011808224,-0.0072749771,-0.24716103,0.1104323,0.0011808224,0.0072749771,-0.028098873,-0.028098873,-,0,0.054244553,0.043826189,6.5817124e-06,0.0006689634,15,1.5,0.02,0.04,-0.05,40,40,40,40,40,10,0
2.89,0.24629751,-0.11414566,-0.0015103243,-0.0048150118,-0.24629751,0.11414566,0.0015103243,0.0048150118,-0.029517258,-0.029517258,-,0,0.054547866,0.043891335,6.5931178e-06,0.00066907932,15,1.5,0.02,0.04,-0.05,40,40,40,40,40,10,0
2.895,0.24546969,-0.120955,-0.001761272,-0.001448713,-0.24546969,0.120955,0.001761272,0.001448713,-0.028520955,-0.028520955,-,0,0.054849142,0.043964485,6.6086281e-06,0.00066908981,15,1.5,0.02,0.04,-0.05,40,40,40,40,40,10,0
2.9,0.24462166,-0.13233417,-0.0019764855,-0.00095674499,-0.24462166,0.13233417,0.0019764855,0.00095674499,-0.031483333,-0.031483333,-,0,0.055148341,0.044052047,6.6281606e-06,0.00066909439,15,1.5,0.02,0.04,-0.05,40,40,40,40,40,10,0
2.905,0.24375921,-0.1432273,-0.0021461083,0.00024787251,-0.24375921,0.1432273,0.0021461083,-0.00024787251,-0.032673723,-0.032673723,-,0,0.055445434,0.044154617,6.6511895e-06,0.0006690947,15,1.5,0.02,0.04,-0.05,40,40,40,40,40,10,0
2.91,0.2427396,-0.15458967,-0.0024039945,0.0037966967,-0.2427396,0.15458967,0.0024039945,-0.0037966967,-0.031693668,-0.031693668,-,0,0.055740047,0.044274107,6.6800855e-06,0.00066916677,15,1.5,0.02,0.04,-0.05,40,40,40,40,40,10,0
2.915,0.24162756,-0.16490253,-0.0026744826,0.010165488,-0.24162756,0.16490253,0.0026744826,-0.010165488,-0.026632556,-0.026632556,-,0,0.056031966,0.044410071,6.7158498e-06,0.00066968346,15,1.5,0.02,0.04,-0.05,40,40,40,40,40,10,0
2.92,0.24046858,-0.17943362,-0.0029070887,0.012800438,-0.24046858,0.17943362,0.0029070887,-0.012800438,-0.026773646,-0.026773646,-,0,0.056321092,0.044571054,6.7581056e-06,0.00067050271,15,1.5,0.02,0.04,-0.05,40,40,40,40,40,10,0
2.925,0.23925532,-0.1894748,-0.0031142201,0.017911151,-0.23925532,0.1894748,0.0031142201,-0.017911151,-0.02264046,-0.02264046,-,0,0.056607307,0.044750557,6.8065974e-06,0.00067210676,15,1.5,0.02,0.04,-0.05,40,40,40,40,40,10,0
2.93,0.23801489,-0.20253207,-0.0032686592,0.021387807,-0.23801489,0.20253207,0.0032686592,-0.021387807,-0.020289163,-0.020289163,-,0,0.056890563,0.044955653,6.8600181e-06,0.00067439395,15,1.5,0.02,0.04,-0.05,40,40,40,40,40,10,0
2.935,0.23670812,-0.21082743,-0.0034105255,0.028383648,-0.23670812,0.21082743,0.0034105255,-0.028383648,-0.012281344,-0.012281344,-,0,0.057170716,0.045177894,6.9181765e-06,0.00067842211,15,1.5,0.02,0.04,-0.05,40,40,40,40,40,10,0
2.94,0.23544006,-0.22465033,-0.0034373234,0.029830982,-0.23544006,0.22465033,0.0034373234,-0.029830982,-0.01109059,-0.01109059,-,0,0.057447876,0.045430233,6.9772525e-06,0.00068287155,15,1.5,0.02,0.04,-0.05,40,40,40,40,40,10,0
2.945,0.23418306,-0.23271325,-0.0033873423,0.03350707,-0.23418306,0.23271325,0.0033873423,-0.03350707,-0.005174397,-0.005174397,-,0,0.057722085,0.04570101,7.0346229e-06,0.00068848516,15,1.5,0.02,0.04,-0.05,40,40,40,40,40,10,0
2.95,0.23286691,-0.24405995,-0.0033352195,0.034774115,-0.23286691,0.24405995,0.0033352195,-0.034774115,-0.0029721793,-0.0029721793,-,0,0.05799322,0.045998837,7.0902413e-06,0.00069453136,15,1.5,0.02,0.04,-0.05,40,40,40,40,40,10,0
2.955,0.23161152,-0.25179875,-0.0031654622,0.037591268,-0.23161152,0.25179875,0.0031654622,-0.037591268,0.0034652493,0.0034652493,-,0,0.058261439,0.04631585,7.1403421e-06,0.00070159688,15,1.5,0.02,0.04,-0.05,40,40,40,40,40,10,0
2.96,0.23032011,-0.25846849,-0.0029855005,0.039230444,-0.23032011,0.25846849,0.0029855005,-0.039230444,0.0083308214,0.0083308214,-,0,0.058526676,0.04664988,7.1849082e-06,0.00070929202,15,1.5,0.02,0.04,-0.05,40,40,40,40,40,10,0
2.965,0.22902601,-0.26579232,-0.0027810812,0.035487203,-0.22902601,0.26579232,0.0027810812,-0.035487203,0.0054634141,0.0054634141,-,0,0.058788941,0.047003107,7.2235802e-06,0.00071558872,15,1.5,0.02,0.04,-0.05,40,40,40,40,40,10,0
2.97,0.22787271,-0.26817415,-0.0024217688,0.035424271,-0.22787271,0.26817415,0.0024217688,-0.035424271,0.010640363,0.010640363,-,0,0.059048571,0.047362694,7.252905e-06,0.00072186312,15,1.5,0.02,0.04,-0.05,40,40,40,40,40,10,0
2.975,0.22663397,-0.27205696,-0.0021252589,0.037540548,-0.22663397,0.27205696,0.0021252589,-0.037540548,0.018082339,0.018082339,-,0,0.059305385,0.047732769,7.2754887e-06,0.00072890958,15,1.5,0.02,0.04,-0.05,40,40,40,40,40,10,0
2.98,0.22539032,-0.27631168,-0.0018078516,0.037897267,-0.22539032,0.27631168,0.0018078516,-0.037897267,0.023183466,0.023183466,-,0,0.059559389,0.04811451,7.2918303e-06,0.0007360906,15,1.5,0.02,0.04,-0.05,40,40,40,40,40,10,0
2.985,0.22423074,-0.27872858,-0.0013917599,0.037275629,-0.22423074,0.27872858,0.0013917599,-0.037275629,0.028372516,0.028372516,-,0,0.059810787,0.048502958,7.3015153e-06,0.00074303796,15,1.5,0.02,0.04,-0.05,40,40,40,40,40,10,0
2.99,0.2231068,-0.26611214,-0.0009722277,0.031924384,-0.2231068,0.26611214,0.0009722277,-0.031924384,0.02712081,0.02712081,-,0,0.06005967,0.048857036,7.3062414e-06,0.00074813379,15,1.5,0.02,0.04,-0.05,40,40,40,40,40,10,0
2.995,0.22237447,-0.23941357,-0.00030853344,0.027469346,-0.22237447,0.23941357,0.00030853344,-0.027469346,0.031446965,0.031446965,-,0,0.060306922,0.049143631,7.3067174e-06,0.00075190662,15,1.5,0.02,0.04,-0.05,40,40,40,40,40,10,0
3,0.22161982,-0.22277478,0.00018452379,0.015413146,-0.22161982,0.22277478,-0.00018452379,-0.015413146,0.021408981,0.021408981,-,0,0.060552498,0.049391774,7.3068876e-06,0.00075309444,15,1.5,0.02,0.04,-0.05,40,40,40,40,40,10,0
3.005,0.22099765,-0.20163764,0.00066290676,0.0066098898,-0.22099765,0.20163764,-0.00066290676,-0.0066098898,0.016212883,0.016212883,-,0,0.060796698,0.049595062,7.3090849e-06,0.00075331289,15,1.5,0.02,0.04,-0.05,40,40,40,40,40,10,0
3.01,0.22042477,-0.1823613,0.0010641007,0.0036673184,-0.22042477,0.1823613,-0.0010641007,-0.0036673184,0.018576532,0.018576532,-,0,0.061039634,0.049761341,7.3147464e-06,0.00075338014,15,1.5,0.02,0.04,-0.05,40,40,40,40,40,10,0
3.015,0.21986051,-0.17081849,0.0013764127,-0.0024928544,-0.21986051,0.17081849,-0.0013764127,0.0024928544,0.01447138,0.01447138,-,0,0.061281327,0.049907235,7.324219e-06,0.00075341121,15,1.5,0.02,0.04,-0.05,40,40,40,40,40,10,0
3.02,0.21931514,-0.1565459,0.001617959,-0.0063157592,-0.21931514,0.1565459,-0.001617959,0.0063157592,0.012920213,0.012920213,-,0,0.061521823,0.050029769,7.3373079e-06,0.00075361066,15,1.5,0.02,0.04,-0.05,40,40,40,40,40,10,0
3.025,0.2187757,-0.14928318,0.0017858571,-0.013527067,-0.2187757,0.14928318,-0.0017858571,0.013527067,0.0049014429,0.0049014429,-,0,0.061761137,0.050141196,7.3532544e-06,0.00075452556,15,1.5,0.02,0.04,-0.05,40,40,40,40,40,10,0
3.03,0.21825669,-0.14123165,0.0019066117,-0.019025635,-0.21825669,0.14123165,-0.0019066117,0.019025635,-0.0012234094,-0.0012234094,-,0,0.061999316,0.050240928,7.3714302e-06,0.00075633544,15,1.5,0.02,0.04,-0.05,40,40,40,40,40,10,0
3.035,0.21769982,-0.13053256,0.0019252802,-0.020045467,-0.21769982,0.13053256,-0.0019252802,0.020045467,-0.0020563041,-0.0020563041,-,0,0.062236283,0.050326122,7.3899637e-06,0.00075834454,15,1.5,0.02,0.04,-0.05,40,40,40,40,40,10,0
3.04,0.21711206,-0.12292754,0.0018685429,-0.019477408,-0.21711206,0.12292754,-0.0018685429,0.019477408,-0.0017628288,-0.0017628288,-,0,0.062471971,0.050401677,7.407421e-06,0.00076024139,15,1.5,0.02,0.04,-0.05,40,40,40,40,40,10,0
3.045,0.21651096,-0.11849707,0.0017671214,-0.020808612,-0.21651096,0.11849707,-0.0017671214,0.020808612,-0.0051157606,-0.0051157606,-,0,0.062706356,0.050471885,7.4230346e-06,0.00076240638,15,1.5,0.02,0.04,-0.05,40,40,40,40,40,10,0
3.05,0.21598727,-0.11584587,0.0017158905,-0.023392747,-0.21598727,0.11584587,-0.0017158905,0.023392747,-0.009664853,-0.009664853,-,0,0.062939608,0.050538987,7.437756e-06,0.00076514248,15,1.5,0.02,0.04,-0.05,40,40,40,40,40,10,0
3.055,0.21543007,-0.11249036,0.0016134257,-0.022456626,-0.21543007,0.11249036,-0.0016134257,0.022456626,-0.0096745661,-0.0096745661,-,0,0.063171659,0.050602257,7.4507717e-06,0.00076766398,15,1.5,0.02,0.04,-0.05,40,40,40,40,40,10,0
3.06,0.21478442,-0.11586536,0.0014211081,-0.024687754,-0.21478442,0.11586536,-0.0014211081,0.024687754,-0.016053936,-0.016053936,-,0,0.063402321,0.050669381,7.4608694e-06,0.00077071141,15,1.5,0.02,0.04,-0.05,40,40,40,40,40,10,0
3.065,0.21418142,-0.11561703,0.0012791943,-0.022613669,-0.21418142,0.11561703,-0.0012791943,0.022613669,-0.015073642,-0.015073642,-,0,0.063631689,0.050736217,7.4690511e-06,0.0007732683,15,1.5,0.02,0.04,-0.05,40,40,40,40,40,10,0
3.07,0.21337108,-0.1226722,0.00095330788,-0.023098386,-0.21337108,0.1226722,-0.00095330788,0.023098386,-0.020987427,-0.020987427,-,0,0.063859325,0.05081146,7.4735951e-06,0.00077593598,15,1.5,0.02,0.04,-0.05,40,40,40,40,40,10,0
3.075,0.21267353,-0.12354112,0.00077333592,-0.017297187,-0.21267353,0.12354112,-0.00077333592,0.017297187,-0.015033916,-0.015033916,-,0,0.064085475,0.050887772,7.4765853e-06,0.00077743194,15,1.5,0.02,0.04,-0.05,40,40,40,40,40,10,0
3.08,0.21174549,-0.13096524,0.00040978494,-0.013527346,-0.21174549,0.13096524,-0.00040978494,0.013527346,-0.015147945,-0.015147945,-,0,0.064309656,0.050973531,7.477425e-06,0.00077834689,15,1.5,0.02,0.04,-0.05,40,40,40,40,40,10,0
3.085,0.21094406,-0.14049793,0.00021989476,-0.014828557,-0.21094406,0.14049793,-0.00021989476,0.014828557,-0.02034545,-0.02034545,-,0,0.064532143,0.05107223,7.4776667e-06,0.00077944632,15,1.5,0.02,0.04,-0.05,40,40,40,40,40,10,0
3.09,0.21012206,-0.14523006,5.3413668e-05,-0.010383825,-0.21012206,0.14523006,-5.3413668e-05,0.010383825,-0.016381295,-0.016381295,-,0,0.064752899,0.051177688,7.477681e-06,0.00077998543,15,1.5,0.02,0.04,-0.05,40,40,40,40,40,10,0
3.095,0.20911481,-0.15468043,-0.00023975756,-0.0064254472,-0.20911481,0.15468043,0.00023975756,0.0064254472,-0.015239455,-0.015239455,-,0,0.064971544,0.051297319,7.4779684e-06,0.00078019187,15,1.5,0.02,0.04,-0.05,40,40,40,40,40,10,0
3.1,0.20811312,-0.16606027,-0.00046492822,-0.0059164469,-0.20811312,0.16606027,0.00046492822,0.0059164469,-0.018328742,-0.018328742,-,0,0.0651881,0.051435199,7.4790492e-06,0.00078036689,15,1.5,0.02,0.04,-0.05,40,40,40,40,40,10,0
3.105,0.20696807,-0.17603776,-0.00077299379,-0.0036604324,-0.20696807,0.17603776,0.00077299379,0.0036604324,-0.019987705,-0.019987705,-,0,0.065402279,0.051590145,7.4820368e-06,0.00078043388,15,1.5,0.02,0.04,-0.05,40,40,40,40,40,10,0
3.11,0.20581166,-0.1901091,-0.00102197,-0.0023911781,-0.20581166,0.1901091,0.00102197,0.0023911781,-0.022404448,-0.022404448,-,0,0.065614071,0.051770852,7.4872589e-06,0.00078046247,15,1.5,0.02,0.04,-0.05,40,40,40,40,40,10,0
3.115,0.20458223,-0.20142667,-0.0012604439,0.0039173011,-0.20458223,0.20142667,0.0012604439,-0.0039173011,-0.016996129,-0.016996129,-,0,0.06582334,0.051973716,7.4952025e-06,0.0007805392,15,1.5,0.02,0.04,-0.05,40,40,40,40,40,10,0
3.12,0.2032503,-0.21332458,-0.0015047212,0.012514652,-0.2032503,0.21332458,0.0015047212,-0.012514652,-0.0082668173,-0.0082668173,-,0,0.066029894,0.052201253,7.5065234e-06,0.00078132228,15,1.5,0.02,0.04,-0.05,40,40,40,40,40,10,0
3.125,0.20189274,-0.23396238,-0.001678175,0.010381269,-0.20189274,0.23396238,0.001678175,-0.010381269,-0.014921362,-0.014921362,-,0,0.066233697,0.052474945,7.5206048e-06,0.00078186113,15,1.5,0.02,0.04,-0.05,40,40,40,40,40,10,0
3.13,0.2005679,-0.24257635,-0.0017384146,0.016275912,-0.2005679,0.24257635,0.0017384146,-0.016275912,-0.0073540471,-0.0073540471,-,0,0.066434835,0.052769161,7.5357152e-06,0.00078318566,15,1.5,0.02,0.04,-0.05,40,40,40,40,40,10,0
3.135,0.19907544,-0.25787617,-0.0018761342,0.021360926,-0.19907544,0.25787617,0.0018761342,-0.021360926,-0.002434163,-0.002434163,-,0,0.06663299,0.053101662,7.5533146e-06,0.00078546711,15,1.5,0.02,0.04,-0.05,40,40,40,40,40,10,0
3.14,0.19778819,-0.26336114,-0.0017347046,0.020815393,-0.19778819,0.26336114,0.0017347046,-0.020815393,-0.001376162,-0.001376162,-,0,0.066828591,0.053448457,7.5683606e-06,0.00078763351,15,1.5,0.02,0.04,-0.05,40,40,40,40,40,10,0
3.145,0.19670744,-0.25332581,-0.0014374346,0.0167926,-0.19670744,0.25332581,0.0014374346,-0.0167926,-0.0025715033,-0.0025715033,-,0,0.06702206,0.053769327,7.5786917e-06,0.00078904347,15,1.5,0.02,0.04,-0.05,40,40,40,40,40,10,0
3.15,0.19563412,-0.24291729,-0.0011999053,0.01417622,-0.19563412,0.24291729,0.0011999053,-0.01417622,-0.0025382583,-0.0025382583,-,0,0.067213423,0.054064371,7.5858906e-06,0.00079004829,15,1.5,0.02,0.04,-0.05,40,40,40,40,40,10,0
3.155,0.19464645,-0.2335287,-0.00093464511,0.012933394,-0.19464645,0.2335287,0.00093464511,-0.012933394,-6.7804844e-05,-6.7804844e-05,-,0,0.067402859,0.054337049,7.5902584e-06,0.00079088466,15,1.5,0.02,0.04,-0.05,40,40,40,40,40,10,0
3.16,0.19345217,-0.22827097,-0.00092447212,0.0091110011,-0.19345217,0.22827097,0.00092447212,-0.0091110011,-0.0054623756,-0.0054623756,-,0,0.067589978,0.054597588,7.5945316e-06,0.00079129971,15,1.5,0.02,0.04,-0.05,40,40,40,40,40,10,0
3.165,0.19238697,-0.21827493,-0.00083075635,0.0099761573,-0.19238697,0.21827493,0.00083075635,-0.0099761573,-0.0023803671,-0.0023803671,-,0,0.067775042,0.054835807,7.5979824e-06,0.00079179733,15,1.5,0.02,0.04,-0.05,40,40,40,40,40,10,0
3.17,0.19137273,-0.21721383,-0.00071700496,0.0068072843,-0.19137273,0.21721383,0.00071700496,-0.0068072843,-0.0054052464,-0.0054052464,-,0,0.067958159,0.055071717,7.6005529e-06,0.00079202902,15,1.5,0.02,0.04,-0.05,40,40,40,40,40,10,0
3.175,0.19036453,-0.21367641,-0.00061991333,0.0055988075,-0.19036453,0.21367641,0.00061991333,-0.0055988075,-0.0056402547,-0.0056402547,-,0,0.068139353,0.055300005,7.6024743e-06,0.00079218575,15,1.5,0.02,0.04,-0.05,40,40,40,40,40,10,0
3.18,0.18929822,-0.21450254,-0.00059461845,0.0033695658,-0.18929822,0.21450254,0.00059461845,-0.0033695658,-0.0086590654,-0.0086590654,-,0,0.068318522,0.055530061,7.6042422e-06,0.00079224252,15,1.5,0.02,0.04,-0.05,40,40,40,40,40,10,0
3.185,0.18810145,-0.21452595,-0.00070212037,0.0035030723,-0.18810145,0.21452595,0.00070212037,-0.0035030723,-0.010096206,-0.010096206,-,0,0.068495433,0.055760168,7.6067071e-06,0.00079230388,15,1.5,0.02,0.04,-0.05,40,40,40,40,40,10,0
3.19,0.18694479,-0.21644589,-0.00075874293,0.0050725783,-0.18694479,0.21644589,0.00075874293,-0.0050725783,-0.0086912162,-0.0086912162,-,0,0.068670174,0.055994412,7.6095855e-06,0.00079243254,15,1.5,0.02,0.04,-0.05,40,40,40,40,40,10,0
3.195,0.18569827,-0.21830244,-0.00088073889,0.0090520034,-0.18569827,0.21830244,0.00088073889,-0.0090520034,-0.0046512107,-0.0046512107,-,0,0.068842594,0.056232692,7.613464e-06,0.00079284223,15,1.5,0.02,0.04,-0.05,40,40,40,40,40,10,0
3.2,0.18458558,-0.22475296,-0.00083802441,0.0090098501,-0.18458558,0.22475296,0.00083802441,-0.0090098501,-0.0043539977,-0.0043539977,-,0,0.069012953,0.056485262,7.6169755e-06,0.00079324812,15,1.5,0.02,0.04,-0.05,40,40,40,40,40,10,0
3.205,0.18345182,-0.23131453,-0.00078754961,0.0077902745,-0.18345182,0.23131453,0.00078754961,-0.0077902745,-0.0057113771,-0.0057113771,-,0,0.069181226,0.056752794,7.6200766e-06,0.00079355156,15,1.5,0.02,0.04,-0.05,40,40,40,40,40,10,0
3.21,0.18226565,-0.23405659,-0.00075875769,0.011736868,-0.18226565,0.23405659,0.00075875769,-0.011736868,0.00050698556,0.00050698556,-,0,0.069347329,0.057026706,7.6229552e-06,0.00079424033,15,1.5,0.02,0.04,-0.05,40,40,40,40,40,10,0
3.215,0.18107413,-0.24322923,-0.0006955389,0.01071854,-0.18107413,0.24322923,0.0006955389,-0.01071854,-0.00046295966,-0.00046295966,-,0,0.069511269,0.057322508,7.6253741e-06,0.00079481477,15,1.5,0.02,0.04,-0.05,40,40,40,40,40,10,0
3.22,0.17985999,-0.24492398,-0.00063536461,0.010764201,-0.17985999,0.24492398,0.00063536461,-0.010764201,0.00041607361,0.00041607361,-,0,0.069673017,0.057622447,7.6273925e-06,0.00079539411,15,1.5,0.02,0.04,-0.05,40,40,40,40,40,10,0
3.225,0.17859726,-0.24807959,-0.00060833577,0.011600786,-0.17859726,0.24807959,0.00060833577,-0.011600786,0.0019249047,0.0019249047,-,0,0.069832502,0.057930165,7.6292429e-06,0.000796067,15,1.5,0.02,0.04,-0.05,40,40,40,40,40,10,0
3.23,0.17732274,-0.25159547,-0.00056984677,0.013178117,-0.17732274,0.25159547,0.00056984677,-0.013178117,0.00470211,0.00470211,-,0,0.069989718,0.058246666,7.6308665e-06,0.00079693531,15,1.5,0.02,0.04,-0.05,40,40,40,40,40,10,0
3.235,0.17607109,-0.25671621,-0.00048084409,0.013881054,-0.17607109,0.25671621,0.00048084409,-0.013881054,0.0068616935,0.0068616935,-,0,0.070144724,0.058576182,7.6320225e-06,0.00079789873,15,1.5,0.02,0.04,-0.05,40,40,40,40,40,10,0
3.24,0.17483386,-0.26107849,-0.00034843407,0.015302026,-0.17483386,0.26107849,0.00034843407,-0.015302026,0.010780065,0.010780065,-,0,0.070297558,0.058916992,7.6326296e-06,0.00079906949,15,1.5,0.02,0.04,-0.05,40,40,40,40,40,10,0
3.245,0.17356874,-0.26846063,-0.00021384978,0.01409159,-0.17356874,0.26846063,0.00021384978,-0.01409159,0.010662588,0.010662588,-,0,0.070448188,0.059277348,7.6328582e-06,0.00080006235,15,1.5,0.02,0.04,-0.05,40,40,40,40,40,10,0
3.25,0.17231281,-0.27418731,-4.1303163e-05,0.013844746,-0.17231281,0.27418731,4.1303163e-05,-0.013844746,0.012626336,0.012626336,-,0,0.070596647,0.059653241,7.6328668e-06,0.00080102074,15,1.5,0.02,0.04,-0.05,40,40,40,40,40,10,0
3.255,0.17091393,-0.2814644,2.1405335e-05,0.013958254,-0.17091393,0.2814644,-2.1405335e-05,-0.013958254,0.013418163,0.013418163,-,0,0.070742705,0.060049352,7.6328691e-06,0.0008019949,15,1.5,0.02,0.04,-0.05,40,40,40,40,40,10,0
3.26,0.1695588,-0.28765644,0.00016669706,0.015789691,-0.1695588,0.28765644,-0.00016669706,-0.015789691,0.01806991,0.01806991,-,0,0.070886456,0.060463083,7.633008e-06,0.00080324147,15,1.5,0.02,0.04,-0.05,40,40,40,40,40,10,0
3.265,0.16844024,-0.27076898,0.00050089486,0.011670596,-0.16844024,0.27076898,-0.00050089486,-0.011670596,0.017557363,0.017557363,-,0,0.071028316,0.060829662,7.6342625e-06,0.00080392249,15,1.5,0.02,0.04,-0.05,40,40,40,40,40,10,0
3.27,0.16751272,-0.25324473,0.00091947338,0.0073939492,-0.16751272,0.25324473,-0.00091947338,-0.0073939492,0.01810349,0.01810349,-,0,0.071168619,0.061150327,7.6384896e-06,0.00080419584,15,1.5,0.02,0.04,-0.05,40,40,40,40,40,10,0
3.275,0.16657393,-0.2416819,0.0012238584,-0.00083042774,-0.16657393,0.2416819,-0.0012238584,0.00083042774,0.010776436,0.010776436,-,0,0.071307353,0.061442377,7.6459788e-06,0.00080419929,15,1.5,0.02,0.04,-0.05,40,40,40,40,40,10,0
3.28,0.16570502,-0.23213181,0.0015029292,-0.0098386353,-0.16570502,0.23213181,-0.0015029292,0.0098386353,0.0018148132,0.0018148132,-,0,0.071444644,0.061711803,7.6572728e-06,0.00080468328,15,1.5,0.02,0.04,-0.05,40,40,40,40,40,10,0
3.285,0.16477509,-0.21713885,0.001646615,-0.0072703136,-0.16477509,0.21713885,-0.001646615,0.0072703136,0.0084037027,0.0084037027,-,0,0.071580398,0.06194755,7.6708295e-06,0.00080494757,15,1.5,0.02,0.04,-0.05,40,40,40,40,40,10,0
3.29,0.16370744,-0.21318204,0.0016117916,-0.0086345253,-0.16370744,0.21318204,-0.0016117916,0.0086345253,0.0059719531,0.0059719531,-,0,0.071714399,0.062174783,7.6838188e-06,0.00080532035,15,1.5,0.02,0.04,-0.05,40,40,40,40,40,10,0
3.295,0.16271392,-0.2066117,0.0016160502,-0.010204339,-0.16271392,0.2066117,-0.0016160502,0.010204339,0.0039240563,0.0039240563,-,0,0.071846778,0.062388225,7.6968769e-06,0.00080584099,15,1.5,0.02,0.04,-0.05,40,40,40,40,40,10,0
3.3,0.16178746,-0.20280829,0.0016553091,-0.01166594,-0.16178746,0.20280829,-0.0016553091,0.01166594,0.0024541442,0.0024541442,-,0,0.071977654,0.062593881,7.7105772e-06,0.00080652146,15,1.5,0.02,0.04,-0.05,40,40,40,40,40,10,0
3.305,0.16091332,-0.2006215,0.0017283764,-0.012141784,-0.16091332,0.2006215,-0.0017283764,0.012141784,0.0029063768,0.0029063768,-,0,0.072107119,0.062795126,7.7255136e-06,0.00080725857,15,1.5,0.02,0.04,-0.05,40,40,40,40,40,10,0
3.31,0.15996501,-0.20594369,0.0017206145,-0.017906802,-0.15996501,0.20594369,-0.0017206145,0.017906802,-0.0060894336,-0.0060894336,-,0,0.072235063,0.06300719,7.7403162e-06,0.00080886184,15,1.5,0.02,0.04,-0.05,40,40,40,40,40,10,0
3.315,0.1589669,-0.20457143,0.001653777,-0.020026911,-0.1589669,0.20457143,-0.001653777,0.020026911,-0.010237231,-0.010237231,-,0,0.072361416,0.063216437,7.753991e-06,0.00081086723,15,1.5,0.02,0.04,-0.05,40,40,40,40,40,10,0
3.32,0.15787306,-0.20336869,0.0014894821,-0.016379463,-0.15787306,0.20336869,-0.0014894821,0.016379463,-0.00720425,-0.00720425,-,0,0.072486035,0.063423231,7.7650838e-06,0.00081220866,15,1.5,0.02,0.04,-0.05,40,40,40,40,40,10,0
3.325,0.15676215,-0.2058984,0.0013320896,-0.012547108,-0.15676215,0.2058984,-0.0013320896,0.012547108,-0.0039400113,-0.0039400113,-,0,0.072608907,0.063635202,7.7739561e-06,0.00081299581,15,1.5,0.02,0.04,-0.05,40,40,40,40,40,10,0
3.33,0.15551018,-0.21694417,0.0010635899,-0.017844283,-0.15551018,0.21694417,-0.0010635899,0.017844283,-0.016380139,-0.016380139,-,0,0.072729824,0.063870526,7.7796123e-06,0.0008145879,15,1.5,0.02,0.04,-0.05,40,40,40,40,40,10,0
3.335,0.1544048,-0.21838178,0.00096823002,-0.014259893,-0.1544048,0.21838178,-0.00096823002,0.014259893,-0.012513565,-0.012513565,-,0,0.072849028,0.064108979,7.7842996e-06,0.00081560463,15,1.5,0.02,0.04,-0.05,40,40,40,40,40,10,0
3.34,0.15297226,-0.2296314,0.0005986758,-0.011192982,-0.15297226,0.2296314,-0.0005986758,0.011192982,-0.013935147,-0.013935147,-,0,0.072966031,0.064372632,7.7860917e-06,0.00081623104,15,1.5,0.02,0.04,-0.05,40,40,40,40,40,10,0
3.345,0.15158111,-0.24172549,0.00033907975,-0.0099688947,-0.15158111,0.24172549,-0.00033907975,0.0099688947,-0.016504543,-0.016504543,-,0,0.073080915,0.064664788,7.7866665e-06,0.00081672793,15,1.5,0.02,0.04,-0.05,40,40,40,40,40,10,0
3.35,0.1501051,-0.25174167,6.8499438e-05,-0.0042229712,-0.1501051,0.25174167,-6.8499438e-05,0.0042229712,-0.01237453,-0.01237453,-,0,0.073193573,0.064981657,7.78669e-06,0.0008168171,15,1.5,0.02,0.04,-0.05,40,40,40,40,40,10,0
3.355,0.14854467,-0.26769341,-0.00019792042,-0.0011475632,-0.14854467,0.26769341,0.00019792042,0.0011475632,-0.012426994,-0.012426994,-,0,0.0733039,0.065339956,7.7868859e-06,0.00081682369,15,1.5,0.02,0.04,-0.05,40,40,40,40,40,10,0
3.36,0.14699568,-0.27520003,-0.00036687104,0.003092652,-0.14699568,0.27520003,0.00036687104,-0.003092652,-0.0089321753,-0.0089321753,-,0,0.073411939,0.065718631,7.7875588e-06,0.00081687151,15,1.5,0.02,0.04,-0.05,40,40,40,40,40,10,0
3.365,0.14558531,-0.26624433,-0.0004169323,0.0019045143,-0.14558531,0.26624433,0.0004169323,-0.0019045143,-0.01113528,-0.01113528,-,0,0.073517915,0.066073061,7.788428e-06,0.00081688964,15,1.5,0.02,0.04,-0.05,40,40,40,40,40,10,0
3.37,0.14425111,-0.25982331,-0.00044292017,-0.0022888801,-0.14425111,0.25982331,0.00044292017,0.0022888801,-0.017585033,-0.017585033,-,0,0.073621956,0.066410602,7.7894089e-06,0.00081691584,15,1.5,0.02,0.04,-0.05,40,40,40,40,40,10,0
3.375,0.14289399,-0.25248225,-0.00053561259,-0.0024752758,-0.14289399,0.25248225,0.00053561259,0.0024752758,-0.018988513,-0.018988513,-,0,0.07372405,0.066729339,7.7908433e-06,0.00081694647,15,1.5,0.02,0.04,-0.05,40,40,40,40,40,10,0
3.38,0.14152409,-0.25182537,-0.00066148362,-0.0036023238,-0.14152409,0.25182537,0.00066148362,0.0036023238,-0.022568273,-0.022568273,-,0,0.073824195,0.067046419,7.7930311e-06,0.00081701136,15,1.5,0.02,0.04,-0.05,40,40,40,40,40,10,0
3.385,0.14026295,-0.24863137,-0.00067994742,0.00032877421,-0.14026295,0.24863137,0.00067994742,-0.00032877421,-0.016846046,-0.016846046,-,0,0.073922564,0.067355506,7.7953427e-06,0.0008170119,15,1.5,0.02,0.04,-0.05,40,40,40,40,40,10,0
3.39,0.13882656,-0.2526718,-0.00085825747,0.00093346609,-0.13882656,0.2526718,0.00085825747,-0.00093346609,-0.018804004,-0.018804004,-,0,0.074018928,0.067674722,7.7990258e-06,0.00081701626,15,1.5,0.02,0.04,-0.05,40,40,40,40,40,10,0
3.395,0.13742748,-0.25090326,-0.00098199616,0.0053620546,-0.13742748,0.25090326,0.00098199616,-0.0053620546,-0.013974441,-0.013974441,-,0,0.074113359,0.067989484,7.8038474e-06,0.00081716001,15,1.5,0.02,0.04,-0.05,40,40,40,40,40,10,0
3.4,0.13586543,-0.25573908,-0.0012466712,0.0061013416,-0.13586543,0.25573908,0.0012466712,-0.0061013416,-0.01706031,-0.01706031,-,0,0.074205656,0.068316496,7.8116183e-06,0.00081734615,15,1.5,0.02,0.04,-0.05,40,40,40,40,40,10,0
3.405,0.13443437,-0.25954469,-0.0013626313,0.0034694412,-0.13443437,0.25954469,0.0013626313,-0.0034694412,-0.022928408,-0.022928408,-,0,0.074296019,0.068653313,7.8209021e-06,0.00081740633,15,1.5,0.02,0.04,-0.05,40,40,40,40,40,10,0
3.41,0.1330795,-0.26089559,-0.0013947746,0.0048999709,-0.1330795,0.26089559,0.0013947746,-0.0048999709,-0.021345896,-0.021345896,-,0,0.07438457,0.068993646,7.8306291e-06,0.00081752638,15,1.5,0.02,0.04,-0.05,40,40,40,40,40,10,0
3.415,0.13143359,-0.26639872,-0.0016876944,0.0076306672,-0.13143359,0.26639872,0.0016876944,-0.0076306672,-0.021896693,-0.021896693,-,0,0.074470944,0.069348487,7.8448707e-06,0.00081781751,15,1.5,0.02,0.04,-0.05,40,40,40,40,40,10,0
3.42,0.12991362,-0.27004363,-0.0018112642,0.012977644,-0.12991362,0.27004363,0.0018112642,-0.012977644,-0.015905969,-0.015905969,-,0,0.074555332,0.069713105,7.8612741e-06,0.00081865961,15,1.5,0.02,0.04,-0.05,40,40,40,40,40,10,0
3.425,0.12831462,-0.27788134,-0.0019624219,0.016297556,-0.12831462,0.27788134,0.0019624219,-0.016297556,-0.013538957,-0.013538957,-,0,0.074637655,0.070099195,7.8805296e-06,0.00081998766,15,1.5,0.02,0.04,-0.05,40,40,40,40,40,10,0
3.43,0.12681849,-0.2865558,-0.0019607464,0.016847136,-0.12681849,0.2865558,0.0019607464,-0.016847136,-0.013066354,-0.013066354,-,0,0.07471807,0.070509767,7.8997522e-06,0.00082140679,15,1.5,0.02,0.04,-0.05,40,40,40,40,40,10,0
3.435,0.12526286,-0.2949132,-0.0019711996,0.018138275,-0.12526286,0.2949132,0.0019711996,-0.018138275,-0.011651853,-0.011651853,-,0,0.074796524,0.070944636,7.9191803e-06,0.00082305178,15,1.5,0.02,0.04,-0.05,40,40,40,40,40,10,0
3.44,0.1236243,-0.30222457,-0.0020113058,0.022160079,-0.1236243,0.30222457,0.0020113058,-0.022160079,-0.0065459649,-0.0065459649,-,0,0.074872938,0.071401334,7.9394071e-06,0.00082550712,15,1.5,0.02,0.04,-0.05,40,40,40,40,40,10,0
3.445,0.12188948,-0.31238769,-0.0020875879,0.024480557,-0.12188948,0.31238769,0.0020875879,-0.024480557,-0.0046507013,-0.0046507013,-,0,0.074947224,0.071889264,7.9611972e-06,0.00082850361,15,1.5,0.02,0.04,-0.05,40,40,40,40,40,10,0
3.45,0.12023496,-0.32169778,-0.0020245573,0.026528261,-0.12023496,0.32169778,0.0020245573,-0.026528261,-0.0010391803,-0.0010391803,-,0,0.075019506,0.072406712,7.9816914e-06,0.00083202235,15,1.5,0.02,0.04,-0.05,40,40,40,40,40,10,0
3.455,0.11848306,-0.33202226,-0.0019991928,0.028544651,-0.11848306,0.33202226,0.0019991928,-0.028544651,0.0019178542,0.0019178542,-,0,0.075089697,0.072957905,8.0016752e-06,0.00083609634,15,1.5,0.02,0.04,-0.05,40,40,40,40,40,10,0
3.46,0.11677912,-0.33997869,-0.0018642954,0.032892489,-0.11677912,0.33997869,0.0018642954,-0.032892489,0.010110739,0.010110739,-,0,0.075157884,0.073535833,8.0190532e-06,0.00084150592,15,1.5,0.02,0.04,-0.05,40,40,40,40,40,10,0
3.465,0.11500099,-0.34309538,-0.0017596348,0.030077581,-0.11500099,0.34309538,0.0017596348,-0.030077581,0.0072980543,0.0072980543,-,0,0.07522401,0.074124405,8.0345348e-06,0.00084602922,15,1.5,0.02,0.04,-0.05,40,40,40,40,40,10,0
3.47,0.11363172,-0.32839887,-0.0013245257,0.024582149,-0.11363172,0.32839887,0.0013245257,-0.024582149,0.0061420169,0.0061420169,-,0,0.075288571,0.074663634,8.0433066e-06,0.00084905063,15,1.5,0.02,0.04,-0.05,40,40,40,40,40,10,0
3.475,0.11220772,-0.3143913,-0.0010330407,0.022404763,-0.11220772,0.3143913,0.0010330407,-0.022404763,0.0077800363,0.0077800363,-,0,0.075351524,0.075157844,8.0486425e-06,0.0008515605,15,1.5,0.02,0.04,-0.05,40,40,40,40,40,10,0
3.48,0.11093946,-0.30400177,-0.00065812517,0.019471379,-0.11093946,0.30400177,0.00065812517,-0.019471379,0.0093939089,0.0093939089,-,0,0.075413062,0.075619929,8.0508081e-06,0.00085345617,15,1.5,0.02,0.04,-0.05,40,40,40,40,40,10,0
3.485,0.10966756,-0.29460804,-0.00035041288,0.016550805,-0.10966756,0.29460804,0.00035041288,-0.016550805,0.0099790441,0.0099790441,-,0,0.075473196,0.076053899,8.0514221e-06,0.00085482582,15,1.5,0.02,0.04,-0.05,40,40,40,40,40,10,0
3.49,0.10840428,-0.28851237,-9.2757774e-05,0.01128616,-0.10840428,0.28851237,9.2757774e-05,-0.01128616,0.0061654647,0.0061654647,-,0,0.075531954,0.076470096,8.0514651e-06,0.00085546271,15,1.5,0.02,0.04,-0.05,40,40,40,40,40,10,0
3.495,0.10723144,-0.276522,0.00020319574,0.013460899,-0.10723144,0.276522,-0.00020319574,-0.013460899,0.014323033,0.014323033,-,0,0.075589447,0.076852418,8.0516715e-06,0.00085636869,15,1.5,0.02,0.04,-0.05,40,40,40,40,40,10,0
3.5,0.10588767,-0.2767428,0.00029201805,0.0077106093,-0.10588767,0.2767428,-0.00029201805,-0.0077106093,0.0069942262,0.0069942262,-,0,0.075645508,0.07723535,8.0520979e-06,0.00085666595,15,1.5,0.02,0.04,-0.05,40,40,40,40,40,10,0
3.505,0.10473995,-0.26865012,0.0005391722,0.006914198,-0.10473995,0.26865012,-0.0005391722,-0.006914198,0.0098076741,0.0098076741,-,0,0.07570036,0.077596215,8.0535514e-06,0.00085690498,15,1.5,0.02,0.04,-0.05,40,40,40,40,40,10,0
3.51,0.10351295,-0.26603453,0.00068194862,0.0070840983,-0.10351295,0.26603453,-0.00068194862,-0.0070840983,0.012284255,0.012284255,-,0,0.075753935,0.077950087,8.0558767e-06,0.00085715591,15,1.5,0.02,0.04,-0.05,40,40,40,40,40,10,0
3.515,0.1022517,-0.26706319,0.00077818668,0.0035875631,-0.1022517,0.26706319,-0.00077818668,-0.0035875631,0.0084166513,0.0084166513,-,0,0.075806212,0.078306701,8.0589046e-06,0.00085722026,15,1.5,0.02,0.04,-0.05,40,40,40,40,40,10,0
3.52,0.10102185,-0.26452715,0.00089402054,0.0038358585,-0.10102185,0.26452715,-0.00089402054,-0.0038358585,0.010603447,0.010603447,-,0,0.075857239,0.078656574,8.0629009e-06,0.00085729383,15,1.5,0.02,0.04,-0.05,40,40,40,40,40,10,0
3.525,0.099798708,-0.26674207,0.0010177494,0.0035380256,-0.099798708,0.26674207,-0.0010177494,-0.0035380256,0.011899571,0.011899571,-,0,0.075907038,0.07901233,8.06808e-06,0.00085735642,15,1.5,0.02,0.04,-0.05,40,40,40,40,40,10,0
3.53,0.098591787,-0.26654194,0.0011584108,0.0020123808,-0.098591787,0.26654194,-0.0011584108,-0.0020123808,0.011704892,0.011704892,-,0,0.075955639,0.079367553,8.0747896e-06,0.00085737666,15,1.5,0.02,0.04,-0.05,40,40,40,40,40,10,0
3.535,0.09730445,-0.26892621,0.0012075958,-0.0022228191,-0.09730445,0.26892621,-0.0012075958,0.0022228191,0.0059687491,0.0059687491,-,0,0.07600298,0.07972916,8.082081e-06,0.00085740137,15,1.5,0.02,0.04,-0.05,40,40,40,40,40,10,0
3.54,0.095986608,-0.26646917,0.0012226174,0.00024826901,-0.095986608,0.26646917,-0.0012226174,-0.00024826901,0.0099726293,0.0099726293,-,0,0.076049047,0.080084189,8.089555e-06,0.00085740168,15,1.5,0.02,0.04,-0.05,40,40,40,40,40,10,0
3.545,0.094579738,-0.27237053,0.0011648488,-0.00024759139,-0.094579738,0.27237053,-0.0011648488,0.00024759139,0.008098118,0.008098118,-,0,0.076093774,0.080455117,8.0963394e-06,0.00085740198,15,1.5,0.02,0.04,-0.05,40,40,40,40,40,10,0
3.55,0.093152189,-0.2774338,0.001111101,-0.00067691497,-0.093152189,0.2774338,-0.001111101,0.00067691497,0.0064168336,0.0064168336,-,0,0.076137161,0.080839965,8.1025121e-06,0.00085740427,15,1.5,0.02,0.04,-0.05,40,40,40,40,40,10,0
3.555,0.091739232,-0.28029606,0.0011040923,0.0040923353,-0.091739232,0.28029606,-0.0011040923,-0.0040923353,0.013322829,0.013322829,-,0,0.076179241,0.081232794,8.1086072e-06,0.00085748801,15,1.5,0.02,0.04,-0.05,40,40,40,40,40,10,0
3.56,0.090281216,-0.29034201,0.0010989226,0.0045984296,-0.090281216,0.29034201,-0.0010989226,-0.0045984296,0.013573427,0.013573427,-,0,0.076219995,0.081654287,8.1146453e-06,0.00085759374,15,1.5,0.02,0.04,-0.05,40,40,40,40,40,10,0
3.565,0.088783848,-0.30005847,0.0010996999,0.0029549841,-0.088783848,0.30005847,-0.0010996999,-0.0029549841,0.010701312,0.010701312,-,0,0.076259407,0.082104462,8.120692e-06,0.0008576374,15,1.5,0.02,0.04,-0.05,40,40,40,40,40,10,0
3.57,0.08751486,-0.28711505,0.0013133709,0.0014228747,-0.08751486,0.28711505,-0.0013133709,-0.0014228747,0.012100571,0.012100571,-,0,0.076297702,0.082516638,8.1293168e-06,0.00085764752,15,1.5,0.02,0.04,-0.05,40,40,40,40,40,10,0
3.575,0.086264848,-0.27428151,0.0014559851,-0.0021829834,-0.086264848,0.27428151,-0.0014559851,0.0021829834,0.0093193387,0.0093193387,-,0,0.07633491,0.082892789,8.1399162e-06,0.00085767135,15,1.5,0.02,0.04,-0.05,40,40,40,40,40,10,0
3.58,0.085133784,-0.25911174,0.0016381086,-0.0025547534,-0.085133784,0.25911174,-0.0016381086,0.0025547534,0.012077705,0.012077705,-,0,0.076371149,0.083228484,8.1533332e-06,0.00085770398,15,1.5,0.02,0.04,-0.05,40,40,40,40,40,10,0
3.585,0.083971657,-0.25258966,0.0017219017,-0.0080993954,-0.083971657,0.25258966,-0.0017219017,0.0080993954,0.0052552791,0.0052552791,-,0,0.076406405,0.083547491,8.1681579e-06,0.00085803198,15,1.5,0.02,0.04,-0.05,40,40,40,40,40,10,0
3.59,0.082875054,-0.2461371,0.0018105381,-0.013838307,-0.082875054,0.2461371,-0.0018105381,0.013838307,-0.0017873716,-0.0017873716,-,0,0.076440746,0.083850409,8.1845482e-06,0.00085898948,15,1.5,0.02,0.04,-0.05,40,40,40,40,40,10,0
3.595,0.081715236,-0.24135514,0.0017927285,-0.015346024,-0.081715236,0.24135514,-0.0017927285,0.015346024,-0.0041480098,-0.0041480098,-,0,0.076474133,0.08414167,8.2006176e-06,0.00086016698,15,1.5,0.02,0.04,-0.05,40,40,40,40,40,10,0
3.6,0.080508461,-0.238125,0.0017145392,-0.012399898,-0.080508461,0.238125,-0.0017145392,0.012399898,-0.0007965901,-0.0007965901,-,0,0.076506541,0.084425188,8.2153158e-06,0.00086093577,15,1.5,0.02,0.04,-0.05,40,40,40,40,40,10,0
3.605,0.07915136,-0.24287158,0.0014936755,-0.014405379,-0.07915136,0.24287158,-0.0014936755,0.014405379,-0.0073347724,-0.0073347724,-,0,0.076537866,0.084720121,8.2264711e-06,0.00086197334,15,1.5,0.02,0.04,-0.05,40,40,40,40,40,10,0
3.61,0.077825836,-0.24339347,0.0013163083,-0.012779369,-0.077825836,0.24339347,-0.0013163083,0.012779369,-0.0076036516,-0.0076036516,-,0,0.07656815,0.085016323,8.2351345e-06,0.0008627899,15,1.5,0.02,0.04,-0.05,40,40,40,40,40,10,0
3.615,0.076460899,-0.24746434,0.0011221328,-0.011128584,-0.076460899,0.24746434,-0.0011221328,0.011128584,-0.0082302385,-0.0082302385,-,0,0.076597381,0.085322516,8.2414304e-06,0.00086340913,15,1.5,0.02,0.04,-0.05,40,40,40,40,40,10,0
3.62,0.075117589,-0.2511254,0.00097729577,-0.0094125396,-0.075117589,0.2511254,-0.00097729577,0.0094125396,-0.008002037,-0.008002037,-,0,0.076625595,0.085637836,8.2462059e-06,0.00086385211,15,1.5,0.02,0.04,-0.05,40,40,40,40,40,10,0
3.625,0.07377109,-0.25739028,0.00085832388,-0.0091429838,-0.07377109,0.25739028,-0.00085832388,0.0091429838,-0.0096598069,-0.0096598069,-,0,0.076652806,0.085969084,8.2498895e-06,0.00086427008,15,1.5,0.02,0.04,-0.05,40,40,40,40,40,10,0
3.63,0.072277447,-0.26118147,0.00062935032,-0.0048967158,-0.072277447,0.26118147,-0.00062935032,0.0048967158,-0.0069065287,-0.0069065287,-,0,0.076678926,0.086310163,8.2518699e-06,0.00086438997,15,1.5,0.02,0.04,-0.05,40,40,40,40,40,10,0
3.635,0.070736768,-0.27099447,0.00040181286,-0.0038757155,-0.070736768,0.27099447,-0.00040181286,0.0038757155,-0.0092114239,-0.0092114239,-,0,0.076703944,0.086677353,8.2526772e-06,0.00086446507,15,1.5,0.02,0.04,-0.05,40,40,40,40,40,10,0
3.64,0.069134337,-0.27777785,0.00016642414,9.216144e-05,-0.069134337,0.27777785,-0.00016642414,-9.216144e-05,-0.0070938229,-0.0070938229,-,0,0.076727842,0.087063156,8.2528157e-06,0.00086446512,15,1.5,0.02,0.04,-0.05,40,40,40,40,40,10,0
3.645,0.067448718,-0.2866245,-8.8306773e-05,0.0053475364,-0.067448718,0.2866245,8.8306773e-05,-0.0053475364,-0.0034193026,-0.0034193026,-,0,0.076750589,0.087473924,8.2528547e-06,0.0008646081,15,1.5,0.02,0.04,-0.05,40,40,40,40,40,10,0
3.65,0.065844312,-0.30256256,-0.00018973217,0.0040838396,-0.065844312,0.30256256,0.00018973217,-0.0040838396,-0.0075058394,-0.0075058394,-,0,0.076772266,0.087931644,8.2530346e-06,0.00086469149,15,1.5,0.02,0.04,-0.05,40,40,40,40,40,10,0
3.655,0.064342725,-0.29821295,-0.00015366792,0.0041678542,-0.064342725,0.29821295,0.00015366792,-0.0041678542,-0.0066949009,-0.0066949009,-,0,0.076792966,0.088376299,8.2531527e-06,0.00086477834,15,1.5,0.02,0.04,-0.05,40,40,40,40,40,10,0
3.66,0.062974051,-0.2860465,-4.5061547e-05,0.0050490366,-0.062974051,0.2860465,4.5061547e-05,-0.0050490366,-0.0032847475,-0.0032847475,-,0,0.076812795,0.088785412,8.2531629e-06,0.00086490581,15,1.5,0.02,0.04,-0.05,40,40,40,40,40,10,0
3.665,0.061635814,-0.28188726,4.1657611e-05,-0.00068625181,-0.061635814,0.28188726,-4.1657611e-05,0.00068625181,-0.010447288,-0.010447288,-,0,0.076831789,0.089182714,8.2531715e-06,0.00086490816,15,1.5,0.02,0.04,-0.05,40,40,40,40,40,10,0
3.67,0.060406636,-0.26887295,0.00018696412,0.0020772309,-0.060406636,0.26887295,-0.00018696412,-0.0020772309,-0.0036264771,-0.0036264771,-,0,0.076850034,0.089544178,8.2533463e-06,0.00086492973,15,1.5,0.02,0.04,-0.05,40,40,40,40,40,10,0
3.675,0.058974664,-0.26834819,9.7261197e-05,-0.0013531612,-0.058974664,0.26834819,-9.7261197e-05,0.0013531612,-0.010125258,-0.010125258,-,0,0.076867424,0.089904231,8.2533936e-06,0.00086493889,15,1.5,0.02,0.04,-0.05,40,40,40,40,40,10,0
3.68,0.057684589,-0.26331466,0.00012210085,-0.0027868815,-0.057684589,0.26331466,-0.00012210085,0.0027868815,-0.011727704,-0.011727704,-,0,0.076884062,0.090250904,8.2534682e-06,0.00086497772,15,1.5,0.02,0.04,-0.05,40,40,40,40,40,10,0
3.685,0.056421649,-0.25765358,0.0001582609,0.0013389052,-0.056421649,0.25765358,-0.0001582609,-0.0013389052,-0.004795439,-0.004795439,-,0,0.076899979,0.090582831,8.2535934e-06,0.00086498669,15,1.5,0.02,0.04,-0.05,40,40,40,40,40,10,0
3.69,0.055027187,-0.25871103,5.0572685e-05,-0.0022569963,-0.055027187,0.25871103,-5.0572685e-05,0.0022569963,-0.011874802,-0.011874802,-,0,0.076915119,0.090917488,8.2536062e-06,0.00086501216,15,1.5,0.02,0.04,-0.05,40,40,40,40,40,10,0
3.695,0.053754073,-0.25463474,4.2266321e-05,-0.003831665,-0.053754073,0.25463474,-4.2266321e-05,0.003831665,-0.014223811,-0.014223811,-,0,0.076929566,0.091241683,8.2536151e-06,0.00086508556,15,1.5,0.02,0.04,-0.05,40,40,40,40,40,10,0
3.7,0.052402674,-0.25529996,-5.4517672e-05,-0.004077177,-0.052402674,0.25529996,5.4517672e-05,0.004077177,-0.016097476,-0.016097476,-,0,0.076943297,0.091567573,8.25363e-06,0.00086516868,15,1.5,0.02,0.04,-0.05,40,40,40,40,40,10,0
3.705,0.050964176,-0.25660025,-0.0002268645,-0.0018102706,-0.050964176,0.25660025,0.0002268645,0.0018102706,-0.0153631,-0.0153631,-,0,0.076956283,0.091896791,8.2538873e-06,0.00086518507,15,1.5,0.02,0.04,-0.05,40,40,40,40,40,10,0
3.71,0.049575536,-0.26042653,-0.00032293582,0.00079465439,-0.049575536,0.26042653,0.00032293582,-0.00079465439,-0.013077606,-0.013077606,-,0,0.076968572,0.092235901,8.2544088e-06,0.00086518822,15,1.5,0.02,0.04,-0.05,40,40,40,40,40,10,0
3.715,0.048039492,-0.26571683,-0.00053055143,0.0031755758,-0.048039492,0.26571683,0.00053055143,-0.0031755758,-0.012862791,-0.012862791,-,0,0.076980111,0.092588928,8.2558162e-06,0.00086523865,15,1.5,0.02,0.04,-0.05,40,40,40,40,40,10,0
3.72,0.046588588,-0.27158448,-0.00061379989,0.0052750234,-0.046588588,0.27158448,0.00061379989,-0.0052750234,-0.011226071,-0.011226071,-,0,0.076990963,0.092957719,8.2576999e-06,0.00086537778,15,1.5,0.02,0.04,-0.05,40,40,40,40,40,10,0
3.725,0.045063513,-0.27798614,-0.00072643084,0.0084983391,-0.045063513,0.27798614,0.00072643084,-0.0084983391,-0.0083671294,-0.0083671294,-,0,0.077001117,0.093344101,8.2603384e-06,0.00086573888,15,1.5,0.02,0.04,-0.05,40,40,40,40,40,10,0
3.73,0.043533748,-0.28530957,-0.00079322641,0.011607491,-0.043533748,0.28530957,0.00079322641,-0.011607491,-0.0050288673,-0.0050288673,-,0,0.077010593,0.093751108,8.2634845e-06,0.00086641255,15,1.5,0.02,0.04,-0.05,40,40,40,40,40,10,0
3.735,0.041993392,-0.29686884,-0.00081820532,0.010570312,-0.041993392,0.29686884,0.00081820532,-0.010570312,-0.007452498,-0.007452498,-,0,0.07701941,0.094191764,8.2668318e-06,0.00086697121,15,1.5,0.02,0.04,-0.05,40,40,40,40,40,10,0
3.74,0.040478775,-0.30482609,-0.00076534316,0.012976966,-0.040478775,0.30482609,0.00076534316,-0.012976966,-0.0033981657,-0.0033981657,-,0,0.077027603,0.094656359,8.2697605e-06,0.00086781322,15,1.5,0.02,0.04,-0.05,40,40,40,40,40,10,0
3.745,0.038827803,-0.3133148,-0.00078632073,0.018421022,-0.038827803,0.3133148,0.00078632073,-0.018421022,0.0040806862,0.0040806862,-,0,0.077035141,0.095147189,8.272852e-06,0.00086950989,15,1.5,0.02,0.04,-0.05,40,40,40,40,40,10,0
3.75,0.037364611,-0.29773224,-0.00064356271,0.016994325,-0.037364611,0.29773224,0.00064356271,-0.016994325,0.0046760495,0.0046760495,-,0,0.077042121,0.095590412,8.2749229e-06,0.00087095392,15,1.5,0.02,0.04,-0.05,40,40,40,40,40,10,0
3.755,0.036071321,-0.28616669,-0.00042195209,0.0092423731,-0.036071321,0.28616669,0.00042195209,-0.0092423731,-0.0031909628,-0.0031909628,-,0,0.077048627,0.095999869,8.2758131e-06,0.00087138103,15,1.5,0.02,0.04,-0.05,40,40,40,40,40,10,0
3.76,0.034967886,-0.2693555,-0.00010248479,0.0082514195,-0.034967886,0.2693555,0.00010248479,-0.0082514195,0.00076499509,0.00076499509,-,0,0.077054741,0.096362631,8.2758656e-06,0.00087172146,15,1.5,0.02,0.04,-0.05,40,40,40,40,40,10,0
3.765,0.033716068,-0.25998864,9.6998544e-09,0.0066115727,-0.033716068,0.25998864,-9.6998544e-09,-0.0066115727,0.00019228031,0.00019228031,-,0,0.077060425,0.096700601,8.2758656e-06,0.00087194003,15,1.5,0.02,0.04,-0.05,40,40,40,40,40,10,0
3.77,0.032583194,-0.25075215,0.00016407074,0.0040516855,-0.032583194,0.25075215,-0.00016407074,-0.0040516855,-0.00083983272,-0.00083983272,-,0,0.077065733,0.097014984,8.2760002e-06,0.00087202211,15,1.5,0.02,0.04,-0.05,40,40,40,40,40,10,0
3.775,0.031393354,-0.24625126,0.00021827845,-0.0012207765,-0.031393354,0.24625126,-0.00021827845,0.0012207765,-0.0077791713,-0.0077791713,-,0,0.077070661,0.097318183,8.2762385e-06,0.00087202956,15,1.5,0.02,0.04,-0.05,40,40,40,40,40,10,0
3.78,0.030178093,-0.23909191,0.00020499276,-0.0015766876,-0.030178093,0.23909191,-0.00020499276,0.0015766876,-0.0082502546,-0.0082502546,-,0,0.077075214,0.097604007,8.2764486e-06,0.00087204199,15,1.5,0.02,0.04,-0.05,40,40,40,40,40,10,0
3.785,0.028948309,-0.23920367,0.00015753451,-0.0032320055,-0.028948309,0.23920367,-0.00015753451,0.0032320055,-0.011474171,-0.011474171,-,0,0.077079404,0.097890099,8.2765726e-06,0.00087209422,15,1.5,0.02,0.04,-0.05,40,40,40,40,40,10,0
3.79,0.027712493,-0.2363569,0.00010186795,-8.2197095e-05,-0.027712493,0.2363569,-0.00010186795,8.2197095e-05,-0.0074953027,-0.0074953027,-,0,0.077083244,0.098169422,8.2766245e-06,0.00087209425,15,1.5,0.02,0.04,-0.05,40,40,40,40,40,10,0
3.795,0.026442341,-0.23795086,2.4171784e-05,0.0022253029,-0.026442341,0.23795086,-2.4171784e-05,-0.0022253029,-0.0052886565,-0.0052886565,-,0,0.07708674,0.098452525,8.2766275e-06,0.00087211901,15,1.5,0.02,0.04,-0.05,40,40,40,40,40,10,0
3.8,0.025094348,-0.24280332,-0.00011475418,0.0003116507,-0.025094348,0.24280332,0.00011475418,-0.0003116507,-0.010464082,-0.010464082,-,0,0.077089889,0.098747293,8.2766933e-06,0.0008721195,15,1.5,0.02,0.04,-0.05,40,40,40,40,40,10,0
3.805,0.02370533,-0.2446884,-0.00027960625,0.0014539999,-0.02370533,0.2446884,0.00027960625,-0.0014539999,-0.011326523,-0.011326523,-,0,0.077092699,0.099046655,8.2770842e-06,0.00087213007,15,1.5,0.02,0.04,-0.05,40,40,40,40,40,10,0
3.81,0.022364238,-0.24598989,-0.00037675676,0.0041144249,-0.022364238,0.24598989,0.00037675676,-0.0041144249,-0.0088720247,-0.0088720247,-,0,0.077095199,0.09934921,8.2777939e-06,0.00087221471,15,1.5,0.02,0.04,-0.05,40,40,40,40,40,10,0
3.815,0.020993382,-0.24711881,-0.00048238344,0.0080873092,-0.020993382,0.24711881,0.00048238344,-0.0080873092,-0.0045696727,-0.0045696727,-,0,0.077097403,0.099654548,8.2789574e-06,0.00087254173,15,1.5,0.02,0.04,-0.05,40,40,40,40,40,10,0
3.82,0.019615004,-0.25319451,-0.00056981117,0.007207103,-0.019615004,0.25319451,0.00056981117,-0.007207103,-0.0074719934,-0.0074719934,-,0,0.077099327,0.099975086,8.2805808e-06,0.00087280144,15,1.5,0.02,0.04,-0.05,40,40,40,40,40,10,0
3.825,0.018378314,-0.25385166,-0.00049277769,0.010680524,-0.018378314,0.25385166,0.00049277769,-0.010680524,-0.0011573799,-0.0011573799,-,0,0.077101016,0.10029729,8.281795e-06,0.00087337181,15,1.5,0.02,0.04,-0.05,40,40,40,40,40,10,0
3.83,0.016958319,-0.26357749,-0.00056773256,0.0086390685,-0.016958319,0.26357749,0.00056773256,-0.0086390685,-0.0057613189,-0.0057613189,-,0,0.077102454,0.10064465,8.2834066e-06,0.00087374498,15,1.5,0.02,0.04,-0.05,40,40,40,40,40,10,0
3.835,0.015623768,-0.26577833,-0.00052565875,0.011849912,-0.015623768,0.26577833,0.00052565875,-0.011849912,-0.00042867119,-0.00042867119,-,0,0.077103674,0.10099785,8.2847882e-06,0.00087444708,15,1.5,0.02,0.04,-0.05,40,40,40,40,40,10,0
3.84,0.014116975,-0.27395248,-0.00061465965,0.013796215,-0.014116975,0.27395248,0.00061465965,-0.013796215,0.00079866766,0.00079866766,-,0,0.07710467,0.10137309,8.2866772e-06,0.00087539876,15,1.5,0.02,0.04,-0.05,40,40,40,40,40,10,0
3.845,0.012678426,-0.27981243,-0.00058952039,0.016496795,-0.012678426,0.27981243,0.00058952039,-0.016496795,0.0049634575,0.0049634575,-,0,0.077105474,0.10176457,8.2884149e-06,0.00087675948,15,1.5,0.02,0.04,-0.05,40,40,40,40,40,10,0
3.85,0.01119586,-0.28533489,-0.00056228211,0.020640384,-0.01119586,0.28533489,0.00056228211,-0.020640384,0.011336865,0.011336865,-,0,0.077106101,0.10217165,8.2899957e-06,0.00087888961,15,1.5,0.02,0.04,-0.05,40,40,40,40,40,10,0
3.855,0.0096590861,-0.29445992,-0.00054309484,0.020474501,-0.0096590861,0.29445992,0.00054309484,-0.020474501,0.010980114,0.010980114,-,0,0.077106567,0.10260518,8.2914704e-06,0.00088098563,15,1.5,0.02,0.04,-0.05,40,40,40,40,40,10,0
3.86,0.0084049704,-0.28424745,-0.00026392642,0.013279605,-0.0084049704,0.28424745,0.00026392642,-0.013279605,0.004758713,0.004758713,-,0,0.077106921,0.10300917,8.2918187e-06,0.00088186737,15,1.5,0.02,0.04,-0.05,40,40,40,40,40,10,0
3.865,0.0073318139,-0.26496419,8.7023642e-05,0.011613491,-0.0073318139,0.26496419,-8.7023642e-05,-0.011613491,0.00827366,0.00827366,-,0,0.077107189,0.1033602,8.2918566e-06,0.00088254174,15,1.5,0.02,0.04,-0.05,40,40,40,40,40,10,0
3.87,0.0061725213,-0.25299589,0.00026425951,0.0083586454,-0.0061725213,0.25299589,-0.00026425951,-0.0083586454,0.0065054756,0.0065054756,-,0,0.07710738,0.10368023,8.2922057e-06,0.00088289107,15,1.5,0.02,0.04,-0.05,40,40,40,40,40,10,0
3.875,0.0050668373,-0.23784476,0.0004173597,0.0077302076,-0.0050668373,0.23784476,-0.0004173597,-0.0077302076,0.0084432533,0.0084432533,-,0,0.077107508,0.10396308,8.2930767e-06,0.00088318985,15,1.5,0.02,0.04,-0.05,40,40,40,40,40,10,0
3.88,0.0039809926,-0.22932442,0.00051954903,0.0031902673,-0.0039809926,0.22932442,-0.00051954903,-0.0031902673,0.0034852795,0.0034852795,-,0,0.077107587,0.10422603,8.2944263e-06,0.00088324074,15,1.5,0.02,0.04,-0.05,40,40,40,40,40,10,0
3.885,0.003151526,-0.22171273,0.00081368834,-0.0019728025,-0.003151526,0.22171273,-0.00081368834,0.0019728025,0.00044064266,0.00044064266,-,0,0.077107637,0.10447181,8.2977368e-06,0.0008832602,15,1.5,0.02,0.04,-0.05,40,40,40,40,40,10,0
3.89,0.0020413159,-0.21602576,0.00077708282,-0.0044641949,-0.0020413159,0.21602576,-0.00077708282,0.0044641949,-0.0036402542,-0.0036402542,-,0,0.077107658,0.10470515,8.3007561e-06,0.00088335985,15,1.5,0.02,0.04,-0.05,40,40,40,40,40,10,0
3.895,0.00097478083,-0.2130238,0.00075327813,-0.0063025645,-0.00097478083,0.2130238,-0.00075327813,0.0063025645,-0.0066561314,-0.0066561314,-,0,0.077107663,0.10493204,8.3035932e-06,0.00088355846,15,1.5,0.02,0.04,-0.05,40,40,40,40,40,10,0
3.9,-0.00010314028,-0.20779396,0.00070575042,-0.0019573225,0.00010314028,0.20779396,-0.00070575042,0.0019573225,-0.00066354855,-0.00066354855,-,0,0.077107663,0.10514794,8.3060836e-06,0.00088357762,15,1.5,0.02,0.04,-0.05,40,40,40,40,40,10,0
3.905,-0.0012059271,-0.21049289,0.00063874175,-0.0022609877,0.0012059271,0.21049289,-0.00063874175,0.0022609877,-0.0022541893,-0.0022541893,-,0,0.07710767,0.10536947,8.3081236e-06,0.00088360318,15,1.5,0.02,0.04,-0.05,40,40,40,40,40,10,0
3.91,-0.002312009,-0.20805622,0.00057313319,0.00013103618,0.002312009,0.20805622,-0.00057313319,-0.00013103618,0.00042506337,0.00042506337,-,0,0.077107697,0.10558591,8.309766e-06,0.00088360326,15,1.5,0.02,0.04,-0.05,40,40,40,40,40,10,0
3.915,-0.0034421502,-0.2132559,0.00049040307,-0.0027266642,0.0034421502,0.2132559,-0.00049040307,0.0027266642,-0.0053330291,-0.0053330291,-,0,0.077107756,0.1058133,8.3109685e-06,0.00088364044,15,1.5,0.02,0.04,-0.05,40,40,40,40,40,10,0
3.92,-0.0045178168,-0.210565,0.00047120478,0.00065746834,0.0045178168,0.210565,-0.00047120478,-0.00065746834,-0.00045868201,-0.00045868201,-,0,0.077107858,0.10603499,8.3120786e-06,0.0008836426,15,1.5,0.02,0.04,-0.05,40,40,40,40,40,10,0
3.925,-0.0056746751,-0.21610905,0.00037599627,-0.0028508221,0.0056746751,0.21610905,-0.00037599627,0.0028508221,-0.0073941446,-0.0073941446,-,0,0.077108019,0.1062685,8.3127855e-06,0.00088368323,15,1.5,0.02,0.04,-0.05,40,40,40,40,40,10,0
3.93,-0.0068137782,-0.21776104,0.0003036487,-0.0041613713,0.0068137782,0.21776104,-0.0003036487,0.0041613713,-0.010534044,-0.010534044,-,0,0.077108251,0.1065056,8.3132465e-06,0.00088376982,15,1.5,0.02,0.04,-0.05,40,40,40,40,40,10,0
3.935,-0.0079931863,-0.22047054,0.00021013579,-0.00071660421,0.0079931863,0.22047054,-0.00021013579,0.00071660421,-0.0069015549,-0.0069015549,-,0,0.077108571,0.10674864,8.3134673e-06,0.00088377239,15,1.5,0.02,0.04,-0.05,40,40,40,40,40,10,0
3.94,-0.0091439649,-0.22531595,0.00018630216,0.0040243618,0.0091439649,0.22531595,-0.00018630216,-0.0040243618,-0.00036444235,-0.00036444235,-,0,0.077108989,0.10700247,8.3136408e-06,0.00088385336,15,1.5,0.02,0.04,-0.05,40,40,40,40,40,10,0
3.945,-0.010440343,-0.23678283,6.2313858e-05,0.0013221277,0.010440343,0.23678283,-6.2313858e-05,-0.0013221277,-0.0067622208,-0.0067622208,-,0,0.077109534,0.10728281,8.3136603e-06,0.0008838621,15,1.5,0.02,0.04,-0.05,40,40,40,40,40,10,0
3.95,-0.011601734,-0.23584059,0.00010926187,0.0084097323,0.011601734,0.23584059,-0.00010926187,-0.0084097323,0.0045878681,0.0045878681,-,0,0.077110207,0.10756091,8.31372e-06,0.00088421572,15,1.5,0.02,0.04,-0.05,40,40,40,40,40,10,0
3.955,-0.013014518,-0.24459259,-4.7544855e-05,0.011447035,0.013014518,0.24459259,4.7544855e-05,-0.011447035,0.0064133851,0.0064133851,-,0,0.077111054,0.10786004,8.3137313e-06,0.00088487089,15,1.5,0.02,0.04,-0.05,40,40,40,40,40,10,0
3.96,-0.01429696,-0.24864137,-3.1820091e-05,0.013609227,0.01429696,0.24864137,3.1820091e-05,-0.013609227,0.0097049446,0.0097049446,-,0,0.077112076,0.10816915,8.3137363e-06,0.00088579695,15,1.5,0.02,0.04,-0.05,40,40,40,40,40,10,0
3.965,-0.01552342,-0.25593192,7.2480309e-05,0.013047345,0.01552342,0.25593192,-7.2480309e-05,-0.013047345,0.010110477,0.010110477,-,0,0.077113281,0.10849666,8.3137626e-06,0.00088664812,15,1.5,0.02,0.04,-0.05,40,40,40,40,40,10,0
3.97,-0.016813605,-0.26215949,0.00014555762,0.013173249,0.016813605,0.26215949,-0.00014555762,-0.013173249,0.011120586,0.011120586,-,0,0.077114694,0.10884029,8.3138685e-06,0.00088751579,15,1.5,0.02,0.04,-0.05,40,40,40,40,40,10,0
3.975,-0.018299919,-0.26935584,5.8753626e-05,0.013829374,0.018299919,0.26935584,-5.8753626e-05,-0.013829374,0.010485134,0.010485134,-,0,0.077116368,0.10920306,8.3138858e-06,0.00088847205,15,1.5,0.02,0.04,-0.05,40,40,40,40,40,10,0
3.98,-0.019653174,-0.27450785,0.00014773407,0.017691364,0.019653174,0.27450785,-0.00014773407,-0.017691364,0.01737968,0.01737968,-,0,0.0771183,0.10957983,8.3139949e-06,0.00089003697,15,1.5,0.02,0.04,-0.05,40,40,40,40,40,10,0
3.985,-0.02077601,-0.26470464,0.00045781646,0.014506221,0.02077601,0.26470464,-0.00045781646,-0.014506221,0.017622872,0.017622872,-,0,0.077120458,0.10993017,8.3150429e-06,0.00089108912,15,1.5,0.02,0.04,-0.05,40,40,40,40,40,10,0
3.99,-0.021748097,-0.24867815,0.0008174894,0.0093300109,0.021748097,0.24867815,-0.0008174894,-0.0093300109,0.015875269,0.015875269,-,0,0.077122823,0.11023938,8.3183843e-06,0.00089152437,15,1.5,0.02,0.04,-0.05,40,40,40,40,40,10,0
3.995,-0.022612062,-0.23537418,0.0011837918,0.0029185022,0.022612062,0.23537418,-0.0011837918,-0.0029185022,0.012267422,0.012267422,-,0,0.077125379,0.11051638,8.3253911e-06,0.00089156695,15,1.5,0.02,0.04,-0.05,40,40,40,40,40,10,0
4,-0.023538151,-0.22221575,0.0013974199,-0.00097240305,0.023538151,0.22221575,-0.0013974199,0.00097240305,0.010143301,0.010143301,-,0,0.07712815,0.11076328,8.3351551e-06,0.00089157168,15,1.5,0.02,0.04,-0.05,40,40,40,40,40,10,0
4.005,-0.024479845,-0.21059117,0.0015214657,-0.002651852,0.024479845,0.21059117,-0.0015214657,0.002651852,0.0099309639,0.0099309639,-,0,0.077131146,0.11098502,8.3467293e-06,0.00089160684,15,1.5,0.02,0.04,-0.05,40,40,40,40,40,10,0
4.01,-0.025370587,-0.20433514,0.0016381477,-0.0069746151,0.025370587,0.20433514,-0.0016381477,0.0069746151,0.0054294755,0.0054294755,-,0,0.077134364,0.11119379,8.360147e-06,0.00089185007,15,1.5,0.02,0.04,-0.05,40,40,40,40,40,10,0
4.015,-0.026255381,-0.19761075,0.0017122505,-0.0093805742,0.026255381,0.19761075,-0.0017122505,0.0093805742,0.003183359,0.003183359,-,0,0.077137811,0.11138904,8.374806e-06,0.00089229004,15,1.5,0.02,0.04,-0.05,40,40,40,40,40,10,0
4.02,-0.027225993,-0.19328922,0.0016672749,-0.010064844,0.027225993,0.19328922,-0.0016672749,0.010064844,0.0016357697,0.0016357697,-,0,0.077141517,0.11157584,8.388705e-06,0.00089279655,15,1.5,0.02,0.04,-0.05,40,40,40,40,40,10,0
4.025,-0.02821608,-0.19194706,0.001585785,-0.011067862,0.02821608,0.19194706,-0.001585785,0.011067862,-0.0010572215,-0.0010572215,-,0,0.077145498,0.11176006,8.4012786e-06,0.00089340904,15,1.5,0.02,0.04,-0.05,40,40,40,40,40,10,0
4.03,-0.029183036,-0.19150596,0.0015223102,-0.010769339,0.029183036,0.19150596,-0.0015223102,0.010769339,-0.0015632546,-0.0015632546,-,0,0.077149756,0.11194343,8.4128657e-06,0.00089398893,15,1.5,0.02,0.04,-0.05,40,40,40,40,40,10,0
4.035,-0.030132094,-0.19142504,0.0014848093,-0.0079009638,0.030132094,0.19142504,-0.0014848093,0.0079009638,0.00216105,0.00216105,-,0,0.077154296,0.11212665,8.423889e-06,0.00089430106,15,1.5,0.02,0.04,-0.05,40,40,40,40,40,10,0
4.04,-0.031253322,-0.19394161,0.0012937287,-0.0060757295,0.031253322,0.19394161,-0.0012937287,0.0060757295,0.001909606,0.001909606,-,0,0.07715918,0.11231472,8.4322577e-06,0.00089448563,15,1.5,0.02,0.04,-0.05,40,40,40,40,40,10,0
4.045,-0.032231068,-0.19835159,0.0012644958,-0.0072557958,0.032231068,0.19835159,-0.0012644958,0.0072557958,-0.00049494182,-0.00049494182,-,0,0.077164374,0.11251143,8.4402524e-06,0.00089474886,15,1.5,0.02,0.04,-0.05,40,40,40,40,40,10,0
4.05,-0.033289667,-0.20008337,0.0011744174,-0.0047633065,0.033289667,0.20008337,-0.0011744174,0.0047633065,0.0018021737,0.0018021737,-,0,0.077169915,0.1127116,8.4471487e-06,0.00089486231,15,1.5,0.02,0.04,-0.05,40,40,40,40,40,10,0
4.055,-0.034409227,-0.20564137,0.0010463231,-0.0051136019,0.034409227,0.20564137,-0.0010463231,0.0051136019,-0.00088939512,-0.00088939512,-,0,0.077175835,0.11292304,8.4526227e-06,0.00089499305,15,1.5,0.02,0.04,-0.05,40,40,40,40,40,10,0
4.06,-0.035452938,-0.21210205,0.0010121048,-0.0091776254,0.035452938,0.21210205,-0.0010121048,0.0091776254,-0.0077780062,-0.0077780062,-,0,0.07718212,0.11314798,8.4577445e-06,0.0008954142,15,1.5,0.02,0.04,-0.05,40,40,40,40,40,10,0
4.065,-0.036530898,-0.21105917,0.00096424904,-0.002793336,0.036530898,0.21105917,-0.00096424904,0.002793336,0.0011007469,0.0011007469,-,0,0.077188792,0.11337071,8.4623934e-06,0.00089545321,15,1.5,0.02,0.04,-0.05,40,40,40,40,40,10,0
4.07,-0.037866743,-0.22048441,0.00070245939,-0.0011212669,0.037866743,0.22048441,-0.00070245939,0.0011212669,-0.00072172064,-0.00072172064,-,0,0.077195961,0.11361378,8.4648606e-06,0.0008954595,15,1.5,0.02,0.04,-0.05,40,40,40,40,40,10,0
4.075,-0.039182925,-0.22612358,0.0005031627,0.00012439368,0.039182925,0.22612358,-0.0005031627,-0.00012439368,-0.0020945707,-0.0020945707,-,0,0.077203638,0.11386943,8.4661265e-06,0.00089545957,15,1.5,0.02,0.04,-0.05,40,40,40,40,40,10,0
4.08,-0.040453487,-0.22951704,0.00039181167,0.0062549109,0.040453487,0.22951704,-0.00039181167,-0.0062549109,0.0052697901,0.0052697901,-,0,0.07721182,0.11413283,8.466894e-06,0.00089565519,15,1.5,0.02,0.04,-0.05,40,40,40,40,40,10,0
4.085,-0.041813854,-0.24061947,0.00024546469,0.0070820002,0.041813854,0.24061947,-0.00024546469,-0.0070820002,0.0038439148,0.0038439148,-,0,0.077220562,0.11442231,8.4671953e-06,0.00089590597,15,1.5,0.02,0.04,-0.05,40,40,40,40,40,10,0
4.09,-0.043193922,-0.25174444,0.00012979761,0.0048027042,0.043193922,0.25174444,-0.00012979761,-0.0048027042,-0.0017826353,-0.0017826353,-,0,0.077229891,0.11473919,8.4672795e-06,0.0008960213,15,1.5,0.02,0.04,-0.05,40,40,40,40,40,10,0
4.095,-0.044530067,-0.2596418,0.00010993661,0.0083132738,0.044530067,0.2596418,-0.00010993661,-0.0083132738,0.0028426865,0.0028426865,-,0,0.077239806,0.11507626,8.46734e-06,0.00089636685,15,1.5,0.02,0.04,-0.05,40,40,40,40,40,10,0
4.1,-0.046049571,-0.27305487,-2.0366914e-05,0.011610339,0.046049571,0.27305487,2.0366914e-05,-0.011610339,0.005266819,0.005266819,-,0,0.077250408,0.11544905,8.4673421e-06,0.00089704085,15,1.5,0.02,0.04,-0.05,40,40,40,40,40,10,0
4.105,-0.04754032,-0.28386232,-4.179565e-05,0.016385293,0.04754032,0.28386232,4.179565e-05,-0.016385293,0.011645705,0.011645705,-,0,0.077261709,0.11585194,8.4673508e-06,0.00089838324,15,1.5,0.02,0.04,-0.05,40,40,40,40,40,10,0
4.11,-0.049133577,-0.29567308,-8.6740025e-05,0.020526995,0.049133577,0.29567308,8.6740025e-05,-0.020526995,0.016679798,0.016679798,-,0,0.077273779,0.11628906,8.4673884e-06,0.00090049003,15,1.5,0.02,0.04,-0.05,40,40,40,40,40,10,0
4.115,-0.050300451,-0.28400982,0.00027634692,0.015647525,0.050300451,0.28400982,-0.00027634692,-0.015647525,0.015250089,0.015250089,-,0,0.07728643,0.11669236,8.4677702e-06,0.00090171425,15,1.5,0.02,0.04,-0.05,40,40,40,40,40,10,0
4.12,-0.05138533,-0.27322606,0.0006364261,0.008905352,0.05138533,0.27322606,-0.0006364261,-0.008905352,0.010947671,0.010947671,-,0,0.077299632,0.11706563,8.4697954e-06,0.00090211078,15,1.5,0.02,0.04,-0.05,40,40,40,40,40,10,0
4.125,-0.052601557,-0.26350871,0.00078571006,0.0038077699,0.052601557,0.26350871,-0.00078571006,-0.0038077699,0.0059049264,0.0059049264,-,0,0.077313467,0.11741281,8.4728821e-06,0.00090218327,15,1.5,0.02,0.04,-0.05,40,40,40,40,40,10,0
4.13,-0.053741955,-0.25205781,0.00095017329,0.0049103262,0.053741955,0.25205781,-0.00095017329,-0.0049103262,0.010460937,0.010460937,-,0,0.077327908,0.11773048,8.4773963e-06,0.00090230383,15,1.5,0.02,0.04,-0.05,40,40,40,40,40,10,0
4.135,-0.054950976,-0.2448658,0.0010089054,0.0066257326,0.054950976,0.2448658,-0.0010089054,-0.0066257326,0.014178528,0.014178528,-,0,0.077343006,0.11803027,8.4824857e-06,0.00090252333,15,1.5,0.02,0.04,-0.05,40,40,40,40,40,10,0
4.14,-0.055982054,-0.24271008,0.0012144105,0.0020384049,0.055982054,0.24271008,-0.0012144105,-0.0020384049,0.01044572,0.01044572,-,0,0.077358676,0.11832481,8.4898597e-06,0.00090254411,15,1.5,0.02,0.04,-0.05,40,40,40,40,40,10,0
4.145,-0.056998391,-0.2346725,0.0013986451,0.0025618535,0.056998391,0.2346725,-0.0013986451,-0.0025618535,0.014295589,0.014295589,-,0,0.07737492,0.11860017,8.4996407e-06,0.00090257692,15,1.5,0.02,0.04,-0.05,40,40,40,40,40,10,0
4.15,-0.058185161,-0.23417448,0.0013866674,-0.00052813524,0.058185161,0.23417448,-0.0013866674,0.00052813524,0.0094771254,0.0094771254,-,0,0.077391848,0.11887436,8.509255e-06,0.00090257832,15,1.5,0.02,0.04,-0.05,40,40,40,40,40,10,0
4.155,-0.059224665,-0.23000777,0.0015012701,-0.00086735162,0.059224665,0.23000777,-0.0015012701,0.00086735162,0.01083322,0.01083322,-,0,0.077409385,0.11913888,8.520524e-06,0.00090258208,15,1.5,0.02,0.04,-0.05,40,40,40,40,40,10,0
4.16,-0.060368489,-0.23032616,0.0015027448,-0.0011195518,0.060368489,0.23032616,-0.0015027448,0.0011195518,0.010441428,0.010441428,-,0,0.077427607,0.11940413,8.5318152e-06,0.00090258835,15,1.5,0.02,0.04,-0.05,40,40,40,40,40,10,0
4.165,-0.061383486,-0.23296265,0.0016353115,-0.0030447846,0.061383486,0.23296265,-0.0016353115,0.0030447846,0.0094163203,0.0094163203,-,0,0.077446447,0.11967548,8.5451865e-06,0.0009026347,15,1.5,0.02,0.04,-0.05,40,40,40,40,40,10,0
4.17,-0.062600788,-0.23423449,0.0015738827,-0.0023721525,0.062600788,0.23423449,-0.0015738827,0.0023721525,0.0094286157,0.0094286157,-,0,0.077466041,0.11994981,8.557572e-06,0.00090266284,15,1.5,0.02,0.04,-0.05,40,40,40,40,40,10,0
4.175,-0.063726602,-0.2368151,0.0016128792,-0.0029282375,0.063726602,0.2368151,-0.0016128792,0.0029282375,0.0090536953,0.0090536953,-,0,0.077486347,0.12023022,8.5705789e-06,0.00090270571,15,1.5,0.02,0.04,-0.05,40,40,40,40,40,10,0
4.18,-0.064862448,-0.23783838,0.0016563063,-0.00047869944,0.064862448,0.23783838,-0.0016563063,0.00047869944,0.013315761,0.013315761,-,0,0.077507382,0.12051306,8.5842956e-06,0.00090270685,15,1.5,0.02,0.04,-0.05,40,40,40,40,40,10,0
4.185,-0.066027681,-0.23983361,0.0016901558,0.0013701186,0.066027681,0.23983361,-0.0016901558,-0.0013701186,0.016493617,0.016493617,-,0,0.07752918,0.12080066,8.5985788e-06,0.00090271624,15,1.5,0.02,0.04,-0.05,40,40,40,40,40,10,0
4.19,-0.067244584,-0.24298598,0.0016839455,-1.0330077e-05,0.067244584,0.24298598,-0.0016839455,1.0330077e-05,0.014179356,0.014179356,-,0,0.07755179,0.12109587,8.6127571e-06,0.00090271624,15,1.5,0.02,0.04,-0.05,40,40,40,40,40,10,0
4.195,-0.068369548,-0.2466803,0.0017772505,-0.0023568826,0.068369548,0.2466803,-0.0017772505,0.0023568826,0.01188883,0.01188883,-,0,0.077575162,0.12140012,8.6285502e-06,0.00090274401,15,1.5,0.02,0.04,-0.05,40,40,40,40,40,10,0
4.2,-0.069496225,-0.25269312,0.0018847532,-0.0039604048,0.069496225,0.25269312,-0.0018847532,0.0039604048,0.010833042,0.010833042,-,0,0.07759931,0.12171939,8.6463117e-06,0.00090282244,15,1.5,0.02,0.04,-0.05,40,40,40,40,40,10,0
4.205,-0.070841398,-0.25650229,0.0018051774,-0.00025312956,0.070841398,0.25650229,-0.0018051774,0.00025312956,0.015021047,0.015021047,-,0,0.077624403,0.12204836,8.662605e-06,0.00090282276,15,1.5,0.02,0.04,-0.05,40,40,40,40,40,10,0
4.21,-0.072136164,-0.25927893,0.0018205659,0.0068336655,0.072136164,0.25927893,-0.0018205659,-0.0068336655,0.025745106,0.025745106,-,0,0.077650421,0.12238449,8.6791773e-06,0.00090305625,15,1.5,0.02,0.04,-0.05,40,40,40,40,40,10,0
4.215,-0.073367624,-0.26238183,0.0019271584,0.00033701556,0.073367624,0.26238183,-0.0019271584,-0.00033701556,0.017450274,0.017450274,-,0,0.077677335,0.12272871,8.697747e-06,0.00090305682,15,1.5,0.02,0.04,-0.05,40,40,40,40,40,10,0
4.22,-0.074311626,-0.24422956,0.0022173828,-0.0077474094,0.074311626,0.24422956,-0.0022173828,0.0077474094,0.010384213,0.010384213,-,0,0.077704946,0.12302695,8.722331e-06,0.00090335693,15,1.5,0.02,0.04,-0.05,40,40,40,40,40,10,0
4.225,-0.075250782,-0.22977912,0.002401865,-0.012686205,0.075250782,0.22977912,-0.002401865,0.012686205,0.0063024878,0.0063024878,-,0,0.077733259,0.12329094,8.7511757e-06,0.00090416163,15,1.5,0.02,0.04,-0.05,40,40,40,40,40,10,0
4.23,-0.076221652,-0.21426693,0.0024755863,-0.010609798,0.076221652,0.21426693,-0.0024755863,0.010609798,0.011123988,0.011123988,-,0,0.077762308,0.12352049,8.7818184e-06,0.00090472447,15,1.5,0.02,0.04,-0.05,40,40,40,40,40,10,0
4.235,-0.077227042,-0.21304093,0.0024595655,-0.018842266,0.077227042,0.21304093,-0.0024595655,0.018842266,-0.001436094,-0.001436094,-,0,0.077792128,0.12374742,8.8120657e-06,0.00090649963,15,1.5,0.02,0.04,-0.05,40,40,40,40,40,10,0
4.24,-0.078112588,-0.19937726,0.0025108942,-0.016379366,0.078112588,0.19937726,-0.0025108942,0.016379366,0.003557022,0.003557022,-,0,0.077822636,0.12394618,8.8435886e-06,0.00090784104,15,1.5,0.02,0.04,-0.05,40,40,40,40,40,10,0
4.245,-0.079187291,-0.19829797,0.0023448381,-0.017247516,0.079187291,0.19829797,-0.0023448381,0.017247516,-0.00021436584,-0.00021436584,-,0,0.077853989,0.12414279,8.87108e-06,0.00090932843,15,1.5,0.02,0.04,-0.05,40,40,40,40,40,10,0
4.25,-0.08007282,-0.19584879,0.0023524397,-0.018673927,0.08007282,0.19584879,-0.0023524397,0.018673927,-0.002159703,-0.002159703,-,0,0.077886048,0.12433458,8.8987498e-06,0.00091107201,15,1.5,0.02,0.04,-0.05,40,40,40,40,40,10,0
4.255,-0.081023698,-0.19327462,0.0022861982,-0.016349125,0.081023698,0.19327462,-0.0022861982,0.016349125,0.00041782704,0.00041782704,-,0,0.077918872,0.12452135,8.9248833e-06,0.00091240848,15,1.5,0.02,0.04,-0.05,40,40,40,40,40,10,0
4.26,-0.082021672,-0.1976431,0.002178998,-0.018504979,0.082021672,0.1976431,-0.002178998,0.018504979,-0.0046186559,-0.0046186559,-,0,0.077952509,0.12471666,8.9486235e-06,0.00091412065,15,1.5,0.02,0.04,-0.05,40,40,40,40,40,10,0
4.265,-0.083118504,-0.19864949,0.0019823489,-0.018141331,0.083118504,0.19864949,-0.0019823489,0.018141331,-0.0070851121,-0.0070851121,-,0,0.077987053,0.12491397,8.968272e-06,0.00091576619,15,1.5,0.02,0.04,-0.05,40,40,40,40,40,10,0
4.27,-0.084164609,-0.20006592,0.0018500875,-0.015646966,0.084164609,0.20006592,-0.0018500875,0.015646966,-0.0054050664,-0.0054050664,-,0,0.078022471,0.1251141,8.9853862e-06,0.00091699032,15,1.5,0.02,0.04,-0.05,40,40,40,40,40,10,0
4.275,-0.085286882,-0.20513263,0.0016641059,-0.016171106,0.085286882,0.20513263,-0.0016641059,0.016171106,-0.0092061136,-0.0092061136,-,0,0.078058841,0.1253245,8.9992324e-06,0.00091829785,15,1.5,0.02,0.04,-0.05,40,40,40,40,40,10,0
4.28,-0.086370607,-0.20695582,0.0015373186,-0.013777293,0.086370607,0.20695582,-0.0015373186,0.013777293,-0.0076118048,-0.0076118048,-,0,0.07809614,0.12553866,9.0110491e-06,0.00091924692,15,1.5,0.02,0.04,-0.05,40,40,40,40,40,10,0
4.285,-0.087519082,-0.21411613,0.0013780382,-0.012989507,0.087519082,0.21411613,-0.0013780382,0.012989507,-0.0091287138,-0.0091287138,-,0,0.078134438,0.12576788,9.0205441e-06,0.00092009055,15,1.5,0.02,0.04,-0.05,40,40,40,40,40,10,0
4.29,-0.088698,-0.21936494,0.001229054,-0.0099514896,0.088698,0.21936494,-0.001229054,0.0099514896,-0.0070399816,-0.0070399816,-,0,0.078173775,0.12600849,9.028097e-06,0.00092058571,15,1.5,0.02,0.04,-0.05,40,40,40,40,40,10,0
4.295,-0.089865907,-0.22665424,0.0011396549,-0.0065749536,0.089865907,0.22665424,-0.0011396549,0.0065749536,-0.0036310946,-0.0036310946,-,0,0.078214154,0.12626535,9.034591e-06,0.00092080186,15,1.5,0.02,0.04,-0.05,40,40,40,40,40,10,0
4.3,-0.091181027,-0.23505983,0.00095678493,-0.0041443696,0.091181027,0.23505983,-0.00095678493,0.0041443696,-0.0030907943,-0.0030907943,-,0,0.078255724,0.12654162,9.0391682e-06,0.00092088774,15,1.5,0.02,0.04,-0.05,40,40,40,40,40,10,0
4.305,-0.092533246,-0.24150649,0.00078886034,-0.00045017646,0.092533246,0.24150649,-0.00078886034,0.00045017646,-0.00035328393,-0.00035328393,-,0,0.078298536,0.12683324,9.0422797e-06,0.00092088876,15,1.5,0.02,0.04,-0.05,40,40,40,40,40,10,0
4.31,-0.093860781,-0.24933961,0.00070014314,0.0031178752,0.093860781,0.24933961,-0.00070014314,-0.0031178752,0.0033281601,0.0033281601,-,0,0.078342585,0.12714409,9.0447307e-06,0.00092093736,15,1.5,0.02,0.04,-0.05,40,40,40,40,40,10,0
4.315,-0.095155832,-0.2574203,0.00069437621,3.6021153e-05,0.095155832,0.2574203,-0.00069437621,-3.6021153e-05,-0.0017302537,-0.0017302537,-,0,0.078387858,0.12747542,9.0471415e-06,0.00092093737,15,1.5,0.02,0.04,-0.05,40,40,40,40,40,10,0
4.32,-0.096220759,-0.2414075,0.00085787305,-0.0033756732,0.096220759,0.2414075,-0.00085787305,0.0033756732,-0.0037761291,-0.0037761291,-,0,0.07843415,0.12776681,9.0508212e-06,0.00092099434,15,1.5,0.02,0.04,-0.05,40,40,40,40,40,10,0
4.325,-0.097286332,-0.23068422,0.00093787568,-0.0073087363,0.097286332,0.23068422,-0.00093787568,0.0073087363,-0.0080680646,-0.0080680646,-,0,0.078481474,0.12803288,9.0552193e-06,0.00092126143,15,1.5,0.02,0.04,-0.05,40,40,40,40,40,10,0
4.33,-0.098326753,-0.22193956,0.00097811055,-0.01043503,0.098326753,0.22193956,-0.00097811055,0.01043503,-0.011825005,-0.011825005,-,0,0.078529814,0.12827917,9.0600028e-06,0.00092180588,15,1.5,0.02,0.04,-0.05,40,40,40,40,40,10,0
4.335,-0.099452725,-0.21313388,0.00088593129,-0.0093520265,0.099452725,0.21313388,-0.00088593129,0.0093520265,-0.01125348,-0.01125348,-,0,0.078579269,0.1285063,9.0639272e-06,0.00092224318,15,1.5,0.02,0.04,-0.05,40,40,40,40,40,10,0
4.34,-0.10054525,-0.21341348,0.00079983087,-0.013609378,0.10054525,0.21341348,-0.00079983087,0.013609378,-0.018964048,-0.018964048,-,0,0.078629815,0.12873403,9.0671258e-06,0.00092316926,15,1.5,0.02,0.04,-0.05,40,40,40,40,40,10,0
4.345,-0.1016633,-0.20443965,0.00067127202,-0.0076260399,0.1016633,0.20443965,-0.00067127202,0.0076260399,-0.011580831,-0.011580831,-,0,0.078681492,0.128943,9.0693788e-06,0.00092346004,15,1.5,0.02,0.04,-0.05,40,40,40,40,40,10,0
4.35,-0.1028934,-0.20912113,0.00043439643,-0.0090767067,0.1028934,0.20912113,-0.00043439643,0.0090767067,-0.017521827,-0.017521827,-,0,0.078734428,0.12916166,9.0703223e-06,0.00092387197,15,1.5,0.02,0.04,-0.05,40,40,40,40,40,10,0
4.355,-0.10408433,-0.20717861,0.00024268821,-0.0072635221,0.10408433,0.20717861,-0.00024268821,0.0072635221,-0.017623791,-0.017623791,-,0,0.078788595,0.12937628,9.0706168e-06,0.00092413577,15,1.5,0.02,0.04,-0.05,40,40,40,40,40,10,0
4.36,-0.10530489,-0.20961376,3.6114815e-05,-0.0047129975,0.10530489,0.20961376,-3.6114815e-05,0.0047129975,-0.017018422,-0.017018422,-,0,0.078844041,0.12959597,9.0706234e-06,0.00092424683,15,1.5,0.02,0.04,-0.05,40,40,40,40,40,10,0
4.365,-0.1065266,-0.2142054,-0.00014806845,-0.0048114422,0.1065266,0.2142054,0.00014806845,0.0048114422,-0.020136938,-0.020136938,-,0,0.078900781,0.12982539,9.070733e-06,0.00092436258,15,1.5,0.02,0.04,-0.05,40,40,40,40,40,10,0
4.37,-0.10779254,-0.21684708,-0.00035745464,-0.0044814384,0.10779254,0.21684708,0.00035745464,0.0044814384,-0.022913711,-0.022913711,-,0,0.078958877,0.1300605,9.0713718e-06,0.000924463,15,1.5,0.02,0.04,-0.05,40,40,40,40,40,10,0
4.375,-0.10912187,-0.22047818,-0.00060831811,-0.002378513,0.10912187,0.22047818,0.00060831811,0.002378513,-0.023694106,-0.023694106,-,0,0.079018415,0.13030355,9.0732221e-06,0.00092449128,15,1.5,0.02,0.04,-0.05,40,40,40,40,40,10,0
4.38,-0.11047653,-0.22314968,-0.00084627228,0.0038782972,0.11047653,0.22314968,0.00084627228,-0.0038782972,-0.018012156,-0.018012156,-,0,0.07907944,0.13055253,9.076803e-06,0.00092456649,15,1.5,0.02,0.04,-0.05,40,40,40,40,40,10,0
4.385,-0.11197213,-0.23573734,-0.0011746298,0.0021915393,0.11197213,0.23573734,0.0011746298,-0.0021915393,-0.026001074,-0.026001074,-,0,0.079142129,0.13083039,9.0837018e-06,0.0009245905,15,1.5,0.02,0.04,-0.05,40,40,40,40,40,10,0
4.39,-0.11331464,-0.23850537,-0.0013016564,0.0082457126,0.11331464,0.23850537,0.0013016564,-0.0082457126,-0.018962785,-0.018962785,-,0,0.07920633,0.13111482,9.0921733e-06,0.00092493046,15,1.5,0.02,0.04,-0.05,40,40,40,40,40,10,0
4.395,-0.11488733,-0.24889998,-0.0015947766,0.013340299,0.11488733,0.24889998,0.0015947766,-0.013340299,-0.016164945,-0.016164945,-,0,0.079272325,0.13142457,9.1048899e-06,0.00092582028,15,1.5,0.02,0.04,-0.05,40,40,40,40,40,10,0
4.4,-0.11636154,-0.25824568,-0.0017204158,0.016676465,0.11636154,0.25824568,0.0017204158,-0.016676465,-0.013448596,-0.013448596,-,0,0.079340025,0.13175803,9.119689e-06,0.0009272108,15,1.5,0.02,0.04,-0.05,40,40,40,40,40,10,0
4.405,-0.11792364,-0.26845279,-0.0018706919,0.019113155,0.11792364,0.26845279,0.0018706919,-0.019113155,-0.012487229,-0.012487229,-,0,0.079409555,0.13211836,9.1371865e-06,0.00092903737,15,1.5,0.02,0.04,-0.05,40,40,40,40,40,10,0
4.41,-0.11945245,-0.27961744,-0.0019242167,0.020676972,0.11945245,0.27961744,0.0019242167,-0.020676972,-0.011421539,-0.011421539,-,0,0.0794809,0.13250929,9.1556995e-06,0.00093117505,15,1.5,0.02,0.04,-0.05,40,40,40,40,40,10,0
4.415,-0.12106468,-0.28785878,-0.0019937395,0.02643724,0.12106468,0.28785878,0.0019937395,-0.02643724,-0.0041858765,-0.0041858765,-,0,0.079554183,0.1329236,9.1755745e-06,0.00093466969,15,1.5,0.02,0.04,-0.05,40,40,40,40,40,10,0
4.42,-0.12267598,-0.29767135,-0.0019885001,0.031912522,0.12267598,0.29767135,0.0019885001,-0.031912522,0.0036809087,0.0036809087,-,0,0.07962943,0.13336665,9.1953452e-06,0.00093976174,15,1.5,0.02,0.04,-0.05,40,40,40,40,40,10,0
4.425,-0.12434935,-0.31095538,-0.0019765773,0.03136484,0.12434935,0.31095538,0.0019765773,-0.03136484,0.0024733982,0.0024733982,-,0,0.079706744,0.13385011,9.2148794e-06,0.0009446805,15,1.5,0.02,0.04,-0.05,40,40,40,40,40,10,0
4.43,-0.12586626,-0.31681995,-0.0017531765,0.035357557,0.12586626,0.31681995,0.0017531765,-0.035357557,0.011548564,0.011548564,-,0,0.079785955,0.13435199,9.2302476e-06,0.00095093129,15,1.5,0.02,0.04,-0.05,40,40,40,40,40,10,0
4.435,-0.12753798,-0.32389094,-0.0016264681,0.04109527,0.12753798,0.32389094,0.0016264681,-0.04109527,0.021739486,0.021739486,-,0,0.079867285,0.13487651,9.2434746e-06,0.00095937539,15,1.5,0.02,0.04,-0.05,40,40,40,40,40,10,0
4.44,-0.12877357,-0.3107131,-0.0011021413,0.033164027,0.12877357,0.3107131,0.0011021413,-0.033164027,0.018209926,0.018209926,-,0,0.079950198,0.13535923,9.2495482e-06,0.00096487466,15,1.5,0.02,0.04,-0.05,40,40,40,40,40,10,0
4.445,-0.12990102,-0.29058114,-0.00058625516,0.028228794,0.12990102,0.29058114,0.00058625516,-0.028228794,0.019328098,0.019328098,-,0,0.08003457,0.13578141,9.2512666e-06,0.00096885898,15,1.5,0.02,0.04,-0.05,40,40,40,40,40,10,0
4.45,-0.13101751,-0.27833843,-0.00017202629,0.019629093,0.13101751,0.27833843,0.00017202629,-0.019629093,0.013109358,0.013109358,-,0,0.080120398,0.13616877,9.2514146e-06,0.00097078549,15,1.5,0.02,0.04,-0.05,40,40,40,40,40,10,0
4.455,-0.1320355,-0.25894681,0.00024007916,0.019351701,0.1320355,0.25894681,-0.00024007916,-0.019351701,0.019630156,0.019630156,-,0,0.080207564,0.13650404,9.2517028e-06,0.00097265793,15,1.5,0.02,0.04,-0.05,40,40,40,40,40,10,0
4.46,-0.13306179,-0.25035774,0.00056274459,0.01398796,0.13306179,0.25035774,-0.00056274459,-0.01398796,0.016747564,0.016747564,-,0,0.080296092,0.13681744,9.2532862e-06,0.00097363624,15,1.5,0.02,0.04,-0.05,40,40,40,40,40,10,0
4.465,-0.13398838,-0.2376385,0.00090796692,0.010285676,0.13398838,0.2376385,-0.00090796692,-0.010285676,0.01686271,0.01686271,-,0,0.080385856,0.1370998,9.2574082e-06,0.00097416522,15,1.5,0.02,0.04,-0.05,40,40,40,40,40,10,0
4.47,-0.13494118,-0.22543437,0.0011551649,0.0094886909,0.13494118,0.22543437,-0.0011551649,-0.0094886909,0.019844311,0.019844311,-,0,0.080476902,0.1373539,9.2640802e-06,0.00097461539,15,1.5,0.02,0.04,-0.05,40,40,40,40,40,10,0
4.475,-0.13588857,-0.22132258,0.0013471118,0.0020381273,0.13588857,0.22132258,-0.0013471118,-0.0020381273,0.011693193,0.011693193,-,0,0.08056923,0.13759882,9.2731538e-06,0.00097463616,15,1.5,0.02,0.04,-0.05,40,40,40,40,40,10,0
4.48,-0.13665638,-0.20948086,0.0016595032,0.001867193,0.13665638,0.20948086,-0.0016595032,-0.001867193,0.016580976,0.016580976,-,0,0.080662605,0.13781823,9.2869235e-06,0.0009746536,15,1.5,0.02,0.04,-0.05,40,40,40,40,40,10,0
4.485,-0.13755119,-0.20576637,0.001804545,0.00013319463,0.13755119,0.20576637,-0.001804545,-0.00013319463,0.016286289,0.016286289,-,0,0.080757207,0.13802993,9.3032055e-06,0.00097465369,15,1.5,0.02,0.04,-0.05,40,40,40,40,40,10,0
4.49,-0.13848753,-0.19984057,0.0018755383,-0.0011515794,0.13848753,0.19984057,-0.0018755383,0.0011515794,0.015642333,0.015642333,-,0,0.080853101,0.13822961,9.3207937e-06,0.00097466032,15,1.5,0.02,0.04,-0.05,40,40,40,40,40,10,0
4.495,-0.13933218,-0.1970555,0.0020066676,-0.0040819189,0.13933218,0.1970555,-0.0020066676,0.0040819189,0.013308272,0.013308272,-,0,0.080950168,0.13842376,9.3409273e-06,0.00097474363,15,1.5,0.02,0.04,-0.05,40,40,40,40,40,10,0
4.5,-0.14024813,-0.19085837,0.0020429905,-0.0019146917,0.14024813,0.19085837,-0.0020429905,0.0019146917,0.017333523,0.017333523,-,0,0.081048516,0.1386059,9.3617963e-06,0.00097476196,15,1.5,0.02,0.04,-0.05,40,40,40,40,40,10,0
4.505,-0.14110927,-0.19286868,0.0021222005,-0.0052161116,0.14110927,0.19286868,-0.0021222005,0.0052161116,0.013471908,0.013471908,-,0,0.081148075,0.13879189,9.384315e-06,0.000974898,15,1.5,0.02,0.04,-0.05,40,40,40,40,40,10,0
4.51,-0.14200635,-0.19304078,0.0021550665,-0.0079922254,0.14200635,0.19304078,-0.0021550665,0.0079922254,0.0097759017,0.0097759017,-,0,0.081248904,0.13897821,9.4075365e-06,0.00097521737,15,1.5,0.02,0.04,-0.05,40,40,40,40,40,10,0
4.515,-0.14294661,-0.18965952,0.0021368272,-0.006539158,0.14294661,0.18965952,-0.0021368272,0.006539158,0.011798358,0.011798358,-,0,0.081351072,0.13915807,9.4303667e-06,0.00097543118,15,1.5,0.02,0.04,-0.05,40,40,40,40,40,10,0
4.52,-0.14389156,-0.19016756,0.0021057059,-0.0074766425,0.14389156,0.19016756,-0.0021057059,0.0074766425,0.0098860916,0.0098860916,-,0,0.081454596,0.13933889,9.4525367e-06,0.00097571068,15,1.5,0.02,0.04,-0.05,40,40,40,40,40,10,0
4.525,-0.1448348,-0.18980414,0.002073953,-0.0076066271,0.1448348,0.18980414,-0.002073953,0.0076066271,0.0092104934,0.0092104934,-,0,0.081559482,0.13951901,9.4740431e-06,0.00097599998,15,1.5,0.02,0.04,-0.05,40,40,40,40,40,10,0
4.53,-0.14578853,-0.19064995,0.0020365502,-0.0065075071,0.14578853,0.19064995,-0.0020365502,0.0065075071,0.010245223,0.010245223,-,0,0.081665753,0.13970075,9.4947808e-06,0.00097621172,15,1.5,0.02,0.04,-0.05,40,40,40,40,40,10,0
4.535,-0.14662518,-0.19455668,0.0021309427,-0.0068060649,0.14662518,0.19455668,-0.0021309427,0.0068060649,0.011040273,0.011040273,-,0,0.081773248,0.13989001,9.5174854e-06,0.00097644333,15,1.5,0.02,0.04,-0.05,40,40,40,40,40,10,0
4.54,-0.14754143,-0.19735142,0.0021655604,-0.0053953275,0.14754143,0.19735142,-0.0021655604,0.0053953275,0.01354553,0.01354553,-,0,0.08188209,0.14008475,9.5409336e-06,0.00097658888,15,1.5,0.02,0.04,-0.05,40,40,40,40,40,10,0
4.545,-0.14857602,-0.20559735,0.0021051699,-0.0086604279,0.14857602,0.20559735,-0.0021051699,0.0086604279,0.0073914918,0.0073914918,-,0,0.081992465,0.1402961,9.5630923e-06,0.0009769639,15,1.5,0.02,0.04,-0.05,40,40,40,40,40,10,0
4.55,-0.1496321,-0.20442239,0.002047341,-0.0027867574,0.1496321,0.20442239,-0.002047341,0.0027867574,0.015360441,0.015360441,-,0,0.082104413,0.14050504,9.5840503e-06,0.00097700273,15,1.5,0.02,0.04,-0.05,40,40,40,40,40,10,0
4.555,-0.15079715,-0.21631629,0.0019197819,-0.0047263792,0.15079715,0.21631629,-0.0019197819,0.0047263792,0.010038566,0.010038566,-,0,0.082218112,0.14073901,9.6024782e-06,0.00097711442,15,1.5,0.02,0.04,-0.05,40,40,40,40,40,10,0
4.56,-0.15198932,-0.22425496,0.0018038458,-0.0063807271,0.15198932,0.22425496,-0.0018038458,0.0063807271,0.005476611,0.005476611,-,0,0.082333616,0.14099046,9.6187475e-06,0.00097731799,15,1.5,0.02,0.04,-0.05,40,40,40,40,40,10,0
4.565,-0.15325408,-0.22962386,0.0016612,-0.00064118717,0.15325408,0.22962386,-0.0016612,0.00064118717,0.011706183,0.011706183,-,0,0.08245105,0.1412541,9.6325454e-06,0.00097732004,15,1.5,0.02,0.04,-0.05,40,40,40,40,40,10,0
4.57,-0.15424566,-0.22393189,0.001798953,-0.0038789853,0.15424566,0.22393189,-0.001798953,0.0038789853,0.0091236279,0.0091236279,-,0,0.082570009,0.14150482,9.6487265e-06,0.00097739528,15,1.5,0.02,0.04,-0.05,40,40,40,40,40,10,0
4.575,-0.15507248,-0.20794473,0.0020202206,-0.0050953596,0.15507248,0.20794473,-0.0020202206,0.0050953596,0.01124103,0.01124103,-,0,0.082690246,0.14172103,9.669133e-06,0.00097752509,15,1.5,0.02,0.04,-0.05,40,40,40,40,40,10,0
4.58,-0.15602578,-0.2001928,0.0020380211,-0.011551146,0.15602578,0.2001928,-0.0020380211,0.011551146,0.0021153696,0.0021153696,-,0,0.082811966,0.14192141,9.6899006e-06,0.00097819223,15,1.5,0.02,0.04,-0.05,40,40,40,40,40,10,0
4.585,-0.15687866,-0.19047075,0.0020850047,-0.016113447,0.15687866,0.19047075,-0.0020850047,0.016113447,-0.003651504,-0.003651504,-,0,0.082935021,0.14210281,9.7116369e-06,0.00097949045,15,1.5,0.02,0.04,-0.05,40,40,40,40,40,10,0
4.59,-0.15776982,-0.18290424,0.0020432933,-0.015837287,0.15776982,0.18290424,-0.0020432933,0.015837287,-0.003578097,-0.003578097,-,0,0.083059478,0.14227008,9.7325121e-06,0.00098074455,15,1.5,0.02,0.04,-0.05,40,40,40,40,40,10,0
4.595,-0.15878565,-0.17853688,0.0018549183,-0.01394642,0.15878565,0.17853688,-0.0018549183,0.01394642,-0.003413043,-0.003413043,-,0,0.083185542,0.14242946,9.7497157e-06,0.00098171706,15,1.5,0.02,0.04,-0.05,40,40,40,40,40,10,0
4.6,-0.15978344,-0.17967173,0.0016754459,-0.016475058,0.15978344,0.17967173,-0.0016754459,0.016475058,-0.0099634362,-0.0099634362,-,0,0.083313196,0.14259087,9.7637513e-06,0.0009830742,15,1.5,0.02,0.04,-0.05,40,40,40,40,40,10,0
4.605,-0.16060526,-0.17492459,0.0016680332,-0.012106096,0.16060526,0.17492459,-0.0016680332,0.012106096,-0.0033477356,-0.0033477356,-,0,0.083442166,0.14274386,9.777663e-06,0.00098380699,15,1.5,0.02,0.04,-0.05,40,40,40,40,40,10,0
4.61,-0.16167212,-0.1804641,0.0014295293,-0.012739952,0.16167212,0.1804641,-0.0014295293,0.012739952,-0.0081189946,-0.0081189946,-,0,0.083572855,0.1429067,9.7878808e-06,0.00098461852,15,1.5,0.02,0.04,-0.05,40,40,40,40,40,10,0
4.615,-0.16264431,-0.18526277,0.0013010186,-0.015698783,0.16264431,0.18526277,-0.0013010186,0.015698783,-0.014696292,-0.014696292,-,0,0.083705121,0.14307831,9.796344e-06,0.00098585078,15,1.5,0.02,0.04,-0.05,40,40,40,40,40,10,0
4.62,-0.16358446,-0.18339563,0.0012263075,-0.0078030245,0.16358446,0.18339563,-0.0012263075,0.0078030245,-0.0039174389,-0.0039174389,-,0,0.083838921,0.14324648,9.8038632e-06,0.00098615521,15,1.5,0.02,0.04,-0.05,40,40,40,40,40,10,0
4.625,-0.16477454,-0.19340187,0.00094631063,-0.007460235,0.16477454,0.19340187,-0.00094631063,0.007460235,-0.0080272588,-0.0080272588,-,0,0.083974674,0.1434335,9.8083407e-06,0.00098643349,15,1.5,0.02,0.04,-0.05,40,40,40,40,40,10,0
4.63,-0.16585073,-0.19554433,0.00080882856,-0.0064414651,0.16585073,0.19554433,-0.00080882856,0.0064414651,-0.0086685571,-0.0086685571,-,0,0.084112206,0.14362469,9.8116117e-06,0.00098664095,15,1.5,0.02,0.04,-0.05,40,40,40,40,40,10,0
4.635,-0.16697979,-0.20073831,0.00064576708,-0.0046455484,0.16697979,0.20073831,-0.00064576708,0.0046455484,-0.0086509446,-0.0086509446,-,0,0.084251617,0.14382617,9.8136968e-06,0.00098674886,15,1.5,0.02,0.04,-0.05,40,40,40,40,40,10,0
4.64,-0.16810604,-0.20546955,0.00052528653,-0.00079582425,0.16810604,0.20546955,-0.00052528653,0.00079582425,-0.0048953411,-0.0048953411,-,0,0.084392916,0.14403725,9.8150764e-06,0.00098675202,15,1.5,0.02,0.04,-0.05,40,40,40,40,40,10,0
4.645,-0.16932593,-0.21347658,0.00035104955,-0.0011917032,0.16932593,0.21347658,-0.00035104955,0.0011917032,-0.0084473933,-0.0084473933,-,0,0.084536272,0.14426511,9.8156926e-06,0.00098675912,15,1.5,0.02,0.04,-0.05,40,40,40,40,40,10,0
4.65,-0.17050474,-0.21748893,0.00025292244,0.0014025745,0.17050474,0.21748893,-0.00025292244,-0.0014025745,-0.0062119538,-0.0062119538,-,0,0.084681631,0.14450162,9.8160124e-06,0.00098676896,15,1.5,0.02,0.04,-0.05,40,40,40,40,40,10,0
4.655,-0.17172712,-0.22627828,0.00015532674,0.0029074868,0.17172712,0.22627828,-0.00015532674,-0.0029074868,-0.0057945422,-0.0057945422,-,0,0.084829082,0.14475763,9.8161331e-06,0.00098681123,15,1.5,0.02,0.04,-0.05,40,40,40,40,40,10,0
4.66,-0.17298139,-0.23214115,7.7484573e-05,0.0074129737,0.17298139,0.23214115,-7.7484573e-05,-0.0074129737,-0.00046354464,-0.00046354464,-,0,0.084978695,0.14502708,9.8161631e-06,0.00098708599,15,1.5,0.02,0.04,-0.05,40,40,40,40,40,10,0
4.665,-0.17433593,-0.24185503,-4.4901202e-05,0.0093500472,0.17433593,0.24185503,4.4901202e-05,-0.0093500472,0.00019063316,0.00019063316,-,0,0.08513066,0.14531955,9.8161732e-06,0.00098752311,15,1.5,0.02,0.04,-0.05,40,40,40,40,40,10,0
4.67,-0.1756789,-0.25039658,-0.00010290614,0.01067625,0.1756789,0.25039658,0.00010290614,-0.01067625,0.00094134218,0.00094134218,-,0,0.085284976,0.14563304,9.8162261e-06,0.00098809302,15,1.5,0.02,0.04,-0.05,40,40,40,40,40,10,0
4.675,-0.17702196,-0.25882024,-0.00010787136,0.01338288,0.17702196,0.25882024,0.00010787136,-0.01338288,0.0045630002,0.0045630002,-,0,0.085441659,0.14596798,9.8162843e-06,0.00098898852,15,1.5,0.02,0.04,-0.05,40,40,40,40,40,10,0
4.68,-0.1782165,-0.25230038,5.7986984e-05,0.013926285,0.1782165,0.25230038,-5.7986984e-05,-0.013926285,0.0081028879,0.0081028879,-,0,0.085600465,0.14628626,9.8163011e-06,0.00098995823,15,1.5,0.02,0.04,-0.05,40,40,40,40,40,10,0
4.685,-0.17921862,-0.23900319,0.0003317294,0.0090131719,0.17921862,0.23900319,-0.0003317294,-0.0090131719,0.0053511988,0.0053511988,-,0,0.085761062,0.14657187,9.8168513e-06,0.00099036442,15,1.5,0.02,0.04,-0.05,40,40,40,40,40,10,0
4.69,-0.18013459,-0.22377303,0.00059863192,0.0053775184,0.18013459,0.22377303,-0.00059863192,-0.0053775184,0.0044921435,0.0044921435,-,0,0.085923304,0.14682224,9.8186431e-06,0.00099050901,15,1.5,0.02,0.04,-0.05,40,40,40,40,40,10,0
4.695,-0.18105263,-0.21498078,0.00077877026,-0.001487856,0.18105263,0.21498078,-0.00077877026,0.001487856,-0.002770514,-0.002770514,-,0,0.086087204,0.14705333,9.8216755e-06,0.00099052008,15,1.5,0.02,0.04,-0.05,40,40,40,40,40,10,0
4.7,-0.18199637,-0.19978762,0.00086083734,-2.0430231e-07,0.18199637,0.19978762,-0.00086083734,2.0430231e-07,0.0012808216,0.0012808216,-,0,0.086252818,0.1472529,9.8253807e-06,0.00099052008,15,1.5,0.02,0.04,-0.05,40,40,40,40,40,10,0
4.705,-0.18299194,-0.19748783,0.00084037368,-0.0054729061,0.18299194,0.19748783,-0.00084037368,0.0054729061,-0.0071631057,-0.0071631057,-,0,0.086420248,0.14744791,9.8289119e-06,0.00099066984,15,1.5,0.02,0.04,-0.05,40,40,40,40,40,10,0
4.71,-0.18385082,-0.18884912,0.00091381524,-0.0059182385,0.18385082,0.18884912,-0.00091381524,0.0059182385,-0.0064011104,-0.0064011104,-,0,0.086589253,0.14762623,9.8330872e-06,0.00099084497,15,1.5,0.02,0.04,-0.05,40,40,40,40,40,10,0
4.715,-0.18482987,-0.18449432,0.00084144575,-0.0040621844,0.18482987,0.18449432,-0.00084144575,0.0040621844,-0.0045479603,-0.0045479603,-,0,0.086760064,0.14779642,9.8366273e-06,0.00099092747,15,1.5,0.02,0.04,-0.05,40,40,40,40,40,10,0
4.72,-0.18584137,-0.18137797,0.00072626322,-0.0027333351,0.18584137,0.18137797,-0.00072626322,0.0027333351,-0.0041780006,-0.0041780006,-,0,0.086932749,0.14796091,9.8392646e-06,0.00099096483,15,1.5,0.02,0.04,-0.05,40,40,40,40,40,10,0
4.725,-0.18676577,-0.18162236,0.0006892763,-0.0047597997,0.18676577,0.18162236,-0.0006892763,0.0047597997,-0.007800765,-0.007800765,-,0,0.087107156,0.14812584,9.8416401e-06,0.00099107811,15,1.5,0.02,0.04,-0.05,40,40,40,40,40,10,0
4.73,-0.18766573,-0.183004,0.00067062774,-0.0069862213,0.18766573,0.183004,-0.00067062774,0.0069862213,-0.01149339,-0.01149339,-,0,0.087283248,0.14829329,9.8438888e-06,0.00099132214,15,1.5,0.02,0.04,-0.05,40,40,40,40,40,10,0
4.735,-0.18869725,-0.18307622,0.00052659812,-0.0044321586,0.18869725,0.18307622,-0.00052659812,0.0044321586,-0.0098462601,-0.0098462601,-,0,0.087461282,0.14846088,9.8452754e-06,0.00099142036,15,1.5,0.02,0.04,-0.05,40,40,40,40,40,10,0
4.74,-0.1897198,-0.18287214,0.00040023498,-0.0031023845,0.1897198,0.18287214,-0.00040023498,0.0031023845,-0.0097593337,-0.0097593337,-,0,0.08764125,0.14862809,9.8460763e-06,0.00099146849,15,1.5,0.02,0.04,-0.05,40,40,40,40,40,10,0
4.745,-0.19066173,-0.18245843,0.00036037527,-0.0014583593,0.19066173,0.18245843,-0.00036037527,0.0014583593,-0.0078934816,-0.0078934816,-,0,0.087823009,0.14879455,9.8467257e-06,0.00099147912,15,1.5,0.02,0.04,-0.05,40,40,40,40,40,10,0
4.75,-0.19160222,-0.18369998,0.00033150106,-0.00033586361,0.19160222,0.18369998,-0.00033150106,0.00033586361,-0.0067113231,-0.0067113231,-,0,0.088006566,0.14896327,9.8472751e-06,0.00099147969,15,1.5,0.02,0.04,-0.05,40,40,40,40,40,10,0
4.755,-0.19267954,-0.18576555,0.00017764611,-2.4284361e-05,0.19267954,0.18576555,-0.00017764611,2.4284361e-05,-0.0086559477,-0.0086559477,-,0,0.088192193,0.14913582,9.8474329e-06,0.00099147969,15,1.5,0.02,0.04,-0.05,40,40,40,40,40,10,0
4.76,-0.19363588,-0.18597038,0.00015804258,0.0026081669,0.19363588,0.18597038,-0.00015804258,-0.0026081669,-0.0050286437,-0.0050286437,-,0,0.088379667,0.14930874,9.8475578e-06,0.0009915137,15,1.5,0.02,0.04,-0.05,40,40,40,40,40,10,0
4.765,-0.19474941,-0.18809626,2.8114355e-06,0.0057837342,0.19474941,0.18809626,-2.8114355e-06,-0.0057837342,-0.0027010657,-0.0027010657,-,0,0.088569304,0.14948564,9.8475578e-06,0.00099168096,15,1.5,0.02,0.04,-0.05,40,40,40,40,40,10,0
4.77,-0.19574797,-0.18963054,-1.4106655e-05,0.0084993508,0.19574797,0.18963054,1.4106655e-05,-0.0084993508,0.0010372455,0.0010372455,-,0,0.08876089,0.14966544,9.8475588e-06,0.00099204215,15,1.5,0.02,0.04,-0.05,40,40,40,40,40,10,0
4.775,-0.19678773,-0.1995374,-5.1588078e-05,0.0026414266,0.19678773,0.1995374,5.1588078e-05,-0.0026414266,-0.008728932,-0.008728932,-,0,0.088954518,0.14986452,9.8475721e-06,0.00099207704,15,1.5,0.02,0.04,-0.05,40,40,40,40,40,10,0
4.78,-0.1978541,-0.19917523,-9.8660535e-05,0.0059768357,0.1978541,0.19917523,9.8660535e-05,-0.0059768357,-0.0044387456,-0.0044387456,-,0,0.089150249,0.15006287,9.8476208e-06,0.00099225565,15,1.5,0.02,0.04,-0.05,40,40,40,40,40,10,0
4.785,-0.19901239,-0.20761959,-0.00020021599,0.0080381073,0.19901239,0.20761959,0.00020021599,-0.0080381073,-0.0032311104,-0.0032311104,-,0,0.089348278,0.1502784,9.8478212e-06,0.00099257871,15,1.5,0.02,0.04,-0.05,40,40,40,40,40,10,0
4.79,-0.20022339,-0.21650738,-0.00030602607,0.0083051705,0.20022339,0.21650738,0.00030602607,-0.0083051705,-0.0047973981,-0.0047973981,-,0,0.089548725,0.15051278,9.8482895e-06,0.00099292359,15,1.5,0.02,0.04,-0.05,40,40,40,40,40,10,0
4.795,-0.20139775,-0.21749308,-0.00032745303,0.017137367,0.20139775,0.21749308,0.00032745303,-0.017137367,0.0080665766,0.0080665766,-,0,0.089751531,0.1507493,9.8488256e-06,0.00099439203,15,1.5,0.02,0.04,-0.05,40,40,40,40,40,10,0
4.8,-0.20261109,-0.22812168,-0.00033134153,0.018810564,0.20261109,0.22812168,0.00033134153,-0.018810564,0.010068635,0.010068635,-,0,0.089956787,0.15100949,9.8493746e-06,0.00099616122,15,1.5,0.02,0.04,-0.05,40,40,40,40,40,10,0
4.805,-0.20385359,-0.2346345,-0.0003227867,0.017974279,0.20385359,0.2346345,0.0003227867,-0.017974279,0.0086571666,0.0086571666,-,0,0.090164568,0.15128476,9.8498955e-06,0.00099777659,15,1.5,0.02,0.04,-0.05,40,40,40,40,40,10,0
4.81,-0.20499766,-0.23819655,-0.00018646583,0.020408003,0.20499766,0.23819655,0.00018646583,-0.020408003,0.014187201,0.014187201,-,0,0.090374689,0.15156845,9.8500694e-06,0.00099985903,15,1.5,0.02,0.04,-0.05,40,40,40,40,40,10,0
4.815,-0.20618195,-0.24899856,-5.2824966e-05,0.01812814,0.20618195,0.24899856,5.2824966e-05,-0.01812814,0.012316255,0.012316255,-,0,0.090587244,0.15187845,9.8500833e-06,0.0010015022,15,1.5,0.02,0.04,-0.05,40,40,40,40,40,10,0
4.82,-0.2075013,-0.25183689,-1.7172158e-05,0.021973272,0.2075013,0.25183689,1.7172158e-05,-0.021973272,0.018478823,0.018478823,-,0,0.090802528,0.15219556,9.8500848e-06,0.0010039163,15,1.5,0.02,0.04,-0.05,40,40,40,40,40,10,0
4.825,-0.20843614,-0.23871217,0.00035309857,0.014213438,0.20843614,0.23871217,-0.00035309857,-0.014213438,0.012899426,0.012899426,-,0,0.091019756,0.15248048,9.8507082e-06,0.0010049264,15,1.5,0.02,0.04,-0.05,40,40,40,40,40,10,0
4.83,-0.20924736,-0.21878653,0.00073721344,0.011248023,0.20924736,0.21878653,-0.00073721344,-0.011248023,0.014993827,0.014993827,-,0,0.091238678,0.15271981,9.8534256e-06,0.001005559,15,1.5,0.02,0.04,-0.05,40,40,40,40,40,10,0
4.835,-0.21007312,-0.20496475,0.0010074326,0.0071941671,0.21007312,0.20496475,-0.0010074326,-0.0071941671,0.013502688,0.013502688,-,0,0.091459332,0.15292987,9.8585002e-06,0.0010058178,15,1.5,0.02,0.04,-0.05,40,40,40,40,40,10,0
4.84,-0.21080177,-0.18868686,0.0012855248,0.0056269456,0.21080177,0.18868686,-0.0012855248,-0.0056269456,0.01595978,0.01595978,-,0,0.091681518,0.15310788,9.8667631e-06,0.0010059761,15,1.5,0.02,0.04,-0.05,40,40,40,40,40,10,0
4.845,-0.2115433,-0.17832019,0.0014681727,0.00035772067,0.2115433,0.17832019,-0.0014681727,-0.00035772067,0.011195498,0.011195498,-,0,0.091905271,0.15326687,9.8775407e-06,0.0010059767,15,1.5,0.02,0.04,-0.05,40,40,40,40,40,10,0
4.85,-0.21221945,-0.16510664,0.0016368696,-0.0024572139,0.21221945,0.16510664,-0.0016368696,0.0024572139,0.010018568,0.010018568,-,0,0.092130457,0.15340317,9.8909374e-06,0.0010060069,15,1.5,0.02,0.04,-0.05,40,40,40,40,40,10,0
4.855,-0.21288682,-0.15641146,0.0017465751,-0.0056810264,0.21288682,0.15641146,-0.0017465751,0.0056810264,0.0071628913,0.0071628913,-,0,0.092357061,0.15352549,9.9061901e-06,0.0010061683,15,1.5,0.02,0.04,-0.05,40,40,40,40,40,10,0
4.86,-0.21351689,-0.14844425,0.0018392824,-0.0078745145,0.21351689,0.14844425,-0.0018392824,0.0078745145,0.0055693566,0.0055693566,-,0,0.092585008,0.15363567,9.9231049e-06,0.0010064783,15,1.5,0.02,0.04,-0.05,40,40,40,40,40,10,0
4.865,-0.21425649,-0.14279832,0.0017799801,-0.0096215768,0.21425649,0.14279832,-0.0017799801,0.0096215768,0.0022702733,0.0022702733,-,0,0.092814537,0.15373763,9.9389465e-06,0.0010069412,15,1.5,0.02,0.04,-0.05,40,40,40,40,40,10,0
4.87,-0.21492003,-0.13561022,0.0017655553,-0.0079047065,0.21492003,0.13561022,-0.0017655553,0.0079047065,0.0049034608,0.0049034608,-,0,0.09304549,0.15382958,9.9545324e-06,0.0010072536,15,1.5,0.02,0.04,-0.05,40,40,40,40,40,10,0
4.875,-0.21559069,-0.13983364,0.0017255853,-0.014624483,0.21559069,0.13983364,-0.0017255853,0.014624483,-0.0059581056,-0.0059581056,-,0,0.093277887,0.15392735,9.9694207e-06,0.001008323,15,1.5,0.02,0.04,-0.05,40,40,40,40,40,10,0
4.88,-0.21629431,-0.1318066,0.001637738,-0.0099083073,0.21629431,0.1318066,-0.001637738,0.0099083073,0.00010545901,0.00010545901,-,0,0.093511803,0.15401421,9.9828316e-06,0.0010088139,15,1.5,0.02,0.04,-0.05,40,40,40,40,40,10,0
4.885,-0.21706314,-0.13947573,0.0014913873,-0.013137032,0.21706314,0.13947573,-0.0014913873,0.013137032,-0.00725503,-0.00725503,-,0,0.093747385,0.15411148,9.9939528e-06,0.0010096768,15,1.5,0.02,0.04,-0.05,40,40,40,40,40,10,0
4.89,-0.21780233,-0.13946778,0.0013878834,-0.011680861,0.21780233,0.13946778,-0.0013878834,0.011680861,-0.0066377972,-0.0066377972,-,0,0.093984575,0.15420874,1.0003584e-05,0.001010359,15,1.5,0.02,0.04,-0.05,40,40,40,40,40,10,0
4.895,-0.21859054,-0.1422013,0.0012592639,-0.0074102252,0.21859054,0.1422013,-0.0012592639,0.0074102252,-0.0022862414,-0.0022862414,-,0,0.094223484,0.15430984,1.0011513e-05,0.0010106336,15,1.5,0.02,0.04,-0.05,40,40,40,40,40,10,0
4.9,-0.21948799,-0.14696594,0.0010579677,-0.0046514369,0.21948799,0.14696594,-0.0010579677,0.0046514369,-0.0013760367,-0.0013760367,-,0,0.094464359,0.15441784,1.0017109e-05,0.0010107417,15,1.5,0.02,0.04,-0.05,40,40,40,40,40,10,0
4.905,-0.22031335,-0.15282449,0.00096092138,-0.0048004178,0.22031335,0.15282449,-0.00096092138,0.0048004178,-0.0033060528,-0.0033060528,-,0,0.094707048,0.15453461,1.0021726e-05,0.001010857,15,1.5,0.02,0.04,-0.05,40,40,40,40,40,10,0
4.91,-0.22117896,-0.15635651,0.00085338166,-0.0022150177,0.22117896,0.15635651,-0.00085338166,0.0022150177,-0.0011996415,-0.0011996415,-,0,0.094951649,0.15465685,1.0025367e-05,0.0010108815,15,1.5,0.02,0.04,-0.05,40,40,40,40,40,10,0
4.915,-0.222157,-0.16802012,0.00067073615,-0.0055118188,0.222157,0.16802012,-0.00067073615,0.0055118188,-0.0093706307,-0.0093706307,-,0,0.095198418,0.154798,1.0027617e-05,0.0010110334,15,1.5,0.02,0.04,-0.05,40,40,40,40,40,10,0
4.92,-0.22306403,-0.17118167,0.00060009082,-0.00057730393,0.22306403,0.17118167,-0.00060009082,0.00057730393,-0.0031731409,-0.0031731409,-,0,0.095447206,0.15494452,1.0029417e-05,0.0010110351,15,1.5,0.02,0.04,-0.05,40,40,40,40,40,10,0
4.925,-0.22410875,-0.17871147,0.00045017628,0.0053185054,0.22410875,0.17871147,-0.00045017628,-0.0053185054,0.0030997685,0.0030997685,-,0,0.095698329,0.15510421,1.0030431e-05,0.0010111765,15,1.5,0.02,0.04,-0.05,40,40,40,40,40,10,0
4.93,-0.22509758,-0.18407334,0.00040065309,0.0065005917,0.22509758,0.18407334,-0.00040065309,-0.0065005917,0.0038957989,0.0038957989,-,0,0.095951674,0.15527362,1.0031233e-05,0.0010113878,15,1.5,0.02,0.04,-0.05,40,40,40,40,40,10,0
4.935,-0.22607889,-0.18810063,0.00038306187,0.0062564682,0.22607889,0.18810063,-0.00038306187,-0.0062564682,0.0030850272,0.0030850272,-,0,0.096207232,0.15545053,1.0031967e-05,0.0010115835,15,1.5,0.02,0.04,-0.05,40,40,40,40,40,10,0
4.94,-0.22704107,-0.1923643,0.00040574272,0.0065204078,0.22704107,0.1923643,-0.00040574272,-0.0065204078,0.003631359,0.003631359,-,0,0.09646497,0.15563555,1.003279e-05,0.0010117961,15,1.5,0.02,0.04,-0.05,40,40,40,40,40,10,0
4.945,-0.22802677,-0.19375646,0.00043291085,0.0114493,0.22802677,0.19375646,-0.00043291085,-0.0114493,0.011356819,0.011356819,-,0,0.096724951,0.15582326,1.0033727e-05,0.0010124515,15,1.5,0.02,0.04,-0.05,40,40,40,40,40,10,0
4.95,-0.22907233,-0.20054216,0.00043471424,0.0119515,0.22907233,0.20054216,-0.00043471424,-0.0119515,0.011844831,0.011844831,-,0,0.096987322,0.15602435,1.0034672e-05,0.0010131657,15,1.5,0.02,0.04,-0.05,40,40,40,40,40,10,0
4.955,-0.23009256,-0.20542246,0.00048759845,0.010801625,0.23009256,0.20542246,-0.00048759845,-0.010801625,0.010697664,0.010697664,-,0,0.097252035,0.15623534,1.0035861e-05,0.0010137491,15,1.5,0.02,0.04,-0.05,40,40,40,40,40,10,0
4.96,-0.23110591,-0.21414019,0.00056920382,0.0068844989,0.23110591,0.21414019,-0.00056920382,-0.0068844989,0.0056770798,0.0056770798,-,0,0.097519085,0.15646462,1.0037481e-05,0.001013986,15,1.5,0.02,0.04,-0.05,40,40,40,40,40,10,0
4.965,-0.23214132,-0.21595963,0.0006591704,0.012005102,0.23214132,0.21595963,-0.0006591704,-0.012005102,0.014613997,0.014613997,-,0,0.097788533,0.15669781,1.0039653e-05,0.0010147067,15,1.5,0.02,0.04,-0.05,40,40,40,40,40,10,0
4.97,-0.23306217,-0.20634232,0.00085092086,0.0088193088,0.23306217,0.20634232,-0.00085092086,-0.0088193088,0.01307784,0.01307784,-,0,0.098060123,0.1569107,1.0043273e-05,0.0010150956,15,1.5,0.02,0.04,-0.05,40,40,40,40,40,10,0
4.975,-0.23375159,-0.18968393,0.0011682513,0.0026310245,0.23375159,0.18968393,-0.0011682513,-0.0026310245,0.0092079166,0.0092079166,-,0,0.098333322,0.1570906,1.0050098e-05,0.0010151302,15,1.5,0.02,0.04,-0.05,40,40,40,40,40,10,0
4.98,-0.23434988,-0.17367779,0.0014691879,-0.001987876,0.23434988,0.17367779,-0.0014691879,0.001987876,0.0074218957,0.0074218957,-,0,0.098607921,0.15724142,1.006089e-05,0.0010151499,15,1.5,0.02,0.04,-0.05,40,40,40,40,40,10,0
4.985,-0.23503379,-0.16150444,0.0015921763,-0.0068532014,0.23503379,0.16150444,-0.0015921763,0.0068532014,0.0024419897,0.0024419897,-,0,0.098884125,0.15737184,1.0073565e-05,0.0010153848,15,1.5,0.02,0.04,-0.05,40,40,40,40,40,10,0
4.99,-0.23569137,-0.14853099,0.0016628333,-0.0087569126,0.23569137,0.14853099,-0.0016628333,0.0087569126,0.0011520638,0.0011520638,-,0,0.099161877,0.15748214,1.008739e-05,0.0010157682,15,1.5,0.02,0.04,-0.05,40,40,40,40,40,10,0
4.995,-0.23633594,-0.13870187,0.0016844587,-0.009698317,0.23633594,0.13870187,-0.0016844587,0.009698317,0.00044461108,0.00044461108,-,0,0.099441151,0.15757833,1.0101577e-05,0.0010162385,15,1.5,0.02,0.04,-0.05,40,40,40,40,40,10,0
5,-0.23701965,-0.13029197,0.0016181965,-0.010363469,0.23701965,0.13029197,-0.0016181965,0.010363469,-0.0012243281,-0.0012243281,-,0,0.099722042,0.15766321,1.011467e-05,0.0010167755,15,1.5,0.02,0.04,-0.05,40,40,40,40,40,10,0
5.005,-0.23762872,-0.12350498,0.001585044,-0.011380353,0.23762872,0.12350498,-0.001585044,0.011380353,-0.002987644,-0.002987644,-,0,0.10000438,0.15773948,1.0127232e-05,0.001017423,15,1.5,0.02,0.04,-0.05,40,40,40,40,40,10,0
5.01,-0.23825164,-0.12063069,0.0015045394,-0.014473644,0.23825164,0.12063069,-0.0015045394,0.014473644,-0.0087326354,-0.0087326354,-,0,0.1002882,0.15781224,1.013855e-05,0.0010184705,15,1.5,0.02,0.04,-0.05,40,40,40,40,40,10,0
5.015,-0.2388458,-0.11302025,0.0014285553,-0.010970576,0.2388458,0.11302025,-0.0014285553,0.010970576,-0.0043252609,-0.0043252609,-,0,0.10057344,0.15787611,1.0148754e-05,0.0010190722,15,1.5,0.02,0.04,-0.05,40,40,40,40,40,10,0
5.02,-0.23947518,-0.10959307,0.0013099176,-0.0072830371,0.23947518,0.10959307,-0.0013099176,0.0072830371,-0.00044901746,-0.00044901746,-,0,0.10086018,0.15793616,1.0157333e-05,0.0010193375,15,1.5,0.02,0.04,-0.05,40,40,40,40,40,10,0
5.025,-0.24009396,-0.11548116,0.0011964652,-0.015445688,0.24009396,0.11548116,-0.0011964652,0.015445688,-0.01464268,-0.01464268,-,0,0.1011484,0.15800284,1.0164491e-05,0.0010205303,15,1.5,0.02,0.04,-0.05,40,40,40,40,40,10,0
5.03,-0.24057123,-0.10630702,0.001200514,-0.01246242,0.24057123,0.10630702,-0.001200514,0.01246242,-0.0097496261,-0.0097496261,-,0,0.10143778,0.15805935,1.0171697e-05,0.0010213069,15,1.5,0.02,0.04,-0.05,40,40,40,40,40,10,0
5.035,-0.2413754,-0.10887199,0.00087569907,-0.011594516,0.2413754,0.10887199,-0.00087569907,0.011594516,-0.013438676,-0.013438676,-,0,0.10172909,0.15811861,1.0175531e-05,0.001021979,15,1.5,0.02,0.04,-0.05,40,40,40,40,40,10,0
5.04,-0.24201778,-0.10998385,0.00072086977,-0.012705661,0.24201778,0.10998385,-0.00072086977,0.012705661,-0.017485155,-0.017485155,-,0,0.10202195,0.15817909,1.017813e-05,0.0010227862,15,1.5,0.02,0.04,-0.05,40,40,40,40,40,10,0
5.045,-0.24272498,-0.11057768,0.0005045996,-0.01169654,0.24272498,0.11057768,-0.0005045996,0.01169654,-0.019253423,-0.019253423,-,0,0.10231653,0.15824023,1.0179403e-05,0.0010234702,15,1.5,0.02,0.04,-0.05,40,40,40,40,40,10,0
5.05,-0.24344707,-0.11104948,0.0002912182,-0.0073118852,0.24344707,0.11104948,-0.0002912182,0.0073118852,-0.015910475,-0.015910475,-,0,0.10261286,0.15830189,1.0179827e-05,0.0010237376,15,1.5,0.02,0.04,-0.05,40,40,40,40,40,10,0
5.055,-0.24423112,-0.11491347,4.5624583e-05,-0.0044904095,0.24423112,0.11491347,-4.5624583e-05,0.0044904095,-0.015532407,-0.015532407,-,0,0.1029111,0.15836792,1.0179837e-05,0.0010238384,15,1.5,0.02,0.04,-0.05,40,40,40,40,40,10,0
5.06,-0.24503077,-0.12024263,-0.00018632087,-0.0045215081,0.24503077,0.12024263,0.00018632087,0.0045215081,-0.019287396,-0.019287396,-,0,0.1032113,0.15844021,1.0180011e-05,0.0010239406,15,1.5,0.02,0.04,-0.05,40,40,40,40,40,10,0
5.065,-0.24580961,-0.12163162,-0.00036939156,-8.4819632e-05,0.24580961,0.12163162,0.00036939156,8.4819632e-05,-0.01544956,-0.01544956,-,0,0.10351341,0.15851418,1.0180693e-05,0.0010239406,15,1.5,0.02,0.04,-0.05,40,40,40,40,40,10,0
5.07,-0.24667382,-0.12726423,-0.00059915527,0.0032960701,0.24667382,0.12726423,0.00059915527,-0.0032960701,-0.01406727,-0.01406727,-,0,0.10381765,0.15859516,1.0182488e-05,0.0010239949,15,1.5,0.02,0.04,-0.05,40,40,40,40,40,10,0
5.075,-0.24746162,-0.13241273,-0.00071223141,0.0055659101,0.24746162,0.13241273,0.00071223141,-0.0055659101,-0.012580348,-0.012580348,-,0,0.10412384,0.15868283,1.0185024e-05,0.0010241498,15,1.5,0.02,0.04,-0.05,40,40,40,40,40,10,0
5.08,-0.24833597,-0.13463727,-0.00087477226,0.010768663,0.24833597,0.13463727,0.00087477226,-0.010768663,-0.0073207991,-0.0073207991,-,0,0.10443219,0.15877346,1.0188851e-05,0.0010247297,15,1.5,0.02,0.04,-0.05,40,40,40,40,40,10,0
5.085,-0.2491713,-0.14556481,-0.00096121693,0.0072502202,0.2491713,0.14556481,0.00096121693,-0.0072502202,-0.014348942,-0.014348942,-,0,0.10474263,0.15887941,1.019347e-05,0.0010249925,15,1.5,0.02,0.04,-0.05,40,40,40,40,40,10,0
5.09,-0.25001309,-0.14769149,-0.0010242332,0.010155164,0.25001309,0.14769149,0.0010242332,-0.010155164,-0.011038674,-0.011038674,-,0,0.10505516,0.15898847,1.0198715e-05,0.0010255081,15,1.5,0.02,0.04,-0.05,40,40,40,40,40,10,0
5.095,-0.25097706,-0.1510632,-0.001167878,0.017283623,0.25097706,0.1510632,0.001167878,-0.017283623,-0.0026548052,-0.0026548052,-,0,0.10537011,0.15910257,1.0205535e-05,0.0010270017,15,1.5,0.02,0.04,-0.05,40,40,40,40,40,10,0
5.1,-0.25193215,-0.16036368,-0.0012533289,0.017430765,0.25193215,0.16036368,0.0012533289,-0.017430765,-0.0041069776,-0.0041069776,-,0,0.10568746,0.15923115,1.0213389e-05,0.0010285209,15,1.5,0.02,0.04,-0.05,40,40,40,40,40,10,0
5.105,-0.25274825,-0.16254301,-0.0011652315,0.020471742,0.25274825,0.16254301,0.0011652315,-0.020471742,0.0016724553,0.0016724553,-,0,0.10600686,0.15936326,1.0220178e-05,0.0010306164,15,1.5,0.02,0.04,-0.05,40,40,40,40,40,10,0
5.11,-0.25365975,-0.17162418,-0.0011402687,0.018673496,0.25365975,0.17162418,0.0011402687,-0.018673496,-0.0010319482,-0.0010319482,-,0,0.10632858,0.15951053,1.0226679e-05,0.0010323599,15,1.5,0.02,0.04,-0.05,40,40,40,40,40,10,0
5.115,-0.25455073,-0.17223041,-0.0010658959,0.022845351,0.25455073,0.17223041,0.0010658959,-0.022845351,0.0085838916,0.0085838916,-,0,0.10665256,0.15965885,1.023236e-05,0.0010349694,15,1.6,0.02,0.04,-0.05,40,40,40,40,40,10,0
5.12,-0.25557256,-0.18043561,-0.0010896821,0.02235469,0.25557256,0.18043561,0.0010896821,-0.02235469,0.0070933963,0.0070933963,-,0,0.10697915,0.15982163,1.0238297e-05,0.0010374681,15,1.6,0.02,0.04,-0.05,40,40,40,40,40,10,0
5.125,-0.25641065,-0.18158663,-0.0009058019,0.02404471,0.25641065,0.18158663,0.0009058019,-0.02404471,0.012492829,0.012492829,-,0,0.10730788,0.1599865,1.0242399e-05,0.0010403588,15,1.6,0.02,0.04,-0.05,40,40,40,40,40,10,0
5.13,-0.2573268,-0.18509745,-0.00077913365,0.025591761,0.2573268,0.18509745,0.00077913365,-0.025591761,0.016709378,0.016709378,-,0,0.10763896,0.16015781,1.0245435e-05,0.0010436335,15,1.6,0.02,0.04,-0.05,40,40,40,40,40,10,0
5.135,-0.25824819,-0.18631264,-0.00063885227,0.027295553,0.25824819,0.18631264,0.00063885227,-0.027295553,0.021472632,0.021472632,-,0,0.10797243,0.16033137,1.0247475e-05,0.0010473587,15,1.6,0.02,0.04,-0.05,40,40,40,40,40,10,0
5.14,-0.2591348,-0.19366522,-0.00045329708,0.021494286,0.2591348,0.19366522,0.00045329708,-0.021494286,0.014662096,0.014662096,-,0,0.10830818,0.1605189,1.0248503e-05,0.0010496688,15,1.6,0.02,0.04,-0.05,40,40,40,40,40,10,0
5.145,-0.25993968,-0.19251064,-0.00018336872,0.022497109,0.25993968,0.19251064,0.00018336872,-0.022497109,0.020345625,0.020345625,-,0,0.10864602,0.1607042,1.0248671e-05,0.0010521994,15,1.6,0.02,0.04,-0.05,40,40,40,40,40,10,0
5.15,-0.26086992,-0.19639487,-2.2568258e-05,0.024122958,0.26086992,0.19639487,2.2568258e-05,-0.024122958,0.025185015,0.025185015,-,0,0.10898629,0.16089706,1.0248673e-05,0.001055109,15,1.6,0.02,0.04,-0.05,40,40,40,40,40,10,0
5.155,-0.26161146,-0.18594127,0.00031086452,0.019539692,0.26161146,0.18594127,-0.00031086452,-0.019539692,0.023256595,0.023256595,-,0,0.10932849,0.16106993,1.0249156e-05,0.0010570179,15,1.6,0.02,0.04,-0.05,40,40,40,40,40,10,0
5.16,-0.26206957,-0.16380453,0.00079386902,0.013070023,0.26206957,0.16380453,-0.00079386902,-0.013070023,0.021026499,0.021026499,-,0,0.10967189,0.16120409,1.0252308e-05,0.0010578721,15,1.6,0.02,0.04,-0.05,40,40,40,40,40,10,0
5.165,-0.26258912,-0.14394559,0.0010794653,0.0066590556,0.26258912,0.14394559,-0.0010794653,-0.0066590556,0.015836862,0.015836862,-,0,0.11001666,0.16130769,1.0258134e-05,0.0010580938,15,1.6,0.02,0.04,-0.05,40,40,40,40,40,10,0
5.17,-0.26292305,-0.12347225,0.0014264712,0.0032271835,0.26292305,0.12347225,-0.0014264712,-0.0032271835,0.016363211,0.016363211,-,0,0.1103623,0.16138391,1.0268308e-05,0.0010581459,15,1.6,0.02,0.04,-0.05,40,40,40,40,40,10,0
5.175,-0.2632062,-0.1115495,0.0017171913,-0.0046242954,0.2632062,0.1115495,-0.0017171913,0.0046242954,0.0086328923,0.0086328923,-,0,0.11070869,0.16144613,1.0283052e-05,0.0010582528,15,1.6,0.02,0.04,-0.05,40,40,40,40,40,10,0
5.18,-0.26348208,-0.089964583,0.0019174664,-0.002441487,0.26348208,0.089964583,-0.0019174664,0.002441487,0.015987392,0.015987392,-,0,0.1110558,0.1614866,1.0301435e-05,0.0010582826,15,1.6,0.02,0.04,-0.05,40,40,40,40,40,10,0
5.185,-0.26377705,-0.084061679,0.0020182251,-0.010428267,0.26377705,0.084061679,-0.0020182251,0.010428267,0.0049501414,0.0049501414,-,0,0.11140369,0.16152193,1.0321801e-05,0.0010588263,15,1.6,0.02,0.04,-0.05,40,40,40,40,40,10,0
5.19,-0.26379387,-0.065653383,0.0023152245,-0.01007471,0.26379387,0.065653383,-0.0023152245,0.01007471,0.010706818,0.010706818,-,0,0.11175163,0.16154348,1.0348603e-05,0.0010593338,15,1.6,0.02,0.04,-0.05,40,40,40,40,40,10,0
5.195,-0.26398123,-0.061024707,0.0023737349,-0.016070161,0.26398123,0.061024707,-0.0023737349,0.016070161,0.0021731535,0.0021731535,-,0,0.11210006,0.1615621,1.0376776e-05,0.0010606251,15,1.6,0.02,0.04,-0.05,40,40,40,40,40,10,0
5.2,-0.26416531,-0.051038779,0.0023724775,-0.020024375,0.26416531,0.051038779,-0.0023724775,0.020024375,-0.0037766946,-0.0037766946,-,0,0.11244898,0.16157513,1.0404919e-05,0.00106263,15,1.6,0.02,0.04,-0.05,40,40,40,40,40,10,0
5.205,-0.26434581,-0.041889383,0.0023222192,-0.019121215,0.26434581,0.041889383,-0.0023222192,0.019121215,-0.0027231482,-0.0027231482,-,0,0.11279837,0.1615839,1.0431882e-05,0.0010644581,15,1.6,0.02,0.04,-0.05,40,40,40,40,40,10,0
5.21,-0.26453616,-0.040755815,0.0022328975,-0.022233508,0.26453616,0.040755815,-0.0022328975,0.022233508,-0.0090011054,-0.0090011054,-,0,0.11314827,0.16159221,1.0456812e-05,0.0010669297,15,1.6,0.02,0.04,-0.05,40,40,40,40,40,10,0
5.215,-0.26470727,-0.031272195,0.002140143,-0.017477254,0.26470727,0.031272195,-0.002140143,0.017477254,-0.0024064941,-0.0024064941,-,0,0.11349862,0.1615971,1.0479713e-05,0.001068457,15,1.6,0.02,0.04,-0.05,40,40,40,40,40,10,0
5.22,-0.26494474,-0.034084416,0.0019698606,-0.020863796,0.26494474,0.034084416,-0.0019698606,0.020863796,-0.010496436,-0.010496436,-,0,0.1138496,0.1616029,1.0499114e-05,0.0010706335,15,1.6,0.02,0.04,-0.05,40,40,40,40,40,10,0
5.225,-0.26518455,-0.031773588,0.0017822494,-0.023169359,0.26518455,0.031773588,-0.0017822494,0.023169359,-0.016911869,-0.016911869,-,0,0.11420121,0.16160795,1.0514996e-05,0.0010733176,15,1.6,0.02,0.04,-0.05,40,40,40,40,40,10,0
5.23,-0.26535252,-0.026918509,0.0016592124,-0.01765958,0.26535252,0.026918509,-0.0016592124,0.01765958,-0.0097509318,-0.0097509318,-,0,0.11455327,0.16161158,1.0528761e-05,0.0010748769,15,1.6,0.02,0.04,-0.05,40,40,40,40,40,10,0
5.235,-0.26567948,-0.030284519,0.0013930789,-0.016164881,0.26567948,0.030284519,-0.0013930789,0.016164881,-0.011492598,-0.011492598,-,0,0.1149062,0.16161616,1.0538465e-05,0.0010761834,15,1.6,0.02,0.04,-0.05,40,40,40,40,40,10,0
5.24,-0.2659262,-0.030104943,0.0012182656,-0.015530469,0.2659262,0.030104943,-0.0012182656,0.015530469,-0.013097488,-0.013097488,-,0,0.11525978,0.16162069,1.0545886e-05,0.0010773894,15,1.6,0.02,0.04,-0.05,40,40,40,40,40,10,0
5.245,-0.26620232,-0.031339113,0.0010200927,-0.015051936,0.26620232,0.031339113,-0.0010200927,0.015051936,-0.015359318,-0.015359318,-,0,0.1156141,0.1616256,1.0551088e-05,0.0010785222,15,1.6,0.02,0.04,-0.05,40,40,40,40,40,10,0
5.25,-0.26647198,-0.031046999,0.0008404671,-0.011869647,0.26647198,0.031046999,-0.0008404671,0.011869647,-0.012955749,-0.012955749,-,0,0.11596914,0.16163042,1.055462e-05,0.0010792266,15,1.6,0.02,0.04,-0.05,40,40,40,40,40,10,0
5.255,-0.26677484,-0.032464285,0.00064692527,-0.008787716,0.26677484,0.032464285,-0.00064692527,0.008787716,-0.010990535,-0.010990535,-,0,0.11632498,0.16163569,1.0556713e-05,0.0010796127,15,1.6,0.02,0.04,-0.05,40,40,40,40,40,10,0
5.26,-0.2670711,-0.036968231,0.000478458,-0.010128516,0.2670711,0.036968231,-0.000478458,0.010128516,-0.015848907,-0.015848907,-,0,0.11668162,0.16164253,1.0557858e-05,0.0010801257,15,1.6,0.02,0.04,-0.05,40,40,40,40,40,10,0
5.265,-0.26737627,-0.037160154,0.00031375862,-0.0081989325,0.26737627,0.037160154,-0.00031375862,0.0081989325,-0.015245844,-0.015245844,-,0,0.11703907,0.16164943,1.055835e-05,0.0010804618,15,1.6,0.02,0.04,-0.05,40,40,40,40,40,10,0
5.27,-0.26771733,-0.040730927,0.00013370934,-0.0063394919,0.26771733,0.040730927,-0.00013370934,0.0063394919,-0.015121131,-0.015121131,-,0,0.11739743,0.16165773,1.0558439e-05,0.0010806627,15,1.6,0.02,0.04,-0.05,40,40,40,40,40,10,0
5.275,-0.26809119,-0.040000838,-5.2419815e-05,-0.000316791,0.26809119,0.040000838,5.2419815e-05,0.000316791,-0.0082550201,-0.0082550201,-,0,0.11775679,0.16166573,1.0558453e-05,0.0010806632,15,1.6,0.02,0.04,-0.05,40,40,40,40,40,10,0
5.28,-0.26849128,-0.04639603,-0.0002377413,-0.0012249198,0.26849128,0.04639603,0.0002377413,0.0012249198,-0.012751658,-0.012751658,-,0,0.11811723,0.16167649,1.0558736e-05,0.0010806707,15,1.6,0.02,0.04,-0.05,40,40,40,40,40,10,0
5.285,-0.26880115,-0.047211742,-0.00031761406,-0.00061886898,0.26880115,0.047211742,0.00031761406,0.00061886898,-0.013018894,-0.013018894,-,0,0.1184785,0.16168763,1.055924e-05,0.0010806726,15,1.6,0.02,0.04,-0.05,40,40,40,40,40,10,0
5.29,-0.26909726,-0.051023966,-0.00036711394,0.00016002448,0.26909726,0.051023966,0.00036711394,-0.00016002448,-0.012673574,-0.012673574,-,0,0.11884057,0.16170065,1.0559914e-05,0.0010806728,15,1.6,0.02,0.04,-0.05,40,40,40,40,40,10,0
5.295,-0.26950233,-0.051058125,-0.00050112035,0.0052192646,0.26950233,0.051058125,0.00050112035,-0.0052192646,-0.0065983533,-0.0065983533,-,0,0.11920373,0.16171369,1.0561169e-05,0.001080809,15,1.6,0.02,0.04,-0.05,40,40,40,40,40,10,0
5.3,-0.26989555,-0.057602342,-0.00059741143,0.0039080313,0.26989555,0.057602342,0.00059741143,-0.0039080313,-0.010410326,-0.010410326,-,0,0.11956794,0.16173028,1.0562954e-05,0.0010808853,15,1.6,0.02,0.04,-0.05,40,40,40,40,40,10,0
5.305,-0.2702741,-0.056707463,-0.0006632944,0.0065581842,0.2702741,0.056707463,0.0006632944,-0.0065581842,-0.0071301019,-0.0071301019,-,0,0.11993318,0.16174635,1.0565154e-05,0.0010811004,15,1.6,0.02,0.04,-0.05,40,40,40,40,40,10,0
5.31,-0.27068165,-0.057953916,-0.00074095237,0.0098875052,0.27068165,0.057953916,0.00074095237,-0.0098875052,-0.0030260668,-0.0030260668,-,0,0.12029953,0.16176315,1.0567899e-05,0.0010815892,15,1.6,0.02,0.04,-0.05,40,40,40,40,40,10,0
5.315,-0.27108458,-0.061847092,-0.00079612075,0.0089027799,0.27108458,0.061847092,0.00079612075,-0.0089027799,-0.0055929387,-0.0055929387,-,0,0.12066696,0.16178227,1.0571068e-05,0.0010819855,15,1.6,0.02,0.04,-0.05,40,40,40,40,40,10,0
5.32,-0.27144689,-0.062782852,-0.0008026644,0.0086994043,0.27144689,0.062782852,0.0008026644,-0.0086994043,-0.0060611712,-0.0060611712,-,0,0.12103538,0.16180198,1.0574289e-05,0.0010823639,15,1.6,0.02,0.04,-0.05,40,40,40,40,40,10,0
5.325,-0.27186315,-0.063565422,-0.00085327613,0.01071976,0.27186315,0.063565422,0.00085327613,-0.01071976,-0.0036274052,-0.0036274052,-,0,0.12140493,0.16182218,1.057793e-05,0.0010829385,15,1.6,0.02,0.04,-0.05,40,40,40,40,40,10,0
5.33,-0.27231524,-0.066006472,-0.00092347094,0.011831486,0.27231524,0.066006472,0.00092347094,-0.011831486,-0.0030082499,-0.0030082499,-,0,0.1217757,0.16184397,1.0582194e-05,0.0010836384,15,1.6,0.02,0.04,-0.05,40,40,40,40,40,10,0
5.335,-0.27284732,-0.070378749,-0.0010591178,0.0099347609,0.27284732,0.070378749,0.0010591178,-0.0099347609,-0.0082632454,-0.0082632454,-,0,0.12214793,0.16186873,1.0587802e-05,0.0010841319,15,1.6,0.02,0.04,-0.05,40,40,40,40,40,10,0
5.34,-0.27326275,-0.070026822,-0.0010654869,0.012852472,0.27326275,0.070026822,0.0010654869,-0.012852472,-0.003684676,-0.003684676,-,0,0.12252129,0.16189325,1.0593479e-05,0.0010849578,15,1.6,0.02,0.04,-0.05,40,40,40,40,40,10,0
5.345,-0.27380985,-0.071949769,-0.0011791717,0.0173358,0.27380985,0.071949769,0.0011791717,-0.0173358,0.0016955172,0.0016955172,-,0,0.12289615,0.16191914,1.0600431e-05,0.0010864605,15,1.6,0.02,0.04,-0.05,40,40,40,40,40,10,0
5.35,-0.27426144,-0.07731287,-0.001172475,0.015998863,0.27426144,0.07731287,0.001172475,-0.015998863,-0.00056668792,-0.00056668792,-,0,0.12327225,0.16194902,1.0607304e-05,0.0010877403,15,1.6,0.02,0.04,-0.05,40,40,40,40,40,10,0
5.355,-0.27468235,-0.076033512,-0.0011235751,0.018436715,0.27468235,0.076033512,0.0011235751,-0.018436715,0.0041101305,0.0041101305,-,0,0.1236495,0.16197793,1.0613616e-05,0.0010894398,15,1.6,0.02,0.04,-0.05,40,40,40,40,40,10,0
5.36,-0.27497855,-0.076872808,-0.00093817647,0.020755929,0.27497855,0.076872808,0.00093817647,-0.020755929,0.010562356,0.010562356,-,0,0.12402757,0.16200748,1.0618017e-05,0.0010915939,15,1.6,0.02,0.04,-0.05,40,40,40,40,40,10,0
5.365,-0.27541894,-0.083627698,-0.00088837224,0.014762449,0.27541894,0.083627698,0.00088837224,-0.014762449,0.0014408485,0.0014408485,-,0,0.12440685,0.16204244,1.0621963e-05,0.0010926835,15,1.6,0.02,0.04,-0.05,40,40,40,40,40,10,0
5.37,-0.2757212,-0.078721571,-0.0007071888,0.016907902,0.2757212,0.078721571,0.0007071888,-0.016907902,0.0077815238,0.0077815238,-,0,0.12478696,0.16207343,1.0624464e-05,0.0010941129,15,1.6,0.02,0.04,-0.05,40,40,40,40,40,10,0
5.375,-0.27618913,-0.082576828,-0.00068637427,0.016661411,0.27618913,0.082576828,0.00068637427,-0.016661411,0.0075357871,0.0075357871,-,0,0.12516836,0.16210752,1.0626819e-05,0.0010955009,15,1.6,0.02,0.04,-0.05,40,40,40,40,40,10,0
5.38,-0.27646935,-0.079121001,-0.00047015969,0.020279047,0.27646935,0.079121001,0.00047015969,-0.020279047,0.016699853,0.016699853,-,0,0.12555054,0.16213882,1.0627925e-05,0.0010975571,15,1.6,0.02,0.04,-0.05,40,40,40,40,40,10,0
5.385,-0.2766723,-0.080611063,-0.0001736198,0.019695364,0.2766723,0.080611063,0.0001736198,-0.019695364,0.020150397,0.020150397,-,0,0.12593327,0.16217132,1.0628075e-05,0.0010994967,15,1.6,0.02,0.04,-0.05,40,40,40,40,40,10,0
5.39,-0.27691308,-0.078285076,7.3909867e-05,0.017691592,0.27691308,0.078285076,-7.3909867e-05,-0.017691592,0.020745531,0.020745531,-,0,0.12631668,0.16220196,1.0628103e-05,0.0011010616,15,1.6,0.02,0.04,-0.05,40,40,40,40,40,10,0
5.395,-0.27703604,-0.073413221,0.00041274956,0.016608755,0.27703604,0.073413221,-0.00041274956,-0.016608755,0.024288002,0.024288002,-,0,0.12670042,0.16222891,1.0628954e-05,0.0011024409,15,1.6,0.02,0.04,-0.05,40,40,40,40,40,10,0
5.4,-0.27715927,-0.070958561,0.00072202681,0.013267277,0.27715927,0.070958561,-0.00072202681,-0.013267277,0.023676518,0.023676518,-,0,0.12708451,0.16225408,1.0631561e-05,0.001103321,15,1.6,0.02,0.04,-0.05,40,40,40,40,40,10,0
5.405,-0.27727253,-0.063571008,0.0010070706,0.013110611,0.27727253,0.063571008,-0.0010070706,-0.013110611,0.027994746,0.027994746,-,0,0.12746891,0.16227429,1.0636632e-05,0.0011041804,15,1.6,0.02,0.04,-0.05,40,40,40,40,40,10,0
5.41,-0.2774373,-0.060612665,0.0012054554,0.0093778654,0.2774373,0.060612665,-0.0012054554,-0.0093778654,0.025113163,0.025113163,-,0,0.12785377,0.16229266,1.0643898e-05,0.0011046201,15,1.6,0.02,0.04,-0.05,40,40,40,40,40,10,0
5.415,-0.27744131,-0.055481055,0.0015242093,0.0054990363,0.27744131,0.055481055,-0.0015242093,-0.0054990363,0.023893529,0.023893529,-,0,0.12823864,0.16230805,1.0655514e-05,0.0011047713,15,1.6,0.02,0.04,-0.05,40,40,40,40,40,10,0
5.42,-0.27750298,-0.05077786,0.0017469027,0.0034032485,0.27750298,0.05077786,-0.0017469027,-0.0034032485,0.024067565,0.024067565,-,0,0.12862368,0.16232094,1.0670772e-05,0.0011048293,15,1.6,0.02,0.04,-0.05,40,40,40,40,40,10,0
5.425,-0.27745527,-0.046698001,0.0020483398,0.0018012183,0.27745527,0.046698001,-0.0020483398,-0.0018012183,0.026190022,0.026190022,-,0,0.12900858,0.16233184,1.0691751e-05,0.0011048455,15,1.6,0.02,0.04,-0.05,40,40,40,40,40,10,0
5.43,-0.27748249,-0.043526722,0.0022470519,-0.00050931998,0.27748249,0.043526722,-0.0022470519,0.00050931998,0.025600147,0.025600147,-,0,0.12939356,0.16234132,1.0716997e-05,0.0011048468,15,1.6,0.02,0.04,-0.05,40,40,40,40,40,10,0
5.435,-0.27750754,-0.04301484,0.0024173256,-0.006547885,0.27750754,0.04301484,-0.0024173256,0.006547885,0.018512523,0.018512523,-,0,0.12977862,0.16235057,1.0746214e-05,0.0011050612,15,1.6,0.02,0.04,-0.05,40,40,40,40,40,10,0
5.44,-0.27748548,-0.033433692,0.0026038467,-0.0028956279,0.27748548,0.033433692,-0.0026038467,0.0028956279,0.027537638,0.027537638,-,0,0.13016361,0.16235616,1.0780114e-05,0.0011051031,15,1.6,0.02,0.04,-0.05,40,40,40,40,40,10,0
5.445,-0.27763259,-0.03725488,0.0026057207,-0.0079227022,0.27763259,0.03725488,-0.0026057207,0.0079227022,0.019366641,0.019366641,-,0,0.13054901,0.1623631,1.0814063e-05,0.0011054169,15,1.6,0.02,0.04,-0.05,40,40,40,40,40,10,0
5.45,-0.27763829,-0.030268868,0.0027263934,-0.0076745169,0.27763829,0.030268868,-0.0027263934,0.0076745169,0.021853154,0.021853154,-,0,0.13093442,0.16236768,1.0851229e-05,0.0011057114,15,1.6,0.02,0.04,-0.05,40,40,40,40,40,10,0
5.455,-0.2777234,-0.027088266,0.0027423586,-0.008450026,0.2777234,0.027088266,-0.0027423586,0.008450026,0.020977339,0.020977339,-,0,0.13132007,0.16237135,1.0888832e-05,0.0011060684,15,1.6,0.02,0.04,-0.05,40,40,40,40,40,10,0
5.46,-0.27771909,-0.023821639,0.00282364,-0.010571813,0.27771909,0.023821639,-0.00282364,0.010571813,0.018932452,0.018932452,-,0,0.13170571,0.16237418,1.0928697e-05,0.0011066272,15,1.6,0.02,0.04,-0.05,40,40,40,40,40,10,0
5.465,-0.27766189,-0.020705163,0.0029329094,-0.012165261,0.27766189,0.020705163,-0.0029329094,0.012165261,0.01814778,0.01814778,-,0,0.13209119,0.16237633,1.0971706e-05,0.0011073672,15,1.6,0.02,0.04,-0.05,40,40,40,40,40,10,0
5.47,-0.2776618,-0.016539286,0.0029657268,-0.011312098,0.2776618,0.016539286,-0.0029657268,0.011312098,0.020171738,0.020171738,-,0,0.13247667,0.16237769,1.1015684e-05,0.001108007,15,1.6,0.02,0.04,-0.05,40,40,40,40,40,10,0
5.475,-0.27766674,-0.019799845,0.0029786964,-0.017306862,0.27766674,0.019799845,-0.0029786964,0.017306862,0.010644137,0.010644137,-,0,0.13286217,0.16237965,1.1060047e-05,0.0011095047,15,1.6,0.02,0.04,-0.05,40,40,40,40,40,10,0
5.48,-0.27758298,-0.014689899,0.0030630289,-0.016152838,0.27758298,0.014689899,-0.0030630289,0.016152838,0.013961637,0.013961637,-,0,0.13324743,0.16238073,1.1106958e-05,0.0011108092,15,1.6,0.02,0.04,-0.05,40,40,40,40,40,10,0
5.485,-0.27760618,-0.011950998,0.0030389345,-0.011265309,0.27760618,0.011950998,-0.0030389345,0.011265309,0.021529359,0.021529359,-,0,0.13363276,0.16238145,1.1153133e-05,0.0011114438,15,1.6,0.02,0.04,-0.05,40,40,40,40,40,10,0
5.49,-0.27764789,-0.020165956,0.0030009255,-0.019384085,0.27764789,0.020165956,-0.0030009255,0.019384085,0.0076397506,0.0076397506,-,0,0.1340182,0.16238348,1.1198161e-05,0.0011133225,15,1.6,0.02,0.04,-0.05,40,40,40,40,40,10,0
5.495,-0.27758681,-0.015444956,0.0030519177,-0.019320279,0.27758681,0.015444956,-0.0030519177,0.019320279,0.0086967836,0.0086967836,-,0,0.13440347,0.16238467,1.1244732e-05,0.0011151889,15,1.6,0.02,0.04,-0.05,40,40,40,40,40,10,0
5.5,-0.27772032,-0.015030858,0.002911649,-0.014693791,0.27772032,0.015030858,-0.002911649,0.014693791,0.014009028,0.014009028,-,0,0.13478911,0.1623858,1.1287121e-05,0.0011162684,15,1.6,0.02,0.04,-0.05,40,40,40,40,40,10,0
5.505,-0.2778008,-0.022328177,0.0028436292,-0.018391474,0.2778008,0.022328177,-0.0028436292,0.018391474,0.0067789367,0.0067789367,-,0,0.13517498,0.1623883,1.1327552e-05,0.0011179596,15,1.6,0.02,0.04,-0.05,40,40,40,40,40,10,0
5.51,-0.27785346,-0.020669085,0.0028115234,-0.016430131,0.27785346,0.020669085,-0.0028115234,0.016430131,0.0095008088,0.0095008088,-,0,0.13556099,0.16239043,1.1367075e-05,0.0011193094,15,1.6,0.02,0.04,-0.05,40,40,40,40,40,10,0
5.515,-0.2780838,-0.024062557,0.0026172969,-0.014838105,0.2780838,0.024062557,-0.0026172969,0.014838105,0.008994307,0.008994307,-,0,0.13594764,0.16239333,1.1401326e-05,0.0011204102,15,1.6,0.02,0.04,-0.05,40,40,40,40,40,10,0
5.52,-0.27810465,-0.026815104,0.0026526274,-0.014222566,0.27810465,0.026815104,-0.0026526274,0.014222566,0.010398608,0.010398608,-,0,0.13633436,0.16239692,1.1436509e-05,0.0011214216,15,1.6,0.02,0.04,-0.05,40,40,40,40,40,10,0
5.525,-0.27825167,-0.0296271,0.0025799771,-0.013209917,0.27825167,0.0296271,-0.0025799771,0.013209917,0.010813672,0.010813672,-,0,0.13672148,0.16240131,1.146979e-05,0.0011222941,15,1.6,0.02,0.04,-0.05,40,40,40,40,40,10,0
5.53,-0.2784363,-0.033318078,0.0024866376,-0.013811902,0.2784363,0.033318078,-0.0024866376,0.013811902,0.0082990728,0.0082990728,-,0,0.13710911,0.16240686,1.1500707e-05,0.001123248,15,1.6,0.02,0.04,-0.05,40,40,40,40,40,10,0
5.535,-0.27861187,-0.034610648,0.0024175295,-0.012102757,0.27861187,0.034610648,-0.0024175295,0.012102757,0.0099418687,0.0099418687,-,0,0.13749723,0.16241285,1.1529929e-05,0.0011239804,15,1.6,0.02,0.04,-0.05,40,40,40,40,40,10,0
5.54,-0.27887819,-0.041930319,0.002278055,-0.014625999,0.27887819,0.041930319,-0.002278055,0.014625999,0.0035144515,0.0035144515,-,0,0.1378861,0.16242164,1.1555877e-05,0.00112505,15,1.6,0.02,0.04,-0.05,40,40,40,40,40,10,0
5.545,-0.27904763,-0.043010761,0.0022569715,-0.011730808,0.27904763,0.043010761,-0.0022569715,0.011730808,0.0077838974,0.0077838974,-,0,0.13827544,0.16243089,1.1581346e-05,0.001125738,15,1.6,0.02,0.04,-0.05,40,40,40,40,40,10,0
5.55,-0.27937344,-0.050934299,0.0021123865,-0.011342426,0.27937344,0.050934299,-0.0021123865,0.011342426,0.0059130747,0.0059130747,-,0,0.13866568,0.16244386,1.1603657e-05,0.0011263813,15,1.6,0.02,0.04,-0.05,40,40,40,40,40,10,0
5.555,-0.2795963,-0.053196871,0.0021050344,-0.0077119315,0.2795963,0.053196871,-0.0021050344,0.0077119315,0.011516625,0.011516625,-,0,0.13905655,0.16245801,1.1625813e-05,0.0011266786,15,1.6,0.02,0.04,-0.05,40,40,40,40,40,10,0
5.56,-0.2799388,-0.058009138,0.0020120632,-0.0051130272,0.2799388,0.058009138,-0.0020120632,0.0051130272,0.014080963,0.014080963,-,0,0.13944838,0.16247484,1.1646055e-05,0.0011268094,15,1.6,0.02,0.04,-0.05,40,40,40,40,40,10,0
5.565,-0.28033153,-0.067688131,0.0018962187,-0.010611618,0.28033153,0.067688131,-0.0018962187,0.010611618,0.0031505363,0.0031505363,-,0,0.13984131,0.16249775,1.1664033e-05,0.0011273724,15,1.6,0.02,0.04,-0.05,40,40,40,40,40,10,0
5.57,-0.28061317,-0.067432089,0.0019085134,-0.007458543,0.28061317,0.067432089,-0.0019085134,0.007458543,0.0083844852,0.0083844852,-,0,0.14023503,0.16252048,1.1682245e-05,0.0011276505,15,1.6,0.02,0.04,-0.05,40,40,40,40,40,10,0
5.575,-0.28108004,-0.074983054,0.0017719856,-0.0047999264,0.28108004,0.074983054,-0.0017719856,0.0047999264,0.010278979,0.010278979,-,0,0.14063006,0.16254859,1.1697945e-05,0.0011277657,15,1.6,0.02,0.04,-0.05,40,40,40,40,40,10,0
5.58,-0.28145773,-0.078836451,0.0017602082,-0.0035935854,0.28145773,0.078836451,-0.0017602082,0.0035935854,0.011870774,0.011870774,-,0,0.14102615,0.16257967,1.1713437e-05,0.0011278303,15,1.6,0.02,0.04,-0.05,40,40,40,40,40,10,0
5.585,-0.28183242,-0.082841427,0.0017745697,-0.0032414948,0.28183242,0.082841427,-0.0017745697,0.0032414948,0.012481848,0.012481848,-,0,0.1414233,0.16261398,1.1729182e-05,0.0011278828,15,1.6,0.02,0.04,-0.05,40,40,40,40,40,10,0
5.59,-0.28224234,-0.09077863,0.0017740671,-0.0072982452,0.28224234,0.09077863,-0.0017740671,0.0072982452,0.0056578222,0.0056578222,-,0,0.1418216,0.16265519,1.1744919e-05,0.0011281492,15,1.6,0.02,0.04,-0.05,40,40,40,40,40,10,0
5.595,-0.28266639,-0.090285627,0.0017793551,-0.0027540774,0.28266639,0.090285627,-0.0017793551,0.0027540774,0.01301905,0.01301905,-,0,0.1422211,0.16269594,1.1760749e-05,0.0011281871,15,1.6,0.02,0.04,-0.05,40,40,40,40,40,10,0
5.6,-0.28327482,-0.096879671,0.0016353279,-0.00035197684,0.28327482,0.096879671,-0.0016353279,0.00035197684,0.014426072,0.014426072,-,0,0.14262233,0.16274287,1.1774121e-05,0.0011281877,15,1.6,0.02,0.04,-0.05,40,40,40,40,40,10,0
5.605,-0.28386231,-0.10762027,0.0015450714,-0.0061406681,0.28386231,0.10762027,-0.0015450714,0.0061406681,0.0033689444,0.0033689444,-,0,0.14302522,0.16280078,1.1786057e-05,0.0011283762,15,1.6,0.02,0.04,-0.05,40,40,40,40,40,10,0
5.61,-0.2843093,-0.10803223,0.0016194174,-0.0018165084,0.2843093,0.10803223,-0.0016194174,0.0018165084,0.011377373,0.011377373,-,0,0.14342938,0.16285914,1.179917e-05,0.0011283927,15,1.6,0.02,0.04,-0.05,40,40,40,40,40,10,0
5.615,-0.28494973,-0.11911701,0.0015471958,-0.00042835546,0.28494973,0.11911701,-0.0015471958,0.00042835546,0.012058893,0.012058893,-,0,0.14383536,0.16293008,1.1811139e-05,0.0011283937,15,1.6,0.02,0.04,-0.05,40,40,40,40,40,10,0
5.62,-0.28558668,-0.12899816,0.0015278332,-0.0021405625,0.28558668,0.12899816,-0.0015278332,0.0021405625,0.0086209374,0.0086209374,-,0,0.14424316,0.16301329,1.182281e-05,0.0011284166,15,1.6,0.02,0.04,-0.05,40,40,40,40,40,10,0
5.625,-0.28620108,-0.13504797,0.0015729644,0.00034678804,0.28620108,0.13504797,-0.0015729644,-0.00034678804,0.013023386,0.013023386,-,0,0.14465271,0.16310448,1.1835181e-05,0.0011284172,15,1.6,0.02,0.04,-0.05,40,40,40,40,40,10,0
5.63,-0.2869323,-0.1432292,0.0015532115,0.0037820133,0.2869323,0.1432292,-0.0015532115,-0.0037820133,0.017881579,0.017881579,-,0,0.14506436,0.16320705,1.1847243e-05,0.0011284887,15,1.6,0.02,0.04,-0.05,40,40,40,40,40,10,0
5.635,-0.2876663,-0.15065556,0.0015831697,0.0061368961,0.2876663,0.15065556,-0.0015831697,-0.0061368961,0.021787031,0.021787031,-,0,0.14547812,0.16332053,1.1859776e-05,0.001128677,15,1.6,0.02,0.04,-0.05,40,40,40,40,40,10,0
5.64,-0.28838183,-0.15321533,0.0016679789,0.0050575507,0.28838183,0.15321533,-0.0016679789,-0.0050575507,0.021215514,0.021215514,-,0,0.14589394,0.16343791,1.1873686e-05,0.0011288049,15,1.6,0.02,0.04,-0.05,40,40,40,40,40,10,0
5.645,-0.28866742,-0.13387197,0.0021019607,0.00059665679,0.28866742,0.13387197,-0.0021019607,-0.00059665679,0.021355834,0.021355834,-,0,0.14631059,0.16352752,1.1895778e-05,0.0011288067,15,1.6,0.02,0.04,-0.05,40,40,40,40,40,10,0
5.65,-0.2889588,-0.11629302,0.0024149926,-0.0043603324,0.2889588,0.11629302,-0.0024149926,0.0043603324,0.01881746,0.01881746,-,0,0.14672807,0.16359514,1.1924939e-05,0.0011289017,15,1.6,0.02,0.04,-0.05,40,40,40,40,40,10,0
5.655,-0.28932043,-0.10475064,0.0025471288,-0.014691368,0.28932043,0.10475064,-0.0025471288,0.014691368,0.004724309,0.004724309,-,0,0.1471466,0.16365,1.1957378e-05,0.0011299809,15,1.6,0.02,0.04,-0.05,40,40,40,40,40,10,0
5.66,-0.28956113,-0.089411482,0.0026975555,-0.019000008,0.28956113,0.089411482,-0.0026975555,0.019000008,0.00069563739,0.00069563739,-,0,0.14756583,0.16368997,1.1993762e-05,0.0011317859,15,1.6,0.02,0.04,-0.05,40,40,40,40,40,10,0
5.665,-0.28985067,-0.078050066,0.0027294199,-0.017791862,0.28985067,0.078050066,-0.0027294199,0.017791862,0.0035553038,0.0035553038,-,0,0.1479859,0.16372043,1.2031011e-05,0.0011333687,15,1.6,0.02,0.04,-0.05,40,40,40,40,40,10,0
5.67,-0.29027574,-0.071414709,0.0025840685,-0.018288098,0.29027574,0.071414709,-0.0025840685,0.018288098,0.00083796879,0.00083796879,-,0,0.1484072,0.16374593,1.2064398e-05,0.0011350409,15,1.6,0.02,0.04,-0.05,40,40,40,40,40,10,0
5.675,-0.29054468,-0.066595544,0.0025550023,-0.022002821,0.29054468,0.066595544,-0.0025550023,0.022002821,-0.0053541945,-0.0053541945,-,0,0.14882928,0.16376811,1.2097038e-05,0.0011374616,15,1.6,0.02,0.04,-0.05,40,40,40,40,40,10,0
5.68,-0.29083753,-0.063918857,0.0024656706,-0.025763645,0.29083753,0.063918857,-0.0024656706,0.025763645,-0.012610278,-0.012610278,-,0,0.14925221,0.16378854,1.2127435e-05,0.0011407804,15,1.6,0.02,0.04,-0.05,40,40,40,40,40,10,0
5.685,-0.29123286,-0.059850406,0.0022544803,-0.023863999,0.29123286,0.059850406,-0.0022544803,0.023863999,-0.012583866,-0.012583866,-,0,0.1496763,0.16380645,1.2152849e-05,0.0011436278,15,1.6,0.02,0.04,-0.05,40,40,40,40,40,10,0
5.69,-0.29172827,-0.062603028,0.0019471679,-0.023853407,0.29172827,0.062603028,-0.0019471679,0.023853407,-0.017296619,-0.017296619,-,0,0.15010182,0.16382604,1.2171806e-05,0.0011464728,15,1.6,0.02,0.04,-0.05,40,40,40,40,40,10,0
5.695,-0.29230246,-0.063830176,0.0015758143,-0.022005038,0.29230246,0.063830176,-0.0015758143,0.022005038,-0.019970101,-0.019970101,-,0,0.15052903,0.16384641,1.2184222e-05,0.0011488939,15,1.6,0.02,0.04,-0.05,40,40,40,40,40,10,0
5.7,-0.29289563,-0.066857753,0.0012108828,-0.018613643,0.29289563,0.066857753,-0.0012108828,0.018613643,-0.020150809,-0.020150809,-,0,0.15095797,0.16386876,1.2191553e-05,0.0011506262,15,1.6,0.02,0.04,-0.05,40,40,40,40,40,10,0
5.705,-0.29353674,-0.074826652,0.00083632783,-0.018083232,0.29353674,0.074826652,-0.00083632783,0.018083232,-0.025252055,-0.025252055,-,0,0.15138878,0.16389676,1.2195051e-05,0.0011522612,15,1.6,0.02,0.04,-0.05,40,40,40,40,40,10,0
5.71,-0.29405159,-0.075241712,0.00063214051,-0.0094581513,0.29405159,0.075241712,-0.00063214051,0.0094581513,-0.014541635,-0.014541635,-,0,0.15182112,0.16392506,1.2197049e-05,0.0011527085,15,1.6,0.02,0.04,-0.05,40,40,40,40,40,10,0
5.715,-0.29470647,-0.087633341,0.00034425065,-0.0090887474,0.29470647,0.087633341,-0.00034425065,0.0090887474,-0.018777699,-0.018777699,-,0,0.15225538,0.16396346,1.2197641e-05,0.0011531215,15,1.6,0.02,0.04,-0.05,40,40,40,40,40,10,0
5.72,-0.29530917,-0.092388524,0.0001535239,-0.0073512701,0.29530917,0.092388524,-0.0001535239,0.0073512701,-0.019060898,-0.019060898,-,0,0.15269141,0.16400614,1.2197759e-05,0.0011533917,15,1.6,0.02,0.04,-0.05,40,40,40,40,40,10,0
5.725,-0.29601506,-0.098893382,-9.8111438e-05,-0.004086372,0.29601506,0.098893382,9.8111438e-05,0.004086372,-0.017885903,-0.017885903,-,0,0.15312954,0.16405504,1.2197807e-05,0.0011534752,15,1.6,0.02,0.04,-0.05,40,40,40,40,40,10,0
5.73,-0.29678606,-0.10668921,-0.00036358157,-0.0012968477,0.29678606,0.10668921,0.00036358157,0.0012968477,-0.017731969,-0.017731969,-,0,0.15356995,0.16411195,1.2198468e-05,0.0011534836,15,1.6,0.02,0.04,-0.05,40,40,40,40,40,10,0
5.735,-0.29750306,-0.11498813,-0.00052231847,0.00093653252,0.29750306,0.11498813,0.00052231847,-0.00093653252,-0.016885911,-0.016885911,-,0,0.15401249,0.16417806,1.2199832e-05,0.001153488,15,1.6,0.02,0.04,-0.05,40,40,40,40,40,10,0
5.74,-0.29838249,-0.12421034,-0.00078886658,0.0029020174,0.29838249,0.12421034,0.00078886658,-0.0029020174,-0.018125834,-0.018125834,-,0,0.15445765,0.16425521,1.2202944e-05,0.0011535301,15,1.6,0.02,0.04,-0.05,40,40,40,40,40,10,0
5.745,-0.29931223,-0.13280966,-0.0010489922,0.0057680451,0.29931223,0.13280966,0.0010489922,-0.0057680451,-0.017804642,-0.017804642,-,0,0.15490559,0.1643434,1.2208446e-05,0.0011536965,15,1.6,0.02,0.04,-0.05,40,40,40,40,40,10,0
5.75,-0.30018353,-0.13607064,-0.0011883645,0.015641588,0.30018353,0.13607064,0.0011883645,-0.015641588,-0.0042454227,-0.0042454227,-,0,0.15535614,0.16443597,1.2215507e-05,0.0011549198,15,1.6,0.02,0.04,-0.05,40,40,40,40,40,10,0
5.755,-0.30119385,-0.14906082,-0.0013988714,0.016535755,0.30119385,0.14906082,0.0013988714,-0.016535755,-0.0065121722,-0.0065121722,-,0,0.15580973,0.16454707,1.2225291e-05,0.0011562869,15,1.6,0.02,0.04,-0.05,40,40,40,40,40,10,0
5.76,-0.30202099,-0.14959536,-0.0013844986,0.0202805,0.30202099,0.14959536,0.0013844986,-0.0202805,-0.00034291431,-0.00034291431,-,0,0.15626581,0.16465896,1.2234875e-05,0.0011583434,15,1.6,0.02,0.04,-0.05,40,40,40,40,40,10,0
5.765,-0.30284388,-0.15773617,-0.0013399996,0.01826019,0.30284388,0.15773617,0.0013399996,-0.01826019,-0.0032500151,-0.0032500151,-,0,0.15672438,0.16478337,1.2243853e-05,0.0011600106,15,1.6,0.02,0.04,-0.05,40,40,40,40,40,10,0
5.77,-0.30357532,-0.16065533,-0.0011892167,0.016236005,0.30357532,0.16065533,0.0011892167,-0.016236005,-0.004358361,-0.004358361,-,0,0.15718517,0.16491242,1.2250924e-05,0.0011613286,15,1.6,0.02,0.04,-0.05,40,40,40,40,40,10,0
5.775,-0.30444474,-0.16134,-0.0011631092,0.019388272,0.30444474,0.16134,0.0011631092,-0.019388272,0.0010321015,0.0010321015,-,0,0.15764861,0.16504257,1.2257688e-05,0.0011632082,15,1.6,0.02,0.04,-0.05,40,40,40,40,40,10,0
5.78,-0.3053876,-0.16794448,-0.0011857988,0.018443929,0.3053876,0.16794448,0.0011857988,-0.018443929,-0.001102227,-0.001102227,-,0,0.15811491,0.1651836,1.2264719e-05,0.0011649091,15,1.6,0.02,0.04,-0.05,40,40,40,40,40,10,0
5.785,-0.30627248,-0.16622075,-0.0011290706,0.023548503,0.30627248,0.16622075,0.0011290706,-0.023548503,0.0079672659,0.0079672659,-,0,0.15858393,0.16532174,1.2271093e-05,0.0011676817,15,1.6,0.02,0.04,-0.05,40,40,40,40,40,10,0
5.79,-0.30716367,-0.17379134,-0.0010541549,0.021888417,0.30716367,0.17379134,0.0010541549,-0.021888417,0.0061142164,0.0061142164,-,0,0.15905568,0.16547276,1.2276649e-05,0.0011700772,15,1.6,0.02,0.04,-0.05,40,40,40,40,40,10,0
5.795,-0.30804001,-0.17561551,-0.00094855017,0.021409187,0.30804001,0.17561551,0.00094855017,-0.021409187,0.0068410264,0.0068410264,-,0,0.15953012,0.16562696,1.2281148e-05,0.001172369,15,1.6,0.02,0.04,-0.05,40,40,40,40,40,10,0
5.8,-0.30896337,-0.17733698,-0.00087605615,0.023427427,0.30896337,0.17733698,0.00087605615,-0.023427427,0.011070294,0.011070294,-,0,0.16000741,0.16578421,1.2284985e-05,0.0011751132,15,1.6,0.02,0.04,-0.05,40,40,40,40,40,10,0
5.805,-0.30981324,-0.18151131,-0.00070906101,0.023767129,0.30981324,0.18151131,0.00070906101,-0.023767129,0.013934773,0.013934773,-,0,0.16048733,0.16594894,1.2287499e-05,0.0011779376,15,1.6,0.02,0.04,-0.05,40,40,40,40,40,10,0
5.81,-0.31073996,-0.18566811,-0.00060063044,0.022698771,0.31073996,0.18566811,0.00060063044,-0.022698771,0.013667053,0.013667053,-,0,0.16097013,0.1661213,1.2289303e-05,0.0011805138,15,1.6,0.02,0.04,-0.05,40,40,40,40,40,10,0
5.815,-0.31167845,-0.18676559,-0.0004901556,0.024150989,0.31167845,0.18676559,0.0004901556,-0.024150989,0.017585055,0.017585055,-,0,0.16145585,0.16629571,1.2290504e-05,0.0011834301,15,1.6,0.02,0.04,-0.05,40,40,40,40,40,10,0
5.82,-0.31258218,-0.19164295,-0.00032775973,0.023296781,0.31258218,0.19164295,0.00032775973,-0.023296781,0.018441093,0.018441093,-,0,0.16194438,0.16647934,1.2291041e-05,0.0011861438,15,1.6,0.02,0.04,-0.05,40,40,40,40,40,10,0
5.825,-0.31335511,-0.19288457,-1.7952963e-05,0.024912298,0.31335511,0.19288457,1.7952963e-05,-0.024912298,0.025607898,0.025607898,-,0,0.16243534,0.16666537,1.2291043e-05,0.0011892469,15,1.6,0.02,0.04,-0.05,40,40,40,40,40,10,0
5.83,-0.31383189,-0.1713841,0.00051324663,0.019738827,0.31383189,0.1713841,-0.00051324663,-0.019738827,0.026148821,0.026148821,-,0,0.16292779,0.16681223,1.229236e-05,0.0011911951,15,1.6,0.02,0.04,-0.05,40,40,40,40,40,10,0
5.835,-0.31424437,-0.15310599,0.00096653551,0.00821782,0.31424437,0.15310599,-0.00096653551,-0.00821782,0.015237418,0.015237418,-,0,0.16342154,0.16692944,1.2297031e-05,0.0011915327,15,1.6,0.02,0.04,-0.05,40,40,40,40,40,10,0
5.84,-0.31450179,-0.12867715,0.0014279435,0.0035136769,0.31450179,0.12867715,-0.0014279435,-0.0035136769,0.015603913,0.015603913,-,0,0.1639161,0.16701222,1.2307226e-05,0.0011915944,15,1.6,0.02,0.04,-0.05,40,40,40,40,40,10,0
5.845,-0.31480475,-0.11366671,0.0017216175,-0.0028013646,0.31480475,0.11366671,-0.0017216175,0.0028013646,0.010499316,0.010499316,-,0,0.16441161,0.16707683,1.2322046e-05,0.0011916337,15,1.6,0.02,0.04,-0.05,40,40,40,40,40,10,0
5.85,-0.31510767,-0.094955597,0.0019102541,-0.0049312711,0.31510767,0.094955597,-0.0019102541,0.0049312711,0.010663401,0.010663401,-,0,0.16490807,0.16712191,1.2340291e-05,0.0011917553,15,1.6,0.02,0.04,-0.05,40,40,40,40,40,10,0
5.855,-0.31535543,-0.0820888,0.002061483,-0.0090359582,0.31535543,0.0820888,-0.002061483,0.0090359582,0.0068740511,0.0068740511,-,0,0.16540532,0.1671556,1.236154e-05,0.0011921635,15,1.6,0.02,0.04,-0.05,40,40,40,40,40,10,0
5.86,-0.31555983,-0.070575189,0.0021724666,-0.014087133,0.31555983,0.070575189,-0.0021724666,0.014087133,0.00091338325,0.00091338325,-,0,0.16590321,0.16718051,1.2385138e-05,0.0011931557,15,1.6,0.02,0.04,-0.05,40,40,40,40,40,10,0
5.865,-0.31576901,-0.058604136,0.0022043614,-0.015853152,0.31576901,0.058604136,-0.0022043614,0.015853152,-0.00095916809,-0.00095916809,-,0,0.16640176,0.16719768,1.2409434e-05,0.0011944124,15,1.6,0.02,0.04,-0.05,40,40,40,40,40,10,0
5.87,-0.31595444,-0.053135867,0.0022037433,-0.019993124,0.31595444,0.053135867,-0.0022037433,0.019993124,-0.0073773726,-0.0073773726,-,0,0.16690089,0.16721179,1.2433716e-05,0.001196411,15,1.6,0.02,0.04,-0.05,40,40,40,40,40,10,0
5.875,-0.31614502,-0.044682916,0.0021543618,-0.019677306,0.31614502,0.044682916,-0.0021543618,0.019677306,-0.00727848,-0.00727848,-,0,0.16740063,0.16722178,1.2456923e-05,0.001198347,15,1.6,0.02,0.04,-0.05,40,40,40,40,40,10,0
5.88,-0.31638347,-0.043788567,0.0020293818,-0.0226056,0.31638347,0.043788567,-0.0020293818,0.0226056,-0.013807445,-0.013807445,-,0,0.16790112,0.16723136,1.2477515e-05,0.001200902,15,1.6,0.02,0.04,-0.05,40,40,40,40,40,10,0
5.885,-0.31654515,-0.033697801,0.0019625103,-0.016193541,0.31654515,0.033697801,-0.0019625103,0.016193541,-0.0041508258,-0.0041508258,-,0,0.16840213,0.16723704,1.2496772e-05,0.0012022132,15,1.6,0.02,0.04,-0.05,40,40,40,40,40,10,0
5.89,-0.31696958,-0.040203969,0.0016275047,-0.022041269,0.31696958,0.040203969,-0.0016275047,0.022041269,-0.018801012,-0.018801012,-,0,0.16890448,0.16724512,1.2510016e-05,0.0012046423,15,1.6,0.02,0.04,-0.05,40,40,40,40,40,10,0
5.895,-0.31717911,-0.034505505,0.0014928128,-0.021643426,0.31717911,0.034505505,-0.0014928128,0.021643426,-0.019961091,-0.019961091,-,0,0.16940749,0.16725108,1.2521158e-05,0.0012069845,15,1.6,0.02,0.04,-0.05,40,40,40,40,40,10,0
5.9,-0.31749429,-0.034744814,0.001254395,-0.017710813,0.31749429,0.034744814,-0.001254395,0.017710813,-0.017261055,-0.017261055,-,0,0.1699115,0.16725711,1.2529026e-05,0.0012085528,15,1.6,0.02,0.04,-0.05,40,40,40,40,40,10,0
5.905,-0.31780088,-0.038287972,0.0010481462,-0.016171824,0.31780088,0.038287972,-0.0010481462,0.016171824,-0.018040261,-0.018040261,-,0,0.17041649,0.16726444,1.2534519e-05,0.0012098605,15,1.6,0.02,0.04,-0.05,40,40,40,40,40,10,0
5.91,-0.31819921,-0.040395062,0.00077100351,-0.014715997,0.31819921,0.040395062,-0.00077100351,0.014715997,-0.019960329,-0.019960329,-,0,0.17092274,0.1672726,1.2537491e-05,0.0012109433,15,1.6,0.02,0.04,-0.05,40,40,40,40,40,10,0
5.915,-0.31866858,-0.043818182,0.00044276009,-0.013864351,0.31866858,0.043818182,-0.00044276009,0.013864351,-0.023667659,-0.023667659,-,0,0.17143049,0.1672822,1.2538471e-05,0.0012119044,15,1.6,0.02,0.04,-0.05,40,40,40,40,40,10,0
5.92,-0.31913737,-0.044644357,0.00014084253,-0.0089567575,0.31913737,0.044644357,-0.00014084253,0.0089567575,-0.020386696,-0.020386696,-,0,0.17193974,0.16729217,1.253857e-05,0.0012123055,15,1.6,0.02,0.04,-0.05,40,40,40,40,40,10,0
5.925,-0.31959189,-0.049131356,-0.00011027864,-0.0050842596,0.31959189,0.049131356,0.00011027864,0.0050842596,-0.018146087,-0.018146087,-,0,0.17245043,0.16730424,1.2538631e-05,0.0012124347,15,1.6,0.02,0.04,-0.05,40,40,40,40,40,10,0
5.93,-0.32004269,-0.056740101,-0.00032122173,-0.0061091307,0.32004269,0.056740101,0.00032122173,0.0061091307,-0.023263393,-0.023263393,-,0,0.17296257,0.16732033,1.2539147e-05,0.0012126213,15,1.6,0.02,0.04,-0.05,40,40,40,40,40,10,0
5.935,-0.32042872,-0.058903494,-0.00043772129,-0.0027673893,0.32042872,0.058903494,0.00043772129,0.0027673893,-0.019758356,-0.019758356,-,0,0.17347594,0.16733768,1.2540105e-05,0.0012126596,15,1.6,0.02,0.04,-0.05,40,40,40,40,40,10,0
5.94,-0.32089702,-0.065268543,-0.0005980901,3.6733764e-06,0.32089702,0.065268543,0.0005980901,-3.6733764e-06,-0.017994156,-0.017994156,-,0,0.17399081,0.16735898,1.2541894e-05,0.0012126596,15,1.6,0.02,0.04,-0.05,40,40,40,40,40,10,0
5.945,-0.32140914,-0.069489023,-0.00076204359,0.0031138068,0.32140914,0.069489023,0.00076204359,-0.0031138068,-0.015656307,-0.015656307,-,0,0.17450733,0.16738313,1.2544797e-05,0.0012127081,15,1.6,0.02,0.04,-0.05,40,40,40,40,40,10,0
5.95,-0.32195599,-0.076268338,-0.00092605401,0.0030067107,0.32195599,0.076268338,0.00092605401,-0.0030067107,-0.018569926,-0.018569926,-,0,0.17502561,0.16741221,1.2549085e-05,0.0012127533,15,1.6,0.02,0.04,-0.05,40,40,40,40,40,10,0
5.955,-0.3224924,-0.075348897,-0.0010492363,0.0096106527,0.3224924,0.075348897,0.0010492363,-0.0096106527,-0.0098253046,-0.0098253046,-,0,0.17554562,0.1674406,1.255459e-05,0.0012132151,15,1.6,0.02,0.04,-0.05,40,40,40,40,40,10,0
5.96,-0.32302883,-0.083114689,-0.0011368855,0.0099128661,0.32302883,0.083114689,0.0011368855,-0.0099128661,-0.010977861,-0.010977861,-,0,0.17606736,0.16747514,1.2561052e-05,0.0012137065,15,1.6,0.02,0.04,-0.05,40,40,40,40,40,10,0
5.965,-0.32360974,-0.085404554,-0.0012436535,0.010701284,0.32360974,0.085404554,0.0012436535,-0.010701284,-0.011421125,-0.011421125,-,0,0.17659097,0.16751161,1.2568785e-05,0.0012142791,15,1.6,0.02,0.04,-0.05,40,40,40,40,40,10,0
5.97,-0.32413766,-0.083946935,-0.00127808,0.016560418,0.32413766,0.083946935,0.00127808,-0.016560418,-0.0025151624,-0.0025151624,-,0,0.1771163,0.16754684,1.2576953e-05,0.0012156503,15,1.6,0.02,0.04,-0.05,40,40,40,40,40,10,0
5.975,-0.32474167,-0.087361386,-0.0013639134,0.018442617,0.32474167,0.087361386,0.0013639134,-0.018442617,-0.00093980161,-0.00093980161,-,0,0.17764358,0.167585,1.2586254e-05,0.0012173509,15,1.6,0.02,0.04,-0.05,40,40,40,40,40,10,0
5.98,-0.32513529,-0.090639974,-0.0012279583,0.015436753,0.32513529,0.090639974,0.0012279583,-0.015436753,-0.0038488744,-0.0038488744,-,0,0.17817215,0.16762608,1.2593794e-05,0.0012185424,15,1.6,0.02,0.04,-0.05,40,40,40,40,40,10,0
5.985,-0.32563615,-0.091695135,-0.0011989462,0.014295223,0.32563615,0.091695135,0.0011989462,-0.014295223,-0.0052923653,-0.0052923653,-,0,0.17870234,0.16766812,1.2600981e-05,0.0012195642,15,1.6,0.02,0.04,-0.05,40,40,40,40,40,10,0
5.99,-0.32601159,-0.087883445,-0.0010434779,0.017496353,0.32601159,0.087883445,0.0010434779,-0.017496353,0.0023064271,0.0023064271,-,0,0.17923376,0.16770674,1.2606425e-05,0.0012210948,15,1.6,0.02,0.04,-0.05,40,40,40,40,40,10,0
5.995,-0.32645195,-0.088132893,-0.00096055237,0.016124712,0.32645195,0.088132893,0.00096055237,-0.016124712,0.0013368985,0.0013368985,-,0,0.17976662,0.16774558,1.2611038e-05,0.0012223948,15,1.6,0.02,0.04,-0.05,40,40,40,40,40,10,0
6,-0.32687576,-0.084132793,-0.00087930616,0.014796796,0.32687576,0.084132793,0.00087930616,-0.014796796,0.0005824545,0.0005824545,-,0,0.18030086,0.16778097,1.2614904e-05,0.0012234895,15,1.6,0.02,0.04,-0.05,40,40,40,40,40,10,0
6.005,-0.32731357,-0.080312497,-0.00083504821,0.014503689,0.32731357,0.080312497,0.00083504821,-0.014503689,0.00092140869,0.00092140869,-,0,0.18083653,0.16781322,1.2618391e-05,0.0012245413,15,1.6,0.02,0.04,-0.05,40,40,40,40,40,10,0
6.01,-0.32771065,-0.079432077,-0.00076744912,0.012323612,0.32771065,0.079432077,0.00076744912,-0.012323612,-0.001525453,-0.001525453,-,0,0.1813735,0.16784477,1.2621336e-05,0.0012253007,15,1.6,0.02,0.04,-0.05,40,40,40,40,40,10,0
6.015,-0.32800654,-0.075460222,-0.00061294594,0.013573852,0.32800654,0.075460222,0.00061294594,-0.013573852,0.002945434,0.002945434,-,0,0.18191144,0.16787324,1.2623214e-05,0.0012262219,15,1.6,0.02,0.04,-0.05,40,40,40,40,40,10,0
6.02,-0.32842418,-0.076024538,-0.00058750472,0.012382728,0.32842418,0.076024538,0.00058750472,-0.012382728,0.0013903289,0.0013903289,-,0,0.18245075,0.16790214,1.262494e-05,0.0012269886,15,1.6,0.02,0.04,-0.05,40,40,40,40,40,10,0
6.025,-0.328823,-0.073881964,-0.00055331956,0.011587558,0.328823,0.073881964,0.00055331956,-0.011587558,0.00070856117,0.00070856117,-,0,0.18299137,0.16792943,1.2626471e-05,0.0012276599,15,1.6,0.02,0.04,-0.05,40,40,40,40,40,10,0
6.03,-0.32917041,-0.071339988,-0.00047787781,0.012697465,0.32917041,0.071339988,0.00047787781,-0.012697465,0.0037107697,0.0037107697,-,0,0.18353314,0.16795487,1.2627613e-05,0.0012284661,15,1.6,0.02,0.04,-0.05,40,40,40,40,40,10,0
6.035,-0.32943863,-0.070702072,-0.00032758368,0.012844168,0.32943863,0.070702072,0.00032758368,-0.012844168,0.0062200589,0.0062200589,-,0,0.18407579,0.16797987,1.2628149e-05,0.0012292909,15,1.6,0.02,0.04,-0.05,40,40,40,40,40,10,0
6.04,-0.32971154,-0.067437829,-0.00018866066,0.014210873,0.32971154,0.067437829,0.00018866066,-0.014210873,0.010615744,0.010615744,-,0,0.18461934,0.16800261,1.2628327e-05,0.0012303007,15,1.6,0.02,0.04,-0.05,40,40,40,40,40,10,0
6.045,-0.33002143,-0.067037801,-9.9505637e-05,0.011609549,0.33002143,0.067037801,9.9505637e-05,-0.011609549,0.0078007524,0.0078007524,-,0,0.18516391,0.16802508,1.2628377e-05,0.0012309746,15,1.6,0.02,0.04,-0.05,40,40,40,40,40,10,0
6.05,-0.33027865,-0.065376101,2.0367452e-05,0.007948648,0.33027865,0.065376101,-2.0367452e-05,-0.007948648,0.0038027316,0.0038027316,-,0,0.18570933,0.16804645,1.2628379e-05,0.0012312905,15,1.6,0.02,0.04,-0.05,40,40,40,40,40,10,0
6.055,-0.33061316,-0.065210049,4.3044869e-05,0.0050281076,0.33061316,0.065210049,-4.3044869e-05,-0.0050281076,-0.00053001991,-0.00053001991,-,0,0.18625585,0.16806771,1.2628388e-05,0.0012314169,15,1.6,0.02,0.04,-0.05,40,40,40,40,40,10,0
6.06,-0.33092836,-0.06210832,7.8516109e-05,0.0080138934,0.33092836,0.06210832,-7.8516109e-05,-0.0080138934,0.0048970711,0.0048970711,-,0,0.18680342,0.168087,1.2628419e-05,0.001231738,15,1.6,0.02,0.04,-0.05,40,40,40,40,40,10,0
6.065,-0.3313494,-0.060017985,1.710928e-05,0.013170864,0.3313494,0.060017985,-1.710928e-05,-0.013170864,0.012302313,0.012302313,-,0,0.18735238,0.16810501,1.262842e-05,0.0012326054,15,1.6,0.02,0.04,-0.05,40,40,40,40,40,10,0
6.07,-0.33162234,-0.061804266,0.0001101112,0.01144164,0.33162234,0.061804266,-0.0001101112,-0.01144164,0.010853675,0.010853675,-,0,0.18790225,0.16812411,1.2628481e-05,0.0012332599,15,1.6,0.02,0.04,-0.05,40,40,40,40,40,10,0
6.075,-0.33182277,-0.058736541,0.00026310924,0.010299121,0.33182277,0.058736541,-0.00026310924,-0.010299121,0.011439315,0.011439315,-,0,0.18845278,0.16814136,1.2628827e-05,0.0012337903,15,1.6,0.02,0.04,-0.05,40,40,40,40,40,10,0
6.08,-0.33203558,-0.056961355,0.00038670624,0.0092060588,0.33203558,0.056961355,-0.00038670624,-0.0092060588,0.011611122,0.011611122,-,0,0.18900402,0.16815758,1.2629575e-05,0.0012342141,15,1.6,0.02,0.04,-0.05,40,40,40,40,40,10,0
6.085,-0.33225421,-0.055187869,0.00049024215,0.0081427671,0.33225421,0.055187869,-0.00049024215,-0.0081427671,0.011529461,0.011529461,-,0,0.18955598,0.16817281,1.2630777e-05,0.0012345456,15,1.6,0.02,0.04,-0.05,40,40,40,40,40,10,0
6.09,-0.33247009,-0.053734962,0.000583197,0.0070381053,0.33247009,0.053734962,-0.000583197,-0.0070381053,0.011210123,0.011210123,-,0,0.19010867,0.16818725,1.2632477e-05,0.0012347932,15,1.6,0.02,0.04,-0.05,40,40,40,40,40,10,0
6.095,-0.33268069,-0.055156615,0.00066991979,0.0034853327,0.33268069,0.055156615,-0.00066991979,-0.0034853327,0.0067654509,0.0067654509,-,0,0.19066205,0.16820246,1.2634721e-05,0.001234854,15,1.6,0.02,0.04,-0.05,40,40,40,40,40,10,0
6.1,-0.33291468,-0.051611891,0.00072430077,0.0054650507,0.33291468,0.051611891,-0.00072430077,-0.0054650507,0.010885823,0.010885823,-,0,0.19121621,0.16821578,1.2637344e-05,0.0012350033,15,1.6,0.02,0.04,-0.05,40,40,40,40,40,10,0
6.105,-0.33319257,-0.050192004,0.00073650605,0.0085021799,0.33319257,0.050192004,-0.00073650605,-0.0085021799,0.015979547,0.015979547,-,0,0.1917713,0.16822837,1.2640056e-05,0.0012353648,15,1.6,0.02,0.04,-0.05,40,40,40,40,40,10,0
6.11,-0.33339102,-0.051411395,0.00082945266,0.0066427398,0.33339102,0.051411395,-0.00082945266,-0.0066427398,0.014345897,0.014345897,-,0,0.19232704,0.16824159,1.2643496e-05,0.0012355854,15,1.6,0.02,0.04,-0.05,40,40,40,40,40,10,0
6.115,-0.33345313,-0.049379194,0.0010469184,0.00515589,0.33345313,0.049379194,-0.0010469184,-0.00515589,0.01530897,0.01530897,-,0,0.192883,0.16825378,1.2648977e-05,0.0012357183,15,1.6,0.02,0.04,-0.05,40,40,40,40,40,10,0
6.12,-0.33359176,-0.049227662,0.0011744168,0.0031702891,0.33359176,0.049227662,-0.0011744168,-0.0031702891,0.014047773,0.014047773,-,0,0.19343942,0.1682659,1.2655873e-05,0.0012357686,15,1.6,0.02,0.04,-0.05,40,40,40,40,40,10,0
6.125,-0.33374606,-0.050445802,0.0012747182,-0.00046649599,0.33374606,0.050445802,-0.0012747182,0.00046649599,0.0096816261,0.0096816261,-,0,0.19399635,0.16827862,1.2663997e-05,0.0012357696,15,1.6,0.02,0.04,-0.05,40,40,40,40,40,10,0
6.13,-0.33384783,-0.045504878,0.0014188346,0.0031768177,0.33384783,0.045504878,-0.0014188346,-0.0031768177,0.017868275,0.017868275,-,0,0.19455362,0.16828897,1.2674063e-05,0.0012358201,15,1.6,0.02,0.04,-0.05,40,40,40,40,40,10,0
6.135,-0.33402562,-0.050202515,0.0014897041,0.00027148248,0.33402562,0.050202515,-0.0014897041,-0.00027148248,0.01409132,0.01409132,-,0,0.19511149,0.16830157,1.2685159e-05,0.0012358205,15,1.6,0.02,0.04,-0.05,40,40,40,40,40,10,0
6.14,-0.33416565,-0.047465345,0.0015926384,-8.3934357e-05,0.33416565,0.047465345,-0.0015926384,8.3934357e-05,0.015173355,0.015173355,-,0,0.19566982,0.16831284,1.2697841e-05,0.0012358205,15,1.6,0.02,0.04,-0.05,40,40,40,40,40,10,0
6.145,-0.33434123,-0.048161583,0.0016526983,-0.0011622409,0.33434123,0.048161583,-0.0016526983,0.0011622409,0.014317601,0.014317601,-,0,0.19622874,0.16832444,1.2711498e-05,0.0012358273,15,1.6,0.02,0.04,-0.05,40,40,40,40,40,10,0
6.15,-0.3344084,-0.043596978,0.0018181026,0.0026381716,0.3344084,0.043596978,-0.0018181026,-0.0026381716,0.023060566,0.023060566,-,0,0.19678788,0.16833394,1.2728026e-05,0.0012358621,15,1.6,0.02,0.04,-0.05,40,40,40,40,40,10,0
6.155,-0.33454155,-0.045080751,0.0019162595,0.0012381386,0.33454155,0.045080751,-0.0019162595,-0.0012381386,0.022230853,0.022230853,-,10,0.19734747,0.1683441,1.2746386e-05,0.0012358697,15,1.6,0.02,0.04,-0.05,40,40,40,40,40,10,0
6.16,-0.35697971,-0.18971629,-0.018771251,0.36313405,0.35697971,0.18971629,0.018771251,-0.36313405,0.28471746,0.28471746,-,10,0.19798465,0.16852406,1.4508186e-05,0.0018952014,15,1.6,0.02,0.04,-0.05,40,40,40,40,40,10,0
6.165,-0.37990627,-0.32585539,-0.037406697,0.73639928,0.37990627,0.32585539,0.037406697,-0.73639928,0.59650604,0.59650604,-,10,0.19870629,0.16905497,2.1504491e-05,0.0046066209,15,1.6,0.02,0.04,-0.05,40,40,40,40,40,10,0
6.17,-0.40252662,-0.35530146,-0.053677393,1.0537465,0.40252662,0.35530146,0.053677393,-1.0537465,0.85857087,0.85857087,-,10,0.19951643,0.16968617,3.5910803e-05,0.010158529,15,1.6,0.02,0.04,-0.05,40,40,40,40,40,10,0
6.175,-0.42396706,-0.22583262,-0.067651997,1.3177974,0.42396706,0.22583262,0.067651997,-1.3177974,1.0761832,1.0761832,-,10,0.20041517,0.16994117,5.8794767e-05,0.018841479,15,1.6,0.02,0.04,-0.05,40,40,40,40,40,10,0
6.18,-0.44364197,0.031714275,-0.079731934,1.5349484,0.44364197,-0.031714275,0.079731934,-1.5349484,1.2523342,1.2523342,-,10,0.20139926,0.1699462,9.0580674e-05,0.030621812,15,1.6,0.02,0.04,-0.05,40,40,40,40,40,10,0
6.185,-0.46094919,0.38361137,-0.090050791,1.7113891,0.46094919,-0.38361137,0.090050791,-1.7113891,1.3935861,1.3935861,-,10,0.20246163,0.17068199,0.0001311264,0.045266075,15,1.6,0.02,0.04,-0.05,40,40,40,40,40,10,0
6.19,-0.47556924,0.78699848,-0.098785574,1.8630668,0.47556924,-0.78699848,0.098785574,-1.8630668,1.5210919,1.5210919,-,10,0.20359246,0.17377882,0.00017991935,0.062621165,15,1.6,0.02,0.04,-0.05,40,40,40,40,40,10,0
6.195,-0.48757726,1.2608627,-0.10644127,1.994174,0.48757726,-1.2608627,0.10644127,-1.994174,1.6347424,1.6347424,-,10,0.20478112,0.18172769,0.00023656806,0.082504814,15,1.6,0.02,0.04,-0.05,40,40,40,40,40,10,0
6.2,-0.49652793,1.7667721,-0.11297263,2.104713,0.49652793,-1.7667721,0.11297263,-2.104713,1.7336916,1.7336916,-,10,0.20601382,0.19733511,0.00030038214,0.1046539,15,1.6,0.02,0.04,-0.05,40,40,40,40,40,10,0
6.205,-0.50248073,2.3531291,-0.11875394,2.1837578,0.50248073,-2.3531291,0.11875394,-2.1837578,1.7967789,1.7967789,-,10,0.20727625,0.22502119,0.00037089464,0.12849789,15,1.6,0.02,0.04,-0.05,40,40,40,40,40,10,0
6.21,-0.50423279,2.9713347,-0.12295471,2.2671213,0.50423279,-2.9713347,0.12295471,-2.2671213,1.8918422,1.875,-,10,0.20854751,0.26916534,0.00044648394,0.15419708,15,1.6,0.02,0.04,-0.05,40,40,40,40,40,10,0
6.215,-0.5021078,3.6147795,-0.12608217,2.3407776,0.5021078,-3.6147795,0.12608217,-2.3407776,1.9885606,1.875,-,10,0.20980807,0.3344985,0.00052596751,0.18159328,15,1.6,0.02,0.04,-0.05,40,40,40,40,40,10,0
6.22,-0.4978262,4.2866917,-0.13001195,2.3963267,0.4978262,-4.2866917,0.13001195,-2.3963267,2.0454546,1.875,-,10,0.21104722,0.42637713,0.00061048304,0.21030519,15,1.6,0.02,0.04,-0.05,40,40,40,40,40,10,0
6.225,-0.48901061,4.9632073,-0.13247306,2.4617201,0.48901061,-4.9632073,0.13247306,-2.4617201,2.1404043,1.875,-,10,0.21224288,0.54954426,0.0006982286,0.24060552,15,1.6,0.02,0.04,-0.05,40,40,40,40,40,10,0
6.23,-0.47652532,5.6228618,-0.13427894,2.529409,0.47652532,-5.6228618,0.13427894,-2.529409,2.2482544,1.875,-,10,0.21337826,0.70762713,0.00078838276,0.27259507,15,1.6,0.02,0.04,-0.05,40,40,40,40,40,10,0
6.235,-0.46085852,6.2894683,-0.13594287,2.5968135,0.46085852,-6.2894683,0.13594287,-2.5968135,2.3581202,1.875,-,10,0.21444022,0.90541419,0.00088078508,0.30631227,15,1.6,0.02,0.04,-0.05,40,40,40,40,40,10,0
6.24,-0.44234987,6.9508349,-0.13757485,2.673444,0.44234987,-6.9508349,0.13757485,-2.673444,2.483074,1.875,-,10,0.21541858,1.1469847,0.00097541928,0.34204878,15,1.6,0.02,0.04,-0.05,40,40,40,40,40,10,0
6.245,-0.42014295,7.6547326,-0.13868318,2.768342,0.42014295,-7.6547326,0.13868318,-2.768342,2.646886,1.875,-,10,0.21630118,1.4399594,0.0010715844,0.38036737,15,1.6,0.02,0.04,-0.05,40,40,40,40,40,10,0
6.25,-0.39488943,8.4919903,-0.13979549,2.8591413,0.39488943,-8.4919903,0.13979549,-2.8591413,2.8094755,1.875,-,10,0.21708087,1.8005289,0.0011692983,0.42124081,15,1.6,0.02,0.04,-0.05,40,40,40,40,40,10,0
6.255,-0.36638901,9.0551406,-0.14038616,2.9511221,0.36638901,-9.0551406,0.14038616,-2.9511221,2.9708808,1.875,-,0,0.21775208,2.2105067,0.0012678397,0.46478642,15,1.6,0.02,0.04,-0.05,40,40,40,40,40,10,0
6.26,-0.30067488,9.8581484,-0.10913139,2.6906282,0.30067488,-9.8581484,0.10913139,-2.6906282,3.0563467,1.875,-,0,0.2182041,2.6964222,0.001327388,0.50098382,15,1.6,0.02,0.04,-0.05,40,40,40,40,40,10,0
6.265,-0.23151916,11.154589,-0.080439363,2.4343937,0.23151916,-11.154589,0.080439363,-2.4343937,3.1299927,1.875,-,0,0.21847211,3.3185465,0.0013597404,0.53061519,15,1.6,0.02,0.04,-0.05,40,40,40,40,40,10,0
6.27,-0.16438015,11.370556,-0.05795508,2.1729466,0.16438015,-11.370556,0.05795508,-2.1729466,3.0589229,1.875,-,0,0.21860721,3.9649942,0.0013765344,0.55422367,15,1.6,0.02,0.04,-0.05,40,40,40,40,40,10,0
6.275,-0.088801863,12.197815,-0.032547469,1.9222983,0.088801863,-12.197815,0.032547469,-1.9222983,3.0736018,1.875,-,0,0.21864664,4.7089276,0.0013818311,0.57269982,15,1.6,0.02,0.04,-0.05,40,40,40,40,40,10,0
6.28,-0.0096816524,13.429806,-0.0086408188,1.6939181,0.0096816524,-13.429806,0.0086408188,-1.6939181,3.1176552,1.875,-,0,0.21864711,5.6107261,0.0013822044,0.58704662,15,1.6,0.02,0.04,-0.05,40,40,40,40,40,10,0
6.285,0.069771754,13.588772,0.010424074,1.4246932,-0.069771754,-13.588772,-0.010424074,-1.4246932,2.9808165,1.875,-,0,0.21867145,6.5339996,0.0013827477,0.59719537,15,1.6,0.02,0.04,-0.05,40,40,40,40,40,10,0
6.29,0.15725646,15.066599,0.031902487,1.2081633,-0.15725646,-15.066599,-0.031902487,-1.2081633,3.0174076,1.875,-,0,0.2187951,7.6690117,0.0013878365,0.60449366,15,1.6,0.02,0.04,-0.05,40,40,40,40,40,10,0
6.295,0.24269698,15.223005,0.047399411,0.93831261,-0.24269698,-15.223005,-0.047399411,-0.93831261,2.8260655,1.875,-,0,0.21908961,8.827711,0.00139907,0.60889581,15,1.6,0.02,0.04,-0.05,40,40,40,40,40,10,0
6.3,0.33148009,16.036501,0.0611073,0.7102935,-0.33148009,-16.036501,-0.0611073,-0.7102935,2.7011688,1.875,-,0,0.219639,10.113558,0.0014177406,0.6114184,15,1.6,0.02,0.04,-0.05,40,40,40,40,40,10,0
6.305,0.42372206,16.741899,0.074091425,0.47430568,-0.42372206,-16.741899,-0.074091425,-0.47430568,2.5484109,1.875,-,0,0.2205367,11.515014,0.0014451883,0.61254323,15,1.6,0.02,0.04,-0.05,40,40,40,40,40,10,0
6.31,0.52007577,17.703514,0.086341156,0.24946585,-0.52007577,-17.703514,-0.086341156,-0.24946585,2.4128048,1.875,-,0,0.2218891,13.082086,0.0014824622,0.61285439,15,1.6,0.02,0.04,-0.05,40,40,40,40,40,10,0
6.315,0.61950616,17.916143,0.096870095,-0.0057239567,-0.61950616,-17.916143,-0.096870095,0.0057239567,2.172929,1.875,-,0,0.22380804,14.687027,0.0015293813,0.61285456,15,1.6,0.02,0.04,-0.05,40,40,40,40,40,10,0
6.32,0.72393582,18.903055,0.10771123,-0.23566632,-0.72393582,-18.903055,-0.10771123,0.23566632,2.0092033,1.875,-,0,0.22642845,16.473654,0.0015873899,0.61313225,15,1.6,0.02,0.04,-0.05,40,40,40,40,40,10,0
6.325,0.83026561,19.883614,0.11543421,-0.46270448,-0.83026561,-19.883614,-0.11543421,0.46270448,1.8031359,1.8031359,-,0,0.22987516,18.450445,0.0016540151,0.61420273,15,1.6,0.02,0.04,-0.05,40,40,40,40,40,10,0
6.33,0.9407656,20.588662,0.12223301,-0.68862382,-0.9407656,-20.588662,-0.12223301,0.68862382,1.5740589,1.5740589,-,0,0.23430036,20.56991,0.0017287197,0.61657374,15,1.6,0.02,0.04,-0.05,40,40,40,40,40,10,0
6.335,1.0563188,21.010779,0.12855109,-0.93037889,-1.0563188,-21.010779,-0.12855109,0.93037889,1.3012177,1.3012177,-,0,0.2398794,22.777174,0.0018113466,0.62090177,15,1.6,0.02,0.04,-0.05,40,40,40,40,40,10,0
6.34,1.1746599,22.174914,0.13399157,-1.097534,-1.1746599,-22.174914,-0.13399157,1.097534,1.1643089,1.1643089,-,0,0.24677853,25.235808,0.0019011153,0.62692467,15,1.6,0.02,0.04,-0.05,40,40,40,40,40,10,0
6.345,1.2909145,21.967285,0.13489544,-1.2784154,-1.2909145,-21.967285,-0.13489544,1.2784154,0.88247668,0.88247668,-,0,0.25511084,27.648616,0.0019920992,0.6350964,15,1.6,0.02,0.04,-0.05,40,40,40,40,40,10,0
6.35,1.4098538,22.419601,0.13644893,-1.4130659,-1.4098538,-22.419601,-0.13644893,1.4130659,0.71080952,0.71080952,-,0,0.26504928,30.161809,0.0020851908,0.64508018,15,1.6,0.02,0.04,-0.05,40,40,40,40,40,10,0
6.355,1.5251722,22.688849,0.13238503,-1.4736616,-1.5251722,-22.688849,-0.13238503,1.4736616,0.56597438,0.56597438,-,0,0.27668003,32.735728,0.0021728197,0.65593857,15,1.6,0.02,0.04,-0.05,40,40,40,40,40,10,0
6.36,1.6425696,22.673637,0.12879836,-1.5453963,-1.6425696,-22.673637,-0.12879836,1.5453963,0.39913813,0.39913813,-,0,0.2901702,35.306197,0.0022557648,0.66787982,15,1.6,0.02,0.04,-0.05,40,40,40,40,40,10,0
6.365,1.7576909,22.824427,0.12222141,-1.5616324,-1.7576909,-22.824427,-0.12222141,1.5616324,0.28284015,0.28284015,-,0,0.30561759,37.910969,0.0023304552,0.6800733,15,1.6,0.02,0.04,-0.05,40,40,40,40,40,10,0
6.37,1.8711677,23.077266,0.11341372,-1.5429099,-1.8711677,-23.077266,-0.11341372,1.5429099,0.19306393,0.19306393,-,0,0.32312393,40.57377,0.0023947686,0.69197615,15,1.6,0.02,0.04,-0.05,40,40,40,40,40,10,0
6.375,1.9839204,22.965868,0.10368444,-1.51494,-1.9839204,-22.965868,-0.10368444,1.51494,0.089675728,0.089675728,-,0,0.34280363,43.210926,0.0024485209,0.70345137,15,1.6,0.02,0.04,-0.05,40,40,40,40,40,10,0
6.38,2.0962206,22.88585,0.093546256,-1.4830193,-2.0962206,-22.88585,-0.093546256,1.4830193,-0.012278548,-0.012278548,-,0,0.36477433,45.829736,0.0024922754,0.7144481,15,1.6,0.02,0.04,-0.05,40,40,40,40,40,10,0
6.385,2.2070509,22.847157,0.082643988,-1.4423545,-2.2070509,-22.847157,-0.082643988,1.4423545,-0.11008001,-0.11008001,-,0,0.3891297,48.439699,0.0025264255,0.72485003,15,1.6,0.02,0.04,-0.05,40,40,40,40,40,10,0
6.39,2.3162084,22.766064,0.070767329,-1.3854566,-2.3162084,-22.766064,-0.070767329,1.3854566,-0.19825389,-0.19825389,-,0,0.41595381,51.031167,0.0025514656,0.73444748,15,1.6,0.02,0.04,-0.05,40,40,40,40,40,10,0
6.395,2.4239188,22.623672,0.058481135,-1.2905314,-2.4239188,-22.623672,-0.058481135,1.2905314,-0.23420791,-0.23420791,-,0,0.44533072,53.59032,0.0025685658,0.74277484,15,1.6,0.02,0.04,-0.05,40,40,40,40,40,10,0
6.4,2.5292813,22.463125,0.045075804,-1.1960413,-2.5292813,-22.463125,-0.045075804,1.1960413,-0.2884183,-0.2884183,-,0,0.47731704,56.11328,0.002578725,0.74992741,15,1.6,0.02,0.04,-0.05,40,40,40,40,40,10,0
6.405,2.6344257,22.269349,0.032797846,-1.0828873,-2.6344257,-22.269349,-0.032797846,1.0828873,-0.29718959,-0.29718959,-,0,0.51201803,58.5929,0.0025841035,0.75579063,15,1.6,0.02,0.04,-0.05,40,40,40,40,40,10,0
6.41,2.7372464,22.034202,0.019814344,-0.98745067,-2.7372464,-22.034202,-0.019814344,0.98745067,-0.34659289,-0.34659289,-,0,0.54948062,61.02043,0.0025860665,0.76066593,15,1.6,0.02,0.04,-0.05,40,40,40,40,40,10,0
6.415,2.8397549,21.875149,0.007978482,-0.87550408,-2.8397549,-21.875149,-0.007978482,0.87550408,-0.34932825,-0.34932825,-,0,0.58980166,63.413041,0.0025863848,0.76449847,15,1.6,0.02,0.04,-0.05,40,40,40,40,40,10,0
6.42,2.9386962,21.54639,-0.0056532677,-0.78119054,-2.9386962,-21.54639,0.0056532677,0.78119054,-0.41407437,-0.41407437,-,0,0.63298134,65.734275,0.0025865446,0.76754976,15,1.6,0.02,0.04,-0.05,40,40,40,40,40,10,0
6.425,3.0392774,21.451787,-0.016132599,-0.64857225,-3.0392774,-21.451787,0.016132599,0.64857225,-0.36084754,-0.36084754,-,0,0.67916738,68.035171,0.0025878459,0.76965299,15,1.6,0.02,0.04,-0.05,40,40,40,40,40,10,0
6.43,3.1374252,21.032768,-0.026897914,-0.53829511,-3.1374252,-21.032768,0.026897914,0.53829511,-0.36068166,-0.36068166,-,0,0.72838456,70.247058,0.0025914634,0.7711018,15,1.6,0.02,0.04,-0.05,40,40,40,40,40,10,0
6.435,3.2354209,20.833027,-0.036069383,-0.4138956,-3.2354209,-20.833027,0.036069383,0.4138956,-0.30524422,-0.30524422,-,0,0.7807243,72.417133,0.0025979684,0.77195835,15,1.6,0.02,0.04,-0.05,40,40,40,40,40,10,0
6.44,3.3331838,20.747977,-0.044094033,-0.27728996,-3.3331838,-20.747977,0.044094033,0.27728996,-0.20849166,-0.20849166,-,0,0.83627487,74.569526,0.0026076898,0.77234279,15,1.6,0.02,0.04,-0.05,40,40,40,40,40,10,0
6.445,3.4308479,20.555627,-0.050640218,-0.16943898,-3.4308479,-20.555627,0.050640218,0.16943898,-0.1398636,-0.1398636,-,0,0.89512846,76.682195,0.0026205119,0.77248634,15,1.6,0.02,0.04,-0.05,40,40,40,40,40,10,0
6.45,3.5284808,20.418622,-0.055954915,-0.078355727,-3.5284808,-20.418622,0.055954915,0.078355727,-0.077378396,-0.077378396,-,0,0.95737934,78.766795,0.0026361667,0.77251704,15,1.6,0.02,0.04,-0.05,40,40,40,40,40,10,0
6.455,3.626413,20.29575,-0.059939511,0.00030368483,-3.626413,-20.29575,0.059939511,-0.00030368483,-0.014248522,-0.014248522,-,0,1.0231337,80.826382,0.0026541304,0.77251704,15,1.6,0.02,0.04,-0.05,40,40,40,40,40,10,0
6.46,3.7247431,20.186138,-0.062557024,0.066496482,-3.7247431,-20.186138,0.062557024,-0.066496482,0.049979375,0.049979375,-,0,1.0925023,82.863783,0.0026736973,0.77253915,15,1.6,0.02,0.04,-0.05,40,40,40,40,40,10,0
6.465,3.8234637,20.139615,-0.064164517,0.11352717,-3.8234637,-20.139615,0.064164517,-0.11352717,0.1012296,0.1012296,-,0,1.1655966,84.891804,0.0026942828,0.77260359,15,1.6,0.02,0.04,-0.05,40,40,40,40,40,10,0
6.47,3.9229706,20.126188,-0.064626847,0.16084589,-3.9229706,-20.126188,0.064626847,-0.16084589,0.17145767,0.17145767,-,0,1.2425451,86.917121,0.0027151659,0.77273295,15,1.6,0.02,0.04,-0.05,40,40,40,40,40,10,0
6.475,4.0231761,20.123756,-0.064078012,0.19529511,-4.0231761,-20.123756,0.064078012,-0.19529511,0.23671576,0.23671576,-,0,1.3234749,88.941949,0.0027356959,0.77292365,15,1.6,0.02,0.04,-0.05,40,40,40,40,40,10,0
6.48,4.1240653,20.167255,-0.062852646,0.21691401,-4.1240653,-20.167255,0.062852646,-0.21691401,0.29344426,0.29344426,-,0,1.4085144,90.97554,0.0027554481,0.77315891,15,1.6,0.02,0.04,-0.05,40,40,40,40,40,10,0
6.485,4.2263076,20.257127,-0.060669998,0.23327943,-4.2263076,-20.257127,0.060669998,-0.23327943,0.35800834,0.35800834,-,0,1.4978228,93.027296,0.0027738524,0.773431,15,1.6,0.02,0.04,-0.05,40,40,40,40,40,10,0
6.49,4.3289284,20.329796,-0.058241365,0.24067356,-4.3289284,-20.329796,0.058241365,-0.24067356,0.41122761,0.41122761,-,0,1.5915209,95.093799,0.0027908127,0.77372062,15,1.6,0.02,0.04,-0.05,40,40,40,40,40,10,0
6.495,4.432894,20.329359,-0.054886678,0.2331483,-4.432894,-20.329359,0.054886678,-0.2331483,0.45156933,0.45156933,-,0,1.6897737,97.160213,0.0028058754,0.77399241,15,1.6,0.02,0.04,-0.05,40,40,40,40,40,10,0
6.5,4.5388834,20.50781,-0.050225668,0.20424603,-4.5388834,-20.50781,0.050225668,-0.20424603,0.4844987,0.4844987,-,0,1.792781,99.263064,0.0028184885,0.774201,15,1.6,0.02,0.04,-0.05,40,40,40,40,40,10,0
6.505,4.6458343,20.668993,-0.045263339,0.1768255,-4.6458343,-20.668993,0.045263339,-0.1768255,0.52364715,0.52364715,-,0,1.9006999,101.3991,0.0028287323,0.77435733,15,1.6,0.02,0.04,-0.05,40,40,40,40,40,10,0
6.51,4.7526447,20.807025,-0.041337399,0.15534735,-4.7526447,-20.807025,0.041337399,-0.15534735,0.55582868,0.55582868,-,0,2.013638,103.56376,0.0028372762,0.774478,15,1.6,0.02,0.04,-0.05,40,40,40,40,40,10,0
6.515,4.8608678,20.913071,-0.037062505,0.11843184,-4.8608678,-20.913071,0.037062505,-0.11843184,0.56729355,0.56729355,-,0,2.1317782,105.75054,0.0028441444,0.77454813,15,1.6,0.02,0.04,-0.05,40,40,40,40,40,10,0
6.52,4.9732234,21.122441,-0.029761594,0.060025042,-4.9732234,-21.122441,0.029761594,-0.060025042,0.59397827,0.59397827,-,0,2.2554429,107.98133,0.0028485732,0.77456614,15,1.6,0.02,0.04,-0.05,40,40,40,40,40,10,0
6.525,5.0846869,21.313441,-0.024486556,0.012953994,-5.0846869,-21.313441,0.024486556,-0.012953994,0.60765944,0.60765944,-,0,2.3847131,110.25265,0.0028515711,0.77456698,15,1.6,0.02,0.04,-0.05,40,40,40,40,40,10,0
6.53,5.1968522,21.515352,-0.019753165,-0.041559523,-5.1968522,-21.515352,0.019753165,0.041559523,0.6017584,0.6017584,-,0,2.5197495,112.5672,0.0028535221,0.77457562,15,1.6,0.02,0.04,-0.05,40,40,40,40,40,10,0
6.535,5.3103528,21.72846,-0.014970297,-0.094378802,-5.3103528,-21.72846,0.014970297,0.094378802,0.59978491,0.59978491,-,0,2.6607487,114.92783,0.0028546426,0.77462015,15,1.6,0.02,0.04,-0.05,40,40,40,40,40,10,0
6.54,5.4229274,21.908549,-0.012386972,-0.13950012,-5.4229274,-21.908549,0.012386972,0.13950012,0.57579571,0.57579571,-,0,2.8077895,117.32775,0.0028554098,0.77471745,15,1.6,0.02,0.04,-0.05,40,40,40,40,40,10,0
6.545,5.5389681,22.128429,-0.007993145,-0.20410416,-5.5389681,-22.128429,0.007993145,0.20410416,0.5494527,0.5494527,-,0,2.9611903,119.77609,0.0028557292,0.77492575,15,1.6,0.02,0.04,-0.05,40,40,40,40,40,10,0
6.55,5.6550798,22.44777,-0.0043801488,-0.2467283,-5.6550798,-22.44777,0.0043801488,0.2467283,0.55054489,0.55054489,-,0,3.1210899,122.2956,0.0028558252,0.77523012,15,1.6,0.02,0.04,-0.05,40,40,40,40,40,10,0
6.555,5.7718865,22.857911,-0.0017082153,-0.27970963,-5.7718865,-22.857911,0.0017082153,0.27970963,0.55659553,0.55659553,-,0,3.2876633,124.90802,0.0028558398,0.77562131,15,1.6,0.02,0.04,-0.05,40,40,40,40,40,10,0
6.56,5.8886346,22.669658,0.00040935817,-0.3353592,-5.8886346,-22.669658,-0.00040935817,0.3353592,0.49412468,0.49412468,-,0,3.4610434,127.47759,0.0028558406,0.77618364,15,1.6,0.02,0.04,-0.05,40,40,40,40,40,10,0
6.565,6.0059091,22.962604,0.0017226669,-0.3679908,-6.0059091,-22.962604,-0.0017226669,0.3679908,0.47567708,0.47567708,-,0,3.6413981,130.11399,0.0028558554,0.77686072,15,1.6,0.02,0.04,-0.05,40,40,40,40,40,10,0
6.57,6.1239879,22.979639,0.002631911,-0.40618462,-6.1239879,-22.979639,-0.002631911,0.40618462,0.43124859,0.43124859,-,0,3.8289142,132.75431,0.0028558901,0.77768565,15,1.6,0.02,0.04,-0.05,40,40,40,40,40,10,0
6.575,6.244585,23.145141,0.0054051618,-0.45696405,-6.244585,-23.145141,-0.0054051618,0.45696405,0.40063227,0.40063227,-,0,4.0238884,135.4328,0.0028560361,0.77872973,15,1.6,0.02,0.04,-0.05,40,40,40,40,40,10,0
6.58,6.3630275,23.271457,0.005409428,-0.47371179,-6.3630275,-23.271457,-0.005409428,0.47371179,0.38132137,0.38132137,-,0,4.226329,138.1406,0.0028561825,0.77985175,15,1.6,0.02,0.04,-0.05,40,40,40,40,40,10,0
6.585,6.4825124,23.385142,0.0055598357,-0.49537708,-6.4825124,-23.385142,-0.0055598357,0.49537708,0.35585014,0.35585014,-,0,4.4364439,140.87493,0.002856337,0.78107874,15,1.6,0.02,0.04,-0.05,40,40,40,40,40,10,0
6.59,6.603122,23.549472,0.006169266,-0.52231891,-6.603122,-23.549472,-0.006169266,0.52231891,0.33087005,0.33087005,-,0,4.65445,143.64782,0.0028565273,0.78244283,15,1.6,0.02,0.04,-0.05,40,40,40,40,40,10,0
6.595,6.7229231,23.705248,0.0053565614,-0.53467035,-6.7229231,-23.705248,-0.0053565614,0.53467035,0.30754426,0.30754426,-,0,4.8804385,146.45751,0.0028566708,0.78387219,15,1.6,0.02,0.04,-0.05,40,40,40,40,40,10,0
6.6,6.8428334,23.809769,0.0039352362,-0.54318574,-6.8428334,-23.809769,-0.0039352362,0.54318574,0.27917878,0.27917878,-,0,5.1145603,149.29203,0.0028567482,0.78534744,15,1.6,0.02,0.04,-0.05,40,40,40,40,40,10,0
6.605,6.9630396,23.847452,0.0026371819,-0.55521319,-6.9630396,-23.847452,-0.0026371819,0.55521319,0.2443755,0.2443755,-,0,5.3569799,152.13554,0.002856783,0.78688875,15,1.6,0.02,0.04,-0.05,40,40,40,40,40,10,0
6.61,7.0835457,23.823724,0.0010668914,-0.55906863,-7.0835457,-23.823724,-0.0010668914,0.55906863,0.21611342,0.21611342,-,0,5.607863,154.97339,0.0028567887,0.78845154,15,1.6,0.02,0.04,-0.05,40,40,40,40,40,10,0
6.615,7.2035381,23.84303,-0.0013364921,-0.54968212,-7.2035381,-23.84303,0.0013364921,0.54968212,0.19825317,0.19825317,-,0,5.8673178,157.81584,0.0028567976,0.78996229,15,1.6,0.02,0.04,-0.05,40,40,40,40,40,10,0
6.62,7.3238983,23.902224,-0.0034409746,-0.54507027,-7.3238983,-23.902224,0.0034409746,0.54507027,0.17883986,0.17883986,-,0,6.1355152,160.67242,0.0028568568,0.7914478,15,1.6,0.02,0.04,-0.05,40,40,40,40,40,10,0
6.625,7.4448677,24.000937,-0.0050064127,-0.53903779,-7.4448677,-24.000937,0.0050064127,0.53903779,0.17137818,0.17137818,-,0,6.4126455,163.55265,0.0028569821,0.79290061,15,1.6,0.02,0.04,-0.05,40,40,40,40,40,10,0
6.63,7.5654725,24.022277,-0.0071221746,-0.53293844,-7.5654725,-24.022277,0.0071221746,0.53293844,0.1526664,0.1526664,-,0,6.6988274,166.43799,0.0028572358,0.79432072,15,1.6,0.02,0.04,-0.05,40,40,40,40,40,10,0
6.635,7.6860116,24.01577,-0.009240072,-0.52726049,-7.6860116,-24.01577,0.009240072,0.52726049,0.13213318,0.13213318,-,0,6.9942013,169.32178,0.0028576626,0.79571074,15,1.6,0.02,0.04,-0.05,40,40,40,40,40,10,0
6.64,7.8063424,24.054165,-0.011547224,-0.50896875,-7.8063424,-24.054165,0.011547224,0.50896875,0.1307351,0.1307351,-,0,7.2988962,172.21479,0.0028583293,0.79700599,15,1.6,0.02,0.04,-0.05,40,40,40,40,40,10,0
6.645,7.9265692,24.019437,-0.013958751,-0.49685911,-7.9265692,-24.019437,0.013958751,0.49685911,0.11495302,0.11495302,-,0,7.6130487,175.09946,0.0028593036,0.79824033,15,1.6,0.02,0.04,-0.05,40,40,40,40,40,10,0
6.65,8.0464833,24.016086,-0.016566313,-0.46949077,-8.0464833,-24.016086,0.016566313,0.46949077,0.12189318,0.12189318,-,0,7.9367781,177.98332,0.0028606758,0.79934244,15,1.6,0.02,0.04,-0.05,40,40,40,40,40,10,0
6.655,8.1670951,24.114426,-0.01855442,-0.46189866,-8.1670951,-24.114426,0.01855442,0.46189866,0.11056481,0.11056481,-,0,8.2702853,180.89085,0.0028623971,0.80040919,15,1.6,0.02,0.04,-0.05,40,40,40,40,40,10,0
6.66,8.2875152,24.064277,-0.020676578,-0.43984303,-8.2875152,-24.064277,0.020676578,0.43984303,0.11442387,0.11442387,-,0,8.6136999,183.7863,0.0028645347,0.8013765,15,1.6,0.02,0.04,-0.05,40,40,40,40,40,10,0
6.665,8.4075776,24.019883,-0.022963972,-0.42060081,-8.4075776,-24.019883,0.022963972,0.42060081,0.11152601,0.11152601,-,0,8.9671367,186.67107,0.0028671714,0.80226103,15,1.6,0.02,0.04,-0.05,40,40,40,40,40,10,0
6.67,8.5279826,24.034498,-0.024772473,-0.40657901,-8.5279826,-24.034498,0.024772473,0.40657901,0.10982605,0.10982605,-,0,9.3307691,189.55936,0.0028702398,0.80308756,15,1.6,0.02,0.04,-0.05,40,40,40,40,40,10,0
6.675,8.6483374,24.03151,-0.026590014,-0.39228246,-8.6483374,-24.03151,0.026590014,0.39228246,0.10772499,0.10772499,-,0,9.7047378,192.44692,0.002873775,0.80385699,15,1.6,0.02,0.04,-0.05,40,40,40,40,40,10,0
6.68,8.768843,24.039617,-0.028148275,-0.37924492,-8.768843,-24.039617,0.028148275,0.37924492,0.10794553,0.10794553,-,0,10.089201,195.33644,0.0028777366,0.80457612,15,1.6,0.02,0.04,-0.05,40,40,40,40,40,10,0
6.685,8.8891341,24.036751,-0.029944001,-0.35754525,-8.8891341,-24.036751,0.029944001,0.35754525,0.1180203,0.1180203,-,0,10.484284,198.22527,0.0028822198,0.80521531,15,1.6,0.02,0.04,-0.05,40,40,40,40,40,10,0
6.69,9.0099731,24.047809,-0.031103636,-0.35015084,-9.0099731,-24.047809,0.031103636,0.35015084,0.11531592,0.11531592,-,0,10.890182,201.11675,0.002887057,0.80582834,15,1.6,0.02,0.04,-0.05,40,40,40,40,40,10,0
6.695,9.1306316,24.061623,-0.032435647,-0.3345759,-9.1306316,-24.061623,0.032435647,0.3345759,0.12322142,0.12322142,-,0,11.307025,204.01156,0.0028923173,0.80638805,15,1.6,0.02,0.04,-0.05,40,40,40,40,40,10,0
6.7,9.2517062,24.089405,-0.033382526,-0.32542627,-9.2517062,-24.089405,0.033382526,0.32542627,0.12719041,0.12719041,-,0,11.734995,206.91306,0.0028978893,0.80691756,15,1.6,0.02,0.04,-0.05,40,40,40,40,40,10,0
6.705,9.3727542,24.133808,-0.034404083,-0.31304284,-9.3727542,-24.133808,0.034404083,0.31304284,0.13587762,0.13587762,-,0,12.174238,209.82526,0.0029038075,0.80740754,15,1.6,0.02,0.04,-0.05,40,40,40,40,40,10,0
6.71,9.4944871,24.116869,-0.034806944,-0.3147545,-9.4944871,-24.116869,0.034806944,0.3147545,0.12885313,0.12885313,-,0,12.624964,212.73338,0.0029098651,0.80790289,15,1.6,0.02,0.04,-0.05,40,40,40,40,40,10,0
6.715,9.6157354,24.137008,-0.035685144,-0.30108256,-9.6157354,-24.137008,0.035685144,0.30108256,0.14078575,0.14078575,-,0,13.087276,215.64635,0.0029162323,0.80835614,15,1.6,0.02,0.04,-0.05,40,40,40,40,40,10,0
6.72,9.7376186,24.228796,-0.03619088,-0.29149709,-9.7376186,-24.228796,0.03619088,0.29149709,0.15464567,0.15464567,-,0,13.561382,218.58153,0.0029227812,0.808781,15,1.6,0.02,0.04,-0.05,40,40,40,40,40,10,0
6.725,9.8594014,24.169379,-0.036875686,-0.28452566,-9.8594014,-24.169379,0.036875686,0.28452566,0.15558683,0.15558683,-,0,14.047421,221.50232,0.0029295803,0.80918577,15,1.6,0.02,0.04,-0.05,40,40,40,40,40,10,0
6.73,9.9818764,24.210218,-0.036862047,-0.28663479,-9.9818764,-24.210218,0.036862047,0.28663479,0.15649985,0.15649985,-,0,14.54561,224.433,0.0029363743,0.80959657,15,1.6,0.02,0.04,-0.05,40,40,40,40,40,10,0
6.735,10.104478,24.235547,-0.03686631,-0.28171275,-10.104478,-24.235547,0.03686631,0.28171275,0.16777638,0.16777638,-,0,15.056113,227.3698,0.0029431699,0.80999338,15,1.6,0.02,0.04,-0.05,40,40,40,40,40,10,0
6.74,10.226979,24.269822,-0.037032606,-0.28005952,-10.226979,-24.269822,0.037032606,0.28005952,0.17174812,0.17174812,-,0,15.579068,230.31493,0.002950027,0.81038555,15,1.6,0.02,0.04,-0.05,40,40,40,40,40,10,0
6.745,10.34995,24.307158,-0.036987157,-0.28353895,-10.34995,-24.307158,0.036987157,0.28353895,0.17081564,0.17081564,-,0,16.114675,233.26911,0.0029568673,0.81078752,15,1.6,0.02,0.04,-0.05,40,40,40,40,40,10,0
6.75,10.472826,24.329949,-0.037231359,-0.27953963,-10.472826,-24.329949,0.037231359,0.27953963,0.17692069,0.17692069,-,0,16.663076,236.22885,0.0029637981,0.81117823,15,1.6,0.02,0.04,-0.05,40,40,40,40,40,10,0
6.755,10.596417,24.37342,-0.036968398,-0.28179531,-10.596417,-24.37342,0.036968398,0.28179531,0.18146667,0.18146667,-,0,17.224496,239.19916,0.0029706314,0.81157527,15,1.6,0.02,0.04,-0.05,40,40,40,40,40,10,0
6.76,10.720628,24.473482,-0.036310888,-0.2905424,-10.720628,-24.473482,0.036310888,0.2905424,0.18382069,0.18382069,-,0,17.799155,242.19392,0.0029772238,0.81199735,15,1.6,0.02,0.04,-0.05,40,40,40,40,40,10,0
6.765,10.844582,24.463524,-0.036112832,-0.29762058,-10.844582,-24.463524,0.036112832,0.29762058,0.17754719,0.17754719,-,0,18.38718,245.18624,0.0029837445,0.81244024,15,1.6,0.02,0.04,-0.05,40,40,40,40,40,10,0
6.77,10.968529,24.549101,-0.036174207,-0.30171753,-10.968529,-24.549101,0.036174207,0.30171753,0.17597346,0.17597346,-,0,18.988723,248.19953,0.0029902874,0.8128954,15,1.6,0.02,0.04,-0.05,40,40,40,40,40,10,0
6.775,11.093327,24.547416,-0.03560754,-0.31506323,-11.093327,-24.547416,0.03560754,0.31506323,0.16554891,0.16554891,-,0,19.604033,251.21241,0.0029966269,0.81339173,15,1.6,0.02,0.04,-0.05,40,40,40,40,40,10,0
6.78,11.217478,24.59207,-0.035883413,-0.31953047,-11.217478,-24.59207,0.035883413,0.31953047,0.15853244,0.15853244,-,0,20.233192,254.23626,0.003003065,0.81390223,15,1.6,0.02,0.04,-0.05,40,40,40,40,40,10,0
6.785,11.342579,24.680322,-0.035515753,-0.3210875,-11.342579,-24.680322,0.035515753,0.3210875,0.16758815,0.16758815,-,0,20.876462,257.28185,0.0030093718,0.81441771,15,1.6,0.02,0.04,-0.05,40,40,40,40,40,10,0
6.79,11.467453,24.669814,-0.035678582,-0.32491719,-11.467453,-24.669814,0.035678582,0.32491719,0.16109537,0.16109537,-,0,21.533975,260.32485,0.0030157366,0.81494557,15,1.6,0.02,0.04,-0.05,40,40,40,40,40,10,0
6.795,11.592725,24.707098,-0.035622673,-0.33501866,-11.592725,-24.707098,0.035622673,0.33501866,0.14976846,0.14976846,-,0,22.205931,263.37705,0.0030220815,0.81550676,15,1.6,0.02,0.04,-0.05,40,40,40,40,40,10,0
6.8,11.718457,24.745604,-0.035328727,-0.34366327,-11.718457,-24.745604,0.035328727,0.34366327,0.14440117,0.14440117,-,0,22.892542,266.43878,0.0030283221,0.81609728,15,1.6,0.02,0.04,-0.05,40,40,40,40,40,10,0
6.805,11.843913,24.832181,-0.035469771,-0.34316606,-11.843913,-24.832181,0.035469771,0.34316606,0.14905324,0.14905324,-,0,23.593934,269.52196,0.0030346126,0.81668609,15,1.6,0.02,0.04,-0.05,40,40,40,40,40,10,0
6.81,11.969236,24.806087,-0.035979463,-0.34338565,-11.969236,-24.806087,0.035979463,0.34338565,0.14251922,0.14251922,-,0,24.310247,272.59867,0.0030410852,0.81727566,15,1.6,0.02,0.04,-0.05,40,40,40,40,40,10,0
6.815,12.095353,24.844396,-0.035850731,-0.35021239,-12.095353,-24.844396,0.035850731,0.35021239,0.13758213,0.13758213,-,0,25.041735,275.68489,0.0030475116,0.81788891,15,1.6,0.02,0.04,-0.05,40,40,40,40,40,10,0
6.82,12.221148,24.87666,-0.036179335,-0.35283966,-12.221148,-24.87666,0.036179335,0.35283966,0.13225586,0.13225586,-,0,25.788517,278.77914,0.0030540563,0.81851138,15,1.6,0.02,0.04,-0.05,40,40,40,40,40,10,0
6.825,12.34762,24.897523,-0.036118313,-0.35652614,-12.34762,-24.897523,0.036118313,0.35652614,0.13063681,0.13063681,-,0,26.550836,281.87857,0.003060579,0.81914694,15,1.6,0.02,0.04,-0.05,40,40,40,40,40,10,0
6.83,12.47376,24.936266,-0.036471319,-0.3611783,-12.47376,-24.936266,0.036471319,0.3611783,0.12197076,0.12197076,-,0,27.328809,284.98766,0.0030672298,0.81979919,15,1.6,0.02,0.04,-0.05,40,40,40,40,40,10,0
6.835,12.600018,24.963589,-0.036851935,-0.36875173,-12.600018,-24.963589,0.036851935,0.36875173,0.1077621,0.1077621,-,0,28.122611,288.10356,0.0030740201,0.82047908,15,1.6,0.02,0.04,-0.05,40,40,40,40,40,10,0
6.84,12.726857,25.005989,-0.036891367,-0.36869229,-12.726857,-25.005989,0.036891367,0.36869229,0.11149854,0.11149854,-,0,28.932476,291.23006,0.003080825,0.82115875,15,1.6,0.02,0.04,-0.05,40,40,40,40,40,10,0
6.845,12.853322,25.012964,-0.037303456,-0.37175518,-12.853322,-25.012964,0.037303456,0.37175518,0.10322491,0.10322491,-,0,29.758515,294.3583,0.0030877827,0.82184976,15,1.6,0.02,0.04,-0.05,40,40,40,40,40,10,0
6.85,12.979909,25.035502,-0.037713819,-0.37406475,-12.979909,-25.035502,0.037713819,0.37406475,0.09680738,0.09680738,-,0,30.600905,297.49218,0.0030948944,0.82254938,15,1.6,0.02,0.04,-0.05,40,40,40,40,40,10,0
6.855,13.106814,25.054827,-0.037951359,-0.37576163,-13.106814,-25.054827,0.037951359,0.37576163,0.093840383,0.093840383,-,0,31.459848,300.6309,0.0031020959,0.82325536,15,1.6,0.02,0.04,-0.05,40,40,40,40,40,10,0
6.86,13.233343,25.07606,-0.038624371,-0.37917649,-13.233343,-25.07606,0.038624371,0.37917649,0.08166134,0.08166134,-,0,32.335455,303.77495,0.0031095551,0.82397424,15,1.6,0.02,0.04,-0.05,40,40,40,40,40,10,0
6.865,13.359941,25.084591,-0.039333028,-0.37562343,-13.359941,-25.084591,0.039333028,0.37562343,0.079589542,0.079589542,-,0,33.227895,306.92113,0.0031172905,0.8246797,15,1.6,0.02,0.04,-0.05,40,40,40,40,40,10,0
6.87,13.486734,25.0962,-0.039903567,-0.37513153,-13.486734,-25.0962,0.039903567,0.37513153,0.074818752,0.074818752,-,0,34.137355,310.07023,0.003125252,0.82538332,15,1.6,0.02,0.04,-0.05,40,40,40,40,40,10,0
6.875,13.61363,25.108708,-0.040437778,-0.37414917,-13.61363,-25.108708,0.040437778,0.37414917,0.071415582,0.071415582,-,0,35.06401,313.22246,0.0031334281,0.82608326,15,1.6,0.02,0.04,-0.05,40,40,40,40,40,10,0
6.88,13.740379,25.135444,-0.041146362,-0.37418708,-13.740379,-25.135444,0.041146362,0.37418708,0.064330566,0.064330566,-,0,36.008,316.38142,0.0031418932,0.82678334,15,1.6,0.02,0.04,-0.05,40,40,40,40,40,10,0
6.885,13.867031,25.135209,-0.041959568,-0.37213967,-13.867031,-25.135209,0.041959568,0.37213967,0.057932006,0.057932006,-,0,36.969473,319.54031,0.0031506962,0.82747578,15,1.6,0.02,0.04,-0.05,40,40,40,40,40,10,0
6.89,13.993829,25.118199,-0.042670465,-0.37305923,-13.993829,-25.118199,0.042670465,0.37305923,0.047652785,0.047652785,-,0,37.948609,322.69493,0.0031598001,0.82817164,15,1.6,0.02,0.04,-0.05,40,40,40,40,40,10,0
6.895,14.120592,25.125737,-0.04336022,-0.3702737,-14.120592,-25.125737,0.04336022,0.3702737,0.04460009,0.04460009,-,0,38.945565,325.85144,0.0031692006,0.82885716,15,1.6,0.02,0.04,-0.05,40,40,40,40,40,10,0
6.9,14.247337,25.142295,-0.044074447,-0.36680672,-14.247337,-25.142295,0.044074447,0.36680672,0.042631101,0.042631101,-,0,39.960498,329.01212,0.0031789134,0.82952989,15,1.6,0.02,0.04,-0.05,40,40,40,40,40,10,0
6.905,14.373926,25.11852,-0.044910747,-0.36371235,-14.373926,-25.11852,0.044910747,0.36371235,0.036618335,0.036618335,-,0,40.993546,332.16682,0.0031889983,0.83019133,15,1.6,0.02,0.04,-0.05,40,40,40,40,40,10,0
6.91,14.500692,25.122116,-0.045552241,-0.35552608,-14.500692,-25.122116,0.045552241,0.35552608,0.042773147,0.042773147,-,0,42.044897,335.32242,0.0031993733,0.83082332,15,1.6,0.02,0.04,-0.05,40,40,40,40,40,10,0
6.915,14.627457,25.121948,-0.046182502,-0.36004691,-14.627457,-25.121948,0.046182502,0.36004691,0.02861448,0.02861448,-,0,43.114709,338.47798,0.0032100374,0.83147149,15,1.6,0.02,0.04,-0.05,40,40,40,40,40,10,0
6.92,14.754002,25.116893,-0.04699755,-0.35524586,-14.754002,-25.116893,0.04699755,0.35524586,0.026399119,0.026399119,-,0,44.203112,341.63227,0.0032210813,0.83210249,15,1.6,0.02,0.04,-0.05,40,40,40,40,40,10,0
6.925,14.880575,25.119907,-0.04778831,-0.35520112,-14.880575,-25.119907,0.04778831,0.35520112,0.017261322,0.017261322,-,0,45.31027,344.78732,0.0032324999,0.83273333,15,1.6,0.02,0.04,-0.05,40,40,40,40,40,10,0
6.93,15.007256,25.114573,-0.048407062,-0.34585453,-15.007256,-25.114573,0.048407062,0.34585453,0.025254887,0.025254887,-,0,46.436358,347.94103,0.0032442161,0.8333314,15,1.6,0.02,0.04,-0.05,40,40,40,40,40,10,0
6.935,15.133743,25.102836,-0.049171512,-0.34384607,-15.133743,-25.102836,0.049171512,0.34384607,0.019061888,0.019061888,-,0,47.581509,351.09179,0.0032563053,0.83392255,15,1.6,0.02,0.04,-0.05,40,40,40,40,40,10,0
6.94,15.260422,25.104195,-0.049726496,-0.34221735,-15.260422,-25.104195,0.049726496,0.34221735,0.015931016,0.015931016,-,0,48.745912,354.2429,0.0032686689,0.83450812,15,1.6,0.02,0.04,-0.05,40,40,40,40,40,10,0
6.945,15.386929,25.094628,-0.050382262,-0.33936039,-15.386929,-25.094628,0.050382262,0.33936039,0.012813146,0.012813146,-,0,49.9297,357.3916,0.0032813608,0.83508394,15,1.6,0.02,0.04,-0.05,40,40,40,40,40,10,0
6.95,15.513481,25.089807,-0.050962153,-0.33483963,-15.513481,-25.089807,0.050962153,0.33483963,0.013686182,0.013686182,-,0,51.13304,360.53909,0.0032943465,0.83564453,15,1.6,0.02,0.04,-0.05,40,40,40,40,40,10,0
6.955,15.640056,25.083445,-0.051485512,-0.33323654,-15.640056,-25.083445,0.051485512,0.33323654,0.010677796,0.010677796,-,0,52.356097,363.68499,0.0033076003,0.83619976,15,1.6,0.02,0.04,-0.05,40,40,40,40,40,10,0
6.96,15.766714,25.073941,-0.051891265,-0.33299183,-15.766714,-25.073941,0.051891265,0.33299183,0.0071360408,0.0071360408,-,0,53.599043,366.8285,0.0033210638,0.83675418,15,1.6,0.02,0.04,-0.05,40,40,40,40,40,10,0
6.965,15.893346,25.072507,-0.052304182,-0.33472242,-15.893346,-25.072507,0.052304182,0.33472242,0.00064856785,0.00064856785,-,0,54.862035,369.97165,0.0033347424,0.83731438,15,1.6,0.02,0.04,-0.05,40,40,40,40,40,10,0
6.97,16.019902,25.071554,-0.052760654,-0.32885935,-16.019902,-25.071554,0.052760654,0.32885935,0.0056754188,0.0056754188,-,0,56.145222,373.11457,0.0033486608,0.83785512,15,1.6,0.02,0.04,-0.05,40,40,40,40,40,10,0
6.975,16.146132,25.052681,-0.053443319,-0.32501381,-16.146132,-25.052681,0.053443319,0.32501381,0.0033579996,0.0033579996,-,0,57.448709,376.25275,0.0033629418,0.83838329,15,1.6,0.02,0.04,-0.05,40,40,40,40,40,10,0
6.98,16.272557,25.041596,-0.053874918,-0.32680497,-16.272557,-25.041596,0.053874918,0.32680497,-0.0038967328,-0.0038967328,-,0,58.77269,379.38816,0.0033774543,0.8389173,15,1.6,0.02,0.04,-0.05,40,40,40,40,40,10,0
6.985,16.398889,25.036693,-0.0543611,-0.32232692,-16.398889,-25.036693,0.0543611,0.32232692,-0.0016940839,-0.0016940839,-,0,60.117308,382.52234,0.00339223,0.83943677,15,1.6,0.02,0.04,-0.05,40,40,40,40,40,10,0
6.99,16.525007,25.012217,-0.05495998,-0.31516272,-16.525007,-25.012217,0.05495998,0.31516272,0.0023287701,0.0023287701,-,0,61.482687,385.65039,0.003407333,0.83993341,15,1.6,0.02,0.04,-0.05,40,40,40,40,40,10,0
6.995,16.651297,25.000459,-0.055279036,-0.31601625,-16.651297,-25.000459,0.055279036,0.31601625,-0.0017672374,-0.0017672374,-,0,62.869015,388.77551,0.0034226118,0.84043274,15,1.6,0.02,0.04,-0.05,40,40,40,40,40,10,0
7,16.777488,24.993953,-0.055655063,-0.31654767,-16.777488,-24.993953,0.055655063,0.31654767,-0.0059943587,-0.0059943587,-,0,64.276436,391.899,0.0034380993,0.84093375,15,1.6,0.02,0.04,-0.05,40,40,40,40,40,10,0
7.005,16.903473,24.973793,-0.05613278,-0.30881895,-16.903473,-24.973793,0.05613278,0.30881895,0.00091916909,0.00091916909,-,0,65.705073,395.01745,0.0034538537,0.8414106,15,1.6,0.02,0.04,-0.05,40,40,40,40,40,10,0
7.01,17.029625,24.955601,-0.056358573,-0.31354116,-17.029625,-24.955601,0.056358573,0.31354116,-0.0082279243,-0.0082279243,-,0,67.155113,398.13136,0.0034697351,0.84190214,15,1.6,0.02,0.04,-0.05,40,40,40,40,40,10,0
7.015,17.155778,24.953217,-0.056548347,-0.31139634,-17.155778,-24.953217,0.056548347,0.31139634,-0.0052151096,-0.0052151096,-,0,68.626717,401.24467,0.0034857237,0.84238698,15,1.6,0.02,0.04,-0.05,40,40,40,40,40,10,0
7.02,17.28167,24.932686,-0.056897462,-0.30757297,-17.28167,-24.932686,0.056897462,0.30757297,-0.002637815,-0.002637815,-,0,70.119998,404.35287,0.0035019103,0.84285998,15,1.6,0.02,0.04,-0.05,40,40,40,40,40,10,0
7.025,17.407652,24.930247,-0.057126793,-0.31301813,-17.407652,-24.930247,0.057126793,0.31301813,-0.01236799,-0.01236799,-,0,71.63513,407.46045,0.0035182277,0.84334988,15,1.6,0.02,0.04,-0.05,40,40,40,40,40,10,0
7.03,17.533559,24.920349,-0.057400917,-0.31198419,-17.533559,-24.920349,0.057400917,0.31198419,-0.012703311,-0.012703311,-,0,73.172258,410.56557,0.003534702,0.84383655,15,1.6,0.02,0.04,-0.05,40,40,40,40,40,10,0
7.035,17.659385,24.892232,-0.057639603,-0.31182045,-17.659385,-24.892232,0.057639603,0.31182045,-0.014629805,-0.014629805,-,0,74.731527,413.66369,0.0035513136,0.84432271,15,1.6,0.02,0.04,-0.05,40,40,40,40,40,10,0
7.04,17.785212,24.892529,-0.057860342,-0.3141633,-17.785212,-24.892529,0.057860342,0.3141633,-0.019160996,-0.019160996,-,0,76.313096,416.76188,0.0035680527,0.84481621,15,1.6,0.02,0.04,-0.05,40,40,40,40,40,10,0
7.045,17.910797,24.875098,-0.058245641,-0.31128369,-17.910797,-24.875098,0.058245641,0.31128369,-0.018518675,-0.018518675,-,0,77.917079,419.85573,0.0035850155,0.8453007,15,1.6,0.02,0.04,-0.05,40,40,40,40,40,10,0
7.05,18.036465,24.865351,-0.058472491,-0.31375021,-18.036465,-24.865351,0.058472491,0.31375021,-0.023744357,-0.023744357,-,0,79.54365,422.94716,0.0036021107,0.84579289,15,1.6,0.02,0.04,-0.05,40,40,40,40,40,10,0
7.055,18.162043,24.846079,-0.058756412,-0.3192437,-18.162043,-24.846079,0.058756412,0.3192437,-0.035052088,-0.035052088,-,0,81.192949,426.0338,0.0036193722,0.84630247,15,1.6,0.02,0.04,-0.05,40,40,40,40,40,10,0
7.06,18.287337,24.824936,-0.059207899,-0.31473033,-18.287337,-24.824936,0.059207899,0.31473033,-0.032942826,-0.032942826,-,0,82.865082,429.11518,0.0036369001,0.84679775,15,1.6,0.02,0.04,-0.05,40,40,40,40,40,10,0
7.065,18.412493,24.780408,-0.059603279,-0.31311505,-18.412493,-24.780408,0.059603279,0.31311505,-0.035567104,-0.035567104,-,0,84.560182,432.18553,0.0036546629,0.84728795,15,1.6,0.02,0.04,-0.05,40,40,40,40,40,10,0
7.07,18.537611,24.775355,-0.0599514,-0.31217192,-18.537611,-24.775355,0.0599514,0.31217192,-0.036979665,-0.036979665,-,0,86.278397,435.25462,0.0036726337,0.84777521,15,1.6,0.02,0.04,-0.05,40,40,40,40,40,10,0
7.075,18.662583,24.749486,-0.060313755,-0.31112951,-18.662583,-24.749486,0.060313755,0.31112951,-0.039282425,-0.039282425,-,0,88.019857,438.3173,0.0036908225,0.84825922,15,1.6,0.02,0.04,-0.05,40,40,40,40,40,10,0
7.08,18.787696,24.735076,-0.060485776,-0.31474177,-18.787696,-24.735076,0.060485776,0.31474177,-0.045716517,-0.045716517,-,0,89.784744,441.37642,0.0037091151,0.84875453,15,1.6,0.02,0.04,-0.05,40,40,40,40,40,10,0
7.085,18.912566,24.718545,-0.060761454,-0.31321709,-18.912566,-24.718545,0.060761454,0.31321709,-0.045576031,-0.045576031,-,0,91.57317,444.43146,0.0037275749,0.84924506,15,1.6,0.02,0.04,-0.05,40,40,40,40,40,10,0
7.09,19.037204,24.663374,-0.06109816,-0.31140841,-19.037204,-24.663374,0.06109816,0.31140841,-0.047446815,-0.047446815,-,0,93.385246,447.47287,0.0037462398,0.84972993,15,1.6,0.02,0.04,-0.05,40,40,40,40,40,10,0
7.095,19.161647,24.649785,-0.061479392,-0.31101124,-19.161647,-24.649785,0.061479392,0.31101124,-0.050584529,-0.050584529,-,0,95.221089,450.51093,0.0037651384,0.85021357,15,1.6,0.02,0.04,-0.05,40,40,40,40,40,10,0
7.1,19.285883,24.623142,-0.061981296,-0.30852306,-19.285883,-24.623142,0.061981296,0.30852306,-0.052713005,-0.052713005,-,0,97.080816,453.54242,0.0037843468,0.8506895,15,1.6,0.02,0.04,-0.05,40,40,40,40,40,10,0
7.105,19.410283,24.611782,-0.062215728,-0.30791409,-19.410283,-24.611782,0.062215728,0.30791409,-0.05322152,-0.05322152,-,0,98.964611,456.57112,0.0038037008,0.85116356,15,1.6,0.02,0.04,-0.05,40,40,40,40,40,10,0
7.11,19.534393,24.551066,-0.062547513,-0.30750421,-19.534393,-24.551066,0.062547513,0.30750421,-0.057488936,-0.057488936,-,0,100.87257,459.58489,0.0038232617,0.85163635,15,1.6,0.02,0.04,-0.05,40,40,40,40,40,10,0
7.115,19.658507,24.553615,-0.062731617,-0.31063535,-19.658507,-24.553615,0.062731617,0.31063535,-0.062676073,-0.062676073,-,0,102.80486,462.59929,0.003842938,0.85211883,15,1.6,0.02,0.04,-0.05,40,40,40,40,40,10,0
7.12,19.782495,24.528897,-0.062949701,-0.30732161,-19.782495,-24.528897,0.062949701,0.30732161,-0.059154318,-0.059154318,-,0,104.76159,465.60763,0.0038627513,0.85259106,15,1.6,0.02,0.04,-0.05,40,40,40,40,40,10,0
7.125,19.906229,24.500107,-0.063278285,-0.3096456,-19.906229,-24.500107,0.063278285,0.3096456,-0.066478403,-0.066478403,-,0,106.74288,468.6089,0.003882772,0.85307046,15,1.6,0.02,0.04,-0.05,40,40,40,40,40,10,0
7.13,20.029977,24.475929,-0.063514039,-0.30860777,-20.029977,-24.475929,0.063514039,0.30860777,-0.066846305,-0.066846305,-,0,108.74888,471.60426,0.0039029422,0.85354665,15,1.6,0.02,0.04,-0.05,40,40,40,40,40,10,0
7.135,20.15311,24.431907,-0.064136349,-0.31071418,-20.15311,-24.431907,0.064136349,0.31071418,-0.078849439,-0.078849439,-,0,110.77962,474.58885,0.0039235096,0.85402937,15,1.6,0.02,0.04,-0.05,40,40,40,40,40,10,0
7.14,20.27662,24.422947,-0.064321271,-0.30536354,-20.27662,-24.422947,0.064321271,0.30536354,-0.070950427,-0.070950427,-,0,112.83533,477.57125,0.0039441957,0.85449561,15,1.6,0.02,0.04,-0.05,40,40,40,40,40,10,0
7.145,20.399413,24.34094,-0.064961579,-0.30532786,-20.399413,-24.34094,0.064961579,0.30532786,-0.081322397,-0.081322397,-,0,114.91601,480.53366,0.0039652957,0.85496173,15,1.6,0.02,0.04,-0.05,40,40,40,40,40,10,0
7.15,20.522611,24.355446,-0.065114927,-0.30717414,-20.522611,-24.355446,0.065114927,0.30717414,-0.083532478,-0.083532478,-,0,117.0219,483.4996,0.0039864955,0.85543351,15,1.6,0.02,0.04,-0.05,40,40,40,40,40,10,0
7.155,20.645427,24.314806,-0.065495274,-0.30654067,-20.645427,-24.314806,0.065495274,0.30654067,-0.087393402,-0.087393402,-,0,119.15307,486.45565,0.0040079436,0.85590335,15,1.6,0.02,0.04,-0.05,40,40,40,40,40,10,0
7.16,20.768152,24.278953,-0.065733027,-0.30796489,-20.768152,-24.278953,0.065733027,0.30796489,-0.092218051,-0.092218051,-,0,121.30965,489.40298,0.0040295478,0.85637756,15,1.6,0.02,0.04,-0.05,40,40,40,40,40,10,0
7.165,20.889882,24.196932,-0.066742138,-0.30163847,-20.889882,-24.196932,0.066742138,0.30163847,-0.098078708,-0.098078708,-,0,123.49158,492.33044,0.0040518204,0.85683249,15,1.6,0.02,0.04,-0.05,40,40,40,40,40,10,0
7.17,21.012359,24.21016,-0.066868483,-0.30062085,-21.012359,-24.21016,0.066868483,0.30062085,-0.095367023,-0.095367023,-,0,125.69918,495.2611,0.0040741773,0.85728435,15,1.6,0.02,0.04,-0.05,40,40,40,40,40,10,0
7.175,21.134298,24.159407,-0.067285215,-0.30341613,-21.134298,-24.159407,0.067285215,0.30341613,-0.10568179,-0.10568179,-,0,127.93247,498.17949,0.0040968138,0.85774466,15,1.6,0.02,0.04,-0.05,40,40,40,40,40,10,0
7.18,21.256299,24.128587,-0.067444814,-0.29961597,-21.256299,-24.128587,0.067444814,0.29961597,-0.1007883,-0.1007883,-,0,130.19162,501.09043,0.0041195579,0.85819351,15,1.6,0.02,0.04,-0.05,40,40,40,40,40,10,0
7.185,21.377734,24.083152,-0.067994267,-0.29426202,-21.377734,-24.083152,0.067994267,0.29426202,-0.099852493,-0.099852493,-,0,132.47666,503.99042,0.004142674,0.85862646,15,1.6,0.02,0.04,-0.05,40,40,40,40,40,10,0
7.19,21.499021,24.035908,-0.068396556,-0.29321975,-21.499021,-24.035908,0.068396556,0.29321975,-0.10368318,-0.10368318,-,0,134.7877,506.87905,0.0041660644,0.85905635,15,1.6,0.02,0.04,-0.05,40,40,40,40,40,10,0
7.195,21.620371,23.993227,-0.068527026,-0.29406075,-21.620371,-23.993227,0.068527026,0.29406075,-0.10626608,-0.10626608,-,0,137.1249,509.75742,0.0041895442,0.85948871,15,1.6,0.02,0.04,-0.05,40,40,40,40,40,10,0
7.2,21.740897,23.93256,-0.069134702,-0.28877617,-21.740897,-23.93256,0.069134702,0.28877617,-0.10694204,-0.10694204,-,0,139.48823,512.62126,0.0042134422,0.85990566,15,1.6,0.02,0.04,-0.05,40,40,40,40,40,10,0
7.205,21.861474,23.880599,-0.069493429,-0.29016642,-21.861474,-23.880599,0.069493429,0.29016642,-0.11421426,-0.11421426,-,0,141.87785,515.47267,0.0042375889,0.86032665,15,1.6,0.02,0.04,-0.05,40,40,40,40,40,10,0
7.21,21.982085,23.877922,-0.0697602,-0.28987753,-21.982085,-23.877922,0.0697602,0.28987753,-0.11544844,-0.11544844,-,0,144.29392,518.32345,0.0042619213,0.86074679,15,1.6,0.02,0.04,-0.05,40,40,40,40,40,10,0
7.215,22.102739,23.849762,-0.069828265,-0.29310421,-22.102739,-23.849762,0.069828265,0.29310421,-0.12034545,-0.12034545,-,0,146.73657,521.1675,0.0042863012,0.86117634,15,1.6,0.02,0.04,-0.05,40,40,40,40,40,10,0
7.22,22.222521,23.763499,-0.070505838,-0.2867313,-22.222521,-23.763499,0.070505838,0.2867313,-0.12136727,-0.12136727,-,0,149.20577,523.99102,0.0043111566,0.86158742,15,1.6,0.02,0.04,-0.05,40,40,40,40,40,10,0
7.225,22.342729,23.736056,-0.070589326,-0.2894315,-22.342729,-23.736056,0.070589326,0.2894315,-0.12563349,-0.12563349,-,0,151.70176,526.80803,0.0043360709,0.86200627,15,1.6,0.02,0.04,-0.05,40,40,40,40,40,10,0
7.23,22.462371,23.704517,-0.070993675,-0.28493358,-22.462371,-23.704517,0.070993675,0.28493358,-0.12337074,-0.12337074,-,0,154.22455,529.61755,0.0043612714,0.8624122,15,1.6,0.02,0.04,-0.05,40,40,40,40,40,10,0
7.235,22.582041,23.656497,-0.071081078,-0.28940804,-22.582041,-23.656497,0.071081078,0.28940804,-0.13136834,-0.13136834,-,0,156.77429,532.41569,0.004386534,0.86283099,15,1.6,0.02,0.04,-0.05,40,40,40,40,40,10,0
7.24,22.700675,23.578333,-0.071975529,-0.28093858,-22.700675,-23.578333,0.071975529,0.28093858,-0.13198784,-0.13198784,-,0,159.3509,535.19538,0.0044124364,0.86322562,15,1.6,0.02,0.04,-0.05,40,40,40,40,40,10,0
7.245,22.819872,23.555131,-0.072049328,-0.2849816,-22.819872,-23.555131,0.072049328,0.2849816,-0.13810781,-0.13810781,-,0,161.95463,537.9696,0.0044383919,0.86363169,15,1.6,0.02,0.04,-0.05,40,40,40,40,40,10,0
7.25,22.938186,23.504778,-0.072625334,-0.27860349,-22.938186,-23.504778,0.072625334,0.27860349,-0.13619076,-0.13619076,-,0,164.58543,540.73198,0.0044647641,0.86401979,15,1.6,0.02,0.04,-0.05,40,40,40,40,40,10,0
7.255,23.056675,23.452551,-0.072884911,-0.27521836,-23.056675,-23.452551,0.072884911,0.27521836,-0.1343875,-0.1343875,-,0,167.24348,543.48209,0.0044913251,0.86439852,15,1.6,0.02,0.04,-0.05,40,40,40,40,40,10,0
7.26,23.174812,23.403664,-0.07307192,-0.27834464,-23.174812,-23.403664,0.07307192,0.27834464,-0.14178742,-0.14178742,-,0,169.92884,546.22075,0.0045180227,0.8647859,15,1.6,0.02,0.04,-0.05,40,40,40,40,40,10,0
7.265,23.292331,23.329095,-0.073600553,-0.27737655,-23.292331,-23.329095,0.073600553,0.27737655,-0.14880034,-0.14880034,-,0,172.64151,548.94198,0.0045451079,0.86517059,15,1.6,0.02,0.04,-0.05,40,40,40,40,40,10,0
7.27,23.409772,23.217346,-0.074008861,-0.27591753,-23.409772,-23.217346,0.074008861,0.27591753,-0.15471166,-0.15471166,-,0,175.38159,551.63721,0.0045724944,0.86555124,15,1.6,0.02,0.04,-0.05,40,40,40,40,40,10,0
7.275,23.527106,23.249176,-0.07420241,-0.26909586,-23.527106,-23.249176,0.07420241,0.26909586,-0.14308035,-0.14308035,-,0,178.14922,554.33983,0.0046000244,0.8659133,15,1.6,0.02,0.04,-0.05,40,40,40,40,40,10,0
7.28,23.643566,23.181906,-0.075066938,-0.27015958,-23.643566,-23.181906,0.075066938,0.27015958,-0.15811186,-0.15811186,-,0,180.94431,557.02683,0.0046281996,0.86627823,15,1.6,0.02,0.04,-0.05,40,40,40,40,40,10,0
7.285,23.760077,23.023848,-0.07546158,-0.26321775,-23.760077,-23.023848,0.07546158,0.26321775,-0.15691664,-0.15691664,-,0,183.76701,559.67732,0.0046566719,0.86662465,15,1.6,0.02,0.04,-0.05,40,40,40,40,40,10,0
7.29,23.877078,23.095047,-0.075335324,-0.26946458,-23.877078,-23.095047,0.075335324,0.26946458,-0.15982975,-0.15982975,-,0,186.61759,562.34422,0.004685049,0.86698771,15,1.6,0.02,0.04,-0.05,40,40,40,40,40,10,0
7.295,23.993269,23.039811,-0.075705292,-0.26910832,-23.993269,-23.039811,0.075705292,0.26910832,-0.16469487,-0.16469487,-,0,189.49597,564.99839,0.0047137054,0.8673498,15,1.6,0.02,0.04,-0.05,40,40,40,40,40,10,0
7.3,24.108775,22.940357,-0.076512778,-0.2627922,-24.108775,-22.940357,0.076512778,0.2627922,-0.16836942,-0.16836942,-,0,192.40214,567.62969,0.0047429764,0.8676951,15,1.6,0.02,0.04,-0.05,40,40,40,40,40,10,0
7.305,24.224561,22.877005,-0.076687734,-0.2644158,-24.224561,-22.877005,0.076687734,0.2644158,-0.17380987,-0.17380987,-,0,195.33628,570.24647,0.0047723815,0.86804468,15,1.6,0.02,0.04,-0.05,40,40,40,40,40,10,0
7.31,24.339464,22.862642,-0.077220204,-0.25669895,-24.339464,-22.862642,0.077220204,0.25669895,-0.16772641,-0.16772641,-,0,198.29833,572.85998,0.0048021963,0.86837415,15,1.6,0.02,0.04,-0.05,40,40,40,40,40,10,0
7.315,24.454443,22.80123,-0.07755932,-0.2558061,-24.454443,-22.80123,0.07755932,0.2558061,-0.17154147,-0.17154147,-,0,201.28843,575.45946,0.0048322735,0.86870134,15,1.6,0.02,0.04,-0.05,40,40,40,40,40,10,0
7.32,24.568632,22.651765,-0.078294301,-0.25035852,-24.568632,-22.651765,0.078294301,0.25035852,-0.1775449,-0.1775449,-,0,204.30652,578.02497,0.0048629235,0.86901473,15,1.6,0.02,0.04,-0.05,40,40,40,40,40,10,0
7.325,24.683405,22.638932,-0.07826254,-0.25024271,-24.683405,-22.638932,0.07826254,0.25024271,-0.17510106,-0.17510106,-,0,207.35287,580.58758,0.0048935486,0.86932784,15,1.6,0.02,0.04,-0.05,40,40,40,40,40,10,0
7.33,24.797582,22.623091,-0.078434181,-0.2498437,-24.797582,-22.623091,0.078434181,0.2498437,-0.17538736,-0.17538736,-,0,210.42747,583.1466,0.0049243082,0.86963995,15,1.6,0.02,0.04,-0.05,40,40,40,40,40,10,0
7.335,24.911569,22.564961,-0.078516052,-0.25604099,-24.911569,-22.564961,0.078516052,0.25604099,-0.18657651,-0.18657651,-,0,213.5304,585.69248,0.0049551321,0.86996773,15,1.6,0.02,0.04,-0.05,40,40,40,40,40,10,0
7.34,25.024138,22.503386,-0.079624774,-0.24415593,-25.024138,-22.503386,0.079624774,0.24415593,-0.18440289,-0.18440289,-,0,216.66144,588.2245,0.0049868326,0.8702658,15,1.6,0.02,0.04,-0.05,40,40,40,40,40,10,0
7.345,25.137763,22.445218,-0.079579119,-0.24100032,-25.137763,-22.445218,0.079579119,0.24100032,-0.17872332,-0.17872332,-,0,219.82098,590.74344,0.0050184968,0.8705562,15,1.6,0.02,0.04,-0.05,40,40,40,40,40,10,0
7.35,25.250078,22.322879,-0.080289318,-0.24244904,-25.250078,-22.322879,0.080289318,0.24244904,-0.19434155,-0.19434155,-,0,223.00881,593.23499,0.0050507287,0.87085011,15,1.6,0.02,0.04,-0.05,40,40,40,40,40,10,0
7.355,25.363081,22.319171,-0.080072375,-0.2389926,-25.363081,-22.319171,0.080072375,0.2389926,-0.18344534,-0.18344534,-,0,226.22524,595.72572,0.0050827866,0.8711357,15,1.6,0.02,0.04,-0.05,40,40,40,40,40,10,0
7.36,25.47503,22.243218,-0.080485122,-0.23786124,-25.47503,-22.243218,0.080485122,0.23786124,-0.1886255,-0.1886255,-,0,229.47012,598.19952,0.0051151759,0.87141859,15,1.6,0.02,0.04,-0.05,40,40,40,40,40,10,0
7.365,25.586716,22.179859,-0.080910266,-0.22995963,-25.586716,-22.179859,0.080910266,0.22995963,-0.18266069,-0.18266069,-,0,232.74352,600.65925,0.0051479082,0.87168299,15,1.6,0.02,0.04,-0.05,40,40,40,40,40,10,0
7.37,25.698585,22.115023,-0.080812195,-0.23344303,-25.698585,-22.115023,0.080812195,0.23344303,-0.18711917,-0.18711917,-,0,236.04561,603.10462,0.0051805613,0.87195547,15,1.6,0.02,0.04,-0.05,40,40,40,40,40,10,0
7.375,25.80938,22.025164,-0.081490833,-0.22627634,-25.80938,-22.025164,0.081490833,0.22627634,-0.18721047,-0.18721047,-,0,239.37623,605.53016,0.0052137651,0.87221148,15,1.6,0.02,0.04,-0.05,40,40,40,40,40,10,0
7.38,25.920094,21.885084,-0.081835601,-0.22705303,-25.920094,-21.885084,0.081835601,0.22705303,-0.19701364,-0.19701364,-,0,242.73549,607.92495,0.0052472504,0.87246924,15,1.6,0.02,0.04,-0.05,40,40,40,40,40,10,0
7.385,26.030849,21.872164,-0.081868275,-0.22582622,-26.030849,-21.872164,0.081868275,0.22582622,-0.19384255,-0.19384255,-,0,246.12351,610.3169,0.0052807625,0.87272423,15,1.6,0.02,0.04,-0.05,40,40,40,40,40,10,0
7.39,26.141389,21.858252,-0.081873526,-0.2231206,-26.141389,-21.858252,0.081873526,0.2231206,-0.18793798,-0.18793798,-,0,249.54037,612.70582,0.0053142788,0.87297314,15,1.6,0.02,0.04,-0.05,40,40,40,40,40,10,0
7.395,26.251519,21.79022,-0.081928604,-0.22575233,-26.251519,-21.79022,0.081928604,0.22575233,-0.19349361,-0.19349361,-,0,252.98609,615.07989,0.0053478403,0.87322796,15,1.6,0.02,0.04,-0.05,40,40,40,40,40,10,0
7.4,26.361621,21.685336,-0.081644865,-0.22558452,-26.361621,-21.685336,0.081644865,0.22558452,-0.19096235,-0.19096235,-,0,256.46076,617.43116,0.0053811697,0.87348241,15,1.6,0.02,0.04,-0.05,40,40,40,40,40,10,0
7.405,26.470748,21.615682,-0.081877402,-0.23346617,-26.470748,-21.615682,0.081877402,0.23346617,-0.20766467,-0.20766467,-,0,259.96426,619.76735,0.0054146893,0.87375494,15,1.6,0.02,0.04,-0.05,40,40,40,40,40,10,0
7.41,26.579634,21.553735,-0.082041604,-0.22740759,-26.579634,-21.553735,0.082041604,0.22740759,-0.20073411,-0.20073411,-,0,263.49665,622.09016,0.0054483434,0.87401351,15,1.6,0.02,0.04,-0.05,40,40,40,40,40,10,0
7.415,26.688264,21.536418,-0.082206389,-0.22205135,-26.688264,-21.536418,0.082206389,0.22205135,-0.19315599,-0.19315599,-,0,267.05796,624.40925,0.0054821328,0.87426004,15,1.6,0.02,0.04,-0.05,40,40,40,40,40,10,0
7.42,26.796504,21.411555,-0.082410281,-0.22659121,-26.796504,-21.411555,0.082410281,0.22659121,-0.20630784,-0.20630784,-,0,270.64823,626.70152,0.0055160901,0.87451676,15,1.6,0.02,0.04,-0.05,40,40,40,40,40,10,0
7.425,26.904425,21.353893,-0.082568212,-0.22450608,-26.904425,-21.353893,0.082568212,0.22450608,-0.20548869,-0.20548869,-,0,274.26747,628.98147,0.0055501777,0.87476878,15,1.6,0.02,0.04,-0.05,40,40,40,40,40,10,0
7.43,27.012149,21.335446,-0.082638549,-0.22450748,-27.012149,-21.335446,0.082638549,0.22450748,-0.20512938,-0.20512938,-,0,277.91575,631.25747,0.0055843233,0.87502079,15,1.6,0.02,0.04,-0.05,40,40,40,40,40,10,0
7.435,27.119562,21.270932,-0.082729319,-0.22521609,-27.119562,-21.270932,0.082729319,0.22521609,-0.208057,-0.208057,-,0,281.5931,633.51974,0.005618544,0.87527441,15,1.6,0.02,0.04,-0.05,40,40,40,40,40,10,0
7.44,27.226011,21.142684,-0.083421695,-0.2200276,-27.226011,-21.142684,0.083421695,0.2200276,-0.213142,-0.213142,-,0,285.29938,635.7548,0.0056533399,0.87551647,15,1.6,0.02,0.04,-0.05,40,40,40,40,40,10,0
7.445,27.332717,21.07455,-0.083553189,-0.21739021,-27.332717,-21.07455,0.083553189,0.21739021,-0.21148583,-0.21148583,-,0,289.03477,637.97549,0.0056882456,0.87575276,15,1.6,0.02,0.04,-0.05,40,40,40,40,40,10,0
7.45,27.438328,21.012718,-0.084147645,-0.20932176,-27.438328,-21.012718,0.084147645,0.20932176,-0.2078542,-0.2078542,-,0,292.79908,640.18316,0.0057236497,0.87597184,15,1.6,0.02,0.04,-0.05,40,40,40,40,40,10,0
7.455,27.544549,20.923553,-0.083970141,-0.208281,-27.544549,-20.923553,0.083970141,0.208281,-0.20496859,-0.20496859,-,0,296.59259,642.37213,0.0057589046,0.87618874,15,1.6,0.02,0.04,-0.05,40,40,40,40,40,10,0
7.46,27.650366,20.855145,-0.083859075,-0.21151821,-27.650366,-20.855145,0.083859075,0.21151821,-0.20910215,-0.20910215,-,0,300.4153,644.54682,0.0057940664,0.87641244,15,1.6,0.02,0.04,-0.05,40,40,40,40,40,10,0
7.465,27.75569,20.814066,-0.083917481,-0.21110981,-27.75569,-20.814066,0.083917481,0.21110981,-0.20886146,-0.20886146,-,0,304.26719,646.71294,0.0058292771,0.87663528,15,1.6,0.02,0.04,-0.05,40,40,40,40,40,10,0
7.47,27.860857,20.767336,-0.083727293,-0.21480539,-27.860857,-20.767336,0.083727293,0.21480539,-0.21168742,-0.21168742,-,0,308.14833,648.86936,0.0058643284,0.87686598,15,1.6,0.02,0.04,-0.05,40,40,40,40,40,10,0
7.475,27.96569,20.700894,-0.083538146,-0.22015985,-27.96569,-20.700894,0.083538146,0.22015985,-0.21797839,-0.21797839,-,0,312.05873,651.01199,0.0058992215,0.87710834,15,1.6,0.02,0.04,-0.05,40,40,40,40,40,10,0
7.48,28.070245,20.613519,-0.08330638,-0.22782661,-28.070245,-20.613519,0.08330638,0.22782661,-0.2281726,-0.2281726,-,0,315.99842,653.13658,0.0059339213,0.87736786,15,1.6,0.02,0.04,-0.05,40,40,40,40,40,10,0
7.485,28.17389,20.597635,-0.083650108,-0.22416975,-28.17389,-20.597635,0.083650108,0.22416975,-0.22604,-0.22604,-,0,319.96726,655.25789,0.005968908,0.87761912,15,1.6,0.02,0.04,-0.05,40,40,40,40,40,10,0
7.49,28.27719,20.474441,-0.084044936,-0.21813439,-28.27719,-20.474441,0.084044936,0.21813439,-0.2251676,-0.2251676,-,0,323.96526,657.3539,0.0060042257,0.87785703,15,1.6,0.02,0.04,-0.05,40,40,40,40,40,10,0
7.495,28.380526,20.460183,-0.084080998,-0.22494687,-28.380526,-20.460183,0.084080998,0.22494687,-0.23511211,-0.23511211,-,0,327.99253,659.447,0.0060395738,0.87811004,15,1.6,0.02,0.04,-0.05,40,40,40,40,40,10,0
7.5,28.483739,20.396213,-0.083910423,-0.23062653,-28.483739,-20.396213,0.083910423,0.23062653,-0.2421355,-0.2421355,-,0,332.04915,661.52703,0.0060747786,0.87837598,15,1.6,0.02,0.04,-0.05,40,40,40,40,40,10,0
7.505,28.585715,20.293344,-0.084620308,-0.22530548,-28.585715,-20.293344,0.084620308,0.22530548,-0.24634532,-0.24634532,-,0,336.13486,663.58613,0.0061105816,0.8786298,15,1.6,0.02,0.04,-0.05,40,40,40,40,40,10,0
7.51,28.687293,20.179298,-0.085253591,-0.22338316,-28.687293,-20.179298,0.085253591,0.22338316,-0.25529915,-0.25529915,-,0,340.24967,665.62215,0.0061469224,0.8788793,15,1.6,0.02,0.04,-0.05,40,40,40,40,40,10,0
7.515,28.788894,20.073764,-0.085579823,-0.21859067,-28.788894,-20.073764,0.085579823,0.21859067,-0.25471398,-0.25471398,-,0,344.39367,667.63693,0.006183542,0.87911821,15,1.6,0.02,0.04,-0.05,40,40,40,40,40,10,0
7.52,28.890447,20.053571,-0.085461181,-0.22488202,-28.890447,-20.053571,0.085461181,0.22488202,-0.26177719,-0.26177719,-,0,348.56696,669.64765,0.00622006,0.87937107,15,1.6,0.02,0.04,-0.05,40,40,40,40,40,10,0
7.525,28.990694,19.967081,-0.086231137,-0.2209643,-28.990694,-19.967081,0.086231137,0.2209643,-0.26851281,-0.26851281,-,0,352.76926,671.64108,0.0062572391,0.87961519,15,1.6,0.02,0.04,-0.05,40,40,40,40,40,10,0
7.53,29.090907,19.882466,-0.086591529,-0.21325862,-29.090907,-19.882466,0.086591529,0.21325862,-0.26296996,-0.26296996,-,0,357.00067,673.61764,0.0062947295,0.87984259,15,1.6,0.02,0.04,-0.05,40,40,40,40,40,10,0
7.535,29.190891,19.756131,-0.086660085,-0.21572113,-29.190891,-19.756131,0.086660085,0.21572113,-0.27099202,-0.27099202,-,0,361.26121,675.56916,0.0063322794,0.88007527,15,1.6,0.02,0.04,-0.05,40,40,40,40,40,10,0
7.54,29.290359,19.703664,-0.086870485,-0.21475714,-29.290359,-19.703664,0.086870485,0.21475714,-0.27271496,-0.27271496,-,0,365.55083,677.51033,0.0063700118,0.88030587,15,1.6,0.02,0.04,-0.05,40,40,40,40,40,10,0
7.545,29.389151,19.614994,-0.087229018,-0.20639636,-29.389151,-19.614994,0.087229018,0.20639636,-0.26628665,-0.26628665,-,0,369.86944,679.43407,0.0064080563,0.88051887,15,1.6,0.02,0.04,-0.05,40,40,40,40,40,10,0
7.55,29.486622,19.438381,-0.088282047,-0.18931895,-29.486622,-19.438381,0.088282047,0.18931895,-0.25987335,-0.25987335,-,0,374.21675,681.32333,0.0064470249,0.88069807,15,1.6,0.02,0.04,-0.05,40,40,40,40,40,10,0
7.555,29.584765,19.321577,-0.088093256,-0.19508718,-29.584765,-19.321577,0.088093256,0.19508718,-0.26897995,-0.26897995,-,0,378.59304,683.18994,0.006485827,0.88088837,15,1.6,0.02,0.04,-0.05,40,40,40,40,40,10,0
7.56,29.682235,19.172644,-0.087871613,-0.18489213,-29.682235,-19.172644,0.087871613,0.18489213,-0.25335116,-0.25335116,-,0,382.99821,685.02789,0.0065244341,0.88105929,15,1.6,0.02,0.04,-0.05,40,40,40,40,40,10,0
7.565,29.780009,19.214403,-0.087269821,-0.19551549,-29.780009,-19.214403,0.087269821,0.19551549,-0.25769578,-0.25769578,-,0,387.43246,686.87386,0.0065625142,0.88125043,15,1.6,0.02,0.04,-0.05,40,40,40,40,40,10,0
7.57,29.8754,19.096191,-0.08831104,-0.1812527,-29.8754,-19.096191,0.08831104,0.1812527,-0.25331428,-0.25331428,-,0,391.89516,688.69718,0.0066015084,0.88141469,15,1.6,0.02,0.04,-0.05,40,40,40,40,40,10,0
7.575,29.971513,19.073826,-0.088569442,-0.18049125,-29.971513,-19.073826,0.088569442,0.18049125,-0.25494435,-0.25494435,-,0,396.38661,690.51624,0.0066407312,0.88157757,15,1.6,0.02,0.04,-0.05,40,40,40,40,40,10,0
7.58,30.067703,18.992835,-0.088367209,-0.18379653,-30.067703,-18.992835,0.088367209,0.18379653,-0.2585151,-0.2585151,-,0,400.90695,692.31988,0.006679775,0.88174648,15,1.6,0.02,0.04,-0.05,40,40,40,40,40,10,0
7.585,30.162781,18.874604,-0.088711708,-0.17661721,-30.162781,-18.874604,0.088711708,0.17661721,-0.25502336,-0.25502336,-,0,405.45592,694.10113,0.0067191238,0.88190245,15,1.6,0.02,0.04,-0.05,40,40,40,40,40,10,0
7.59,30.258292,18.824321,-0.088302153,-0.1887703,-30.258292,-18.824321,0.088302153,0.1887703,-0.26842609,-0.26842609,-,0,410.03374,695.87291,0.0067581102,0.88208062,15,1.6,0.02,0.04,-0.05,40,40,40,40,40,10,0
7.595,30.352569,18.713948,-0.088683248,-0.18229009,-30.352569,-18.713948,0.088683248,0.18229009,-0.26630356,-0.26630356,-,0,414.64013,697.62397,0.0067974338,0.88224677,15,1.6,0.02,0.04,-0.05,40,40,40,40,40,10,0
7.6,30.446806,18.660533,-0.088682929,-0.18079633,-30.446806,-18.660533,0.088682929,0.18079633,-0.26416062,-0.26416062,-,0,419.27517,699.36504,0.0068367571,0.8824102,15,1.6,0.02,0.04,-0.05,40,40,40,40,40,10,0
7.605,30.540816,18.540281,-0.088447519,-0.18776661,-30.540816,-18.540281,0.088447519,0.18776661,-0.2747118,-0.2747118,-,0,423.93888,701.08375,0.0068758719,0.88258649,15,1.6,0.02,0.04,-0.05,40,40,40,40,40,10,0
7.61,30.633763,18.416879,-0.088786131,-0.1854806,-30.633763,-18.416879,0.088786131,0.1854806,-0.27921052,-0.27921052,-,0,428.63101,702.77966,0.0069152868,0.8827585,15,1.6,0.02,0.04,-0.05,40,40,40,40,40,10,0
7.615,30.726844,18.406441,-0.088596279,-0.18883239,-30.726844,-18.406441,0.088596279,0.18883239,-0.2802815,-0.2802815,-,0,433.35171,704.47365,0.0069545333,0.88293679,15,1.6,0.02,0.04,-0.05,40,40,40,40,40,10,0
7.62,30.818164,18.261163,-0.089718351,-0.16666212,-30.818164,-18.261163,0.089718351,0.16666212,-0.26562488,-0.26562488,-,0,438.1005,706.141,0.0069947802,0.88307567,15,1.6,0.02,0.04,-0.05,40,40,40,40,40,10,0
7.625,30.911081,18.18766,-0.088851191,-0.18704905,-30.911081,-18.18766,0.088851191,0.18704905,-0.28631831,-0.28631831,-,0,442.87798,707.79495,0.0070342529,0.88325061,15,1.6,0.02,0.04,-0.05,40,40,40,40,40,10,0
7.63,31.000771,18.11662,-0.090421189,-0.16665273,-31.000771,-18.11662,0.090421189,0.16665273,-0.27828197,-0.27828197,-,0,447.68322,709.43601,0.0070751328,0.88338947,15,1.6,0.02,0.04,-0.05,40,40,40,40,40,10,0
7.635,31.092204,18.017768,-0.090113622,-0.17287482,-31.092204,-18.017768,0.090113622,0.17287482,-0.28574926,-0.28574926,-,0,452.51684,711.05921,0.0071157351,0.8835389,15,1.6,0.02,0.04,-0.05,40,40,40,40,40,10,0
7.64,31.182032,17.868287,-0.090746812,-0.16721675,-31.182032,-17.868287,0.090746812,0.16721675,-0.29037686,-0.29037686,-,0,457.37844,712.65559,0.0071569101,0.88367871,15,1.6,0.02,0.04,-0.05,40,40,40,40,40,10,0
7.645,31.272403,17.802586,-0.090590104,-0.17085146,-31.272403,-17.802586,0.090590104,0.17085146,-0.29466237,-0.29466237,-,0,462.26825,714.24025,0.0071979429,0.88382466,15,1.6,0.02,0.04,-0.05,40,40,40,40,40,10,0
7.65,31.362207,17.749175,-0.090445003,-0.1638794,-31.362207,-17.749175,0.090445003,0.1638794,-0.28167094,-0.28167094,-,0,467.18619,715.81541,0.0072388444,0.88395894,15,1.6,0.02,0.04,-0.05,40,40,40,40,40,10,0
7.655,31.451288,17.644295,-0.090409818,-0.17300837,-31.451288,-17.644295,0.090409818,0.17300837,-0.29816312,-0.29816312,-,0,472.13211,717.37202,0.0072797141,0.8841086,15,1.6,0.02,0.04,-0.05,40,40,40,40,40,10,0
7.66,31.539249,17.553032,-0.090980177,-0.15838248,-31.539249,-17.553032,0.090980177,0.15838248,-0.28520839,-0.28520839,-,0,477.10573,718.91256,0.007321101,0.88423403,15,1.6,0.02,0.04,-0.05,40,40,40,40,40,10,0
7.665,31.627443,17.381665,-0.090875797,-0.15684798,-31.627443,-17.381665,0.090875797,0.15684798,-0.28627825,-0.28627825,-,0,482.10721,720.42318,0.0073623931,0.88435703,15,1.6,0.02,0.04,-0.05,40,40,40,40,40,10,0
7.67,31.715006,17.29302,-0.090861466,-0.1564916,-31.715006,-17.29302,0.090861466,0.1564916,-0.28728765,-0.28728765,-,0,487.13642,721.91842,0.0074036721,0.88447948,15,1.6,0.02,0.04,-0.05,40,40,40,40,40,10,0
7.675,31.802255,17.278825,-0.090842895,-0.15620091,-31.802255,-17.278825,0.090842895,0.15620091,-0.2853668,-0.2853668,-,0,492.19333,723.41121,0.0074449343,0.88460148,15,1.6,0.02,0.04,-0.05,40,40,40,40,40,10,0
7.68,31.889151,17.151116,-0.090707786,-0.15706583,-31.889151,-17.151116,0.090707786,0.15706583,-0.28809445,-0.28809445,-,0,497.27792,724.88201,0.0074860738,0.88472482,15,1.6,0.02,0.04,-0.05,40,40,40,40,40,10,0
7.685,31.975267,17.059258,-0.090950329,-0.15356717,-31.975267,-17.059258,0.090950329,0.15356717,-0.28808676,-0.28808676,-,0,502.39001,726.3371,0.0075274336,0.88484274,15,1.6,0.02,0.04,-0.05,40,40,40,40,40,10,0
7.69,32.061024,16.919788,-0.091070756,-0.14993379,-32.061024,-16.919788,0.091070756,0.14993379,-0.2879434,-0.2879434,-,0,507.52956,727.7685,0.007568903,0.88495514,15,1.6,0.02,0.04,-0.05,40,40,40,40,40,10,0
7.695,32.146025,16.819505,-0.091376216,-0.14554392,-32.146025,-16.819505,0.091376216,0.14554392,-0.28781283,-0.28781283,-,0,512.69639,729.18298,0.0076106511,0.88506105,15,1.6,0.02,0.04,-0.05,40,40,40,40,40,10,0
7.7,32.231194,16.693419,-0.090973534,-0.15009068,-32.231194,-16.693419,0.090973534,0.15009068,-0.29238743,-0.29238743,-,0,517.89064,730.57633,0.007652032,0.88517369,15,1.6,0.02,0.04,-0.05,40,40,40,40,40,10,0
7.705,32.315722,16.715981,-0.090935131,-0.14799134,-32.315722,-16.715981,0.090935131,0.14799134,-0.28585943,-0.28585943,-,0,523.11217,731.97345,0.007693378,0.8852832,15,1.6,0.02,0.04,-0.05,40,40,40,40,40,10,0
7.71,32.400468,16.641818,-0.090144064,-0.16018944,-32.400468,-16.641818,0.090144064,0.16018944,-0.29478195,-0.29478195,-,0,528.36112,733.3582,0.0077340077,0.8854115,15,1.6,0.02,0.04,-0.05,40,40,40,40,40,10,0
7.715,32.483599,16.53948,-0.090548817,-0.15055688,-32.483599,-16.53948,0.090548817,0.15055688,-0.28787209,-0.28787209,-,0,533.63705,734.72597,0.0077750032,0.88552484,15,1.6,0.02,0.04,-0.05,40,40,40,40,40,10,0
7.72,32.567228,16.451409,-0.090050441,-0.15787807,-32.567228,-16.451409,0.090050441,0.15787807,-0.29396062,-0.29396062,-,0,538.94017,736.07922,0.0078155486,0.88564946,15,1.6,0.02,0.04,-0.05,40,40,40,40,40,10,0
7.725,32.65029,16.360788,-0.089667543,-0.15727733,-32.65029,-16.360788,0.089667543,0.15727733,-0.28921955,-0.28921955,-,0,544.27037,737.41759,0.0078557499,0.88577315,15,1.6,0.02,0.04,-0.05,40,40,40,40,40,10,0
7.73,32.732299,16.22006,-0.089726475,-0.15410143,-32.732299,-16.22006,0.089726475,0.15410143,-0.28901102,-0.28901102,-,0,549.62739,738.73304,0.0078960041,0.88589188,15,1.6,0.02,0.04,-0.05,40,40,40,40,40,10,0
7.735,32.814403,16.139553,-0.089301967,-0.16440905,-32.814403,-16.139553,0.089301967,0.16440905,-0.30071379,-0.30071379,-,0,555.01132,740.03547,0.0079358783,0.88602703,15,1.6,0.02,0.04,-0.05,40,40,40,40,40,10,0
7.74,32.895702,16.057432,-0.089164438,-0.1645746,-32.895702,-16.057432,0.089164438,0.1645746,-0.30057463,-0.30057463,-,0,560.42195,741.32468,0.0079756298,0.88616246,15,1.6,0.02,0.04,-0.05,40,40,40,40,40,10,0
7.745,32.97654,15.95082,-0.089112843,-0.1696851,-32.97654,-15.95082,0.089112843,0.1696851,-0.31062521,-0.31062521,-,0,565.85921,742.59682,0.0080153353,0.88630642,15,1.6,0.02,0.04,-0.05,40,40,40,40,40,10,0
7.75,33.056767,15.889823,-0.089170251,-0.15990002,-33.056767,-15.889823,0.089170251,0.15990002,-0.29666552,-0.29666552,-,0,571.32296,743.85925,0.008055092,0.88643426,15,1.6,0.02,0.04,-0.05,40,40,40,40,40,10,0
7.755,33.136159,15.744646,-0.089482206,-0.15227536,-33.136159,-15.744646,0.089482206,0.15227536,-0.29336463,-0.29336463,-,0,576.81299,745.09872,0.0080951273,0.8865502,15,1.6,0.02,0.04,-0.05,40,40,40,40,40,10,0
7.76,33.21613,15.667925,-0.088913383,-0.16471661,-33.21613,-15.667925,0.088913383,0.16471661,-0.30620772,-0.30620772,-,0,582.32954,746.32614,0.0081346553,0.88668586,15,1.6,0.02,0.04,-0.05,40,40,40,40,40,10,0
7.765,33.29524,15.609423,-0.088640701,-0.16776265,-33.29524,-15.609423,0.088640701,0.16776265,-0.30774902,-0.30774902,-,0,587.87241,747.54441,0.0081739411,0.88682658,15,1.6,0.02,0.04,-0.05,40,40,40,40,40,10,0
7.77,33.373487,15.512653,-0.088694798,-0.1660177,-33.373487,-15.512653,0.088694798,0.1660177,-0.30807443,-0.30807443,-,0,593.44136,748.74762,0.008213275,0.88696439,15,1.6,0.02,0.04,-0.05,40,40,40,40,40,10,0
7.775,33.450742,15.294925,-0.089244305,-0.16450168,-33.450742,-15.294925,0.089244305,0.16450168,-0.3210554,-0.3210554,-,0,599.03612,749.9173,0.0082530977,0.88709969,15,1.6,0.02,0.04,-0.05,40,40,40,40,40,10,0
7.78,33.527866,15.235398,-0.089508849,-0.15680921,-33.527866,-15.235398,0.089508849,0.15680921,-0.31355423,-0.31355423,-,0,604.65671,751.07788,0.0082931569,0.88722264,15,1.6,0.02,0.04,-0.05,40,40,40,40,40,10,0
7.785,33.605321,15.135791,-0.089040497,-0.17223327,-33.605321,-15.135791,0.089040497,0.17223327,-0.33364263,-0.33364263,-,0,610.30329,752.22334,0.0083327979,0.88737096,15,1.6,0.02,0.04,-0.05,40,40,40,40,40,10,0
7.79,33.681176,15.111531,-0.089490494,-0.16468262,-33.681176,-15.111531,0.089490494,0.16468262,-0.32776483,-0.32776483,-,0,615.9754,753.36514,0.0083728407,0.88750656,15,1.6,0.02,0.04,-0.05,40,40,40,40,40,10,0
7.795,33.757315,15.007005,-0.089234137,-0.1642997,-33.757315,-15.007005,0.089234137,0.1642997,-0.3259651,-0.3259651,-,0,621.67318,754.49119,0.0084126543,0.88764154,15,1.6,0.02,0.04,-0.05,40,40,40,40,40,10,0
7.8,33.83193,14.892471,-0.089969835,-0.15034723,-33.83193,-14.892471,0.089969835,0.15034723,-0.31776565,-0.31776565,-,0,627.39618,755.60012,0.0084531272,0.88775456,15,1.6,0.02,0.04,-0.05,40,40,40,40,40,10,0
7.805,33.906767,14.672012,-0.08982707,-0.15959365,-33.906767,-14.672012,0.08982707,0.15959365,-0.33774009,-0.33774009,-,0,633.14453,756.67646,0.0084934717,0.88788191,15,1.6,0.02,0.04,-0.05,40,40,40,40,40,10,0
7.81,33.981001,14.659042,-0.089863924,-0.1568329,-33.981001,-14.659042,0.089863924,0.1568329,-0.33290979,-0.33290979,-,0,638.91807,757.75089,0.0085338493,0.88800489,15,1.6,0.02,0.04,-0.05,40,40,40,40,40,10,0
7.815,34.055066,14.590572,-0.089626999,-0.15985911,-34.055066,-14.590572,0.089626999,0.15985911,-0.33545535,-0.33545535,-,0,644.71681,758.81532,0.0085740143,0.88813266,15,1.6,0.02,0.04,-0.05,40,40,40,40,40,10,0
7.82,34.128046,14.483434,-0.089836691,-0.15567974,-34.128046,-14.483434,0.089836691,0.15567974,-0.33473968,-0.33473968,-,0,650.54042,759.86417,0.0086143675,0.88825385,15,1.6,0.02,0.04,-0.05,40,40,40,40,40,10,0
7.825,34.199678,14.282678,-0.090830299,-0.14874863,-34.199678,-14.282678,0.090830299,0.14874863,-0.3451516,-0.3451516,-,0,656.38851,760.88414,0.0086556182,0.88836448,15,1.6,0.02,0.04,-0.05,40,40,40,40,40,10,0
7.83,34.272062,14.223434,-0.090468374,-0.15287246,-34.272062,-14.223434,0.090468374,0.15287246,-0.34724293,-0.34724293,-,0,662.26138,761.89567,0.0086965408,0.88848133,15,1.6,0.02,0.04,-0.05,40,40,40,40,40,10,0
7.835,34.343496,14.150792,-0.090601769,-0.14537741,-34.343496,-14.150792,0.090601769,0.14537741,-0.33872877,-0.33872877,-,0,668.15876,762.8969,0.0087375842,0.888587,15,1.6,0.02,0.04,-0.05,40,40,40,40,40,10,0
7.84,34.412964,14.023104,-0.092146068,-0.13458385,-34.412964,-14.023104,0.092146068,0.13458385,-0.34834176,-0.34834176,-,0,674.08002,763.88013,0.0087800387,0.88867756,15,1.6,0.02,0.04,-0.05,40,40,40,40,40,10,0
7.845,34.48364,13.844405,-0.091924385,-0.13645109,-34.48364,-13.844405,0.091924385,0.13645109,-0.35373852,-0.35373852,-,0,680.02563,764.83847,0.0088222892,0.88877066,15,1.6,0.02,0.04,-0.05,40,40,40,40,40,10,0
7.85,34.55393,13.872895,-0.091583606,-0.14322666,-34.55393,-13.872895,0.091583606,0.14322666,-0.35692236,-0.35692236,-,0,685.9955,765.80076,0.0088642269,0.88887323,15,1.6,0.02,0.04,-0.05,40,40,40,40,40,10,0
7.855,34.622731,13.714734,-0.092065727,-0.14166473,-34.622731,-13.714734,0.092065727,0.14166473,-0.36660549,-0.36660549,-,0,691.98917,766.74123,0.0089066074,0.88897357,15,1.6,0.02,0.04,-0.05,40,40,40,40,40,10,0
7.86,34.689562,13.498285,-0.093852349,-0.12608051,-34.689562,-13.498285,0.093852349,0.12608051,-0.3757914,-0.3757914,-,0,698.006,767.65225,0.0089506487,0.88905305,15,1.6,0.02,0.04,-0.05,40,40,40,40,40,10,0
7.865,34.758269,13.491534,-0.093484436,-0.1256811,-34.758269,-13.491534,0.093484436,0.1256811,-0.36852955,-0.36852955,-,0,704.04668,768.56235,0.0089943454,0.88913203,15,1.6,0.02,0.04,-0.05,40,40,40,40,40,10,0
7.87,34.825694,13.378233,-0.093740094,-0.12288377,-34.825694,-13.378233,0.093740094,0.12288377,-0.37107223,-0.37107223,-,0,710.11083,769.45724,0.0090382815,0.88920753,15,1.6,0.02,0.04,-0.05,40,40,40,40,40,10,0
7.875,34.890964,13.191358,-0.095341087,-0.10840174,-34.890964,-13.191358,0.095341087,0.10840174,-0.3780855,-0.3780855,-,0,716.19772,770.3273,0.0090837311,0.88926629,15,1.6,0.02,0.04,-0.05,40,40,40,40,40,10,0
7.88,34.95808,13.15708,-0.094746676,-0.12138526,-34.95808,-13.15708,0.094746676,0.12138526,-0.38997177,-0.38997177,-,0,722.30806,771.19284,0.0091286158,0.88933996,15,1.6,0.02,0.04,-0.05,40,40,40,40,40,10,0
7.885,35.022937,13.031138,-0.09569196,-0.11331962,-35.022937,-13.031138,0.09569196,0.11331962,-0.39498651,-0.39498651,-,0,728.44109,772.04189,0.0091744005,0.88940417,15,1.6,0.02,0.04,-0.05,40,40,40,40,40,10,0
7.89,35.086601,12.837659,-0.097116697,-0.095852988,-35.086601,-12.837659,0.097116697,0.095852988,-0.39487686,-0.39487686,-,0,734.59644,772.86592,0.0092215588,0.88945011,15,1.6,0.02,0.04,-0.05,40,40,40,40,40,10,0
7.895,35.151311,12.766779,-0.096849722,-0.095040086,-35.151311,-12.766779,0.096849722,0.095040086,-0.39111258,-0.39111258,-,0,740.77451,773.68087,0.0092684581,0.88949527,15,1.6,0.02,0.04,-0.05,40,40,40,40,40,10,0
7.9,35.213413,12.531827,-0.098068296,-0.077250148,-35.213413,-12.531827,0.098068296,0.077250148,-0.38908335,-0.38908335,-,0,746.97444,774.46611,0.0093165451,0.88952511,15,1.6,0.02,0.04,-0.05,40,40,40,40,40,10,0
7.905,35.275295,12.438139,-0.099047395,-0.062166373,-35.275295,-12.438139,0.099047395,0.062166373,-0.38214566,-0.38214566,-,0,753.19617,775.23964,0.009365597,0.88954443,15,1.6,0.02,0.04,-0.05,40,40,40,40,40,10,0
7.91,35.338038,12.372156,-0.098634813,-0.059194796,-35.338038,-12.372156,0.098634813,0.059194796,-0.37258685,-0.37258685,-,0,759.44005,776.005,0.0094142411,0.88956195,15,1.6,0.02,0.04,-0.05,40,40,40,40,40,10,0
7.915,35.399214,12.240551,-0.098938971,-0.050632837,-35.399214,-12.240551,0.098938971,0.050632837,-0.36749077,-0.36749077,-,0,765.70557,776.75415,0.0094631857,0.88957477,15,1.6,0.02,0.04,-0.05,40,40,40,40,40,10,0
7.92,35.45985,12.072017,-0.099239623,-0.041610884,-35.45985,-12.072017,0.099239623,0.041610884,-0.36309411,-0.36309411,-,0,771.99258,777.48282,0.0095124282,0.88958343,15,1.6,0.02,0.04,-0.05,40,40,40,40,40,10,0
7.925,35.520849,12.004235,-0.09852576,-0.045570384,-35.520849,-12.004235,0.09852576,0.045570384,-0.36021265,-0.36021265,-,0,778.30123,778.20333,0.0095609649,0.88959381,15,1.6,0.02,0.04,-0.05,40,40,40,40,40,10,0
7.93,35.580551,11.88244,-0.098469881,-0.037901765,-35.580551,-11.88244,0.098469881,0.037901765,-0.3507824,-0.3507824,-,0,784.63111,778.90929,0.0096094465,0.88960099,15,1.6,0.02,0.04,-0.05,40,40,40,40,40,10,0
7.935,35.639586,11.765283,-0.098410993,-0.036652566,-35.639586,-11.765283,0.098410993,0.036652566,-0.35140597,-0.35140597,-,0,790.98201,779.6014,0.0096578701,0.88960771,15,1.6,0.02,0.04,-0.05,40,40,40,40,40,10,0
7.94,35.697647,11.606574,-0.098846496,-0.026121705,-35.697647,-11.606574,0.098846496,0.026121705,-0.34627628,-0.34627628,-,0,797.35362,780.27496,0.0097067232,0.88961112,15,1.6,0.02,0.04,-0.05,40,40,40,40,40,10,0
7.945,35.756008,11.580893,-0.098529,-0.02025145,-35.756008,-11.580893,0.098529,0.02025145,-0.33198147,-0.33198147,-,0,803.74608,780.94555,0.009755263,0.88961317,15,1.6,0.02,0.04,-0.05,40,40,40,40,40,10,0
7.95,35.813788,11.347622,-0.098185586,-0.022094883,-35.813788,-11.347622,0.098185586,0.022094883,-0.33795496,-0.33795496,-,0,810.15922,781.58939,0.0098034651,0.88961561,15,1.6,0.02,0.04,-0.05,40,40,40,40,40,10,0
7.955,35.871115,11.365912,-0.09788504,-0.015578957,-35.871115,-11.365912,0.09788504,0.015578957,-0.32114315,-0.32114315,-,0,816.5929,782.23531,0.0098513725,0.88961683,15,1.6,0.02,0.04,-0.05,40,40,40,40,40,10,0
7.96,35.927971,11.217938,-0.097494337,-0.018281426,-35.927971,-11.217938,0.097494337,0.018281426,-0.32438841,-0.32438841,-,0,823.047,782.86452,0.0098988982,0.8896185,15,1.6,0.02,0.04,-0.05,40,40,40,40,40,10,0
7.965,35.98567,11.137076,-0.095831915,-0.043056164,-35.98567,-11.137076,0.095831915,0.043056164,-0.34117217,-0.34117217,-,0,829.52184,783.48469,0.009944817,0.88962777,15,1.6,0.02,0.04,-0.05,40,40,40,40,40,10,0
7.97,36.041477,11.030782,-0.095577159,-0.043290439,-36.041477,-11.030782,0.095577159,0.043290439,-0.34086127,-0.34086127,-,0,836.01678,784.09308,0.009990492,0.88963714,15,1.6,0.02,0.04,-0.05,40,40,40,40,40,10,0
7.975,36.096856,10.924738,-0.095252864,-0.04184537,-36.096856,-10.924738,0.095252864,0.04184537,-0.33681893,-0.33681893,-,0,842.5317,784.68983,0.010035858,0.88964589,15,1.6,0.02,0.04,-0.05,40,40,40,40,40,10,0
7.98,36.151736,10.814611,-0.094897671,-0.045263132,-36.151736,-10.814611,0.094897671,0.045263132,-0.34026692,-0.34026692,-,0,849.06644,785.27461,0.010080885,0.88965614,15,1.6,0.02,0.04,-0.05,40,40,40,40,40,10,0
7.985,36.205959,10.713842,-0.094680693,-0.038905081,-36.205959,-10.713842,0.094680693,0.038905081,-0.32978568,-0.32978568,-,0,855.62079,785.84854,0.010125708,0.8896637,15,1.6,0.02,0.04,-0.05,40,40,40,40,40,10,0
7.99,36.259819,10.606568,-0.094298409,-0.044079781,-36.259819,-10.606568,0.094298409,0.044079781,-0.33554468,-0.33554468,-,0,862.19466,786.41104,0.010170168,0.88967342,15,1.6,0.02,0.04,-0.05,40,40,40,40,40,10,0
7.995,36.313103,10.510242,-0.093994956,-0.041369494,-36.313103,-10.510242,0.093994956,0.041369494,-0.32944377,-0.32944377,-,0,868.78787,786.96337,0.010214344,0.88968198,15,1.6,0.02,0.04,-0.05,40,40,40,40,40,10,0
8,36.366004,10.402347,-0.09357032,-0.046246041,-36.366004,-10.402347,0.09357032,0.046246041,-0.33413449,-0.33413449,-,0,875.4003,787.50441,0.010258121,0.88969267,15,1.6,0.02,0.04,-0.05,40,40,40,40,40,10,0
8.005,36.418485,10.303011,-0.092958514,-0.056870682,-36.418485,-10.303011,0.092958514,0.056870682,-0.34488068,-0.34488068,-,0,882.03183,788.03517,0.010301327,0.88970884,15,1.6,0.02,0.04,-0.05,40,40,40,40,40,10,0
8.01,36.470101,10.241283,-0.092765904,-0.053829735,-36.470101,-10.241283,0.092765904,0.053829735,-0.33856281,-0.33856281,-,0,888.68217,788.55959,0.010344355,0.88972333,15,1.6,0.02,0.04,-0.05,40,40,40,40,40,10,0
8.015,36.520578,10.124899,-0.093272594,-0.037637511,-36.520578,-10.124899,0.093272594,0.037637511,-0.32390143,-0.32390143,-,0,895.35094,789.07216,0.010387854,0.88973041,15,1.6,0.02,0.04,-0.05,40,40,40,40,40,10,0
8.02,36.571836,10.024513,-0.092584974,-0.047178338,-36.571836,-10.024513,0.092584974,0.047178338,-0.33184271,-0.33184271,-,0,902.03843,789.57461,0.010430714,0.88974154,15,1.6,0.02,0.04,-0.05,40,40,40,40,40,10,0
8.025,36.622414,9.8495787,-0.091969972,-0.056006354,-36.622414,-9.8495787,0.091969972,0.056006354,-0.3427283,-0.3427283,-,0,908.74444,790.05968,0.010473006,0.88975722,15,1.6,0.02,0.04,-0.05,40,40,40,40,40,10,0
8.03,36.672233,9.8295954,-0.091763076,-0.054807801,-36.672233,-9.8295954,0.091763076,0.054807801,-0.33751014,-0.33751014,-,0,915.4687,790.54279,0.010515108,0.88977224,15,1.6,0.02,0.04,-0.05,40,40,40,40,40,10,0
8.035,36.721808,9.6422777,-0.091219276,-0.061356511,-36.721808,-9.6422777,0.091219276,0.061356511,-0.34633231,-0.34633231,-,0,922.21116,791.00766,0.010556713,0.88979107,15,1.6,0.02,0.04,-0.05,40,40,40,40,40,10,0
8.04,36.77083,9.587774,-0.090703553,-0.069234714,-36.77083,-9.587774,0.090703553,0.069234714,-0.35240128,-0.35240128,-,0,928.97163,791.46728,0.010597849,0.88981503,15,1.6,0.02,0.04,-0.05,40,40,40,40,40,10,0
8.045,36.818847,9.5180361,-0.090599766,-0.071667164,-36.818847,-9.5180361,0.090599766,0.071667164,-0.35656557,-0.35656557,-,0,935.74977,791.92025,0.01063889,0.88984072,15,1.6,0.02,0.04,-0.05,40,40,40,40,40,10,0
8.05,36.866043,9.4107383,-0.090911644,-0.053787766,-36.866043,-9.4107383,0.090911644,0.053787766,-0.33598469,-0.33598469,-,0,942.54529,792.36306,0.010680215,0.88985518,15,1.6,0.02,0.04,-0.05,40,40,40,40,40,10,0
8.055,36.913651,9.2693435,-0.090282265,-0.069097523,-36.913651,-9.2693435,0.090282265,0.069097523,-0.35574326,-0.35574326,-,0,949.35838,792.79266,0.010720969,0.88987905,15,1.6,0.02,0.04,-0.05,40,40,40,40,40,10,0
8.06,36.960648,9.2167211,-0.089883921,-0.073722729,-36.960648,-9.2167211,0.089883921,0.073722729,-0.35833338,-0.35833338,-,0,956.18883,793.2174,0.010761365,0.88990623,15,1.6,0.02,0.04,-0.05,40,40,40,40,40,10,0
8.065,37.006114,9.0981671,-0.090446871,-0.063738442,-37.006114,-9.0981671,0.090446871,0.063738442,-0.35463561,-0.35463561,-,0,963.03609,793.63128,0.010802268,0.88992654,15,1.6,0.02,0.04,-0.05,40,40,40,40,40,10,0
8.07,37.052277,9.0042092,-0.089862655,-0.07456343,-37.052277,-9.0042092,0.089862655,0.07456343,-0.3660274,-0.3660274,-,0,969.90045,794.03666,0.010842645,0.88995434,15,1.6,0.02,0.04,-0.05,40,40,40,40,40,10,0
8.075,37.097584,8.903273,-0.089588346,-0.079113566,-37.097584,-8.903273,0.089588346,0.079113566,-0.3723243,-0.3723243,-,0,976.7816,794.433,0.010882775,0.88998563,15,1.6,0.02,0.04,-0.05,40,40,40,40,40,10,0
8.08,37.141703,8.7906087,-0.0899627,-0.070037966,-37.141703,-8.7906087,0.0899627,0.070037966,-0.36704284,-0.36704284,-,0,983.67913,794.81938,0.010923241,0.89001016,15,1.6,0.02,0.04,-0.05,40,40,40,40,40,10,0
8.085,37.185855,8.6462,-0.089753887,-0.074004418,-37.185855,-8.6462,0.089753887,0.074004418,-0.37515029,-0.37515029,-,0,990.59307,795.19316,0.01096352,0.89003754,15,1.6,0.02,0.04,-0.05,40,40,40,40,40,10,0
8.09,37.229423,8.5763972,-0.089650902,-0.07904534,-37.229423,-8.5763972,0.089650902,0.07904534,-0.38359173,-0.38359173,-,0,997.52322,795.56094,0.011003707,0.89006879,15,1.6,0.02,0.04,-0.05,40,40,40,40,40,10,0
8.095,37.271666,8.4620439,-0.090240321,-0.065623889,-37.271666,-8.4620439,0.090240321,0.065623889,-0.37468797,-0.37468797,-,0,1004.4691,795.91897,0.011044423,0.89009032,15,1.6,0.02,0.04,-0.05,40,40,40,40,40,10,0
8.1,37.314255,8.3454543,-0.089978481,-0.072410335,-37.314255,-8.3454543,0.089978481,0.072410335,-0.38543049,-0.38543049,-,0,1011.4309,796.2672,0.011084904,0.89011653,15,1.6,0.02,0.04,-0.05,40,40,40,40,40,10,0
8.105,37.355443,8.2317488,-0.090455512,-0.061101034,-37.355443,-8.2317488,0.090455512,0.061101034,-0.37821553,-0.37821553,-,0,1018.408,796.60601,0.011125815,0.8901352,15,1.6,0.02,0.04,-0.05,40,40,40,40,40,10,0
8.11,37.396667,8.0719594,-0.090270327,-0.06767388,-37.396667,-8.0719594,0.090270327,0.06767388,-0.39152141,-0.39152141,-,0,1025.4006,796.93179,0.011166558,0.8901581,15,1.6,0.02,0.04,-0.05,40,40,40,40,40,10,0
8.115,37.436991,8.0065893,-0.090505364,-0.057280483,-37.436991,-8.0065893,0.090505364,0.057280483,-0.38022585,-0.38022585,-,0,1032.4082,797.25232,0.011207515,0.89017451,15,1.6,0.02,0.04,-0.05,40,40,40,40,40,10,0
8.12,37.477081,7.8989098,-0.090402135,-0.061473831,-37.477081,-7.8989098,0.090402135,0.061473831,-0.38889215,-0.38889215,-,0,1039.4309,797.56428,0.011248377,0.8901934,15,1.6,0.02,0.04,-0.05,40,40,40,40,40,10,0
8.125,37.516255,7.7848352,-0.090661119,-0.053287199,-37.516255,-7.7848352,0.090661119,0.053287199,-0.38345779,-0.38345779,-,0,1046.4682,797.8673,0.011289474,0.8902076,15,1.6,0.02,0.04,-0.05,40,40,40,40,40,10,0
8.13,37.555122,7.6400221,-0.090614197,-0.061120973,-37.555122,-7.6400221,0.090614197,0.061120973,-0.4003032,-0.4003032,-,0,1053.5202,798.15915,0.011330529,0.89022628,15,1.6,0.02,0.04,-0.05,40,40,40,40,40,10,0
8.135,37.592991,7.5450891,-0.090991806,-0.052405345,-37.592991,-7.5450891,0.090991806,0.052405345,-0.39506226,-0.39506226,-,0,1060.5863,798.44379,0.011371927,0.89024001,15,1.6,0.02,0.04,-0.05,40,40,40,40,40,10,0
8.14,37.630767,7.4339675,-0.090848588,-0.049279971,-37.630767,-7.4339675,0.090848588,0.049279971,-0.39160273,-0.39160273,-,0,1067.6667,798.72011,0.011413194,0.89025215,15,1.6,0.02,0.04,-0.05,40,40,40,40,40,10,0
8.145,37.667449,7.3126468,-0.091153889,-0.04410914,-37.667449,-7.3126468,0.091153889,0.04410914,-0.39202812,-0.39202812,-,0,1074.7609,798.98748,0.011454739,0.89026188,15,1.6,0.02,0.04,-0.05,40,40,40,40,40,10,0
8.15,37.703675,7.1920236,-0.091343296,-0.035250131,-37.703675,-7.1920236,0.091343296,0.035250131,-0.3847952,-0.3847952,-,0,1081.8687,799.24611,0.011496457,0.89026809,15,1.6,0.02,0.04,-0.05,40,40,40,40,40,10,0
8.155,37.739276,7.0772169,-0.091535887,-0.035780505,-37.739276,-7.0772169,0.091535887,0.035780505,-0.39241291,-0.39241291,-,0,1088.99,799.49655,0.011538351,0.89027449,15,1.6,0.02,0.04,-0.05,40,40,40,40,40,10,0
8.16,37.77499,6.9712952,-0.09110362,-0.039226598,-37.77499,-6.9712952,0.09110362,0.039226598,-0.39496526,-0.39496526,-,0,1096.1247,799.73954,0.011579851,0.89028219,15,1.6,0.02,0.04,-0.05,40,40,40,40,40,10,0
8.165,37.809432,6.8458478,-0.091335756,-0.03570844,-37.809432,-6.8458478,0.091335756,0.03570844,-0.3971473,-0.3971473,-,0,1103.2725,799.97387,0.011621562,0.89028856,15,1.6,0.02,0.04,-0.05,40,40,40,40,40,10,0
8.17,37.843408,6.731971,-0.091406846,-0.029262813,-37.843408,-6.731971,0.091406846,0.029262813,-0.39177618,-0.39177618,-,0,1110.4331,800.20047,0.011663338,0.89029284,15,1.6,0.02,0.04,-0.05,40,40,40,40,40,10,0
8.175,37.876714,6.6177488,-0.091559065,-0.022023216,-37.876714,-6.6177488,0.091559065,0.022023216,-0.38637889,-0.38637889,-,0,1117.6063,800.41944,0.011705253,0.89029527,15,1.6,0.02,0.04,-0.05,40,40,40,40,40,10,0
8.18,37.910176,6.5088237,-0.091015846,-0.030635158,-37.910176,-6.5088237,0.091015846,0.030635158,-0.39569747,-0.39569747,-,0,1124.7922,800.63126,0.011746673,0.89029996,15,1.6,0.02,0.04,-0.05,40,40,40,40,40,10,0
8.185,37.942473,6.3969285,-0.091066289,-0.026082419,-37.942473,-6.3969285,0.091066289,0.026082419,-0.39299961,-0.39299961,-,0,1131.9904,800.83587,0.011788138,0.89030336,15,1.6,0.02,0.04,-0.05,40,40,40,40,40,10,0
8.19,37.974193,6.2789274,-0.09110414,-0.022629784,-37.974193,-6.2789274,0.09110414,0.022629784,-0.3921288,-0.3921288,-,0,1139.2006,801.03299,0.011829638,0.89030592,15,1.6,0.02,0.04,-0.05,40,40,40,40,40,10,0
8.195,38.00579,6.1692436,-0.090691048,-0.027780635,-38.00579,-6.1692436,0.090691048,0.027780635,-0.39792919,-0.39792919,-,0,1146.4228,801.22329,0.011870762,0.89030978,15,1.6,0.02,0.04,-0.05,40,40,40,40,40,10,0
8.2,38.03524,6.0535818,-0.091813082,-0.0098534659,-38.03524,-6.0535818,0.091813082,0.0098534659,-0.39011371,-0.39011371,-,0,1153.6562,801.40652,0.01191291,0.89031027,15,1.6,0.02,0.04,-0.05,40,40,40,40,40,10,0
8.205,38.065881,5.9370334,-0.091190315,-0.020166718,-38.065881,-5.9370334,0.091190315,0.020166718,-0.40132253,-0.40132253,-,0,1160.9012,801.58276,0.011954489,0.8903123,15,1.6,0.02,0.04,-0.05,40,40,40,40,40,10,0
8.21,38.095221,5.8203433,-0.091260391,-0.015558106,-38.095221,-5.8203433,0.091260391,0.015558106,-0.39908068,-0.39908068,-,0,1168.1575,801.75214,0.011996131,0.89031351,15,1.6,0.02,0.04,-0.05,40,40,40,40,40,10,0
8.215,38.124178,5.7076071,-0.091124202,-0.010412706,-38.124178,-5.7076071,0.091124202,0.010412706,-0.39273552,-0.39273552,-,0,1175.4247,801.91503,0.012037649,0.89031405,15,1.6,0.02,0.04,-0.05,40,40,40,40,40,10,0
8.22,38.152472,5.5936084,-0.091068478,-0.0086597582,-38.152472,-5.5936084,0.091068478,0.0086597582,-0.393089,-0.393089,-,0,1182.7028,802.07147,0.012079116,0.89031443,15,1.6,0.02,0.04,-0.05,40,40,40,40,40,10,0
8.225,38.180299,5.4802508,-0.090919779,-0.0073867812,-38.180299,-5.4802508,0.090919779,0.0073867812,-0.39279952,-0.39279952,-,0,1189.9915,802.22163,0.012120448,0.8903147,15,1.6,0.02,0.04,-0.05,40,40,40,40,40,10,0
8.23,38.207469,5.3642761,-0.090843609,-0.0080502302,-38.207469,-5.3642761,0.090843609,0.0080502302,-0.39681407,-0.39681407,-,0,1197.2905,802.36551,0.012161711,0.89031503,15,1.6,0.02,0.04,-0.05,40,40,40,40,40,10,0
8.235,38.23397,5.2505063,-0.090848917,-0.0023072779,-38.23397,-5.2505063,0.090848917,0.0023072779,-0.39172576,-0.39172576,-,0,1204.5997,802.50335,0.012202979,0.89031505,15,1.6,0.02,0.04,-0.05,40,40,40,40,40,10,0
8.24,38.260071,5.1407743,-0.090681356,-0.0028996937,-38.260071,-5.1407743,0.090681356,0.0028996937,-0.39402745,-0.39402745,-,0,1211.9189,802.63549,0.012244094,0.89031509,15,1.6,0.02,0.04,-0.05,40,40,40,40,40,10,0
8.245,38.285721,5.0327538,-0.09042379,-0.0030868732,-38.285721,-5.0327538,0.09042379,0.0030868732,-0.39427126,-0.39427126,-,0,1219.2479,802.76213,0.012284977,0.89031514,15,1.6,0.02,0.04,-0.05,40,40,40,40,40,10,0
8.25,38.310641,4.9238226,-0.090345645,-0.0012931805,-38.310641,-4.9238226,0.090345645,0.0012931805,-0.39408803,-0.39408803,-,0,1226.5864,802.88335,0.012325788,0.89031515,15,1.6,0.02,0.04,-0.05,40,40,40,40,40,10,0
8.255,38.334898,4.8111925,-0.090358997,0.0039028286,-38.334898,-4.8111925,0.090358997,-0.0039028286,-0.38999477,-0.38999477,-,0,1233.9342,802.99909,0.012366612,0.89031523,15,1.6,0.02,0.04,-0.05,40,40,40,40,40,10,0
8.26,38.358124,4.7012699,-0.090815254,0.0091800153,-38.358124,-4.7012699,0.090815254,-0.0091800153,-0.39232751,-0.39232751,-,0,1241.2909,803.1096,0.012407849,0.89031565,15,1.6,0.02,0.04,-0.05,40,40,40,40,40,10,0
8.265,38.381628,4.5926799,-0.090473636,0.0032874286,-38.381628,-4.5926799,0.090473636,-0.0032874286,-0.40050491,-0.40050491,-,0,1248.6567,803.21506,0.012448777,0.8903157,15,1.6,0.02,0.04,-0.05,40,40,40,40,40,10,0
8.27,38.404403,4.4811784,-0.090321418,0.0040624462,-38.404403,-4.4811784,0.090321418,-0.0040624462,-0.40098615,-0.40098615,-,0,1256.0312,803.31547,0.012489566,0.89031578,15,1.6,0.02,0.04,-0.05,40,40,40,40,40,10,0
8.275,38.42656,4.3698741,-0.090214075,0.0066919669,-38.42656,-4.3698741,0.090214075,-0.0066919669,-0.39917781,-0.39917781,-,0,1263.4142,803.41095,0.012530259,0.89031601,15,1.6,0.02,0.04,-0.05,40,40,40,40,40,10,0
8.28,38.448068,4.2534107,-0.090178076,0.0071194278,-38.448068,-4.2534107,0.090178076,-0.0071194278,-0.40218226,-0.40218226,-,0,1270.8054,803.5014,0.01257092,0.89031626,15,1.6,0.02,0.04,-0.05,40,40,40,40,40,10,0
8.285,38.469024,4.1467197,-0.09011501,0.0073904914,-38.469024,-4.1467197,0.09011501,-0.0073904914,-0.40465109,-0.40465109,-,0,1278.2048,803.58738,0.012611523,0.89031653,15,1.6,0.02,0.04,-0.05,40,40,40,40,40,10,0
8.29,38.48944,4.0280021,-0.090031545,0.0097347417,-38.48944,-4.0280021,0.090031545,-0.0097347417,-0.4039887,-0.4039887,-,0,1285.612,803.6685,0.012652052,0.89031701,15,1.6,0.02,0.04,-0.05,40,40,40,40,40,10,0
8.295,38.508688,3.9086883,-0.090479285,0.020271041,-38.508688,-3.9086883,0.090479285,-0.020271041,-0.39823432,-0.39823432,-,0,1293.0266,803.74489,0.012692984,0.89031906,15,1.6,0.02,0.04,-0.05,40,40,40,40,40,10,0
8.3,38.52788,3.7921914,-0.090390605,0.0190449,-38.52788,-3.7921914,0.090390605,-0.0190449,-0.40314197,-0.40314197,-,0,1300.4485,803.8168,0.012733836,0.89032088,15,1.6,0.02,0.04,-0.05,40,40,40,40,40,10,0
8.305,38.546676,3.6932577,-0.090136969,0.023541184,-38.546676,-3.6932577,0.090136969,-0.023541184,-0.3957248,-0.3957248,-,0,1307.8778,803.885,0.01277446,0.89032365,15,1.6,0.02,0.04,-0.05,40,40,40,40,40,10,0
8.31,38.564324,3.5733118,-0.090463685,0.025329877,-38.564324,-3.5733118,0.090463685,-0.025329877,-0.40220852,-0.40220852,-,0,1315.3138,803.94884,0.012815378,0.89032686,15,1.6,0.02,0.04,-0.05,40,40,40,40,40,10,0
8.315,38.581994,3.4611184,-0.090205679,0.02407222,-38.581994,-3.4611184,0.090205679,-0.02407222,-0.40448501,-0.40448501,-,0,1322.7567,804.00874,0.012856063,0.89032975,15,1.6,0.02,0.04,-0.05,40,40,40,40,40,10,0
8.32,38.598919,3.3476637,-0.090111474,0.028860642,-38.598919,-3.3476637,0.090111474,-0.028860642,-0.39961015,-0.39961015,-,0,1330.206,804.06477,0.012896664,0.89033392,15,1.6,0.02,0.04,-0.05,40,40,40,40,40,10,0
8.325,38.614783,3.2298872,-0.090462598,0.034800058,-38.614783,-3.2298872,0.090462598,-0.034800058,-0.39976774,-0.39976774,-,0,1337.6616,804.11693,0.012937581,0.89033997,15,1.6,0.02,0.04,-0.05,40,40,40,40,40,10,0
8.33,38.630732,3.1226894,-0.090182359,0.03260476,-38.630732,-3.1226894,0.090182359,-0.03260476,-0.40304555,-0.40304555,-,0,1345.1232,804.16569,0.012978246,0.89034529,15,1.6,0.02,0.04,-0.05,40,40,40,40,40,10,0
8.335,38.646121,3.0105464,-0.089900306,0.033400513,-38.646121,-3.0105464,0.089900306,-0.033400513,-0.40171949,-0.40171949,-,0,1352.5908,804.211,0.013018656,0.89035087,15,1.6,0.02,0.04,-0.05,40,40,40,40,40,10,0
8.34,38.660434,2.8889975,-0.090077016,0.040412578,-38.660434,-2.8889975,0.090077016,-0.040412578,-0.39772654,-0.39772654,-,0,1360.064,804.25274,0.013059225,0.89035903,15,1.6,0.02,0.04,-0.05,40,40,40,40,40,10,0
8.345,38.674165,2.780864,-0.090237118,0.046744354,-38.674165,-2.780864,0.090237118,-0.046744354,-0.39404793,-0.39404793,-,0,1367.5424,804.2914,0.013099939,0.89036996,15,1.6,0.02,0.04,-0.05,40,40,40,40,40,10,0
8.35,38.687741,2.6695157,-0.090009573,0.046725734,-38.687741,-2.6695157,0.090009573,-0.046725734,-0.39484697,-0.39484697,-,0,1375.0261,804.32703,0.013140448,0.89038087,15,1.6,0.02,0.04,-0.05,40,40,40,40,40,10,0
8.355,38.700607,2.5681808,-0.089944262,0.049019688,-38.700607,-2.5681808,0.089944262,-0.049019688,-0.39399306,-0.39399306,-,0,1382.5148,804.36001,0.013180897,0.89039289,15,1.6,0.02,0.04,-0.05,40,40,40,40,40,10,0
8.36,38.713149,2.4517166,-0.089653768,0.049178244,-38.713149,-2.4517166,0.089653768,-0.049178244,-0.39378968,-0.39378968,-,0,1390.0084,804.39007,0.013221086,0.89040498,15,1.6,0.02,0.04,-0.05,40,40,40,40,40,10,0
8.365,38.724914,2.3456807,-0.089575965,0.051155183,-38.724914,-2.3456807,0.089575965,-0.051155183,-0.39346567,-0.39346567,-,0,1397.5065,804.41758,0.013261206,0.89041806,15,1.6,0.02,0.04,-0.05,40,40,40,40,40,10,0
8.37,38.73625,2.2330559,-0.089382981,0.052330808,-38.73625,-2.2330559,0.089382981,-0.052330808,-0.39296818,-0.39296818,-,0,1405.0089,804.44251,0.013301152,0.89043176,15,1.6,0.02,0.04,-0.05,40,40,40,40,40,10,0
8.375,38.746884,2.1244559,-0.089320859,0.052443543,-38.746884,-2.1244559,0.089320859,-0.052443543,-0.39598732,-0.39598732,-,0,1412.5155,804.46508,0.013341043,0.89044551,15,1.6,0.02,0.04,-0.05,40,40,40,40,40,10,0
8.38,38.757145,2.0130199,-0.089087082,0.055740029,-38.757145,-2.0130199,0.089087082,-0.055740029,-0.39145848,-0.39145848,-,0,1420.0261,804.48534,0.013380726,0.89046104,15,1.6,0.02,0.04,-0.05,40,40,40,40,40,10,0
8.385,38.766552,1.8939203,-0.089105035,0.055831009,-38.766552,-1.8939203,0.089105035,-0.055831009,-0.39615807,-0.39615807,-,0,1427.5404,804.50327,0.013420424,0.89047663,15,1.6,0.02,0.04,-0.05,40,40,40,40,40,10,0
8.39,38.775561,1.7887761,-0.088956199,0.058947651,-38.775561,-1.7887761,0.088956199,-0.058947651,-0.39296448,-0.39296448,-,0,1435.0581,804.51927,0.01345999,0.890494,15,1.6,0.02,0.04,-0.05,40,40,40,40,40,10,0
8.395,38.784005,1.6753297,-0.08883382,0.059447077,-38.784005,-1.6753297,0.08883382,-0.059447077,-0.3946987,-0.3946987,-,0,1442.5791,804.5333,0.013499448,0.89051167,15,1.6,0.02,0.04,-0.05,40,40,40,40,40,10,0
8.4,38.791757,1.5617187,-0.088803425,0.063516628,-38.791757,-1.5617187,0.088803425,-0.063516628,-0.39212088,-0.39212088,-,0,1450.1031,804.5455,0.013538878,0.89053185,15,1.6,0.02,0.04,-0.05,40,40,40,40,40,10,0
8.405,38.799064,1.4590232,-0.088666714,0.069169056,-38.799064,-1.4590232,0.088666714,-0.069169056,-0.38498802,-0.38498802,-,0,1457.6299,804.55614,0.013578187,0.89055577,15,1.6,0.02,0.04,-0.05,40,40,40,40,40,10,0
8.41,38.805874,1.3546359,-0.088497876,0.066293778,-38.805874,-1.3546359,0.088497876,-0.066293778,-0.39109518,-0.39109518,-,0,1465.1594,804.56532,0.013617346,0.89057774,15,1.6,0.02,0.04,-0.05,40,40,40,40,40,10,0
8.415,38.812314,1.2465149,-0.088183111,0.06770832,-38.812314,-1.2465149,0.088183111,-0.06770832,-0.38830648,-0.38830648,-,0,1472.6914,804.57309,0.013656228,0.89060066,15,1.6,0.02,0.04,-0.05,40,40,40,40,40,10,0
8.42,38.817995,1.1371174,-0.088048433,0.073037815,-38.817995,-1.1371174,0.088048433,-0.073037815,-0.38202139,-0.38202139,-,0,1480.2256,804.57955,0.01369499,0.89062734,15,1.6,0.02,0.04,-0.05,40,40,40,40,40,10,0
8.425,38.823276,1.0312842,-0.087768781,0.07284877,-38.823276,-1.0312842,0.087768781,-0.07284877,-0.3822568,-0.3822568,-,0,1487.7618,804.58487,0.013733507,0.89065387,15,1.6,0.02,0.04,-0.05,40,40,40,40,40,10,0
8.43,38.828116,0.93487022,-0.087444623,0.07059564,-38.828116,-0.93487022,0.087444623,-0.07059564,-0.3847592,-0.3847592,-,0,1495.2999,804.58924,0.01377174,0.89067879,15,1.6,0.02,0.04,-0.05,40,40,40,40,40,10,0
8.435,38.832503,0.84328572,-0.087096093,0.072376504,-38.832503,-0.84328572,0.087096093,-0.072376504,-0.38025751,-0.38025751,-,0,1502.8397,804.5928,0.013809668,0.89070498,15,1.6,0.02,0.04,-0.05,40,40,40,40,40,10,0
8.44,38.836395,0.73880937,-0.086774254,0.067455903,-38.836395,-0.73880937,0.086774254,-0.067455903,-0.38740409,-0.38740409,-,0,1510.381,804.59553,0.013847317,0.89072773,15,1.6,0.02,0.04,-0.05,40,40,40,40,40,10,0
8.445,38.839636,0.62766043,-0.086550246,0.06893872,-38.839636,-0.62766043,0.086550246,-0.06893872,-0.3860526,-0.3860526,-,0,1517.9236,804.5975,0.013884772,0.8907515,15,1.6,0.02,0.04,-0.05,40,40,40,40,40,10,0
8.45,38.84222,0.5213636,-0.086418799,0.075908538,-38.84222,-0.5213636,0.086418799,-0.075908538,-0.37712939,-0.37712939,-,0,1525.4672,804.59885,0.013922113,0.89078031,15,1.6,0.02,0.04,-0.05,40,40,40,40,40,10,0
8.455,38.844318,0.41038126,-0.086219806,0.074053968,-38.844318,-0.41038126,0.086219806,-0.074053968,-0.38150915,-0.38150915,-,0,1533.0116,804.5997,0.013959282,0.89080773,15,1.6,0.02,0.04,-0.05,40,40,40,40,40,10,0
8.46,38.846017,0.31318475,-0.085919686,0.074996022,-38.846017,-0.31318475,0.085919686,-0.074996022,-0.37935393,-0.37935393,-,0,1540.5567,804.60019,0.013996193,0.89083585,15,1.6,0.02,0.04,-0.05,40,40,40,40,40,10,0
8.465,38.847096,0.20769458,-0.085707215,0.076730228,-38.847096,-0.20769458,0.085707215,-0.076730228,-0.37759014,-0.37759014,-,0,1548.1022,804.6004,0.014032922,0.89086529,15,1.6,0.02,0.04,-0.05,40,40,40,40,40,10,0
8.47,38.847744,0.10254169,-0.085403009,0.075271927,-38.847744,-0.10254169,0.085403009,-0.075271927,-0.3795535,-0.3795535,-,0,1555.6479,804.60045,0.01406939,0.89089361,15,1.6,0.02,0.04,-0.05,40,40,40,40,40,10,0
8.475,38.84785,0.0027590135,-0.085126913,0.077637395,-38.84785,-0.0027590135,0.085126913,-0.077637395,-0.3756165,-0.3756165,-,0,1563.1937,804.60046,0.014105623,0.89092375,15,1.6,0.02,0.04,-0.05,40,40,40,40,40,10,0
8.48,38.847427,-0.10060595,-0.084864982,0.077858944,-38.847427,0.10060595,0.084864982,-0.077858944,-0.37547612,-0.37547612,-,0,1570.7393,804.60051,0.014141634,0.89095406,15,1.6,0.02,0.04,-0.05,40,40,40,40,40,10,0
8.485,38.846487,-0.20202631,-0.084606624,0.078480649,-38.846487,0.20202631,0.084606624,-0.078480649,-0.37468163,-0.37468163,-,0,1578.2845,804.60071,0.014177425,0.89098486,15,1.6,0.02,0.04,-0.05,40,40,40,40,40,10,0
8.49,38.845032,-0.30597803,-0.084349368,0.078061304,-38.845032,0.30597803,0.084349368,-0.078061304,-0.37568091,-0.37568091,-,0,1585.8292,804.60118,0.014212999,0.89101533,15,1.6,0.02,0.04,-0.05,40,40,40,40,40,10,0
8.495,38.843099,-0.40669821,-0.084053537,0.080296775,-38.843099,0.40669821,0.084053537,-0.080296775,-0.37173417,-0.37173417,-,0,1593.3732,804.602,0.014248324,0.89104756,15,1.6,0.02,0.04,-0.05,40,40,40,40,40,10,0
8.5,38.84051,-0.51318644,-0.083891412,0.079256805,-38.84051,0.51318644,0.083891412,-0.079256805,-0.37527753,-0.37527753,-,0,1600.9161,804.60332,0.014283513,0.89107897,15,1.6,0.02,0.04,-0.05,40,40,40,40,40,10,0
8.505,38.837487,-0.61484586,-0.08363683,0.083241133,-38.837487,0.61484586,0.08363683,-0.083241133,-0.36921072,-0.36921072,-,0,1608.4578,804.60521,0.014318488,0.89111362,15,1.6,0.02,0.04,-0.05,40,40,40,40,40,10,0
8.51,38.833864,-0.7251083,-0.083435772,0.085117345,-38.833864,0.7251083,0.083435772,-0.085117345,-0.36767589,-0.36767589,-,0,1615.9982,804.60784,0.014353296,0.89114984,15,1.6,0.02,0.04,-0.05,40,40,40,40,40,10,0
8.515,38.830115,-0.80821332,-0.082909495,0.078864429,-38.830115,0.80821332,0.082909495,-0.078864429,-0.37318557,-0.37318557,-,0,1623.5371,804.61111,0.014387666,0.89118094,15,1.6,0.02,0.04,-0.05,40,40,40,40,40,10,0
8.52,38.825713,-0.89523087,-0.082617678,0.078745307,-38.825713,0.89523087,0.082617678,-0.078745307,-0.37256765,-0.37256765,-,0,1631.0743,804.61511,0.014421794,0.89121194,15,1.6,0.02,0.04,-0.05,40,40,40,40,40,10,0
8.525,38.820773,-0.99576123,-0.082401416,0.074829876,-38.820773,0.99576123,0.082401416,-0.074829876,-0.37970844,-0.37970844,-,0,1638.6095,804.62007,0.014455744,0.89123994,15,1.6,0.02,0.04,-0.05,40,40,40,40,40,10,0
8.53,38.815317,-1.093397,-0.082209006,0.076490387,-38.815317,1.093397,0.082209006,-0.076490387,-0.37818,-0.37818,-,0,1646.1427,804.62605,0.014489536,0.8912692,15,1.6,0.02,0.04,-0.05,40,40,40,40,40,10,0
8.535,38.809119,-1.2020281,-0.082226576,0.079187837,-38.809119,1.2020281,0.082226576,-0.079187837,-0.37859683,-0.37859683,-,0,1653.6734,804.63327,0.014523342,0.89130055,15,1.6,0.02,0.04,-0.05,40,40,40,40,40,10,0
8.54,38.802442,-1.3123555,-0.082145779,0.087367915,-38.802442,1.3123555,0.082145779,-0.087367915,-0.36884339,-0.36884339,-,0,1661.2015,804.64188,0.014557082,0.89133872,15,1.6,0.02,0.04,-0.05,40,40,40,40,40,10,0
8.545,38.795421,-1.411468,-0.081881128,0.083750226,-38.795421,1.411468,0.081881128,-0.083750226,-0.37476686,-0.37476686,-,0,1668.727,804.65185,0.014590604,0.89137379,15,1.6,0.02,0.04,-0.05,40,40,40,40,40,10,0
8.55,38.787913,-1.5142793,-0.081614093,0.081831693,-38.787913,1.5142793,0.081614093,-0.081831693,-0.3780936,-0.3780936,-,0,1676.2495,804.66331,0.014623909,0.89140727,15,1.6,0.02,0.04,-0.05,40,40,40,40,40,10,0
8.555,38.779667,-1.6208011,-0.081552577,0.0855574,-38.779667,1.6208011,0.081552577,-0.0855574,-0.37563553,-0.37563553,-,0,1683.7688,804.67645,0.014657163,0.89144387,15,1.6,0.02,0.04,-0.05,40,40,40,40,40,10,0
8.56,38.771004,-1.7191064,-0.081348651,0.09000206,-38.771004,1.7191064,0.081348651,-0.09000206,-0.36957064,-0.36957064,-,0,1691.2848,804.69122,0.014690251,0.89148437,15,1.6,0.02,0.04,-0.05,40,40,40,40,40,10,0
8.565,38.761663,-1.8214278,-0.081340981,0.090368614,-38.761663,1.8214278,0.081340981,-0.090368614,-0.37314879,-0.37314879,-,0,1698.7971,804.70781,0.014723332,0.8915252,15,1.6,0.02,0.04,-0.05,40,40,40,40,40,10,0
8.57,38.751925,-1.9297651,-0.08119393,0.09150286,-38.751925,1.9297651,0.08119393,-0.09150286,-0.37365648,-0.37365648,-,0,1706.3056,804.72643,0.014756295,0.89156707,15,1.6,0.02,0.04,-0.05,40,40,40,40,40,10,0
8.575,38.741437,-2.0426841,-0.081212517,0.1012409,-38.741437,2.0426841,0.081212517,-0.1012409,-0.36308094,-0.36308094,-,0,1713.8101,804.74729,0.014789272,0.89161832,15,1.6,0.02,0.04,-0.05,40,40,40,40,40,10,0
8.58,38.730739,-2.1377138,-0.080924022,0.10311379,-38.730739,2.1377138,0.080924022,-0.10311379,-0.35977205,-0.35977205,-,0,1721.3105,804.77014,0.014822016,0.89167148,15,1.6,0.02,0.04,-0.05,40,40,40,40,40,10,0
8.585,38.719384,-2.247288,-0.08075677,0.10216104,-38.719384,2.247288,0.08075677,-0.10216104,-0.36339771,-0.36339771,-,0,1728.8064,804.79539,0.014854624,0.89172366,15,1.6,0.02,0.04,-0.05,40,40,40,40,40,10,0
8.59,38.707888,-2.3349412,-0.080249655,0.1015843,-38.707888,2.3349412,0.080249655,-0.1015843,-0.36044982,-0.36044982,-,0,1736.2979,804.82265,0.014886824,0.89177526,15,1.6,0.02,0.04,-0.05,40,40,40,40,40,10,0
8.595,38.695595,-2.4365575,-0.080038391,0.10802634,-38.695595,2.4365575,0.080038391,-0.10802634,-0.35128411,-0.35128411,-,0,1743.7847,804.85234,0.014918855,0.89183361,15,1.6,0.02,0.04,-0.05,40,40,40,40,40,10,0
8.6,38.682917,-2.5340446,-0.079701627,0.10265017,-38.682917,2.5340446,0.079701627,-0.10265017,-0.35898758,-0.35898758,-,0,1751.2665,804.88445,0.014950616,0.89188629,15,1.6,0.02,0.04,-0.05,40,40,40,40,40,10,0
8.605,38.669742,-2.6294993,-0.079411143,0.10369165,-38.669742,2.6294993,0.079411143,-0.10369165,-0.35704565,-0.35704565,-,0,1758.7433,804.91902,0.014982147,0.89194005,15,1.6,0.02,0.04,-0.05,40,40,40,40,40,10,0
8.61,38.656297,-2.7177213,-0.078915148,0.10342519,-38.656297,2.7177213,0.078915148,-0.10342519,-0.35382983,-0.35382983,-,0,1766.2148,804.95595,0.015013285,0.89199354,15,1.6,0.02,0.04,-0.05,40,40,40,40,40,10,0
8.615,38.642034,-2.8214963,-0.078764456,0.10320805,-38.642034,2.8214963,0.078764456,-0.10320805,-0.35635312,-0.35635312,-,0,1773.6809,804.99575,0.015044304,0.8920468,15,1.6,0.02,0.04,-0.05,40,40,40,40,40,10,0
8.62,38.62755,-2.9193952,-0.078295186,0.10564146,-38.62755,2.9193952,0.078295186,-0.10564146,-0.34962627,-0.34962627,-,0,1781.1413,805.03837,0.015074955,0.8921026,15,1.6,0.02,0.04,-0.05,40,40,40,40,40,10,0
8.625,38.612246,-3.0225958,-0.07815566,0.10941281,-38.612246,3.0225958,0.07815566,-0.10941281,-0.34593333,-0.34593333,-,0,1788.5958,805.08405,0.015105496,0.89216245,15,1.6,0.02,0.04,-0.05,40,40,40,40,40,10,0
8.63,38.596893,-3.1108438,-0.077607192,0.10457016,-38.596893,3.1108438,0.077607192,-0.10457016,-0.34929151,-0.34929151,-,0,1796.0444,805.13243,0.015135611,0.89221713,15,1.6,0.02,0.04,-0.05,40,40,40,40,40,10,0
8.635,38.580639,-3.2113216,-0.077482079,0.10820219,-38.580639,3.2113216,0.077482079,-0.10820219,-0.34594777,-0.34594777,-,0,1803.4867,805.184,0.015165628,0.89227567,15,1.6,0.02,0.04,-0.05,40,40,40,40,40,10,0
8.64,38.564259,-3.304633,-0.077003663,0.10516508,-38.564259,3.304633,0.077003663,-0.10516508,-0.34769094,-0.34769094,-,0,1810.9228,805.2386,0.015195276,0.89233096,15,1.6,0.02,0.04,-0.05,40,40,40,40,40,10,0
8.645,38.547576,-3.3887964,-0.076349945,0.10816517,-38.547576,3.3887964,0.076349945,-0.10816517,-0.33678524,-0.33678524,-,0,1818.3523,805.29602,0.015224423,0.89238946,15,1.6,0.02,0.04,-0.05,40,40,40,40,40,10,0
8.65,38.529852,-3.4906202,-0.076285552,0.1101107,-38.529852,3.4906202,0.076285552,-0.1101107,-0.33713393,-0.33713393,-,0,1825.7751,805.35694,0.01525352,0.89245008,15,1.6,0.02,0.04,-0.05,40,40,40,40,40,10,0
8.655,38.512369,-3.5671509,-0.075590979,0.10350261,-38.512369,3.5671509,0.075590979,-0.10350261,-0.34069916,-0.34069916,-,0,1833.1911,805.42056,0.01528209,0.89250365,15,1.6,0.02,0.04,-0.05,40,40,40,40,40,10,0
8.66,38.494335,-3.6508839,-0.075008079,0.099825849,-38.494335,3.6508839,0.075008079,-0.099825849,-0.3415485,-0.3415485,-,0,1840.6002,805.48721,0.015310221,0.89255347,15,1.6,0.02,0.04,-0.05,40,40,40,40,40,10,0
8.665,38.475308,-3.7492156,-0.074981261,0.10282194,-38.475308,3.7492156,0.074981261,-0.10282194,-0.34066625,-0.34066625,-,0,1848.0019,805.55749,0.015338332,0.89260634,15,1.6,0.02,0.04,-0.05,40,40,40,40,40,10,0
8.67,38.456182,-3.8429708,-0.074560859,0.10243552,-38.456182,3.8429708,0.074560859,-0.10243552,-0.33911124,-0.33911124,-,0,1855.3963,805.63133,0.015366129,0.8926588,15,1.6,0.02,0.04,-0.05,40,40,40,40,40,10,0
8.675,38.436782,-3.925685,-0.073993824,0.09878869,-38.436782,3.925685,0.073993824,-0.09878869,-0.34013722,-0.34013722,-,0,1862.7832,805.70839,0.015393504,0.8927076,15,1.6,0.02,0.04,-0.05,40,40,40,40,40,10,0
8.68,38.416296,-4.0237089,-0.074057779,0.10528959,-38.416296,4.0237089,0.074057779,-0.10528959,-0.33502576,-0.33502576,-,0,1870.1623,805.78934,0.015420927,0.89276303,15,1.6,0.02,0.04,-0.05,40,40,40,40,40,10,0
8.685,38.395917,-4.115308,-0.073582456,0.096736067,-38.395917,4.115308,0.073582456,-0.096736067,-0.34565311,-0.34565311,-,0,1877.5335,805.87402,0.015447999,0.89280982,15,1.6,0.02,0.04,-0.05,40,40,40,40,40,10,0
8.69,38.375039,-4.1972234,-0.073165532,0.097812405,-38.375039,4.1972234,0.073165532,-0.097812405,-0.34137128,-0.34137128,-,0,1884.8967,805.9621,0.015474765,0.89285765,15,1.6,0.02,0.04,-0.05,40,40,40,40,40,10,0
8.695,38.353643,-4.2920902,-0.072791744,0.094409592,-38.353643,4.2920902,0.072791744,-0.094409592,-0.34543156,-0.34543156,-,0,1892.2518,806.05421,0.015501258,0.89290222,15,1.6,0.02,0.04,-0.05,40,40,40,40,40,10,0
8.7,38.331915,-4.3768342,-0.072317409,0.091463472,-38.331915,4.3768342,0.072317409,-0.091463472,-0.34685464,-0.34685464,-,0,1899.5984,806.14999,0.015527407,0.89294405,15,1.6,0.02,0.04,-0.05,40,40,40,40,40,10,0
8.705,38.308849,-4.4741124,-0.072718326,0.10518619,-38.308849,4.4741124,0.072718326,-0.10518619,-0.3352645,-0.3352645,-,0,1906.9363,806.25008,0.015553847,0.89299937,15,1.6,0.02,0.04,-0.05,40,40,40,40,40,10,0
8.71,38.285943,-4.5681469,-0.072451535,0.10694635,-38.285943,4.5681469,0.072451535,-0.10694635,-0.33266589,-0.33266589,-,0,1914.2653,806.35442,0.015580093,0.89305655,15,1.6,0.02,0.04,-0.05,40,40,40,40,40,10,0
8.715,38.26286,-4.65564,-0.071964289,0.098634481,-38.26286,4.65564,0.071964289,-0.098634481,-0.34261756,-0.34261756,-,0,1921.5856,806.4628,0.015605987,0.8931052,15,1.6,0.02,0.04,-0.05,40,40,40,40,40,10,0
8.72,38.239163,-4.7431297,-0.071624098,0.098156313,-38.239163,4.7431297,0.071624098,-0.098156313,-0.34225329,-0.34225329,-,0,1928.8967,806.57528,0.015631637,0.89315337,15,1.6,0.02,0.04,-0.05,40,40,40,40,40,10,0
8.725,38.215164,-4.8279016,-0.07115825,0.099875582,-38.215164,4.8279016,0.07115825,-0.099875582,-0.33638562,-0.33638562,-,0,1936.1987,806.69183,0.015656955,0.89320325,15,1.6,0.02,0.04,-0.05,40,40,40,40,40,10,0
8.73,38.190299,-4.9199673,-0.071086796,0.099689779,-38.190299,4.9199673,0.071086796,-0.099689779,-0.33979101,-0.33979101,-,0,1943.4912,806.81286,0.015682221,0.89325294,15,1.6,0.02,0.04,-0.05,40,40,40,40,40,10,0
8.735,38.16524,-5.0084867,-0.070766844,0.096189675,-38.16524,5.0084867,0.070766844,-0.096189675,-0.34463385,-0.34463385,-,0,1950.7742,806.93828,0.015707261,0.8932992,15,1.6,0.02,0.04,-0.05,40,40,40,40,40,10,0
8.74,38.139654,-5.0962212,-0.07051112,0.10016037,-38.139654,5.0962212,0.07051112,-0.10016037,-0.33846597,-0.33846597,-,0,1958.0473,807.06814,0.01573212,0.89334936,15,1.6,0.02,0.04,-0.05,40,40,40,40,40,10,0
8.745,38.113627,-5.1892535,-0.070228565,0.10148237,-38.113627,5.1892535,0.070228565,-0.10148237,-0.33635429,-0.33635429,-,0,1965.3106,807.20278,0.01575678,0.89340085,15,1.6,0.02,0.04,-0.05,40,40,40,40,40,10,0
8.75,38.087169,-5.2765245,-0.069922656,0.1022506,-38.087169,5.2765245,0.069922656,-0.1022506,-0.33455648,-0.33455648,-,10,1972.5637,807.34199,0.015781226,0.89345313,15,1.6,0.02,0.04,-0.05,40,40,40,40,40,10,0
8.755,38.040104,-5.5058456,-0.088265776,0.46627113,-38.040104,5.5058456,0.088265776,-0.46627113,-0.037384581,-0.037384581,-,10,1979.799,807.49356,0.015820181,0.89454017,15,1.6,0.02,0.04,-0.05,40,40,40,40,40,10,0
8.76,37.992118,-5.7309244,-0.10455436,0.83831306,-37.992118,5.7309244,0.10455436,-0.83831306,0.30359084,0.30359084,-,10,1987.016,807.65778,0.015874839,0.89805402,15,1.6,0.02,0.04,-0.05,40,40,40,40,40,10,0
8.765,37.943683,-5.830173,-0.11888137,1.1501056,-37.943683,5.830173,0.11888137,-1.1501056,0.58261521,0.58261521,-,10,1994.2146,807.82773,0.015945502,0.90466773,15,1.6,0.02,0.04,-0.05,40,40,40,40,40,10,0
8.77,37.896118,-5.7777767,-0.13087367,1.4114944,-37.896118,5.7777767,0.13087367,-1.4114944,0.82209726,0.82209726,-,10,2001.3952,807.99465,0.016031142,0.91462931,15,1.6,0.02,0.04,-0.05,40,40,40,40,40,10,0
8.775,37.849937,-5.5972875,-0.1410129,1.6221949,-37.849937,5.5972875,0.1410129,-1.6221949,1.0134255,1.0134255,-,10,2008.5583,808.1513,0.016130565,0.92778689,15,1.6,0.02,0.04,-0.05,40,40,40,40,40,10,0
8.78,37.805168,-5.315065,-0.14999329,1.7939481,-37.805168,5.315065,0.14999329,-1.7939481,1.1639185,1.1639185,-,10,2015.7044,808.29255,0.016243055,0.94387814,15,1.6,0.02,0.04,-0.05,40,40,40,40,40,10,0
8.785,37.762828,-4.9620799,-0.15742371,1.9259208,-37.762828,4.9620799,0.15742371,-1.9259208,1.276891,1.276891,-,10,2022.8346,808.41566,0.016366966,0.962424,15,1.6,0.02,0.04,-0.05,40,40,40,40,40,10,0
8.79,37.722781,-4.535799,-0.16395598,2.0373085,-37.722781,4.535799,0.16395598,-2.0373085,1.3733776,1.3733776,-,10,2029.9496,808.51852,0.016501374,0.98317713,15,1.6,0.02,0.04,-0.05,40,40,40,40,40,10,0
8.795,37.68545,-4.0460258,-0.16957477,2.1358883,-37.68545,4.0460258,0.16957477,-2.1358883,1.4656678,1.4656678,-,10,2037.0506,808.60038,0.016645152,1.0059872,15,1.6,0.02,0.04,-0.05,40,40,40,40,40,10,0
8.8,37.649284,-3.5498219,-0.17610133,2.2153194,-37.649284,3.5498219,0.17610133,-2.2153194,1.5139839,1.5139839,-,10,2044.1379,808.66338,0.016800211,1.0305254,15,1.6,0.02,0.04,-0.05,40,40,40,40,40,10,0
8.805,37.617661,-2.9874258,-0.18036989,2.2854199,-37.617661,2.9874258,0.18036989,-2.2854199,1.5839796,1.5839796,-,10,2051.2134,808.70801,0.016962877,1.0566411,15,1.6,0.02,0.04,-0.05,40,40,40,40,40,10,0
8.81,37.588016,-2.4304675,-0.18513367,2.3477889,-37.588016,2.4304675,0.18513367,-2.3477889,1.6339987,1.6339987,-,10,2058.2777,808.73754,0.017134249,1.0842017,15,1.6,0.02,0.04,-0.05,40,40,40,40,40,10,0
8.815,37.562604,-1.8140878,-0.18833132,2.4058238,-37.562604,1.8140878,0.18833132,-2.4058238,1.7030369,1.7030369,-,10,2065.3324,808.754,0.017311593,1.1131416,15,1.6,0.02,0.04,-0.05,40,40,40,40,40,10,0
8.82,37.539583,-1.1971927,-0.19197947,2.4490707,-37.539583,1.1971927,0.19197947,-2.4490707,1.741725,1.741725,-,10,2072.3785,808.76116,0.017495873,1.1431314,15,1.6,0.02,0.04,-0.05,40,40,40,40,40,10,0
8.825,37.520235,-0.5774514,-0.19481139,2.4885185,-37.520235,0.5774514,0.19481139,-2.4885185,1.7867655,1.7867655,-,10,2079.4173,808.76283,0.017685631,1.174095,15,1.6,0.02,0.04,-0.05,40,40,40,40,40,10,0
8.83,37.504304,0.083054559,-0.1972861,2.5264561,-37.504304,-0.083054559,0.1972861,-2.5264561,1.8364466,1.8364466,-,10,2086.4502,808.76286,0.01788024,1.2060099,15,1.6,0.02,0.04,-0.05,40,40,40,40,40,10,0
8.835,37.491934,0.75747986,-0.19936692,2.5590283,-37.491934,-0.75747986,0.19936692,-2.5590283,1.8840794,1.875,-,10,2093.4784,808.76573,0.018078976,1.238753,15,1.6,0.02,0.04,-0.05,40,40,40,40,40,10,0
8.84,37.483177,1.4386855,-0.20109325,2.58247,-37.483177,-1.4386855,0.20109325,-2.58247,1.9227642,1.875,-,10,2100.5034,808.77608,0.018281168,1.2720988,15,1.6,0.02,0.04,-0.05,40,40,40,40,40,10,0
8.845,37.477962,2.1650082,-0.20267878,2.6119514,-37.477962,-2.1650082,0.20267878,-2.6119514,1.9751,1.875,-,10,2107.5264,808.79952,0.018486562,1.3062102,15,1.6,0.02,0.04,-0.05,40,40,40,40,40,10,0
8.85,37.476984,2.8656208,-0.20345283,2.6381607,-37.476984,-2.8656208,0.20345283,-2.6381607,2.0334292,1.875,-,0,2114.549,808.84058,0.018693527,1.3410097,15,1.6,0.02,0.04,-0.05,40,40,40,40,40,10,0
8.855,37.515394,3.6919717,-0.16967439,2.298086,-37.515394,-3.6919717,0.16967439,-2.298086,2.0298085,1.875,-,0,2121.586,808.90873,0.018837474,1.3674157,15,1.6,0.02,0.04,-0.05,40,40,40,40,40,10,0
8.86,37.55574,4.5313307,-0.1398038,1.9650989,-37.55574,-4.5313307,0.1398038,-1.9650989,1.9794692,1.875,-,0,2128.6382,809.01139,0.018935199,1.3867238,15,1.6,0.02,0.04,-0.05,40,40,40,40,40,10,0
8.865,37.599002,5.3787921,-0.11292076,1.6375213,-37.599002,-5.3787921,0.11292076,-1.6375213,1.8933544,1.875,-,0,2135.7066,809.15605,0.018998955,1.4001311,15,1.6,0.02,0.04,-0.05,40,40,40,40,40,10,0
8.87,37.645626,6.2095252,-0.088468319,1.3094621,-37.645626,-6.2095252,0.088468319,-1.3094621,1.7694081,1.7694081,-,0,2142.7926,809.34884,0.019038088,1.4087046,15,1.6,0.02,0.04,-0.05,40,40,40,40,40,10,0
8.875,37.696047,7.0268108,-0.066025443,0.98526941,-37.696047,-7.0268108,0.066025443,-0.98526941,1.6210428,1.6210428,-,0,2149.8975,809.59572,0.019059885,1.4135584,15,1.6,0.02,0.04,-0.05,40,40,40,40,40,10,0
8.88,37.749,7.8985206,-0.04666845,0.69114346,-37.749,-7.8985206,0.04666845,-0.69114346,1.4767236,1.4767236,-,0,2157.0225,809.90766,0.019070775,1.4159468,15,1.6,0.02,0.04,-0.05,40,40,40,40,40,10,0
8.885,37.804688,8.4961427,-0.029571299,0.40875563,-37.804688,-8.4961427,0.029571299,-0.40875563,1.306379,1.306379,-,0,2164.1684,810.26858,0.019075147,1.4167822,15,1.6,0.02,0.04,-0.05,40,40,40,40,40,10,0
8.89,37.862343,9.1835599,-0.015396482,0.16816205,-37.862343,-9.1835599,0.015396482,-0.16816205,1.1627013,1.1627013,-,0,2171.3362,810.69027,0.019076332,1.4169236,15,1.6,0.02,0.04,-0.05,40,40,40,40,40,10,0
8.895,37.923088,9.6973919,-0.0019783309,-0.055268334,-37.923088,-9.6973919,0.0019783309,0.055268334,1.0282531,1.0282531,-,0,2178.527,811.16046,0.019076352,1.4169389,15,1.6,0.02,0.04,-0.05,40,40,40,40,40,10,0
8.9,37.984221,10.19215,0.0078531293,-0.24223205,-37.984221,-10.19215,-0.0078531293,0.24223205,0.89759609,0.89759609,-,0,2185.741,811.67986,0.01907666,1.4172322,15,1.6,0.02,0.04,-0.05,40,40,40,40,40,10,0
8.905,38.046884,10.633588,0.016130934,-0.40430105,-38.046884,-10.633588,-0.016130934,0.40430105,0.7813635,0.7813635,-,0,2192.9789,812.24523,0.019077961,1.4180495,15,1.6,0.02,0.04,-0.05,40,40,40,40,40,10,0
8.91,38.110883,11.32602,0.02258578,-0.52152526,-38.110883,-11.32602,-0.02258578,0.52152526,0.71960476,0.71960476,-,0,2200.2411,812.88662,0.019080512,1.4194095,15,1.6,0.02,0.04,-0.05,40,40,40,40,40,10,0
8.915,38.172842,11.384835,0.025058485,-0.64959364,-38.172842,-11.384835,-0.025058485,0.64959364,0.55537768,0.55537768,-,0,2207.5269,813.5347,0.019083651,1.4215193,15,1.6,0.02,0.04,-0.05,40,40,40,40,40,10,0
8.92,38.239221,11.671972,0.029632446,-0.76425792,-38.239221,-11.671972,-0.029632446,0.76425792,0.45333731,0.45333731,-,0,2214.8381,814.21587,0.019088042,1.4244398,15,1.6,0.02,0.04,-0.05,40,40,40,40,40,10,0
8.925,38.303723,11.860823,0.030848641,-0.84575419,-38.303723,-11.860823,-0.030848641,0.84575419,0.35003029,0.35003029,-,0,2222.1739,814.91927,0.0190928,1.4280163,15,1.6,0.02,0.04,-0.05,40,40,40,40,40,10,0
8.93,38.368467,12.077022,0.031219203,-0.90937363,-38.368467,-12.077022,-0.031219203,0.90937363,0.26374045,0.26374045,-,0,2229.5346,815.64854,0.019097673,1.4321511,15,1.6,0.02,0.04,-0.05,40,40,40,40,40,10,0
8.935,38.432446,12.183899,0.029986295,-0.95480427,-38.432446,-12.183899,-0.029986295,0.95480427,0.17811248,0.17811248,-,0,2236.9199,816.39078,0.019102169,1.4367093,15,1.6,0.02,0.04,-0.05,40,40,40,40,40,10,0
8.94,38.494687,12.209787,0.026411091,-0.98806031,-38.494687,-12.209787,-0.026411091,0.98806031,0.0735551,0.0735551,-,0,2244.3291,817.13617,0.019105657,1.4415907,15,1.6,0.02,0.04,-0.05,40,40,40,40,40,10,0
8.945,38.556773,12.241068,0.02226651,-1.0108437,-38.556773,-12.241068,-0.02226651,1.0108437,-0.022574104,-0.022574104,-,0,2251.7622,817.88539,0.019108136,1.4466997,15,1.6,0.02,0.04,-0.05,40,40,40,40,40,10,0
8.95,38.617885,12.252937,0.017092781,-1.0101529,-38.617885,-12.252937,-0.017092781,1.0101529,-0.097377799,-0.097377799,-,0,2259.2189,818.63606,0.019109597,1.4518017,15,1.6,0.02,0.04,-0.05,40,40,40,40,40,10,0
8.955,38.677523,12.193801,0.010696678,-0.99661314,-38.677523,-12.193801,-0.010696678,0.99661314,-0.17282836,-0.17282836,-,0,2266.6987,819.37951,0.019110169,1.4567679,15,1.6,0.02,0.04,-0.05,40,40,40,40,40,10,0
8.96,38.736599,12.111694,0.0041800772,-0.96870285,-38.736599,-12.111694,-0.0041800772,0.96870285,-0.22802368,-0.22802368,-,0,2274.2013,820.11297,0.019110256,1.4614598,15,1.6,0.02,0.04,-0.05,40,40,40,40,40,10,0
8.965,38.793599,12.006874,-0.003691899,-0.92554867,-38.793599,-12.006874,0.003691899,0.92554867,-0.28010941,-0.28010941,-,0,2281.726,820.8338,0.019110324,1.465743,15,1.6,0.02,0.04,-0.05,40,40,40,40,40,10,0
8.97,38.849513,11.843202,-0.011823982,-0.88220202,-38.849513,-11.843202,0.011823982,0.88220202,-0.33816461,-0.33816461,-,0,2289.2725,821.5351,0.019111023,1.4696344,15,1.6,0.02,0.04,-0.05,40,40,40,40,40,10,0
8.975,38.904008,11.685592,-0.020478125,-0.82824838,-38.904008,-11.685592,0.020478125,0.82824838,-0.38686545,-0.38686545,-,0,2296.8401,822.21787,0.01911312,1.4730644,15,1.6,0.02,0.04,-0.05,40,40,40,40,40,10,0
8.98,38.957433,11.461827,-0.028897287,-0.76338372,-38.957433,-11.461827,0.028897287,0.76338372,-0.4172515,-0.4172515,-,0,2304.4285,822.87474,0.019117295,1.4759782,15,1.6,0.02,0.04,-0.05,40,40,40,40,40,10,0
8.985,39.011204,11.34529,-0.035795169,-0.68107857,-39.011204,-11.34529,0.035795169,0.68107857,-0.39261757,-0.39261757,-,0,2312.0378,823.51831,0.019123702,1.4782975,15,1.6,0.02,0.04,-0.05,40,40,40,40,40,10,0
8.99,39.061741,11.146472,-0.04435925,-0.60439368,-39.061741,-11.146472,0.04435925,0.60439368,-0.40532493,-0.40532493,-,0,2319.6669,824.13953,0.01913354,1.480124,15,1.6,0.02,0.04,-0.05,40,40,40,40,40,10,0
8.995,39.112027,10.942311,-0.051918386,-0.53616227,-39.112027,-10.942311,0.051918386,0.53616227,-0.41670245,-0.41670245,-,0,2327.3157,824.7382,0.019147018,1.4815613,15,1.6,0.02,0.04,-0.05,40,40,40,40,40,10,0
9,39.16155,10.746035,-0.059026958,-0.46078628,-39.16155,-10.746035,0.059026958,0.46078628,-0.40959001,-0.40959001,-,0,2334.9838,825.31559,0.019164439,1.482623,15,1.6,0.02,0.04,-0.05,40,40,40,40,40,10,0
9.005,39.209684,10.532608,-0.065890286,-0.38764831,-39.209684,-10.532608,0.065890286,0.38764831,-0.40309358,-0.40309358,-,0,2342.6708,825.87027,0.019186147,1.4833743,15,1.6,0.02,0.04,-0.05,40,40,40,40,40,10,0
9.01,39.257436,10.341489,-0.072010347,-0.31292237,-39.257436,-10.341489,0.072010347,0.31292237,-0.38202271,-0.38202271,-,0,2350.3766,826.405,0.019212074,1.4838639,15,1.6,0.02,0.04,-0.05,40,40,40,40,40,10,0
9.015,39.304551,10.20077,-0.077401109,-0.24006096,-39.304551,-10.20077,0.077401109,0.24006096,-0.35099238,-0.35099238,-,0,2358.1008,826.92528,0.019242029,1.4841521,15,1.6,0.02,0.04,-0.05,40,40,40,40,40,10,0
9.02,39.351193,9.9641444,-0.082045218,-0.17579875,-39.351193,-9.9641444,0.082045218,0.17579875,-0.32636663,-0.32636663,-,0,2365.8434,827.4217,0.019275686,1.4843066,15,1.6,0.02,0.04,-0.05,40,40,40,40,40,10,0
9.025,39.397885,9.8627805,-0.085626386,-0.1109502,-39.397885,-9.8627805,0.085626386,0.1109502,-0.27944717,-0.27944717,-,0,2373.6043,827.90807,0.019312345,1.4843681,15,1.6,0.02,0.04,-0.05,40,40,40,40,40,10,0
9.03,39.443564,9.6974185,-0.089041203,-0.056438739,-39.443564,-9.6974185,0.089041203,0.056438739,-0.24915199,-0.24915199,-,0,2381.3833,828.37827,0.019351987,1.4843841,15,1.6,0.02,0.04,-0.05,40,40,40,40,40,10,0
9.035,39.48967,9.501631,-0.091055535,-0.010553608,-39.48967,-9.501631,0.091055535,0.010553608,-0.21286016,-0.21286016,-,0,2389.1805,828.82968,0.019393442,1.4843846,15,1.6,0.02,0.04,-0.05,40,40,40,40,40,10,0
9.04,39.535107,9.4413488,-0.0929144,0.031142559,-39.535107,-9.4413488,0.0929144,-0.031142559,-0.17553181,-0.17553181,-,0,2396.9956,829.27537,0.019436608,1.4843895,15,1.6,0.02,0.04,-0.05,40,40,40,40,40,10,0
9.045,39.580678,9.3401603,-0.09399147,0.068126521,-39.580678,-9.3401603,0.09399147,-0.068126521,-0.13564964,-0.13564964,-,0,2404.8288,829.71157,0.01948078,1.4844127,15,1.6,0.02,0.04,-0.05,40,40,40,40,40,10,0
9.05,39.62632,9.2615428,-0.094375535,0.095747781,-39.62632,-9.2615428,0.094375535,-0.095747781,-0.099448454,-0.099448454,-,0,2412.68,830.14045,0.019525314,1.4844585,15,1.6,0.02,0.04,-0.05,40,40,40,40,40,10,0
9.055,39.672245,9.1936726,-0.09403415,0.11314513,-39.672245,-9.1936726,0.09403415,-0.11314513,-0.06828825,-0.06828825,-,0,2420.5494,830.56306,0.019569526,1.4845225,15,1.6,0.02,0.04,-0.05,40,40,40,40,40,10,0
9.06,39.71821,9.1348024,-0.093268901,0.13026782,-39.71821,-9.1348024,0.093268901,-0.13026782,-0.030848695,-0.030848695,-,0,2428.4371,830.98029,0.019613021,1.4846074,15,1.6,0.02,0.04,-0.05,40,40,40,40,40,10,0
9.065,39.764284,9.1119386,-0.092144567,0.13741767,-39.764284,-9.1119386,0.092144567,-0.13741767,-0.002537005,-0.002537005,-,0,2436.3431,831.39542,0.019655474,1.4847018,15,1.6,0.02,0.04,-0.05,40,40,40,40,40,10,0
9.07,39.810653,9.0862948,-0.090542871,0.14254381,-39.810653,-9.0862948,0.090542871,-0.14254381,0.02959189,0.02959189,-,0,2444.2675,831.80823,0.019696464,1.4848034,15,1.6,0.02,0.04,-0.05,40,40,40,40,40,10,0
9.075,39.857317,9.0795643,-0.088598586,0.13758107,-39.857317,-9.0795643,0.088598586,-0.13758107,0.051479819,0.051479819,-,0,2452.2106,832.22042,0.019735713,1.484898,15,1.6,0.02,0.04,-0.05,40,40,40,40,40,10,0
9.08,39.904506,9.0967004,-0.086187751,0.13107218,-39.904506,-9.0967004,0.086187751,-0.13107218,0.078857355,0.078857355,-,0,2460.1724,832.63417,0.019772854,1.4849839,15,1.6,0.02,0.04,-0.05,40,40,40,40,40,10,0
9.085,39.95191,9.1151246,-0.083696946,0.11900211,-39.95191,-9.1151246,0.083696946,-0.11900211,0.098592362,0.098592362,-,0,2468.1532,833.0496,0.01980788,1.4850547,15,1.6,0.02,0.04,-0.05,40,40,40,40,40,10,0
9.09,39.999706,9.1394888,-0.081024225,0.099539692,-39.999706,-9.1394888,0.081024225,-0.099539692,0.10947381,0.10947381,-,0,2476.1531,833.46725,0.019840705,1.4851043,15,1.6,0.02,0.04,-0.05,40,40,40,40,40,10,0
9.095,40.047825,9.1859797,-0.078316893,0.08411832,-40.047825,-9.1859797,0.078316893,-0.08411832,0.1282316,0.1282316,-,0,2484.1722,833.88916,0.019871373,1.4851397,15,1.6,0.02,0.04,-0.05,40,40,40,40,40,10,0
9.1,40.096313,9.2196313,-0.075524025,0.060140994,-40.096313,-9.2196313,0.075524025,-0.060140994,0.13407673,0.13407673,-,0,2492.2108,834.31417,0.019899892,1.4851577,15,1.6,0.02,0.04,-0.05,40,40,40,40,40,10,0
9.105,40.145171,9.2628999,-0.072693387,0.033553988,-40.145171,-9.2628999,0.072693387,-0.033553988,0.136705,0.136705,-,0,2500.269,834.74318,0.019926314,1.4851634,15,1.6,0.02,0.04,-0.05,40,40,40,40,40,10,0
9.11,40.194168,9.3291915,-0.070148767,0.0064928614,-40.194168,-9.3291915,0.070148767,-0.0064928614,0.13520809,0.13520809,-,0,2508.3468,835.17834,0.019950918,1.4851636,15,1.6,0.02,0.04,-0.05,40,40,40,40,40,10,0
9.115,40.243639,9.3762623,-0.067504183,-0.023816514,-40.243639,-9.3762623,0.067504183,0.023816514,0.12925411,0.12925411,-,0,2516.4446,835.61792,0.019973702,1.4851664,15,1.6,0.02,0.04,-0.05,40,40,40,40,40,10,0
9.12,40.293357,9.433045,-0.06504651,-0.050177964,-40.293357,-9.433045,0.06504651,0.050177964,0.12720654,0.12720654,-,0,2524.5623,836.06283,0.019994857,1.485179,15,1.6,0.02,0.04,-0.05,40,40,40,40,40,10,0
9.125,40.343159,9.4781768,-0.062876342,-0.074083191,-40.343159,-9.4781768,0.062876342,0.074083191,0.12431201,0.12431201,-,0,2532.7002,836.51201,0.020014624,1.4852065,15,1.6,0.02,0.04,-0.05,40,40,40,40,40,10,0
9.13,40.393008,9.5439086,-0.061037454,-0.097916886,-40.393008,-9.5439086,0.061037454,0.097916886,0.11738769,0.11738769,-,0,2540.8582,836.96744,0.020033252,1.4852544,15,1.6,0.02,0.04,-0.05,40,40,40,40,40,10,0
9.135,40.443345,9.5764193,-0.059065852,-0.12378153,-40.443345,-9.5764193,0.059065852,0.12378153,0.10788543,0.10788543,-,0,2549.0365,837.42598,0.020050696,1.485331,15,1.6,0.02,0.04,-0.05,40,40,40,40,40,10,0
9.14,40.493296,9.606643,-0.057812996,-0.15093721,-40.493296,-9.606643,0.057812996,0.15093721,0.085437159,0.085437159,-,0,2557.235,837.88741,0.020067408,1.4854449,15,1.6,0.02,0.04,-0.05,40,40,40,40,40,10,0
9.145,40.543712,9.6837913,-0.056441723,-0.16834667,-40.543712,-9.6837913,0.056441723,0.16834667,0.08224537,0.08224537,-,0,2565.454,838.35629,0.020083336,1.4855866,15,1.6,0.02,0.04,-0.05,40,40,40,40,40,10,0
9.15,40.594109,9.6915765,-0.055351667,-0.18825279,-40.594109,-9.6915765,0.055351667,0.18825279,0.068065772,0.068065772,-,0,2573.6934,838.82593,0.020098655,1.4857638,15,1.6,0.02,0.04,-0.05,40,40,40,40,40,10,0
9.155,40.644587,9.735403,-0.054454724,-0.20902854,-40.644587,-9.735403,0.054454724,0.20902854,0.051041333,0.051041333,-,0,2581.9533,839.29982,0.020113482,1.4859823,15,1.6,0.02,0.04,-0.05,40,40,40,40,40,10,0
9.16,40.695162,9.7572185,-0.053725766,-0.22593879,-40.695162,-9.7572185,0.053725766,0.22593879,0.036803432,0.036803432,-,0,2590.2338,839.77583,0.020127914,1.4862375,15,1.6,0.02,0.04,-0.05,40,40,40,40,40,10,0
9.165,40.745661,9.7821927,-0.053258915,-0.24028426,-40.745661,-9.7821927,0.053258915,0.24028426,0.022862388,0.022862388,-,0,2598.5348,840.25429,0.020142097,1.4865262,15,1.6,0.02,0.04,-0.05,40,40,40,40,40,10,0
9.17,40.796101,9.7962534,-0.053026259,-0.25654505,-40.796101,-9.7962534,0.053026259,0.25654505,0.0019061986,0.0019061986,-,0,2606.8564,840.73412,0.020156156,1.4868553,15,1.6,0.02,0.04,-0.05,40,40,40,40,40,10,0
9.175,40.846421,9.8148739,-0.053032196,-0.2625638,-40.846421,-9.8148739,0.053032196,0.2625638,-0.0060616531,-0.0060616531,-,0,2615.1986,841.21578,0.020170218,1.4872,15,1.6,0.02,0.04,-0.05,40,40,40,40,40,10,0
9.18,40.896454,9.8086253,-0.053393476,-0.27382405,-40.896454,-9.8086253,0.053393476,0.27382405,-0.028746533,-0.028746533,-,0,2623.5612,841.69683,0.020184472,1.4875749,15,1.6,0.02,0.04,-0.05,40,40,40,40,40,10,0
9.185,40.946444,9.8099938,-0.05381607,-0.2785638,-40.946444,-9.8099938,0.05381607,0.2785638,-0.041614499,-0.041614499,-,0,2631.9442,842.17801,0.020198953,1.4879629,15,1.6,0.02,0.04,-0.05,40,40,40,40,40,10,0
9.19,40.996279,9.7986278,-0.054398046,-0.28334513,-40.996279,-9.7986278,0.054398046,0.28334513,-0.057452211,-0.057452211,-,0,2640.3477,842.65807,0.020213749,1.4883643,15,1.6,0.02,0.04,-0.05,40,40,40,40,40,10,0
9.195,41.045858,9.7797676,-0.055158541,-0.28418529,-41.045858,-9.7797676,0.055158541,0.28418529,-0.069966708,-0.069966708,-,0,2648.7715,843.13629,0.020228961,1.4887681,15,1.6,0.02,0.04,-0.05,40,40,40,40,40,10,0
9.2,41.095092,9.7512573,-0.056137219,-0.27744742,-41.095092,-9.7512573,0.056137219,0.27744742,-0.07402203,-0.07402203,-,0,2657.2156,843.61173,0.020244718,1.489153,15,1.6,0.02,0.04,-0.05,40,40,40,40,40,10,0
9.205,41.143929,9.7277151,-0.057344751,-0.27136822,-41.143929,-9.7277151,0.057344751,0.27136822,-0.082373232,-0.082373232,-,0,2665.6797,844.08487,0.02026116,1.4895212,15,1.6,0.02,0.04,-0.05,40,40,40,40,40,10,0
9.21,41.192907,9.6814302,-0.058237879,-0.26864464,-41.192907,-9.6814302,0.058237879,0.26864464,-0.092284259,-0.092284259,-,0,2674.164,844.55352,0.020278118,1.489882,15,1.6,0.02,0.04,-0.05,40,40,40,40,40,10,0
9.215,41.24138,9.6505185,-0.059398406,-0.25945029,-41.24138,-9.6505185,0.059398406,0.25945029,-0.095248204,-0.095248204,-,0,2682.6682,845.01918,0.020295759,1.4902186,15,1.6,0.02,0.04,-0.05,40,40,40,40,40,10,0
9.22,41.289548,9.6081491,-0.060594773,-0.25058479,-41.289548,-9.6081491,0.060594773,0.25058479,-0.099740351,-0.099740351,-,0,2691.1924,845.48077,0.020314118,1.4905326,15,1.6,0.02,0.04,-0.05,40,40,40,40,40,10,0
9.225,41.337459,9.5604391,-0.061788433,-0.24272143,-41.337459,-9.5604391,0.061788433,0.24272143,-0.10601405,-0.10601405,-,0,2699.7363,845.93778,0.020333207,1.4908271,15,1.6,0.02,0.04,-0.05,40,40,40,40,40,10,0
9.23,41.385058,9.5060445,-0.063000824,-0.23354141,-41.385058,-9.5060445,0.063000824,0.23354141,-0.11073567,-0.11073567,-,0,2708.2999,846.3896,0.020353052,1.4910998,15,1.6,0.02,0.04,-0.05,40,40,40,40,40,10,0
9.235,41.432597,9.4476751,-0.063948168,-0.22316235,-41.432597,-9.4476751,0.063948168,0.22316235,-0.10972334,-0.10972334,-,0,2716.8832,846.83589,0.020373499,1.4913488,15,1.6,0.02,0.04,-0.05,40,40,40,40,40,10,0
9.24,41.479673,9.410627,-0.065044869,-0.21455242,-41.479673,-9.410627,0.065044869,0.21455242,-0.11293837,-0.11293837,-,0,2725.486,847.27869,0.020394653,1.491579,15,1.6,0.02,0.04,-0.05,40,40,40,40,40,10,0
9.245,41.526566,9.3516527,-0.066050856,-0.20604413,-41.526566,-9.3516527,0.066050856,0.20604413,-0.11583601,-0.11583601,-,0,2734.1083,847.71596,0.020416467,1.4917913,15,1.6,0.02,0.04,-0.05,40,40,40,40,40,10,0
9.25,41.573277,9.3016179,-0.066942738,-0.19511764,-41.573277,-9.3016179,0.066942738,0.19511764,-0.11279905,-0.11279905,-,0,2742.75,848.14856,0.020438873,1.4919816,15,1.6,0.02,0.04,-0.05,40,40,40,40,40,10,0
9.255,41.619684,9.2383861,-0.067808749,-0.18433771,-41.619684,-9.2383861,0.067808749,0.18433771,-0.11014245,-0.11014245,-,0,2751.411,848.5753,0.020461864,1.4921515,15,1.6,0.02,0.04,-0.05,40,40,40,40,40,10,0
9.26,41.665811,9.2034484,-0.068636448,-0.17289997,-41.665811,-9.2034484,0.068636448,0.17289997,-0.10473251,-0.10473251,-,0,2760.0912,848.99882,0.020485418,1.492301,15,1.6,0.02,0.04,-0.05,40,40,40,40,40,10,0
9.265,41.711866,9.151226,-0.069273816,-0.16729581,-41.711866,-9.151226,0.069273816,0.16729581,-0.10649417,-0.10649417,-,0,2768.7906,849.41754,0.020509413,1.492441,15,1.6,0.02,0.04,-0.05,40,40,40,40,40,10,0
9.27,41.757751,9.1101531,-0.06981944,-0.15766478,-41.757751,-9.1101531,0.06981944,0.15766478,-0.099994092,-0.099994092,-,0,2777.5091,849.83251,0.020533786,1.4925652,15,1.6,0.02,0.04,-0.05,40,40,40,40,40,10,0
9.275,41.803421,9.0671728,-0.070344345,-0.1528225,-41.803421,-9.0671728,0.070344345,0.1528225,-0.10092585,-0.10092585,-,0,2786.2467,850.24358,0.020558528,1.492682,15,1.6,0.02,0.04,-0.05,40,40,40,40,40,10,0
9.28,41.848982,9.0243076,-0.070724332,-0.15045522,-41.848982,-9.0243076,0.070724332,0.15045522,-0.10364139,-0.10364139,-,0,2795.0034,850.65077,0.020583538,1.4927952,15,1.6,0.02,0.04,-0.05,40,40,40,40,40,10,0
9.285,41.894312,8.9673697,-0.071093182,-0.14518604,-41.894312,-8.9673697,0.071093182,0.14518604,-0.10211436,-0.10211436,-,0,2803.7791,851.05284,0.020608809,1.4929006,15,1.6,0.02,0.04,-0.05,40,40,40,40,40,10,0
9.29,41.939573,8.9278721,-0.07130799,-0.13844825,-41.939573,-8.9278721,0.07130799,0.13844825,-0.095230711,-0.095230711,-,0,2812.5737,851.45138,0.020634233,1.4929964,15,1.6,0.02,0.04,-0.05,40,40,40,40,40,10,0
9.295,41.984417,8.8923966,-0.071678322,-0.1320048,-41.984417,-8.8923966,0.071678322,0.1320048,-0.090998297,-0.090998297,-,0,2821.3872,851.84675,0.020659922,1.4930836,15,1.6,0.02,0.04,-0.05,40,40,40,40,40,10,0
9.3,42.029253,8.8410976,-0.071796091,-0.12738411,-42.029253,-8.8410976,0.071796091,0.12738411,-0.08652697,-0.08652697,-,0,2830.2195,852.23758,0.020685695,1.4931647,15,1.6,0.02,0.04,-0.05,40,40,40,40,40,10,0
9.305,42.073992,8.8219139,-0.071843604,-0.1247043,-42.073992,-8.8219139,0.071843604,0.1247043,-0.08282456,-0.08282456,-,0,2839.0706,852.62671,0.020711503,1.4932424,15,1.6,0.02,0.04,-0.05,40,40,40,40,40,10,0
9.31,42.118717,8.7856603,-0.071745652,-0.12655008,-42.118717,-8.7856603,0.071745652,0.12655008,-0.084864151,-0.084864151,-,0,2847.9405,853.01265,0.02073724,1.4933225,15,1.6,0.02,0.04,-0.05,40,40,40,40,40,10,0
9.315,42.163349,8.7475049,-0.071573953,-0.12382723,-42.163349,-8.7475049,0.071573953,0.12382723,-0.078565698,-0.078565698,-,0,2856.8293,853.39524,0.020762854,1.4933992,15,1.6,0.02,0.04,-0.05,40,40,40,40,40,10,0
9.32,42.207669,8.7242507,-0.071561579,-0.12530485,-42.207669,-8.7242507,0.071561579,0.12530485,-0.080788056,-0.080788056,-,0,2865.7367,853.7758,0.02078846,1.4934777,15,1.6,0.02,0.04,-0.05,40,40,40,40,40,10,0
9.325,42.252019,8.6895361,-0.071358881,-0.12677208,-42.252019,-8.6895361,0.071358881,0.12677208,-0.080596713,-0.080596713,-,0,2874.6629,854.15334,0.02081392,1.4935581,15,1.6,0.02,0.04,-0.05,40,40,40,40,40,10,0
9.33,42.29617,8.650715,-0.071179293,-0.12457827,-42.29617,-8.650715,0.071179293,0.12457827,-0.07506264,-0.07506264,-,0,2883.6077,854.52752,0.020839252,1.4936357,15,1.6,0.02,0.04,-0.05,40,40,40,40,40,10,0
9.335,42.340024,8.6261605,-0.071135135,-0.12488036,-42.340024,-8.6261605,0.071135135,0.12488036,-0.074988704,-0.074988704,-,0,2892.5711,854.89957,0.020864554,1.4937136,15,1.6,0.02,0.04,-0.05,40,40,40,40,40,10,0
9.34,42.383872,8.5952888,-0.070925878,-0.12113941,-42.383872,-8.5952888,0.070925878,0.12113941,-0.066222241,-0.066222241,-,0,2901.553,855.26897,0.020889706,1.493787,15,1.6,0.02,0.04,-0.05,40,40,40,40,40,10,0
9.345,42.42773,8.5758453,-0.070585319,-0.12275196,-42.42773,-8.5758453,0.070585319,0.12275196,-0.063594506,-0.063594506,-,0,2910.5536,855.63669,0.020914617,1.4938623,15,1.6,0.02,0.04,-0.05,40,40,40,40,40,10,0
9.35,42.471524,8.5511703,-0.070213709,-0.12750513,-42.471524,-8.5511703,0.070213709,0.12750513,-0.065736555,-0.065736555,-,0,2919.5728,856.0023,0.020939267,1.4939436,15,1.6,0.02,0.04,-0.05,40,40,40,40,40,10,0
9.355,42.515216,8.5310198,-0.069862249,-0.13372693,-42.515216,-8.5310198,0.069862249,0.13372693,-0.070351713,-0.070351713,-,0,2928.6105,856.36619,0.020963671,1.494033,15,1.6,0.02,0.04,-0.05,40,40,40,40,40,10,0
9.36,42.558918,8.5134166,-0.069438529,-0.13995943,-42.558918,-8.5134166,0.069438529,0.13995943,-0.073797982,-0.073797982,-,0,2937.6668,856.72859,0.020987779,1.494131,15,1.6,0.02,0.04,-0.05,40,40,40,40,40,10,0
9.365,42.602503,8.4814756,-0.069068854,-0.14757681,-42.602503,-8.4814756,0.069068854,0.14757681,-0.080846631,-0.080846631,-,0,2946.7416,857.08826,0.021011632,1.4942399,15,1.6,0.02,0.04,-0.05,40,40,40,40,40,10,0
9.37,42.645759,8.4685472,-0.068940116,-0.14930004,-42.645759,-8.4685472,0.068940116,0.14930004,-0.08132475,-0.08132475,-,0,2955.835,857.44684,0.021035396,1.4943513,15,1.6,0.02,0.04,-0.05,40,40,40,40,40,10,0
9.375,42.688842,8.4335179,-0.068859217,-0.15527748,-42.688842,-8.4335179,0.068859217,0.15527748,-0.090214673,-0.090214673,-,0,2964.9466,857.80247,0.021059104,1.4944719,15,1.6,0.02,0.04,-0.05,40,40,40,40,40,10,0
9.38,42.731743,8.4088993,-0.068812281,-0.15215062,-42.731743,-8.4088993,0.068812281,0.15215062,-0.084634372,-0.084634372,-,0,2974.0766,858.15601,0.021082779,1.4945876,15,1.6,0.02,0.04,-0.05,40,40,40,40,40,10,0
9.385,42.77455,8.376976,-0.068710164,-0.15503088,-42.77455,-8.376976,0.068710164,0.15503088,-0.088131817,-0.088131817,-,0,2983.225,858.50688,0.021106385,1.4947078,15,1.6,0.02,0.04,-0.05,40,40,40,40,40,10,0
9.39,42.817292,8.3487902,-0.06854883,-0.15533515,-42.817292,-8.3487902,0.06854883,0.15533515,-0.086471244,-0.086471244,-,0,2992.3916,858.85539,0.021129879,1.4948285,15,1.6,0.02,0.04,-0.05,40,40,40,40,40,10,0
9.395,42.85964,8.3209756,-0.068643122,-0.15830505,-42.85964,-8.3209756,0.068643122,0.15830505,-0.092903087,-0.092903087,-,0,3001.5763,859.20159,0.021153439,1.4949538,15,1.6,0.02,0.04,-0.05,40,40,40,40,40,10,0
9.4,42.902221,8.2943581,-0.068394317,-0.16449656,-42.902221,-8.2943581,0.068394317,0.16449656,-0.099290496,-0.099290496,-,0,3010.7793,859.54557,0.021176828,1.4950891,15,1.6,0.02,0.04,-0.05,40,40,40,40,40,10,0
9.405,42.944337,8.2625432,-0.068478906,-0.16602779,-42.944337,-8.2625432,0.068478906,0.16602779,-0.10343958,-0.10343958,-,0,3020.0004,859.88692,0.021200274,1.4952269,15,1.6,0.02,0.04,-0.05,40,40,40,40,40,10,0
9.41,42.986368,8.2265772,-0.068491959,-0.16629473,-42.986368,-8.2265772,0.068491959,0.16629473,-0.10466052,-0.10466052,-,0,3029.2395,860.2253,0.02122373,1.4953651,15,1.6,0.02,0.04,-0.05,40,40,40,40,40,10,0
9.415,43.027983,8.1918114,-0.068726851,-0.16480234,-43.027983,-8.1918114,0.068726851,0.16480234,-0.10635439,-0.10635439,-,0,3038.4966,860.56083,0.021247347,1.4955009,15,1.6,0.02,0.04,-0.05,40,40,40,40,40,10,0
9.42,43.069597,8.1561552,-0.068789732,-0.16492013,-43.069597,-8.1561552,0.068789732,0.16492013,-0.10808005,-0.10808005,-,0,3047.7715,860.89344,0.021271007,1.4956369,15,1.6,0.02,0.04,-0.05,40,40,40,40,40,10,0
9.425,43.111033,8.1251508,-0.068874633,-0.16641368,-43.111033,-8.1251508,0.068874633,0.16641368,-0.11215468,-0.11215468,-,0,3057.0643,861.22353,0.021294726,1.4957754,15,1.6,0.02,0.04,-0.05,40,40,40,40,40,10,0
9.43,43.152292,8.0822939,-0.068951874,-0.16798625,-43.152292,-8.0822939,0.068951874,0.16798625,-0.11671852,-0.11671852,-,0,3066.3749,861.55015,0.021318498,1.4959165,15,1.6,0.02,0.04,-0.05,40,40,40,40,40,10,0
9.435,43.193249,8.0465752,-0.069135542,-0.16858943,-43.193249,-8.0465752,0.069135542,0.16858943,-0.12104823,-0.12104823,-,0,3075.7032,861.87389,0.021342396,1.4960586,15,1.6,0.02,0.04,-0.05,40,40,40,40,40,10,0
9.44,43.234099,8.0052123,-0.069235286,-0.17047654,-43.234099,-8.0052123,0.069235286,0.17047654,-0.12640128,-0.12640128,-,0,3085.0491,862.1943,0.021366364,1.4962039,15,1.6,0.02,0.04,-0.05,40,40,40,40,40,10,0
9.445,43.274596,7.9678371,-0.069500079,-0.16870329,-43.274596,-7.9678371,0.069500079,0.16870329,-0.12822103,-0.12822103,-,0,3094.4126,862.51174,0.021390515,1.4963462,15,1.6,0.02,0.04,-0.05,40,40,40,40,40,10,0
9.45,43.314887,7.922113,-0.06973743,-0.16272794,-43.314887,-7.922113,0.06973743,0.16272794,-0.1232439,-0.1232439,-,0,3103.7935,862.82554,0.021414832,1.4964786,15,1.6,0.02,0.04,-0.05,40,40,40,40,40,10,0
9.455,43.354832,7.8768133,-0.070083369,-0.1652655,-43.354832,-7.8768133,0.070083369,0.1652655,-0.13350617,-0.13350617,-,0,3113.1917,863.13576,0.02143939,1.4966152,15,1.6,0.02,0.04,-0.05,40,40,40,40,40,10,0
9.46,43.394739,7.8287318,-0.070238959,-0.16382574,-43.394739,-7.8287318,0.070238959,0.16382574,-0.13466152,-0.13466152,-,0,3122.6072,863.4422,0.021464058,1.4967494,15,1.6,0.02,0.04,-0.05,40,40,40,40,40,10,0
9.465,43.434187,7.7865852,-0.070596782,-0.15890125,-43.434187,-7.7865852,0.070596782,0.15890125,-0.13304658,-0.13304658,-,0,3132.0399,863.74536,0.021488977,1.4968756,15,1.6,0.02,0.04,-0.05,40,40,40,40,40,10,0
9.47,43.473543,7.7332903,-0.070805314,-0.15963944,-43.473543,-7.7332903,0.070805314,0.15963944,-0.13870035,-0.13870035,-,0,3141.4896,864.04438,0.021514044,1.4970031,15,1.6,0.02,0.04,-0.05,40,40,40,40,40,10,0
9.475,43.512668,7.6958694,-0.071019025,-0.15593944,-43.512668,-7.6958694,0.071019025,0.15593944,-0.13670034,-0.13670034,-,0,3150.9564,864.34051,0.021539263,1.4971246,15,1.6,0.02,0.04,-0.05,40,40,40,40,40,10,0
9.48,43.551621,7.645277,-0.071179105,-0.15595503,-43.551621,-7.645277,0.071179105,0.15595503,-0.14037113,-0.14037113,-,0,3160.4401,864.63276,0.021564595,1.4972463,15,1.6,0.02,0.04,-0.05,40,40,40,40,40,10,0
9.485,43.590163,7.5966099,-0.071482957,-0.15212045,-43.590163,-7.5966099,0.071482957,0.15212045,-0.13996941,-0.13996941,-,0,3169.9406,864.9213,0.021590144,1.497362,15,1.6,0.02,0.04,-0.05,40,40,40,40,40,10,0
9.49,43.628595,7.5573581,-0.071664805,-0.14679649,-43.628595,-7.5573581,0.071664805,0.14679649,-0.13498024,-0.13498024,-,0,3179.4579,865.20687,0.021615823,1.4974697,15,1.6,0.02,0.04,-0.05,40,40,40,40,40,10,0
9.495,43.66698,7.5092021,-0.071658399,-0.14747247,-43.66698,-7.5092021,0.071658399,0.14747247,-0.13712426,-0.13712426,-,0,3188.9919,865.48881,0.021641498,1.4975784,15,1.6,0.02,0.04,-0.05,40,40,40,40,40,10,0
9.5,43.704983,7.463156,-0.071807109,-0.14887163,-43.704983,-7.463156,0.071807109,0.14887163,-0.14267534,-0.14267534,-,0,3198.5425,865.7673,0.021667279,1.4976893,15,1.6,0.02,0.04,-0.05,40,40,40,40,40,10,0
9.505,43.742945,7.4191851,-0.071757659,-0.14781619,-43.742945,-7.4191851,0.071757659,0.14781619,-0.14124448,-0.14124448,-,0,3208.1097,866.04253,0.021693025,1.4977985,15,1.6,0.02,0.04,-0.05,40,40,40,40,40,10,0
9.51,43.780303,7.3724925,-0.072071984,-0.14175269,-43.780303,-7.3724925,0.072071984,0.14175269,-0.1373783,-0.1373783,-,0,3217.6933,866.31429,0.021718997,1.497899,15,1.6,0.02,0.04,-0.05,40,40,40,40,40,10,0
9.515,43.817686,7.3257461,-0.072132035,-0.14402253,-43.817686,-7.3257461,0.072132035,0.14402253,-0.143033,-0.143033,-,0,3227.2933,866.58263,0.021745012,1.4980027,15,1.6,0.02,0.04,-0.05,40,40,40,40,40,10,0
9.52,43.855063,7.2855302,-0.072002489,-0.14683897,-43.855063,-7.2855302,0.072002489,0.14683897,-0.14645721,-0.14645721,-,0,3236.9096,866.84802,0.021770934,1.4981105,15,1.6,0.02,0.04,-0.05,40,40,40,40,40,10,0
9.525,43.891942,7.2409595,-0.072145577,-0.1451236,-43.891942,-7.2409595,0.072145577,0.1451236,-0.14690419,-0.14690419,-,0,3246.5421,867.11018,0.021796959,1.4982158,15,1.6,0.02,0.04,-0.05,40,40,40,40,40,10,0
9.53,43.928672,7.199998,-0.072217988,-0.14377259,-43.928672,-7.199998,0.072217988,0.14377259,-0.1467326,-0.1467326,-,0,3256.1908,867.36938,0.021823036,1.4983192,15,1.6,0.02,0.04,-0.05,40,40,40,40,40,10,0
9.535,43.965143,7.1435787,-0.072302046,-0.14373606,-43.965143,-7.1435787,0.072302046,0.14373606,-0.14946239,-0.14946239,-,0,3265.8554,867.62453,0.021849174,1.4984225,15,1.6,0.02,0.04,-0.05,40,40,40,40,40,10,0
9.54,44.001247,7.0976462,-0.072488789,-0.14164649,-44.001247,-7.0976462,0.072488789,0.14164649,-0.15003544,-0.15003544,-,0,3275.536,867.87642,0.021875447,1.4985228,15,1.6,0.02,0.04,-0.05,40,40,40,40,40,10,0
9.545,44.037202,7.0574052,-0.072615565,-0.14256775,-44.037202,-7.0574052,0.072615565,0.14256775,-0.15430165,-0.15430165,-,0,3285.2323,868.12545,0.021901812,1.4986244,15,1.6,0.02,0.04,-0.05,40,40,40,40,40,10,0
9.55,44.073168,7.0142774,-0.072526665,-0.1442392,-44.073168,-7.0142774,0.072526665,0.1442392,-0.15664825,-0.15664825,-,0,3294.9446,868.37145,0.021928113,1.4987284,15,1.6,0.02,0.04,-0.05,40,40,40,40,40,10,0
9.555,44.108578,6.9641481,-0.072745856,-0.14026824,-44.108578,-6.9641481,0.072745856,0.14026824,-0.15487954,-0.15487954,-,0,3304.6724,868.61395,0.021954572,1.4988268,15,1.6,0.02,0.04,-0.05,40,40,40,40,40,10,0
9.56,44.143881,6.9195207,-0.072829948,-0.13788878,-44.143881,-6.9195207,0.072829948,0.13788878,-0.15341282,-0.15341282,-,0,3314.4158,868.85335,0.021981093,1.4989219,15,1.6,0.02,0.04,-0.05,40,40,40,40,40,10,0
9.565,44.179047,6.8710381,-0.072816204,-0.13857449,-44.179047,-6.8710381,0.072816204,0.13857449,-0.15553979,-0.15553979,-,0,3324.1748,869.0894,0.022007604,1.4990179,15,1.6,0.02,0.04,-0.05,40,40,40,40,40,10,0
9.57,44.213887,6.8213207,-0.072871479,-0.13993149,-44.213887,-6.8213207,0.072871479,0.13993149,-0.15983199,-0.15983199,-,0,3333.9491,869.32205,0.022034156,1.4991158,15,1.6,0.02,0.04,-0.05,40,40,40,40,40,10,0
9.575,44.248456,6.7734656,-0.072959172,-0.13632812,-44.248456,-6.7734656,0.072959172,0.13632812,-0.15660483,-0.15660483,-,0,3343.7387,869.55145,0.022060771,1.4992087,15,1.6,0.02,0.04,-0.05,40,40,40,40,40,10,0
9.58,44.282634,6.7226218,-0.073166894,-0.13472641,-44.282634,-6.7226218,0.073166894,0.13472641,-0.15850812,-0.15850812,-,0,3353.5435,869.77742,0.022087538,1.4992995,15,1.6,0.02,0.04,-0.05,40,40,40,40,40,10,0
9.585,44.316925,6.6743722,-0.073032003,-0.13958962,-44.316925,-6.6743722,0.073032003,0.13958962,-0.16551004,-0.16551004,-,0,3363.3634,870.00016,0.022114206,1.4993969,15,1.6,0.02,0.04,-0.05,40,40,40,40,40,10,0
9.59,44.350585,6.6240035,-0.073274684,-0.13378872,-44.350585,-6.6240035,0.073274684,0.13378872,-0.16121038,-0.16121038,-,0,3373.1983,870.21954,0.022141052,1.4994864,15,1.6,0.02,0.04,-0.05,40,40,40,40,40,10,0
9.595,44.384163,6.5706872,-0.07332672,-0.13215597,-44.384163,-6.5706872,0.07332672,0.13215597,-0.16083959,-0.16083959,-,0,3383.0481,870.43541,0.022167936,1.4995737,15,1.6,0.02,0.04,-0.05,40,40,40,40,40,10,0
9.6,44.417442,6.5195556,-0.073398077,-0.1306384,-44.417442,-6.5195556,0.073398077,0.1306384,-0.16086153,-0.16086153,-,0,3392.9126,870.64794,0.022194873,1.4996591,15,1.6,0.02,0.04,-0.05,40,40,40,40,40,10,0
9.605,44.450492,6.473641,-0.073461068,-0.1328952,-44.450492,-6.473641,0.073461068,0.1328952,-0.16659285,-0.16659285,-,0,3402.7918,870.85748,0.022221855,1.4997474,15,1.6,0.02,0.04,-0.05,40,40,40,40,40,10,0
9.61,44.483462,6.4236827,-0.073383361,-0.13696882,-44.483462,-6.4236827,0.073383361,0.13696882,-0.17328398,-0.17328398,-,0,3412.6857,871.0638,0.022248781,1.4998412,15,1.6,0.02,0.04,-0.05,40,40,40,40,40,10,0
9.615,44.516005,6.3726223,-0.073476177,-0.13211813,-44.516005,-6.3726223,0.073476177,0.13211813,-0.16830668,-0.16830668,-,0,3422.5941,871.26685,0.022275775,1.4999284,15,1.6,0.02,0.04,-0.05,40,40,40,40,40,10,0
9.62,44.548184,6.3210026,-0.073666459,-0.13268218,-44.548184,-6.3210026,0.073666459,0.13268218,-0.17348459,-0.17348459,-,0,3432.5168,871.46662,0.022302908,1.5000165,15,1.6,0.02,0.04,-0.05,40,40,40,40,40,10,0
9.625,44.580288,6.2737936,-0.073698252,-0.13374694,-44.580288,-6.2737936,0.073698252,0.13374694,-0.17691139,-0.17691139,-,0,3442.4538,871.66343,0.022330065,1.5001059,15,1.6,0.02,0.04,-0.05,40,40,40,40,40,10,0
9.63,44.611865,6.2179796,-0.07397079,-0.12911153,-44.611865,-6.2179796,0.07397079,0.12911153,-0.17518381,-0.17518381,-,0,3452.4049,871.85674,0.022357424,1.5001893,15,1.6,0.02,0.04,-0.05,40,40,40,40,40,10,0
9.635,44.643319,6.1708575,-0.074084578,-0.12410445,-44.643319,-6.1708575,0.074084578,0.12410445,-0.17013511,-0.17013511,-,0,3462.3701,872.04714,0.022384866,1.5002663,15,1.6,0.02,0.04,-0.05,40,40,40,40,40,10,0
9.64,44.674699,6.1095074,-0.074015754,-0.12835695,-44.674699,-6.1095074,0.074015754,0.12835695,-0.17773315,-0.17773315,-,0,3472.3492,872.23377,0.022412258,1.5003486,15,1.6,0.02,0.04,-0.05,40,40,40,40,40,10,0
9.645,44.705531,6.0546561,-0.074206465,-0.12748559,-44.705531,-6.0546561,0.074206465,0.12748559,-0.18077705,-0.18077705,-,0,3482.3421,872.41706,0.022439791,1.5004299,15,1.6,0.02,0.04,-0.05,40,40,40,40,40,10,0
9.65,44.736196,6.0022389,-0.074296586,-0.12769273,-44.736196,-6.0022389,0.074296586,0.12769273,-0.18394368,-0.18394368,-,0,3492.3488,872.5972,0.022467391,1.5005114,15,1.6,0.02,0.04,-0.05,40,40,40,40,40,10,0
9.655,44.766572,5.9471741,-0.074408611,-0.12752181,-44.766572,-5.9471741,0.074408611,0.12752181,-0.18694567,-0.18694567,-,0,3502.369,872.77404,0.022495074,1.5005927,15,1.6,0.02,0.04,-0.05,40,40,40,40,40,10,0
9.66,44.796486,5.8916049,-0.074677979,-0.11958953,-44.796486,-5.8916049,0.074677979,0.11958953,-0.17991902,-0.17991902,-,0,3512.4026,872.9476,0.022522958,1.5006642,15,1.6,0.02,0.04,-0.05,40,40,40,40,40,10,0
9.665,44.8261,5.8290739,-0.074947578,-0.1230131,-44.8261,-5.8290739,0.074947578,0.1230131,-0.19134967,-0.19134967,-,0,3522.4495,873.11749,0.022551044,1.5007399,15,1.6,0.02,0.04,-0.05,40,40,40,40,40,10,0
9.67,44.855617,5.7761669,-0.075008613,-0.11700439,-44.855617,-5.7761669,0.075008613,0.11700439,-0.18417719,-0.18417719,-,0,3532.5096,873.28431,0.022579175,1.5008084,15,1.6,0.02,0.04,-0.05,40,40,40,40,40,10,0
9.675,44.884846,5.7191456,-0.075078436,-0.11922485,-44.884846,-5.7191456,0.075078436,0.11922485,-0.19047357,-0.19047357,-,0,3542.5829,873.44785,0.022607359,1.5008794,15,1.6,0.02,0.04,-0.05,40,40,40,40,40,10,0
9.68,44.913859,5.6664162,-0.075082144,-0.11455631,-44.913859,-5.6664162,0.075082144,0.11455631,-0.18458843,-0.18458843,-,0,3552.6692,873.60839,0.022635546,1.500945,15,1.6,0.02,0.04,-0.05,40,40,40,40,40,10,0
9.685,44.942572,5.6061819,-0.075093628,-0.11548275,-44.942572,-5.6061819,0.075093628,0.11548275,-0.1880781,-0.1880781,-,0,3562.7683,873.76554,0.022663741,1.5010117,15,1.6,0.02,0.04,-0.05,40,40,40,40,40,10,0
9.69,44.970984,5.5438969,-0.075104353,-0.11738027,-44.970984,-5.5438969,0.075104353,0.11738027,-0.19319816,-0.19319816,-,0,3572.8803,873.91921,0.022691945,1.5010806,15,1.6,0.02,0.04,-0.05,40,40,40,40,40,10,0
9.695,44.998662,5.4966001,-0.075556353,-0.10918971,-44.998662,-5.4966001,0.075556353,0.10918971,-0.18821159,-0.18821159,-,0,3583.0047,874.07028,0.022720488,1.5011402,15,1.6,0.02,0.04,-0.05,40,40,40,40,40,10,0
9.7,45.026495,5.4424985,-0.075589106,-0.11198447,-45.026495,-5.4424985,0.075589106,0.11198447,-0.19478191,-0.19478191,-,0,3593.1416,874.21838,0.022749057,1.5012029,15,1.6,0.02,0.04,-0.05,40,40,40,40,40,10,0
9.705,45.054325,5.3900137,-0.075376041,-0.11204366,-45.054325,-5.3900137,0.075376041,0.11204366,-0.19322342,-0.19322342,-,0,3603.2911,874.36364,0.022777465,1.5012657,15,1.6,0.02,0.04,-0.05,40,40,40,40,40,10,0
9.71,45.081512,5.3303317,-0.075512873,-0.11206963,-45.081512,-5.3303317,0.075512873,0.11206963,-0.197161,-0.197161,-,0,3613.4528,874.5057,0.022805976,1.5013285,15,1.6,0.02,0.04,-0.05,40,40,40,40,40,10,0
9.715,45.108504,5.272468,-0.075545235,-0.11069305,-45.108504,-5.272468,0.075545235,0.11069305,-0.1972186,-0.1972186,-,0,3623.6267,874.6447,0.022834511,1.5013898,15,1.6,0.02,0.04,-0.05,40,40,40,40,40,10,0
9.72,45.134705,5.2164466,-0.076062722,-0.10486694,-45.134705,-5.2164466,0.076062722,0.10486694,-0.19737596,-0.19737596,-,0,3633.8124,874.78076,0.022863439,1.5014447,15,1.6,0.02,0.04,-0.05,40,40,40,40,40,10,0
9.725,45.16129,5.158103,-0.075917527,-0.10764241,-45.16129,-5.158103,0.075917527,0.10764241,-0.20144084,-0.20144084,-,0,3644.0101,874.91379,0.022892256,1.5015027,15,1.6,0.02,0.04,-0.05,40,40,40,40,40,10,0
9.73,45.187316,5.0963124,-0.076017036,-0.10408027,-45.187316,-5.0963124,0.076017036,0.10408027,-0.19918515,-0.19918515,-,0,3654.2195,875.04365,0.022921149,1.5015568,15,1.6,0.02,0.04,-0.05,40,40,40,40,40,10,0
9.735,45.212533,5.0337419,-0.076593403,-0.101308,-45.212533,-5.0337419,0.076593403,0.101308,-0.20539351,-0.20539351,-,0,3664.4404,875.17034,0.022950482,1.5016082,15,1.6,0.02,0.04,-0.05,40,40,40,40,40,10,0
9.74,45.237949,4.9722123,-0.076666862,-0.10249612,-45.237949,-4.9722123,0.076666862,0.10249612,-0.21034924,-0.21034924,-,0,3674.6728,875.29395,0.022979871,1.5016607,15,1.6,0.02,0.04,-0.05,40,40,40,40,40,10,0
9.745,45.263077,4.9125559,-0.076709369,-0.095278146,-45.263077,-4.9125559,0.076709369,0.095278146,-0.20132179,-0.20132179,-,0,3684.9165,875.41462,0.023009292,1.5017061,15,1.6,0.02,0.04,-0.05,40,40,40,40,40,10,0
9.75,45.28781,4.8501472,-0.076823737,-0.092697533,-45.28781,-4.8501472,0.076823737,0.092697533,-0.20091001,-0.20091001,-,0,3695.1714,875.53224,0.023038802,1.501749,15,1.6,0.02,0.04,-0.05,40,40,40,40,40,10,0
9.755,45.31249,4.7892315,-0.076706352,-0.099308309,-45.31249,-4.7892315,0.076706352,0.099308309,-0.21166952,-0.21166952,-,0,3705.4375,875.64692,0.023068221,1.5017984,15,1.6,0.02,0.04,-0.05,40,40,40,40,40,10,0
9.76,45.336748,4.7359384,-0.076720441,-0.093659533,-45.336748,-4.7359384,0.076720441,0.093659533,-0.20448936,-0.20448936,-,0,3715.7146,875.75907,0.023097651,1.5018422,15,1.6,0.02,0.04,-0.05,40,40,40,40,40,10,0
9.765,45.360609,4.6648555,-0.076810924,-0.095817868,-45.360609,-4.6648555,0.076810924,0.095817868,-0.21166606,-0.21166606,-,0,3726.0026,875.86787,0.023127151,1.5018881,15,1.6,0.02,0.04,-0.05,40,40,40,40,40,10,0
9.77,45.384279,4.6122443,-0.076767532,-0.091821773,-45.384279,-4.6122443,0.076767532,0.091821773,-0.20625247,-0.20625247,-,0,3736.3012,875.97424,0.023156617,1.5019303,15,1.6,0.02,0.04,-0.05,40,40,40,40,40,10,0
9.775,45.407371,4.560417,-0.077007347,-0.084235975,-45.407371,-4.560417,0.077007347,0.084235975,-0.19932367,-0.19932367,-,0,3746.6104,876.07822,0.023186268,1.5019658,15,1.6,0.02,0.04,-0.05,40,40,40,40,40,10,0
9.78,45.430542,4.4967478,-0.076884257,-0.089615763,-45.430542,-4.4967478,0.076884257,0.089615763,-0.20816833,-0.20816833,-,0,3756.9301,876.17933,0.023215824,1.5020059,15,1.6,0.02,0.04,-0.05,40,40,40,40,40,10,0
9.785,45.453433,4.4411443,-0.076745686,-0.086607377,-45.453433,-4.4411443,0.076745686,0.086607377,-0.20304266,-0.20304266,-,0,3767.2601,876.27795,0.023245273,1.5020434,15,1.6,0.02,0.04,-0.05,40,40,40,40,40,10,0
9.79,45.475944,4.3773712,-0.076687332,-0.087382211,-45.475944,-4.3773712,0.076687332,0.087382211,-0.2055078,-0.2055078,-,0,3777.6004,876.37375,0.023274678,1.5020816,15,1.6,0.02,0.04,-0.05,40,40,40,40,40,10,0
9.795,45.498156,4.3144957,-0.076625908,-0.090507418,-45.498156,-4.3144957,0.076625908,0.090507418,-0.21165754,-0.21165754,-,0,3787.9508,876.46683,0.023304036,1.5021226,15,1.6,0.02,0.04,-0.05,40,40,40,40,40,10,0
