t_s,theta_rad,dtheta_rad_s,psi_rad,dpsi_rad_s,error_theta,error_dtheta,error_psi,error_dpsi,u_PD_Nm,u_Nm,status_cbf,dorong_N,ISE_theta,ISE_dtheta,ISE_psi,ISE_dpsi,Kp_psi,Kd_psi,Kp_theta,Kd_theta,Kvel,Alpha_1,Alpha_2,Alpha_3,Alpha_4,Alpha_5,Alpha_6,zeta_DEG
0.005,0,0,-1.5560297e-07,0,0,0,1.5560297e-07,0,-2.3340446e-06,-2.3340446e-06,OK,0,0,0,1.2106142e-16,0,15,1.5,0.02,0.04,-0.05,40,40,40,40,40,10,0
0.01,3.3424026e-05,0.0087875369,-8.6694239e-06,-0.0021993485,-3.3424026e-05,-0.0087875369,8.6694239e-06,0.0021993485,-0.0030768941,-0.0030768941,OK,0,5.5858274e-12,3.8610403e-07,3.7591562e-13,2.4185669e-08,15,1.5,0.02,0.04,-0.05,40,40,40,40,40,10,0
0.015,8.0798234e-05,0.0099440604,-1.8363004e-05,-0.0018197432,-8.0798234e-05,-0.0099440604,1.8363004e-05,0.0018197432,-0.0026056814,-0.0026056814,OK,0,3.8227601e-11,8.8052572e-07,2.0619152e-12,4.0742995e-08,15,1.5,0.02,0.04,-0.05,40,40,40,40,40,10,0
0.02,0.00013679841,0.012109114,-2.7467055e-05,-0.0017978335,-0.00013679841,-0.012109114,2.7467055e-05,0.0017978335,-0.0026216556,-0.0026216556,OK,0,1.3179662e-10,1.6136789e-06,5.8341108e-12,5.6904021e-08,15,1.5,0.02,0.04,-0.05,40,40,40,40,40,10,0
0.025,0.00020457273,0.014503656,-3.6401821e-05,-0.0018321022,-0.00020457273,-0.014503656,3.6401821e-05,0.0018321022,-0.0027099429,-0.0027099429,OK,0,3.4104664e-10,2.6654592e-06,1.2459574e-11,7.3687014e-08,15,1.5,0.02,0.04,-0.05,40,40,40,40,40,10,0
0.03,0.00028440709,0.016974384,-4.5674111e-05,-0.0018684308,-0.00028440709,-0.016974384,4.5674111e-05,0.0018684308,-0.0028030943,-0.0028030943,OK,0,7.454836e-10,4.1061078e-06,2.2890196e-11,9.1142182e-08,15,1.5,0.02,0.04,-0.05,40,40,40,40,40,10,0
0.035,0.00037654845,0.019485969,-5.5283922e-05,-0.001896956,-0.00037654845,-0.019485969,5.5283922e-05,0.001896956,-0.0028877231,-0.0028877231,OK,0,1.4544273e-09,6.0046228e-06,3.8171756e-11,1.0913439e-07,15,1.5,0.02,0.04,-0.05,40,40,40,40,40,10,0
0.04,0.00048174541,0.022036393,-6.4640332e-05,-0.0019190616,-0.00048174541,-0.022036393,6.4640332e-05,0.0019190616,-0.0029571067,-0.0029571067,OK,0,2.6148205e-09,8.4326359e-06,5.9063618e-11,1.2754838e-07,15,1.5,0.02,0.04,-0.05,40,40,40,40,40,10,0
0.045,0.0005996391,0.024642655,-7.4334263e-05,-0.0019423513,-0.0005996391,-0.024642655,7.4334263e-05,0.0019423513,-0.0030308419,-0.0030308419,OK,0,4.4126557e-09,1.1468938e-05,8.6691531e-11,1.4641202e-07,15,1.5,0.02,0.04,-0.05,40,40,40,40,40,10,0
0.05,0.00073074542,0.02730016,-8.4112314e-05,-0.0019647405,-0.00073074542,-0.02730016,8.4112314e-05,0.0019647405,-0.0031021741,-0.0031021741,OK,0,7.0826e-09,1.5195432e-05,1.2206594e-10,1.6571305e-07,15,1.5,0.02,0.04,-0.05,40,40,40,40,40,10,0
0.055,0.00087543515,0.030018265,-9.3890366e-05,-0.001989114,-0.00087543515,-0.030018265,9.3890366e-05,0.001989114,-0.0031737872,-0.0031737872,OK,0,1.0914534e-08,1.9700913e-05,1.6614294e-10,1.8549592e-07,15,1.5,0.02,0.04,-0.05,40,40,40,40,40,10,0
0.06,0.0010336302,0.032805491,-0.00010409006,-0.0020175656,-0.0010336302,-0.032805491,0.00010409006,0.0020175656,-0.003254807,-0.003254807,OK,0,1.625649e-08,2.5081914e-05,2.2031664e-10,2.0584877e-07,15,1.5,0.02,0.04,-0.05,40,40,40,40,40,10,0
0.065,0.0012061867,0.035659476,-0.00011420528,-0.0020474762,-0.0012061867,-0.035659476,0.00011420528,0.0020474762,-0.0033337908,-0.0033337908,OK,0,2.3530922e-08,3.1439905e-05,2.8553087e-10,2.2680957e-07,15,1.5,0.02,0.04,-0.05,40,40,40,40,40,10,0
0.07,0.0013934204,0.038595738,-0.00012432051,-0.0020832075,-0.0013934204,-0.038595738,0.00012432051,0.0020832075,-0.0034179209,-0.0034179209,OK,0,3.3239023e-08,3.8888061e-05,3.6280882e-10,2.4850833e-07,15,1.5,0.02,0.04,-0.05,40,40,40,40,40,10,0
0.075,0.0015950869,0.041599243,-0.00013511009,-0.0021199771,-0.0015950869,-0.041599243,0.00013511009,0.0021199771,-0.0035107454,-0.0035107454,OK,0,4.5960535e-08,4.7540546e-05,4.540825e-10,2.7097985e-07,15,1.5,0.02,0.04,-0.05,40,40,40,40,40,10,0
0.08,0.001801083,0.040866949,-0.00014294955,-0.0012060184,-0.001801083,-0.040866949,0.00014294955,0.0012060184,-0.0022825713,-0.0022825713,OK,0,6.2180034e-08,5.5891083e-05,5.5625537e-10,2.7825225e-07,15,1.5,0.02,0.04,-0.05,40,40,40,40,40,10,0
0.085,0.0020088879,0.041999982,-0.00014825988,-0.0010263798,-0.0020088879,-0.041999982,0.00014825988,0.0010263798,-0.0020432908,-0.0020432908,OK,0,8.2358187e-08,6.4711076e-05,6.6616032e-10,2.8351953e-07,15,1.5,0.02,0.04,-0.05,40,40,40,40,40,10,0
0.09,0.0022236459,0.043697135,-0.00015365466,-0.0010418967,-0.0022236459,-0.043697135,0.00015365466,0.0010418967,-0.0020753066,-0.0020753066,OK,0,1.0708119e-07,7.4258274e-05,7.842091e-10,2.8894727e-07,15,1.5,0.02,0.04,-0.05,40,40,40,40,40,10,0
0.095,0.0024478193,0.045576847,-0.0001588812,-0.0010967856,-0.0024478193,-0.045576847,0.0001588812,0.0010967856,-0.0021563662,-0.0021563662,OK,0,1.3704029e-07,8.4644519e-05,9.1042528e-10,2.9496196e-07,15,1.5,0.02,0.04,-0.05,40,40,40,40,40,10,0
0.1,0.0026817812,0.047577154,-0.00016436011,-0.0011655721,-0.0026817812,-0.047577154,0.00016436011,0.0011655721,-0.002257038,-0.002257038,OK,0,1.7300004e-07,9.5962446e-05,1.0454965e-09,3.0175476e-07,15,1.5,0.02,0.04,-0.05,40,40,40,40,40,10,0
0.105,0.0029258756,0.049696384,-0.00017042924,-0.0012437553,-0.0029258756,-0.049696384,0.00017042924,0.0012437553,-0.0023756987,-0.0023756987,OK,0,2.1580378e-07,0.0001083111,1.1907271e-09,3.0948939e-07,15,1.5,0.02,0.04,-0.05,40,40,40,40,40,10,0
0.11,0.0031808504,0.051898356,-0.00017683555,-0.0013175324,-0.0031808504,-0.051898356,0.00017683555,0.0013175324,-0.0024892806,-0.0024892806,OK,0,2.6639283e-07,0.0001217783,1.3470812e-09,3.1816885e-07,15,1.5,0.02,0.04,-0.05,40,40,40,40,40,10,0
0.115,0.003447158,0.054217656,-0.00018366316,-0.0013970554,-0.003447158,-0.054217656,0.00018366316,0.0013970554,-0.002612881,-0.002612881,OK,0,3.2580732e-07,0.00013647607,1.515742e-09,3.2792767e-07,15,1.5,0.02,0.04,-0.05,40,40,40,40,40,10,0
0.12,0.0037253708,0.056643992,-0.00019091274,-0.0014802146,-0.0037253708,-0.056643992,0.00019091274,0.0014802146,-0.0027437459,-0.0027437459,OK,0,3.9519926e-07,0.00015251878,1.6979803e-09,3.3888285e-07,15,1.5,0.02,0.04,-0.05,40,40,40,40,40,10,0
0.125,0.0040157848,0.059184383,-0.00019883633,-0.0015632902,-0.0040157848,-0.059184383,0.00019883633,0.0015632902,-0.0028797892,-0.0028797892,OK,0,4.758319e-07,0.00017003273,1.8956598e-09,3.5110223e-07,15,1.5,0.02,0.04,-0.05,40,40,40,40,40,10,0
0.13,0.0043197554,0.061843886,-0.00020667579,-0.0016479354,-0.0043197554,-0.061843886,0.00020667579,0.0016479354,-0.0030118895,-0.0030118895,OK,0,5.6913333e-07,0.00018915606,2.1092342e-09,3.6468068e-07,15,1.5,0.02,0.04,-0.05,40,40,40,40,40,10,0
0.135,0.0046373801,0.06463944,-0.00021502068,-0.0017416344,-0.0046373801,-0.06463944,0.00021502068,0.0017416344,-0.0031594367,-0.0031594367,OK,0,6.766598e-07,0.00021004735,2.3404037e-09,3.7984713e-07,15,1.5,0.02,0.04,-0.05,40,40,40,40,40,10,0
0.14,0.0049692323,0.067564065,-0.00022395613,-0.0018368816,-0.0049692323,-0.067564065,0.00022395613,0.0018368816,-0.0033127171,-0.0033127171,OK,0,8.0012615e-07,0.00023287186,2.5911854e-09,3.967178e-07,15,1.5,0.02,0.04,-0.05,40,40,40,40,40,10,0
0.145,0.0053161039,0.070629621,-0.00023339667,-0.001934998,-0.0053161039,-0.070629621,0.00023339667,0.001934998,-0.0034719401,-0.0034719401,OK,0,9.4143095e-07,0.00025781458,2.8635554e-09,4.1543889e-07,15,1.5,0.02,0.04,-0.05,40,40,40,40,40,10,0
0.15,0.0056785694,0.073838803,-0.00024351223,-0.0020384383,-0.0056785694,-0.073838803,0.00024351223,0.0020384383,-0.0036432173,-0.0036432173,OK,0,1.1026617e-06,0.00028507542,3.1600465e-09,4.3621504e-07,15,1.5,0.02,0.04,-0.05,40,40,40,40,40,10,0
0.155,0.0060576791,0.077193909,-0.00025396462,-0.0021421405,-0.0060576791,-0.077193909,0.00025396462,0.0021421405,-0.0038137701,-0.0038137701,OK,0,1.2861391e-06,0.00031486992,3.4825366e-09,4.5915887e-07,15,1.5,0.02,0.04,-0.05,40,40,40,40,40,10,0
0.16,0.0064541654,0.080713406,-0.00026483832,-0.0022521842,-0.0064541654,-0.080713406,0.00026483832,0.0022521842,-0.0039932315,-0.0039932315,OK,0,1.4944203e-06,0.00034744319,3.8332333e-09,4.8452054e-07,15,1.5,0.02,0.04,-0.05,40,40,40,40,40,10,0
0.165,0.0068684702,0.084402571,-0.00027655529,-0.0023682802,-0.0068684702,-0.084402571,0.00027655529,0.0023682802,-0.0041872773,-0.0041872773,OK,0,1.7302998e-06,0.00038306216,4.2156474e-09,5.1256429e-07,15,1.5,0.02,0.04,-0.05,40,40,40,40,40,10,0
0.17,0.0073019655,0.08825696,-0.00028869355,-0.0024885013,-0.0073019655,-0.08825696,0.00028869355,0.0024885013,-0.0043868376,-0.0043868376,OK,0,1.9968933e-06,0.00042200862,4.6323673e-09,5.4352749e-07,15,1.5,0.02,0.04,-0.05,40,40,40,40,40,10,0
0.175,0.0077552118,0.092295874,-0.00030142204,-0.0026120329,-0.0077552118,-0.092295874,0.00030142204,0.0026120329,-0.0045924407,-0.0045924407,OK,0,2.2976098e-06,0.00046460126,5.0866435e-09,5.7764107e-07,15,1.5,0.02,0.04,-0.05,40,40,40,40,40,10,0
0.18,0.0082291895,0.096529524,-0.00031482455,-0.0027422299,-0.0082291895,-0.096529524,0.00031482455,0.0027422299,-0.0048099483,-0.0048099483,OK,0,2.6362076e-06,0.000511191,5.582216e-09,6.1524019e-07,15,1.5,0.02,0.04,-0.05,40,40,40,40,40,10,0
0.185,0.0087249173,0.10096331,-0.00032890173,-0.0028779803,-0.0087249173,-0.10096331,0.00032890173,0.0028779803,-0.0050374657,-0.0050374657,OK,0,3.0168285e-06,0.00056215895,6.1230977e-09,6.5665404e-07,15,1.5,0.02,0.04,-0.05,40,40,40,40,40,10,0
0.19,0.0092436522,0.10560854,-0.00034348467,-0.0030242528,-0.0092436522,-0.10560854,0.00034348467,0.0030242528,-0.0052794345,-0.0052794345,OK,0,3.444054e-06,0.00061792477,6.7130063e-09,7.0238457e-07,15,1.5,0.02,0.04,-0.05,40,40,40,40,40,10,0
0.195,0.0097858563,0.11044885,-0.00035907881,-0.003167155,-0.0097858563,-0.11044885,0.00035907881,0.003167155,-0.0055232436,-0.0055232436,OK,0,3.922869e-06,0.00067891951,7.3576942e-09,7.5253892e-07,15,1.5,0.02,0.04,-0.05,40,40,40,40,40,10,0
0.2,0.010352928,0.11553684,-0.0003755162,-0.0033222094,-0.010352928,-0.11553684,0.0003755162,0.0033222094,-0.0057875251,-0.0057875251,OK,0,4.4587845e-06,0.00074566331,8.0627563e-09,8.077243e-07,15,1.5,0.02,0.04,-0.05,40,40,40,40,40,10,0
0.205,0.010917405,0.10636917,-0.00038512566,0.00014487672,-0.010917405,-0.10636917,0.00038512566,-0.00014487672,-0.0010864551,-0.0010864551,OK,0,5.0547332e-06,0.00080223531,8.8043652e-09,8.0782925e-07,15,1.5,0.02,0.04,-0.05,40,40,40,40,40,10,0
0.21,0.011414897,0.094981232,-0.0003753476,0.0031462654,-0.011414897,-0.094981232,0.0003753476,-0.0031462654,0.0031167313,0.0031167313,OK,0,5.7062326e-06,0.00084734248,9.5087943e-09,8.5732418e-07,15,1.5,0.02,0.04,-0.05,40,40,40,40,40,10,0
0.215,0.011875137,0.090130068,-0.00035815172,0.0035996565,-0.011875137,-0.090130068,0.00035815172,-0.0035996565,0.0038699143,0.0038699143,OK,0,6.411327e-06,0.00088795963,1.0150158e-08,9.2211181e-07,15,1.5,0.02,0.04,-0.05,40,40,40,40,40,10,0
0.22,0.012315583,0.086779743,-0.00034036563,0.0035068956,-0.012315583,-0.086779743,0.00034036563,-0.0035068956,0.0038723604,0.0038723604,OK,0,7.1696949e-06,0.00092561325,1.0729401e-08,9.8360339e-07,15,1.5,0.02,0.04,-0.05,40,40,40,40,40,10,0
0.225,0.012740596,0.083887459,-0.00032342246,0.0033063889,-0.012740596,-0.083887459,0.00032342246,-0.0033063889,0.0037185566,0.0037185566,OK,0,7.9813089e-06,0.00096079878,1.1252412e-08,1.0382644e-06,15,1.5,0.02,0.04,-0.05,40,40,40,40,40,10,0
0.23,0.013151754,0.081210035,-0.00030757528,0.0030897697,-0.013151754,-0.081210035,0.00030757528,-0.0030897697,0.0035324619,0.0035324619,OK,0,8.8461521e-06,0.00099377413,1.1725425e-08,1.0859978e-06,15,1.5,0.02,0.04,-0.05,40,40,40,40,40,10,0
0.235,0.013550052,0.07868772,-0.00029273962,0.0028788155,-0.013550052,-0.07868772,0.00029273962,-0.0028788155,0.0033456388,0.0033456388,OK,0,9.7641716e-06,0.0010247329,1.2153907e-08,1.1274357e-06,15,1.5,0.02,0.04,-0.05,40,40,40,40,40,10,0
0.24,0.013936303,0.076255699,-0.0002787469,0.0026742085,-0.013936303,-0.076255699,0.0002787469,-0.0026742085,0.0031590633,0.0031590633,OK,0,1.0735274e-05,0.0010538076,1.2542406e-08,1.1631927e-06,15,1.5,0.02,0.04,-0.05,40,40,40,40,40,10,0
0.245,0.014310706,0.074046457,-0.00026610287,0.0024846496,-0.014310706,-0.074046457,0.00026610287,-0.0024846496,0.0029835037,0.0029835037,OK,0,1.1759256e-05,0.001081222,1.289646e-08,1.1940601e-06,15,1.5,0.02,0.04,-0.05,40,40,40,40,40,10,0
0.25,0.014674478,0.071924771,-0.00025413319,0.0023023208,-0.014674478,-0.071924771,0.00025413319,-0.0023023208,0.0028119637,0.0028119637,OK,0,1.2835957e-05,0.0011070878,1.3219378e-08,1.2205635e-06,15,1.5,0.02,0.04,-0.05,40,40,40,40,40,10,0
0.255,0.015027909,0.069931746,-0.00024317503,0.0021282202,-0.015027909,-0.069931746,0.00024317503,-0.0021282202,0.0026425328,0.0026425328,OK,0,1.3965148e-05,0.0011315401,1.3515049e-08,1.2432101e-06,15,1.5,0.02,0.04,-0.05,40,40,40,40,40,10,0
0.26,0.015371828,0.068060189,-0.00023297502,0.0019634682,-0.015371828,-0.068060189,0.00023297502,-0.0019634682,0.0024804211,0.0024804211,OK,0,1.5146613e-05,0.001154701,1.3786436e-08,1.2624861e-06,15,1.5,0.02,0.04,-0.05,40,40,40,40,40,10,0
0.265,0.015706726,0.066314438,-0.00022361894,0.0018024286,-0.015706726,-0.066314438,0.00022361894,-0.0018024286,0.0023160709,0.0023160709,OK,0,1.6380119e-05,0.001176689,1.4036463e-08,1.2787299e-06,15,1.5,0.02,0.04,-0.05,40,40,40,40,40,10,0
0.27,0.016033358,0.064666119,-0.00021485208,0.0016572944,-0.016033358,-0.064666119,0.00021485208,-0.0016572944,0.0021704723,0.0021704723,OK,0,1.7665462e-05,0.0011975976,1.426727e-08,1.292463e-06,15,1.5,0.02,0.04,-0.05,40,40,40,40,40,10,0
0.275,0.016352056,0.063152714,-0.00020692849,0.0015120307,-0.016352056,-0.063152714,0.00020692849,-0.0015120307,0.0020172683,0.0020172683,OK,0,1.9002411e-05,0.0012175389,1.4481367e-08,1.3038942e-06,15,1.5,0.02,0.04,-0.05,40,40,40,40,40,10,0
0.28,0.016663381,0.061749444,-0.00019984783,0.0013747012,-0.016663381,-0.061749444,0.00019984783,-0.0013747012,0.0018675797,0.0018675797,OK,0,2.0390752e-05,0.0012366039,1.4681063e-08,1.3133432e-06,15,1.5,0.02,0.04,-0.05,40,40,40,40,40,10,0
0.285,0.016968343,0.060454211,-0.00019310435,0.0012449096,-0.016968343,-0.060454211,0.00019310435,-0.0012449096,0.0017283344,0.0017283344,OK,0,2.1830375e-05,0.0012548774,1.4867509e-08,1.3210922e-06,15,1.5,0.02,0.04,-0.05,40,40,40,40,40,10,0
0.29,0.01726681,0.059271563,-0.00018737206,0.0011163206,-0.01726681,-0.059271563,0.00018737206,-0.0011163206,0.0015800987,0.0015800987,OK,0,2.3321089e-05,0.001272443,1.504305e-08,1.3273231e-06,15,1.5,0.02,0.04,-0.05,40,40,40,40,40,10,0
0.295,0.017559592,0.058187474,-0.00018231478,0.00099873021,-0.017559592,-0.058187474,0.00018231478,-0.00099873021,0.0014420644,0.0014420644,OK,0,2.4862785e-05,0.0012893719,1.5209244e-08,1.3323104e-06,15,1.5,0.02,0.04,-0.05,40,40,40,40,40,10,0
0.3,0.017847596,0.057209983,-0.00017750988,0.00088605846,-0.017847596,-0.057209983,0.00017750988,-0.00088605846,0.0013117907,0.0013117907,OK,0,2.6455469e-05,0.0013057368,1.5366793e-08,1.3362359e-06,15,1.5,0.02,0.04,-0.05,40,40,40,40,40,10,0
0.305,0.018130896,0.0563018,-0.00017337967,0.00077258931,-0.018130896,-0.0563018,0.00017337967,-0.00077258931,0.0011728789,0.0011728789,OK,0,2.8099116e-05,0.0013215863,1.5517095e-08,1.3392203e-06,15,1.5,0.02,0.04,-0.05,40,40,40,40,40,10,0
0.31,0.018410236,0.055573472,-0.00016975488,0.00066957866,-0.018410236,-0.055573472,0.00016975488,-0.00066957866,0.0010491884,0.0010491884,OK,0,2.97938e-05,0.0013370284,1.5661179e-08,1.341462e-06,15,1.5,0.02,0.04,-0.05,40,40,40,40,40,10,0
0.315,0.018685988,0.054916414,-0.00016672031,0.00056516996,-0.018685988,-0.054916414,0.00016672031,-0.00056516996,0.00091732657,0.00091732657,OK,0,3.153963e-05,0.0013521074,1.5800157e-08,1.3430591e-06,15,1.5,0.02,0.04,-0.05,40,40,40,40,40,10,0
0.32,0.018958929,0.054361306,-0.00016402292,0.00046326964,-0.018958929,-0.054361306,0.00016402292,-0.00046326964,0.00078819148,0.00078819148,OK,0,3.3336835e-05,0.0013668832,1.5934675e-08,1.3441322e-06,15,1.5,0.02,0.04,-0.05,40,40,40,40,40,10,0
0.325,0.019229061,0.053898102,-0.00016208434,0.00036872444,-0.019229061,-0.053898102,0.00016208434,-0.00036872444,0.00066232688,0.00066232688,OK,0,3.5185619e-05,0.0013814082,1.6066031e-08,1.344812e-06,15,1.5,0.02,0.04,-0.05,40,40,40,40,40,10,0
0.33,0.019497377,0.053540714,-0.00016048259,0.00027553529,-0.019497377,-0.053540714,0.00016048259,-0.00027553529,0.00053764019,0.00053764019,OK,0,3.7086358e-05,0.0013957412,1.6194805e-08,1.3451916e-06,15,1.5,0.02,0.04,-0.05,40,40,40,40,40,10,0
0.335,0.019764258,0.05328481,-0.00015930248,0.00018318916,-0.019764258,-0.05328481,0.00015930248,-0.00018318916,0.00041192408,0.00041192408,OK,0,3.9039487e-05,0.0014099376,1.6321691e-08,1.3453594e-06,15,1.5,0.02,0.04,-0.05,40,40,40,40,40,10,0
0.34,0.020029843,0.053128066,-0.00015888118,9.4845786e-05,-0.020029843,-0.053128066,0.00015888118,-9.4845786e-05,0.00028477044,0.00028477044,OK,0,4.1045461e-05,0.0014240506,1.6447907e-08,1.3454044e-06,15,1.5,0.02,0.04,-0.05,40,40,40,40,40,10,0
0.345,0.020295371,0.053067478,-0.00015845955,9.1158011e-06,-0.020295371,-0.053067478,0.00015845955,-9.1158011e-06,0.00016538707,0.00016538707,OK,0,4.3104971e-05,0.0014381313,1.6573454e-08,1.3454048e-06,15,1.5,0.02,0.04,-0.05,40,40,40,40,40,10,0
0.35,0.020560586,0.0531149,-0.00015879672,-7.6165605e-05,-0.020560586,-0.0531149,0.00015879672,7.6165605e-05,3.9608532e-05,3.9608532e-05,OK,0,4.5218659e-05,0.0014522373,1.6699536e-08,1.3454338e-06,15,1.5,0.02,0.04,-0.05,40,40,40,40,40,10,0
0.355,0.020826695,0.053265042,-0.00015913389,-0.00016059111,-0.020826695,-0.053265042,0.00015913389,0.00016059111,-8.0759479e-05,-8.0759479e-05,OK,0,4.7387416e-05,0.0014664231,1.6826154e-08,1.3455627e-06,15,1.5,0.02,0.04,-0.05,40,40,40,40,40,10,0
0.36,0.021093487,0.053513849,-0.000160314,-0.00024286694,-0.021093487,-0.053513849,0.000160314,0.00024286694,-0.00020658673,-0.00020658673,OK,0,4.9612092e-05,0.0014807418,1.6954657e-08,1.3458576e-06,15,1.5,0.02,0.04,-0.05,40,40,40,40,40,10,0
0.365,0.021362095,0.053867577,-0.0001616627,-0.00032525819,-0.021362095,-0.053867577,0.0001616627,0.00032525819,-0.00033088275,-0.00033088275,OK,0,5.1893787e-05,0.0014952504,1.7085331e-08,1.3463866e-06,15,1.5,0.02,0.04,-0.05,40,40,40,40,40,10,0
0.37,0.021632687,0.054326481,-0.00016351715,-0.00040702122,-0.021632687,-0.054326481,0.00016351715,0.00040702122,-0.00045757617,-0.00045757617,OK,0,5.4233653e-05,0.0015100072,1.7219021e-08,1.3472149e-06,15,1.5,0.02,0.04,-0.05,40,40,40,40,40,10,0
0.375,0.021905924,0.054892265,-0.00016570878,-0.0004880841,-0.021905924,-0.054892265,0.00016570878,0.0004880841,-0.00058394883,-0.00058394883,OK,0,5.6633e-05,0.001525073,1.7356318e-08,1.3484061e-06,15,1.5,0.02,0.04,-0.05,40,40,40,40,40,10,0
0.38,0.022182222,0.055560345,-0.00016840618,-0.00056780923,-0.022182222,-0.055560345,0.00016840618,0.00056780923,-0.00071174828,-0.00071174828,OK,0,5.9093255e-05,0.0015405078,1.7498121e-08,1.3500181e-06,15,1.5,0.02,0.04,-0.05,40,40,40,40,40,10,0
0.385,0.022462263,0.056340077,-0.00017144074,-0.0006482357,-0.022462263,-0.056340077,0.00017144074,0.0006482357,-0.00084111633,-0.00084111633,OK,0,6.1616022e-05,0.0015563788,1.7645081e-08,1.3521192e-06,15,1.5,0.02,0.04,-0.05,40,40,40,40,40,10,0
0.39,0.022746395,0.057218394,-0.00017498107,-0.00072945554,-0.022746395,-0.057218394,0.00017498107,0.00072945554,-0.0009752357,-0.0009752357,OK,0,6.4203014e-05,0.0015727485,1.7798172e-08,1.3547797e-06,15,1.5,0.02,0.04,-0.05,40,40,40,40,40,10,0
0.395,0.023035351,0.058231655,-0.00017885891,-0.00080880197,-0.023035351,-0.058231655,0.00017885891,0.00080880197,-0.0011061133,-0.0011061133,OK,0,6.6856151e-05,0.0015897031,1.7958125e-08,1.3580505e-06,15,1.5,0.02,0.04,-0.05,40,40,40,40,40,10,0
0.4,0.023329878,0.059351238,-0.00018298912,-0.00089095529,-0.023329878,-0.059351238,0.00018298912,0.00089095529,-0.0012406227,-0.0012406227,OK,0,6.9577567e-05,0.001607316,1.812555e-08,1.3620195e-06,15,1.5,0.02,0.04,-0.05,40,40,40,40,40,10,0
0.405,0.023630078,0.060567138,-0.00018779368,-0.00097589389,-0.023630078,-0.060567138,0.00018779368,0.00097589389,-0.001385459,-0.001385459,OK,0,7.236947e-05,0.0016256579,1.8301882e-08,1.3667813e-06,15,1.5,0.02,0.04,-0.05,40,40,40,40,40,10,0
0.41,0.023937027,0.061892353,-0.00019276716,-0.0010587643,-0.023937027,-0.061892353,0.00019276716,0.0010587643,-0.0015252192,-0.0015252192,OK,0,7.5234376e-05,0.0016448112,1.8487678e-08,1.3723862e-06,15,1.5,0.02,0.04,-0.05,40,40,40,40,40,10,0
0.415,0.024250812,0.063420024,-0.00019849912,-0.0011398277,-0.024250812,-0.063420024,0.00019849912,0.0011398277,-0.0016654111,-0.0016654111,OK,0,7.8174886e-05,0.0016649217,1.8684688e-08,1.3788823e-06,15,1.5,0.02,0.04,-0.05,40,40,40,40,40,10,0
0.42,0.024570991,0.064169794,-0.00020380978,-0.0010131877,-0.024570991,-0.064169794,0.00020380978,0.0010131877,-0.0015187166,-0.0015187166,OK,0,8.1193554e-05,0.0016855105,1.889238e-08,1.384015e-06,15,1.5,0.02,0.04,-0.05,40,40,40,40,40,10,0
0.425,0.02489368,0.064850447,-0.00020861434,-0.00090163651,-0.02489368,-0.064850447,0.00020861434,0.00090163651,-0.0013897784,-0.0013897784,OK,0,8.429203e-05,0.0017065384,1.910998e-08,1.3880798e-06,15,1.5,0.02,0.04,-0.05,40,40,40,40,40,10,0
0.43,0.025219844,0.065393629,-0.00021274489,-0.00077543447,-0.025219844,-0.065393629,0.00021274489,0.00077543447,-0.001234183,-0.001234183,OK,0,8.7472233e-05,0.00172792,1.9336282e-08,1.3910863e-06,15,1.5,0.02,0.04,-0.05,40,40,40,40,40,10,0
0.435,0.025549154,0.066279124,-0.00021679098,-0.00077900047,-0.025549154,-0.066279124,0.00021679098,0.00077900047,-0.0012582173,-0.0012582173,OK,0,9.0736029e-05,0.0017498846,1.9571273e-08,1.3941205e-06,15,1.5,0.02,0.04,-0.05,40,40,40,40,40,10,0
0.44,0.025884118,0.067446302,-0.00022066848,-0.00084880581,-0.025884118,-0.067446302,0.00022066848,0.00084880581,-0.0013677014,-0.0013677014,OK,0,9.4085967e-05,0.0017726297,1.9814746e-08,1.3977228e-06,15,1.5,0.02,0.04,-0.05,40,40,40,40,40,10,0
0.445,0.026225225,0.068778617,-0.00022513587,-0.00093708113,-0.026225225,-0.068778617,0.00022513587,0.00093708113,-0.0015070105,-0.0015070105,OK,0,9.7524779e-05,0.0017962822,2.0068177e-08,1.4021134e-06,15,1.5,0.02,0.04,-0.05,40,40,40,40,40,10,0
0.45,0.026573351,0.07018947,-0.00023002489,-0.0010239632,-0.026573351,-0.07018947,0.00023002489,0.0010239632,-0.0016472724,-0.0016472724,OK,0,0.00010105549,0.001820915,2.0332734e-08,1.4073559e-06,15,1.5,0.02,0.04,-0.05,40,40,40,40,40,10,0
0.455,0.026924155,0.070206731,-0.00023423956,-0.00072813047,-0.026924155,-0.070206731,0.00023423956,0.00072813047,-0.0012590368,-0.0012590368,OK,0,0.00010468004,0.0018455599,2.0607075e-08,1.4100068e-06,15,1.5,0.02,0.04,-0.05,40,40,40,40,40,10,0
0.46,0.027277855,0.071162062,-0.00023794881,-0.000748669,-0.027277855,-0.071162062,0.00023794881,0.000748669,-0.0013001961,-0.0013001961,OK,0,0.00010840045,0.0018708801,2.0890173e-08,1.4128093e-06,15,1.5,0.02,0.04,-0.05,40,40,40,40,40,10,0
0.465,0.027637426,0.072432181,-0.00024182631,-0.00084005923,-0.027637426,-0.072432181,0.00024182631,0.00084005923,-0.0014374477,-0.0014374477,OK,0,0.00011221959,0.0018971122,2.1182573e-08,1.4163378e-06,15,1.5,0.02,0.04,-0.05,40,40,40,40,40,10,0
0.47,0.028003734,0.073887001,-0.00024637782,-0.00094872706,-0.028003734,-0.073887001,0.00024637782,0.00094872706,-0.0016032032,-0.0016032032,OK,0,0.00011614063,0.0019244086,2.1486083e-08,1.4208382e-06,15,1.5,0.02,0.04,-0.05,40,40,40,40,40,10,0
0.475,0.028377803,0.075493327,-0.00025143543,-0.0010603186,-0.028377803,-0.075493327,0.00025143543,0.0010603186,-0.0017747203,-0.0017747203,OK,0,0.00012016713,0.0019529048,2.1802182e-08,1.4264596e-06,15,1.5,0.02,0.04,-0.05,40,40,40,40,40,10,0
0.48,0.028760338,0.077252969,-0.00025708359,-0.0011737927,-0.028760338,-0.077252969,0.00025708359,0.0011737927,-0.0019516175,-0.0019516175,OK,0,0.00012430292,0.001982745,2.2132642e-08,1.4333486e-06,15,1.5,0.02,0.04,-0.05,40,40,40,40,40,10,0
0.485,0.02915219,0.079164177,-0.00026323685,-0.001288647,-0.02915219,-0.079164177,0.00026323685,0.001288647,-0.0021319123,-0.0021319123,OK,0,0.00012855217,0.0020140798,2.247911e-08,1.4416516e-06,15,1.5,0.02,0.04,-0.05,40,40,40,40,40,10,0
0.49,0.029553973,0.081235753,-0.00027006446,-0.0014054521,-0.029553973,-0.081235753,0.00027006446,0.0014054521,-0.0023186354,-0.0023186354,OK,0,0.00013291936,0.002047076,2.2843784e-08,1.4515281e-06,15,1.5,0.02,0.04,-0.05,40,40,40,40,40,10,0
0.495,0.029966934,0.083468079,-0.00027714511,-0.0015234845,-0.029966934,-0.083468079,0.00027714511,0.0015234845,-0.0025043415,-0.0025043415,OK,0,0.00013740944,0.0020819106,2.3227831e-08,1.4631331e-06,15,1.5,0.02,0.04,-0.05,40,40,40,40,40,10,0
0.5,0.030391251,0.085875455,-0.00028515315,-0.0016463807,-0.030391251,-0.085875455,0.00028515315,0.0016463807,-0.0027040251,-0.0027040251,OK,0,0.00014202758,0.0021187836,2.3634393e-08,1.476686e-06,15,1.5,0.02,0.04,-0.05,40,40,40,40,40,10,0
0.505,0.03082812,0.088449104,-0.00029375109,-0.0017695289,-0.03082812,-0.088449104,0.00029375109,0.0017695289,-0.0029060331,-0.0029060331,OK,0,0.00014677945,0.0021578998,2.4065841e-08,1.4923421e-06,15,1.5,0.02,0.04,-0.05,40,40,40,40,40,10,0
0.51,0.031278504,0.09120007,-0.00030285478,-0.0018951203,-0.031278504,-0.09120007,0.00030285478,0.0018951203,-0.0031119294,-0.0031119294,OK,0,0.00015167117,0.0021994871,2.4524446e-08,1.5102995e-06,15,1.5,0.02,0.04,-0.05,40,40,40,40,40,10,0
0.515,0.031742993,0.094138591,-0.00031280142,-0.002024671,-0.031742993,-0.094138591,0.00031280142,0.002024671,-0.0033286243,-0.0033286243,OK,0,0.00015670926,0.0022437974,2.501367e-08,1.530796e-06,15,1.5,0.02,0.04,-0.05,40,40,40,40,40,10,0
0.52,0.032223038,0.097262509,-0.00032308522,-0.0021561115,-0.032223038,-0.097262509,0.00032308522,0.0021561115,-0.0035454844,-0.0035454844,OK,0,0.00016190088,0.0022910974,2.553559e-08,1.5540401e-06,15,1.5,0.02,0.04,-0.05,40,40,40,40,40,10,0
0.525,0.03271897,0.10059073,-0.00033438087,-0.0022935433,-0.03271897,-0.10059073,0.00033438087,0.0022935433,-0.0037780194,-0.0037780194,OK,0,0.00016725353,0.0023416899,2.6094643e-08,1.5803418e-06,15,1.5,0.02,0.04,-0.05,40,40,40,40,40,10,0
0.53,0.033232304,0.10411575,-0.00034618196,-0.0024326416,-0.033232304,-0.10411575,0.00034618196,0.0024326416,-0.0040124156,-0.0040124156,OK,0,0.00017277546,0.0023958903,2.6693853e-08,1.6099305e-06,15,1.5,0.02,0.04,-0.05,40,40,40,40,40,10,0
0.535,0.03376386,0.10785635,-0.00035874153,-0.0025770221,-0.03376386,-0.10785635,0.00035874153,0.0025770221,-0.004257125,-0.004257125,OK,0,0.00017847546,0.0024540553,2.733733e-08,1.6431357e-06,15,1.5,0.02,0.04,-0.05,40,40,40,40,40,10,0
0.54,0.034314829,0.11181649,-0.00037197576,-0.0027259564,-0.034314829,-0.11181649,0.00037197576,0.0027259564,-0.0045096147,-0.0045096147,OK,0,0.00018436299,0.0025165699,2.802916e-08,1.6802899e-06,15,1.5,0.02,0.04,-0.05,40,40,40,40,40,10,0
0.545,0.034886274,0.11600385,-0.00038596848,-0.0028804636,-0.034886274,-0.11600385,0.00038596848,0.0028804636,-0.0047723432,-0.0047723432,OK,0,0.00019044825,0.0025838544,2.8774019e-08,1.7217753e-06,15,1.5,0.02,0.04,-0.05,40,40,40,40,40,10,0
0.55,0.035479135,0.12042985,-0.00040097272,-0.0030402159,-0.035479135,-0.12042985,0.00040097272,0.0030402159,-0.0050481382,-0.0050481382,OK,0,0.0001967421,0.0026563712,2.9577914e-08,1.7679898e-06,15,1.5,0.02,0.04,-0.05,40,40,40,40,40,10,0
0.555,0.036095228,0.12509741,-0.00041639859,-0.0032038114,-0.036095228,-0.12509741,0.00041639859,0.0032038114,-0.005325895,-0.005325895,OK,0,0.00020325643,0.002734618,3.0444853e-08,1.8193119e-06,15,1.5,0.02,0.04,-0.05,40,40,40,40,40,10,0
0.56,0.036735101,0.13002844,-0.00043300457,-0.0033764905,-0.036735101,-0.13002844,0.00043300457,0.0033764905,-0.0056239647,-0.0056239647,OK,0,0.00021000376,0.0028191549,3.1382318e-08,1.8763153e-06,15,1.5,0.02,0.04,-0.05,40,40,40,40,40,10,0
0.565,0.037400592,0.13521768,-0.00045028457,-0.0035533774,-0.037400592,-0.13521768,0.00045028457,0.0035533774,-0.0059276156,-0.0059276156,OK,0,0.00021699779,0.002910574,3.2396099e-08,1.9394478e-06,15,1.5,0.02,0.04,-0.05,40,40,40,40,40,10,0
0.57,0.038092673,0.14068885,-0.00046866087,-0.0037381571,-0.038092673,-0.14068885,0.00046866087,0.0037381571,-0.0062477411,-0.0062477411,OK,0,0.00022425304,0.0030095408,3.3494314e-08,2.0093169e-06,15,1.5,0.02,0.04,-0.05,40,40,40,40,40,10,0
0.575,0.03881305,0.14644539,-0.00048787978,-0.0039288747,-0.03881305,-0.14644539,0.00048787978,0.0039288747,-0.0065774321,-0.0065774321,OK,0,0.00023178531,0.0031167721,3.4684447e-08,2.0864971e-06,15,1.5,0.02,0.04,-0.05,40,40,40,40,40,10,0
0.58,0.03956332,0.15250406,-0.00050785718,-0.0041278551,-0.03956332,-0.15250406,0.00050785718,0.0041278551,-0.0069182115,-0.0069182115,OK,0,0.00023961159,0.0032330595,3.5974042e-08,2.1716931e-06,15,1.5,0.02,0.04,-0.05,40,40,40,40,40,10,0
0.585,0.040296045,0.13950212,-0.00051687675,0.00050526745,-0.040296045,-0.13950212,0.00051687675,-0.00050526745,-0.00060924432,-0.00060924432,OK,0,0.00024773045,0.0033303637,3.730985e-08,2.1729696e-06,15,1.5,0.02,0.04,-0.05,40,40,40,40,40,10,0
0.59,0.040969525,0.13162812,-0.00050844739,0.0024951304,-0.040969525,-0.13162812,0.00050844739,-0.0024951304,0.0022005,0.0022005,OK,0,0.00025612296,0.0034169935,3.8602443e-08,2.2040979e-06,15,1.5,0.02,0.04,-0.05,40,40,40,40,40,10,0
0.595,0.041617759,0.12844156,-0.00049538175,0.0026971882,-0.041617759,-0.12844156,0.00049538175,-0.0026971882,0.0025850736,0.0025850736,OK,0,0.00026478315,0.0034994797,3.9829459e-08,2.2404721e-06,15,1.5,0.02,0.04,-0.05,40,40,40,40,40,10,0
0.6,0.042253903,0.12645807,-0.00048223228,0.0025129705,-0.042253903,-0.12645807,0.00048223228,-0.0025129705,0.0024393724,0.0024393724,OK,0,0.00027371011,0.0035794379,4.0992199e-08,2.2720472e-06,15,1.5,0.02,0.04,-0.05,40,40,40,40,40,10,0
0.605,0.04288154,0.12492472,-0.00047017784,0.0022509536,-0.04288154,-0.12492472,0.00047017784,-0.0022509536,0.0021783822,0.0021783822,OK,0,0.00028290424,0.0036574688,4.2097535e-08,2.2973811e-06,15,1.5,0.02,0.04,-0.05,40,40,40,40,40,10,0
0.61,0.043501997,0.12366714,-0.0004598099,0.0019790149,-0.043501997,-0.12366714,0.0004598099,-0.0019790149,0.0018880993,0.0018880993,OK,0,0.00029236636,0.0037339366,4.315466e-08,2.3169636e-06,15,1.5,0.02,0.04,-0.05,40,40,40,40,40,10,0
0.615,0.044116675,0.12263887,-0.00045095925,0.0017153131,-0.044116675,-0.12263887,0.00045095925,-0.0017153131,0.0015964692,0.0015964692,OK,0,0.00030209776,0.0038091381,4.4171482e-08,2.3316751e-06,15,1.5,0.02,0.04,-0.05,40,40,40,40,40,10,0
0.62,0.044727495,0.12183329,-0.00044278263,0.0014615552,-0.044727495,-0.12183329,0.00044278263,-0.0014615552,0.001318475,0.001318475,OK,0,0.00031210051,0.0038833549,4.5151764e-08,2.3423558e-06,15,1.5,0.02,0.04,-0.05,40,40,40,40,40,10,0
0.625,0.045334675,0.12127762,-0.00043620775,0.0012108939,-0.045334675,-0.12127762,0.00043620775,-0.0012108939,0.001031023,0.001031023,OK,0,0.00032237667,0.0039568962,4.610315e-08,2.3496872e-06,15,1.5,0.02,0.04,-0.05,40,40,40,40,40,10,0
0.63,0.045939723,0.12092098,-0.00043081297,0.00096798762,-0.045939723,-0.12092098,0.00043081297,-0.00096798762,0.00074542047,0.00074542047,OK,0,0.00033292896,0.0040300056,4.7031149e-08,2.3543722e-06,15,1.5,0.02,0.04,-0.05,40,40,40,40,40,10,0
0.635,0.046543645,0.12080002,-0.00042668244,0.00073303941,-0.046543645,-0.12080002,0.00042668244,-0.00073303941,0.00046219604,0.00046219604,OK,0,0.00034376052,0.0041029688,4.7941439e-08,2.3570589e-06,15,1.5,0.02,0.04,-0.05,40,40,40,40,40,10,0
0.64,0.047147703,0.12090582,-0.00042364788,0.00050402694,-0.047147703,-0.12090582,0.00042364788,-0.00050402694,0.00018050921,0.00018050921,OK,0,0.00035487505,0.0041760599,4.8838826e-08,2.3583291e-06,15,1.5,0.02,0.04,-0.05,40,40,40,40,40,10,0
0.645,0.047753095,0.12124106,-0.00042162485,0.00027954409,-0.047753095,-0.12124106,0.00042162485,-0.00027954409,-0.0001003521,-0.0001003521,OK,0,0.00036627684,0.0042495569,4.9727664e-08,2.3587198e-06,15,1.5,0.02,0.04,-0.05,40,40,40,40,40,10,0
0.65,0.048360798,0.12181004,-0.00042078192,5.8360709e-05,-0.048360798,-0.12181004,0.00042078192,-5.8360709e-05,-0.00038457017,-0.00038457017,OK,0,0.00037797067,0.0043237453,5.0612951e-08,2.3587369e-06,15,1.5,0.02,0.04,-0.05,40,40,40,40,40,10,0
0.655,0.04897195,0.12261042,-0.00042111911,-0.00015872094,-0.04897195,-0.12261042,0.00042111911,0.00015872094,-0.00067101237,-0.00067101237,OK,0,0.00038996193,0.0043989119,5.1499657e-08,2.3588628e-06,15,1.5,0.02,0.04,-0.05,40,40,40,40,40,10,0
0.66,0.04958786,0.12363961,-0.00042246781,-0.00037197868,-0.04958786,-0.12363961,0.00042246781,0.00037197868,-0.00095764353,-0.00095764353,OK,0,0.00040225671,0.0044753456,5.2392053e-08,2.3595547e-06,15,1.5,0.02,0.04,-0.05,40,40,40,40,40,10,0
0.665,0.050209617,0.12491637,-0.00042491249,-0.00058243855,-0.050209617,-0.12491637,0.00042491249,0.00058243855,-0.001246498,-0.001246498,OK,0,0.00041486174,0.0045533661,5.3294806e-08,2.3612508e-06,15,1.5,0.02,0.04,-0.05,40,40,40,40,40,10,0
0.67,0.050838334,0.12643099,-0.00042853696,-0.00079138777,-0.050838334,-0.12643099,0.00042853696,0.00079138777,-0.0015411299,-0.0015411299,OK,0,0.00042778442,0.0046332901,5.4213025e-08,2.3643823e-06,15,1.5,0.02,0.04,-0.05,40,40,40,40,40,10,0
0.675,0.051475622,0.12818801,-0.00043292024,-0.00099762259,-0.051475622,-0.12818801,0.00043292024,0.00099762259,-0.0018332045,-0.0018332045,OK,0,0.00044103312,0.0047154509,5.5150125e-08,2.3693586e-06,15,1.5,0.02,0.04,-0.05,40,40,40,40,40,10,0
0.68,0.052122305,0.13020067,-0.00043848362,-0.0012052454,-0.052122305,-0.13020067,0.00043848362,0.0012052454,-0.0021346494,-0.0021346494,OK,0,0.00045461679,0.004800212,5.6111464e-08,2.3766216e-06,15,1.5,0.02,0.04,-0.05,40,40,40,40,40,10,0
0.685,0.052779824,0.1324664,-0.00044505852,-0.0014118265,-0.052779824,-0.1324664,0.00044505852,0.0014118265,-0.0024393652,-0.0024393652,OK,0,0.00046854534,0.0048879487,5.710185e-08,2.3865879e-06,15,1.5,0.02,0.04,-0.05,40,40,40,40,40,10,0
0.69,0.053449482,0.1349926,-0.00045264495,-0.0016187707,-0.053449482,-0.1349926,0.00045264495,0.0016187707,-0.0027491364,-0.0027491364,OK,0,0.00048282958,0.0049790638,5.8126287e-08,2.39969e-06,15,1.5,0.02,0.04,-0.05,40,40,40,40,40,10,0
0.695,0.054132584,0.13778568,-0.00046124289,-0.0018268066,-0.054132584,-0.13778568,0.00046124289,0.0018268066,-0.0030647744,-0.0030647744,OK,0,0.00049748126,0.0050739882,5.9190012e-08,2.4163761e-06,15,1.5,0.02,0.04,-0.05,40,40,40,40,40,10,0
0.7,0.054826581,0.13938566,-0.00047017833,-0.0016749413,-0.054826581,-0.13938566,0.00047017833,0.0016749413,-0.0028931288,-0.0028931288,OK,0,0.00051251103,0.00517113,6.0295351e-08,2.4304033e-06,15,1.5,0.02,0.04,-0.05,40,40,40,40,40,10,0
0.705,0.055529999,0.14154035,-0.00047827021,-0.0016959534,-0.055529999,-0.14154035,0.00047827021,0.0016959534,-0.002945769,-0.002945769,OK,0,0.00052792893,0.0052712984,6.1439062e-08,2.4447845e-06,15,1.5,0.02,0.04,-0.05,40,40,40,40,40,10,0
0.71,0.056241341,0.14262653,-0.0004863627,-0.0014406013,-0.056241341,-0.14262653,0.0004863627,0.0014406013,-0.0026264544,-0.0026264544,OK,0,0.00054374437,0.00537301,6.2621806e-08,2.4551612e-06,15,1.5,0.02,0.04,-0.05,40,40,40,40,40,10,0
0.715,0.056959935,0.14447916,-0.00049335892,-0.0014481257,-0.056959935,-0.14447916,0.00049335892,0.0014481257,-0.002654207,-0.002654207,OK,0,0.00055996655,0.0054773812,6.3838821e-08,2.4656465e-06,15,1.5,0.02,0.04,-0.05,40,40,40,40,40,10,0
0.72,0.057689706,0.14705347,-0.00050111393,-0.0016326367,-0.057689706,-0.14705347,0.00050111393,0.0016326367,-0.0029297311,-0.0029297311,OK,0,0.00057660706,0.0055855048,6.5094397e-08,2.4789741e-06,15,1.5,0.02,0.04,-0.05,40,40,40,40,40,10,0
0.725,0.058433513,0.15004948,-0.00050988046,-0.0018498455,-0.058433513,-0.15004948,0.00050988046,0.0018498455,-0.0032523259,-0.0032523259,OK,0,0.00059367943,0.005698079,6.6394287e-08,2.4960837e-06,15,1.5,0.02,0.04,-0.05,40,40,40,40,40,10,0
0.73,0.059192805,0.15328387,-0.000519996,-0.0020866354,-0.059192805,-0.15328387,0.000519996,0.0020866354,-0.0036146824,-0.0036146824,OK,0,0.00061119837,0.0058155588,6.7746266e-08,2.5178539e-06,15,1.5,0.02,0.04,-0.05,40,40,40,40,40,10,0
0.735,0.059969838,0.15684998,-0.00053078558,-0.0023147624,-0.059969838,-0.15684998,0.00053078558,0.0023147624,-0.0039605315,-0.0039605315,OK,0,0.00062918028,0.0059385683,6.9154933e-08,2.5446446e-06,15,1.5,0.02,0.04,-0.05,40,40,40,40,40,10,0
0.74,0.060765314,0.16074707,-0.00054317659,-0.0025553108,-0.060765314,-0.16074707,0.00054317659,0.0025553108,-0.004335426,-0.004335426,OK,0,0.0006476424,0.0060677664,7.0630137e-08,2.5772926e-06,15,1.5,0.02,0.04,-0.05,40,40,40,40,40,10,0
0.745,0.061581607,0.16495757,-0.00055632638,-0.0027942561,-0.061581607,-0.16495757,0.00055632638,0.0027942561,-0.004706345,-0.004706345,OK,0,0.00066660387,0.0062038214,7.2177632e-08,2.616332e-06,15,1.5,0.02,0.04,-0.05,40,40,40,40,40,10,0
0.75,0.062419484,0.16951298,-0.00057116236,-0.0030420367,-0.062419484,-0.16951298,0.00057116236,0.0030420367,-0.0051015818,-0.0051015818,OK,0,0.00068608483,0.0063474947,7.3808765e-08,2.6626019e-06,15,1.5,0.02,0.04,-0.05,40,40,40,40,40,10,0
0.755,0.063281364,0.174385,-0.0005869251,-0.0032841764,-0.063281364,-0.174385,0.0005869251,0.0032841764,-0.005489114,-0.005489114,OK,0,0.00070610749,0.0064995453,7.553117e-08,2.716531e-06,15,1.5,0.02,0.04,-0.05,40,40,40,40,40,10,0
0.76,0.064168616,0.17962282,-0.00060403685,-0.0035404396,-0.064168616,-0.17962282,0.00060403685,0.0035404396,-0.0059029272,-0.0059029272,OK,0,0.00072669554,0.0066608671,7.7355473e-08,2.7792045e-06,15,1.5,0.02,0.04,-0.05,40,40,40,40,40,10,0
0.765,0.065083325,0.18522693,-0.00062224426,-0.0038022406,-0.065083325,-0.18522693,0.00062224426,0.0038022406,-0.0063262811,-0.0063262811,OK,0,0.00074787474,0.0068324122,7.9291412e-08,2.8514897e-06,15,1.5,0.02,0.04,-0.05,40,40,40,40,40,10,0
0.77,0.065953805,0.16694262,-0.00062384598,0.0020161464,-0.065953805,-0.16694262,0.00062384598,-0.0020161464,0.0016633109,0.0016633109,OK,0,0.00076962426,0.0069717614,8.1237331e-08,2.8718139e-06,15,1.5,0.02,0.04,-0.05,40,40,40,40,40,10,0
0.775,0.066770543,0.16105508,-0.00061078033,0.0029778122,-0.066770543,-0.16105508,0.00061078033,-0.0029778122,0.0030826272,0.0030826272,OK,0,0.00079191579,0.007101455,8.3102594e-08,2.9161508e-06,15,1.5,0.02,0.04,-0.05,40,40,40,40,40,10,0
0.78,0.067566483,0.15803813,-0.00059594466,0.0029170002,-0.067566483,-0.15803813,0.00059594466,-0.0029170002,0.0031091853,0.0031091853,OK,0,0.00081474193,0.0072263353,8.4878344e-08,2.9586952e-06,15,1.5,0.02,0.04,-0.05,40,40,40,40,40,10,0
0.785,0.068349784,0.15587746,-0.00058220496,0.0026368296,-0.068349784,-0.15587746,0.00058220496,-0.0026368296,0.0028242641,0.0028242641,OK,0,0.0008381004,0.0073478242,8.6573157e-08,2.9934596e-06,15,1.5,0.02,0.04,-0.05,40,40,40,40,40,10,0
0.79,0.069123582,0.15412269,-0.00056989779,0.0023208551,-0.069123582,-0.15412269,0.00056989779,-0.0023208551,0.0024801951,0.0024801951,OK,0,0.00086199075,0.0074665932,8.8197075e-08,3.0203914e-06,15,1.5,0.02,0.04,-0.05,40,40,40,40,40,10,0
0.795,0.069889779,0.15268089,-0.00055893963,0.0020050696,-0.069889779,-0.15268089,0.00055893963,-0.0020050696,0.0021285411,0.0021285411,OK,0,0.00088641365,0.0075831505,8.9759142e-08,3.0404929e-06,15,1.5,0.02,0.04,-0.05,40,40,40,40,40,10,0
0.8,0.070649448,0.15153597,-0.00054975147,0.0016931337,-0.070649448,-0.15153597,0.00054975147,-0.0016931337,0.0017678562,0.0017678562,OK,0,0.00091137038,0.0076979663,9.1270276e-08,3.0548264e-06,15,1.5,0.02,0.04,-0.05,40,40,40,40,40,10,0
0.805,0.071403945,0.15065997,-0.00054233363,0.001396171,-0.071403945,-0.15065997,0.00054233363,-0.001396171,0.0014137297,0.0014137297,OK,0,0.00093686299,0.0078114584,9.2740905e-08,3.0645729e-06,15,1.5,0.02,0.04,-0.05,40,40,40,40,40,10,0
0.81,0.072155171,0.15007036,-0.00053609591,0.0011049772,-0.072155171,-0.15007036,0.00053609591,-0.0011049772,0.0010619451,0.0010619451,OK,0,0.00096289484,0.007924064,9.4177899e-08,3.0706778e-06,15,1.5,0.02,0.04,-0.05,40,40,40,40,40,10,0
0.815,0.072904148,0.14975802,-0.00053145991,0.0008242052,-0.072904148,-0.14975802,0.00053145991,-0.0008242052,0.00071281295,0.00071281295,OK,0,0.00098946991,0.0080362013,9.5590147e-08,3.0740744e-06,15,1.5,0.02,0.04,-0.05,40,40,40,40,40,10,0
0.82,0.073652645,0.14973376,-0.00052800372,0.00054747093,-0.073652645,-0.14973376,0.00052800372,-0.00054747093,0.00036355382,0.00036355382,OK,0,0.0010165935,0.0081483023,9.6984087e-08,3.075573e-06,15,1.5,0.02,0.04,-0.05,40,40,40,40,40,10,0
0.825,0.074401879,0.14999275,-0.00052589653,0.00027700908,-0.074401879,-0.14999275,0.00052589653,-0.00027700908,1.4813384e-05,1.4813384e-05,OK,0,0.0010442717,0.0082607914,9.8366922e-08,3.0759566e-06,15,1.5,0.02,0.04,-0.05,40,40,40,40,40,10,0
0.83,0.075151375,0.14961317,-0.00052471641,0.00024150783,-0.075151375,-0.14961317,0.00052471641,-0.00024150783,-2.0930169e-05,-2.0930169e-05,OK,0,0.0010725103,0.0083727119,9.9743559e-08,3.0762483e-06,15,1.5,0.02,0.04,-0.05,40,40,40,40,40,10,0
0.835,0.075897941,0.14928168,-0.00052378902,0.00020201119,-0.075897941,-0.14928168,0.00052378902,-0.00020201119,-6.4592502e-05,-6.4592502e-05,OK,0,0.0011013128,0.008484137,1.0111533e-07,3.0764523e-06,15,1.5,0.02,0.04,-0.05,40,40,40,40,40,10,0
0.84,0.076638043,0.14722856,-0.00052134466,0.00061388215,-0.076638043,-0.14722856,0.00052134466,-0.00061388215,0.00052255658,0.00052255658,OK,0,0.0011306797,0.0085925182,1.0247433e-07,3.0783366e-06,15,1.5,0.02,0.04,-0.05,40,40,40,40,40,10,0
0.845,0.07737264,0.14675984,-0.00051839423,0.00049273994,-0.07737264,-0.14675984,0.00051839423,-0.00049273994,0.00038104285,0.00038104285,OK,0,0.0011606124,0.0087002105,1.03818e-07,3.0795505e-06,15,1.5,0.02,0.04,-0.05,40,40,40,40,40,10,0
0.85,0.078106009,0.14685651,-0.00051696139,0.00026148619,-0.078106009,-0.14685651,0.00051696139,-0.00026148619,7.4188858e-05,7.4188858e-05,OK,0,0.0011911151,0.0088080447,1.0515424e-07,3.0798924e-06,15,1.5,0.02,0.04,-0.05,40,40,40,40,40,10,0
0.855,0.078841462,0.14728334,-0.00051611845,1.4892592e-05,-0.078841462,-0.14728334,0.00051611845,-1.4892592e-05,-0.00025127512,-0.00025127512,OK,0,0.001222195,0.0089165066,1.0648613e-07,3.0798935e-06,15,1.5,0.02,0.04,-0.05,40,40,40,40,40,10,0
0.86,0.079579868,0.1480164,-0.00051662421,-0.00023726869,-0.079579868,-0.1480164,0.00051662421,0.00023726869,-0.00059301285,-0.00059301285,OK,0,0.0012538598,0.0090260508,1.0782064e-07,3.080175e-06,15,1.5,0.02,0.04,-0.05,40,40,40,40,40,10,0
0.865,0.080322787,0.14903668,-0.00051839422,-0.00048698275,-0.080322787,-0.14903668,0.00051839422,0.00048698275,-0.00093846455,-0.00093846455,OK,0,0.0012861185,0.0091371105,1.091643e-07,3.0813608e-06,15,1.5,0.02,0.04,-0.05,40,40,40,40,40,10,0
0.87,0.08107139,0.1503446,-0.00052168182,-0.00073384292,-0.08107139,-0.1503446,0.00052168182,0.00073384292,-0.0012907797,-0.0012907797,OK,0,0.0013189814,0.009250128,1.1052506e-07,3.0840534e-06,15,1.5,0.02,0.04,-0.05,40,40,40,40,40,10,0
0.875,0.081827676,0.15193761,-0.0005258965,-0.00097600006,-0.081827676,-0.15193761,0.0005258965,0.00097600006,-0.0016383898,-0.0016383898,OK,0,0.0013524602,0.0093655532,1.119079e-07,3.0888163e-06,15,1.5,0.02,0.04,-0.05,40,40,40,40,40,10,0
0.88,0.082592688,0.15383113,-0.00053145988,-0.0012186357,-0.082592688,-0.15383113,0.00053145988,0.0012186357,-0.0019947528,-0.0019947528,OK,0,0.001386568,0.0094838733,1.1332014e-07,3.0962416e-06,15,1.5,0.02,0.04,-0.05,40,40,40,40,40,10,0
0.885,0.083368,0.15602295,-0.00053828751,-0.0014595717,-0.083368,-0.15602295,0.00053828751,0.0014595717,-0.0023553922,-0.0023553922,OK,0,0.0014213191,0.0096055891,1.1476891e-07,3.1068934e-06,15,1.5,0.02,0.04,-0.05,40,40,40,40,40,10,0
0.89,0.084155452,0.15851882,-0.00054604252,-0.0016995969,-0.084155452,-0.15851882,0.00054604252,0.0016995969,-0.0027161713,-0.0027161713,OK,0,0.0014567298,0.0097312301,1.1625972e-07,3.1213365e-06,15,1.5,0.02,0.04,-0.05,40,40,40,40,40,10,0
0.895,0.084956019,0.16133197,-0.00055531481,-0.0019422792,-0.084956019,-0.16133197,0.00055531481,0.0019422792,-0.0030907418,-0.0030907418,OK,0,0.0014928174,0.0098613702,1.178016e-07,3.1401988e-06,15,1.5,0.02,0.04,-0.05,40,40,40,40,40,10,0
0.9,0.085771779,0.16445781,-0.00056559863,-0.0021837411,-0.085771779,-0.16445781,0.00056559863,0.0021837411,-0.0034658431,-0.0034658431,OK,0,0.0015296014,0.009996602,1.194011e-07,3.1640424e-06,15,1.5,0.02,0.04,-0.05,40,40,40,40,40,10,0
0.905,0.086604013,0.16791231,-0.00057723145,-0.0024281511,-0.086604013,-0.16791231,0.00057723145,0.0024281511,-0.0038521258,-0.0038521258,OK,0,0.0015671027,0.010137575,1.2106709e-07,3.193522e-06,15,1.5,0.02,0.04,-0.05,40,40,40,40,40,10,0
0.91,0.087449647,0.16668644,-0.00058869538,-0.0014337414,-0.087449647,-0.16668644,0.00058869538,0.0014337414,-0.0025645923,-0.0025645923,OK,0,0.0016053399,0.010276497,1.227999e-07,3.2038001e-06,15,1.5,0.02,0.04,-0.05,40,40,40,40,40,10,0
0.915,0.088230219,0.14917663,-0.00058136168,0.0033705463,-0.088230219,-0.14917663,0.00058136168,-0.0033705463,0.0040670638,0.0040670638,OK,0,0.0016442628,0.010387765,1.244898e-07,3.260603e-06,15,1.5,0.02,0.04,-0.05,40,40,40,40,40,10,0
0.92,0.088953855,0.14191732,-0.00056222719,0.004163041,-0.088953855,-0.14191732,0.00056222719,-0.004163041,0.0052669236,0.0052669236,OK,0,0.0016838267,0.010488468,1.260703e-07,3.3472575e-06,15,1.5,0.02,0.04,-0.05,40,40,40,40,40,10,0
0.925,0.089648807,0.13710684,-0.00054149066,0.0040849681,-0.089648807,-0.13710684,0.00054149066,-0.0040849681,0.0052823421,0.0052823421,OK,0,0.0017240112,0.010582459,1.2753636e-07,3.4306923e-06,15,1.5,0.02,0.04,-0.05,40,40,40,40,40,10,0
0.93,0.09032184,0.13302932,-0.00052176597,0.0038248357,-0.09032184,-0.13302932,0.00052176597,-0.0038248357,0.0050383738,0.0050383738,OK,0,0.0017648014,0.010670943,1.2889756e-07,3.5038392e-06,15,1.5,0.02,0.04,-0.05,40,40,40,40,40,10,0
0.935,0.090975473,0.12929367,-0.00050347411,0.0035369705,-0.090975473,-0.12929367,0.00050347411,-0.0035369705,0.0047446005,0.0047446005,OK,0,0.0018061841,0.010754527,1.3016499e-07,3.56639e-06,15,1.5,0.02,0.04,-0.05,40,40,40,40,40,10,0
0.94,0.091611265,0.12580979,-0.00048653125,0.0032544753,-0.091611265,-0.12580979,0.00048653125,-0.0032544753,0.0044483611,0.0044483611,OK,0,0.0018481472,0.010833668,1.3134855e-07,3.619348e-06,15,1.5,0.02,0.04,-0.05,40,40,40,40,40,10,0
0.945,0.092230202,0.12255644,-0.00047110538,0.0029828678,-0.092230202,-0.12255644,0.00047110538,-0.0029828678,0.0041545827,0.0041545827,OK,0,0.0018906793,0.010908768,1.3245826e-07,3.6638355e-06,15,1.5,0.02,0.04,-0.05,40,40,40,40,40,10,0
0.95,0.092833585,0.11952058,-0.00045694406,0.0027245485,-0.092833585,-0.11952058,0.00045694406,-0.0027245485,0.0038701569,0.0038701569,OK,0,0.0019337696,0.010980194,1.3350224e-07,3.7009514e-06,15,1.5,0.02,0.04,-0.05,40,40,40,40,40,10,0
0.955,0.09342252,0.11670013,-0.00044396285,0.0024776881,-0.09342252,-0.11670013,0.00044396285,-0.0024776881,0.0035935448,0.0035935448,OK,0,0.0019774085,0.011048289,1.3448776e-07,3.7316461e-06,15,1.5,0.02,0.04,-0.05,40,40,40,40,40,10,0
0.96,0.093998103,0.11409186,-0.0004320773,0.0022410829,-0.093998103,-0.11409186,0.0004320773,-0.0022410829,0.0033241015,0.0033241015,OK,0,0.0020215867,0.011113373,1.3542121e-07,3.7567583e-06,15,1.5,0.02,0.04,-0.05,40,40,40,40,40,10,0
0.965,0.094561171,0.11169277,-0.00042145632,0.0020136408,-0.094561171,-0.11169277,0.00042145632,-0.0020136408,0.0030575508,0.0030575508,OK,0,0.0020662958,0.01117575,1.3630934e-07,3.7770321e-06,15,1.5,0.02,0.04,-0.05,40,40,40,40,40,10,0
0.97,0.095112862,0.10949479,-0.00041193099,0.001796475,-0.095112862,-0.10949479,0.00041193099,-0.001796475,0.0027977964,0.0027977964,OK,0,0.002111528,0.011235695,1.3715778e-07,3.7931687e-06,15,1.5,0.02,0.04,-0.05,40,40,40,40,40,10,0
0.975,0.095654047,0.10749645,-0.00040358577,0.0015882035,-0.095654047,-0.10749645,0.00040358577,-0.0015882035,0.0025414578,0.0025414578,OK,0,0.0021572765,0.011293473,1.3797218e-07,3.8057806e-06,15,1.5,0.02,0.04,-0.05,40,40,40,40,40,10,0
0.98,0.09618583,0.10569252,-0.00039625239,0.001389145,-0.09618583,-0.10569252,0.00039625239,-0.001389145,0.0022913491,0.0022913491,OK,0,0.0022035351,0.011349327,1.3875726e-07,3.8154292e-06,15,1.5,0.02,0.04,-0.05,40,40,40,40,40,10,0
0.985,0.096709309,0.10408276,-0.00038976195,0.0011977573,-0.096709309,-0.10408276,0.00038976195,-0.0011977573,0.0020477031,0.0020477031,OK,0,0.0022502986,0.011403493,1.3951684e-07,3.8226024e-06,15,1.5,0.02,0.04,-0.05,40,40,40,40,40,10,0
0.99,0.097225257,0.10266827,-0.00038428271,0.0010121218,-0.097225257,-0.10266827,0.00038428271,-0.0010121218,0.0018051779,0.0018051779,OK,0,0.0022975623,0.011456197,1.402552e-07,3.8277243e-06,15,1.5,0.02,0.04,-0.05,40,40,40,40,40,10,0
0.995,0.097734771,0.10144354,-0.00037964641,0.00083315121,-0.097734771,-0.10144354,0.00037964641,-0.00083315121,0.0015674677,0.0015674677,OK,0,0.0023453227,0.011507651,1.4097586e-07,3.831195e-06,15,1.5,0.02,0.04,-0.05,40,40,40,40,40,10,0
1,0.098238434,0.10040933,-0.00037619054,0.00065939184,-0.098238434,-0.10040933,0.00037619054,-0.00065939184,0.0013273713,0.0013273713,OK,0,0.0023935767,0.011558061,1.4168346e-07,3.833369e-06,15,1.5,0.02,0.04,-0.05,40,40,40,40,40,10,0
1.005,0.098737626,0.099211312,-0.00037298739,0.00058940992,-0.098737626,-0.099211312,0.00037298739,-0.00058940992,0.001232509,0.001232509,OK,0,0.0024423223,0.011607276,1.4237905e-07,3.835106e-06,15,1.5,0.02,0.04,-0.05,40,40,40,40,40,10,0
1.01,0.099225729,0.096675122,-0.00036927848,0.00086648811,-0.099225729,-0.096675122,0.00036927848,-0.00086648811,0.0016120744,0.0016120744,OK,0,0.002491551,0.011654006,1.4306089e-07,3.83886e-06,15,1.5,0.02,0.04,-0.05,40,40,40,40,40,10,0
1.015,0.09970452,0.095172353,-0.00036497935,0.00080279265,-0.09970452,-0.095172353,0.00036497935,-0.00080279265,0.0015304832,0.0015304832,OK,0,0.002541256,0.011699295,1.4372694e-07,3.8420824e-06,15,1.5,0.02,0.04,-0.05,40,40,40,40,40,10,0
1.02,0.10017649,0.093947352,-0.00036127044,0.00068606272,-0.10017649,-0.093947352,0.00036127044,-0.00068606272,0.0013714613,0.0013714613,OK,0,0.0025914326,0.011743426,1.4437952e-07,3.8444358e-06,15,1.5,0.02,0.04,-0.05,40,40,40,40,40,10,0
1.025,0.10063767,0.091124576,-0.0003567186,0.0010097139,-0.10063767,-0.091124576,0.0003567186,-0.0010097139,0.0018215283,0.0018215283,OK,0,0.0026420723,0.011784944,1.4501576e-07,3.8495334e-06,15,1.5,0.02,0.04,-0.05,40,40,40,40,40,10,0
1.03,0.10108769,0.089417677,-0.00035208262,0.00095469094,-0.10108769,-0.089417677,0.00035208262,-0.00095469094,0.0017492579,0.0017492579,OK,0,0.0026931659,0.011824922,1.4563557e-07,3.8540906e-06,15,1.5,0.02,0.04,-0.05,40,40,40,40,40,10,0
1.035,0.10153069,0.088075829,-0.00034753078,0.00082594456,-0.10153069,-0.088075829,0.00034753078,-0.00082594456,0.0015796022,0.0015796022,OK,0,0.0027447083,0.011863708,1.4623946e-07,3.8575015e-06,15,1.5,0.02,0.04,-0.05,40,40,40,40,40,10,0
1.04,0.10196746,0.086945993,-0.00034382187,0.0006803758,-0.10196746,-0.086945993,0.00034382187,-0.0006803758,0.0013804246,0.0013804246,OK,0,0.0027966951,0.011901506,1.4683052e-07,3.8598161e-06,15,1.5,0.02,0.04,-0.05,40,40,40,40,40,10,0
1.045,0.10239899,0.085988051,-0.0003409559,0.00053694166,-0.10239899,-0.085988051,0.0003409559,-0.00053694166,0.0011785758,0.0011785758,OK,0,0.0028491229,0.011938476,1.4741178e-07,3.8612576e-06,15,1.5,0.02,0.04,-0.05,40,40,40,40,40,10,0
1.05,0.10282641,0.085191044,-0.00033859569,0.00039793818,-0.10282641,-0.085191044,0.00033859569,-0.00039793818,0.00098214186,0.00098214186,OK,0,0.0029019893,0.011974764,1.4798501e-07,3.8620494e-06,15,1.5,0.02,0.04,-0.05,40,40,40,40,40,10,0
1.055,0.10325027,0.084558783,-0.00033699396,0.00026105706,-0.10325027,-0.084558783,0.00033699396,-0.00026105706,0.00078403302,0.00078403302,OK,0,0.0029552924,0.012010515,1.4855284e-07,3.8623901e-06,15,1.5,0.02,0.04,-0.05,40,40,40,40,40,10,0
1.06,0.10367162,0.084085794,-0.00033589799,0.00012786301,-0.10367162,-0.084085794,0.00033589799,-0.00012786301,0.00059018884,0.00059018884,OK,0,0.0030090314,0.012045867,1.4911698e-07,3.8624719e-06,15,1.5,0.02,0.04,-0.05,40,40,40,40,40,10,0
1.065,0.10409082,0.083775916,-0.00033572973,-3.700666e-06,-0.10409082,-0.083775916,0.00033572973,3.700666e-06,0.00039135608,0.00039135608,OK,0,0.0030632059,0.012080959,1.4968055e-07,3.862472e-06,15,1.5,0.02,0.04,-0.05,40,40,40,40,40,10,0
1.07,0.10450924,0.083620763,-0.00033589833,-0.00013054461,-0.10450924,-0.083620763,0.00033589833,0.00013054461,0.00020072361,0.00020072361,OK,0,0.0031178168,0.012115921,1.5024469e-07,3.8625572e-06,15,1.5,0.02,0.04,-0.05,40,40,40,40,40,10,0
1.075,0.1049271,0.083631431,-0.00033699399,-0.00025740804,-0.1049271,-0.083631431,0.00033699399,0.00025740804,2.7773173e-06,2.7773173e-06,OK,0,0.0031728653,0.012150892,1.5081251e-07,3.8628885e-06,15,1.5,0.02,0.04,-0.05,40,40,40,40,40,10,0
1.08,0.1053455,0.083797582,-0.00033868019,-0.00038029658,-0.1053455,-0.083797582,0.00033868019,0.00038029658,-0.00019183441,-0.00019183441,OK,0,0.0032283536,0.012186002,1.5138603e-07,3.8636116e-06,15,1.5,0.02,0.04,-0.05,40,40,40,40,40,10,0
1.085,0.10576525,0.084124803,-0.00034095597,-0.00050158389,-0.10576525,-0.084124803,0.00034095597,0.00050158389,-0.00038641819,-0.00038641819,OK,0,0.0032842851,0.012221387,1.5196729e-07,3.8648695e-06,15,1.5,0.02,0.04,-0.05,40,40,40,40,40,10,0
1.09,0.1061873,0.084615642,-0.00034365305,-0.00062183056,-0.1061873,-0.084615642,0.00034365305,0.00062183056,-0.00057916995,-0.00057916995,OK,0,0.0033406638,0.012257186,1.5255778e-07,3.8668029e-06,15,1.5,0.02,0.04,-0.05,40,40,40,40,40,10,0
1.095,0.10661206,0.085275209,-0.00034719371,-0.00074296337,-0.10661206,-0.085275209,0.00034719371,0.00074296337,-0.00077910106,-0.00077910106,OK,0,0.0033974944,0.012293545,1.5316049e-07,3.8695629e-06,15,1.5,0.02,0.04,-0.05,40,40,40,40,40,10,0
1.1,0.1070407,0.086096331,-0.00035123981,-0.00086196912,-0.1070407,-0.086096331,0.00035123981,0.00086196912,-0.00097688359,-0.00097688359,OK,0,0.003454783,0.012330608,1.5377734e-07,3.8732778e-06,15,1.5,0.02,0.04,-0.05,40,40,40,40,40,10,0
1.105,0.10747429,0.087087594,-0.00035553863,-0.00098122808,-0.10747429,-0.087087594,0.00035553863,0.00098122808,-0.0011719319,-0.0011719319,OK,0,0.0035125366,0.01236853,1.5440938e-07,3.8780919e-06,15,1.5,0.02,0.04,-0.05,40,40,40,40,40,10,0
1.11,0.10791306,0.088257811,-0.00036076484,-0.0011038619,-0.10791306,-0.088257811,0.00036076484,0.0011038619,-0.0013786918,-0.0013786918,OK,0,0.0035707628,0.012407477,1.5506013e-07,3.8841844e-06,15,1.5,0.02,0.04,-0.05,40,40,40,40,40,10,0
1.115,0.10835803,0.08959949,-0.00036674985,-0.0012246048,-0.10835803,-0.08959949,0.00036674985,0.0012246048,-0.0015870148,-0.0015870148,OK,0,0.0036294701,0.012447617,1.5573266e-07,3.8916827e-06,15,1.5,0.02,0.04,-0.05,40,40,40,40,40,10,0
1.12,0.10881047,0.091107919,-0.00037307172,-0.0013453455,-0.10881047,-0.091107919,0.00037307172,0.0013453455,-0.0017935678,-0.0017935678,OK,0,0.0036886687,0.01248912,1.5642857e-07,3.9007325e-06,15,1.5,0.02,0.04,-0.05,40,40,40,40,40,10,0
1.125,0.10927079,0.0928042,-0.00038023684,-0.0014683432,-0.10927079,-0.0928042,0.00038023684,0.0014683432,-0.0020084837,-0.0020084837,OK,0,0.0037483692,0.012532184,1.5715147e-07,3.9115126e-06,15,1.5,0.02,0.04,-0.05,40,40,40,40,40,10,0
1.13,0.10974032,0.094681746,-0.00038782328,-0.0015915368,-0.10974032,-0.094681746,0.00038782328,0.0015915368,-0.0022225781,-0.0022225781,OK,0,0.0038085839,0.012577007,1.5790351e-07,3.9241776e-06,15,1.5,0.02,0.04,-0.05,40,40,40,40,40,10,0
1.135,0.11021968,0.096751756,-0.00039616851,-0.0017180546,-0.11021968,-0.096751756,0.00039616851,0.0017180546,-0.0024451458,-0.0024451458,OK,0,0.0038693258,0.012623811,1.5868826e-07,3.9389361e-06,15,1.5,0.02,0.04,-0.05,40,40,40,40,40,10,0
1.14,0.11071018,0.099024553,-0.00040493474,-0.0018448892,-0.11071018,-0.099024553,0.00040493474,0.0018448892,-0.0026661691,-0.0026661691,OK,0,0.0039306095,0.012672841,1.5950812e-07,3.9559542e-06,15,1.5,0.02,0.04,-0.05,40,40,40,40,40,10,0
1.145,0.11121231,0.10147889,-0.00041462867,-0.0019793579,-0.11121231,-0.10147889,0.00041462867,0.0019793579,-0.0029050649,-0.0029050649,OK,0,0.0039924504,0.01272433,1.603677e-07,3.9755435e-06,15,1.5,0.02,0.04,-0.05,40,40,40,40,40,10,0
1.15,0.11172751,0.10413899,-0.00042482836,-0.0021112202,-0.11172751,-0.10413899,0.00042482836,0.0021112202,-0.0031391461,-0.0031391461,OK,0,0.0040548655,0.012778555,1.612701e-07,3.9978298e-06,15,1.5,0.02,0.04,-0.05,40,40,40,40,40,10,0
1.155,0.11225655,0.10701333,-0.00043578654,-0.0022481113,-0.11225655,-0.10701333,0.00043578654,0.0022481113,-0.0033833008,-0.0033833008,OK,0,0.0041178732,0.012835814,1.6221965e-07,4.0230998e-06,15,1.5,0.02,0.04,-0.05,40,40,40,40,40,10,0
1.16,0.11280063,0.11010278,-0.00044741906,-0.0023882109,-0.11280063,-0.11010278,0.00044741906,0.0023882109,-0.0036334786,-0.0036334786,OK,0,0.0041814931,0.012896427,1.6322057e-07,4.0516175e-06,15,1.5,0.02,0.04,-0.05,40,40,40,40,40,10,0
1.165,0.11336077,0.11341513,-0.00045981039,-0.0025323184,-0.11336077,-0.11341513,0.00045981039,0.0025323184,-0.0038918128,-0.0038918128,OK,0,0.0042457464,0.012960742,1.6427769e-07,4.0836807e-06,15,1.5,0.02,0.04,-0.05,40,40,40,40,40,10,0
1.17,0.11393829,0.11695631,-0.00047279162,-0.0026803022,-0.11393829,-0.11695631,0.00047279162,0.0026803022,-0.0041553097,-0.0041553097,OK,0,0.0043106561,0.013029136,1.6539535e-07,4.1196008e-06,15,1.5,0.02,0.04,-0.05,40,40,40,40,40,10,0
1.175,0.11453388,0.12073402,-0.00048686881,-0.0028344606,-0.11453388,-0.12073402,0.00048686881,0.0028344606,-0.0044346847,-0.0044346847,OK,0,0.0043762461,0.01310202,1.6658056e-07,4.1597716e-06,15,1.5,0.02,0.04,-0.05,40,40,40,40,40,10,0
1.18,0.11514986,0.12475532,-0.0005009457,-0.0029897887,-0.11514986,-0.12475532,0.0005009457,0.0029897887,-0.0047056587,-0.0047056587,OK,0,0.0044425436,0.013179839,1.6783529e-07,4.2044658e-06,15,1.5,0.02,0.04,-0.05,40,40,40,40,40,10,0
1.185,0.11578602,0.12904483,-0.00051654018,-0.0031575746,-0.11578602,-0.12904483,0.00051654018,0.0031575746,-0.0050069509,-0.0050069509,OK,0,0.0045095756,0.013263102,1.6916936e-07,4.2543172e-06,15,1.5,0.02,0.04,-0.05,40,40,40,40,40,10,0
1.19,0.11644454,0.13358458,-0.00053280902,-0.003325955,-0.11644454,-0.13358458,0.00053280902,0.003325955,-0.0053087937,-0.0053087937,OK,0,0.0045773723,0.013352326,1.7058879e-07,4.3096271e-06,15,1.5,0.02,0.04,-0.05,40,40,40,40,40,10,0
1.195,0.11707819,0.11899528,-0.00053744499,0.0013476429,-0.11707819,-0.11899528,0.00053744499,-0.0013476429,0.0010611644,0.0010611644,OK,0,0.0046459088,0.013423126,1.7203302e-07,4.3187078e-06,15,1.5,0.02,0.04,-0.05,40,40,40,40,40,10,0
1.2,0.11764384,0.10946226,-0.00052505396,0.0033757497,-0.11764384,-0.10946226,0.00052505396,-0.0033757497,0.0039191823,0.0039191823,OK,0,0.0047151092,0.013483036,1.7341143e-07,4.3756862e-06,15,1.5,0.02,0.04,-0.05,40,40,40,40,40,10,0
1.205,0.11817641,0.10457872,-0.00050726785,0.003619134,-0.11817641,-0.10457872,0.00050726785,-0.003619134,0.00436636,0.00436636,OK,0,0.0047849375,0.013537719,1.7469804e-07,4.4411769e-06,15,1.5,0.02,0.04,-0.05,40,40,40,40,40,10,0
1.21,0.11868814,0.10087543,-0.00048939759,0.00347348,-0.11868814,-0.10087543,0.00048939759,-0.00347348,0.0042780362,0.0042780362,OK,0,0.0048553718,0.013588598,1.7589559e-07,4.5015022e-06,15,1.5,0.02,0.04,-0.05,40,40,40,40,40,10,0
1.215,0.11918241,0.097568706,-0.000472623,0.0032519446,-0.11918241,-0.097568706,0.000472623,-0.0032519446,0.0040749684,0.0040749684,OK,0,0.0049263941,0.013636197,1.7701245e-07,4.5543779e-06,15,1.5,0.02,0.04,-0.05,40,40,40,40,40,10,0
1.22,0.11966083,0.094477775,-0.00045694438,0.0030246156,-0.11966083,-0.094477775,0.00045694438,-0.0030246156,0.0038550854,0.0038550854,OK,0,0.0049979876,0.013680827,1.7805644e-07,4.6001194e-06,15,1.5,0.02,0.04,-0.05,40,40,40,40,40,10,0
1.225,0.12012385,0.091562835,-0.00044286749,0.0028048661,-0.12012385,-0.091562835,0.00044286749,-0.0028048661,0.0036292772,0.0036292772,OK,0,0.0050701363,0.013722746,1.790371e-07,4.6394558e-06,15,1.5,0.02,0.04,-0.05,40,40,40,40,40,10,0
1.23,0.12057356,0.088800525,-0.00042904302,0.0025995765,-0.12057356,-0.088800525,0.00042904302,-0.0025995765,0.0034272117,0.0034272117,OK,0,0.0051428263,0.013762173,1.7995749e-07,4.6732448e-06,15,1.5,0.02,0.04,-0.05,40,40,40,40,40,10,0
1.235,0.12100948,0.086210633,-0.00041673614,0.0023983606,-0.12100948,-0.086210633,0.00041673614,-0.0023983606,0.0032151137,0.0032151137,OK,0,0.0052160427,0.013799335,1.8082583e-07,4.7020054e-06,15,1.5,0.02,0.04,-0.05,40,40,40,40,40,10,0
1.24,0.12143319,0.083765584,-0.00040510362,0.002210071,-0.12143319,-0.083765584,0.00040510362,-0.002210071,0.0030178393,0.0030178393,OK,0,0.0052897728,0.013834418,1.8164638e-07,4.7264275e-06,15,1.5,0.02,0.04,-0.05,40,40,40,40,40,10,0
1.245,0.12184462,0.081474055,-0.00039490424,0.0020290727,-0.12184462,-0.081474055,0.00039490424,-0.0020290727,0.0028159,0.0028159,OK,0,0.0053640034,0.013867608,1.8242612e-07,4.7470132e-06,15,1.5,0.02,0.04,-0.05,40,40,40,40,40,10,0
1.25,0.12224562,0.079317667,-0.00038495727,0.0018607684,-0.12224562,-0.079317667,0.00038495727,-0.0018607684,0.0026344126,0.0026344126,OK,0,0.0054387233,0.013899065,1.8316708e-07,4.7643255e-06,15,1.5,0.02,0.04,-0.05,40,40,40,40,40,10,0
1.255,0.12263595,0.077314612,-0.00037619073,0.0016959346,-0.12263595,-0.077314612,0.00037619073,-0.0016959346,0.0024463445,0.0024463445,OK,0,0.0055139212,0.013928952,1.8387468e-07,4.7787065e-06,15,1.5,0.02,0.04,-0.05,40,40,40,40,40,10,0
1.26,0.1230168,0.075445292,-0.00036809854,0.0015407173,-0.1230168,-0.075445292,0.00036809854,-0.0015407173,0.0022677455,0.0022677455,OK,0,0.0055895869,0.013957412,1.8455216e-07,4.7905755e-06,15,1.5,0.02,0.04,-0.05,40,40,40,40,40,10,0
1.265,0.12338871,0.073713619,-0.00036076482,0.0013918826,-0.12338871,-0.073713619,0.00036076482,-0.0013918826,0.0020926705,0.0020926705,OK,0,0.0056657108,0.013984581,1.8520292e-07,4.8002622e-06,15,1.5,0.02,0.04,-0.05,40,40,40,40,40,10,0
1.27,0.12375234,0.072115833,-0.00035418992,0.0012494243,-0.12375234,-0.072115833,0.00035418992,-0.0012494243,0.0019209677,0.0019209677,OK,0,0.005742284,0.014010584,1.8583017e-07,4.8080675e-06,15,1.5,0.02,0.04,-0.05,40,40,40,40,40,10,0
1.275,0.12410831,0.070648605,-0.00034837381,0.0011132679,-0.12410831,-0.070648605,0.00034837381,-0.0011132679,0.001752405,0.001752405,OK,0,0.0058192983,0.01403554,1.8643699e-07,4.8142643e-06,15,1.5,0.02,0.04,-0.05,40,40,40,40,40,10,0
1.28,0.1244574,0.069308953,-0.0003431476,0.00098331154,-0.1244574,-0.069308953,0.0003431476,-0.00098331154,0.0015892595,0.0015892595,OK,0,0.0058967465,0.014059559,1.8702575e-07,4.8190988e-06,15,1.5,0.02,0.04,-0.05,40,40,40,40,40,10,0
1.285,0.12480006,0.068097804,-0.00033867987,0.00085798419,-0.12480006,-0.068097804,0.00033867987,-0.00085798419,0.0014266916,0.0014266916,OK,0,0.0059746218,0.014082746,1.8759927e-07,4.8227795e-06,15,1.5,0.02,0.04,-0.05,40,40,40,40,40,10,0
1.29,0.12513714,0.067009836,-0.00033471823,0.00073834165,-0.12513714,-0.067009836,0.00033471823,-0.00073834165,0.0012698753,0.0012698753,OK,0,0.0060529183,0.014105197,1.8815945e-07,4.8255053e-06,15,1.5,0.02,0.04,-0.05,40,40,40,40,40,10,0
1.295,0.12546933,0.066047757,-0.00033117756,0.00062230661,-0.12546933,-0.066047757,0.00033117756,-0.00062230661,0.0011170933,0.0011170933,OK,0,0.0061316311,0.014127009,1.8870784e-07,4.8274416e-06,15,1.5,0.02,0.04,-0.05,40,40,40,40,40,10,0
1.3,0.12579698,0.065212474,-0.00032831157,0.00050863181,-0.12579698,-0.065212474,0.00032831157,-0.00050863181,0.00096271275,0.00096271275,OK,0,0.0062107555,0.014148272,1.8924678e-07,4.8287351e-06,15,1.5,0.02,0.04,-0.05,40,40,40,40,40,10,0
1.305,0.12612071,0.064497506,-0.00032611993,0.00039915262,-0.12612071,-0.064497506,0.00032611993,-0.00039915262,0.00080924438,0.00080924438,OK,0,0.0062902877,0.014169072,1.8977855e-07,4.8295317e-06,15,1.5,0.02,0.04,-0.05,40,40,40,40,40,10,0
1.31,0.12644141,0.063900586,-0.00032426547,0.00029410702,-0.12644141,-0.063900586,0.00032426547,-0.00029410702,0.0006620302,0.0006620302,OK,0,0.0063702248,0.014189488,1.9030429e-07,4.8299642e-06,15,1.5,0.02,0.04,-0.05,40,40,40,40,40,10,0
1.315,0.12675935,0.063427685,-0.00032308535,0.00019050756,-0.12675935,-0.063427685,0.00032308535,-0.00019050756,0.0005117755,0.0005117755,OK,0,0.0064505645,0.014209603,1.9082622e-07,4.8301457e-06,15,1.5,0.02,0.04,-0.05,40,40,40,40,40,10,0
1.32,0.12707536,0.063072147,-0.00032232654,9.0561228e-05,-0.12707536,-0.063072147,0.00032232654,-9.0561228e-05,0.00036533689,0.00036533689,OK,0,0.0065313052,0.014229494,1.9134569e-07,4.8301867e-06,15,1.5,0.02,0.04,-0.05,40,40,40,40,40,10,0
1.325,0.1273897,0.062837717,-0.00032232686,-7.623085e-06,-0.1273897,-0.062837717,0.00032232686,7.623085e-06,0.00021496515,0.00021496515,OK,0,0.0066124459,0.014249237,1.9186516e-07,4.830187e-06,15,1.5,0.02,0.04,-0.05,40,40,40,40,40,10,0
1.33,0.12770343,0.062717704,-0.00032257957,-0.00010162815,-0.12770343,-0.062717704,0.00032257957,0.00010162815,7.1640972e-05,7.1640972e-05,OK,0,0.0066939867,0.014268904,1.9238545e-07,4.8302386e-06,15,1.5,0.02,0.04,-0.05,40,40,40,40,40,10,0
1.335,0.12801681,0.062721694,-0.0003234225,-0.00019550618,-0.12801681,-0.062721694,0.0003234225,0.00019550618,-7.5392729e-05,-7.5392729e-05,OK,0,0.0067759283,0.014288574,1.9290846e-07,4.8304297e-06,15,1.5,0.02,0.04,-0.05,40,40,40,40,40,10,0
1.34,0.1283307,0.062844556,-0.0003246026,-0.00028727458,-0.1283307,-0.062844556,0.0003246026,0.00028727458,-0.00021955471,-0.00021955471,OK,0,0.0068582721,0.014308322,1.9343529e-07,4.8308424e-06,15,1.5,0.02,0.04,-0.05,40,40,40,40,40,10,0
1.345,0.12864569,0.06309118,-0.00032611988,-0.00037889467,-0.12864569,-0.06309118,0.00032611988,0.00037889467,-0.00036357926,-0.00036357926,OK,0,0.0069410207,0.014328224,1.9396706e-07,4.8315602e-06,15,1.5,0.02,0.04,-0.05,40,40,40,40,40,10,0
1.35,0.12896207,0.063463197,-0.00032831151,-0.00047091467,-0.12896207,-0.063463197,0.00032831151,0.00047091467,-0.0005132753,-0.0005132753,OK,0,0.0070241768,0.014348362,1.9450601e-07,4.832669e-06,15,1.5,0.02,0.04,-0.05,40,40,40,40,40,10,0
1.355,0.12928062,0.063954596,-0.0003310089,-0.00056070112,-0.12928062,-0.063954596,0.0003310089,0.00056070112,-0.00066238883,-0.00066238883,OK,0,0.0071077442,0.014368813,1.9505384e-07,4.8342409e-06,15,1.5,0.02,0.04,-0.05,40,40,40,40,40,10,0
1.36,0.12960202,0.064568927,-0.00033412792,-0.00064937651,-0.12960202,-0.064568927,0.00033412792,0.00064937651,-0.00081118605,-0.00081118605,OK,0,0.0071917276,0.014389659,1.9561205e-07,4.8363494e-06,15,1.5,0.02,0.04,-0.05,40,40,40,40,40,10,0
1.365,0.12992714,0.065309995,-0.0003374152,-0.00073806949,-0.12992714,-0.065309995,0.0003374152,0.00073806949,-0.00095738959,-0.00095738959,OK,0,0.0072761329,0.014410986,1.9618129e-07,4.8390731e-06,15,1.5,0.02,0.04,-0.05,40,40,40,40,40,10,0
1.37,0.13025606,0.066185526,-0.00034146161,-0.00082938694,-0.13025606,-0.066185526,0.00034146161,0.00082938694,-0.0011134622,-0.0011134622,OK,0,0.0073609661,0.014432888,1.9676427e-07,4.8425125e-06,15,1.5,0.02,0.04,-0.05,40,40,40,40,40,10,0
1.375,0.13058968,0.067186148,-0.00034601346,-0.00091893617,-0.13058968,-0.067186148,0.00034601346,0.00091893617,-0.0012693666,-0.0012693666,OK,0,0.0074462344,0.014455458,1.973629e-07,4.8467347e-06,15,1.5,0.02,0.04,-0.05,40,40,40,40,40,10,0
1.38,0.13092914,0.068317485,-0.00035056498,-0.0010082682,-0.13092914,-0.068317485,0.00035056498,0.0010082682,-0.0014195949,-0.0014195949,OK,0,0.0075319466,0.014478795,1.9797738e-07,4.8518178e-06,15,1.5,0.02,0.04,-0.05,40,40,40,40,40,10,0
1.385,0.13127439,0.069593707,-0.00035587564,-0.0011022783,-0.13127439,-0.069593707,0.00035587564,0.0011022783,-0.001582316,-0.001582316,OK,0,0.0076181114,0.014503011,1.9861062e-07,4.8578928e-06,15,1.5,0.02,0.04,-0.05,40,40,40,40,40,10,0
1.39,0.13162646,0.071003799,-0.0003616076,-0.0011955919,-0.13162646,-0.071003799,0.0003616076,0.0011955919,-0.0017448207,-0.0017448207,OK,0,0.0077047391,0.014528219,1.9926442e-07,4.86504e-06,15,1.5,0.02,0.04,-0.05,40,40,40,40,40,10,0
1.395,0.13198597,0.0725556,-0.00036784532,-0.0012903305,-0.13198597,-0.0725556,0.00036784532,0.0012903305,-0.0019112321,-0.0019112321,OK,0,0.0077918405,0.01455454,1.9994097e-07,4.8733648e-06,15,1.5,0.02,0.04,-0.05,40,40,40,40,40,10,0
1.4,0.13235355,0.074251804,-0.00037467326,-0.0013864282,-0.13235355,-0.074251804,0.00037467326,0.0013864282,-0.0020825979,-0.0020825979,OK,0,0.0078794279,0.014582107,2.0064287e-07,4.8829757e-06,15,1.5,0.02,0.04,-0.05,40,40,40,40,40,10,0
1.405,0.13273028,0.076094367,-0.00038175391,-0.0014834071,-0.13273028,-0.076094367,0.00038175391,0.0014834071,-0.002253039,-0.002253039,OK,0,0.0079675145,0.014611059,2.0137155e-07,4.8939782e-06,15,1.5,0.02,0.04,-0.05,40,40,40,40,40,10,0
1.41,0.13311635,0.07809441,-0.00038967783,-0.0015843694,-0.13311635,-0.07809441,0.00038967783,0.0015843694,-0.0024356182,-0.0024356182,OK,0,0.0080561143,0.014641552,2.0213079e-07,4.9065293e-06,15,1.5,0.02,0.04,-0.05,40,40,40,40,40,10,0
1.415,0.13351311,0.080245222,-0.00039785414,-0.0016851046,-0.13351311,-0.080245222,0.00039785414,0.0016851046,-0.0026153979,-0.0026153979,OK,0,0.0081452431,0.014673749,2.0292223e-07,4.9207272e-06,15,1.5,0.02,0.04,-0.05,40,40,40,40,40,10,0
1.42,0.1339213,0.082562226,-0.00040636763,-0.0017902046,-0.1339213,-0.082562226,0.00040636763,0.0017902046,-0.0027999063,-0.0027999063,OK,0,0.0082349176,0.014707831,2.037479e-07,4.9367514e-06,15,1.5,0.02,0.04,-0.05,40,40,40,40,40,10,0
1.425,0.13434128,0.085050962,-0.00041572438,-0.0019001493,-0.13434128,-0.085050962,0.00041572438,0.0019001493,-0.0029972255,-0.0029972255,OK,0,0.0083251555,0.014744,2.0461204e-07,4.9548042e-06,15,1.5,0.02,0.04,-0.05,40,40,40,40,40,10,0
1.43,0.13476967,0.085300745,-0.00042415374,-0.0013965402,-0.13476967,-0.085300745,0.00042415374,0.0013965402,-0.002349693,-0.002349693,OK,0,0.0084159698,0.014780381,2.0551157e-07,4.9645558e-06,15,1.5,0.02,0.04,-0.05,40,40,40,40,40,10,0
1.435,0.13519597,0.085256582,-0.00042971711,-0.00097444755,-0.13519597,-0.085256582,0.00042971711,0.00097444755,-0.0017932453,-0.0017932453,OK,0,0.0085073596,0.014816724,2.0643485e-07,4.9693036e-06,15,1.5,0.02,0.04,-0.05,40,40,40,40,40,10,0
1.44,0.13562556,0.086454866,-0.00043469059,-0.00098621095,-0.13562556,-0.086454866,0.00043469059,0.00098621095,-0.0018289695,-0.0018289695,OK,0,0.0085993311,0.014854096,2.0737963e-07,4.9741666e-06,15,1.5,0.02,0.04,-0.05,40,40,40,40,40,10,0
1.445,0.13606243,0.088056202,-0.0004399168,-0.0010923186,-0.13606243,-0.088056202,0.0004399168,0.0010923186,-0.0019937331,-0.0019937331,OK,0,0.008691896,0.014892866,2.0834727e-07,4.9801324e-06,15,1.5,0.02,0.04,-0.05,40,40,40,40,40,10,0
1.45,0.13650816,0.089884894,-0.00044556431,-0.0012206866,-0.13650816,-0.089884894,0.00044556431,0.0012206866,-0.0021889356,-0.0021889356,OK,0,0.0087850684,0.014933262,2.0933991e-07,4.9875828e-06,15,1.5,0.02,0.04,-0.05,40,40,40,40,40,10,0
1.455,0.13696343,0.091907255,-0.00045205508,-0.0013563775,-0.13696343,-0.091907255,0.00045205508,0.0013563775,-0.0023998335,-0.0023998335,OK,0,0.0088788633,0.014975497,2.1036167e-07,4.9967816e-06,15,1.5,0.02,0.04,-0.05,40,40,40,40,40,10,0
1.46,0.13742937,0.094111667,-0.00045921988,-0.0014932143,-0.13742937,-0.094111667,0.00045921988,0.0014932143,-0.0026150656,-0.0026150656,OK,0,0.0089732974,0.015019782,2.1141609e-07,5.0079301e-06,15,1.5,0.02,0.04,-0.05,40,40,40,40,40,10,0
1.465,0.13790681,0.096503698,-0.00046714348,-0.0016318062,-0.13790681,-0.096503698,0.00046714348,0.0016318062,-0.0028365775,-0.0028365775,OK,0,0.0090683889,0.015066347,2.125072e-07,5.021244e-06,15,1.5,0.02,0.04,-0.05,40,40,40,40,40,10,0
1.47,0.1383968,0.099087117,-0.00047574175,-0.0017718904,-0.1383968,-0.099087117,0.00047574175,0.0017718904,-0.0030625411,-0.0030625411,OK,0,0.0091641573,0.015115438,2.1363886e-07,5.036942e-06,15,1.5,0.02,0.04,-0.05,40,40,40,40,40,10,0
1.475,0.1389005,0.10186931,-0.00048484546,-0.0019145099,-0.1389005,-0.10186931,0.00048484546,0.0019145099,-0.0032916643,-0.0032916643,OK,0,0.009260624,0.015167325,2.1481423e-07,5.0552687e-06,15,1.5,0.02,0.04,-0.05,40,40,40,40,40,10,0
1.48,0.13941853,0.10486056,-0.00049487625,-0.0020617168,-0.13941853,-0.10486056,0.00049487625,0.0020617168,-0.0035329261,-0.0035329261,OK,0,0.0093578116,0.015222304,2.1603874e-07,5.0765221e-06,15,1.5,0.02,0.04,-0.05,40,40,40,40,40,10,0
1.485,0.1399522,0.1080594,-0.00050558169,-0.0022106712,-0.1399522,-0.1080594,0.00050558169,0.0022106712,-0.0037783121,-0.0037783121,OK,0,0.0094557447,0.015280688,2.1731681e-07,5.1009575e-06,15,1.5,0.02,0.04,-0.05,40,40,40,40,40,10,0
1.49,0.14050267,0.11147694,-0.00051687704,-0.0023634246,-0.14050267,-0.11147694,0.00051687704,0.0023634246,-0.0040291615,-0.0040291615,OK,0,0.0095544497,0.015342823,2.1865262e-07,5.1288863e-06,15,1.5,0.02,0.04,-0.05,40,40,40,40,40,10,0
1.495,0.1410706,0.11512349,-0.00052926836,-0.0025215495,-0.1410706,-0.11512349,0.00052926836,0.0025215495,-0.0042949981,-0.0042949981,OK,0,0.0096539543,0.015409091,2.2005324e-07,5.1606774e-06,15,1.5,0.02,0.04,-0.05,40,40,40,40,40,10,0
1.5,0.14165755,0.11899698,-0.00054233372,-0.0026814399,-0.14165755,-0.11899698,0.00054233372,0.0026814399,-0.0045641352,-0.0045641352,OK,0,0.0097542886,0.015479892,2.2152387e-07,5.196628e-06,15,1.5,0.02,0.04,-0.05,40,40,40,40,40,10,0
1.505,0.14226447,0.12311324,-0.00055632677,-0.0028465218,-0.14226447,-0.12311324,0.00055632677,0.0028465218,-0.0048448653,-0.0048448653,OK,0,0.0098554845,0.015555676,2.2307137e-07,5.2371414e-06,15,1.5,0.02,0.04,-0.05,40,40,40,40,40,10,0
1.51,0.14289287,0.12747749,-0.00057099386,-0.0030157701,-0.14289287,-0.12747749,0.00057099386,0.0030157701,-0.0051316058,-0.0051316058,OK,0,0.0099575764,0.015636929,2.2470154e-07,5.2826158e-06,15,1.5,0.02,0.04,-0.05,40,40,40,40,40,10,0
1.515,0.14354398,0.13210427,-0.00058641945,-0.003191706,-0.14354398,-0.13210427,0.00058641945,0.003191706,-0.0054288002,-0.0054288002,OK,0,0.010060601,0.015724187,2.2642098e-07,5.3335507e-06,15,1.5,0.02,0.04,-0.05,40,40,40,40,40,10,0
1.52,0.144219,0.13700314,-0.00060277242,-0.003374645,-0.144219,-0.13700314,0.00060277242,0.003374645,-0.0057390483,-0.0057390483,OK,0,0.010164596,0.015818036,2.2823765e-07,5.3904919e-06,15,1.5,0.02,0.04,-0.05,40,40,40,40,40,10,0
1.525,0.14491908,0.14218136,-0.00062030579,-0.0035637711,-0.14491908,-0.14218136,0.00062030579,0.0035637711,-0.0060646074,-0.0060646074,OK,0,0.010269604,0.015919114,2.3016155e-07,5.4539942e-06,15,1.5,0.02,0.04,-0.05,40,40,40,40,40,10,0
1.53,0.14564115,0.14265923,-0.0006373331,-0.0025233259,-0.14564115,-0.14265923,0.0006373331,0.0025233259,-0.0047257934,-0.0047257934,OK,0,0.010375661,0.016020872,2.3219251e-07,5.48583e-06,15,1.5,0.02,0.04,-0.05,40,40,40,40,40,10,0
1.535,0.14630644,0.12669137,-0.00063505701,0.0023545161,-0.14630644,-0.12669137,0.00063505701,-0.0023545161,0.0019997026,0.0019997026,OK,0,0.010482689,0.016101125,2.34209e-07,5.5135488e-06,15,1.5,0.02,0.04,-0.05,40,40,40,40,40,10,0
1.54,0.14692252,0.12099366,-0.00062072708,0.0031941937,-0.14692252,-0.12099366,0.00062072708,-0.0031941937,0.0032585813,0.0032585813,OK,0,0.01059062,0.016174323,2.3613551e-07,5.5645631e-06,15,1.5,0.02,0.04,-0.05,40,40,40,40,40,10,0
1.545,0.14751736,0.11772166,-0.00060487988,0.003155022,-0.14751736,-0.11772166,0.00060487988,-0.003155022,0.0033185483,0.0033185483,OK,0,0.010699427,0.016243615,2.3796491e-07,5.614334e-06,15,1.5,0.02,0.04,-0.05,40,40,40,40,40,10,0
1.55,0.14809818,0.11514652,-0.00058953844,0.0029319676,-0.14809818,-0.11514652,0.00058953844,-0.0029319676,0.0031226992,0.0031226992,OK,0,0.010809092,0.016309908,2.3970269e-07,5.6573161e-06,15,1.5,0.02,0.04,-0.05,40,40,40,40,40,10,0
1.555,0.14866661,0.11288994,-0.00057588286,0.002675423,-0.14866661,-0.11288994,0.00057588286,-0.002675423,0.0028638214,0.0028638214,OK,0,0.010919601,0.016373629,2.4136089e-07,5.6931056e-06,15,1.5,0.02,0.04,-0.05,40,40,40,40,40,10,0
1.56,0.14922501,0.11085056,-0.00056290134,0.0024242389,-0.14922501,-0.11085056,0.00056290134,-0.0024242389,0.0026113607,0.0026113607,OK,0,0.011030941,0.016435068,2.4294518e-07,5.7224902e-06,15,1.5,0.02,0.04,-0.05,40,40,40,40,40,10,0
1.565,0.14977334,0.1090273,-0.00055169044,0.0021769831,-0.14977334,-0.1090273,0.00055169044,-0.0021769831,0.0023466769,0.0023466769,OK,0,0.011143102,0.016494503,2.4446699e-07,5.7461865e-06,15,1.5,0.02,0.04,-0.05,40,40,40,40,40,10,0
1.57,0.1503134,0.10739357,-0.00054140661,0.001942688,-0.1503134,-0.10739357,0.00054140661,-0.001942688,0.0020949437,0.0020949437,OK,0,0.011256072,0.01655217,2.459326e-07,5.7650567e-06,15,1.5,0.02,0.04,-0.05,40,40,40,40,40,10,0
1.575,0.15084594,0.1059597,-0.00053221845,0.0017156574,-0.15084594,-0.1059597,0.00053221845,-0.0017156574,0.0018455164,0.0018455164,OK,0,0.011369845,0.016608307,2.4734888e-07,5.7797741e-06,15,1.5,0.02,0.04,-0.05,40,40,40,40,40,10,0
1.58,0.15137176,0.10472185,-0.00052429485,0.0014960784,-0.15137176,-0.10472185,0.00052429485,-0.0014960784,0.0015960041,0.0015960041,OK,0,0.011484412,0.01666314,2.4872331e-07,5.7909654e-06,15,1.5,0.02,0.04,-0.05,40,40,40,40,40,10,0
1.585,0.15189202,0.10367376,-0.00051738276,0.0012852715,-0.15189202,-0.10367376,0.00051738276,-0.0012852715,0.0013519564,0.0013519564,OK,0,0.011599768,0.016716882,2.5006173e-07,5.799225e-06,15,1.5,0.02,0.04,-0.05,40,40,40,40,40,10,0
1.59,0.15240747,0.10281808,-0.00051165079,0.0010811259,-0.15240747,-0.10281808,0.00051165079,-0.0010811259,0.0011077995,0.0011077995,OK,0,0.011715908,0.016769739,2.5137067e-07,5.8050691e-06,15,1.5,0.02,0.04,-0.05,40,40,40,40,40,10,0
1.595,0.15291953,0.1021505,-0.00050659317,0.00088450079,-0.15291953,-0.1021505,0.00050659317,-0.00088450079,0.00087226421,0.00087226421,OK,0,0.01183283,0.016821913,2.5265385e-07,5.8089809e-06,15,1.5,0.02,0.04,-0.05,40,40,40,40,40,10,0
1.6,0.15342847,0.10168016,-0.00050288425,0.00069099081,-0.15342847,-0.10168016,0.00050288425,-0.00069099081,0.00062899818,0.00062899818,OK,0,0.011950531,0.016873607,2.5391831e-07,5.8113682e-06,15,1.5,0.02,0.04,-0.05,40,40,40,40,40,10,0
1.605,0.15393589,0.10139384,-0.00049984968,0.00050535843,-0.15393589,-0.10139384,0.00049984968,-0.00050535843,0.00039476388,0.00039476388,OK,0,0.012069013,0.016925011,2.5516756e-07,5.8126451e-06,15,1.5,0.02,0.04,-0.05,40,40,40,40,40,10,0
1.61,0.15444245,0.10130325,-0.00049774218,0.00032248026,-0.15444245,-0.10130325,0.00049774218,-0.00032248026,0.00015856683,0.00015856683,OK,0,0.012188275,0.016976323,2.564063e-07,5.8131651e-06,15,1.5,0.02,0.04,-0.05,40,40,40,40,40,10,0
1.615,0.15494911,0.1014054,-0.00049656206,0.00014331495,-0.15494911,-0.1014054,0.00049656206,-0.00014331495,-7.8260304e-05,-7.8260304e-05,OK,0,0.012308321,0.017027738,2.5763917e-07,5.8132678e-06,15,1.5,0.02,0.04,-0.05,40,40,40,40,40,10,0
1.62,0.15545657,0.1017002,-0.00049656206,-3.2193158e-05,-0.15545657,-0.1017002,0.00049656206,3.2193158e-05,-0.00031958143,-0.00031958143,OK,0,0.012429155,0.017079453,2.5887204e-07,5.813273e-06,15,1.5,0.02,0.04,-0.05,40,40,40,40,40,10,0
1.625,0.15596658,0.10218304,-0.00049689923,-0.00020212026,-0.15596658,-0.10218304,0.00049689923,0.00020212026,-0.0005500155,-0.0005500155,OK,0,0.012550783,0.017131659,2.6010658e-07,5.8134772e-06,15,1.5,0.02,0.04,-0.05,40,40,40,40,40,10,0
1.63,0.15647931,0.10287229,-0.00049841651,-0.00037364161,-0.15647931,-0.10287229,0.00049841651,0.00037364161,-0.00079223252,-0.00079223252,OK,0,0.012673211,0.017184573,2.6134867e-07,5.8141753e-06,15,1.5,0.02,0.04,-0.05,40,40,40,40,40,10,0
1.635,0.15698389,0.099715689,-0.00049782661,0.00048250836,-0.15698389,-0.099715689,0.00049782661,-0.00048250836,0.00038466884,0.00038466884,OK,0,0.012796431,0.017234289,2.6258783e-07,5.8153393e-06,15,1.5,0.02,0.04,-0.05,40,40,40,40,40,10,0
1.64,0.15747947,0.098724167,-0.00049504476,0.00052803815,-0.15747947,-0.098724167,0.00049504476,-0.00052803815,0.00046494183,0.00046494183,OK,0,0.01292043,0.017283021,2.6381318e-07,5.8167335e-06,15,1.5,0.02,0.04,-0.05,40,40,40,40,40,10,0
1.645,0.15797177,0.098363526,-0.00049276899,0.00039861907,-0.15797177,-0.098363526,0.00049276899,-0.00039861907,0.00030037027,0.00030037027,OK,0,0.013045205,0.017331398,2.6502728e-07,5.817528e-06,15,1.5,0.02,0.04,-0.05,40,40,40,40,40,10,0
1.65,0.15846302,0.098282131,-0.00049133584,0.00023568142,-0.15846302,-0.098282131,0.00049133584,-0.00023568142,8.4030093e-05,8.4030093e-05,OK,0,0.013170758,0.017379695,2.6623434e-07,5.8178057e-06,15,1.5,0.02,0.04,-0.05,40,40,40,40,40,10,0
1.655,0.15895471,0.098405894,-0.00049049291,6.8901491e-05,-0.15895471,-0.098405894,0.00049049291,-6.8901491e-05,-0.00013871145,-0.00013871145,OK,0,0.013297091,0.017428114,2.6743726e-07,5.8178294e-06,15,1.5,0.02,0.04,-0.05,40,40,40,40,40,10,0
1.66,0.15944743,0.09872659,-0.0004906615,-9.8459825e-05,-0.15944743,-0.09872659,0.0004906615,9.8459825e-05,-0.00036959995,-0.00036959995,OK,0,0.013424209,0.017476848,2.68641e-07,5.8178779e-06,15,1.5,0.02,0.04,-0.05,40,40,40,40,40,10,0
1.665,0.15994247,0.099234525,-0.00049150443,-0.00026239558,-0.15994247,-0.099234525,0.00049150443,0.00026239558,-0.00059792946,-0.00059792946,OK,0,0.013552117,0.017526086,2.6984888e-07,5.8182222e-06,15,1.5,0.02,0.04,-0.05,40,40,40,40,40,10,0
1.67,0.16044043,0.099936274,-0.00049335889,-0.00042530649,-0.16044043,-0.099936274,0.00049335889,0.00042530649,-0.00083208351,-0.00083208351,OK,0,0.013680822,0.017576022,2.710659e-07,5.8191266e-06,15,1.5,0.02,0.04,-0.05,40,40,40,40,40,10,0
1.675,0.16094269,0.10082745,-0.00049580356,-0.00058501576,-0.16094269,-0.10082745,0.00049580356,0.00058501576,-0.0010626256,-0.0010626256,OK,0,0.013810335,0.017626853,2.72295e-07,5.8208378e-06,15,1.5,0.02,0.04,-0.05,40,40,40,40,40,10,0
1.68,0.16144953,0.10191812,-0.00049951248,-0.00074502613,-0.16144953,-0.10191812,0.00049951248,0.00074502613,-0.0013045112,-0.0013045112,OK,0,0.013940665,0.01767879,2.7354257e-07,5.8236131e-06,15,1.5,0.02,0.04,-0.05,40,40,40,40,40,10,0
1.685,0.16196283,0.10319805,-0.00050355858,-0.00090048609,-0.16196283,-0.10319805,0.00050355858,0.00090048609,-0.0015369292,-0.0015369292,OK,0,0.014071824,0.017732039,2.7481042e-07,5.8276675e-06,15,1.5,0.02,0.04,-0.05,40,40,40,40,40,10,0
1.69,0.16248311,0.10468771,-0.00050844761,-0.0010587743,-0.16248311,-0.10468771,0.00050844761,0.0010587743,-0.0017777052,-0.0017777052,OK,0,0.014203828,0.017786836,2.7610302e-07,5.8332725e-06,15,1.5,0.02,0.04,-0.05,40,40,40,40,40,10,0
1.695,0.16301164,0.1063832,-0.00051392654,-0.0012172795,-0.16301164,-0.1063832,0.00051392654,0.0012172795,-0.0020192565,-0.0020192565,OK,0,0.014336692,0.017843423,2.7742362e-07,5.8406814e-06,15,1.5,0.02,0.04,-0.05,40,40,40,40,40,10,0
1.7,0.16354883,0.10829255,-0.00052067034,-0.0013780285,-0.16354883,-0.10829255,0.00052067034,0.0013780285,-0.0022744193,-0.0022744193,OK,0,0.014470433,0.01790206,2.7877911e-07,5.8501762e-06,15,1.5,0.02,0.04,-0.05,40,40,40,40,40,10,0
1.705,0.16409646,0.11040655,-0.00052791959,-0.0015359367,-0.16409646,-0.11040655,0.00052791959,0.0015359367,-0.0025245077,-0.0025245077,OK,0,0.014605072,0.017963008,2.801726e-07,5.8619717e-06,15,1.5,0.02,0.04,-0.05,40,40,40,40,40,10,0
1.71,0.16465537,0.11274378,-0.00053592733,-0.0016969483,-0.16465537,-0.11274378,0.00053592733,0.0016969483,-0.0027814739,-0.0027814739,OK,0,0.014740629,0.018026563,2.8160869e-07,5.8763698e-06,15,1.5,0.02,0.04,-0.05,40,40,40,40,40,10,0
1.715,0.16522651,0.11530689,-0.00054486245,-0.0018604188,-0.16522651,-0.11530689,0.00054486245,0.0018604188,-0.0030467593,-0.0030467593,OK,0,0.014877128,0.018093042,2.8309307e-07,5.8936756e-06,15,1.5,0.02,0.04,-0.05,40,40,40,40,40,10,0
1.72,0.16581113,0.11809767,-0.00055464051,-0.0020251733,-0.16581113,-0.11809767,0.00055464051,0.0020251733,-0.0033172381,-0.0033172381,OK,0,0.015014594,0.018162777,2.846312e-07,5.9141823e-06,15,1.5,0.02,0.04,-0.05,40,40,40,40,40,10,0
1.725,0.16641039,0.12112359,-0.00056526182,-0.0021921373,-0.16641039,-0.12112359,0.00056526182,0.0021921373,-0.003593982,-0.003593982,OK,0,0.015153056,0.018236132,2.862288e-07,5.9382096e-06,15,1.5,0.02,0.04,-0.05,40,40,40,40,40,10,0
1.73,0.16702566,0.12439177,-0.00057655686,-0.0023619303,-0.16702566,-0.12439177,0.00057655686,0.0023619303,-0.0038750641,-0.0038750641,OK,0,0.015292544,0.018313498,2.8789089e-07,5.9661032e-06,15,1.5,0.02,0.04,-0.05,40,40,40,40,40,10,0
1.735,0.16765796,0.12791342,-0.00058877959,-0.0025366034,-0.16765796,-0.12791342,0.00058877959,0.0025366034,-0.0041669029,-0.0041669029,OK,0,0.01543309,0.018395308,2.896242e-07,5.998275e-06,15,1.5,0.02,0.04,-0.05,40,40,40,40,40,10,0
1.74,0.16830851,0.13169185,-0.00060201384,-0.0027148493,-0.16830851,-0.13169185,0.00060201384,0.0027148493,-0.0044686372,-0.0044686372,OK,0,0.015574729,0.018482021,2.914363e-07,6.035127e-06,15,1.5,0.02,0.04,-0.05,40,40,40,40,40,10,0
1.745,0.16890565,0.11149113,-0.00059796773,0.00316328,-0.16890565,-0.11149113,0.00059796773,-0.00316328,0.0036131621,0.0036131621,OK,0,0.015717374,0.018544173,2.9322413e-07,6.0851587e-06,15,1.5,0.02,0.04,-0.05,40,40,40,40,40,10,0
1.75,0.16943916,0.1035742,-0.00057891738,0.0042158681,-0.16943916,-0.1035742,0.00057891738,-0.0042158681,0.0051717929,0.0051717929,OK,0,0.015860923,0.018597811,2.9489986e-07,6.1740264e-06,15,1.5,0.02,0.04,-0.05,40,40,40,40,40,10,0
1.755,0.16994156,0.098417619,-0.0005575065,0.0042414662,-0.16994156,-0.098417619,0.0005575065,-0.0042414662,0.0053351377,0.0053351377,OK,0,0.016005323,0.018646241,2.9645392e-07,6.2639766e-06,15,1.5,0.02,0.04,-0.05,40,40,40,40,40,10,0
1.76,0.17042026,0.094002427,-0.00053677028,0.004050737,-0.17042026,-0.094002427,0.00053677028,-0.004050737,0.0051930536,0.0051930536,OK,0,0.016150539,0.018690423,2.9789454e-07,6.3460189e-06,15,1.5,0.02,0.04,-0.05,40,40,40,40,40,10,0
1.765,0.17087753,0.089869894,-0.00051729861,0.0038251007,-0.17087753,-0.089869894,0.00051729861,-0.0038251007,0.0049905183,0.0049905183,OK,0,0.016296534,0.018730806,2.9923253e-07,6.4191759e-06,15,1.5,0.02,0.04,-0.05,40,40,40,40,40,10,0
1.77,0.17131486,0.085912547,-0.00049875371,0.0036044172,-0.17131486,-0.085912547,0.00049875371,-0.0036044172,0.0047881193,0.0047881193,OK,0,0.016443278,0.018767711,3.004763e-07,6.484135e-06,15,1.5,0.02,0.04,-0.05,40,40,40,40,40,10,0
1.775,0.17173286,0.082110292,-0.0004813051,0.0033934262,-0.17173286,-0.082110292,0.0004813051,-0.0033934262,0.0045896319,0.0045896319,OK,0,0.016590739,0.018801421,3.0163457e-07,6.5417117e-06,15,1.5,0.02,0.04,-0.05,40,40,40,40,40,10,0
1.78,0.17213221,0.078449191,-0.00046495183,0.0031945102,-0.17213221,-0.078449191,0.00046495183,-0.0031945102,0.0043980997,0.0043980997,OK,0,0.016738887,0.018832193,3.0271548e-07,6.5927362e-06,15,1.5,0.02,0.04,-0.05,40,40,40,40,40,10,0
1.785,0.1725136,0.074920353,-0.0004496104,0.0030081375,-0.1725136,-0.074920353,0.0004496104,-0.0030081375,0.0042151364,0.0042151364,OK,0,0.016887691,0.018860258,3.0372622e-07,6.6379807e-06,15,1.5,0.02,0.04,-0.05,40,40,40,40,40,10,0
1.79,0.17287787,0.071517854,-0.00043502776,0.0028336952,-0.17287787,-0.071517854,0.00043502776,-0.0028336952,0.004043398,0.004043398,OK,0,0.017037125,0.018885832,3.0467247e-07,6.6781298e-06,15,1.5,0.02,0.04,-0.05,40,40,40,40,40,10,0
1.795,0.17322551,0.068240204,-0.00042128775,0.0026688957,-0.17322551,-0.068240204,0.00042128775,-0.0026688957,0.0038781456,0.0038781456,OK,0,0.01718716,0.018909116,3.0555989e-07,6.7137448e-06,15,1.5,0.02,0.04,-0.05,40,40,40,40,40,10,0
1.8,0.17355716,0.065079772,-0.00040830654,0.0025140346,-0.17355716,-0.065079772,0.00040830654,-0.0025140346,0.0037207879,0.0037207879,OK,0,0.017337771,0.018930293,3.0639346e-07,6.7453467e-06,15,1.5,0.02,0.04,-0.05,40,40,40,40,40,10,0
1.805,0.17387326,0.062031533,-0.00039616827,0.0023684596,-0.17387326,-0.062031533,0.00039616827,-0.0023684596,0.0035688918,0.0035688918,OK,0,0.01748893,0.018949532,3.071782e-07,6.7733947e-06,15,1.5,0.02,0.04,-0.05,40,40,40,40,40,10,0
1.81,0.17417454,0.059087561,-0.00038461989,0.002232788,-0.17417454,-0.059087561,0.00038461989,-0.002232788,0.0034268768,0.0034268768,OK,0,0.017640614,0.018966989,3.0791787e-07,6.7983214e-06,15,1.5,0.02,0.04,-0.05,40,40,40,40,40,10,0
1.815,0.17446132,0.056246769,-0.00037383031,0.0021049706,-0.17446132,-0.056246769,0.00037383031,-0.0021049706,0.0032890984,0.0032890984,OK,0,0.017792798,0.018982807,3.0861661e-07,6.8204759e-06,15,1.5,0.02,0.04,-0.05,40,40,40,40,40,10,0
1.82,0.17473412,0.053500535,-0.00036371509,0.0019860878,-0.17473412,-0.053500535,0.00036371509,-0.0019860878,0.0031581091,0.0031581091,OK,0,0.017945458,0.018997119,3.0927805e-07,6.8401986e-06,15,1.5,0.02,0.04,-0.05,40,40,40,40,40,10,0
1.825,0.17499361,0.050844365,-0.00035402117,0.0018756394,-0.17499361,-0.050844365,0.00035402117,-0.0018756394,0.0030367885,0.0030367885,OK,0,0.018098572,0.019010045,3.0990471e-07,6.8577887e-06,15,1.5,0.02,0.04,-0.05,40,40,40,40,40,10,0
1.83,0.17523996,0.048278334,-0.00034500192,0.0017713624,-0.17523996,-0.048278334,0.00034500192,-0.0017713624,0.0029179475,0.0029179475,OK,0,0.018252117,0.019021699,3.1049984e-07,6.8734774e-06,15,1.5,0.02,0.04,-0.05,40,40,40,40,40,10,0
1.835,0.17547381,0.04579271,-0.00033640397,0.0016750267,-0.17547381,-0.04579271,0.00033640397,-0.0016750267,0.002807665,0.002807665,OK,0,0.018406072,0.019032184,3.1106568e-07,6.8875059e-06,15,1.5,0.02,0.04,-0.05,40,40,40,40,40,10,0
1.84,0.1756956,0.043386855,-0.00032814288,0.0015848077,-0.1756956,-0.043386855,0.00032814288,-0.0015848077,0.0027044544,0.0027044544,OK,0,0.018560417,0.019041596,3.1160407e-07,6.900064e-06,15,1.5,0.02,0.04,-0.05,40,40,40,40,40,10,0
1.845,0.17590552,0.041058413,-0.00032038787,0.0014996423,-0.17590552,-0.041058413,0.00032038787,-0.0014996423,0.0026040923,0.0026040923,OK,0,0.018715131,0.019050025,3.1211731e-07,6.9113087e-06,15,1.5,0.02,0.04,-0.05,40,40,40,40,40,10,0
1.85,0.17610384,0.038799394,-0.00031322276,0.0014208072,-0.17610384,-0.038799394,0.00031322276,-0.0014208072,0.0025069219,0.0025069219,OK,0,0.018870194,0.019057552,3.1260785e-07,6.9214021e-06,15,1.5,0.02,0.04,-0.05,40,40,40,40,40,10,0
1.855,0.17629117,0.03660265,-0.00030631101,0.0013493005,-0.17629117,-0.03660265,0.00030631101,-0.0013493005,0.002419215,0.002419215,OK,0,0.019025587,0.01906425,3.1307698e-07,6.9305052e-06,15,1.5,0.02,0.04,-0.05,40,40,40,40,40,10,0
1.86,0.17646772,0.034470308,-0.00029973612,0.0012824373,-0.17646772,-0.034470308,0.00029973612,-0.0012824373,0.002335781,0.002335781,OK,0,0.019181291,0.019070191,3.1352619e-07,6.9387284e-06,15,1.5,0.02,0.04,-0.05,40,40,40,40,40,10,0
1.865,0.17663378,0.03239741,-0.00029349839,0.0012204455,-0.17663378,-0.03239741,0.00029349839,-0.0012204455,0.0022567644,0.0022567644,OK,0,0.019337288,0.019075439,3.139569e-07,6.9461758e-06,15,1.5,0.02,0.04,-0.05,40,40,40,40,40,10,0
1.87,0.17678952,0.030379509,-0.00028768198,0.0011634,-0.17678952,-0.030379509,0.00028768198,-0.0011634,0.0021808411,0.0021808411,OK,0,0.019493561,0.019080054,3.143707e-07,6.9529433e-06,15,1.5,0.02,0.04,-0.05,40,40,40,40,40,10,0
1.875,0.17693551,0.028410555,-0.00028195001,0.0011120715,-0.17693551,-0.028410555,0.00028195001,-0.0011120715,0.0021139893,0.0021139893,OK,0,0.019650092,0.01908409,3.1476818e-07,6.9591269e-06,15,1.5,0.02,0.04,-0.05,40,40,40,40,40,10,0
1.88,0.1770718,0.026493254,-0.00027647077,0.0010637398,-0.1770718,-0.026493254,0.00027647077,-0.0010637398,0.0020497143,0.0020497143,OK,0,0.019806864,0.019087599,3.1515036e-07,6.9647846e-06,15,1.5,0.02,0.04,-0.05,40,40,40,40,40,10,0
1.885,0.17719854,0.024621333,-0.00027132903,0.0010193549,-0.17719854,-0.024621333,0.00027132903,-0.0010193549,0.0019879211,0.0019879211,OK,0,0.019963861,0.01909063,3.1551846e-07,6.96998e-06,15,1.5,0.02,0.04,-0.05,40,40,40,40,40,10,0
1.89,0.17731625,0.022788603,-0.00026618696,0.00097987135,-0.17731625,-0.022788603,0.00026618696,-0.00097987135,0.0019348718,0.0019348718,OK,0,0.020121066,0.019093227,3.1587274e-07,6.9747807e-06,15,1.5,0.02,0.04,-0.05,40,40,40,40,40,10,0
1.895,0.17742462,0.020998021,-0.00026155098,0.00094259227,-0.17742462,-0.020998021,0.00026155098,-0.00094259227,0.0018790369,0.0018790369,OK,0,0.020278463,0.019095431,3.1621478e-07,6.9792231e-06,15,1.5,0.02,0.04,-0.05,40,40,40,40,40,10,0
1.9,0.1775242,0.019236286,-0.00025699913,0.00091141142,-0.1775242,-0.019236286,0.00025699913,-0.00091141142,0.0018320657,0.0018320657,OK,0,0.020436038,0.019097282,3.1654503e-07,6.9833765e-06,15,1.5,0.02,0.04,-0.05,40,40,40,40,40,10,0
1.905,0.17761523,0.017506885,-0.00025244728,0.00088348319,-0.17761523,-0.017506885,0.00025244728,-0.00088348319,0.0017910956,0.0017910956,OK,0,0.020593773,0.019098814,3.1686367e-07,6.9872792e-06,15,1.5,0.02,0.04,-0.05,40,40,40,40,40,10,0
1.91,0.1776975,0.015809376,-0.0002482326,0.00085757376,-0.1776975,-0.015809376,0.0002482326,-0.00085757376,0.0017491967,0.0017491967,OK,0,0.020751655,0.019100064,3.1717177e-07,6.9909564e-06,15,1.5,0.02,0.04,-0.05,40,40,40,40,40,10,0
1.915,0.17777181,0.014133582,-0.00024368042,0.00083640316,-0.17777181,-0.014133582,0.00024368042,-0.00083640316,0.001720178,0.001720178,OK,0,0.020909669,0.019101063,3.1746867e-07,6.9944542e-06,15,1.5,0.02,0.04,-0.05,40,40,40,40,40,10,0
1.92,0.17783735,0.012489162,-0.00023971879,0.00081471504,-0.17783735,-0.012489162,0.00023971879,-0.00081471504,0.0016826043,0.0016826043,OK,0,0.0210678,0.019101842,3.17756e-07,6.997773e-06,15,1.5,0.02,0.04,-0.05,40,40,40,40,40,10,0
1.925,0.17789497,0.010855313,-0.00023558824,0.00079955998,-0.17789497,-0.010855313,0.00023558824,-0.00079955998,0.0016576284,0.0016576284,OK,0,0.021226033,0.019102432,3.1803351e-07,7.0009695e-06,15,1.5,0.02,0.04,-0.05,40,40,40,40,40,10,0
1.93,0.17794439,0.0092415031,-0.00023162661,0.00078579906,-0.17794439,-0.0092415031,0.00023162661,-0.00078579906,0.0016328474,0.0016328474,OK,0,0.021384354,0.019102859,3.1830176e-07,7.0040569e-06,15,1.5,0.02,0.04,-0.05,40,40,40,40,40,10,0
1.935,0.17798575,0.0076395773,-0.0002277491,0.00077541441,-0.17798575,-0.0076395773,0.0002277491,-0.00077541441,0.0016121831,0.0016121831,OK,0,0.021542749,0.01910315,3.1856111e-07,7.0070632e-06,15,1.5,0.02,0.04,-0.05,40,40,40,40,40,10,0
1.94,0.17801909,0.0060470443,-0.00022395573,0.00076811869,-0.17801909,-0.0060470443,0.00022395573,-0.00076811869,0.0015951057,0.0015951057,OK,0,0.021701203,0.019103333,3.1881189e-07,7.0100133e-06,15,1.5,0.02,0.04,-0.05,40,40,40,40,40,10,0
1.945,0.17804452,0.0044606989,-0.00022016268,0.00076392241,-0.17804452,-0.0044606989,0.00022016268,-0.00076392241,0.0015827617,0.0015827617,OK,0,0.021859702,0.019103433,3.1905425e-07,7.0129312e-06,15,1.5,0.02,0.04,-0.05,40,40,40,40,40,10,0
1.95,0.17806221,0.0028790017,-0.00021620072,0.00076217232,-0.17806221,-0.0028790017,0.00021620072,-0.00076217232,0.001576652,0.001576652,OK,0,0.022018233,0.019103474,3.1928796e-07,7.0158357e-06,15,1.5,0.02,0.04,-0.05,40,40,40,40,40,10,0
1.955,0.17807186,0.0013025779,-0.00021240768,0.0007613482,-0.17807186,-0.0013025779,0.00021240768,-0.0007613482,0.0015694475,0.0015694475,OK,0,0.022176781,0.019103483,3.1951355e-07,7.0187339e-06,15,1.5,0.02,0.04,-0.05,40,40,40,40,40,10,0
1.96,0.17807352,-0.00027839217,-0.00020869876,0.00076414695,-0.17807352,0.00027839217,0.00020869876,-0.00076414695,0.0015660738,0.0015660738,OK,0,0.022335332,0.019103483,3.1973132e-07,7.0216535e-06,15,1.5,0.02,0.04,-0.05,40,40,40,40,40,10,0
1.965,0.17806732,-0.0018667193,-0.00020490538,0.00077043943,-0.17806732,0.0018667193,0.00020490538,-0.00077043943,0.0015687561,0.0015687561,OK,0,0.022493872,0.0191035,3.1994125e-07,7.0246214e-06,15,1.5,0.02,0.04,-0.05,40,40,40,40,40,10,0
1.97,0.17805338,-0.0034620806,-0.00020085929,0.00077882972,-0.17805338,0.0034620806,0.00020085929,-0.00077882972,0.0015779396,0.0015779396,OK,0,0.022652387,0.01910356,3.2014298e-07,7.0276543e-06,15,1.5,0.02,0.04,-0.05,40,40,40,40,40,10,0
1.975,0.17803123,-0.0050635573,-0.00019698179,0.0007876779,-0.17803123,0.0050635573,0.00019698179,-0.0007876779,0.0015848724,0.0015848724,OK,0,0.022810862,0.019103689,3.2033699e-07,7.0307565e-06,15,1.5,0.02,0.04,-0.05,40,40,40,40,40,10,0
1.98,0.17800098,-0.0066827665,-0.00019310428,0.00080039491,-0.17800098,0.0066827665,0.00019310428,-0.00080039491,0.001596737,0.001596737,OK,0,0.022969284,0.019103912,3.2052343e-07,7.0339596e-06,15,1.5,0.02,0.04,-0.05,40,40,40,40,40,10,0
1.985,0.17796266,-0.0083211621,-0.00018905819,0.00081628334,-0.17796266,0.0083211621,0.00018905819,-0.00081628334,0.0016149589,0.0016149589,OK,0,0.023127637,0.019104258,3.2070215e-07,7.0372912e-06,15,1.5,0.02,0.04,-0.05,40,40,40,40,40,10,0
1.99,0.17791636,-0.0099782677,-0.00018467459,0.00083385448,-0.17791636,0.0099782677,0.00018467459,-0.00083385448,0.0016398594,0.0016398594,OK,0,0.023285909,0.019104756,3.2087267e-07,7.0407678e-06,15,1.5,0.02,0.04,-0.05,40,40,40,40,40,10,0
1.995,0.17786147,-0.011653249,-0.00018045991,0.00085146182,-0.17786147,0.011653249,0.00018045991,-0.00085146182,0.0016613935,0.0016613935,OK,0,0.023444082,0.019105435,3.210355e-07,7.0443927e-06,15,1.5,0.02,0.04,-0.05,40,40,40,40,40,10,0
2,0.17779792,-0.013359717,-0.00017632969,0.00087326939,-0.17779792,0.013359717,0.00017632969,-0.00087326939,0.0016865285,0.0016865285,OK,0,0.023602143,0.019106327,3.2119096e-07,7.0482057e-06,15,1.5,0.02,0.04,-0.05,40,40,40,40,40,10,0
2.005,0.17772588,-0.015101496,-0.00017194643,0.00089947533,-0.17772588,0.015101496,0.00017194643,-0.00089947533,0.0017204743,0.0017204743,OK,0,0.023760075,0.019107468,3.2133879e-07,7.052251e-06,15,1.5,0.02,0.04,-0.05,40,40,40,40,40,10,0
2.01,0.17764506,-0.016875162,-0.00016739457,0.00092732946,-0.17764506,0.016875162,0.00016739457,-0.00092732946,0.0017579704,0.0017579704,OK,0,0.023917864,0.019108891,3.2147889e-07,7.0565507e-06,15,1.5,0.02,0.04,-0.05,40,40,40,40,40,10,0
2.015,0.1775553,-0.018684979,-0.00016267413,0.00095715666,-0.1775553,0.018684979,0.00016267413,-0.00095715666,0.0017993298,0.0017993298,OK,0,0.024075493,0.019110637,3.2161121e-07,7.0611315e-06,15,1.5,0.02,0.04,-0.05,40,40,40,40,40,10,0
2.02,0.17745638,-0.020534951,-0.0001577851,0.00098915195,-0.17745638,0.020534951,0.0001577851,-0.00098915195,0.001844681,0.001844681,OK,0,0.024232947,0.019112746,3.2173569e-07,7.0660236e-06,15,1.5,0.02,0.04,-0.05,40,40,40,40,40,10,0
2.025,0.17734809,-0.022429114,-0.00015272749,0.0010234926,-0.17734809,0.022429114,0.00015272749,-0.0010234926,0.0018941239,0.0018941239,OK,0,0.024390209,0.019115261,3.2185232e-07,7.0712613e-06,15,1.5,0.02,0.04,-0.05,40,40,40,40,40,10,0
2.03,0.17723026,-0.024371598,-0.00014741682,0.0010603599,-0.17723026,0.024371598,0.00014741682,-0.0010603599,0.0019490289,0.0019490289,OK,0,0.024547262,0.019118231,3.2196097e-07,7.0768831e-06,15,1.5,0.02,0.04,-0.05,40,40,40,40,40,10,0
2.035,0.17710247,-0.026364831,-0.00014202203,0.001099213,-0.17710247,0.026364831,0.00014202203,-0.001099213,0.0020059452,0.0020059452,OK,0,0.024704088,0.019121706,3.2206183e-07,7.0829244e-06,15,1.5,0.02,0.04,-0.05,40,40,40,40,40,10,0
2.04,0.17696442,-0.028416438,-0.00013654311,0.0011415687,-0.17696442,0.028416438,0.00013654311,-0.0011415687,0.0020668372,0.0020668372,OK,0,0.02486067,0.019125744,3.2215505e-07,7.0894403e-06,15,1.5,0.02,0.04,-0.05,40,40,40,40,40,10,0
2.045,0.17681596,-0.030531552,-0.00013081115,0.0011878943,-0.17681596,0.030531552,0.00013081115,-0.0011878943,0.0021347313,0.0021347313,OK,0,0.02501699,0.019130405,3.222406e-07,7.0964958e-06,15,1.5,0.02,0.04,-0.05,40,40,40,40,40,10,0
2.05,0.17665691,-0.032711318,-0.00012465754,0.0012370031,-0.17665691,0.032711318,0.00012465754,-0.0012370031,0.002210327,0.002210327,OK,0,0.025173028,0.019135755,3.223183e-07,7.1041467e-06,15,1.5,0.02,0.04,-0.05,40,40,40,40,40,10,0
2.055,0.17648678,-0.034956227,-0.00011825123,0.0012873945,-0.17648678,0.034956227,0.00011825123,-0.0012873945,0.0022888098,0.0022888098,OK,0,0.025328766,0.019141864,3.2238822e-07,7.1124336e-06,15,1.5,0.02,0.04,-0.05,40,40,40,40,40,10,0
2.06,0.17630512,-0.037273989,-0.00011167632,0.0013404285,-0.17630512,0.037273989,0.00011167632,-0.0013404285,0.0023706408,0.0023706408,OK,0,0.025484183,0.019148811,3.2245058e-07,7.1214173e-06,15,1.5,0.02,0.04,-0.05,40,40,40,40,40,10,0
2.065,0.17611153,-0.039672042,-0.00010493283,0.0013972997,-0.17611153,0.039672042,0.00010493283,-0.0013972997,0.002457306,0.002457306,OK,0,0.02563926,0.019156681,3.2250563e-07,7.1311796e-06,15,1.5,0.02,0.04,-0.05,40,40,40,40,40,10,0
2.07,0.1759059,-0.04215613,-9.7683581e-05,0.0014584587,-0.1759059,0.04215613,9.7683581e-05,-0.0014584587,0.0025543073,0.0025543073,OK,0,0.025793974,0.019165566,3.2255334e-07,7.1418151e-06,15,1.5,0.02,0.04,-0.05,40,40,40,40,40,10,0
2.075,0.17568739,-0.044724593,-9.0350207e-05,0.0015213051,-0.17568739,0.044724593,9.0350207e-05,-0.0015213051,0.0026514686,0.0026514686,OK,0,0.025948304,0.019175568,3.2259416e-07,7.1533869e-06,15,1.5,0.02,0.04,-0.05,40,40,40,40,40,10,0
2.08,0.175456,-0.04739075,-8.2426261e-05,0.0015892142,-0.175456,0.04739075,8.2426261e-05,-0.0015892142,0.0027609174,0.0027609174,OK,0,0.026102228,0.019186797,3.2262813e-07,7.1660149e-06,15,1.5,0.02,0.04,-0.05,40,40,40,40,40,10,0
2.085,0.17521075,-0.050151117,-7.4418537e-05,0.0016587108,-0.17521075,0.050151117,7.4418537e-05,-0.0016587108,0.0028699585,0.0028699585,OK,0,0.026255723,0.019199373,3.2265582e-07,7.1797715e-06,15,1.5,0.02,0.04,-0.05,40,40,40,40,40,10,0
2.09,0.17495135,-0.05302084,-6.6073294e-05,0.0017337594,-0.17495135,0.05302084,6.6073294e-05,-0.0017337594,0.002987733,0.002987733,OK,0,0.026408762,0.019213429,3.2267765e-07,7.1948011e-06,15,1.5,0.02,0.04,-0.05,40,40,40,40,40,10,0
2.095,0.17467772,-0.05600259,-5.6885114e-05,0.0018132103,-0.17467772,0.05600259,5.6885114e-05,-0.0018132103,0.0031199896,0.0031199896,OK,0,0.026561324,0.01922911,3.2269383e-07,7.2112398e-06,15,1.5,0.02,0.04,-0.05,40,40,40,40,40,10,0
2.1,0.17438848,-0.059091415,-4.769728e-05,0.0018927558,-0.17438848,0.059091415,4.769728e-05,-0.0018927558,0.0032477875,0.0032477875,OK,0,0.026713381,0.019246569,3.227052e-07,7.2291524e-06,15,1.5,0.02,0.04,-0.05,40,40,40,40,40,10,0
2.105,0.17408359,-0.062309987,-3.7918869e-05,0.0019791403,-0.17408359,0.062309987,3.7918869e-05,-0.0019791403,0.0033891996,0.0033891996,OK,0,0.026864906,0.019265982,3.2271239e-07,7.2487374e-06,15,1.5,0.02,0.04,-0.05,40,40,40,40,40,10,0
2.11,0.17376212,-0.065655844,-2.780398e-05,0.0020688774,-0.17376212,0.065655844,2.780398e-05,-0.0020688774,0.003535265,0.003535265,OK,0,0.027015872,0.019287535,3.2271626e-07,7.2701387e-06,15,1.5,0.02,0.04,-0.05,40,40,40,40,40,10,0
2.115,0.17342339,-0.069140002,-1.7351217e-05,0.002163815,-0.17342339,0.069140002,1.7351217e-05,-0.002163815,0.0036883219,0.0036883219,OK,0,0.027166251,0.019311437,3.2271776e-07,7.2935491e-06,15,1.5,0.02,0.04,-0.05,40,40,40,40,40,10,0
2.12,0.17306699,-0.072770865,-6.2244552e-06,0.0022646432,-0.17306699,0.072770865,6.2244552e-06,-0.0022646432,0.0038541032,0.0038541032,OK,0,0.027316012,0.019337915,3.2271795e-07,7.3191922e-06,15,1.5,0.02,0.04,-0.05,40,40,40,40,40,10,0
2.125,0.17269183,-0.076549425,5.2394818e-06,0.0023689511,-0.17269183,0.076549425,-5.2394818e-06,-0.0023689511,0.0040238783,0.0040238783,OK,0,0.027465124,0.019367214,3.2271809e-07,7.3472518e-06,15,1.5,0.02,0.04,-0.05,40,40,40,40,40,10,0
2.13,0.17229751,-0.080489927,1.7462238e-05,0.0024795558,-0.17229751,0.080489927,-1.7462238e-05,-0.0024795558,0.0042076204,0.0042076204,OK,0,0.027613556,0.019399607,3.2271962e-07,7.3779928e-06,15,1.5,0.02,0.04,-0.05,40,40,40,40,40,10,0
2.135,0.17188287,-0.084593224,3.0105933e-05,0.0025937515,-0.17188287,0.084593224,-3.0105933e-05,-0.0025937515,0.0043961447,0.0043961447,OK,0,0.027761275,0.019435387,3.2272415e-07,7.4116306e-06,15,1.5,0.02,0.04,-0.05,40,40,40,40,40,10,0
2.14,0.17144728,-0.088874147,4.3424685e-05,0.0027143418,-0.17144728,0.088874147,-4.3424685e-05,-0.0027143418,0.0045968628,0.0045968628,OK,0,0.027908246,0.01947488,3.2273358e-07,7.4484688e-06,15,1.5,0.02,0.04,-0.05,40,40,40,40,40,10,0
2.145,0.17098998,-0.093337892,5.7586019e-05,0.0028401066,-0.17098998,0.093337892,-5.7586019e-05,-0.0028401066,0.0048102341,0.0048102341,OK,0,0.028054434,0.01951844,3.2275016e-07,7.4887998e-06,15,1.5,0.02,0.04,-0.05,40,40,40,40,40,10,0
2.15,0.17050941,-0.097989928,7.2000413e-05,0.0029697994,-0.17050941,0.097989928,-7.2000413e-05,-0.0029697994,0.0050252963,0.0050252963,OK,0,0.028199801,0.01956645,3.2277608e-07,7.5328984e-06,15,1.5,0.02,0.04,-0.05,40,40,40,40,40,10,0
2.155,0.17000505,-0.10285241,8.7173272e-05,0.0031087497,-0.17000505,0.10285241,-8.7173272e-05,-0.0031087497,0.0052567283,0.0052567283,OK,0,0.028344309,0.019619343,3.2281407e-07,7.58122e-06,15,1.5,0.02,0.04,-0.05,40,40,40,40,40,10,0
2.16,0.16947579,-0.10792762,0.00010310495,0.0032541185,-0.16947579,0.10792762,-0.00010310495,-0.0032541185,0.005500163,0.005500163,OK,0,0.02848792,0.019677585,3.2286723e-07,7.6341664e-06,15,1.5,0.02,0.04,-0.05,40,40,40,40,40,10,0
2.165,0.16892035,-0.11322522,0.00011962651,0.0034058701,-0.16892035,0.11322522,-0.00011962651,-0.0034058701,0.0057526009,0.0057526009,OK,0,0.02863059,0.019741685,3.2293878e-07,7.6921662e-06,15,1.5,0.02,0.04,-0.05,40,40,40,40,40,10,0
2.17,0.1683382,-0.11876031,0.00013741265,0.0035659975,-0.1683382,0.11876031,-0.00013741265,-0.0035659975,0.0060265376,0.0060265376,OK,0,0.028772279,0.019812205,3.2303319e-07,7.7557479e-06,15,1.5,0.02,0.04,-0.05,40,40,40,40,40,10,0
2.175,0.16777597,-0.10513835,0.00014348177,-0.0011159613,-0.16777597,0.10513835,-0.00014348177,0.0011159613,-0.00037172989,-0.00037172989,OK,0,0.028913023,0.019867475,3.2313613e-07,7.7619747e-06,15,1.5,0.02,0.04,-0.05,40,40,40,40,40,10,0
2.18,0.16727628,-0.096525387,0.00013168064,-0.0031583325,-0.16727628,0.096525387,-0.00013168064,0.0031583325,-0.003277779,-0.003277779,OK,0,0.029052929,0.019914061,3.2322282e-07,7.8118501e-06,15,1.5,0.02,0.04,-0.05,40,40,40,40,40,10,0
2.185,0.16680562,-0.092563512,0.00011499014,-0.003404881,-0.16680562,0.092563512,-0.00011499014,0.003404881,-0.0037488973,-0.0037488973,OK,0,0.02919205,0.019956901,3.2328894e-07,7.8698161e-06,15,1.5,0.02,0.04,-0.05,40,40,40,40,40,10,0
2.19,0.16635138,-0.089753615,9.8299999e-05,-0.0032639973,-0.16635138,0.089753615,-9.8299999e-05,0.0032639973,-0.003684613,-0.003684613,OK,0,0.029330414,0.01999718,3.2333725e-07,7.9230845e-06,15,1.5,0.02,0.04,-0.05,40,40,40,40,40,10,0
2.195,0.16591014,-0.087316723,8.2621382e-05,-0.0030476289,-0.16591014,0.087316723,-8.2621382e-05,0.0030476289,-0.0035065887,-0.0035065887,OK,0,0.029468045,0.020035301,3.2337138e-07,7.9695247e-06,15,1.5,0.02,0.04,-0.05,40,40,40,40,40,10,0
2.2,0.16548031,-0.08507804,6.7869815e-05,-0.0028241547,-0.16548031,0.08507804,-6.7869815e-05,0.0028241547,-0.0033117001,-0.0033117001,OK,0,0.029604964,0.020071492,3.2339442e-07,8.009404e-06,15,1.5,0.02,0.04,-0.05,40,40,40,40,40,10,0
2.205,0.16506152,-0.083002141,5.4551418e-05,-0.0026058658,-0.16506152,0.083002141,-5.4551418e-05,0.0026058658,-0.0031093828,-0.0031093828,OK,0,0.02974119,0.020105939,3.234093e-07,8.0433567e-06,15,1.5,0.02,0.04,-0.05,40,40,40,40,40,10,0
2.21,0.16465237,-0.081067906,4.1991485e-05,-0.0023994125,-0.16465237,0.081067906,-4.1991485e-05,0.0023994125,-0.0029189154,-0.0029189154,OK,0,0.029876742,0.020138799,3.2341811e-07,8.0721426e-06,15,1.5,0.02,0.04,-0.05,40,40,40,40,40,10,0
2.215,0.1642527,-0.079282472,3.0696134e-05,-0.0022001727,-0.1642527,0.079282472,-3.0696134e-05,0.0022001727,-0.002726062,-0.002726062,OK,0,0.030011637,0.020170228,3.2342282e-07,8.0963464e-06,15,1.5,0.02,0.04,-0.05,40,40,40,40,40,10,0
2.22,0.16386125,-0.077633471,2.0075131e-05,-0.0020115245,-0.16386125,0.077633471,-2.0075131e-05,0.0020115245,-0.0025442736,-0.0025442736,OK,0,0.030145889,0.020200362,3.2342484e-07,8.1165775e-06,15,1.5,0.02,0.04,-0.05,40,40,40,40,40,10,0
2.225,0.16347786,-0.076128217,1.0634238e-05,-0.0018289941,-0.16347786,0.076128217,-1.0634238e-05,0.0018289941,-0.002359549,-0.002359549,OK,0,0.030279514,0.02022934,3.234254e-07,8.1333036e-06,15,1.5,0.02,0.04,-0.05,40,40,40,40,40,10,0
2.23,0.16310157,-0.074755014,2.0362813e-06,-0.0016559321,-0.16310157,0.074755014,-2.0362813e-06,0.0016559321,-0.0021815232,-0.0021815232,OK,0,0.030412525,0.020257281,3.2342542e-07,8.1470142e-06,15,1.5,0.02,0.04,-0.05,40,40,40,40,40,10,0
2.235,0.16273147,-0.073516515,-5.9717962e-06,-0.0014900043,-0.16273147,0.073516515,5.9717962e-06,0.0014900043,-0.0020106145,-0.0020106145,OK,0,0.030544933,0.020284305,3.234256e-07,8.1581147e-06,15,1.5,0.02,0.04,-0.05,40,40,40,40,40,10,0
2.24,0.16236735,-0.07241666,-1.2968e-05,-0.0013284701,-0.16236735,0.07241666,1.2968e-05,0.0013284701,-0.0018365445,-0.0018365445,OK,0,0.030676748,0.020310526,3.2342644e-07,8.1669389e-06,15,1.5,0.02,0.04,-0.05,40,40,40,40,40,10,0
2.245,0.16200848,-0.071445427,-1.903715e-05,-0.0011743357,-0.16200848,0.071445427,1.903715e-05,0.0011743357,-0.0016647084,-0.0016647084,OK,0,0.030807982,0.020336048,3.2342826e-07,8.1738342e-06,15,1.5,0.02,0.04,-0.05,40,40,40,40,40,10,0
2.25,0.161654,-0.070601165,-2.4431951e-05,-0.0010273427,-0.161654,0.070601165,2.4431951e-05,0.0010273427,-0.0014984598,-0.0014984598,OK,0,0.030938642,0.020360971,3.2343124e-07,8.1791114e-06,15,1.5,0.02,0.04,-0.05,40,40,40,40,40,10,0
2.255,0.16130331,-0.069887664,-2.9152403e-05,-0.00088514495,-0.16130331,0.069887664,2.9152403e-05,0.00088514495,-0.0013344438,-0.0013344438,OK,0,0.031068736,0.020385392,3.2343549e-07,8.1830288e-06,15,1.5,0.02,0.04,-0.05,40,40,40,40,40,10,0
2.26,0.16095551,-0.069304601,-3.3451562e-05,-0.00074716557,-0.16095551,0.069304601,3.3451562e-05,0.00074716557,-0.0011755955,-0.0011755955,OK,0,0.031198269,0.020409408,3.2344108e-07,8.1858201e-06,15,1.5,0.02,0.04,-0.05,40,40,40,40,40,10,0
2.265,0.16061056,-0.068856521,-3.673885e-05,-0.00061097236,-0.16061056,0.068856521,3.673885e-05,0.00061097236,-0.001009591,-0.001009591,OK,0,0.031327248,0.020433114,3.2344783e-07,8.1876865e-06,15,1.5,0.02,0.04,-0.05,40,40,40,40,40,10,0
2.27,0.1602674,-0.068531068,-3.9436604e-05,-0.00048105907,-0.1602674,0.068531068,3.9436604e-05,0.00048105907,-0.0008490325,-0.0008490325,OK,0,0.031455676,0.020456596,3.2345561e-07,8.1888436e-06,15,1.5,0.02,0.04,-0.05,40,40,40,40,40,10,0
2.275,0.15992551,-0.068334523,-4.1459662e-05,-0.00035450844,-0.15992551,0.068334523,4.1459662e-05,0.00035450844,-0.00068852831,-0.00068852831,OK,0,0.031583557,0.020479944,3.234642e-07,8.189472e-06,15,1.5,0.02,0.04,-0.05,40,40,40,40,40,10,0
2.28,0.15958411,-0.068266132,-4.2976958e-05,-0.00023134559,-0.15958411,0.068266132,4.2976958e-05,0.00023134559,-0.00053063587,-0.00053063587,OK,0,0.031710893,0.020503246,3.2347344e-07,8.1897396e-06,15,1.5,0.02,0.04,-0.05,40,40,40,40,40,10,0
2.285,0.15924272,-0.068329461,-4.3819906e-05,-0.00010995968,-0.15924272,0.068329461,4.3819906e-05,0.00010995968,-0.00037056223,-0.00037056223,OK,0,0.031837684,0.02052659,3.2348304e-07,8.1898e-06,15,1.5,0.02,0.04,-0.05,40,40,40,40,40,10,0
2.29,0.15890086,-0.068521915,-4.381957e-05,8.6686762e-06,-0.15890086,0.068521915,4.381957e-05,-8.6686762e-06,-0.00020714987,-0.00020714987,OK,0,0.031963931,0.020550066,3.2349264e-07,8.1898004e-06,15,1.5,0.02,0.04,-0.05,40,40,40,40,40,10,0
2.295,0.15855709,-0.06883992,-4.381993e-05,0.00012305682,-0.15855709,0.06883992,4.381993e-05,-0.00012305682,-5.5168663e-05,-5.5168663e-05,OK,0,0.032089633,0.020573761,3.2350224e-07,8.1898761e-06,15,1.5,0.02,0.04,-0.05,40,40,40,40,40,10,0
2.3,0.15821182,-0.069301652,-4.2723951e-05,0.00024038926,-0.15821182,0.069301652,4.2723951e-05,-0.00024038926,0.00011189489,0.00011189489,OK,0,0.032214788,0.020597775,3.2351137e-07,8.1901651e-06,15,1.5,0.02,0.04,-0.05,40,40,40,40,40,10,0
2.305,0.15786363,-0.069888164,-4.1291147e-05,0.00035276875,-0.15786363,0.069888164,4.1291147e-05,-0.00035276875,0.00027153191,0.00027153191,OK,0,0.032339393,0.020622197,3.2351989e-07,8.1907873e-06,15,1.5,0.02,0.04,-0.05,40,40,40,40,40,10,0
2.31,0.15751212,-0.070613315,-3.9268113e-05,0.00046542123,-0.15751212,0.070613315,3.9268113e-05,-0.00046542123,0.0004348199,0.0004348199,OK,0,0.032463443,0.020647128,3.235276e-07,8.1918704e-06,15,1.5,0.02,0.04,-0.05,40,40,40,40,40,10,0
2.315,0.15715685,-0.071475862,-3.6401795e-05,0.00057737323,-0.15715685,0.071475862,3.6401795e-05,-0.00057737323,0.0006041355,0.0006041355,OK,0,0.032586934,0.020672672,3.2353423e-07,8.1935372e-06,15,1.5,0.02,0.04,-0.05,40,40,40,40,40,10,0
2.32,0.15679649,-0.072471887,-3.3367238e-05,0.00068646082,-0.15679649,0.072471887,3.3367238e-05,-0.00068646082,0.00076623708,0.00076623708,OK,0,0.03270986,0.020698933,3.235398e-07,8.1958933e-06,15,1.5,0.02,0.04,-0.05,40,40,40,40,40,10,0
2.325,0.15643083,-0.073617084,-2.9658333e-05,0.00079831929,-0.15643083,0.073617084,2.9658333e-05,-0.00079831929,0.00093653725,0.00093653725,OK,0,0.032832213,0.02072603,3.2354419e-07,8.1990799e-06,15,1.5,0.02,0.04,-0.05,40,40,40,40,40,10,0
2.33,0.15606697,-0.071688668,-2.746706e-05,9.213955e-05,-0.15606697,0.071688668,2.746706e-05,-9.213955e-05,-2.0003793e-05,-2.0003793e-05,OK,0,0.032953998,0.020751726,3.2354797e-07,8.1991223e-06,15,1.5,0.02,0.04,-0.05,40,40,40,40,40,10,0
2.335,0.15571181,-0.070652103,-2.7803893e-05,-0.00016962864,-0.15571181,0.070652103,2.7803893e-05,0.00016962864,-0.00038334916,-0.00038334916,OK,0,0.033075228,0.020776685,3.2355183e-07,8.1992662e-06,15,1.5,0.02,0.04,-0.05,40,40,40,40,40,10,0
2.34,0.15535915,-0.070504254,-2.8562717e-05,-0.00012965395,-0.15535915,0.070504254,2.8562717e-05,0.00012965395,-0.00033590881,-0.00033590881,OK,0,0.033195911,0.020801539,3.2355591e-07,8.1993503e-06,15,1.5,0.02,0.04,-0.05,40,40,40,40,40,10,0
2.345,0.15500644,-0.070657248,-2.8815779e-05,-2.4836764e-05,-0.15500644,0.070657248,2.8815779e-05,2.4836764e-05,-0.00019565301,-0.00019565301,OK,0,0.033316046,0.020826501,3.2356006e-07,8.1993534e-06,15,1.5,0.02,0.04,-0.05,40,40,40,40,40,10,0
2.35,0.15465214,-0.070979751,-2.8815786e-05,9.1770848e-05,-0.15465214,0.070979751,2.8815786e-05,-9.1770848e-05,-4.0727706e-05,-4.0727706e-05,OK,0,0.033435632,0.020851692,3.2356421e-07,8.1993955e-06,15,1.5,0.02,0.04,-0.05,40,40,40,40,40,10,0
2.355,0.1542962,-0.071452691,-2.7803921e-05,0.00021232386,-0.1542962,0.071452691,2.7803921e-05,-0.00021232386,0.00012924337,0.00012924337,OK,0,0.033554669,0.020877219,3.2356808e-07,8.1996209e-06,15,1.5,0.02,0.04,-0.05,40,40,40,40,40,10,0
2.36,0.15393725,-0.07205724,-2.6455231e-05,0.00032896501,-0.15393725,0.07205724,2.6455231e-05,-0.00032896501,0.00029307447,0.00029307447,OK,0,0.033673152,0.020903181,3.2357158e-07,8.200162e-06,15,1.5,0.02,0.04,-0.05,40,40,40,40,40,10,0
2.365,0.15357477,-0.072805519,-2.4600779e-05,0.00044620935,-0.15357477,0.072805519,2.4600779e-05,-0.00044620935,0.00045957691,0.00045957691,OK,0,0.033791078,0.020929684,3.235746e-07,8.2011575e-06,15,1.5,0.02,0.04,-0.05,40,40,40,40,40,10,0
2.37,0.1532082,-0.073697814,-2.2071979e-05,0.00056368511,-0.1532082,0.073697814,2.2071979e-05,-0.00056368511,0.00063069945,0.00063069945,OK,0,0.033908442,0.020956841,3.2357704e-07,8.2027462e-06,15,1.5,0.02,0.04,-0.05,40,40,40,40,40,10,0
2.375,0.15283684,-0.074732379,-1.886883e-05,0.00068008691,-0.15283684,0.074732379,1.886883e-05,-0.00068008691,0.00080453953,0.00080453953,OK,0,0.034025237,0.020984765,3.2357882e-07,8.2050588e-06,15,1.5,0.02,0.04,-0.05,40,40,40,40,40,10,0
2.38,0.15245989,-0.075910932,-1.5075451e-05,0.00079539029,-0.15245989,0.075910932,1.5075451e-05,-0.00079539029,0.00097971409,0.00097971409,OK,0,0.034141457,0.021013578,3.2357996e-07,8.208222e-06,15,1.5,0.02,0.04,-0.05,40,40,40,40,40,10,0
2.385,0.15207628,-0.077237921,-1.1029718e-05,0.00091055469,-0.15207628,0.077237921,1.1029718e-05,-0.00091055469,0.0011523949,0.0011523949,OK,0,0.034257093,0.021043406,3.2358056e-07,8.2123675e-06,15,1.5,0.02,0.04,-0.05,40,40,40,40,40,10,0
2.39,0.1516859,-0.078724037,-6.0562286e-06,0.0010289394,-0.1516859,0.078724037,6.0562286e-06,-0.0010289394,0.0013373222,0.0013373222,OK,0,0.034372136,0.021074394,3.2358075e-07,8.2176611e-06,15,1.5,0.02,0.04,-0.05,40,40,40,40,40,10,0
2.395,0.15128756,-0.08035975,-5.7732961e-07,0.0011456253,-0.15128756,0.08035975,5.7732961e-07,-0.0011456253,0.0015211393,0.0015211393,OK,0,0.034486576,0.021106682,3.2358075e-07,8.2242234e-06,15,1.5,0.02,0.04,-0.05,40,40,40,40,40,10,0
2.4,0.15088058,-0.082155396,5.4921522e-06,0.0012635815,-0.15088058,0.082155396,-5.4921522e-06,-0.0012635815,0.0017091502,0.0017091502,OK,0,0.034600401,0.02114043,3.235809e-07,8.2322066e-06,15,1.5,0.02,0.04,-0.05,40,40,40,40,40,10,0
2.405,0.15046413,-0.084114572,1.2151161e-05,0.0013829331,-0.15046413,0.084114572,-1.2151161e-05,-0.0013829331,0.0019013667,0.0019013667,OK,0,0.034713598,0.021175806,3.2358164e-07,8.2417691e-06,15,1.5,0.02,0.04,-0.05,40,40,40,40,40,10,0
2.41,0.15003737,-0.086241716,1.94004e-05,0.0015040149,-0.15003737,0.086241716,-1.94004e-05,-0.0015040149,0.0020981071,0.0020981071,OK,0,0.034826154,0.021212994,3.2358352e-07,8.2530794e-06,15,1.5,0.02,0.04,-0.05,40,40,40,40,40,10,0
2.415,0.14959936,-0.088541691,2.7155401e-05,0.0016272011,-0.14959936,0.088541691,-2.7155401e-05,-0.0016272011,0.0022984522,0.0022984522,OK,0,0.034938054,0.021252192,3.2358721e-07,8.2663183e-06,15,1.5,0.02,0.04,-0.05,40,40,40,40,40,10,0
2.42,0.14914936,-0.091021585,3.558475e-05,0.0017536253,-0.14914936,0.091021585,-3.558475e-05,-0.0017536253,0.002506333,0.002506333,OK,0,0.035049282,0.021293617,3.2359354e-07,8.2816944e-06,15,1.5,0.02,0.04,-0.05,40,40,40,40,40,10,0
2.425,0.14868646,-0.093683816,4.4688803e-05,0.0018823971,-0.14868646,0.093683816,-4.4688803e-05,-0.0018823971,0.0027203042,0.0027203042,OK,0,0.03515982,0.0213375,3.2360352e-07,8.2994114e-06,15,1.5,0.02,0.04,-0.05,40,40,40,40,40,10,0
2.43,0.14820988,-0.096533824,5.463508e-05,0.0020137012,-0.14820988,0.096533824,-5.463508e-05,-0.0020137012,0.0029429227,0.0029429227,OK,0,0.035269651,0.021384094,3.2361845e-07,8.3196864e-06,15,1.5,0.02,0.04,-0.05,40,40,40,40,40,10,0
2.435,0.14771817,-0.099574383,6.4919244e-05,0.0021464994,-0.14771817,0.099574383,-6.4919244e-05,-0.0021464994,0.0031649258,0.0031649258,OK,0,0.035378754,0.021433669,3.2363952e-07,8.3427237e-06,15,1.5,0.02,0.04,-0.05,40,40,40,40,40,10,0
2.44,0.14721096,-0.1028225,7.6214573e-05,0.0022853416,-0.14721096,0.1028225,-7.6214573e-05,-0.0022853416,0.0034025502,0.0034025502,OK,0,0.035487109,0.021486532,3.2366857e-07,8.3688376e-06,15,1.5,0.02,0.04,-0.05,40,40,40,40,40,10,0
2.445,0.14668656,-0.10627309,8.7847077e-05,0.0024257048,-0.14668656,0.10627309,-8.7847077e-05,-0.0024257048,0.0036390711,0.0036390711,OK,0,0.035594694,0.021543001,3.2370715e-07,8.3982579e-06,15,1.5,0.02,0.04,-0.05,40,40,40,40,40,10,0
2.45,0.1461442,-0.109946,0.00010015393,0.0025729686,-0.1461442,0.109946,-0.00010015393,-0.0025729686,0.003886806,0.003886806,OK,0,0.035701485,0.021603442,3.237573e-07,8.4313587e-06,15,1.5,0.02,0.04,-0.05,40,40,40,40,40,10,0
2.455,0.14558315,-0.11384468,0.00011355678,0.0027257187,-0.14558315,0.11384468,-0.00011355678,-0.0027257187,0.0041498056,0.0041498056,OK,0,0.035807457,0.021668245,3.2382178e-07,8.4685064e-06,15,1.5,0.02,0.04,-0.05,40,40,40,40,40,10,0
2.46,0.14503121,-0.1033555,0.00012030026,-0.00076496584,-0.14503121,0.1033555,-0.00012030026,0.00076496584,-0.00057654084,-0.00057654084,OK,0,0.035912627,0.021721657,3.2389414e-07,8.4714323e-06,15,1.5,0.02,0.04,-0.05,40,40,40,40,40,10,0
2.465,0.14455259,-0.090685244,0.00010731905,-0.0037839203,-0.14455259,0.090685244,-0.00010731905,0.0037839203,-0.0048024525,-0.0048024525,OK,0,0.036017105,0.021762776,3.2395173e-07,8.5430225e-06,15,1.5,0.02,0.04,-0.05,40,40,40,40,40,10,0
2.47,0.14411791,-0.084519166,8.7004138e-05,-0.0042556879,-0.14411791,0.084519166,-8.7004138e-05,0.0042556879,-0.0055768784,-0.0055768784,OK,0,0.036120954,0.021798493,3.2398958e-07,8.6335769e-06,15,1.5,0.02,0.04,-0.05,40,40,40,40,40,10,0
2.475,0.14370937,-0.079894164,6.593076e-05,-0.0041773162,-0.14370937,0.079894164,-6.593076e-05,0.0041773162,-0.0055985922,-0.0055985922,OK,0,0.036224216,0.021830409,3.2401131e-07,8.7208268e-06,15,1.5,0.02,0.04,-0.05,40,40,40,40,40,10,0
2.48,0.14332273,-0.075711648,4.5700316e-05,-0.0039883658,-0.14332273,0.075711648,-4.5700316e-05,0.0039883658,-0.0054590553,-0.0054590553,OK,0,0.036326923,0.02185907,3.2402175e-07,8.8003621e-06,15,1.5,0.02,0.04,-0.05,40,40,40,40,40,10,0
2.485,0.1429562,-0.071719907,2.6228336e-05,-0.0037868944,-0.1429562,0.071719907,-2.6228336e-05,0.0037868944,-0.0052965888,-0.0052965888,OK,0,0.036429106,0.021884789,3.2402519e-07,8.8720649e-06,15,1.5,0.02,0.04,-0.05,40,40,40,40,40,10,0
2.49,0.14260923,-0.067865699,7.7678797e-06,-0.0035910076,-0.14260923,0.067865699,-7.7678797e-06,0.0035910076,-0.0051324366,-0.0051324366,OK,0,0.036530793,0.021907818,3.240255e-07,8.9365416e-06,15,1.5,0.02,0.04,-0.05,40,40,40,40,40,10,0
2.495,0.14228115,-0.064126793,-9.7651718e-06,-0.003406406,-0.14228115,0.064126793,9.7651718e-06,0.003406406,-0.0049755353,-0.0049755353,OK,0,0.036632012,0.021928379,3.2402597e-07,8.9945596e-06,15,1.5,0.02,0.04,-0.05,40,40,40,40,40,10,0
2.5,0.14197165,-0.060494292,-2.6202583e-05,-0.0032335127,-0.14197165,0.060494292,2.6202583e-05,0.0032335127,-0.0048236464,-0.0048236464,OK,0,0.036732792,0.021946677,3.240294e-07,9.0468377e-06,15,1.5,0.02,0.04,-0.05,40,40,40,40,40,10,0
2.505,0.14167987,-0.056956625,-4.1965296e-05,-0.0030739219,-0.14167987,0.056956625,4.1965296e-05,0.0030739219,-0.0046850299,-0.0046850299,OK,0,0.036833158,0.021962897,3.2403821e-07,9.0940826e-06,15,1.5,0.02,0.04,-0.05,40,40,40,40,40,10,0
2.51,0.14140555,-0.053514491,-5.6885423e-05,-0.0029243684,-0.14140555,0.053514491,5.6885423e-05,0.0029243684,-0.0045523024,-0.0045523024,OK,0,0.036933136,0.021977216,3.2405439e-07,9.1368423e-06,15,1.5,0.02,0.04,-0.05,40,40,40,40,40,10,0
2.515,0.14114806,-0.05015852,-7.1215322e-05,-0.002785732,-0.14114806,0.05015852,7.1215322e-05,0.002785732,-0.0044302075,-0.0044302075,OK,0,0.03703275,0.021989795,3.2407975e-07,9.1756438e-06,15,1.5,0.02,0.04,-0.05,40,40,40,40,40,10,0
2.52,0.14090717,-0.046886551,-8.4786752e-05,-0.0026560655,-0.14090717,0.046886551,8.4786752e-05,0.0026560655,-0.004313218,-0.004313218,OK,0,0.037132024,0.022000787,3.2411569e-07,9.2109172e-06,15,1.5,0.02,0.04,-0.05,40,40,40,40,40,10,0
2.525,0.14068256,-0.043688949,-9.7599367e-05,-0.0025365101,-0.14068256,0.043688949,9.7599367e-05,0.0025365101,-0.0042026625,-0.0042026625,OK,0,0.037230982,0.022010331,3.2416332e-07,9.2430866e-06,15,1.5,0.02,0.04,-0.05,40,40,40,40,40,10,0
2.53,0.14047341,-0.04055835,-0.00011015927,-0.0024273612,-0.14047341,0.04055835,0.00011015927,0.0024273612,-0.0041062967,-0.0041062967,OK,0,0.037329646,0.022018556,3.24224e-07,9.272547e-06,15,1.5,0.02,0.04,-0.05,40,40,40,40,40,10,0
2.535,0.14028009,-0.037498805,-0.00012179178,-0.0023243745,-0.14028009,0.037498805,0.00012179178,0.0023243745,-0.0040077889,-0.0040077889,OK,0,0.037428038,0.022025586,3.2429816e-07,9.2995606e-06,15,1.5,0.02,0.04,-0.05,40,40,40,40,40,10,0
2.54,0.14010151,-0.034491392,-0.00013334016,-0.0022326318,-0.14010151,0.034491392,0.00013334016,0.0022326318,-0.0039266757,-0.0039266757,OK,0,0.03752618,0.022031535,3.2438706e-07,9.3244839e-06,15,1.5,0.02,0.04,-0.05,40,40,40,40,40,10,0
2.545,0.13993817,-0.031545357,-0.00014404527,-0.0021459092,-0.13993817,0.031545357,0.00014404527,0.0021459092,-0.0038425938,-0.0038425938,OK,0,0.037624094,0.02203651,3.2449081e-07,9.3475085e-06,15,1.5,0.02,0.04,-0.05,40,40,40,40,40,10,0
2.55,0.13978911,-0.028641166,-0.00015466626,-0.0020696418,-0.13978911,0.028641166,0.00015466626,0.0020696418,-0.003774321,-0.003774321,OK,0,0.037721799,0.022040612,3.2461041e-07,9.3689256e-06,15,1.5,0.02,0.04,-0.05,40,40,40,40,40,10,0
2.555,0.13965464,-0.025786316,-0.00016469736,-0.0019984088,-0.13965464,0.025786316,0.00016469736,0.0019984088,-0.0037064334,-0.0037064334,OK,0,0.037819316,0.022043936,3.2474604e-07,9.3888938e-06,15,1.5,0.02,0.04,-0.05,40,40,40,40,40,10,0
2.56,0.13953417,-0.022966516,-0.00017455987,-0.0019356184,-0.13953417,0.022966516,0.00017455987,0.0019356184,-0.0036498027,-0.0036498027,OK,0,0.037916665,0.022046574,3.248984e-07,9.4076269e-06,15,1.5,0.02,0.04,-0.05,40,40,40,40,40,10,0
2.565,0.13942789,-0.02018318,-0.00018391628,-0.0018783829,-0.13942789,0.02018318,0.00018391628,0.0018783829,-0.003595088,-0.003595088,OK,0,0.038013865,0.022048611,3.2506752e-07,9.4252685e-06,15,1.5,0.02,0.04,-0.05,40,40,40,40,40,10,0
2.57,0.13933502,-0.017424558,-0.00019344162,-0.0018291575,-0.13933502,0.017424558,0.00019344162,0.0018291575,-0.0035556425,-0.0035556425,OK,0,0.038110937,0.022050129,3.2525462e-07,9.4419976e-06,15,1.5,0.02,0.04,-0.05,40,40,40,40,40,10,0
2.575,0.13925619,-0.014698094,-0.00020237673,-0.0017826845,-0.13925619,0.014698094,0.00020237673,0.0017826845,-0.0035124778,-0.0035124778,OK,0,0.038207898,0.022051209,3.254594e-07,9.4578874e-06,15,1.5,0.02,0.04,-0.05,40,40,40,40,40,10,0
2.58,0.13919082,-0.011984268,-0.00021122772,-0.0017446078,-0.13919082,0.011984268,0.00021122772,0.0017446078,-0.0034808819,-0.0034808819,OK,0,0.038304768,0.022051927,3.2568249e-07,9.4731057e-06,15,1.5,0.02,0.04,-0.05,40,40,40,40,40,10,0
2.585,0.13913888,-0.0092854554,-0.00021999425,-0.0017117609,-0.13913888,0.0092854554,0.00021999425,0.0017117609,-0.0034561957,-0.0034561957,OK,0,0.038401567,0.022052358,3.2592447e-07,9.4877563e-06,15,1.5,0.02,0.04,-0.05,40,40,40,40,40,10,0
2.59,0.13910058,-0.0065974439,-0.00022842361,-0.0016836496,-0.13910058,0.0065974439,0.00022842361,0.0016836496,-0.0034337148,-0.0034337148,OK,0,0.038498311,0.022052576,3.2618536e-07,9.5019297e-06,15,1.5,0.02,0.04,-0.05,40,40,40,40,40,10,0
2.595,0.13907584,-0.0039093504,-0.00023659992,-0.0016624839,-0.13907584,0.0039093504,0.00023659992,0.0016624839,-0.0034175817,-0.0034175817,OK,0,0.038595022,0.022052652,3.2646526e-07,9.5157489e-06,15,1.5,0.02,0.04,-0.05,40,40,40,40,40,10,0
2.6,0.13906439,-0.0012161997,-0.00024486068,-0.0016480979,-0.13906439,0.0012161997,0.00024486068,0.0016480979,-0.0034124174,-0.0034124174,OK,0,0.038691716,0.022052659,3.2676504e-07,9.5293301e-06,15,1.5,0.02,0.04,-0.05,40,40,40,40,40,10,0
2.605,0.13906651,0.0014804205,-0.00025295287,-0.0016376813,-0.13906651,-0.0014804205,0.00025295287,0.0016376813,-0.0034102679,-0.0034102679,OK,0,0.038788414,0.02205267,3.2708497e-07,9.5427401e-06,15,1.5,0.02,0.04,-0.05,40,40,40,40,40,10,0
2.61,0.13908178,0.0041903102,-0.00026138255,-0.0016330167,-0.13908178,-0.0041903102,0.00026138255,0.0016330167,-0.0034210154,-0.0034210154,OK,0,0.038885133,0.022052758,3.2742657e-07,9.5560738e-06,15,1.5,0.02,0.04,-0.05,40,40,40,40,40,10,0
2.615,0.13911102,0.0069092291,-0.00026939028,-0.0016302202,-0.13911102,-0.0069092291,0.00026939028,0.0016302202,-0.0034275949,-0.0034275949,OK,0,0.038981892,0.022052997,3.2778943e-07,9.5693619e-06,15,1.5,0.02,0.04,-0.05,40,40,40,40,40,10,0
2.62,0.13915369,0.0096573675,-0.00027765105,-0.0016352539,-0.13915369,-0.0096573675,0.00027765105,0.0016352539,-0.0034482781,-0.0034482781,OK,0,0.039078711,0.022053463,3.2817488e-07,9.5827321e-06,15,1.5,0.02,0.04,-0.05,40,40,40,40,40,10,0
2.625,0.13921029,0.012428976,-0.00028582769,-0.0016436044,-0.13921029,-0.012428976,0.00028582769,0.0016436044,-0.0034714572,-0.0034714572,OK,0,0.039175608,0.022054236,3.2858337e-07,9.5962393e-06,15,1.5,0.02,0.04,-0.05,40,40,40,40,40,10,0
2.63,0.13928073,0.015235017,-0.00029417292,-0.0016574814,-0.13928073,-0.015235017,0.00029417292,0.0016574814,-0.0035038006,-0.0035038006,OK,0,0.039272604,0.022055396,3.2901605e-07,9.6099755e-06,15,1.5,0.02,0.04,-0.05,40,40,40,40,40,10,0
2.635,0.13936538,0.018077117,-0.00030251782,-0.0016753068,-0.13936538,-0.018077117,0.00030251782,0.0016753068,-0.0035403352,-0.0035403352,OK,0,0.039369717,0.02205703,3.2947364e-07,9.6240088e-06,15,1.5,0.02,0.04,-0.05,40,40,40,40,40,10,0
2.64,0.13946456,0.0209642,-0.0003107786,-0.0016984212,-0.13946456,-0.0209642,0.0003107786,0.0016984212,-0.0035814515,-0.0035814515,OK,0,0.039466969,0.022059228,3.2995656e-07,9.638432e-06,15,1.5,0.02,0.04,-0.05,40,40,40,40,40,10,0
2.645,0.13957812,0.023904876,-0.00031937654,-0.0017280075,-0.13957812,-0.023904876,0.00031937654,0.0017280075,-0.0036349019,-0.0036349019,OK,0,0.039564379,0.022062085,3.3046656e-07,9.653362e-06,15,1.5,0.02,0.04,-0.05,40,40,40,40,40,10,0
2.65,0.13970653,0.026896972,-0.00032814308,-0.001760863,-0.13970653,-0.026896972,0.00032814308,0.001760863,-0.0036934312,-0.0036934312,OK,0,0.039661969,0.022065702,3.3100495e-07,9.6688652e-06,15,1.5,0.02,0.04,-0.05,40,40,40,40,40,10,0
2.655,0.13985016,0.029948954,-0.00033699407,-0.0017980371,-0.13985016,-0.029948954,0.00033699407,0.0017980371,-0.0037570054,-0.0037570054,OK,0,0.039759759,0.022070187,3.3157278e-07,9.6850299e-06,15,1.5,0.02,0.04,-0.05,40,40,40,40,40,10,0
2.66,0.14000911,0.033069656,-0.00034618224,-0.0018406843,-0.14000911,-0.033069656,0.00034618224,0.0018406843,-0.0038307916,-0.0038307916,OK,0,0.039857772,0.022075655,3.3217199e-07,9.7019705e-06,15,1.5,0.02,0.04,-0.05,40,40,40,40,40,10,0
2.665,0.14018409,0.036260898,-0.00035537008,-0.001887081,-0.14018409,-0.036260898,0.00035537008,0.001887081,-0.003907055,-0.003907055,OK,0,0.03995603,0.022082229,3.3280343e-07,9.7197759e-06,15,1.5,0.02,0.04,-0.05,40,40,40,40,40,10,0
2.67,0.14037519,0.039535927,-0.00036489542,-0.001940058,-0.14037519,-0.039535927,0.00036489542,0.001940058,-0.0039945774,-0.0039945774,OK,0,0.040054556,0.022090044,3.3346917e-07,9.738595e-06,15,1.5,0.02,0.04,-0.05,40,40,40,40,40,10,0
2.675,0.1405826,0.042895891,-0.00037501066,-0.0019975069,-0.1405826,-0.042895891,0.00037501066,0.0019975069,-0.0040939327,-0.0040939327,OK,0,0.040153373,0.022099245,3.3417234e-07,9.7585452e-06,15,1.5,0.02,0.04,-0.05,40,40,40,40,40,10,0
2.68,0.14080751,0.046341572,-0.00038495731,-0.0020571073,-0.14080751,-0.046341572,0.00038495731,0.0020571073,-0.0041902075,-0.0041902075,OK,0,0.040252507,0.022109982,3.349133e-07,9.7797036e-06,15,1.5,0.02,0.04,-0.05,40,40,40,40,40,10,0
2.685,0.14104979,0.049895509,-0.00039540972,-0.0021252459,-0.14104979,-0.049895509,0.00039540972,0.0021252459,-0.0043021985,-0.0043021985,OK,0,0.040351982,0.02212243,3.3569504e-07,9.802287e-06,15,1.5,0.02,0.04,-0.05,40,40,40,40,40,10,0
2.69,0.14131008,0.053553965,-0.00040628376,-0.002197636,-0.14131008,-0.053553965,0.00040628376,0.002197636,-0.0044223503,-0.0044223503,OK,0,0.040451825,0.02213677,3.3652037e-07,9.826435e-06,15,1.5,0.02,0.04,-0.05,40,40,40,40,40,10,0
2.695,0.14158885,0.057324554,-0.00041766357,-0.0022744871,-0.14158885,-0.057324554,0.00041766357,0.0022744871,-0.004551925,-0.004551925,OK,0,0.040552062,0.022153201,3.3739259e-07,9.8523015e-06,15,1.5,0.02,0.04,-0.05,40,40,40,40,40,10,0
2.7,0.14188739,0.061213681,-0.00042887447,-0.0023554356,-0.14188739,-0.061213681,0.00042887447,0.0023554356,-0.0046799755,-0.0046799755,OK,0,0.040652722,0.022171936,3.3831225e-07,9.8800418e-06,15,1.5,0.02,0.04,-0.05,40,40,40,40,40,10,0
2.705,0.14220512,0.065244014,-0.00044118134,-0.0024465861,-0.14220512,-0.065244014,0.00044118134,0.0024465861,-0.0048337362,-0.0048337362,OK,0,0.040753834,0.02219322,3.3928546e-07,9.9099708e-06,15,1.5,0.02,0.04,-0.05,40,40,40,40,40,10,0
2.71,0.14254383,0.069400068,-0.00045348822,-0.0025385545,-0.14254383,-0.069400068,0.00045348822,0.0025385545,-0.0049832756,-0.0049832756,OK,0,0.040855427,0.022217302,3.4031372e-07,9.9421921e-06,15,1.5,0.02,0.04,-0.05,40,40,40,40,40,10,0
2.715,0.14290342,0.073709784,-0.00046663834,-0.0026393659,-0.14290342,-0.073709784,0.00046663834,0.0026393659,-0.0051521643,-0.0051521643,OK,0,0.040957534,0.022244468,3.4140247e-07,9.9770233e-06,15,1.5,0.02,0.04,-0.05,40,40,40,40,40,10,0
2.72,0.14328516,0.078168241,-0.00048012533,-0.0027436818,-0.14328516,-0.078168241,0.00048012533,0.0027436818,-0.0053249698,-0.0053249698,OK,0,0.041060188,0.022275019,3.4255508e-07,1.0014662e-05,15,1.5,0.02,0.04,-0.05,40,40,40,40,40,10,0
2.725,0.14368998,0.082793351,-0.00049386505,-0.0028552541,-0.14368998,-0.082793351,0.00049386505,0.0028552541,-0.0055053232,-0.0055053232,OK,0,0.041163422,0.022309293,3.4377459e-07,1.0055425e-05,15,1.5,0.02,0.04,-0.05,40,40,40,40,40,10,0
2.73,0.14411819,0.087598723,-0.00050844801,-0.0029759723,-0.14411819,-0.087598723,0.00050844801,0.0029759723,-0.005704366,-0.005704366,OK,0,0.041267272,0.022347661,3.4506719e-07,1.0099707e-05,15,1.5,0.02,0.04,-0.05,40,40,40,40,40,10,0
2.735,0.14457081,0.092583003,-0.00052378946,-0.0031015581,-0.14457081,-0.092583003,0.00052378946,0.0031015581,-0.0059144427,-0.0059144427,OK,0,0.041371775,0.022390519,3.4643896e-07,1.0147805e-05,15,1.5,0.02,0.04,-0.05,40,40,40,40,40,10,0
2.74,0.14504905,0.097756724,-0.00053963668,-0.0032323843,-0.14504905,-0.097756724,0.00053963668,0.0032323843,-0.0061318768,-0.0061318768,OK,0,0.041476972,0.022438301,3.47895e-07,1.0200047e-05,15,1.5,0.02,0.04,-0.05,40,40,40,40,40,10,0
2.745,0.14554894,0.098188629,-0.00055480954,-0.0021460758,-0.14554894,-0.098188629,0.00055480954,0.0021460758,-0.0047027329,-0.0047027329,OK,0,0.041582894,0.022486506,3.4943407e-07,1.0223075e-05,15,1.5,0.02,0.04,-0.05,40,40,40,40,40,10,0
2.75,0.14599113,0.082032989,-0.00055076342,0.0027934972,-0.14599113,-0.082032989,0.00055076342,-0.0027934972,0.0021299367,0.0021299367,OK,0,0.041689461,0.022520153,3.5095077e-07,1.0262093e-05,15,1.5,0.02,0.04,-0.05,40,40,40,40,40,10,0
2.755,0.1463833,0.076065538,-0.00053398913,0.003692764,-0.1463833,-0.076065538,0.00053398913,-0.003692764,0.0034995966,0.0034995966,OK,0,0.041796601,0.022549082,3.5237649e-07,1.0330275e-05,15,1.5,0.02,0.04,-0.05,40,40,40,40,40,10,0
2.76,0.14675253,0.072446074,-0.00051552866,0.0037090347,-0.14675253,-0.072446074,0.00051552866,-0.0037090347,0.0036635157,0.0036635157,OK,0,0.041904283,0.022575325,3.5370534e-07,1.039906e-05,15,1.5,0.02,0.04,-0.05,40,40,40,40,40,10,0
2.765,0.14710554,0.069434064,-0.00049748982,0.0035417646,-0.14710554,-0.069434064,0.00049748982,-0.0035417646,0.0035697728,0.0035697728,OK,0,0.042012483,0.02259943,3.5494282e-07,1.0461781e-05,15,1.5,0.02,0.04,-0.05,40,40,40,40,40,10,0
2.77,0.14744417,0.066646161,-0.00048037805,0.0033430778,-0.14744417,-0.066646161,0.00048037805,-0.0033430778,0.0034236757,0.0034236757,OK,0,0.042121182,0.022621639,3.5609664e-07,1.0517661e-05,15,1.5,0.02,0.04,-0.05,40,40,40,40,40,10,0
2.775,0.14776925,0.063993366,-0.00046427812,0.0031464685,-0.14776925,-0.063993366,0.00046427812,-0.0031464685,0.0032706505,0.0032706505,OK,0,0.042230361,0.022642114,3.5717441e-07,1.0567163e-05,15,1.5,0.02,0.04,-0.05,40,40,40,40,40,10,0
2.78,0.1480816,0.061452235,-0.00044893637,0.0029590874,-0.1480816,-0.061452235,0.00044893637,-0.0029590874,0.0031243071,0.0031243071,OK,0,0.042340002,0.022660996,3.5818213e-07,1.0610944e-05,15,1.5,0.02,0.04,-0.05,40,40,40,40,40,10,0
2.785,0.14838148,0.059019321,-0.00043460645,0.0027801144,-0.14838148,-0.059019321,0.00043460645,-0.0027801144,0.0029794774,0.0029794774,OK,0,0.042450087,0.022678413,3.5912654e-07,1.0649589e-05,15,1.5,0.02,0.04,-0.05,40,40,40,40,40,10,0
2.79,0.14866927,0.056684336,-0.0004213725,0.0026115799,-0.14866927,-0.056684336,0.0004213725,-0.0026115799,0.002837541,0.002837541,OK,0,0.0425606,0.022694478,3.6001432e-07,1.0683691e-05,15,1.5,0.02,0.04,-0.05,40,40,40,40,40,10,0
2.795,0.14894595,0.054439458,-0.000408644,0.0024546086,-0.14894595,-0.054439458,0.000408644,-0.0024546086,0.0027087502,0.0027087502,OK,0,0.042671524,0.022709297,3.6084927e-07,1.0713816e-05,15,1.5,0.02,0.04,-0.05,40,40,40,40,40,10,0
2.8,0.14921163,0.052291965,-0.00039675844,0.0023043197,-0.14921163,-0.052291965,0.00039675844,-0.0023043197,0.0025810143,0.0025810143,OK,0,0.042782845,0.022722969,3.6163635e-07,1.0740366e-05,15,1.5,0.02,0.04,-0.05,40,40,40,40,40,10,0
2.805,0.14946681,0.050232353,-0.00038563168,0.0021626816,-0.14946681,-0.050232353,0.00038563168,-0.0021626816,0.0024581776,0.0024581776,OK,0,0.042894546,0.022735585,3.6237991e-07,1.0763752e-05,15,1.5,0.02,0.04,-0.05,40,40,40,40,40,10,0
2.81,0.14971179,0.04825706,-0.00037534785,0.0020293464,-0.14971179,-0.04825706,0.00037534785,-0.0020293464,0.0023383202,0.0023383202,OK,0,0.043006615,0.022747229,3.6308434e-07,1.0784343e-05,15,1.5,0.02,0.04,-0.05,40,40,40,40,40,10,0
2.815,0.14994727,0.046360209,-0.00036556979,0.0019049757,-0.14994727,-0.046360209,0.00036556979,-0.0019049757,0.0022272705,0.0022272705,OK,0,0.043119035,0.022757975,3.6375255e-07,1.0802487e-05,15,1.5,0.02,0.04,-0.05,40,40,40,40,40,10,0
2.82,0.1501737,0.044544645,-0.00035621303,0.0017867842,-0.1501737,-0.044544645,0.00035621303,-0.0017867842,0.0021222406,0.0021222406,OK,0,0.043231796,0.022767896,3.6438699e-07,1.081845e-05,15,1.5,0.02,0.04,-0.05,40,40,40,40,40,10,0
2.825,0.15039119,0.042809645,-0.00034753062,0.0016734966,-0.15039119,-0.042809645,0.00034753062,-0.0016734966,0.0020174951,0.0020174951,OK,0,0.043344884,0.02277706,3.6499087e-07,1.0832453e-05,15,1.5,0.02,0.04,-0.05,40,40,40,40,40,10,0
2.83,0.15060018,0.041146707,-0.00033943876,0.0015670438,-0.15060018,-0.041146707,0.00033943876,-0.0015670438,0.0019168563,0.0019168563,OK,0,0.043458286,0.022785525,3.6556697e-07,1.0844732e-05,15,1.5,0.02,0.04,-0.05,40,40,40,40,40,10,0
2.835,0.15080075,0.039553156,-0.0003321895,0.0014670712,-0.15080075,-0.039553156,0.0003321895,-0.0014670712,0.0018159055,0.0018159055,OK,0,0.04357199,0.022793347,3.6611872e-07,1.0855493e-05,15,1.5,0.02,0.04,-0.05,40,40,40,40,40,10,0
2.84,0.15099417,0.038020358,-0.00032477134,0.0013756893,-0.15099417,-0.038020358,0.00032477134,-0.0013756893,0.0017326617,0.0017326617,OK,0,0.043685986,0.022800575,3.666461e-07,1.0864956e-05,15,1.5,0.02,0.04,-0.05,40,40,40,40,40,10,0
2.845,0.15117987,0.036565727,-0.00031811197,0.0012845613,-0.15117987,-0.036565727,0.00031811197,-0.0012845613,0.0016413888,0.0016413888,OK,0,0.043800263,0.02280726,3.6715207e-07,1.0873206e-05,15,1.5,0.02,0.04,-0.05,40,40,40,40,40,10,0
2.85,0.15135832,0.035170315,-0.00031204283,0.0012000755,-0.15135832,-0.035170315,0.00031204283,-0.0012000755,0.0015534498,0.0015534498,OK,0,0.04391481,0.022813445,3.6763893e-07,1.0880407e-05,15,1.5,0.02,0.04,-0.05,40,40,40,40,40,10,0
2.855,0.15153003,0.033831709,-0.00030631119,0.001122007,-0.15153003,-0.033831709,0.00030631119,-0.001122007,0.0014722116,0.0014722116,OK,0,0.044029616,0.022819168,3.6810806e-07,1.0886702e-05,15,1.5,0.02,0.04,-0.05,40,40,40,40,40,10,0
2.86,0.15169527,0.032552596,-0.00030091639,0.0010481263,-0.15169527,-0.032552596,0.00030091639,-0.0010481263,0.0013944529,0.0013944529,OK,0,0.044144674,0.022824466,3.6856081e-07,1.0892194e-05,15,1.5,0.02,0.04,-0.05,40,40,40,40,40,10,0
2.865,0.1518544,0.031331363,-0.00029577432,0.00097798896,-0.1518544,-0.031331363,0.00029577432,-0.00097798896,0.0013207112,0.0013207112,OK,0,0.044259973,0.022829375,3.6899823e-07,1.0896977e-05,15,1.5,0.02,0.04,-0.05,40,40,40,40,40,10,0
2.87,0.15200735,0.030167462,-0.00029122246,0.0009107705,-0.15200735,-0.030167462,0.00029122246,-0.0009107705,0.0012446644,0.0012446644,OK,0,0.044375504,0.022833925,3.6942228e-07,1.0901124e-05,15,1.5,0.02,0.04,-0.05,40,40,40,40,40,10,0
2.875,0.15215495,0.02905161,-0.0002866706,0.00084921853,-0.15215495,-0.02905161,0.0002866706,-0.00084921853,0.0011789321,0.0011789321,OK,0,0.044491259,0.022838145,3.6983318e-07,1.090473e-05,15,1.5,0.02,0.04,-0.05,40,40,40,40,40,10,0
2.88,0.15229694,0.027992797,-0.0002826245,0.00078875603,-0.15229694,-0.027992797,0.0002826245,-0.00078875603,0.0011094171,0.0011094171,OK,0,0.044607231,0.022842063,3.7023256e-07,1.0907841e-05,15,1.5,0.02,0.04,-0.05,40,40,40,40,40,10,0
2.885,0.15243372,0.026980165,-0.00027891558,0.00073285476,-0.15243372,-0.026980165,0.00027891558,-0.00073285476,0.0010434295,0.0010434295,OK,0,0.044723411,0.022845703,3.7062153e-07,1.0910526e-05,15,1.5,0.02,0.04,-0.05,40,40,40,40,40,10,0
2.89,0.15256577,0.026013539,-0.00027529079,0.00068072162,-0.15256577,-0.026013539,0.00027529079,-0.00068072162,0.00098357763,0.00098357763,OK,0,0.044839793,0.022849086,3.7100046e-07,1.0912843e-05,15,1.5,0.02,0.04,-0.05,40,40,40,40,40,10,0
2.895,0.15269289,0.025096706,-0.00027217209,0.00063000639,-0.15269289,-0.025096706,0.00027217209,-0.00063000639,0.00092015435,0.00092015435,OK,0,0.044956369,0.022852235,3.7137085e-07,1.0914828e-05,15,1.5,0.02,0.04,-0.05,40,40,40,40,40,10,0
2.9,0.15281587,0.024219839,-0.0002689686,0.00058388841,-0.15281587,-0.024219839,0.0002689686,-0.00058388841,0.00086641463,0.00086641463,OK,0,0.045073132,0.022855168,3.7173257e-07,1.0916532e-05,15,1.5,0.02,0.04,-0.05,40,40,40,40,40,10,0
2.905,0.15293426,0.023392253,-0.00026635566,0.00053786536,-0.15293426,-0.023392253,0.00026635566,-0.00053786536,0.00080583848,0.00080583848,OK,0,0.045190076,0.022857904,3.7208729e-07,1.0917979e-05,15,1.5,0.02,0.04,-0.05,40,40,40,40,40,10,0
2.91,0.15304883,0.022599919,-0.00026374272,0.00049688804,-0.15304883,-0.022599919,0.00026374272,-0.00049688804,0.00075416464,0.00075416464,OK,0,0.045307196,0.022860458,3.7243509e-07,1.0919213e-05,15,1.5,0.02,0.04,-0.05,40,40,40,40,40,10,0
2.915,0.15315952,0.02185147,-0.0002613825,0.0004568016,-0.15315952,-0.02185147,0.0002613825,-0.0004568016,0.00070171424,0.00070171424,OK,0,0.045424485,0.022862846,3.727767e-07,1.0920257e-05,15,1.5,0.02,0.04,-0.05,40,40,40,40,40,10,0
2.92,0.15326662,0.02114194,-0.00025919086,0.00041897119,-0.15326662,-0.02114194,0.00025919086,-0.00041897119,0.00065160383,0.00065160383,OK,0,0.045541939,0.02286508,3.731126e-07,1.0921134e-05,15,1.5,0.02,0.04,-0.05,40,40,40,40,40,10,0
2.925,0.1533703,0.020471014,-0.00025716781,0.00038291909,-0.1533703,-0.020471014,0.00025716781,-0.00038291909,0.00060310796,0.00060310796,OK,0,0.045659551,0.022867176,3.7344327e-07,1.0921867e-05,15,1.5,0.02,0.04,-0.05,40,40,40,40,40,10,0
2.93,0.1534704,0.019837542,-0.00025565052,0.00034853768,-0.1534704,-0.019837542,0.00025565052,-0.00034853768,0.00055095843,0.00055095843,OK,0,0.045777317,0.022869143,3.7377006e-07,1.0922475e-05,15,1.5,0.02,0.04,-0.05,40,40,40,40,40,10,0
2.935,0.1535681,0.01923304,-0.00025362747,0.00031870808,-0.1535681,-0.01923304,0.00025362747,-0.00031870808,0.00051433354,0.00051433354,OK,0,0.045895232,0.022870993,3.7409169e-07,1.0922983e-05,15,1.5,0.02,0.04,-0.05,40,40,40,40,40,10,0
2.94,0.1536624,0.018676569,-0.00025227877,0.00028523144,-0.1536624,-0.018676569,0.00025227877,-0.00028523144,0.00046397631,0.00046397631,OK,0,0.046013293,0.022872737,3.7440992e-07,1.0923389e-05,15,1.5,0.02,0.04,-0.05,40,40,40,40,40,10,0
2.945,0.1537544,0.018145646,-0.00025067703,0.00025669587,-0.1537544,-0.018145646,0.00025067703,-0.00025669587,0.00042580229,0.00042580229,OK,0,0.046131495,0.022874383,3.7472411e-07,1.0923719e-05,15,1.5,0.02,0.04,-0.05,40,40,40,40,40,10,0
2.95,0.15384368,0.017654944,-0.00024941246,0.00022673329,-0.15384368,-0.017654944,0.00024941246,-0.00022673329,0.00038198451,0.00038198451,OK,0,0.046249835,0.022875942,3.7503514e-07,1.0923976e-05,15,1.5,0.02,0.04,-0.05,40,40,40,40,40,10,0
2.955,0.15393032,0.017193874,-0.00024856985,0.00019919106,-0.15393032,-0.017193874,0.00024856985,-0.00019919106,0.00033660023,0.00033660023,OK,0,0.046368307,0.02287742,3.7534408e-07,1.0924174e-05,15,1.5,0.02,0.04,-0.05,40,40,40,40,40,10,0
2.96,0.15401503,0.016757828,-0.00024755799,0.00017553267,-0.15401503,-0.016757828,0.00024755799,-0.00017553267,0.00030054272,0.00030054272,OK,0,0.04648691,0.022878824,3.756505e-07,1.0924328e-05,15,1.5,0.02,0.04,-0.05,40,40,40,40,40,10,0
2.965,0.15409727,0.016357884,-0.00024705256,0.00015091893,-0.15409727,-0.016357884,0.00024705256,-0.00015091893,0.00025685083,0.00025685083,OK,0,0.04660564,0.022880162,3.7595568e-07,1.0924442e-05,15,1.5,0.02,0.04,-0.05,40,40,40,40,40,10,0
2.97,0.15417821,0.015981079,-0.00024604103,0.00013023358,-0.15417821,-0.015981079,0.00024604103,-0.00013023358,0.00022754217,0.00022754217,OK,0,0.046724495,0.022881439,3.7625836e-07,1.0924527e-05,15,1.5,0.02,0.04,-0.05,40,40,40,40,40,10,0
2.975,0.154257,0.015646021,-0.00024553527,0.00010565132,-0.154257,-0.015646021,0.00024553527,-0.00010565132,0.00018642867,0.00018642867,OK,0,0.046843471,0.022882663,3.765598e-07,1.0924583e-05,15,1.5,0.02,0.04,-0.05,40,40,40,40,40,10,0
2.98,0.15433429,0.015334126,-0.00024502951,8.4373522e-05,-0.15433429,-0.015334126,0.00024502951,-8.4373522e-05,0.00015116856,0.00015116856,OK,0,0.046962566,0.022883839,3.7685999e-07,1.0924618e-05,15,1.5,0.02,0.04,-0.05,40,40,40,40,40,10,0
2.985,0.15441005,0.01505216,-0.00024469233,6.3403212e-05,-0.15441005,-0.01505216,0.00024469233,-6.3403212e-05,0.00011500736,0.00011500736,OK,0,0.047081779,0.022884971,3.7715937e-07,1.0924639e-05,15,1.5,0.02,0.04,-0.05,40,40,40,40,40,10,0
2.99,0.15448468,0.01479739,-0.00024427069,4.359594e-05,-0.15448468,-0.01479739,0.00024427069,-4.359594e-05,8.292261e-05,8.292261e-05,OK,0,0.047201106,0.022886066,3.7745771e-07,1.0924648e-05,15,1.5,0.02,0.04,-0.05,40,40,40,40,40,10,0
2.995,0.1545578,0.014574337,-0.00024427069,2.2905781e-05,-0.1545578,-0.014574337,0.00024427069,-2.2905781e-05,4.4427747e-05,4.4427747e-05,OK,0,0.047320547,0.022887128,3.7775605e-07,1.0924651e-05,15,1.5,0.02,0.04,-0.05,40,40,40,40,40,10,0
3,0.15462997,0.014372706,-0.00024427069,5.2854237e-06,-0.15462997,-0.014372706,0.00024427069,-5.2854237e-06,1.1375361e-05,1.1375361e-05,OK,0,0.047440099,0.022888161,3.7805439e-07,1.0924651e-05,15,1.5,0.02,0.04,-0.05,40,40,40,40,40,10,0
3.005,0.1547013,0.014199247,-0.00024427069,-1.2164228e-05,-0.1547013,-0.014199247,0.00024427069,1.2164228e-05,-2.0310842e-05,-2.0310842e-05,OK,0,0.047559761,0.022889169,3.7835273e-07,1.0924652e-05,15,1.5,0.02,0.04,-0.05,40,40,40,40,40,10,0
3.01,0.15477202,0.014055028,-0.00024418623,-3.0030584e-05,-0.15477202,-0.014055028,0.00024418623,3.0030584e-05,-5.0197706e-05,-5.0197706e-05,OK,0,0.047679533,0.022890157,3.7865086e-07,1.0924656e-05,15,1.5,0.02,0.04,-0.05,40,40,40,40,40,10,0
3.015,0.15484179,0.013941893,-0.0002445234,-4.9189575e-05,-0.15484179,-0.013941893,0.0002445234,4.9189575e-05,-8.712378e-05,-8.712378e-05,OK,0,0.047799413,0.022891129,3.7894982e-07,1.0924668e-05,15,1.5,0.02,0.04,-0.05,40,40,40,40,40,10,0
3.02,0.15491115,0.013849223,-0.0002448609,-6.5467765e-05,-0.15491115,-0.013849223,0.0002448609,6.5467765e-05,-0.00011892339,-0.00011892339,OK,0,0.047919401,0.022892088,3.7924961e-07,1.092469e-05,15,1.5,0.02,0.04,-0.05,40,40,40,40,40,10,0
3.025,0.15498028,0.013783883,-0.00024511362,-8.1722949e-05,-0.15498028,-0.013783883,0.00024511362,8.1722949e-05,-0.00014832774,-0.00014832774,OK,0,0.048039495,0.022893038,3.7955001e-07,1.0924723e-05,15,1.5,0.02,0.04,-0.05,40,40,40,40,40,10,0
3.03,0.1550491,0.013748977,-0.00024553492,-9.927532e-05,-0.1550491,-0.013748977,0.00024553492,9.927532e-05,-0.00018099566,-0.00018099566,OK,0,0.048159696,0.022893983,3.7985145e-07,1.0924772e-05,15,1.5,0.02,0.04,-0.05,40,40,40,40,40,10,0
3.035,0.15511749,0.013739687,-0.00024637785,-0.00011622676,-0.15511749,-0.013739687,0.00024637785,0.00011622676,-0.00021807072,-0.00021807072,OK,0,0.048280003,0.022894927,3.8015496e-07,1.092484e-05,15,1.5,0.02,0.04,-0.05,40,40,40,40,40,10,0
3.04,0.15518655,0.013749696,-0.0002466309,-0.00013005291,-0.15518655,-0.013749696,0.0002466309,0.00013005291,-0.00024082402,-0.00024082402,OK,0,0.048400418,0.022895872,3.8045909e-07,1.0924924e-05,15,1.5,0.02,0.04,-0.05,40,40,40,40,40,10,0
3.045,0.15525519,0.01379954,-0.00024755829,-0.00014904007,-0.15525519,-0.01379954,0.00024755829,0.00014904007,-0.00027984908,-0.00027984908,OK,0,0.048520939,0.022896824,3.8076552e-07,1.0925035e-05,15,1.5,0.02,0.04,-0.05,40,40,40,40,40,10,0
3.05,0.15532447,0.013866259,-0.00024823231,-0.00016390922,-0.15532447,-0.013866259,0.00024823231,0.00016390922,-0.00030820876,-0.00030820876,OK,0,0.048641567,0.022897786,3.8107361e-07,1.092517e-05,15,1.5,0.02,0.04,-0.05,40,40,40,40,40,10,0
3.055,0.15539409,0.013965466,-0.00024907557,-0.00018091603,-0.15539409,-0.013965466,0.00024907557,0.00018091603,-0.00034100725,-0.00034100725,OK,0,0.048762304,0.022898761,3.8138381e-07,1.0925333e-05,15,1.5,0.02,0.04,-0.05,40,40,40,40,40,10,0
3.06,0.1554642,0.014091366,-0.00025008709,-0.0001976604,-0.1554642,-0.014091366,0.00025008709,0.0001976604,-0.00037485843,-0.00037485843,OK,0,0.048883149,0.022899754,3.8169652e-07,1.0925529e-05,15,1.5,0.02,0.04,-0.05,40,40,40,40,40,10,0
3.065,0.15553493,0.014243139,-0.0002512672,-0.00021372753,-0.15553493,-0.014243139,0.0002512672,0.00021372753,-0.0004091752,-0.0004091752,OK,0,0.049004105,0.022900768,3.820122e-07,1.0925757e-05,15,1.5,0.02,0.04,-0.05,40,40,40,40,40,10,0
3.07,0.15560674,0.014420941,-0.00025227872,-0.00022907375,-0.15560674,-0.014420941,0.00025227872,0.00022907375,-0.00043881898,-0.00043881898,OK,0,0.049125172,0.022901808,3.8233042e-07,1.092602e-05,15,1.5,0.02,0.04,-0.05,40,40,40,40,40,10,0
3.075,0.15567946,0.014632403,-0.00025345883,-0.0002466489,-0.15567946,-0.014632403,0.00025345883,0.0002466489,-0.00047297046,-0.00047297046,OK,0,0.049246352,0.022902878,3.8265163e-07,1.0926324e-05,15,1.5,0.02,0.04,-0.05,40,40,40,40,40,10,0
3.08,0.15575324,0.014872221,-0.00025480753,-0.00026416127,-0.15575324,-0.014872221,0.00025480753,0.00026416127,-0.00050840117,-0.00050840117,OK,0,0.049367648,0.022903984,3.8297626e-07,1.0926673e-05,15,1.5,0.02,0.04,-0.05,40,40,40,40,40,10,0
3.085,0.15582864,0.015139849,-0.00025590318,-0.00028121615,-0.15582864,-0.015139849,0.00025590318,0.00028121615,-0.0005382051,-0.0005382051,OK,0,0.049489061,0.02290513,3.833037e-07,1.0927068e-05,15,1.5,0.02,0.04,-0.05,40,40,40,40,40,10,0
3.09,0.15590491,0.015444756,-0.00025767351,-0.00030143342,-0.15590491,-0.015444756,0.00025767351,0.00030143342,-0.00058136424,-0.00058136424,OK,0,0.049610592,0.022906323,3.8363568e-07,1.0927522e-05,15,1.5,0.02,0.04,-0.05,40,40,40,40,40,10,0
3.095,0.15598311,0.01576949,-0.00025919079,-0.00031755076,-0.15598311,-0.01576949,0.00025919079,0.00031755076,-0.00061374628,-0.00061374628,OK,0,0.049732246,0.022907566,3.8397157e-07,1.0928027e-05,15,1.5,0.02,0.04,-0.05,40,40,40,40,40,10,0
3.1,0.15606295,0.016131174,-0.00026087666,-0.00033622859,-0.15606295,-0.016131174,0.00026087666,0.00033622859,-0.00065098673,-0.00065098673,OK,0,0.049854024,0.022908868,3.8431186e-07,1.0928592e-05,15,1.5,0.02,0.04,-0.05,40,40,40,40,40,10,0
3.105,0.15614497,0.01652479,-0.00026239394,-0.00035517196,-0.15614497,-0.01652479,0.00026239394,0.00035517196,-0.00068477611,-0.00068477611,OK,0,0.049975931,0.022910233,3.8465611e-07,1.0929223e-05,15,1.5,0.02,0.04,-0.05,40,40,40,40,40,10,0
3.11,0.15622866,0.016957361,-0.00026441699,-0.00037691543,-0.15622866,-0.016957361,0.00026441699,0.00037691543,-0.00072876026,-0.00072876026,OK,0,0.050097967,0.022911671,3.8500569e-07,1.0929933e-05,15,1.5,0.02,0.04,-0.05,40,40,40,40,40,10,0
3.115,0.15631496,0.017416619,-0.00026618699,-0.00039618736,-0.15631496,-0.017416619,0.00026618699,0.00039618736,-0.00076412199,-0.00076412199,OK,0,0.050220139,0.022913187,3.8535997e-07,1.0930718e-05,15,1.5,0.02,0.04,-0.05,40,40,40,40,40,10,0
3.12,0.15640369,0.017917322,-0.00026804145,-0.00041858825,-0.15640369,-0.017917322,0.00026804145,0.00041858825,-0.00080373746,-0.00080373746,OK,0,0.05034245,0.022914793,3.857192e-07,1.0931594e-05,15,1.5,0.02,0.04,-0.05,40,40,40,40,40,10,0
3.125,0.15648998,0.01604751,-0.00026905297,0.00017289054,-0.15648998,-0.01604751,0.00026905297,-0.00017289054,-4.7586458e-06,-4.7586458e-06,OK,0,0.050464895,0.02291608,3.8608115e-07,1.0931743e-05,15,1.5,0.02,0.04,-0.05,40,40,40,40,40,10,0
3.13,0.15656319,0.01373367,-0.00026669275,0.00068918291,-0.15656319,-0.01373367,0.00026669275,-0.00068918291,0.0007139937,0.0007139937,OK,0,0.050587456,0.022917023,3.8643677e-07,1.0934118e-05,15,1.5,0.02,0.04,-0.05,40,40,40,40,40,10,0
3.135,0.1566281,0.012517274,-0.00026306829,0.00077448651,-0.1566281,-0.012517274,0.00026306829,-0.00077448651,0.00084895827,0.00084895827,OK,0,0.050710117,0.022917807,3.867828e-07,1.0937117e-05,15,1.5,0.02,0.04,-0.05,40,40,40,40,40,10,0
3.14,0.1566878,0.011557802,-0.00025919079,0.00076686591,-0.1566878,-0.011557802,0.00025919079,-0.00076686591,0.00085850512,0.00085850512,OK,0,0.050832873,0.022918475,3.871187e-07,1.0940058e-05,15,1.5,0.02,0.04,-0.05,40,40,40,40,40,10,0
3.145,0.15674269,0.010671151,-0.00025565046,0.00073983421,-0.15674269,-0.010671151,0.00025565046,-0.00073983421,0.00083669421,0.00083669421,OK,0,0.050955714,0.022919044,3.8744548e-07,1.0942794e-05,15,1.5,0.02,0.04,-0.05,40,40,40,40,40,10,0
3.15,0.15679352,0.009807941,-0.00025194155,0.0007125793,-0.15679352,-0.009807941,0.00025194155,-0.0007125793,0.0008179338,0.0008179338,OK,0,0.051078635,0.022919525,3.8776286e-07,1.0945333e-05,15,1.5,0.02,0.04,-0.05,40,40,40,40,40,10,0
3.155,0.15684017,0.0089680579,-0.00024831676,0.00068443284,-0.15684017,-0.0089680579,0.00024831676,-0.00068443284,0.00079742344,0.00079742344,OK,0,0.051201629,0.022919927,3.8807116e-07,1.0947676e-05,15,1.5,0.02,0.04,-0.05,40,40,40,40,40,10,0
3.16,0.15688246,0.0081446475,-0.00024502948,0.00065745958,-0.15688246,-0.0081446475,0.00024502948,-0.00065745958,0.00077418226,0.00077418226,OK,0,0.05132469,0.022920259,3.8837136e-07,1.0949837e-05,15,1.5,0.02,0.04,-0.05,40,40,40,40,40,10,0
3.165,0.15692079,0.0073295388,-0.00024174187,0.0006342698,-0.15692079,-0.0073295388,0.00024174187,-0.0006342698,0.00075687399,0.00075687399,OK,0,0.051447811,0.022920527,3.8866356e-07,1.0951848e-05,15,1.5,0.02,0.04,-0.05,40,40,40,40,40,10,0
3.17,0.15695502,0.0065269764,-0.00023862318,0.00061247753,-0.15695502,-0.0065269764,0.00023862318,-0.00061247753,0.00073954821,0.00073954821,OK,0,0.051570985,0.02292074,3.8894826e-07,1.0953724e-05,15,1.5,0.02,0.04,-0.05,40,40,40,40,40,10,0
3.175,0.15698538,0.0057327657,-0.00023550382,0.00059311063,-0.15698538,-0.0057327657,0.00023550382,-0.00059311063,0.00072612685,0.00072612685,OK,0,0.051694207,0.022920905,3.8922557e-07,1.0955483e-05,15,1.5,0.02,0.04,-0.05,40,40,40,40,40,10,0
3.18,0.15701163,0.0049483557,-0.00023263784,0.0005749305,-0.15701163,-0.0049483557,0.00023263784,-0.0005749305,0.00071099499,0.00071099499,OK,0,0.05181747,0.022921027,3.8949617e-07,1.0957136e-05,15,1.5,0.02,0.04,-0.05,40,40,40,40,40,10,0
3.185,0.15703405,0.0041672228,-0.00022977186,0.00055992236,-0.15703405,-0.0041672228,0.00022977186,-0.00055992236,0.00070067562,0.00070067562,OK,0,0.051940769,0.022921114,3.8976015e-07,1.0958703e-05,15,1.5,0.02,0.04,-0.05,40,40,40,40,40,10,0
3.19,0.15705241,0.0033921753,-0.00022715893,0.00054631424,-0.15705241,-0.0033921753,0.00022715893,-0.00054631424,0.00068882267,0.00068882267,OK,0,0.052064096,0.022921171,3.9001815e-07,1.0960195e-05,15,1.5,0.02,0.04,-0.05,40,40,40,40,40,10,0
3.195,0.15706703,0.002616984,-0.00022446153,0.00053598446,-0.15706703,-0.002616984,0.00022446153,-0.00053598446,0.00068307372,0.00068307372,OK,0,0.052187446,0.022921206,3.9027007e-07,1.0961632e-05,15,1.5,0.02,0.04,-0.05,40,40,40,40,40,10,0
3.2,0.15707793,0.001846326,-0.00022168001,0.00052641661,-0.15707793,-0.001846326,0.00022168001,-0.00052641661,0.00067983638,0.00067983638,OK,0,0.052310814,0.022921223,3.9051578e-07,1.0963017e-05,15,1.5,0.02,0.04,-0.05,40,40,40,40,40,10,0
3.205,0.15708478,0.0010797677,-0.00021915121,0.0005171591,-0.15708478,-0.0010797677,0.00021915121,-0.0005171591,0.00067335693,0.00067335693,OK,0,0.052434192,0.022921229,3.9075592e-07,1.0964355e-05,15,1.5,0.02,0.04,-0.05,40,40,40,40,40,10,0
3.21,0.15708766,0.00030867673,-0.00021679099,0.00051107038,-0.15708766,-0.00030867673,0.00021679099,-0.00051107038,0.00066884104,0.00066884104,OK,0,0.052557574,0.022921229,3.9099091e-07,1.0965661e-05,15,1.5,0.02,0.04,-0.05,40,40,40,40,40,10,0
3.215,0.15708711,-0.00046816984,-0.00021400914,0.00050802088,-0.15708711,0.00046816984,0.00021400914,-0.00050802088,0.0006749097,0.0006749097,OK,0,0.052680956,0.02292123,3.9121991e-07,1.0966951e-05,15,1.5,0.02,0.04,-0.05,40,40,40,40,40,10,0
3.22,0.15708255,-0.0012397142,-0.0002113962,0.00050292653,-0.15708255,0.0012397142,0.0002113962,-0.00050292653,0.0006755091,0.0006755091,OK,0,0.052804331,0.022921238,3.9144335e-07,1.0968216e-05,15,1.5,0.02,0.04,-0.05,40,40,40,40,40,10,0
3.225,0.15707387,-0.0020178044,-0.00020903599,0.00049994191,-0.15707387,0.0020178044,0.00020903599,-0.00049994191,0.00067513836,0.00067513836,OK,0,0.052927692,0.022921258,3.9166183e-07,1.0969465e-05,15,1.5,0.02,0.04,-0.05,40,40,40,40,40,10,0
3.23,0.15706128,-0.0028078958,-0.00020667577,0.00050064176,-0.15706128,0.0028078958,0.00020667577,-0.00050064176,0.00067973588,0.00067973588,OK,0,0.053051033,0.022921298,3.918754e-07,1.0970719e-05,15,1.5,0.02,0.04,-0.05,40,40,40,40,40,10,0
3.235,0.15704487,-0.0036070292,-0.00020414696,0.00050320109,-0.15704487,0.0036070292,0.00020414696,-0.00050320109,0.00068921344,0.00068921344,OK,0,0.053174349,0.022921363,3.9208378e-07,1.0971985e-05,15,1.5,0.02,0.04,-0.05,40,40,40,40,40,10,0
3.24,0.15702469,-0.0044124227,-0.00020136477,0.00050586045,-0.15702469,0.0044124227,0.00020136477,-0.00050586045,0.00070231592,0.00070231592,OK,0,0.053297632,0.02292146,3.9228652e-07,1.0973264e-05,15,1.5,0.02,0.04,-0.05,40,40,40,40,40,10,0
3.245,0.15699995,-0.0052231203,-0.00019908935,0.00050759184,-0.15699995,0.0052231203,0.00019908935,-0.00050759184,0.00070612165,0.00070612165,OK,0,0.053420877,0.022921596,3.924847e-07,1.0974552e-05,15,1.5,0.02,0.04,-0.05,40,40,40,40,40,10,0
3.25,0.1569714,-0.0060566528,-0.00019647608,0.00051481726,-0.1569714,0.0060566528,0.00019647608,-0.00051481726,0.00072224654,0.00072224654,OK,0,0.053544077,0.02292178,3.9267772e-07,1.0975878e-05,15,1.5,0.02,0.04,-0.05,40,40,40,40,40,10,0
3.255,0.15693879,-0.0068997957,-0.00019369423,0.00052154419,-0.15693879,0.0068997957,0.00019369423,-0.00052154419,0.00073968689,0.00073968689,OK,0,0.053667226,0.022922018,3.9286531e-07,1.0977238e-05,15,1.5,0.02,0.04,-0.05,40,40,40,40,40,10,0
3.26,0.15690173,-0.0077550975,-0.0001910813,0.000528131,-0.15690173,0.0077550975,0.0001910813,-0.000528131,0.00075380783,0.00075380783,OK,0,0.053790317,0.022922319,3.9304787e-07,1.0978632e-05,15,1.5,0.02,0.04,-0.05,40,40,40,40,40,10,0
3.265,0.15686029,-0.0086317904,-0.00018846803,0.00053762227,-0.15686029,0.0086317904,0.00018846803,-0.00053762227,0.00077134724,0.00077134724,OK,0,0.053913343,0.022922691,3.9322547e-07,1.0980077e-05,15,1.5,0.02,0.04,-0.05,40,40,40,40,40,10,0
3.27,0.15681444,-0.0095295964,-0.00018577063,0.00054921345,-0.15681444,0.0095295964,0.00018577063,-0.00054921345,0.00079236562,0.00079236562,OK,0,0.054036297,0.022923145,3.9339802e-07,1.0981586e-05,15,1.5,0.02,0.04,-0.05,40,40,40,40,40,10,0
3.275,0.15676415,-0.010448266,-0.00018290465,0.00056209606,-0.15676415,0.010448266,0.00018290465,-0.00056209606,0.00081692657,0.00081692657,OK,0,0.054159172,0.022923691,3.9356529e-07,1.0983165e-05,15,1.5,0.02,0.04,-0.05,40,40,40,40,40,10,0
3.28,0.15670888,-0.011387569,-0.00018029172,0.00057545439,-0.15670888,0.011387569,0.00018029172,-0.00057545439,0.00083748055,0.00083748055,OK,0,0.05428196,0.022924339,3.9372782e-07,1.0984821e-05,15,1.5,0.02,0.04,-0.05,40,40,40,40,40,10,0
3.285,0.15664908,-0.012358172,-0.00017734128,0.00059284998,-0.15664908,0.012358172,0.00017734128,-0.00059284998,0.00086781054,0.00086781054,OK,0,0.054404655,0.022925103,3.9388507e-07,1.0986578e-05,15,1.5,0.02,0.04,-0.05,40,40,40,40,40,10,0
3.29,0.15658453,-0.013351217,-0.00017413812,0.00060995131,-0.15658453,0.013351217,0.00017413812,-0.00060995131,0.0009004971,0.0009004971,OK,0,0.054527248,0.022925994,3.9403669e-07,1.0988439e-05,15,1.5,0.02,0.04,-0.05,40,40,40,40,40,10,0
3.295,0.1565147,-0.014368568,-0.00017110355,0.00062673007,-0.1565147,0.014368568,0.00017110355,-0.00062673007,0.00092909302,0.00092909302,OK,0,0.054649733,0.022927027,3.9418307e-07,1.0990403e-05,15,1.5,0.02,0.04,-0.05,40,40,40,40,40,10,0
3.3,0.15643974,-0.015421421,-0.0001679004,0.00064690382,-0.15643974,0.015421421,0.0001679004,-0.00064690382,0.00096378779,0.00096378779,OK,0,0.0547721,0.022928216,3.9432402e-07,1.0992495e-05,15,1.5,0.02,0.04,-0.05,40,40,40,40,40,10,0
3.305,0.15636722,-0.013274495,-0.00016688887,-0.00015319977,-0.15636722,0.013274495,0.00016688887,0.00015319977,-0.00013676826,-0.00013676826,OK,0,0.054894353,0.022929097,3.9446328e-07,1.0992612e-05,15,1.5,0.02,0.04,-0.05,40,40,40,40,40,10,0
3.31,0.15630509,-0.011913809,-0.00016857474,-0.00050412234,-0.15630509,0.011913809,0.00016857474,0.00050412234,-0.00063525518,-0.00063525518,OK,0,0.055016509,0.022929806,3.9460537e-07,1.0993883e-05,15,1.5,0.02,0.04,-0.05,40,40,40,40,40,10,0
3.315,0.15624728,-0.011326594,-0.00017127213,-0.00055304497,-0.15624728,0.011326594,0.00017127213,0.00055304497,-0.00072676755,-0.00072676755,OK,0,0.055138576,0.022930448,3.9475204e-07,1.0995412e-05,15,1.5,0.02,0.04,-0.05,40,40,40,40,40,10,0
3.32,0.15619189,-0.01092836,-0.00017396952,-0.00053529425,-0.15619189,0.01092836,0.00017396952,0.00053529425,-0.00072578089,-0.00072578089,OK,0,0.055260555,0.022931045,3.9490337e-07,1.0996845e-05,15,1.5,0.02,0.04,-0.05,40,40,40,40,40,10,0
3.325,0.15613836,-0.010584969,-0.00017649833,-0.00050466029,-0.15613836,0.010584969,0.00017649833,0.00050466029,-0.00070509694,-0.00070509694,OK,0,0.055382451,0.022931605,3.9505912e-07,1.0998118e-05,15,1.5,0.02,0.04,-0.05,40,40,40,40,40,10,0
3.33,0.15608648,-0.010266545,-0.00017885855,-0.0004728939,-0.15608648,0.010266545,0.00017885855,0.0004728939,-0.00068115119,-0.00068115119,OK,0,0.055504266,0.022932132,3.9521908e-07,1.0999237e-05,15,1.5,0.02,0.04,-0.05,40,40,40,40,40,10,0
3.335,0.15603607,-0.0099668163,-0.0001811343,-0.00044224156,-0.15603607,0.0099668163,0.0001811343,0.00044224156,-0.00065832806,-0.00065832806,OK,0,0.055626002,0.022932629,3.9538312e-07,1.1000215e-05,15,1.5,0.02,0.04,-0.05,40,40,40,40,40,10,0
3.34,0.15598704,-0.0096858641,-0.00018332593,-0.00041240085,-0.15598704,0.0096858641,0.00018332593,0.00041240085,-0.00063618407,-0.00063618407,OK,0,0.055747662,0.022933098,3.9555117e-07,1.1001065e-05,15,1.5,0.02,0.04,-0.05,40,40,40,40,40,10,0
3.345,0.15593937,-0.0094232345,-0.00018534897,-0.00038330149,-0.15593937,0.0094232345,0.00018534897,0.00038330149,-0.00061332879,-0.00061332879,OK,0,0.055869247,0.022933542,3.9572294e-07,1.1001799e-05,15,1.5,0.02,0.04,-0.05,40,40,40,40,40,10,0
3.35,0.15589317,-0.0091765816,-0.00018703518,-0.00035565143,-0.15589317,0.0091765816,0.00018703518,0.00035565143,-0.00058820477,-0.00058820477,OK,0,0.055990761,0.022933963,3.9589785e-07,1.1002432e-05,15,1.5,0.02,0.04,-0.05,40,40,40,40,40,10,0
3.355,0.15584786,-0.0089414157,-0.00018888963,-0.00033103733,-0.15584786,0.0089414157,0.00018888963,0.00033103733,-0.0005705999,-0.0005705999,OK,0,0.056112204,0.022934363,3.9607624e-07,1.100298e-05,15,1.5,0.02,0.04,-0.05,40,40,40,40,40,10,0
3.36,0.15580354,-0.008727287,-0.00019074409,-0.00030539646,-0.15580354,0.008727287,0.00019074409,0.00030539646,-0.00055227665,-0.00055227665,OK,0,0.056233577,0.022934744,3.9625816e-07,1.1003446e-05,15,1.5,0.02,0.04,-0.05,40,40,40,40,40,10,0
3.365,0.15576078,-0.0085320865,-0.00019192386,-0.00027938271,-0.15576078,0.0085320865,0.00019192386,0.00027938271,-0.00052399977,-0.00052399977,OK,0,0.056354884,0.022935108,3.9644234e-07,1.1003836e-05,15,1.5,0.02,0.04,-0.05,40,40,40,40,40,10,0
3.37,0.15571888,-0.0083406121,-0.00019310397,-0.00025894537,-0.15571888,0.0083406121,0.00019310397,0.00025894537,-0.00050422457,-0.00050422457,OK,0,0.056476126,0.022935455,3.9662878e-07,1.1004172e-05,15,1.5,0.02,0.04,-0.05,40,40,40,40,40,10,0
3.375,0.15567761,-0.0081640414,-0.000194453,-0.00023940508,-0.15567761,0.0081640414,0.000194453,0.00023940508,-0.00048891205,-0.00048891205,OK,0,0.056597304,0.022935789,3.9681784e-07,1.1004458e-05,15,1.5,0.02,0.04,-0.05,40,40,40,40,40,10,0
3.38,0.15563732,-0.0080078543,-0.00019554865,-0.00021839117,-0.15563732,0.0080078543,0.00019554865,0.00021839117,-0.00046838425,-0.00046838425,OK,0,0.056718419,0.022936109,3.9700904e-07,1.1004697e-05,15,1.5,0.02,0.04,-0.05,40,40,40,40,40,10,0
3.385,0.15559758,-0.0078638142,-0.00019672875,-0.00019907974,-0.15559758,0.0078638142,0.00019672875,0.00019907974,-0.00045215177,-0.00045215177,OK,0,0.056839472,0.022936418,3.9720255e-07,1.1004895e-05,15,1.5,0.02,0.04,-0.05,40,40,40,40,40,10,0
3.39,0.15555876,-0.0077373346,-0.00019757169,-0.00017915439,-0.15555876,0.0077373346,0.00019757169,0.00017915439,-0.0004306251,-0.0004306251,OK,0,0.056960464,0.022936718,3.9739772e-07,1.1005055e-05,15,1.5,0.02,0.04,-0.05,40,40,40,40,40,10,0
3.395,0.15552044,-0.0076202197,-0.00019841462,-0.00016179946,-0.15552044,0.0076202197,0.00019841462,0.00016179946,-0.00041331839,-0.00041331839,OK,0,0.057081397,0.022937008,3.9759456e-07,1.1005186e-05,15,1.5,0.02,0.04,-0.05,40,40,40,40,40,10,0
3.4,0.15548258,-0.0075179134,-0.00019925789,-0.00014470975,-0.15548258,0.0075179134,0.00019925789,0.00014470975,-0.0003969978,-0.0003969978,OK,0,0.057202272,0.022937291,3.9779308e-07,1.1005291e-05,15,1.5,0.02,0.04,-0.05,40,40,40,40,40,10,0
3.405,0.15544527,-0.0074313149,-0.00019993223,-0.0001274241,-0.15544527,0.0074313149,0.00019993223,0.0001274241,-0.00037846684,-0.00037846684,OK,0,0.057323088,0.022937567,3.9799295e-07,1.1005372e-05,15,1.5,0.02,0.04,-0.05,40,40,40,40,40,10,0
3.41,0.15540844,-0.0073568395,-0.00020043766,-0.00011130208,-0.15540844,0.0073568395,0.00020043766,0.00011130208,-0.00035962278,-0.00035962278,OK,0,0.057443847,0.022937837,3.9819382e-07,1.1005434e-05,15,1.5,0.02,0.04,-0.05,40,40,40,40,40,10,0
3.415,0.15537204,-0.0072936756,-0.00020077483,-9.6596164e-05,-0.15537204,0.0072936756,0.00020077483,9.6596164e-05,-0.00034082293,-0.00034082293,OK,0,0.057564549,0.022938103,3.9839537e-07,1.1005481e-05,15,1.5,0.02,0.04,-0.05,40,40,40,40,40,10,0
3.42,0.15533568,-0.0072415787,-0.00020128059,-8.334034e-05,-0.15533568,0.0072415787,0.00020128059,8.334034e-05,-0.00032716882,-0.00032716882,OK,0,0.057685195,0.022938366,3.9859794e-07,1.1005516e-05,15,1.5,0.02,0.04,-0.05,40,40,40,40,40,10,0
3.425,0.15529963,-0.0072076484,-0.00020161776,-6.8617243e-05,-0.15529963,0.0072076484,0.00020161776,6.8617243e-05,-0.00030950558,-0.00030950558,OK,0,0.057805785,0.022938625,3.9880119e-07,1.1005539e-05,15,1.5,0.02,0.04,-0.05,40,40,40,40,40,10,0
3.43,0.15526364,-0.0071860014,-0.00020195493,-5.4757714e-05,-0.15526364,0.0071860014,0.00020195493,5.4757714e-05,-0.00029362779,-0.00029362779,OK,0,0.057926319,0.022938884,3.9900512e-07,1.1005554e-05,15,1.5,0.02,0.04,-0.05,40,40,40,40,40,10,0
3.435,0.15522739,-0.0071790975,-0.00020254515,-4.0739507e-05,-0.15522739,0.0071790975,0.00020254515,4.0739507e-05,-0.0002819026,-0.0002819026,OK,0,0.058046797,0.022939141,3.9921024e-07,1.1005562e-05,15,1.5,0.02,0.04,-0.05,40,40,40,40,40,10,0
3.44,0.15519163,-0.0071928551,-0.00020254515,-2.4156929e-05,-0.15519163,0.0071928551,0.00020254515,2.4156929e-05,-0.00025829428,-0.00025829428,OK,0,0.058167219,0.0229394,3.9941537e-07,1.1005565e-05,15,1.5,0.02,0.04,-0.05,40,40,40,40,40,10,0
3.445,0.15515571,-0.0072103942,-0.00020254515,-1.1811807e-05,-0.15515571,0.0072103942,0.00020254515,1.1811807e-05,-0.00024119641,-0.00024119641,OK,0,0.058287585,0.02293966,3.9962049e-07,1.1005566e-05,15,1.5,0.02,0.04,-0.05,40,40,40,40,40,10,0
3.45,0.15511961,-0.0072411295,-0.00020254514,8.9238132e-08,-0.15511961,0.0072411295,0.00020254514,-8.9238132e-08,-0.00022529625,-0.00022529625,OK,0,0.058407896,0.022939922,3.9982561e-07,1.1005566e-05,15,1.5,0.02,0.04,-0.05,40,40,40,40,40,10,0
3.455,0.15508317,-0.0072869506,-0.0002026296,1.2295543e-05,-0.15508317,0.0072869506,0.0002026296,-1.2295543e-05,-0.00021081543,-0.00021081543,OK,0,0.05852815,0.022940188,4.0003091e-07,1.1005567e-05,15,1.5,0.02,0.04,-0.05,40,40,40,40,40,10,0
3.46,0.15504646,-0.0073501442,-0.0002026296,2.5704336e-05,-0.15504646,0.0073501442,0.0002026296,-2.5704336e-05,-0.00019396408,-0.00019396408,OK,0,0.058648347,0.022940458,4.002362e-07,1.100557e-05,15,1.5,0.02,0.04,-0.05,40,40,40,40,40,10,0
3.465,0.15500958,-0.0074276753,-0.00020237621,3.9054082e-05,-0.15500958,0.0074276753,0.00020237621,-3.9054082e-05,-0.00017397751,-0.00017397751,OK,0,0.058768486,0.022940734,4.0044098e-07,1.1005578e-05,15,1.5,0.02,0.04,-0.05,40,40,40,40,40,10,0
3.47,0.1549723,-0.0075154921,-0.00020203937,5.0661346e-05,-0.1549723,0.0075154921,0.00020203937,-5.0661346e-05,-0.00015577216,-0.00015577216,OK,0,0.058888569,0.022941016,4.0064508e-07,1.1005591e-05,15,1.5,0.02,0.04,-0.05,40,40,40,40,40,10,0
3.475,0.15493433,-0.007616618,-0.00020187078,6.1685936e-05,-0.15493433,0.007616618,0.00020187078,-6.1685936e-05,-0.00014151104,-0.00014151104,OK,0,0.059008592,0.022941306,4.0084884e-07,1.100561e-05,15,1.5,0.02,0.04,-0.05,40,40,40,40,40,10,0
3.48,0.15489581,-0.0077372346,-0.00020161773,7.4550418e-05,-0.15489581,0.0077372346,0.00020161773,-7.4550418e-05,-0.0001240136,-0.0001240136,OK,0,0.059128555,0.022941605,4.0105209e-07,1.1005637e-05,15,1.5,0.02,0.04,-0.05,40,40,40,40,40,10,0
3.485,0.15485691,-0.0078733695,-0.00020102784,8.7568914e-05,-0.15485691,0.0078733695,0.00020102784,-8.7568914e-05,-0.00010186081,-0.00010186081,OK,0,0.059248459,0.022941915,4.0125415e-07,1.1005676e-05,15,1.5,0.02,0.04,-0.05,40,40,40,40,40,10,0
3.49,0.15481699,-0.0080191055,-0.00020069066,9.8258525e-05,-0.15481699,0.0080191055,0.00020069066,-9.8258525e-05,-8.7396493e-05,-8.7396493e-05,OK,0,0.0593683,0.022942237,4.0145553e-07,1.1005724e-05,15,1.5,0.02,0.04,-0.05,40,40,40,40,40,10,0
3.495,0.15477639,-0.0081862078,-0.0002001849,0.0001112569,-0.15477639,0.0081862078,0.0002001849,-0.0001112569,-6.7808556e-05,-6.7808556e-05,OK,0,0.059488079,0.022942572,4.016559e-07,1.1005786e-05,15,1.5,0.02,0.04,-0.05,40,40,40,40,40,10,0
3.5,0.15473485,-0.0083682507,-0.00019967913,0.00012385206,-0.15473485,0.0083682507,0.00019967913,-0.00012385206,-4.9441942e-05,-4.9441942e-05,OK,0,0.059607793,0.022942922,4.0185526e-07,1.1005863e-05,15,1.5,0.02,0.04,-0.05,40,40,40,40,40,10,0
3.505,0.15469236,-0.0085679529,-0.00019908924,0.00013700635,-0.15469236,0.0085679529,0.00019908924,-0.00013700635,-2.9699978e-05,-2.9699978e-05,OK,0,0.059727442,0.022943289,4.0205344e-07,1.1005956e-05,15,1.5,0.02,0.04,-0.05,40,40,40,40,40,10,0
3.51,0.15464893,-0.0087844159,-0.00019833043,0.00015021021,-0.15464893,0.0087844159,0.00019833043,-0.00015021021,-8.0391495e-06,-8.0391495e-06,OK,0,0.059847023,0.022943675,4.0225012e-07,1.1006069e-05,15,1.5,0.02,0.04,-0.05,40,40,40,40,40,10,0
3.515,0.15460456,-0.0090160527,-0.0001973189,0.000162663,-0.15460456,0.0090160527,0.0001973189,-0.000162663,1.5660034e-05,1.5660034e-05,OK,0,0.059966536,0.022944081,4.0244479e-07,1.1006201e-05,15,1.5,0.02,0.04,-0.05,40,40,40,40,40,10,0
3.52,0.15455877,-0.0092611842,-0.00019647597,0.0001735139,-0.15455877,0.0092611842,0.00019647597,-0.0001735139,3.3859323e-05,3.3859323e-05,OK,0,0.060085978,0.02294451,4.0263781e-07,1.1006352e-05,15,1.5,0.02,0.04,-0.05,40,40,40,40,40,10,0
3.525,0.15451162,-0.0095289691,-0.00019563303,0.0001862703,-0.15451162,0.0095289691,0.00019563303,-0.0001862703,5.3983676e-05,5.3983676e-05,OK,0,0.060205347,0.022944964,4.0282917e-07,1.1006526e-05,15,1.5,0.02,0.04,-0.05,40,40,40,40,40,10,0
3.53,0.15446317,-0.0098180786,-0.00019462116,0.00020019466,-0.15446317,0.0098180786,0.00019462116,-0.00020019466,7.7514791e-05,7.7514791e-05,OK,0,0.060324642,0.022945446,4.0301855e-07,1.1006726e-05,15,1.5,0.02,0.04,-0.05,40,40,40,40,40,10,0
3.535,0.15441316,-0.010125182,-0.00019360997,0.00021372548,-0.15441316,0.010125182,0.00019360997,-0.00021372548,9.9694456e-05,9.9694456e-05,OK,0,0.060443859,0.022945959,4.0320598e-07,1.1006954e-05,15,1.5,0.02,0.04,-0.05,40,40,40,40,40,10,0
3.54,0.15436164,-0.01045384,-0.00019242986,0.00022806563,-0.15436164,0.01045384,0.00019242986,-0.00022806563,0.00012472975,0.00012472975,OK,0,0.060562996,0.022946505,4.0339113e-07,1.1007214e-05,15,1.5,0.02,0.04,-0.05,40,40,40,40,40,10,0
3.545,0.15430835,-0.010801716,-0.00019124975,0.00024202373,-0.15430835,0.010801716,0.00019124975,-0.00024202373,0.00014838782,0.00014838782,OK,0,0.060682052,0.022947089,4.0357401e-07,1.1007507e-05,15,1.5,0.02,0.04,-0.05,40,40,40,40,40,10,0
3.55,0.15425302,-0.011172622,-0.00019023822,0.00025687162,-0.15425302,0.011172622,0.00019023822,-0.00025687162,0.00016988961,0.00016988961,OK,0,0.060801022,0.022947713,4.0375496e-07,1.1007837e-05,15,1.5,0.02,0.04,-0.05,40,40,40,40,40,10,0
3.555,0.15419617,-0.011571605,-0.00018872093,0.00027436167,-0.15419617,0.011571605,0.00018872093,-0.00027436167,0.00020178772,0.00020178772,OK,0,0.060919904,0.022948382,4.0393304e-07,1.1008214e-05,15,1.5,0.02,0.04,-0.05,40,40,40,40,40,10,0
3.56,0.15413703,-0.011985927,-0.00018737223,0.00028905531,-0.15413703,0.011985927,0.00018737223,-0.00028905531,0.00022630306,0.00022630306,OK,0,0.061038695,0.022949101,4.0410858e-07,1.1008631e-05,15,1.5,0.02,0.04,-0.05,40,40,40,40,40,10,0
3.565,0.154076,-0.012428331,-0.00018568602,0.00030577261,-0.154076,0.012428331,0.00018568602,-0.00030577261,0.00025775533,0.00025775533,OK,0,0.061157392,0.022949873,4.0428098e-07,1.1009099e-05,15,1.5,0.02,0.04,-0.05,40,40,40,40,40,10,0
3.57,0.15401227,-0.012891249,-0.00018433765,0.00032112384,-0.15401227,0.012891249,0.00018433765,-0.00032112384,0.00028121648,0.00028121648,OK,0,0.061275991,0.022950704,4.0445088e-07,1.1009614e-05,15,1.5,0.02,0.04,-0.05,40,40,40,40,40,10,0
3.575,0.15394638,-0.013388547,-0.00018265177,0.00034034438,-0.15394638,0.013388547,0.00018265177,-0.00034034438,0.00031412572,0.00031412572,OK,0,0.061394489,0.0229516,4.0461769e-07,1.1010194e-05,15,1.5,0.02,0.04,-0.05,40,40,40,40,40,10,0
3.58,0.15387784,-0.013909359,-0.0001809659,0.00035867373,-0.15387784,0.013909359,0.0001809659,-0.00035867373,0.00034470461,0.00034470461,OK,0,0.061512881,0.022952567,4.0478143e-07,1.1010837e-05,15,1.5,0.02,0.04,-0.05,40,40,40,40,40,10,0
3.585,0.15380677,-0.014459773,-0.00017902731,0.00037816654,-0.15380677,0.014459773,0.00017902731,-0.00037816654,0.00037958462,0.00037958462,OK,0,0.061631163,0.022953613,4.0494168e-07,1.1011552e-05,15,1.5,0.02,0.04,-0.05,40,40,40,40,40,10,0
3.59,0.15373277,-0.015036557,-0.00017708838,0.00039709766,-0.15373277,0.015036557,0.00017708838,-0.00039709766,0.00041251387,0.00041251387,OK,0,0.061749332,0.022954743,4.0509849e-07,1.101234e-05,15,1.5,0.02,0.04,-0.05,40,40,40,40,40,10,0
3.595,0.15365569,-0.015645548,-0.00017514946,0.00041737747,-0.15365569,0.015645548,0.00017514946,-0.00041737747,0.00044611631,0.00044611631,OK,0,0.061867382,0.022955967,4.0525187e-07,1.1013211e-05,15,1.5,0.02,0.04,-0.05,40,40,40,40,40,10,0
3.6,0.15357562,-0.016289006,-0.00017295782,0.00043944907,-0.15357562,0.016289006,0.00017295782,-0.00043944907,0.00048475842,0.00048475842,OK,0,0.06198531,0.022957294,4.0540144e-07,1.1014177e-05,15,1.5,0.02,0.04,-0.05,40,40,40,40,40,10,0
3.605,0.15349229,-0.016963135,-0.00017059759,0.00046128789,-0.15349229,0.016963135,0.00017059759,-0.00046128789,0.00052428836,0.00052428836,OK,0,0.062103109,0.022958733,4.0554696e-07,1.1015241e-05,15,1.5,0.02,0.04,-0.05,40,40,40,40,40,10,0
3.61,0.1534053,-0.017670233,-0.00016832183,0.0004833012,-0.1534053,0.017670233,0.00016832183,-0.0004833012,0.00056142112,0.00056142112,OK,0,0.062220775,0.022960294,4.0568862e-07,1.1016409e-05,15,1.5,0.02,0.04,-0.05,40,40,40,40,40,10,0
3.615,0.15331471,-0.018417461,-0.00016587714,0.00050783239,-0.15331471,0.018417461,0.00016587714,-0.00050783239,0.0006031873,0.0006031873,OK,0,0.062338302,0.02296199,4.058262e-07,1.1017698e-05,15,1.5,0.02,0.04,-0.05,40,40,40,40,40,10,0
3.62,0.1532204,-0.019202153,-0.00016317974,0.000533231,-0.1532204,0.019202153,0.00016317974,-0.000533231,0.00064847239,0.00064847239,OK,0,0.062455684,0.022963833,4.0595934e-07,1.101912e-05,15,1.5,0.02,0.04,-0.05,40,40,40,40,40,10,0
3.625,0.1531221,-0.020023429,-0.00016031375,0.00055853908,-0.1531221,0.020023429,0.00016031375,-0.00055853908,0.00069460731,0.00069460731,OK,0,0.062572916,0.022965838,4.0608784e-07,1.102068e-05,15,1.5,0.02,0.04,-0.05,40,40,40,40,40,10,0
3.63,0.15301928,-0.020884419,-0.00015761634,0.00058438429,-0.15301928,0.020884419,0.00015761634,-0.00058438429,0.00073734021,0.00073734021,OK,0,0.062689991,0.022968019,4.0621205e-07,1.1022387e-05,15,1.5,0.02,0.04,-0.05,40,40,40,40,40,10,0
3.635,0.15291221,-0.021794531,-0.00015458177,0.00061389685,-0.15291221,0.021794531,0.00015458177,-0.00061389685,0.00078858178,0.00078858178,OK,0,0.062806902,0.022970394,4.0633153e-07,1.1024272e-05,15,1.5,0.02,0.04,-0.05,40,40,40,40,40,10,0
3.64,0.1528004,-0.022746421,-0.00015146273,0.00064341516,-0.1528004,0.022746421,0.00015146273,-0.00064341516,0.00083933307,0.00083933307,OK,0,0.062923641,0.022972981,4.0644624e-07,1.1026341e-05,15,1.5,0.02,0.04,-0.05,40,40,40,40,40,10,0
3.645,0.15268388,-0.023745823,-0.00014800651,0.00067451687,-0.15268388,0.023745823,0.00014800651,-0.00067451687,0.00089552232,0.00089552232,OK,0,0.063040203,0.0229758,4.0655577e-07,1.1028616e-05,15,1.5,0.02,0.04,-0.05,40,40,40,40,40,10,0
3.65,0.15256207,-0.024790251,-0.00014455064,0.0007054291,-0.15256207,0.024790251,0.00014455064,-0.0007054291,0.00094951556,0.00094951556,OK,0,0.063156579,0.022978873,4.0666024e-07,1.1031104e-05,15,1.5,0.02,0.04,-0.05,40,40,40,40,40,10,0
3.655,0.15243472,-0.02588836,-0.00014109476,0.00073883581,-0.15243472,0.02588836,0.00014109476,-0.00073883581,0.0010049924,0.0010049924,OK,0,0.063272761,0.022982224,4.0675978e-07,1.1033834e-05,15,1.5,0.02,0.04,-0.05,40,40,40,40,40,10,0
3.66,0.15230179,-0.027043834,-0.00013738583,0.00077537546,-0.15230179,0.027043834,0.00013738583,-0.00077537546,0.0010665582,0.0010665582,OK,0,0.06338874,0.022985881,4.0685415e-07,1.103684e-05,15,1.5,0.02,0.04,-0.05,40,40,40,40,40,10,0
3.665,0.15216299,-0.028254083,-0.00013342419,0.00081311341,-0.15216299,0.028254083,0.00013342419,-0.00081311341,0.0011314036,0.0011314036,OK,0,0.063504508,0.022989872,4.0694316e-07,1.1040146e-05,15,1.5,0.02,0.04,-0.05,40,40,40,40,40,10,0
3.67,0.15201794,-0.029520819,-0.00012929363,0.00085180718,-0.15201794,0.029520819,0.00012929363,-0.00085180718,0.0011978324,0.0011978324,OK,0,0.063620055,0.02299423,4.0702675e-07,1.1043774e-05,15,1.5,0.02,0.04,-0.05,40,40,40,40,40,10,0
3.675,0.15186652,-0.030848476,-0.00012482588,0.00089226721,-0.15186652,0.030848476,0.00012482588,-0.00089226721,0.0012694039,0.0012694039,OK,0,0.063735372,0.022998988,4.0710466e-07,1.1047754e-05,15,1.5,0.02,0.04,-0.05,40,40,40,40,40,10,0
3.68,0.15170833,-0.032236722,-0.00012010543,0.00093333601,-0.15170833,0.032236722,0.00012010543,-0.00093333601,0.0013431203,0.0013431203,OK,0,0.06385045,0.023004184,4.0717678e-07,1.105211e-05,15,1.5,0.02,0.04,-0.05,40,40,40,40,40,10,0
3.685,0.15154264,-0.033689829,-0.00011555357,0.00097566358,-0.15154264,0.033689829,0.00011555357,-0.00097566358,0.0014134515,0.0014134515,OK,0,0.063965275,0.023009859,4.0724355e-07,1.1056869e-05,15,1.5,0.02,0.04,-0.05,40,40,40,40,40,10,0
3.69,0.15136989,-0.035220309,-0.00011032701,0.0010231731,-0.15136989,0.035220309,0.00011032701,-0.0010231731,0.00149844,0.00149844,OK,0,0.06407984,0.023016061,4.0730441e-07,1.1062104e-05,15,1.5,0.02,0.04,-0.05,40,40,40,40,40,10,0
3.695,0.1511889,-0.036815311,-0.00010526972,0.0010695025,-0.1511889,0.036815311,0.00010526972,-0.0010695025,0.0015763736,0.0015763736,OK,0,0.06419413,0.023022838,4.0735981e-07,1.1067823e-05,15,1.5,0.02,0.04,-0.05,40,40,40,40,40,10,0
3.7,0.15099996,-0.038493342,-9.9705987e-05,0.0011208815,-0.15099996,0.038493342,9.9705987e-05,-0.0011208815,0.0016659978,0.0016659978,OK,0,0.064308135,0.023030247,4.0740952e-07,1.1074105e-05,15,1.5,0.02,0.04,-0.05,40,40,40,40,40,10,0
3.705,0.15080231,-0.040246568,-9.3974352e-05,0.0011728568,-0.15080231,0.040246568,9.3974352e-05,-0.0011728568,0.0017558534,0.0017558534,OK,0,0.064421842,0.023038346,4.0745368e-07,1.1080983e-05,15,1.5,0.02,0.04,-0.05,40,40,40,40,40,10,0
3.71,0.15059563,-0.042083921,-8.7989319e-05,0.0012276768,-0.15059563,0.042083921,8.7989319e-05,-0.0012276768,0.0018502311,0.0018502311,OK,0,0.064535237,0.023047201,4.0749239e-07,1.1088519e-05,15,1.5,0.02,0.04,-0.05,40,40,40,40,40,10,0
3.715,0.15037939,-0.04400865,-8.1836043e-05,0.0012852325,-0.15037939,0.04400865,8.1836043e-05,-0.0012852325,0.0019475498,0.0019475498,OK,0,0.064648307,0.023056885,4.0752587e-07,1.1096778e-05,15,1.5,0.02,0.04,-0.05,40,40,40,40,40,10,0
3.72,0.15015363,-0.046026722,-7.5008073e-05,0.0013464447,-0.15015363,0.046026722,7.5008073e-05,-0.0013464447,0.0020565496,0.0020565496,OK,0,0.064761037,0.023067477,4.07554e-07,1.1105842e-05,15,1.5,0.02,0.04,-0.05,40,40,40,40,40,10,0
3.725,0.14991696,-0.048132115,-6.8433155e-05,0.0014073271,-0.14991696,0.048132115,6.8433155e-05,-0.0014073271,0.002157548,0.002157548,OK,0,0.064873413,0.023079061,4.0757742e-07,1.1115745e-05,15,1.5,0.02,0.04,-0.05,40,40,40,40,40,10,0
3.73,0.1496698,-0.050347382,-6.1183887e-05,0.0014753467,-0.1496698,0.050347382,6.1183887e-05,-0.0014753467,0.0022747625,0.0022747625,OK,0,0.064985418,0.023091735,4.0759614e-07,1.1126629e-05,15,1.5,0.02,0.04,-0.05,40,40,40,40,40,10,0
3.735,0.14941126,-0.052661061,-5.3597445e-05,0.001544174,-0.14941126,0.052661061,5.3597445e-05,-0.001544174,0.002394082,0.002394082,OK,0,0.065097037,0.023105601,4.076105e-07,1.1138551e-05,15,1.5,0.02,0.04,-0.05,40,40,40,40,40,10,0
3.74,0.14914099,-0.055082373,-4.550524e-05,0.0016157388,-0.14914099,0.055082373,4.550524e-05,-0.0016157388,0.0025205545,0.0025205545,OK,0,0.065208252,0.023120771,4.0762085e-07,1.1151604e-05,15,1.5,0.02,0.04,-0.05,40,40,40,40,40,10,0
3.745,0.14885792,-0.057613888,-3.7413033e-05,0.0016892086,-0.14885792,0.057613888,3.7413033e-05,-0.0016892086,0.0026452203,0.0026452203,OK,0,0.065319045,0.023137368,4.0762785e-07,1.1165871e-05,15,1.5,0.02,0.04,-0.05,40,40,40,40,40,10,0
3.75,0.14856229,-0.060271562,-2.8477541e-05,0.0017690598,-0.14856229,0.060271562,2.8477541e-05,-0.0017690598,0.0027868099,0.0027868099,OK,0,0.065429399,0.023155531,4.0763191e-07,1.1181519e-05,15,1.5,0.02,0.04,-0.05,40,40,40,40,40,10,0
3.755,0.14825245,-0.063045257,-1.9710983e-05,0.0018491536,-0.14825245,0.063045257,1.9710983e-05,-0.0018491536,0.0029213045,0.0029213045,OK,0,0.065539293,0.023175405,4.0763385e-07,1.1198616e-05,15,1.5,0.02,0.04,-0.05,40,40,40,40,40,10,0
3.76,0.14792867,-0.065959762,-1.0185958e-05,0.0019373409,-0.14792867,0.065959762,1.0185958e-05,-0.0019373409,0.0030734049,0.0030734049,OK,0,0.065648707,0.023197158,4.0763437e-07,1.1217382e-05,15,1.5,0.02,0.04,-0.05,40,40,40,40,40,10,0
3.765,0.14758982,-0.069005323,-3.2340616e-07,0.0020274396,-0.14758982,0.069005323,3.2340616e-07,-0.0020274396,0.0032278918,0.0032278918,OK,0,0.065757621,0.023220967,4.0763437e-07,1.1237935e-05,15,1.5,0.02,0.04,-0.05,40,40,40,40,40,10,0
3.77,0.14723544,-0.072194621,1.0129027e-05,0.0021222102,-0.14723544,0.072194621,-1.0129027e-05,-0.0021222102,0.0033921747,0.0033921747,OK,0,0.065866012,0.023247027,4.0763488e-07,1.1260454e-05,15,1.5,0.02,0.04,-0.05,40,40,40,40,40,10,0
3.775,0.1468648,-0.07553051,2.1171692e-05,0.0022203402,-0.1468648,0.07553051,-2.1171692e-05,-0.0022203402,0.0035641612,0.0035641612,OK,0,0.065973859,0.023275552,4.0763712e-07,1.1285103e-05,15,1.5,0.02,0.04,-0.05,40,40,40,40,40,10,0
3.78,0.14647669,-0.079019606,3.2382593e-05,0.0023219199,-0.14647669,0.079019606,-3.2382593e-05,-0.0023219199,0.0037373682,0.0037373682,OK,0,0.066081136,0.023306772,4.0764237e-07,1.131206e-05,15,1.5,0.02,0.04,-0.05,40,40,40,40,40,10,0
3.785,0.14607069,-0.082678595,4.4184082e-05,0.0024309805,-0.14607069,0.082678595,-4.4184082e-05,-0.0024309805,0.0039235019,0.0039235019,OK,0,0.066187819,0.023340951,4.0765213e-07,1.1341608e-05,15,1.5,0.02,0.04,-0.05,40,40,40,40,40,10,0
3.79,0.14564618,-0.086508338,5.6828154e-05,0.0025450435,-0.14564618,0.086508338,-5.6828154e-05,-0.0025450435,0.0041225776,0.0041225776,OK,0,0.066293883,0.023378369,4.0766827e-07,1.1373994e-05,15,1.5,0.02,0.04,-0.05,40,40,40,40,40,10,0
3.795,0.14525046,-0.071106709,5.7671065e-05,-0.0021838665,-0.14525046,0.071106709,-5.7671065e-05,0.0021838665,-0.0023499929,-0.0023499929,OK,0,0.066399372,0.02340365,4.076849e-07,1.1397841e-05,15,1.5,0.02,0.04,-0.05,40,40,40,40,40,10,0
3.8,0.14492637,-0.060631261,4.030621e-05,-0.0042817141,-0.14492637,0.060631261,-4.030621e-05,0.0042817141,-0.0053447012,-0.0053447012,OK,0,0.06650439,0.023422031,4.0769303e-07,1.1489506e-05,15,1.5,0.02,0.04,-0.05,40,40,40,40,40,10,0
3.805,0.14464116,-0.054743458,1.8137162e-05,-0.0045816193,-0.14464116,0.054743458,-1.8137162e-05,0.0045816193,-0.0058972867,-0.0058972867,OK,0,0.066608995,0.023437015,4.0769467e-07,1.1594462e-05,15,1.5,0.02,0.04,-0.05,40,40,40,40,40,10,0
3.81,0.14438176,-0.049924027,-4.791055e-06,-0.0044986511,-0.14438176,0.049924027,4.791055e-06,0.0044986511,-0.0059291683,-0.0059291683,OK,0,0.066713226,0.023449477,4.0769479e-07,1.1695652e-05,15,1.5,0.02,0.04,-0.05,40,40,40,40,40,10,0
3.815,0.144146,-0.045404478,-2.6622927e-05,-0.004338987,-0.144146,0.045404478,2.6622927e-05,0.004338987,-0.0058410835,-0.0058410835,OK,0,0.066817116,0.023459785,4.0769833e-07,1.1789786e-05,15,1.5,0.02,0.04,-0.05,40,40,40,40,40,10,0
3.82,0.1439323,-0.040990128,-4.7865266e-05,-0.0041774112,-0.1439323,0.040990128,4.7865266e-05,0.0041774112,-0.0057450549,-0.0057450549,OK,0,0.066920699,0.023468186,4.0770979e-07,1.1877039e-05,15,1.5,0.02,0.04,-0.05,40,40,40,40,40,10,0
3.825,0.14374067,-0.036646797,-6.8095732e-05,-0.0040240292,-0.14374067,0.036646797,6.8095732e-05,0.0040240292,-0.0056485383,-0.0056485383,OK,0,0.067024005,0.023474901,4.0773297e-07,1.1958004e-05,15,1.5,0.02,0.04,-0.05,40,40,40,40,40,10,0
3.83,0.14357022,-0.032351297,-8.7989023e-05,-0.003884571,-0.14357022,0.032351297,8.7989023e-05,0.003884571,-0.0055693394,-0.0055693394,OK,0,0.067127068,0.023480134,4.0777168e-07,1.2033453e-05,15,1.5,0.02,0.04,-0.05,40,40,40,40,40,10,0
3.835,0.14342117,-0.028106095,-0.00010712384,-0.0037544688,-0.14342117,0.028106095,0.00010712384,0.0037544688,-0.0054943813,-0.0054943813,OK,0,0.067229916,0.023484084,4.0782906e-07,1.2103933e-05,15,1.5,0.02,0.04,-0.05,40,40,40,40,40,10,0
3.84,0.14329337,-0.023895226,-0.00012549985,-0.0036366375,-0.14329337,0.023895226,0.00012549985,0.0036366375,-0.0054273954,-0.0054273954,OK,0,0.067332581,0.023486939,4.0790781e-07,1.2170059e-05,15,1.5,0.02,0.04,-0.05,40,40,40,40,40,10,0
3.845,0.1431866,-0.019708215,-0.00014328562,-0.0035318173,-0.1431866,0.019708215,0.00014328562,0.0035318173,-0.005371607,-0.005371607,OK,0,0.067435093,0.023488881,4.0801046e-07,1.2232428e-05,15,1.5,0.02,0.04,-0.05,40,40,40,40,40,10,0
3.85,0.14310045,-0.015539297,-0.00016081903,-0.0034388801,-0.14310045,0.015539297,0.00016081903,0.0034388801,-0.0053301685,-0.0053301685,OK,0,0.067537481,0.023490088,4.0813978e-07,1.2291557e-05,15,1.5,0.02,0.04,-0.05,40,40,40,40,40,10,0
3.855,0.14303532,-0.011387287,-0.00017767775,-0.003354877,-0.14303532,0.011387287,0.00017767775,0.003354877,-0.0052922667,-0.0052922667,OK,0,0.067639777,0.023490736,4.0829763e-07,1.2347833e-05,15,1.5,0.02,0.04,-0.05,40,40,40,40,40,10,0
3.86,0.14299065,-0.0072356265,-0.00019445233,-0.0032830804,-0.14299065,0.0072356265,0.00019445233,0.0032830804,-0.0052710177,-0.0052710177,OK,0,0.067742008,0.023490998,4.0848668e-07,1.2401726e-05,15,1.5,0.02,0.04,-0.05,40,40,40,40,40,10,0
3.865,0.14296722,-0.0030864767,-0.00021038399,-0.0032192259,-0.14296722,0.0030864767,0.00021038399,0.0032192259,-0.0052487133,-0.0052487133,OK,0,0.067844207,0.023491046,4.0870799e-07,1.2453543e-05,15,1.5,0.02,0.04,-0.05,40,40,40,40,40,10,0
3.87,0.14296439,0.0010832987,-0.00022623084,-0.0031692598,-0.14296439,-0.0010832987,0.00022623084,0.0031692598,-0.0052447326,-0.0052447326,OK,0,0.067946401,0.023491052,4.0896389e-07,1.2503764e-05,15,1.5,0.02,0.04,-0.05,40,40,40,40,40,10,0
3.875,0.14298215,0.0052692791,-0.00024216249,-0.0031280139,-0.14298215,-0.0052692791,0.00024216249,0.0031280139,-0.0052540441,-0.0052540441,OK,0,0.06804862,0.02349119,4.0925711e-07,1.2552687e-05,15,1.5,0.02,0.04,-0.05,40,40,40,40,40,10,0
3.88,0.14302094,0.0094743337,-0.00025784142,-0.003093253,-0.14302094,-0.0094743337,0.00025784142,0.003093253,-0.0052681086,-0.0052681086,OK,0,0.068150895,0.023491639,4.0958952e-07,1.2600528e-05,15,1.5,0.02,0.04,-0.05,40,40,40,40,40,10,0
3.885,0.14308113,0.013713639,-0.00027309838,-0.0030676968,-0.14308113,-0.013713639,0.00027309838,0.0030676968,-0.0052878529,-0.0052878529,OK,0,0.068253256,0.02349258,4.0996243e-07,1.2647581e-05,15,1.5,0.02,0.04,-0.05,40,40,40,40,40,10,0
3.89,0.14316247,0.01800124,-0.00028844013,-0.0030535909,-0.14316247,-0.01800124,0.00028844013,0.0030535909,-0.0053236893,-0.0053236893,OK,0,0.068355734,0.0234942,4.1037842e-07,1.2694204e-05,15,1.5,0.02,0.04,-0.05,40,40,40,40,40,10,0
3.895,0.14326542,0.022336579,-0.0003036971,-0.0030472634,-0.14326542,-0.022336579,0.0003036971,0.0030472634,-0.00536758,-0.00536758,OK,0,0.068458359,0.023496694,4.1083958e-07,1.2740633e-05,15,1.5,0.02,0.04,-0.05,40,40,40,40,40,10,0
3.9,0.14339037,0.026730843,-0.0003187858,-0.003049748,-0.14339037,-0.026730843,0.0003187858,0.003049748,-0.0054193679,-0.0054193679,OK,0,0.068561162,0.023500267,4.113477e-07,1.2787137e-05,15,1.5,0.02,0.04,-0.05,40,40,40,40,40,10,0
3.905,0.14353728,0.031195765,-0.00033412722,-0.00306226,-0.14353728,-0.031195765,0.00033412722,0.00306226,-0.0054867221,-0.0054867221,OK,0,0.068664177,0.023505133,4.1190591e-07,1.2834025e-05,15,1.5,0.02,0.04,-0.05,40,40,40,40,40,10,0
3.91,0.14370673,0.035732508,-0.00034955309,-0.0030817052,-0.14370673,-0.035732508,0.00034955309,0.0030817052,-0.0055624193,-0.0055624193,OK,0,0.068767435,0.023511517,4.1251684e-07,1.2881509e-05,15,1.5,0.02,0.04,-0.05,40,40,40,40,40,10,0
3.915,0.1438993,0.040352941,-0.00036489451,-0.0031092551,-0.1438993,-0.040352941,0.00036489451,0.0031092551,-0.0056451967,-0.0056451967,OK,0,0.06887097,0.023519659,4.1318258e-07,1.2929846e-05,15,1.5,0.02,0.04,-0.05,40,40,40,40,40,10,0
3.92,0.14411508,0.045071186,-0.00038057309,-0.0031469316,-0.14411508,-0.045071186,0.00038057309,0.0031469316,-0.0057438447,-0.0057438447,OK,0,0.068974816,0.023529816,4.1390676e-07,1.2979362e-05,15,1.5,0.02,0.04,-0.05,40,40,40,40,40,10,0
3.925,0.14435462,0.049889338,-0.00039658917,-0.0031918364,-0.14435462,-0.049889338,0.00039658917,0.0031918364,-0.0058539263,-0.0058539263,OK,0,0.069079007,0.023542261,4.1469318e-07,1.3030301e-05,15,1.5,0.02,0.04,-0.05,40,40,40,40,40,10,0
3.93,0.14461906,0.054816361,-0.00041235158,-0.0032437694,-0.14461906,-0.054816361,0.00041235158,0.0032437694,-0.0059658921,-0.0059658921,OK,0,0.069183581,0.023557285,4.1554335e-07,1.3082912e-05,15,1.5,0.02,0.04,-0.05,40,40,40,40,40,10,0
3.935,0.14490805,0.059875445,-0.00042887341,-0.0033081852,-0.14490805,-0.059875445,0.00042887341,0.0033081852,-0.0061022002,-0.0061022002,OK,0,0.069288573,0.02357521,4.1646301e-07,1.3137632e-05,15,1.5,0.02,0.04,-0.05,40,40,40,40,40,10,0
3.94,0.14522287,0.065058404,-0.00044556352,-0.0033777937,-0.14522287,-0.065058404,0.00044556352,0.0033777937,-0.0062433498,-0.0062433498,OK,0,0.069394021,0.023596373,4.1745564e-07,1.319468e-05,15,1.5,0.02,0.04,-0.05,40,40,40,40,40,10,0
3.945,0.14556389,0.07038557,-0.0004627597,-0.0034567084,-0.14556389,-0.07038557,0.0004627597,0.0034567084,-0.0063997574,-0.0063997574,OK,0,0.069499965,0.023621144,4.1852638e-07,1.3254424e-05,15,1.5,0.02,0.04,-0.05,40,40,40,40,40,10,0
3.95,0.14585946,0.051652888,-0.00046191646,0.0025065647,-0.14585946,-0.051652888,0.00046191646,-0.0025065647,0.0018144049,0.0018144049,OK,0,0.06960634,0.023634484,4.1959321e-07,1.3285838e-05,15,1.5,0.02,0.04,-0.05,40,40,40,40,40,10,0
3.955,0.14609783,0.045027199,-0.00044581625,0.0036607986,-0.14609783,-0.045027199,0.00044581625,-0.0036607986,0.0035269988,0.0035269988,OK,0,0.069713063,0.023644621,4.2058697e-07,1.3352845e-05,15,1.5,0.02,0.04,-0.05,40,40,40,40,40,10,0
3.96,0.14631082,0.041076854,-0.00042735613,0.0037750628,-0.14631082,-0.041076854,0.00042735613,-0.0037750628,0.0038215429,0.0038215429,OK,0,0.069820097,0.023653058,4.2150014e-07,1.3424101e-05,15,1.5,0.02,0.04,-0.05,40,40,40,40,40,10,0
3.965,0.14650621,0.037756248,-0.0004087271,0.003671741,-0.14650621,-0.037756248,0.0004087271,-0.003671741,0.0038170791,0.0038170791,OK,0,0.069927418,0.023660185,4.2233543e-07,1.3491509e-05,15,1.5,0.02,0.04,-0.05,40,40,40,40,40,10,0
3.97,0.14668544,0.034621246,-0.00039085688,0.0035272953,-0.14668544,-0.034621246,0.00039085688,-0.0035272953,0.0037466485,0.0037466485,OK,0,0.070035001,0.023666178,4.2309927e-07,1.3553718e-05,15,1.5,0.02,0.04,-0.05,40,40,40,40,40,10,0
3.975,0.14684919,0.031561485,-0.00037374514,0.0033836102,-0.14684919,-0.031561485,0.00037374514,-0.0033836102,0.0036686816,0.0036686816,OK,0,0.070142824,0.023671159,4.237977e-07,1.3610962e-05,15,1.5,0.02,0.04,-0.05,40,40,40,40,40,10,0
3.98,0.14699824,0.028550422,-0.00035688643,0.003248809,-0.14699824,-0.028550422,0.00035688643,-0.003248809,0.0036018987,0.0036018987,OK,0,0.070250867,0.023675235,4.2443454e-07,1.3663736e-05,15,1.5,0.02,0.04,-0.05,40,40,40,40,40,10,0
3.985,0.14713177,0.02558849,-0.00034129197,0.0031201805,-0.14713177,-0.02558849,0.00034129197,-0.0031201805,0.0035270663,0.0035270663,OK,0,0.070359105,0.023678509,4.2501694e-07,1.3712414e-05,15,1.5,0.02,0.04,-0.05,40,40,40,40,40,10,0
3.99,0.14725109,0.022648881,-0.00032578196,0.0030060402,-0.14725109,-0.022648881,0.00032578196,-0.0030060402,0.003473308,0.003473308,OK,0,0.07046752,0.023681073,4.2554761e-07,1.3757595e-05,15,1.5,0.02,0.04,-0.05,40,40,40,40,40,10,0
3.995,0.14735554,0.019746493,-0.00031111489,0.0028979196,-0.14735554,-0.019746493,0.00031111489,-0.0028979196,0.0034171266,0.0034171266,OK,0,0.070576088,0.023683023,4.2603157e-07,1.3799585e-05,15,1.5,0.02,0.04,-0.05,40,40,40,40,40,10,0
4,0.14744545,0.016862834,-0.00029703803,0.0028008479,-0.14744545,-0.016862834,0.00029703803,-0.0028008479,0.0033691238,0.0033691238,OK,0,0.070684789,0.023684445,4.2647273e-07,1.3838809e-05,15,1.5,0.02,0.04,-0.05,40,40,40,40,40,10,0
4.005,0.14752129,0.013994641,-0.00028312944,0.00271374,-0.14752129,-0.013994641,0.00028312944,-0.00271374,0.00333388,0.00333388,OK,0,0.070793601,0.023685424,4.2687354e-07,1.3875631e-05,15,1.5,0.02,0.04,-0.05,40,40,40,40,40,10,0
4.01,0.14758243,0.011145258,-0.00027006377,0.0026328677,-0.14758243,-0.011145258,0.00027006377,-0.0026328677,0.0032958038,0.0032958038,OK,0,0.070902504,0.023686045,4.2723821e-07,1.391029e-05,15,1.5,0.02,0.04,-0.05,40,40,40,40,40,10,0
4.015,0.14762986,0.0082958419,-0.00025682952,0.0025634704,-0.14762986,-0.0082958419,0.00025682952,-0.0025634704,0.0032771936,0.0032771936,OK,0,0.071011477,0.023686389,4.2756802e-07,1.3943147e-05,15,1.5,0.02,0.04,-0.05,40,40,40,40,40,10,0
4.02,0.14766284,0.0054593912,-0.00024418549,0.0024979595,-0.14766284,-0.0054593912,0.00024418549,-0.0024979595,0.0032557894,0.0032557894,OK,0,0.071120499,0.023686538,4.2786615e-07,1.3974346e-05,15,1.5,0.02,0.04,-0.05,40,40,40,40,40,10,0
4.025,0.1476815,0.0026171597,-0.00023196309,0.00244156,-0.1476815,-0.0026171597,0.00023196309,-0.00244156,0.0032412101,0.0032412101,OK,0,0.071229548,0.023686573,4.2813519e-07,1.4004152e-05,15,1.5,0.02,0.04,-0.05,40,40,40,40,40,10,0
4.03,0.14768593,-0.00023589723,-0.0002199934,0.0023939773,-0.14768593,0.00023589723,0.0002199934,-0.0023939773,0.0032353477,0.0032353477,OK,0,0.071338604,0.023686573,4.2837717e-07,1.4032808e-05,15,1.5,0.02,0.04,-0.05,40,40,40,40,40,10,0
4.035,0.14767611,-0.0031021937,-0.0002081923,0.0023538551,-0.14767611,0.0031021937,0.0002081923,-0.0023538551,0.0032373326,0.0032373326,OK,0,0.071447645,0.023686621,4.2859389e-07,1.4060511e-05,15,1.5,0.02,0.04,-0.05,40,40,40,40,40,10,0
4.04,0.14765219,-0.0059854672,-0.0001963064,0.0023203671,-0.14765219,0.0059854672,0.0001963064,-0.0023203671,0.0032495797,0.0032495797,OK,0,0.071556651,0.0236868,4.2878657e-07,1.4087432e-05,15,1.5,0.02,0.04,-0.05,40,40,40,40,40,10,0
4.045,0.14761353,-0.0088861048,-0.00018484247,0.002291329,-0.14761353,0.0088861048,0.00018484247,-0.002291329,0.0032611827,0.0032611827,OK,0,0.071665599,0.023687195,4.2895741e-07,1.4113683e-05,15,1.5,0.02,0.04,-0.05,40,40,40,40,40,10,0
4.05,0.14756022,-0.011820173,-0.00017354747,0.002270869,-0.14756022,0.011820173,0.00017354747,-0.002270869,0.003281489,0.003281489,OK,0,0.071774469,0.023687894,4.29108e-07,1.4139467e-05,15,1.5,0.02,0.04,-0.05,40,40,40,40,40,10,0
4.055,0.14749223,-0.01479057,-0.00016225212,0.002257788,-0.14749223,0.01479057,0.00016225212,-0.002257788,0.003311122,0.003311122,OK,0,0.071883239,0.023688987,4.2923963e-07,1.4164955e-05,15,1.5,0.02,0.04,-0.05,40,40,40,40,40,10,0
4.06,0.14740924,-0.017799508,-0.0001510409,0.0022505871,-0.14740924,0.017799508,0.0001510409,-0.0022505871,0.0033464716,0.0033464716,OK,0,0.071991887,0.023690571,4.293537e-07,1.4190281e-05,15,1.5,0.02,0.04,-0.05,40,40,40,40,40,10,0
4.065,0.14731118,-0.020854568,-0.00013974521,0.0022499067,-0.14731118,0.020854568,0.00013974521,-0.0022499067,0.0033907227,0.0033907227,OK,0,0.07210039,0.023692746,4.2945134e-07,1.4215591e-05,15,1.5,0.02,0.04,-0.05,40,40,40,40,40,10,0
4.07,0.14719768,-0.023959029,-0.00012845021,0.0022546235,-0.14719768,0.023959029,0.00012845021,-0.0022546235,0.0034407747,0.0034407747,OK,0,0.072208725,0.023695616,4.2953384e-07,1.4241008e-05,15,1.5,0.02,0.04,-0.05,40,40,40,40,40,10,0
4.075,0.14706829,-0.027120872,-0.00011732344,0.0022654737,-0.14706829,0.027120872,0.00011732344,-0.0022654737,0.0034948898,0.0034948898,OK,0,0.072316871,0.023699294,4.2960266e-07,1.426667e-05,15,1.5,0.02,0.04,-0.05,40,40,40,40,40,10,0
4.08,0.14692324,-0.030350867,-0.0001057747,0.0022842794,-0.14692324,0.030350867,0.0001057747,-0.0022842794,0.0035642287,0.0035642287,OK,0,0.072424803,0.0237039,4.296586e-07,1.4292759e-05,15,1.5,0.02,0.04,-0.05,40,40,40,40,40,10,0
4.085,0.14676158,-0.033644209,-9.4395224e-05,0.002306535,-0.14676158,0.033644209,9.4395224e-05,-0.002306535,0.0036333375,0.0036333375,OK,0,0.072532498,0.023709559,4.2970315e-07,1.431936e-05,15,1.5,0.02,0.04,-0.05,40,40,40,40,40,10,0
4.09,0.14658351,-0.037018509,-8.2594109e-05,0.0023367265,-0.14658351,0.037018509,8.2594109e-05,-0.0023367265,0.003717108,0.003717108,OK,0,0.072639931,0.023716411,4.2973726e-07,1.4346661e-05,15,1.5,0.02,0.04,-0.05,40,40,40,40,40,10,0
4.095,0.1463881,-0.040470539,-7.0877113e-05,0.0023708792,-0.1463881,0.040470539,7.0877113e-05,-0.0023708792,0.0038021026,0.0038021026,OK,0,0.072747079,0.023724601,4.2976238e-07,1.4374767e-05,15,1.5,0.02,0.04,-0.05,40,40,40,40,40,10,0
4.1,0.14617504,-0.044016681,-5.9075994e-05,0.002412868,-0.14617504,0.044016681,5.9075994e-05,-0.002412868,0.0038959957,0.0038959957,OK,0,0.072853915,0.023734288,4.2977983e-07,1.4403876e-05,15,1.5,0.02,0.04,-0.05,40,40,40,40,40,10,0
4.105,0.14594407,-0.047662859,-4.6937699e-05,0.0024622823,-0.14594407,0.047662859,4.6937699e-05,-0.0024622823,0.0040017249,0.0040017249,OK,0,0.072960413,0.023745647,4.2979085e-07,1.443419e-05,15,1.5,0.02,0.04,-0.05,40,40,40,40,40,10,0
4.11,0.14569473,-0.051411335,-3.4377761e-05,0.0025171617,-0.14569473,0.051411335,3.4377761e-05,-0.0025171617,0.0041175173,0.0041175173,OK,0,0.073066548,0.023758862,4.2979676e-07,1.4465871e-05,15,1.5,0.02,0.04,-0.05,40,40,40,40,40,10,0
4.115,0.1454407,-0.045535476,-2.5442641e-05,0.00015315555,-0.1454407,0.045535476,2.5442641e-05,-0.00015315555,0.00093548869,0.00093548869,OK,0,0.073172313,0.02376923,4.2979999e-07,1.4465988e-05,15,1.5,0.02,0.04,-0.05,40,40,40,40,40,10,0
4.12,0.14525963,-0.030089326,-3.6737998e-05,-0.0039256272,-0.14525963,0.030089326,3.6737998e-05,0.0039256272,-0.0047378912,-0.0047378912,OK,0,0.073277814,0.023773757,4.2980674e-07,1.4543041e-05,15,1.5,0.02,0.04,-0.05,40,40,40,40,40,10,0
4.125,0.14513095,-0.022898178,-5.8570214e-05,-0.0047029428,-0.14513095,0.022898178,5.8570214e-05,0.0047029428,-0.0059462755,-0.0059462755,OK,0,0.073383129,0.023776378,4.2982389e-07,1.4653629e-05,15,1.5,0.02,0.04,-0.05,40,40,40,40,40,10,0
4.13,0.1450324,-0.017544671,-8.2425469e-05,-0.0047615393,-0.1450324,0.017544671,8.2425469e-05,0.0047615393,-0.0061798298,-0.0061798298,OK,0,0.073488301,0.023777917,4.2985786e-07,1.4766991e-05,15,1.5,0.02,0.04,-0.05,40,40,40,40,40,10,0
4.135,0.14495945,-0.012608973,-0.00010602767,-0.0046701445,-0.14495945,0.012608973,0.00010602767,0.0046701445,-0.0062008017,-0.0062008017,OK,0,0.073593368,0.023778712,4.2991407e-07,1.4876042e-05,15,1.5,0.02,0.04,-0.05,40,40,40,40,40,10,0
4.14,0.14491114,-0.0077619211,-0.0001288714,-0.0045575484,-0.14491114,0.0077619211,0.0001288714,0.0045575484,-0.0061816477,-0.0061816477,OK,0,0.073698364,0.023779013,4.2999711e-07,1.4979898e-05,15,1.5,0.02,0.04,-0.05,40,40,40,40,40,10,0
4.145,0.14488666,-0.002921061,-0.00015154653,-0.0044530371,-0.14488666,0.002921061,0.00015154653,0.0044530371,-0.006171863,-0.006171863,OK,0,0.073803325,0.023779056,4.3011194e-07,1.5079046e-05,15,1.5,0.02,0.04,-0.05,40,40,40,40,40,10,0
4.15,0.14488656,0.001925379,-0.00017354732,-0.0043573889,-0.14488656,-0.001925379,0.00017354732,0.0043573889,-0.0061645466,-0.0061645466,OK,0,0.073908285,0.023779075,4.3026254e-07,1.517398e-05,15,1.5,0.02,0.04,-0.05,40,40,40,40,40,10,0
4.155,0.14491092,0.0067990876,-0.00019495788,-0.0042753797,-0.14491092,-0.0067990876,0.00019495788,0.0042753797,-0.0061672557,-0.0061672557,OK,0,0.074013281,0.023779306,4.3045258e-07,1.5265374e-05,15,1.5,0.02,0.04,-0.05,40,40,40,40,40,10,0
4.16,0.14495947,0.011711125,-0.00021628431,-0.004207491,-0.14495947,-0.011711125,0.00021628431,0.004207491,-0.0061878667,-0.0061878667,OK,0,0.074118347,0.023779992,4.3068647e-07,1.5353889e-05,15,1.5,0.02,0.04,-0.05,40,40,40,40,40,10,0
4.165,0.1450328,0.016661528,-0.0002371891,-0.0041497399,-0.1450328,-0.016661528,0.0002371891,0.0041497399,-0.0062153293,-0.0062153293,OK,0,0.07422352,0.02378138,4.3096777e-07,1.5439991e-05,15,1.5,0.02,0.04,-0.05,40,40,40,40,40,10,0
4.17,0.14513128,0.021666337,-0.00025758814,-0.0041045759,-0.14513128,-0.021666337,0.00025758814,0.0041045759,-0.0062514068,-0.0062514068,OK,0,0.074328835,0.023783727,4.3129953e-07,1.5524229e-05,15,1.5,0.02,0.04,-0.05,40,40,40,40,40,10,0
4.175,0.14525496,0.026739378,-0.00027781858,-0.0040735244,-0.14525496,-0.026739378,0.00027781858,0.0040735244,-0.006302891,-0.006302891,OK,0,0.07443433,0.023787302,4.3168544e-07,1.5607197e-05,15,1.5,0.02,0.04,-0.05,40,40,40,40,40,10,0
4.18,0.14540375,0.031885157,-0.0002983862,-0.0040543103,-0.14540375,-0.031885157,0.0002983862,0.0040543103,-0.0063737771,-0.0063737771,OK,0,0.074540042,0.023792385,4.3213061e-07,1.5689384e-05,15,1.5,0.02,0.04,-0.05,40,40,40,40,40,10,0
4.185,0.14557866,0.03710287,-0.0003187011,-0.0040424709,-0.14557866,-0.03710287,0.0003187011,0.0040424709,-0.0064485348,-0.0064485348,OK,0,0.074646007,0.023799268,4.3263846e-07,1.5771092e-05,15,1.5,0.02,0.04,-0.05,40,40,40,40,40,10,0
4.19,0.14570747,0.018231752,-0.00032064001,0.0020004294,-0.14570747,-0.018231752,0.00032064001,-0.0020004294,0.0018344633,0.0018344633,OK,0,0.074752161,0.02380093,4.3315252e-07,1.57911e-05,15,1.5,0.02,0.04,-0.05,40,40,40,40,40,10,0
4.195,0.14577816,0.011363921,-0.00030673142,0.0032445448,-0.14577816,-0.011363921,0.00030673142,-0.0032445448,0.0036359661,0.0036359661,OK,0,0.074858417,0.023801576,4.3362294e-07,1.5843736e-05,15,1.5,0.02,0.04,-0.05,40,40,40,40,40,10,0
4.2,0.1458222,0.0071228144,-0.00028995684,0.0034409475,-0.1458222,-0.0071228144,0.00028995684,-0.0034409475,0.0040134253,0.0040134253,OK,0,0.074964738,0.023801829,4.3404331e-07,1.5902936e-05,15,1.5,0.02,0.04,-0.05,40,40,40,40,40,10,0
4.205,0.14584669,0.0034526064,-0.00027292954,0.0034159863,-0.14584669,-0.0034526064,0.00027292954,-0.0034159863,0.0040850745,0.0040850745,OK,0,0.075071094,0.023801889,4.3441576e-07,1.5961281e-05,15,1.5,0.02,0.04,-0.05,40,40,40,40,40,10,0
4.21,0.14585343,-0.00010250852,-0.00025590224,0.0033506254,-0.14585343,0.00010250852,0.00025590224,-0.0033506254,0.0041003729,0.0041003729,OK,0,0.07517746,0.023801889,4.3474319e-07,1.6017414e-05,15,1.5,0.02,0.04,-0.05,40,40,40,40,40,10,0
4.215,0.1458422,-0.0036414806,-0.00023946483,0.0032818864,-0.1458422,0.0036414806,0.00023946483,-0.0032818864,0.0041020421,0.0041020421,OK,0,0.07528381,0.023801955,4.3502991e-07,1.6071268e-05,15,1.5,0.02,0.04,-0.05,40,40,40,40,40,10,0
4.22,0.14581346,-0.0072021848,-0.00022311187,0.0032221501,-0.14581346,0.0072021848,0.00022311187,-0.0032221501,0.0041147289,0.0041147289,OK,0,0.075390117,0.023802215,4.352788e-07,1.612318e-05,15,1.5,0.02,0.04,-0.05,40,40,40,40,40,10,0
4.225,0.14576661,-0.010787423,-0.00020726468,0.0031696416,-0.14576661,0.010787423,0.00020726468,-0.0031696416,0.0041293276,0.0041293276,OK,0,0.075496357,0.023802797,4.354936e-07,1.6173413e-05,15,1.5,0.02,0.04,-0.05,40,40,40,40,40,10,0
4.23,0.14570179,-0.014413154,-0.00019158573,0.0031278756,-0.14570179,0.014413154,0.00019158573,-0.0031278756,0.004155537,0.004155537,OK,0,0.075602502,0.023803835,4.3567712e-07,1.6222331e-05,15,1.5,0.02,0.04,-0.05,40,40,40,40,40,10,0
4.235,0.14561865,-0.018081708,-0.00017616017,0.0030948498,-0.14561865,0.018081708,0.00017616017,-0.0030948498,0.0041889769,0.0041889769,OK,0,0.075708526,0.02380547,4.3583229e-07,1.6270221e-05,15,1.5,0.02,0.04,-0.05,40,40,40,40,40,10,0
4.24,0.14553182,-0.012103045,-0.00016427461,0.00065580254,-0.14553182,0.012103045,0.00016427461,-0.00065580254,0.00094609935,0.00094609935,OK,0,0.075814424,0.023806202,4.3596722e-07,1.6272372e-05,15,1.5,0.02,0.04,-0.05,40,40,40,40,40,10,0
4.245,0.14551837,0.0035671607,-0.00017346278,-0.0035144241,-0.14551837,-0.0035671607,0.00017346278,0.0035144241,-0.004820524,-0.004820524,OK,0,0.075920302,0.023806266,4.3611766e-07,1.6334128e-05,15,1.5,0.02,0.04,-0.05,40,40,40,40,40,10,0
4.25,0.14555855,0.011024449,-0.00019360877,-0.0043728782,-0.14555855,-0.011024449,0.00019360877,0.0043728782,-0.0061112998,-0.0061112998,OK,0,0.076026238,0.023806874,4.3630508e-07,1.6429738e-05,15,1.5,0.02,0.04,-0.05,40,40,40,40,40,10,0
4.255,0.1455821,-0.0026297656,-0.00020397737,0.00031918711,-0.1455821,0.0026297656,0.00020397737,-0.00031918711,0.00022557148,0.00022557148,OK,0,0.076132209,0.023806908,4.3651312e-07,1.6430247e-05,15,1.5,0.02,0.04,-0.05,40,40,40,40,40,10,0
4.26,0.14555539,-0.0023183841,-0.00019925693,0.00015730529,-0.14555539,0.0023183841,0.00019925693,-0.00015730529,6.5476479e-05,6.5476479e-05,OK,0,0.076238141,0.023806935,4.3671164e-07,1.6430371e-05,15,1.5,0.02,0.04,-0.05,40,40,40,40,40,10,0
4.265,0.14558245,0.0072814353,-0.00020819205,-0.0023220658,-0.14558245,-0.0072814353,0.00020819205,0.0023220658,-0.0034030729,-0.0034030729,OK,0,0.076344112,0.0238072,4.3692835e-07,1.6457331e-05,15,1.5,0.02,0.04,-0.05,40,40,40,40,40,10,0
4.27,0.14557521,-0.007256301,-0.00020684335,0.002010686,-0.14557521,0.007256301,0.00020684335,-0.002010686,0.0025346309,0.0025346309,OK,0,0.076450073,0.023807464,4.3714228e-07,1.6477545e-05,15,1.5,0.02,0.04,-0.05,40,40,40,40,40,10,0
4.275,0.14556898,0.0059786358,-0.000206169,-0.0018919802,-0.14556898,-0.0059786358,0.000206169,0.0018919802,-0.0027799804,-0.0027799804,OK,0,0.076556024,0.023807642,4.373548e-07,1.6495443e-05,15,1.5,0.02,0.04,-0.05,40,40,40,40,40,10,0
4.28,0.14558162,-0.0029116936,-0.00020987791,0.00087753932,-0.14558162,0.0029116936,0.00020987791,-0.00087753932,0.00096330499,0.00096330499,OK,0,0.076661994,0.023807685,4.3757505e-07,1.6499294e-05,15,1.5,0.02,0.04,-0.05,40,40,40,40,40,10,0
4.285,0.14555684,-0.0015466562,-0.0002034716,0.00028942562,-0.14555684,0.0015466562,0.0002034716,-0.00028942562,0.00023133493,0.00023133493,OK,0,0.076767928,0.023807697,4.3778205e-07,1.6499712e-05,15,1.5,0.02,0.04,-0.05,40,40,40,40,40,10,0
4.29,0.14558358,0.0058859421,-0.00021088944,-0.0016845306,-0.14558358,-0.0058859421,0.00021088944,0.0016845306,-0.0025430281,-0.0025430281,OK,0,0.076873901,0.02380787,4.3800442e-07,1.6513901e-05,15,1.5,0.02,0.04,-0.05,40,40,40,40,40,10,0
4.295,0.14557303,-0.0074238167,-0.00020785486,0.002152638,-0.14557303,0.0074238167,0.00020785486,-0.002152638,0.002725642,0.002725642,OK,0,0.076979859,0.023808145,4.3822044e-07,1.653707e-05,15,1.5,0.02,0.04,-0.05,40,40,40,40,40,10,0
4.3,0.1455669,0.006081829,-0.00020667476,-0.0018597366,-0.1455669,-0.006081829,0.00020667476,0.0018597366,-0.002735115,-0.002735115,OK,0,0.077085807,0.02380833,4.3843401e-07,1.6554363e-05,15,1.5,0.02,0.04,-0.05,40,40,40,40,40,10,0
4.305,0.14558033,-0.0027461376,-0.00021021508,0.00088423465,-0.14558033,0.0027461376,0.00021021508,-0.00088423465,0.00097488685,0.00097488685,OK,0,0.077191775,0.023808368,4.3865497e-07,1.6558272e-05,15,1.5,0.02,0.04,-0.05,40,40,40,40,40,10,0
4.31,0.1455708,0.0034480504,-0.00020751769,-0.00091588478,-0.1455708,-0.0034480504,0.00020751769,0.00091588478,-0.0014372544,-0.0014372544,OK,0,0.07729773,0.023808428,4.3887028e-07,1.6562467e-05,15,1.5,0.02,0.04,-0.05,40,40,40,40,40,10,0
4.315,0.14557187,0.0013083524,-0.0002073491,-0.00012292328,-0.14557187,-0.0013083524,0.0002073491,0.00012292328,-0.0003308499,-0.0003308499,OK,0,0.077403686,0.023808436,4.3908525e-07,1.6562542e-05,15,1.5,0.02,0.04,-0.05,40,40,40,40,40,10,0
4.32,0.14557193,0.00075105808,-0.00020633758,3.3367121e-05,-0.14557193,-0.00075105808,0.00020633758,-3.3367121e-05,-0.00010353211,-0.00010353211,OK,0,0.077509641,0.023808439,4.3929813e-07,1.6562548e-05,15,1.5,0.02,0.04,-0.05,40,40,40,40,40,10,0
4.325,0.14557037,0.00058256225,-0.00020482029,6.190861e-05,-0.14557037,-0.00058256225,0.00020482029,-6.190861e-05,-4.4731625e-05,-4.4731625e-05,OK,0,0.077615595,0.023808441,4.3950788e-07,1.6562567e-05,15,1.5,0.02,0.04,-0.05,40,40,40,40,40,10,0
4.33,0.14556818,-0.004406437,-0.00020304962,0.001258777,-0.14556818,0.004406437,0.00020304962,-0.001258777,0.0015775273,0.0015775273,OK,0,0.077721546,0.023808538,4.3971403e-07,1.6570489e-05,15,1.5,0.02,0.04,-0.05,40,40,40,40,40,10,0
4.335,0.14558155,0.0025977435,-0.00020701192,-0.00088816438,-0.14558155,-0.0025977435,0.00020701192,0.00088816438,-0.0014218846,-0.0014218846,OK,0,0.077827516,0.023808571,4.399283e-07,1.6574434e-05,15,1.5,0.02,0.04,-0.05,40,40,40,40,40,10,0
4.34,0.14556429,-0.0042530796,-0.00020304962,0.0011012647,-0.14556429,0.0042530796,0.00020304962,-0.0011012647,0.0013473154,0.0013473154,OK,0,0.07793346,0.023808662,4.4013445e-07,1.6580497e-05,15,1.5,0.02,0.04,-0.05,40,40,40,40,40,10,0
4.345,0.1455868,0.0071849963,-0.0002098779,-0.002118606,-0.1455868,-0.0071849963,0.0002098779,0.002118606,-0.0031269416,-0.0031269416,OK,0,0.078039438,0.02380892,4.4035469e-07,1.660294e-05,15,1.5,0.02,0.04,-0.05,40,40,40,40,40,10,0
4.35,0.14558041,-0.0069531051,-0.00020785485,0.0020534544,-0.14558041,0.0069531051,0.00020785485,-0.0020534544,0.0025958428,0.0025958428,OK,0,0.078145406,0.023809162,4.4057071e-07,1.6624023e-05,15,1.5,0.02,0.04,-0.05,40,40,40,40,40,10,0
4.355,0.14556654,0.003957083,-0.00020439831,-0.0012805223,-0.14556654,-0.003957083,0.00020439831,0.0012805223,-0.0019171441,-0.0019171441,OK,0,0.078251354,0.02380924,4.407796e-07,1.6632222e-05,15,1.5,0.02,0.04,-0.05,40,40,40,40,40,10,0
4.36,0.14557271,-0.003706249,-0.00020659028,0.00099401154,-0.14557271,0.003706249,0.00020659028,-0.00099401154,0.0011553674,0.0011553674,OK,0,0.078357311,0.023809309,4.40993e-07,1.6637162e-05,15,1.5,0.02,0.04,-0.05,40,40,40,40,40,10,0
4.365,0.14557849,0.0075611656,-0.00020844474,-0.0021152759,-0.14557849,-0.0075611656,0.00020844474,0.0021152759,-0.0030855685,-0.0030855685,OK,0,0.078463277,0.023809595,4.4121024e-07,1.6659534e-05,15,1.5,0.02,0.04,-0.05,40,40,40,40,40,10,0
4.37,0.14557375,-0.0065780834,-0.00020659027,0.002035259,-0.14557375,0.0065780834,0.00020659027,-0.002035259,0.0026023862,0.0026023862,OK,0,0.078569235,0.023809811,4.4142364e-07,1.6680246e-05,15,1.5,0.02,0.04,-0.05,40,40,40,40,40,10,0
4.375,0.14557136,0.0067533581,-0.00020574734,-0.0019063017,-0.14557136,-0.0067533581,0.00020574734,0.0019063017,-0.002764101,-0.002764101,OK,0,0.078675191,0.023810039,4.416353e-07,1.6698416e-05,15,1.5,0.02,0.04,-0.05,40,40,40,40,40,10,0
4.38,0.14558806,-0.0021105761,-0.00020945625,0.00085320428,-0.14558806,0.0021105761,0.00020945625,-0.00085320428,0.00096530074,0.00096530074,OK,0,0.07878117,0.023810061,4.4185466e-07,1.6702055e-05,15,1.5,0.02,0.04,-0.05,40,40,40,40,40,10,0
4.385,0.14556727,-0.00073526623,-0.00020321853,0.00026211879,-0.14556727,0.00073526623,0.00020321853,-0.00026211879,0.00022683506,0.00022683506,OK,0,0.078887119,0.023810064,4.4206115e-07,1.6702399e-05,15,1.5,0.02,0.04,-0.05,40,40,40,40,40,10,0
4.39,0.14557861,-0.0005219343,-0.00020608451,9.6945382e-05,-0.14557861,0.0005219343,0.00020608451,-9.6945382e-05,-5.515465e-05,-5.515465e-05,OK,0,0.078993085,0.023810065,4.422735e-07,1.6702446e-05,15,1.5,0.02,0.04,-0.05,40,40,40,40,40,10,0
4.395,0.1455756,0.0042051548,-0.00020574734,-0.001110463,-0.1455756,-0.0042051548,0.00020574734,0.001110463,-0.0016721864,-0.0016721864,OK,0,0.079099046,0.023810154,4.4248516e-07,1.6708612e-05,15,1.5,0.02,0.04,-0.05,40,40,40,40,40,10,0
4.4,0.14556513,-0.00305618,-0.00020237559,0.0010235272,-0.14556513,0.00305618,0.00020237559,-0.0010235272,0.0012887123,0.0012887123,OK,0,0.079204992,0.0238102,4.4268994e-07,1.671385e-05,15,1.5,0.02,0.04,-0.05,40,40,40,40,40,10,0
4.405,0.14558385,0.0034857327,-0.00020692744,-0.0009574799,-0.14558385,-0.0034857327,0.00020692744,0.0009574799,-0.0014890251,-0.0014890251,OK,0,0.079310965,0.023810261,4.4290404e-07,1.6718433e-05,15,1.5,0.02,0.04,-0.05,40,40,40,40,40,10,0
4.41,0.14556601,-0.008324111,-0.00020186982,0.0022752592,-0.14556601,0.008324111,0.00020186982,-0.0022752592,0.0029631971,0.0029631971,OK,0,0.079416913,0.023810608,4.431078e-07,1.6744317e-05,15,1.5,0.02,0.04,-0.05,40,40,40,40,40,10,0
4.415,0.14558044,0.010337277,-0.00020659027,-0.00307912,-0.14558044,-0.010337277,0.00020659027,0.00307912,-0.0043924341,-0.0043924341,OK,0,0.079522881,0.023811142,4.4332119e-07,1.6791722e-05,15,1.5,0.02,0.04,-0.05,40,40,40,40,40,10,0
4.42,0.14558402,-0.0056636785,-0.00020726461,0.0018228357,-0.14558402,0.0056636785,0.00020726461,-0.0018228357,0.0023104177,0.0023104177,OK,0,0.079628855,0.023811302,4.4353599e-07,1.6808336e-05,15,1.5,0.02,0.04,-0.05,40,40,40,40,40,10,0
4.425,0.14556545,0.0024415786,-0.00020237559,-0.00074623443,-0.14556545,-0.0024415786,0.00020237559,0.00074623443,-0.0011460132,-0.0011460132,OK,0,0.079734801,0.023811332,4.4374077e-07,1.681112e-05,15,1.5,0.02,0.04,-0.05,40,40,40,40,40,10,0
4.43,0.14558685,0.00069678198,-0.00020785483,-0.00012160489,-0.14558685,-0.00069678198,0.00020785483,0.00012160489,-0.00036062145,-0.00036062145,OK,0,0.079840779,0.023811335,4.4395678e-07,1.6811194e-05,15,1.5,0.02,0.04,-0.05,40,40,40,40,40,10,0
4.435,0.14556467,-0.0046348307,-0.00020186982,0.0012560234,-0.14556467,0.0046348307,0.00020186982,-0.0012560234,0.001581888,0.001581888,OK,0,0.079946724,0.023811442,4.4416054e-07,1.6819082e-05,15,1.5,0.02,0.04,-0.05,40,40,40,40,40,10,0
4.44,0.14558667,0.0071380393,-0.00020793896,-0.0020985833,-0.14558667,-0.0071380393,0.00020793896,0.0020985833,-0.0030697044,-0.0030697044,OK,0,0.080052701,0.023811697,4.4437673e-07,1.6841102e-05,15,1.5,0.02,0.04,-0.05,40,40,40,40,40,10,0
4.445,0.14558011,-0.0069189897,-0.00020608449,0.0020410716,-0.14558011,0.0069189897,0.00020608449,-0.0020410716,0.0026051826,0.0026051826,OK,0,0.080158669,0.023811936,4.4458909e-07,1.6861932e-05,15,1.5,0.02,0.04,-0.05,40,40,40,40,40,10,0
4.45,0.14557603,0.0064226467,-0.00020524156,-0.001903542,-0.14557603,-0.0064226467,0.00020524156,0.001903542,-0.0027655099,-0.0027655099,OK,0,0.080264631,0.023812142,4.4479971e-07,1.688005e-05,15,1.5,0.02,0.04,-0.05,40,40,40,40,40,10,0
4.455,0.14557184,-0.0024026071,-0.00020406145,0.00086033459,-0.14557184,0.0024026071,0.00020406145,-0.00086033459,0.0010449127,0.0010449127,OK,0,0.080370587,0.023812171,4.4500791e-07,1.6883751e-05,15,1.5,0.02,0.04,-0.05,40,40,40,40,40,10,0
4.46,0.14557831,-0.0010168083,-0.00020541014,0.00022338464,-0.14557831,0.0010168083,0.00020541014,-0.00022338464,0.00012481869,0.00012481869,OK,0,0.080476552,0.023812176,4.4521888e-07,1.6884e-05,15,1.5,0.02,0.04,-0.05,40,40,40,40,40,10,0
4.465,0.14557377,0.0039665536,-0.00020456721,-0.0010872929,-0.14557377,-0.0039665536,0.00020456721,0.0010872929,-0.0016293099,-0.0016293099,OK,0,0.080582511,0.023812255,4.4542812e-07,1.6889911e-05,15,1.5,0.02,0.04,-0.05,40,40,40,40,40,10,0
4.47,0.14558146,-0.0032774209,-0.00020608449,0.0010195965,-0.14558146,0.0032774209,0.00020608449,-0.0010195965,0.0012186598,0.0012186598,OK,0,0.080688481,0.023812309,4.4564047e-07,1.6895109e-05,15,1.5,0.02,0.04,-0.05,40,40,40,40,40,10,0
4.475,0.14557024,0.0032688254,-0.00020321851,-0.00092093362,-0.14557024,-0.0032688254,0.00020321851,0.00092093362,-0.0013875202,-0.0013875202,OK,0,0.080794434,0.023812362,4.4584696e-07,1.689935e-05,15,1.5,0.02,0.04,-0.05,40,40,40,40,40,10,0
4.48,0.14557555,-0.0036347497,-0.00020423003,0.0010482635,-0.14557555,0.0036347497,0.00020423003,-0.0010482635,0.0012750659,0.0012750659,OK,0,0.080900395,0.023812428,4.4605551e-07,1.6904844e-05,15,1.5,0.02,0.04,-0.05,40,40,40,40,40,10,0
4.485,0.14557454,-0.0018725872,-0.0002045672,0.00027993146,-0.14557454,0.0018725872,0.0002045672,-0.00027993146,0.00018797657,0.00018797657,OK,0,0.081006355,0.023812446,4.4626475e-07,1.6905236e-05,15,1.5,0.02,0.04,-0.05,40,40,40,40,40,10,0
4.49,0.14557579,-0.0016626361,-0.00020574731,0.00013721363,-0.14557579,0.0016626361,0.00020574731,-0.00013721363,-3.5378756e-05,-3.5378756e-05,OK,0,0.081112317,0.02381246,4.4647641e-07,1.690533e-05,15,1.5,0.02,0.04,-0.05,40,40,40,40,40,10,0
4.495,0.14557928,0.0006296536,-0.00020810753,-0.00047830743,-0.14557928,-0.0006296536,0.00020810753,0.00047830743,-0.00090230228,-0.00090230228,OK,0,0.081218283,0.023812462,4.4669295e-07,1.6906474e-05,15,1.5,0.02,0.04,-0.05,40,40,40,40,40,10,0
4.5,0.14557847,0.0041500821,-0.00020911905,-0.0011994663,-0.14557847,-0.0041500821,0.00020911905,0.0011994663,-0.0018584125,-0.0018584125,OK,0,0.081324249,0.023812548,4.4691161e-07,1.6913667e-05,15,1.5,0.02,0.04,-0.05,40,40,40,40,40,10,0
4.505,0.14557654,0.0014431199,-0.00020836057,-0.00016594315,-0.14557654,-0.0014431199,0.00020836057,0.00016594315,-0.00040506765,-0.00040506765,OK,0,0.081430211,0.023812558,4.4712868e-07,1.6913805e-05,15,1.5,0.02,0.04,-0.05,40,40,40,40,40,10,0
4.51,0.14557684,-0.0016465155,-0.00020743317,0.00063324616,-0.14557684,0.0016465155,0.00020743317,-0.00063324616,0.00068404775,0.00068404775,OK,0,0.081536174,0.023812572,4.4734382e-07,1.691581e-05,15,1.5,0.02,0.04,-0.05,40,40,40,40,40,10,0
4.515,0.14558115,0.0016836635,-0.00020793894,-0.00039928378,-0.14558115,-0.0016836635,0.00020793894,0.00039928378,-0.00073904024,-0.00073904024,OK,0,0.081642144,0.023812586,4.4756001e-07,1.6916607e-05,15,1.5,0.02,0.04,-0.05,40,40,40,40,40,10,0
4.52,0.14557188,0.00062296598,-0.00020515742,-8.7213721e-06,-0.14557188,-0.00062296598,0.00020515742,8.7213721e-06,-0.00015408707,-0.00015408707,OK,0,0.0817481,0.023812588,4.4777046e-07,1.6916608e-05,15,1.5,0.02,0.04,-0.05,40,40,40,40,40,10,0
4.525,0.14558851,0.00030038968,-0.00020861328,4.3011441e-05,-0.14558851,-0.00030038968,0.00020861328,-4.3011441e-05,-0.00014089619,-0.00014089619,OK,0,0.08185408,0.023812588,4.4798806e-07,1.6916617e-05,15,1.5,0.02,0.04,-0.05,40,40,40,40,40,10,0
4.53,0.14556995,-0.0023152134,-0.00020355567,0.00069240673,-0.14556995,0.0023152134,0.00020355567,-0.00069240673,0.00080406556,0.00080406556,OK,0,0.081960033,0.023812615,4.4819523e-07,1.6919014e-05,15,1.5,0.02,0.04,-0.05,40,40,40,40,40,10,0
4.535,0.14559047,0.0035412202,-0.00020878187,-0.001011688,-0.14559047,-0.0035412202,0.00020878187,0.001011688,-0.0015958017,-0.0015958017,OK,0,0.082066016,0.023812678,4.4841318e-07,1.6924131e-05,15,1.5,0.02,0.04,-0.05,40,40,40,40,40,10,0
4.54,0.1455724,-0.0084128725,-0.00020389283,0.0022800299,-0.1455724,0.0084128725,0.00020389283,-0.0022800299,0.0029365854,0.0029365854,OK,0,0.082171972,0.023813032,4.4862104e-07,1.6950124e-05,15,1.5,0.02,0.04,-0.05,40,40,40,40,40,10,0
4.545,0.14558624,0.010218189,-0.00020861328,-0.0030614179,-0.14558624,-0.010218189,0.00020861328,0.0030614179,-0.0044008737,-0.0044008737,OK,0,0.082277949,0.023813554,4.4883864e-07,1.6996986e-05,15,1.5,0.02,0.04,-0.05,40,40,40,40,40,10,0
4.55,0.14558928,-0.0057877794,-0.00020911903,0.0018431785,-0.14558928,0.0057877794,0.00020911903,-0.0018431785,0.0023082567,0.0023082567,OK,0,0.08238393,0.023813721,4.490573e-07,1.7013972e-05,15,1.5,0.02,0.04,-0.05,40,40,40,40,40,10,0
4.555,0.14557017,0.0023208244,-0.00020406142,-0.0007266915,-0.14557017,-0.0023208244,0.00020406142,0.0007266915,-0.0011467223,-0.0011467223,OK,0,0.082489884,0.023813748,4.492655e-07,1.7016613e-05,15,1.5,0.02,0.04,-0.05,40,40,40,40,40,10,0
4.56,0.14559097,0.00058081217,-0.00020945621,-0.00010351607,-0.14559097,-0.00058081217,0.00020945621,0.00010351607,-0.00036206531,-0.00036206531,OK,0,0.082595867,0.02381375,4.4948486e-07,1.7016666e-05,15,1.5,0.02,0.04,-0.05,40,40,40,40,40,10,0
4.565,0.14556821,-0.004747645,-0.00020338707,0.0012732491,-0.14556821,0.004747645,0.00020338707,-0.0012732491,0.001580526,0.001580526,OK,0,0.082701818,0.023813862,4.4969169e-07,1.7024772e-05,15,1.5,0.02,0.04,-0.05,40,40,40,40,40,10,0
4.57,0.14558957,0.0070278975,-0.00020945621,-0.002082098,-0.14558957,-0.0070278975,0.00020945621,0.002082098,-0.0030720828,-0.0030720828,OK,0,0.082807799,0.023814109,4.4991105e-07,1.7046448e-05,15,1.5,0.02,0.04,-0.05,40,40,40,40,40,10,0
4.575,0.14558247,-0.0070286639,-0.00020751762,0.0020576094,-0.14558247,0.0070286639,0.00020751762,-0.0020576094,0.0026041526,0.0026041526,OK,0,0.082913771,0.023814356,4.5012637e-07,1.7067616e-05,15,1.5,0.02,0.04,-0.05,40,40,40,40,40,10,0
4.58,0.14557785,0.0063149756,-0.00020659022,-0.0018876098,-0.14557785,-0.0063149756,0.00020659022,0.0018876098,-0.0027661121,-0.0027661121,OK,0,0.083019735,0.023814556,4.5033977e-07,1.7085432e-05,15,1.5,0.02,0.04,-0.05,40,40,40,40,40,10,0
4.585,0.14558024,-0.0049534012,-0.00020726457,0.001474481,-0.14558024,0.0049534012,0.00020726457,-0.001474481,0.0018162217,0.0018162217,OK,0,0.083125703,0.023814678,4.5055456e-07,1.7096302e-05,15,1.5,0.02,0.04,-0.05,40,40,40,40,40,10,0
4.59,0.14558257,0.0072653079,-0.00020793892,-0.0020172174,-0.14558257,-0.0072653079,0.00020793892,0.0020172174,-0.0029426462,-0.0029426462,OK,0,0.083231675,0.023814942,4.5077075e-07,1.7116648e-05,15,1.5,0.02,0.04,-0.05,40,40,40,40,40,10,0
4.595,0.14557708,-0.0066650583,-0.00020574728,0.0020499396,-0.14557708,0.0066650583,0.00020574728,-0.0020499396,0.0026336394,0.0026336394,OK,0,0.083337638,0.023815165,4.5098241e-07,1.7137659e-05,15,1.5,0.02,0.04,-0.05,40,40,40,40,40,10,0
4.6,0.14558387,0.0018580676,-0.00020743315,-0.00070802205,-0.14558387,-0.0018580676,0.00020743315,0.00070802205,-0.0011875302,-0.0011875302,OK,0,0.083443611,0.023815182,4.5119756e-07,1.7140166e-05,15,1.5,0.02,0.04,-0.05,40,40,40,40,40,10,0
4.605,0.14557366,0.00016044318,-0.00020532598,-6.009356e-05,-0.14557366,-0.00016044318,0.00020532598,6.009356e-05,-0.00025213903,-0.00025213903,OK,0,0.08354957,0.023815182,4.5140835e-07,1.7140184e-05,15,1.5,0.02,0.04,-0.05,40,40,40,40,40,10,0
4.61,0.14558741,-0.00030024845,-0.00020903489,4.7582315e-05,-0.14558741,0.00030024845,0.00020903489,-4.7582315e-05,-0.00016441168,-0.00016441168,OK,0,0.083655548,0.023815182,4.5162683e-07,1.7140195e-05,15,1.5,0.02,0.04,-0.05,40,40,40,40,40,10,0
4.615,0.14557081,-0.00053523321,-0.00020490434,0.0001059947,-0.14557081,0.00053523321,0.00020490434,-0.0001059947,-2.4566129e-05,-2.4566129e-05,OK,0,0.083761503,0.023815184,4.5183676e-07,1.7140251e-05,15,1.5,0.02,0.04,-0.05,40,40,40,40,40,10,0
4.62,0.14559659,0.0041379218,-0.00021173229,-0.0011215519,-0.14559659,-0.0041379218,0.00021173229,0.0011215519,-0.0017808636,-0.0017808636,OK,0,0.083867495,0.023815269,4.5206091e-07,1.7146541e-05,15,1.5,0.02,0.04,-0.05,40,40,40,40,40,10,0
4.625,0.1455808,-0.0080713358,-0.00020701184,0.0022737572,-0.1455808,0.0080713358,0.00020701184,-0.0022737572,0.0028942207,0.0028942207,OK,0,0.083973463,0.023815595,4.5227518e-07,1.7172391e-05,15,1.5,0.02,0.04,-0.05,40,40,40,40,40,10,0
4.63,0.14557187,0.0056834983,-0.00020583174,-0.0018376525,-0.14557187,-0.0056834983,0.00020583174,0.0018376525,-0.0027051774,-0.0027051774,OK,0,0.084079419,0.023815757,4.5248701e-07,1.7189275e-05,15,1.5,0.02,0.04,-0.05,40,40,40,40,40,10,0
4.635,0.14559328,-0.00068501486,-0.00021156369,0.00028401408,-0.14559328,0.00068501486,0.00021156369,-0.00028401408,0.00013703079,0.00013703079,OK,0,0.084185406,0.023815759,4.5271081e-07,1.7189679e-05,15,1.5,0.02,0.04,-0.05,40,40,40,40,40,10,0
4.64,0.14557583,-0.00048701801,-0.00020701184,0.00016782062,-0.14557583,0.00048701801,0.00020701184,-0.00016782062,3.8589251e-05,3.8589251e-05,OK,0,0.084291368,0.02381576,4.5292508e-07,1.718982e-05,15,1.5,0.02,0.04,-0.05,40,40,40,40,40,10,0
4.645,0.1455878,-0.00053061103,-0.00020987782,0.00010725062,-0.1455878,0.00053061103,0.00020987782,-0.00010725062,-9.6759783e-05,-9.6759783e-05,OK,0,0.084397347,0.023815762,4.5314532e-07,1.7189877e-05,15,1.5,0.02,0.04,-0.05,40,40,40,40,40,10,0
4.65,0.1455776,0.0017335508,-0.00020734901,-0.00047515231,-0.1455776,-0.0017335508,0.00020734901,0.00047515231,-0.00084206973,-0.00084206973,OK,0,0.084503311,0.023815777,4.5336029e-07,1.7191006e-05,15,1.5,0.02,0.04,-0.05,40,40,40,40,40,10,0
4.655,0.14557741,-0.0043832792,-0.00020726455,0.0011772117,-0.14557741,0.0043832792,0.00020726455,-0.0011772117,0.0013930664,0.0013930664,OK,0,0.084609275,0.023815873,4.5357508e-07,1.7197935e-05,15,1.5,0.02,0.04,-0.05,40,40,40,40,40,10,0
4.66,0.14559042,0.0023704147,-0.00021105793,-0.00086766341,-0.14559042,-0.0023704147,0.00021105793,0.00086766341,-0.0014607391,-0.0014607391,OK,0,0.084715258,0.023815901,4.5379781e-07,1.7201699e-05,15,1.5,0.02,0.04,-0.05,40,40,40,40,40,10,0
4.665,0.14557181,-0.0045240147,-0.00020701183,0.0011402257,-0.14557181,0.0045240147,0.00020701183,-0.0011402257,0.0013356366,0.0013356366,OK,0,0.084821214,0.023816003,4.5401208e-07,1.72082e-05,15,1.5,0.02,0.04,-0.05,40,40,40,40,40,10,0
4.67,0.14559317,0.0069078323,-0.00021341814,-0.0020764431,-0.14559317,-0.0069078323,0.00021341814,0.0020764431,-0.0031277602,-0.0031277602,OK,0,0.0849272,0.023816242,4.5423982e-07,1.7229758e-05,15,1.5,0.02,0.04,-0.05,40,40,40,40,40,10,0
4.675,0.14558529,-0.0072229599,-0.00021131063,0.0020931039,-0.14558529,0.0072229599,0.00021131063,-0.0020931039,0.0025927839,0.0025927839,OK,0,0.085033176,0.023816503,4.5446308e-07,1.7251663e-05,15,1.5,0.02,0.04,-0.05,40,40,40,40,40,10,0
4.68,0.14557973,0.0061088624,-0.00021013053,-0.0018475481,-0.14557973,-0.0061088624,0.00021013053,0.0018475481,-0.002767331,-0.002767331,OK,0,0.085139143,0.023816689,4.5468385e-07,1.726873e-05,15,1.5,0.02,0.04,-0.05,40,40,40,40,40,10,0
4.685,0.14558098,-0.0051580705,-0.00021072074,0.0015136181,-0.14558098,0.0051580705,0.00021072074,-0.0015136181,0.0018149129,0.0018149129,OK,0,0.085245112,0.023816822,4.5490587e-07,1.7280186e-05,15,1.5,0.02,0.04,-0.05,40,40,40,40,40,10,0
4.69,0.14558473,-0.00020296304,-0.00021173227,-0.00017346533,-0.14558473,0.00020296304,0.00021173227,0.00017346533,-0.00053260595,-0.00053260595,OK,0,0.085351087,0.023816822,4.5513002e-07,1.7280336e-05,15,1.5,0.02,0.04,-0.05,40,40,40,40,40,10,0
4.695,0.14558149,0.0038523835,-0.00021173227,-0.0011099473,-0.14558149,-0.0038523835,0.00021173227,0.0011099473,-0.0017751797,-0.0017751797,OK,0,0.085457057,0.023816897,4.5535417e-07,1.7286496e-05,15,1.5,0.02,0.04,-0.05,40,40,40,40,40,10,0
4.7,0.14558806,-0.0035886426,-0.00021308096,0.0010764507,-0.14558806,0.0035886426,0.00021308096,-0.0010764507,0.0011866772,0.0011866772,OK,0,0.085563036,0.023816961,4.5558119e-07,1.729229e-05,15,1.5,0.02,0.04,-0.05,40,40,40,40,40,10,0
4.705,0.14557519,0.0029217237,-0.00020987781,-0.00084975968,-0.14557519,-0.0029217237,0.00020987781,0.00084975968,-0.0013944338,-0.0013944338,OK,0,0.085668997,0.023817004,4.5580143e-07,1.72959e-05,15,1.5,0.02,0.04,-0.05,40,40,40,40,40,10,0
4.71,0.14559799,0.00083661413,-0.00021544118,-8.7474301e-05,-0.14559799,-0.00083661413,0.00021544118,8.7474301e-05,-0.00041740465,-0.00041740465,OK,0,0.085774991,0.023817007,4.5603351e-07,1.7295938e-05,15,1.5,0.02,0.04,-0.05,40,40,40,40,40,10,0
4.715,0.14557623,-0.0045609136,-0.00020928758,0.0013172399,-0.14557623,0.0045609136,0.00020928758,-0.0013172399,0.0015656341,0.0015656341,OK,0,0.085880953,0.023817111,4.5625251e-07,1.7304614e-05,15,1.5,0.02,0.04,-0.05,40,40,40,40,40,10,0
4.72,0.14558878,0.0023894943,-0.00021274378,-0.00082811649,-0.14558878,-0.0023894943,0.00021274378,0.00082811649,-0.0014259761,-0.0014259761,OK,0,0.085986933,0.02381714,4.5647881e-07,1.7308043e-05,15,1.5,0.02,0.04,-0.05,40,40,40,40,40,10,0
4.725,0.14558001,0.00035942897,-0.00021105791,-4.6150723e-05,-0.14558001,-0.00035942897,0.00021105791,4.6150723e-05,-0.00030911746,-0.00030911746,OK,0,0.086092901,0.02381714,4.5670154e-07,1.7308054e-05,15,1.5,0.02,0.04,-0.05,40,40,40,40,40,10,0
4.73,0.14558266,-0.00016343794,-0.00021139508,9.4623501e-05,-0.14558266,0.00016343794,0.00021139508,-9.4623501e-05,-0.00012387526,-0.00012387526,OK,0,0.086198873,0.02381714,4.5692498e-07,1.7308098e-05,15,1.5,0.02,0.04,-0.05,40,40,40,40,40,10,0
4.735,0.14558126,-0.00036126243,-0.00021072073,0.00012760369,-0.14558126,0.00036126243,0.00021072073,-0.00012760369,-7.2230717e-05,-7.2230717e-05,OK,0,0.086304842,0.023817141,4.57147e-07,1.730818e-05,15,1.5,0.02,0.04,-0.05,40,40,40,40,40,10,0
4.74,0.14558359,0.0018958036,-0.00021139508,-0.00047219769,-0.14558359,-0.0018958036,0.00021139508,0.00047219769,-0.00089171883,-0.00089171883,OK,0,0.086410815,0.023817159,4.5737044e-07,1.7309295e-05,15,1.5,0.02,0.04,-0.05,40,40,40,40,40,10,0
4.745,0.14558177,-0.0018784733,-0.00021046768,0.00060397824,-0.14558177,0.0018784733,0.00021046768,-0.00060397824,0.0005854486,0.0005854486,OK,0,0.086516785,0.023817177,4.5759192e-07,1.7311119e-05,15,1.5,0.02,0.04,-0.05,40,40,40,40,40,10,0
4.75,0.14558442,0.0013661939,-0.0002110579,-0.00037369656,-0.14558442,-0.0013661939,0.0002110579,0.00037369656,-0.00076007714,-0.00076007714,OK,0,0.086622759,0.023817186,4.5781465e-07,1.7311817e-05,15,1.5,0.02,0.04,-0.05,40,40,40,40,40,10,0
4.755,0.14558292,-0.002224284,-0.00021046768,0.00062771848,-0.14558292,0.002224284,0.00021046768,-0.00062771848,0.00060724957,0.00060724957,OK,0,0.086728731,0.023817211,4.5803613e-07,1.7313787e-05,15,1.5,0.02,0.04,-0.05,40,40,40,40,40,10,0
4.76,0.14558384,0.0010490125,-0.0002110579,-0.00036172193,-0.14558384,-0.0010490125,0.0002110579,0.00036172193,-0.00075481402,-0.00075481402,OK,0,0.086834705,0.023817216,4.5825886e-07,1.7314441e-05,15,1.5,0.02,0.04,-0.05,40,40,40,40,40,10,0
4.765,0.14558319,-9.9320579e-05,-0.0002110579,3.3083877e-05,-0.14558319,9.9320579e-05,0.0002110579,-3.3083877e-05,-0.00020855168,-0.00020855168,OK,0,0.086940677,0.023817216,4.5848158e-07,1.7314447e-05,15,1.5,0.02,0.04,-0.05,40,40,40,40,40,10,0
4.77,0.1455818,-0.00042092691,-0.00021046767,0.00011568728,-0.1455818,0.00042092691,0.00021046767,-0.00011568728,-8.868521e-05,-8.868521e-05,OK,0,0.087046647,0.023817217,4.5870307e-07,1.7314514e-05,15,1.5,0.02,0.04,-0.05,40,40,40,40,40,10,0
4.775,0.14558391,-0.0030496119,-0.00021097343,0.00072963506,-0.14558391,0.0030496119,0.00021097343,-0.00072963506,0.00071954489,0.00071954489,OK,0,0.087152621,0.023817264,4.5892562e-07,1.7317175e-05,15,1.5,0.02,0.04,-0.05,40,40,40,40,40,10,0
4.78,0.14558614,-0.0020658749,-0.00021232213,0.00027559177,-0.14558614,0.0020658749,0.00021232213,-0.00027559177,5.7643532e-05,5.7643532e-05,OK,0,0.087258597,0.023817285,4.5915102e-07,1.7317555e-05,15,1.5,0.02,0.04,-0.05,40,40,40,40,40,10,0
4.785,0.14559036,0.0027875051,-0.0002149354,-0.0010029317,-0.14559036,-0.0027875051,0.0002149354,0.0010029317,-0.0017051212,-0.0017051212,OK,0,0.08736458,0.023817324,4.5938201e-07,1.7322585e-05,15,1.5,0.02,0.04,-0.05,40,40,40,40,40,10,0
4.79,0.1455827,0.00036180795,-0.00021333365,-6.158283e-05,-0.1455827,-0.00036180795,0.00021333365,6.158283e-05,-0.00036625272,-0.00036625272,OK,0,0.087470552,0.023817325,4.5960956e-07,1.7322603e-05,15,1.5,0.02,0.04,-0.05,40,40,40,40,40,10,0
4.795,0.14558263,-0.00020508051,-0.00021316506,0.00010911262,-0.14558263,0.00020508051,0.00021316506,-0.00010911262,-0.00013035758,-0.00013035758,OK,0,0.087576523,0.023817325,4.5983676e-07,1.7322663e-05,15,1.5,0.02,0.04,-0.05,40,40,40,40,40,10,0
4.8,0.14558549,0.001971629,-0.00021383941,-0.00045845976,-0.14558549,-0.001971629,0.00021383941,0.00045845976,-0.00090470575,-0.00090470575,OK,0,0.087682499,0.023817344,4.6006539e-07,1.7323714e-05,15,1.5,0.02,0.04,-0.05,40,40,40,40,40,10,0
4.805,0.14558654,0.00058960837,-0.00021333365,2.1075313e-05,-0.14558654,-0.00058960837,0.00021333365,-2.1075313e-05,-0.00023307651,-0.00023307651,OK,0,0.087788476,0.023817346,4.6029295e-07,1.7323716e-05,15,1.5,0.02,0.04,-0.05,40,40,40,40,40,10,0
4.81,0.14558353,-0.0021958553,-0.00021181636,0.00071842238,-0.14558353,0.0021958553,0.00021181636,-0.00071842238,0.00072422461,0.00072422461,OK,0,0.087894449,0.02381737,4.6051728e-07,1.7326297e-05,15,1.5,0.02,0.04,-0.05,40,40,40,40,40,10,0
4.815,0.14559011,-0.0012050104,-0.00021316506,0.00026139496,-0.14559011,0.0012050104,0.00021316506,-0.00026139496,5.8218387e-05,5.8218387e-05,OK,0,0.088000431,0.023817377,4.6074448e-07,1.7326638e-05,15,1.5,0.02,0.04,-0.05,40,40,40,40,40,10,0
4.82,0.14558428,0.0036992959,-0.00021215353,-0.0010167972,-0.14558428,-0.0036992959,0.00021215353,0.0010167972,-0.0016478415,-0.0016478415,OK,0,0.088106405,0.023817446,4.6096952e-07,1.7331808e-05,15,1.5,0.02,0.04,-0.05,40,40,40,40,40,10,0
4.825,0.14559056,-0.0035565289,-0.00021333364,0.0010953227,-0.14559056,0.0035565289,0.00021333364,-0.0010953227,0.0012125294,0.0012125294,OK,0,0.088212388,0.023817509,4.6119708e-07,1.7337807e-05,15,1.5,0.02,0.04,-0.05,40,40,40,40,40,10,0
4.83,0.14559245,0.00294562,-0.00021367081,-0.00084793829,-0.14559245,-0.00294562,0.00021367081,0.00084793829,-0.0014472958,-0.0014472958,OK,0,0.088318374,0.023817552,4.6142536e-07,1.7341402e-05,15,1.5,0.02,0.04,-0.05,40,40,40,40,40,10,0
4.835,0.14557688,-0.0039257305,-0.00020945613,0.0011505023,-0.14557688,0.0039257305,0.00020945613,-0.0011505023,0.00133842,0.00133842,OK,0,0.088424337,0.023817629,4.6164472e-07,1.734802e-05,15,1.5,0.02,0.04,-0.05,40,40,40,40,40,10,0
4.84,0.14560123,0.0075174476,-0.00021586245,-0.0020702064,-0.14560123,-0.0075174476,0.00021586245,0.0020702064,-0.0031305238,-0.0031305238,OK,0,0.088530336,0.023817912,4.618777e-07,1.7369449e-05,15,1.5,0.02,0.04,-0.05,40,40,40,40,40,10,0
4.845,0.14559648,-0.0066059961,-0.00021367081,0.0020975216,-0.14559648,0.0066059961,0.00021367081,-0.0020975216,0.0025889101,0.0025889101,OK,0,0.088636327,0.02381813,4.6210597e-07,1.7391447e-05,15,1.5,0.02,0.04,-0.05,40,40,40,40,40,10,0
4.85,0.14557449,0.0019125813,-0.00020785472,-0.00063732176,-0.14557449,-0.0019125813,0.00020785472,0.00063732176,-0.0010858104,-0.0010858104,OK,0,0.088742287,0.023818149,4.6232199e-07,1.7393477e-05,15,1.5,0.02,0.04,-0.05,40,40,40,40,40,10,0
4.855,0.14559363,0.00026633042,-0.00021282787,-5.1792943e-05,-0.14559363,-0.00026633042,0.00021282787,5.1792943e-05,-0.00034758175,-0.00034758175,OK,0,0.088848275,0.023818149,4.6254847e-07,1.7393491e-05,15,1.5,0.02,0.04,-0.05,40,40,40,40,40,10,0
4.86,0.14557905,-0.00022057013,-0.00020895037,0.00010877875,-0.14557905,0.00022057013,0.00020895037,-0.00010877875,-6.8329294e-05,-6.8329294e-05,OK,0,0.088954241,0.023818149,4.6276677e-07,1.739355e-05,15,1.5,0.02,0.04,-0.05,40,40,40,40,40,10,0
4.865,0.14559168,-0.00041139512,-0.00021215352,0.00010791329,-0.14559168,0.00041139512,0.00021215352,-0.00010791329,-0.00012505502,-0.00012505502,OK,0,0.089060226,0.02381815,4.6299182e-07,1.7393608e-05,15,1.5,0.02,0.04,-0.05,40,40,40,40,40,10,0
4.87,0.14558932,0.0042339132,-0.00021131059,-0.0010651478,-0.14558932,-0.0042339132,0.00021131059,0.0010651478,-0.0016862376,-0.0016862376,OK,0,0.089166207,0.02381824,4.6321508e-07,1.7399281e-05,15,1.5,0.02,0.04,-0.05,40,40,40,40,40,10,0
4.875,0.14557859,-0.0030293588,-0.00020810743,0.0010710422,-0.14557859,0.0030293588,0.00020810743,-0.0010710422,0.0012753492,0.0012753492,OK,0,0.089272172,0.023818285,4.6343162e-07,1.7405017e-05,15,1.5,0.02,0.04,-0.05,40,40,40,40,40,10,0
4.88,0.14559762,0.0035116597,-0.00021223798,-0.00090812264,-0.14559762,-0.0035116597,0.00021223798,0.00090812264,-0.0014933348,-0.0014933348,OK,0,0.089378166,0.023818347,4.6365685e-07,1.740914e-05,15,1.5,0.02,0.04,-0.05,40,40,40,40,40,10,0
4.885,0.14557996,-0.0082860841,-0.00020692731,0.002321287,-0.14557996,0.0082860841,0.00020692731,-0.002321287,0.0029581766,0.0029581766,OK,0,0.089484133,0.02381869,4.6387094e-07,1.7436082e-05,15,1.5,0.02,0.04,-0.05,40,40,40,40,40,10,0
4.89,0.14559473,0.010386489,-0.00021131058,-0.0030359824,-0.14559473,-0.010386489,0.00021131058,0.0030359824,-0.0043962781,-0.0043962781,OK,0,0.089590123,0.02381923,4.640942e-07,1.7482168e-05,15,1.5,0.02,0.04,-0.05,40,40,40,40,40,10,0
4.895,0.14559856,-0.0056014372,-0.00021181634,0.0018624152,-0.14559856,0.0056014372,0.00021181634,-0.0018624152,0.0023042915,0.0023042915,OK,0,0.089696117,0.023819387,4.6431853e-07,1.7499511e-05,15,1.5,0.02,0.04,-0.05,40,40,40,40,40,10,0
4.9,0.14558048,0.0025138049,-0.00020659014,-0.00070890448,-0.14558048,-0.0025138049,0.00020659014,0.00070890448,-0.001150047,-0.001150047,OK,0,0.089802086,0.023819418,4.6453193e-07,1.7502024e-05,15,1.5,0.02,0.04,-0.05,40,40,40,40,40,10,0
4.905,0.14560202,0.000782283,-0.00021215351,-8.7760726e-05,-0.14560202,-0.000782283,0.00021215351,8.7760726e-05,-0.00037061202,-0.00037061202,OK,0,0.089908085,0.023819421,4.6475698e-07,1.7502062e-05,15,1.5,0.02,0.04,-0.05,40,40,40,40,40,10,0
4.91,0.14558036,-0.0045442417,-0.00020591579,0.0012897714,-0.14558036,0.0045442417,0.00020591579,-0.0012897714,0.0015757578,0.0015757578,OK,0,0.090014054,0.023819525,4.6496898e-07,1.751038e-05,15,1.5,0.02,0.04,-0.05,40,40,40,40,40,10,0
4.915,0.14560286,0.0072396492,-0.00021181634,-0.0020672175,-0.14560286,-0.0072396492,0.00021181634,0.0020672175,-0.0030764282,-0.0030764282,OK,0,0.090120055,0.023819787,4.6519331e-07,1.7531747e-05,15,1.5,0.02,0.04,-0.05,40,40,40,40,40,10,0
4.92,0.14559686,-0.0068064934,-0.00020979329,0.002070257,-0.14559686,0.0068064934,0.00020979329,-0.002070257,0.0025981637,0.0025981637,OK,0,0.090226047,0.023820018,4.6541338e-07,1.7553176e-05,15,1.5,0.02,0.04,-0.05,40,40,40,40,40,10,0
4.925,0.1455835,0.0041317708,-0.00020659013,-0.0012717548,-0.1455835,-0.0041317708,0.00020659013,0.0012717548,-0.0019295434,-0.0019295434,OK,0,0.09033202,0.023820104,4.6562678e-07,1.7561263e-05,15,1.5,0.02,0.04,-0.05,40,40,40,40,40,10,0
4.93,0.14559067,-0.0035279817,-0.00020861317,0.0010041052,-0.14559067,0.0035279817,0.00020861317,-0.0010041052,0.0011476545,0.0011476545,OK,0,0.090438003,0.023820166,4.6584437e-07,1.7566304e-05,15,1.5,0.02,0.04,-0.05,40,40,40,40,40,10,0
4.935,0.14559244,0.0028852285,-0.00020928752,-0.00090158378,-0.14559244,-0.0028852285,0.00020928752,0.00090158378,-0.0014644305,-0.0014644305,OK,0,0.090543989,0.023820208,4.6606338e-07,1.7570369e-05,15,1.5,0.02,0.04,-0.05,40,40,40,40,40,10,0
4.94,0.14558613,0.00080426738,-0.00020777024,-9.7764985e-05,-0.14558613,-0.00080426738,0.00020777024,9.7764985e-05,-0.00031930783,-0.00031930783,OK,0,0.090649965,0.023820211,4.6627922e-07,1.7570416e-05,15,1.5,0.02,0.04,-0.05,40,40,40,40,40,10,0
4.945,0.14558857,0.00030710721,-0.00020777024,4.6572661e-05,-0.14558857,-0.00030710721,0.00020777024,-4.6572661e-05,-0.00012263883,-0.00012263883,OK,0,0.090755945,0.023820211,4.6649507e-07,1.7570427e-05,15,1.5,0.02,0.04,-0.05,40,40,40,40,40,10,0
4.95,0.14558681,-0.0023417571,-0.0002069273,0.0006796514,-0.14558681,0.0023417571,0.0002069273,-0.0006796514,0.0007336335,0.0007336335,OK,0,0.090861923,0.023820239,4.6670916e-07,1.7572737e-05,15,1.5,0.02,0.04,-0.05,40,40,40,40,40,10,0
4.955,0.14559281,-0.0013558605,-0.00020827599,0.00021715719,-0.14559281,0.0013558605,0.00020827599,-0.00021715719,5.921769e-05,5.921769e-05,OK,0,0.090967909,0.023820248,4.6692605e-07,1.7572973e-05,15,1.5,0.02,0.04,-0.05,40,40,40,40,40,10,0
4.96,0.14559111,0.0011185889,-0.00020861317,-0.00045897184,-0.14559111,-0.0011185889,0.00020861317,0.00045897184,-0.00086108955,-0.00086108955,OK,0,0.091073893,0.023820254,4.6714365e-07,1.7574026e-05,15,1.5,0.02,0.04,-0.05,40,40,40,40,40,10,0
4.965,0.14559043,-0.00017608924,-0.00020895034,-2.7448311e-06,-0.14559043,0.00017608924,0.00020895034,2.7448311e-06,-0.00023360726,-0.00023360726,OK,0,0.091179876,0.023820254,4.6736195e-07,1.7574026e-05,15,1.5,0.02,0.04,-0.05,40,40,40,40,40,10,0
4.97,0.14559326,-0.00054944668,-0.00020996186,9.1609581e-05,-0.14559326,0.00054944668,0.00020996186,-9.1609581e-05,-0.00012212613,-0.00012212613,OK,0,0.091285863,0.023820256,4.6758237e-07,1.7574068e-05,15,1.5,0.02,0.04,-0.05,40,40,40,40,40,10,0
4.975,0.14558989,0.0041014288,-0.00020954056,-0.0010829873,-0.14558989,-0.0041014288,0.00020954056,0.0010829873,-0.0016917343,-0.0016917343,OK,0,0.091391845,0.02382034,4.6780191e-07,1.7579932e-05,15,1.5,0.02,0.04,-0.05,40,40,40,40,40,10,0
4.98,0.14558613,-0.0056245105,-0.00020777022,0.0016581364,-0.14558613,0.0056245105,0.00020777022,-0.0016581364,0.0020573934,0.0020573934,OK,0,0.091497822,0.023820498,4.6801775e-07,1.7593679e-05,15,1.5,0.02,0.04,-0.05,40,40,40,40,40,10,0
4.985,0.14559566,0.0020881945,-0.00021046762,-0.00077180885,-0.14559566,-0.0020881945,0.00021046762,0.00077180885,-0.0013192866,-0.0013192866,OK,0,0.091603812,0.02382052,4.6823923e-07,1.7596658e-05,15,1.5,0.02,0.04,-0.05,40,40,40,40,40,10,0
4.99,0.14558593,0.00021783684,-0.00020861316,-5.2579238e-05,-0.14558593,-0.00021783684,0.00020861316,5.2579238e-05,-0.00028763414,-0.00028763414,OK,0,0.091709788,0.02382052,4.6845683e-07,1.7596672e-05,15,1.5,0.02,0.04,-0.05,40,40,40,40,40,10,0
4.995,0.14559994,-0.00027778386,-0.00021215349,7.0855069e-05,-0.14559994,0.00027778386,0.00021215349,-7.0855069e-05,-0.00017513218,-0.00017513218,OK,0,0.091815785,0.02382052,4.6868188e-07,1.7596697e-05,15,1.5,0.02,0.04,-0.05,40,40,40,40,40,10,0
5,0.14558359,-0.00051224814,-0.00020777022,0.00013076146,-0.14558359,0.00051224814,0.00020777022,-0.00013076146,-2.9229182e-05,-2.9229182e-05,OK,0,0.091921758,0.023820522,4.6889772e-07,1.7596782e-05,15,1.5,0.02,0.04,-0.05,40,40,40,40,40,10,0
5.005,0.14559483,-0.00064265444,-0.00021105783,0.00010649203,-0.14559483,0.00064265444,0.00021105783,-0.00010649203,-0.00011993903,-0.00011993903,OK,0,0.092027747,0.023820524,4.6912045e-07,1.7596839e-05,15,1.5,0.02,0.04,-0.05,40,40,40,40,40,10,0
5.01,0.14559128,0.0040134091,-0.00021029903,-0.0010701099,-0.14559128,-0.0040134091,0.00021029903,0.0010701099,-0.0016872882,-0.0016872882,OK,0,0.092133731,0.023820604,4.6934158e-07,1.7602565e-05,15,1.5,0.02,0.04,-0.05,40,40,40,40,40,10,0
5.015,0.14558937,0.0015668585,-0.0002092875,-0.00013943089,-0.14558937,-0.0015668585,0.0002092875,0.00013943089,-0.00037399714,-0.00037399714,OK,0,0.092239713,0.023820617,4.6956058e-07,1.7602662e-05,15,1.5,0.02,0.04,-0.05,40,40,40,40,40,10,0
5.02,0.14559047,-0.0038669588,-0.00020827598,0.0012395033,-0.14559047,0.0038669588,0.00020827598,-0.0012395033,0.0014922464,0.0014922464,OK,0,0.092345696,0.023820691,4.6977748e-07,1.7610344e-05,15,1.5,0.02,0.04,-0.05,40,40,40,40,40,10,0
5.025,0.14559208,-0.0017729075,-0.00020827597,0.00033964801,-0.14559208,0.0017729075,0.00020827597,-0.00033964801,0.00022625766,0.00022625766,OK,0,0.092451681,0.023820707,4.6999437e-07,1.761092e-05,15,1.5,0.02,0.04,-0.05,40,40,40,40,40,10,0
5.03,0.14559856,0.0033271524,-0.00021080478,-0.0010365027,-0.14559856,-0.0033271524,0.00021080478,0.0010365027,-0.0016717686,-0.0016717686,OK,0,0.092557676,0.023820763,4.7021656e-07,1.7616292e-05,15,1.5,0.02,0.04,-0.05,40,40,40,40,40,10,0
5.035,0.14558393,-0.003857573,-0.00020718032,0.0010900883,-0.14558393,0.003857573,0.00020718032,-0.0010900883,0.0012848033,0.0012848033,OK,0,0.092663649,0.023820837,4.7043118e-07,1.7622234e-05,15,1.5,0.02,0.04,-0.05,40,40,40,40,40,10,0
5.04,0.1455988,0.0027019698,-0.00021131054,-0.0008955907,-0.1455988,-0.0027019698,0.00021131054,0.0008955907,-0.0014929893,-0.0014929893,OK,0,0.092769644,0.023820873,4.7065444e-07,1.7626244e-05,15,1.5,0.02,0.04,-0.05,40,40,40,40,40,10,0
5.045,0.14558176,-0.0042273651,-0.00020734891,0.0011280303,-0.14558176,0.0042273651,0.00020734891,-0.0011280303,0.0013243524,0.0013243524,OK,0,0.092875614,0.023820963,4.7086941e-07,1.7632606e-05,15,1.5,0.02,0.04,-0.05,40,40,40,40,40,10,0
5.05,0.14560455,0.0072010422,-0.00021383935,-0.0020853818,-0.14560455,-0.0072010422,0.00021383935,0.0020853818,-0.0031355301,-0.0031355301,OK,0,0.092981618,0.023821222,4.7109805e-07,1.765435e-05,15,1.5,0.02,0.04,-0.05,40,40,40,40,40,10,0
5.055,0.14559828,-0.0069263771,-0.00021164771,0.0020849382,-0.14559828,0.0069263771,0.00021164771,-0.0020849382,0.0025876022,0.0025876022,OK,0,0.093087612,0.023821462,4.7132202e-07,1.7676085e-05,15,1.5,0.02,0.04,-0.05,40,40,40,40,40,10,0
5.06,0.14559401,0.0064136802,-0.00021072065,-0.0018567346,-0.14559401,-0.0064136802,0.00021072065,0.0018567346,-0.0027774841,-0.0027774841,OK,0,0.0931936,0.023821668,4.7154404e-07,1.7693322e-05,15,1.5,0.02,0.04,-0.05,40,40,40,40,40,10,0
5.065,0.14558991,-0.0024013022,-0.00020920336,0.00090595481,-0.14558991,0.0024013022,0.00020920336,-0.00090595481,0.0010366279,0.0010366279,OK,0,0.093299582,0.023821696,4.7176287e-07,1.7697426e-05,15,1.5,0.02,0.04,-0.05,40,40,40,40,40,10,0
5.07,0.14559653,-0.0010040623,-0.00021021488,0.00026675205,-0.14559653,0.0010040623,0.00021021488,-0.00026675205,0.00011867301,0.00011867301,OK,0,0.093405574,0.023821701,4.7198382e-07,1.7697782e-05,15,1.5,0.02,0.04,-0.05,40,40,40,40,40,10,0
5.075,0.14559207,0.0039938152,-0.00020920336,-0.0010473523,-0.14559207,-0.0039938152,0.00020920336,0.0010473523,-0.001637485,-0.001637485,OK,0,0.093511559,0.023821781,4.7220265e-07,1.7703267e-05,15,1.5,0.02,0.04,-0.05,40,40,40,40,40,10,0
5.08,0.1455999,-0.0032384765,-0.00021055205,0.0010573101,-0.1455999,0.0032384765,0.00021055205,-0.0010573101,0.0012101432,0.0012101432,OK,0,0.093617556,0.023821834,4.7242431e-07,1.7708856e-05,15,1.5,0.02,0.04,-0.05,40,40,40,40,40,10,0
5.085,0.14558907,0.0033190784,-0.0002073489,-0.00088523325,-0.14558907,-0.0033190784,0.0002073489,0.00088523325,-0.0013935389,-0.0013935389,OK,0,0.093723537,0.023821889,4.7263928e-07,1.7712774e-05,15,1.5,0.02,0.04,-0.05,40,40,40,40,40,10,0
5.09,0.14559442,-0.0035694241,-0.00020844454,0.0010805051,-0.14559442,0.0035694241,0.00020844454,-0.0010805051,0.0012632008,0.0012632008,OK,0,0.093829525,0.023821952,4.7285652e-07,1.7718612e-05,15,1.5,0.02,0.04,-0.05,40,40,40,40,40,10,0
5.095,0.14559892,0.0054446327,-0.00020954053,-0.0014950082,-0.14559892,-0.0054446327,0.00020954053,0.0014950082,-0.0022558565,-0.0022558565,OK,0,0.093935521,0.023822101,4.7307606e-07,1.7729787e-05,15,1.5,0.02,0.04,-0.05,40,40,40,40,40,10,0
5.1,0.14558739,-0.0074626363,-0.00020600019,0.0021723442,-0.14558739,0.0074626363,0.00020600019,-0.0021723442,0.0027817557,0.0027817557,OK,0,0.094041499,0.023822379,4.7328824e-07,1.7753383e-05,15,1.5,0.02,0.04,-0.05,40,40,40,40,40,10,0
5.105,0.14560059,0.0060999343,-0.00020970911,-0.0018797636,-0.14560059,-0.0060999343,0.00020970911,0.0018797636,-0.0028092728,-0.0028092728,OK,0,0.094147497,0.023822565,4.7350813e-07,1.777105e-05,15,1.5,0.02,0.04,-0.05,40,40,40,40,40,10,0
5.11,0.14559006,-0.0075693428,-0.0002071803,0.0021055597,-0.14559006,0.0075693428,0.0002071803,-0.0021055597,0.0026596625,0.0026596625,OK,0,0.094253479,0.023822852,4.7372275e-07,1.7793217e-05,15,1.5,0.02,0.04,-0.05,40,40,40,40,40,10,0
5.115,0.14560218,0.0058220581,-0.00021105781,-0.0018773008,-0.14560218,-0.0058220581,0.00021105781,0.0018773008,-0.0028368924,-0.0028368924,OK,0,0.094359479,0.023823021,4.7394547e-07,1.7810838e-05,15,1.5,0.02,0.04,-0.05,40,40,40,40,40,10,0
5.12,0.14559025,-0.0078850636,-0.00020836041,0.0021232328,-0.14559025,0.0078850636,0.00020836041,-0.0021232328,0.0026558454,0.0026558454,OK,0,0.094465462,0.023823332,4.7416254e-07,1.7833379e-05,15,1.5,0.02,0.04,-0.05,40,40,40,40,40,10,0
5.125,0.14560068,0.0055014856,-0.00021223791,-0.0018578582,-0.14560068,-0.0055014856,0.00021223791,0.0018578582,-0.002838283,-0.002838283,OK,0,0.094571459,0.023823483,4.7438777e-07,1.7850637e-05,15,1.5,0.02,0.04,-0.05,40,40,40,40,40,10,0
5.13,0.14558721,-0.0082094384,-0.00020937193,0.0021436696,-0.14558721,0.0082094384,0.00020937193,-0.0021436696,0.0026582921,0.0026582921,OK,0,0.094677438,0.02382382,4.7460695e-07,1.7873614e-05,15,1.5,0.02,0.04,-0.05,40,40,40,40,40,10,0
5.135,0.14560098,0.010044768,-0.00021426096,-0.0030439315,-0.14560098,-0.010044768,0.00021426096,0.0030439315,-0.0044660012,-0.0044660012,OK,0,0.094783436,0.023824325,4.7483649e-07,1.7919941e-05,15,1.5,0.02,0.04,-0.05,40,40,40,40,40,10,0
5.14,0.14560276,-0.0060343518,-0.00021476671,0.001891882,-0.14560276,0.0060343518,0.00021476671,-0.001891882,0.0022870034,0.0022870034,OK,0,0.094889437,0.023824507,4.7506712e-07,1.7937837e-05,15,1.5,0.02,0.04,-0.05,40,40,40,40,40,10,0
5.145,0.14558254,0.0020625671,-0.00020928747,-0.00067169721,-0.14558254,-0.0020625671,0.00020928747,0.00067169721,-0.0011527043,-0.0011527043,OK,0,0.094995408,0.023824528,4.7528612e-07,1.7940093e-05,15,1.5,0.02,0.04,-0.05,40,40,40,40,40,10,0
5.15,0.14561664,0.0051481532,-0.00021796987,-0.0012568944,-0.14561664,-0.0051481532,0.00021796987,0.0012568944,-0.0020366307,-0.0020366307,OK,0,0.095101429,0.023824661,4.7552368e-07,1.7947992e-05,15,1.5,0.02,0.04,-0.05,40,40,40,40,40,10,0
5.155,0.14560464,-0.0073986261,-0.00021375519,0.0022772912,-0.14560464,0.0073986261,0.00021375519,-0.0022772912,0.0028257568,0.0028257568,OK,0,0.095207433,0.023824934,4.7575213e-07,1.7973922e-05,15,1.5,0.02,0.04,-0.05,40,40,40,40,40,10,0
5.16,0.14557984,0.0014671513,-0.00020734888,-0.00059617745,-0.14557984,-0.0014671513,0.00020734888,0.00059617745,-0.0010342165,-0.0010342165,OK,0,0.0953134,0.023824945,4.759671e-07,1.79757e-05,15,1.5,0.02,0.04,-0.05,40,40,40,40,40,10,0
5.165,0.14561137,0.004717981,-0.00021594682,-0.0012481491,-0.14561137,-0.004717981,0.00021594682,0.0012481491,-0.0020104793,-0.0020104793,OK,0,0.095419413,0.023825056,4.7620026e-07,1.7983489e-05,15,1.5,0.02,0.04,-0.05,40,40,40,40,40,10,0
5.17,0.14559747,-0.0077984466,-0.00021156355,0.0022732366,-0.14559747,0.0077984466,0.00021156355,-0.0022732366,0.0028364133,0.0028364133,OK,0,0.095525407,0.02382536,4.7642406e-07,1.8009327e-05,15,1.5,0.02,0.04,-0.05,40,40,40,40,40,10,0
5.175,0.14558999,0.005895605,-0.00021004627,-0.0018113546,-0.14558999,-0.005895605,0.00021004627,0.0018113546,-0.0027201019,-0.0027201019,OK,0,0.095631389,0.023825534,4.7664466e-07,1.8025732e-05,15,1.5,0.02,0.04,-0.05,40,40,40,40,40,10,0
5.18,0.1456027,-0.0028818079,-0.00021333355,0.00091591,-0.1456027,0.0028818079,0.00021333355,-0.00091591,0.0009706435,0.0009706435,OK,0,0.09573739,0.023825576,4.7687221e-07,1.8029926e-05,15,1.5,0.02,0.04,-0.05,40,40,40,40,40,10,0
5.185,0.14559252,0.0033386851,-0.00021055203,-0.00089059563,-0.14559252,-0.0033386851,0.00021055203,0.00089059563,-0.0014487761,-0.0014487761,OK,0,0.095843375,0.023825632,4.7709387e-07,1.8033892e-05,15,1.5,0.02,0.04,-0.05,40,40,40,40,40,10,0
5.19,0.14559811,-0.0036234939,-0.00021122637,0.0011049378,-0.14559811,0.0036234939,0.00021122637,-0.0011049378,0.0012560335,0.0012560335,OK,0,0.09594937,0.023825697,4.7731696e-07,1.8039997e-05,15,1.5,0.02,0.04,-0.05,40,40,40,40,40,10,0
5.195,0.14559958,0.0029538613,-0.00021190072,-0.00086618758,-0.14559958,-0.0029538613,0.00021190072,0.00086618758,-0.0014476461,-0.0014476461,OK,0,0.096055366,0.023825741,4.7754147e-07,1.8043748e-05,15,1.5,0.02,0.04,-0.05,40,40,40,40,40,10,0
5.2,0.14559382,0.00090641481,-0.00021013039,-7.5030478e-05,-0.14559382,-0.00090641481,0.00021013039,7.5030478e-05,-0.00031636848,-0.00031636848,OK,0,0.096161354,0.023825745,4.7776224e-07,1.8043776e-05,15,1.5,0.02,0.04,-0.05,40,40,40,40,40,10,0
5.205,0.14559689,0.00042334053,-0.0002099618,6.4565116e-05,-0.14559689,-0.00042334053,0.0002099618,-6.4565116e-05,-0.00012370787,-0.00012370787,OK,0,0.096267346,0.023825746,4.7798266e-07,1.8043797e-05,15,1.5,0.02,0.04,-0.05,40,40,40,40,40,10,0
5.21,0.14560311,0.00016999885,-0.00021072061,9.1724441e-05,-0.14560311,-0.00016999885,0.00021072061,-9.1724441e-05,-0.0001043603,-0.0001043603,OK,0,0.096373347,0.023825746,4.7820468e-07,1.8043839e-05,15,1.5,0.02,0.04,-0.05,40,40,40,40,40,10,0
5.215,0.14559609,0.0024431212,-0.0002086131,-0.00049150729,-0.14559609,-0.0024431212,0.0002086131,0.00049150729,-0.00085681079,-0.00085681079,OK,0,0.096479338,0.023825776,4.7842227e-07,1.8045047e-05,15,1.5,0.02,0.04,-0.05,40,40,40,40,40,10,0
5.22,0.14559959,-0.0036755332,-0.00020844451,0.0011642609,-0.14559959,0.0036755332,0.00020844451,-0.0011642609,0.0013846942,0.0013846942,OK,0,0.096585334,0.023825843,4.7863952e-07,1.8051825e-05,15,1.5,0.02,0.04,-0.05,40,40,40,40,40,10,0
5.225,0.14560171,0.0030861211,-0.00020869756,-0.00088041215,-0.14560171,-0.0030861211,0.00020869756,0.00088041215,-0.0014156027,-0.0014156027,OK,0,0.096691334,0.023825891,4.7885729e-07,1.80557e-05,15,1.5,0.02,0.04,-0.05,40,40,40,40,40,10,0
5.23,0.14559654,0.0010856706,-0.0002072644,-0.00010731291,-0.14559654,-0.0010856706,0.0002072644,0.00010731291,-0.00031457782,-0.00031457782,OK,0,0.096797325,0.023825897,4.7907209e-07,1.8055758e-05,15,1.5,0.02,0.04,-0.05,40,40,40,40,40,10,0
5.235,0.14559562,-0.004256103,-0.00020608429,0.0012360891,-0.14559562,0.004256103,0.00020608429,-0.0012360891,0.0015045377,0.0015045377,OK,0,0.096903316,0.023825987,4.7928444e-07,1.8063397e-05,15,1.5,0.02,0.04,-0.05,40,40,40,40,40,10,0
5.24,0.14560972,0.0026777124,-0.00020987733,-0.00087796223,-0.14560972,-0.0026777124,0.00020987733,0.00087796223,-0.0014458005,-0.0014458005,OK,0,0.097009327,0.023826023,4.7950468e-07,1.8067251e-05,15,1.5,0.02,0.04,-0.05,40,40,40,40,40,10,0
5.245,0.14559279,-0.0041728215,-0.0002059157,0.0011159481,-0.14559279,0.0041728215,0.0002059157,-0.0011159481,0.0013301296,0.0013301296,OK,0,0.097115313,0.02382611,4.7971669e-07,1.8073478e-05,15,1.5,0.02,0.04,-0.05,40,40,40,40,40,10,0
5.25,0.14560643,0.0024607336,-0.00020987733,-0.00089785874,-0.14560643,-0.0024607336,0.00020987733,0.00089785874,-0.00148439,-0.00148439,OK,0,0.097221319,0.023826141,4.7993693e-07,1.8077509e-05,15,1.5,0.02,0.04,-0.05,40,40,40,40,40,10,0
5.255,0.14559295,-0.0020474765,-0.00020726439,0.00051797632,-0.14559295,0.0020474765,0.00020726439,-0.00051797632,0.00049795851,0.00049795851,OK,0,0.097327306,0.023826162,4.8015172e-07,1.807885e-05,15,1.5,0.02,0.04,-0.05,40,40,40,40,40,10,0
5.26,0.14560634,0.00099600257,-0.00021105777,-0.00041572472,-0.14560634,-0.00099600257,0.00021105777,0.00041572472,-0.00083748664,-0.00083748664,OK,0,0.097433312,0.023826167,4.8037445e-07,1.8079715e-05,15,1.5,0.02,0.04,-0.05,40,40,40,40,40,10,0
5.265,0.14559333,-0.00017508571,-0.00020819179,2.3316269e-05,-0.14559333,0.00017508571,0.00020819179,-2.3316269e-05,-0.00018303924,-0.00018303924,OK,0,0.097539299,0.023826167,4.8059117e-07,1.8079717e-05,15,1.5,0.02,0.04,-0.05,40,40,40,40,40,10,0
5.27,0.14560608,-0.00051307028,-0.00021131048,8.4532341e-05,-0.14560608,0.00051307028,0.00021131048,-8.4532341e-05,-0.0001512599,-0.0001512599,OK,0,0.097645305,0.023826168,4.8081443e-07,1.8079753e-05,15,1.5,0.02,0.04,-0.05,40,40,40,40,40,10,0
5.275,0.14560054,0.0016803689,-0.00021013037,-0.00047542461,-0.14560054,-0.0016803689,0.00021013037,0.00047542461,-0.00088586701,-0.00088586701,OK,0,0.097751302,0.023826182,4.810352e-07,1.8080883e-05,15,1.5,0.02,0.04,-0.05,40,40,40,40,40,10,0
5.28,0.14560002,0.002820141,-0.00021013037,-0.00061101294,-0.14560002,-0.002820141,0.00021013037,0.00061101294,-0.0010436689,-0.0010436689,OK,0,0.097857299,0.023826222,4.8125598e-07,1.808275e-05,15,1.5,0.02,0.04,-0.05,40,40,40,40,40,10,0
5.285,0.14560204,0.0037059517,-0.00020987766,-0.00065499143,-0.14560204,-0.0037059517,0.00020987766,0.00065499143,-0.0010703731,-0.0010703731,OK,0,0.097963299,0.023826291,4.8147622e-07,1.8084895e-05,15,1.5,0.02,0.04,-0.05,40,40,40,40,40,10,0
5.29,0.14559181,-0.0026634855,-0.00020524134,0.0011235739,-0.14559181,0.0026634855,0.00020524134,-0.0011235739,0.0014120374,0.0014120374,OK,0,0.098069284,0.023826326,4.8168684e-07,1.8091207e-05,15,1.5,0.02,0.04,-0.05,40,40,40,40,40,10,0
5.295,0.14561337,0.004087585,-0.00020928743,-0.00093739283,-0.14561337,-0.004087585,0.00020928743,0.00093739283,-0.0014696299,-0.0014696299,OK,0,0.0981753,0.02382641,4.8190585e-07,1.80956e-05,15,1.5,0.02,0.04,-0.05,40,40,40,40,40,10,0
5.3,0.14559852,-0.0076577652,-0.0002043984,0.0022743561,-0.14559852,0.0076577652,0.0002043984,-0.0022743561,0.0029512179,0.0029512179,OK,0,0.098281295,0.023826703,4.8211474e-07,1.8121464e-05,15,1.5,0.02,0.04,-0.05,40,40,40,40,40,10,0
5.305,0.14561164,0.0061577911,-0.00020777014,-0.0018777369,-0.14561164,-0.0061577911,0.00020777014,0.0018777369,-0.0027746132,-0.0027746132,OK,0,0.098387308,0.023826892,4.8233058e-07,1.8139093e-05,15,1.5,0.02,0.04,-0.05,40,40,40,40,40,10,0
5.31,0.14560146,-0.0074501481,-0.00020540992,0.0020850682,-0.14560146,0.0074501481,0.00020540992,-0.0020850682,0.0026604768,0.0026604768,OK,0,0.098493307,0.02382717,4.8254155e-07,1.8160831e-05,15,1.5,0.02,0.04,-0.05,40,40,40,40,40,10,0
5.315,0.14559493,0.0059961197,-0.00020456699,-0.0018976574,-0.14559493,-0.0059961197,0.00020456699,0.0018976574,-0.0027632474,-0.0027632474,OK,0,0.098599297,0.02382735,4.8275079e-07,1.8178836e-05,15,1.5,0.02,0.04,-0.05,40,40,40,40,40,10,0
5.32,0.14560791,-0.0028387039,-0.0002082759,0.00085466954,-0.14560791,0.0028387039,0.0002082759,-0.00085466954,0.00095647592,0.00095647592,OK,0,0.098705305,0.02382739,4.8296768e-07,1.8182489e-05,15,1.5,0.02,0.04,-0.05,40,40,40,40,40,10,0
5.325,0.14559793,0.0033661016,-0.00020574709,-0.00094363001,-0.14559793,-0.0033661016,0.00020574709,0.00094363001,-0.0014550488,-0.0014550488,OK,0,0.098811299,0.023827447,4.8317934e-07,1.8186941e-05,15,1.5,0.02,0.04,-0.05,40,40,40,40,40,10,0
5.33,0.14560339,-0.0036002606,-0.0002069272,0.0010554396,-0.14560339,0.0036002606,0.0002069272,-0.0010554396,0.0012473087,0.0012473087,OK,0,0.098917301,0.023827511,4.8339343e-07,1.8192511e-05,15,1.5,0.02,0.04,-0.05,40,40,40,40,40,10,0
5.335,0.14560553,0.0029694859,-0.00020726437,-0.00091081668,-0.14560553,-0.0029694859,0.00020726437,0.00091081668,-0.0014443006,-0.0014443006,OK,0,0.099023305,0.023827556,4.8360823e-07,1.8196659e-05,15,1.5,0.02,0.04,-0.05,40,40,40,40,40,10,0
5.34,0.14559952,0.00093192452,-0.00020608426,-0.00012185869,-0.14559952,-0.00093192452,0.00020608426,0.00012185869,-0.00032478467,-0.00032478467,OK,0,0.099129301,0.02382756,4.8382058e-07,1.8196733e-05,15,1.5,0.02,0.04,-0.05,40,40,40,40,40,10,0
5.345,0.14559786,-0.0044213201,-0.00020490415,0.0012269206,-0.14559786,0.0044213201,0.00020490415,-0.0012269206,0.001501923,0.001501923,OK,0,0.099235295,0.023827658,4.8403051e-07,1.820426e-05,15,1.5,0.02,0.04,-0.05,40,40,40,40,40,10,0
5.35,0.145611,0.0025113372,-0.00020886611,-0.00088600557,-0.145611,-0.0025113372,0.00020886611,0.00088600557,-0.0014493267,-0.0014493267,OK,0,0.099341308,0.023827689,4.8424863e-07,1.8208185e-05,15,1.5,0.02,0.04,-0.05,40,40,40,40,40,10,0
5.355,0.14559326,-0.0043426577,-0.00020490415,0.0011097982,-0.14559326,0.0043426577,0.00020490415,-0.0011097982,0.001329294,0.001329294,OK,0,0.099447295,0.023827783,4.8445856e-07,1.8214343e-05,15,1.5,0.02,0.04,-0.05,40,40,40,40,40,10,0
5.36,0.14561565,0.007105218,-0.00021139492,-0.0021089964,-0.14561565,-0.007105218,0.00021139492,0.0021089964,-0.0031378968,-0.0031378968,OK,0,0.099553315,0.023828036,4.84682e-07,1.8236582e-05,15,1.5,0.02,0.04,-0.05,40,40,40,40,40,10,0
5.365,0.14560896,-0.0070135648,-0.00020928741,0.0020602231,-0.14560896,0.0070135648,0.00020928741,-0.0020602231,0.00258266,0.00258266,OK,0,0.099659324,0.023828282,4.8490101e-07,1.8257805e-05,15,1.5,0.02,0.04,-0.05,40,40,40,40,40,10,0
5.37,0.14560414,0.0063309929,-0.00020861306,-0.0018809814,-0.14560414,-0.0063309929,0.00020861306,0.0018809814,-0.0027853455,-0.0027853455,OK,0,0.099765327,0.023828482,4.8511861e-07,1.8275495e-05,15,1.5,0.02,0.04,-0.05,40,40,40,40,40,10,0
5.375,0.14559956,-0.0024840041,-0.00020726436,0.00088391567,-0.14559956,0.0024840041,0.00020726436,-0.00088391567,0.0010295392,0.0010295392,OK,0,0.099871323,0.023828513,4.853334e-07,1.8279402e-05,15,1.5,0.02,0.04,-0.05,40,40,40,40,40,10,0
5.38,0.14560588,-0.0010860667,-0.00020827588,0.00024654684,-0.14560588,0.0010860667,0.00020827588,-0.00024654684,0.00011435698,0.00011435698,OK,0,0.099977329,0.023828519,4.8555029e-07,1.8279706e-05,15,1.5,0.02,0.04,-0.05,40,40,40,40,40,10,0
5.385,0.14560112,0.0039161006,-0.00020726436,-0.0010672525,-0.14560112,-0.0039161006,0.00020726436,0.0010672525,-0.0016411778,-0.0016411778,OK,0,0.10008333,0.023828596,4.8576508e-07,1.8285401e-05,15,1.5,0.02,0.04,-0.05,40,40,40,40,40,10,0
5.39,0.14560834,-0.0033113797,-0.00020895023,0.0010374242,-0.14560834,0.0033113797,0.00020895023,-0.0010374242,0.0012015945,0.0012015945,OK,0,0.10018934,0.02382865,4.8598339e-07,1.8290782e-05,15,1.5,0.02,0.04,-0.05,40,40,40,40,40,10,0
5.395,0.14559706,0.003243735,-0.00020591566,-0.0009022524,-0.14559706,-0.003243735,0.00020591566,0.0009022524,-0.001400423,-0.001400423,OK,0,0.10029533,0.023828703,4.8619539e-07,1.8294852e-05,15,1.5,0.02,0.04,-0.05,40,40,40,40,40,10,0
5.4,0.14560219,-0.0036451897,-0.00020692718,0.0010654637,-0.14560219,0.0036451897,0.00020692718,-0.0010654637,0.0012605241,0.0012605241,OK,0,0.10040133,0.023828769,4.8640949e-07,1.8300528e-05,15,1.5,0.02,0.04,-0.05,40,40,40,40,40,10,0
5.405,0.14560385,-0.0018681639,-0.0002075174,0.0002958878,-0.14560385,0.0018681639,0.0002075174,-0.0002958878,0.00016842115,0.00016842115,OK,0,0.10050733,0.023828787,4.866248e-07,1.8300966e-05,15,1.5,0.02,0.04,-0.05,40,40,40,40,40,10,0
5.41,0.1456026,-0.0016565027,-0.00020810729,0.00015639494,-0.1456026,0.0016565027,0.00020810729,-0.00015639494,-4.1224919e-05,-4.1224919e-05,OK,0,0.10061333,0.023828801,4.8684135e-07,1.8301089e-05,15,1.5,0.02,0.04,-0.05,40,40,40,40,40,10,0
5.415,0.14560607,0.00066865934,-0.00021055197,-0.000466648,-0.14560607,-0.00066865934,0.00021055197,0.000466648,-0.00091938366,-0.00091938366,OK,0,0.10071934,0.023828803,4.8706301e-07,1.8302177e-05,15,1.5,0.02,0.04,-0.05,40,40,40,40,40,10,0
5.42,0.14560567,0.0041978078,-0.00021131044,-0.0011868139,-0.14560567,-0.0041978078,0.00021131044,0.0011868139,-0.0018698516,-0.0018698516,OK,0,0.10082534,0.023828891,4.8728627e-07,1.830922e-05,15,1.5,0.02,0.04,-0.05,40,40,40,40,40,10,0
5.425,0.14559919,-0.00090217756,-0.00020928739,0.00044781498,-0.14559919,0.00090217756,0.00020928739,-0.00044781498,0.00040830834,0.00040830834,OK,0,0.10093134,0.023828895,4.8750527e-07,1.8310223e-05,15,1.5,0.02,0.04,-0.05,40,40,40,40,40,10,0
5.43,0.14561061,-0.00038927391,-0.00021156349,0.00016687854,-0.14561061,0.00038927391,0.00021156349,-0.00016687854,-2.6493227e-05,-2.6493227e-05,OK,0,0.10103735,0.023828896,4.8772907e-07,1.8310362e-05,15,1.5,0.02,0.04,-0.05,40,40,40,40,40,10,0
5.435,0.14560143,0.0020032392,-0.00020895022,-0.00046343389,-0.14560143,-0.0020032392,0.00020895022,0.00046343389,-0.00083724603,-0.00083724603,OK,0,0.10114335,0.023828916,4.8794737e-07,1.8311436e-05,15,1.5,0.02,0.04,-0.05,40,40,40,40,40,10,0
5.44,0.14560258,-0.0040774545,-0.00020895021,0.0011784325,-0.14560258,0.0040774545,0.00020895021,-0.0011784325,0.001382349,0.001382349,OK,0,0.10124935,0.023828999,4.8816567e-07,1.8318379e-05,15,1.5,0.02,0.04,-0.05,40,40,40,40,40,10,0
5.445,0.14560268,-0.002125356,-0.0002091188,0.00033796132,-0.14560268,0.002125356,0.0002091188,-0.00033796132,0.00019719926,0.00019719926,OK,0,0.10135535,0.023829022,4.8838433e-07,1.831895e-05,15,1.5,0.02,0.04,-0.05,40,40,40,40,40,10,0
5.45,0.14560732,-0.0018651027,-0.00021156348,0.00017934747,-0.14560732,0.0018651027,0.00021156348,-0.00017934747,-6.6888592e-05,-6.6888592e-05,OK,0,0.10146136,0.023829039,4.8860812e-07,1.8319111e-05,15,1.5,0.02,0.04,-0.05,40,40,40,40,40,10,0
5.455,0.1456075,0.00042597789,-0.0002129963,-0.00043023614,-0.1456075,-0.00042597789,0.0002129963,0.00043023614,-0.00091110958,-0.00091110958,OK,0,0.10156737,0.02382904,4.8883496e-07,1.8320037e-05,15,1.5,0.02,0.04,-0.05,40,40,40,40,40,10,0
5.46,0.14560568,0.0039693994,-0.00021383924,-0.0011562973,-0.14560568,-0.0039693994,0.00021383924,0.0011562973,-0.0018711449,-0.0018711449,OK,0,0.10167337,0.023829119,4.8906359e-07,1.8326722e-05,15,1.5,0.02,0.04,-0.05,40,40,40,40,40,10,0
5.465,0.14560287,0.0012787403,-0.00021291217,-0.00012516819,-0.14560287,-0.0012787403,0.00021291217,0.00012516819,-0.00041822795,-0.00041822795,OK,0,0.10177937,0.023829127,4.8929025e-07,1.83268e-05,15,1.5,0.02,0.04,-0.05,40,40,40,40,40,10,0
5.47,0.14560242,-0.0042012314,-0.00021173206,0.0012741405,-0.14560242,0.0042012314,0.00021173206,-0.0012741405,0.001479229,0.001479229,OK,0,0.10188537,0.023829215,4.895144e-07,1.8334917e-05,15,1.5,0.02,0.04,-0.05,40,40,40,40,40,10,0
5.475,0.14561691,0.0027065023,-0.0002151038,-0.00082916101,-0.14561691,-0.0027065023,0.0002151038,0.00082916101,-0.0014497002,-0.0014497002,OK,0,0.10199139,0.023829252,4.8974575e-07,1.8338355e-05,15,1.5,0.02,0.04,-0.05,40,40,40,40,40,10,0
5.48,0.14559999,-0.0041394393,-0.00021105771,0.001163197,-0.14559999,0.0041394393,0.00021105771,-0.001163197,0.001325352,0.001325352,OK,0,0.10209739,0.023829337,4.8996848e-07,1.834512e-05,15,1.5,0.02,0.04,-0.05,40,40,40,40,40,10,0
5.485,0.14561366,0.0024975416,-0.00021493521,-0.00085162231,-0.14561366,-0.0024975416,0.00021493521,0.00085162231,-0.0014892868,-0.0014892868,OK,0,0.10220341,0.023829369,4.9019946e-07,1.8348746e-05,15,1.5,0.02,0.04,-0.05,40,40,40,40,40,10,0
5.49,0.14559572,-0.0044080835,-0.00021072053,0.0011644225,-0.14559572,0.0044080835,0.00021072053,-0.0011644225,0.0013214168,0.0013214168,OK,0,0.1023094,0.023829466,4.9042148e-07,1.8355526e-05,15,1.5,0.02,0.04,-0.05,40,40,40,40,40,10,0
5.495,0.14561773,0.0070336002,-0.00021695826,-0.0020524587,-0.14561773,-0.0070336002,0.00021695826,0.0020524587,-0.0031393632,-0.0031393632,OK,0,0.10241542,0.023829713,4.9065683e-07,1.8376589e-05,15,1.5,0.02,0.04,-0.05,40,40,40,40,40,10,0
5.5,0.1456105,-0.0070829107,-0.00021476662,0.0021152199,-0.1456105,0.0070829107,0.00021476662,-0.0021152199,0.0025802242,0.0025802242,OK,0,0.10252143,0.023829964,4.9088746e-07,1.8398959e-05,15,1.5,0.02,0.04,-0.05,40,40,40,40,40,10,0
5.505,0.14560574,0.0062623445,-0.00021341793,-0.0018268529,-0.14560574,-0.0062623445,0.00021341793,0.0018268529,-0.0027789397,-0.0027789397,OK,0,0.10262744,0.02383016,4.9111519e-07,1.8415646e-05,15,1.5,0.02,0.04,-0.05,40,40,40,40,40,10,0
5.51,0.14560078,-0.0025394981,-0.00021190064,0.00093219261,-0.14560078,0.0025394981,0.00021190064,-0.00093219261,0.001030215,0.001030215,OK,0,0.10273344,0.023830192,4.913397e-07,1.8419991e-05,15,1.5,0.02,0.04,-0.05,40,40,40,40,40,10,0
5.515,0.14561381,0.0012743834,-0.00021476662,-0.00031144849,-0.14561381,-0.0012743834,0.00021476662,0.00031144849,-0.00072542046,-0.00072542046,OK,0,0.10283945,0.0238302,4.9157033e-07,1.8420476e-05,15,1.5,0.02,0.04,-0.05,40,40,40,40,40,10,0
5.52,0.14560289,0.0002736178,-0.00021139488,5.9634085e-05,-0.14560289,-0.0002736178,0.00021139488,-5.9634085e-05,-0.00015846955,-0.00015846955,OK,0,0.10294545,0.023830201,4.9179377e-07,1.8420494e-05,15,1.5,0.02,0.04,-0.05,40,40,40,40,40,10,0
5.525,0.14561764,-1.6803272e-05,-0.00021476662,0.00010280452,-0.14561764,1.6803272e-05,0.00021476662,-0.00010280452,-0.00015561176,-0.00015561176,OK,0,0.10305148,0.023830201,4.9202439e-07,1.8420547e-05,15,1.5,0.02,0.04,-0.05,40,40,40,40,40,10,0
5.53,0.14560264,-0.00020157625,-0.00021038335,0.00014539501,-0.14560264,0.00020157625,0.00021038335,-0.00014539501,-3.3668043e-05,-3.3668043e-05,OK,0,0.10315748,0.023830201,4.922457e-07,1.8420653e-05,15,1.5,0.02,0.04,-0.05,40,40,40,40,40,10,0
5.535,0.14561567,-0.00031492774,-0.00021341792,0.00011723764,-0.14561567,0.00031492774,0.00021341792,-0.00011723764,-0.00012569599,-0.00012569599,OK,0,0.1032635,0.023830201,4.9247343e-07,1.8420721e-05,15,1.5,0.02,0.04,-0.05,40,40,40,40,40,10,0
5.54,0.14559936,-0.00045962832,-0.00020895019,0.00014356861,-0.14559936,0.00045962832,0.00020895019,-0.00014356861,-2.5297916e-05,-2.5297916e-05,OK,0,0.10336949,0.023830203,4.9269173e-07,1.8420824e-05,15,1.5,0.02,0.04,-0.05,40,40,40,40,40,10,0
5.545,0.14561106,-0.00056503514,-0.00021206922,0.00011190417,-0.14561106,0.00056503514,0.00021206922,-0.00011190417,-0.00012356221,-0.00012356221,OK,0,0.1034755,0.023830204,4.929166e-07,1.8420887e-05,15,1.5,0.02,0.04,-0.05,40,40,40,40,40,10,0
5.55,0.14560784,0.0041055937,-0.00021139487,-0.001067821,-0.14560784,-0.0041055937,0.00021139487,0.001067821,-0.001696274,-0.001696274,OK,0,0.10358151,0.023830288,4.9314004e-07,1.8426588e-05,15,1.5,0.02,0.04,-0.05,40,40,40,40,40,10,0
5.555,0.1456064,0.001666257,-0.00021038334,-0.00013725057,-0.1456064,-0.001666257,0.00021038334,0.00013725057,-0.00038284779,-0.00038284779,OK,0,0.10368752,0.023830302,4.9336134e-07,1.8426682e-05,15,1.5,0.02,0.04,-0.05,40,40,40,40,40,10,0
5.56,0.14561067,0.0035117367,-0.00020979312,-0.00056589136,-0.14561067,-0.0035117367,0.00020979312,0.00056589136,-0.00094305097,-0.00094305097,OK,0,0.10379353,0.023830364,4.9358141e-07,1.8428284e-05,15,1.5,0.02,0.04,-0.05,40,40,40,40,40,10,0
5.565,0.14559974,-0.0026662197,-0.00020524127,0.0011368597,-0.14559974,0.0026662197,0.00020524127,-0.0011368597,0.0014320165,0.0014320165,OK,0,0.10389953,0.0238304,4.9379203e-07,1.8434746e-05,15,1.5,0.02,0.04,-0.05,40,40,40,40,40,10,0
5.57,0.14562129,0.0041228944,-0.00020937182,-0.00093800194,-0.14562129,-0.0041228944,0.00020937182,0.00093800194,-0.0014702386,-0.0014702386,OK,0,0.10400556,0.023830485,4.9401121e-07,1.8439145e-05,15,1.5,0.02,0.04,-0.05,40,40,40,40,40,10,0
5.575,0.14560657,-0.0076136004,-0.00020456691,0.0022716624,-0.14560657,0.0076136004,0.00020456691,-0.0022716624,0.0029465772,0.0029465772,OK,0,0.10411156,0.023830774,4.9422045e-07,1.8464947e-05,15,1.5,0.02,0.04,-0.05,40,40,40,40,40,10,0
5.58,0.14561985,0.006205182,-0.00020802312,-0.0018802275,-0.14561985,-0.006205182,0.00020802312,0.0018802275,-0.0027800838,-0.0027800838,OK,0,0.10421759,0.023830967,4.9443682e-07,1.8482624e-05,15,1.5,0.02,0.04,-0.05,40,40,40,40,40,10,0
5.585,0.14561018,-0.007400356,-0.00020540985,0.0020831664,-0.14561018,0.007400356,0.00020540985,-0.0020831664,0.0026597912,0.0026597912,OK,0,0.1043236,0.023831241,4.9464778e-07,1.8504321e-05,15,1.5,0.02,0.04,-0.05,40,40,40,40,40,10,0
5.59,0.14560394,0.0060553206,-0.00020456691,-0.0019017724,-0.14560394,-0.0060553206,0.00020456691,0.0019017724,-0.0027668707,-0.0027668707,OK,0,0.1044296,0.023831424,4.9485702e-07,1.8522405e-05,15,1.5,0.02,0.04,-0.05,40,40,40,40,40,10,0
5.595,0.14561726,-0.0027739889,-0.00020827583,0.00084995253,-0.14561726,0.0027739889,0.00020827583,-0.00084995253,0.00095217698,0.00095217698,OK,0,0.10453562,0.023831462,4.9507392e-07,1.8526017e-05,15,1.5,0.02,0.04,-0.05,40,40,40,40,40,10,0
5.6,0.14560763,0.0034356682,-0.00020574702,-0.0009486408,-0.14560763,-0.0034356682,0.00020574702,0.0009486408,-0.0014595871,-0.0014595871,OK,0,0.10464163,0.023831522,4.9528558e-07,1.8530517e-05,15,1.5,0.02,0.04,-0.05,40,40,40,40,40,10,0
5.605,0.14561348,-0.0035258162,-0.00020692713,0.0010501745,-0.14561348,0.0035258162,0.00020692713,-0.0010501745,0.0012425919,0.0012425919,OK,0,0.10474765,0.023831584,4.9549967e-07,1.8536031e-05,15,1.5,0.02,0.04,-0.05,40,40,40,40,40,10,0
5.61,0.14561568,0.0030447286,-0.00020760148,-0.00091528267,-0.14561568,-0.0030447286,0.00020760148,0.00091528267,-0.0014528434,-0.0014528434,OK,0,0.10485367,0.02383163,4.9571516e-07,1.854022e-05,15,1.5,0.02,0.04,-0.05,40,40,40,40,40,10,0
5.615,0.14560084,-0.0038084631,-0.00020355505,0.0010812452,-0.14560084,0.0038084631,0.00020355505,-0.0010812452,0.0013282203,0.0013282203,OK,0,0.10495967,0.023831703,4.9592234e-07,1.8546065e-05,15,1.5,0.02,0.04,-0.05,40,40,40,40,40,10,0
5.62,0.14562556,0.0076469222,-0.00021055192,-0.00213895,-0.14562556,-0.0076469222,0.00021055192,0.00213895,-0.0031483157,-0.0031483157,OK,0,0.1050657,0.023831995,4.96144e-07,1.8568941e-05,15,1.5,0.02,0.04,-0.05,40,40,40,40,40,10,0
5.625,0.14562154,-0.0064741715,-0.00020861299,0.0020333362,-0.14562154,0.0064741715,0.00020861299,-0.0020333362,0.0025742734,0.0025742734,OK,0,0.10517173,0.023832204,4.9636159e-07,1.8589613e-05,15,1.5,0.02,0.04,-0.05,40,40,40,40,40,10,0
5.63,0.14560029,0.0020517617,-0.00020304962,-0.00069896821,-0.14560029,-0.0020517617,0.00020304962,0.00069896821,-0.0011001203,-0.0011001203,OK,0,0.10527772,0.023832226,4.9656774e-07,1.8592056e-05,15,1.5,0.02,0.04,-0.05,40,40,40,40,40,10,0
5.635,0.1456202,0.00041414079,-0.00020827582,-0.00011136529,-0.1456202,-0.00041414079,0.00020827582,0.00011136529,-0.00036221561,-0.00036221561,OK,0,0.10538375,0.023832226,4.9678463e-07,1.8592118e-05,15,1.5,0.02,0.04,-0.05,40,40,40,40,40,10,0
5.64,0.14560634,-6.3834784e-05,-0.00020473549,5.1206128e-05,-0.14560634,6.3834784e-05,0.00020473549,-5.1206128e-05,-8.464977e-05,-8.464977e-05,OK,0,0.10548976,0.023832226,4.9699422e-07,1.8592131e-05,15,1.5,0.02,0.04,-0.05,40,40,40,40,40,10,0
5.645,0.14561019,-0.0026545817,-0.00020574701,0.00065596905,-0.14561019,0.0026545817,0.00020574701,-0.00065596905,0.00070376908,0.00070376908,OK,0,0.10559577,0.023832262,4.9720587e-07,1.8594283e-05,15,1.5,0.02,0.04,-0.05,40,40,40,40,40,10,0
5.65,0.14561447,0.0031480207,-0.00020743288,-0.00099951556,-0.14561447,-0.0031480207,0.00020743288,0.00099951556,-0.0015725562,-0.0015725562,OK,0,0.10570179,0.023832311,4.9742102e-07,1.8599278e-05,15,1.5,0.02,0.04,-0.05,40,40,40,40,40,10,0
5.655,0.1456042,-0.0014715888,-0.00020507266,0.00046391963,-0.1456042,0.0014715888,0.00020507266,-0.00046391963,0.00047300999,0.00047300999,OK,0,0.10580779,0.023832322,4.9763129e-07,1.8600354e-05,15,1.5,0.02,0.04,-0.05,40,40,40,40,40,10,0
5.66,0.14561317,-0.00086181013,-0.00020726429,0.00014562757,-0.14561317,0.00086181013,0.00020726429,-0.00014562757,-1.2731894e-05,-1.2731894e-05,OK,0,0.10591381,0.023832326,4.9784608e-07,1.860046e-05,15,1.5,0.02,0.04,-0.05,40,40,40,40,40,10,0
5.665,0.14561129,0.0015619936,-0.00020726429,-0.00049494354,-0.14561129,-0.0015619936,0.00020726429,0.00049494354,-0.00087667412,-0.00087667412,OK,0,0.10601982,0.023832338,4.9806088e-07,1.8601685e-05,15,1.5,0.02,0.04,-0.05,40,40,40,40,40,10,0
5.67,0.14561275,0.0027030303,-0.00020777005,-0.00063873523,-0.14561275,-0.0027030303,0.00020777005,0.00063873523,-0.0010542773,-0.0010542773,OK,0,0.10612583,0.023832374,4.9827672e-07,1.8603725e-05,15,1.5,0.02,0.04,-0.05,40,40,40,40,40,10,0
5.675,0.14560704,0.001184369,-0.000205747,-7.777717e-05,-0.14560704,-0.001184369,0.000205747,7.777717e-05,-0.00024335514,-0.00024335514,OK,0,0.10623184,0.023832381,4.9848838e-07,1.8603755e-05,15,1.5,0.02,0.04,-0.05,40,40,40,40,40,10,0
5.68,0.14560931,-0.0016142428,-0.00020524124,0.00061942159,-0.14560931,0.0016142428,0.00020524124,-0.00061942159,0.00069813023,0.00069813023,OK,0,0.10633785,0.023832395,4.98699e-07,1.8605673e-05,15,1.5,0.02,0.04,-0.05,40,40,40,40,40,10,0
5.685,0.14561877,-0.00065606767,-0.00020692711,0.0001720427,-0.14561877,0.00065606767,0.00020692711,-0.0001720427,4.0290233e-05,4.0290233e-05,OK,0,0.10644388,0.023832397,4.9891309e-07,1.8605821e-05,15,1.5,0.02,0.04,-0.05,40,40,40,40,40,10,0
5.69,0.1456084,0.0018396017,-0.00020456689,-0.00049760009,-0.1456084,-0.0018396017,0.00020456689,0.00049760009,-0.00082915129,-0.00082915129,OK,0,0.10654988,0.023832414,4.9912233e-07,1.8607059e-05,15,1.5,0.02,0.04,-0.05,40,40,40,40,40,10,0
5.695,0.14560899,-0.0042224926,-0.00020456688,0.0011388962,-0.14560899,0.0042224926,0.00020456688,-0.0011388962,0.0013831211,0.0013831211,OK,0,0.10665589,0.023832503,4.9933157e-07,1.8613545e-05,15,1.5,0.02,0.04,-0.05,40,40,40,40,40,10,0
5.7,0.14562281,0.0025538757,-0.00020861297,-0.00090886409,-0.14562281,-0.0025538757,0.00020861297,0.00090886409,-0.0014778794,-0.0014778794,OK,0,0.10676192,0.023832535,4.9954916e-07,1.8617675e-05,15,1.5,0.02,0.04,-0.05,40,40,40,40,40,10,0
5.705,0.1456052,-0.0043270432,-0.00020473547,0.0010999549,-0.1456052,0.0043270432,0.00020473547,-0.0010999549,0.0013179225,0.0013179225,OK,0,0.10686793,0.023832629,4.9975875e-07,1.8623724e-05,15,1.5,0.02,0.04,-0.05,40,40,40,40,40,10,0
5.71,0.14562275,0.0047108392,-0.00021013026,-0.0015129121,-0.14562275,-0.0047108392,0.00021013026,0.0015129121,-0.0023204335,-0.0023204335,OK,0,0.10697396,0.02383274,4.9997952e-07,1.8635169e-05,15,1.5,0.02,0.04,-0.05,40,40,40,40,40,10,0
5.715,0.14560747,-0.0082364754,-0.00020658992,0.0021851015,-0.14560747,0.0082364754,0.00020658992,-0.0021851015,0.0027614939,0.0027614939,OK,0,0.10707997,0.023833079,5.0019292e-07,1.8659042e-05,15,1.5,0.02,0.04,-0.05,40,40,40,40,40,10,0
5.72,0.14562178,0.010187873,-0.00021131036,-0.0030669794,-0.14562178,-0.010187873,0.00021131036,0.0030669794,-0.0044501741,-0.0044501741,OK,0,0.107186,0.023833598,5.0041618e-07,1.8706074e-05,15,1.5,0.02,0.04,-0.05,40,40,40,40,40,10,0
5.725,0.14562423,-0.0058452317,-0.00021215329,0.0018545102,-0.14562423,0.0058452317,0.00021215329,-0.0018545102,0.0022781412,0.0022781412,OK,0,0.10729203,0.023833769,5.0064122e-07,1.872327e-05,15,1.5,0.02,0.04,-0.05,40,40,40,40,40,10,0
5.73,0.14560509,0.00226335,-0.00020675851,-0.00070943831,-0.14560509,-0.00226335,0.00020675851,0.00070943831,-0.0011628992,-0.0011628992,OK,0,0.10739803,0.023833795,5.0085497e-07,1.8725787e-05,15,1.5,0.02,0.04,-0.05,40,40,40,40,40,10,0
5.735,0.1456255,0.00054290158,-0.00021223775,-8.8270321e-05,-0.1456255,-0.00054290158,0.00021223775,8.8270321e-05,-0.00038174566,-0.00038174566,OK,0,0.10750407,0.023833796,5.0108019e-07,1.8725826e-05,15,1.5,0.02,0.04,-0.05,40,40,40,40,40,10,0
5.74,0.14560277,-0.0047712185,-0.00020591557,0.0012885792,-0.14560277,0.0047712185,0.00020591557,-0.0012885792,0.001565342,0.001565342,OK,0,0.10761007,0.02383391,5.012922e-07,1.8734128e-05,15,1.5,0.02,0.04,-0.05,40,40,40,40,40,10,0
5.745,0.14562384,0.0070249167,-0.00021215329,-0.0020692135,-0.14562384,-0.0070249167,0.00021215329,0.0020692135,-0.0030926462,-0.0030926462,OK,0,0.1077161,0.023834157,5.0151724e-07,1.8755536e-05,15,1.5,0.02,0.04,-0.05,40,40,40,40,40,10,0
5.75,0.14561695,-0.0070187976,-0.00020996165,0.002071177,-0.14561695,0.0070187976,0.00020996165,-0.002071177,0.0025889277,0.0025889277,OK,0,0.10782212,0.023834403,5.0173766e-07,1.8776985e-05,15,1.5,0.02,0.04,-0.05,40,40,40,40,40,10,0
5.755,0.14561246,0.0063453557,-0.00020895013,-0.0018764271,-0.14561246,-0.0063453557,0.00020895013,0.0018764271,-0.0027828292,-0.0027828292,OK,0,0.10792813,0.023834604,5.0195596e-07,1.879459e-05,15,1.5,0.02,0.04,-0.05,40,40,40,40,40,10,0
5.76,0.14561518,-0.004904513,-0.00020945589,0.0014841191,-0.14561518,0.004904513,0.00020945589,-0.0014841191,0.0018004633,0.0018004633,OK,0,0.10803415,0.023834724,5.0217532e-07,1.8805603e-05,15,1.5,0.02,0.04,-0.05,40,40,40,40,40,10,0
5.765,0.14561777,0.0073342728,-0.00021013024,-0.0020097135,-0.14561777,-0.0073342728,0.00021013024,0.0020097135,-0.0029607977,-0.0029607977,OK,0,0.10814018,0.023834993,5.023961e-07,1.8825798e-05,15,1.5,0.02,0.04,-0.05,40,40,40,40,40,10,0
5.77,0.14561247,-0.0065791064,-0.00020810719,0.0020566135,-0.14561247,0.0065791064,0.00020810719,-0.0020566135,0.0026123974,0.0026123974,OK,0,0.10824619,0.02383521,5.0261264e-07,1.8846946e-05,15,1.5,0.02,0.04,-0.05,40,40,40,40,40,10,0
5.775,0.14561987,0.0019568339,-0.00020962448,-0.00070044983,-0.14561987,-0.0019568339,0.00020962448,0.00070044983,-0.0012043712,-0.0012043712,OK,0,0.10835222,0.023835229,5.0283235e-07,1.8849399e-05,15,1.5,0.02,0.04,-0.05,40,40,40,40,40,10,0
5.78,0.14561009,0.00027888656,-0.00020760143,-5.4293193e-05,-0.14561009,-0.00027888656,0.00020760143,5.4293193e-05,-0.00027210394,-0.00027210394,OK,0,0.10845823,0.023835229,5.0304784e-07,1.8849414e-05,15,1.5,0.02,0.04,-0.05,40,40,40,40,40,10,0
5.785,0.1456246,-0.00016993726,-0.00021114176,5.4255236e-05,-0.1456246,0.00016993726,0.00021114176,-5.4255236e-05,-0.00018004905,-0.00018004905,OK,0,0.10856426,0.02383523,5.0327075e-07,1.8849428e-05,15,1.5,0.02,0.04,-0.05,40,40,40,40,40,10,0
5.79,0.14560861,-0.00038236478,-0.00020709567,0.00010992668,-0.14560861,0.00038236478,0.00020709567,-0.00010992668,-4.4667332e-05,-4.4667332e-05,OK,0,0.10867027,0.02383523,5.0348519e-07,1.8849489e-05,15,1.5,0.02,0.04,-0.05,40,40,40,40,40,10,0
5.795,0.14562087,-0.00050506253,-0.00021013023,8.7283865e-05,-0.14562087,0.00050506253,0.00021013023,-8.7283865e-05,-0.00012881272,-0.00012881272,OK,0,0.1087763,0.023835232,5.0370596e-07,1.8849527e-05,15,1.5,0.02,0.04,-0.05,40,40,40,40,40,10,0
5.8,0.14561774,0.0041687565,-0.00020979306,-0.0010916628,-0.14561774,-0.0041687565,0.00020979306,0.0010916628,-0.0017052849,-0.0017052849,OK,0,0.10888232,0.023835318,5.0392603e-07,1.8855486e-05,15,1.5,0.02,0.04,-0.05,40,40,40,40,40,10,0
5.805,0.14560716,-0.0030881528,-0.00020625273,0.0010474958,-0.14560716,0.0030881528,0.00020625273,-0.0010474958,0.0012660699,0.0012660699,OK,0,0.10898833,0.023835366,5.0413873e-07,1.8860972e-05,15,1.5,0.02,0.04,-0.05,40,40,40,40,40,10,0
5.81,0.14562584,0.003472935,-0.00021063599,-0.00093429273,-0.14562584,-0.003472935,0.00021063599,0.00093429273,-0.0015095448,-0.0015095448,OK,0,0.10909436,0.023835426,5.0436057e-07,1.8865336e-05,15,1.5,0.02,0.04,-0.05,40,40,40,40,40,10,0
5.815,0.14560788,-0.0083148096,-0.00020557837,0.0022964961,-0.14560788,0.0083148096,0.00020557837,-0.0022964961,0.0029406338,0.0029406338,OK,0,0.10920037,0.023835772,5.0457188e-07,1.8891706e-05,15,1.5,0.02,0.04,-0.05,40,40,40,40,40,10,0
5.82,0.14562249,0.010365756,-0.00021013023,-0.0030586292,-0.14562249,-0.010365756,0.00021013023,0.0030586292,-0.0044128172,-0.0044128172,OK,0,0.1093064,0.023836309,5.0479265e-07,1.8938482e-05,15,1.5,0.02,0.04,-0.05,40,40,40,40,40,10,0
5.825,0.14562618,-0.0056128201,-0.00021080457,0.0018413256,-0.14562618,0.0056128201,0.00021080457,-0.0018413256,0.0022879307,0.0022879307,OK,0,0.10941243,0.023836467,5.0501485e-07,1.8955434e-05,15,1.5,0.02,0.04,-0.05,40,40,40,40,40,10,0
5.83,0.145608,0.0025119952,-0.00020574696,-0.00072855643,-0.145608,-0.0025119952,0.00020574696,0.00072855643,-0.0011663992,-0.0011663992,OK,0,0.10951844,0.023836498,5.0522651e-07,1.8958088e-05,15,1.5,0.02,0.04,-0.05,40,40,40,40,40,10,0
5.835,0.14562983,0.00079007233,-0.00021114174,-0.00010600725,-0.14562983,-0.00079007233,0.00021114174,0.00010600725,-0.00038193759,-0.00038193759,OK,0,0.10962448,0.023836502,5.0544941e-07,1.8958144e-05,15,1.5,0.02,0.04,-0.05,40,40,40,40,40,10,0
5.84,0.14560818,-0.0045196254,-0.00020507261,0.0012700009,-0.14560818,0.0045196254,0.00020507261,-0.0012700009,0.0015602909,0.0015602909,OK,0,0.10973049,0.023836604,5.0565968e-07,1.8966209e-05,15,1.5,0.02,0.04,-0.05,40,40,40,40,40,10,0
5.845,0.14563068,0.0072753175,-0.0002112262,-0.0020861852,-0.14563068,-0.0072753175,0.0002112262,0.0020861852,-0.0030940446,-0.0030940446,OK,0,0.10983653,0.023836868,5.0588277e-07,1.898797e-05,15,1.5,0.02,0.04,-0.05,40,40,40,40,40,10,0
5.85,0.14562489,-0.006762574,-0.00020928728,0.0020532401,-0.14562489,0.006762574,0.00020928728,-0.0020532401,0.0025825458,0.0025825458,OK,0,0.10994257,0.023837097,5.0610177e-07,1.9009049e-05,15,1.5,0.02,0.04,-0.05,40,40,40,40,40,10,0
5.855,0.14560234,0.0017798816,-0.00020355532,-0.00068514707,-0.14560234,-0.0017798816,0.00020355532,0.00068514707,-0.0010978084,-0.0010978084,OK,0,0.11004857,0.023837113,5.0630895e-07,1.9011396e-05,15,1.5,0.02,0.04,-0.05,40,40,40,40,40,10,0
5.86,0.14563525,0.0049657439,-0.00021249044,-0.0013061051,-0.14563525,-0.0049657439,0.00021249044,0.0013061051,-0.0020351795,-0.0020351795,OK,0,0.11015461,0.023837236,5.0653471e-07,1.9019925e-05,15,1.5,0.02,0.04,-0.05,40,40,40,40,40,10,0
5.865,0.1456225,-0.0075583255,-0.00020844434,0.0022233674,-0.1456225,0.0075583255,0.00020844434,-0.0022233674,0.0028185029,0.0028185029,OK,0,0.11026064,0.023837522,5.0675195e-07,1.9044642e-05,15,1.5,0.02,0.04,-0.05,40,40,40,40,40,10,0
5.87,0.14561629,0.0061385793,-0.00020709565,-0.0018573089,-0.14561629,-0.0061385793,0.00020709565,0.0018573089,-0.0027345292,-0.0027345292,OK,0,0.11036666,0.02383771,5.069664e-07,1.906189e-05,15,1.5,0.02,0.04,-0.05,40,40,40,40,40,10,0
5.875,0.14561826,-0.0050386998,-0.00020751728,0.0014749636,-0.14561826,0.0050386998,0.00020751728,-0.0014749636,0.0018105035,0.0018105035,OK,0,0.11047269,0.023837837,5.0718171e-07,1.9072768e-05,15,1.5,0.02,0.04,-0.05,40,40,40,40,40,10,0
5.88,0.14562021,0.0072174312,-0.00020827575,-0.0020249551,-0.14562021,-0.0072174312,0.00020827575,0.0020249551,-0.0029604673,-0.0029604673,OK,0,0.11057871,0.023838098,5.0739861e-07,1.909327e-05,15,1.5,0.02,0.04,-0.05,40,40,40,40,40,10,0
5.885,0.1456145,-0.006693048,-0.00020616858,0.0020410073,-0.1456145,0.006693048,0.00020616858,-0.0020410073,0.0026135504,0.0026135504,OK,0,0.11068473,0.023838322,5.0761113e-07,1.9114099e-05,15,1.5,0.02,0.04,-0.05,40,40,40,40,40,10,0
5.89,0.1456308,0.0066572225,-0.00021038326,-0.0019213049,-0.1456308,-0.0066572225,0.00021038326,0.0019213049,-0.0028588012,-0.0028588012,OK,0,0.11079077,0.023838543,5.0783244e-07,1.9132556e-05,15,1.5,0.02,0.04,-0.05,40,40,40,40,40,10,0
5.895,0.1456231,-0.0070460525,-0.00020785444,0.0020831829,-0.1456231,0.0070460525,0.00020785444,-0.0020831829,0.0026375776,0.0026375776,OK,0,0.1108968,0.023838791,5.0804846e-07,1.9154254e-05,15,1.5,0.02,0.04,-0.05,40,40,40,40,40,10,0
5.9,0.14561856,0.0063937563,-0.00020701151,-0.0018935183,-0.14561856,-0.0063937563,0.00020701151,0.0018935183,-0.0027773285,-0.0027773285,OK,0,0.11100283,0.023838996,5.0826273e-07,1.9172181e-05,15,1.5,0.02,0.04,-0.05,40,40,40,40,40,10,0
5.905,0.14561431,-0.0023926238,-0.0002058314,0.00086280659,-0.14561431,0.0023926238,0.0002058314,-0.00086280659,0.0010233201,0.0010233201,OK,0,0.11110885,0.023839024,5.0847456e-07,1.9175903e-05,15,1.5,0.02,0.04,-0.05,40,40,40,40,40,10,0
5.91,0.14562105,-0.0009859864,-0.00020701151,0.00022493855,-0.14562105,0.0009859864,0.00020701151,-0.00022493855,0.00010521674,0.00010521674,OK,0,0.11121487,0.023839029,5.0868883e-07,1.9176156e-05,15,1.5,0.02,0.04,-0.05,40,40,40,40,40,10,0
5.915,0.14562155,0.0015653674,-0.00020734868,-0.00048613871,-0.14562155,-0.0015653674,0.00020734868,0.00048613871,-0.00086439263,-0.00086439263,OK,0,0.1113209,0.023839042,5.0890379e-07,1.9177338e-05,15,1.5,0.02,0.04,-0.05,40,40,40,40,40,10,0
5.92,0.14561849,0.0027806905,-0.00020667433,-0.00063814503,-0.14561849,-0.0027806905,0.00020667433,0.00063814503,-0.0010337351,-0.0010337351,OK,0,0.11142692,0.02383908,5.0911737e-07,1.9179374e-05,15,1.5,0.02,0.04,-0.05,40,40,40,40,40,10,0
5.925,0.14562299,0.0012472435,-0.0002070115,-9.0949036e-05,-0.14562299,-0.0012472435,0.0002070115,9.0949036e-05,-0.00027924663,-0.00027924663,OK,0,0.11153296,0.023839088,5.0933164e-07,1.9179415e-05,15,1.5,0.02,0.04,-0.05,40,40,40,40,40,10,0
5.93,0.1456137,0.00089218555,-0.00020347118,2.2904837e-05,-0.1456137,-0.00089218555,0.00020347118,-2.2904837e-05,-6.9748901e-05,-6.9748901e-05,OK,0,0.11163897,0.023839092,5.0953864e-07,1.9179418e-05,15,1.5,0.02,0.04,-0.05,40,40,40,40,40,10,0
5.935,0.14563211,0.00073594226,-0.0002070115,1.4945204e-05,-0.14563211,-0.00073594226,0.0002070115,-1.4945204e-05,-0.00014067478,-0.00014067478,OK,0,0.11174502,0.023839095,5.0975291e-07,1.9179419e-05,15,1.5,0.02,0.04,-0.05,40,40,40,40,40,10,0
5.94,0.14561113,-0.0042282152,-0.0002008579,0.0012526972,-0.14561113,0.0042282152,0.0002008579,-0.0012526972,0.0016092713,0.0016092713,OK,0,0.11185103,0.023839184,5.0995463e-07,1.9187265e-05,15,1.5,0.02,0.04,-0.05,40,40,40,40,40,10,0
5.945,0.14563028,0.0052359062,-0.00020616857,-0.0015296065,-0.14563028,-0.0052359062,0.00020616857,0.0015296065,-0.0022648965,-0.0022648965,OK,0,0.11195707,0.023839321,5.1016715e-07,1.9198964e-05,15,1.5,0.02,0.04,-0.05,40,40,40,40,40,10,0
5.95,0.14561807,-0.0076231579,-0.00020262823,0.0021351408,-0.14561807,0.0076231579,0.00020262823,-0.0021351408,0.0027707229,0.0027707229,OK,0,0.11206309,0.023839612,5.1037244e-07,1.9221758e-05,15,1.5,0.02,0.04,-0.05,40,40,40,40,40,10,0
5.955,0.14563039,0.0059579613,-0.00020667432,-0.0019184228,-0.14563039,-0.0059579613,0.00020667432,0.0019184228,-0.0028268228,-0.0028268228,OK,0,0.11216913,0.023839789,5.1058602e-07,1.924016e-05,15,1.5,0.02,0.04,-0.05,40,40,40,40,40,10,0
5.96,0.14561935,-0.0077024112,-0.00020414551,0.0020692387,-0.14561935,0.0077024112,0.00020414551,-0.0020692387,0.002645966,0.002645966,OK,0,0.11227516,0.023840086,5.1079439e-07,1.9261568e-05,15,1.5,0.02,0.04,-0.05,40,40,40,40,40,10,0
5.965,0.14562368,0.0081539026,-0.00020633715,-0.0025137611,-0.14562368,-0.0081539026,0.00020633715,0.0025137611,-0.0036270693,-0.0036270693,OK,0,0.11238119,0.023840418,5.1100727e-07,1.9293163e-05,15,1.5,0.02,0.04,-0.05,40,40,40,40,40,10,0
5.97,0.14561983,-0.0067042584,-0.0002054942,0.0019352562,-0.14561983,0.0067042584,0.0002054942,-0.0019352562,0.0024646974,0.0024646974,OK,0,0.11248722,0.023840643,5.1121841e-07,1.9311889e-05,15,1.5,0.02,0.04,-0.05,40,40,40,40,40,10,0
5.975,0.14562586,0.0064670776,-0.00020751725,-0.0019424517,-0.14562586,-0.0064670776,0.00020751725,0.0019424517,-0.002855236,-0.002855236,OK,0,0.11259325,0.023840852,5.1143372e-07,1.9330755e-05,15,1.5,0.02,0.04,-0.05,40,40,40,40,40,10,0
5.98,0.14561701,-0.0072639771,-0.00020515703,0.0020620265,-0.14561701,0.0072639771,0.00020515703,-0.0020620265,0.0026374654,0.0026374654,OK,0,0.11269927,0.023841116,5.1164417e-07,1.9352015e-05,15,1.5,0.02,0.04,-0.05,40,40,40,40,40,10,0
5.985,0.14563052,0.0061271416,-0.00020937171,-0.0019154848,-0.14563052,-0.0061271416,0.00020937171,0.0019154848,-0.0028561067,-0.0028561067,OK,0,0.11280531,0.023841304,5.1186335e-07,1.937036e-05,15,1.5,0.02,0.04,-0.05,40,40,40,40,40,10,0
5.99,0.14561998,-0.0075735768,-0.00020701148,0.0020880299,-0.14561998,0.0075735768,0.00020701148,-0.0020880299,0.0026363291,0.0026363291,OK,0,0.11291134,0.02384159,5.1207762e-07,1.939216e-05,15,1.5,0.02,0.04,-0.05,40,40,40,40,40,10,0
5.995,0.14562497,0.0082709791,-0.00020903453,-0.0024905496,-0.14562497,-0.0082709791,0.00020903453,0.0024905496,-0.0036280038,-0.0036280038,OK,0,0.11301737,0.023841932,5.122961e-07,1.9423174e-05,15,1.5,0.02,0.04,-0.05,40,40,40,40,40,10,0
6,0.1456216,-0.0065859626,-0.00020819159,0.0019577649,-0.1456216,0.0065859626,0.00020819159,-0.0019577649,0.0024627669,0.0024627669,OK,0,0.1131234,0.023842149,5.1251282e-07,1.9442338e-05,15,1.5,0.02,0.04,-0.05,40,40,40,40,40,10,0
6.005,0.14561877,0.0066043602,-0.00020751724,-0.0019183304,-0.14561877,-0.0066043602,0.00020751724,0.0019183304,-0.0028137045,-0.0028137045,OK,0,0.11322942,0.023842367,5.1272814e-07,1.9460738e-05,15,1.5,0.02,0.04,-0.05,40,40,40,40,40,10,0
6.01,0.14563487,-0.0022728364,-0.00021105757,0.00085493106,-0.14563487,0.0022728364,0.00021105757,-0.00085493106,0.00093831691,0.00093831691,OK,0,0.11333547,0.023842393,5.1295086e-07,1.9464392e-05,15,1.5,0.02,0.04,-0.05,40,40,40,40,40,10,0
6.015,0.14561323,-0.00087923586,-0.00020490397,0.00026475838,-0.14561323,0.00087923586,0.00020490397,-0.00026475838,0.00020067313,0.00020067313,OK,0,0.11344149,0.023842397,5.1316079e-07,1.9464743e-05,15,1.5,0.02,0.04,-0.05,40,40,40,40,40,10,0
6.02,0.14563838,0.0041694557,-0.00021139474,-0.0011060101,-0.14563838,-0.0041694557,0.00021139474,0.0011060101,-0.0017503904,-0.0017503904,OK,0,0.11354754,0.023842484,5.1338423e-07,1.9470859e-05,15,1.5,0.02,0.04,-0.05,40,40,40,40,40,10,0
6.025,0.14562287,-0.0079461665,-0.00020684255,0.0022592663,-0.14562287,0.0079461665,0.00020684255,-0.0022592663,0.0028808721,0.0028808721,OK,0,0.11365357,0.0238428,5.1359815e-07,1.9496381e-05,15,1.5,0.02,0.04,-0.05,40,40,40,40,40,10,0
6.03,0.14561467,0.0058401985,-0.00020574691,-0.0018570611,-0.14561467,-0.0058401985,0.00020574691,0.0018570611,-0.0027258938,-0.0027258938,OK,0,0.11375959,0.02384297,5.1380981e-07,1.9513624e-05,15,1.5,0.02,0.04,-0.05,40,40,40,40,40,10,0
6.035,0.14562749,-0.0029169251,-0.00020895006,0.00086743225,-0.14562749,0.0029169251,0.00020895006,-0.00086743225,0.00096277031,0.00096277031,OK,0,0.11386563,0.023843013,5.1402811e-07,1.9517386e-05,15,1.5,0.02,0.04,-0.05,40,40,40,40,40,10,0
6.04,0.14561709,0.0033207908,-0.00020650571,-0.00094067714,-0.14561709,-0.0033207908,0.00020650571,0.00094067714,-0.0014634279,-0.0014634279,OK,0,0.11397165,0.023843068,5.1424133e-07,1.9521811e-05,15,1.5,0.02,0.04,-0.05,40,40,40,40,40,10,0
6.045,0.14562244,-0.0036338784,-0.00020760136,0.0010571049,-0.14562244,0.0036338784,0.00020760136,-0.0010571049,0.0012387306,0.0012387306,OK,0,0.11407768,0.023843134,5.1445682e-07,1.9527398e-05,15,1.5,0.02,0.04,-0.05,40,40,40,40,40,10,0
6.05,0.14562907,0.0078125261,-0.00020937169,-0.002115472,-0.14562907,-0.0078125261,0.00020937169,0.002115472,-0.0030887008,-0.0030887008,OK,0,0.11418372,0.023843439,5.14676e-07,1.9549774e-05,15,1.5,0.02,0.04,-0.05,40,40,40,40,40,10,0
6.055,0.14562572,-0.0062700307,-0.00020760135,0.0020213042,-0.14562572,0.0062700307,0.00020760135,-0.0020213042,0.0025796491,0.0025796491,OK,0,0.11428975,0.023843636,5.148915e-07,1.9570202e-05,15,1.5,0.02,0.04,-0.05,40,40,40,40,40,10,0
6.06,0.14562495,0.0070915244,-0.00020684255,-0.0019230892,-0.14562495,-0.0070915244,0.00020684255,0.0019230892,-0.0027911119,-0.0027911119,OK,0,0.11439578,0.023843887,5.1510542e-07,1.9588694e-05,15,1.5,0.02,0.04,-0.05,40,40,40,40,40,10,0
6.065,0.1456193,-0.0065720125,-0.00020456678,0.0020443969,-0.1456193,0.0065720125,0.00020456678,-0.0020443969,0.0026475992,0.0026475992,OK,0,0.11450181,0.023844103,5.1531465e-07,1.9609592e-05,15,1.5,0.02,0.04,-0.05,40,40,40,40,40,10,0
6.07,0.1456366,0.0068362006,-0.00020861288,-0.0019394807,-0.1456366,-0.0068362006,0.00020861288,0.0019394807,-0.0028522342,-0.0028522342,OK,0,0.11460786,0.023844337,5.1553225e-07,1.9628399e-05,15,1.5,0.02,0.04,-0.05,40,40,40,40,40,10,0
6.075,0.14562952,-0.0068511003,-0.0002065057,0.0020599392,-0.14562952,0.0068511003,0.0002065057,-0.0020599392,0.0026308697,0.0026308697,OK,0,0.1147139,0.023844572,5.1574547e-07,1.9649616e-05,15,1.5,0.02,0.04,-0.05,40,40,40,40,40,10,0
6.08,0.14562598,0.006586504,-0.00020574689,-0.0019144059,-0.14562598,-0.006586504,0.00020574689,0.0019144059,-0.0027818325,-0.0027818325,OK,0,0.11481993,0.023844788,5.1595713e-07,1.9667941e-05,15,1.5,0.02,0.04,-0.05,40,40,40,40,40,10,0
6.085,0.14561807,-0.0070635719,-0.00020321808,0.0020479797,-0.14561807,0.0070635719,0.00020321808,-0.0020479797,0.0026535168,0.0026535168,OK,0,0.11492596,0.023845038,5.1616362e-07,1.9688912e-05,15,1.5,0.02,0.04,-0.05,40,40,40,40,40,10,0
6.09,0.14563275,0.0063516593,-0.00020743276,-0.0019386398,-0.14563275,-0.0063516593,0.00020743276,0.0019386398,-0.0028527298,-0.0028527298,OK,0,0.115032,0.02384524,5.1637876e-07,1.9707704e-05,15,1.5,0.02,0.04,-0.05,40,40,40,40,40,10,0
6.095,0.14562331,-0.0073416619,-0.00020524112,0.0020626961,-0.14562331,0.0073416619,0.00020524112,-0.0020626961,0.002634227,0.002634227,OK,0,0.11513803,0.023845509,5.1658938e-07,1.9728977e-05,15,1.5,0.02,0.04,-0.05,40,40,40,40,40,10,0
6.1,0.1456295,0.0085035718,-0.00020734863,-0.0025152131,-0.1456295,-0.0085035718,0.00020734863,0.0025152131,-0.0036303163,-0.0036303163,OK,0,0.11524407,0.023845871,5.1680435e-07,1.9760609e-05,15,1.5,0.02,0.04,-0.05,40,40,40,40,40,10,0
6.105,0.14562733,-0.0063518506,-0.00020658982,0.0019335777,-0.14562733,0.0063518506,0.00020658982,-0.0019335777,0.0024599918,0.0024599918,OK,0,0.11535011,0.023846072,5.1701775e-07,1.9779302e-05,15,1.5,0.02,0.04,-0.05,40,40,40,40,40,10,0
6.11,0.14562563,0.0068404613,-0.00020608406,-0.0019420866,-0.14562563,-0.0068404613,0.00020608406,0.0019420866,-0.0028182599,-0.0028182599,OK,0,0.11545614,0.023846306,5.172301e-07,1.9798161e-05,15,1.5,0.02,0.04,-0.05,40,40,40,40,40,10,0
6.115,0.14561841,-0.0068614162,-0.00020406101,0.0020411028,-0.14561841,0.0068614162,0.00020406101,-0.0020411028,0.0026386506,0.0026386506,OK,0,0.11556217,0.023846542,5.174383e-07,1.9818991e-05,15,1.5,0.02,0.04,-0.05,40,40,40,40,40,10,0
6.12,0.14563421,0.0065335995,-0.0002081071,-0.0019373475,-0.14563421,-0.0065335995,0.0002081071,0.0019373475,-0.0028535996,-0.0028535996,OK,0,0.11566821,0.023846755,5.1765485e-07,1.9837758e-05,15,1.5,0.02,0.04,-0.05,40,40,40,40,40,10,0
6.125,0.14562585,-0.0071586193,-0.00020574688,0.0020637657,-0.14562585,0.0071586193,0.00020574688,-0.0020637657,0.0026356176,0.0026356176,OK,0,0.11577425,0.023847011,5.178665e-07,1.9859054e-05,15,1.5,0.02,0.04,-0.05,40,40,40,40,40,10,0
6.13,0.14562085,0.0062818715,-0.00020490394,-0.0019121681,-0.14562085,-0.0062818715,0.00020490394,0.0019121681,-0.0027781196,-0.0027781196,OK,0,0.11588027,0.023847209,5.1807643e-07,1.9877336e-05,15,1.5,0.02,0.04,-0.05,40,40,40,40,40,10,0
6.135,0.14563518,-0.0025429701,-0.00020878144,0.00084080274,-0.14563518,0.0025429701,0.00020878144,-0.00084080274,0.00094046731,0.00094046731,OK,0,0.11598632,0.023847241,5.1829438e-07,1.988087e-05,15,1.5,0.02,0.04,-0.05,40,40,40,40,40,10,0
6.14,0.14561937,0.0012556469,-0.00020456677,-0.00035154543,-0.14561937,-0.0012556469,0.00020456677,0.00035154543,-0.00063320635,-0.00063320635,OK,0,0.11609235,0.023847249,5.1850362e-07,1.9881488e-05,15,1.5,0.02,0.04,-0.05,40,40,40,40,40,10,0
6.145,0.14563746,0.00030661045,-0.00020878144,-3.8402197e-05,-0.14563746,-0.00030661045,0.00020878144,3.8402197e-05,-0.00026431132,-0.00026431132,OK,0,0.1161984,0.023847249,5.1872157e-07,1.9881496e-05,15,1.5,0.02,0.04,-0.05,40,40,40,40,40,10,0
6.15,0.14561363,-0.004827044,-0.00020288089,0.0012683762,-0.14561363,0.004827044,0.00020288089,-0.0012683762,0.0015785417,0.0015785417,OK,0,0.11630441,0.023847366,5.1892737e-07,1.9889539e-05,15,1.5,0.02,0.04,-0.05,40,40,40,40,40,10,0
6.155,0.14563498,0.0070004015,-0.00020878144,-0.0020993808,-0.14563498,-0.0070004015,0.00020878144,0.0020993808,-0.0030880772,-0.0030880772,OK,0,0.11641046,0.023847611,5.1914532e-07,1.9911576e-05,15,1.5,0.02,0.04,-0.05,40,40,40,40,40,10,0
6.16,0.14562785,-0.0070245224,-0.00020692698,0.0020360346,-0.14562785,0.0070245224,0.00020692698,-0.0020360346,0.0025817232,0.0025817232,OK,0,0.1165165,0.023847858,5.1935941e-07,1.9932304e-05,15,1.5,0.02,0.04,-0.05,40,40,40,40,40,10,0
6.165,0.14562326,0.0063417533,-0.00020616851,-0.0019098403,-0.14562326,-0.0063417533,0.00020616851,0.0019098403,-0.0027911528,-0.0027911528,OK,0,0.11662253,0.023848059,5.1957194e-07,1.9950541e-05,15,1.5,0.02,0.04,-0.05,40,40,40,40,40,10,0
6.17,0.14563807,-0.002498634,-0.00020979296,0.00084956822,-0.14563807,0.002498634,0.00020979296,-0.00084956822,0.000940274,0.000940274,OK,0,0.11672858,0.02384809,5.1979201e-07,1.995415e-05,15,1.5,0.02,0.04,-0.05,40,40,40,40,40,10,0
6.175,0.14561527,-0.0010986757,-0.00020372382,0.00025766461,-0.14561527,0.0010986757,0.00020372382,-0.00025766461,0.00019899797,0.00019899797,OK,0,0.1168346,0.023848096,5.1999952e-07,1.9954482e-05,15,1.5,0.02,0.04,-0.05,40,40,40,40,40,10,0
6.18,0.14563936,0.0039500772,-0.00021021459,-0.0011124725,-0.14563936,-0.0039500772,0.00021021459,0.0011124725,-0.0017511374,-0.0017511374,OK,0,0.11694066,0.023848174,5.2022047e-07,1.996067e-05,15,1.5,0.02,0.04,-0.05,40,40,40,40,40,10,0
6.185,0.1456227,-0.0081657458,-0.00020574686,0.0022532903,-0.1456227,0.0081657458,0.00020574686,-0.0022532903,0.0028795567,0.0028795567,OK,0,0.11704669,0.023848507,5.2043213e-07,1.9986056e-05,15,1.5,0.02,0.04,-0.05,40,40,40,40,40,10,0
6.19,0.14563307,0.0055777245,-0.00020911861,-0.0018654018,-0.14563307,-0.0055777245,0.00020911861,0.0018654018,-0.0027991115,-0.0027991115,OK,0,0.11715273,0.023848663,5.2065079e-07,2.0003455e-05,15,1.5,0.02,0.04,-0.05,40,40,40,40,40,10,0
6.195,0.14562005,-0.0080394598,-0.00020658979,0.0021047625,-0.14562005,0.0080394598,0.00020658979,-0.0021047625,0.0026491195,0.0026491195,OK,0,0.11725876,0.023848986,5.2086418e-07,2.0025605e-05,15,1.5,0.02,0.04,-0.05,40,40,40,40,40,10,0
6.2,0.14563471,0.010240177,-0.00021173187,-0.0030865757,-0.14563471,-0.010240177,0.00021173187,0.0030865757,-0.0044835404,-0.0044835404,OK,0,0.1173648,0.02384951,5.2108833e-07,2.007324e-05,15,1.5,0.02,0.04,-0.05,40,40,40,40,40,10,0
6.205,0.14563754,-0.0058244148,-0.00021240621,0.0018500083,-0.14563754,0.0058244148,0.00021240621,-0.0018500083,0.0022686935,0.0022686935,OK,0,0.11747086,0.02384968,5.2131392e-07,2.0090353e-05,15,1.5,0.02,0.04,-0.05,40,40,40,40,40,10,0
6.21,0.14561846,0.002286946,-0.00020709555,-0.00071265929,-0.14561846,-0.002286946,0.00020709555,0.00071265929,-0.0011715753,-0.0011715753,OK,0,0.11757688,0.023849706,5.2152836e-07,2.0092892e-05,15,1.5,0.02,0.04,-0.05,40,40,40,40,40,10,0
6.215,0.14563918,0.00057048984,-0.00021240621,-9.0687806e-05,-0.14563918,-0.00057048984,0.00021240621,9.0687806e-05,-0.00038652173,-0.00038652173,OK,0,0.11768293,0.023849708,5.2175394e-07,2.0092933e-05,15,1.5,0.02,0.04,-0.05,40,40,40,40,40,10,0
6.22,0.14561629,-0.0047339313,-0.0002064212,0.001284682,-0.14561629,0.0047339313,0.0002064212,-0.001284682,0.0015536736,0.0015536736,OK,0,0.11778895,0.02384982,5.2196699e-07,2.0101185e-05,15,1.5,0.02,0.04,-0.05,40,40,40,40,40,10,0
6.225,0.1456379,0.007062231,-0.00021232175,-0.0020706689,-0.1456379,-0.007062231,0.00021232175,0.0020706689,-0.0030955824,-0.0030955824,OK,0,0.11789501,0.023850069,5.2219239e-07,2.0122624e-05,15,1.5,0.02,0.04,-0.05,40,40,40,40,40,10,0
6.23,0.14563107,-0.0069687878,-0.0002102987,0.0020670829,-0.14563107,0.0069687878,0.0002102987,-0.0020670829,0.0025800139,0.0025800139,OK,0,0.11800105,0.023850312,5.2241352e-07,2.0143988e-05,15,1.5,0.02,0.04,-0.05,40,40,40,40,40,10,0
6.235,0.1456267,0.0063997681,-0.00020945577,-0.0018797828,-0.1456267,-0.0063997681,0.00020945577,0.0018797828,-0.002792986,-0.002792986,OK,0,0.11810708,0.023850517,5.2263288e-07,2.0161656e-05,15,1.5,0.02,0.04,-0.05,40,40,40,40,40,10,0
6.24,0.14564166,-0.0024382645,-0.00021308055,0.00087867862,-0.14564166,0.0024382645,0.00021308055,-0.00087867862,0.00093711233,0.00093711233,OK,0,0.11821314,0.023850547,5.228599e-07,2.0165516e-05,15,1.5,0.02,0.04,-0.05,40,40,40,40,40,10,0
6.245,0.14561928,-0.0010376293,-0.00020675837,0.000286573,-0.14561928,0.0010376293,0.00020675837,-0.000286573,0.00019936432,0.00019936432,OK,0,0.11831917,0.023850552,5.2307364e-07,2.0165927e-05,15,1.5,0.02,0.04,-0.05,40,40,40,40,40,10,0
6.25,0.14564372,0.0040171175,-0.00021308055,-0.0010858332,-0.14564372,-0.0040171175,0.00021308055,0.0010858332,-0.0017513991,-0.0017513991,OK,0,0.11842523,0.023850633,5.2330066e-07,2.0171822e-05,15,1.5,0.02,0.04,-0.05,40,40,40,40,40,10,0
6.255,0.14562754,-0.0080930876,-0.00020836011,0.0022779237,-0.14562754,0.0080930876,0.00020836011,-0.0022779237,0.0028803112,0.0028803112,OK,0,0.11853126,0.02385096,5.2351773e-07,2.0197766e-05,15,1.5,0.02,0.04,-0.05,40,40,40,40,40,10,0
6.26,0.14563801,0.0056572485,-0.00021190044,-0.0018432812,-0.14563801,-0.0056572485,0.00021190044,0.0018432812,-0.0028043784,-0.0028043784,OK,0,0.11863731,0.02385112,5.2374224e-07,2.0214755e-05,15,1.5,0.02,0.04,-0.05,40,40,40,40,40,10,0
6.265,0.14562553,-0.0079607423,-0.00020911858,0.0021276364,-0.14562553,0.0079607423,0.00020911858,-0.0021276364,0.0026487568,0.0026487568,OK,0,0.11874335,0.023851437,5.2396089e-07,2.0237389e-05,15,1.5,0.02,0.04,-0.05,40,40,40,40,40,10,0
6.27,0.14563584,0.0054579678,-0.0002128275,-0.0018601402,-0.14563584,-0.0054579678,0.0002128275,0.0018601402,-0.0028515872,-0.0028515872,OK,0,0.1188494,0.023851586,5.2418737e-07,2.025469e-05,15,1.5,0.02,0.04,-0.05,40,40,40,40,40,10,0
6.275,0.14562199,-0.0082298778,-0.00021021456,0.0021383326,-0.14562199,0.0082298778,0.00021021456,-0.0021383326,0.0026375252,0.0026375252,OK,0,0.11895543,0.023851925,5.2440832e-07,2.0277552e-05,15,1.5,0.02,0.04,-0.05,40,40,40,40,40,10,0
6.28,0.14563589,0.010036627,-0.000214935,-0.0030479999,-0.14563589,-0.010036627,0.000214935,0.0030479999,-0.004481842,-0.004481842,OK,0,0.11906148,0.023852428,5.246393e-07,2.0324004e-05,15,1.5,0.02,0.04,-0.05,40,40,40,40,40,10,0
6.285,0.14563771,-0.0060231983,-0.00021544076,0.0018862493,-0.14563771,0.0060231983,0.00021544076,-0.0018862493,0.0022695888,0.0022695888,OK,0,0.11916753,0.02385261,5.2487138e-07,2.0341793e-05,15,1.5,0.02,0.04,-0.05,40,40,40,40,40,10,0
6.29,0.14561754,0.002090802,-0.00021004597,-0.00067800267,-0.14561754,-0.002090802,0.00021004597,0.00067800267,-0.0011717107,-0.0011717107,OK,0,0.11927355,0.023852632,5.2509197e-07,2.0344092e-05,15,1.5,0.02,0.04,-0.05,40,40,40,40,40,10,0
6.295,0.14564457,0.0027830084,-0.00021695804,-0.00065988392,-0.14564457,-0.0027830084,0.00021695804,0.00065988392,-0.0012199848,-0.0012199848,OK,0,0.11937961,0.02385267,5.2532733e-07,2.0346269e-05,15,1.5,0.02,0.04,-0.05,40,40,40,40,40,10,0
6.3,0.1456243,-0.0085683718,-0.00021122607,0.0023971468,-0.1456243,0.0085683718,0.00021122607,-0.0023971468,0.0029970802,0.0029970802,OK,0,0.11948564,0.023853037,5.2555041e-07,2.0375e-05,15,1.5,0.02,0.04,-0.05,40,40,40,40,40,10,0
6.305,0.14563789,0.010213542,-0.00021544076,-0.0029969745,-0.14563789,-0.010213542,0.00021544076,0.0029969745,-0.0044057735,-0.0044057735,OK,0,0.1195917,0.023853559,5.2578248e-07,2.041991e-05,15,1.5,0.02,0.04,-0.05,40,40,40,40,40,10,0
6.31,0.14564114,-0.0057350855,-0.00021560934,0.0018927373,-0.14564114,0.0057350855,0.00021560934,-0.0018927373,0.0022883853,0.0022883853,OK,0,0.11969775,0.023853723,5.2601492e-07,2.0437822e-05,15,1.5,0.02,0.04,-0.05,40,40,40,40,40,10,0
6.315,0.14562251,0.0024095684,-0.00021021455,-0.00068335277,-0.14562251,-0.0024095684,0.00021021455,0.00068335277,-0.0011694145,-0.0011694145,OK,0,0.11980378,0.023853752,5.2623587e-07,2.0440157e-05,15,1.5,0.02,0.04,-0.05,40,40,40,40,40,10,0
6.32,0.14564382,0.00070192904,-0.00021544075,-6.4808551e-05,-0.14564382,-0.00070192904,0.00021544075,6.4808551e-05,-0.0003878705,-0.0003878705,OK,0,0.11990984,0.023853755,5.2646794e-07,2.0440178e-05,15,1.5,0.02,0.04,-0.05,40,40,40,40,40,10,0
6.325,0.14562157,-0.0045981321,-0.00020937161,0.0013090461,-0.14562157,0.0045981321,0.00020937161,-0.0013090461,0.001551501,0.001551501,OK,0,0.12001587,0.023853861,5.2668713e-07,2.0448746e-05,15,1.5,0.02,0.04,-0.05,40,40,40,40,40,10,0
6.33,0.14564374,0.0072018797,-0.00021527216,-0.0020474802,-0.14564374,-0.0072018797,0.00021527216,0.0020474802,-0.0030993527,-0.0030993527,OK,0,0.12012193,0.02385412,5.2691884e-07,2.0469707e-05,15,1.5,0.02,0.04,-0.05,40,40,40,40,40,10,0
6.335,0.14563768,-0.0068265691,-0.00021308053,0.0020897948,-0.14563768,0.0068265691,0.00021308053,-0.0020897948,0.0025781752,0.0025781752,OK,0,0.12022798,0.023854353,5.2714585e-07,2.0491543e-05,15,1.5,0.02,0.04,-0.05,40,40,40,40,40,10,0
6.34,0.14563409,0.0065476222,-0.00021206901,-0.0018587116,-0.14563409,-0.0065476222,0.00021206901,0.0018587116,-0.0027945157,-0.0027945157,OK,0,0.12033403,0.023854567,5.2737072e-07,2.0508817e-05,15,1.5,0.02,0.04,-0.05,40,40,40,40,40,10,0
6.345,0.14562586,-0.0071090138,-0.00020937161,0.0021065947,-0.14562586,0.0071090138,0.00020937161,-0.0021065947,0.0026474745,0.0026474745,OK,0,0.12044006,0.02385482,5.275899e-07,2.0531006e-05,15,1.5,0.02,0.04,-0.05,40,40,40,40,40,10,0
6.35,0.14564036,0.0063088967,-0.00021324911,-0.0018807996,-0.14564036,-0.0063088967,0.00021324911,0.0018807996,-0.002854773,-0.002854773,OK,0,0.12054612,0.023855019,5.2781728e-07,2.0548693e-05,15,1.5,0.02,0.04,-0.05,40,40,40,40,40,10,0
6.355,0.14563079,-0.0073764479,-0.0002107203,0.0021176302,-0.14563079,0.0073764479,0.0002107203,-0.0021176302,0.0026331987,0.0026331987,OK,0,0.12065216,0.023855291,5.2803929e-07,2.0571115e-05,15,1.5,0.02,0.04,-0.05,40,40,40,40,40,10,0
6.36,0.14563913,0.0036183507,-0.00021324911,-0.0012602309,-0.14563913,-0.0036183507,0.00021324911,0.0012602309,-0.0020315665,-0.0020315665,OK,0,0.12075821,0.023855357,5.2826667e-07,2.0579055e-05,15,1.5,0.02,0.04,-0.05,40,40,40,40,40,10,0
6.365,0.14562451,-0.0040303293,-0.00021021454,0.001060333,-0.14562451,0.0040303293,0.00021021454,-0.001060333,0.0011885583,0.0011885583,OK,0,0.12086425,0.023855438,5.2848762e-07,2.0584677e-05,15,1.5,0.02,0.04,-0.05,40,40,40,40,40,10,0
6.37,0.14563819,0.0024412352,-0.00021442922,-0.00088301283,-0.14563819,-0.0024412352,0.00021442922,0.00088301283,-0.0015305442,-0.0015305442,OK,0,0.1209703,0.023855468,5.2871752e-07,2.0588576e-05,15,1.5,0.02,0.04,-0.05,40,40,40,40,40,10,0
6.375,0.14562954,0.00031796707,-0.00021274334,-5.5251871e-05,-0.14562954,-0.00031796707,0.00021274334,5.5251871e-05,-0.00034871848,-0.00034871848,OK,0,0.12107634,0.023855468,5.2894382e-07,2.0588591e-05,15,1.5,0.02,0.04,-0.05,40,40,40,40,40,10,0
6.38,0.14563435,-0.0026230745,-0.00021375486,0.00069303882,-0.14563435,0.0026230745,0.00021375486,-0.00069303882,0.00064099931,0.00064099931,OK,0,0.12118239,0.023855502,5.2917227e-07,2.0590992e-05,15,1.5,0.02,0.04,-0.05,40,40,40,40,40,10,0
6.385,0.14563869,0.0031209528,-0.00021510356,-0.00093593226,-0.14563869,-0.0031209528,0.00021510356,0.00093593226,-0.00159284,-0.00159284,OK,0,0.12128844,0.023855551,5.2940362e-07,2.0595372e-05,15,1.5,0.02,0.04,-0.05,40,40,40,40,40,10,0
6.39,0.14562344,-0.0039018755,-0.00021122605,0.0011318727,-0.14562344,0.0039018755,0.00021122605,-0.0011318727,0.0012858119,0.0012858119,OK,0,0.12139447,0.023855627,5.296267e-07,2.0601778e-05,15,1.5,0.02,0.04,-0.05,40,40,40,40,40,10,0
6.395,0.14564806,0.007522767,-0.00021746378,-0.0020731012,-0.14564806,-0.007522767,0.00021746378,0.0020731012,-0.0031577367,-0.0031577367,OK,0,0.12150054,0.02385591,5.2986316e-07,2.0623267e-05,15,1.5,0.02,0.04,-0.05,40,40,40,40,40,10,0
6.4,0.14564323,-0.0065829248,-0.00021544073,0.0020957197,-0.14564323,0.0065829248,0.00021544073,-0.0020957197,0.0025615163,0.0025615163,OK,0,0.1216066,0.023856127,5.3009523e-07,2.0645227e-05,15,1.5,0.02,0.04,-0.05,40,40,40,40,40,10,0
6.405,0.14562167,0.0019532223,-0.00020937159,-0.00063794835,-0.14562167,-0.0019532223,0.00020937159,0.00063794835,-0.0011069341,-0.0011069341,OK,0,0.12171263,0.023856146,5.3031441e-07,2.0647262e-05,15,1.5,0.02,0.04,-0.05,40,40,40,40,40,10,0
6.41,0.14564085,0.0003336867,-0.00021459779,-5.4904936e-05,-0.14564085,-0.0003336867,0.00021459779,5.4904936e-05,-0.00037515991,-0.00037515991,OK,0,0.12181868,0.023856147,5.3054467e-07,2.0647277e-05,15,1.5,0.02,0.04,-0.05,40,40,40,40,40,10,0
6.415,0.14562667,-0.00013542443,-0.00021072029,0.00010682213,-0.14562667,0.00013542443,0.00021072029,-0.00010682213,-9.3454782e-05,-9.3454782e-05,OK,0,0.12192472,0.023856147,5.3076669e-07,2.0647334e-05,15,1.5,0.02,0.04,-0.05,40,40,40,40,40,10,0
6.42,0.14563981,-0.00030452069,-0.00021392344,0.00010558785,-0.14563981,0.00030452069,0.00021392344,-0.00010558785,-0.00014985455,-0.00014985455,OK,0,0.12203077,0.023856147,5.309955e-07,2.064739e-05,15,1.5,0.02,0.04,-0.05,40,40,40,40,40,10,0
6.425,0.14563536,0.0019281422,-0.00021274333,-0.00046515625,-0.14563536,-0.0019281422,0.00021274333,0.00046515625,-0.00089905147,-0.00089905147,OK,0,0.12213682,0.023856166,5.312218e-07,2.0648471e-05,15,1.5,0.02,0.04,-0.05,40,40,40,40,40,10,0
6.43,0.14563662,0.0030922091,-0.00021223757,-0.00060437731,-0.14563662,-0.0030922091,0.00021223757,0.00060437731,-0.0010537088,-0.0010537088,OK,0,0.12224287,0.023856214,5.3144703e-07,2.0650298e-05,15,1.5,0.02,0.04,-0.05,40,40,40,40,40,10,0
6.435,0.1456328,0.0016044452,-0.00021021452,-5.2263485e-05,-0.1456328,-0.0016044452,0.00021021452,5.2263485e-05,-0.00025477924,-0.00025477924,OK,0,0.12234891,0.023856226,5.3166798e-07,2.0650311e-05,15,1.5,0.02,0.04,-0.05,40,40,40,40,40,10,0
6.44,0.14563748,0.0036602973,-0.00020937159,-0.00056148792,-0.14563748,-0.0036602973,0.00020937159,0.00056148792,-0.00092364426,-0.00092364426,OK,0,0.12245497,0.023856293,5.3188716e-07,2.0651888e-05,15,1.5,0.02,0.04,-0.05,40,40,40,40,40,10,0
6.445,0.14562758,-0.0024579706,-0.00020473527,0.0011221941,-0.14562758,0.0024579706,0.00020473527,-0.0011221941,0.0014264949,0.0014264949,OK,0,0.122561,0.023856324,5.3209674e-07,2.0658184e-05,15,1.5,0.02,0.04,-0.05,40,40,40,40,40,10,0
6.45,0.14565026,0.004356416,-0.00020894995,-0.00095769352,-0.14565026,-0.004356416,0.00020894995,0.00095769352,-0.0014835277,-0.0014835277,OK,0,0.12266707,0.023856418,5.3231504e-07,2.066277e-05,15,1.5,0.02,0.04,-0.05,40,40,40,40,40,10,0
6.455,0.14563677,-0.0073643074,-0.00020422951,0.002250996,-0.14563677,0.0073643074,0.00020422951,-0.002250996,0.0029312144,0.0029312144,OK,0,0.12277312,0.02385669,5.3252359e-07,2.0688105e-05,15,1.5,0.02,0.04,-0.05,40,40,40,40,40,10,0
6.46,0.14563196,0.0065102541,-0.0002030494,-0.0018977932,-0.14563196,-0.0065102541,0.0002030494,0.0018977932,-0.0027193815,-0.0027193815,OK,0,0.12287917,0.023856902,5.3272974e-07,2.0706113e-05,15,1.5,0.02,0.04,-0.05,40,40,40,40,40,10,0
6.465,0.1456481,-0.0022178877,-0.00020658972,0.00081859942,-0.1456481,0.0022178877,0.00020658972,-0.00081859942,0.00095329979,0.00095329979,OK,0,0.12298523,0.023856926,5.3294313e-07,2.0709464e-05,15,1.5,0.02,0.04,-0.05,40,40,40,40,40,10,0
6.47,0.14562664,-0.00078829121,-0.00020085776,0.00021717209,-0.14562664,0.00078829121,0.00020085776,-0.00021717209,0.00019389288,0.00019389288,OK,0,0.12309127,0.023856929,5.3314485e-07,2.07097e-05,15,1.5,0.02,0.04,-0.05,40,40,40,40,40,10,0
6.475,0.14565258,0.0042658448,-0.00020726407,-0.0011525012,-0.14565258,-0.0042658448,0.00020726407,0.0011525012,-0.0017540274,-0.0017540274,OK,0,0.12319734,0.02385702,5.3335964e-07,2.0716341e-05,15,1.5,0.02,0.04,-0.05,40,40,40,40,40,10,0
6.48,0.14563732,-0.0078391856,-0.00020321798,0.0022118406,-0.14563732,0.0078391856,0.00020321798,-0.0022118406,0.0028686701,0.0028686701,OK,0,0.12330339,0.023857328,5.3356613e-07,2.0740802e-05,15,1.5,0.02,0.04,-0.05,40,40,40,40,40,10,0
6.485,0.14562996,0.0059460262,-0.00020203787,-0.0019006667,-0.14562996,-0.0059460262,0.00020203787,0.0019006667,-0.0027311279,-0.0027311279,OK,0,0.12340943,0.023857504,5.3377023e-07,2.0758865e-05,15,1.5,0.02,0.04,-0.05,40,40,40,40,40,10,0
6.49,0.14564305,-0.0028016989,-0.00020574678,0.00082343095,-0.14564305,0.0028016989,0.00020574678,-0.00082343095,0.00094973764,0.00094973764,OK,0,0.12351549,0.023857544,5.3398189e-07,2.0762255e-05,15,1.5,0.02,0.04,-0.05,40,40,40,40,40,10,0
6.495,0.14563351,0.0034348781,-0.00020321798,-0.00098078525,-0.14563351,-0.0034348781,0.00020321798,0.00098078525,-0.0014693821,-0.0014693821,OK,0,0.12362154,0.023857603,5.3418837e-07,2.0767065e-05,15,1.5,0.02,0.04,-0.05,40,40,40,40,40,10,0
6.5,0.14563924,-0.0035101617,-0.00020473526,0.0010165999,-0.14563924,0.0035101617,0.00020473526,-0.0010165999,0.0012262493,0.0012262493,OK,0,0.12372759,0.023857664,5.3439796e-07,2.0772232e-05,15,1.5,0.02,0.04,-0.05,40,40,40,40,40,10,0
6.505,0.14564171,0.0030716291,-0.00020540961,-0.00094759518,-0.14564171,-0.0030716291,0.00020540961,0.00094759518,-0.0014668374,-0.0014668374,OK,0,0.12383365,0.023857711,5.3460892e-07,2.0776722e-05,15,1.5,0.02,0.04,-0.05,40,40,40,40,40,10,0
6.51,0.14562669,-0.0037708215,-0.00020186927,0.0010497694,-0.14562669,0.0037708215,0.00020186927,-0.0010497694,0.001308316,0.001308316,OK,0,0.12393969,0.023857782,5.3481268e-07,2.0782232e-05,15,1.5,0.02,0.04,-0.05,40,40,40,40,40,10,0
6.515,0.14565184,0.0076870764,-0.00020878135,-0.0021662756,-0.14565184,-0.0076870764,0.00020878135,0.0021662756,-0.0031606139,-0.0031606139,OK,0,0.12404576,0.023858078,5.3503063e-07,2.0805696e-05,15,1.5,0.02,0.04,-0.05,40,40,40,40,40,10,0
6.52,0.14564795,-0.0064203989,-0.00020709547,0.0020056858,-0.14564795,0.0064203989,0.00020709547,-0.0020056858,0.0025582396,0.0025582396,OK,0,0.12415183,0.023858284,5.3524507e-07,2.0825809e-05,15,1.5,0.02,0.04,-0.05,40,40,40,40,40,10,0
6.525,0.14562696,0.0021141205,-0.00020170068,-0.00072490021,-0.14562696,-0.0021141205,0.00020170068,0.00072490021,-0.0011157566,-0.0011157566,OK,0,0.12425786,0.023858306,5.3544849e-07,2.0828437e-05,15,1.5,0.02,0.04,-0.05,40,40,40,40,40,10,0
6.53,0.14564716,0.00048599843,-0.00020709547,-0.00013592536,-0.14564716,-0.00048599843,0.00020709547,0.00013592536,-0.00037793696,-0.00037793696,OK,0,0.12436393,0.023858307,5.3566293e-07,2.0828529e-05,15,1.5,0.02,0.04,-0.05,40,40,40,40,40,10,0
6.535,0.14563364,1.7770877e-05,-0.00020372373,2.7944867e-05,-0.14563364,-1.7770877e-05,0.00020372373,-2.7944867e-05,-0.00010055502,-0.00010055502,OK,0,0.12446997,0.023858307,5.3587045e-07,2.0828533e-05,15,1.5,0.02,0.04,-0.05,40,40,40,40,40,10,0
6.54,0.14563804,-0.0025629878,-0.00020473525,0.00063395863,-0.14563804,0.0025629878,0.00020473525,-0.00063395863,0.00069015063,0.00069015063,OK,0,0.12457602,0.02385834,5.3608003e-07,2.0830543e-05,15,1.5,0.02,0.04,-0.05,40,40,40,40,40,10,0
6.545,0.14564285,0.0032531117,-0.00020650558,-0.0010216802,-0.14564285,-0.0032531117,0.00020650558,0.0010216802,-0.0015871226,-0.0015871226,OK,0,0.12468208,0.023858393,5.3629325e-07,2.0835762e-05,15,1.5,0.02,0.04,-0.05,40,40,40,40,40,10,0
6.55,0.1456283,-0.0037589002,-0.00020304937,0.0010441881,-0.1456283,0.0037589002,0.00020304937,-0.0010441881,0.0012827516,0.0012827516,OK,0,0.12478812,0.023858464,5.364994e-07,2.0841213e-05,15,1.5,0.02,0.04,-0.05,40,40,40,40,40,10,0
6.555,0.14565356,0.0076648593,-0.00020979286,-0.002157978,-0.14565356,-0.0076648593,0.00020979286,0.002157978,-0.0031641941,-0.0031641941,OK,0,0.1248942,0.023858758,5.3671946e-07,2.0864498e-05,15,1.5,0.02,0.04,-0.05,40,40,40,40,40,10,0
6.56,0.14564951,-0.0064455058,-0.00020810698,0.0020152414,-0.14564951,0.0064455058,0.00020810698,-0.0020152414,0.0025564273,0.0025564273,OK,0,0.12500027,0.023858965,5.36936e-07,2.0884804e-05,15,1.5,0.02,0.04,-0.05,40,40,40,40,40,10,0
6.565,0.14562851,0.0020885137,-0.00020254361,-0.00071506116,-0.14562851,-0.0020885137,0.00020254361,0.00071506116,-0.001114635,-0.001114635,OK,0,0.1251063,0.023858987,5.3714112e-07,2.088736e-05,15,1.5,0.02,0.04,-0.05,40,40,40,40,40,10,0
6.57,0.14564855,0.00046393731,-0.00020793839,-0.00012744495,-0.14564855,-0.00046393731,0.00020793839,0.00012744495,-0.0003787148,-0.0003787148,OK,0,0.12521237,0.023858988,5.3735732e-07,2.0887442e-05,15,1.5,0.02,0.04,-0.05,40,40,40,40,40,10,0
6.575,0.14563488,-3.580019e-06,-0.00020456665,3.6201471e-05,-0.14563488,3.580019e-06,0.00020456665,-3.6201471e-05,-0.00010164316,-0.00010164316,OK,0,0.12531842,0.023858988,5.3756655e-07,2.0887448e-05,15,1.5,0.02,0.04,-0.05,40,40,40,40,40,10,0
6.58,0.14564901,-0.00017688895,-0.0002077698,3.9267845e-05,-0.14564901,0.00017688895,0.0002077698,-3.9267845e-05,-0.00015174073,-0.00015174073,OK,0,0.12542449,0.023858988,5.3778239e-07,2.0887456e-05,15,1.5,0.02,0.04,-0.05,40,40,40,40,40,10,0
6.585,0.145633,-0.00032087957,-0.00020406089,7.2372484e-05,-0.145633,0.00032087957,0.00020406089,-7.2372484e-05,-5.2529835e-05,-5.2529835e-05,OK,0,0.12553053,0.023858989,5.379906e-07,2.0887482e-05,15,1.5,0.02,0.04,-0.05,40,40,40,40,40,10,0
6.59,0.14564564,-0.00042644331,-0.00020726404,4.7870576e-05,-0.14564564,0.00042644331,0.00020726404,-4.7870576e-05,-0.00014129964,-0.00014129964,OK,0,0.1256366,0.02385899,5.3820539e-07,2.0887493e-05,15,1.5,0.02,0.04,-0.05,40,40,40,40,40,10,0
6.595,0.14563575,0.0018471916,-0.00020524099,-0.00052660747,-0.14563575,-0.0018471916,0.00020524099,0.00052660747,-0.00088192343,-0.00088192343,OK,0,0.12574264,0.023859007,5.3841601e-07,2.088888e-05,15,1.5,0.02,0.04,-0.05,40,40,40,40,40,10,0
6.6,0.14563616,-0.0042571383,-0.00020540958,0.0011318355,-0.14563616,0.0042571383,0.00020540958,-0.0011318355,0.0013590472,0.0013590472,OK,0,0.12584869,0.023859098,5.3862698e-07,2.0895285e-05,15,1.5,0.02,0.04,-0.05,40,40,40,40,40,10,0
6.605,0.14564999,0.0025178833,-0.00020928708,-0.00091049923,-0.14564999,-0.0025178833,0.00020928708,0.00091049923,-0.0014913399,-0.0014913399,OK,0,0.12595476,0.023859129,5.3884598e-07,2.089943e-05,15,1.5,0.02,0.04,-0.05,40,40,40,40,40,10,0
6.61,0.14563225,-0.0043494428,-0.00020540957,0.0010976834,-0.14563225,0.0043494428,0.00020540957,-0.0010976834,0.0013040488,0.0013040488,OK,0,0.12606081,0.023859224,5.3905695e-07,2.0905455e-05,15,1.5,0.02,0.04,-0.05,40,40,40,40,40,10,0
6.615,0.14564975,0.004705572,-0.00021080436,-0.0015166197,-0.14564975,-0.004705572,0.00021080436,0.0015166197,-0.0023357772,-0.0023357772,OK,0,0.12616688,0.023859335,5.3927914e-07,2.0916956e-05,15,1.5,0.02,0.04,-0.05,40,40,40,40,40,10,0
6.62,0.14563449,-0.0082310328,-0.00020726403,0.0021818825,-0.14563449,0.0082310328,0.00020726403,-0.0021818825,0.0027473119,0.0027473119,OK,0,0.12627292,0.023859673,5.3949393e-07,2.0940759e-05,15,1.5,0.02,0.04,-0.05,40,40,40,40,40,10,0
6.625,0.14564863,0.010205745,-0.00021223752,-0.003070397,-0.14564863,-0.010205745,0.00021223752,0.003070397,-0.0044679559,-0.0044679559,OK,0,0.12637899,0.023860194,5.3971915e-07,2.0987895e-05,15,1.5,0.02,0.04,-0.05,40,40,40,40,40,10,0
6.63,0.14565162,-0.0058199878,-0.00021265881,0.0018529416,-0.14565162,0.0058199878,0.00021265881,-0.0018529416,0.0022697632,0.0022697632,OK,0,0.12648506,0.023860363,5.3994527e-07,2.1005062e-05,15,1.5,0.02,0.04,-0.05,40,40,40,40,40,10,0
6.635,0.14563236,0.0023095069,-0.0002076012,-0.00071460324,-0.14563236,-0.0023095069,0.0002076012,0.00071460324,-0.0011808955,-0.0011808955,OK,0,0.12659111,0.02386039,5.4016076e-07,2.1007616e-05,15,1.5,0.02,0.04,-0.05,40,40,40,40,40,10,0
6.64,0.14565313,0.00059645603,-0.00021299599,-9.1554056e-05,-0.14565313,-0.00059645603,0.00021299599,9.1554056e-05,-0.00039535013,-0.00039535013,OK,0,0.12669718,0.023860392,5.403876e-07,2.1007657e-05,15,1.5,0.02,0.04,-0.05,40,40,40,40,40,10,0
6.645,0.14563047,-0.0047037511,-0.00020692685,0.0012845822,-0.14563047,0.0047037511,0.00020692685,-0.0012845822,0.00154743,0.00154743,OK,0,0.12680322,0.023860502,5.4060169e-07,2.1015908e-05,15,1.5,0.02,0.04,-0.05,40,40,40,40,40,10,0
6.65,0.14565225,0.0071004836,-0.0002128274,-0.0020715316,-0.14565225,-0.0071004836,0.0002128274,0.0020715316,-0.003102644,-0.003102644,OK,0,0.1269093,0.023860755,5.4082817e-07,2.1037364e-05,15,1.5,0.02,0.04,-0.05,40,40,40,40,40,10,0
6.655,0.14564565,-0.0069233025,-0.00021080435,0.0020658454,-0.14564565,0.0069233025,0.00021080435,-0.0020658454,0.0025726837,0.0025726837,OK,0,0.12701536,0.023860994,5.4105036e-07,2.1058703e-05,15,1.5,0.02,0.04,-0.05,40,40,40,40,40,10,0
6.66,0.14564153,0.0064521722,-0.00020996142,-0.0018812599,-0.14564153,-0.0064521722,0.00020996142,0.0018812599,-0.0028003936,-0.0028003936,OK,0,0.12712142,0.023861202,5.4127078e-07,2.1076399e-05,15,1.5,0.02,0.04,-0.05,40,40,40,40,40,10,0
6.665,0.14563764,-0.0023385864,-0.00020861272,0.00088051724,-0.14563764,0.0023385864,0.00020861272,-0.00088051724,0.0010107946,0.0010107946,OK,0,0.12722747,0.02386123,5.4148838e-07,2.1080275e-05,15,1.5,0.02,0.04,-0.05,40,40,40,40,40,10,0
6.67,0.1456446,-0.00092097463,-0.00020979282,0.00024197576,-0.1456446,0.00092097463,0.00020979282,-0.00024197576,9.2124332e-05,9.2124332e-05,OK,0,0.12733353,0.023861234,5.4170844e-07,2.1080568e-05,15,1.5,0.02,0.04,-0.05,40,40,40,40,40,10,0
6.675,0.14564056,0.0040966777,-0.00020894989,-0.0010711908,-0.14564056,-0.0040966777,0.00020894989,0.0010711908,-0.0016643562,-0.0016643562,OK,0,0.12743958,0.023861318,5.4192674e-07,2.1086305e-05,15,1.5,0.02,0.04,-0.05,40,40,40,40,40,10,0
6.68,0.14563704,-0.0055252166,-0.00020726401,0.0016380278,-0.14563704,0.0055252166,0.00020726401,-0.0016380278,0.0020398137,0.0020398137,OK,0,0.12754564,0.023861471,5.4214154e-07,2.1099721e-05,15,1.5,0.02,0.04,-0.05,40,40,40,40,40,10,0
6.685,0.14564729,0.0022234023,-0.00020996141,-0.00079695767,-0.14564729,-0.0022234023,0.00020996141,0.00079695767,-0.0013429757,-0.0013429757,OK,0,0.1276517,0.023861495,5.4236196e-07,2.1102897e-05,15,1.5,0.02,0.04,-0.05,40,40,40,40,40,10,0
6.69,0.14563846,0.00038098769,-0.00020810695,-7.94659e-05,-0.14563846,-0.00038098769,0.00020810695,7.94659e-05,-0.00031279438,-0.00031279438,OK,0,0.12775775,0.023861496,5.425785e-07,2.1102928e-05,15,1.5,0.02,0.04,-0.05,40,40,40,40,40,10,0
6.695,0.14564364,-9.1368684e-05,-0.00020945564,4.4125699e-05,-0.14564364,9.1368684e-05,0.00020945564,-4.4125699e-05,-0.00016642797,-0.00016642797,OK,0,0.12786381,0.023861496,5.4279786e-07,2.1102938e-05,15,1.5,0.02,0.04,-0.05,40,40,40,40,40,10,0
6.7,0.14564246,-0.00030509039,-0.00020928705,8.3988154e-05,-0.14564246,0.00030509039,0.00020928705,-8.3988154e-05,-0.00011267791,-0.00011267791,OK,0,0.12796987,0.023861496,5.4301686e-07,2.1102973e-05,15,1.5,0.02,0.04,-0.05,40,40,40,40,40,10,0
6.705,0.14564567,-0.00044724116,-0.00020979281,9.4021055e-05,-0.14564567,0.00044724116,0.00020979281,-9.4021055e-05,-0.0001108369,-0.0001108369,OK,0,0.12807594,0.023861497,5.4323693e-07,2.1103017e-05,15,1.5,0.02,0.04,-0.05,40,40,40,40,40,10,0
6.71,0.14564319,0.0042825636,-0.00020928705,-0.0011027897,-0.14564319,-0.0042825636,0.00020928705,0.0011027897,-0.0017093241,-0.0017093241,OK,0,0.128182,0.023861589,5.4345593e-07,2.1109098e-05,15,1.5,0.02,0.04,-0.05,40,40,40,40,40,10,0
6.715,0.14564263,0.0018662735,-0.00020852858,-0.00017467617,-0.14564263,-0.0018662735,0.00020852858,0.00017467617,-0.0004024394,-0.0004024394,OK,0,0.12828805,0.023861607,5.4367335e-07,2.1109251e-05,15,1.5,0.02,0.04,-0.05,40,40,40,40,40,10,0
6.72,0.14564534,0.001267746,-0.00020768564,3.9794507e-07,-0.14564534,-0.001267746,0.00020768564,-3.9794507e-07,-0.00015107114,-0.00015107114,OK,0,0.12839412,0.023861615,5.4388902e-07,2.1109251e-05,15,1.5,0.02,0.04,-0.05,40,40,40,40,40,10,0
6.725,0.14564156,-0.0013298803,-0.00020515683,0.0006343726,-0.14564156,0.0013298803,0.00020515683,-0.0006343726,0.00073384243,0.00073384243,OK,0,0.12850018,0.023861623,5.4409947e-07,2.1111263e-05,15,1.5,0.02,0.04,-0.05,40,40,40,40,40,10,0
6.73,0.145643,-0.00026016642,-0.00020465107,0.00015742121,-0.145643,0.00026016642,0.00020465107,-0.00015742121,6.8819033e-05,6.8819033e-05,OK,0,0.12860623,0.023861624,5.4430888e-07,2.1111387e-05,15,1.5,0.02,0.04,-0.05,40,40,40,40,40,10,0
6.735,0.14564465,0.0023098054,-0.00020465107,-0.00053710556,-0.14564465,-0.0023098054,0.00020465107,0.00053710556,-0.00087013924,-0.00087013924,OK,0,0.1287123,0.02386165,5.4451829e-07,2.1112829e-05,15,1.5,0.02,0.04,-0.05,40,40,40,40,40,10,0
6.74,0.14564516,0.0034986908,-0.00020422943,-0.00069350846,-0.14564516,-0.0034986908,0.00020422943,0.00069350846,-0.0010508535,-0.0010508535,OK,0,0.12881836,0.023861712,5.4472684e-07,2.1115234e-05,15,1.5,0.02,0.04,-0.05,40,40,40,40,40,10,0
6.745,0.1456436,0.0020228167,-0.00020245944,-0.00014319057,-0.1456436,-0.0020228167,0.00020245944,0.00014319057,-0.00025789268,-0.00025789268,OK,0,0.12892442,0.023861732,5.4493178e-07,2.1115336e-05,15,1.5,0.02,0.04,-0.05,40,40,40,40,40,10,0
6.75,0.14564771,0.0016294605,-0.00020170062,-4.9628704e-05,-0.14564771,-0.0016294605,0.00020170062,4.9628704e-05,-0.00012181981,-0.00012181981,OK,0,0.12903049,0.023861745,5.451352e-07,2.1115349e-05,15,1.5,0.02,0.04,-0.05,40,40,40,40,40,10,0
6.755,0.14564109,0.0015274767,-0.00019824476,-3.2256976e-05,-0.14564109,-0.0015274767,0.00019824476,3.2256976e-05,-4.813589e-05,-4.813589e-05,OK,0,0.12913654,0.023861757,5.4533171e-07,2.1115354e-05,15,1.5,0.02,0.04,-0.05,40,40,40,40,40,10,0
6.76,0.14564354,-0.003382542,-0.00019731735,0.0011469497,-0.14564354,0.003382542,0.00019731735,-0.0011469497,0.0015382335,0.0015382335,OK,0,0.1292426,0.023861814,5.4552638e-07,2.1121931e-05,15,1.5,0.02,0.04,-0.05,40,40,40,40,40,10,0
6.765,0.14565037,0.0012416517,-0.00019849747,-0.00039380684,-0.14565037,-0.0012416517,0.00019849747,0.00039380684,-0.00060549882,-0.00060549882,OK,0,0.12934867,0.023861822,5.4572338e-07,2.1122707e-05,15,1.5,0.02,0.04,-0.05,40,40,40,40,40,10,0
6.77,0.1456397,0.00045093923,-0.00019596866,-9.7743496e-05,-0.1456397,-0.00045093923,0.00019596866,9.7743496e-05,-0.00015531346,-0.00015531346,OK,0,0.12945473,0.023861823,5.459154e-07,2.1122755e-05,15,1.5,0.02,0.04,-0.05,40,40,40,40,40,10,0
6.775,0.14565553,0.00020487083,-0.00020009921,-6.2769596e-05,-0.14565553,-0.00020487083,0.00020009921,6.2769596e-05,-0.00017433707,-0.00017433707,OK,0,0.1295608,0.023861823,5.461156e-07,2.1122774e-05,15,1.5,0.02,0.04,-0.05,40,40,40,40,40,10,0
6.78,0.14564157,3.4501168e-05,-0.000196643,-1.6289488e-05,-0.14564157,-3.4501168e-05,0.000196643,1.6289488e-05,-5.98679e-05,-5.98679e-05,OK,0,0.12966686,0.023861823,5.4630894e-07,2.1122776e-05,15,1.5,0.02,0.04,-0.05,40,40,40,40,40,10,0
6.785,0.14564623,0.0023772551,-0.0001979917,-0.00063706648,-0.14564623,-0.0023772551,0.0001979917,0.00063706648,-0.00091746032,-0.00091746032,OK,0,0.12977293,0.023861851,5.4650494e-07,2.1124805e-05,15,1.5,0.02,0.04,-0.05,40,40,40,40,40,10,0
6.79,0.14564449,-0.0013662194,-0.00019731735,0.000440206,-0.14564449,0.0013662194,0.00019731735,-0.000440206,0.00055878971,0.00055878971,OK,0,0.12987899,0.023861861,5.4669962e-07,2.1125774e-05,15,1.5,0.02,0.04,-0.05,40,40,40,40,40,10,0
6.795,0.14564262,-0.0029546333,-0.00019681158,0.00066873822,-0.14564262,0.0029546333,0.00019681158,-0.00066873822,0.00084560059,0.00084560059,OK,0,0.12998505,0.023861904,5.4689329e-07,2.112801e-05,15,1.5,0.02,0.04,-0.05,40,40,40,40,40,10,0
6.8,0.14564603,-0.0017242806,-0.0001987505,0.00012876335,-0.14564603,0.0017242806,0.0001987505,-0.00012876335,5.5836857e-05,5.5836857e-05,OK,0,0.13009111,0.023861919,5.470908e-07,2.1128093e-05,15,1.5,0.02,0.04,-0.05,40,40,40,40,40,10,0
6.805,0.14565233,0.0031945152,-0.00020195366,-0.0011625461,-0.14565233,-0.0031945152,0.00020195366,0.0011625461,-0.0017322968,-0.0017322968,OK,0,0.13019718,0.02386197,5.4729472e-07,2.113485e-05,15,1.5,0.02,0.04,-0.05,40,40,40,40,40,10,0
6.81,0.14563702,-0.0040149213,-0.00019883429,0.00098551051,-0.14563702,0.0040149213,0.00019883429,-0.00098551051,0.0012478951,0.0012478951,OK,0,0.13030323,0.023862051,5.474924e-07,2.1139706e-05,15,1.5,0.02,0.04,-0.05,40,40,40,40,40,10,0
6.815,0.1456607,0.0073678037,-0.00020599974,-0.0021978165,-0.1456607,-0.0073678037,0.00020599974,0.0021978165,-0.0031787948,-0.0031787948,OK,0,0.13040932,0.023862322,5.4770458e-07,2.1163858e-05,15,1.5,0.02,0.04,-0.05,40,40,40,40,40,10,0
6.82,0.14565504,-0.0067564677,-0.00020456658,0.001982969,-0.14565504,0.0067564677,0.00020456658,-0.001982969,0.0025487969,0.0025487969,OK,0,0.1305154,0.023862551,5.4791382e-07,2.1183519e-05,15,1.5,0.02,0.04,-0.05,40,40,40,40,40,10,0
6.825,0.14563279,0.0017725253,-0.00019883429,-0.0007435508,-0.14563279,-0.0017725253,0.00019883429,0.0007435508,-0.0011142836,-0.0011142836,OK,0,0.13062144,0.023862566,5.4811149e-07,2.1186284e-05,15,1.5,0.02,0.04,-0.05,40,40,40,40,40,10,0
6.83,0.14566548,0.0049696515,-0.0002082755,-0.0013626781,-0.14566548,-0.0049696515,0.0002082755,0.0013626781,-0.002056054,-0.002056054,OK,0,0.13072753,0.02386269,5.4832839e-07,2.1195568e-05,15,1.5,0.02,0.04,-0.05,40,40,40,40,40,10,0
6.835,0.1456527,-0.0075492832,-0.00020456658,0.0021710515,-0.1456527,0.0075492832,0.00020456658,-0.0021710515,0.0027991612,0.0027991612,OK,0,0.13083361,0.023862975,5.4853762e-07,2.1219135e-05,15,1.5,0.02,0.04,-0.05,40,40,40,40,40,10,0
6.84,0.14564664,0.0061550136,-0.00020338613,-0.0019063292,-0.14564664,-0.0061550136,0.00020338613,0.0019063292,-0.0027511525,-0.0027511525,OK,0,0.13093967,0.023863164,5.4874445e-07,2.1237306e-05,15,1.5,0.02,0.04,-0.05,40,40,40,40,40,10,0
6.845,0.14564136,-0.0025613006,-0.00020237494,0.00082759054,-0.14564136,0.0025613006,0.00020237494,-0.00082759054,0.0010161369,0.0010161369,OK,0,0.13104573,0.023863197,5.4894923e-07,2.124073e-05,15,1.5,0.02,0.04,-0.05,40,40,40,40,40,10,0
6.85,0.1456619,0.0036792801,-0.00020726397,-0.0010184464,-0.1456619,-0.0036792801,0.00020726397,0.0010184464,-0.0015762199,-0.0015762199,OK,0,0.13115182,0.023863265,5.4916402e-07,2.1245917e-05,15,1.5,0.02,0.04,-0.05,40,40,40,40,40,10,0
6.855,0.14564481,-0.0081615974,-0.00020254352,0.0022409713,-0.14564481,0.0081615974,0.00020254352,-0.0022409713,0.0029097365,0.0029097365,OK,0,0.13125788,0.023863598,5.4936914e-07,2.1271026e-05,15,1.5,0.02,0.04,-0.05,40,40,40,40,40,10,0
6.86,0.14565529,0.0056499265,-0.00020616832,-0.0019006326,-0.14565529,-0.0056499265,0.00020616832,0.0019006326,-0.0028043708,-0.0028043708,OK,0,0.13136395,0.023863757,5.4958167e-07,2.1289088e-05,15,1.5,0.02,0.04,-0.05,40,40,40,40,40,10,0
6.865,0.14564261,-0.0079490974,-0.00020389222,0.0020668196,-0.14564261,0.0079490974,0.00020389222,-0.0020668196,0.0026367345,0.0026367345,OK,0,0.13147001,0.023864073,5.4978953e-07,2.1310447e-05,15,1.5,0.02,0.04,-0.05,40,40,40,40,40,10,0
6.87,0.14565548,0.0079057286,-0.00020844407,-0.0025203132,-0.14565548,-0.0079057286,0.00020844407,0.0025203132,-0.0036777921,-0.0036777921,OK,0,0.13157609,0.023864386,5.5000677e-07,2.1342207e-05,15,1.5,0.02,0.04,-0.05,40,40,40,40,40,10,0
6.875,0.14565022,-0.006962152,-0.00020776972,0.0019479881,-0.14565022,0.006962152,0.00020776972,-0.0019479881,0.0024399547,0.0024399547,OK,0,0.13168216,0.023864628,5.5022262e-07,2.136118e-05,15,1.5,0.02,0.04,-0.05,40,40,40,40,40,10,0
6.88,0.14564563,0.0062289697,-0.00020701125,-0.0019232538,-0.14564563,-0.0062289697,0.00020701125,0.0019232538,-0.002827978,-0.002827978,OK,0,0.13178822,0.023864822,5.5043688e-07,2.1379675e-05,15,1.5,0.02,0.04,-0.05,40,40,40,40,40,10,0
6.885,0.14565975,-0.0026371507,-0.00021072016,0.00085041483,-0.14565975,0.0026371507,0.00021072016,-0.00085041483,0.00092252874,0.00092252874,OK,0,0.13189431,0.023864857,5.506589e-07,2.1383291e-05,15,1.5,0.02,0.04,-0.05,40,40,40,40,40,10,0
6.89,0.14563616,-0.0012363207,-0.00020473515,0.00026193822,-0.14563616,0.0012363207,0.00020473515,-0.00026193822,0.00018515043,0.00018515043,OK,0,0.13200036,0.023864865,5.5086848e-07,2.1383634e-05,15,1.5,0.02,0.04,-0.05,40,40,40,40,40,10,0
6.895,0.14565972,0.0038181553,-0.00021105733,-0.0011068339,-0.14565972,-0.0038181553,0.00021105733,0.0011068339,-0.0017601903,-0.0017601903,OK,0,0.13210644,0.023864937,5.5109121e-07,2.1389759e-05,15,1.5,0.02,0.04,-0.05,40,40,40,40,40,10,0
6.9,0.14564241,-0.0082860047,-0.0002065896,0.0022577658,-0.14564241,0.0082860047,0.0002065896,-0.0022577658,0.0028692128,0.0028692128,OK,0,0.1322125,0.023865281,5.513046e-07,2.1415247e-05,15,1.5,0.02,0.04,-0.05,40,40,40,40,40,10,0
6.905,0.14565691,0.0103341,-0.00021131004,-0.0030668695,-0.14565691,-0.0103341,0.00021131004,0.0030668695,-0.0044434527,-0.0044434527,OK,0,0.13231858,0.023865815,5.5152786e-07,2.1462275e-05,15,1.5,0.02,0.04,-0.05,40,40,40,40,40,10,0
6.91,0.14566054,-0.0056467804,-0.00021190026,0.0018400854,-0.14566054,0.0056467804,0.00021190026,-0.0018400854,0.0022689639,0.0022689639,OK,0,0.13242466,0.023865974,5.5175237e-07,2.1479205e-05,15,1.5,0.02,0.04,-0.05,40,40,40,40,40,10,0
6.915,0.14564233,0.0024922098,-0.00020675819,-0.00072947401,-0.14564233,-0.0024922098,0.00020675819,0.00072947401,-0.0011830489,-0.0011830489,OK,0,0.13253072,0.023866005,5.5196612e-07,2.1481865e-05,15,1.5,0.02,0.04,-0.05,40,40,40,40,40,10,0
6.92,0.14566411,0.00078766796,-0.00021215298,-0.00010791324,-0.14566411,-0.00078766796,0.00021215298,0.00010791324,-0.00039937549,-0.00039937549,OK,0,0.13263681,0.023866008,5.5219116e-07,2.1481924e-05,15,1.5,0.02,0.04,-0.05,40,40,40,40,40,10,0
6.925,0.14564243,-0.0045058118,-0.0002061683,0.0012675668,-0.14564243,0.0045058118,0.0002061683,-0.0012675668,0.001541442,0.001541442,OK,0,0.13274287,0.02386611,5.5240369e-07,2.1489957e-05,15,1.5,0.02,0.04,-0.05,40,40,40,40,40,10,0
6.93,0.14566027,0.0048957665,-0.00021105732,-0.001485522,-0.14566027,-0.0048957665,0.00021105732,0.001485522,-0.0022851069,-0.0022851069,OK,0,0.13284896,0.02386623,5.5262641e-07,2.1500991e-05,15,1.5,0.02,0.04,-0.05,40,40,40,40,40,10,0
6.935,0.14564608,-0.0079555346,-0.00020760111,0.0021804794,-0.14564608,0.0079555346,0.00020760111,-0.0021804794,0.0027514026,0.0027514026,OK,0,0.13295502,0.023866546,5.528419e-07,2.1524764e-05,15,1.5,0.02,0.04,-0.05,40,40,40,40,40,10,0
6.94,0.14565695,0.0056337215,-0.00021122591,-0.0018720634,-0.14565695,-0.0056337215,0.00021122591,0.0018720634,-0.0028379959,-0.0028379959,OK,0,0.1330611,0.023866705,5.5306499e-07,2.1542287e-05,15,1.5,0.02,0.04,-0.05,40,40,40,40,40,10,0
6.945,0.14564421,-0.0080096084,-0.00020861263,0.0021126585,-0.14564421,0.0080096084,0.00020861263,-0.0021126585,0.002632298,0.002632298,OK,0,0.13316716,0.023867026,5.5328258e-07,2.1564603e-05,15,1.5,0.02,0.04,-0.05,40,40,40,40,40,10,0
6.95,0.14565663,0.0078467639,-0.00021308036,-0.0024749681,-0.14565663,-0.0078467639,0.00021308036,0.0024749681,-0.0036816545,-0.0036816545,OK,0,0.13327324,0.023867333,5.535096e-07,2.1595231e-05,15,1.5,0.02,0.04,-0.05,40,40,40,40,40,10,0
6.955,0.14565134,-0.0070237956,-0.00021190025,0.0019937371,-0.14565134,0.0070237956,0.00021190025,-0.0019937371,0.0024441769,0.0024441769,OK,0,0.13337931,0.02386758,5.5373411e-07,2.1615106e-05,15,1.5,0.02,0.04,-0.05,40,40,40,40,40,10,0
6.96,0.14564609,0.0061760573,-0.00021131003,-0.0018816247,-0.14564609,-0.0061760573,0.00021131003,0.0018816247,-0.0028321234,-0.0028321234,OK,0,0.13348538,0.023867771,5.5395737e-07,2.1632808e-05,15,1.5,0.02,0.04,-0.05,40,40,40,40,40,10,0
6.965,0.14565997,-0.0026936314,-0.00021476623,0.00089288048,-0.14565997,0.0026936314,0.00021476623,-0.00089288048,0.00092328137,0.00092328137,OK,0,0.13359146,0.023867807,5.5418799e-07,2.1636794e-05,15,1.5,0.02,0.04,-0.05,40,40,40,40,40,10,0
6.97,0.14565055,0.0035239149,-0.00021223742,-0.00090291485,-0.14565055,-0.0035239149,0.00021223742,0.00090291485,-0.0014839661,-0.0014839661,OK,0,0.13369753,0.023867869,5.5441321e-07,2.1640871e-05,15,1.5,0.02,0.04,-0.05,40,40,40,40,40,10,0
6.975,0.14564998,-0.001020508,-0.00021105731,0.00049511083,-0.14564998,0.001020508,0.00021105731,-0.00049511083,0.00044898584,0.00044898584,OK,0,0.1338036,0.023867874,5.5463594e-07,2.1642096e-05,15,1.5,0.02,0.04,-0.05,40,40,40,40,40,10,0
6.98,0.14564929,-0.0027548688,-0.00021021437,0.00078081997,-0.14564929,0.0027548688,0.00021021437,-0.00078081997,0.00082080543,0.00082080543,OK,0,0.13390967,0.023867912,5.5485689e-07,2.1645145e-05,15,1.5,0.02,0.04,-0.05,40,40,40,40,40,10,0
6.985,0.14565347,-0.0015480505,-0.00021173165,0.00024899448,-0.14565347,0.0015480505,0.00021173165,-0.00024899448,4.8664212e-05,4.8664212e-05,OK,0,0.13401574,0.023867924,5.5508104e-07,2.1645455e-05,15,1.5,0.02,0.04,-0.05,40,40,40,40,40,10,0
6.99,0.14565109,-0.0014423558,-0.00021181578,0.00016132212,-0.14565109,0.0014423558,0.00021181578,-0.00016132212,-7.9925883e-05,-7.9925883e-05,OK,0,0.13412181,0.023867935,5.5530537e-07,2.1645585e-05,15,1.5,0.02,0.04,-0.05,40,40,40,40,40,10,0
6.995,0.14565109,0.0009328348,-0.00021274317,-0.00045364875,-0.14565109,-0.0009328348,0.00021274317,0.00045364875,-0.00092128553,-0.00092128553,OK,0,0.13422789,0.023867939,5.5553167e-07,2.1646614e-05,15,1.5,0.02,0.04,-0.05,40,40,40,40,40,10,0
7,0.1456518,-0.00039173432,-0.00021358611,1.5219507e-05,-0.1456518,0.00039173432,0.00021358611,-1.5219507e-05,-0.00028359575,-0.00028359575,OK,0,0.13433396,0.02386794,5.5575976e-07,2.1646615e-05,15,1.5,0.02,0.04,-0.05,40,40,40,40,40,10,0
7.005,0.14565106,-0.00076788743,-0.00021392328,0.00012023626,-0.14565106,0.00076788743,0.00021392328,-0.00012023626,-0.00014618906,-0.00014618906,OK,0,0.13444003,0.023867943,5.5598858e-07,2.1646687e-05,15,1.5,0.02,0.04,-0.05,40,40,40,40,40,10,0
7.01,0.14565148,0.0015128521,-0.00021459763,-0.00045717255,-0.14565148,-0.0015128521,0.00021459763,0.00045717255,-0.0009311795,-0.0009311795,OK,0,0.1345461,0.023867954,5.5621884e-07,2.1647732e-05,15,1.5,0.02,0.04,-0.05,40,40,40,40,40,10,0
7.015,0.14565034,-0.0046406384,-0.00021409186,0.0012222401,-0.14565034,0.0046406384,0.00021409186,-0.0012222401,0.0013493635,0.0013493635,OK,0,0.13465217,0.023868062,5.5644802e-07,2.1655202e-05,15,1.5,0.02,0.04,-0.05,40,40,40,40,40,10,0
7.02,0.14566216,0.0021397613,-0.00021763219,-0.0008213936,-0.14566216,-0.0021397613,0.00021763219,0.0008213936,-0.0014977396,-0.0014977396,OK,0,0.13475826,0.023868085,5.5668484e-07,2.1658575e-05,15,1.5,0.02,0.04,-0.05,40,40,40,40,40,10,0
7.025,0.14564245,-0.0047197017,-0.00021341751,0.001184259,-0.14564245,0.0047197017,0.00021341751,-0.001184259,0.0012991867,0.0012991867,OK,0,0.13486432,0.023868196,5.5691257e-07,2.1665587e-05,15,1.5,0.02,0.04,-0.05,40,40,40,40,40,10,0
7.03,0.14566306,0.0067467821,-0.00021948665,-0.0020346329,-0.14566306,-0.0067467821,0.00021948665,0.0020346329,-0.0031611166,-0.0031611166,OK,0,0.13497041,0.023868424,5.5715344e-07,2.1686286e-05,15,1.5,0.02,0.04,-0.05,40,40,40,40,40,10,0
7.035,0.14565421,-0.0073460763,-0.0002174636,0.0021312375,-0.14565421,0.0073460763,0.0002174636,-0.0021312375,0.0025541435,0.0025541435,OK,0,0.13507648,0.023868694,5.573899e-07,2.1708997e-05,15,1.5,0.02,0.04,-0.05,40,40,40,40,40,10,0
7.04,0.14564827,0.0060156822,-0.00021594632,-0.0018098863,-0.14564827,-0.0060156822,0.00021594632,0.0018098863,-0.0028004315,-0.0028004315,OK,0,0.13518255,0.023868875,5.5762306e-07,2.1725375e-05,15,1.5,0.02,0.04,-0.05,40,40,40,40,40,10,0
7.045,0.14566145,-0.0028048936,-0.00021914947,0.00094430148,-0.14566145,0.0028048936,0.00021914947,-0.00094430148,0.00093024337,0.00093024337,OK,0,0.13528863,0.023868914,5.5786319e-07,2.1729834e-05,15,1.5,0.02,0.04,-0.05,40,40,40,40,40,10,0
7.05,0.14565162,0.0034297847,-0.00021628349,-0.00085833684,-0.14565162,-0.0034297847,0.00021628349,0.00085833684,-0.0014815338,-0.0014815338,OK,0,0.13539471,0.023868973,5.5809708e-07,2.1733518e-05,15,1.5,0.02,0.04,-0.05,40,40,40,40,40,10,0
7.055,0.14565756,-0.0035108316,-0.00021695783,0.0011375833,-0.14565756,0.0035108316,0.00021695783,-0.0011375833,0.0012247254,0.0012247254,OK,0,0.13550079,0.023869034,5.5833244e-07,2.1739988e-05,15,1.5,0.02,0.04,-0.05,40,40,40,40,40,10,0
7.06,0.14566003,0.0030941984,-0.00021712642,-0.00083496509,-0.14566003,-0.0030941984,0.00021712642,0.00083496509,-0.0014723755,-0.0014723755,OK,0,0.13560687,0.023869082,5.5856816e-07,2.1743474e-05,15,1.5,0.02,0.04,-0.05,40,40,40,40,40,10,0
7.065,0.14564521,-0.0037307568,-0.00021299587,0.0011564953,-0.14564521,0.0037307568,0.00021299587,-0.0011564953,0.0013034789,0.0013034789,OK,0,0.13571293,0.023869152,5.5879499e-07,2.1750161e-05,15,1.5,0.02,0.04,-0.05,40,40,40,40,40,10,0
7.07,0.14566096,0.0029309009,-0.00021695783,-0.00086020685,-0.14566096,-0.0029309009,0.00021695783,0.00086020685,-0.0015142225,-0.0015142225,OK,0,0.13581902,0.023869195,5.5903035e-07,2.1753861e-05,15,1.5,0.02,0.04,-0.05,40,40,40,40,40,10,0
7.075,0.14564529,-0.0039523307,-0.00021274315,0.0011551808,-0.14564529,0.0039523307,0.00021274315,-0.0011551808,0.0012964366,0.0012964366,OK,0,0.13592508,0.023869273,5.5925665e-07,2.1760533e-05,15,1.5,0.02,0.04,-0.05,40,40,40,40,40,10,0
7.08,0.14566469,0.0051106524,-0.00021796935,-0.0014611608,-0.14566469,-0.0051106524,0.00021796935,0.0014611608,-0.0023435616,-0.0023435616,OK,0,0.13603117,0.023869403,5.594942e-07,2.1771208e-05,15,1.5,0.02,0.04,-0.05,40,40,40,40,40,10,0
7.085,0.14565156,-0.0078159875,-0.00021409184,0.0022349071,-0.14565156,0.0078159875,0.00021409184,-0.0022349071,0.0027413748,0.0027413748,OK,0,0.13613725,0.023869709,5.5972338e-07,2.1796182e-05,15,1.5,0.02,0.04,-0.05,40,40,40,40,40,10,0
7.09,0.14566308,0.0057673791,-0.00021746359,-0.001815482,-0.14566308,-0.0057673791,0.00021746359,0.001815482,-0.00284122,-0.00284122,OK,0,0.13624333,0.023869875,5.5995983e-07,2.1812662e-05,15,1.5,0.02,0.04,-0.05,40,40,40,40,40,10,0
7.095,0.145651,-0.0078711403,-0.0002145976,0.0021672963,-0.145651,0.0078711403,0.0002145976,-0.0021672963,0.0026301549,0.0026301549,OK,0,0.1363494,0.023870185,5.6019009e-07,2.1836148e-05,15,1.5,0.02,0.04,-0.05,40,40,40,40,40,10,0
7.1,0.14566175,0.0055533552,-0.00021813793,-0.0018191507,-0.14566175,-0.0055533552,0.00021813793,0.0018191507,-0.0028654259,-0.0028654259,OK,0,0.13645549,0.023870339,5.6042801e-07,2.1852695e-05,15,1.5,0.02,0.04,-0.05,40,40,40,40,40,10,0
7.105,0.14564863,-0.0081213097,-0.00021510336,0.0021778087,-0.14564863,0.0081213097,0.00021510336,-0.0021778087,0.0026282829,0.0026282829,OK,0,0.13656156,0.023870669,5.6065936e-07,2.1876409e-05,15,1.5,0.02,0.04,-0.05,40,40,40,40,40,10,0
7.11,0.14566287,0.010165304,-0.00021990793,-0.0030127286,-0.14566287,-0.010165304,0.00021990793,0.0030127286,-0.0044978423,-0.0044978423,OK,0,0.13666765,0.023871186,5.6090115e-07,2.1921792e-05,15,1.5,0.02,0.04,-0.05,40,40,40,40,40,10,0
7.115,0.14566544,-0.0058834981,-0.00022016097,0.0019211072,-0.14566544,0.0058834981,0.00022016097,-0.0019211072,0.0022572152,0.0022572152,OK,0,0.13677374,0.023871359,5.6114351e-07,2.1940245e-05,15,1.5,0.02,0.04,-0.05,40,40,40,40,40,10,0
7.12,0.14564586,0.0022472839,-0.00021476619,-0.00064574891,-0.14564586,-0.0022472839,0.00021476619,0.00064574891,-0.0011873077,-0.0011873077,OK,0,0.1368798,0.023871384,5.6137413e-07,2.194233e-05,15,1.5,0.02,0.04,-0.05,40,40,40,40,40,10,0
7.125,0.14566651,0.00054384937,-0.00021965521,-2.535512e-05,-0.14566651,-0.00054384937,0.00021965521,2.535512e-05,-0.00039777659,-0.00039777659,OK,0,0.1369859,0.023871385,5.6161537e-07,2.1942333e-05,15,1.5,0.02,0.04,-0.05,40,40,40,40,40,10,0
7.13,0.14564366,-0.0047413961,-0.0002132489,0.0013459973,-0.14564366,0.0047413961,0.0002132489,-0.0013459973,0.0015434798,0.0015434798,OK,0,0.13709196,0.023871498,5.6184275e-07,2.1951392e-05,15,1.5,0.02,0.04,-0.05,40,40,40,40,40,10,0
7.135,0.14566516,0.0070752928,-0.00021898086,-0.0020138682,-0.14566516,-0.0070752928,0.00021898086,0.0020138682,-0.0031092003,-0.0031092003,OK,0,0.13719805,0.023871748,5.6208251e-07,2.197167e-05,15,1.5,0.02,0.04,-0.05,40,40,40,40,40,10,0
7.14,0.14565851,-0.0069401417,-0.00021662063,0.0021214217,-0.14565851,0.0069401417,0.00021662063,-0.0021214217,0.0025683875,0.0025683875,OK,0,0.13730413,0.023871989,5.6231713e-07,2.1994172e-05,15,1.5,0.02,0.04,-0.05,40,40,40,40,40,10,0
7.145,0.14565441,0.006446915,-0.00021544053,-0.0018290052,-0.14565441,-0.006446915,0.00021544053,0.0018290052,-0.0028041508,-0.0028041508,OK,0,0.13741021,0.023872197,5.6254921e-07,2.2010898e-05,15,1.5,0.02,0.04,-0.05,40,40,40,40,40,10,0
7.15,0.14566968,-0.002371817,-0.00021881227,0.000925654,-0.14566968,0.002371817,0.00021881227,-0.000925654,0.00092481792,0.00092481792,OK,0,0.13751631,0.023872225,5.627886e-07,2.2015183e-05,15,1.5,0.02,0.04,-0.05,40,40,40,40,40,10,0
7.155,0.14564754,-0.0009532809,-0.00021240596,0.00033039986,-0.14564754,0.0009532809,0.00021240596,-0.00033039986,0.00018432997,0.00018432997,OK,0,0.13762237,0.023872229,5.6301418e-07,2.2015728e-05,15,1.5,0.02,0.04,-0.05,40,40,40,40,40,10,0
7.16,0.14566529,0.0017111046,-0.00021662063,-0.00044140653,-0.14566529,-0.0017111046,0.00021662063,0.00044140653,-0.00092966925,-0.00092966925,OK,0,0.13772846,0.023872244,5.632488e-07,2.2016703e-05,15,1.5,0.02,0.04,-0.05,40,40,40,40,40,10,0
7.165,0.14565065,-0.0019333718,-0.00021274313,0.0006357194,-0.14565065,0.0019333718,0.00021274313,-0.0006357194,0.00059811035,0.00059811035,OK,0,0.13783453,0.023872263,5.634751e-07,2.2018723e-05,15,1.5,0.02,0.04,-0.05,40,40,40,40,40,10,0
7.17,0.14566549,0.0013243242,-0.00021594628,-0.00037474277,-0.14566549,-0.0013243242,0.00021594628,0.00037474277,-0.00083502561,-0.00083502561,OK,0,0.13794063,0.023872272,5.6370827e-07,2.2019425e-05,15,1.5,0.02,0.04,-0.05,40,40,40,40,40,10,0
7.175,0.1456542,0.00022925225,-0.0002130803,4.355128e-05,-0.1456542,-0.00022925225,0.0002130803,-4.355128e-05,-0.00020862344,-0.00020862344,OK,0,0.1380467,0.023872272,5.6393528e-07,2.2019435e-05,15,1.5,0.02,0.04,-0.05,40,40,40,40,40,10,0
7.18,0.14565438,-2.6916783e-05,-0.00021274312,0.00010212943,-0.14565438,2.6916783e-05,0.00021274312,-0.00010212943,-0.00012594169,-0.00012594169,OK,0,0.13815278,0.023872272,5.6416158e-07,2.2019487e-05,15,1.5,0.02,0.04,-0.05,40,40,40,40,40,10,0
7.185,0.14565869,0.0022423805,-0.00021324888,-0.00048945078,-0.14565869,-0.0022423805,0.00021324888,0.00048945078,-0.00093004042,-0.00093004042,OK,0,0.13825886,0.023872297,5.6438896e-07,2.2020685e-05,15,1.5,0.02,0.04,-0.05,40,40,40,40,40,10,0
7.19,0.14566108,0.00090724834,-0.0002130803,-1.6010062e-05,-0.14566108,-0.00090724834,0.0002130803,1.6010062e-05,-0.00027070809,-0.00027070809,OK,0,0.13836495,0.023872301,5.6461597e-07,2.2020686e-05,15,1.5,0.02,0.04,-0.05,40,40,40,40,40,10,0
7.195,0.1456598,0.00056551798,-0.0002117316,7.7995224e-05,-0.1456598,-0.00056551798,0.0002117316,-7.7995224e-05,-0.00012316434,-0.00012316434,OK,0,0.13847103,0.023872303,5.6484012e-07,2.2020717e-05,15,1.5,0.02,0.04,-0.05,40,40,40,40,40,10,0
7.2,0.14565993,0.0028651907,-0.00021072008,-0.00051498157,-0.14565993,-0.0028651907,0.00021072008,0.00051498157,-0.00090546725,-0.00090546725,OK,0,0.13857711,0.023872344,5.6506214e-07,2.2022043e-05,15,1.5,0.02,0.04,-0.05,40,40,40,40,40,10,0
7.205,0.14565615,0.0016407861,-0.00020819127,-5.4098785e-05,-0.14565615,-0.0016407861,0.00020819127,5.4098785e-05,-0.00022526281,-0.00022526281,OK,0,0.13868319,0.023872357,5.6527886e-07,2.2022057e-05,15,1.5,0.02,0.04,-0.05,40,40,40,40,40,10,0
7.21,0.14565855,-0.0035009809,-0.00020701115,0.0012194643,-0.14565855,0.0035009809,0.00020701115,-0.0012194643,0.0014971609,0.0014971609,OK,0,0.13878927,0.023872418,5.6549312e-07,2.2029493e-05,15,1.5,0.02,0.04,-0.05,40,40,40,40,40,10,0
7.215,0.1456622,0.0034917067,-0.00020726387,-0.00090731331,-0.1456622,-0.0034917067,0.00020726387,0.00090731331,-0.0014170157,-0.0014170157,OK,0,0.13889536,0.023872479,5.6570792e-07,2.2033609e-05,15,1.5,0.02,0.04,-0.05,40,40,40,40,40,10,0
7.22,0.14564964,-0.0032538237,-0.00020355495,0.0010544688,-0.14564964,0.0032538237,0.00020355495,-0.0010544688,0.0013112188,0.0013112188,OK,0,0.13900143,0.023872532,5.6591509e-07,2.2039168e-05,15,1.5,0.02,0.04,-0.05,40,40,40,40,40,10,0
7.225,0.14566783,0.003421834,-0.00020802268,-0.00096523556,-0.14566783,-0.003421834,0.00020802268,0.00096523556,-0.0015179636,-0.0015179636,OK,0,0.13910753,0.023872591,5.6613146e-07,2.2043827e-05,15,1.5,0.02,0.04,-0.05,40,40,40,40,40,10,0
7.23,0.14565471,-0.0034613149,-0.0002042293,0.0010530106,-0.14565471,0.0034613149,0.0002042293,-0.0010530106,0.0012907181,0.0012907181,OK,0,0.1392136,0.023872651,5.6634e-07,2.2049371e-05,15,1.5,0.02,0.04,-0.05,40,40,40,40,40,10,0
7.235,0.14567177,0.0031901332,-0.00020869702,-0.00095633129,-0.14567177,-0.0031901332,0.00020869702,0.00095633129,-0.0015239116,-0.0015239116,OK,0,0.1393197,0.023872702,5.6655778e-07,2.2053944e-05,15,1.5,0.02,0.04,-0.05,40,40,40,40,40,10,0
7.24,0.14565254,-0.0085645424,-0.00020372353,0.0022697531,-0.14565254,0.0085645424,0.00020372353,-0.0022697531,0.0029192457,0.0029192457,OK,0,0.13942578,0.023873068,5.6676529e-07,2.2079703e-05,15,1.5,0.02,0.04,-0.05,40,40,40,40,40,10,0
7.245,0.14566576,0.010138006,-0.00020861256,-0.003085796,-0.14566576,-0.010138006,0.00020861256,0.003085796,-0.004439047,-0.004439047,OK,0,0.13953187,0.023873582,5.6698289e-07,2.2127313e-05,15,1.5,0.02,0.04,-0.05,40,40,40,40,40,10,0
7.25,0.14566848,-0.0058266542,-0.0002092869,0.0018167786,-0.14566848,0.0058266542,0.0002092869,-0.0018167786,0.0022661679,0.0022661679,OK,0,0.13963797,0.023873752,5.6720189e-07,2.2143817e-05,15,1.5,0.02,0.04,-0.05,40,40,40,40,40,10,0
7.255,0.14564941,0.0023174992,-0.00020422929,-0.0007528449,-0.14564941,-0.0023174992,0.00020422929,0.0007528449,-0.0011870184,-0.0011870184,OK,0,0.13974404,0.023873779,5.6741044e-07,2.2146651e-05,15,1.5,0.02,0.04,-0.05,40,40,40,40,40,10,0
7.26,0.14567028,0.00061557274,-0.00020979266,-0.00013048145,-0.14567028,-0.00061557274,0.00020979266,0.00013048145,-0.00040458356,-0.00040458356,OK,0,0.13985013,0.023873781,5.6763051e-07,2.2146736e-05,15,1.5,0.02,0.04,-0.05,40,40,40,40,40,10,0
7.265,0.14565245,-0.0022728578,-0.00020524081,0.00064450858,-0.14565245,0.0022728578,0.00020524081,-0.00064450858,0.00071028551,0.00071028551,OK,0,0.13995621,0.023873807,5.6784113e-07,2.2148813e-05,15,1.5,0.02,0.04,-0.05,40,40,40,40,40,10,0
7.27,0.14567324,0.0035494104,-0.00021046701,-0.0010309508,-0.14567324,-0.0035494104,0.00021046701,0.0010309508,-0.0016479902,-0.0016479902,OK,0,0.14006231,0.02387387,5.6806261e-07,2.2154127e-05,15,1.5,0.02,0.04,-0.05,40,40,40,40,40,10,0
7.275,0.14565519,-0.0083793475,-0.00020574656,0.0022653855,-0.14565519,0.0083793475,0.00020574656,-0.0022653855,0.0028898098,0.0028898098,OK,0,0.14016839,0.023874221,5.6827427e-07,2.2179787e-05,15,1.5,0.02,0.04,-0.05,40,40,40,40,40,10,0
7.28,0.14566937,0.010284908,-0.00021046701,-0.0030746117,-0.14566937,-0.010284908,0.00021046701,0.0030746117,-0.004444139,-0.004444139,OK,0,0.14027449,0.02387475,5.6849575e-07,2.2227053e-05,15,1.5,0.02,0.04,-0.05,40,40,40,40,40,10,0
7.285,0.14567276,-0.0056825028,-0.00021114135,0.0018293072,-0.14567276,0.0056825028,0.00021114135,-0.0018293072,0.0022629956,0.0022629956,OK,0,0.14038059,0.023874911,5.6871865e-07,2.2243785e-05,15,1.5,0.02,0.04,-0.05,40,40,40,40,40,10,0
7.29,0.14565435,0.0024622637,-0.00020608374,-0.00074021994,-0.14565435,-0.0024622637,0.00020608374,0.00074021994,-0.0011900084,-0.0011900084,OK,0,0.14048666,0.023874941,5.68931e-07,2.2246524e-05,15,1.5,0.02,0.04,-0.05,40,40,40,40,40,10,0
7.295,0.14567605,0.00076194554,-0.00021147852,-0.00011803434,-0.14567605,-0.00076194554,0.00021147852,0.00011803434,-0.00040523051,-0.00040523051,OK,0,0.14059277,0.023874944,5.6915462e-07,2.2246594e-05,15,1.5,0.02,0.04,-0.05,40,40,40,40,40,10,0
7.3,0.14565406,-0.004525846,-0.00020574656,0.0012574508,-0.14565406,0.004525846,0.00020574656,-0.0012574508,0.0015320252,0.0015320252,OK,0,0.14069885,0.023875047,5.6936628e-07,2.22545e-05,15,1.5,0.02,0.04,-0.05,40,40,40,40,40,10,0
7.305,0.14567184,0.0048762365,-0.00021063559,-0.0014935696,-0.14567184,-0.0048762365,0.00021063559,0.0014935696,-0.0022914021,-0.0022914021,OK,0,0.14080495,0.023875166,5.6958811e-07,2.2265654e-05,15,1.5,0.02,0.04,-0.05,40,40,40,40,40,10,0
7.31,0.14565761,-0.0079702,-0.00020717971,0.0021727175,-0.14565761,0.0079702,0.00020717971,-0.0021727175,0.0027457247,0.0027457247,OK,0,0.14091103,0.023875483,5.6980273e-07,2.2289257e-05,15,1.5,0.02,0.04,-0.05,40,40,40,40,40,10,0
7.315,0.14566846,0.0056247857,-0.00021080417,-0.0018799002,-0.14566846,-0.0056247857,0.00021080417,0.0018799002,-0.0028435522,-0.0028435522,OK,0,0.14101713,0.023875641,5.7002492e-07,2.2306927e-05,15,1.5,0.02,0.04,-0.05,40,40,40,40,40,10,0
7.32,0.14565581,-0.0080127248,-0.00020810677,0.0021046878,-0.14565581,0.0080127248,0.00020810677,-0.0021046878,0.0026280375,0.0026280375,OK,0,0.1411232,0.023875962,5.7024147e-07,2.2329076e-05,15,1.5,0.02,0.04,-0.05,40,40,40,40,40,10,0
7.325,0.14567072,0.010280011,-0.00021316439,-0.0030857021,-0.14567072,-0.010280011,0.00021316439,0.0030857021,-0.0045014041,-0.0045014041,OK,0,0.1412293,0.023876491,5.7046866e-07,2.2376684e-05,15,1.5,0.02,0.04,-0.05,40,40,40,40,40,10,0
7.33,0.14567381,-0.0057667101,-0.00021383873,0.0018499309,-0.14567381,0.0057667101,0.00021383873,-0.0018499309,0.0022501233,0.0022501233,OK,0,0.14133541,0.023876657,5.706973e-07,2.2393795e-05,15,1.5,0.02,0.04,-0.05,40,40,40,40,40,10,0
7.335,0.14565498,0.0023617586,-0.00020861253,-0.00071334152,-0.14565498,-0.0023617586,0.00020861253,0.00071334152,-0.0011916303,-0.0011916303,OK,0,0.14144149,0.023876685,5.7091489e-07,2.2396339e-05,15,1.5,0.02,0.04,-0.05,40,40,40,40,40,10,0
7.34,0.14567604,0.00066066295,-0.00021400732,-9.1214611e-05,-0.14567604,-0.00066066295,0.00021400732,9.1214611e-05,-0.00040698428,-0.00040698428,OK,0,0.14154759,0.023876687,5.7114389e-07,2.2396381e-05,15,1.5,0.02,0.04,-0.05,40,40,40,40,40,10,0
7.345,0.14565357,-0.0046285968,-0.00020810676,0.0012844469,-0.14565357,0.0046285968,0.00020810676,-0.0012844469,0.0015329965,0.0015329965,OK,0,0.14165367,0.023876794,5.7136043e-07,2.240463e-05,15,1.5,0.02,0.04,-0.05,40,40,40,40,40,10,0
7.35,0.14567566,0.007182969,-0.00021409178,-0.0020706234,-0.14567566,-0.007182969,0.00021409178,0.0020706234,-0.0031164797,-0.0031164797,OK,0,0.14175978,0.023877052,5.7158961e-07,2.2426067e-05,15,1.5,0.02,0.04,-0.05,40,40,40,40,40,10,0
7.355,0.14566966,-0.0068320164,-0.00021190014,0.0020673003,-0.14566966,0.0068320164,0.00021190014,-0.0020673003,0.002562561,0.002562561,OK,0,0.14186587,0.023877286,5.7181411e-07,2.2447436e-05,15,1.5,0.02,0.04,-0.05,40,40,40,40,40,10,0
7.36,0.14566613,0.0065577885,-0.00021097274,-0.0018814523,-0.14566613,-0.0065577885,0.00021097274,0.0018814523,-0.0028111356,-0.0028111356,OK,0,0.14197197,0.023877501,5.7203666e-07,2.2465135e-05,15,1.5,0.02,0.04,-0.05,40,40,40,40,40,10,0
7.365,0.14565776,-0.0070845927,-0.00020861252,0.0020841394,-0.14565776,0.0070845927,0.00020861252,-0.0020841394,0.0026267928,0.0026267928,OK,0,0.14207805,0.023877752,5.7225426e-07,2.2486853e-05,15,1.5,0.02,0.04,-0.05,40,40,40,40,40,10,0
7.37,0.14567235,0.0063418512,-0.00021265861,-0.0019006761,-0.14567235,-0.0063418512,0.00021265861,0.0019006761,-0.0028737724,-0.0028737724,OK,0,0.14218415,0.023877953,5.7248038e-07,2.2504916e-05,15,1.5,0.02,0.04,-0.05,40,40,40,40,40,10,0
7.375,0.14566323,-0.0073322365,-0.00020996121,0.0020992596,-0.14566323,0.0073322365,0.00020996121,-0.0020992596,0.0026194464,0.0026194464,OK,0,0.14229024,0.023878222,5.7270079e-07,2.2526951e-05,15,1.5,0.02,0.04,-0.05,40,40,40,40,40,10,0
7.38,0.14566947,0.0085411521,-0.00021198426,-0.0024836069,-0.14566947,-0.0085411521,0.00021198426,0.0024836069,-0.0036501387,-0.0036501387,OK,0,0.14239634,0.023878586,5.7292548e-07,2.2557792e-05,15,1.5,0.02,0.04,-0.05,40,40,40,40,40,10,0
7.385,0.1456674,-0.0062932159,-0.00021122578,0.0019631417,-0.1456674,0.0062932159,0.00021122578,-0.0019631417,0.0024379452,0.0024379452,OK,0,0.14250243,0.023878784,5.7314856e-07,2.2577062e-05,15,1.5,0.02,0.04,-0.05,40,40,40,40,40,10,0
7.39,0.14566615,0.0069171887,-0.00021046697,-0.0019133006,-0.14566615,-0.0069171887,0.00021046697,0.0019133006,-0.0028369449,-0.0028369449,OK,0,0.14260852,0.023879024,5.7337004e-07,2.2595365e-05,15,1.5,0.02,0.04,-0.05,40,40,40,40,40,10,0
7.395,0.14565958,-0.0067614561,-0.00020810675,0.0020671231,-0.14565958,0.0067614561,0.00020810675,-0.0020671231,0.0026218169,0.0026218169,OK,0,0.14271461,0.023879252,5.7358659e-07,2.261673e-05,15,1.5,0.02,0.04,-0.05,40,40,40,40,40,10,0
7.4,0.14567585,0.0066596166,-0.00021215284,-0.0019151741,-0.14567585,-0.0066596166,0.00021215284,0.0019151741,-0.0028751521,-0.0028751521,OK,0,0.14282072,0.023879474,5.7381163e-07,2.263507e-05,15,1.5,0.02,0.04,-0.05,40,40,40,40,40,10,0
7.405,0.14566807,-0.0070122063,-0.00020979262,0.0020845691,-0.14566807,0.0070122063,0.00020979262,-0.0020845691,0.0026128375,0.0026128375,OK,0,0.14292681,0.02387972,5.740317e-07,2.2656797e-05,15,1.5,0.02,0.04,-0.05,40,40,40,40,40,10,0
7.41,0.14566392,0.0064473122,-0.0002087811,-0.0018920995,-0.14566392,-0.0064473122,0.0002087811,0.0018920995,-0.0027986948,-0.0027986948,OK,0,0.1430329,0.023879928,5.7424964e-07,2.2674697e-05,15,1.5,0.02,0.04,-0.05,40,40,40,40,40,10,0
7.415,0.1456672,-0.004763413,-0.00020945544,0.0014621367,-0.1456672,0.004763413,0.00020945544,-0.0014621367,0.0017741808,0.0017741808,OK,0,0.143139,0.023880041,5.74469e-07,2.2685386e-05,15,1.5,0.02,0.04,-0.05,40,40,40,40,40,10,0
7.42,0.14567068,0.0075002401,-0.00021012979,-0.0020321792,-0.14567068,-0.0075002401,0.00021012979,0.0020321792,-0.0029867925,-0.0029867925,OK,0,0.1432451,0.023880322,5.7468977e-07,2.2706035e-05,15,1.5,0.02,0.04,-0.05,40,40,40,40,40,10,0
7.425,0.1456664,-0.0063869741,-0.00020810674,0.0020332491,-0.1456664,0.0063869741,0.00020810674,-0.0020332491,0.0025861215,0.0025861215,OK,0,0.14335119,0.023880526,5.7490632e-07,2.2726706e-05,15,1.5,0.02,0.04,-0.05,40,40,40,40,40,10,0
7.43,0.14566513,0.0070329729,-0.0002074324,-0.0019273186,-0.14566513,-0.0070329729,0.0002074324,0.0019273186,-0.0028078424,-0.0028078424,OK,0,0.14345728,0.023880774,5.7512146e-07,2.2745279e-05,15,1.5,0.02,0.04,-0.05,40,40,40,40,40,10,0
7.435,0.14565921,-0.0066056428,-0.00020524076,0.0020374402,-0.14565921,0.0066056428,0.00020524076,-0.0020374402,0.0026265074,0.0026265074,OK,0,0.14356336,0.023880992,5.7533208e-07,2.2766034e-05,15,1.5,0.02,0.04,-0.05,40,40,40,40,40,10,0
7.44,0.14567642,0.0068212959,-0.00020928685,-0.0019466656,-0.14567642,-0.0068212959,0.00020928685,0.0019466656,-0.0028729209,-0.0028729209,OK,0,0.14366947,0.023881224,5.7555108e-07,2.2784982e-05,15,1.5,0.02,0.04,-0.05,40,40,40,40,40,10,0
7.445,0.14566945,-0.0068471583,-0.00020709521,0.0020523955,-0.14566945,0.0068471583,0.00020709521,-0.0020523955,0.0026116677,0.0026116677,OK,0,0.14377557,0.023881459,5.7576552e-07,2.2806044e-05,15,1.5,0.02,0.04,-0.05,40,40,40,40,40,10,0
7.45,0.14566595,0.0066116187,-0.00020642087,-0.0019232219,-0.14566595,-0.0066116187,0.00020642087,0.0019232219,-0.0028033622,-0.0028033622,OK,0,0.14388166,0.023881677,5.7597857e-07,2.2824537e-05,15,1.5,0.02,0.04,-0.05,40,40,40,40,40,10,0
7.455,0.14566299,-0.0021550824,-0.00020524076,0.00083399784,-0.14566299,0.0021550824,0.00020524076,-0.00083399784,0.00099944184,0.00099944184,OK,0,0.14398775,0.023881701,5.7618919e-07,2.2828015e-05,15,1.5,0.02,0.04,-0.05,40,40,40,40,40,10,0
7.46,0.14567096,-0.00072426649,-0.00020658945,0.00019539733,-0.14567096,0.00072426649,0.00020658945,-0.00019539733,7.8702817e-05,7.8702817e-05,OK,0,0.14409385,0.023881703,5.7640259e-07,2.2828206e-05,15,1.5,0.02,0.04,-0.05,40,40,40,40,40,10,0
7.465,0.14566783,0.0043046408,-0.00020608369,-0.0011169449,-0.14566783,-0.0043046408,0.00020608369,0.0011169449,-0.0016811304,-0.0016811304,OK,0,0.14419995,0.023881796,5.7661494e-07,2.2834444e-05,15,1.5,0.02,0.04,-0.05,40,40,40,40,40,10,0
7.47,0.14565808,-0.0028585766,-0.00020288053,0.00099432706,-0.14565808,0.0028585766,0.00020288053,-0.00099432706,0.0012471012,0.0012471012,OK,0,0.14430603,0.023881837,5.7682074e-07,2.2839387e-05,15,1.5,0.02,0.04,-0.05,40,40,40,40,40,10,0
7.475,0.14567812,0.0037358635,-0.00020743239,-0.00099087269,-0.14567812,-0.0037358635,0.00020743239,0.00099087269,-0.001534798,-0.001534798,OK,0,0.14441214,0.023881907,5.7703588e-07,2.2844297e-05,15,1.5,0.02,0.04,-0.05,40,40,40,40,40,10,0
7.48,0.1456615,-0.0080257582,-0.00020271194,0.0022396206,-0.1456615,0.0080257582,0.00020271194,-0.0022396206,0.0029109514,0.0029109514,OK,0,0.14451823,0.023882229,5.7724134e-07,2.2869376e-05,15,1.5,0.02,0.04,-0.05,40,40,40,40,40,10,0
7.485,0.14567266,0.005808443,-0.00020642086,-0.0019079505,-0.14567266,-0.005808443,0.00020642086,0.0019079505,-0.0028124478,-0.0028124478,OK,0,0.14462433,0.023882397,5.7745439e-07,2.2887577e-05,15,1.5,0.02,0.04,-0.05,40,40,40,40,40,10,0
7.49,0.14566093,-0.0077804257,-0.00020406063,0.0020586916,-0.14566093,0.0077804257,0.00020406063,-0.0020586916,0.0026291296,0.0026291296,OK,0,0.14473041,0.0238827,5.7766259e-07,2.2908768e-05,15,1.5,0.02,0.04,-0.05,40,40,40,40,40,10,0
7.495,0.14567709,0.010519179,-0.00020928684,-0.0031326778,-0.14567709,-0.010519179,0.00020928684,0.0031326778,-0.0045040103,-0.0045040103,OK,0,0.14483652,0.023883253,5.778816e-07,2.2957837e-05,15,1.5,0.02,0.04,-0.05,40,40,40,40,40,10,0
7.5,0.14568144,-0.0055246723,-0.00021012977,0.0018037303,-0.14568144,0.0055246723,0.00021012977,-0.0018037303,0.0022462909,0.0022462909,OK,0,0.14494264,0.023883406,5.7810237e-07,2.2974104e-05,15,1.5,0.02,0.04,-0.05,40,40,40,40,40,10,0
7.505,0.14566363,0.0026061031,-0.0002053252,-0.00075841323,-0.14566363,-0.0026061031,0.0002053252,0.00075841323,-0.0011999811,-0.0011999811,OK,0,0.14504873,0.02388344,5.7831316e-07,2.297698e-05,15,1.5,0.02,0.04,-0.05,40,40,40,40,40,10,0
7.51,0.14566687,-0.003918177,-0.00020583096,0.0010743856,-0.14566687,0.003918177,0.00020583096,-0.0010743856,0.0012807243,0.0012807243,OK,0,0.14515482,0.023883517,5.78525e-07,2.2982751e-05,15,1.5,0.02,0.04,-0.05,40,40,40,40,40,10,0
7.515,0.14567212,0.00036865944,-0.00020785401,-0.00032781641,-0.14567212,-0.00036865944,0.00020785401,0.00032781641,-0.00068134602,-0.00068134602,OK,0,0.14526092,0.023883517,5.7874101e-07,2.2983289e-05,15,1.5,0.02,0.04,-0.05,40,40,40,40,40,10,0
7.52,0.14566897,0.0018842472,-0.00020785401,-0.00060189076,-0.14566897,-0.0018842472,0.00020785401,0.00060189076,-0.0010318969,-0.0010318969,OK,0,0.14536702,0.023883535,5.7895703e-07,2.29851e-05,15,1.5,0.02,0.04,-0.05,40,40,40,40,40,10,0
7.525,0.14566926,0.00044320614,-0.00020810672,-7.1593929e-05,-0.14566926,-0.00044320614,0.00020810672,7.1593929e-05,-0.00029787822,-0.00029787822,OK,0,0.14547312,0.023883536,5.7917357e-07,2.2985126e-05,15,1.5,0.02,0.04,-0.05,40,40,40,40,40,10,0
7.53,0.14566822,8.6839385e-05,-0.00020734824,3.8566894e-05,-0.14566822,-8.6839385e-05,0.00020734824,-3.8566894e-05,-0.00013553533,-0.00013553533,OK,0,0.14557921,0.023883536,5.7938854e-07,2.2985133e-05,15,1.5,0.02,0.04,-0.05,40,40,40,40,40,10,0
7.535,0.14567266,-7.2769419e-05,-0.00020869694,5.2866336e-05,-0.14567266,7.2769419e-05,0.00020869694,-5.2866336e-05,-0.00014061203,-0.00014061203,OK,0,0.14568532,0.023883536,5.7960631e-07,2.2985147e-05,15,1.5,0.02,0.04,-0.05,40,40,40,40,40,10,0
7.54,0.14566976,0.0022159698,-0.00020760095,-0.00053268249,-0.14566976,-0.0022159698,0.00020760095,0.00053268249,-0.00091100408,-0.00091100408,OK,0,0.14579142,0.023883561,5.798218e-07,2.2986566e-05,15,1.5,0.02,0.04,-0.05,40,40,40,40,40,10,0
7.545,0.14567225,0.00094758781,-0.00020768541,-7.2043185e-05,-0.14567225,-0.00094758781,0.00020768541,7.2043185e-05,-0.00027199736,-0.00027199736,OK,0,0.14589752,0.023883565,5.8003747e-07,2.2986592e-05,15,1.5,0.02,0.04,-0.05,40,40,40,40,40,10,0
7.55,0.14566891,0.00063878051,-0.00020591508,2.1189794e-05,-0.14566891,-0.00063878051,0.00020591508,-2.1189794e-05,-0.00011801211,-0.00011801211,OK,0,0.14600361,0.023883567,5.8024947e-07,2.2986594e-05,15,1.5,0.02,0.04,-0.05,40,40,40,40,40,10,0
7.555,0.14566687,0.00054961764,-0.00020465084,2.7242591e-05,-0.14566687,-0.00054961764,0.00020465084,-2.7242591e-05,-9.3576705e-05,-9.3576705e-05,OK,0,0.14610971,0.023883569,5.8045888e-07,2.2986598e-05,15,1.5,0.02,0.04,-0.05,40,40,40,40,40,10,0
7.56,0.14566693,-0.0019645753,-0.0002038079,0.00062086247,-0.14566693,0.0019645753,0.0002038079,-0.00062086247,0.00070893083,0.00070893083,OK,0,0.1462158,0.023883588,5.8066657e-07,2.2988525e-05,15,1.5,0.02,0.04,-0.05,40,40,40,40,40,10,0
7.565,0.14567471,-0.00092220774,-0.00020574649,0.00015043356,-0.14567471,0.00092220774,0.00020574649,-0.00015043356,1.6059024e-05,1.6059024e-05,OK,0,0.14632191,0.023883592,5.8087823e-07,2.2988638e-05,15,1.5,0.02,0.04,-0.05,40,40,40,40,40,10,0
7.57,0.14567037,0.0040213681,-0.00020532519,-0.0011266385,-0.14567037,-0.0040213681,0.00020532519,0.0011266385,-0.0016955734,-0.0016955734,OK,0,0.14642801,0.023883673,5.8108902e-07,2.2994985e-05,15,1.5,0.02,0.04,-0.05,40,40,40,40,40,10,0
7.575,0.14566874,0.0016561604,-0.00020465084,-0.00021333251,-0.14566874,-0.0016561604,0.00020465084,0.00021333251,-0.00041014004,-0.00041014004,OK,0,0.1465341,0.023883687,5.8129843e-07,2.2995212e-05,15,1.5,0.02,0.04,-0.05,40,40,40,40,40,10,0
7.58,0.14567062,-0.0037354411,-0.0002038079,0.0011640291,-0.14567062,0.0037354411,0.0002038079,-0.0011640291,0.0014529199,0.0014529199,OK,0,0.1466402,0.023883757,5.8150612e-07,2.3001987e-05,15,1.5,0.02,0.04,-0.05,40,40,40,40,40,10,0
7.585,0.14567526,0.0056388409,-0.00020498801,-0.0015421345,-0.14567526,-0.0056388409,0.00020498801,0.0015421345,-0.002248963,-0.002248963,OK,0,0.14674631,0.023883916,5.8171622e-07,2.3013878e-05,15,1.5,0.02,0.04,-0.05,40,40,40,40,40,10,0
7.59,0.14566498,-0.0071677095,-0.00020178485,0.0020996482,-0.14566498,0.0071677095,0.00020178485,-0.0020996482,0.0027492908,0.0027492908,OK,0,0.1468524,0.023884172,5.819198e-07,2.3035921e-05,15,1.5,0.02,0.04,-0.05,40,40,40,40,40,10,0
7.595,0.14567983,0.0064399706,-0.00020583094,-0.0019556826,-0.14567983,-0.0064399706,0.00020583094,0.0019556826,-0.0028497925,-0.0028497925,OK,0,0.14695852,0.02388438,5.8213164e-07,2.3055044e-05,15,1.5,0.02,0.04,-0.05,40,40,40,40,40,10,0
7.6,0.14567114,-0.0071929158,-0.0002036393,0.0020302752,-0.14567114,0.0071929158,0.0002036393,-0.0020302752,0.0026165295,0.0026165295,OK,0,0.14706462,0.023884638,5.8233898e-07,2.3075654e-05,15,1.5,0.02,0.04,-0.05,40,40,40,40,40,10,0
7.605,0.14566605,0.0062741631,-0.00020296496,-0.0019476475,-0.14566605,-0.0062741631,0.00020296496,0.0019476475,-0.002801658,-0.002801658,OK,0,0.14717071,0.023884835,5.8254495e-07,2.3094621e-05,15,1.5,0.02,0.04,-0.05,40,40,40,40,40,10,0
7.61,0.14568042,-0.0025304595,-0.00020701104,0.000805859,-0.14568042,0.0025304595,0.00020701104,-0.000805859,0.00091601289,0.00091601289,OK,0,0.14727682,0.023884867,5.8275922e-07,2.3097868e-05,15,1.5,0.02,0.04,-0.05,40,40,40,40,40,10,0
7.615,0.14566475,0.0012914413,-0.00020296495,-0.00038656197,-0.14566475,-0.0012914413,0.00020296495,0.00038656197,-0.00065936464,-0.00065936464,OK,0,0.14738291,0.023884876,5.829652e-07,2.3098615e-05,15,1.5,0.02,0.04,-0.05,40,40,40,40,40,10,0
7.62,0.14568307,0.00035919555,-0.00020734822,-7.1535705e-05,-0.14568307,-0.00035919555,0.00020734822,7.1535705e-05,-0.00028949765,-0.00028949765,OK,0,0.14748903,0.023884876,5.8318016e-07,2.3098641e-05,15,1.5,0.02,0.04,-0.05,40,40,40,40,40,10,0
7.625,0.1456598,-0.0047560031,-0.0002013632,0.0012364567,-0.1456598,0.0047560031,0.0002013632,-0.0012364567,0.0015571928,0.0015571928,OK,0,0.14759512,0.023884989,5.833829e-07,2.3106285e-05,15,1.5,0.02,0.04,-0.05,40,40,40,40,40,10,0
7.63,0.14568115,0.0070957651,-0.00020785398,-0.002132431,-0.14568115,-0.0070957651,0.00020785398,0.002132431,-0.0031190025,-0.0031190025,OK,0,0.14770123,0.023885241,5.8359891e-07,2.3129021e-05,15,1.5,0.02,0.04,-0.05,40,40,40,40,40,10,0
7.635,0.14567477,-0.0069178451,-0.00020591505,0.0020071625,-0.14567477,0.0069178451,0.00020591505,-0.0020071625,0.0025587995,0.0025587995,OK,0,0.14780734,0.02388548,5.8381092e-07,2.3149165e-05,15,1.5,0.02,0.04,-0.05,40,40,40,40,40,10,0
7.64,0.14567067,0.0064715903,-0.00020540929,-0.0019392813,-0.14567067,-0.0064715903,0.00020540929,0.0019392813,-0.0028177843,-0.0028177843,OK,0,0.14791344,0.02388569,5.8402188e-07,2.3167969e-05,15,1.5,0.02,0.04,-0.05,40,40,40,40,40,10,0
7.645,0.14567421,-0.0047591199,-0.00020608364,0.0014249362,-0.14567421,0.0047591199,0.00020608364,-0.0014249362,0.0017692692,0.0017692692,OK,0,0.14801954,0.023885803,5.8423424e-07,2.3178121e-05,15,1.5,0.02,0.04,-0.05,40,40,40,40,40,10,0
7.65,0.14567756,0.0075049169,-0.00020709516,-0.0020676411,-0.14567756,-0.0075049169,0.00020709516,0.0020676411,-0.0029941413,-0.0029941413,OK,0,0.14812565,0.023886085,5.8444868e-07,2.3199497e-05,15,1.5,0.02,0.04,-0.05,40,40,40,40,40,10,0
7.655,0.14567338,-0.0063853333,-0.00020515624,0.0020008709,-0.14567338,0.0063853333,0.00020515624,-0.0020008709,0.002582017,0.002582017,OK,0,0.14823175,0.023886289,5.8465912e-07,2.3219514e-05,15,1.5,0.02,0.04,-0.05,40,40,40,40,40,10,0
7.66,0.14567203,0.007036284,-0.00020473494,-0.0019585385,-0.14567203,-0.007036284,0.00020473494,0.0019585385,-0.00281394,-0.00281394,OK,0,0.14833786,0.023886536,5.8486871e-07,2.3238694e-05,15,1.5,0.02,0.04,-0.05,40,40,40,40,40,10,0
7.665,0.14567815,-0.0041909889,-0.00020574646,0.0014041249,-0.14567815,0.0041909889,0.00020574646,-0.0014041249,0.001765914,0.001765914,OK,0,0.14844397,0.023886624,5.8508036e-07,2.3248551e-05,15,1.5,0.02,0.04,-0.05,40,40,40,40,40,10,0
7.67,0.14567505,0.0056597248,-0.00020406059,-0.0014831479,-0.14567505,-0.0056597248,0.00020406059,0.0014831479,-0.0021457408,-0.0021457408,OK,0,0.14855007,0.023886784,5.8528857e-07,2.325955e-05,15,1.5,0.02,0.04,-0.05,40,40,40,40,40,10,0
7.675,0.14566979,-0.002159032,-0.00020220579,0.00089386883,-0.14566979,0.002159032,0.00020220579,-0.00089386883,0.0011347509,0.0011347509,OK,0,0.14865617,0.023886807,5.85493e-07,2.3263545e-05,15,1.5,0.02,0.04,-0.05,40,40,40,40,40,10,0
7.68,0.14567846,-0.00052778165,-0.0002033859,0.00017628189,-0.14567846,0.00052778165,0.0002033859,-0.00017628189,0.00010609217,0.00010609217,OK,0,0.14876228,0.023886809,5.8569983e-07,2.32637e-05,15,1.5,0.02,0.04,-0.05,40,40,40,40,40,10,0
7.685,0.14567659,0.0045483413,-0.00020288014,-0.0011531053,-0.14567659,-0.0045483413,0.00020288014,0.0011531053,-0.0016773946,-0.0016773946,OK,0,0.14886839,0.023886912,5.8590563e-07,2.3270349e-05,15,1.5,0.02,0.04,-0.05,40,40,40,40,40,10,0
7.69,0.14566796,-0.002600575,-0.00020001449,0.0009544878,-0.14566796,0.002600575,0.00020001449,-0.0009544878,0.0012408506,0.0012408506,OK,0,0.14897449,0.023886946,5.8610566e-07,2.3274904e-05,15,1.5,0.02,0.04,-0.05,40,40,40,40,40,10,0
7.695,0.1456894,0.0039956192,-0.00020465047,-0.0010291078,-0.1456894,-0.0039956192,0.00020465047,0.0010291078,-0.0015398059,-0.0015398059,OK,0,0.14908061,0.023887026,5.8631507e-07,2.3280199e-05,15,1.5,0.02,0.04,-0.05,40,40,40,40,40,10,0
7.7,0.14567403,-0.0077605586,-0.00020018307,0.002201746,-0.14567403,0.0077605586,0.00020018307,-0.002201746,0.0029029313,0.0029029313,OK,0,0.14918672,0.023887327,5.8651544e-07,2.3304438e-05,15,1.5,0.02,0.04,-0.05,40,40,40,40,40,10,0
7.705,0.14566731,0.0061170206,-0.00019917155,-0.0019406909,-0.14566731,-0.0061170206,0.00019917155,0.0019406909,-0.0027405826,-0.0027405826,OK,0,0.14929281,0.023887514,5.8671379e-07,2.3323269e-05,15,1.5,0.02,0.04,-0.05,40,40,40,40,40,10,0
7.71,0.1456814,-0.0025999113,-0.00020304905,0.00077840266,-0.1456814,0.0025999113,0.00020304905,-0.00077840266,0.00093149966,0.00093149966,OK,0,0.14939893,0.023887548,5.8691993e-07,2.3326299e-05,15,1.5,0.02,0.04,-0.05,40,40,40,40,40,10,0
7.715,0.14567248,0.0036559284,-0.00020119459,-0.001026063,-0.14567248,-0.0036559284,0.00020119459,0.001026063,-0.0014973267,-0.0014973267,OK,0,0.14950503,0.023887615,5.8712233e-07,2.3331563e-05,15,1.5,0.02,0.04,-0.05,40,40,40,40,40,10,0
7.72,0.14567971,-0.0032825242,-0.00020254329,0.00097631187,-0.14567971,0.0032825242,0.00020254329,-0.00097631187,0.0012086117,0.0012086117,OK,0,0.14961114,0.023887669,5.8732745e-07,2.3336329e-05,15,1.5,0.02,0.04,-0.05,40,40,40,40,40,10,0
7.725,0.14566872,0.0033662657,-0.00020001448,-0.00098690266,-0.14566872,-0.0033662657,0.00020001448,0.00098690266,-0.0014325462,-0.0014325462,OK,0,0.14971724,0.023887725,5.8752747e-07,2.3341198e-05,15,1.5,0.02,0.04,-0.05,40,40,40,40,40,10,0
7.73,0.14567468,-0.0034841616,-0.00020136317,0.00097954445,-0.14567468,0.0034841616,0.00020136317,-0.00097954445,0.0012229961,0.0012229961,OK,0,0.14982335,0.023887786,5.8773021e-07,2.3345996e-05,15,1.5,0.02,0.04,-0.05,40,40,40,40,40,10,0
7.735,0.14567958,0.00072871558,-0.00020304905,-0.0003903818,-0.14567958,-0.00072871558,0.00020304905,0.0003903818,-0.00068856821,-0.00068856821,OK,0,0.14992946,0.023887789,5.8793635e-07,2.3346758e-05,15,1.5,0.02,0.04,-0.05,40,40,40,40,40,10,0
7.74,0.14567334,0.0022623309,-0.00020220611,-0.0006593183,-0.14567334,-0.0022623309,0.00020220611,0.0006593183,-0.0010181092,-0.0010181092,OK,0,0.15003556,0.023887814,5.8814079e-07,2.3348931e-05,15,1.5,0.02,0.04,-0.05,40,40,40,40,40,10,0
7.745,0.14567532,-0.0039920345,-0.00020288045,0.0010671109,-0.14567532,0.0039920345,0.00020288045,-0.0010671109,0.0013112845,0.0013112845,OK,0,0.15014167,0.023887894,5.8834659e-07,2.3354625e-05,15,1.5,0.02,0.04,-0.05,40,40,40,40,40,10,0
7.75,0.14567826,0.00034359358,-0.00020406056,-0.00035312185,-0.14567826,-0.00034359358,0.00020406056,0.00035312185,-0.00066328233,-0.00066328233,OK,0,0.15024778,0.023887894,5.885548e-07,2.3355249e-05,15,1.5,0.02,0.04,-0.05,40,40,40,40,40,10,0
7.755,0.14567743,0.00432287,-0.0002049035,-0.001240267,-0.14567743,-0.00432287,0.0002049035,0.001240267,-0.0018474895,-0.0018474895,OK,0,0.15035389,0.023887988,5.8876472e-07,2.336294e-05,15,1.5,0.02,0.04,-0.05,40,40,40,40,40,10,0
7.76,0.14567194,-0.00066519613,-0.00020321763,0.00036296218,-0.14567194,0.00066519613,0.00020321763,-0.00036296218,0.00038300991,0.00038300991,OK,0,0.15045999,0.02388799,5.8897121e-07,2.3363599e-05,15,1.5,0.02,0.04,-0.05,40,40,40,40,40,10,0
7.765,0.14568471,-0.00010279561,-0.00020591502,7.6582517e-05,-0.14568471,0.00010279561,0.00020591502,-7.6582517e-05,-6.4269098e-05,-6.4269098e-05,OK,0,0.15056611,0.02388799,5.8918322e-07,2.3363628e-05,15,1.5,0.02,0.04,-0.05,40,40,40,40,40,10,0
7.77,0.14566991,-7.925573e-05,-0.00020186893,4.9098524e-05,-0.14566991,7.925573e-05,0.00020186893,-4.9098524e-05,-4.4158216e-05,-4.4158216e-05,OK,0,0.15067221,0.02388799,5.8938697e-07,2.336364e-05,15,1.5,0.02,0.04,-0.05,40,40,40,40,40,10,0
7.775,0.14568375,-0.00012903807,-0.00020540925,9.257042e-06,-0.14568375,0.00012903807,0.00020540925,-9.257042e-06,-0.00015873974,-0.00015873974,OK,0,0.15077833,0.02388799,5.8959794e-07,2.336364e-05,15,1.5,0.02,0.04,-0.05,40,40,40,40,40,10,0
7.78,0.14566807,-0.00024135371,-0.00020186892,3.6514633e-05,-0.14566807,0.00024135371,0.00020186892,-3.6514633e-05,-6.9554563e-05,-6.9554563e-05,OK,0,0.15088442,0.023887991,5.8980169e-07,2.3363647e-05,15,1.5,0.02,0.04,-0.05,40,40,40,40,40,10,0
7.785,0.14568118,-0.00032913112,-0.00020524066,1.1793011e-05,-0.14568118,0.00032913112,0.00020524066,-1.1793011e-05,-0.00016046205,-0.00016046205,OK,0,0.15099054,0.023887991,5.9001231e-07,2.3363648e-05,15,1.5,0.02,0.04,-0.05,40,40,40,40,40,10,0
7.79,0.14567905,0.0043709126,-0.00020524066,-0.0011656654,-0.14567905,-0.0043709126,0.00020524066,0.0011656654,-0.0017386907,-0.0017386907,OK,0,0.15109665,0.023888087,5.9022293e-07,2.3370442e-05,15,1.5,0.02,0.04,-0.05,40,40,40,40,40,10,0
7.795,0.14566958,-0.0028613791,-0.0002020375,0.00097567668,-0.14566958,0.0028613791,0.0002020375,-0.00097567668,0.0012318888,0.0012318888,OK,0,0.15120275,0.023888128,5.9042702e-07,2.3375201e-05,15,1.5,0.02,0.04,-0.05,40,40,40,40,40,10,0
7.8,0.14568939,0.0037246082,-0.00020684241,-0.0010039115,-0.14568939,-0.0037246082,0.00020684241,0.0010039115,-0.0015457311,-0.0015457311,OK,0,0.15130888,0.023888197,5.9064094e-07,2.3380241e-05,15,1.5,0.02,0.04,-0.05,40,40,40,40,40,10,0
7.805,0.14567285,-0.0080393498,-0.0002020375,0.0022297087,-0.14567285,0.0080393498,0.0002020375,-0.0022297087,0.0029058836,0.0029058836,OK,0,0.15141498,0.02388852,5.9084504e-07,2.3405099e-05,15,1.5,0.02,0.04,-0.05,40,40,40,40,40,10,0
7.81,0.14568384,0.0058007452,-0.00020591501,-0.0019180894,-0.14568384,-0.0058007452,0.00020591501,0.0019180894,-0.0028201526,-0.0028201526,OK,0,0.1515211,0.023888688,5.9105704e-07,2.3423494e-05,15,1.5,0.02,0.04,-0.05,40,40,40,40,40,10,0
7.815,0.14567213,-0.0077859285,-0.00020355478,0.0020498156,-0.14567213,0.0077859285,0.00020355478,-0.0020498156,0.0026234072,0.0026234072,OK,0,0.1516272,0.023888991,5.9126422e-07,2.3444503e-05,15,1.5,0.02,0.04,-0.05,40,40,40,40,40,10,0
7.82,0.14568326,0.0056513797,-0.00020776946,-0.001935787,-0.14568326,-0.0056513797,0.00020776946,0.001935787,-0.0028805021,-0.0028805021,OK,0,0.15173332,0.023889151,5.9148006e-07,2.3463239e-05,15,1.5,0.02,0.04,-0.05,40,40,40,40,40,10,0
7.825,0.14567069,-0.0080217196,-0.00020524065,0.0020665124,-0.14567069,0.0080217196,0.00020524065,-0.0020665124,0.002613704,0.002613704,OK,0,0.15183942,0.023889473,5.9169068e-07,2.3484591e-05,15,1.5,0.02,0.04,-0.05,40,40,40,40,40,10,0
7.83,0.14568547,0.010267829,-0.00021055131,-0.0031192682,-0.14568547,-0.010267829,0.00021055131,0.0031192682,-0.0045127493,-0.0045127493,OK,0,0.15194554,0.02389,5.9191234e-07,2.353324e-05,15,1.5,0.02,0.04,-0.05,40,40,40,40,40,10,0
7.835,0.14568849,-0.0057778215,-0.00021139424,0.0018192141,-0.14568849,0.0057778215,0.00021139424,-0.0018192141,0.0022405645,0.0022405645,OK,0,0.15205166,0.023890167,5.9213577e-07,2.3549788e-05,15,1.5,0.02,0.04,-0.05,40,40,40,40,40,10,0
7.84,0.14566951,0.0023542679,-0.00020642076,-0.00074227469,-0.14566951,-0.0023542679,0.00020642076,0.00074227469,-0.0012021624,-0.0012021624,OK,0,0.15215776,0.023890195,5.9234882e-07,2.3552543e-05,15,1.5,0.02,0.04,-0.05,40,40,40,40,40,10,0
7.845,0.14569077,0.00065539796,-0.00021173142,-0.00011783703,-0.14569077,-0.00065539796,0.00021173142,0.00011783703,-0.00041269551,-0.00041269551,OK,0,0.15226389,0.023890197,5.9257297e-07,2.3552612e-05,15,1.5,0.02,0.04,-0.05,40,40,40,40,40,10,0
7.85,0.14566852,-0.0046247264,-0.0002057464,0.0012573214,-0.14566852,0.0046247264,0.0002057464,-0.0012573214,0.0015281673,0.0015281673,OK,0,0.15236999,0.023890304,5.9278463e-07,2.3560517e-05,15,1.5,0.02,0.04,-0.05,40,40,40,40,40,10,0
7.855,0.14569063,0.0071972658,-0.0002119,-0.0020988017,-0.14569063,-0.0071972658,0.0002119,0.0020988017,-0.0031249993,-0.0031249993,OK,0,0.15247612,0.023890563,5.9300914e-07,2.3582542e-05,15,1.5,0.02,0.04,-0.05,40,40,40,40,40,10,0
7.86,0.14568451,-0.0068125201,-0.00021004554,0.0020401496,-0.14568451,0.0068125201,0.00021004554,-0.0020401496,0.0025507308,0.0025507308,OK,0,0.15258224,0.023890795,5.9322973e-07,2.3603353e-05,15,1.5,0.02,0.04,-0.05,40,40,40,40,40,10,0
7.865,0.14568104,0.0065779727,-0.00020928673,-0.0019057542,-0.14568104,-0.0065779727,0.00020928673,0.0019057542,-0.0028211926,-0.0028211926,OK,0,0.15268835,0.023891011,5.9344874e-07,2.3621512e-05,15,1.5,0.02,0.04,-0.05,40,40,40,40,40,10,0
7.87,0.14567289,-0.0070610482,-0.00020692651,0.0020616009,-0.14567289,0.0070610482,0.00020692651,-0.0020616009,0.0026195197,0.0026195197,OK,0,0.15279445,0.02389126,5.9366283e-07,2.3642763e-05,15,1.5,0.02,0.04,-0.05,40,40,40,40,40,10,0
7.875,0.14568765,0.0063729224,-0.00021105706,-0.001923129,-0.14568765,-0.0063729224,0.00021105706,0.001923129,-0.0028818794,-0.0028818794,OK,0,0.15290058,0.023891463,5.9388556e-07,2.3661255e-05,15,1.5,0.02,0.04,-0.05,40,40,40,40,40,10,0
7.88,0.14567849,-0.0072947249,-0.00020869683,0.0020773185,-0.14567849,0.0072947249,0.00020869683,-0.0020773185,0.002607306,0.002607306,OK,0,0.15300669,0.02389173,5.9410333e-07,2.3682832e-05,15,1.5,0.02,0.04,-0.05,40,40,40,40,40,10,0
7.885,0.14568743,0.0037238303,-0.00021130977,-0.0013003565,-0.14568743,-0.0037238303,0.00021130977,0.0013003565,-0.0020574794,-0.0020574794,OK,0,0.15311281,0.023891799,5.9432659e-07,2.3691286e-05,15,1.5,0.02,0.04,-0.05,40,40,40,40,40,10,0
7.89,0.14567326,-0.0039045042,-0.00020861237,0.0010212048,-0.14567326,0.0039045042,0.00020861237,-0.0010212048,0.0011599066,0.0011599066,OK,0,0.15321892,0.023891875,5.9454418e-07,2.36965e-05,15,1.5,0.02,0.04,-0.05,40,40,40,40,40,10,0
7.895,0.1456879,0.0025841824,-0.00021274293,-0.00091978372,-0.1456879,-0.0025841824,0.00021274293,0.00091978372,-0.0015536942,-0.0015536942,OK,0,0.15332504,0.023891908,5.9477048e-07,2.370073e-05,15,1.5,0.02,0.04,-0.05,40,40,40,40,40,10,0
7.9,0.14567034,-0.004324912,-0.00020886542,0.0011116544,-0.14567034,0.004324912,0.00020886542,-0.0011116544,0.0012749106,0.0012749106,OK,0,0.15343114,0.023892002,5.949886e-07,2.3706909e-05,15,1.5,0.02,0.04,-0.05,40,40,40,40,40,10,0
7.905,0.14569275,0.0071393508,-0.00021544032,-0.002100333,-0.14569275,-0.0071393508,0.00021544032,0.002100333,-0.0031826752,-0.0031826752,OK,0,0.15353727,0.023892257,5.9522068e-07,2.3728966e-05,15,1.5,0.02,0.04,-0.05,40,40,40,40,40,10,0
7.91,0.14568619,-0.0069492718,-0.00021341727,0.0020701534,-0.14568619,0.0069492718,0.00021341727,-0.0020701534,0.0025397241,0.0025397241,OK,0,0.1536434,0.023892498,5.9544841e-07,2.3750394e-05,15,1.5,0.02,0.04,-0.05,40,40,40,40,40,10,0
7.915,0.14568208,0.0064284415,-0.00021240575,-0.0018709226,-0.14568208,-0.0064284415,0.00021240575,0.0018709226,-0.0028216909,-0.0028216909,OK,0,0.15374951,0.023892705,5.9567399e-07,2.3767896e-05,15,1.5,0.02,0.04,-0.05,40,40,40,40,40,10,0
7.92,0.14567554,-0.0047827776,-0.00021055128,0.0014930943,-0.14567554,0.0047827776,0.00021055128,-0.0014930943,0.001803572,0.001803572,OK,0,0.15385562,0.023892819,5.9589565e-07,2.3779042e-05,15,1.5,0.02,0.04,-0.05,40,40,40,40,40,10,0
7.925,0.14568855,0.002656316,-0.00021358585,-0.00081875983,-0.14568855,-0.002656316,0.00021358585,0.00081875983,-0.0014119038,-0.0014119038,OK,0,0.15396174,0.023892855,5.9612375e-07,2.3782394e-05,15,1.5,0.02,0.04,-0.05,40,40,40,40,40,10,0
7.93,0.14567204,-0.0040493483,-0.00020937117,0.0011306002,-0.14567204,0.0040493483,0.00020937117,-0.0011306002,0.0013067997,0.0013067997,OK,0,0.15406785,0.023892937,5.9634293e-07,2.3788786e-05,15,1.5,0.02,0.04,-0.05,40,40,40,40,40,10,0
7.935,0.14569594,0.0074626895,-0.00021594607,-0.0021004375,-0.14569594,-0.0074626895,0.00021594607,0.0021004375,-0.003177421,-0.003177421,OK,0,0.15417398,0.023893215,5.9657609e-07,2.3810845e-05,15,1.5,0.02,0.04,-0.05,40,40,40,40,40,10,0
7.94,0.14569087,-0.0066140585,-0.00021409161,0.0020658133,-0.14569087,0.0066140585,0.00021409161,-0.0020658133,0.002536601,0.002536601,OK,0,0.15428011,0.023893434,5.9680527e-07,2.3832183e-05,15,1.5,0.02,0.04,-0.05,40,40,40,40,40,10,0
7.945,0.1456692,0.0019435236,-0.00020819106,-0.00066743417,-0.1456692,-0.0019435236,0.00020819106,0.00066743417,-0.0011328922,-0.0011328922,OK,0,0.15438621,0.023893453,5.9702199e-07,2.383441e-05,15,1.5,0.02,0.04,-0.05,40,40,40,40,40,10,0
7.95,0.14570309,0.0051568554,-0.00021695759,-0.0012886969,-0.14570309,-0.0051568554,0.00021695759,0.0012886969,-0.0020670731,-0.0020670731,OK,0,0.15449236,0.023893586,5.9725734e-07,2.3842714e-05,15,1.5,0.02,0.04,-0.05,40,40,40,40,40,10,0
7.955,0.1456915,-0.0073299396,-0.0002127429,0.0022373393,-0.1456915,0.0073299396,0.0002127429,-0.0022373393,0.0027854978,0.0027854978,OK,0,0.15459849,0.023893854,5.9748364e-07,2.3867742e-05,15,1.5,0.02,0.04,-0.05,40,40,40,40,40,10,0
7.96,0.14566713,0.0015821226,-0.00020658931,-0.00063874784,-0.14566713,-0.0015821226,0.00020658931,0.00063874784,-0.0010803338,-0.0010803338,OK,0,0.15470458,0.023893867,5.9769703e-07,2.3869782e-05,15,1.5,0.02,0.04,-0.05,40,40,40,40,40,10,0
7.965,0.14569931,0.0048714635,-0.0002154403,-0.0012901638,-0.14569931,-0.0048714635,0.0002154403,0.0012901638,-0.0020580054,-0.0020580054,OK,0,0.15481072,0.023893985,5.979291e-07,2.3878105e-05,15,1.5,0.02,0.04,-0.05,40,40,40,40,40,10,0
7.97,0.14568616,-0.0076073704,-0.0002113942,0.0022322645,-0.14568616,0.0076073704,0.0002113942,-0.0022322645,0.0027869122,0.0027869122,OK,0,0.15491685,0.023894275,5.9815254e-07,2.390302e-05,15,1.5,0.02,0.04,-0.05,40,40,40,40,40,10,0
7.975,0.14567977,0.0061221457,-0.00021004551,-0.0018503665,-0.14567977,-0.0061221457,0.00021004551,0.0018503665,-0.0027677511,-0.0027677511,OK,0,0.15502296,0.023894462,5.9837314e-07,2.3920139e-05,15,1.5,0.02,0.04,-0.05,40,40,40,40,40,10,0
7.98,0.14569384,-0.0026159772,-0.00021341725,0.00087744707,-0.14569384,0.0026159772,0.00021341725,-0.00087744707,0.00092414963,0.00092414963,OK,0,0.15512909,0.023894496,5.9860087e-07,2.3923989e-05,15,1.5,0.02,0.04,-0.05,40,40,40,40,40,10,0
7.985,0.14567048,-0.0011708693,-0.00020734811,0.00027692615,-0.14567048,0.0011708693,0.00020734811,-0.00027692615,0.00017174233,0.00017174233,OK,0,0.15523519,0.023894503,5.9881584e-07,2.3924372e-05,15,1.5,0.02,0.04,-0.05,40,40,40,40,40,10,0
7.99,0.14569445,0.0039066977,-0.00021358583,-0.0010952822,-0.14569445,-0.0039066977,0.00021358583,0.0010952822,-0.0017765538,-0.0017765538,OK,0,0.15534133,0.02389458,5.9904393e-07,2.393037e-05,15,1.5,0.02,0.04,-0.05,40,40,40,40,40,10,0
7.995,0.14567768,-0.0081780626,-0.00020903398,0.0022674655,-0.14567768,0.0081780626,0.00020903398,-0.0022674655,0.0028521198,0.0028521198,OK,0,0.15544744,0.023894914,5.9926241e-07,2.3956077e-05,15,1.5,0.02,0.04,-0.05,40,40,40,40,40,10,0
8,0.14569037,0.0080321045,-0.00021308007,-0.0024568312,-0.14569037,-0.0080321045,0.00021308007,0.0024568312,-0.0036463561,-0.0036463561,OK,0,0.15555356,0.023895237,5.9948942e-07,2.3986257e-05,15,1.5,0.02,0.04,-0.05,40,40,40,40,40,10,0
8.005,0.14568612,-0.006747227,-0.00021206854,0.0019813457,-0.14568612,0.006747227,0.00021206854,-0.0019813457,0.0024348237,0.0024348237,OK,0,0.15565969,0.023895464,5.9971429e-07,2.4005886e-05,15,1.5,0.02,0.04,-0.05,40,40,40,40,40,10,0
8.01,0.14568249,0.0064811936,-0.0002113942,-0.0018991233,-0.14568249,-0.0064811936,0.0002113942,0.0018991233,-0.0028467002,-0.0028467002,OK,0,0.1557658,0.023895674,5.9993773e-07,2.4023919e-05,15,1.5,0.02,0.04,-0.05,40,40,40,40,40,10,0
8.015,0.14568594,-0.0047746871,-0.00021189995,0.0014763207,-0.14568594,0.0047746871,0.00021189995,-0.0014763207,0.0017587131,0.0017587131,OK,0,0.15587192,0.023895788,6.0016224e-07,2.4034817e-05,15,1.5,0.02,0.04,-0.05,40,40,40,40,40,10,0
8.02,0.14568929,0.0074902317,-0.0002125743,-0.0020155067,-0.14568929,-0.0074902317,0.0002125743,0.0020155067,-0.0029984795,-0.0029984795,OK,0,0.15597805,0.023896069,6.0038817e-07,2.4055128e-05,15,1.5,0.02,0.04,-0.05,40,40,40,40,40,10,0
8.025,0.14568498,-0.0063904025,-0.00021046679,0.0020502714,-0.14568498,0.0063904025,0.00021046679,-0.0020502714,0.0025764888,0.0025764888,OK,0,0.15608417,0.023896273,6.0060966e-07,2.4076146e-05,15,1.5,0.02,0.04,-0.05,40,40,40,40,40,10,0
8.03,0.14569085,0.0045783903,-0.00021156278,-0.0013083428,-0.14569085,-0.0045783903,0.00021156278,0.0013083428,-0.0020390033,-0.0020390033,OK,0,0.1561903,0.023896378,6.0083345e-07,2.4084705e-05,15,1.5,0.02,0.04,-0.05,40,40,40,40,40,10,0
8.035,0.14568137,-0.0030186477,-0.00020861233,0.001001245,-0.14568137,0.0030186477,0.00020861233,-0.001001245,0.0011655639,0.0011655639,OK,0,0.15629642,0.023896423,6.0105105e-07,2.4089718e-05,15,1.5,0.02,0.04,-0.05,40,40,40,40,40,10,0
8.04,0.14568578,-0.0013286277,-0.00020945527,0.00026069031,-0.14568578,0.0013286277,0.00020945527,-0.00026069031,0.000109777,0.000109777,OK,0,0.15640254,0.023896432,6.012704e-07,2.4090057e-05,15,1.5,0.02,0.04,-0.05,40,40,40,40,40,10,0
8.045,0.1456847,-0.0010974946,-0.00020979244,0.000128744,-0.1456847,0.0010974946,0.00020979244,-0.000128744,-8.3976313e-05,-8.3976313e-05,OK,0,0.15650866,0.023896438,6.0149047e-07,2.409014e-05,15,1.5,0.02,0.04,-0.05,40,40,40,40,40,10,0
8.05,0.14568154,-0.003555624,-0.00020979244,0.00071228766,-0.14568154,0.003555624,0.00020979244,-0.00071228766,0.00069295087,0.00069295087,OK,0,0.15661477,0.023896501,6.0171053e-07,2.4092677e-05,15,1.5,0.02,0.04,-0.05,40,40,40,40,40,10,0
8.055,0.14569601,0.0023244637,-0.00021485005,-0.00096183351,-0.14569601,-0.0023244637,0.00021485005,0.00096183351,-0.0016586022,-0.0016586022,OK,0,0.15672091,0.023896528,6.0194133e-07,2.4097303e-05,15,1.5,0.02,0.04,-0.05,40,40,40,40,40,10,0
8.06,0.14567677,-0.004724682,-0.00021097254,0.0011270907,-0.14567677,0.004724682,0.00021097254,-0.0011270907,0.001250596,0.001250596,OK,0,0.15682702,0.02389664,6.0216388e-07,2.4103654e-05,15,1.5,0.02,0.04,-0.05,40,40,40,40,40,10,0
8.065,0.14569716,0.0067125668,-0.00021737886,-0.0020733168,-0.14569716,-0.0067125668,0.00021737886,0.0020733168,-0.0031882121,-0.0031882121,OK,0,0.15693316,0.023896865,6.0240015e-07,2.4125148e-05,15,1.5,0.02,0.04,-0.05,40,40,40,40,40,10,0
8.07,0.1456884,-0.0073788919,-0.00021527168,0.0020986195,-0.1456884,0.0073788919,0.00021527168,-0.0020986195,0.0025374665,0.0025374665,OK,0,0.15703928,0.023897137,6.0263186e-07,2.4147169e-05,15,1.5,0.02,0.04,-0.05,40,40,40,40,40,10,0
8.075,0.14568209,0.0059989638,-0.0002141757,-0.0018424336,-0.14568209,-0.0059989638,0.0002141757,0.0018424336,-0.0028226855,-0.0028226855,OK,0,0.1571454,0.023897317,6.0286121e-07,2.4164141e-05,15,1.5,0.02,0.04,-0.05,40,40,40,40,40,10,0
8.08,0.14569536,-0.0028135236,-0.00021737885,0.00091500784,-0.14569536,0.0028135236,0.00021737885,-0.00091500784,0.00091319533,0.00091319533,OK,0,0.15725154,0.023897357,6.0309748e-07,2.4168328e-05,15,1.5,0.02,0.04,-0.05,40,40,40,40,40,10,0
8.085,0.14568552,0.0034366695,-0.00021468146,-0.00088740733,-0.14568552,-0.0034366695,0.00021468146,0.00088740733,-0.0015001557,-0.0015001557,OK,0,0.15735766,0.023897416,6.0332792e-07,2.4172265e-05,15,1.5,0.02,0.04,-0.05,40,40,40,40,40,10,0
8.09,0.14569152,-0.0034866599,-0.00021552439,0.0011085999,-0.14569152,0.0034866599,0.00021552439,-0.0011085999,0.0012043981,0.0012043981,OK,0,0.15746379,0.023897477,6.0356018e-07,2.417841e-05,15,1.5,0.02,0.04,-0.05,40,40,40,40,40,10,0
8.095,0.14567975,0.0031740792,-0.00021215265,-0.00085972753,-0.14567975,-0.0031740792,0.00021215265,0.00085972753,-0.0014313228,-0.0014313228,OK,0,0.1575699,0.023897527,6.0378522e-07,2.4182106e-05,15,1.5,0.02,0.04,-0.05,40,40,40,40,40,10,0
8.1,0.14570395,0.0011625563,-0.00021788461,-0.00010840574,-0.14570395,-0.0011625563,0.00021788461,0.00010840574,-0.00047029644,-0.00047029644,OK,0,0.15767605,0.023897534,6.0402259e-07,2.4182164e-05,15,1.5,0.02,0.04,-0.05,40,40,40,40,40,10,0
8.105,0.1456791,-0.0090503337,-0.00021063535,0.0024998797,-0.1456791,0.0090503337,0.00021063535,-0.0024998797,0.003141858,0.003141858,OK,0,0.15778216,0.023897944,6.0424443e-07,2.4213411e-05,15,1.5,0.02,0.04,-0.05,40,40,40,40,40,10,0
8.11,0.14569097,0.010003496,-0.00021476591,-0.0029938332,-0.14569097,-0.010003496,0.00021476591,0.0029938332,-0.0043982792,-0.0043982792,OK,0,0.15788829,0.023898444,6.0447505e-07,2.4258227e-05,15,1.5,0.02,0.04,-0.05,40,40,40,40,40,10,0
8.115,0.14569327,-0.0058704376,-0.00021510308,0.0018756856,-0.14569327,0.0058704376,0.00021510308,-0.0018756856,0.0022660302,0.0022660302,OK,0,0.15799442,0.023898616,6.0470639e-07,2.4275818e-05,15,1.5,0.02,0.04,-0.05,40,40,40,40,40,10,0
8.12,0.14569095,0.0046935245,-0.0002140071,-0.0013078938,-0.14569095,-0.0046935245,0.0002140071,0.0013078938,-0.0020703871,-0.0020703871,OK,0,0.15810055,0.023898726,6.0493539e-07,2.4284371e-05,15,1.5,0.02,0.04,-0.05,40,40,40,40,40,10,0
8.125,0.14568166,-0.0029720052,-0.00021114111,0.0010184134,-0.14568166,0.0029720052,0.00021114111,-0.0010184134,0.0011552564,0.0011552564,OK,0,0.15820667,0.02389877,6.0515829e-07,2.4289556e-05,15,1.5,0.02,0.04,-0.05,40,40,40,40,40,10,0
8.13,0.14570091,0.003521544,-0.00021535579,-0.00092341868,-0.14570091,-0.003521544,0.00021535579,0.00092341868,-0.001560585,-0.001560585,OK,0,0.15831281,0.023898833,6.0539018e-07,2.429382e-05,15,1.5,0.02,0.04,-0.05,40,40,40,40,40,10,0
8.135,0.14568301,-0.008247889,-0.00021046676,0.0023127719,-0.14568301,0.008247889,0.00021046676,-0.0023127719,0.0028959012,0.0028959012,OK,0,0.15841893,0.023899173,6.0561166e-07,2.4320564e-05,15,1.5,0.02,0.04,-0.05,40,40,40,40,40,10,0
8.14,0.14569297,0.0055928861,-0.00021392297,-0.0018349636,-0.14569297,-0.0055928861,0.00021392297,0.0018349636,-0.0028237151,-0.0028237151,OK,0,0.15852506,0.023899329,6.0584048e-07,2.43374e-05,15,1.5,0.02,0.04,-0.05,40,40,40,40,40,10,0
8.145,0.14568278,-0.0055636603,-0.00021164687,0.0015285154,-0.14568278,0.0055636603,0.00021164687,-0.0015285154,0.0018091793,0.0018091793,OK,0,0.15863118,0.023899484,6.0606445e-07,2.4349082e-05,15,1.5,0.02,0.04,-0.05,40,40,40,40,40,10,0
8.15,0.14570159,0.0067069521,-0.00021695753,-0.001994468,-0.14570159,-0.0067069521,0.00021695753,0.001994468,-0.0030637551,-0.0030637551,OK,0,0.15873732,0.023899709,6.062998e-07,2.4368971e-05,15,1.5,0.02,0.04,-0.05,40,40,40,40,40,10,0
8.155,0.14569335,-0.0072019023,-0.00021468143,0.0021046812,-0.14569335,0.0072019023,0.00021468143,-0.0021046812,0.0025625912,0.0025625912,OK,0,0.15884346,0.023899968,6.0653024e-07,2.439112e-05,15,1.5,0.02,0.04,-0.05,40,40,40,40,40,10,0
8.16,0.14568814,0.0062173046,-0.00021350133,-0.0018520658,-0.14568814,-0.0062173046,0.00021350133,0.0018520658,-0.0028181636,-0.0028181636,OK,0,0.15894958,0.023900161,6.0675816e-07,2.440827e-05,15,1.5,0.02,0.04,-0.05,40,40,40,40,40,10,0
8.165,0.14568304,-0.0025416305,-0.00021215263,0.00090476725,-0.14568304,0.0025416305,0.00021215263,-0.00090476725,0.00098685717,0.00098685717,OK,0,0.1590557,0.023900194,6.069832e-07,2.4412363e-05,15,1.5,0.02,0.04,-0.05,40,40,40,40,40,10,0
8.17,0.14569631,0.0013092285,-0.00021501861,-0.00033872985,-0.14569631,-0.0013092285,0.00021501861,0.00033872985,-0.00076707843,-0.00076707843,OK,0,0.15916184,0.023900202,6.0721437e-07,2.4412937e-05,15,1.5,0.02,0.04,-0.05,40,40,40,40,40,10,0
8.175,0.14568549,0.00034804091,-0.00021198404,3.1442342e-05,-0.14568549,-0.00034804091,0.00021198404,-3.1442342e-05,-0.00020496568,-0.00020496568,OK,0,0.15926796,0.023900203,6.0743905e-07,2.4412942e-05,15,1.5,0.02,0.04,-0.05,40,40,40,40,40,10,0
8.18,0.14569133,0.0025331718,-0.00021282697,-0.00052180445,-0.14569133,-0.0025331718,0.00021282697,0.00052180445,-0.00095995782,-0.00095995782,OK,0,0.15937409,0.023900235,6.0766553e-07,2.4414303e-05,15,1.5,0.02,0.04,-0.05,40,40,40,40,40,10,0
8.185,0.14568545,0.0012450413,-0.00021046675,-4.026109e-05,-0.14568545,-0.0012450413,0.00021046675,4.026109e-05,-0.00025388222,-0.00025388222,OK,0,0.15948021,0.023900243,6.0788701e-07,2.4414312e-05,15,1.5,0.02,0.04,-0.05,40,40,40,40,40,10,0
8.19,0.14569547,-0.0014925813,-0.00021164686,0.00063689326,-0.14569547,0.0014925813,0.00021164686,-0.00063689326,0.00063484325,0.00063484325,OK,0,0.15958634,0.023900254,6.0811098e-07,2.441634e-05,15,1.5,0.02,0.04,-0.05,40,40,40,40,40,10,0
8.195,0.14569102,0.0043604701,-0.00020987686,-0.0010041457,-0.14569102,-0.0043604701,0.00020987686,0.0010041457,-0.0015661323,-0.0015661323,OK,0,0.15969247,0.023900349,6.0833122e-07,2.4421381e-05,15,1.5,0.02,0.04,-0.05,40,40,40,40,40,10,0
8.2,0.14568238,-0.0026096686,-0.00020608348,0.0010328114,-0.14568238,0.0026096686,0.00020608348,-0.0010328114,0.0012672257,0.0012672257,OK,0,0.15979859,0.023900383,6.0854358e-07,2.4426715e-05,15,1.5,0.02,0.04,-0.05,40,40,40,40,40,10,0
8.205,0.1457037,0.0040436057,-0.00021063533,-0.00097229545,-0.1457037,-0.0040436057,0.00021063533,0.00097229545,-0.001542155,-0.001542155,OK,0,0.15990474,0.023900465,6.0876541e-07,2.4431442e-05,15,1.5,0.02,0.04,-0.05,40,40,40,40,40,10,0
8.21,0.1456886,-0.0076964699,-0.00020591489,0.0022536548,-0.1456886,0.0076964699,0.00020591489,-0.0022536548,0.0028976722,0.0028976722,OK,0,0.16001086,0.023900761,6.0897742e-07,2.4456836e-05,15,1.5,0.02,0.04,-0.05,40,40,40,40,40,10,0
8.215,0.14570155,0.0061513052,-0.00020945522,-0.0018951554,-0.14570155,-0.0061513052,0.00020945522,0.0018951554,-0.0028244782,-0.0028244782,OK,0,0.16011701,0.02390095,6.0919678e-07,2.4474794e-05,15,1.5,0.02,0.04,-0.05,40,40,40,40,40,10,0
8.22,0.14569154,-0.0074191802,-0.00020709499,0.002068794,-0.14569154,0.0074191802,0.00020709499,-0.002068794,0.0026138297,0.0026138297,OK,0,0.16022314,0.023901225,6.0941122e-07,2.4496194e-05,15,1.5,0.02,0.04,-0.05,40,40,40,40,40,10,0
8.225,0.14568555,0.0060692644,-0.00020608348,-0.0019146901,-0.14568555,-0.0060692644,0.00020608348,0.0019146901,-0.0028068058,-0.0028068058,OK,0,0.16032926,0.023901409,6.0962357e-07,2.4514524e-05,15,1.5,0.02,0.04,-0.05,40,40,40,40,40,10,0
8.23,0.14569896,-0.0027186054,-0.00020996097,0.00083498494,-0.14569896,0.0027186054,0.00020996097,-0.00083498494,0.00090829768,0.00090829768,OK,0,0.1604354,0.023901446,6.0984399e-07,2.451801e-05,15,1.5,0.02,0.04,-0.05,40,40,40,40,40,10,0
8.235,0.14568962,0.0035271067,-0.00020760076,-0.00096346554,-0.14568962,-0.0035271067,0.00020760076,0.00096346554,-0.0015043329,-0.0015043329,OK,0,0.16054153,0.023901509,6.1005948e-07,2.4522651e-05,15,1.5,0.02,0.04,-0.05,40,40,40,40,40,10,0
8.24,0.14569611,-0.0033990936,-0.00020878086,0.0010358561,-0.14569611,0.0033990936,0.00020878086,-0.0010358561,0.0012000296,0.0012000296,OK,0,0.16064766,0.023901566,6.1027742e-07,2.4528016e-05,15,1.5,0.02,0.04,-0.05,40,40,40,40,40,10,0
8.245,0.14569429,0.0056627992,-0.0002082751,-0.0015313229,-0.14569429,-0.0056627992,0.0002082751,0.0015313229,-0.0022807132,-0.0022807132,OK,0,0.1607538,0.023901727,6.1049432e-07,2.4539741e-05,15,1.5,0.02,0.04,-0.05,40,40,40,40,40,10,0
8.25,0.14568637,-0.0047630251,-0.0002055777,0.0015192113,-0.14568637,0.0047630251,0.0002055777,-0.0015192113,0.0019183579,0.0019183579,OK,0,0.16085992,0.02390184,6.1070563e-07,2.4551281e-05,15,1.5,0.02,0.04,-0.05,40,40,40,40,40,10,0
8.255,0.14569991,0.0028508892,-0.00020878086,-0.00086040879,-0.14569991,-0.0028508892,0.00020878086,0.00086040879,-0.0013942924,-0.0013942924,OK,0,0.16096606,0.023901881,6.1092358e-07,2.4554983e-05,15,1.5,0.02,0.04,-0.05,40,40,40,40,40,10,0
8.26,0.14568439,-0.0038174739,-0.00020490335,0.0010768934,-0.14568439,0.0038174739,0.00020490335,-0.0010768934,0.0013027786,0.0013027786,OK,0,0.16107218,0.023901954,6.111335e-07,2.4560781e-05,15,1.5,0.02,0.04,-0.05,40,40,40,40,40,10,0
8.265,0.1457,0.0028874332,-0.00020911803,-0.00094857657,-0.1457,-0.0028874332,0.00020911803,0.00094857657,-0.001530138,-0.001530138,OK,0,0.16117833,0.023901995,6.1135215e-07,2.456528e-05,15,1.5,0.02,0.04,-0.05,40,40,40,40,40,10,0
8.27,0.14568429,-0.0039744092,-0.00020524052,0.0010667385,-0.14568429,0.0039744092,0.00020524052,-0.0010667385,0.0012762092,0.0012762092,OK,0,0.16128445,0.023902074,6.1156277e-07,2.457097e-05,15,1.5,0.02,0.04,-0.05,40,40,40,40,40,10,0
8.275,0.14570354,0.005099581,-0.00021097249,-0.0015462404,-0.14570354,-0.005099581,0.00021097249,0.0015462404,-0.0023658939,-0.0023658939,OK,0,0.16139059,0.023902204,6.1178532e-07,2.4582924e-05,15,1.5,0.02,0.04,-0.05,40,40,40,40,40,10,0
8.28,0.14569038,-0.0078146849,-0.00020751661,0.0021532079,-0.14569038,0.0078146849,0.00020751661,-0.0021532079,0.002718283,0.002718283,OK,0,0.16149672,0.02390251,6.1200064e-07,2.4606106e-05,15,1.5,0.02,0.04,-0.05,40,40,40,40,40,10,0
8.285,0.14570184,0.0057800107,-0.00021139412,-0.0018934716,-0.14570184,-0.0057800107,0.00021139412,0.0018934716,-0.0028658819,-0.0028658819,OK,0,0.16160287,0.023902677,6.1222407e-07,2.4624032e-05,15,1.5,0.02,0.04,-0.05,40,40,40,40,40,10,0
8.29,0.14568989,-0.0078491369,-0.0002088653,0.0020937556,-0.14568989,0.0078491369,0.0002088653,-0.0020937556,0.0026074861,0.0026074861,OK,0,0.16170899,0.023902985,6.124422e-07,2.4645951e-05,15,1.5,0.02,0.04,-0.05,40,40,40,40,40,10,0
8.295,0.14570072,0.0055876489,-0.00021282694,-0.0018894963,-0.14570072,-0.0055876489,0.00021282694,0.0018894963,-0.0028891282,-0.0028891282,OK,0,0.16181514,0.023903141,6.1266867e-07,2.4663802e-05,15,1.5,0.02,0.04,-0.05,40,40,40,40,40,10,0
8.3,0.14568773,-0.008075747,-0.000210214,0.0021110553,-0.14568773,0.008075747,0.000210214,-0.0021110553,0.0026040977,0.0026040977,OK,0,0.16192126,0.023903467,6.1288962e-07,2.4686085e-05,15,1.5,0.02,0.04,-0.05,40,40,40,40,40,10,0
8.305,0.14569985,0.0077927184,-0.00021468139,-0.0024738872,-0.14569985,-0.0077927184,0.00021468139,0.0024738872,-0.003705346,-0.003705346,OK,0,0.1620274,0.023903771,6.1312006e-07,2.4716685e-05,15,1.5,0.02,0.04,-0.05,40,40,40,40,40,10,0
8.31,0.14569426,-0.0070590627,-0.00021358574,0.0019950003,-0.14569426,0.0070590627,0.00021358574,-0.0019950003,0.0024202371,0.0024202371,OK,0,0.16213354,0.02390402,6.1334816e-07,2.4736585e-05,15,1.5,0.02,0.04,-0.05,40,40,40,40,40,10,0
8.315,0.14568913,0.0061587703,-0.00021274281,-0.0018800017,-0.14568913,-0.0061587703,0.00021274281,0.0018800017,-0.0028510112,-0.0028510112,OK,0,0.16223967,0.023904209,6.1357445e-07,2.4754257e-05,15,1.5,0.02,0.04,-0.05,40,40,40,40,40,10,0
8.32,0.14570291,-0.0026858277,-0.00021628313,0.0008919805,-0.14570291,0.0026858277,0.00021628313,-0.0008919805,0.00090034894,0.00090034894,OK,0,0.16234581,0.023904245,6.1380835e-07,2.4758236e-05,15,1.5,0.02,0.04,-0.05,40,40,40,40,40,10,0
8.325,0.14569378,0.0035550142,-0.00021358574,-0.0009050058,-0.14569378,-0.0035550142,0.00021358574,0.0009050058,-0.0015052186,-0.0015052186,OK,0,0.16245195,0.023904309,6.1403644e-07,2.4762331e-05,15,1.5,0.02,0.04,-0.05,40,40,40,40,40,10,0
8.33,0.14569065,0.0014919985,-0.00021223704,-0.00011089698,-0.14569065,-0.0014919985,0.00021223704,0.00011089698,-0.00037640817,-0.00037640817,OK,0,0.16255807,0.02390432,6.1426166e-07,2.4762392e-05,15,1.5,0.02,0.04,-0.05,40,40,40,40,40,10,0
8.335,0.14569168,-0.0038226017,-0.00021122551,0.0012380189,-0.14569168,0.0038226017,0.00021122551,-0.0012380189,0.0014495752,0.0014495752,OK,0,0.1626642,0.023904393,6.1448474e-07,2.4770056e-05,15,1.5,0.02,0.04,-0.05,40,40,40,40,40,10,0
8.34,0.14569372,-0.0016666613,-0.00021122551,0.00033130165,-0.14569372,0.0016666613,0.00021122551,-0.00033130165,0.00017577779,0.00017577779,OK,0,0.16277034,0.023904407,6.1470783e-07,2.4770604e-05,15,1.5,0.02,0.04,-0.05,40,40,40,40,40,10,0
8.345,0.14569369,-0.0013339734,-0.00021189986,0.00015904369,-0.14569369,0.0013339734,0.00021189986,-0.00015904369,-7.9417398e-05,-7.9417398e-05,OK,0,0.16287647,0.023904416,6.1493233e-07,2.4770731e-05,15,1.5,0.02,0.04,-0.05,40,40,40,40,40,10,0
8.35,0.14569672,0.0035026527,-0.00021358573,-0.0010723051,-0.14569672,-0.0035026527,0.00021358573,0.0010723051,-0.0017582031,-0.0017582031,OK,0,0.16298261,0.023904477,6.1516043e-07,2.477648e-05,15,1.5,0.02,0.04,-0.05,40,40,40,40,40,10,0
8.355,0.14569232,0.0010817468,-0.00021257421,-0.000133349,-0.14569232,-0.0010817468,0.00021257421,0.000133349,-0.00043152027,-0.00043152027,OK,0,0.16308874,0.023904483,6.1538637e-07,2.4776569e-05,15,1.5,0.02,0.04,-0.05,40,40,40,40,40,10,0
8.36,0.14569126,-0.0043100704,-0.00021139409,0.0012468555,-0.14569126,0.0043100704,0.00021139409,-0.0012468555,0.0014407943,0.0014407943,OK,0,0.16319487,0.023904576,6.156098e-07,2.4784342e-05,15,1.5,0.02,0.04,-0.05,40,40,40,40,40,10,0
8.365,0.14570517,0.0026495447,-0.00021510301,-0.00086100089,-0.14570517,-0.0026495447,0.00021510301,0.00086100089,-0.0014979612,-0.0014979612,OK,0,0.16330102,0.023904611,6.1584115e-07,2.4788049e-05,15,1.5,0.02,0.04,-0.05,40,40,40,40,40,10,0
8.37,0.14568823,-0.0041589872,-0.00021105692,0.0011325357,-0.14568823,0.0041589872,0.00021105692,-0.0011325357,0.0012803548,0.0012803548,OK,0,0.16340715,0.023904697,6.1606388e-07,2.4794462e-05,15,1.5,0.02,0.04,-0.05,40,40,40,40,40,10,0
8.375,0.14570192,0.0025199557,-0.00021510301,-0.00088299623,-0.14570192,-0.0025199557,0.00021510301,0.00088299623,-0.0015362029,-0.0015362029,OK,0,0.16351329,0.023904729,6.1629522e-07,2.4798361e-05,15,1.5,0.02,0.04,-0.05,40,40,40,40,40,10,0
8.38,0.14569392,0.00046917329,-0.00021341714,-7.2335381e-05,-0.14569392,-0.00046917329,0.00021341714,7.2335381e-05,-0.0003771147,-0.0003771147,OK,0,0.16361942,0.02390473,6.1652296e-07,2.4798387e-05,15,1.5,0.02,0.04,-0.05,40,40,40,40,40,10,0
8.385,0.14569471,2.0091879e-05,-0.00021341713,7.1220164e-05,-0.14569471,-2.0091879e-05,0.00021341713,-7.1220164e-05,-0.00017972881,-0.00017972881,OK,0,0.16372556,0.02390473,6.1675069e-07,2.4798412e-05,15,1.5,0.02,0.04,-0.05,40,40,40,40,40,10,0
8.39,0.14569424,-0.00014622028,-0.00021291137,0.00010103043,-0.14569424,0.00014622028,0.00021291137,-0.00010103043,-0.00013408897,-0.00013408897,OK,0,0.16383169,0.02390473,6.1697735e-07,2.4798463e-05,15,1.5,0.02,0.04,-0.05,40,40,40,40,40,10,0
8.395,0.14569305,-0.00024802322,-0.00021240561,0.00010482959,-0.14569305,0.00024802322,0.00021240561,-0.00010482959,-0.00012489961,-0.00012489961,OK,0,0.16393783,0.023904731,6.1720293e-07,2.4798518e-05,15,1.5,0.02,0.04,-0.05,40,40,40,40,40,10,0
8.4,0.145706,-0.00038219809,-0.00021535571,0.00010143921,-0.145706,0.00038219809,0.00021535571,-0.00010143921,-0.00017934471,-0.00017934471,OK,0,0.16404398,0.023904731,6.1743482e-07,2.4798569e-05,15,1.5,0.02,0.04,-0.05,40,40,40,40,40,10,0
8.405,0.14568901,-0.00049489897,-0.00021139408,0.00013094988,-0.14568901,0.00049489897,0.00021139408,-0.00013094988,-8.0502068e-05,-8.0502068e-05,OK,0,0.1641501,0.023904733,6.1765826e-07,2.4798655e-05,15,1.5,0.02,0.04,-0.05,40,40,40,40,40,10,0
8.41,0.14570085,-0.00057071709,-0.00021434419,0.00010339084,-0.14570085,0.00057071709,0.00021434419,-0.00010339084,-0.00016888827,-0.00016888827,OK,0,0.16425625,0.023904734,6.1788797e-07,2.4798709e-05,15,1.5,0.02,0.04,-0.05,40,40,40,40,40,10,0
8.415,0.14569752,0.0041435621,-0.00021392289,-0.0010779163,-0.14569752,-0.0041435621,0.00021392289,0.0010779163,-0.0017460247,-0.0017460247,OK,0,0.16436239,0.02390482,6.1811679e-07,2.4804518e-05,15,1.5,0.02,0.04,-0.05,40,40,40,40,40,10,0
8.42,0.1456966,0.0017416358,-0.00021274278,-0.00014641263,-0.1456966,-0.0017416358,0.00021274278,0.00014641263,-0.0004271631,-0.0004271631,OK,0,0.16446852,0.023904835,6.1834309e-07,2.4804625e-05,15,1.5,0.02,0.04,-0.05,40,40,40,40,40,10,0
8.425,0.14569152,-0.0011875541,-0.00020996092,0.00062951503,-0.14569152,0.0011875541,0.00020996092,-0.00062951503,0.00066118694,0.00066118694,OK,0,0.16457465,0.023904842,6.185635e-07,2.4806607e-05,15,1.5,0.02,0.04,-0.05,40,40,40,40,40,10,0
8.43,0.14570313,-0.00020260307,-0.00021164679,0.00017508831,-0.14570313,0.00020260307,0.00021164679,-0.00017508831,-6.1110002e-06,-6.1110002e-06,OK,0,0.1646808,0.023904842,6.1878748e-07,2.480676e-05,15,1.5,0.02,0.04,-0.05,40,40,40,40,40,10,0
8.435,0.14569755,0.0023333272,-0.00020987679,-0.00049576686,-0.14569755,-0.0023333272,0.00020987679,0.00049576686,-0.00088451801,-0.00088451801,OK,0,0.16478694,0.02390487,6.1900772e-07,2.4807989e-05,15,1.5,0.02,0.04,-0.05,40,40,40,40,40,10,0
8.44,0.14570071,0.0011128974,-0.00020987679,-6.0198102e-05,-0.14570071,-0.0011128974,0.00020987679,6.0198102e-05,-0.00027991893,-0.00027991893,OK,0,0.16489308,0.023904876,6.1922796e-07,2.4808007e-05,15,1.5,0.02,0.04,-0.05,40,40,40,40,40,10,0
8.445,0.14570064,0.00080465891,-0.00020869668,2.8180346e-05,-0.14570064,-0.00080465891,0.00020869668,-2.8180346e-05,-0.00014198061,-0.00014198061,OK,0,0.16499923,0.023904879,6.1944573e-07,2.4808011e-05,15,1.5,0.02,0.04,-0.05,40,40,40,40,40,10,0
8.45,0.14569983,0.00069271777,-0.0002070946,3.7571913e-05,-0.14569983,-0.00069271777,0.0002070946,-3.7571913e-05,-0.00010835589,-0.00010835589,OK,0,0.16510537,0.023904881,6.1966017e-07,2.4808018e-05,15,1.5,0.02,0.04,-0.05,40,40,40,40,40,10,0
8.455,0.14569818,0.00062741873,-0.00020591482,2.8267742e-05,-0.14569818,-0.00062741873,0.00020591482,-2.8267742e-05,-0.0001072603,-0.0001072603,OK,0,0.16521151,0.023904883,6.1987217e-07,2.4808022e-05,15,1.5,0.02,0.04,-0.05,40,40,40,40,40,10,0
8.46,0.14569876,0.0030144777,-0.00020524047,-0.00058206497,-0.14569876,-0.0030144777,0.00020524047,0.00058206497,-0.00091715017,-0.00091715017,OK,0,0.16531765,0.023904929,6.2008279e-07,2.4809716e-05,15,1.5,0.02,0.04,-0.05,40,40,40,40,40,10,0
8.465,0.1456957,0.0017941771,-0.00020304884,-0.00012516607,-0.1456957,-0.0017941771,0.00020304884,0.00012516607,-0.00024780059,-0.00024780059,OK,0,0.16542378,0.023904945,6.2028894e-07,2.4809794e-05,15,1.5,0.02,0.04,-0.05,40,40,40,40,40,10,0
8.47,0.14569875,-0.0033335446,-0.00020237449,0.0011509853,-0.14569875,0.0033335446,0.00020237449,-0.0011509853,0.0014714939,0.0014714939,OK,0,0.16552993,0.023905001,6.2049371e-07,2.4816418e-05,15,1.5,0.02,0.04,-0.05,40,40,40,40,40,10,0
8.475,0.14570352,0.003669425,-0.00020271133,-0.00097166045,-0.14570352,-0.003669425,0.00020271133,0.00097166045,-0.0014373132,-0.0014373132,OK,0,0.16563607,0.023905068,6.2069917e-07,2.4821139e-05,15,1.5,0.02,0.04,-0.05,40,40,40,40,40,10,0
8.48,0.14569172,-0.0030570463,-0.0001995085,0.00099080596,-0.14569172,0.0030570463,0.0001995085,-0.00099080596,0.0012851339,0.0012851339,OK,0,0.1657422,0.023905115,6.2089819e-07,2.4826047e-05,15,1.5,0.02,0.04,-0.05,40,40,40,40,40,10,0
8.485,0.14571098,0.0036305055,-0.00020422894,-0.0010252291,-0.14571098,-0.0036305055,0.00020422894,0.0010252291,-0.001541838,-0.001541838,OK,0,0.16584836,0.02390518,6.2110674e-07,2.4831303e-05,15,1.5,0.02,0.04,-0.05,40,40,40,40,40,10,0
8.49,0.14569394,-0.0081029382,-0.00019967709,0.0022005025,-0.14569394,0.0081029382,0.00019967709,-0.0022005025,0.0028953588,0.0028953588,OK,0,0.1659545,0.023905509,6.2130609e-07,2.4855514e-05,15,1.5,0.02,0.04,-0.05,40,40,40,40,40,10,0
8.495,0.14570732,0.0081810794,-0.00020406035,-0.0025496176,-0.14570732,-0.0081810794,0.00020406035,0.0025496176,-0.0036439422,-0.0036439422,OK,0,0.16606065,0.023905843,6.215143e-07,2.4888017e-05,15,1.5,0.02,0.04,-0.05,40,40,40,40,40,10,0
8.5,0.14570384,-0.006577021,-0.00020355459,0.0018848618,-0.14570384,0.006577021,0.00020355459,-0.0018848618,0.0024249698,0.0024249698,OK,0,0.1661668,0.02390606,6.2172147e-07,2.490578e-05,15,1.5,0.02,0.04,-0.05,40,40,40,40,40,10,0
8.505,0.14570087,0.0066557455,-0.00020355459,-0.0019925785,-0.14570087,-0.0066557455,0.00020355459,0.0019925785,-0.0028619392,-0.0028619392,OK,0,0.16627294,0.023906281,6.2192864e-07,2.4925632e-05,15,1.5,0.02,0.04,-0.05,40,40,40,40,40,10,0
8.51,0.14569322,-0.0070189796,-0.00020136295,0.0019939951,-0.14569322,0.0070189796,0.00020136295,-0.0019939951,0.0026036536,0.0026036536,OK,0,0.16637907,0.023906528,6.2213138e-07,2.4945512e-05,15,1.5,0.02,0.04,-0.05,40,40,40,40,40,10,0
8.515,0.14570826,0.0064151178,-0.00020574622,-0.0019860069,-0.14570826,-0.0064151178,0.00020574622,0.0019860069,-0.0028944337,-0.0028944337,OK,0,0.16648523,0.023906733,6.2234303e-07,2.4965233e-05,15,1.5,0.02,0.04,-0.05,40,40,40,40,40,10,0
8.52,0.14569929,-0.0072473123,-0.00020372317,0.0020170933,-0.14569929,0.0072473123,0.00020372317,-0.0020170933,0.0025938859,0.0025938859,OK,0,0.16659137,0.023906996,6.2255055e-07,2.4985577e-05,15,1.5,0.02,0.04,-0.05,40,40,40,40,40,10,0
8.525,0.14570819,0.003775476,-0.00020692633,-0.0013575657,-0.14570819,-0.003775476,0.00020692633,0.0013575657,-0.0020750606,-0.0020750606,OK,0,0.16669752,0.023907067,6.2276464e-07,2.4994792e-05,15,1.5,0.02,0.04,-0.05,40,40,40,40,40,10,0
8.53,0.14569471,-0.0038542041,-0.00020406034,0.00096924899,-0.14569471,0.0038542041,0.00020406034,-0.00096924899,0.0011526944,0.0011526944,OK,0,0.16680366,0.023907141,6.2297285e-07,2.4999489e-05,15,1.5,0.02,0.04,-0.05,40,40,40,40,40,10,0
8.535,0.14570923,0.0026482809,-0.00020886524,-0.00097260363,-0.14570923,-0.0026482809,0.00020886524,0.00097260363,-0.0015717682,-0.0015717682,OK,0,0.16690981,0.023907177,6.2319097e-07,2.5004219e-05,15,1.5,0.02,0.04,-0.05,40,40,40,40,40,10,0
8.54,0.14569215,-0.0042621545,-0.00020507186,0.0010640676,-0.14569215,0.0042621545,0.00020507186,-0.0010640676,0.0012633803,0.0012633803,OK,0,0.16701594,0.023907267,6.2340124e-07,2.500988e-05,15,1.5,0.02,0.04,-0.05,40,40,40,40,40,10,0
8.545,0.14571505,0.0072105135,-0.00021173122,-0.0021466109,-0.14571505,-0.0072105135,0.00021173122,0.0021466109,-0.0031931632,-0.0031931632,OK,0,0.16712211,0.023907527,6.2362539e-07,2.5032919e-05,15,1.5,0.02,0.04,-0.05,40,40,40,40,40,10,0
8.55,0.14570885,-0.0068676069,-0.00020996088,0.0020243761,-0.14570885,0.0068676069,0.00020996088,-0.0020243761,0.0025266238,0.0025266238,OK,0,0.16722826,0.023907763,6.2384581e-07,2.505341e-05,15,1.5,0.02,0.04,-0.05,40,40,40,40,40,10,0
8.555,0.14569541,0.0041030394,-0.00020684219,-0.0013101713,-0.14569541,-0.0041030394,0.00020684219,0.0013101713,-0.0019898601,-0.0019898601,OK,0,0.1673344,0.023907847,6.2405973e-07,2.5061993e-05,15,1.5,0.02,0.04,-0.05,40,40,40,40,40,10,0
8.56,0.14570269,-0.0035083955,-0.00020894936,0.00096666105,-0.14570269,0.0035083955,0.00020894936,-0.00096666105,0.0010894692,0.0010894692,OK,0,0.16744055,0.023907909,6.2427803e-07,2.5066665e-05,15,1.5,0.02,0.04,-0.05,40,40,40,40,40,10,0
8.565,0.14570448,0.0029562803,-0.00021004534,-0.00093935334,-0.14570448,-0.0029562803,0.00021004534,0.00093935334,-0.0015273694,-0.0015273694,OK,0,0.1675467,0.023907953,6.2449862e-07,2.5071077e-05,15,1.5,0.02,0.04,-0.05,40,40,40,40,40,10,0
8.57,0.14569883,0.00092035732,-0.00020852806,-0.00013325786,-0.14569883,-0.00092035732,0.00020852806,0.00013325786,-0.00037701668,-0.00037701668,OK,0,0.16765284,0.023907957,6.2471604e-07,2.5071166e-05,15,1.5,0.02,0.04,-0.05,40,40,40,40,40,10,0
8.575,0.14569958,-0.0019592208,-0.00020810642,0.00061253394,-0.14569958,0.0019592208,0.00020810642,-0.00061253394,0.00063282744,0.00063282744,OK,0,0.16775898,0.023907976,6.2493258e-07,2.5073042e-05,15,1.5,0.02,0.04,-0.05,40,40,40,40,40,10,0
8.58,0.14570715,-0.00098066711,-0.00021004534,0.00017377434,-0.14570715,0.00098066711,0.00021004534,-0.00017377434,-1.5102222e-05,-1.5102222e-05,OK,0,0.16786513,0.023907981,6.2515318e-07,2.5073193e-05,15,1.5,0.02,0.04,-0.05,40,40,40,40,40,10,0
8.585,0.14570262,0.0039586625,-0.00020937099,-0.0010964499,-0.14570262,-0.0039586625,0.00020937099,0.0010964499,-0.0017128408,-0.0017128408,OK,0,0.16797128,0.023908059,6.2537236e-07,2.5079204e-05,15,1.5,0.02,0.04,-0.05,40,40,40,40,40,10,0
8.59,0.14570083,0.0016087857,-0.00020844359,-0.00018419889,-0.14570083,-0.0016087857,0.00020844359,0.00018419889,-0.00042458421,-0.00042458421,OK,0,0.16807742,0.023908072,6.255896e-07,2.5079373e-05,15,1.5,0.02,0.04,-0.05,40,40,40,40,40,10,0
8.595,0.14570213,-0.0037638541,-0.0002078537,0.0011906159,-0.14570213,0.0037638541,0.0002078537,-0.0011906159,0.0014316069,0.0014316069,OK,0,0.16818357,0.023908143,6.2580562e-07,2.5086461e-05,15,1.5,0.02,0.04,-0.05,40,40,40,40,40,10,0
8.6,0.14570681,0.00078161998,-0.00020869663,-0.00030960144,-0.14570681,-0.00078161998,0.00020869663,0.00030960144,-0.00064945063,-0.00064945063,OK,0,0.16828972,0.023908146,6.2602339e-07,2.508694e-05,15,1.5,0.02,0.04,-0.05,40,40,40,40,40,10,0
8.605,0.14570355,-4.6748459e-05,-0.00020810641,-1.0110033e-05,-0.14570355,4.6748459e-05,0.00020810641,1.0110033e-05,-0.00022456023,-0.00022456023,OK,0,0.16839587,0.023908146,6.2623993e-07,2.5086941e-05,15,1.5,0.02,0.04,-0.05,40,40,40,40,40,10,0
8.61,0.14570278,-0.00025480322,-0.00020793782,4.6747821e-05,-0.14570278,0.00025480322,0.00020793782,-4.6747821e-05,-0.00014508222,-0.00014508222,OK,0,0.16850201,0.023908146,6.2645612e-07,2.5086952e-05,15,1.5,0.02,0.04,-0.05,40,40,40,40,40,10,0
8.615,0.14570355,-0.00038848095,-0.00020827499,5.6704929e-05,-0.14570355,0.00038848095,0.00020827499,-5.6704929e-05,-0.00014053569,-0.00014053569,OK,0,0.16860816,0.023908147,6.2667302e-07,2.5086968e-05,15,1.5,0.02,0.04,-0.05,40,40,40,40,40,10,0
8.62,0.14570609,-0.00049359024,-0.00020928651,6.3721472e-05,-0.14570609,0.00049359024,0.00020928651,-6.3721472e-05,-0.00014933729,-0.00014933729,OK,0,0.16871431,0.023908148,6.2689202e-07,2.5086988e-05,15,1.5,0.02,0.04,-0.05,40,40,40,40,40,10,0
8.625,0.14570341,-0.00061229519,-0.00020886521,7.6214781e-05,-0.14570341,0.00061229519,0.00020886521,-7.6214781e-05,-0.00012907956,-0.00012907956,OK,0,0.16882046,0.02390815,6.2711014e-07,2.5087017e-05,15,1.5,0.02,0.04,-0.05,40,40,40,40,40,10,0
8.63,0.14570022,-0.00065260574,-0.00020844358,7.7468714e-05,-0.14570022,0.00065260574,0.00020844358,-7.7468714e-05,-0.00012255047,-0.00012255047,OK,0,0.1689266,0.023908152,6.2732739e-07,2.5087047e-05,15,1.5,0.02,0.04,-0.05,40,40,40,40,40,10,0
8.635,0.14571098,-0.00077640713,-0.00021173119,7.1886848e-05,-0.14571098,0.00077640713,0.00021173119,-7.1886848e-05,-0.00018497419,-0.00018497419,OK,0,0.16903276,0.023908155,6.2755154e-07,2.5087073e-05,15,1.5,0.02,0.04,-0.05,40,40,40,40,40,10,0
8.64,0.14570673,0.0039254698,-0.00021130956,-0.0011021928,-0.14570673,-0.0039254698,0.00021130956,0.0011021928,-0.0017517792,-0.0017517792,OK,0,0.16913891,0.023908232,6.277748e-07,2.5093147e-05,15,1.5,0.02,0.04,-0.05,40,40,40,40,40,10,0
8.645,0.1456998,-0.00088505183,-0.00020911792,0.00043418924,-0.1456998,0.00088505183,0.00020911792,-0.00043418924,0.00039310894,0.00039310894,OK,0,0.16924505,0.023908236,6.2799345e-07,2.509409e-05,15,1.5,0.02,0.04,-0.05,40,40,40,40,40,10,0
8.65,0.14571173,-0.00027309292,-0.00021139401,0.00013180997,-0.14571173,0.00027309292,0.00021139401,-0.00013180997,-6.9884389e-05,-6.9884389e-05,OK,0,0.16935121,0.023908237,6.2821688e-07,2.5094177e-05,15,1.5,0.02,0.04,-0.05,40,40,40,40,40,10,0
8.655,0.14569581,-0.00022335008,-0.00020743205,9.7678987e-05,-0.14569581,0.00022335008,0.00020743205,-9.7678987e-05,-5.9980019e-05,-5.9980019e-05,OK,0,0.16945735,0.023908237,6.2843202e-07,2.5094224e-05,15,1.5,0.02,0.04,-0.05,40,40,40,40,40,10,0
8.66,0.14571636,0.0021498974,-0.00021240553,-0.00054675424,-0.14571636,-0.0021498974,0.00021240553,0.00054675424,-0.0010058912,-0.0010058912,OK,0,0.16956352,0.02390826,6.2865761e-07,2.5095719e-05,15,1.5,0.02,0.04,-0.05,40,40,40,40,40,10,0
8.665,0.14569919,-0.0039444465,-0.0002075165,0.0011613807,-0.14569919,0.0039444465,0.0002075165,-0.0011613807,0.0013855294,0.0013855294,OK,0,0.16966966,0.023908338,6.2887292e-07,2.5102463e-05,15,1.5,0.02,0.04,-0.05,40,40,40,40,40,10,0
8.67,0.1457144,0.0028964878,-0.00021164672,-0.00091687144,-0.1457144,-0.0028964878,0.00021164672,0.00091687144,-0.0015198605,-0.0015198605,OK,0,0.16977582,0.02390838,6.2909689e-07,2.5106666e-05,15,1.5,0.02,0.04,-0.05,40,40,40,40,40,10,0
8.675,0.14569862,-0.0039329014,-0.00020785367,0.0010874779,-0.14569862,0.0039329014,0.00020785367,-0.0010874779,0.001270068,0.001270068,OK,0,0.16988196,0.023908457,6.2931291e-07,2.5112579e-05,15,1.5,0.02,0.04,-0.05,40,40,40,40,40,10,0
8.68,0.14571348,0.0027430476,-0.00021206835,-0.00092430271,-0.14571348,-0.0027430476,0.00021206835,0.00092430271,-0.0015434879,-0.0015434879,OK,0,0.16998812,0.023908495,6.2953777e-07,2.5116851e-05,15,1.5,0.02,0.04,-0.05,40,40,40,40,40,10,0
8.685,0.14569691,-0.0041208455,-0.00020819085,0.0010937616,-0.14569691,0.0041208455,0.00020819085,-0.0010937616,0.0012668841,0.0012668841,OK,0,0.17009426,0.02390858,6.2975449e-07,2.5122833e-05,15,1.5,0.02,0.04,-0.05,40,40,40,40,40,10,0
8.69,0.1457205,0.0073636393,-0.00021476574,-0.0021213769,-0.1457205,-0.0073636393,0.00021476574,0.0021213769,-0.0031945959,-0.0031945959,OK,0,0.17020043,0.023908851,6.2998511e-07,2.5145334e-05,15,1.5,0.02,0.04,-0.05,40,40,40,40,40,10,0
8.695,0.14571505,-0.006708787,-0.00021291128,0.0020477941,-0.14571505,0.006708787,0.00021291128,-0.0020477941,0.0025239714,0.0025239714,OK,0,0.1703066,0.023909076,6.3021177e-07,2.5166301e-05,15,1.5,0.02,0.04,-0.05,40,40,40,40,40,10,0
8.7,0.14569277,0.0018592849,-0.00020726345,-0.0006850921,-0.14569277,-0.0018592849,0.00020726345,0.0006850921,-0.0011483631,-0.0011483631,OK,0,0.17041273,0.023909093,6.3042656e-07,2.5168648e-05,15,1.5,0.02,0.04,-0.05,40,40,40,40,40,10,0
8.705,0.14572627,0.0050825747,-0.00021611444,-0.0013052615,-0.14572627,-0.0050825747,0.00021611444,0.0013052615,-0.0020817804,-0.0020817804,OK,0,0.17051891,0.023909222,6.3066009e-07,2.5177166e-05,15,1.5,0.02,0.04,-0.05,40,40,40,40,40,10,0
8.71,0.14571407,-0.0073976276,-0.00021223693,0.002222524,-0.14571407,0.0073976276,0.00021223693,-0.002222524,0.0027686083,0.0027686083,OK,0,0.17062507,0.023909496,6.3088531e-07,2.5201864e-05,15,1.5,0.02,0.04,-0.05,40,40,40,40,40,10,0
8.715,0.14570895,0.0063389644,-0.00021071965,-0.0018580726,-0.14570895,-0.0063389644,0.00021071965,0.0018580726,-0.0027801659,-0.0027801659,OK,0,0.17073123,0.023909697,6.3110732e-07,2.5219127e-05,15,1.5,0.02,0.04,-0.05,40,40,40,40,40,10,0
8.72,0.14569992,-0.0072079664,-0.00020819083,0.0020769147,-0.14569992,0.0072079664,0.00020819083,-0.0020769147,0.0026181893,0.0026181893,OK,0,0.17083737,0.023909957,6.3132404e-07,2.5240694e-05,15,1.5,0.02,0.04,-0.05,40,40,40,40,40,10,0
8.725,0.14571407,0.0062570027,-0.00021223693,-0.0019156056,-0.14571407,-0.0062570027,0.00021223693,0.0019156056,-0.0028924008,-0.0028924008,OK,0,0.17094354,0.023910152,6.3154926e-07,2.5259042e-05,15,1.5,0.02,0.04,-0.05,40,40,40,40,40,10,0
8.73,0.14570434,-0.0073937521,-0.0002098767,0.0020825992,-0.14570434,0.0073937521,0.0002098767,-0.0020825992,0.002594085,0.002594085,OK,0,0.17104968,0.023910426,6.317695e-07,2.5280728e-05,15,1.5,0.02,0.04,-0.05,40,40,40,40,40,10,0
8.735,0.14571741,0.0060415635,-0.00021392279,-0.0018976037,-0.14571741,-0.0060415635,0.00021392279,0.0018976037,-0.0028992367,-0.0028992367,OK,0,0.17115585,0.023910608,6.3199832e-07,2.5298733e-05,15,1.5,0.02,0.04,-0.05,40,40,40,40,40,10,0
8.74,0.14570666,-0.0076151992,-0.00021139398,0.0021032445,-0.14570666,0.0076151992,0.00021139398,-0.0021032445,0.0025934823,0.0025934823,OK,0,0.171262,0.023910898,6.3222176e-07,2.5320851e-05,15,1.5,0.02,0.04,-0.05,40,40,40,40,40,10,0
8.745,0.14571884,0.0058180131,-0.0002151029,-0.0018766296,-0.14571884,-0.0058180131,0.0002151029,0.0018766296,-0.0028943906,-0.0028943906,OK,0,0.17136817,0.023911067,6.324531e-07,2.533846e-05,15,1.5,0.02,0.04,-0.05,40,40,40,40,40,10,0
8.75,0.1457069,-0.0078304884,-0.00021257409,0.0021207859,-0.1457069,0.0078304884,0.00021257409,-0.0021207859,0.002593486,0.002593486,OK,0,0.17147433,0.023911374,6.3267904e-07,2.5360948e-05,15,1.5,0.02,0.04,-0.05,40,40,40,40,40,10,0
8.755,0.14571794,0.0056073361,-0.00021628301,-0.0018605276,-0.14571794,-0.0056073361,0.00021628301,0.0018605276,-0.0028963841,-0.0028963841,OK,0,0.17158049,0.023911531,6.3291293e-07,2.5378256e-05,15,1.5,0.02,0.04,-0.05,40,40,40,40,40,10,0
8.76,0.14570503,-0.0080449671,-0.00021358561,0.0021380082,-0.14570503,0.0080449671,0.00021358561,-0.0021380082,0.0025955301,0.0025955301,OK,0,0.17168664,0.023911855,6.3314103e-07,2.5401112e-05,15,1.5,0.02,0.04,-0.05,40,40,40,40,40,10,0
8.765,0.14571492,0.0053944285,-0.00021729453,-0.0018443874,-0.14571492,-0.0053944285,0.00021729453,0.0018443874,-0.0028959234,-0.0028959234,OK,0,0.17179281,0.023912,6.3337711e-07,2.541812e-05,15,1.5,0.02,0.04,-0.05,40,40,40,40,40,10,0
8.77,0.14570085,-0.008260481,-0.00021459713,0.0021544723,-0.14570085,0.008260481,0.00021459713,-0.0021544723,0.0025963493,0.0025963493,OK,0,0.17189895,0.023912341,6.3360737e-07,2.5441329e-05,15,1.5,0.02,0.04,-0.05,40,40,40,40,40,10,0
8.775,0.14571464,0.01004332,-0.00021931757,-0.003033234,-0.14571464,-0.01004332,0.00021931757,0.003033234,-0.004523589,-0.004523589,OK,0,0.17200512,0.023912846,6.3384787e-07,2.5487332e-05,15,1.5,0.02,0.04,-0.05,40,40,40,40,40,10,0
8.78,0.1457167,-0.0059800433,-0.00021965474,0.0018999896,-0.1457167,0.0059800433,0.00021965474,-0.0018999896,0.0022302955,0.0022302955,OK,0,0.17211128,0.023913025,6.3408911e-07,2.5505381e-05,15,1.5,0.02,0.04,-0.05,40,40,40,40,40,10,0
8.785,0.1456968,0.002174059,-0.00021425995,-0.00066671668,-0.1456968,-0.002174059,0.00021425995,0.00066671668,-0.0012130759,-0.0012130759,OK,0,0.17221742,0.023913048,6.3431865e-07,2.5507604e-05,15,1.5,0.02,0.04,-0.05,40,40,40,40,40,10,0
8.79,0.14571711,0.00049521753,-0.00021931756,-4.6768645e-05,-0.14571711,-0.00049521753,0.00021931756,4.6768645e-05,-0.00042576562,-0.00042576562,OK,0,0.17232359,0.023913049,6.3455915e-07,2.5507615e-05,15,1.5,0.02,0.04,-0.05,40,40,40,40,40,10,0
8.795,0.14570374,4.6869377e-05,-0.00021544006,0.00011968323,-0.14570374,-4.6869377e-05,0.00021544006,-0.00011968323,-0.00013612645,-0.00013612645,OK,0,0.17242974,0.023913049,6.3479122e-07,2.5507687e-05,15,1.5,0.02,0.04,-0.05,40,40,40,40,40,10,0
8.8,0.14571799,-8.9242706e-05,-0.00021847463,0.00011839312,-0.14571799,8.9242706e-05,0.00021847463,-0.00011839312,-0.00018873952,-0.00018873952,OK,0,0.1725359,0.023913049,6.3502988e-07,2.5507757e-05,15,1.5,0.02,0.04,-0.05,40,40,40,40,40,10,0
8.805,0.1457029,-0.00019936121,-0.0002140069,0.00014861752,-0.1457029,0.00019936121,0.0002140069,-0.00014861752,-8.1093734e-05,-8.1093734e-05,OK,0,0.17264205,0.02391305,6.3525887e-07,2.5507867e-05,15,1.5,0.02,0.04,-0.05,40,40,40,40,40,10,0
8.81,0.14571601,-0.00025854337,-0.00021712593,0.00011635196,-0.14571601,0.00025854337,0.00021712593,-0.00011635196,-0.0001783824,-0.0001783824,OK,0,0.17274822,0.02391305,6.3549459e-07,2.5507935e-05,15,1.5,0.02,0.04,-0.05,40,40,40,40,40,10,0
8.815,0.14571209,0.0020253263,-0.00021577723,-0.00046190565,-0.14571209,-0.0020253263,0.00021577723,0.00046190565,-0.00093426207,-0.00093426207,OK,0,0.17285438,0.02391307,6.3572739e-07,2.5509002e-05,15,1.5,0.02,0.04,-0.05,40,40,40,40,40,10,0
8.82,0.14570863,-0.0016374399,-0.00021451266,0.00060147159,-0.14570863,0.0016374399,0.00021451266,-0.00060147159,0.00053319248,0.00053319248,OK,0,0.17296053,0.023913084,6.3595747e-07,2.551081e-05,15,1.5,0.02,0.04,-0.05,40,40,40,40,40,10,0
8.825,0.14571297,0.0016478865,-0.00021484983,-0.00038279005,-0.14571297,-0.0016478865,0.00021484983,0.00038279005,-0.00081675763,-0.00081675763,OK,0,0.17306669,0.023913097,6.3618827e-07,2.5511543e-05,15,1.5,0.02,0.04,-0.05,40,40,40,40,40,10,0
8.83,0.14571067,0.0030223714,-0.00021392277,-0.00059269949,-0.14571067,-0.0030223714,0.00021392277,0.00059269949,-0.0010627824,-0.0010627824,OK,0,0.17317285,0.023913143,6.3641709e-07,2.55133e-05,15,1.5,0.02,0.04,-0.05,40,40,40,40,40,10,0
8.835,0.14571198,0.0015823059,-0.0002126582,-5.81756e-05,-0.14571198,-0.0015823059,0.0002126582,5.81756e-05,-0.00029960446,-0.00029960446,OK,0,0.17327901,0.023913156,6.366432e-07,2.5513316e-05,15,1.5,0.02,0.04,-0.05,40,40,40,40,40,10,0
8.84,0.14571408,0.001239474,-0.00021147808,3.6501767e-05,-0.14571408,-0.001239474,0.00021147808,-3.6501767e-05,-0.00015355804,-0.00015355804,OK,0,0.17338517,0.023913163,6.3686682e-07,2.5513323e-05,15,1.5,0.02,0.04,-0.05,40,40,40,40,40,10,0
8.845,0.14571283,0.003581566,-0.00020945504,-0.00055359505,-0.14571283,-0.003581566,0.00020945504,0.00055359505,-0.00091469901,-0.00091469901,OK,0,0.17349134,0.023913227,6.3708617e-07,2.5514855e-05,15,1.5,0.02,0.04,-0.05,40,40,40,40,40,10,0
8.85,0.14570767,-2.7337326e-05,-0.0002060833,0.00049978142,-0.14570767,2.7337326e-05,0.0002060833,-0.00049978142,0.00057148254,0.00057148254,OK,0,0.17359749,0.023913227,6.3729853e-07,2.5516104e-05,15,1.5,0.02,0.04,-0.05,40,40,40,40,40,10,0
8.855,0.14571021,0.000891697,-0.0002047346,9.566738e-05,-0.14571021,-0.000891697,0.0002047346,-9.566738e-05,2.2354233e-05,2.2354233e-05,OK,0,0.17370365,0.023913231,6.3750811e-07,2.551615e-05,15,1.5,0.02,0.04,-0.05,40,40,40,40,40,10,0
8.86,0.14570982,-0.0038374442,-0.00020355448,0.0012127716,-0.14570982,0.0038374442,0.00020355448,-0.0012127716,0.0015265388,0.0015265388,OK,0,0.1738098,0.023913305,6.3771528e-07,2.5523504e-05,15,1.5,0.02,0.04,-0.05,40,40,40,40,40,10,0
8.865,0.14571228,-0.0015525683,-0.00020372307,0.000258748,-0.14571228,0.0015525683,0.00020372307,-0.000258748,0.00018441878,0.00018441878,OK,0,0.17391596,0.023913317,6.379228e-07,2.5523839e-05,15,1.5,0.02,0.04,-0.05,40,40,40,40,40,10,0
8.87,0.1457202,0.0036264681,-0.00020658905,-0.0011270172,-0.1457202,-0.0036264681,0.00020658905,0.0011270172,-0.0017298989,-0.0017298989,OK,0,0.17402214,0.023913383,6.3813619e-07,2.553019e-05,15,1.5,0.02,0.04,-0.05,40,40,40,40,40,10,0
8.875,0.14570711,-0.0034968256,-0.00020355448,0.00099780446,-0.14570711,0.0034968256,0.00020355448,-0.00099780446,0.0012176588,0.0012176588,OK,0,0.17412829,0.023913444,6.3834336e-07,2.5535168e-05,15,1.5,0.02,0.04,-0.05,40,40,40,40,40,10,0
8.88,0.14572398,0.0031132409,-0.00020810633,-0.0009850468,-0.14572398,-0.0031132409,0.00020810633,0.0009850468,-0.001560156,-0.001560156,OK,0,0.17423447,0.023913493,6.385599e-07,2.5540019e-05,15,1.5,0.02,0.04,-0.05,40,40,40,40,40,10,0
8.885,0.1457041,-0.0086306631,-0.00020355447,0.0022463868,-0.1457041,0.0086306631,0.00020355447,-0.0022463868,0.0028851187,0.0028851187,OK,0,0.17434061,0.023913865,6.3876708e-07,2.5565251e-05,15,1.5,0.02,0.04,-0.05,40,40,40,40,40,10,0
8.89,0.14571731,0.010085462,-0.00020827491,-0.0031050066,-0.14571731,-0.010085462,0.00020827491,0.0031050066,-0.004463869,-0.004463869,OK,0,0.17444678,0.023914374,6.3898397e-07,2.5613456e-05,15,1.5,0.02,0.04,-0.05,40,40,40,40,40,10,0
8.895,0.14571995,-0.0058525377,-0.00020894926,0.0017963913,-0.14571995,0.0058525377,0.00020894926,-0.0017963913,0.0022406455,0.0022406455,OK,0,0.17455295,0.023914545,6.3920227e-07,2.5629591e-05,15,1.5,0.02,0.04,-0.05,40,40,40,40,40,10,0
8.9,0.14571029,0.0047245317,-0.00020658904,-0.0013769598,-0.14571029,-0.0047245317,0.00020658904,0.0013769598,-0.0020610882,-0.0020610882,OK,0,0.17465911,0.023914656,6.3941566e-07,2.5639071e-05,15,1.5,0.02,0.04,-0.05,40,40,40,40,40,10,0
8.905,0.14572057,-0.0029706679,-0.00020878067,0.00093646212,-0.14572057,0.0029706679,0.00020878067,-0.00093646212,0.0010685677,0.0010685677,OK,0,0.17476528,0.023914701,6.3963361e-07,2.5643456e-05,15,1.5,0.02,0.04,-0.05,40,40,40,40,40,10,0
8.91,0.14571052,0.0035290493,-0.00020642045,-0.00096033554,-0.14571052,-0.0035290493,0.00020642045,0.00096033554,-0.0014814376,-0.0014814376,OK,0,0.17487144,0.023914763,6.3984666e-07,2.5648067e-05,15,1.5,0.02,0.04,-0.05,40,40,40,40,40,10,0
8.915,0.1457174,-0.0033394236,-0.00020743197,0.0010198215,-0.1457174,0.0033394236,0.00020743197,-0.0010198215,0.0011990238,0.0011990238,OK,0,0.17497761,0.023914819,6.400618e-07,2.5653267e-05,15,1.5,0.02,0.04,-0.05,40,40,40,40,40,10,0
8.92,0.14571588,0.00089265716,-0.0002070948,-0.0003507906,-0.14571588,-0.00089265716,0.0002070948,0.0003507906,-0.00068258399,-0.00068258399,OK,0,0.17508377,0.023914823,6.4027624e-07,2.5653883e-05,15,1.5,0.02,0.04,-0.05,40,40,40,40,40,10,0
8.925,0.14571768,0.0048908897,-0.00020810632,-0.0012392727,-0.14571768,-0.0048908897,0.00020810632,0.0012392727,-0.0018705147,-0.0018705147,OK,0,0.17518994,0.023914942,6.4049278e-07,2.5661562e-05,15,1.5,0.02,0.04,-0.05,40,40,40,40,40,10,0
8.93,0.14571022,-0.0024826147,-0.00020524033,0.00096552031,-0.14571022,0.0024826147,0.00020524033,-0.00096552031,0.0011845753,0.0011845753,OK,0,0.1752961,0.023914973,6.407034e-07,2.5666223e-05,15,1.5,0.02,0.04,-0.05,40,40,40,40,40,10,0
8.935,0.14571774,-0.00073109135,-0.00020608327,0.00020622931,-0.14571774,0.00073109135,0.00020608327,-0.00020622931,0.00010320598,0.00010320598,OK,0,0.17540227,0.023914976,6.4091575e-07,2.5666435e-05,15,1.5,0.02,0.04,-0.05,40,40,40,40,40,10,0
8.94,0.1457147,0.0043889495,-0.00020574609,-0.0011341799,-0.1457147,-0.0043889495,0.00020574609,0.0011341799,-0.0016976091,-0.0016976091,OK,0,0.17550843,0.023915072,6.4112741e-07,2.5672867e-05,15,1.5,0.02,0.04,-0.05,40,40,40,40,40,10,0
8.945,0.1457153,0.0020702448,-0.00020490316,-0.0002321928,-0.1457153,-0.0020702448,0.00020490316,0.0002321928,-0.00042472074,-0.00042472074,OK,0,0.1756146,0.023915093,6.4133733e-07,2.5673137e-05,15,1.5,0.02,0.04,-0.05,40,40,40,40,40,10,0
8.95,0.14571429,-0.0008848823,-0.00020321728,0.00053861005,-0.14571429,0.0008848823,0.00020321728,-0.00053861005,0.00063854631,0.00063854631,OK,0,0.17572076,0.023915097,6.4154382e-07,2.5674587e-05,15,1.5,0.02,0.04,-0.05,40,40,40,40,40,10,0
8.955,0.14571531,0.00013060536,-0.00020254294,9.6597235e-05,-0.14571531,-0.00013060536,0.00020254294,-9.6597235e-05,2.6282177e-05,2.6282177e-05,OK,0,0.17582693,0.023915097,6.4174894e-07,2.5674634e-05,15,1.5,0.02,0.04,-0.05,40,40,40,40,40,10,0
8.96,0.14571643,0.00027119056,-0.00020237435,7.3117815e-06,-0.14571643,-0.00027119056,0.00020237435,-7.3117815e-06,-9.9471292e-05,-9.9471292e-05,OK,0,0.17593309,0.023915098,6.4195371e-07,2.5674634e-05,15,1.5,0.02,0.04,-0.05,40,40,40,40,40,10,0
8.965,0.14571542,0.00024808449,-0.0002017,-7.9777671e-06,-0.14571542,-0.00024808449,0.0002017,7.9777671e-06,-0.0001132348,-0.0001132348,OK,0,0.17603926,0.023915098,6.4215713e-07,2.5674635e-05,15,1.5,0.02,0.04,-0.05,40,40,40,40,40,10,0
8.97,0.1457164,0.00017472824,-0.00020186858,-1.8482148e-05,-0.1457164,-0.00017472824,0.00020186858,1.8482148e-05,-0.00013443485,-0.00013443485,OK,0,0.17614542,0.023915098,6.4236088e-07,2.5674636e-05,15,1.5,0.02,0.04,-0.05,40,40,40,40,40,10,0
8.975,0.14571236,0.0001384466,-0.00020068847,-1.5245573e-05,-0.14571236,-0.0001384466,0.00020068847,1.5245573e-05,-0.0001134104,-0.0001134104,OK,0,0.17625158,0.023915098,6.4256226e-07,2.5674637e-05,15,1.5,0.02,0.04,-0.05,40,40,40,40,40,10,0
8.98,0.14571286,8.4559218e-05,-0.00020068847,-2.5066474e-05,-0.14571286,-8.4559218e-05,0.00020068847,2.5066474e-05,-0.00013028727,-0.00013028727,OK,0,0.17635774,0.023915098,6.4276364e-07,2.5674641e-05,15,1.5,0.02,0.04,-0.05,40,40,40,40,40,10,0
8.985,0.14571303,7.0339644e-06,-0.00020068847,-2.5314896e-05,-0.14571303,-7.0339644e-06,0.00020068847,2.5314896e-05,-0.00013375733,-0.00013375733,OK,0,0.17646391,0.023915098,6.4296502e-07,2.5674644e-05,15,1.5,0.02,0.04,-0.05,40,40,40,40,40,10,0
8.99,0.14571264,-7.5299456e-05,-0.00020085705,-2.3631426e-05,-0.14571264,7.5299456e-05,0.00020085705,2.3631426e-05,-0.00013706218,-0.00013706218,OK,0,0.17657007,0.023915098,6.4316674e-07,2.5674647e-05,15,1.5,0.02,0.04,-0.05,40,40,40,40,40,10,0
8.995,0.14571663,-0.0026140208,-0.00020220575,0.00058056884,-0.14571663,0.0026140208,0.00020220575,-0.00058056884,0.00064753885,0.00064753885,OK,0,0.17667623,0.023915133,6.4337117e-07,2.5676332e-05,15,1.5,0.02,0.04,-0.05,40,40,40,40,40,10,0
9,0.14571636,-0.0015865077,-0.00020304868,0.00013353504,-0.14571636,0.0015865077,0.00020304868,-0.00013353504,5.4392117e-06,5.4392117e-06,OK,0,0.1767824,0.023915145,6.4357732e-07,2.5676421e-05,15,1.5,0.02,0.04,-0.05,40,40,40,40,40,10,0
9.005,0.14571591,-0.001476633,-0.00020456596,5.6154842e-05,-0.14571591,0.001476633,0.00020456596,-5.6154842e-05,-0.00012900425,-0.00012900425,OK,0,0.17688857,0.023915156,6.4378655e-07,2.5676437e-05,15,1.5,0.02,0.04,-0.05,40,40,40,40,40,10,0
9.01,0.14571819,0.00331375,-0.00020658901,-0.0011510538,-0.14571819,-0.00331375,0.00020658901,0.0011510538,-0.0017785019,-0.0017785019,OK,0,0.17699473,0.023915211,6.4399995e-07,2.5683061e-05,15,1.5,0.02,0.04,-0.05,40,40,40,40,40,10,0
9.015,0.14571287,0.00088760151,-0.00020591466,-0.00020472139,-0.14571287,-0.00088760151,0.00020591466,0.00020472139,-0.00044604053,-0.00044604053,OK,0,0.1771009,0.023915215,6.4421195e-07,2.5683271e-05,15,1.5,0.02,0.04,-0.05,40,40,40,40,40,10,0
9.02,0.14572038,-0.0020933694,-0.00020760053,0.00057636797,-0.14572038,0.0020933694,0.00020760053,-0.00057636797,0.00058121688,0.00058121688,OK,0,0.17720707,0.023915237,6.4442744e-07,2.5684932e-05,15,1.5,0.02,0.04,-0.05,40,40,40,40,40,10,0
9.025,0.14572262,0.0061200796,-0.00020827487,-0.0016432279,-0.14572262,-0.0061200796,0.00020827487,0.0016432279,-0.0024297093,-0.0024297093,OK,0,0.17731324,0.023915424,6.4464434e-07,2.5698433e-05,15,1.5,0.02,0.04,-0.05,40,40,40,40,40,10,0
9.03,0.14571392,-0.0069111614,-0.00020540889,0.0020869082,-0.14571392,0.0069111614,0.00020540889,-0.0020869082,0.002687061,0.002687061,OK,0,0.17741941,0.023915663,6.448553e-07,2.5720209e-05,15,1.5,0.02,0.04,-0.05,40,40,40,40,40,10,0
9.035,0.14572997,0.0066670009,-0.00020945498,-0.0019483251,-0.14572997,-0.0066670009,0.00020945498,0.0019483251,-0.002883033,-0.002883033,OK,0,0.17752559,0.023915885,6.4507466e-07,2.5739189e-05,15,1.5,0.02,0.04,-0.05,40,40,40,40,40,10,0
9.04,0.14572233,-0.0069520378,-0.0002073478,0.002040547,-0.14572233,0.0069520378,0.0002073478,-0.002040547,0.0025869685,0.0025869685,OK,0,0.17763177,0.023916127,6.4528962e-07,2.5760008e-05,15,1.5,0.02,0.04,-0.05,40,40,40,40,40,10,0
9.045,0.14571853,0.0065348288,-0.000206589,-0.0019367426,-0.14571853,-0.0065348288,0.000206589,0.0019367426,-0.002828185,-0.002828185,OK,0,0.17773794,0.02391634,6.4550302e-07,2.5778763e-05,15,1.5,0.02,0.04,-0.05,40,40,40,40,40,10,0
9.05,0.14571518,-0.0022043272,-0.00020557747,0.00081895178,-0.14571518,0.0022043272,0.00020557747,-0.00081895178,0.000970896,0.000970896,OK,0,0.1778441,0.023916365,6.4571433e-07,2.5782116e-05,15,1.5,0.02,0.04,-0.05,40,40,40,40,40,10,0
9.055,0.14572296,-0.00075154466,-0.00020701063,0.0001810178,-0.14572296,0.00075154466,0.00020701063,-0.0001810178,5.0764709e-05,5.0764709e-05,OK,0,0.17795028,0.023916367,6.4592859e-07,2.578228e-05,15,1.5,0.02,0.04,-0.05,40,40,40,40,40,10,0
9.06,0.14571983,0.0043000715,-0.00020650487,-0.0011309927,-0.14571983,-0.0043000715,0.00020650487,0.0011309927,-0.0017076626,-0.0017076626,OK,0,0.17805645,0.02391646,6.4614182e-07,2.5788676e-05,15,1.5,0.02,0.04,-0.05,40,40,40,40,40,10,0
9.065,0.14571021,-0.0028384601,-0.00020330171,0.00097979117,-0.14571021,0.0028384601,0.00020330171,-0.00097979117,0.0012208269,0.0012208269,OK,0,0.17816261,0.0239165,6.4634847e-07,2.5793476e-05,15,1.5,0.02,0.04,-0.05,40,40,40,40,40,10,0
9.07,0.14573032,0.0037811341,-0.00020802215,-0.001006087,-0.14573032,-0.0037811341,0.00020802215,0.001006087,-0.001563611,-0.001563611,OK,0,0.17826879,0.023916572,6.4656484e-07,2.5798537e-05,15,1.5,0.02,0.04,-0.05,40,40,40,40,40,10,0
9.075,0.14571407,-0.0079586487,-0.0002033017,0.0022250935,-0.14571407,0.0079586487,0.0002033017,-0.0022250935,0.0028840502,0.0028840502,OK,0,0.17837496,0.023916888,6.467715e-07,2.5823292e-05,15,1.5,0.02,0.04,-0.05,40,40,40,40,40,10,0
9.08,0.14572554,0.0059002606,-0.00020717921,-0.0019229433,-0.14572554,-0.0059002606,0.00020717921,0.0019229433,-0.0028415818,-0.0028415818,OK,0,0.17848113,0.023917062,6.4698611e-07,2.5841781e-05,15,1.5,0.02,0.04,-0.05,40,40,40,40,40,10,0
9.085,0.1457145,-0.0076663392,-0.00020473452,0.0020443138,-0.1457145,0.0076663392,0.00020473452,-0.0020443138,0.0026030894,0.0026030894,OK,0,0.1785873,0.023917356,6.4719569e-07,2.5862677e-05,15,1.5,0.02,0.04,-0.05,40,40,40,40,40,10,0
9.09,0.14572624,0.0057928974,-0.00020903367,-0.0019426512,-0.14572624,-0.0057928974,0.00020903367,0.0019426512,-0.0029032412,-0.0029032412,OK,0,0.17869348,0.023917524,6.4741417e-07,2.5881546e-05,15,1.5,0.02,0.04,-0.05,40,40,40,40,40,10,0
9.095,0.14571431,-0.0078606,-0.00020667344,0.0020593903,-0.14571431,0.0078606,0.00020667344,-0.0020593903,0.0025888461,0.0025888461,OK,0,0.17879964,0.023917833,6.4762774e-07,2.5902752e-05,15,1.5,0.02,0.04,-0.05,40,40,40,40,40,10,0
9.1,0.14572517,0.0055788745,-0.00021071953,-0.0019199482,-0.14572517,-0.0055788745,0.00021071953,0.0019199482,-0.002903057,-0.002903057,OK,0,0.17890582,0.023917989,6.4784975e-07,2.5921183e-05,15,1.5,0.02,0.04,-0.05,40,40,40,40,40,10,0
9.105,0.14571205,-0.0080754278,-0.0002083593,0.0020818438,-0.14571205,0.0080754278,0.0002083593,-0.0020818438,0.0025886002,0.0025886002,OK,0,0.17901198,0.023918315,6.4806682e-07,2.5942853e-05,15,1.5,0.02,0.04,-0.05,40,40,40,40,40,10,0
9.11,0.14572662,0.01022904,-0.00021358551,-0.0031028971,-0.14572662,-0.01022904,0.00021358551,0.0031028971,-0.0045344344,-0.0045344344,OK,0,0.17911816,0.023918838,6.4829492e-07,2.5990993e-05,15,1.5,0.02,0.04,-0.05,40,40,40,40,40,10,0
9.115,0.14572968,-0.0057970385,-0.00021417539,0.0018347311,-0.14572968,0.0057970385,0.00021417539,-0.0018347311,0.0022221778,0.0022221778,OK,0,0.17922435,0.023919006,6.4852427e-07,2.6007824e-05,15,1.5,0.02,0.04,-0.05,40,40,40,40,40,10,0
9.12,0.14571085,0.0023591975,-0.00020894919,-0.00072945788,-0.14571085,-0.0023591975,0.00020894919,0.00072945788,-0.0012198397,-0.0012198397,OK,0,0.17933051,0.023919034,6.4874257e-07,2.6010485e-05,15,1.5,0.02,0.04,-0.05,40,40,40,40,40,10,0
9.125,0.1457319,0.00068546518,-0.00021451257,-0.00010810887,-0.1457319,-0.00068546518,0.00021451257,0.00010810887,-0.0004377952,-0.0004377952,OK,0,0.1794367,0.023919036,6.4897265e-07,2.6010543e-05,15,1.5,0.02,0.04,-0.05,40,40,40,40,40,10,0
9.13,0.14570979,-0.0045800143,-0.00020852789,0.0012682209,-0.14570979,0.0045800143,0.00020852789,-0.0012682209,0.0015054084,0.0015054084,OK,0,0.17954285,0.023919141,6.4919007e-07,2.6018585e-05,15,1.5,0.02,0.04,-0.05,40,40,40,40,40,10,0
9.135,0.14573204,0.0072601475,-0.00021476561,-0.0020881109,-0.14573204,-0.0072601475,0.00021476561,0.0020881109,-0.0031486038,-0.0031486038,OK,0,0.17964904,0.023919404,6.4942069e-07,2.6040386e-05,15,1.5,0.02,0.04,-0.05,40,40,40,40,40,10,0
9.14,0.14572641,-0.0067323229,-0.00021274256,0.0020510422,-0.14572641,0.0067323229,0.00021274256,-0.0020510422,0.0025306601,0.0025306601,OK,0,0.17975522,0.023919631,6.4964699e-07,2.606142e-05,15,1.5,0.02,0.04,-0.05,40,40,40,40,40,10,0
9.145,0.14572343,0.0066808434,-0.00021189963,-0.001896759,-0.14572343,-0.0066808434,0.00021189963,0.001896759,-0.0028419305,-0.0028419305,OK,0,0.1798614,0.023919854,6.4987149e-07,2.6079408e-05,15,1.5,0.02,0.04,-0.05,40,40,40,40,40,10,0
9.15,0.14571609,-0.0069359585,-0.00020928635,0.0020689675,-0.14571609,0.0069359585,0.00020928635,-0.0020689675,0.0026010393,0.0026010393,OK,0,0.17996756,0.023920095,6.500905e-07,2.6100811e-05,15,1.5,0.02,0.04,-0.05,40,40,40,40,40,10,0
9.155,0.14573152,0.0065237837,-0.00021341691,-0.0019187651,-0.14573152,-0.0065237837,0.00021341691,0.0019187651,-0.0029038195,-0.0029038195,OK,0,0.18007375,0.023920308,6.5031823e-07,2.611922e-05,15,1.5,0.02,0.04,-0.05,40,40,40,40,40,10,0
9.16,0.14572324,-0.0071217925,-0.00021097222,0.002080369,-0.14572324,0.0071217925,0.00021097222,-0.002080369,0.0025855632,0.0025855632,OK,0,0.18017993,0.023920561,6.5054078e-07,2.6140859e-05,15,1.5,0.02,0.04,-0.05,40,40,40,40,40,10,0
9.165,0.1457184,0.0063656582,-0.00021021375,-0.0018976369,-0.1457184,-0.0063656582,0.00021021375,0.0018976369,-0.0028306672,-0.0028306672,OK,0,0.1802861,0.023920764,6.5076173e-07,2.6158865e-05,15,1.5,0.02,0.04,-0.05,40,40,40,40,40,10,0
9.17,0.14573347,-0.0024154281,-0.0002138382,0.00085462375,-0.14573347,0.0024154281,0.0002138382,-0.00085462375,0.00089241489,0.00089241489,OK,0,0.18039229,0.023920793,6.5099036e-07,2.6162516e-05,15,1.5,0.02,0.04,-0.05,40,40,40,40,40,10,0
9.175,0.1457113,-0.00096777166,-0.00020768494,0.00026030957,-0.1457113,0.00096777166,0.00020768494,-0.00026030957,0.00015070535,0.00015070535,OK,0,0.18049845,0.023920798,6.5120602e-07,2.6162855e-05,15,1.5,0.02,0.04,-0.05,40,40,40,40,40,10,0
9.18,0.14573618,0.0041286692,-0.00021417538,-0.0011121376,-0.14573618,-0.0041286692,0.00021417538,0.0011121376,-0.0018009667,-0.0018009667,OK,0,0.18060464,0.023920883,6.5143538e-07,2.6169039e-05,15,1.5,0.02,0.04,-0.05,40,40,40,40,40,10,0
9.185,0.14572072,-0.0079404952,-0.00020953939,0.0022519083,-0.14572072,0.0079404952,0.00020953939,-0.0022519083,0.0028315663,0.0028315663,OK,0,0.18071082,0.023921198,6.5165491e-07,2.6194395e-05,15,1.5,0.02,0.04,-0.05,40,40,40,40,40,10,0
9.19,0.1457323,0.0058525996,-0.00021299527,-0.0018696477,-0.1457323,-0.0058525996,0.00021299527,0.0018696477,-0.0028506506,-0.0028506506,OK,0,0.18081701,0.023921369,6.5188175e-07,2.6211873e-05,15,1.5,0.02,0.04,-0.05,40,40,40,40,40,10,0
9.195,0.14572091,-0.0077177177,-0.00021038232,0.0020991167,-0.14572091,0.0077177177,0.00021038232,-0.0020991167,0.0025986495,0.0025986495,OK,0,0.18092318,0.023921667,6.5210305e-07,2.6233904e-05,15,1.5,0.02,0.04,-0.05,40,40,40,40,40,10,0
9.2,0.14573246,0.0057437369,-0.00021434396,-0.0018887775,-0.14573246,-0.0057437369,0.00021434396,0.0018887775,-0.0029039271,-0.0029039271,OK,0,0.18102937,0.023921832,6.5233277e-07,2.6251742e-05,15,1.5,0.02,0.04,-0.05,40,40,40,40,40,10,0
9.205,0.14572021,-0.0079022171,-0.00021181514,0.002110248,-0.14572021,0.0079022171,0.00021181514,-0.002110248,0.0025864604,0.0025864604,OK,0,0.18113554,0.023922144,6.525571e-07,2.6274007e-05,15,1.5,0.02,0.04,-0.05,40,40,40,40,40,10,0
9.21,0.14573097,0.0055418138,-0.00021552407,-0.0018709288,-0.14573097,-0.0055418138,0.00021552407,0.0018709288,-0.0029029623,-0.0029029623,OK,0,0.18124173,0.023922298,6.5278935e-07,2.6291509e-05,15,1.5,0.02,0.04,-0.05,40,40,40,40,40,10,0
9.215,0.14571771,-0.0081044055,-0.00021291112,0.0021276609,-0.14571771,0.0081044055,0.00021291112,-0.0021276609,0.0025880024,0.0025880024,OK,0,0.1813479,0.023922626,6.5301601e-07,2.6314144e-05,15,1.5,0.02,0.04,-0.05,40,40,40,40,40,10,0
9.22,0.14573201,0.010206812,-0.00021805287,-0.0030597436,-0.14573201,-0.010206812,0.00021805287,0.0030597436,-0.0045374957,-0.0045374957,OK,0,0.18145409,0.023923147,6.5325374e-07,2.6360954e-05,15,1.5,0.02,0.04,-0.05,40,40,40,40,40,10,0
9.225,0.14573501,-0.0058162122,-0.00021839004,0.001876736,-0.14573501,0.0058162122,0.00021839004,-0.001876736,0.0022213051,0.0022213051,OK,0,0.18156028,0.023923316,6.5349221e-07,2.6378565e-05,15,1.5,0.02,0.04,-0.05,40,40,40,40,40,10,0
9.23,0.14571607,0.0023460346,-0.00021299525,-0.00068976931,-0.14571607,-0.0023460346,0.00021299525,0.00068976931,-0.0012214199,-0.0012214199,OK,0,0.18166645,0.023923344,6.5371905e-07,2.6380944e-05,15,1.5,0.02,0.04,-0.05,40,40,40,40,40,10,0
9.235,0.14573721,0.00067718032,-0.00021822145,-7.0251359e-05,-0.14573721,-0.00067718032,0.00021822145,7.0251359e-05,-0.00043686731,-0.00043686731,OK,0,0.18177264,0.023923346,6.5395715e-07,2.6380968e-05,15,1.5,0.02,0.04,-0.05,40,40,40,40,40,10,0
9.24,0.14571508,-0.0045799603,-0.00021206818,0.0013028776,-0.14571508,0.0045799603,0.00021206818,-0.0013028776,0.0015043968,0.0015043968,OK,0,0.18187881,0.023923451,6.5418202e-07,2.6389456e-05,15,1.5,0.02,0.04,-0.05,40,40,40,40,40,10,0
9.245,0.14573743,0.0072657281,-0.00021805286,-0.0020554849,-0.14573743,-0.0072657281,0.00021805286,0.0020554849,-0.0031486424,-0.0031486424,OK,0,0.181985,0.023923715,6.5441975e-07,2.6410581e-05,15,1.5,0.02,0.04,-0.05,40,40,40,40,40,10,0
9.25,0.14573186,-0.0067197386,-0.00021586122,0.0020810951,-0.14573186,0.0067197386,0.00021586122,-0.0020810951,0.0025295719,0.0025295719,OK,0,0.18209119,0.023923941,6.5465273e-07,2.6432236e-05,15,1.5,0.02,0.04,-0.05,40,40,40,40,40,10,0
9.255,0.14572888,0.0066948465,-0.00021493416,-0.0018676162,-0.14572888,-0.0066948465,0.00021493416,0.0018676162,-0.0028430652,-0.0028430652,OK,0,0.18219738,0.023924165,6.5488371e-07,2.6449676e-05,15,1.5,0.02,0.04,-0.05,40,40,40,40,40,10,0
9.26,0.1457214,-0.0069166075,-0.00021240535,0.0020962612,-0.1457214,0.0069166075,0.00021240535,-0.0020962612,0.0025960751,0.0025960751,OK,0,0.18230355,0.023924404,6.5510929e-07,2.6471647e-05,15,1.5,0.02,0.04,-0.05,40,40,40,40,40,10,0
9.265,0.14573713,0.0065429066,-0.0002161984,-0.0018910562,-0.14573713,-0.0065429066,0.0002161984,0.0018910562,-0.0029031015,-0.0029031015,OK,0,0.18240975,0.023924618,6.55343e-07,2.6489528e-05,15,1.5,0.02,0.04,-0.05,40,40,40,40,40,10,0
9.27,0.14572867,-0.007094425,-0.00021392263,0.002105166,-0.14572867,0.007094425,0.00021392263,-0.002105166,0.0025797058,0.0025797058,OK,0,0.18251593,0.02392487,6.5557182e-07,2.6511686e-05,15,1.5,0.02,0.04,-0.05,40,40,40,40,40,10,0
9.275,0.14572409,0.0063918082,-0.00021291111,-0.001871918,-0.14572409,-0.0063918082,0.00021291111,0.001871918,-0.0028313896,-0.0028313896,OK,0,0.18262211,0.023925074,6.5579847e-07,2.6529207e-05,15,1.5,0.02,0.04,-0.05,40,40,40,40,40,10,0
9.28,0.14573936,-0.0023830597,-0.00021636698,0.00087831193,-0.14573936,0.0023830597,0.00021636698,-0.00087831193,0.00089142794,0.00089142794,OK,0,0.18272831,0.023925103,6.5603255e-07,2.6533064e-05,15,1.5,0.02,0.04,-0.05,40,40,40,40,40,10,0
9.285,0.14571742,-0.00092947422,-0.00021004513,0.00028212549,-0.14571742,0.00092947422,0.00021004513,-0.00028212549,0.00014968069,0.00014968069,OK,0,0.18283448,0.023925107,6.5625314e-07,2.6533462e-05,15,1.5,0.02,0.04,-0.05,40,40,40,40,40,10,0
9.29,0.14574247,0.0041690832,-0.00021645144,-0.0010912048,-0.14574247,-0.0041690832,0.00021645144,0.0010912048,-0.001801966,-0.001801966,OK,0,0.18294068,0.023925194,6.564874e-07,2.6539416e-05,15,1.5,0.02,0.04,-0.05,40,40,40,40,40,10,0
9.295,0.14572714,-0.0078936001,-0.00021181512,0.0022708847,-0.14572714,0.0078936001,0.00021181512,-0.0022708847,0.002827899,0.002827899,OK,0,0.18304686,0.023925505,6.5671173e-07,2.65652e-05,15,1.5,0.02,0.04,-0.05,40,40,40,40,40,10,0
9.3,0.14571964,0.0059438889,-0.0002103823,-0.0018478538,-0.14571964,-0.0059438889,0.0002103823,0.0018478538,-0.0027753668,-0.0027753668,OK,0,0.18315303,0.023925682,6.5693303e-07,2.6582273e-05,15,1.5,0.02,0.04,-0.05,40,40,40,40,40,10,0
9.305,0.14573278,-0.0027566445,-0.00021392262,0.00087210389,-0.14573278,0.0027566445,0.00021392262,-0.00087210389,0.00090370624,0.00090370624,OK,0,0.18325922,0.02392572,6.5716184e-07,2.6586076e-05,15,1.5,0.02,0.04,-0.05,40,40,40,40,40,10,0
9.31,0.14572337,0.0035246589,-0.00021139382,-0.00093518345,-0.14572337,-0.0035246589,0.00021139382,0.00093518345,-0.0015182287,-0.0015182287,OK,0,0.1833654,0.023925782,6.5738528e-07,2.6590449e-05,15,1.5,0.02,0.04,-0.05,40,40,40,40,40,10,0
9.315,0.14572995,-0.0033793186,-0.00021240534,0.001060716,-0.14572995,0.0033793186,0.00021240534,-0.001060716,0.0011844201,0.0011844201,OK,0,0.18347159,0.023925839,6.5761086e-07,2.6596074e-05,15,1.5,0.02,0.04,-0.05,40,40,40,40,40,10,0
9.32,0.14573303,0.0032538755,-0.00021307969,-0.00090903381,-0.14573303,-0.0032538755,0.00021307969,0.00090903381,-0.0015149304,-0.0015149304,OK,0,0.18357778,0.023925892,6.5783788e-07,2.6600206e-05,15,1.5,0.02,0.04,-0.05,40,40,40,40,40,10,0
9.325,0.1457192,-0.003545188,-0.00020920218,0.0010861961,-0.1457192,0.003545188,0.00020920218,-0.0010861961,0.0012638379,0.0012638379,OK,0,0.18368395,0.023925955,6.580567e-07,2.6606105e-05,15,1.5,0.02,0.04,-0.05,40,40,40,40,40,10,0
9.33,0.14573614,0.0031475552,-0.0002133324,-0.00092875457,-0.14573614,-0.0031475552,0.0002133324,0.00092875457,-0.0015524928,-0.0015524928,OK,0,0.18379014,0.023926004,6.5828426e-07,2.6610418e-05,15,1.5,0.02,0.04,-0.05,40,40,40,40,40,10,0
9.335,0.14572158,-0.0037015402,-0.00020953935,0.001087234,-0.14572158,0.0037015402,0.00020953935,-0.001087234,0.0012541307,0.0012541307,OK,0,0.18389632,0.023926073,6.5850379e-07,2.6616328e-05,15,1.5,0.02,0.04,-0.05,40,40,40,40,40,10,0
9.34,0.14573761,0.0029796917,-0.00021375403,-0.00092281127,-0.14573761,-0.0029796917,0.00021375403,0.00092281127,-0.0015565875,-0.0015565875,OK,0,0.18400251,0.023926117,6.5873224e-07,2.6620586e-05,15,1.5,0.02,0.04,-0.05,40,40,40,40,40,10,0
9.345,0.14572216,-0.0038737529,-0.00020996065,0.0010950702,-0.14572216,0.0038737529,0.00020996065,-0.0010950702,0.0012526887,0.0012526887,OK,0,0.18410869,0.023926192,6.5895266e-07,2.6626582e-05,15,1.5,0.02,0.04,-0.05,40,40,40,40,40,10,0
9.35,0.14573737,0.0028060625,-0.0002140912,-0.00091438868,-0.14573737,-0.0028060625,0.0002140912,0.00091438868,-0.0015559612,-0.0015559612,OK,0,0.18421489,0.023926232,6.5918184e-07,2.6630763e-05,15,1.5,0.02,0.04,-0.05,40,40,40,40,40,10,0
9.355,0.14572118,-0.0040466961,-0.00021012923,0.001103114,-0.14572118,0.0040466961,0.00021012923,-0.001103114,0.0012552882,0.0012552882,OK,0,0.18432106,0.023926314,6.5940261e-07,2.6636847e-05,15,1.5,0.02,0.04,-0.05,40,40,40,40,40,10,0
9.36,0.14573549,0.0026357277,-0.00021425979,-0.00090763042,-0.14573549,-0.0026357277,0.00021425979,0.00090763042,-0.0015552035,-0.0015552035,OK,0,0.18442725,0.023926348,6.5963214e-07,2.6640966e-05,15,1.5,0.02,0.04,-0.05,40,40,40,40,40,10,0
9.365,0.14571834,-0.0042178618,-0.00021038228,0.0011098631,-0.14571834,0.0042178618,0.00021038228,-0.0011098631,0.0012547127,0.0012547127,OK,0,0.18453342,0.023926437,6.5985345e-07,2.6647125e-05,15,1.5,0.02,0.04,-0.05,40,40,40,40,40,10,0
9.37,0.14574139,0.007275739,-0.00021695718,-0.0021054317,-0.14574139,-0.007275739,0.00021695718,0.0021054317,-0.0032066478,-0.0032066478,OK,0,0.18463962,0.023926702,6.600888e-07,2.6669289e-05,15,1.5,0.02,0.04,-0.05,40,40,40,40,40,10,0
9.375,0.14573562,-0.0067880699,-0.00021493413,0.0020636996,-0.14573562,0.0067880699,0.00021493413,-0.0020636996,0.002514727,0.002514727,OK,0,0.18474582,0.023926932,6.6031978e-07,2.6690583e-05,15,1.5,0.02,0.04,-0.05,40,40,40,40,40,10,0
9.38,0.14573242,0.0066135981,-0.00021392261,-0.0018782998,-0.14573242,-0.0066135981,0.00021392261,0.0018782998,-0.0028470965,-0.0028470965,OK,0,0.18485201,0.023927151,6.605486e-07,2.6708223e-05,15,1.5,0.02,0.04,-0.05,40,40,40,40,40,10,0
9.385,0.1457244,-0.0069997269,-0.00021156238,0.0020871468,-0.1457244,0.0069997269,0.00021156238,-0.0020871468,0.0025917833,0.0025917833,OK,0,0.18495819,0.023927396,6.6077239e-07,2.6730004e-05,15,1.5,0.02,0.04,-0.05,40,40,40,40,40,10,0
9.39,0.14573974,0.0064573587,-0.00021535543,-0.0018984153,-0.14573974,-0.0064573587,0.00021535543,0.0018984153,-0.002904865,-0.002904865,OK,0,0.18506439,0.023927605,6.6100428e-07,2.6748024e-05,15,1.5,0.02,0.04,-0.05,40,40,40,40,40,10,0
9.395,0.1457309,-0.007179575,-0.00021307966,0.0020982914,-0.1457309,0.007179575,0.00021307966,-0.0020982914,0.0025786771,0.0025786771,OK,0,0.18517057,0.023927862,6.612313e-07,2.6770038e-05,15,1.5,0.02,0.04,-0.05,40,40,40,40,40,10,0
9.4,0.1457261,0.0063079029,-0.00021189956,-0.0018786879,-0.1457261,-0.0063079029,0.00021189956,0.0018786879,-0.0028296871,-0.0028296871,OK,0,0.18527676,0.023928061,6.614558e-07,2.6787686e-05,15,1.5,0.02,0.04,-0.05,40,40,40,40,40,10,0
9.405,0.14574091,-0.0024622453,-0.00021543988,0.00087017217,-0.14574091,0.0024622453,0.00021543988,-0.00087017217,0.00088998849,0.00088998849,OK,0,0.18538296,0.023928092,6.6168787e-07,2.6791472e-05,15,1.5,0.02,0.04,-0.05,40,40,40,40,40,10,0
9.41,0.14571845,-0.0010087669,-0.00020928628,0.00027450077,-0.14571845,0.0010087669,0.00020928628,-0.00027450077,0.00014647521,0.00014647521,OK,0,0.18548913,0.023928097,6.6190688e-07,2.6791848e-05,15,1.5,0.02,0.04,-0.05,40,40,40,40,40,10,0
9.415,0.14574306,0.0040906821,-0.00021577705,-0.0010981881,-0.14574306,-0.0040906821,0.00021577705,0.0010981881,-0.0018054494,-0.0018054494,OK,0,0.18559533,0.02392818,6.6213968e-07,2.6797879e-05,15,1.5,0.02,0.04,-0.05,40,40,40,40,40,10,0
9.42,0.14572744,-0.0079761484,-0.00021105661,0.0022658569,-0.14572744,0.0079761484,0.00021105661,-0.0022658569,0.0028284391,0.0028284391,OK,0,0.18570151,0.023928498,6.623624e-07,2.6823549e-05,15,1.5,0.02,0.04,-0.05,40,40,40,40,40,10,0
9.425,0.14573861,0.005821235,-0.00021468107,-0.001856468,-0.14573861,-0.005821235,0.00021468107,0.001856468,-0.0028572963,-0.0028572963,OK,0,0.18580771,0.023928668,6.6259284e-07,2.6840781e-05,15,1.5,0.02,0.04,-0.05,40,40,40,40,40,10,0
9.43,0.14572716,-0.0077502328,-0.00021189954,0.002113672,-0.14572716,0.0077502328,0.00021189954,-0.002113672,0.0025965488,0.0025965488,OK,0,0.18591389,0.023928968,6.6281735e-07,2.686312e-05,15,1.5,0.02,0.04,-0.05,40,40,40,40,40,10,0
9.435,0.14573858,0.0057166359,-0.00021577705,-0.0018754636,-0.14573858,-0.0057166359,0.00021577705,0.0018754636,-0.0029064141,-0.0029064141,OK,0,0.18602009,0.023929132,6.6305015e-07,2.6880706e-05,15,1.5,0.02,0.04,-0.05,40,40,40,40,40,10,0
9.44,0.14572632,-0.0079248863,-0.00021307965,0.0021226647,-0.14572632,0.0079248863,0.00021307965,-0.0021226647,0.0025853333,0.0025853333,OK,0,0.18612627,0.023929446,6.6327716e-07,2.6903235e-05,15,1.5,0.02,0.04,-0.05,40,40,40,40,40,10,0
9.445,0.14573675,0.0055256636,-0.00021695715,-0.0018602121,-0.14573675,-0.0055256636,0.00021695715,0.0018602121,-0.0029089139,-0.0029089139,OK,0,0.18623247,0.023929598,6.6351251e-07,2.6920537e-05,15,1.5,0.02,0.04,-0.05,40,40,40,40,40,10,0
9.45,0.14572344,-0.0081213151,-0.00021425975,0.0021395644,-0.14572344,0.0081213151,0.00021425975,-0.0021395644,0.0025850664,0.0025850664,OK,0,0.18633865,0.023929928,6.6374205e-07,2.6943425e-05,15,1.5,0.02,0.04,-0.05,40,40,40,40,40,10,0
9.455,0.14573786,0.010193494,-0.00021914878,-0.0030483858,-0.14573786,-0.010193494,0.00021914878,0.0030483858,-0.0045373134,-0.0045373134,OK,0,0.18644484,0.023930448,6.6398218e-07,2.6989889e-05,15,1.5,0.02,0.04,-0.05,40,40,40,40,40,10,0
9.46,0.14574077,-0.0058215754,-0.00021948595,0.001885788,-0.14574077,0.0058215754,0.00021948595,-0.001885788,0.002218345,0.002218345,OK,0,0.18655105,0.023930617,6.6422305e-07,2.700767e-05,15,1.5,0.02,0.04,-0.05,40,40,40,40,40,10,0
9.465,0.1457216,0.0023440994,-0.00021425975,-0.00068119284,-0.1457216,-0.0023440994,0.00021425975,0.00068119284,-0.0012274895,-0.0012274895,OK,0,0.18665722,0.023930644,6.6445259e-07,2.700999e-05,15,1.5,0.02,0.04,-0.05,40,40,40,40,40,10,0
9.47,0.14574268,0.00067419353,-0.00021948595,-6.0339136e-05,-0.14574268,-0.00067419353,0.00021948595,6.0339136e-05,-0.00044097659,-0.00044097659,OK,0,0.18676342,0.023930647,6.6469346e-07,2.7010008e-05,15,1.5,0.02,0.04,-0.05,40,40,40,40,40,10,0
9.475,0.14572074,-0.0045812083,-0.00021307964,0.001313012,-0.14572074,0.0045812083,0.00021307964,-0.001313012,0.00150449,0.00150449,OK,0,0.1868696,0.023930752,6.6492047e-07,2.7018628e-05,15,1.5,0.02,0.04,-0.05,40,40,40,40,40,10,0
9.48,0.14574298,0.0072721658,-0.00021914878,-0.0020475246,-0.14574298,-0.0072721658,0.00021914878,0.0020475246,-0.0031527722,-0.0031527722,OK,0,0.1869758,0.023931016,6.651606e-07,2.703959e-05,15,1.5,0.02,0.04,-0.05,40,40,40,40,40,10,0
9.485,0.14573741,-0.0067117542,-0.00021695714,0.0020893492,-0.14573741,0.0067117542,0.00021695714,-0.0020893492,0.0025259447,0.0025259447,OK,0,0.187082,0.023931241,6.6539596e-07,2.7061417e-05,15,1.5,0.02,0.04,-0.05,40,40,40,40,40,10,0
9.49,0.14573454,0.0067092332,-0.00021594562,-0.0018603829,-0.14573454,-0.0067092332,0.00021594562,0.0018603829,-0.0028466984,-0.0028466984,OK,0,0.18718819,0.023931466,6.6562912e-07,2.7078722e-05,15,1.5,0.02,0.04,-0.05,40,40,40,40,40,10,0
9.495,0.14572727,-0.0068997394,-0.00021324822,0.0021034653,-0.14572727,0.0068997394,0.00021324822,-0.0021034653,0.0025950304,0.0025950304,OK,0,0.18729437,0.023931704,6.6585649e-07,2.7100845e-05,15,1.5,0.02,0.04,-0.05,40,40,40,40,40,10,0
9.5,0.14574298,0.0065661335,-0.00021712573,-0.0018854081,-0.14574298,-0.0065661335,0.00021712573,0.0018854081,-0.002907493,-0.002907493,OK,0,0.18740058,0.02393192,6.6609221e-07,2.7118619e-05,15,1.5,0.02,0.04,-0.05,40,40,40,40,40,10,0
9.505,0.14573487,-0.0070697329,-0.00021459691,0.0021112195,-0.14573487,0.0070697329,0.00021459691,-0.0021112195,0.0025797836,0.0025797836,OK,0,0.18750677,0.02393217,6.6632247e-07,2.7140905e-05,15,1.5,0.02,0.04,-0.05,40,40,40,40,40,10,0
9.51,0.14573042,0.0064245634,-0.00021358539,-0.001868079,-0.14573042,-0.0064245634,0.00021358539,0.001868079,-0.0028343086,-0.0028343086,OK,0,0.18761296,0.023932376,6.6655056e-07,2.7158353e-05,15,1.5,0.02,0.04,-0.05,40,40,40,40,40,10,0
9.515,0.14574575,-0.0023463762,-0.00021712572,0.00088163047,-0.14574575,0.0023463762,0.00021712572,-0.00088163047,0.00088661995,0.00088661995,OK,0,0.18771917,0.023932404,6.6678628e-07,2.716224e-05,15,1.5,0.02,0.04,-0.05,40,40,40,40,40,10,0
9.52,0.1457239,-0.00089138771,-0.000210888,0.00028597261,-0.1457239,0.00089138771,0.000210888,-0.00028597261,0.00014446149,0.00014446149,OK,0,0.18782535,0.023932408,6.6700865e-07,2.7162649e-05,15,1.5,0.02,0.04,-0.05,40,40,40,40,40,10,0
9.525,0.14574931,0.0042120932,-0.00021712572,-0.0010876163,-0.14574931,-0.0042120932,0.00021712572,0.0010876163,-0.0018048403,-0.0018048403,OK,0,0.18793156,0.023932497,6.6724437e-07,2.7168563e-05,15,1.5,0.02,0.04,-0.05,40,40,40,40,40,10,0
9.53,0.14573411,-0.0078460625,-0.00021257386,0.002273806,-0.14573411,0.0078460625,0.00021257386,-0.002273806,0.0028229407,0.0028229407,OK,0,0.18803775,0.023932804,6.6747031e-07,2.7194414e-05,15,1.5,0.02,0.04,-0.05,40,40,40,40,40,10,0
9.535,0.14572692,0.0059932247,-0.00021105658,-0.0018444576,-0.14572692,-0.0059932247,0.00021105658,0.0018444576,-0.0027782677,-0.0027782677,OK,0,0.18814393,0.023932984,6.6769303e-07,2.7211424e-05,15,1.5,0.02,0.04,-0.05,40,40,40,40,40,10,0
9.54,0.1457403,-0.0027023321,-0.00021459691,0.00087473382,-0.1457403,0.0027023321,0.00021459691,-0.00087473382,0.00089985993,0.00089985993,OK,0,0.18825014,0.02393302,6.6792329e-07,2.721525e-05,15,1.5,0.02,0.04,-0.05,40,40,40,40,40,10,0
9.545,0.14573134,0.0035828479,-0.00021189951,-0.00093283471,-0.14573134,-0.0035828479,0.00021189951,0.00093283471,-0.0015198041,-0.0015198041,OK,0,0.18835632,0.023933085,6.681478e-07,2.7219601e-05,15,1.5,0.02,0.04,-0.05,40,40,40,40,40,10,0
9.55,0.14573813,-0.0033137188,-0.00021299516,0.0010614054,-0.14573813,0.0033137188,0.00021299516,-0.0010614054,0.0011793947,0.0011793947,OK,0,0.18846252,0.02393314,6.6837463e-07,2.7225234e-05,15,1.5,0.02,0.04,-0.05,40,40,40,40,40,10,0
9.555,0.14574146,0.0033221596,-0.00021375397,-0.00090806669,-0.14574146,-0.0033221596,0.00021375397,0.00090806669,-0.0015206939,-0.0015206939,OK,0,0.18856872,0.023933195,6.6860308e-07,2.7229357e-05,15,1.5,0.02,0.04,-0.05,40,40,40,40,40,10,0
9.56,0.14572806,-0.0034748556,-0.000209792,0.0010877627,-0.14572806,0.0034748556,0.000209792,-0.0010877627,0.001260331,0.001260331,OK,0,0.18867491,0.023933255,6.6882315e-07,2.7235273e-05,15,1.5,0.02,0.04,-0.05,40,40,40,40,40,10,0
9.565,0.14574528,0.0032235233,-0.00021400668,-0.00092797593,-0.14574528,-0.0032235233,0.00021400668,0.00092797593,-0.0015582175,-0.0015582175,OK,0,0.18878112,0.023933307,6.6905214e-07,2.7239579e-05,15,1.5,0.02,0.04,-0.05,40,40,40,40,40,10,0
9.57,0.14572882,-0.0060626677,-0.00020945482,0.0016916004,-0.14572882,0.0060626677,0.00020945482,-0.0016916004,0.0020676479,0.0020676479,OK,0,0.1888873,0.023933491,6.692715e-07,2.7253886e-05,15,1.5,0.02,0.04,-0.05,40,40,40,40,40,10,0
9.575,0.14574633,0.0066302608,-0.00021451244,-0.001993285,-0.14574633,-0.0066302608,0.00021451244,0.001993285,-0.003027477,-0.003027477,OK,0,0.18899351,0.023933711,6.6950158e-07,2.7273752e-05,15,1.5,0.02,0.04,-0.05,40,40,40,40,40,10,0
9.58,0.14573803,-0.007173751,-0.0002123208,0.002072234,-0.14573803,0.007173751,0.0002123208,-0.002072234,0.0025513495,0.0025513495,OK,0,0.18909971,0.023933968,6.6972698e-07,2.7295223e-05,15,1.5,0.02,0.04,-0.05,40,40,40,40,40,10,0
9.585,0.14573292,0.0062827796,-0.00021147787,-0.0018908828,-0.14573292,-0.0062827796,0.00021147787,0.0018908828,-0.0028425226,-0.0028425226,OK,0,0.1892059,0.023934165,6.6995059e-07,2.73131e-05,15,1.5,0.02,0.04,-0.05,40,40,40,40,40,10,0
9.59,0.14574762,-0.0024977368,-0.00021501819,0.00086350196,-0.14574762,0.0024977368,0.00021501819,-0.00086350196,0.00088502296,0.00088502296,OK,0,0.18931211,0.023934196,6.7018176e-07,2.7316828e-05,15,1.5,0.02,0.04,-0.05,40,40,40,40,40,10,0
9.595,0.14572493,-0.0010435351,-0.00020894906,0.0002688507,-0.14572493,0.0010435351,0.00020894906,-0.0002688507,0.00014179732,0.00014179732,OK,0,0.18941829,0.023934202,6.7040005e-07,2.731719e-05,15,1.5,0.02,0.04,-0.05,40,40,40,40,40,10,0
9.6,0.14574948,0.0040568903,-0.00021535537,-0.0011029515,-0.14574948,-0.0040568903,0.00021535537,0.0011029515,-0.0018074925,-0.0018074925,OK,0,0.1895245,0.023934284,6.7063194e-07,2.7323272e-05,15,1.5,0.02,0.04,-0.05,40,40,40,40,40,10,0
9.605,0.14573373,-0.0080053812,-0.00021063492,0.002260502,-0.14573373,0.0080053812,0.00021063492,-0.002260502,0.0028256884,0.0028256884,OK,0,0.1896307,0.023934605,6.7085378e-07,2.7348821e-05,15,1.5,0.02,0.04,-0.05,40,40,40,40,40,10,0
9.61,0.14574488,0.0057954446,-0.00021417525,-0.0018619867,-0.14574488,-0.0057954446,0.00021417525,0.0018619867,-0.0028588935,-0.0028588935,OK,0,0.1897369,0.023934773,6.7108313e-07,2.7366156e-05,15,1.5,0.02,0.04,-0.05,40,40,40,40,40,10,0
9.615,0.14573308,-0.0077710985,-0.00021164644,0.0021073596,-0.14573308,0.0077710985,0.00021164644,-0.0021073596,0.0025901606,0.0025901606,OK,0,0.18984309,0.023935075,6.7130711e-07,2.7388361e-05,15,1.5,0.02,0.04,-0.05,40,40,40,40,40,10,0
9.62,0.14574459,0.0056938109,-0.00021535536,-0.0018798069,-0.14574459,-0.0056938109,0.00021535536,0.0018798069,-0.0029073965,-0.0029073965,OK,0,0.1899493,0.023935237,6.71539e-07,2.740603e-05,15,1.5,0.02,0.04,-0.05,40,40,40,40,40,10,0
9.625,0.14573209,-0.007942121,-0.00021282654,0.0021172142,-0.14573209,0.007942121,0.00021282654,-0.0021172142,0.00258038,0.00258038,OK,0,0.19005549,0.023935552,6.7176547e-07,2.7428443e-05,15,1.5,0.02,0.04,-0.05,40,40,40,40,40,10,0
9.63,0.14574246,0.0055083435,-0.00021670405,-0.0018644878,-0.14574246,-0.0055083435,0.00021670405,0.0018644878,-0.0029121096,-0.0029121096,OK,0,0.1901617,0.023935704,6.7200027e-07,2.7445824e-05,15,1.5,0.02,0.04,-0.05,40,40,40,40,40,10,0
9.635,0.1457316,-0.0057147751,-0.00021451241,0.0015341686,-0.1457316,0.0057147751,0.00021451241,-0.0015341686,0.0017696077,0.0017696077,OK,0,0.19026788,0.023935867,6.7223035e-07,2.7457593e-05,15,1.5,0.02,0.04,-0.05,40,40,40,40,40,10,0
9.64,0.14574954,0.0065591483,-0.0002199072,-0.0019816015,-0.14574954,-0.0065591483,0.0002199072,0.0019816015,-0.0030936536,-0.0030936536,OK,0,0.1903741,0.023936082,6.7247215e-07,2.7477226e-05,15,1.5,0.02,0.04,-0.05,40,40,40,40,40,10,0
9.645,0.1457407,-0.0073340118,-0.00021746285,0.0021194571,-0.1457407,0.0073340118,0.00021746285,-0.0021194571,0.0025386964,0.0025386964,OK,0,0.1904803,0.023936351,6.727086e-07,2.7499687e-05,15,1.5,0.02,0.04,-0.05,40,40,40,40,40,10,0
9.65,0.14573483,0.0061090029,-0.00021628275,-0.0018387037,-0.14573483,-0.0061090029,0.00021628275,0.0018387037,-0.00284324,-0.00284324,OK,0,0.19058649,0.023936538,6.7294249e-07,2.7516591e-05,15,1.5,0.02,0.04,-0.05,40,40,40,40,40,10,0
9.655,0.14574842,-0.0026689349,-0.00021982307,0.00091405978,-0.14574842,0.0026689349,0.00021982307,-0.00091405978,0.0008819546,0.0008819546,OK,0,0.19069271,0.023936573,6.731841e-07,2.7520768e-05,15,1.5,0.02,0.04,-0.05,40,40,40,40,40,10,0
9.66,0.14573238,0.0011852305,-0.00021501817,-0.00028201536,-0.14573238,-0.0011852305,0.00021501817,0.00028201536,-0.0006862388,-0.0006862388,OK,0,0.1907989,0.02393658,6.7341526e-07,2.7521166e-05,15,1.5,0.02,0.04,-0.05,40,40,40,40,40,10,0
9.665,0.14575006,0.00029909246,-0.00021914872,2.4445339e-05,-0.14575006,-0.00029909246,0.00021914872,-2.4445339e-05,-0.00032359788,-0.00032359788,OK,0,0.19090511,0.023936581,6.736554e-07,2.7521169e-05,15,1.5,0.02,0.04,-0.05,40,40,40,40,40,10,0
9.67,0.14572639,-0.004780806,-0.00021291099,0.0013282714,-0.14572639,0.004780806,0.00021291099,-0.0013282714,0.0015220377,0.0015220377,OK,0,0.19101129,0.023936695,6.7388205e-07,2.7529991e-05,15,1.5,0.02,0.04,-0.05,40,40,40,40,40,10,0
9.675,0.14574802,0.0071044508,-0.00021864296,-0.0020439883,-0.14574802,-0.0071044508,0.00021864296,0.0020439883,-0.0031464883,-0.0031464883,OK,0,0.1911175,0.023936947,6.7412107e-07,2.755088e-05,15,1.5,0.02,0.04,-0.05,40,40,40,40,40,10,0
9.68,0.14574165,-0.0068648074,-0.00021645132,0.0020879432,-0.14574165,0.0068648074,0.00021645132,-0.0020879432,0.0025253856,0.0025253856,OK,0,0.19122371,0.023937183,6.7435533e-07,2.7572678e-05,15,1.5,0.02,0.04,-0.05,40,40,40,40,40,10,0
9.685,0.14573804,0.0065605986,-0.0002154398,-0.0018626715,-0.14573804,-0.0065605986,0.0002154398,0.0018626715,-0.0028484195,-0.0028484195,OK,0,0.19132991,0.023937398,6.745874e-07,2.7590025e-05,15,1.5,0.02,0.04,-0.05,40,40,40,40,40,10,0
9.69,0.14575405,-0.0022249418,-0.00021889567,0.00089332634,-0.14575405,0.0022249418,0.00021889567,-0.00089332634,0.00088263776,0.00088263776,OK,0,0.19143613,0.023937423,6.7482698e-07,2.7594016e-05,15,1.5,0.02,0.04,-0.05,40,40,40,40,40,10,0
9.695,0.14573275,-0.00076958248,-0.00021265794,0.00029800783,-0.14573275,0.00076958248,0.00021265794,-0.00029800783,0.00014101424,0.00014101424,OK,0,0.19154232,0.023937426,6.750531e-07,2.759446e-05,15,1.5,0.02,0.04,-0.05,40,40,40,40,40,10,0
9.7,0.14574432,-0.00047702068,-0.00021518675,0.00012953755,-0.14574432,0.00047702068,0.00021518675,-0.00012953755,-0.0001376893,-0.0001376893,OK,0,0.19164852,0.023937427,6.7528462e-07,2.7594543e-05,15,1.5,0.02,0.04,-0.05,40,40,40,40,40,10,0
9.705,0.14574189,0.0043341012,-0.00021459686,-0.0010830468,-0.14574189,-0.0043341012,0.00021459686,0.0010830468,-0.0017553213,-0.0017553213,OK,0,0.19175473,0.023937521,6.7551488e-07,2.7600408e-05,15,1.5,0.02,0.04,-0.05,40,40,40,40,40,10,0
9.71,0.14573219,-0.0028437257,-0.00021122511,0.0010460581,-0.14573219,0.0028437257,0.00021122511,-0.0010460581,0.0012016052,0.0012016052,OK,0,0.19186092,0.023937561,6.7573796e-07,2.760588e-05,15,1.5,0.02,0.04,-0.05,40,40,40,40,40,10,0
9.715,0.14575245,0.0037771194,-0.00021543979,-0.00093778904,-0.14575245,-0.0037771194,0.00021543979,0.00093778904,-0.0015721468,-0.0015721468,OK,0,0.19196714,0.023937633,6.7597003e-07,2.7610277e-05,15,1.5,0.02,0.04,-0.05,40,40,40,40,40,10,0
9.72,0.14573598,-0.0079462256,-0.00021063489,0.0022893658,-0.14573598,0.0079462256,0.00021063489,-0.0022893658,0.0028713959,0.0028713959,OK,0,0.19207333,0.023937949,6.7619187e-07,2.7636483e-05,15,1.5,0.02,0.04,-0.05,40,40,40,40,40,10,0
9.725,0.14574774,0.0059230506,-0.00021400663,-0.0018602015,-0.14574774,-0.0059230506,0.00021400663,0.0018602015,-0.0028485249,-0.0028485249,OK,0,0.19217954,0.023938124,6.7642086e-07,2.7653785e-05,15,1.5,0.02,0.04,-0.05,40,40,40,40,40,10,0
9.73,0.14573682,-0.0076248518,-0.00021130923,0.0021022684,-0.14573682,0.0076248518,0.00021130923,-0.0021022684,0.0025935064,0.0025935064,OK,0,0.19228574,0.023938415,6.7664412e-07,2.7675882e-05,15,1.5,0.02,0.04,-0.05,40,40,40,40,40,10,0
9.735,0.14574886,0.0058491902,-0.0002152712,-0.0018878652,-0.14574886,-0.0058491902,0.0002152712,0.0018878652,-0.0029119209,-0.0029119209,OK,0,0.19239195,0.023938586,6.7687583e-07,2.7693702e-05,15,1.5,0.02,0.04,-0.05,40,40,40,40,40,10,0
9.74,0.145737,-0.0077877516,-0.00021291097,0.0021104396,-0.145737,0.0077877516,0.00021291097,-0.0021104396,0.0025752249,0.0025752249,OK,0,0.19249815,0.023938889,6.7710248e-07,2.7715972e-05,15,1.5,0.02,0.04,-0.05,40,40,40,40,40,10,0
9.745,0.14574842,0.0056611344,-0.00021653543,-0.0018697086,-0.14574842,-0.0056611344,0.00021653543,0.0018697086,-0.0029111806,-0.0029111806,OK,0,0.19260436,0.023939049,6.7733692e-07,2.7733451e-05,15,1.5,0.02,0.04,-0.05,40,40,40,40,40,10,0
9.75,0.14573587,-0.0079751559,-0.00021383803,0.0021279824,-0.14573587,0.0079751559,0.00021383803,-0.0021279824,0.0025801143,0.0025801143,OK,0,0.19271056,0.023939367,6.7756556e-07,2.7756093e-05,15,1.5,0.02,0.04,-0.05,40,40,40,40,40,10,0
9.755,0.14574613,0.005479908,-0.00021763141,-0.0018550466,-0.14574613,-0.005479908,0.00021763141,0.0018550466,-0.0029129222,-0.0029129222,OK,0,0.19281677,0.023939517,6.7780237e-07,2.7773299e-05,15,1.5,0.02,0.04,-0.05,40,40,40,40,40,10,0
9.76,0.1457373,-0.0032948161,-0.00021628271,0.00093854944,-0.1457373,0.0032948161,0.00021628271,-0.00093854944,0.00094653689,0.00094653689,OK,0,0.19292296,0.023939572,6.7803626e-07,2.7777703e-05,15,1.5,0.02,0.04,-0.05,40,40,40,40,40,10,0
9.765,0.14574698,0.00056359387,-0.00021881152,-0.00029895905,-0.14574698,-0.00056359387,0.00021881152,0.00029895905,-0.00079312798,-0.00079312798,OK,0,0.19302917,0.023939573,6.7827566e-07,2.777815e-05,15,1.5,0.02,0.04,-0.05,40,40,40,40,40,10,0
9.77,0.14573264,-0.00037302399,-0.00021543977,6.9872926e-05,-0.14573264,0.00037302399,0.00021543977,-6.9872926e-05,-0.00022705538,-0.00022705538,OK,0,0.19313536,0.023939574,6.7850773e-07,2.7778174e-05,15,1.5,0.02,0.04,-0.05,40,40,40,40,40,10,0
9.775,0.14575904,0.0042128125,-0.00022218326,-0.0010940933,-0.14575904,-0.0042128125,0.00022218326,0.0010940933,-0.0018901957,-0.0018901957,OK,0,0.19324159,0.023939663,6.7875456e-07,2.778416e-05,15,1.5,0.02,0.04,-0.05,40,40,40,40,40,10,0
9.78,0.14574358,-0.0079542359,-0.00021746281,0.0023120264,-0.14574358,0.0079542359,0.00021746281,-0.0023120264,0.0028027995,0.0028027995,OK,0,0.1933478,0.023939979,6.7899101e-07,2.7810887e-05,15,1.5,0.02,0.04,-0.05,40,40,40,40,40,10,0
9.785,0.14573567,0.0058687465,-0.00021586107,-0.0017989349,-0.14573567,-0.0058687465,0.00021586107,0.0017989349,-0.0027868552,-0.0027868552,OK,0,0.19345399,0.023940151,6.7922399e-07,2.7827068e-05,15,1.5,0.02,0.04,-0.05,40,40,40,40,40,10,0
9.79,0.14574845,-0.0028273336,-0.00021914868,0.00092113438,-0.14574845,0.0028273336,0.00021914868,-0.00092113438,0.00089634704,0.00089634704,OK,0,0.19356021,0.023940191,6.7946412e-07,2.783131e-05,15,1.5,0.02,0.04,-0.05,40,40,40,40,40,10,0
9.795,0.14573882,0.0034639143,-0.0002162827,-0.00088825966,-0.14573882,-0.0034639143,0.0002162827,0.00088825966,-0.001523297,-0.001523297,OK,0,0.1936664,0.023940251,6.7969801e-07,2.7835255e-05,15,1.5,0.02,0.04,-0.05,40,40,40,40,40,10,0
9.8,0.14574516,-0.0034272467,-0.00021704117,0.0011043693,-0.14574516,0.0034272467,0.00021704117,-0.0011043693,0.0011787497,0.0011787497,OK,0,0.19377261,0.02394031,6.7993354e-07,2.7841353e-05,15,1.5,0.02,0.04,-0.05,40,40,40,40,40,10,0
9.805,0.14574791,0.0032177201,-0.0002176314,-0.00086820519,-0.14574791,-0.0032177201,0.0002176314,0.00086820519,-0.0015231117,-0.0015231117,OK,0,0.19387883,0.023940362,6.8017036e-07,2.7845122e-05,15,1.5,0.02,0.04,-0.05,40,40,40,40,40,10,0
9.81,0.14573389,-0.0035735183,-0.0002135853,0.0011257852,-0.14573389,0.0035735183,0.0002135853,-0.0011257852,0.0012566354,0.0012566354,OK,0,0.19398502,0.023940425,6.8039845e-07,2.7851459e-05,15,1.5,0.02,0.04,-0.05,40,40,40,40,40,10,0
9.815,0.14575061,0.0031282213,-0.00021763139,-0.00089086565,-0.14575061,-0.0031282213,0.00021763139,0.00089086565,-0.0015606283,-0.0015606283,OK,0,0.19409123,0.023940474,6.8063527e-07,2.7855427e-05,15,1.5,0.02,0.04,-0.05,40,40,40,40,40,10,0
9.82,0.14573605,-0.0037133574,-0.0002135853,0.0011240442,-0.14573605,0.0037133574,0.0002135853,-0.0011240442,0.0012484734,0.0012484734,OK,0,0.19419743,0.023940543,6.8086336e-07,2.7861745e-05,15,1.5,0.02,0.04,-0.05,40,40,40,40,40,10,0
9.825,0.14575204,0.0029787899,-0.00021763139,-0.00088842983,-0.14575204,-0.0029787899,0.00021763139,0.00088842983,-0.0015629233,-0.0015629233,OK,0,0.19430365,0.023940588,6.8110018e-07,2.7865691e-05,15,1.5,0.02,0.04,-0.05,40,40,40,40,40,10,0
9.83,0.1457367,-0.0038647626,-0.0002135853,0.00112747,-0.1457367,0.0038647626,0.0002135853,-0.00112747,0.0012475692,0.0012475692,OK,0,0.19440984,0.023940662,6.8132827e-07,2.7872047e-05,15,1.5,0.02,0.04,-0.05,40,40,40,40,40,10,0
9.835,0.145752,0.0028266519,-0.00021754726,-0.00088462628,-0.145752,-0.0028266519,0.00021754726,0.00088462628,-0.0015620423,-0.0015620423,OK,0,0.19451606,0.023940702,6.8156491e-07,2.787596e-05,15,1.5,0.02,0.04,-0.05,40,40,40,40,40,10,0
9.84,0.14573581,-0.0040158266,-0.00021358529,0.0011308161,-0.14573581,0.0040158266,0.00021358529,-0.0011308161,0.0012465278,0.0012465278,OK,0,0.19462226,0.023940783,6.81793e-07,2.7882354e-05,15,1.5,0.02,0.04,-0.05,40,40,40,40,40,10,0
9.845,0.1457552,0.0050846328,-0.00021872737,-0.0014842255,-0.1457552,-0.0050846328,0.00021872737,0.0014842255,-0.0023887595,-0.0023887595,OK,0,0.19472848,0.023940912,6.8203221e-07,2.7893369e-05,15,1.5,0.02,0.04,-0.05,40,40,40,40,40,10,0
9.85,0.14574202,-0.0077979069,-0.00021501811,0.0022104302,-0.14574202,0.0077979069,0.00021501811,-0.0022104302,0.0026932977,0.0026932977,OK,0,0.19483468,0.023941216,6.8226337e-07,2.7917799e-05,15,1.5,0.02,0.04,-0.05,40,40,40,40,40,10,0
9.855,0.14575363,0.0058254721,-0.00021864291,-0.0018397488,-0.14575363,-0.0058254721,0.00021864291,0.0018397488,-0.0028911754,-0.0028911754,OK,0,0.1949409,0.023941386,6.825024e-07,2.7934722e-05,15,1.5,0.02,0.04,-0.05,40,40,40,40,40,10,0
9.86,0.14574198,-0.0077752599,-0.00021586104,0.0021441771,-0.14574198,0.0077752599,0.00021586104,-0.0021441771,0.0025821791,0.0025821791,OK,0,0.19504711,0.023941688,6.8273538e-07,2.7957709e-05,15,1.5,0.02,0.04,-0.05,40,40,40,40,40,10,0
9.865,0.14575336,0.0056900324,-0.00021948584,-0.0018423357,-0.14575336,-0.0056900324,0.00021948584,0.0018423357,-0.0029131226,-0.0029131226,OK,0,0.19515333,0.02394185,6.8297625e-07,2.797468e-05,15,1.5,0.02,0.04,-0.05,40,40,40,40,40,10,0
9.87,0.14574075,-0.0079423106,-0.0002168729,0.002154088,-0.14574075,0.0079423106,0.0002168729,-0.002154088,0.0025751611,0.0025751611,OK,0,0.19525953,0.023942166,6.8321142e-07,2.7997881e-05,15,1.5,0.02,0.04,-0.05,40,40,40,40,40,10,0
9.875,0.14575146,0.0055123249,-0.00022024431,-0.0018284247,-0.14575146,-0.0055123249,0.00022024431,0.0018284247,-0.0029107795,-0.0029107795,OK,0,0.19536575,0.023942317,6.8345395e-07,2.8014597e-05,15,1.5,0.02,0.04,-0.05,40,40,40,40,40,10,0
9.88,0.14573806,-0.0081188105,-0.00021746278,0.0021669962,-0.14573806,0.0081188105,0.00021746278,-0.0021669962,0.0025785615,0.0025785615,OK,0,0.19547194,0.023942647,6.836904e-07,2.8038076e-05,15,1.5,0.02,0.04,-0.05,40,40,40,40,40,10,0
9.885,0.14575273,0.010205169,-0.00022201464,-0.0030225928,-0.14575273,-0.010205169,0.00022201464,0.0030225928,-0.0045408474,-0.0045408474,OK,0,0.19557816,0.023943168,6.8393686e-07,2.8083756e-05,15,1.5,0.02,0.04,-0.05,40,40,40,40,40,10,0
9.89,0.14575561,-0.0057964783,-0.00022235181,0.0019082591,-0.14575561,0.0057964783,0.00022235181,-0.0019082591,0.0022103647,0.0022103647,OK,0,0.19568439,0.023943336,6.8418406e-07,2.8101964e-05,15,1.5,0.02,0.04,-0.05,40,40,40,40,40,10,0
9.895,0.14573657,0.0023763359,-0.00021704115,-0.00065947225,-0.14573657,-0.0023763359,0.00021704115,0.00065947225,-0.0012350407,-0.0012350407,OK,0,0.19579058,0.023943364,6.8441959e-07,2.8104138e-05,15,1.5,0.02,0.04,-0.05,40,40,40,40,40,10,0
9.9,0.14575799,0.00071430792,-0.00022201463,-3.9621738e-05,-0.14575799,-0.00071430792,0.00022201463,3.9621738e-05,-0.00044592008,-0.00044592008,OK,0,0.19589681,0.023943367,6.8466605e-07,2.8104146e-05,15,1.5,0.02,0.04,-0.05,40,40,40,40,40,10,0
9.905,0.14573585,-0.0045293561,-0.00021594549,0.0013312142,-0.14573585,0.0045293561,0.00021594549,-0.0013312142,0.0014911816,0.0014911816,OK,0,0.196003,0.023943469,6.8489921e-07,2.8113007e-05,15,1.5,0.02,0.04,-0.05,40,40,40,40,40,10,0
9.91,0.14575876,0.007324048,-0.00022150887,-0.0020270565,-0.14575876,-0.007324048,0.00022150887,0.0020270565,-0.0031550808,-0.0031550808,OK,0,0.19610923,0.023943737,6.8514454e-07,2.8133551e-05,15,1.5,0.02,0.04,-0.05,40,40,40,40,40,10,0
9.915,0.14575323,-0.0066437607,-0.00021948582,0.0021056797,-0.14575323,0.0066437607,0.00021948582,-0.0021056797,0.0025155465,0.0025155465,OK,0,0.19621545,0.023943958,6.8538541e-07,2.8155721e-05,15,1.5,0.02,0.04,-0.05,40,40,40,40,40,10,0
9.92,0.14575097,0.0067819298,-0.00021813712,-0.0018435482,-0.14575097,-0.0067819298,0.00021813712,0.0018435482,-0.0028510825,-0.0028510825,OK,0,0.19632167,0.023944188,6.8562333e-07,2.8172714e-05,15,1.5,0.02,0.04,-0.05,40,40,40,40,40,10,0
9.925,0.14574402,-0.0068134014,-0.00021543972,0.0021172727,-0.14574402,0.0068134014,0.00021543972,-0.0021172727,0.0025866576,0.0025866576,OK,0,0.19642788,0.02394442,6.858554e-07,2.8195128e-05,15,1.5,0.02,0.04,-0.05,40,40,40,40,40,10,0
9.93,0.14575996,0.0066605267,-0.00021948582,-0.0018723432,-0.14575996,-0.0066605267,0.00021948582,0.0018723432,-0.0029191818,-0.0029191818,OK,0,0.19653411,0.023944642,6.8609627e-07,2.8212657e-05,15,1.5,0.02,0.04,-0.05,40,40,40,40,40,10,0
9.935,0.14575243,-0.0069710252,-0.00021678842,0.0021252215,-0.14575243,0.0069710252,0.00021678842,-0.0021252215,0.0025722137,0.0025722137,OK,0,0.19664032,0.023944885,6.8633125e-07,2.823524e-05,15,1.5,0.02,0.04,-0.05,40,40,40,40,40,10,0
9.94,0.14574852,0.0065336313,-0.00021569244,-0.0018555373,-0.14574852,-0.0065336313,0.00021569244,0.0018555373,-0.0028423768,-0.0028423768,OK,0,0.19674654,0.023945098,6.8656387e-07,2.8252455e-05,15,1.5,0.02,0.04,-0.05,40,40,40,40,40,10,0
9.945,0.14574524,-0.0021871238,-0.00021425961,0.00089650644,-0.14574524,0.0021871238,0.00021425961,-0.00089650644,0.00095828528,0.00095828528,OK,0,0.19685275,0.023945122,6.8679341e-07,2.8256473e-05,15,1.5,0.02,0.04,-0.05,40,40,40,40,40,10,0
9.95,0.14575314,-0.00071369442,-0.00021535526,0.00025410826,-0.14575314,0.00071369442,0.00021535526,-0.00025410826,3.7348391e-05,3.7348391e-05,OK,0,0.19695897,0.023945125,6.870253e-07,2.8256796e-05,15,1.5,0.02,0.04,-0.05,40,40,40,40,40,10,0
9.955,0.14575024,0.0043574664,-0.00021451233,-0.0010618272,-0.14575024,-0.0043574664,0.00021451233,0.0010618272,-0.0017211223,-0.0017211223,OK,0,0.19706518,0.02394522,6.8725537e-07,2.8262433e-05,15,1.5,0.02,0.04,-0.05,40,40,40,40,40,10,0
9.96,0.14574096,-0.0027615559,-0.00021097199,0.0010451308,-0.14574096,0.0027615559,0.00021097199,-0.0010451308,0.0012074733,0.0012074733,OK,0,0.19717138,0.023945258,6.8747792e-07,2.8267895e-05,15,1.5,0.02,0.04,-0.05,40,40,40,40,40,10,0
9.965,0.14576154,0.0038780898,-0.00021535526,-0.00094465118,-0.14576154,-0.0038780898,0.00021535526,0.00094465118,-0.0015769512,-0.0015769512,OK,0,0.19727762,0.023945333,6.8770981e-07,2.8272357e-05,15,1.5,0.02,0.04,-0.05,40,40,40,40,40,10,0
9.97,0.14574588,-0.0078410252,-0.00021029764,0.0022825406,-0.14574588,0.0078410252,0.00021029764,-0.0022825406,0.0028706229,0.0028706229,OK,0,0.19738382,0.02394564,6.8793093e-07,2.8298407e-05,15,1.5,0.02,0.04,-0.05,40,40,40,40,40,10,0
9.975,0.14575806,0.0060383833,-0.00021383797,-0.0018693567,-0.14575806,-0.0060383833,0.00021383797,0.0018693567,-0.0028549081,-0.0028549081,OK,0,0.19749005,0.023945823,6.8815957e-07,2.8315879e-05,15,1.5,0.02,0.04,-0.05,40,40,40,40,40,10,0
9.98,0.14574761,-0.0075063527,-0.00021130916,0.0020937437,-0.14574761,0.0075063527,0.00021130916,-0.0020937437,0.0025856762,0.0025856762,OK,0,0.19759626,0.023946105,6.8838283e-07,2.8337798e-05,15,1.5,0.02,0.04,-0.05,40,40,40,40,40,10,0
9.985,0.14576037,0.0059688185,-0.00021518667,-0.0018949462,-0.14576037,-0.0059688185,0.00021518667,0.0018949462,-0.0029162591,-0.0029162591,OK,0,0.19770249,0.023946283,6.8861435e-07,2.8355752e-05,15,1.5,0.02,0.04,-0.05,40,40,40,40,40,10,0
9.99,0.14574925,-0.0076607493,-0.00021274231,0.0021024714,-0.14574925,0.0076607493,0.00021274231,-0.0021024714,0.0025711275,0.0025711275,OK,0,0.19780871,0.023946576,6.8884065e-07,2.8377854e-05,15,1.5,0.02,0.04,-0.05,40,40,40,40,40,10,0
9.995,0.14575399,0.0082429961,-0.0002146809,-0.0024780857,-0.14575399,-0.0082429961,0.0002146809,0.0024780857,-0.0036925424,-0.0036925424,OK,0,0.19791493,0.023946916,6.8907109e-07,2.8408559e-05,15,1.5,0.02,0.04,-0.05,40,40,40,40,40,10,0
10,0.14575078,-0.0065497323,-0.00021366937,0.0019668596,-0.14575078,0.0065497323,0.00021366937,-0.0019668596,0.0023982752,0.0023982752,OK,0,0.19802115,0.02394713,6.8929936e-07,2.8427901e-05,15,1.5,0.02,0.04,-0.05,40,40,40,40,40,10,0
10.005,0.14574813,0.006704977,-0.00021316361,-0.0019126439,-0.14574813,-0.006704977,0.00021316361,0.0019126439,-0.0028832585,-0.0028832585,OK,0,0.19812736,0.023947355,6.8952656e-07,2.8446192e-05,15,1.5,0.02,0.04,-0.05,40,40,40,40,40,10,0
10.01,0.14576471,-0.0021146205,-0.00021687253,0.00086001789,-0.14576471,0.0021146205,0.00021687253,-0.00086001789,0.00086764822,0.00086764822,OK,0,0.1982336,0.023947377,6.8976172e-07,2.844989e-05,15,1.5,0.02,0.04,-0.05,40,40,40,40,40,10,0
10.015,0.14574409,-0.00066436234,-0.0002106348,0.00026973293,-0.14574409,0.00066436234,0.0002106348,-0.00026973293,0.00013338463,0.00013338463,OK,0,0.1983398,0.02394738,6.8998356e-07,2.8450254e-05,15,1.5,0.02,0.04,-0.05,40,40,40,40,40,10,0
10.02,0.14575608,-0.00036978093,-0.00021341666,0.00010287106,-0.14575608,0.00036978093,0.00021341666,-0.00010287106,-0.0001466129,-0.0001466129,OK,0,0.19844603,0.02394738,6.9021129e-07,2.8450307e-05,15,1.5,0.02,0.04,-0.05,40,40,40,40,40,10,0
10.025,0.14574684,0.0020309399,-0.00021122502,-0.00050371839,-0.14574684,-0.0020309399,0.00021122502,0.00050371839,-0.00092777849,-0.00092777849,OK,0,0.19855224,0.023947401,6.9043437e-07,2.8451576e-05,15,1.5,0.02,0.04,-0.05,40,40,40,40,40,10,0
10.03,0.14574846,-0.0040033698,-0.00021122502,0.0011457923,-0.14574846,0.0040033698,0.00021122502,-0.0011457923,0.0013051475,0.0013051475,OK,0,0.19865845,0.023947481,6.9065745e-07,2.845814e-05,15,1.5,0.02,0.04,-0.05,40,40,40,40,40,10,0
10.035,0.14574903,-0.0019855399,-0.00021164632,0.00030517009,-0.14574903,0.0019855399,0.00021164632,-0.00030517009,0.0001186193,0.0001186193,OK,0,0.19876466,0.023947501,6.9088142e-07,2.8458606e-05,15,1.5,0.02,0.04,-0.05,40,40,40,40,40,10,0
10.04,0.14575481,-0.0016609419,-0.00021400654,0.00014701349,-0.14575481,0.0016609419,0.00021400654,-0.00014701349,-0.00014091921,-0.00014091921,OK,0,0.19887089,0.023947515,6.9111042e-07,2.8458714e-05,15,1.5,0.02,0.04,-0.05,40,40,40,40,40,10,0
10.045,0.1457464,0.0031567718,-0.00021341665,-0.0010662326,-0.1457464,-0.0031567718,0.00021341665,0.0010662326,-0.0017593997,-0.0017593997,OK,0,0.1989771,0.023947564,6.9133815e-07,2.8464398e-05,15,1.5,0.02,0.04,-0.05,40,40,40,40,40,10,0
10.05,0.14575028,-0.0040632674,-0.00021459675,0.0010609814,-0.14575028,0.0040632674,0.00021459675,-0.0010609814,0.0011249957,0.0011249957,OK,0,0.19908331,0.023947647,6.9156841e-07,2.8470026e-05,15,1.5,0.02,0.04,-0.05,40,40,40,40,40,10,0
10.055,0.14574971,-0.0023036653,-0.00021518664,0.00032349951,-0.14574971,0.0023036653,0.00021518664,-0.00032349951,8.0297311e-05,8.0297311e-05,OK,0,0.19918953,0.023947674,6.9179994e-07,2.847055e-05,15,1.5,0.02,0.04,-0.05,40,40,40,40,40,10,0
10.06,0.14575349,-0.0020359419,-0.00021763132,0.0001870785,-0.14575349,0.0020359419,0.00021763132,-0.0001870785,-0.00015021983,-0.00015021983,OK,0,0.19929575,0.023947694,6.9203675e-07,2.8470725e-05,15,1.5,0.02,0.04,-0.05,40,40,40,40,40,10,0
10.065,0.14575765,0.0027232481,-0.00022041284,-0.0010237313,-0.14575765,-0.0027232481,0.00022041284,0.0010237313,-0.0018177065,-0.0018177065,OK,0,0.19940197,0.023947731,6.9227966e-07,2.8475965e-05,15,1.5,0.02,0.04,-0.05,40,40,40,40,40,10,0
10.07,0.14574952,0.00033917307,-0.0002191486,-6.9532246e-05,-0.14574952,-0.00033917307,0.0002191486,6.9532246e-05,-0.00046297002,-0.00046297002,OK,0,0.19950819,0.023947732,6.9251979e-07,2.8475989e-05,15,1.5,0.02,0.04,-0.05,40,40,40,40,40,10,0
10.075,0.14574973,-0.00016361945,-0.00021881142,0.00010490545,-0.14574973,0.00016361945,0.00021881142,-0.00010490545,-0.00021636334,-0.00021636334,OK,0,0.1996144,0.023947732,6.9275918e-07,2.8476044e-05,15,1.5,0.02,0.04,-0.05,40,40,40,40,40,10,0
10.08,0.14575322,0.0020883093,-0.00021931719,-0.00046405858,-0.14575322,-0.0020883093,0.00021931719,0.00046405858,-0.00098724879,-0.00098724879,OK,0,0.19972062,0.023947754,6.9299968e-07,2.8477121e-05,15,1.5,0.02,0.04,-0.05,40,40,40,40,40,10,0
10.085,0.14575482,0.00079093801,-0.0002191486,1.0967481e-05,-0.14575482,-0.00079093801,0.0002191486,-1.0967481e-05,-0.00032404387,-0.00032404387,OK,0,0.19982685,0.023947757,6.9323982e-07,2.8477121e-05,15,1.5,0.02,0.04,-0.05,40,40,40,40,40,10,0
10.09,0.14575311,0.00048774995,-0.00021763131,0.00010554385,-0.14575311,-0.00048774995,0.00021763131,-0.00010554385,-0.00017158167,-0.00017158167,OK,0,0.19993307,0.023947758,6.9347663e-07,2.8477177e-05,15,1.5,0.02,0.04,-0.05,40,40,40,40,40,10,0
10.095,0.14575063,-0.0020086535,-0.00021577685,0.00071610389,-0.14575063,0.0020086535,0.00021577685,-0.00071610389,0.00067216955,0.00067216955,OK,0,0.20003928,0.023947778,6.9370943e-07,2.8479741e-05,15,1.5,0.02,0.04,-0.05,40,40,40,40,40,10,0
10.1,0.14575826,-0.00089030759,-0.00021746272,0.0002375685,-0.14575826,0.00089030759,0.00021746272,-0.0002375685,-2.603507e-05,-2.603507e-05,OK,0,0.20014551,0.023947782,6.9394588e-07,2.8480023e-05,15,1.5,0.02,0.04,-0.05,40,40,40,40,40,10,0
10.105,0.14575438,0.0040971719,-0.0002164512,-0.0010440214,-0.14575438,-0.0040971719,0.0002164512,0.0010440214,-0.0017338256,-0.0017338256,OK,0,0.20025173,0.023947866,6.9418014e-07,2.8485473e-05,15,1.5,0.02,0.04,-0.05,40,40,40,40,40,10,0
10.11,0.14575339,0.0017814289,-0.00021527109,-0.00013736674,-0.14575339,-0.0017814289,0.00021527109,0.00013736674,-0.00044879142,-0.00044879142,OK,0,0.20035795,0.023947882,6.9441184e-07,2.8485568e-05,15,1.5,0.02,0.04,-0.05,40,40,40,40,40,10,0
10.115,0.14575606,0.0037034137,-0.00021409098,-0.0005718083,-0.14575606,-0.0037034137,0.00021409098,0.0005718083,-0.0010058194,-0.0010058194,OK,0,0.20046417,0.023947951,6.9464102e-07,2.8487202e-05,15,1.5,0.02,0.04,-0.05,40,40,40,40,40,10,0
10.12,0.14574648,-0.0023882586,-0.00020945466,0.0011220203,-0.14574648,0.0023882586,0.00020945466,-0.0011220203,0.0013606099,0.0013606099,OK,0,0.20057039,0.023947979,6.9486038e-07,2.8493497e-05,15,1.5,0.02,0.04,-0.05,40,40,40,40,40,10,0
10.125,0.14576957,0.0044763127,-0.0002137538,-0.0009571789,-0.14576957,-0.0044763127,0.0002137538,0.0009571789,-0.0015476315,-0.0015476315,OK,0,0.20067663,0.023948079,6.9508883e-07,2.8498078e-05,15,1.5,0.02,0.04,-0.05,40,40,40,40,40,10,0
10.13,0.145757,-0.007190926,-0.00020886477,0.002250982,-0.145757,0.007190926,0.00020886477,-0.002250982,0.0028710044,0.0028710044,OK,0,0.20078285,0.023948338,6.9530695e-07,2.8523413e-05,15,1.5,0.02,0.04,-0.05,40,40,40,40,40,10,0
10.135,0.14575317,0.0067433136,-0.00020776879,-0.0019007343,-0.14575317,-0.0067433136,0.00020776879,0.0019007343,-0.0027828375,-0.0027828375,OK,0,0.20088907,0.023948565,6.9552279e-07,2.8541476e-05,15,1.5,0.02,0.04,-0.05,40,40,40,40,40,10,0
10.14,0.14577049,-0.0019286498,-0.0002114777,0.00081430929,-0.14577049,0.0019286498,0.0002114777,-0.00081430929,0.00088756225,0.00088756225,OK,0,0.20099532,0.023948584,6.957464e-07,2.8544792e-05,15,1.5,0.02,0.04,-0.05,40,40,40,40,40,10,0
10.145,0.14574127,-0.0052607969,-0.00020304834,0.0014183548,-0.14574127,0.0052607969,0.00020304834,-0.0014183548,0.0017862006,0.0017862006,OK,0,0.20110152,0.023948722,6.9595255e-07,2.8554851e-05,15,1.5,0.02,0.04,-0.05,40,40,40,40,40,10,0
10.15,0.14576135,0.0070155112,-0.00020911748,-0.0021072614,-0.14576135,-0.0070155112,0.00020911748,0.0021072614,-0.003101807,-0.003101807,OK,0,0.20120775,0.023948968,6.961712e-07,2.8577053e-05,15,1.5,0.02,0.04,-0.05,40,40,40,40,40,10,0
10.155,0.1457549,-0.0068766949,-0.00020717889,0.0019978485,-0.1457549,0.0068766949,0.00020717889,-0.0019978485,0.0025291196,0.0025291196,OK,0,0.20131398,0.023949205,6.9638581e-07,2.859701e-05,15,1.5,0.02,0.04,-0.05,40,40,40,40,40,10,0
10.16,0.14576083,0.001710379,-0.00020911748,-0.00075369103,-0.14576083,-0.001710379,0.00020911748,0.00075369103,-0.001283667,-0.001283667,OK,0,0.20142021,0.023949219,6.9660446e-07,2.8599851e-05,15,1.5,0.02,0.04,-0.05,40,40,40,40,40,10,0
10.165,0.14574991,8.790452e-05,-0.0002074316,-0.00010403369,-0.14574991,-8.790452e-05,0.0002074316,0.00010403369,-0.00034901032,-0.00034901032,OK,0,0.20152642,0.023949219,6.968196e-07,2.8599905e-05,15,1.5,0.02,0.04,-0.05,40,40,40,40,40,10,0
10.17,0.14576372,-0.00029903399,-0.00021114052,5.8267578e-06,-0.14576372,0.00029903399,0.00021114052,-5.8267578e-06,-0.00025505456,-0.00025505456,OK,0,0.20163266,0.02394922,6.9704251e-07,2.8599905e-05,15,1.5,0.02,0.04,-0.05,40,40,40,40,40,10,0
10.175,0.14574726,-0.00045138949,-0.00020734748,6.2792461e-05,-0.14574726,0.00045138949,0.00020734748,-6.2792461e-05,-0.00011913388,-0.00011913388,OK,0,0.20173887,0.023949221,6.9725747e-07,2.8599925e-05,15,1.5,0.02,0.04,-0.05,40,40,40,40,40,10,0
10.18,0.14576628,0.0018943056,-0.00021274226,-0.00056184151,-0.14576628,-0.0018943056,0.00021274226,0.00056184151,-0.0010427984,-0.0010427984,OK,0,0.20184511,0.023949239,6.9748377e-07,2.8601503e-05,15,1.5,0.02,0.04,-0.05,40,40,40,40,40,10,0
10.185,0.14574791,-0.0041926286,-0.00020785323,0.0011524576,-0.14574791,0.0041926286,0.00020785323,-0.0011524576,0.001358141,0.001358141,OK,0,0.20195132,0.023949327,6.9769978e-07,2.8608144e-05,15,1.5,0.02,0.04,-0.05,40,40,40,40,40,10,0
10.19,0.14576694,0.0050794921,-0.00021307943,-0.0015285919,-0.14576694,-0.0050794921,0.00021307943,0.0015285919,-0.002370561,-0.002370561,OK,0,0.20205756,0.023949456,6.979268e-07,2.8619827e-05,15,1.5,0.02,0.04,-0.05,40,40,40,40,40,10,0
10.195,0.14575394,-0.0077647224,-0.0002095391,0.0021538142,-0.14575394,0.0077647224,0.0002095391,-0.0021538142,0.0026921247,0.0026921247,OK,0,0.20216378,0.023949757,6.9814633e-07,2.8643021e-05,15,1.5,0.02,0.04,-0.05,40,40,40,40,40,10,0
10.2,0.14576578,0.0058694688,-0.0002134166,-0.0018975571,-0.14576578,-0.0058694688,0.0002134166,0.0018975571,-0.0028974904,-0.0028974904,OK,0,0.20227002,0.023949929,6.9837406e-07,2.8661025e-05,15,1.5,0.02,0.04,-0.05,40,40,40,40,40,10,0
10.205,0.14575422,-0.0077273604,-0.00021105638,0.0020879616,-0.14575422,0.0077273604,0.00021105638,-0.0020879616,0.0025720867,0.0025720867,OK,0,0.20237624,0.023950228,6.9859679e-07,2.8682823e-05,15,1.5,0.02,0.04,-0.05,40,40,40,40,40,10,0
10.21,0.14576586,0.0057365945,-0.00021493388,-0.0018948887,-0.14576586,-0.0057365945,0.00021493388,0.0018948887,-0.0029215604,-0.0029215604,OK,0,0.20248248,0.023950393,6.9882777e-07,2.8700776e-05,15,1.5,0.02,0.04,-0.05,40,40,40,40,40,10,0
10.215,0.14575366,-0.0078942101,-0.00021240507,0.0021040539,-0.14575366,0.0078942101,0.00021240507,-0.0021040539,0.0025693095,0.0025693095,OK,0,0.2025887,0.023950704,6.9905335e-07,2.8722911e-05,15,1.5,0.02,0.04,-0.05,40,40,40,40,40,10,0
10.22,0.14576419,0.0055657351,-0.00021645116,-0.0018775097,-0.14576419,-0.0055657351,0.00021645116,0.0018775097,-0.0029251188,-0.0029251188,OK,0,0.20269494,0.023950859,6.992876e-07,2.8740536e-05,15,1.5,0.02,0.04,-0.05,40,40,40,40,40,10,0
10.225,0.14575136,-0.0080716028,-0.00021358518,0.0021235386,-0.14575136,0.0080716028,0.00021358518,-0.0021235386,0.0025736934,0.0025736934,OK,0,0.20280115,0.023951185,6.995157e-07,2.8763083e-05,15,1.5,0.02,0.04,-0.05,40,40,40,40,40,10,0
10.23,0.14576583,0.010259868,-0.00021881138,-0.0030659718,-0.14576583,-0.010259868,0.00021881138,0.0030659718,-0.0045554172,-0.0045554172,OK,0,0.20290739,0.023951711,6.9975509e-07,2.8810084e-05,15,1.5,0.02,0.04,-0.05,40,40,40,40,40,10,0
10.235,0.145769,-0.0057478087,-0.00021931714,0.0018704097,-0.145769,0.0057478087,0.00021931714,-0.0018704097,0.0022013251,0.0022013251,OK,0,0.20301364,0.023951876,6.9999559e-07,2.8827576e-05,15,1.5,0.02,0.04,-0.05,40,40,40,40,40,10,0
10.24,0.14575047,0.0024271582,-0.00021392235,-0.00069509265,-0.14575047,-0.0024271582,0.00021392235,0.00069509265,-0.0012393784,-0.0012393784,OK,0,0.20311985,0.023951906,7.002244e-07,2.8829992e-05,15,1.5,0.02,0.04,-0.05,40,40,40,40,40,10,0
10.245,0.14577209,0.00077432056,-0.00021914855,-7.5845416e-05,-0.14577209,-0.00077432056,0.00021914855,7.5845416e-05,-0.00045458169,-0.00045458169,OK,0,0.2032261,0.023951909,7.0046453e-07,2.8830021e-05,15,1.5,0.02,0.04,-0.05,40,40,40,40,40,10,0
10.25,0.14575061,-0.0044660242,-0.00021291082,0.0012967559,-0.14575061,0.0044660242,0.00021291082,-0.0012967559,0.0014878427,0.0014878427,OK,0,0.20333231,0.023952009,7.0069119e-07,2.8838429e-05,15,1.5,0.02,0.04,-0.05,40,40,40,40,40,10,0
10.255,0.14577353,0.007394772,-0.00021897996,-0.0020619699,-0.14577353,-0.007394772,0.00021897996,0.0020619699,-0.0031663928,-0.0031663928,OK,0,0.20343856,0.023952282,7.0093095e-07,2.8859687e-05,15,1.5,0.02,0.04,-0.05,40,40,40,40,40,10,0
10.26,0.14576852,-0.0065723994,-0.00021695691,0.0020737025,-0.14576852,0.0065723994,0.00021695691,-0.0020737025,0.0025086746,0.0025086746,OK,0,0.20354481,0.023952498,7.011663e-07,2.8881189e-05,15,1.5,0.02,0.04,-0.05,40,40,40,40,40,10,0
10.265,0.14574721,0.0020391687,-0.00021105636,-0.00066767599,-0.14574721,-0.0020391687,0.00021105636,0.00066767599,-0.0011708486,-0.0011708486,OK,0,0.20365102,0.023952519,7.0138903e-07,2.8883418e-05,15,1.5,0.02,0.04,-0.05,40,40,40,40,40,10,0
10.27,0.14576714,0.00047966985,-0.00021628256,-8.6107758e-05,-0.14576714,-0.00047966985,0.00021628256,8.6107758e-05,-0.00043887044,-0.00043887044,OK,0,0.20375726,0.02395252,7.0162292e-07,2.8883455e-05,15,1.5,0.02,0.04,-0.05,40,40,40,40,40,10,0
10.275,0.1457537,7.1563001e-05,-0.00021274223,7.3821488e-05,-0.1457537,-7.1563001e-05,0.00021274223,-7.3821488e-05,-0.00016246474,-0.00016246474,OK,0,0.20386348,0.02395252,7.0184921e-07,2.8883482e-05,15,1.5,0.02,0.04,-0.05,40,40,40,40,40,10,0
10.28,0.1457682,-4.3020149e-05,-0.00021594539,7.3531915e-05,-0.1457682,4.3020149e-05,0.00021594539,-7.3531915e-05,-0.00021523973,-0.00021523973,OK,0,0.20396972,0.02395252,7.0208237e-07,2.8883509e-05,15,1.5,0.02,0.04,-0.05,40,40,40,40,40,10,0
10.285,0.14575336,-0.00013157801,-0.00021173071,0.00010473175,-0.14575336,0.00013157801,0.00021173071,-0.00010473175,-0.00010905879,-0.00010905879,OK,0,0.20407594,0.02395252,7.0230652e-07,2.8883564e-05,15,1.5,0.02,0.04,-0.05,40,40,40,40,40,10,0
10.29,0.14576684,-0.0001708832,-0.00021510245,7.413026e-05,-0.14576684,0.0001708832,0.00021510245,-7.413026e-05,-0.00020683979,-0.00020683979,OK,0,0.20418218,0.02395252,7.0253787e-07,2.8883591e-05,15,1.5,0.02,0.04,-0.05,40,40,40,40,40,10,0
10.295,0.14575133,-0.00024906443,-0.00021097189,0.00010110854,-0.14575133,0.00024906443,0.00021097189,-0.00010110854,-0.00010785168,-0.00010785168,OK,0,0.2042884,0.02395252,7.0276041e-07,2.8883642e-05,15,1.5,0.02,0.04,-0.05,40,40,40,40,40,10,0
10.3,0.1457644,-0.00028887499,-0.00021417505,7.0578987e-05,-0.1457644,0.00028887499,0.00021417505,-7.0578987e-05,-0.00020302421,-0.00020302421,OK,0,0.20439463,0.023952521,7.0298977e-07,2.8883667e-05,15,1.5,0.02,0.04,-0.05,40,40,40,40,40,10,0
10.305,0.14576298,0.0044531062,-0.0002135007,-0.0011101754,-0.14576298,-0.0044531062,0.0002135007,0.0011101754,-0.0017743897,-0.0017743897,OK,0,0.20450087,0.02395262,7.0321768e-07,2.888983e-05,15,1.5,0.02,0.04,-0.05,40,40,40,40,40,10,0
10.31,0.14575365,-0.0027273188,-0.00021046613,0.0010239493,-0.14575365,0.0027273188,0.00021046613,-0.0010239493,0.0011849124,0.0011849124,OK,0,0.20460709,0.023952657,7.0343916e-07,2.8895072e-05,15,1.5,0.02,0.04,-0.05,40,40,40,40,40,10,0
10.315,0.14577443,0.0038951132,-0.00021484939,-0.00095647062,-0.14577443,-0.0038951132,0.00021484939,0.00095647062,-0.0015861537,-0.0015861537,OK,0,0.20471334,0.023952733,7.0366996e-07,2.8899646e-05,15,1.5,0.02,0.04,-0.05,40,40,40,40,40,10,0
10.32,0.14575892,-0.0078219485,-0.00020979177,0.0022723248,-0.14575892,0.0078219485,0.00020979177,-0.0022723248,0.002863911,0.002863911,OK,0,0.20481957,0.023953039,7.0389003e-07,2.8925464e-05,15,1.5,0.02,0.04,-0.05,40,40,40,40,40,10,0
10.325,0.14577126,0.0060629922,-0.00021333211,-0.0018793973,-0.14577126,-0.0060629922,0.00021333211,0.0018793973,-0.0028611325,-0.0028611325,OK,0,0.20492581,0.023953223,7.0411758e-07,2.8943124e-05,15,1.5,0.02,0.04,-0.05,40,40,40,40,40,10,0
10.33,0.14576083,-0.007475175,-0.00021097188,0.0020835013,-0.14576083,0.007475175,0.00021097188,-0.0020835013,0.0025768833,0.0025768833,OK,0,0.20503205,0.023953502,7.0434013e-07,2.8964829e-05,15,1.5,0.02,0.04,-0.05,40,40,40,40,40,10,0
10.335,0.14576659,0.0084503815,-0.00021299493,-0.0025033779,-0.14576659,-0.0084503815,0.00021299493,0.0025033779,-0.0036966436,-0.0036966436,OK,0,0.20513829,0.023953859,7.0456696e-07,2.8996164e-05,15,1.5,0.02,0.04,-0.05,40,40,40,40,40,10,0
10.34,0.14576441,-0.0063336101,-0.00021215199,0.0019406437,-0.14576441,0.0063336101,0.00021215199,-0.0019406437,0.0023906295,0.0023906295,OK,0,0.20524452,0.02395406,7.04792e-07,2.9014994e-05,15,1.5,0.02,0.04,-0.05,40,40,40,40,40,10,0
10.345,0.1457628,0.0069258326,-0.00021181482,-0.0019380373,-0.1457628,-0.0069258326,0.00021181482,0.0019380373,-0.0028919888,-0.0028919888,OK,0,0.20535076,0.0239543,7.0501633e-07,2.9033774e-05,15,1.5,0.02,0.04,-0.05,40,40,40,40,40,10,0
10.35,0.14575651,-0.0067147714,-0.00020945459,0.0020445569,-0.14575651,0.0067147714,0.00020945459,-0.0020445569,0.0025715558,0.0025715558,OK,0,0.20545698,0.023954525,7.0523569e-07,2.9054675e-05,15,1.5,0.02,0.04,-0.05,40,40,40,40,40,10,0
10.355,0.14577309,0.0067513515,-0.00021366927,-0.001938394,-0.14577309,-0.0067513515,0.00021366927,0.001938394,-0.0029271141,-0.0029271141,OK,0,0.20556323,0.023954753,7.0546396e-07,2.9073462e-05,15,1.5,0.02,0.04,-0.05,40,40,40,40,40,10,0
10.36,0.14576601,-0.0068772429,-0.00021130905,0.0020614936,-0.14576601,0.0068772429,0.00021130905,-0.0020614936,0.0025628352,0.0025628352,OK,0,0.20566947,0.023954989,7.0568722e-07,2.9094711e-05,15,1.5,0.02,0.04,-0.05,40,40,40,40,40,10,0
10.365,0.14576246,0.0066288615,-0.0002106347,-0.0019163246,-0.14576246,-0.0066288615,0.0002106347,0.0019163246,-0.0028536036,-0.0028536036,OK,0,0.2057757,0.023955209,7.0590905e-07,2.9113072e-05,15,1.5,0.02,0.04,-0.05,40,40,40,40,40,10,0
10.37,0.14575969,-0.0020925786,-0.00020945459,0.00083952415,-0.14575969,0.0020925786,0.00020945459,-0.00083952415,0.00094895814,0.00094895814,OK,0,0.20588193,0.023955231,7.0612841e-07,2.9116596e-05,15,1.5,0.02,0.04,-0.05,40,40,40,40,40,10,0
10.375,0.14576808,-0.00062044692,-0.00021080328,0.00020060292,-0.14576808,0.00062044692,0.00021080328,-0.00020060292,2.939876e-05,2.939876e-05,OK,0,0.20598817,0.023955233,7.063506e-07,2.9116797e-05,15,1.5,0.02,0.04,-0.05,40,40,40,40,40,10,0
10.38,0.14576567,0.0044558554,-0.0002102134,-0.0011138334,-0.14576567,-0.0044558554,0.0002102134,0.0011138334,-0.0017304034,-0.0017304034,OK,0,0.20609441,0.023955332,7.0657155e-07,2.9123001e-05,15,1.5,0.02,0.04,-0.05,40,40,40,40,40,10,0
10.385,0.14575673,-0.0026595356,-0.00020709436,0.00099522866,-0.14575673,0.0026595356,0.00020709436,-0.00099522866,0.0011951807,0.0011951807,OK,0,0.20620064,0.023955368,7.0678599e-07,2.9127953e-05,15,1.5,0.02,0.04,-0.05,40,40,40,40,40,10,0
10.39,0.14577789,0.0039801967,-0.00021164622,-0.0009909606,-0.14577789,-0.0039801967,0.00021164622,0.0009909606,-0.0015863685,-0.0015863685,OK,0,0.20630689,0.023955447,7.0700996e-07,2.9132863e-05,15,1.5,0.02,0.04,-0.05,40,40,40,40,40,10,0
10.395,0.14576264,-0.0077339006,-0.00020692577,0.0022379044,-0.14576264,0.0077339006,0.00020692577,-0.0022379044,0.0028588668,0.0028588668,OK,0,0.20641313,0.023955746,7.0722405e-07,2.9157904e-05,15,1.5,0.02,0.04,-0.05,40,40,40,40,40,10,0
10.4,0.14576823,0.0085990318,-0.00020878023,-0.0025115733,-0.14576823,-0.0085990318,0.00020878023,0.0025115733,-0.0036397376,-0.0036397376,OK,0,0.20651937,0.023956116,7.0744199e-07,2.9189444e-05,15,1.5,0.02,0.04,-0.05,40,40,40,40,40,10,0
10.405,0.145767,-0.0061026456,-0.00020810588,0.0019004408,-0.145767,0.0061026456,0.00020810588,-0.0019004408,0.0024003072,0.0024003072,OK,0,0.20662561,0.023956302,7.0765853e-07,2.9207502e-05,15,1.5,0.02,0.04,-0.05,40,40,40,40,40,10,0
10.41,0.14576682,0.0071727881,-0.00020776871,-0.0019833621,-0.14576682,-0.0071727881,0.00020776871,0.0019833621,-0.0028893258,-0.0028893258,OK,0,0.20673185,0.023956559,7.0787437e-07,2.9227171e-05,15,1.5,0.02,0.04,-0.05,40,40,40,40,40,10,0
10.415,0.14576167,-0.0064605153,-0.00020574566,0.0019977664,-0.14576167,0.0064605153,0.00020574566,-0.0019977664,0.0025672776,0.0025672776,OK,0,0.20683808,0.023956768,7.0808603e-07,2.9247126e-05,15,1.5,0.02,0.04,-0.05,40,40,40,40,40,10,0
10.42,0.14576985,0.002189344,-0.0002077687,-0.00077746644,-0.14576985,-0.002189344,0.0002077687,0.00077746644,-0.0012797595,-0.0012797595,OK,0,0.20694432,0.023956792,7.0830187e-07,2.9250149e-05,15,1.5,0.02,0.04,-0.05,40,40,40,40,40,10,0
10.425,0.1457615,0.00058335937,-0.00020608283,-0.00013244964,-0.1457615,-0.00058335937,0.00020608283,0.00013244964,-0.00035135251,-0.00035135251,OK,0,0.20705056,0.023956793,7.0851422e-07,2.9250236e-05,15,1.5,0.02,0.04,-0.05,40,40,40,40,40,10,0
10.43,0.14576327,0.00025000968,-0.00020642,-2.1782159e-05,-0.14576327,-0.00025000968,0.00020642,2.1782159e-05,-0.00020370746,-0.00020370746,OK,0,0.20715679,0.023956794,7.0872727e-07,2.9250239e-05,15,1.5,0.02,0.04,-0.05,40,40,40,40,40,10,0
10.435,0.14576152,-0.0023064754,-0.00020591424,0.00060583438,-0.14576152,0.0023064754,0.00020591424,-0.00060583438,0.00064300943,0.00064300943,OK,0,0.20726302,0.02395682,7.0893927e-07,2.9252074e-05,15,1.5,0.02,0.04,-0.05,40,40,40,40,40,10,0
10.44,0.14576773,-0.0012395036,-0.00020785316,0.00014333772,-0.14576773,0.0012395036,0.00020785316,-0.00014333772,-3.7016391e-05,-3.7016391e-05,OK,0,0.20736926,0.023956828,7.0915528e-07,2.9252177e-05,15,1.5,0.02,0.04,-0.05,40,40,40,40,40,10,0
10.445,0.14576673,0.0012807395,-0.00020861163,-0.00052908908,-0.14576673,-0.0012807395,0.00020861163,0.00052908908,-0.00095624392,-0.00095624392,OK,0,0.2074755,0.023956836,7.0937288e-07,2.9253576e-05,15,1.5,0.02,0.04,-0.05,40,40,40,40,40,10,0
10.45,0.14576489,8.6876402e-05,-0.00020861163,-7.1203509e-05,-0.14576489,-8.6876402e-05,0.00020861163,7.1203509e-05,-0.00031720681,-0.00031720681,OK,0,0.20758174,0.023956836,7.0959047e-07,2.9253602e-05,15,1.5,0.02,0.04,-0.05,40,40,40,40,40,10,0
10.455,0.14576949,-0.00019639982,-0.00020979174,1.8938123e-05,-0.14576949,0.00019639982,0.00020979174,-1.8938123e-05,-0.00021093501,-0.00021093501,OK,0,0.20768798,0.023956836,7.0981053e-07,2.9253604e-05,15,1.5,0.02,0.04,-0.05,40,40,40,40,40,10,0
10.46,0.14576826,0.0045391827,-0.00020962315,-0.0011574746,-0.14576826,-0.0045391827,0.00020962315,0.0011574746,-0.0017836267,-0.0017836267,OK,0,0.20779423,0.023956939,7.1003024e-07,2.9260302e-05,15,1.5,0.02,0.04,-0.05,40,40,40,40,40,10,0
10.465,0.14575956,-0.0026491427,-0.00020658858,0.00098158998,-0.14575956,0.0026491427,0.00020658858,-0.00098158998,0.0011827817,0.0011827817,OK,0,0.20790046,0.023956975,7.1024364e-07,2.926512e-05,15,1.5,0.02,0.04,-0.05,40,40,40,40,40,10,0
10.47,0.14578061,0.0039760609,-0.00021130902,-0.00099816324,-0.14578061,-0.0039760609,0.00021130902,0.00099816324,-0.0015922256,-0.0015922256,OK,0,0.20800672,0.023957054,7.104669e-07,2.9270102e-05,15,1.5,0.02,0.04,-0.05,40,40,40,40,40,10,0
10.475,0.14576535,-0.0077432259,-0.00020658857,0.0022333595,-0.14576535,0.0077432259,0.00020658857,-0.0022333595,0.0028567887,0.0028567887,OK,0,0.20811295,0.023957353,7.1068029e-07,2.9295041e-05,15,1.5,0.02,0.04,-0.05,40,40,40,40,40,10,0
10.48,0.14577108,0.0085898671,-0.00020827445,-0.002515631,-0.14577108,-0.0085898671,0.00020827445,0.002515631,-0.003638547,-0.003638547,OK,0,0.2082192,0.023957722,7.1089718e-07,2.9326683e-05,15,1.5,0.02,0.04,-0.05,40,40,40,40,40,10,0
10.485,0.14576959,-0.0061070045,-0.00020785314,0.0018949881,-0.14576959,0.0061070045,0.00020785314,-0.0018949881,0.0023957968,0.0023957968,OK,0,0.20832544,0.023957909,7.111132e-07,2.9344638e-05,15,1.5,0.02,0.04,-0.05,40,40,40,40,40,10,0
10.49,0.14576931,0.0071650701,-0.00020760009,-0.0019869269,-0.14576931,-0.0071650701,0.00020760009,0.0019869269,-0.0028924027,-0.0028924027,OK,0,0.20843169,0.023958165,7.1132868e-07,2.9364377e-05,15,1.5,0.02,0.04,-0.05,40,40,40,40,40,10,0
10.495,0.14576431,-0.0064695722,-0.00020540846,0.0019952665,-0.14576431,0.0064695722,0.00020540846,-0.0019952665,0.0025682763,0.0025682763,OK,0,0.20853792,0.023958375,7.1153965e-07,2.9384283e-05,15,1.5,0.02,0.04,-0.05,40,40,40,40,40,10,0
10.5,0.14577247,0.002184755,-0.00020743151,-0.00078124842,-0.14577247,-0.002184755,0.00020743151,0.00078124842,-0.0012805056,-0.0012805056,OK,0,0.20864417,0.023958399,7.1175479e-07,2.9387334e-05,15,1.5,0.02,0.04,-0.05,40,40,40,40,40,10,0
10.505,0.14576413,0.00058070085,-0.00020574563,-0.0001365021,-0.14576413,-0.00058070085,0.00020574563,0.0001365021,-0.00035242705,-0.00035242705,OK,0,0.20875041,0.0239584,7.1196644e-07,2.9387428e-05,15,1.5,0.02,0.04,-0.05,40,40,40,40,40,10,0
10.51,0.14576591,0.00024882821,-0.00020608281,-2.5924416e-05,-0.14576591,-0.00024882821,0.00020608281,2.5924416e-05,-0.00020485738,-0.00020485738,OK,0,0.20885665,0.023958401,7.1217879e-07,2.9387431e-05,15,1.5,0.02,0.04,-0.05,40,40,40,40,40,10,0
10.515,0.14576654,0.00012964725,-0.00020625139,-7.6873985e-07,-0.14576654,-0.00012964725,0.00020625139,7.6873985e-07,-0.0001744072,-0.0001744072,OK,0,0.20896288,0.023958401,7.1239149e-07,2.9387431e-05,15,1.5,0.02,0.04,-0.05,40,40,40,40,40,10,0
10.52,0.14576679,5.0687281e-05,-0.00020625139,7.6561678e-06,-0.14576679,-5.0687281e-05,0.00020625139,-7.6561678e-06,-0.00016492337,-0.00016492337,OK,0,0.20906912,0.023958401,7.1260419e-07,2.9387431e-05,15,1.5,0.02,0.04,-0.05,40,40,40,40,40,10,0
10.525,0.14576412,-0.0024505464,-0.00020574562,0.00061300653,-0.14576412,0.0024505464,0.00020574562,-0.00061300653,0.0006505859,0.0006505859,OK,0,0.20917536,0.023958431,7.1281585e-07,2.938931e-05,15,1.5,0.02,0.04,-0.05,40,40,40,40,40,10,0
10.53,0.14576987,-0.0013696293,-0.00020743149,0.00014541553,-0.14576987,0.0013696293,0.00020743149,-0.00014541553,-3.2736799e-05,-3.2736799e-05,OK,0,0.2092816,0.02395844,7.1303099e-07,2.9389416e-05,15,1.5,0.02,0.04,-0.05,40,40,40,40,40,10,0
10.535,0.14576818,-0.001241876,-0.00020827443,7.091588e-05,-0.14576818,0.001241876,0.00020827443,-7.091588e-05,-0.00015205407,-0.00015205407,OK,0,0.20938785,0.023958448,7.1324788e-07,2.9389441e-05,15,1.5,0.02,0.04,-0.05,40,40,40,40,40,10,0
10.54,0.1457765,0.0035299396,-0.00021147758,-0.0011404587,-0.1457765,-0.0035299396,0.00021147758,0.0011404587,-0.0018261241,-0.0018261241,OK,0,0.2094941,0.02395851,7.1347149e-07,2.9395944e-05,15,1.5,0.02,0.04,-0.05,40,40,40,40,40,10,0
10.545,0.14576277,-0.0036616209,-0.00020835888,0.0010213335,-0.14576277,0.0036616209,0.00020835888,-0.0010213335,0.0011754076,0.0011754076,OK,0,0.20960033,0.023958577,7.1368856e-07,2.940116e-05,15,1.5,0.02,0.04,-0.05,40,40,40,40,40,10,0
10.55,0.14577895,0.002956363,-0.00021265769,-0.00095539698,-0.14577895,-0.002956363,0.00021265769,0.00095539698,-0.0015891272,-0.0015891272,OK,0,0.20970659,0.023958621,7.1391467e-07,2.9405724e-05,15,1.5,0.02,0.04,-0.05,40,40,40,40,40,10,0
10.555,0.14576337,-0.003894396,-0.00020903323,0.0010691525,-0.14576337,0.003894396,0.00020903323,-0.0010691525,0.0012277219,0.0012277219,OK,0,0.20981283,0.023958697,7.1413315e-07,2.9411439e-05,15,1.5,0.02,0.04,-0.05,40,40,40,40,40,10,0
10.56,0.14577838,0.0027988169,-0.0002134165,-0.00093800738,-0.14577838,-0.0027988169,0.0002134165,0.00093800738,-0.0015807382,-0.0015807382,OK,0,0.20991908,0.023958736,7.1436088e-07,2.9415839e-05,15,1.5,0.02,0.04,-0.05,40,40,40,40,40,10,0
10.565,0.14576215,-0.0040402715,-0.00020962311,0.0010816553,-0.14576215,0.0040402715,0.00020962311,-0.0010816553,0.0012317682,0.0012317682,OK,0,0.21002532,0.023958817,7.1458059e-07,2.9421688e-05,15,1.5,0.02,0.04,-0.05,40,40,40,40,40,10,0
10.57,0.14577647,0.0026576606,-0.00021392225,-0.00092768897,-0.14577647,-0.0026576606,0.00021392225,0.00092768897,-0.0015785314,-0.0015785314,OK,0,0.21013157,0.023958853,7.148094e-07,2.9425991e-05,15,1.5,0.02,0.04,-0.05,40,40,40,40,40,10,0
10.575,0.14575957,-0.004180022,-0.00021004475,0.001091038,-0.14575957,0.004180022,0.00021004475,-0.001091038,0.0012338762,0.0012338762,OK,0,0.2102378,0.02395894,7.1503e-07,2.9431943e-05,15,1.5,0.02,0.04,-0.05,40,40,40,40,40,10,0
10.58,0.14578313,0.0073332409,-0.00021645106,-0.0021245293,-0.14578313,-0.0073332409,0.00021645106,0.0021245293,-0.0032245675,-0.0032245675,OK,0,0.21034406,0.023959209,7.1526425e-07,2.9454511e-05,15,1.5,0.02,0.04,-0.05,40,40,40,40,40,10,0
10.585,0.14577748,-0.0067062969,-0.00021476518,0.0020425151,-0.14577748,0.0067062969,0.00021476518,-0.0020425151,0.0024895928,0.0024895928,OK,0,0.21045032,0.023959434,7.1549487e-07,2.9475371e-05,15,1.5,0.02,0.04,-0.05,40,40,40,40,40,10,0
10.59,0.14576491,0.004291301,-0.00021156203,-0.0012918106,-0.14576491,-0.004291301,0.00021156203,0.0012918106,-0.002024196,-0.002024196,OK,0,0.21055656,0.023959526,7.1571867e-07,2.9483715e-05,15,1.5,0.02,0.04,-0.05,40,40,40,40,40,10,0
10.595,0.14577324,-0.0032842282,-0.00021358507,0.00098243354,-0.14577324,0.0032842282,0.00021358507,-0.00098243354,0.00105397,0.00105397,OK,0,0.2106628,0.02395958,7.1594676e-07,2.9488541e-05,15,1.5,0.02,0.04,-0.05,40,40,40,40,40,10,0
10.6,0.1457766,0.0032152565,-0.00021425942,-0.00092562341,-0.1457766,-0.0032152565,0.00021425942,0.00092562341,-0.0015581841,-0.0015581841,OK,0,0.21076906,0.023959632,7.1617629e-07,2.9492824e-05,15,1.5,0.02,0.04,-0.05,40,40,40,40,40,10,0
10.605,0.14576243,-0.0035930881,-0.0002105505,0.0010810605,-0.14576243,0.0035930881,0.0002105505,-0.0010810605,0.0012348583,0.0012348583,OK,0,0.21087529,0.023959696,7.1639795e-07,2.9498668e-05,15,1.5,0.02,0.04,-0.05,40,40,40,40,40,10,0
10.61,0.14577919,0.0031105263,-0.00021468072,-0.00093061094,-0.14577919,-0.0031105263,0.00021468072,0.00093061094,-0.0015761224,-0.0015761224,OK,0,0.21098155,0.023959745,7.1662839e-07,2.9502998e-05,15,1.5,0.02,0.04,-0.05,40,40,40,40,40,10,0
10.615,0.14576434,-0.003720255,-0.00021105626,0.0010856224,-0.14576434,0.003720255,0.00021105626,-0.0010856224,0.0012290662,0.0012290662,OK,0,0.21108779,0.023959814,7.1685112e-07,2.9508891e-05,15,1.5,0.02,0.04,-0.05,40,40,40,40,40,10,0
10.62,0.14578049,0.002977135,-0.00021510235,-0.00092332766,-0.14578049,-0.002977135,0.00021510235,0.00092332766,-0.0015768315,-0.0015768315,OK,0,0.21119405,0.023959858,7.1708246e-07,2.9513154e-05,15,1.5,0.02,0.04,-0.05,40,40,40,40,40,10,0
10.625,0.14576519,-0.0038532976,-0.00021122484,0.0010928798,-0.14576519,0.0038532976,0.00021122484,-0.0010928798,0.001232119,0.001232119,OK,0,0.21130028,0.023959932,7.1730554e-07,2.9519126e-05,15,1.5,0.02,0.04,-0.05,40,40,40,40,40,10,0
10.63,0.14578033,0.0028491492,-0.00021560811,-0.00091808947,-0.14578033,-0.0028491492,0.00021560811,0.00091808947,-0.0015816833,-0.0015816833,OK,0,0.21140654,0.023959973,7.1753797e-07,2.952334e-05,15,1.5,0.02,0.04,-0.05,40,40,40,40,40,10,0
10.635,0.14576433,-0.0039881434,-0.0002117306,0.0011008172,-0.14576433,0.0039881434,0.0002117306,-0.0011008172,0.0012310277,0.0012310277,OK,0,0.21151278,0.023960052,7.1776212e-07,2.9529399e-05,15,1.5,0.02,0.04,-0.05,40,40,40,40,40,10,0
10.64,0.14577892,0.0027121213,-0.00021594528,-0.00090943851,-0.14577892,-0.0027121213,0.00021594528,0.00090943851,-0.0015792737,-0.0015792737,OK,0,0.21161904,0.023960089,7.1799529e-07,2.9533534e-05,15,1.5,0.02,0.04,-0.05,40,40,40,40,40,10,0
10.645,0.14576237,-0.0041230109,-0.00021189918,0.0011083438,-0.14576237,0.0041230109,0.00021189918,-0.0011083438,0.001234355,0.001234355,OK,0,0.21172527,0.023960174,7.1821979e-07,2.9539676e-05,15,1.5,0.02,0.04,-0.05,40,40,40,40,40,10,0
10.65,0.1457813,0.0049914177,-0.00021712539,-0.00150715,-0.1457813,-0.0049914177,0.00021712539,0.00150715,-0.0024023231,-0.0024023231,OK,0,0.21183153,0.023960299,7.1845551e-07,2.9551034e-05,15,1.5,0.02,0.04,-0.05,40,40,40,40,40,10,0
10.655,0.14576764,-0.0078796823,-0.00021358505,0.0021879635,-0.14576764,0.0078796823,0.00021358505,-0.0021879635,0.002678335,0.002678335,OK,0,0.21193777,0.023960609,7.186836e-07,2.957497e-05,15,1.5,0.02,0.04,-0.05,40,40,40,40,40,10,0
10.66,0.14577905,0.0057531597,-0.00021712538,-0.0018609818,-0.14577905,-0.0057531597,0.00021712538,0.0018609818,-0.002902646,-0.002902646,OK,0,0.21204403,0.023960775,7.1891932e-07,2.9592286e-05,15,1.5,0.02,0.04,-0.05,40,40,40,40,40,10,0
10.665,0.14576686,-0.0078338856,-0.00021468069,0.0021223288,-0.14576686,0.0078338856,0.00021468069,-0.0021223288,0.0025652645,0.0025652645,OK,0,0.21215027,0.023961082,7.1914976e-07,2.9614808e-05,15,1.5,0.02,0.04,-0.05,40,40,40,40,40,10,0
10.67,0.14577807,0.0056375141,-0.00021830549,-0.0018617353,-0.14577807,-0.0056375141,0.00021830549,0.0018617353,-0.0029261233,-0.0029261233,OK,0,0.21225653,0.02396124,7.1938804e-07,2.9632138e-05,15,1.5,0.02,0.04,-0.05,40,40,40,40,40,10,0
10.675,0.14576541,-0.0079838502,-0.00021560809,0.0021350359,-0.14576541,0.0079838502,0.00021560809,-0.0021350359,0.0025643867,0.0025643867,OK,0,0.21236276,0.023961559,7.1962048e-07,2.965493e-05,15,1.5,0.02,0.04,-0.05,40,40,40,40,40,10,0
10.68,0.14578069,0.010352207,-0.00022041265,-0.0030540728,-0.14578069,-0.010352207,0.00022041265,0.0030540728,-0.004557597,-0.004557597,OK,0,0.21246902,0.023962095,7.1986339e-07,2.9701567e-05,15,1.5,0.02,0.04,-0.05,40,40,40,40,40,10,0
10.685,0.14578415,-0.0056402672,-0.000221087,0.0018785099,-0.14578415,0.0056402672,0.000221087,-0.0018785099,0.0021915321,0.0021915321,OK,0,0.21257529,0.023962254,7.2010778e-07,2.9719211e-05,15,1.5,0.02,0.04,-0.05,40,40,40,40,40,10,0
10.69,0.14576622,0.0025395075,-0.00021560809,-0.0006865162,-0.14576622,-0.0025395075,0.00021560809,0.0006865162,-0.0012469909,-0.0012469909,OK,0,0.21268153,0.023962286,7.2034022e-07,2.9721567e-05,15,1.5,0.02,0.04,-0.05,40,40,40,40,40,10,0
10.695,0.14578847,0.00089513895,-0.00022074983,-6.8175243e-05,-0.14578847,-0.00089513895,0.00022074983,6.8175243e-05,-0.00046193528,-0.00046193528,OK,0,0.2127878,0.02396229,7.2058387e-07,2.972159e-05,15,1.5,0.02,0.04,-0.05,40,40,40,40,40,10,0
10.7,0.14576741,-0.0043358328,-0.00021468069,0.0013032444,-0.14576741,0.0043358328,0.00021468069,-0.0013032444,0.0014765712,0.0014765712,OK,0,0.21289404,0.023962384,7.2081431e-07,2.9730083e-05,15,1.5,0.02,0.04,-0.05,40,40,40,40,40,10,0
10.705,0.14578141,0.0027186128,-0.00021822102,-0.00085003041,-0.14578141,-0.0027186128,0.00021822102,0.00085003041,-0.0015239881,-0.0015239881,OK,0,0.2130003,0.023962421,7.2105241e-07,2.9733695e-05,15,1.5,0.02,0.04,-0.05,40,40,40,40,40,10,0
10.71,0.14576495,-0.004034175,-0.00021417492,0.0011344723,-0.14576495,0.004034175,0.00021417492,-0.0011344723,0.0012430167,0.0012430167,OK,0,0.21310654,0.023962503,7.2128177e-07,2.974013e-05,15,1.5,0.02,0.04,-0.05,40,40,40,40,40,10,0
10.715,0.14578928,0.0074997516,-0.00022041265,-0.002089257,-0.14578928,-0.0074997516,0.00022041265,0.002089257,-0.0032242994,-0.0032242994,OK,0,0.21321281,0.023962784,7.2152468e-07,2.9761955e-05,15,1.5,0.02,0.04,-0.05,40,40,40,40,40,10,0
10.72,0.14578458,-0.0065307006,-0.00021847406,0.0020745082,-0.14578458,0.0065307006,0.00021847406,-0.0020745082,0.002489115,0.002489115,OK,0,0.21331908,0.023962997,7.2176333e-07,2.9783473e-05,15,1.5,0.02,0.04,-0.05,40,40,40,40,40,10,0
10.725,0.14576334,0.0020725406,-0.00021265764,-0.00066092168,-0.14576334,-0.0020725406,0.00021265764,0.00066092168,-0.0011830786,-0.0011830786,OK,0,0.21342531,0.023963019,7.2198945e-07,2.9785657e-05,15,1.5,0.02,0.04,-0.05,40,40,40,40,40,10,0
10.73,0.14578341,0.00051533754,-0.00021788383,-7.7659732e-05,-0.14578341,-0.00051533754,0.00021788383,7.7659732e-05,-0.00044846539,-0.00044846539,OK,0,0.21353158,0.02396302,7.2222681e-07,2.9785688e-05,15,1.5,0.02,0.04,-0.05,40,40,40,40,40,10,0
10.735,0.14577029,0.00011343704,-0.00021417492,8.2418479e-05,-0.14577029,-0.00011343704,0.00021417492,-8.2418479e-05,-0.00016905272,-0.00016905272,OK,0,0.21363782,0.02396302,7.2245617e-07,2.9785722e-05,15,1.5,0.02,0.04,-0.05,40,40,40,40,40,10,0
10.74,0.14578499,9.5558269e-06,-0.00021737807,8.0505573e-05,-0.14578499,-9.5558269e-06,0.00021737807,-8.0505573e-05,-0.00022383057,-0.00022383057,OK,0,0.21374409,0.02396302,7.2269243e-07,2.9785754e-05,15,1.5,0.02,0.04,-0.05,40,40,40,40,40,10,0
10.745,0.1457705,-7.0940245e-05,-0.00021307926,0.00011118879,-0.1457705,7.0940245e-05,0.00021307926,-0.00011118879,-0.00011683344,-0.00011683344,OK,0,0.21385033,0.02396302,7.2291945e-07,2.9785816e-05,15,1.5,0.02,0.04,-0.05,40,40,40,40,40,10,0
10.75,0.14578428,-0.00010071439,-0.00021645101,7.9532313e-05,-0.14578428,0.00010071439,0.00021645101,-7.9532313e-05,-0.00021580961,-0.00021580961,OK,0,0.2139566,0.02396302,7.231537e-07,2.9785847e-05,15,1.5,0.02,0.04,-0.05,40,40,40,40,40,10,0
10.755,0.14576903,-0.00017076894,-0.00021240491,0.00010607468,-0.14576903,0.00017076894,0.00021240491,-0.00010607468,-0.0001184119,-0.0001184119,OK,0,0.21406284,0.02396302,7.2337928e-07,2.9785904e-05,15,1.5,0.02,0.04,-0.05,40,40,40,40,40,10,0
10.76,0.14578266,-0.00020432235,-0.00021543948,7.5930654e-05,-0.14578266,0.00020432235,0.00021543948,-7.5930654e-05,-0.00021021601,-0.00021021601,OK,0,0.2141691,0.02396302,7.2361135e-07,2.9785932e-05,15,1.5,0.02,0.04,-0.05,40,40,40,40,40,10,0
10.765,0.14576701,-0.00026838111,-0.00021130893,9.9968072e-05,-0.14576701,0.00026838111,0.00021130893,-9.9968072e-05,-0.00011507678,-0.00011507678,OK,0,0.21427534,0.023963021,7.2383461e-07,2.9785982e-05,15,1.5,0.02,0.04,-0.05,40,40,40,40,40,10,0
10.77,0.14579435,0.0045170174,-0.00021830546,-0.001137495,-0.14579435,-0.0045170174,0.00021830546,0.001137495,-0.0018842567,-0.0018842567,OK,0,0.21438162,0.023963123,7.240729e-07,2.9792452e-05,15,1.5,0.02,0.04,-0.05,40,40,40,40,40,10,0
10.775,0.14578056,-0.0075998945,-0.00021383773,0.0022556754,-0.14578056,0.0075998945,0.00021383773,-0.0022556754,0.0027875627,0.0027875627,OK,0,0.21448788,0.023963412,7.2430153e-07,2.9817892e-05,15,1.5,0.02,0.04,-0.05,40,40,40,40,40,10,0
10.78,0.1457746,0.0062443316,-0.00021240491,-0.0018564367,-0.1457746,-0.0062443316,0.00021240491,0.0018564367,-0.0028054632,-0.0028054632,OK,0,0.21459413,0.023963607,7.2452711e-07,2.9835124e-05,15,1.5,0.02,0.04,-0.05,40,40,40,40,40,10,0
10.785,0.14578935,-0.0024333306,-0.00021594523,0.00086385676,-0.14578935,0.0024333306,0.00021594523,-0.00086385676,0.00087506048,0.00087506048,OK,0,0.21470041,0.023963636,7.2476027e-07,2.9838855e-05,15,1.5,0.02,0.04,-0.05,40,40,40,40,40,10,0
10.79,0.14576711,-0.00094320893,-0.0002098761,0.00026215534,-0.14576711,0.00094320893,0.0002098761,-0.00026215534,0.00012270539,0.00012270539,OK,0,0.21480665,0.023963641,7.2498051e-07,2.9839199e-05,15,1.5,0.02,0.04,-0.05,40,40,40,40,40,10,0
10.795,0.14579227,0.0041806027,-0.00021628241,-0.0011115705,-0.14579227,-0.0041806027,0.00021628241,0.0011115705,-0.0018285222,-0.0018285222,OK,0,0.21491292,0.023963728,7.252144e-07,2.9845377e-05,15,1.5,0.02,0.04,-0.05,40,40,40,40,40,10,0
10.8,0.145777,-0.0078601413,-0.00021181467,0.0022508379,-0.145777,0.0078601413,0.00021181467,-0.0022508379,0.002800171,0.002800171,OK,0,0.21501918,0.023964037,7.2543873e-07,2.9870708e-05,15,1.5,0.02,0.04,-0.05,40,40,40,40,40,10,0
10.805,0.14578192,0.0084031485,-0.00021333196,-0.002469543,-0.14578192,-0.0084031485,0.00021333196,0.002469543,-0.0036525297,-0.0036525297,OK,0,0.21512544,0.02396439,7.2566628e-07,2.9901201e-05,15,1.5,0.02,0.04,-0.05,40,40,40,40,40,10,0
10.81,0.14577949,-0.006299291,-0.00021265761,0.0019443358,-0.14577949,0.006299291,0.00021265761,-0.0019443358,0.0023902578,0.0023902578,OK,0,0.2152317,0.023964588,7.258924e-07,2.9920104e-05,15,1.5,0.02,0.04,-0.05,40,40,40,40,40,10,0
10.815,0.14577828,0.0069782751,-0.00021215185,-0.0019388759,-0.14577828,-0.0069782751,0.00021215185,0.0019388759,-0.0028958949,-0.0028958949,OK,0,0.21533796,0.023964832,7.2611744e-07,2.99389e-05,15,1.5,0.02,0.04,-0.05,40,40,40,40,40,10,0
10.82,0.14577222,-0.006648982,-0.00020987608,0.0020411566,-0.14577222,0.006648982,0.00020987608,-0.0020411566,0.0025630787,0.0025630787,OK,0,0.2154442,0.023965053,7.2633768e-07,2.9959731e-05,15,1.5,0.02,0.04,-0.05,40,40,40,40,40,10,0
10.825,0.14578933,0.0068242092,-0.00021392218,-0.0019417894,-0.14578933,-0.0068242092,0.00021392218,0.0019417894,-0.0029327617,-0.0029327617,OK,0,0.21555048,0.023965286,7.2656649e-07,2.9978584e-05,15,1.5,0.02,0.04,-0.05,40,40,40,40,40,10,0
10.83,0.14578242,-0.0067927832,-0.00021181467,0.0020563463,-0.14578242,0.0067927832,0.00021181467,-0.0020563463,0.0025512366,0.0025512366,OK,0,0.21565674,0.023965516,7.2679082e-07,2.9999727e-05,15,1.5,0.02,0.04,-0.05,40,40,40,40,40,10,0
10.835,0.14577949,0.0067167558,-0.00021097173,-0.0019198852,-0.14577949,-0.0067167558,0.00021097173,0.0019198852,-0.0028601437,-0.0028601437,OK,0,0.215763,0.023965742,7.2701336e-07,3.0018157e-05,15,1.5,0.02,0.04,-0.05,40,40,40,40,40,10,0
10.84,0.14577224,-0.0068588696,-0.00020869597,0.0020396844,-0.14577224,0.0068588696,0.00020869597,-0.0020396844,0.0025701772,0.0025701772,OK,0,0.21586924,0.023965977,7.2723113e-07,3.0038958e-05,15,1.5,0.02,0.04,-0.05,40,40,40,40,40,10,0
10.845,0.14578819,0.0066242991,-0.00021291065,-0.00194703,-0.14578819,-0.0066242991,0.00021291065,0.00194703,-0.0029334689,-0.0029334689,OK,0,0.21597552,0.023966197,7.2745779e-07,3.0057913e-05,15,1.5,0.02,0.04,-0.05,40,40,40,40,40,10,0
10.85,0.14578047,-0.006995443,-0.00021063455,0.0020522207,-0.14578047,0.006995443,0.00021063455,-0.0020522207,0.0025546043,0.0025546043,OK,0,0.21608177,0.023966441,7.2767962e-07,3.0078971e-05,15,1.5,0.02,0.04,-0.05,40,40,40,40,40,10,0
10.855,0.14577647,0.0065165136,-0.00020987608,-0.0019250826,-0.14577647,-0.0065165136,0.00020987608,0.0019250826,-0.0028595751,-0.0028595751,OK,0,0.21618803,0.023966654,7.2789986e-07,3.0097501e-05,15,1.5,0.02,0.04,-0.05,40,40,40,40,40,10,0
10.86,0.14579243,-0.0022363489,-0.00021358499,0.00082646755,-0.14579243,0.0022363489,0.00021358499,-0.00082646755,0.00086232121,0.00086232121,OK,0,0.21629431,0.023966679,7.2812796e-07,3.0100916e-05,15,1.5,0.02,0.04,-0.05,40,40,40,40,40,10,0
10.865,0.14577104,-0.00076133125,-0.00020776857,0.00023188476,-0.14577104,0.00076133125,0.00020776857,-0.00023188476,0.00011626624,0.00011626624,OK,0,0.21640055,0.023966682,7.283438e-07,3.0101185e-05,15,1.5,0.02,0.04,-0.05,40,40,40,40,40,10,0
10.87,0.14578268,-0.00045496977,-0.00021063455,6.6505712e-05,-0.14578268,0.00045496977,0.00021063455,-6.6505712e-05,-0.00016230474,-0.00016230474,OK,0,0.21650681,0.023966683,7.2856563e-07,3.0101207e-05,15,1.5,0.02,0.04,-0.05,40,40,40,40,40,10,0
10.875,0.14578052,0.0043660254,-0.00021021325,-0.0011421077,-0.14578052,-0.0043660254,0.00021021325,0.0011421077,-0.0017761087,-0.0017761087,OK,0,0.21661307,0.023966778,7.2878658e-07,3.0107729e-05,15,1.5,0.02,0.04,-0.05,40,40,40,40,40,10,0
10.88,0.14578071,0.002019359,-0.0002095389,-0.00021708572,-0.14578071,-0.002019359,0.0002095389,0.00021708572,-0.00047232337,-0.00047232337,OK,0,0.21671933,0.023966798,7.2900611e-07,3.0107965e-05,15,1.5,0.02,0.04,-0.05,40,40,40,40,40,10,0
10.885,0.14577951,0.0015332488,-0.00020776856,-4.2225615e-05,-0.14577951,-0.0015332488,0.00020776856,4.2225615e-05,-0.0002029468,-0.0002029468,OK,0,0.21682559,0.02396681,7.2922195e-07,3.0107974e-05,15,1.5,0.02,0.04,-0.05,40,40,40,40,40,10,0
10.89,0.14578184,-0.0010244222,-0.00020675704,0.00057989107,-0.14578184,0.0010244222,0.00020675704,-0.00057989107,0.00064314097,0.00064314097,OK,0,0.21693185,0.023966815,7.2943569e-07,3.0109655e-05,15,1.5,0.02,0.04,-0.05,40,40,40,40,40,10,0
10.895,0.145785,0.0024876088,-0.00020641986,-0.00048890786,-0.145785,-0.0024876088,0.00020641986,0.00048890786,-0.00081445532,-0.00081445532,OK,0,0.21703812,0.023966846,7.2964874e-07,3.011085e-05,15,1.5,0.02,0.04,-0.05,40,40,40,40,40,10,0
10.9,0.14577537,-0.00084649541,-0.00020287953,0.00048756583,-0.14577537,0.00084649541,0.00020287953,-0.00048756583,0.00056980334,0.00056980334,OK,0,0.21714437,0.02396685,7.2985454e-07,3.0112039e-05,15,1.5,0.02,0.04,-0.05,40,40,40,40,40,10,0
10.905,0.14578853,0.00010644209,-0.00020523975,6.2677312e-05,-0.14578853,-0.00010644209,0.00020523975,-6.2677312e-05,-6.4551975e-05,-6.4551975e-05,OK,0,0.21725064,0.02396685,7.3006516e-07,3.0112058e-05,15,1.5,0.02,0.04,-0.05,40,40,40,40,40,10,0
10.91,0.1457748,0.00025418229,-0.00020169942,4.2638387e-06,-0.1457748,-0.00025418229,0.00020169942,-4.2638387e-06,-9.3432211e-05,-9.3432211e-05,OK,0,0.2173569,0.02396685,7.3026857e-07,3.0112058e-05,15,1.5,0.02,0.04,-0.05,40,40,40,40,40,10,0
10.915,0.14579055,0.00026035452,-0.00020540834,-3.8764088e-05,-0.14579055,-0.00026035452,0.00020540834,3.8764088e-05,-0.00021304605,-0.00021304605,OK,0,0.21746317,0.023966851,7.3047953e-07,3.0112066e-05,15,1.5,0.02,0.04,-0.05,40,40,40,40,40,10,0
10.92,0.14577729,0.00019866459,-0.00020178388,-1.2313954e-05,-0.14577729,-0.00019866459,0.00020178388,1.2313954e-05,-0.00012173663,-0.00012173663,OK,0,0.21756943,0.023966851,7.3068312e-07,3.0112067e-05,15,1.5,0.02,0.04,-0.05,40,40,40,40,40,10,0
10.925,0.14579241,0.0001629259,-0.00020574551,-3.8718887e-05,-0.14579241,-0.0001629259,0.00020574551,3.8718887e-05,-0.00022189566,-0.00022189566,OK,0,0.2176757,0.023966851,7.3089477e-07,3.0112074e-05,15,1.5,0.02,0.04,-0.05,40,40,40,40,40,10,0
10.93,0.14577384,-0.0023202594,-0.00020085648,0.00059588677,-0.14577384,0.0023202594,0.00020085648,-0.00059588677,0.00070364932,0.00070364932,OK,0,0.21778195,0.023966878,7.3109649e-07,3.011385e-05,15,1.5,0.02,0.04,-0.05,40,40,40,40,40,10,0
10.935,0.14579454,0.0036366782,-0.0002066729,-0.0011108681,-0.14579454,-0.0036366782,0.0002066729,0.0011108681,-0.0017050379,-0.0017050379,OK,0,0.21788823,0.023966944,7.3131006e-07,3.012002e-05,15,1.5,0.02,0.04,-0.05,40,40,40,40,40,10,0
10.94,0.14577735,-0.0082288026,-0.00020212104,0.0021829702,-0.14577735,0.0082288026,0.00020212104,-0.0021829702,0.0028290347,0.0028290347,OK,0,0.21799449,0.023967282,7.3151432e-07,3.0143847e-05,15,1.5,0.02,0.04,-0.05,40,40,40,40,40,10,0
10.945,0.14578756,0.0056269913,-0.00020608267,-0.0019520417,-0.14578756,-0.0056269913,0.00020608267,0.0019520417,-0.0028784719,-0.0028784719,OK,0,0.21810076,0.023967441,7.3172667e-07,3.0162899e-05,15,1.5,0.02,0.04,-0.05,40,40,40,40,40,10,0
10.95,0.14577493,-0.0079187849,-0.00020405962,0.0020182433,-0.14577493,0.0079187849,0.00020405962,-0.0020182433,0.0025652177,0.0025652177,OK,0,0.21820701,0.023967754,7.3193487e-07,3.0183265e-05,15,1.5,0.02,0.04,-0.05,40,40,40,40,40,10,0
10.955,0.14579047,0.010426467,-0.00020953887,-0.0031706292,-0.14579047,-0.010426467,0.00020953887,0.0031706292,-0.0045661589,-0.0045661589,OK,0,0.21831328,0.023968298,7.3215441e-07,3.023353e-05,15,1.5,0.02,0.04,-0.05,40,40,40,40,40,10,0
10.96,0.14579452,-0.0055696711,-0.00021055039,0.0017673241,-0.14579452,0.0055696711,0.00021055039,-0.0017673241,0.0021858338,0.0021858338,OK,0,0.21841956,0.023968453,7.3237606e-07,3.0249147e-05,15,1.5,0.02,0.04,-0.05,40,40,40,40,40,10,0
10.965,0.14577673,0.0026110352,-0.00020582995,-0.00079423996,-0.14577673,-0.0026110352,0.00020582995,0.00079423996,-0.0012588332,-0.0012588332,OK,0,0.21852582,0.023968487,7.3258789e-07,3.0252301e-05,15,1.5,0.02,0.04,-0.05,40,40,40,40,40,10,0
10.97,0.14579942,0.00095935753,-0.00021139333,-0.00016916098,-0.14579942,-0.00095935753,0.00021139333,0.00016916098,-0.00047027877,-0.00047027877,OK,0,0.21863211,0.023968492,7.3281133e-07,3.0252444e-05,15,1.5,0.02,0.04,-0.05,40,40,40,40,40,10,0
10.975,0.14577621,-0.006713615,-0.00020523972,0.0018101021,-0.14577621,0.006713615,0.00020523972,-0.0018101021,0.0022835368,0.0022835368,OK,0,0.21873836,0.023968717,7.3302195e-07,3.0268827e-05,15,1.5,0.02,0.04,-0.05,40,40,40,40,40,10,0
10.98,0.14579162,0.0063421586,-0.00021004463,-0.0020118672,-0.14579162,-0.0063421586,0.00021004463,0.0020118672,-0.0029989515,-0.0029989515,OK,0,0.21884464,0.023968918,7.3324254e-07,3.0289065e-05,15,1.5,0.02,0.04,-0.05,40,40,40,40,40,10,0
10.985,0.14578234,-0.0073682949,-0.00020785299,0.0020250516,-0.14578234,0.0073682949,0.00020785299,-0.0020250516,0.0025406975,0.0025406975,OK,0,0.2189509,0.02396919,7.3345855e-07,3.0309569e-05,15,1.5,0.02,0.04,-0.05,40,40,40,40,40,10,0
10.99,0.14579551,0.0060831785,-0.00021223626,-0.0019471232,-0.14579551,-0.0060831785,0.00021223626,0.0019471232,-0.0029449914,-0.0029449914,OK,0,0.21905718,0.023969375,7.3368377e-07,3.0328525e-05,15,1.5,0.02,0.04,-0.05,40,40,40,40,40,10,0
10.995,0.14578503,-0.0075459354,-0.00020996016,0.0020571468,-0.14578503,0.0075459354,0.00020996016,-0.0020571468,0.002550181,0.002550181,OK,0,0.21916345,0.023969659,7.3390419e-07,3.0349684e-05,15,1.5,0.02,0.04,-0.05,40,40,40,40,40,10,0
11,0.14577842,0.0059645078,-0.0002090331,-0.0019186488,-0.14577842,-0.0059645078,0.0002090331,0.0019186488,-0.0028593209,-0.0028593209,OK,0,0.2192697,0.023969837,7.3412266e-07,3.036809e-05,15,1.5,0.02,0.04,-0.05,40,40,40,40,40,10,0
11.005,0.14579127,-0.0027860009,-0.00021307918,0.00083242667,-0.14579127,0.0027860009,0.00021307918,-0.00083242667,0.00085683755,0.00085683755,OK,0,0.21937598,0.023969876,7.3434968e-07,3.0371555e-05,15,1.5,0.02,0.04,-0.05,40,40,40,40,40,10,0
11.01,0.14578189,0.0034982262,-0.00021055038,-0.00096514481,-0.14578189,-0.0034982262,0.00021055038,0.00096514481,-0.001550406,-0.001550406,OK,0,0.21948224,0.023969937,7.3457134e-07,3.0376213e-05,15,1.5,0.02,0.04,-0.05,40,40,40,40,40,10,0
11.015,0.1457883,-0.0033819376,-0.00021181461,0.0010319926,-0.1457883,0.0033819376,0.00021181461,-0.0010319926,0.0011512583,0.0011512583,OK,0,0.21958851,0.023969994,7.3479566e-07,3.0381538e-05,15,1.5,0.02,0.04,-0.05,40,40,40,40,40,10,0
11.02,0.14578671,0.0008685079,-0.00021130885,-0.00033378945,-0.14578671,-0.0008685079,0.00021130885,0.00033378945,-0.00071984232,-0.00071984232,OK,0,0.21969478,0.023969998,7.3501892e-07,3.0382095e-05,15,1.5,0.02,0.04,-0.05,40,40,40,40,40,10,0
11.025,0.14578858,0.0048999469,-0.00021215178,-0.00122343,-0.14578858,-0.0048999469,0.00021215178,0.00122343,-0.0019056524,-0.0019056524,OK,0,0.21980105,0.023970118,7.3524396e-07,3.0389579e-05,15,1.5,0.02,0.04,-0.05,40,40,40,40,40,10,0
11.03,0.14578121,-0.0024373626,-0.0002092858,0.00097900873,-0.14578121,0.0024373626,0.0002092858,-0.00097900873,0.0011473557,0.0011473557,OK,0,0.21990731,0.023970148,7.3546296e-07,3.0394371e-05,15,1.5,0.02,0.04,-0.05,40,40,40,40,40,10,0
11.035,0.14578898,-0.00065242732,-0.00021012874,0.00021853199,-0.14578898,0.00065242732,0.00021012874,-0.00021853199,6.5549486e-05,6.5549486e-05,OK,0,0.22001358,0.02397015,7.3568374e-07,3.039461e-05,15,1.5,0.02,0.04,-0.05,40,40,40,40,40,10,0
11.04,0.14578672,0.0045007361,-0.00020945439,-0.0011228797,-0.14578672,-0.0045007361,0.00020945439,0.0011228797,-0.0017303715,-0.0017303715,OK,0,0.22011985,0.023970251,7.3590309e-07,3.0400914e-05,15,1.5,0.02,0.04,-0.05,40,40,40,40,40,10,0
11.045,0.14577823,-0.0025890944,-0.00020625123,0.00097993857,-0.14577823,0.0025890944,0.00020625123,-0.00097993857,0.0011881402,0.0011881402,OK,0,0.22022611,0.023970285,7.3611579e-07,3.0405715e-05,15,1.5,0.02,0.04,-0.05,40,40,40,40,40,10,0
11.05,0.1457997,0.0040663536,-0.00021097167,-0.0010085022,-0.1457997,-0.0040663536,0.00021097167,0.0010085022,-0.0015986801,-0.0015986801,OK,0,0.2203324,0.023970368,7.3633833e-07,3.0410801e-05,15,1.5,0.02,0.04,-0.05,40,40,40,40,40,10,0
11.055,0.14578483,-0.0076390897,-0.00020641981,0.0022210103,-0.14578483,0.0076390897,0.00020641981,-0.0022210103,0.0028453514,0.0028453514,OK,0,0.22043866,0.023970659,7.3655138e-07,3.0435465e-05,15,1.5,0.02,0.04,-0.05,40,40,40,40,40,10,0
11.06,0.14579818,0.0062494114,-0.00021012873,-0.0019267208,-0.14579818,-0.0062494114,0.00021012873,0.0019267208,-0.0028760721,-0.0028760721,OK,0,0.22054495,0.023970855,7.3677215e-07,3.0454027e-05,15,1.5,0.02,0.04,-0.05,40,40,40,40,40,10,0
11.065,0.14578894,-0.0072784779,-0.0002077685,0.0020376421,-0.14578894,0.0072784779,0.0002077685,-0.0020376421,0.0025645752,0.0025645752,OK,0,0.22065122,0.023971119,7.3698799e-07,3.0474786e-05,15,1.5,0.02,0.04,-0.05,40,40,40,40,40,10,0
11.07,0.14578344,0.0062564119,-0.00020726274,-0.0019469389,-0.14578344,-0.0062564119,0.00020726274,0.0019469389,-0.0028634242,-0.0028634242,OK,0,0.22075749,0.023971315,7.3720278e-07,3.0493739e-05,15,1.5,0.02,0.04,-0.05,40,40,40,40,40,10,0
11.075,0.14579822,-0.0024945662,-0.00021097166,0.00080559834,-0.14579822,0.0024945662,0.00021097166,-0.00080559834,0.00086000435,0.00086000435,OK,0,0.22086377,0.023971346,7.3742532e-07,3.0496984e-05,15,1.5,0.02,0.04,-0.05,40,40,40,40,40,10,0
11.08,0.14577556,-0.0010166298,-0.00020523969,0.00021138522,-0.14577556,0.0010166298,0.00020523969,-0.00021138522,0.00011332846,0.00011332846,OK,0,0.22097002,0.023971351,7.3763594e-07,3.0497208e-05,15,1.5,0.02,0.04,-0.05,40,40,40,40,40,10,0
11.085,0.14580042,0.0041028041,-0.00021181459,-0.0011581106,-0.14580042,-0.0041028041,0.00021181459,0.0011581106,-0.0018342643,-0.0018342643,OK,0,0.22107631,0.023971436,7.3786027e-07,3.0503914e-05,15,1.5,0.02,0.04,-0.05,40,40,40,40,40,10,0
11.09,0.14578473,-0.0079376617,-0.00020759991,0.0022065117,-0.14578473,0.0079376617,0.00020759991,-0.0022065117,0.002793957,0.002793957,OK,0,0.22118258,0.023971751,7.3807576e-07,3.0528257e-05,15,1.5,0.02,0.04,-0.05,40,40,40,40,40,10,0
11.095,0.14579635,0.0058781134,-0.00021130883,-0.0019120723,-0.14579635,-0.0058781134,0.00021130883,0.0019120723,-0.0028866893,-0.0028866893,OK,0,0.22128886,0.023971923,7.3829901e-07,3.0546537e-05,15,1.5,0.02,0.04,-0.05,40,40,40,40,40,10,0
11.1,0.14578511,-0.0076671274,-0.0002089486,0.0020586688,-0.14578511,0.0076671274,0.0002089486,-0.0020586688,0.0025627913,0.0025627913,OK,0,0.22139513,0.023972217,7.3851731e-07,3.0567728e-05,15,1.5,0.02,0.04,-0.05,40,40,40,40,40,10,0
11.105,0.14579711,0.0058199025,-0.0002129947,-0.0019274601,-0.14579711,-0.0058199025,0.0002129947,0.0019274601,-0.0029373724,-0.0029373724,OK,0,0.22150141,0.023972387,7.3874414e-07,3.0586303e-05,15,1.5,0.02,0.04,-0.05,40,40,40,40,40,10,0
11.11,0.14578536,-0.0077964746,-0.00021063447,0.0020717545,-0.14578536,0.0077964746,0.00021063447,-0.0020717545,0.0025519629,0.0025519629,OK,0,0.22160768,0.023972691,7.3896598e-07,3.0607764e-05,15,1.5,0.02,0.04,-0.05,40,40,40,40,40,10,0
11.115,0.14579658,0.0056759293,-0.00021468056,-0.0019087479,-0.14579658,-0.0056759293,0.00021468056,0.0019087479,-0.0029403616,-0.0029403616,OK,0,0.22171396,0.023972852,7.3919642e-07,3.0625981e-05,15,1.5,0.02,0.04,-0.05,40,40,40,40,40,10,0
11.12,0.14578391,-0.0079449733,-0.0002124048,0.0020918704,-0.14578391,0.0079449733,0.0002124048,-0.0020918704,0.002549613,0.002549613,OK,0,0.22182023,0.023973167,7.39422e-07,3.0647861e-05,15,1.5,0.02,0.04,-0.05,40,40,40,40,40,10,0
11.125,0.14579461,0.0055235341,-0.00021611372,-0.0018874991,-0.14579461,-0.0055235341,0.00021611372,0.0018874991,-0.0029361209,-0.0029361209,OK,0,0.22192651,0.02397332,7.3965552e-07,3.0665674e-05,15,1.5,0.02,0.04,-0.05,40,40,40,40,40,10,0
11.13,0.14578135,-0.0080932212,-0.0002135849,0.0021108207,-0.14578135,0.0080932212,0.0002135849,-0.0021108207,0.0025543557,0.0025543557,OK,0,0.22203277,0.023973647,7.3988361e-07,3.0687952e-05,15,1.5,0.02,0.04,-0.05,40,40,40,40,40,10,0
11.135,0.14579604,0.01024692,-0.00021855806,-0.0030766294,-0.14579604,-0.01024692,0.00021855806,0.0030766294,-0.0045675173,-0.0045675173,OK,0,0.22213905,0.023974172,7.4012245e-07,3.073528e-05,15,1.5,0.02,0.04,-0.05,40,40,40,40,40,10,0
11.14,0.1457991,-0.0057417952,-0.0002192324,0.0018576421,-0.1457991,0.0057417952,0.0002192324,-0.0018576421,0.0021842873,0.0021842873,OK,0,0.22224534,0.023974337,7.4036277e-07,3.0752534e-05,15,1.5,0.02,0.04,-0.05,40,40,40,40,40,10,0
11.145,0.14578062,0.0024451095,-0.00021392208,-0.00070714849,-0.14578062,-0.0024451095,0.00021392208,0.00070714849,-0.0012561371,-0.0012561371,OK,0,0.2223516,0.023974367,7.4059158e-07,3.0755034e-05,15,1.5,0.02,0.04,-0.05,40,40,40,40,40,10,0
11.15,0.14580234,0.00080470006,-0.0002192324,-8.7387667e-05,-0.14580234,-0.00080470006,0.0002192324,8.7387667e-05,-0.00047133274,-0.00047133274,OK,0,0.22245789,0.02397437,7.4083189e-07,3.0755072e-05,15,1.5,0.02,0.04,-0.05,40,40,40,40,40,10,0
11.155,0.14578093,-0.0044230496,-0.00021316326,0.0012856704,-0.14578093,0.0044230496,0.00021316326,-0.0012856704,0.0014697533,0.0014697533,OK,0,0.22256415,0.023974468,7.4105909e-07,3.0763337e-05,15,1.5,0.02,0.04,-0.05,40,40,40,40,40,10,0
11.16,0.14580416,0.0074525682,-0.0002192324,-0.0020728775,-0.14580416,-0.0074525682,0.0002192324,0.0020728775,-0.0031836163,-0.0031836163,OK,0,0.22267044,0.023974746,7.412994e-07,3.0784821e-05,15,1.5,0.02,0.04,-0.05,40,40,40,40,40,10,0
11.165,0.14579962,-0.0065021513,-0.00021712522,0.0020633637,-0.14579962,0.0065021513,0.00021712522,-0.0020633637,0.0024940736,0.0024940736,OK,0,0.22277673,0.023974957,7.4153512e-07,3.0806109e-05,15,1.5,0.02,0.04,-0.05,40,40,40,40,40,10,0
11.17,0.1457785,0.0021259381,-0.00021147739,-0.00067904908,-0.1457785,-0.0021259381,0.00021147739,0.00067904908,-0.0011901269,-0.0011901269,OK,0,0.22288299,0.02397498,7.4175873e-07,3.0808414e-05,15,1.5,0.02,0.04,-0.05,40,40,40,40,40,10,0
11.175,0.14579896,0.00057672051,-0.00021670359,-9.5945582e-05,-0.14579896,-0.00057672051,0.00021670359,9.5945582e-05,-0.00045542423,-0.00045542423,OK,0,0.22298927,0.023974982,7.4199353e-07,3.080846e-05,15,1.5,0.02,0.04,-0.05,40,40,40,40,40,10,0
11.18,0.14578618,0.00018324821,-0.00021307913,6.3822617e-05,-0.14578618,-0.00018324821,0.00021307913,-6.3822617e-05,-0.00017739955,-0.00017739955,OK,0,0.22309554,0.023974982,7.4222055e-07,3.0808481e-05,15,1.5,0.02,0.04,-0.05,40,40,40,40,40,10,0
11.185,0.14579156,-0.002321023,-0.00021400619,0.00066520211,-0.14579156,0.002321023,0.00021400619,-0.00066520211,0.00061070057,0.00061070057,OK,0,0.22320182,0.023975009,7.4244954e-07,3.0810693e-05,15,1.5,0.02,0.04,-0.05,40,40,40,40,40,10,0
11.19,0.14579782,0.0035684656,-0.00021560794,-0.00099368956,-0.14579782,-0.0035684656,0.00021560794,0.00099368956,-0.0016659584,-0.0016659584,OK,0,0.2233081,0.023975072,7.4268197e-07,3.081563e-05,15,1.5,0.02,0.04,-0.05,40,40,40,40,40,10,0
11.195,0.14578512,-0.0033675831,-0.00021198314,0.001068179,-0.14578512,0.0033675831,0.00021198314,-0.001068179,0.0012035204,0.0012035204,OK,0,0.22341437,0.023975129,7.4290666e-07,3.0821335e-05,15,1.5,0.02,0.04,-0.05,40,40,40,40,40,10,0
11.2,0.14579554,0.00091354233,-0.00021451195,-0.00033034749,-0.14579554,-0.00091354233,0.00021451195,0.00033034749,-0.00076074809,-0.00076074809,OK,0,0.22352065,0.023975133,7.4313674e-07,3.0821881e-05,15,1.5,0.02,0.04,-0.05,40,40,40,40,40,10,0
11.205,0.14578317,8.0432704e-05,-0.00021147738,6.4668612e-06,-0.14578317,-8.0432704e-05,0.00021147738,-6.4668612e-06,-0.0002435797,-0.0002435797,OK,0,0.22362692,0.023975133,7.4336035e-07,3.0821881e-05,15,1.5,0.02,0.04,-0.05,40,40,40,40,40,10,0
11.21,0.14579727,-0.00011444865,-0.00021510217,4.4244333e-05,-0.14579727,0.00011444865,0.00021510217,-4.4244333e-05,-0.00024879848,-0.00024879848,OK,0,0.2237332,0.023975133,7.4359169e-07,3.0821891e-05,15,1.5,0.02,0.04,-0.05,40,40,40,40,40,10,0
11.215,0.14578199,-0.00021563537,-0.00021105608,8.613325e-05,-0.14578199,0.00021563537,0.00021105608,-8.613325e-05,-0.00012962687,-0.00012962687,OK,0,0.22383946,0.023975134,7.4381442e-07,3.0821928e-05,15,1.5,0.02,0.04,-0.05,40,40,40,40,40,10,0
11.22,0.14580972,0.0045672523,-0.00021796815,-0.0011474158,-0.14580972,-0.0045672523,0.00021796815,0.0011474158,-0.0018917613,-0.0018917613,OK,0,0.22394576,0.023975238,7.4405197e-07,3.0828511e-05,15,1.5,0.02,0.04,-0.05,40,40,40,40,40,10,0
11.225,0.14579626,-0.0075418112,-0.00021350042,0.0022455227,-0.14579626,0.0075418112,0.00021350042,-0.0022455227,0.0027800307,0.0027800307,OK,0,0.22405205,0.023975522,7.4427988e-07,3.0853723e-05,15,1.5,0.02,0.04,-0.05,40,40,40,40,40,10,0
11.23,0.14579059,0.0063104877,-0.00021215172,-0.0018668836,-0.14579059,-0.0063104877,0.00021215172,0.0018668836,-0.00281437,-0.00281437,OK,0,0.22415832,0.023975721,7.4450492e-07,3.0871149e-05,15,1.5,0.02,0.04,-0.05,40,40,40,40,40,10,0
11.235,0.14580565,-0.0023607249,-0.00021577651,0.00085380927,-0.14580565,0.0023607249,0.00021577651,-0.00085380927,0.00086575031,0.00086575031,OK,0,0.22426462,0.023975749,7.4473772e-07,3.0874794e-05,15,1.5,0.02,0.04,-0.05,40,40,40,40,40,10,0
11.24,0.14578392,-0.00086438685,-0.00020962291,0.00025264208,-0.14578392,0.00086438685,0.00020962291,-0.00025264208,0.00011572243,0.00011572243,OK,0,0.22437088,0.023975753,7.4495743e-07,3.0875113e-05,15,1.5,0.02,0.04,-0.05,40,40,40,40,40,10,0
11.245,0.14580237,0.0018647751,-0.00021417476,-0.00051982382,-0.14580237,-0.0018647751,0.00021417476,0.00051982382,-0.0010017188,-0.0010017188,OK,0,0.22447717,0.02397577,7.4518678e-07,3.0876464e-05,15,1.5,0.02,0.04,-0.05,40,40,40,40,40,10,0
11.25,0.14578388,-0.0041199589,-0.00020945432,0.0011594906,-0.14578388,0.0041199589,0.00020945432,-0.0011594906,0.0013483004,0.0013483004,OK,0,0.22458344,0.023975855,7.4540614e-07,3.0883186e-05,15,1.5,0.02,0.04,-0.05,40,40,40,40,40,10,0
11.255,0.14580812,0.0075852241,-0.00021594509,-0.0021290105,-0.14580812,-0.0075852241,0.00021594509,0.0021290105,-0.0032131209,-0.0032131209,OK,0,0.22468974,0.023976143,7.456393e-07,3.090585e-05,15,1.5,0.02,0.04,-0.05,40,40,40,40,40,10,0
11.26,0.1458041,-0.0064077379,-0.00021409063,0.0020240058,-0.1458041,0.0064077379,0.00021409063,-0.0020240058,0.0024844218,0.0024844218,OK,0,0.22479603,0.023976348,7.4586847e-07,3.0926333e-05,15,1.5,0.02,0.04,-0.05,40,40,40,40,40,10,0
11.265,0.14578344,0.002210857,-0.00020861138,-0.00071321858,-0.14578344,-0.002210857,0.00020861138,0.00071321858,-0.0011948955,-0.0011948955,OK,0,0.2249023,0.023976373,7.4608607e-07,3.0928876e-05,15,1.5,0.02,0.04,-0.05,40,40,40,40,40,10,0
11.27,0.14580422,0.00065960972,-0.00021409063,-0.00012790447,-0.14580422,-0.00065960972,0.00021409063,0.00012790447,-0.00046074728,-0.00046074728,OK,0,0.22500859,0.023976375,7.4631524e-07,3.0928958e-05,15,1.5,0.02,0.04,-0.05,40,40,40,40,40,10,0
11.275,0.14578703,-0.0021512461,-0.00020937019,0.00063889875,-0.14578703,0.0021512461,0.00020937019,-0.00063889875,0.00064748613,0.00064748613,OK,0,0.22511486,0.023976398,7.4653442e-07,3.0930999e-05,15,1.5,0.02,0.04,-0.05,40,40,40,40,40,10,0
11.28,0.14580844,0.0037439548,-0.0002148491,-0.0010421315,-0.14580844,-0.0037439548,0.0002148491,0.0010421315,-0.0017200069,-0.0017200069,OK,0,0.22522116,0.023976468,7.4676522e-07,3.0936429e-05,15,1.5,0.02,0.04,-0.05,40,40,40,40,40,10,0
11.285,0.14579152,-0.0081237504,-0.00021021311,0.002253603,-0.14579152,0.0081237504,0.00021021311,-0.002253603,0.0028180882,0.0028180882,OK,0,0.22532744,0.023976798,7.4698617e-07,3.0961823e-05,15,1.5,0.02,0.04,-0.05,40,40,40,40,40,10,0
11.29,0.14580224,0.0057354199,-0.00021383757,-0.0018817136,-0.14580224,-0.0057354199,0.00021383757,0.0018817136,-0.0028846723,-0.0028846723,OK,0,0.22543373,0.023976962,7.472148e-07,3.0979527e-05,15,1.5,0.02,0.04,-0.05,40,40,40,40,40,10,0
11.295,0.14579027,-0.0077991624,-0.00021139322,0.0020853606,-0.14579027,0.0077991624,0.00021139322,-0.0020853606,0.0025609814,0.0025609814,OK,0,0.22554,0.023977267,7.4743824e-07,3.100127e-05,15,1.5,0.02,0.04,-0.05,40,40,40,40,40,10,0
11.3,0.14580182,0.0056928156,-0.00021510214,-0.0019021339,-0.14580182,-0.0056928156,0.00021510214,0.0019021339,-0.0029359839,-0.0029359839,OK,0,0.22564629,0.023977429,7.4766958e-07,3.1019361e-05,15,1.5,0.02,0.04,-0.05,40,40,40,40,40,10,0
11.305,0.14578935,-0.0079152406,-0.00021274191,0.0020941996,-0.14578935,0.0079152406,0.00021274191,-0.0020941996,0.002549348,0.002549348,OK,0,0.22575257,0.023977742,7.4789588e-07,3.1041289e-05,15,1.5,0.02,0.04,-0.05,40,40,40,40,40,10,0
11.31,0.14580257,0.0079928871,-0.00021712518,-0.0024895616,-0.14580257,-0.0079928871,0.00021712518,0.0024895616,-0.0037554533,-0.0037554533,OK,0,0.22585886,0.023978061,7.4813159e-07,3.1072279e-05,15,1.5,0.02,0.04,-0.05,40,40,40,40,40,10,0
11.315,0.14579789,-0.0068055627,-0.0002163667,0.0019765135,-0.14579789,0.0068055627,0.0002163667,-0.0019765135,0.0023630049,0.0023630049,OK,0,0.22596514,0.023978293,7.4836567e-07,3.1091812e-05,15,1.5,0.02,0.04,-0.05,40,40,40,40,40,10,0
11.32,0.14579416,0.0064556712,-0.00021560789,-0.0018975102,-0.14579416,-0.0064556712,0.00021560789,0.0018975102,-0.0029062736,-0.0029062736,OK,0,0.22607142,0.023978501,7.485981e-07,3.1109815e-05,15,1.5,0.02,0.04,-0.05,40,40,40,40,40,10,0
11.325,0.14579745,-0.0047500653,-0.00021628224,0.0014773623,-0.14579745,0.0047500653,0.00021628224,-0.0014773623,0.0016977564,0.0016977564,OK,0,0.22617771,0.023978614,7.4883199e-07,3.1120728e-05,15,1.5,0.02,0.04,-0.05,40,40,40,40,40,10,0
11.33,0.14580106,0.0075630961,-0.00021695659,-0.0020142548,-0.14580106,-0.0075630961,0.00021695659,0.0020142548,-0.0030571858,-0.0030571858,OK,0,0.226284,0.0239789,7.4906734e-07,3.1141014e-05,15,1.5,0.02,0.04,-0.05,40,40,40,40,40,10,0
11.335,0.14579736,-0.0062657394,-0.00021476495,0.0020503501,-0.14579736,0.0062657394,0.00021476495,-0.0020503501,0.0025193685,0.0025193685,OK,0,0.22639028,0.023979096,7.4929796e-07,3.1162034e-05,15,1.5,0.02,0.04,-0.05,40,40,40,40,40,10,0
11.34,0.14579698,0.0072182803,-0.00021392202,-0.0019132377,-0.14579698,-0.0072182803,0.00021392202,0.0019132377,-0.0028740161,-0.0028740161,OK,0,0.22649657,0.023979357,7.4952677e-07,3.1180336e-05,15,1.5,0.02,0.04,-0.05,40,40,40,40,40,10,0
11.345,0.14579212,-0.0063545459,-0.00021173038,0.0020479574,-0.14579212,0.0063545459,0.00021173038,-0.0020479574,0.0025576409,0.0025576409,OK,0,0.22660284,0.023979559,7.4975092e-07,3.1201307e-05,15,1.5,0.02,0.04,-0.05,40,40,40,40,40,10,0
11.35,0.14581072,0.0071310231,-0.00021577647,-0.0019373188,-0.14581072,-0.0071310231,0.00021577647,0.0019373188,-0.00294117,-0.00294117,OK,0,0.22670915,0.023979813,7.4998372e-07,3.1220073e-05,15,1.5,0.02,0.04,-0.05,40,40,40,40,40,10,0
11.355,0.14580563,-0.0064713995,-0.00021341625,0.0020585985,-0.14580563,0.0064713995,0.00021341625,-0.0020585985,0.0025439105,0.0025439105,OK,0,0.22681544,0.023980022,7.5021145e-07,3.1241262e-05,15,1.5,0.02,0.04,-0.05,40,40,40,40,40,10,0
11.36,0.14578492,0.0022340553,-0.00020785288,-0.00071319003,-0.14578492,-0.0022340553,0.00020785288,0.00071319003,-0.0011825175,-0.0011825175,OK,0,0.22692171,0.023980047,7.5042747e-07,3.1243805e-05,15,1.5,0.02,0.04,-0.05,40,40,40,40,40,10,0
11.365,0.14580582,0.00070246504,-0.00021341625,-0.00013531268,-0.14580582,-0.00070246504,0.00021341625,0.00013531268,-0.00045999781,-0.00045999781,OK,0,0.22702801,0.02398005,7.506552e-07,3.1243896e-05,15,1.5,0.02,0.04,-0.05,40,40,40,40,40,10,0
11.37,0.14579368,0.0003059111,-0.00020996005,2.7030322e-05,-0.14579368,-0.0003059111,0.00020996005,-2.7030322e-05,-0.00018074509,-0.00018074509,OK,0,0.22713428,0.02398005,7.5087562e-07,3.12439e-05,15,1.5,0.02,0.04,-0.05,40,40,40,40,40,10,0
11.375,0.14579504,0.00025581155,-0.00020970733,2.8629012e-05,-0.14579504,-0.00025581155,0.00020970733,-2.8629012e-05,-0.00017653326,-0.00017653326,OK,0,0.22724056,0.023980051,7.510955e-07,3.1243904e-05,15,1.5,0.02,0.04,-0.05,40,40,40,40,40,10,0
11.38,0.14579616,0.00021337239,-0.00020945428,2.7551945e-05,-0.14579616,-0.00021337239,0.00020945428,-2.7551945e-05,-0.00017602815,-0.00017602815,OK,0,0.22734685,0.023980051,7.5131486e-07,3.1243908e-05,15,1.5,0.02,0.04,-0.05,40,40,40,40,40,10,0
11.385,0.14579439,-0.0022635142,-0.00020886439,0.00062838202,-0.14579439,0.0022635142,0.00020886439,-0.00062838202,0.00063495436,0.00063495436,OK,0,0.22745313,0.023980077,7.5153298e-07,3.1245882e-05,15,1.5,0.02,0.04,-0.05,40,40,40,40,40,10,0
11.39,0.14580097,-0.0011675238,-0.00021063439,0.00015970663,-0.14580097,0.0011675238,0.00021063439,-0.00015970663,-5.0637457e-05,-5.0637457e-05,OK,0,0.22755942,0.023980083,7.5175481e-07,3.124601e-05,15,1.5,0.02,0.04,-0.05,40,40,40,40,40,10,0
11.395,0.14579561,0.0038339213,-0.00021012863,-0.0011184871,-0.14579561,-0.0038339213,0.00021012863,0.0011184871,-0.0017603909,-0.0017603909,OK,0,0.2276657,0.023980157,7.5197558e-07,3.1252265e-05,15,1.5,0.02,0.04,-0.05,40,40,40,40,40,10,0
11.4,0.14580285,-0.0033292652,-0.00021181449,0.00099544084,-0.14580285,0.0033292652,0.00021181449,-0.00099544084,0.0010988302,0.0010988302,OK,0,0.22777199,0.023980212,7.5219991e-07,3.1257219e-05,15,1.5,0.02,0.04,-0.05,40,40,40,40,40,10,0
11.405,0.14579178,0.0033135374,-0.00020894851,-0.00094448413,-0.14579178,-0.0033135374,0.00020894851,0.00094448413,-0.0015025767,-0.0015025767,OK,0,0.22787827,0.023980267,7.5241821e-07,3.126168e-05,15,1.5,0.02,0.04,-0.05,40,40,40,40,40,10,0
11.41,0.14580712,-0.0010767549,-0.00021265743,0.00041894174,-0.14580712,0.0010767549,0.00021265743,-0.00041894174,0.00031162333,0.00031162333,OK,0,0.22798457,0.023980273,7.5264432e-07,3.1262557e-05,15,1.5,0.02,0.04,-0.05,40,40,40,40,40,10,0
11.415,0.14578939,-0.00036845316,-0.0002077684,0.00013655652,-0.14578939,0.00036845316,0.0002077684,-0.00013655652,-1.0641474e-05,-1.0641474e-05,OK,0,0.22809084,0.023980274,7.5286016e-07,3.126265e-05,15,1.5,0.02,0.04,-0.05,40,40,40,40,40,10,0
11.42,0.14581685,0.0045917282,-0.00021468047,-0.001166611,-0.14581685,-0.0045917282,0.00021468047,0.001166611,-0.0018701175,-0.0018701175,OK,0,0.22819715,0.023980379,7.530906e-07,3.1269455e-05,15,1.5,0.02,0.04,-0.05,40,40,40,40,40,10,0
11.425,0.14580368,-0.0074788546,-0.0002102972,0.002212727,-0.14580368,0.0074788546,0.0002102972,-0.002212727,0.002781552,0.002781552,OK,0,0.22830345,0.023980659,7.5331172e-07,3.1293936e-05,15,1.5,0.02,0.04,-0.05,40,40,40,40,40,10,0
11.43,0.14579835,0.0063834585,-0.00020911676,-0.001901791,-0.14579835,-0.0063834585,0.00020911676,0.001901791,-0.0028181326,-0.0028181326,OK,0,0.22840973,0.023980862,7.5353037e-07,3.131202e-05,15,1.5,0.02,0.04,-0.05,40,40,40,40,40,10,0
11.435,0.14580167,-0.0046937204,-0.00020996002,0.0014231334,-0.14580167,0.0046937204,0.00020996002,-0.0014231334,0.0017135844,0.0017135844,OK,0,0.22851602,0.023980973,7.5375079e-07,3.1322147e-05,15,1.5,0.02,0.04,-0.05,40,40,40,40,40,10,0
11.44,0.14580568,0.0076450429,-0.00021088742,-0.0020769061,-0.14580568,-0.0076450429,0.00021088742,0.0020769061,-0.0030567551,-0.0030567551,OK,0,0.22862232,0.023981265,7.5397316e-07,3.1343714e-05,15,1.5,0.02,0.04,-0.05,40,40,40,40,40,10,0
11.445,0.14580229,-0.0061796789,-0.00020911708,0.0019879484,-0.14580229,0.0061796789,0.00020911708,-0.0019879484,0.0025140249,0.0025140249,OK,0,0.22872861,0.023981456,7.5419181e-07,3.1363474e-05,15,1.5,0.02,0.04,-0.05,40,40,40,40,40,10,0
11.45,0.14580229,0.0073007154,-0.00020861132,-0.0019722647,-0.14580229,-0.0073007154,0.00020861132,0.0019722647,-0.0028794925,-0.0028794925,OK,0,0.2288349,0.023981722,7.544094e-07,3.1382923e-05,15,1.5,0.02,0.04,-0.05,40,40,40,40,40,10,0
11.455,0.14579795,-0.0062754102,-0.00020658827,0.001992182,-0.14579795,0.0062754102,0.00020658827,-0.001992182,0.0025543916,0.0025543916,OK,0,0.22894119,0.023981919,7.5462279e-07,3.1402767e-05,15,1.5,0.02,0.04,-0.05,40,40,40,40,40,10,0
11.46,0.14580708,0.0023998109,-0.00020869578,-0.00078680469,-0.14580708,-0.0023998109,0.00020869578,0.00078680469,-0.0012985097,-0.0012985097,OK,0,0.22904748,0.023981948,7.5484056e-07,3.1405863e-05,15,1.5,0.02,0.04,-0.05,40,40,40,40,40,10,0
11.465,0.14579008,-0.0040035551,-0.00020473381,0.00106325,-0.14579008,0.0040035551,0.00020473381,-0.00106325,0.0012795272,0.0012795272,OK,0,0.22915376,0.023982028,7.5505014e-07,3.1411515e-05,15,1.5,0.02,0.04,-0.05,40,40,40,40,40,10,0
11.47,0.14581482,0.007610056,-0.00021139317,-0.0021861594,-0.14581482,-0.007610056,0.00021139317,0.0021861594,-0.0032294382,-0.0032294382,OK,0,0.22926007,0.023982318,7.5527358e-07,3.1435412e-05,15,1.5,0.02,0.04,-0.05,40,40,40,40,40,10,0
11.475,0.14581071,-0.0063993717,-0.00020996001,0.0019756042,-0.14581071,0.0063993717,0.00020996001,-0.0019756042,0.0024742456,0.0024742456,OK,0,0.22936637,0.023982522,7.5549399e-07,3.1454927e-05,15,1.5,0.02,0.04,-0.05,40,40,40,40,40,10,0
11.48,0.14579004,0.0022116918,-0.00020473381,-0.00075651144,-0.14579004,-0.0022116918,0.00020473381,0.00075651144,-0.0012015058,-0.0012015058,OK,0,0.22947265,0.023982547,7.5570357e-07,3.1457788e-05,15,1.5,0.02,0.04,-0.05,40,40,40,40,40,10,0
11.485,0.14581112,0.00065807897,-0.0002101286,-0.0001682129,-0.14581112,-0.00065807897,0.0002101286,0.0001682129,-0.00046170283,-0.00046170283,OK,0,0.22957895,0.023982549,7.5592434e-07,3.145793e-05,15,1.5,0.02,0.04,-0.05,40,40,40,40,40,10,0
11.49,0.14579869,0.00026798736,-0.00020692544,-6.3975174e-06,-0.14579869,-0.00026798736,0.00020692544,6.3975174e-06,-0.00018678465,-0.00018678465,OK,0,0.22968524,0.023982549,7.5613844e-07,3.145793e-05,15,1.5,0.02,0.04,-0.05,40,40,40,40,40,10,0
11.495,0.14579974,0.00021404985,-0.00020692544,-1.8417819e-06,-0.14579974,-0.00021404985,0.00020692544,1.8417819e-06,-0.00018208738,-0.00018208738,OK,0,0.22979152,0.02398255,7.5635253e-07,3.145793e-05,15,1.5,0.02,0.04,-0.05,40,40,40,40,40,10,0
11.5,0.14580054,0.00016833252,-0.00020692544,-2.4388097e-07,-0.14580054,-0.00016833252,0.00020692544,2.4388097e-07,-0.00018150321,-0.00018150321,OK,0,0.22989781,0.02398255,7.5656662e-07,3.145793e-05,15,1.5,0.02,0.04,-0.05,40,40,40,40,40,10,0
11.505,0.14580372,0.0025266069,-0.00020734707,-0.0006006269,-0.14580372,-0.0025266069,0.00020734707,0.0006006269,-0.00099400771,-0.00099400771,OK,0,0.23000411,0.023982582,7.5678158e-07,3.1459734e-05,15,1.5,0.02,0.04,-0.05,40,40,40,40,40,10,0
11.51,0.14579799,0.0013230868,-0.00020549261,-0.00013155776,-0.14579799,-0.0013230868,0.00020549261,0.00013155776,-0.00031084251,-0.00031084251,OK,0,0.23011039,0.02398259,7.5699272e-07,3.145982e-05,15,1.5,0.02,0.04,-0.05,40,40,40,40,40,10,0
11.515,0.14579889,-0.0037714472,-0.0002047338,0.0011494587,-0.14579889,0.0037714472,0.0002047338,-0.0011494587,0.001418301,0.001418301,OK,0,0.23021668,0.023982662,7.572023e-07,3.1466426e-05,15,1.5,0.02,0.04,-0.05,40,40,40,40,40,10,0
11.52,0.14581582,0.0032829541,-0.00020894848,-0.00097569358,-0.14581582,-0.0032829541,0.00020894848,0.00097569358,-0.0015501331,-0.0015501331,OK,0,0.23032299,0.023982715,7.5742059e-07,3.1471186e-05,15,1.5,0.02,0.04,-0.05,40,40,40,40,40,10,0
11.525,0.14579739,-0.0083360744,-0.00020422803,0.0022220547,-0.14579739,0.0083360744,0.00020422803,-0.0022220547,0.0028521663,0.0028521663,OK,0,0.23042927,0.023983063,7.5762914e-07,3.1495874e-05,15,1.5,0.02,0.04,-0.05,40,40,40,40,40,10,0
11.53,0.14581198,0.010444605,-0.00020937011,-0.0031385507,-0.14581198,-0.010444605,0.00020937011,0.0031385507,-0.0045143539,-0.0045143539,OK,0,0.23053558,0.023983608,7.5784832e-07,3.1545126e-05,15,1.5,0.02,0.04,-0.05,40,40,40,40,40,10,0
11.535,0.14581654,-0.0054520319,-0.00021021304,0.0017632295,-0.14581654,0.0054520319,0.00021021304,-0.0017632295,0.0021898982,0.0021898982,OK,0,0.23064189,0.023983757,7.5806927e-07,3.1560671e-05,15,1.5,0.02,0.04,-0.05,40,40,40,40,40,10,0
11.54,0.14579948,0.0027604748,-0.0002054926,-0.00080712071,-0.14579948,-0.0027604748,0.0002054926,0.00080712071,-0.0012666615,-0.0012666615,OK,0,0.23074818,0.023983795,7.582804e-07,3.1563929e-05,15,1.5,0.02,0.04,-0.05,40,40,40,40,40,10,0
11.545,0.14580335,-0.0036959411,-0.00020658825,0.0010231322,-0.14580335,0.0036959411,0.00020658825,-0.0010231322,0.001204104,0.001204104,OK,0,0.23085447,0.023983863,7.584938e-07,3.1569163e-05,15,1.5,0.02,0.04,-0.05,40,40,40,40,40,10,0
11.55,0.1458102,0.007917754,-0.00020861129,-0.0021835479,-0.1458102,-0.007917754,0.00020861129,0.0021835479,-0.0031715771,-0.0031715771,OK,0,0.23096078,0.023984177,7.5871139e-07,3.1593002e-05,15,1.5,0.02,0.04,-0.05,40,40,40,40,40,10,0
11.555,0.14580777,-0.0060658571,-0.000207094,0.0019467016,-0.14580777,0.0060658571,0.000207094,-0.0019467016,0.0024871636,0.0024871636,OK,0,0.23106708,0.023984361,7.5892583e-07,3.161195e-05,15,1.5,0.02,0.04,-0.05,40,40,40,40,40,10,0
11.56,0.14580833,0.0073819192,-0.00020667271,-0.0019990152,-0.14580833,-0.0073819192,0.00020667271,0.0019990152,-0.0028871701,-0.0028871701,OK,0,0.23117338,0.023984633,7.591394e-07,3.1631931e-05,15,1.5,0.02,0.04,-0.05,40,40,40,40,40,10,0
11.565,0.14580425,-0.0061989398,-0.00020490237,0.0019687193,-0.14580425,0.0061989398,0.00020490237,-0.0019687193,0.0025476709,0.0025476709,OK,0,0.23127967,0.023984825,7.5934932e-07,3.165131e-05,15,1.5,0.02,0.04,-0.05,40,40,40,40,40,10,0
11.57,0.14580412,0.0073309815,-0.00020473378,-0.0020102549,-0.14580412,-0.0073309815,0.00020473378,0.0020102549,-0.0028770675,-0.0028770675,OK,0,0.23138596,0.023985094,7.595589e-07,3.1671515e-05,15,1.5,0.02,0.04,-0.05,40,40,40,40,40,10,0
11.575,0.14580031,-0.006240001,-0.00020254215,0.0019533245,-0.14580031,0.006240001,0.00020254215,-0.0019533245,0.0025582607,0.0025582607,OK,0,0.23149225,0.023985289,7.5976402e-07,3.1690593e-05,15,1.5,0.02,0.04,-0.05,40,40,40,40,40,10,0
11.58,0.14581446,0.0048538651,-0.00020608248,-0.0014311793,-0.14581446,-0.0048538651,0.00020608248,0.0014311793,-0.0021275622,-0.0021275622,OK,0,0.23159856,0.023985407,7.5997637e-07,3.1700834e-05,15,1.5,0.02,0.04,-0.05,40,40,40,40,40,10,0
11.585,0.14580151,-0.0075889379,-0.00020254214,0.0020992819,-0.14580151,0.0075889379,0.00020254214,-0.0020992819,0.0027232635,0.0027232635,OK,0,0.23170485,0.023985695,7.6018148e-07,3.1722869e-05,15,1.5,0.02,0.04,-0.05,40,40,40,40,40,10,0
11.59,0.14581429,0.0061447022,-0.00020700987,-0.0019821666,-0.14581429,-0.0061447022,0.00020700987,0.0019821666,-0.002916324,-0.002916324,OK,0,0.23181116,0.023985883,7.6039575e-07,3.1742514e-05,15,1.5,0.02,0.04,-0.05,40,40,40,40,40,10,0
11.595,0.14580455,-0.0074220156,-0.00020473377,0.0020014611,-0.14580455,0.0074220156,0.00020473377,-0.0020014611,0.0025503955,0.0025503955,OK,0,0.23191746,0.023986159,7.6060533e-07,3.1762543e-05,15,1.5,0.02,0.04,-0.05,40,40,40,40,40,10,0
11.6,0.14581287,0.0036649164,-0.00020793693,-0.0013800587,-0.14581287,-0.0036649164,0.00020793693,0.0013800587,-0.0021262881,-0.0021262881,OK,0,0.23202376,0.023986226,7.6082152e-07,3.1772066e-05,15,1.5,0.02,0.04,-0.05,40,40,40,40,40,10,0
11.605,0.14579877,-0.00391227,-0.00020540812,0.00094447953,-0.14579877,0.00391227,0.00020540812,-0.00094447953,0.0010950821,0.0010950821,OK,0,0.23213005,0.023986302,7.6103248e-07,3.1776526e-05,15,1.5,0.02,0.04,-0.05,40,40,40,40,40,10,0
11.61,0.14581325,0.0026332786,-0.00021021302,-0.00099592608,-0.14581325,-0.0026332786,0.00021021302,0.00099592608,-0.0016254882,-0.0016254882,OK,0,0.23223636,0.023986337,7.6125343e-07,3.1781486e-05,15,1.5,0.02,0.04,-0.05,40,40,40,40,40,10,0
11.615,0.14579611,-0.0042286097,-0.00020667269,0.0010399423,-0.14579611,0.0042286097,0.00020667269,-0.0010399423,0.0012066009,0.0012066009,OK,0,0.23234264,0.023986427,7.61467e-07,3.1786893e-05,15,1.5,0.02,0.04,-0.05,40,40,40,40,40,10,0
11.62,0.14581926,0.0072883782,-0.0002135003,-0.0021698412,-0.14581926,-0.0072883782,0.0002135003,0.0021698412,-0.0032493459,-0.0032493459,OK,0,0.23244896,0.023986692,7.6169491e-07,3.1810434e-05,15,1.5,0.02,0.04,-0.05,40,40,40,40,40,10,0
11.625,0.14581362,-0.0067440688,-0.00021181442,0.0020015424,-0.14581362,0.0067440688,0.00021181442,-0.0020015424,0.0024716069,0.0024716069,OK,0,0.23255526,0.02398692,7.6191923e-07,3.1830465e-05,15,1.5,0.02,0.04,-0.05,40,40,40,40,40,10,0
11.63,0.14581061,0.0066885594,-0.00021122454,-0.0019380847,-0.14581061,-0.0066885594,0.00021122454,0.0019380847,-0.0028917404,-0.0028917404,OK,0,0.23266157,0.023987143,7.6214231e-07,3.1849246e-05,15,1.5,0.02,0.04,-0.05,40,40,40,40,40,10,0
11.635,0.14580318,-0.0068955158,-0.0002090329,0.0020304215,-0.14580318,0.0068955158,0.0002090329,-0.0020304215,0.0025503817,0.0025503817,OK,0,0.23276786,0.023987381,7.6236079e-07,3.1869859e-05,15,1.5,0.02,0.04,-0.05,40,40,40,40,40,10,0
11.64,0.14581918,0.0065957506,-0.00021307899,-0.0019540909,-0.14581918,-0.0065957506,0.00021307899,0.0019540909,-0.0029471076,-0.0029471076,OK,0,0.23287418,0.023987599,7.625878e-07,3.1888951e-05,15,1.5,0.02,0.04,-0.05,40,40,40,40,40,10,0
11.645,0.14581115,-0.0070068947,-0.00021105594,0.0020437565,-0.14581115,0.0070068947,0.00021105594,-0.0020437565,0.0025357427,0.0025357427,OK,0,0.23298048,0.023987844,7.6281052e-07,3.1909836e-05,15,1.5,0.02,0.04,-0.05,40,40,40,40,40,10,0
11.65,0.14580707,0.0065144709,-0.00021038159,-0.0019318952,-0.14580707,-0.0065144709,0.00021038159,0.0019318952,-0.0028768464,-0.0028768464,OK,0,0.23308678,0.023988056,7.6303183e-07,3.1928497e-05,15,1.5,0.02,0.04,-0.05,40,40,40,40,40,10,0
11.655,0.1458037,-0.002186647,-0.00020937007,0.00082399376,-0.1458037,0.002186647,0.00020937007,-0.00082399376,0.00092404779,0.00092404779,OK,0,0.23319307,0.02398808,7.63251e-07,3.1931892e-05,15,1.5,0.02,0.04,-0.05,40,40,40,40,40,10,0
11.66,0.14581176,-0.00069321491,-0.00021071877,0.00018521113,-0.14581176,0.00069321491,0.00021071877,-0.00018521113,5.5418495e-06,5.5418495e-06,OK,0,0.23329938,0.023988083,7.6347302e-07,3.1932063e-05,15,1.5,0.02,0.04,-0.05,40,40,40,40,40,10,0
11.665,0.14580921,0.0044016166,-0.00021004442,-0.0011286396,-0.14580921,-0.0044016166,0.00021004442,0.0011286396,-0.0017513768,-0.0017513768,OK,0,0.23340568,0.023988179,7.6369361e-07,3.1938432e-05,15,1.5,0.02,0.04,-0.05,40,40,40,40,40,10,0
11.67,0.14579997,-0.002691239,-0.00020709397,0.00097935831,-0.14579997,0.002691239,0.00020709397,-0.00097935831,0.0011709778,0.0011709778,OK,0,0.23351197,0.023988216,7.6390805e-07,3.1943228e-05,15,1.5,0.02,0.04,-0.05,40,40,40,40,40,10,0
11.675,0.14582085,0.0039660968,-0.00021189887,-0.0010059763,-0.14582085,-0.0039660968,0.00021189887,0.0010059763,-0.0016123866,-0.0016123866,OK,0,0.23361829,0.023988294,7.6413256e-07,3.1948288e-05,15,1.5,0.02,0.04,-0.05,40,40,40,40,40,10,0
11.68,0.14580573,-0.0077331692,-0.00020709396,0.0022248168,-0.14580573,0.0077331692,0.00020709396,-0.0022248168,0.0028376036,0.0028376036,OK,0,0.23372458,0.023988593,7.6434699e-07,3.1973037e-05,15,1.5,0.02,0.04,-0.05,40,40,40,40,40,10,0
11.685,0.14581872,0.0061698505,-0.00021071876,-0.0019250177,-0.14581872,-0.0061698505,0.00021071876,0.0019250177,-0.0028851395,-0.0028851395,OK,0,0.2338309,0.023988784,7.6456901e-07,3.1991566e-05,15,1.5,0.02,0.04,-0.05,40,40,40,40,40,10,0
11.69,0.14580878,-0.0073461577,-0.00020869571,0.0020381894,-0.14580878,0.0073461577,0.00020869571,-0.0020381894,0.0025491779,0.0025491779,OK,0,0.2339372,0.023989053,7.6478678e-07,3.2012337e-05,15,1.5,0.02,0.04,-0.05,40,40,40,40,40,10,0
11.695,0.14580328,0.0061914108,-0.00020785277,-0.0019438584,-0.14580328,-0.0061914108,0.00020785277,0.0019438584,-0.0028698572,-0.0028698572,OK,0,0.23404349,0.023989245,7.6500279e-07,3.203123e-05,15,1.5,0.02,0.04,-0.05,40,40,40,40,40,10,0
11.7,0.1458176,-0.002544424,-0.00021173027,0.00080613696,-0.1458176,0.002544424,0.00021173027,-0.00080613696,0.00084782636,0.00084782636,OK,0,0.23414981,0.023989277,7.6522694e-07,3.2034479e-05,15,1.5,0.02,0.04,-0.05,40,40,40,40,40,10,0
11.705,0.14580929,0.0037578247,-0.00020953864,-0.0009937162,-0.14580929,-0.0037578247,0.00020953864,0.0009937162,-0.0015671552,-0.0015671552,OK,0,0.23425611,0.023989348,7.6544647e-07,3.2039416e-05,15,1.5,0.02,0.04,-0.05,40,40,40,40,40,10,0
11.71,0.14580759,0.0017435943,-0.00020835853,-0.00019736369,-0.14580759,-0.0017435943,0.00020835853,0.00019736369,-0.00043552803,-0.00043552803,OK,0,0.23436241,0.023989363,7.6566354e-07,3.2039611e-05,15,1.5,0.02,0.04,-0.05,40,40,40,40,40,10,0
11.715,0.14581005,-0.0035165394,-0.0002077683,0.0011516551,-0.14581005,0.0035165394,0.0002077683,-0.0011516551,0.0013864974,0.0013864974,OK,0,0.23446871,0.023989425,7.6587938e-07,3.2046243e-05,15,1.5,0.02,0.04,-0.05,40,40,40,40,40,10,0
11.72,0.14581355,0.0035000053,-0.00020844265,-0.00095713608,-0.14581355,-0.0035000053,0.00020844265,0.00095713608,-0.0015060727,-0.0015060727,OK,0,0.23457502,0.023989486,7.6609662e-07,3.2050823e-05,15,1.5,0.02,0.04,-0.05,40,40,40,40,40,10,0
11.725,0.14580127,-0.003190681,-0.00020490232,0.0010100884,-0.14580127,0.003190681,0.00020490232,-0.0010100884,0.0012299958,0.0012299958,OK,0,0.23468131,0.023989537,7.6630654e-07,3.2055925e-05,15,1.5,0.02,0.04,-0.05,40,40,40,40,40,10,0
11.73,0.1458201,0.0035513362,-0.00020945418,-0.0010088199,-0.1458201,-0.0035513362,0.00020945418,0.0010088199,-0.001596587,-0.001596587,OK,0,0.23478763,0.0239896,7.665259e-07,3.2061013e-05,15,1.5,0.02,0.04,-0.05,40,40,40,40,40,10,0
11.735,0.14580275,-0.0081276726,-0.00020490231,0.0022139802,-0.14580275,0.0081276726,0.00020490231,-0.0022139802,0.0028383838,0.0028383838,OK,0,0.23489392,0.023989931,7.6673582e-07,3.2085522e-05,15,1.5,0.02,0.04,-0.05,40,40,40,40,40,10,0
11.74,0.14581863,0.010640776,-0.00020979134,-0.0031406817,-0.14581863,-0.010640776,0.00020979134,0.0031406817,-0.004515889,-0.004515889,OK,0,0.23500023,0.023990497,7.6695588e-07,3.2134841e-05,15,1.5,0.02,0.04,-0.05,40,40,40,40,40,10,0
11.745,0.14582386,-0.00524963,-0.00021097145,0.00175974,-0.14582386,0.00524963,0.00021097145,-0.00175974,0.0021815304,0.0021815304,OK,0,0.23510656,0.023990635,7.6717843e-07,3.2150325e-05,15,1.5,0.02,0.04,-0.05,40,40,40,40,40,10,0
11.75,0.14580797,0.0029563362,-0.00020608243,-0.00080728316,-0.14580797,-0.0029563362,0.00020608243,0.00080728316,-0.0012677482,-0.0012677482,OK,0,0.23521286,0.023990678,7.6739078e-07,3.2153583e-05,15,1.5,0.02,0.04,-0.05,40,40,40,40,40,10,0
11.755,0.14581294,-0.0034912484,-0.00020709394,0.0010208575,-0.14581294,0.0034912484,0.00020709394,-0.0010208575,0.001201486,0.001201486,OK,0,0.23531916,0.023990739,7.6760522e-07,3.2158794e-05,15,1.5,0.02,0.04,-0.05,40,40,40,40,40,10,0
11.76,0.14581596,0.0032643689,-0.00020793688,-0.0009820402,-0.14581596,-0.0032643689,0.00020793688,0.0009820402,-0.0015452195,-0.0015452195,OK,0,0.23542548,0.023990792,7.6782141e-07,3.2163616e-05,15,1.5,0.02,0.04,-0.05,40,40,40,40,40,10,0
11.765,0.14580222,-0.0034799072,-0.00020456513,0.001007243,-0.14580222,0.0034799072,0.00020456513,-0.001007243,0.0012192357,0.0012192357,OK,0,0.23553177,0.023990853,7.6803064e-07,3.2168688e-05,15,1.5,0.02,0.04,-0.05,40,40,40,40,40,10,0
11.77,0.14581974,0.0032475909,-0.0002089484,-0.001005604,-0.14581974,-0.0032475909,0.0002089484,0.001005604,-0.0015963336,-0.0015963336,OK,0,0.23563808,0.023990906,7.6824894e-07,3.2173745e-05,15,1.5,0.02,0.04,-0.05,40,40,40,40,40,10,0
11.775,0.14580558,-0.0035650917,-0.00020574524,0.0010118146,-0.14580558,0.0035650917,0.00020574524,-0.0010118146,0.0012050511,0.0012050511,OK,0,0.23574438,0.023990969,7.6846059e-07,3.2178864e-05,15,1.5,0.02,0.04,-0.05,40,40,40,40,40,10,0
11.78,0.14582257,0.0031458499,-0.00021012851,-0.00099406619,-0.14582257,-0.0031458499,0.00021012851,0.00099406619,-0.0016007415,-0.0016007415,OK,0,0.2358507,0.023991019,7.6868136e-07,3.2183804e-05,15,1.5,0.02,0.04,-0.05,40,40,40,40,40,10,0
11.785,0.14580562,-0.0061148382,-0.00020608241,0.001629074,-0.14580562,0.0061148382,0.00020608241,-0.001629074,0.0020238937,0.0020238937,OK,0,0.235957,0.023991206,7.6889371e-07,3.2197074e-05,15,1.5,0.02,0.04,-0.05,40,40,40,40,40,10,0
11.79,0.14582309,0.006607289,-0.00021130861,-0.002052604,-0.14582309,-0.006607289,0.00021130861,0.002052604,-0.0030677819,-0.0030677819,OK,0,0.23606332,0.023991424,7.6911697e-07,3.221814e-05,15,1.5,0.02,0.04,-0.05,40,40,40,40,40,10,0
11.795,0.14581456,-0.0071632965,-0.00020962274,0.0020140501,-0.14581456,0.0071632965,0.00020962274,-0.0020140501,0.0025064935,0.0025064935,OK,0,0.23616963,0.023991681,7.6933668e-07,3.2238422e-05,15,1.5,0.02,0.04,-0.05,40,40,40,40,40,10,0
11.8,0.1458097,0.0063202788,-0.00020894839,-0.0019454073,-0.1458097,-0.0063202788,0.00020894839,0.0019454073,-0.0028833317,-0.0028833317,OK,0,0.23627593,0.02399188,7.6955498e-07,3.2257345e-05,15,1.5,0.02,0.04,-0.05,40,40,40,40,40,10,0
11.805,0.14582462,-0.0024271663,-0.00021282589,0.00081017709,-0.14582462,0.0024271663,0.00021282589,-0.00081017709,0.00084228298,0.00084228298,OK,0,0.23638226,0.02399191,7.6978145e-07,3.2260627e-05,15,1.5,0.02,0.04,-0.05,40,40,40,40,40,10,0
11.81,0.14580246,-0.00094228177,-0.00020692534,0.00021768228,-0.14580246,0.00094228177,0.00020692534,-0.00021768228,0.00010100126,0.00010100126,OK,0,0.23648855,0.023991914,7.6999554e-07,3.2260864e-05,15,1.5,0.02,0.04,-0.05,40,40,40,40,40,10,0
11.815,0.14582771,0.0041921713,-0.00021350024,-0.0011532869,-0.14582771,-0.0041921713,0.00021350024,0.0011532869,-0.0018481929,-0.0018481929,OK,0,0.23659488,0.023992002,7.7022345e-07,3.2267514e-05,15,1.5,0.02,0.04,-0.05,40,40,40,40,40,10,0
11.82,0.14581248,-0.007834928,-0.00020928555,0.002210631,-0.14581248,0.007834928,0.00020928555,-0.002210631,0.0027795157,0.0027795157,OK,0,0.23670118,0.023992309,7.7044246e-07,3.2291948e-05,15,1.5,0.02,0.04,-0.05,40,40,40,40,40,10,0
11.825,0.14582464,0.005993493,-0.00021299447,-0.0019083612,-0.14582464,-0.005993493,0.00021299447,0.0019083612,-0.0029012265,-0.0029012265,OK,0,0.23680751,0.023992489,7.7066929e-07,3.2310158e-05,15,1.5,0.02,0.04,-0.05,40,40,40,40,40,10,0
11.83,0.145814,-0.0075381106,-0.00021063425,0.0020617516,-0.145814,0.0075381106,0.00021063425,-0.0020617516,0.0025478693,0.0025478693,OK,0,0.23691382,0.023992773,7.7089112e-07,3.2331412e-05,15,1.5,0.02,0.04,-0.05,40,40,40,40,40,10,0
11.835,0.14580744,0.0060040858,-0.00020979131,-0.0019216556,-0.14580744,-0.0060040858,0.00020979131,0.0019216556,-0.0028730409,-0.0028730409,OK,0,0.23702011,0.023992953,7.7111118e-07,3.2349876e-05,15,1.5,0.02,0.04,-0.05,40,40,40,40,40,10,0
11.84,0.14582071,-0.0027307773,-0.00021366881,0.00082833106,-0.14582071,0.0027307773,0.00021366881,-0.00082833106,0.00084464759,0.00084464759,OK,0,0.23712643,0.02399299,7.7133946e-07,3.2353306e-05,15,1.5,0.02,0.04,-0.05,40,40,40,40,40,10,0
11.845,0.14581153,0.0035715357,-0.00021130859,-0.00097127806,-0.14581153,-0.0035715357,0.00021130859,0.00097127806,-0.001567454,-0.001567454,OK,0,0.23723274,0.023993054,7.7156271e-07,3.2358023e-05,15,1.5,0.02,0.04,-0.05,40,40,40,40,40,10,0
11.85,0.14581837,-0.0032971087,-0.00021257316,0.0010265188,-0.14581837,0.0032971087,0.00021257316,-0.0010265188,0.0011356638,0.0011356638,OK,0,0.23733905,0.023993108,7.7178865e-07,3.2363292e-05,15,1.5,0.02,0.04,-0.05,40,40,40,40,40,10,0
11.855,0.14581721,0.0058253396,-0.00021215153,-0.0015426733,-0.14581721,-0.0058253396,0.00021215153,0.0015426733,-0.002346925,-0.002346925,OK,0,0.23744537,0.023993278,7.7201369e-07,3.2375191e-05,15,1.5,0.02,0.04,-0.05,40,40,40,40,40,10,0
11.86,0.14581049,-0.0045512892,-0.00020928554,0.0015088077,-0.14581049,0.0045512892,0.00020928554,-0.0015088077,0.0018580867,0.0018580867,OK,0,0.23755167,0.023993382,7.7223269e-07,3.2386573e-05,15,1.5,0.02,0.04,-0.05,40,40,40,40,40,10,0
11.865,0.14582517,0.0031272504,-0.00021265729,-0.00087449461,-0.14582517,-0.0031272504,0.00021265729,0.00087449461,-0.0014600077,-0.0014600077,OK,0,0.23765799,0.023993431,7.7245881e-07,3.2390397e-05,15,1.5,0.02,0.04,-0.05,40,40,40,40,40,10,0
11.87,0.14580874,-0.0059283894,-0.00020827402,0.0016660436,-0.14580874,0.0059283894,0.00020827402,-0.0016660436,0.0020539944,0.0020539944,OK,0,0.2377643,0.023993606,7.726757e-07,3.2404276e-05,15,1.5,0.02,0.04,-0.05,40,40,40,40,40,10,0
11.875,0.14582724,0.0068411754,-0.00021341609,-0.0020345807,-0.14582724,-0.0068411754,0.00021341609,0.0020345807,-0.0030629207,-0.0030629207,OK,0,0.23787062,0.02399384,7.7290343e-07,3.2424973e-05,15,1.5,0.02,0.04,-0.05,40,40,40,40,40,10,0
11.88,0.14582026,-0.0069163288,-0.00021130858,0.0020272928,-0.14582026,0.0069163288,0.00021130858,-0.0020272928,0.0025110625,0.0025110625,OK,0,0.23797694,0.023994079,7.7312669e-07,3.2445523e-05,15,1.5,0.02,0.04,-0.05,40,40,40,40,40,10,0
11.885,0.14581645,0.0065807439,-0.00021080282,-0.0019369698,-0.14581645,-0.0065807439,0.00021080282,0.0019369698,-0.0028879382,-0.0028879382,OK,0,0.23808325,0.023994296,7.7334888e-07,3.2464282e-05,15,1.5,0.02,0.04,-0.05,40,40,40,40,40,10,0
11.89,0.14580852,-0.0069903804,-0.00020861118,0.00202759,-0.14580852,0.0069903804,0.00020861118,-0.00202759,0.0025487725,0.0025487725,OK,0,0.23818955,0.02399454,7.7356647e-07,3.2484838e-05,15,1.5,0.02,0.04,-0.05,40,40,40,40,40,10,0
11.895,0.14582391,0.0065060142,-0.00021282586,-0.0019577271,-0.14582391,-0.0065060142,0.00021282586,0.0019577271,-0.0029522599,-0.0029522599,OK,0,0.23829588,0.023994752,7.7379294e-07,3.2504001e-05,15,1.5,0.02,0.04,-0.05,40,40,40,40,40,10,0
11.9,0.14581561,-0.0070977495,-0.00021063422,0.0020416444,-0.14581561,0.0070977495,0.00021063422,-0.0020416444,0.0025353554,0.0025353554,OK,0,0.23840219,0.023995004,7.7401478e-07,3.2524843e-05,15,1.5,0.02,0.04,-0.05,40,40,40,40,40,10,0
11.905,0.14582321,0.0088348325,-0.00021291032,-0.0025378399,-0.14582321,-0.0088348325,0.00021291032,0.0025378399,-0.0037305571,-0.0037305571,OK,0,0.23850851,0.023995394,7.7424143e-07,3.2557046e-05,15,1.5,0.02,0.04,-0.05,40,40,40,40,40,10,0
11.91,0.14582309,-0.0059293829,-0.00021215151,0.0019086752,-0.14582309,0.0059293829,0.00021215151,-0.0019086752,0.0023600267,0.0023600267,OK,0,0.23861483,0.02399557,7.7446647e-07,3.2575261e-05,15,1.5,0.02,0.04,-0.05,40,40,40,40,40,10,0
11.915,0.14581401,0.0049427279,-0.00020945411,-0.0013653791,-0.14581401,-0.0049427279,0.00020945411,0.0013653791,-0.0020758911,-0.0020758911,OK,0,0.23872114,0.023995692,7.7468583e-07,3.2584582e-05,15,1.5,0.02,0.04,-0.05,40,40,40,40,40,10,0
11.92,0.14582553,-0.002648121,-0.00021181433,0.00092443592,-0.14582553,0.002648121,0.00021181433,-0.00092443592,0.0010200247,0.0010200247,OK,0,0.23882747,0.023995727,7.7491016e-07,3.2588855e-05,15,1.5,0.02,0.04,-0.05,40,40,40,40,40,10,0
11.925,0.14581743,0.0039092297,-0.00020936999,-0.00097690721,-0.14581743,-0.0039092297,0.00020936999,0.00097690721,-0.0015331928,-0.0015331928,OK,0,0.23893378,0.023995804,7.7512933e-07,3.2593627e-05,15,1.5,0.02,0.04,-0.05,40,40,40,40,40,10,0
11.93,0.14581656,0.0019531187,-0.000208274,-0.00020247915,-0.14581656,-0.0019531187,0.000208274,0.00020247915,-0.00043337286,-0.00043337286,OK,0,0.23904009,0.023995823,7.7534622e-07,3.2593832e-05,15,1.5,0.02,0.04,-0.05,40,40,40,40,40,10,0
11.935,0.1458179,0.0015384708,-0.0002069253,-6.0718129e-05,-0.1458179,-0.0015384708,0.0002069253,6.0718129e-05,-0.00021705984,-0.00021705984,OK,0,0.23914641,0.023995834,7.7556031e-07,3.2593851e-05,15,1.5,0.02,0.04,-0.05,40,40,40,40,40,10,0
11.94,0.14582042,0.0014386978,-0.00020608237,-4.3577936e-05,-0.14582042,-0.0014386978,0.00020608237,4.3577936e-05,-0.00018264607,-0.00018264607,OK,0,0.23925272,0.023995845,7.7577266e-07,3.259386e-05,15,1.5,0.02,0.04,-0.05,40,40,40,40,40,10,0
11.945,0.14581332,0.0014583876,-0.00020254204,-4.4456531e-05,-0.14581332,-0.0014583876,0.00020254204,4.4456531e-05,-0.00013021337,-0.00013021337,OK,0,0.23935903,0.023995855,7.7597778e-07,3.259387e-05,15,1.5,0.02,0.04,-0.05,40,40,40,40,40,10,0
11.95,0.1458157,-0.0033607111,-0.0002016991,0.0011288319,-0.1458157,0.0033607111,0.0002016991,-0.0011288319,0.0014496468,0.0014496468,OK,0,0.23946534,0.023995912,7.7618119e-07,3.2600241e-05,15,1.5,0.02,0.04,-0.05,40,40,40,40,40,10,0
11.955,0.14582029,-0.0010591073,-0.00020254203,0.00018776673,-0.14582029,0.0010591073,0.00020254203,-0.00018776673,0.00011756118,0.00011756118,OK,0,0.23957166,0.023995917,7.7638631e-07,3.2600417e-05,15,1.5,0.02,0.04,-0.05,40,40,40,40,40,10,0
11.96,0.14582124,0.0017473753,-0.00020321638,-0.00058887901,-0.14582124,-0.0017473753,0.00020321638,0.00058887901,-0.00094524448,-0.00094524448,OK,0,0.23967798,0.023995933,7.7659279e-07,3.2602151e-05,15,1.5,0.02,0.04,-0.05,40,40,40,40,40,10,0
11.965,0.14581932,0.0030815558,-0.00020321638,-0.00075207887,-0.14581932,-0.0030815558,0.00020321638,0.00075207887,-0.0011367154,-0.0011367154,OK,0,0.2397843,0.02399598,7.7679928e-07,3.2604979e-05,15,1.5,0.02,0.04,-0.05,40,40,40,40,40,10,0
11.97,0.14581598,0.0016918833,-0.00020169909,-0.00020438114,-0.14581598,-0.0016918833,0.00020169909,0.00020438114,-0.00034806309,-0.00034806309,OK,0,0.23989061,0.023995995,7.7700269e-07,3.2605188e-05,15,1.5,0.02,0.04,-0.05,40,40,40,40,40,10,0
11.975,0.1458186,-0.0034351683,-0.00020127779,0.0010938055,-0.1458186,0.0034351683,0.00020127779,-0.0010938055,0.0014005068,0.0014005068,OK,0,0.23999692,0.023996054,7.7720526e-07,3.261117e-05,15,1.5,0.02,0.04,-0.05,40,40,40,40,40,10,0
11.98,0.14582283,0.003609943,-0.00020203626,-0.0010236554,-0.14582283,-0.003609943,0.00020203626,0.0010236554,-0.0015051727,-0.0015051727,OK,0,0.24010324,0.023996119,7.7740935e-07,3.261641e-05,15,1.5,0.02,0.04,-0.05,40,40,40,40,40,10,0
11.985,0.14581113,-0.0030702536,-0.00019883311,0.00094221245,-0.14581113,0.0030702536,0.00019883311,-0.00094221245,0.0012242345,0.0012242345,OK,0,0.24020955,0.023996166,7.7760702e-07,3.2620849e-05,15,1.5,0.02,0.04,-0.05,40,40,40,40,40,10,0
11.99,0.1458304,0.003673465,-0.00020389072,-0.0010744762,-0.1458304,-0.003673465,0.00020389072,0.0010744762,-0.0016065286,-0.0016065286,OK,0,0.24031588,0.023996233,7.7781488e-07,3.2626621e-05,15,1.5,0.02,0.04,-0.05,40,40,40,40,40,10,0
11.995,0.14581371,-0.0080089225,-0.00019959191,0.0021526492,-0.14581371,0.0080089225,0.00019959191,-0.0021526492,0.0028310125,0.0028310125,OK,0,0.24042219,0.023996554,7.7801406e-07,3.2649791e-05,15,1.5,0.02,0.04,-0.05,40,40,40,40,40,10,0
12,0.1458277,0.0083263806,-0.00020422789,-0.0025964801,-0.1458277,-0.0083263806,0.00020422789,0.0025964801,-0.0037085292,-0.0037085292,OK,0,0.24052852,0.023996901,7.7822261e-07,3.2683499e-05,15,1.5,0.02,0.04,-0.05,40,40,40,40,40,10,0
12.005,0.14582534,-0.0063784371,-0.00020372212,0.0018389156,-0.14582534,0.0063784371,0.00020372212,-0.0018389156,0.0023639109,0.0023639109,OK,0,0.24063484,0.023997104,7.7843012e-07,3.2700407e-05,15,1.5,0.02,0.04,-0.05,40,40,40,40,40,10,0
12.01,0.14582361,0.0069127901,-0.00020389071,-0.0020399432,-0.14582361,-0.0069127901,0.00020389071,0.0020399432,-0.0029252916,-0.0029252916,OK,0,0.24074117,0.023997343,7.7863798e-07,3.2721214e-05,15,1.5,0.02,0.04,-0.05,40,40,40,40,40,10,0
12.015,0.14581731,-0.0067053933,-0.00020203625,0.0019461328,-0.14581731,0.0067053933,0.00020203625,-0.0019461328,0.0025367859,0.0025367859,OK,0,0.24084748,0.023997568,7.7884207e-07,3.2740151e-05,15,1.5,0.02,0.04,-0.05,40,40,40,40,40,10,0
12.02,0.1458292,0.004377545,-0.00020549245,-0.0014308132,-0.1458292,-0.004377545,0.00020549245,0.0014308132,-0.0021369208,-0.0021369208,OK,0,0.24095381,0.023997664,7.7905321e-07,3.2750387e-05,15,1.5,0.02,0.04,-0.05,40,40,40,40,40,10,0
12.025,0.14581379,-0.0080620066,-0.00020203624,0.002101006,-0.14581379,0.0080620066,0.00020203624,-0.002101006,0.0027147608,0.0027147608,OK,0,0.24106012,0.023997989,7.792573e-07,3.2772458e-05,15,1.5,0.02,0.04,-0.05,40,40,40,40,40,10,0
12.03,0.14582944,0.010542223,-0.00020734691,-0.0031849238,-0.14582944,-0.010542223,0.00020734691,0.0031849238,-0.0045493117,-0.0045493117,OK,0,0.24116645,0.023998544,7.7947226e-07,3.2823177e-05,15,1.5,0.02,0.04,-0.05,40,40,40,40,40,10,0
12.035,0.14583407,-0.0053839259,-0.0002086956,0.0017322863,-0.14583407,0.0053839259,0.0002086956,-0.0017322863,0.0021693199,0.0021693199,OK,0,0.24127279,0.023998689,7.7969003e-07,3.2838181e-05,15,1.5,0.02,0.04,-0.05,40,40,40,40,40,10,0
12.04,0.14581738,0.0028199847,-0.00020405929,-0.00083105404,-0.14581738,-0.0028199847,0.00020405929,0.00083105404,-0.0012783234,-0.0012783234,OK,0,0.2413791,0.023998729,7.7989824e-07,3.2841634e-05,15,1.5,0.02,0.04,-0.05,40,40,40,40,40,10,0
12.045,0.14582193,-0.0036319489,-0.00020490222,0.0010009571,-0.14582193,0.0036319489,0.00020490222,-0.0010009571,0.001199063,0.001199063,OK,0,0.24148542,0.023998795,7.8010816e-07,3.2846644e-05,15,1.5,0.02,0.04,-0.05,40,40,40,40,40,10,0
12.05,0.14582395,0.0031306081,-0.00020616679,-0.0010026991,-0.14582395,-0.0031306081,0.00020616679,0.0010026991,-0.0015548473,-0.0015548473,OK,0,0.24159174,0.023998844,7.8032068e-07,3.2851671e-05,15,1.5,0.02,0.04,-0.05,40,40,40,40,40,10,0
12.055,0.14581918,0.0011976373,-0.00020532385,-0.00021554447,-0.14581918,-0.0011976373,0.00020532385,0.00021554447,-0.0004388854,-0.0004388854,OK,0,0.24169806,0.023998851,7.8053147e-07,3.2851903e-05,15,1.5,0.02,0.04,-0.05,40,40,40,40,40,10,0
12.06,0.1458192,-0.0040546289,-0.00020456504,0.0011330019,-0.1458192,0.0040546289,0.00020456504,-0.0011330019,0.001385226,0.001385226,OK,0,0.24180438,0.023998933,7.8074071e-07,3.2858322e-05,15,1.5,0.02,0.04,-0.05,40,40,40,40,40,10,0
12.065,0.1458273,0.00056708822,-0.00020709385,-0.00037568772,-0.1458273,-0.00056708822,0.00020709385,0.00037568772,-0.00073070968,-0.00073070968,OK,0,0.2419107,0.023998935,7.8095515e-07,3.2859028e-05,15,1.5,0.02,0.04,-0.05,40,40,40,40,40,10,0
12.07,0.14581341,-0.00018791001,-0.00020439612,-6.3268389e-05,-0.14581341,0.00018791001,0.00020439612,6.3268389e-05,-0.00025209266,-0.00025209266,OK,0,0.24201701,0.023998935,7.8116404e-07,3.2859048e-05,15,1.5,0.02,0.04,-0.05,40,40,40,40,40,10,0
12.075,0.14583353,0.0020469337,-0.00021012841,-0.00063045318,-0.14583353,-0.0020469337,0.00021012841,0.00063045318,-0.001099058,-0.001099058,OK,0,0.24212335,0.023998956,7.8138481e-07,3.2861035e-05,15,1.5,0.02,0.04,-0.05,40,40,40,40,40,10,0
12.08,0.14581572,-0.004040545,-0.00020574514,0.0010968212,-0.14581572,0.004040545,0.00020574514,-0.0010968212,0.0013137472,0.0013137472,OK,0,0.24222966,0.023999038,7.8159646e-07,3.286705e-05,15,1.5,0.02,0.04,-0.05,40,40,40,40,40,10,0
12.085,0.14583078,0.0028373588,-0.00020995982,-0.00097458382,-0.14583078,-0.0028373588,0.00020995982,0.00097458382,-0.0015811632,-0.0015811632,OK,0,0.24233599,0.023999078,7.8181688e-07,3.2871799e-05,15,1.5,0.02,0.04,-0.05,40,40,40,40,40,10,0
12.09,0.14581489,-0.0039403192,-0.00020641949,0.001030564,-0.14581489,0.0039403192,0.00020641949,-0.001030564,0.0012082387,0.0012082387,OK,0,0.2424423,0.023999156,7.8202992e-07,3.2877109e-05,15,1.5,0.02,0.04,-0.05,40,40,40,40,40,10,0
12.095,0.14583467,0.0051938368,-0.00021215145,-0.0015829139,-0.14583467,-0.0051938368,0.00021215145,0.0015829139,-0.0024321957,-0.0024321957,OK,0,0.24254864,0.02399929,7.8225496e-07,3.2889637e-05,15,1.5,0.02,0.04,-0.05,40,40,40,40,40,10,0
12.1,0.14582228,-0.0076572163,-0.00020877937,0.0021148688,-0.14582228,0.0076572163,0.00020877937,-0.0021148688,0.0026507696,0.0026507696,OK,0,0.24265496,0.023999584,7.8247291e-07,3.2912001e-05,15,1.5,0.02,0.04,-0.05,40,40,40,40,40,10,0
12.105,0.14583457,0.0059992509,-0.00021299438,-0.001932899,-0.14583457,-0.0059992509,0.00021299438,0.001932899,-0.0029376028,-0.0029376028,OK,0,0.2427613,0.023999764,7.8269974e-07,3.2930681e-05,15,1.5,0.02,0.04,-0.05,40,40,40,40,40,10,0
12.11,0.14582383,-0.007572321,-0.00021071862,0.0020551632,-0.14582383,0.007572321,0.00021071862,-0.0020551632,0.0025355493,0.0025355493,OK,0,0.24286762,0.02400005,7.8292175e-07,3.29518e-05,15,1.5,0.02,0.04,-0.05,40,40,40,40,40,10,0
12.115,0.14581718,0.0059641863,-0.00020979123,-0.0019241441,-0.14581718,-0.0059641863,0.00020979123,0.0019241441,-0.0028781735,-0.0028781735,OK,0,0.24297394,0.024000228,7.8314181e-07,3.2970311e-05,15,1.5,0.02,0.04,-0.05,40,40,40,40,40,10,0
12.12,0.14583029,-0.0027663138,-0.00021366872,0.00082585111,-0.14583029,0.0027663138,0.00021366872,-0.00082585111,0.00083969897,0.00083969897,OK,0,0.24308027,0.024000266,7.8337008e-07,3.2973722e-05,15,1.5,0.02,0.04,-0.05,40,40,40,40,40,10,0
12.125,0.14582095,0.0035404653,-0.00021130851,-0.00097381856,-0.14582095,-0.0035404653,0.00021130851,0.00097381856,-0.0015723179,-0.0015723179,OK,0,0.24318659,0.024000329,7.8359334e-07,3.2978463e-05,15,1.5,0.02,0.04,-0.05,40,40,40,40,40,10,0
12.13,0.14582749,-0.0033237573,-0.00021274166,0.0010239072,-0.14582749,0.0033237573,0.00021274166,-0.0010239072,0.0011283353,0.0011283353,OK,0,0.24329292,0.024000384,7.8381964e-07,3.2983705e-05,15,1.5,0.02,0.04,-0.05,40,40,40,40,40,10,0
12.135,0.14583122,0.0033465179,-0.00021333155,-0.00094295492,-0.14583122,-0.0033465179,0.00021333155,0.00094295492,-0.0015639205,-0.0015639205,OK,0,0.24339925,0.02400044,7.8404719e-07,3.2988151e-05,15,1.5,0.02,0.04,-0.05,40,40,40,40,40,10,0
12.14,0.14581783,-0.003404787,-0.00020979122,0.0010508981,-0.14581783,0.003404787,0.00020979122,-0.0010508981,0.0012096441,0.0012096441,OK,0,0.24350557,0.024000498,7.8426725e-07,3.2993673e-05,15,1.5,0.02,0.04,-0.05,40,40,40,40,40,10,0
12.145,0.14583552,0.0033290219,-0.00021417448,-0.0009626568,-0.14583552,-0.0033290219,0.00021417448,0.0009626568,-0.0016067311,-0.0016067311,OK,0,0.24361191,0.024000554,7.844966e-07,3.2998306e-05,15,1.5,0.02,0.04,-0.05,40,40,40,40,40,10,0
12.15,0.14581718,-0.0083449866,-0.00020928545,0.0022600135,-0.14581718,0.0083449866,0.00020928545,-0.0022600135,0.0028332828,0.0028332828,OK,0,0.24371822,0.024000902,7.8471561e-07,3.3023845e-05,15,1.5,0.02,0.04,-0.05,40,40,40,40,40,10,0
12.155,0.14583204,0.010434682,-0.00021392176,-0.0030973821,-0.14583204,-0.010434682,0.00021392176,0.0030973821,-0.0045208715,-0.0045208715,OK,0,0.24382455,0.024001446,7.8494442e-07,3.3071814e-05,15,1.5,0.02,0.04,-0.05,40,40,40,40,40,10,0
12.16,0.1458364,-0.0054454443,-0.00021476469,0.0018005665,-0.1458364,0.0054454443,0.00021476469,-0.0018005665,0.0021782897,0.0021782897,OK,0,0.24393089,0.024001595,7.8517504e-07,3.3088024e-05,15,1.5,0.02,0.04,-0.05,40,40,40,40,40,10,0
12.165,0.14581931,0.0027762734,-0.0002099598,-0.00077063135,-0.14581931,-0.0027762734,0.0002099598,0.00077063135,-0.0012779069,-0.0012779069,OK,0,0.24403721,0.024001633,7.8539545e-07,3.3090993e-05,15,1.5,0.02,0.04,-0.05,40,40,40,40,40,10,0
12.17,0.14583315,-0.0012608767,-0.00021307882,0.00045510723,-0.14583315,0.0012608767,0.00021307882,-0.00045510723,0.0003527064,0.0003527064,OK,0,0.24414355,0.024001641,7.8562247e-07,3.3092029e-05,15,1.5,0.02,0.04,-0.05,40,40,40,40,40,10,0
12.175,0.1458291,0.0043550101,-0.00021189871,-0.0010653504,-0.1458291,-0.0043550101,0.00021189871,0.0010653504,-0.001685724,-0.001685724,OK,0,0.24424988,0.024001736,7.8584697e-07,3.3097704e-05,15,1.5,0.02,0.04,-0.05,40,40,40,40,40,10,0
12.18,0.14582022,-0.0026201421,-0.00020852697,0.0009984446,-0.14582022,0.0026201421,0.00020852697,-0.0009984446,0.0011813611,0.0011813611,OK,0,0.2443562,0.02400177,7.8606439e-07,3.3102688e-05,15,1.5,0.02,0.04,-0.05,40,40,40,40,40,10,0
12.185,0.14583449,0.0016715999,-0.00021130849,-0.0003970957,-0.14583449,-0.0016715999,0.00021130849,0.0003970957,-0.00078171711,-0.00078171711,OK,0,0.24446253,0.024001784,7.8628764e-07,3.3103476e-05,15,1.5,0.02,0.04,-0.05,40,40,40,40,40,10,0
12.19,0.14581622,-0.0039615257,-0.00020625087,0.0011468488,-0.14581622,0.0039615257,0.00020625087,-0.0011468488,0.0013843736,0.0013843736,OK,0,0.24456885,0.024001863,7.8650034e-07,3.3110053e-05,15,1.5,0.02,0.04,-0.05,40,40,40,40,40,10,0
12.195,0.1458415,0.0078333183,-0.00021291023,-0.0021712353,-0.1458415,-0.0078333183,0.00021291023,0.0021712353,-0.0032203437,-0.0032203437,OK,0,0.24467519,0.024002169,7.86727e-07,3.3133624e-05,15,1.5,0.02,0.04,-0.05,40,40,40,40,40,10,0
12.2,0.14583878,-0.0061302478,-0.00021130848,0.0019767044,-0.14583878,0.0061302478,0.00021130848,-0.0019767044,0.0024669952,0.0024669952,OK,0,0.24478154,0.024002357,7.8695025e-07,3.3153161e-05,15,1.5,0.02,0.04,-0.05,40,40,40,40,40,10,0
12.205,0.14581954,0.0025043198,-0.00020608228,-0.00076006128,-0.14581954,-0.0025043198,0.00020608228,0.00076006128,-0.0012147625,-0.0012147625,OK,0,0.24488786,0.024002389,7.871626e-07,3.3156049e-05,15,1.5,0.02,0.04,-0.05,40,40,40,40,40,10,0
12.21,0.14584198,0.00096710866,-0.00021164565,-0.00017332692,-0.14584198,-0.00096710866,0.00021164565,0.00017332692,-0.00047915128,-0.00047915128,OK,0,0.24499421,0.024002393,7.8738657e-07,3.31562e-05,15,1.5,0.02,0.04,-0.05,40,40,40,40,40,10,0
12.215,0.14582142,-0.004226888,-0.00020608228,0.0011947448,-0.14582142,0.004226888,0.00020608228,-0.0011947448,0.001448236,0.001448236,OK,0,0.24510053,0.024002483,7.8759892e-07,3.3163337e-05,15,1.5,0.02,0.04,-0.05,40,40,40,40,40,10,0
12.22,0.14583606,0.0028493853,-0.00021012837,-0.00095578229,-0.14583606,-0.0028493853,0.00021012837,0.00095578229,-0.0015549024,-0.0015549024,OK,0,0.24520687,0.024002523,7.8781969e-07,3.3167904e-05,15,1.5,0.02,0.04,-0.05,40,40,40,40,40,10,0
12.225,0.1458204,-0.0038845086,-0.00020650391,0.0010326372,-0.1458204,0.0038845086,0.00020650391,-0.0010326372,0.001212425,0.001212425,OK,0,0.24531318,0.024002599,7.8803291e-07,3.3173236e-05,15,1.5,0.02,0.04,-0.05,40,40,40,40,40,10,0
12.23,0.14583564,0.0028549117,-0.00021105576,-0.0009821787,-0.14583564,-0.0028549117,0.00021105576,0.0009821787,-0.0016081952,-0.0016081952,OK,0,0.24541952,0.02400264,7.8825563e-07,3.3178059e-05,15,1.5,0.02,0.04,-0.05,40,40,40,40,40,10,0
12.235,0.14581974,-0.0039550198,-0.00020751543,0.0010367043,-0.14581974,0.0039550198,0.00020751543,-0.0010367043,0.0012005191,0.0012005191,OK,0,0.24552584,0.024002718,7.8847095e-07,3.3183433e-05,15,1.5,0.02,0.04,-0.05,40,40,40,40,40,10,0
12.24,0.1458347,0.0027671242,-0.00021189869,-0.00097140691,-0.1458347,-0.0027671242,0.00021189869,0.00097140691,-0.0016082118,-0.0016082118,OK,0,0.24563218,0.024002756,7.8869545e-07,3.3188151e-05,15,1.5,0.02,0.04,-0.05,40,40,40,40,40,10,0
12.245,0.1458183,-0.0040435335,-0.00020835836,0.0010474536,-0.1458183,0.0040435335,0.00020835836,-0.0010474536,0.0012004297,0.0012004297,OK,0,0.24573849,0.024002838,7.8891252e-07,3.3193637e-05,15,1.5,0.02,0.04,-0.05,40,40,40,40,40,10,0
12.25,0.14584249,0.0074920975,-0.00021510185,-0.0021660428,-0.14584249,-0.0074920975,0.00021510185,0.0021660428,-0.003259058,-0.003259058,OK,0,0.24584485,0.024003118,7.8914386e-07,3.3217096e-05,15,1.5,0.02,0.04,-0.05,40,40,40,40,40,10,0
12.255,0.14583791,-0.0065254949,-0.00021341597,0.0020033564,-0.14583791,0.0065254949,0.00021341597,-0.0020033564,0.0024595334,0.0024595334,OK,0,0.24595119,0.024003331,7.8937159e-07,3.3237163e-05,15,1.5,0.02,0.04,-0.05,40,40,40,40,40,10,0
12.26,0.14581659,0.0020982136,-0.00020810531,-0.00072955835,-0.14581659,-0.0020982136,0.00020810531,0.00072955835,-0.0012156567,-0.0012156567,OK,0,0.2460575,0.024003353,7.8958813e-07,3.3239824e-05,15,1.5,0.02,0.04,-0.05,40,40,40,40,40,10,0
12.265,0.14583692,0.00055740928,-0.00021358456,-0.00014219137,-0.14583692,-0.00055740928,0.00021358456,0.00014219137,-0.00047802058,-0.00047802058,OK,0,0.24616384,0.024003355,7.8981622e-07,3.3239925e-05,15,1.5,0.02,0.04,-0.05,40,40,40,40,40,10,0
12.27,0.14582414,0.00017651529,-0.00021012835,2.0101279e-05,-0.14582414,-0.00017651529,0.00021012835,-2.0101279e-05,-0.00019822997,-0.00019822997,OK,0,0.24627017,0.024003355,7.9003699e-07,3.3239927e-05,15,1.5,0.02,0.04,-0.05,40,40,40,40,40,10,0
12.275,0.14583919,9.4578804e-05,-0.00021366868,2.0010282e-05,-0.14583919,-9.4578804e-05,0.00021366868,-2.0010282e-05,-0.00025444779,-0.00025444779,OK,0,0.24637651,0.024003355,7.9026526e-07,3.3239929e-05,15,1.5,0.02,0.04,-0.05,40,40,40,40,40,10,0
12.28,0.14582497,3.4449319e-05,-0.00020987563,5.3152962e-05,-0.14582497,-3.4449319e-05,0.00020987563,-5.3152962e-05,-0.0001505277,-0.0001505277,OK,0,0.24648284,0.024003355,7.904855e-07,3.3239943e-05,15,1.5,0.02,0.04,-0.05,40,40,40,40,40,10,0
12.285,0.14583952,2.1263173e-05,-0.0002133315,2.5504376e-05,-0.14583952,-2.1263173e-05,0.0002133315,-2.5504376e-05,-0.00024407503,-0.00024407503,OK,0,0.24658918,0.024003355,7.9071306e-07,3.3239947e-05,15,1.5,0.02,0.04,-0.05,40,40,40,40,40,10,0
12.29,0.14582514,-2.3812166e-05,-0.00020936987,5.2703758e-05,-0.14582514,2.3812166e-05,0.00020936987,-5.2703758e-05,-0.00014594216,-0.00014594216,OK,0,0.24669551,0.024003355,7.9093223e-07,3.3239961e-05,15,1.5,0.02,0.04,-0.05,40,40,40,40,40,10,0
12.295,0.14583934,-3.0510744e-05,-0.0002129102,2.252214e-05,-0.14583934,3.0510744e-05,0.0002129102,-2.252214e-05,-0.00024430336,-0.00024430336,OK,0,0.24680185,0.024003355,7.9115889e-07,3.3239963e-05,15,1.5,0.02,0.04,-0.05,40,40,40,40,40,10,0
12.3,0.14582463,-7.6214121e-05,-0.00020903269,5.0018324e-05,-0.14582463,7.6214121e-05,0.00020903269,-5.0018324e-05,-0.00014701893,-0.00014701893,OK,0,0.24690818,0.024003355,7.9137736e-07,3.3239976e-05,15,1.5,0.02,0.04,-0.05,40,40,40,40,40,10,0
12.305,0.14583874,-8.5020268e-05,-0.00021240443,2.0686235e-05,-0.14583874,8.5020268e-05,0.00021240443,-2.0686235e-05,-0.00024166311,-0.00024166311,OK,0,0.24701452,0.024003355,7.9160294e-07,3.3239978e-05,15,1.5,0.02,0.04,-0.05,40,40,40,40,40,10,0
12.31,0.14582352,-0.00012776952,-0.00020877964,4.6950768e-05,-0.14582352,0.00012776952,0.00020877964,-4.6950768e-05,-0.00014990876,-0.00014990876,OK,0,0.24712084,0.024003355,7.9182088e-07,3.3239989e-05,15,1.5,0.02,0.04,-0.05,40,40,40,40,40,10,0
12.315,0.14583729,-0.00014179036,-0.00021223584,1.9636127e-05,-0.14583729,0.00014179036,0.00021223584,-1.9636127e-05,-0.00024300923,-0.00024300923,OK,0,0.24722719,0.024003355,7.920461e-07,3.3239991e-05,15,1.5,0.02,0.04,-0.05,40,40,40,40,40,10,0
12.32,0.14582195,-0.00018779849,-0.00020844246,4.7090458e-05,-0.14582195,0.00018779849,0.00020844246,-4.7090458e-05,-0.0001470742,-0.0001470742,OK,0,0.24733351,0.024003356,7.9226335e-07,3.3240002e-05,15,1.5,0.02,0.04,-0.05,40,40,40,40,40,10,0
12.325,0.14583543,-0.000199428,-0.00021189867,1.8637816e-05,-0.14583543,0.000199428,0.00021189867,-1.8637816e-05,-0.00024179182,-0.00024179182,OK,0,0.24743985,0.024003356,7.9248785e-07,3.3240004e-05,15,1.5,0.02,0.04,-0.05,40,40,40,40,40,10,0
12.33,0.14583429,0.0045678946,-0.00021173008,-0.0011595003,-0.14583429,-0.0045678946,0.00021173008,0.0011595003,-0.0018158,-0.0018158,OK,0,0.24754618,0.02400346,7.92712e-07,3.3246726e-05,15,1.5,0.02,0.04,-0.05,40,40,40,40,40,10,0
12.335,0.14582585,-0.0025864509,-0.00020869551,0.00097759338,-0.14582585,0.0025864509,0.00020869551,-0.00097759338,0.0011490164,0.0011490164,OK,0,0.24765251,0.024003494,7.9292977e-07,3.3251504e-05,15,1.5,0.02,0.04,-0.05,40,40,40,40,40,10,0
12.34,0.14584031,0.0016659995,-0.0002113929,-0.00040108308,-0.14584031,-0.0016659995,0.0002113929,0.00040108308,-0.00078907196,-0.00078907196,OK,0,0.24775886,0.024003507,7.931532e-07,3.3252309e-05,15,1.5,0.02,0.04,-0.05,40,40,40,40,40,10,0
12.345,0.14582185,-0.0039707564,-0.00020650387,0.0011453278,-0.14582185,0.0039707564,0.00020650387,-0.0011453278,0.0013780403,0.0013780403,OK,0,0.24786518,0.024003586,7.9336642e-07,3.3258867e-05,15,1.5,0.02,0.04,-0.05,40,40,40,40,40,10,0
12.35,0.14584716,0.0078218869,-0.00021307877,-0.0021708742,-0.14584716,-0.0078218869,0.00021307877,0.0021708742,-0.0032226742,-0.0032226742,OK,0,0.24797153,0.024003892,7.9359343e-07,3.3282431e-05,15,1.5,0.02,0.04,-0.05,40,40,40,40,40,10,0
12.355,0.14584448,-0.0061382391,-0.00021139289,0.0019766612,-0.14584448,0.0061382391,0.00021139289,-0.0019766612,0.0024654585,0.0024654585,OK,0,0.24807789,0.024004081,7.9381687e-07,3.3301967e-05,15,1.5,0.02,0.04,-0.05,40,40,40,40,40,10,0
12.36,0.14582521,0.0025008711,-0.00020616669,-0.00076095825,-0.14582521,-0.0025008711,0.00020616669,0.00076095825,-0.0012173987,-0.0012173987,OK,0,0.24818421,0.024004112,7.9402939e-07,3.3304862e-05,15,1.5,0.02,0.04,-0.05,40,40,40,40,40,10,0
12.365,0.14584748,0.00096661178,-0.00021189865,-0.00017444046,-0.14584748,-0.00096661178,0.00021189865,0.00017444046,-0.00048452644,-0.00048452644,OK,0,0.24829057,0.024004116,7.942539e-07,3.3305014e-05,15,1.5,0.02,0.04,-0.05,40,40,40,40,40,10,0
12.37,0.14582709,-0.0042283469,-0.00020616669,0.0011949917,-0.14582709,0.0042283469,0.00020616669,-0.0011949917,0.0014473951,0.0014473951,OK,0,0.2483969,0.024004206,7.9446642e-07,3.3312154e-05,15,1.5,0.02,0.04,-0.05,40,40,40,40,40,10,0
12.375,0.14584174,0.0028534318,-0.00021021278,-0.00095678426,-0.14584174,-0.0028534318,0.00021021278,0.00095678426,-0.0015573961,-0.0015573961,OK,0,0.24850325,0.024004247,7.9468737e-07,3.3316732e-05,15,1.5,0.02,0.04,-0.05,40,40,40,40,40,10,0
12.38,0.14582603,-0.003877302,-0.00020667245,0.0010313332,-0.14582603,0.003877302,0.00020667245,-0.0010313332,0.0012083416,0.0012083416,OK,0,0.24860957,0.024004322,7.9490094e-07,3.332205e-05,15,1.5,0.02,0.04,-0.05,40,40,40,40,40,10,0
12.385,0.14584114,0.0028630453,-0.00021139289,-0.00098287998,-0.14584114,-0.0028630453,0.00021139289,0.00098287998,-0.0016138686,-0.0016138686,OK,0,0.24871592,0.024004363,7.9512437e-07,3.332688e-05,15,1.5,0.02,0.04,-0.05,40,40,40,40,40,10,0
12.39,0.14582536,-0.0039481895,-0.00020776809,0.0010375106,-0.14582536,0.0039481895,0.00020776809,-0.0010375106,0.0011983243,0.0011983243,OK,0,0.24882225,0.024004441,7.9534021e-07,3.3332262e-05,15,1.5,0.02,0.04,-0.05,40,40,40,40,40,10,0
12.395,0.14584515,0.0051849025,-0.00021341593,-0.0015738336,-0.14584515,-0.0051849025,0.00021341593,0.0015738336,-0.0024376903,-0.0024376903,OK,0,0.2489286,0.024004575,7.9556794e-07,3.3344647e-05,15,1.5,0.02,0.04,-0.05,40,40,40,40,40,10,0
12.4,0.1458326,-0.007660979,-0.00021012831,0.002123566,-0.1458326,0.007660979,0.00021012831,-0.002123566,0.0026436372,0.0026436372,OK,0,0.24903494,0.024004869,7.9578871e-07,3.3367195e-05,15,1.5,0.02,0.04,-0.05,40,40,40,40,40,10,0
12.405,0.14584491,0.0059983329,-0.00021425886,-0.0019236342,-0.14584491,-0.0059983329,0.00021425886,0.0019236342,-0.0029425025,-0.0029425025,OK,0,0.24914129,0.024005048,7.9601824e-07,3.3385696e-05,15,1.5,0.02,0.04,-0.05,40,40,40,40,40,10,0
12.41,0.14583431,-0.0075672697,-0.00021181417,0.0020637363,-0.14583431,0.0075672697,0.00021181417,-0.0020637363,0.0025323873,0.0025323873,OK,0,0.24924763,0.024005335,7.9624257e-07,3.3406991e-05,15,1.5,0.02,0.04,-0.05,40,40,40,40,40,10,0
12.415,0.14582751,0.0059777156,-0.0002110557,-0.0019172598,-0.14582751,-0.0059777156,0.0002110557,0.0019172598,-0.0028860664,-0.0028860664,OK,0,0.24935396,0.024005513,7.9646529e-07,3.3425371e-05,15,1.5,0.02,0.04,-0.05,40,40,40,40,40,10,0
12.42,0.14584082,-0.0027510148,-0.00021476461,0.00083376735,-0.14584082,0.0027510148,0.00021476461,-0.00083376735,0.00083595756,0.00083595756,OK,0,0.2494603,0.024005551,7.9669591e-07,3.3428847e-05,15,1.5,0.02,0.04,-0.05,40,40,40,40,40,10,0
12.425,0.14583163,0.0035635228,-0.00021231993,-0.00096726665,-0.14583163,-0.0035635228,0.00021231993,0.00096726665,-0.0015765255,-0.0015765255,OK,0,0.24956664,0.024005615,7.9692131e-07,3.3433525e-05,15,1.5,0.02,0.04,-0.05,40,40,40,40,40,10,0
12.43,0.14583853,-0.0032935063,-0.00021350004,0.0010293455,-0.14583853,0.0032935063,0.00021350004,-0.0010293455,0.0011265479,0.0011265479,OK,0,0.24967298,0.024005669,7.9714922e-07,3.3438823e-05,15,1.5,0.02,0.04,-0.05,40,40,40,40,40,10,0
12.435,0.14583714,0.00098244817,-0.00021333145,-0.00033786777,-0.14583714,-0.00098244817,0.00021333145,0.00033786777,-0.00075073274,-0.00075073274,OK,0,0.24977933,0.024005674,7.9737677e-07,3.3439393e-05,15,1.5,0.02,0.04,-0.05,40,40,40,40,40,10,0
12.44,0.14583744,0.0025942348,-0.00021333145,-0.00062258522,-0.14583744,-0.0025942348,0.00021333145,0.00062258522,-0.0011133313,-0.0011133313,OK,0,0.24988567,0.024005707,7.9760433e-07,3.3441331e-05,15,1.5,0.02,0.04,-0.05,40,40,40,40,40,10,0
12.445,0.14583429,0.0012825355,-0.00021189863,-9.4785781e-05,-0.14583429,-0.0012825355,0.00021189863,9.4785781e-05,-0.00035267079,-0.00035267079,OK,0,0.24999201,0.024005716,7.9782883e-07,3.3441376e-05,15,1.5,0.02,0.04,-0.05,40,40,40,40,40,10,0
12.45,0.14583765,0.0034450253,-0.0002113084,-0.00060967971,-0.14583765,-0.0034450253,0.0002113084,0.00060967971,-0.0010295917,-0.0010295917,OK,0,0.25009835,0.024005775,7.9805209e-07,3.3443235e-05,15,1.5,0.02,0.04,-0.05,40,40,40,40,40,10,0
12.455,0.14583666,0.0022322737,-0.00020928536,-0.00013160892,-0.14583666,-0.0022322737,0.00020928536,0.00013160892,-0.00033066953,-0.00033066953,OK,0,0.25020469,0.0240058,7.9827109e-07,3.3443321e-05,15,1.5,0.02,0.04,-0.05,40,40,40,40,40,10,0
12.46,0.14583963,0.0044229595,-0.00020810525,-0.00065770564,-0.14583963,-0.0044229595,0.00020810525,0.00065770564,-0.0010144262,-0.0010144262,OK,0,0.25031104,0.024005898,7.9848763e-07,3.3445484e-05,15,1.5,0.02,0.04,-0.05,40,40,40,40,40,10,0
12.465,0.14583414,-0.0015828167,-0.00020372198,0.0010178979,-0.14583414,0.0015828167,0.00020372198,-0.0010178979,0.0013243872,0.0013243872,OK,0,0.25041737,0.02400591,7.9869514e-07,3.3450665e-05,15,1.5,0.02,0.04,-0.05,40,40,40,40,40,10,0
12.47,0.14583722,-0.0018947307,-0.00020254187,0.00074519138,-0.14583722,0.0018947307,0.00020254187,-0.00074519138,0.0009206143,0.0009206143,OK,0,0.25052372,0.024005928,7.9890026e-07,3.3453441e-05,15,1.5,0.02,0.04,-0.05,40,40,40,40,40,10,0
12.475,0.14583728,-0.00032708366,-0.00020203611,0.00010337665,-0.14583728,0.00032708366,0.00020203611,-0.00010337665,2.8185547e-05,2.8185547e-05,OK,0,0.25063006,0.024005929,7.9910435e-07,3.3453495e-05,15,1.5,0.02,0.04,-0.05,40,40,40,40,40,10,0
12.48,0.14584149,-3.2718508e-05,-0.00020304763,-2.4870075e-05,-0.14584149,3.2718508e-05,0.00020304763,2.4870075e-05,-0.00016749842,-0.00016749842,OK,0,0.25073641,0.024005929,7.9931049e-07,3.3453498e-05,15,1.5,0.02,0.04,-0.05,40,40,40,40,40,10,0
12.485,0.14583916,0.0024127269,-0.00020254186,-0.00064291149,-0.14583916,-0.0024127269,0.00020254186,0.00064291149,-0.00098920285,-0.00098920285,OK,0,0.25084275,0.024005958,7.9951561e-07,3.3455565e-05,15,1.5,0.02,0.04,-0.05,40,40,40,40,40,10,0
12.49,0.14583321,0.0012822077,-0.00020085599,-0.00018504717,-0.14583321,-0.0012822077,0.00020085599,0.00018504717,-0.00032245816,-0.00032245816,OK,0,0.25094909,0.024005966,7.9971732e-07,3.3455736e-05,15,1.5,0.02,0.04,-0.05,40,40,40,40,40,10,0
12.495,0.145834,-0.0037880626,-0.00020035023,0.0010935224,-0.145834,0.0037880626,0.00020035023,-0.0010935224,0.0014001876,0.0014001876,OK,0,0.25105543,0.024006038,7.9991802e-07,3.3461715e-05,15,1.5,0.02,0.04,-0.05,40,40,40,40,40,10,0
12.5,0.14584363,0.00087620878,-0.00020304762,-0.00042809123,-0.14584363,-0.00087620878,0.00020304762,0.00042809123,-0.00073593019,-0.00073593019,OK,0,0.25116178,0.024006042,8.0012417e-07,3.3462631e-05,15,1.5,0.02,0.04,-0.05,40,40,40,40,40,10,0
12.505,0.14583124,0.00013228163,-0.0002006874,-0.00011636243,-0.14583124,-0.00013228163,0.0002006874,0.00011636243,-0.00026293865,-0.00026293865,OK,0,0.25126811,0.024006042,8.0032554e-07,3.3462699e-05,15,1.5,0.02,0.04,-0.05,40,40,40,40,40,10,0
12.51,0.14584587,-3.6076475e-05,-0.00020473349,-7.8471273e-05,-0.14584587,3.6076475e-05,0.00020473349,7.8471273e-05,-0.00027323487,-0.00027323487,OK,0,0.25137447,0.024006042,8.0053512e-07,3.346273e-05,15,1.5,0.02,0.04,-0.05,40,40,40,40,40,10,0
12.515,0.14583097,-0.00011745735,-0.00020136174,-3.382202e-05,-0.14583097,0.00011745735,0.00020136174,3.382202e-05,-0.00015923809,-0.00015923809,OK,0,0.2514808,0.024006042,8.0073786e-07,3.3462735e-05,15,1.5,0.02,0.04,-0.05,40,40,40,40,40,10,0
12.52,0.14584473,-0.00013815673,-0.00020523925,-5.5711382e-05,-0.14584473,0.00013815673,0.00020523925,5.5711382e-05,-0.00025078734,-0.00025078734,OK,0,0.25158716,0.024006042,8.0094847e-07,3.3462751e-05,15,1.5,0.02,0.04,-0.05,40,40,40,40,40,10,0
12.525,0.14582934,-0.00018848817,-0.0002018675,-2.385167e-05,-0.14582934,0.00018848817,0.0002018675,2.385167e-05,-0.00015474276,-0.00015474276,OK,0,0.25169349,0.024006042,8.0115222e-07,3.3462754e-05,15,1.5,0.02,0.04,-0.05,40,40,40,40,40,10,0
12.53,0.1458573,0.0046125056,-0.00020928534,-0.001254306,-0.1458573,-0.0046125056,0.00020928534,0.001254306,-0.0019190929,-0.0019190929,OK,0,0.25179986,0.024006149,8.0137123e-07,3.347062e-05,15,1.5,0.02,0.04,-0.05,40,40,40,40,40,10,0
12.535,0.14584421,-0.0074811283,-0.00020523924,0.0021427538,-0.14584421,0.0074811283,0.00020523924,-0.0021427538,0.0027531812,0.0027531812,OK,0,0.25190621,0.024006428,8.0158184e-07,3.3493577e-05,15,1.5,0.02,0.04,-0.05,40,40,40,40,40,10,0
12.54,0.14583872,0.0063876386,-0.00020456489,-0.001966018,-0.14583872,-0.0063876386,0.00020456489,0.001966018,-0.0028452205,-0.0028452205,OK,0,0.25201256,0.024006632,8.0179107e-07,3.3512903e-05,15,1.5,0.02,0.04,-0.05,40,40,40,40,40,10,0
12.545,0.14583503,-0.002232088,-0.00020372195,0.0007639405,-0.14583503,0.002232088,0.00020372195,-0.0007639405,0.00091749861,0.00091749861,OK,0,0.2521189,0.024006657,8.0199859e-07,3.3515821e-05,15,1.5,0.02,0.04,-0.05,40,40,40,40,40,10,0
12.55,0.14584292,-0.0007120754,-0.00020540782,0.00012122498,-0.14584292,0.0007120754,0.00020540782,-0.00012122498,-1.0904498e-05,-1.0904498e-05,OK,0,0.25222525,0.02400666,8.0220955e-07,3.3515895e-05,15,1.5,0.02,0.04,-0.05,40,40,40,40,40,10,0
12.555,0.14584012,0.0043952057,-0.00020523924,-0.0011909319,-0.14584012,-0.0043952057,0.00020523924,0.0011909319,-0.0017723759,-0.0017723759,OK,0,0.25233159,0.024006756,8.0242017e-07,3.3522986e-05,15,1.5,0.02,0.04,-0.05,40,40,40,40,40,10,0
12.56,0.14583828,-0.00030948085,-0.00020422771,0.00031748647,-0.14583828,0.00030948085,0.00020422771,-0.00031748647,0.00031720044,0.00031720044,OK,0,0.25243794,0.024006757,8.0262871e-07,3.352349e-05,15,1.5,0.02,0.04,-0.05,40,40,40,40,40,10,0
12.565,0.14583883,0.00042776262,-0.00020355336,2.2153798e-05,-0.14583883,-0.00042776262,0.00020355336,-2.2153798e-05,-8.6182608e-05,-8.6182608e-05,OK,0,0.25254428,0.024006758,8.0283588e-07,3.3523493e-05,15,1.5,0.02,0.04,-0.05,40,40,40,40,40,10,0
12.57,0.14583643,-0.0042988211,-0.00020237325,0.0011626043,-0.14583643,0.0042988211,0.00020237325,-0.0011626043,0.0014530837,0.0014530837,OK,0,0.25265062,0.02400685,8.0304065e-07,3.3530251e-05,15,1.5,0.02,0.04,-0.05,40,40,40,40,40,10,0
12.575,0.14585103,0.0028496065,-0.00020658793,-0.00099312529,-0.14585103,-0.0028496065,0.00020658793,0.00099312529,-0.0015575019,-0.0015575019,OK,0,0.25275699,0.024006891,8.0325405e-07,3.3535182e-05,15,1.5,0.02,0.04,-0.05,40,40,40,40,40,10,0
12.58,0.14583535,-0.0038755952,-0.00020321618,0.00099448173,-0.14583535,0.0038755952,0.00020321618,-0.00099448173,0.0012051631,0.0012051631,OK,0,0.25286333,0.024006966,8.0346053e-07,3.3540127e-05,15,1.5,0.02,0.04,-0.05,40,40,40,40,40,10,0
12.585,0.1458505,0.0028699962,-0.00020810521,-0.0010195178,-0.1458505,-0.0028699962,0.00020810521,0.0010195178,-0.001619045,-0.001619045,OK,0,0.25296969,0.024007007,8.0367707e-07,3.3545325e-05,15,1.5,0.02,0.04,-0.05,40,40,40,40,40,10,0
12.59,0.14583486,-0.0039387986,-0.00020456487,0.0010021673,-0.14583486,0.0039387986,0.00020456487,-0.0010021673,0.001193923,0.001193923,OK,0,0.25307603,0.024007085,8.038863e-07,3.3550346e-05,15,1.5,0.02,0.04,-0.05,40,40,40,40,40,10,0
12.595,0.14584976,0.0027906966,-0.00020928531,-0.0010056652,-0.14584976,-0.0027906966,0.00020928531,0.0010056652,-0.0016191546,-0.0016191546,OK,0,0.25318239,0.024007124,8.0410531e-07,3.3555403e-05,15,1.5,0.02,0.04,-0.05,40,40,40,40,40,10,0
12.6,0.14583365,-0.0040186686,-0.00020574498,0.0010158961,-0.14583365,0.0040186686,0.00020574498,-0.0010158961,0.0011935956,0.0011935956,OK,0,0.25328872,0.024007204,8.0431696e-07,3.3560563e-05,15,1.5,0.02,0.04,-0.05,40,40,40,40,40,10,0
12.605,0.14584824,0.0027095169,-0.00021029683,-0.00099181468,-0.14584824,-0.0027095169,0.00021029683,0.00099181468,-0.0016168291,-0.0016168291,OK,0,0.25339508,0.024007241,8.0453809e-07,3.3565482e-05,15,1.5,0.02,0.04,-0.05,40,40,40,40,40,10,0
12.61,0.14583166,-0.0040977692,-0.0002067565,0.0010284605,-0.14583166,0.0040977692,0.0002067565,-0.0010284605,0.0011940658,0.0011940658,OK,0,0.25350142,0.024007325,8.0475183e-07,3.357077e-05,15,1.5,0.02,0.04,-0.05,40,40,40,40,40,10,0
12.615,0.14585544,0.0074442026,-0.00021375303,-0.0021848795,-0.14585544,-0.0074442026,0.00021375303,0.0021848795,-0.0032687378,-0.0032687378,OK,0,0.25360779,0.024007602,8.0498028e-07,3.3594639e-05,15,1.5,0.02,0.04,-0.05,40,40,40,40,40,10,0
12.62,0.14585062,-0.0065720674,-0.00021215128,0.0019866332,-0.14585062,0.0065720674,0.00021215128,-0.0019866332,0.0024518103,0.0024518103,OK,0,0.25371415,0.024007818,8.0520532e-07,3.3614372e-05,15,1.5,0.02,0.04,-0.05,40,40,40,40,40,10,0
12.625,0.14582926,0.0020556272,-0.0002067565,-0.00074528136,-0.14582926,-0.0020556272,0.0002067565,0.00074528136,-0.0012204593,-0.0012204593,OK,0,0.25382048,0.024007839,8.0541906e-07,3.361715e-05,15,1.5,0.02,0.04,-0.05,40,40,40,40,40,10,0
12.63,0.14586387,0.0053356945,-0.00021594466,-0.0013638545,-0.14586387,-0.0053356945,0.00021594466,0.0013638545,-0.0021542465,-0.0021542465,OK,0,0.25392686,0.024007982,8.0565222e-07,3.362645e-05,15,1.5,0.02,0.04,-0.05,40,40,40,40,40,10,0
12.635,0.14585332,-0.0070825681,-0.00021215128,0.0021642441,-0.14585332,0.0070825681,0.00021215128,-0.0021642441,0.0026978607,0.0026978607,OK,0,0.25403323,0.024008232,8.0587726e-07,3.364987e-05,15,1.5,0.02,0.04,-0.05,40,40,40,40,40,10,0
12.64,0.14583034,0.0018983539,-0.00020641932,-0.00070984544,-0.14583034,-0.0018983539,0.00020641932,0.00070984544,-0.001168517,-0.001168517,OK,0,0.25413956,0.02400825,8.0609031e-07,3.3652389e-05,15,1.5,0.02,0.04,-0.05,40,40,40,40,40,10,0
12.645,0.14584991,0.00044055255,-0.00021189856,-0.00015316957,-0.14584991,-0.00044055255,0.00021189856,0.00015316957,-0.00047361252,-0.00047361252,OK,0,0.25424592,0.024008251,8.0631481e-07,3.3652507e-05,15,1.5,0.02,0.04,-0.05,40,40,40,40,40,10,0
12.65,0.14583651,8.1069272e-05,-0.00020861095,3.184123e-06,-0.14583651,-8.1069272e-05,0.00020861095,-3.184123e-06,-0.00020441504,-0.00020441504,OK,0,0.25435226,0.024008251,8.065324e-07,3.3652507e-05,15,1.5,0.02,0.04,-0.05,40,40,40,40,40,10,0
12.655,0.14585119,4.933716e-06,-0.00021215127,3.3580597e-06,-0.14585119,-4.933716e-06,0.00021215127,-3.3580597e-06,-0.00026001093,-0.00026001093,OK,0,0.25445862,0.024008251,8.0675744e-07,3.3652507e-05,15,1.5,0.02,0.04,-0.05,40,40,40,40,40,10,0
12.66,0.14583637,-4.8894686e-05,-0.00020861094,3.6485543e-05,-0.14583637,4.8894686e-05,0.00020861094,-3.6485543e-05,-0.00015966428,-0.00015966428,OK,0,0.25456497,0.024008251,8.0697504e-07,3.3652513e-05,15,1.5,0.02,0.04,-0.05,40,40,40,40,40,10,0
12.665,0.14585066,-6.1306438e-05,-0.00021198268,1.0965777e-05,-0.14585066,6.1306438e-05,0.00021198268,-1.0965777e-05,-0.00024873056,-0.00024873056,OK,0,0.25467133,0.024008251,8.0719972e-07,3.3652514e-05,15,1.5,0.02,0.04,-0.05,40,40,40,40,40,10,0
12.67,0.14583579,-9.9556635e-05,-0.00020818964,3.7783429e-05,-0.14583579,9.9556635e-05,0.00020818964,-3.7783429e-05,-0.00015343584,-0.00015343584,OK,0,0.25477767,0.024008251,8.0741644e-07,3.3652521e-05,15,1.5,0.02,0.04,-0.05,40,40,40,40,40,10,0
12.675,0.14584953,-0.00010387798,-0.00021189855,8.9352281e-06,-0.14584953,0.00010387798,0.00021189855,-8.9352281e-06,-0.00025224001,-0.00025224001,OK,0,0.25488403,0.024008251,8.0764094e-07,3.3652522e-05,15,1.5,0.02,0.04,-0.05,40,40,40,40,40,10,0
12.68,0.14584171,0.0022583358,-0.00020987551,-0.00056457151,-0.14584171,-0.0022583358,0.00020987551,0.00056457151,-0.00098782231,-0.00098782231,OK,0,0.25499038,0.024008277,8.0786118e-07,3.3654115e-05,15,1.5,0.02,0.04,-0.05,40,40,40,40,40,10,0
12.685,0.14584457,-0.0037482319,-0.00021012822,0.0010913949,-0.14584457,0.0037482319,0.00021012822,-0.0010913949,0.0012521313,0.0012521313,OK,0,0.25509673,0.024008347,8.0808195e-07,3.3660071e-05,15,1.5,0.02,0.04,-0.05,40,40,40,40,40,10,0
12.69,0.14584894,0.00070824131,-0.00021139279,-0.00034792609,-0.14584894,-0.00070824131,0.00021139279,0.00034792609,-0.00074747243,-0.00074747243,OK,0,0.25520309,0.02400835,8.0830538e-07,3.3660676e-05,15,1.5,0.02,0.04,-0.05,40,40,40,40,40,10,0
12.695,0.14584537,-9.2739908e-05,-0.00021097115,-3.4536325e-05,-0.14584537,9.2739908e-05,0.00021097115,3.4536325e-05,-0.00030317388,-0.00030317388,OK,0,0.25530944,0.02400835,8.0852793e-07,3.3660682e-05,15,1.5,0.02,0.04,-0.05,40,40,40,40,40,10,0
12.7,0.14584223,-0.0026656064,-0.00021021267,0.00062535419,-0.14584223,0.0026656064,0.00021021267,-0.00062535419,0.00059506154,0.00059506154,OK,0,0.25541579,0.024008385,8.0874887e-07,3.3662638e-05,15,1.5,0.02,0.04,-0.05,40,40,40,40,40,10,0
12.705,0.14584664,-0.0015491212,-0.00021223571,0.00016539169,-0.14584664,0.0015491212,0.00021223571,-0.00016539169,-8.0480303e-05,-8.0480303e-05,OK,0,0.25552215,0.024008397,8.0897409e-07,3.3662774e-05,15,1.5,0.02,0.04,-0.05,40,40,40,40,40,10,0
12.71,0.14584435,-0.0013956613,-0.00021274147,9.3779819e-05,-0.14584435,0.0013956613,0.00021274147,-9.3779819e-05,-0.00018939186,-0.00018939186,OK,0,0.2556285,0.024008407,8.0920039e-07,3.3662818e-05,15,1.5,0.02,0.04,-0.05,40,40,40,40,40,10,0
12.715,0.14584708,0.0034652923,-0.00021476452,-0.0011198192,-0.14584708,-0.0034652923,0.00021476452,0.0011198192,-0.0018456433,-0.0018456433,OK,0,0.25573486,0.024008467,8.0943101e-07,3.3669088e-05,15,1.5,0.02,0.04,-0.05,40,40,40,40,40,10,0
12.72,0.14584271,0.001100448,-0.00021392158,-0.00017611119,-0.14584271,-0.001100448,0.00021392158,0.00017611119,-0.00051211831,-0.00051211831,OK,0,0.25584121,0.024008473,8.0965982e-07,3.3669243e-05,15,1.5,0.02,0.04,-0.05,40,40,40,40,40,10,0
12.725,0.14584198,-0.0042254499,-0.00021291005,0.0012048296,-0.14584198,0.0042254499,0.00021291005,-0.0012048296,0.0013614153,0.0013614153,OK,0,0.25594756,0.024008562,8.0988647e-07,3.3676501e-05,15,1.5,0.02,0.04,-0.05,40,40,40,40,40,10,0
12.73,0.14585631,0.002802118,-0.00021704061,-0.00090311481,-0.14585631,-0.002802118,0.00021704061,0.00090311481,-0.0015810703,-0.0015810703,OK,0,0.25605393,0.024008602,8.1012201e-07,3.3680579e-05,15,1.5,0.02,0.04,-0.05,40,40,40,40,40,10,0
12.735,0.14584044,-0.0039429763,-0.00021307864,0.0010922252,-0.14584044,0.0039429763,0.00021307864,-0.0010922252,0.001201248,0.001201248,OK,0,0.25616028,0.024008679,8.1034902e-07,3.3686544e-05,15,1.5,0.02,0.04,-0.05,40,40,40,40,40,10,0
12.74,0.14585563,0.0028062279,-0.00021712473,-0.00092412904,-0.14585563,-0.0028062279,0.00021712473,0.00092412904,-0.0016137029,-0.0016137029,OK,0,0.25626665,0.024008719,8.1058473e-07,3.3690814e-05,15,1.5,0.02,0.04,-0.05,40,40,40,40,40,10,0
12.745,0.14583943,-0.0039861513,-0.00021341581,0.0010900999,-0.14583943,0.0039861513,0.00021341581,-0.0010900999,0.0011912552,0.0011912552,OK,0,0.25637299,0.024008798,8.1081247e-07,3.3696756e-05,15,1.5,0.02,0.04,-0.05,40,40,40,40,40,10,0
12.75,0.14585418,0.0027479165,-0.00021763049,-0.00092037128,-0.14585418,-0.0027479165,0.00021763049,0.00092037128,-0.001618014,-0.001618014,OK,0,0.25647936,0.024008836,8.1104928e-07,3.3700991e-05,15,1.5,0.02,0.04,-0.05,40,40,40,40,40,10,0
12.755,0.14583781,-0.0040517671,-0.00021375298,0.0010965448,-0.14583781,0.0040517671,0.00021375298,-0.0010965448,0.001193208,0.001193208,OK,0,0.2565857,0.024008918,8.1127773e-07,3.3707003e-05,15,1.5,0.02,0.04,-0.05,40,40,40,40,40,10,0
12.76,0.14586194,0.0074983904,-0.00022032788,-0.0021202892,-0.14586194,-0.0074983904,0.00022032788,0.0021202892,-0.0032681778,-0.0032681778,OK,0,0.25669208,0.024009199,8.1152045e-07,3.3729482e-05,15,1.5,0.02,0.04,-0.05,40,40,40,40,40,10,0
12.765,0.14585744,-0.0065073548,-0.00021838896,0.002046912,-0.14585744,0.0065073548,0.00021838896,-0.002046912,0.0024513884,0.0024513884,OK,0,0.25679845,0.024009411,8.1175892e-07,3.3750431e-05,15,1.5,0.02,0.04,-0.05,40,40,40,40,40,10,0
12.77,0.14583631,0.0021295198,-0.00021282558,-0.00068869149,-0.14583631,-0.0021295198,0.00021282558,0.00068869149,-0.0012235141,-0.0012235141,OK,0,0.25690479,0.024009434,8.119854e-07,3.3752802e-05,15,1.5,0.02,0.04,-0.05,40,40,40,40,40,10,0
12.775,0.14585689,0.00060238114,-0.00021805178,-0.00010415279,-0.14585689,-0.00060238114,0.00021805178,0.00010415279,-0.00048577292,-0.00048577292,OK,0,0.25701117,0.024009435,8.1222313e-07,3.3752856e-05,15,1.5,0.02,0.04,-0.05,40,40,40,40,40,10,0
12.78,0.14584427,0.00023543328,-0.00021451145,5.5264141e-05,-0.14584427,-0.00023543328,0.00021451145,-5.5264141e-05,-0.00020847275,-0.00020847275,OK,0,0.25711752,0.024009436,8.1245321e-07,3.3752872e-05,15,1.5,0.02,0.04,-0.05,40,40,40,40,40,10,0
12.785,0.14585005,0.0026106243,-0.00021543885,-0.00054544235,-0.14585005,-0.0026106243,0.00021543885,0.00054544235,-0.0010283202,-0.0010283202,OK,0,0.25722388,0.02400947,8.1268528e-07,3.3754359e-05,15,1.5,0.02,0.04,-0.05,40,40,40,40,40,10,0
12.79,0.14584507,0.0014161082,-0.00021299417,-7.3072201e-05,-0.14584507,-0.0014161082,0.00021299417,7.3072201e-05,-0.000330975,-0.000330975,OK,0,0.25733023,0.02400948,8.1291211e-07,3.3754386e-05,15,1.5,0.02,0.04,-0.05,40,40,40,40,40,10,0
12.795,0.14584642,-0.0036484792,-0.0002120671,0.0012030528,-0.14584642,0.0036484792,0.0002120671,-0.0012030528,0.0013945618,0.0013945618,OK,0,0.25743659,0.024009546,8.1313697e-07,3.3761623e-05,15,1.5,0.02,0.04,-0.05,40,40,40,40,40,10,0
12.8,0.14584954,-0.0013854335,-0.00021240427,0.00028124829,-0.14584954,0.0013854335,0.00021240427,-0.00028124829,9.7381733e-05,9.7381733e-05,OK,0,0.25754295,0.024009556,8.1336255e-07,3.3762018e-05,15,1.5,0.02,0.04,-0.05,40,40,40,40,40,10,0
12.805,0.14584882,-0.00097470749,-0.00021265698,0.00010631321,-0.14584882,0.00097470749,0.00021265698,-0.00010631321,-0.0001523968,-0.0001523968,OK,0,0.25764931,0.024009561,8.1358866e-07,3.3762075e-05,15,1.5,0.02,0.04,-0.05,40,40,40,40,40,10,0
12.81,0.14585133,-0.00092474317,-0.00021409014,7.605278e-05,-0.14585133,0.00092474317,0.00021409014,-7.605278e-05,-0.00021723604,-0.00021723604,OK,0,0.25775567,0.024009565,8.1381784e-07,3.3762104e-05,15,1.5,0.02,0.04,-0.05,40,40,40,40,40,10,0
12.815,0.14585148,-0.00096040221,-0.00021493307,8.1179829e-05,-0.14585148,0.00096040221,0.00021493307,-8.1179829e-05,-0.00022361293,-0.00022361293,OK,0,0.25786204,0.02400957,8.1404882e-07,3.3762137e-05,15,1.5,0.02,0.04,-0.05,40,40,40,40,40,10,0
12.82,0.14585148,0.0014009036,-0.00021569155,-0.00051241214,-0.14585148,-0.0014009036,0.00021569155,0.00051241214,-0.0010309258,-0.0010309258,OK,0,0.2579684,0.024009579,8.1428143e-07,3.3763449e-05,15,1.5,0.02,0.04,-0.05,40,40,40,40,40,10,0
12.825,0.14585019,0.00020415463,-0.00021560742,-3.9222416e-05,-0.14585019,-0.00020415463,0.00021560742,3.9222416e-05,-0.000367775,-0.000367775,OK,0,0.25807476,0.02400958,8.1451386e-07,3.3763457e-05,15,1.5,0.02,0.04,-0.05,40,40,40,40,40,10,0
12.83,0.14585055,-4.7338846e-05,-0.00021552296,5.2570315e-05,-0.14585055,4.7338846e-05,0.00021552296,-5.2570315e-05,-0.00023887149,-0.00023887149,OK,0,0.25818112,0.02400958,8.1474611e-07,3.3763471e-05,15,1.5,0.02,0.04,-0.05,40,40,40,40,40,10,0
12.835,0.14585014,-0.00011440398,-0.00021527024,7.0060749e-05,-0.14585014,0.00011440398,0.00021527024,-7.0060749e-05,-0.0002115359,-0.0002115359,OK,0,0.25828748,0.02400958,8.1497782e-07,3.3763495e-05,15,1.5,0.02,0.04,-0.05,40,40,40,40,40,10,0
12.84,0.14584963,-0.00012664565,-0.0002148486,7.3086641e-05,-0.14584963,0.00012664565,0.0002148486,-7.3086641e-05,-0.00020117234,-0.00020117234,OK,0,0.25839384,0.02400958,8.1520862e-07,3.3763522e-05,15,1.5,0.02,0.04,-0.05,40,40,40,40,40,10,0
12.845,0.14584894,-0.00011113081,-0.00021451143,6.9384885e-05,-0.14584894,0.00011113081,0.00021451143,-6.9384885e-05,-0.00020106056,-0.00020106056,OK,0,0.2585002,0.02400958,8.154387e-07,3.3763546e-05,15,1.5,0.02,0.04,-0.05,40,40,40,40,40,10,0
12.85,0.14584821,-0.00012263553,-0.00021417425,6.4777295e-05,-0.14584821,0.00012263553,0.00021417425,-6.4777295e-05,-0.00020338896,-0.00020338896,OK,0,0.25860656,0.02400958,8.1566805e-07,3.3763567e-05,15,1.5,0.02,0.04,-0.05,40,40,40,40,40,10,0
12.855,0.14584727,-0.00013817038,-0.00021400566,6.1764062e-05,-0.14584727,0.00013817038,0.00021400566,-6.1764062e-05,-0.00020602026,-0.00020602026,OK,0,0.25871292,0.02400958,8.1589704e-07,3.3763586e-05,15,1.5,0.02,0.04,-0.05,40,40,40,40,40,10,0
12.86,0.14585139,-0.0026139769,-0.00021468001,0.0006621947,-0.14585139,0.0026139769,0.00021468001,-0.0006621947,0.00058556068,0.00058556068,OK,0,0.25881928,0.024009614,8.1612748e-07,3.3765779e-05,15,1.5,0.02,0.04,-0.05,40,40,40,40,40,10,0
12.865,0.14585615,0.0033117055,-0.00021645034,-0.0010004677,-0.14585615,-0.0033117055,0.00021645034,0.0010004677,-0.0016978655,-0.0016978655,OK,0,0.25892565,0.024009669,8.1636173e-07,3.3770783e-05,15,1.5,0.02,0.04,-0.05,40,40,40,40,40,10,0
12.87,0.14584219,-0.0035993708,-0.00021291001,0.0010619079,-0.14584219,0.0035993708,0.00021291001,-0.0010619079,0.0011720808,0.0011720808,OK,0,0.259032,0.024009734,8.1658839e-07,3.3776422e-05,15,1.5,0.02,0.04,-0.05,40,40,40,40,40,10,0
12.875,0.14585891,0.0031113085,-0.00021712469,-0.00093840036,-0.14585891,-0.0031113085,0.00021712469,0.00093840036,-0.0016228403,-0.0016228403,OK,0,0.25913838,0.024009782,8.168241e-07,3.3780825e-05,15,1.5,0.02,0.04,-0.05,40,40,40,40,40,10,0
12.88,0.14584436,-0.0036894653,-0.00021333131,0.0010799312,-0.14584436,0.0036894653,0.00021333131,-0.0010799312,0.0011892358,0.0011892358,OK,0,0.25924473,0.02400985,8.1705165e-07,3.3786656e-05,15,1.5,0.02,0.04,-0.05,40,40,40,40,40,10,0
12.885,0.14586023,0.0030478807,-0.00021796762,-0.00093092402,-0.14586023,-0.0030478807,0.00021796762,0.00093092402,-0.0016267805,-0.0016267805,OK,0,0.25935111,0.024009897,8.172892e-07,3.3790989e-05,15,1.5,0.02,0.04,-0.05,40,40,40,40,40,10,0
12.89,0.14584556,-0.0037567172,-0.00021392153,0.0010891142,-0.14584556,0.0037567172,0.00021392153,-0.0010891142,0.0011914908,0.0011914908,OK,0,0.25945746,0.024009967,8.1751801e-07,3.379692e-05,15,1.5,0.02,0.04,-0.05,40,40,40,40,40,10,0
12.895,0.14586174,0.0029853347,-0.00021788316,-0.00092351087,-0.14586174,-0.0029853347,0.00021788316,0.00092351087,-0.0016168655,-0.0016168655,OK,0,0.25956384,0.024010012,8.1775538e-07,3.3801184e-05,15,1.5,0.02,0.04,-0.05,40,40,40,40,40,10,0
12.9,0.14584645,-0.0038039613,-0.00021417424,0.0010904401,-0.14584645,0.0038039613,0.00021417424,-0.0010904401,0.0011878171,0.0011878171,OK,0,0.25967019,0.024010084,8.1798473e-07,3.380713e-05,15,1.5,0.02,0.04,-0.05,40,40,40,40,40,10,0
12.905,0.14586228,0.0029337507,-0.00021822033,-0.00092038552,-0.14586228,-0.0029337507,0.00021822033,0.00092038552,-0.0016192875,-0.0016192875,OK,0,0.25977657,0.024010127,8.1822283e-07,3.3811365e-05,15,1.5,0.02,0.04,-0.05,40,40,40,40,40,10,0
12.91,0.14584662,-0.0038583495,-0.00021459587,0.0010947121,-0.14584662,0.0038583495,0.00021459587,-0.0010947121,0.0011857285,0.0011857285,OK,0,0.25988293,0.024010202,8.1845309e-07,3.3817357e-05,15,1.5,0.02,0.04,-0.05,40,40,40,40,40,10,0
12.915,0.14586224,0.0028767569,-0.0002185575,-0.00091508533,-0.14586224,-0.0028767569,0.0002185575,0.00091508533,-0.0016186755,-0.0016186755,OK,0,0.25998931,0.024010243,8.1869193e-07,3.3821544e-05,15,1.5,0.02,0.04,-0.05,40,40,40,40,40,10,0
12.92,0.14584643,-0.0039143701,-0.00021476445,0.0010995622,-0.14584643,0.0039143701,0.00021476445,-0.0010995622,0.0011882303,0.0011882303,OK,0,0.26009566,0.02401032,8.1892255e-07,3.3827589e-05,15,1.5,0.02,0.04,-0.05,40,40,40,40,40,10,0
12.925,0.14586143,0.0028241096,-0.00021906326,-0.00091169487,-0.14586143,-0.0028241096,0.00021906326,0.00091169487,-0.0016232983,-0.0016232983,OK,0,0.26020204,0.024010359,8.1916249e-07,3.3831745e-05,15,1.5,0.02,0.04,-0.05,40,40,40,40,40,10,0
12.93,0.14584557,-0.003974066,-0.00021501716,0.0011056643,-0.14584557,0.003974066,0.00021501716,-0.0011056643,0.0011911877,0.0011911877,OK,0,0.2603084,0.024010438,8.1939365e-07,3.3837858e-05,15,1.5,0.02,0.04,-0.05,40,40,40,40,40,10,0
12.935,0.1458605,0.0027678704,-0.00021906325,-0.00090716137,-0.1458605,-0.0027678704,0.00021906325,0.00090716137,-0.0016187661,-0.0016187661,OK,0,0.26041477,0.024010477,8.196336e-07,3.3841972e-05,15,1.5,0.02,0.04,-0.05,40,40,40,40,40,10,0
12.94,0.14584393,-0.0040248679,-0.00021543879,0.0011077969,-0.14584393,0.0040248679,0.00021543879,-0.0011077969,0.0011859973,0.0011859973,OK,0,0.26052113,0.024010558,8.1986566e-07,3.3848108e-05,15,1.5,0.02,0.04,-0.05,40,40,40,40,40,10,0
12.945,0.14586829,0.0075231348,-0.0002218451,-0.0021072929,-0.14586829,-0.0075231348,0.0002218451,0.0021072929,-0.0032703246,-0.0032703246,OK,0,0.26062751,0.024010841,8.2011174e-07,3.3870312e-05,15,1.5,0.02,0.04,-0.05,40,40,40,40,40,10,0
12.95,0.14586388,-0.0064774456,-0.00021990618,0.0020587299,-0.14586388,0.0064774456,0.00021990618,-0.0020587299,0.0024476819,0.0024476819,OK,0,0.26073389,0.024011051,8.2035353e-07,3.3891504e-05,15,1.5,0.02,0.04,-0.05,40,40,40,40,40,10,0
12.955,0.14584293,0.002162505,-0.00021425868,-0.00067717443,-0.14584293,-0.002162505,0.00021425868,0.00067717443,-0.0012262831,-0.0012262831,OK,0,0.26084025,0.024011074,8.2058307e-07,3.3893796e-05,15,1.5,0.02,0.04,-0.05,40,40,40,40,40,10,0
12.96,0.14586372,0.00063992394,-0.00021940042,-9.3498437e-05,-0.14586372,-0.00063992394,0.00021940042,9.3498437e-05,-0.00048838266,-0.00048838266,OK,0,0.26094663,0.024011076,8.2082375e-07,3.389384e-05,15,1.5,0.02,0.04,-0.05,40,40,40,40,40,10,0
12.965,0.14585117,0.00027791817,-0.00021594455,6.4937452e-05,-0.14585117,-0.00027791817,0.00021594455,-6.4937452e-05,-0.00021362191,-0.00021362191,OK,0,0.26105299,0.024011076,8.2105691e-07,3.3893861e-05,15,1.5,0.02,0.04,-0.05,40,40,40,40,40,10,0
12.97,0.14585252,0.00025179307,-0.00021543879,6.63018e-05,-0.14585252,-0.00025179307,0.00021543879,-6.63018e-05,-0.00020500697,-0.00020500697,OK,0,0.26115935,0.024011077,8.2128898e-07,3.3893883e-05,15,1.5,0.02,0.04,-0.05,40,40,40,40,40,10,0
12.975,0.14585362,0.00023949232,-0.00021510161,6.2530596e-05,-0.14585362,-0.00023949232,0.00021510161,-6.2530596e-05,-0.00020607615,-0.00020607615,OK,0,0.26126572,0.024011077,8.2152032e-07,3.3893903e-05,15,1.5,0.02,0.04,-0.05,40,40,40,40,40,10,0
12.98,0.14585223,-0.0022098163,-0.00021417421,0.00066158867,-0.14585223,0.0022098163,0.00021417421,-0.00066158867,0.00060842173,0.00060842173,OK,0,0.26137208,0.024011101,8.2174968e-07,3.3896091e-05,15,1.5,0.02,0.04,-0.05,40,40,40,40,40,10,0
12.985,0.14585902,-0.0010803519,-0.00021594454,0.00018914611,-0.14585902,0.0010803519,0.00021594454,-0.00018914611,-8.1482613e-05,-8.1482613e-05,OK,0,0.26147846,0.024011107,8.2198284e-07,3.389627e-05,15,1.5,0.02,0.04,-0.05,40,40,40,40,40,10,0
12.99,0.14585421,0.0039484246,-0.00021527019,-0.0010904037,-0.14585421,-0.0039484246,0.00021527019,0.0010904037,-0.0017896373,-0.0017896373,OK,0,0.26158483,0.024011185,8.2221454e-07,3.3902215e-05,15,1.5,0.02,0.04,-0.05,40,40,40,40,40,10,0
12.995,0.14586197,-0.0031846236,-0.00021695606,0.0010211488,-0.14586197,0.0031846236,0.00021695606,-0.0010211488,0.0010672367,0.0010672367,OK,0,0.2616912,0.024011236,8.2244989e-07,3.3907429e-05,15,1.5,0.02,0.04,-0.05,40,40,40,40,40,10,0
13,0.14585184,0.0034855768,-0.00021383703,-0.00091992099,-0.14585184,-0.0034855768,0.00021383703,0.00091992099,-0.0015309771,-0.0015309771,OK,0,0.26179757,0.024011297,8.2267852e-07,3.391166e-05,15,1.5,0.02,0.04,-0.05,40,40,40,40,40,10,0
13.005,0.1458584,-0.0032816322,-0.0002151016,0.0010438848,-0.1458584,0.0032816322,0.0002151016,-0.0010438848,0.0011252059,0.0011252059,OK,0,0.26190394,0.02401135,8.2290987e-07,3.3917109e-05,15,1.5,0.02,0.04,-0.05,40,40,40,40,40,10,0
13.01,0.14586228,0.0034222783,-0.00021577595,-0.00093128099,-0.14586228,-0.0034222783,0.00021577595,0.00093128099,-0.001579424,-0.001579424,OK,0,0.26201032,0.024011409,8.2314266e-07,3.3921445e-05,15,1.5,0.02,0.04,-0.05,40,40,40,40,40,10,0
13.015,0.14584943,-0.0033127612,-0.00021206703,0.0010613354,-0.14584943,0.0033127612,0.00021206703,-0.0010613354,0.001195476,0.001195476,OK,0,0.26211668,0.024011464,8.2336753e-07,3.3927077e-05,15,1.5,0.02,0.04,-0.05,40,40,40,40,40,10,0
13.02,0.14586776,0.0034396499,-0.00021628171,-0.00095431866,-0.14586776,-0.0034396499,0.00021628171,0.00095431866,-0.0016207624,-0.0016207624,OK,0,0.26222307,0.024011523,8.2360142e-07,3.3931631e-05,15,1.5,0.02,0.04,-0.05,40,40,40,40,40,10,0
13.025,0.14584983,-0.0082149017,-0.00021156126,0.0022660179,-0.14584983,0.0082149017,0.00021156126,-0.0022660179,0.0028140085,0.0028140085,OK,0,0.26232943,0.02401186,8.2382521e-07,3.3957305e-05,15,1.5,0.02,0.04,-0.05,40,40,40,40,40,10,0
13.03,0.14586526,0.010577237,-0.0002162817,-0.003090809,-0.14586526,-0.010577237,0.0002162817,0.003090809,-0.0045400443,-0.0045400443,OK,0,0.26243581,0.02401242,8.240591e-07,3.400507e-05,15,1.5,0.02,0.04,-0.05,40,40,40,40,40,10,0
13.035,0.14587034,-0.0052895729,-0.00021712463,0.0018074811,-0.14587034,0.0052895729,0.00021712463,-0.0018074811,0.0021601761,0.0021601761,OK,0,0.2625422,0.02401256,8.2429481e-07,3.4021405e-05,15,1.5,0.02,0.04,-0.05,40,40,40,40,40,10,0
13.04,0.14585429,0.002947666,-0.00021206702,-0.00076414929,-0.14585429,-0.002947666,0.00021206702,0.00076414929,-0.0012922368,-0.0012922368,OK,0,0.26264857,0.024012603,8.2451967e-07,3.4024325e-05,15,1.5,0.02,0.04,-0.05,40,40,40,40,40,10,0
13.045,0.14585941,-0.0034772239,-0.00021274137,0.0010622672,-0.14585941,0.0034772239,0.00021274137,-0.0010622672,0.0011803796,0.0011803796,OK,0,0.26275495,0.024012664,8.2474597e-07,3.4029967e-05,15,1.5,0.02,0.04,-0.05,40,40,40,40,40,10,0
13.05,0.14586255,0.0033059135,-0.00021341572,-0.00094425093,-0.14586255,-0.0033059135,0.00021341572,0.00094425093,-0.0015681245,-0.0015681245,OK,0,0.26286132,0.024012718,8.249737e-07,3.4034425e-05,15,1.5,0.02,0.04,-0.05,40,40,40,40,40,10,0
13.055,0.14584909,-0.0034133181,-0.00020987538,0.0010424685,-0.14584909,0.0034133181,0.00020987538,-0.0010424685,0.001196021,0.001196021,OK,0,0.26296768,0.024012777,8.2519394e-07,3.4039859e-05,15,1.5,0.02,0.04,-0.05,40,40,40,40,40,10,0
13.06,0.14586684,0.0033390375,-0.00021425865,-0.00097278458,-0.14586684,-0.0033390375,0.00021425865,0.00097278458,-0.0016221584,-0.0016221584,OK,0,0.26307407,0.024012832,8.2542347e-07,3.404459e-05,15,1.5,0.02,0.04,-0.05,40,40,40,40,40,10,0
13.065,0.14585337,-0.0034521527,-0.00021071832,0.0010436781,-0.14585337,0.0034521527,0.00021071832,-0.0010436781,0.0011837238,0.0011837238,OK,0,0.26318044,0.024012892,8.2564548e-07,3.4050037e-05,15,1.5,0.02,0.04,-0.05,40,40,40,40,40,10,0
13.07,0.14587087,0.0032872098,-0.00021510158,-0.00096583486,-0.14587087,-0.0032872098,0.00021510158,0.00096583486,-0.0016263703,-0.0016263703,OK,0,0.26328683,0.024012946,8.2587683e-07,3.4054701e-05,15,1.5,0.02,0.04,-0.05,40,40,40,40,40,10,0
13.075,0.1458523,-0.008372469,-0.00021029667,0.0022573017,-0.1458523,0.008372469,0.00021029667,-0.0022573017,0.0028136496,0.0028136496,OK,0,0.26339319,0.024013296,8.2609795e-07,3.4080178e-05,15,1.5,0.02,0.04,-0.05,40,40,40,40,40,10,0
13.08,0.1458669,0.010421379,-0.00021510157,-0.0030995939,-0.1458669,-0.010421379,0.00021510157,0.0030995939,-0.0045417213,-0.0045417213,OK,0,0.26349958,0.024013839,8.2632929e-07,3.4128215e-05,15,1.5,0.02,0.04,-0.05,40,40,40,40,40,10,0
13.085,0.14587124,-0.0054464129,-0.00021594451,0.0017995783,-0.14587124,0.0054464129,0.00021594451,-0.0017995783,0.0021597681,0.0021597681,OK,0,0.26360597,0.024013988,8.2656245e-07,3.4144408e-05,15,1.5,0.02,0.04,-0.05,40,40,40,40,40,10,0
13.09,0.14585428,0.0027909555,-0.00021105548,-0.00077173489,-0.14585428,-0.0027909555,0.00021105548,0.00077173489,-0.0012947108,-0.0012947108,OK,0,0.26371234,0.024014027,8.2678517e-07,3.4147386e-05,15,1.5,0.02,0.04,-0.05,40,40,40,40,40,10,0
13.095,0.14585855,-0.0036375538,-0.00021181395,0.0010563797,-0.14585855,0.0036375538,0.00021181395,-0.0010563797,0.0011790291,0.0011790291,OK,0,0.26381871,0.024014093,8.270095e-07,3.4152965e-05,15,1.5,0.02,0.04,-0.05,40,40,40,40,40,10,0
13.1,0.14586339,0.00073655946,-0.00021299406,-0.00034676243,-0.14586339,-0.00073655946,0.00021299406,0.00034676243,-0.00076832446,-0.00076832446,OK,0,0.26392509,0.024014096,8.2723633e-07,3.4153566e-05,15,1.5,0.02,0.04,-0.05,40,40,40,40,40,10,0
13.105,0.14585983,-7.2273984e-05,-0.00021265689,-2.7272128e-05,-0.14585983,7.2273984e-05,0.00021265689,2.7272128e-05,-0.00031645591,-0.00031645591,OK,0,0.26403147,0.024014096,8.2746245e-07,3.415357e-05,15,1.5,0.02,0.04,-0.05,40,40,40,40,40,10,0
13.11,0.14586385,-0.00023944199,-0.000213837,3.2650867e-05,-0.14586385,0.00023944199,0.000213837,-3.2650867e-05,-0.00025087926,-0.00025087926,OK,0,0.26413785,0.024014096,8.2769108e-07,3.4153576e-05,15,1.5,0.02,0.04,-0.05,40,40,40,40,40,10,0
13.115,0.14586261,0.0045537104,-0.00021358428,-0.0011504071,-0.14586261,-0.0045537104,0.00021358428,0.0011504071,-0.0018299742,-0.0018299742,OK,0,0.26424423,0.0240142,8.2791917e-07,3.4160193e-05,15,1.5,0.02,0.04,-0.05,40,40,40,40,40,10,0
13.12,0.14585419,-0.0025861734,-0.00021046525,0.00098570548,-0.14585419,0.0025861734,0.00021046525,-0.00098570548,0.0011352163,0.0011352163,OK,0,0.2643506,0.024014233,8.2814065e-07,3.4165051e-05,15,1.5,0.02,0.04,-0.05,40,40,40,40,40,10,0
13.125,0.14587585,0.0040859731,-0.0002150171,-0.00099635196,-0.14587585,-0.0040859731,0.0002150171,0.00099635196,-0.0016388287,-0.0016388287,OK,0,0.26445699,0.024014316,8.2837181e-07,3.4170014e-05,15,1.5,0.02,0.04,-0.05,40,40,40,40,40,10,0
13.13,0.14586112,-0.0075843213,-0.00021046524,0.0022321443,-0.14586112,0.0075843213,0.00021046524,-0.0022321443,0.0028050873,0.0028050873,OK,0,0.26456337,0.024014604,8.2859329e-07,3.4194927e-05,15,1.5,0.02,0.04,-0.05,40,40,40,40,40,10,0
13.135,0.14585557,0.0063814515,-0.00020928514,-0.0019134457,-0.14585557,-0.0063814515,0.00020928514,0.0019134457,-0.0028370762,-0.0028370762,OK,0,0.26466974,0.024014808,8.2881229e-07,3.4213233e-05,15,1.5,0.02,0.04,-0.05,40,40,40,40,40,10,0
13.14,0.14587112,-0.0022441308,-0.00021316264,0.00080143709,-0.14587112,0.0022441308,0.00021316264,-0.00080143709,0.00083237328,0.00083237328,OK,0,0.26477613,0.024014833,8.2903948e-07,3.4216445e-05,15,1.5,0.02,0.04,-0.05,40,40,40,40,40,10,0
13.145,0.14585008,-0.00071679612,-0.00020726209,0.00020039521,-0.14585008,0.00071679612,0.00020726209,-0.00020039521,7.9991184e-05,7.9991184e-05,OK,0,0.26488249,0.024014835,8.2925427e-07,3.4216645e-05,15,1.5,0.02,0.04,-0.05,40,40,40,40,40,10,0
13.15,0.14587646,0.0044453668,-0.00021400557,-0.0011730238,-0.14587646,-0.0044453668,0.00021400557,0.0011730238,-0.0018742754,-0.0018742754,OK,0,0.26498889,0.024014934,8.2948326e-07,3.4223525e-05,15,1.5,0.02,0.04,-0.05,40,40,40,40,40,10,0
13.155,0.14586266,-0.007559707,-0.00020979089,0.0021909519,-0.14586266,0.007559707,0.00020979089,-0.0021909519,0.0027544295,0.0027544295,OK,0,0.26509527,0.02401522,8.2970332e-07,3.4247527e-05,15,1.5,0.02,0.04,-0.05,40,40,40,40,40,10,0
13.16,0.14585697,0.0063352721,-0.00020877937,-0.001925709,-0.14585697,-0.0063352721,0.00020877937,0.001925709,-0.0028497036,-0.0028497036,OK,0,0.26520164,0.024015421,8.2992127e-07,3.4266068e-05,15,1.5,0.02,0.04,-0.05,40,40,40,40,40,10,0
13.165,0.14587229,-0.0023069638,-0.00021265687,0.00079621667,-0.14587229,0.0023069638,0.00021265687,-0.00079621667,0.00082963916,0.00082963916,OK,0,0.26530804,0.024015447,8.3014738e-07,3.4269238e-05,15,1.5,0.02,0.04,-0.05,40,40,40,40,40,10,0
13.17,0.14585795,0.001619381,-0.00020877936,-0.00040490396,-0.14585795,-0.001619381,0.00020877936,0.00040490396,-0.00075711221,-0.00075711221,OK,0,0.26541441,0.02401546,8.3036532e-07,3.4270058e-05,15,1.5,0.02,0.04,-0.05,40,40,40,40,40,10,0
13.175,0.1458684,-0.0016299456,-0.00021097099,0.00051038789,-0.1458684,0.0016299456,0.00021097099,-0.00051038789,0.00045318713,0.00045318713,OK,0,0.2655208,0.024015474,8.3058787e-07,3.427136e-05,15,1.5,0.02,0.04,-0.05,40,40,40,40,40,10,0
13.18,0.14586299,0.0041709632,-0.00020979088,-0.0010778303,-0.14586299,-0.0041709632,0.00020979088,0.0010778303,-0.0016795105,-0.0016795105,OK,0,0.26562718,0.024015561,8.3080793e-07,3.4277169e-05,15,1.5,0.02,0.04,-0.05,40,40,40,40,40,10,0
13.185,0.14586317,0.0020611717,-0.00020877936,-0.00023305314,-0.14586317,-0.0020611717,0.00020877936,0.00023305314,-0.00048155985,-0.00048155985,OK,0,0.26573356,0.024015582,8.3102587e-07,3.4277441e-05,15,1.5,0.02,0.04,-0.05,40,40,40,40,40,10,0
13.19,0.14586731,0.0016099255,-0.0002082736,-7.7700439e-05,-0.14586731,-0.0016099255,0.0002082736,7.7700439e-05,-0.00025891136,-0.00025891136,OK,0,0.26583995,0.024015595,8.3124276e-07,3.4277471e-05,15,1.5,0.02,0.04,-0.05,40,40,40,40,40,10,0
13.195,0.14586066,0.0015776272,-0.00020507044,-4.9445218e-05,-0.14586066,-0.0015776272,0.00020507044,4.9445218e-05,-0.00016990614,-0.00016990614,OK,0,0.26594632,0.024015607,8.3145303e-07,3.4277483e-05,15,1.5,0.02,0.04,-0.05,40,40,40,40,40,10,0
13.2,0.1458638,-0.0032405862,-0.00020405892,0.001131733,-0.1458638,0.0032405862,0.00020405892,-0.001131733,0.0014243684,0.0014243684,OK,0,0.2660527,0.02401566,8.3166123e-07,3.4283887e-05,15,1.5,0.02,0.04,-0.05,40,40,40,40,40,10,0
13.205,0.14586908,0.0038934132,-0.00020490185,-0.0010138818,-0.14586908,-0.0038934132,0.00020490185,0.0010138818,-0.0015212323,-0.0015212323,OK,0,0.26615909,0.024015736,8.3187116e-07,3.4289027e-05,15,1.5,0.02,0.04,-0.05,40,40,40,40,40,10,0
13.21,0.14585886,-0.0027533561,-0.00020169869,0.00094645672,-0.14585886,0.0027533561,0.00020169869,-0.00094645672,0.0012012477,0.0012012477,OK,0,0.26626547,0.024015774,8.3207457e-07,3.4293506e-05,15,1.5,0.02,0.04,-0.05,40,40,40,40,40,10,0
13.215,0.14586537,-0.00080090386,-0.00020304739,0.00013400221,-0.14586537,0.00080090386,0.00020304739,-0.00013400221,4.0563766e-05,4.0563766e-05,OK,0,0.26637185,0.024015777,8.3228071e-07,3.4293596e-05,15,1.5,0.02,0.04,-0.05,40,40,40,40,40,10,0
13.22,0.14586513,0.0020001697,-0.00020321598,-0.00061170931,-0.14586513,-0.0020001697,0.00020321598,0.00061170931,-0.00096849428,-0.00096849428,OK,0,0.26647823,0.024015797,8.3248719e-07,3.4295467e-05,15,1.5,0.02,0.04,-0.05,40,40,40,40,40,10,0
13.225,0.14586676,0.00085891111,-0.00020389032,-0.00017605637,-0.14586676,-0.00085891111,0.00020389032,0.00017605637,-0.00037074773,-0.00037074773,OK,0,0.26658462,0.0240158,8.3269505e-07,3.4295622e-05,15,1.5,0.02,0.04,-0.05,40,40,40,40,40,10,0
13.23,0.14586568,0.00061857633,-0.00020321597,-8.3486264e-05,-0.14586568,-0.00061857633,0.00020321597,8.3486264e-05,-0.0002314123,-0.0002314123,OK,0,0.266691,0.024015802,8.3290153e-07,3.4295656e-05,15,1.5,0.02,0.04,-0.05,40,40,40,40,40,10,0
13.235,0.14586866,0.0054392828,-0.00020372173,-0.0012753778,-0.14586866,-0.0054392828,0.00020372173,0.0012753778,-0.0018339482,-0.0018339482,OK,0,0.26679739,0.02401595,8.3310905e-07,3.4303789e-05,15,1.5,0.02,0.04,-0.05,40,40,40,40,40,10,0
13.24,0.14585979,-0.006567456,-0.00020001281,0.0020694563,-0.14585979,0.006567456,0.00020001281,-0.0020694563,0.0027584898,0.0027584898,OK,0,0.26690377,0.024016166,8.3330907e-07,3.4325203e-05,15,1.5,0.02,0.04,-0.05,40,40,40,40,40,10,0
13.245,0.14587838,0.0072862297,-0.00020439608,-0.0020491348,-0.14587838,-0.0072862297,0.00020439608,0.0020491348,-0.0029306265,-0.0029306265,OK,0,0.26701017,0.024016431,8.3351796e-07,3.4346197e-05,15,1.5,0.02,0.04,-0.05,40,40,40,40,40,10,0
13.25,0.14587413,-0.006222996,-0.00020287879,0.001923775,-0.14587413,0.006222996,0.00020287879,-0.001923775,0.0025110434,0.0025110434,OK,0,0.26711657,0.024016625,8.3372376e-07,3.4364702e-05,15,1.5,0.02,0.04,-0.05,40,40,40,40,40,10,0
13.255,0.14585492,0.002514928,-0.00019782118,-0.0008464832,-0.14585492,-0.002514928,0.00019782118,0.0008464832,-0.0012193469,-0.0012193469,OK,0,0.26722293,0.024016657,8.3391943e-07,3.4368285e-05,15,1.5,0.02,0.04,-0.05,40,40,40,40,40,10,0
13.26,0.14587729,0.0010117504,-0.0002040589,-0.0002653529,-0.14587729,-0.0010117504,0.0002040589,0.0002653529,-0.00050089701,-0.00050089701,OK,0,0.26732933,0.024016662,8.3412763e-07,3.4368637e-05,15,1.5,0.02,0.04,-0.05,40,40,40,40,40,10,0
13.265,0.1458571,-0.0041723516,-0.00019883269,0.0011068009,-0.1458571,0.0041723516,0.00019883269,-0.0011068009,0.0014279588,0.0014279588,OK,0,0.26743571,0.024016749,8.343253e-07,3.4374762e-05,15,1.5,0.02,0.04,-0.05,40,40,40,40,40,10,0
13.27,0.1458817,0.0077309718,-0.00020574477,-0.0022461971,-0.1458817,-0.0077309718,0.00020574477,0.0022461971,-0.0032285943,-0.0032285943,OK,0,0.26754211,0.024017048,8.3453695e-07,3.4399989e-05,15,1.5,0.02,0.04,-0.05,40,40,40,40,40,10,0
13.275,0.14587854,-0.0061985515,-0.00020456465,0.0018967104,-0.14587854,0.0061985515,0.00020456465,-0.0018967104,0.0024462246,0.0024462246,OK,0,0.26764852,0.02401724,8.3474619e-07,3.4417976e-05,15,1.5,0.02,0.04,-0.05,40,40,40,40,40,10,0
13.28,0.14585906,0.0024519633,-0.00019967563,-0.0008379137,-0.14585906,-0.0024519633,0.00019967563,0.0008379137,-0.0012367452,-0.0012367452,OK,0,0.26775489,0.02401727,8.3494554e-07,3.4421487e-05,15,1.5,0.02,0.04,-0.05,40,40,40,40,40,10,0
13.285,0.14588116,0.00092881878,-0.00020574476,-0.00024839503,-0.14588116,-0.00092881878,0.00020574476,0.00024839503,-0.00050398811,-0.00050398811,OK,0,0.2678613,0.024017274,8.3515719e-07,3.4421795e-05,15,1.5,0.02,0.04,-0.05,40,40,40,40,40,10,0
13.29,0.14586063,-0.0042552575,-0.00020034997,0.0011240334,-0.14586063,0.0042552575,0.00020034997,-0.0011240334,0.0014278028,0.0014278028,OK,0,0.26796767,0.024017365,8.3535789e-07,3.4428112e-05,15,1.5,0.02,0.04,-0.05,40,40,40,40,40,10,0
13.295,0.14587502,0.0028371718,-0.00020490182,-0.0010247455,-0.14587502,-0.0028371718,0.00020490182,0.0010247455,-0.0015796584,-0.0015796584,OK,0,0.26807407,0.024017405,8.3556782e-07,3.4433363e-05,15,1.5,0.02,0.04,-0.05,40,40,40,40,40,10,0
13.3,0.14585941,-0.0038866946,-0.00020153008,0.00096781882,-0.14585941,0.0038866946,0.00020153008,-0.00096781882,0.0011904975,0.0011904975,OK,0,0.26818045,0.02401748,8.3577089e-07,3.4438046e-05,15,1.5,0.02,0.04,-0.05,40,40,40,40,40,10,0
13.305,0.14587466,0.0028668641,-0.0002064191,-0.0010445773,-0.14587466,-0.0028668641,0.0002064191,0.0010445773,-0.0016309848,-0.0016309848,OK,0,0.26828684,0.024017522,8.3598393e-07,3.4443502e-05,15,1.5,0.02,0.04,-0.05,40,40,40,40,40,10,0
13.31,0.14585882,-0.0039300119,-0.00020321594,0.00097711052,-0.14585882,0.0039300119,0.00020321594,-0.00097711052,0.0011774026,0.0011774026,OK,0,0.26839322,0.024017599,8.3619042e-07,3.4448276e-05,15,1.5,0.02,0.04,-0.05,40,40,40,40,40,10,0
13.315,0.14587893,0.0052121634,-0.00020894791,-0.0016308576,-0.14587893,-0.0052121634,0.00020894791,0.0016308576,-0.0024544399,-0.0024544399,OK,0,0.26849962,0.024017735,8.3640871e-07,3.4461574e-05,15,1.5,0.02,0.04,-0.05,40,40,40,40,40,10,0
13.32,0.14586643,-0.0076184282,-0.00020608192,0.0020673856,-0.14586643,0.0076184282,0.00020608192,-0.0020673856,0.0026224411,0.0026224411,OK,0,0.26860601,0.024018025,8.3662106e-07,3.4482945e-05,15,1.5,0.02,0.04,-0.05,40,40,40,40,40,10,0
13.325,0.14587934,0.0060500531,-0.00021012801,-0.0019765345,-0.14587934,-0.0060500531,0.00021012801,0.0019765345,-0.0029571331,-0.0029571331,OK,0,0.26871241,0.024018208,8.3684183e-07,3.4502478e-05,15,1.5,0.02,0.04,-0.05,40,40,40,40,40,10,0
13.33,0.14586872,-0.007496565,-0.00020827355,0.0020101609,-0.14586872,0.007496565,0.00020827355,-0.0020101609,0.00250865,0.00250865,OK,0,0.2688188,0.024018489,8.3705872e-07,3.4522682e-05,15,1.5,0.02,0.04,-0.05,40,40,40,40,40,10,0
13.335,0.1458623,0.0060547466,-0.00020776779,-0.0019664158,-0.1458623,-0.0060547466,0.00020776779,0.0019664158,-0.0029067047,-0.0029067047,OK,0,0.26892518,0.024018672,8.3727456e-07,3.4542016e-05,15,1.5,0.02,0.04,-0.05,40,40,40,40,40,10,0
13.34,0.14587601,-0.0026627676,-0.00021172975,0.00078707056,-0.14587601,0.0026627676,0.00021172975,-0.00078707056,0.00081566907,0.00081566907,OK,0,0.26903158,0.024018708,8.374987e-07,3.4545113e-05,15,1.5,0.02,0.04,-0.05,40,40,40,40,40,10,0
13.345,0.14586719,0.0036639611,-0.00020962224,-0.0010118802,-0.14586719,-0.0036639611,0.00020962224,0.0010118802,-0.0015982517,-0.0015982517,OK,0,0.26913796,0.024018775,8.3771841e-07,3.4550233e-05,15,1.5,0.02,0.04,-0.05,40,40,40,40,40,10,0
13.35,0.14587467,-0.0031823489,-0.00021097094,0.00098744371,-0.14587467,0.0031823489,0.00021097094,-0.00098744371,0.0011068009,0.0011068009,OK,0,0.26924436,0.024018825,8.3794096e-07,3.4555108e-05,15,1.5,0.02,0.04,-0.05,40,40,40,40,40,10,0
13.355,0.14586441,0.0035576819,-0.00020844213,-0.00097838661,-0.14586441,-0.0035576819,0.00020844213,0.00097838661,-0.0015346164,-0.0015346164,OK,0,0.26935074,0.024018889,8.381582e-07,3.4559894e-05,15,1.5,0.02,0.04,-0.05,40,40,40,40,40,10,0
13.36,0.14587148,-0.0032009644,-0.00020987528,0.00098537278,-0.14587148,0.0032009644,0.00020987528,-0.00098537278,0.0011193208,0.0011193208,OK,0,0.26945713,0.02401894,8.3837843e-07,3.4564749e-05,15,1.5,0.02,0.04,-0.05,40,40,40,40,40,10,0
13.365,0.14587589,0.0035047492,-0.00021071822,-0.00098772429,-0.14587589,-0.0035047492,0.00021071822,0.00098772429,-0.001584652,-0.001584652,OK,0,0.26956353,0.024019001,8.3860044e-07,3.4569627e-05,15,1.5,0.02,0.04,-0.05,40,40,40,40,40,10,0
13.37,0.14586342,-0.0032230447,-0.00020734647,0.0010053868,-0.14586342,0.0032230447,0.00020734647,-0.0010053868,0.0011862297,0.0011862297,OK,0,0.26966991,0.024019053,8.3881541e-07,3.4574681e-05,15,1.5,0.02,0.04,-0.05,40,40,40,40,40,10,0
13.375,0.14588214,0.0035314184,-0.00021189833,-0.0010076601,-0.14588214,-0.0035314184,0.00021189833,0.0010076601,-0.0016310656,-0.0016310656,OK,0,0.26977632,0.024019116,8.3903991e-07,3.4579758e-05,15,1.5,0.02,0.04,-0.05,40,40,40,40,40,10,0
13.38,0.14586476,-0.0081218642,-0.00020734647,0.0022156457,-0.14586476,0.0081218642,0.00020734647,-0.0022156457,0.0028056921,0.0028056921,OK,0,0.2698827,0.024019445,8.3925487e-07,3.4604303e-05,15,1.5,0.02,0.04,-0.05,40,40,40,40,40,10,0
13.385,0.14587585,0.0058074038,-0.00021105539,-0.0019338486,-0.14587585,-0.0058074038,0.00021105539,0.0019338486,-0.0029167906,-0.0029167906,OK,0,0.2699891,0.024019614,8.394776e-07,3.4623002e-05,15,1.5,0.02,0.04,-0.05,40,40,40,40,40,10,0
13.39,0.14586438,-0.0076850807,-0.00020886375,0.0020303052,-0.14586438,0.0076850807,0.00020886375,-0.0020303052,0.0025223859,0.0025223859,OK,0,0.27009548,0.024019909,8.3969572e-07,3.4643613e-05,15,1.5,0.02,0.04,-0.05,40,40,40,40,40,10,0
13.395,0.14587637,0.0058404547,-0.00021307843,-0.0019566186,-0.14587637,-0.0058404547,0.00021307843,0.0019566186,-0.0029799587,-0.0029799587,OK,0,0.27020188,0.02402008,8.3992273e-07,3.4662755e-05,15,1.5,0.02,0.04,-0.05,40,40,40,40,40,10,0
13.4,0.14586464,-0.0077408867,-0.00021105538,0.0020431069,-0.14586464,0.0077408867,0.00021105538,-0.0020431069,0.002506487,0.002506487,OK,0,0.27030827,0.024020379,8.4014545e-07,3.4683626e-05,15,1.5,0.02,0.04,-0.05,40,40,40,40,40,10,0
13.405,0.14587637,0.0057630994,-0.00021510147,-0.0019354186,-0.14587637,-0.0057630994,0.00021510147,0.0019354186,-0.0029815986,-0.0029815986,OK,0,0.27041467,0.024020546,8.4037679e-07,3.4702355e-05,15,1.5,0.02,0.04,-0.05,40,40,40,40,40,10,0
13.41,0.14586456,-0.0078199953,-0.00021265678,0.0020646564,-0.14586456,0.0078199953,0.00021265678,-0.0020646564,0.0025116242,0.0025116242,OK,0,0.27052105,0.024020851,8.4060291e-07,3.4723669e-05,15,1.5,0.02,0.04,-0.05,40,40,40,40,40,10,0
13.415,0.14588071,0.010558942,-0.00021788299,-0.0031229773,-0.14588071,-0.010558942,0.00021788299,0.0031229773,-0.0046127389,-0.0046127389,OK,0,0.27062745,0.024021409,8.4084027e-07,3.4772434e-05,15,1.5,0.02,0.04,-0.05,40,40,40,40,40,10,0
13.42,0.14588558,-0.005392916,-0.00021864179,0.0018120811,-0.14588558,0.005392916,0.00021864179,-0.0018120811,0.0021404897,0.0021404897,OK,0,0.27073387,0.024021554,8.4107929e-07,3.4788852e-05,15,1.5,0.02,0.04,-0.05,40,40,40,40,40,10,0
13.425,0.14586155,0.00042211565,-0.00021189831,-0.0001490725,-0.14586155,-0.00042211565,0.00021189831,0.0001490725,-0.00046796773,-0.00046796773,OK,0,0.27084025,0.024021555,8.413038e-07,3.4788964e-05,15,1.5,0.02,0.04,-0.05,40,40,40,40,40,10,0
13.43,0.14588419,0.0024138822,-0.00021754581,-0.00061023428,-0.14588419,-0.0024138822,0.00021754581,0.00061023428,-0.0011642994,-0.0011642994,OK,0,0.27094666,0.024021584,8.4154043e-07,3.4790825e-05,15,1.5,0.02,0.04,-0.05,40,40,40,40,40,10,0
13.435,0.1458656,-0.006144107,-0.00021248819,0.0017401833,-0.1458656,0.006144107,0.00021248819,-0.0017401833,0.0020944998,0.0020944998,OK,0,0.27105304,0.024021773,8.4176619e-07,3.4805967e-05,15,1.5,0.02,0.04,-0.05,40,40,40,40,40,10,0
13.44,0.14588332,0.0067526834,-0.00021746168,-0.002002145,-0.14588332,-0.0067526834,0.00021746168,0.002002145,-0.003077369,-0.003077369,OK,0,0.27115945,0.024022001,8.4200263e-07,3.482601e-05,15,1.5,0.02,0.04,-0.05,40,40,40,40,40,10,0
13.445,0.14587617,-0.006956813,-0.00021510145,0.0020499165,-0.14587617,0.006956813,0.00021510145,-0.0020499165,0.0024876039,0.0024876039,OK,0,0.27126585,0.024022243,8.4223398e-07,3.484702e-05,15,1.5,0.02,0.04,-0.05,40,40,40,40,40,10,0
13.45,0.14587225,0.0065752824,-0.00021451123,-0.0019189062,-0.14587225,-0.0065752824,0.00021451123,0.0019189062,-0.0029155715,-0.0029155715,OK,0,0.27137224,0.024022459,8.4246405e-07,3.4865431e-05,15,1.5,0.02,0.04,-0.05,40,40,40,40,40,10,0
13.455,0.14586927,-0.0021014484,-0.00021341558,0.00083834523,-0.14586927,0.0021014484,0.00021341558,-0.00083834523,0.0008896115,0.0008896115,OK,0,0.27147863,0.024022481,8.4269178e-07,3.4868945e-05,15,1.5,0.02,0.04,-0.05,40,40,40,40,40,10,0
13.46,0.14587778,-0.00057710124,-0.00021476428,0.00019837176,-0.14587778,0.00057710124,0.00021476428,-0.00019837176,-2.9435083e-05,-2.9435083e-05,OK,0,0.27158503,0.024022483,8.429224e-07,3.4869142e-05,15,1.5,0.02,0.04,-0.05,40,40,40,40,40,10,0
13.465,0.14587591,0.0045483913,-0.00021400547,-0.0011164722,-0.14587591,-0.0045483913,0.00021400547,0.0011164722,-0.0017853363,-0.0017853363,OK,0,0.27169143,0.024022586,8.4315139e-07,3.4875375e-05,15,1.5,0.02,0.04,-0.05,40,40,40,40,40,10,0
13.47,0.14586754,-0.0025119064,-0.0002109709,0.00098984642,-0.14586754,0.0025119064,0.0002109709,-0.00098984642,0.0011370807,0.0011370807,OK,0,0.27179782,0.024022618,8.4337394e-07,3.4880274e-05,15,1.5,0.02,0.04,-0.05,40,40,40,40,40,10,0
13.475,0.14588969,0.0041752079,-0.00021543863,-0.00099646749,-0.14588969,-0.0041752079,0.00021543863,0.00099646749,-0.0016414785,-0.0016414785,OK,0,0.27190424,0.024022705,8.4360601e-07,3.4885239e-05,15,1.5,0.02,0.04,-0.05,40,40,40,40,40,10,0
