t_s,theta_rad,dtheta_rad_s,psi_rad,dpsi_rad_s,error_theta,error_dtheta,error_psi,error_dpsi,u_PD_Nm,u_Nm,status_cbf,ISE_theta,ISE_dtheta,ISE_psi,ISE_dpsi
0.005,0.0,0.0,-2.220446049250313e-16,0.0,0.0,0.0,2.220446049250313e-16,0.0,0.0,0.0,-,0.0,0.0,2.465190328815662e-34,0.0
0.01,1.2705494812293098e-25,-2.256949153578792e-36,-2.220446049250313e-16,-4.235164736271502e-23,-1.2705494812293098e-25,2.256949153578792e-36,2.220446049250313e-16,4.235164736271502e-23,0.0,0.0,-,8.0714799212603405e-53,2.5469097409200128e-74,4.930380657631324e-34,8.968310171678831e-48
0.015,4.658681184655103e-25,-4.502143363649361e-36,-2.220446049250313e-16,-8.470329472543003e-23,-4.658681184655103e-25,4.502143363649361e-36,2.220446049250313e-16,8.470329472543003e-23,0.0,0.0,-,1.1658803182255769e-51,1.2681557174346003e-73,7.395570986446985e-34,4.484155085839414e-47
0.02,-1.1429087849893071e-10,-1.1429095465615658e-07,1.3587986202306188e-10,1.3588000791044183e-07,1.1429087849893071e-10,1.1429095465615658e-07,-1.3587986202306188e-10,-1.3588000791044183e-07,0.0,0.0,-,6.531202454028672e-23,6.531211158107821e-17,9.231668451777125e-23,9.231688274870868e-17
0.025,-8.076586084131993e-10,-1.5394284861668204e-07,9.455874950566823e-10,1.796889356957358e-07,8.076586084131993e-10,1.5394284861668204e-07,-9.455874950566823e-10,-1.796889356957358e-07,0.0,0.0,-,3.326874163260015e-21,1.8380411478217164e-16,4.562995238555628e-21,2.537574508060401e-16
0.030000000000000002,-1.6926962532066879e-09,-1.924445497472949e-07,1.9781906079140335e-09,2.2447805143101836e-07,1.6926962532066879e-09,1.924445497472949e-07,-1.9781906079140335e-09,-2.2447805143101836e-07,0.0,0.0,-,1.7652977191359815e-20,3.68978638419367e-16,2.41291856447521e-20,5.057094286773748e-16
0.035,-2.7716366172689176e-09,-2.3141507717859608e-07,3.2363449650879344e-09,2.698076034592687e-07,2.7716366172689176e-09,2.3141507717859608e-07,-3.2363449650879344e-09,-2.698076034592687e-07,0.0,0.0,-,5.606282488228927e-20,6.36743328147245e-16,7.649882931000223e-20,8.6969014309954485e-16
0.04,-4.0469361937782255e-09,-2.7089406000312986e-07,4.72288907382834e-09,3.157253041638814e-07,4.0469361937782255e-09,2.7089406000312986e-07,-4.72288907382834e-09,-3.157253041638814e-07,0.0,0.0,-,1.3795128766485017e-19,1.0036612868721415e-15,1.8802723532843773e-19,1.3681024815464216e-15
0.045,-5.521289340600261e-09,-3.10933743349151e-07,6.4409451033429564e-09,3.6229300881045606e-07,5.521289340600261e-09,3.10933743349151e-07,-6.4409451033429564e-09,-3.6229300881045606e-07,0.0,0.0,-,2.9037446757798044e-19,1.4870602506377198e-15,3.9545610444982567e-19,2.024383602711087e-15
0.049999999999999996,-7.197681140733186e-09,-3.515952501358724e-07,8.393974173915801e-09,4.0958242638429414e-07,7.197681140733186e-09,3.515952501358724e-07,-8.393974173915801e-09,-4.0958242638429414e-07,0.0,0.0,-,5.494075365963112e-19,2.105156350228253e-15,7.477501166116528e-19,2.8631724227253155e-15
0.05499999999999999,-9.079419390739157e-09,-3.9294579556124173e-07,1.0585819100500431e-08,4.576722501008137e-07,9.079419390739157e-09,3.9294579556124173e-07,-1.0585819100500431e-08,-4.576722501008137e-07,0.0,0.0,-,9.61586818960962e-19,2.8771883414745384e-15,1.3080479467542512e-18,3.910491865287024e-15
0.05999999999999999,-1.1170162611654314e-08,-4.3505715731793487e-07,1.3020732370343865e-08,5.066464040264907e-07,1.1170162611654314e-08,4.3505715731793487e-07,-1.3020732370343865e-08,-5.066464040264907e-07,0.0,0.0,-,1.5854494828149612e-18,3.8235619921423496e-15,2.1557453040548538e-18,5.1939447588518935e-15
0.06499999999999999,-1.3473942685572936e-08,-4.780052836021358e-07,1.5703397237226005e-08,5.565931149283161e-07,1.3473942685572936e-08,4.780052836021358e-07,-1.5703397237226005e-08,-5.565931149283161e-07,0.0,0.0,-,2.493185140285483e-18,4.966007247900141e-15,3.38872872800544e-18,6.7429242367799214e-15
0.06999999999999999,-1.5995177152742902e-08,-5.218686598334683e-07,1.8638950814099482e-08,6.07603945392219e-07,1.5995177152742902e-08,5.218686598334683e-07,-1.8638950814099482e-08,-6.07603945392219e-07,0.0,0.0,-,3.7724136010236264e-18,6.327741738482043e-15,5.12578116525754e-18,8.588837009060876e-15
0.075,-1.873847130973763e-08,-5.666699298940895e-07,2.1832878936590652e-08,6.597394981686406e-07,1.873847130973763e-08,5.666699298940895e-07,-2.1832878936590652e-08,-6.597394981686406e-07,0.0,0.0,-,5.5280651361529295e-18,7.933315785712907e-15,7.509154178556661e-18,1.0765118036279927e-14
0.08,-2.170925603911511e-08,-6.12630323038333e-07,2.5291369320566057e-08,7.131773020564902e-07,2.170925603911511e-08,6.12630323038333e-07,-2.5291369320566057e-08,-7.131773020564902e-07,0.0,0.0,-,7.88452412501221e-18,9.80989534924317e-15,1.0707420989103014e-17,1.3308227357122801e-14
0.085,-2.49132881614583e-08,-6.59751099156398e-07,2.9021066094780575e-08,7.679681616832012e-07,2.49132881614583e-08,6.59751099156398e-07,-2.9021066094780575e-08,-7.679681616832012e-07,0.0,0.0,-,1.0987883760091504e-17,1.1986252913433548e-14,1.491853237549113e-17,1.625710284391818e-14
0.09000000000000001,-2.8356639842871118e-08,-7.081230272257758e-07,3.3029048707492613e-08,8.242167764271991e-07,2.8356639842871118e-08,7.081230272257758e-07,-3.3029048707492613e-08,-8.242167764271991e-07,0.0,0.0,-,1.5008378875983036e-17,1.4493444021870533e-14,2.0373122668100734e-17,1.9653769316638402e-14
0.09500000000000001,-3.2045847964385804e-08,-7.578394733403866e-07,3.732292573922382e-08,8.820305486985237e-07,3.2045847964385804e-08,7.578394733403866e-07,-3.732292573922382e-08,-8.820305486985237e-07,0.0,0.0,-,2.014306073476569e-17,1.7365047358634707e-14,2.733812659677882e-17,2.35436587608255e-14
0.10000000000000002,-3.538071133399133e-08,-7.37043743106406e-07,4.190468016137316e-08,9.250190333264483e-07,3.538071133399133e-08,7.37043743106406e-07,-4.190468016137316e-08,-9.250190333264483e-07,0.0,0.0,-,2.640203440726181e-17,2.008121475489622e-14,3.611813769391373e-17,2.782195982090649e-14
0.10500000000000002,-3.8951043653385684e-08,-7.013314199747563e-07,4.668494134729709e-08,9.72178531421237e-07,3.8951043653385684e-08,7.013314199747563e-07,-4.668494134729709e-08,-9.72178531421237e-07,0.0,0.0,-,3.39879534157016e-17,2.254054355811526e-14,4.701555643691659e-17,3.254761530568826e-14
0.11000000000000003,-4.227524399271257e-08,-6.460770961412482e-07,5.172353117536817e-08,1.0238029433385587e-06,4.227524399271257e-08,6.460770961412482e-07,-5.172353117536817e-08,-1.0238029433385587e-06,0.0,0.0,-,4.292393468891851e-17,2.4627621628906802e-14,6.039217482316302e-17,3.7788477639631746e-14
0.11500000000000003,-4.525455302405905e-08,-5.708844811071465e-07,5.7042490995076836e-08,1.079865277646809e-06,4.525455302405905e-08,5.708844811071465e-07,-5.7042490995076836e-08,-1.079865277646809e-06,0.0,0.0,-,5.3163807535955376e-17,2.6257167082751684e-14,7.666140371778015e-17,4.3619022728967853e-14
0.12000000000000004,-4.7788521011148834e-08,-4.7549724381382734e-07,6.266400217308325e-08,1.140389273264619e-06,4.7788521011148834e-08,4.7549724381382734e-07,-6.266400217308325e-08,-1.140389273264619e-06,0.0,0.0,-,6.458252123812045e-17,2.7387655227124417e-14,9.629528955952108e-17,5.012146120185289e-14
0.12500000000000003,-4.977568986232685e-08,-3.597639756691861e-07,6.861053885022016e-08,1.2054354316498429e-06,4.977568986232685e-08,3.597639756691861e-07,-6.861053885022016e-08,-1.2054354316498429e-06,0.0,0.0,-,7.697061774447317e-17,2.803480581807091e-14,1.1983231976610887e-16,5.738683410123709e-14
0.13000000000000003,-5.1114033910856196e-08,-2.2360111157214405e-07,7.490499194878571e-08,1.275092638224132e-06,5.1114033910856196e-08,2.2360111157214405e-07,-7.490499194878571e-08,-1.275092638224132e-06,0.0,0.0,-,9.003384005767397e-17,2.8284793103552404e-14,1.4788610886034715e-16,6.551614028150399e-14
0.13500000000000004,-5.170123810681035e-08,-6.696908765488219e-08,8.157077769481727e-08,1.3494725249082197e-06,5.170123810681035e-08,6.696908765488219e-08,-8.157077769481727e-08,-1.3494725249082197e-06,0.0,0.0,-,1.0339893016655947e-16,2.830721739705904e-14,1.8115506772903368e-16,7.462152075891483e-14
0.14000000000000004,-5.143487669731597e-08,1.1014306658784781e-07,8.86319323273953e-08,1.4287057145752291e-06,5.143487669731597e-08,-1.1014306658784781e-07,-8.86319323273953e-08,-1.4287057145752291e-06,0.0,0.0,-,1.1662666287089996e-16,2.8367874872645914e-14,2.204331648694736e-16,8.482752085321442e-14
0.14500000000000005,-5.021252663931012e-08,3.077283716108534e-07,9.611319463683469e-08,1.5129391056285455e-06,5.021252663931012e-08,-3.077283716108534e-07,-9.611319463683469e-08,-1.5129391056285455e-06,0.0,0.0,-,1.292331520284171e-16,2.8841358626117255e-14,2.66621895785964e-16,9.627244453991495e-14
0.15000000000000005,-4.7931840125992787e-08,5.257679107967399e-07,1.0404008038215856e-07,1.6023344012997125e-06,4.7931840125992787e-08,-5.257679107967399e-07,-1.0404008038215856e-07,-1.6023344012997125e-06,0.0,0.0,-,1.4072045851773577e-16,3.02235181062351e-14,3.207435874155941e-16,1.091098222078575e-13
0.15500000000000005,-4.449058694298703e-08,7.642360713052898e-07,1.1243895273039891e-07,1.697066753011366e-06,4.449058694298703e-08,-7.642360713052898e-07,-1.1243895273039891e-07,-1.697066753011366e-06,0.0,0.0,-,1.5061752015039322e-16,3.314380196965582e-14,3.8395617787113857e-16,1.235100000287402e-13
0.16000000000000006,-3.97866859732834e-08,1.023101333538111e-06,1.2133708831358472e-07,1.7973247452736639e-06,3.97866859732834e-08,-1.023101333538111e-06,-1.2133708831358472e-07,-1.7973247452736639e-06,0.0,0.0,-,1.5853242205407657e-16,3.8377483663093135e-14,4.575696228732319e-16,1.3966188122860542e-13
0.16500000000000006,-3.3718219057037066e-08,1.302330160122151e-06,1.3076274574109651e-07,1.9033094283198387e-06,3.3718219057037066e-08,-1.302330160122151e-06,-1.3076274574109651e-07,-1.9033094283198387e-06,0.0,0.0,-,1.6421701353596826e-16,4.685780289291208e-14,5.430641012419852e-16,1.577748151282614e-13
0.17000000000000007,-2.6183445164143964e-08,1.6018864146875404e-06,1.407452258383789e-07,2.0152347242608874e-06,2.6183445164143964e-08,-1.6018864146875404e-06,-1.407452258383789e-07,-2.0152347242608874e-06,0.0,0.0,-,1.6764487753928693e-16,5.96880033207146e-14,6.421101942234667e-16,1.780806700975957e-13
0.17500000000000007,-1.7080812185131676e-08,1.921732068544147e-06,1.5131493539284875e-07,2.1333274640339636e-06,1.7080812185131676e-08,-1.921732068544147e-06,-1.5131493539284875e-07,-2.1333274640339636e-06,0.0,0.0,-,1.6910364826380566e-16,7.815327403706945e-14,7.565912425881767e-16,2.0083610044160363e-13
0.18000000000000008,-6.308958757426272e-09,2.261827321751712e-06,1.6250345969717538e-07,2.2578276000242797e-06,6.308958757426272e-09,-2.261827321751712e-06,-1.6250345969717538e-07,-2.2578276000242797e-06,0.0,0.0,-,1.6930266306682018e-16,1.0373258820418208e-13,8.886281146559343e-16,2.2632502779876064e-13
0.18500000000000008,6.233271914121269e-09,2.6221311309111977e-06,1.7434362097044587e-07,2.388988388459134e-06,-6.233271914121269e-09,-2.6221311309111977e-06,-1.7434362097044587e-07,-2.388988388459134e-06,0.0,0.0,-,1.6949693146059705e-16,1.381104465426503e-13,1.0406066055213668e-15,2.548613553997235e-13
0.19000000000000009,2.0646827551153904e-08,3.0026003921072975e-06,1.8686955135042154e-07,2.5270769053466324e-06,-2.0646827551153904e-08,-3.0026003921072975e-06,-1.8686955135042154e-07,-2.5270769053466324e-06,0.0,0.0,-,1.7162838890023248e-16,1.8318849211606483e-13,1.2152077516309061e-15,2.867919438274051e-13
0.1950000000000001,3.7032434549226456e-08,3.4031895838061868e-06,2.0011676330811893e-07,2.6723745238517607e-06,-3.7032434549226456e-08,-3.4031895838061868e-06,-2.0011676330811893e-07,-2.6723745238517607e-06,0.0,0.0,-,1.784853949434462e-16,2.410969888326995e-13,1.4154413464154947e-15,3.2249987180606473e-13
0.2000000000000001,5.5490585967092754e-08,3.823850727516012e-06,2.141222196630628e-07,2.8251772813401326e-06,-5.5490585967092754e-08,-3.823850727516012e-06,-2.141222196630628e-07,-2.8251772813401326e-06,0.0,0.0,-,1.9388142059830278e-16,3.142061607643233e-13,1.6446829711826796e-15,3.624080051610669e-13
0.2050000000000001,7.612152780993481e-08,4.264532743834871e-06,2.289244128420558e-07,2.9857964687588506e-06,-7.612152780993481e-08,-4.264532743834871e-06,-2.289244128420558e-07,-2.9857964687588506e-06,0.0,0.0,-,2.228538555788962e-16,4.0513735838052223e-13,1.90671490515808e-15,4.0698290792533105e-13
0.2100000000000001,9.902524143729394e-08,4.725180712978343e-06,2.4456343932373096e-07,3.154559256363658e-06,-9.902524143729394e-08,-4.725180712978343e-06,-2.4456343932373096e-07,-3.154559256363658e-06,0.0,0.0,-,2.7188384778746805e-16,5.167740222320349e-13,2.2057712844273415e-15,4.567391284348792e-13
0.2150000000000001,1.243014224497305e-07,5.205735695661479e-06,2.6108108246463787e-07,3.331809163769145e-06,-1.243014224497305e-07,-5.205735695661479e-06,-2.6108108246463787e-07,-3.331809163769145e-06,0.0,0.0,-,3.4913806590259995e-16,6.522724428974555e-13,2.546587942531877e-15,5.122438899537596e-13
0.2200000000000001,1.5204945906626247e-07,5.706133805435682e-06,2.7852089542282746e-07,3.5179067953164566e-06,-1.5204945906626247e-07,-5.706133805435682e-06,-2.7852089542282746e-07,-3.5179067953164566e-06,0.0,0.0,-,4.647332559143152e-16,8.150722579251351e-13,2.934457388467545e-15,5.741222310564281e-13
0.22500000000000012,1.8236840803798043e-07,6.226305809530306e-06,2.9692829116639824e-07,3.7132304294713468e-06,-1.8236840803798043e-07,-6.226305809530306e-06,-2.9692829116639824e-07,-3.7132304294713468e-06,0.0,0.0,-,6.31024437165852e-16,1.0089066780940896e-12,3.3752894389425325e-15,6.430626321681879e-13
0.23000000000000012,2.1535696049331435e-07,6.766176229328427e-06,3.1635062745827044e-07,3.918176815609711e-06,-2.1535696049331435e-07,-6.766176229328427e-06,-3.1635062745827044e-07,-3.918176815609711e-06,0.0,0.0,-,8.629175393304469e-16,1.237812381925735e-12,3.87567803640874e-15,7.198231799600953e-13
0.23500000000000013,2.5111341379235975e-07,7.32566264986773e-06,3.368373071650509e-07,4.133161841612669e-06,-2.5111341379235975e-07,-7.32566264986773e-06,-3.368373071650509e-07,-4.133161841612669e-06,0.0,0.0,-,1.1782072722627116e-15,1.5061390482240706e-12,4.442974893899755e-15,8.052383140049106e-13
0.24000000000000013,2.8973563096465647e-07,7.904674497526114e-06,3.584398750970541e-07,4.358621470061645e-06,-2.8973563096465647e-07,-7.904674497526114e-06,-3.584398750970541e-07,-4.358621470061645e-06,0.0,0.0,-,1.59794095151515e-15,1.8185584427832694e-12,5.085370614197714e-15,9.002262196013224e-13
0.24500000000000013,3.313209988726346e-07,8.503113191377247e-06,3.8121211758553854e-07,4.595012274133553e-06,-3.313209988726346e-07,-8.503113191377247e-06,-3.8121211758553854e-07,-4.595012274133553e-06,0.0,0.0,-,2.1468089729849523e-15,2.1800731125101384e-12,5.8119840071679676e-15,1.0057969085985124e-12
0.2500000000000001,3.759663860088437e-07,9.120870364815031e-06,4.05210171629355e-07,4.842812544445091e-06,-3.759663860088437e-07,-9.120870364815031e-06,-4.05210171629355e-07,-4.842812544445091e-06,0.0,0.0,-,2.8535625900277033e-15,2.596024493568942e-12,6.6329604231274205e-15,1.1230610753016855e-12
0.2550000000000001,4.237680883648752e-07,9.757827216512406e-06,4.304926335824126e-07,5.1025230729764195e-06,-4.237680883648752e-07,-9.757827216512406e-06,-4.304926335824126e-07,-5.1025230729764195e-06,0.0,0.0,-,3.7514595536098075e-15,3.0721004535054938e-12,7.559579960971027e-15,1.2532397838529693e-12
0.2600000000000001,4.7482177847670453e-07,1.0413853714055256e-05,4.5712067691996044e-07,5.3746680682109885e-06,-4.7482177847670453e-07,-1.0413853714055256e-05,-4.5712067691996044e-07,-5.3746680682109885e-06,0.0,0.0,-,4.878738160188712e-15,3.6143421993942067e-12,8.604376527309843e-15,1.3976750680702037e-12
0.2650000000000001,5.292224405999071e-07,1.108880724026476e-05,4.851581690141984e-07,5.659796222049403e-06,-5.292224405999071e-07,-1.108880724026476e-05,-4.851581690141984e-07,-5.659796222049403e-06,0.0,0.0,-,6.279120118361324e-15,4.2291504294529486e-12,9.781268772115891e-15,1.5578415344458273e-12
0.27000000000000013,5.870643106636402e-07,1.1782531913300368e-05,5.146718005764411e-07,5.958481625108594e-06,-5.870643106636402e-07,-1.1782531913300368e-05,-5.146718005764411e-07,-5.958481625108594e-06,0.0,0.0,-,8.002342642636201e-15,4.923290720892657e-12,1.1105704083658872e-14,1.7353590508296111e-12
0.27500000000000013,6.484408008753289e-07,1.2494856815847543e-05,5.457312119927965e-07,6.271324956818856e-06,-6.484408008753289e-07,-1.2494856815847543e-05,-5.457312119927965e-07,-6.271324956818856e-06,0.0,0.0,-,1.0104720003835393e-14,5.7038979551353166e-12,1.2594816862374506e-14,1.9320066343997065e-12
0.28000000000000014,7.134444257638368e-07,1.3225595355058492e-05,5.784091329430219e-07,6.5989545487381305e-06,-7.134444257638368e-07,-1.3225595355058492e-05,-5.784091329430219e-07,-6.5989545487381305e-06,0.0,0.0,-,1.2649734747102849e-14,6.578479817614042e-12,1.4267602487734e-14,2.149737640081265e-12
0.28500000000000014,7.821667170583562e-07,1.3974543656985602e-05,6.127815225332577e-07,6.942027556152828e-06,-7.821667170583562e-07,-1.3974543656985602e-05,-6.127815225332577e-07,-6.942027556152828e-06,0.0,0.0,-,1.5708658613472083e-14,7.554919169719025e-12,1.6145108459524888e-14,2.3906963730331913e-12
0.29000000000000015,8.5469813344084e-07,1.4741479881056625e-05,6.489277145788038e-07,7.301231045148965e-06,-8.5469813344084e-07,-1.4741479881056625e-05,-6.489277145788038e-07,-7.301231045148965e-06,0.0,0.0,-,1.9361203110008367e-14,8.641475315137012e-12,1.8250644353267238e-14,2.657236246906427e-12
0.29500000000000015,9.31127965155786e-07,1.5526161337659666e-05,6.869305752233231e-07,7.67728367962534e-06,-9.31127965155786e-07,-1.5526161337659666e-05,-6.869305752233231e-07,-7.67728367962534e-06,0.0,0.0,-,2.3696199547484143e-14,9.846783744552201e-12,2.061001242915047e-14,2.951939670393635e-12
0.30000000000000016,1.0115442325361417e-06,1.6328324853665313e-05,7.26876664825261e-07,8.070936556231813e-06,-1.0115442325361417e-06,-1.6328324853665313e-05,-7.26876664825261e-07,-8.070936556231813e-06,0.0,0.0,-,2.8812308219369804e-14,1.1179854707186324e-11,2.3251760858487943e-14,3.2776397548672305e-12
0.30500000000000016,1.0960335688836715e-06,1.714768381437551e-05,7.688564000263427e-07,8.482974943616303e-06,-1.0960335688836715e-06,-1.714768381437551e-05,-7.688564000263427e-07,-8.482974943616303e-06,0.0,0.0,-,3.48187561399692e-14,1.2650070008175305e-11,2.6207461677795284e-14,3.637444074337341e-12
0.31000000000000016,1.184681105495104e-06,1.7983927532838194e-05,8.129642318523128e-07,8.914219533956014e-06,-1.184681105495104e-06,-1.7983927532838194e-05,-8.129642318523128e-07,-8.914219533956014e-06,0.0,0.0,-,4.1836102748554716e-14,1.4267178255707185e-11,2.9512015889151394e-14,4.0347606238351564e-12
0.31500000000000017,1.277570343458518e-06,1.8836718511791603e-05,8.592988284931996e-07,9.365528185609227e-06,-1.277570343458518e-06,-1.8836718511791603e-05,-8.592988284931996e-07,-9.365528185609227e-06,0.0,0.0,-,4.9997032660978304e-14,1.6041288077169548e-11,3.3203988272400324e-14,4.473326214812361e-12
0.3200000000000002,1.3747830128763116e-06,1.9705691672045324e-05,9.079632619102372e-07,9.83779733957939e-06,-1.3747830128763116e-06,-1.9705691672045324e-05,-9.079632619102372e-07,-9.83779733957939e-06,0.0,0.0,-,5.944717432344465e-14,1.798285949853813e-11,3.7325974697293714e-14,4.957237497285539e-12
0.3250000000000002,1.476398932407835e-06,2.0590451355065537e-05,9.590652104322082e-07,1.0331963831614273e-05,-1.476398932407835e-06,-2.0590451355065537e-05,-9.590652104322082e-07,-1.0331963831614273e-05,0.0,0.0,-,7.034594336151963e-14,2.0102692933564735e-11,4.1925005086600596e-14,5.490984880374466e-12
0.3300000000000002,1.5824958495211495e-06,2.149057084310909e-05,1.0127171616025733e-06,1.0849006328390662e-05,-1.5824958495211495e-06,-2.149057084310909e-05,-1.0127171616025733e-06,-1.0849006328390662e-05,0.0,0.0,-,8.286740893027797e-14,2.241191610937819e-11,4.7052985333622465e-14,6.0794895719417704e-12
0.3350000000000002,1.6931492774025377e-06,2.2405588591696334e-05,1.0690366304228356e-06,1.1389947597962912e-05,-1.6931492774025377e-06,-2.2405588591696334e-05,-1.0690366304228356e-06,-1.1389947597962912e-05,0.0,0.0,-,9.720118130812166e-14,2.4921968110079957e-11,5.2767181919551524e-14,6.728144103363477e-12
0.3400000000000002,1.8084323167123753e-06,2.333500745000288e-05,1.1281463830369023e-06,1.1955856055627815e-05,-1.8084323167123753e-06,-2.333500745000288e-05,-1.1281463830369023e-06,-1.1955856055627815e-05,0.0,0.0,-,1.1355331852877012e-13,2.764458097353841e-11,5.913075322734775e-14,7.442856573477938e-12
0.3450000000000002,1.928415467342391e-06,2.427829167818784e-05,1.1901746703037048e-06,1.2547847783668012e-05,-1.928415467342391e-06,-2.427829167818784e-05,-1.1901746703037048e-06,-1.2547847783668012e-05,0.0,0.0,-,1.3214724960219698e-13,3.059175820759424e-11,6.621333195651042e-14,8.23009899348845e-12
0.3500000000000002,2.0531664305926275e-06,2.52348643788879e-05,1.2552554745005204e-06,1.3167088854794017e-05,-2.0531664305926275e-06,-2.52348643788879e-05,-1.2552554745005204e-06,-1.3167088854794017e-05,0.0,0.0,-,1.5322471156075936e-13,3.3775750108698564e-11,7.409166348782806e-14,9.096960138038654e-12
0.3550000000000002,2.182749896547268e-06,2.6204105649949152e-05,1.323528764557189e-06,1.3814797123187919e-05,-2.182749896547268e-06,-2.6204105649949152e-05,-1.323528764557189e-06,-1.3814797123187919e-05,0.0,0.0,-,1.7704669711514494e-13,3.720902587326705e-11,8.285030544087946e-14,1.005120323581286e-11
0.3600000000000002,2.317227322067484e-06,2.7185349423808913e-05,1.3951407635601716e-06,1.4492244817505006e-05,-2.317227322067484e-06,-2.7185349423808913e-05,-1.3951407635601716e-06,-1.4492244817505006e-05,0.0,0.0,-,2.0389440942582518e-13,4.090424198973999e-11,9.258239419161577e-14,1.1101329035065364e-11
0.3650000000000002,2.4566566851493086e-06,2.817788106416222e-05,1.4702442212966103e-06,1.5200760577516429e-05,-2.4566566851493086e-06,-2.817788106416222e-05,-1.4702442212966103e-06,-1.5200760577516429e-05,0.0,0.0,-,2.3407021976926913e-13,4.4874206896070354e-11,1.0339048454289616e-13,1.2256644645740254e-11
0.3700000000000002,2.601092241889008e-06,2.918093400872391e-05,1.548998712626898e-06,1.5941732219751268e-05,-2.601092241889008e-06,-2.918093400872391e-05,-1.548998712626898e-06,-1.5941732219751268e-05,0.0,0.0,-,2.678986240233451e-13,4.9131841444177855e-11,1.153874696014951e-13,1.3527338776571533e-11
0.3750000000000002,2.750584251233783e-06,3.019368742523377e-05,1.631570932348779e-06,1.6716609105593482e-05,-2.750584251233783e-06,-3.019368742523377e-05,-1.631570932348779e-06,-1.6716609105593482e-05,0.0,0.0,-,3.0572719263902166e-13,5.3690135245841456e-11,1.2869758813792242e-13,1.492456387651759e-11
0.3800000000000002,2.9051786992502225e-06,3.12152622351856e-05,1.7181350185074558e-06,1.752690494594792e-05,-2.9051786992502225e-06,-3.12152622351856e-05,-1.7181350185074558e-06,-1.752690494594792e-05,0.0,0.0,-,3.479275090119078e-13,5.856209822789848e-11,1.4345752784703052e-13,1.646052586143906e-11
0.38500000000000023,3.0649169949793527e-06,3.2244718839150664e-05,1.8088728764113525e-06,1.8374200411489593e-05,-3.0649169949793527e-06,-3.2244718839150664e-05,-1.8088728764113525e-06,-1.8374200411489593e-05,0.0,0.0,-,3.9489608994247414e-13,6.376070769297787e-11,1.5981763326211393e-13,1.8148582065246985e-11
0.39000000000000024,3.229835657310763e-06,3.3281052656070126e-05,1.903974524829531e-06,1.926014627173795e-05,-3.229835657310763e-06,-3.3281052656070126e-05,-1.903974524829531e-06,-1.926014627173795e-05,0.0,0.0,-,4.470552818086544e-13,6.929885002245844e-11,1.7794322821811315e-13,2.0003348237290694e-11
0.39500000000000024,3.3999659815296774e-06,3.4323191223201014e-05,2.0036384558036564e-06,2.018646629280959e-05,-3.3999659815296774e-06,-3.4323191223201014e-05,-2.0036384558036564e-06,-2.018646629280959e-05,0.0,0.0,-,5.048541251864497e-13,7.518925730118055e-11,1.9801606352598946e-13,2.2040815344244383e-11
0.40000000000000024,3.575333685171048e-06,3.536999005470082e-05,2.1080720074032643e-06,2.1154960531444003e-05,-3.575333685171048e-06,-3.536999005470082e-05,-2.1080720074032643e-06,-2.1154960531444003e-05,0.0,0.0,-,5.687691799880437e-13,8.144443828352873e-11,2.2023590146797562e-13,2.4278477119679152e-11
0.40500000000000025,3.755958540711977e-06,3.64202288954477e-05,2.2174917572054512e-06,2.2167508573542095e-05,-3.755958540711977e-06,-3.64202288954477e-05,-2.2174917572054512e-06,-2.2167508573542095e-05,0.0,0.0,-,6.393053027857801e-13,8.807660364751275e-11,2.448222499343462e-13,2.6735469301469465e-11
0.41000000000000025,3.941853978080837e-06,3.747260715664577e-05,2.3321239273807495e-06,2.3226073164993782e-05,-3.941853978080837e-06,-3.747260715664577e-05,-2.3321239273807495e-06,-2.3226073164993782e-05,0.0,0.0,-,7.169963667083387e-13,9.509758508309426e-11,2.720162599976553e-13,2.943272167479769e-11
0.41500000000000026,4.133026678790967e-06,3.852574053122953e-05,2.4522048155637557e-06,2.4332703487809964e-05,-4.133026678790967e-06,-3.852574053122953e-05,-2.4522048155637557e-06,-2.4332703487809964e-05,0.0,0.0,-,8.024059143463282e-13,1.0251874850049238e-10,3.020828022850257e-13,3.239312396992609e-11
0.42000000000000026,4.3294761332182985e-06,3.957815579564965e-05,2.577981231111667e-06,2.5489539331274664e-05,-4.3294761332182985e-06,-3.957815579564965e-05,-2.577981231111667e-06,-2.5489539331274664e-05,0.0,0.0,-,8.961277322868627e-13,1.1035090058141596e-10,3.3531273842484586e-13,3.564170704652908e-11
0.42500000000000027,4.531194189236834e-06,4.062828567660878e-05,2.709710967372461e-06,2.669881498512713e-05,-4.531194189236834e-06,-4.062828567660878e-05,-2.709710967372461e-06,-2.669881498512713e-05,0.0,0.0,-,9.98786336189731e-13,1.1860418856651664e-10,3.7202540605833886e-13,3.9205840654579324e-11
0.43000000000000027,4.738164565618002e-06,4.167446520177499e-05,2.8476632816895216e-06,2.7962863102960156e-05,-4.738164565618002e-06,-4.167446520177499e-05,-2.8476632816895216e-06,-2.7962863102960156e-05,0.0,0.0,-,1.1110373534441211e-12,1.272879938157864e-10,4.125713368877526e-13,4.311544921915378e-11
0.4350000000000003,4.950362348804478e-06,4.271492541113247e-05,2.9921194037343457e-06,2.928411923705181e-05,-4.950362348804478e-06,-4.271492541113247e-05,-2.9921194037343457e-06,-2.928411923705181e-05,0.0,0.0,-,1.2335677903664263e-12,1.3641081808017946e-10,4.573352295187705e-13,4.7403247416603124e-11
0.4400000000000003,5.167753455396965e-06,4.3747789137033124e-05,3.143373057770596e-06,3.066512630588445e-05,-5.167753455396965e-06,-4.3747789137033124e-05,-3.143373057770596e-06,-3.066512630588445e-05,0.0,0.0,-,1.3670961692452628e-12,1.4598016335207104e-10,5.067392004203609e-13,5.210499727338236e-11
0.4450000000000003,5.3902940742078206e-06,4.477106423138386e-05,3.3017310191079637e-06,3.210853929679145e-05,-5.3902940742078206e-06,-4.477106423138386e-05,-3.3017310191079637e-06,-3.210853929679145e-05,0.0,0.0,-,1.5123725202774627e-12,1.5600240431412455e-10,5.612463390330595e-13,5.7259788752250365e-11
0.4500000000000003,5.617930073332049e-06,4.578263809928225e-05,3.4675136855611896e-06,3.361713020293773e-05,-5.617930073332049e-06,-4.578263809928225e-05,-3.4675136855611896e-06,-3.361713020293773e-05,0.0,0.0,-,1.670178211821706e-12,1.664826540707738e-10,6.213645948308302e-13,6.291034596765671e-11
0.4550000000000003,5.850596384130543e-06,4.678027235738557e-05,3.641055679070412e-06,3.5193793016976996e-05,-5.850596384130543e-06,-4.678027235738557e-05,-3.641055679070412e-06,-3.5193793016976996e-05,0.0,0.0,-,1.841325602071713e-12,1.7742462347992968e-10,6.876510271212848e-13,6.91033613022658e-11
0.4600000000000003,6.0882163481421965e-06,4.776159594016981e-05,3.822706469827721e-06,3.6841549082349035e-05,-6.0882163481421965e-06,-4.776159594016981e-05,-3.822706469827721e-06,-3.6841549082349035e-05,0.0,0.0,-,2.0266574935806426e-12,1.8883047371368992e-10,7.607164508935984e-13,7.588985999620148e-11
0.4650000000000003,6.33070103675979e-06,4.872409873293642e-05,4.012831031280729e-06,3.856355291198337e-05,-6.33070103675979e-06,-4.872409873293642e-05,-4.012831031280729e-06,-3.856355291198337e-05,0.0,0.0,-,2.2270463716648003e-12,2.0070066270037462e-10,8.412305153216463e-13,8.332559806217819e-11
0.4700000000000003,6.577948532916616e-06,4.966512407644708e-05,4.211810522427989e-06,4.036309776966818e-05,-6.577948532916616e-06,-4.966512407644708e-05,-4.211810522427989e-06,-4.036309776966818e-05,0.0,0.0,-,2.4433934061733e-12,2.1303378544801906e-10,9.29927254705822e-13,9.147149636999716e-11
0.4750000000000003,6.829843178992401e-06,5.0581862131679485e-05,4.420043000129903e-06,4.2243621994439435e-05,-6.829843178992401e-06,-5.0581862131679485e-05,-4.420043000129903e-06,-4.2243621994439435e-05,0.0,0.0,-,2.676627195421445e-12,2.2582640933156023e-10,1.0276111553208088e-12,1.003941143660426e-10
0.4800000000000003,7.086254789145048e-06,5.147134292259196e-05,4.637944163159664e-06,4.4208715070758e-05,-7.086254789145048e-06,-5.147134292259196e-05,-4.637944163159664e-06,-4.4208715070758e-05,0.0,0.0,-,2.927702230104851e-12,2.3907290504283555e-10,1.1351637856237429e-12,1.1016616680707995e-10
0.4850000000000003,7.347037821188672e-06,5.233042724431587e-05,4.865948126431484e-06,4.626212447833895e-05,-7.347037821188672e-06,-5.233042724431587e-05,-4.865948126431484e-06,-4.626212447833895e-05,0.0,0.0,-,3.197597053834735e-12,2.5276527312069873e-10,1.2535510414693532e-12,1.208670876133266e-10
0.4900000000000003,7.612030509563571e-06,5.31557998783044e-05,5.104508231233062e-06,4.840776259551757e-05,-7.612030509563571e-06,-5.31557998783044e-05,-5.104508231233062e-06,-4.840776259551757e-05,0.0,0.0,-,3.4873120962273686e-12,2.668929684242105e-10,1.3838310628829838e-12,1.3258364501084656e-10
0.49500000000000033,7.881053961876066e-06,5.394396046838354e-05,5.354097895806781e-06,5.064971393982118e-05,-7.881053961876066e-06,-5.394396046838354e-05,-5.354097895806781e-06,-5.064971393982118e-05,0.0,0.0,-,3.797867153977381e-12,2.814427227792831e-10,1.527162884272397e-12,1.4541061262177516e-10
0.5000000000000003,8.153911200341708e-06,5.4691214356606496e-05,5.615211492477297e-06,5.2992242810768294e-05,-8.153911200341708e-06,-5.4691214356606496e-05,-5.615211492477297e-06,-5.2992242810768294e-05,0.0,0.0,-,4.130298493292671e-12,2.9639836741828453e-10,1.6848158847986427e-12,1.5945150161235228e-10
0.5050000000000003,8.430386167908915e-06,5.539366472553684e-05,5.888365271595247e-06,5.543980085684106e-05,-8.430386167908915e-06,-5.539366472553684e-05,-5.888365271595247e-06,-5.543980085684106e-05,0.0,0.0,-,4.485655547993021e-12,3.1174065787691046e-10,1.8581801126572876e-12,1.7481935920758327e-10
0.5100000000000003,8.710242688208684e-06,5.6047201684965285e-05,6.174098325661562e-06,5.799703582988618e-05,-8.710242688208684e-06,-5.6047201684965285e-05,-6.174098325661562e-06,-5.799703582988618e-05,0.0,0.0,-,4.864997186430485e-12,3.2744710196048634e-10,2.0487775633319723e-12,1.916376400328488e-10
0.5150000000000003,8.993223369618778e-06,5.6647493817034696e-05,6.472973591047042e-06,6.066879973651183e-05,-8.993223369618778e-06,-5.6647493817034696e-05,-6.472973591047042e-06,-6.066879973651183e-05,0.0,0.0,-,5.269387519309772e-12,3.434917947392413e-10,2.2582744988839346e-12,2.100411563401937e-10
0.5200000000000004,9.27904846449662e-06,5.718997603490066e-05,6.7855788981532335e-06,6.346015811533738e-05,-9.27904846449662e-06,-5.718997603490066e-05,-6.7855788981532335e-06,-6.346015811533738e-05,0.0,0.0,-,5.699891221342158e-12,3.5984526153360385e-10,2.488494903799247e-12,2.3017711468031183e-10
0.5250000000000004,9.567414673489944e-06,5.766984083635258e-05,7.112528066591979e-06,6.637639940273738e-05,-9.567414673489944e-06,-5.766984083635258e-05,-7.112528066591979e-06,-6.637639940273738e-05,0.0,0.0,-,6.157568339014712e-12,3.764743142440551e-10,2.7414351812895402e-12,2.5220624666867044e-10
0.5300000000000004,9.857993894975426e-06,5.808202495310045e-05,7.454462050769817e-06,6.942304478551199e-05,-9.857993894975426e-06,-5.808202495310045e-05,-7.454462050769817e-06,-6.942304478551199e-05,0.0,0.0,-,6.643468557181576e-12,3.93341922357318e-10,3.019280203621377e-12,2.7630404240512645e-10
0.5350000000000004,1.0150431914528542e-05,5.8421199934472964e-05,7.812050129247035e-06,7.260585819466973e-05,-1.0150431914528542e-05,-5.8421199934472964e-05,-7.812050129247035e-06,-7.260585819466973e-05,0.0,0.0,-,7.158624897438974e-12,4.1040710536623635e-10,3.3244208397307205e-12,3.0266209562604895e-10
0.5400000000000004,1.044434704107072e-05,5.868175889258346e-05,8.185991153218771e-06,7.593085735592901e-05,-1.044434704107072e-05,-5.868175889258346e-05,-8.185991153218771e-06,-7.593085735592901e-05,0.0,0.0,-,7.704046823010588e-12,4.2762484949987286e-10,3.659473095533601e-12,3.314895711200812e-10
0.5450000000000004,1.073932867828307e-05,5.885780398832265e-05,8.577014848182277e-06,7.940432466489024e-05,-1.073932867828307e-05,-5.885780398832265e-05,-8.577014848182277e-06,-7.940432466489024e-05,0.0,0.0,-,8.280712725311554e-12,4.449460549515119e-10,4.027299014063298e-12,3.630148049975177e-10
0.5500000000000004,1.103493582991559e-05,5.894313398060102e-05,8.985883171991934e-06,8.303281916285021e-05,-1.103493582991559e-05,-5.894313398060102e-05,-8.985883171991934e-06,-8.303281916285021e-05,0.0,0.0,-,8.889561769163329e-12,4.6231752016878737e-10,4.431029495966737e-12,3.974870502881707e-10
0.5550000000000004,1.1330695541678826e-05,5.8931229414622873e-05,9.413391735819299e-06,8.682318859452715e-05,-1.1330695541678826e-05,-5.8931229414622873e-05,-9.413391735819299e-06,-8.682318859452715e-05,0.0,0.0,-,9.531485076454431e-12,4.796819691703819e-10,4.8740892158266925e-12,4.3517838067677484e-10
0.5600000000000004,1.162610126768935e-05,5.881524032281205e-05,9.860371279188353e-06,9.078258190220956e-05,-1.162610126768935e-05,-5.881524032281205e-05,-9.860371279188353e-06,-9.078258190220956e-05,0.0,0.0,-,1.0207316229887271e-11,4.969781316415326e-10,5.360223824643906e-12,4.763857665609318e-10
0.5650000000000004,1.1920611174503653e-05,5.858796988251519e-05,1.032768922270238e-05,9.491846312654523e-05,-1.1920611174503653e-05,-5.858796988251519e-05,-1.032768922270238e-05,-9.491846312654523e-05,0.0,0.0,-,1.0917821083755779e-11,5.141408827163051e-10,5.8935296480475206e-12,5.214333397724585e-10
0.5700000000000004,1.2213646361526e-05,5.8241860000315035e-05,1.0816251282528501e-05,9.923862486000598e-05,-1.2213646361526e-05,-5.8241860000315035e-05,-1.0816251282528501e-05,-9.923862486000598e-05,0.0,0.0,-,1.1663686870977866e-11,5.311014539977867e-10,6.478486107081518e-12,5.706748630929835e-10
0.5750000000000004,1.250458900348305e-05,5.776897525384427e-05,1.1327003152110653e-05,0.00010375120273776483,-1.250458900348305e-05,-5.776897525384427e-05,-1.1327003152110653e-05,-0.00010375120273776483,0.0,0.0,-,1.2445510601708013e-11,5.477877265071831e-10,7.119991109121142e-12,6.244964234406475e-10
0.5800000000000004,1.2792780420801193e-05,5.716098705803114e-05,1.1860932267854858e-05,0.00010846469100854267,-1.2792780420801193e-05,-5.716098705803114e-05,-1.1860932267854858e-05,-0.00010846469100854267,0.0,0.0,-,1.3263786756182184e-11,5.641246187144251e-10,7.823399680434346e-12,6.833193694185407e-10
0.5850000000000004,1.3077519056232818e-05,5.640915535109445e-05,1.241906964640342e-05,0.00011338795790710141,-1.3077519056232818e-05,-5.640915535109445e-05,-1.241906964640342e-05,-0.00011338795790710141,0.0,0.0,-,1.4118894279512848e-11,5.800345827515446e-10,8.594566134845441e-12,7.476035144102538e-10
0.5900000000000004,1.3358058367568745e-05,5.550431199356067e-05,1.300249180290501e-05,0.00011853026253214729,-1.3358058367568745e-05,-5.550431199356067e-05,-1.300249180290501e-05,-0.00011853026253214729,0.0,0.0,-,1.5011082896269716e-11,5.954382260009373e-10,9.439890100268502e-12,8.178506300899526e-10
0.5950000000000004,1.3633604631442564e-05,5.443684172423108e-05,1.3612322758331552e-05,0.00012390127202260265,-1.3633604631442564e-05,-5.443684172423108e-05,-1.3612322758331552e-05,-0.00012390127202260265,0.0,0.0,-,1.594045877250218e-11,6.102550746854822e-10,1.0366366754653458e-11,8.946082561340476e-10
0.6000000000000004,1.3903314648727978e-05,5.319666284604846e-05,1.4249736133406761e-05,0.00012951107980048565,-1.3903314648727978e-05,-5.319666284604846e-05,-1.4249736133406761e-05,-0.00012951107980048565,0.0,0.0,-,1.6906969563609848e-11,6.24404499375263e-10,1.138164165401205e-11,9.784738550894866e-10
0.6050000000000004,1.4166293353982085e-05,5.177320801551374e-05,1.491595733326464e-05,0.0001353702240553407,-1.4166293353982085e-05,-5.177320801551374e-05,-1.491595733326464e-05,-0.0001353702240553407,0.0,0.0,-,1.7910388900565234e-11,6.378068247163513e-10,1.2494070569850908e-11,1.0700993428934524e-09
0.6100000000000004,1.4421591325200268e-05,5.015540340459187e-05,1.5612265831607465e-05,0.00014148970788464263,-1.4421591325200268e-05,-5.015540340459187e-05,-1.5612265831607465e-05,-0.00014148970788464263,0.0,0.0,-,1.8950300382320693e-11,6.503846471697381e-10,1.3712784791834799e-11,1.17019603007986e-09
0.6150000000000004,1.4668202185057758e-05,4.833164626882281e-05,1.6339997557806288e-05,0.00014788101954804023,-1.4668202185057758e-05,-4.833164626882281e-05,-1.6339997557806288e-05,-0.00014788101954804023,0.0,0.0,-,2.002608115902936e-11,6.620643873250111e-10,1.5047762392780377e-11,1.2795400097926994e-09
0.6200000000000004,1.4905059890184633e-05,4.6289783942939024e-05,1.71005473820197e-05,0.00015455615438341862,-1.4905059890184633e-05,-4.6289783942939024e-05,-1.71005473820197e-05,-0.00015455615438341862,0.0,0.0,-,2.1136885210679315e-11,6.72778107812431e-10,1.650990599660388e-11,1.398978034081655e-09
0.6250000000000004,1.5131035914373842e-05,4.401708964976565e-05,1.7895371723201354e-05,0.0001615276368830672,-1.5131035914373842e-05,-4.401708964976565e-05,-1.7895371723201354e-05,-0.0001615276368830672,0.0,0.0,-,2.228162644988967e-11,6.824656287186085e-10,1.8111127642161655e-11,1.5294339214667954e-09
0.6300000000000004,1.5344936304914163e-05,4.1500239886081735e-05,1.8725991258799572e-05,0.00016880854439354918,-1.5344936304914163e-05,-4.1500239886081735e-05,-1.8725991258799572e-05,-0.00016880854439354918,0.0,0.0,-,2.3458961800899036e-11,6.910769782716201e-10,1.9864441385284846e-11,1.6719155447681399e-09
0.6350000000000005,1.554549862139779e-05,3.872528795218253e-05,1.9593993766051786e-05,0.00017641253163114588,-1.554549862139779e-05,-3.872528795218253e-05,-1.9593993766051786e-05,-0.00017641253163114588,0.0,0.0,-,2.466727443783844e-11,6.985752179065174e-10,2.1784064343805228e-11,1.8275224513506903e-09
0.6400000000000005,1.5731388743964315e-05,3.567763884914271e-05,2.050103708100284e-05,0.00018435385632819173,-1.5731388743964315e-05,-3.567763884914271e-05,-2.050103708100284e-05,-0.00018435385632819173,0.0,0.0,-,2.5904657396907077e-11,7.049396874757668e-10,2.3885526950788496e-11,1.9974541730660683e-09
0.6450000000000005,1.590119755173296e-05,3.23420221657595e-05,2.1448852196649205e-05,0.00019264740600691228,-1.590119755173296e-05,-3.23420221657595e-05,-2.1448852196649205e-05,-0.00019264740600691228,0.0,0.0,-,2.7168897814803268e-11,7.101697194646192e-10,2.6185793253557014e-11,2.183019288272029e-09
0.6500000000000005,1.6053437463934774e-05,2.8702465192097216e-05,2.243924649330369e-05,0.00020130872583262597,-1.6053437463934774e-05,-2.8702465192097216e-05,-2.243924649330369e-05,-0.00020130872583262597,0.0,0.0,-,2.8457462086845592e-11,7.14288877005137e-10,2.8703392169493225e-11,2.385645303753806e-09
0.6550000000000005,1.6186538835867578e-05,2.4742261722210163e-05,2.3474107114328244e-05,0.0002103540482149444,-1.6186538835867578e-05,-2.4742261722210163e-05,-2.3474107114328244e-05,-0.0002103540482149444,0.0,0.0,-,2.976748228427084e-11,7.173497745807887e-10,3.1458560693568005e-11,2.606889431755882e-09
0.6600000000000005,1.6298846206019937e-05,2.0443944379140136e-05,2.4555404490617197e-05,0.0002198003230014797,-1.6298846206019937e-05,-2.0443944379140136e-05,-2.4555404490617197e-05,-0.0002198003230014797,0.0,0.0,-,3.1095744222508295e-11,7.194395488896756e-10,3.4473400142057126e-11,2.8484503417136563e-09
0.6650000000000005,1.6388614395935704e-05,1.5789252480401543e-05,2.5685196024825504e-05,0.00022966524957328428,-1.6388614395935704e-05,-1.5789252480401543e-05,-2.5685196024825504e-05,-0.00022966524957328428,0.0,0.0,-,3.243867763160165e-11,7.20686051359125e-10,3.7772046616225685e-11,3.1121809760214512e-09
0.6700000000000005,1.6454004445285142e-05,1.07590995217066e-05,2.686562993855527e-05,0.00023996731011950432,-1.6454004445285142e-05,-1.07590995217066e-05,-2.686562993855527e-05,-0.00023996731011950432,0.0,0.0,-,3.379234894302897e-11,7.212648424717149e-10,4.1380856976202673e-11,3.4001025256514033e-09
0.6750000000000005,1.649307938246493e-05,5.3335391202641086e-06,2.8098949289303802e-05,0.0002507258044764565,-1.649307938246493e-05,-5.3335391202641086e-06,-2.8098949289303802e-05,-0.0002507258044764565,0.0,0.0,-,3.515245728061042e-11,7.214070756694518e-10,4.532861173201701e-11,3.714419670803235e-09
0.6800000000000005,1.6503799822249658e-05,-5.082676584937059e-07,2.938749616260135e-05,0.00026196088672128043,-1.6503799822249658e-05,5.082676584937059e-07,-2.938749616260135e-05,-0.00026196088672128043,0.0,0.0,-,3.651433432347486e-11,7.214083673495152e-10,4.964673638555156e-11,4.057537201662233e-09
0.6850000000000005,1.6484019390840415e-05,-6.788091824626167e-06,3.0733716063831445e-05,0.00027369360304719967,-1.6484019390840415e-05,6.788091824626167e-06,-3.0733716063831445e-05,-0.00027369360304719967,0.0,0.0,-,3.787294879986287e-11,7.216387583026129e-10,5.436954290101262e-11,4.432078143407024e-09
0.6900000000000005,1.6431479959088558e-05,-1.352867089844602e-05,3.214016249145568e-05,0.00028594593145191203,-1.6431479959088558e-05,1.352867089844602e-05,-3.214016249145568e-05,-0.00028594593145191203,0.0,0.0,-,3.922291646809252e-11,7.225538829840052e-10,5.95344931258985e-11,4.840903521976532e-09
0.6950000000000005,1.6343806688566094e-05,-2.0753749125129533e-05,3.360950172122494e-05,0.0002987408235757329,-1.6343806688566094e-05,2.0753749125129533e-05,-3.360950172122494e-05,-0.0002987408235757329,0.0,0.0,-,4.055851655345861e-11,7.247074734977493e-10,6.518248615564361e-11,5.287133920330068e-09
0.7000000000000005,1.6218502876319063e-05,-2.848811839658552e-05,3.5144517803048026e-05,0.00031210224777670234,-1.6218502876319063e-05,2.848811839658552e-05,-3.5144517803048026e-05,-0.00031210224777670234,0.0,0.0,-,4.187371573120446e-11,7.287653379466387e-10,7.135817181368742e-11,5.774172985666419e-09
0.7050000000000005,1.6052944592876636e-05,-3.675765939912265e-05,3.6748117778399244e-05,0.00032605523476322276,-1.6052944592876636e-05,3.675765939912265e-05,-3.6748117778399244e-05,-0.00032605523476322276,0.0,0.0,-,4.31622008817143e-11,7.355209655691483e-10,7.811029261496294e-11,6.305733066248921e-09
0.7100000000000005,1.5844375110736688e-05,-4.558938527459788e-05,3.842333713666315e-05,0.00034062592477091447,-1.5844375110736688e-05,4.558938527459788e-05,-3.842333713666315e-05,-0.00034062592477091447,0.0,0.0,-,4.441742199496296e-11,7.459129258177268e-10,8.549205679855134e-11,6.885863169379125e-09
0.7150000000000005,1.558989909865672e-05,-5.501148693133612e-05,4.017334550331465e-05,0.00035584161723715984,-1.558989909865672e-05,5.501148693133612e-05,-4.017334550331465e-05,-0.00035584161723715984,0.0,0.0,-,4.5632646764494446e-11,7.610442442897097e-10,9.35615452431948e-11,7.518979452168912e-09
0.7200000000000005,1.528647660183683e-05,-6.505337996899629e-05,4.200145259840918e-05,0.00037173082249379586,-1.528647660183683e-05,6.505337996899629e-05,-4.200145259840918e-05,-0.00037173082249379586,0.0,0.0,-,4.680102859898697e-11,7.822039555166628e-10,1.0238215534507687e-10,8.209898474128483e-09
0.7250000000000005,1.493091676560441e-05,-7.574575314365736e-05,4.391111444351801e-05,0.0003883233158133053,-1.493091676560441e-05,7.574575314365736e-05,-4.391111444351801e-05,-0.0003883233158133053,0.0,0.0,-,4.7915689976294006e-11,8.108910511131622e-10,1.1202308520343555e-10,8.963873462149684e-09
0.7300000000000005,1.451987132247042e-05,-8.712061896737686e-05,4.590593986005705e-05,0.000405650194104653,-1.451987132247042e-05,8.712061896737686e-05,-4.590593986005705e-05,-0.000405650194104653,0.0,0.0,-,4.89698232923995e-11,8.488410623594565e-10,1.2255986177561144e-10,9.786633862035397e-09
0.7350000000000005,1.404982781585118e-05,-9.921136555297871e-05,4.798969725096902e-05,0.0004237439346145149,-1.404982781585118e-05,9.921136555297871e-05,-4.798969725096902e-05,-0.0004237439346145149,0.0,0.0,-,4.9956811600674827e-11,8.980555376338904e-10,1.3407491698680977e-10,1.0684428472648349e-08
0.7400000000000005,1.351710255561391e-05,-0.00011205281261949434,5.016632168555004e-05,0.00044263845696541166,-1.351710255561391e-05,0.00011205281261949434,-5.016632168555004e-05,-0.00044263845696541166,0.0,0.0,-,5.0870371908169746e-11,9.60834701713588e-10,1.4665821614410023e-10,1.1664072490571954e-08
0.7450000000000006,1.2917833298224895e-05,-0.00012568126568209546,5.243992230504087e-05,0.00046236918747320224,-1.2917833298224895e-05,0.00012568126568209546,-5.243992230504087e-05,-0.00046236918747320224,0.0,0.0,-,5.1704723993773385e-11,1.0398136044308553e-09,1.6040794340089386e-10,1.27329988181951e-08
0.7500000000000006,1.2247971634626177e-05,-0.00014013457622455753,5.481479005273112e-05,0.0004829731265437421,-1.2247971634626177e-05,0.00014013457622455753,-5.481479005273112e-05,-0.0004829731265437421,0.0,0.0,-,5.245478803958642e-11,1.1380021016990369e-09,1.7543124944351884e-10,1.3899314023012289e-08
0.7550000000000006,1.150327508339982e-05,-0.00015545220270659808,5.729540576082986e-05,0.0005044889192195905,-1.150327508339982e-05,0.00015545220270659808,-5.729540576082986e-05,-0.0005044889192195905,0.0,0.0,-,5.311641472780826e-11,1.2588290383307034e-09,1.9184506705000952e-10,1.517185937108904e-08
0.7600000000000006,1.067929886598888e-05,-0.00017167527225592748,5.988644858622065e-05,0.0005269569284836965,-1.067929886598888e-05,0.00017167527225592748,-5.988644858622065e-05,-0.0005269569284836965,0.0,0.0,-,5.368665184915382e-11,1.4061910338514376e-09,2.097770006713598e-10,1.6560277393473902e-08
0.7650000000000006,9.771387361970447e-06,-0.00018884664810140056,6.259280482981697e-05,0.0005504193125251667,-9.771387361970447e-06,0.00018884664810140056,-6.259280482981697e-05,-0.0005504193125251667,0.0,0.0,-,5.41640519040422e-11,1.5845063163471089e-09,2.293662967536776e-10,1.807508449147729e-08
0.7700000000000006,8.774665230942076e-06,-0.0002070109972792853,6.541957715622195e-05,0.0005749201048211674,-8.774665230942076e-06,0.0002070109972792853,-6.541957715622195e-05,-0.0005749201048211674,0.0,0.0,-,5.454902565361772e-11,1.7987740813199304e-09,2.50764902130172e-10,1.97277501261152e-08
0.7750000000000006,7.684028182596112e-06,-0.00022621485993697826,6.837209421583373e-05,0.0006005052980442084,-7.684028182596112e-06,0.00022621485993697826,-6.837209421583373e-05,-0.0006005052980442084,0.0,0.0,-,5.4844247099172374e-11,2.054639895601464e-09,2.7413861846746625e-10,2.153078319101102e-08
0.7800000000000006,6.494133387696243e-06,-0.0002465067246224682,7.145592070446585e-05,0.0006272229319961144,-6.494133387696243e-06,0.0002465067246224682,-7.145592070446585e-05,-0.0006272229319961144,0.0,0.0,-,5.505511594145833e-11,2.3584677220219514e-09,2.9966836148608084e-10,2.3497826223120036e-08
0.7850000000000006,5.199389508365085e-06,-0.0002679371033780265,7.467686787161522e-05,0.0006551231854242645,-5.199389508365085e-06,0.0002679371033780265,-7.467686787161522e-05,-0.0006551231854242645,0.0,0.0,-,5.519028419775681e-11,2.717419178854988e-09,3.2755153446165425e-10,2.5643758163522215e-08
0.7900000000000006,3.793946338792305e-06,-0.00029055861290647005,7.804100449746414e-05,0.0006842584714169838,-3.793946338792305e-06,0.00029055861290647005,-7.804100449746414e-05,-0.0006842584714169838,0.0,0.0,-,5.526225434186499e-11,3.139540716525648e-09,3.5800352637652035e-10,2.7984806442051755e-08
0.7950000000000006,2.2716840458822672e-06,-0.0003144260552776102,8.155466836937994e-05,0.0007146835378421378,-2.2716840458822672e-06,0.0003144260552776102,-8.155466836937994e-05,-0.0007146835378421378,0.0,0.0,-,5.528805708388657e-11,3.6338594377128424e-09,3.912593460407181e-10,3.053866923836453e-08
0.8000000000000006,6.262019780866441e-07,-0.0003395965041996364,8.522447826168504e-05,0.0007464555720371067,-6.262019780866441e-07,0.0003395965041996364,-8.522447826168504e-05,-0.0007464555720371067,0.0,0.0,-,5.529001772847337e-11,4.2104883660359114e-09,4.2757540451560023e-10,3.332464884349076e-08
0.8050000000000006,-1.1491929570411994e-06,-0.0003661293950223889,8.905734646214413e-05,0.0007796343097711343,1.1491929570411994e-06,0.0003661293950223889,-8.905734646214413e-05,-0.0007796343097711343,0.0,0.0,-,5.5296620950735934e-11,4.880742035533215e-09,4.672314593099921e-10,3.6363797128352324e-08
0.8100000000000006,-3.0614983744547996e-06,-0.0003940866156993254,9.30604918542266e-05,0.0008142821499759353,3.0614983744547996e-06,0.0003940866156993254,-9.30604918542266e-05,-0.0008142821499759353,0.0,0.0,-,5.534348481221988e-11,5.657263338899954e-09,5.10532735030745e-10,3.9679074227199487e-08
0.8150000000000006,-5.11802897080743e-06,-0.000423532604768283,9.724145358615549e-05,0.0008504642738200852,5.11802897080743e-06,0.000423532604768283,-9.724145358615549e-05,-0.0008504642738200852,0.0,0.0,-,5.5474455914950004e-11,6.554162675408988e-09,5.578122365084873e-10,4.329552163242111e-08
0.8200000000000006,-7.326429567924123e-06,-0.00045453445104368063,0.00010160810535749037,0.0008882487695404955,7.326429567924123e-06,0.00045453445104368063,-0.00010160810535749037,-0.0008882487695404955,0.0,0.0,-,5.574283876601877e-11,7.58717051133689e-09,6.094332718801817e-10,4.724045101537214e-08
0.8250000000000006,-9.694688681206591e-06,-0.0004871619981005465,0.00010616867034176525,0.0009277067628997299,9.694688681206591e-06,0.0004871619981005465,-0.00010616867034176525,-0.0009277067628997299,0.0,0.0,-,5.621277370914635e-11,8.773804573303474e-09,6.657922046908739e-10,5.154365020502162e-08
0.8300000000000006,-1.223115261451079e-05,-0.0005214879524617355,0.0001109317367793078,0.0009689125532036658,1.223115261451079e-05,0.0005214879524617355,-0.0001109317367793078,-0.0009689125532036658,0.0,0.0,-,5.696077918054362e-11,1.0133552996117141e-08,7.27321455815242e-10,5.6237607883799856e-08
0.8350000000000006,-1.4944540109752575e-05,-0.0005575879961698003,0.00011590627427268571,0.0010119437561358193,1.4944540109752575e-05,0.0005575879961698003,-0.00011590627427268571,-0.0010119437561358193,0.0,0.0,-,5.807747557600364e-11,1.1688074863480409e-08,7.944927778941173e-10,6.135775871171121e-08
0.8400000000000006,-1.7843957583524477e-05,-0.0005955409057631107,0.000121101650807731,0.0010568814518923369,1.7843957583524477e-05,0.0005955409057631107,-0.000121101650807731,-0.0010568814518923369,0.0,0.0,-,5.966950968721675e-11,1.3461419715666141e-08,8.678208270359054e-10,6.694275072848149e-08
0.8450000000000006,-2.0938914957399824e-05,-0.0006354286731424809,0.0001265276505430927,0.0011038103411026832,2.0938914957399824e-05,0.0006354286731424809,-0.0001265276505430927,-0.0011038103411026832,0.0,0.0,-,6.186170048518286e-11,1.548026770892421e-08,9.478670587956803e-10,7.30347370741076e-08
0.8500000000000006,-2.423934211880091e-05,-0.0006773366347370218,0.0001321944923954737,0.0011528189067869705,2.423934211880091e-05,0.0006773366347370218,-0.0001321944923954737,-0.0011528189067869705,0.0,0.0,-,6.479942901694424e-11,1.7774192292708583e-08,1.0352439778941652e-09,7.967969423333514e-08
0.8550000000000006,-2.7755606037260084e-05,-0.0007213536033261728,0.00013811284945972684,0.0012039995846693538,2.7755606037260084e-05,0.0007213536033261728,-0.00013811284945972684,-0.0012039995846693538,0.0,0.0,-,6.865129734942218e-11,2.0375947397866853e-08,1.130619773823591e-09,8.692776923275502e-08
0.8600000000000007,-3.1498528561215117e-05,-0.000767572005679734,0.00014429386929701142,0.0012574489400676238,3.1498528561215117e-05,0.000767572005679734,-0.00014429386929701142,-0.0012574489400676238,0.0,0.0,-,7.361208385703061e-11,2.3321781317382903e-08,1.2347233774071062e-09,9.483365841714098e-08
0.8650000000000007,-3.5479404919962e-05,-0.0008160880295338818,0.00015074919514096612,0.0013132678531137393,3.5479404919962e-05,0.0008160880295338818,-0.00015074919514096612,-0.0013132678531137393,0.0,0.0,-,7.990602472440374e-11,2.6651779677125376e-08,1.3483499765853518e-09,1.0345702068725084e-07
0.8700000000000007,-3.971002297200316e-05,-0.0008670017709191402,0.000157490988046663,0.001371561712788627,3.971002297200316e-05,0.0008670017709191402,-0.000157490988046663,-0.001371561712788627,0.0,0.0,-,8.779045434658884e-11,3.0410240031010005e-08,1.4723670331649226e-09,1.1286292834718921e-07
0.8750000000000007,-4.420268322357149e-05,-0.0009204173949602598,0.0001645319500376657,0.0014324406188231723,4.420268322357149e-05,0.0009204173949602598,-0.0001645319500376657,-0.0014324406188231723,0.0,0.0,-,9.755984036740589e-11,3.4646080935737166e-08,1.6077208460809074e-09,1.231223589794618e-07
0.8800000000000007,-4.897021964623424e-05,-0.0009764432949455485,0.00017188534829400818,0.0014960195931483363,4.897021964623424e-05,0.0009764432949455485,-0.00017188534829400818,-0.0014960195931483363,0.0,0.0,-,1.0955025242840802e-10,3.9413288476957764e-08,1.75544371087167e-09,1.3431273209488037e-07
0.8850000000000007,-5.40260213431761e-05,-0.0010351922664278374,0.00017956504041798086,0.0015624188009320578,5.40260213431761e-05,0.0010351922664278374,-0.00017956504041798086,-0.0015624188009320578,0.0,0.0,-,1.2414430733927462e-10,4.477140361931778e-08,1.9166617295732256e-09,1.4651849464241023e-07
0.8900000000000007,-5.938405508596403e-05,-0.0010967816851298138,0.00018758550084121492,0.0016317637809058119,5.938405508596403e-05,0.0010967816851298138,-0.00018758550084121492,-0.0016317637809058119,0.0,0.0,-,1.4177663733153869e-10,5.078605394349875e-08,2.092603330202473e-09,1.598317598257904e-07
0.8950000000000007,-6.505888876476076e-05,-0.0011613336918471194,0.00019596184841408568,0.0017041856867665596,6.505888876476076e-05,0.0011613336918471194,-0.00019596184841408568,-0.0017041856867665596,0.0,0.0,-,1.6293993236806626e-10,5.7529533662595056e-08,2.2846085603717985e-09,1.7435300410069045e-07
0.9000000000000007,-7.106571580049831e-05,-0.001228975388274932,0.00020470987522895517,0.001779821538983263,7.106571580049831e-05,0.001228975388274932,-0.00020470987522895517,-0.001779821538983263,0.0,0.0,-,1.8819161217925226e-10,6.508143618752266e-08,2.494139225453071e-09,1.901918276538342e-07
0.9050000000000007,-7.74203805540812e-05,-0.001299839040219467,0.00021384607673988375,0.0018588144877140745,7.74203805540812e-05,0.001299839040219467,-0.00021384607673988375,-0.0018588144877140745,0.0,0.0,-,2.1816118880494606e-10,7.352934383991599e-08,2.7227899481382723e-09,2.0746778415251291e-07
0.9100000000000007,-8.413940476908758e-05,-0.0013740622873921963,0.00022338768323474075,0.0019413140880603426,8.413940476908758e-05,0.0013740622873921963,-0.00022338768323474075,-0.0019413140880603426,0.0,0.0,-,2.535583859794279e-10,8.296957968808337e-08,2.9723002332431967e-09,2.2631128609502074e-07
0.9150000000000007,-9.124001511564656e-05,-0.0014517883682599393,0.0002333526927143827,0.0020274765869474002,9.124001511564656e-05,0.0014517883682599393,-0.0002333526927143827,-0.0020274765869474002,0.0,0.0,-,2.95182087770945e-10,9.350802701915766e-08,3.2445676292284623e-09,2.4686459264812013e-07
0.9200000000000007,-9.874017186798083e-05,-0.0015331663506210394,0.00024375990524849462,0.0021174652232825116,9.874017186798083e-05,0.0015331663506210394,-0.00024375990524849462,-0.0021174652232825116,0.0,0.0,-,3.43930195473537e-10,1.0526102231254084e-07,3.541662086262238e-09,2.6928288750717445e-07
0.9250000000000007,-0.0001066585987726025,-0.00161835137469702,0.0002546289588730928,0.0022114505415224907,0.0001066585987726025,0.00161835137469702,-0.0002546289588730928,-0.0022114505415224907,0.0,0.0,-,4.0081047893421206e-10,1.1835632817245952e-07,3.8658416197462145e-09,2.9373545499517505e-07
0.9300000000000007,-0.00011501481416845166,-0.001707504906094056,0.0002659803670926329,0.0023096107190306893,0.00011501481416845166,0.001707504906094056,-0.0002659803670926329,-0.0023096107190306893,0.0,0.0,-,4.669525163252294e-10,1.329341931941359e-07,4.2195693981398734e-09,3.2040696336248234e-07
0.9350000000000007,-0.00012382916339894238,-0.001800795001064945,0.00027783555807052115,0.00241213190810913,0.00012382916339894238,0.001800795001064945,-0.00027783555807052115,-0.00241213190810913,0.0,0.0,-,5.436208248656394e-10,1.491485063734384e-07,4.605532384781663e-09,3.4949886507307333e-07
0.9400000000000007,-0.00013312285260218298,-0.001898396585525397,0.00029021691556675695,0.0025192085935560105,0.00013312285260218298,0.001898396585525397,-0.00029021691556675695,-0.0025192085935560105,0.0,0.0,-,6.322292942903521e-10,1.6716805435311085e-07,5.0266616751870746e-09,3.812309247623056e-07
0.9450000000000007,-0.00014291798391577503,-0.0020004917456552416,0.00030314782171794686,0.0026310439656874298,0.00014291798391577503,0.0020004917456552416,-0.00030314782171794686,-0.0026310439656874298,0.0,0.0,-,7.343570449231008e-10,1.8717789047528465e-07,5.486154684248756e-09,4.158428865092068e-07
0.9500000000000007,-0.0001532375921876769,-0.0021072700306443717,0.0003166527017286594,0.0027478503107318795,0.0001532375921876769,0.0021072700306443717,-0.0003166527017286594,-0.0027478503107318795,0.0,0.0,-,8.517658432204848e-10,2.0938082538554432e-07,5.987499351809053e-09,4.5359629316015327e-07
0.9550000000000007,-0.0001641056832480088,-0.0022189287755914134,0.0003307570705665701,0.0028698494177129196,0.0001641056832480088,0.0022189287755914134,-0.0003307570705665701,-0.0028698494177129196,0.0,0.0,-,9.86419219591964e-10,2.3399904994128238e-07,6.5345005504579486e-09,4.947764715618893e-07
0.9600000000000007,-0.00017554727381585727,-0.0023356734298620135,0.00034548758174751643,0.0029972730043371127,0.00017554727381585727,0.0023356734298620135,-0.00034548758174751643,-0.0029972730043371127,0.0,0.0,-,1.140503446312862e-09,2.612759017960993e-07,7.131308896166683e-09,5.396946988745294e-07
0.9650000000000007,-0.00018758843312811354,-0.0024577179118343744,0.0003608720783082803,0.003130363161324405,0.00018758843312811354,0.0024577179118343744,-0.0003608720783082803,-0.003130363161324405,0.0,0.0,-,1.3164505475301658e-09,2.914777884668569e-07,7.782452180679372e-09,5.88690566483414e-07
0.9700000000000008,-0.00020025632637012797,-0.0025852849744032913,0.00037693964605673585,0.0032693728166962133,0.00020025632637012797,0.0025852849744032913,-0.00037693964605673585,-0.0032693728166962133,0.0,0.0,-,1.516963528786462e-09,3.2489628046123407e-07,8.492869664526259e-09,6.421345595561747e-07
0.9750000000000008,-0.00021357925998958805,-0.0027186065883956795,0.0003937206692063322,0.003414566220911795,0.00021357925998958805,0.0027186065883956795,-0.0003937206692063322,-0.003414566220911795,0.0,0.0,-,1.7450440302749625e-09,3.6185038937357606e-07,9.26794949132767e-09,7.00430871941134e-07
0.9800000000000008,-0.00022758672898410057,-0.0028579243429740146,0.00041124688850102334,0.003566219453371357,0.00022758672898410057,0.0028579243429740146,-0.00041124688850102334,-0.003566219453371357,0.0,0.0,-,2.0040226263233747e-09,4.0268904712439335e-07,1.0113569507836536e-08,7.640204778891555e-07
0.9850000000000008,-0.00024230946626616767,-0.003003489875475663,0.00042955146194070115,0.0037246209512989395,0.00024230946626616767,0.003003489875475663,-0.00042955146194070115,-0.0037246209512989395,0.0,0.0,-,2.2975920135343502e-09,4.4779380428481747e-07,1.1036141800113505e-08,8.333844840434307e-07
0.9900000000000008,-0.00025777949419283387,-0.0031555653049765444,0.00044866902822224795,0.0038900720628182992,0.00025777949419283387,0.0031555653049765444,-0.00044866902822224795,-0.0038900720628182992,0.0,0.0,-,2.629843351665917e-09,4.975817662546761e-07,1.2042661284542987e-08,9.090477873130279e-07
0.9950000000000008,-0.00027403017838385747,-0.0033144237030204573,0.0004686357730142452,0.004062887623984796,0.00027403017838385747,0.0033144237030204573,-0.0004686357730142452,-0.004062887623984796,0.0,0.0,-,3.005306044991361e-09,5.525087886703954e-07,1.3140758723286285e-08,9.91583066538672e-07
1.0000000000000007,-0.0002910962839154284,-0.0034803495778759474,0.000489489498200555,0.004243396561696993,0.0002910962839154284,0.0034803495778759474,-0.000489489498200555,-0.004243396561696993,0.0,0.0,-,3.42899127753821e-09,6.130729545915005e-07,1.4338758567529415e-08,1.0816151384377795e-06
1.0050000000000006,-0.00030901403402601945,-0.003653639384119405,0.0005112696942138151,0.004431942523723404,0.00030901403402601945,0.003653639384119405,-0.0005112696942138151,-0.004431942523723404,0.0,0.0,-,3.9064396436633696e-09,6.798183583374412e-07,1.5645742068636827e-08,1.1798257111057162e-06
1.0100000000000005,-0.0003278211714444634,-0.0038346020587808867,0.0005340176156037446,0.004628884536196312,0.0003278211714444634,0.0038346020587808867,-0.0005340176156037446,-0.004628884536196312,0.0,0.0,-,4.443773245899459e-09,7.533392230834727e-07,1.707161613751234e-08,1.2869585713529007e-06
1.0150000000000003,-0.0003475570224728364,-0.0040235595831239574,0.0005577763599816843,0.004834597690812949,0.0003475570224728364,0.0040235595831239574,-0.0005577763599816843,-0.004834597690812949,0.0,0.0,-,5.047752665250365e-09,8.342843816782142e-07,1.8627188476284395e-08,1.4038252455129676e-06
1.0200000000000002,-0.0003682625639568022,-0.0042208475703255895,0.0005825909504876585,0.00504947386212862,0.0003682625639568022,0.0042208475703255895,-0.0005825909504876585,-0.00504947386212862,0.0,0.0,-,5.72583924531054e-09,9.233621527378295e-07,2.0324249554234926e-08,1.5313111769345655e-06
1.0250000000000001,-0.0003899804932836336,-0.00442681588232799,0.0006085084219471105,0.0052739224576982815,0.0003899804932836336,0.00442681588232799,-0.0006085084219471105,-0.0052739224576982815,0.0,0.0,-,6.486263171019255e-09,1.0213456470179842e-06,2.21756620521377e-08,1.6703824673836339e-06
1.03,-0.00041275530155702523,-0.004641829278716261,0.0006355779108706737,0.005508371199831938,0.00041275530155702523,0.004641829278716261,-0.0006355779108706737,-0.005508371199831938,0.0,0.0,-,7.338097865836391e-09,1.1290785422817196e-06,2.4195458456071308e-08,1.8220932337593204e-06
1.035,-0.0004366333501005953,-0.004866268094326385,0.0006638507494674379,0.005753266944034831,0.0004366333501005953,0.004866268094326385,-0.0006638507494674379,-0.005753266944034831,0.0,0.0,-,8.291341277936715e-09,1.2474813681110118e-06,2.6398947543913654e-08,1.9875936364059363e-06
1.0399999999999998,-0.00046166295045840767,-0.005100528951961478,0.0006933805638633109,0.006009076532426629,0.00046166295045840767,0.005100528951961478,-0.0006933805638633109,-0.006009076532426629,0.0,0.0,-,9.357004677066502e-09,1.3775583460599954e-06,2.8802830575630616e-08,2.1681386402687348e-06
1.0449999999999997,-0.00048789444805155755,-0.0053450255067464475,0.0007242233766934495,0.006276287685916904,0.00048789444805155755,0.0053450255067464475,-0.0007242233766934495,-0.006276287685916904,0.0,0.0,-,1.0547209639264147e-08,1.5204048343988429e-06,3.142532807237687e-08,2.3650975758506915e-06
1.0499999999999996,-0.0005153803096739578,-0.005600189231180817,0.0007564377142810825,0.006555409935341163,0.0005153803096739578,0.005600189231180817,-0.0007564377142810825,-0.006555409935341163,0.0,0.0,-,1.1875293957262241e-08,1.6772154315240076e-06,3.4286318150310757e-08,2.5799645729525352e-06
1.0549999999999995,-0.0005441752150169175,-0.00586647023151426,0.0007900847185876693,0.006846975594904829,0.0005441752150169175,0.00586647023151426,-0.0007900847185876693,-0.006846975594904829,0.0,0.0,-,1.3355927280455751e-08,1.8492927964102188e-06,3.740748746303947e-08,2.814369946938642e-06
1.0599999999999994,-0.0005743361524142222,-0.006144338112386976,0.0008252282641639584,0.007151540777814809,0.0005743361524142222,0.006144338112386976,-0.0008252282641639584,-0.007151540777814809,0.0,0.0,-,1.5005237360305578e-08,2.0380572506068705e-06,4.08124959029147e-08,3.0700926244223768e-06
1.0649999999999993,-0.0006059225190011672,-0.006434282877445885,0.0008619350803142803,0.00746968645742615,0.0006059225190011672,0.006434282877445885,-0.0008619350803142803,-0.00746968645742615,0.0,0.0,-,1.684094785546914e-08,2.2450572313418327e-06,4.4527156316296544e-08,3.349073703283649e-06
1.0699999999999992,-0.0006389962255112002,-0.006736815864953601,0.000900274878705999,0.007802019576909917,0.0006389962255112002,0.006736815864953601,-0.000900274878705999,-0.007802019576909917,0.0,0.0,-,1.8882528736556898e-08,2.4719806713332804e-06,4.857963060244196e-08,3.6534312506760705e-06
1.074999999999999,-0.0006736218059361261,-0.007052470750414326,0.0009403204866711805,0.008149174205585523,0.0006736218059361261,0.007052470750414326,-0.0009403204866711805,-0.008149174205585523,0.0,0.0,-,2.115136042372009e-08,2.720667389760523e-06,5.30006436907095e-08,3.985476451840965e-06
1.079999999999999,-0.0007098669203547743,-0.007382193266638675,0.0009821479452840835,0.008511770983905338,0.0007098669203547743,0.007382193266638675,-0.0009821479452840835,-0.008511770983905338,0.0,0.0,-,2.3670915646789895e-08,2.9931512768905445e-06,5.782371662283813e-08,4.347727678253222e-06
1.0849999999999989,-0.0007478012130435556,-0.007725392442324175,0.0010258368119882761,0.008890629496974167,0.0007478012130435556,0.007725392442324175,-0.0010258368119882761,-0.008890629496974167,0.0,0.0,-,2.6466948917936902e-08,3.2915597188301356e-06,6.308542244698937e-08,4.742944142515549e-06
1.0899999999999987,-0.0007874974737893631,-0.008083850222694401,0.00107147022089427,0.009286351421169979,0.0007874974737893631,0.008083850222694401,-0.00107147022089427,-0.009286351421169979,0.0,0.0,-,2.956771027405998e-08,3.6183028909449104e-06,6.882566461830533e-08,5.174125756102869e-06
1.0949999999999986,-0.0008290322736372927,-0.00845780791639522,0.0011191348822936428,0.009699727051780073,0.0008290322736372927,0.00845780791639522,-0.0011191348822936428,-0.009699727051780073,0.0,0.0,-,3.3004182827721e-08,3.975975464698091e-06,7.508797904213722e-08,5.644549280498029e-06
1.0999999999999985,-0.000872485086212128,-0.008847927340291802,0.0011689214178158258,0.010131545383056632,0.000872485086212128,0.008847927340291802,-0.0011689214178158258,-0.010131545383056632,0.0,0.0,-,3.681033395603384e-08,4.367404555793498e-06,8.191986544727989e-08,6.157790339742699e-06
1.1049999999999984,-0.0009179387820027465,-0.009254899745540682,0.001220924499144239,0.010582630638732035,0.0009179387820027465,0.009254899745540682,-0.001220924499144239,-0.010582630638732035,0.0,0.0,-,4.102339199355718e-08,4.795670402293534e-06,8.937314861033278e-08,6.717750695921838e-06
1.1099999999999983,-0.0009654797792910683,-0.009679447084511598,0.001275243028874106,0.011053843851740715,0.0009654797792910683,0.009679447084511598,-0.001275243028874106,-0.011053843851740715,0.0,0.0,-,4.568414801465673e-08,5.264128881602824e-06,9.750437252379262e-08,7.328688015415155e-06
1.1149999999999982,-0.0010151980340856854,-0.010122264085804748,0.001331980341039362,0.011546088199596679,0.0010151980340856854,0.010122264085804748,-0.001331980341039362,-0.011546088199596679,0.0,0.0,-,5.0837283256713824e-08,5.776430032716676e-06,1.0637523066836911e-07,7.995248778979468e-06
1.119999999999998,-0.0010671876517894551,-0.010584275495165591,0.0013912443356953997,0.012060288833107518,0.0010671876517894551,0.010584275495165591,-0.0013912443356953997,-0.012060288833107518,0.0,0.0,-,5.653173067737316e-08,6.3365644715044784e-06,1.1605303467639157e-07,8.722501612669342e-06
1.124999999999998,-0.00112154682987545,-0.0110662215268741,0.0014531477385520658,0.01259743747462193,0.00112154682987545,0.0110662215268741,-0.0014531477385520658,-0.01259743747462193,0.0,0.0,-,6.282106713539138e-08,6.948870765913724e-06,1.2661122642668628e-07,9.51597876730437e-06
1.129999999999998,-0.001178377823915609,-0.011568964312560529,0.0015178083390415282,0.013158559904728214,0.001178377823915609,0.011568964312560529,-0.0015178083390415282,-0.013158559904728214,0.0,0.0,-,6.976393861487166e-08,7.6180754422402054e-06,1.3812993719700604e-07,1.0381717261135957e-05
1.1349999999999978,-0.0012377873075539972,-0.01209340341276171,0.0015853491950386408,0.013744727566865796,0.0012377873075539972,0.01209340341276171,-0.0015853491950386408,-0.013744727566865796,0.0,0.0,-,7.742452570858036e-08,8.349327472759173e-06,1.506965975480541e-07,1.132630494057274e-05
1.1399999999999977,-0.001299886568812431,-0.01264047824929069,0.0016558988661392433,0.01435705962118052,0.001299886568812431,0.01264047824929069,-0.0016558988661392433,-0.01435705962118052,0.0,0.0,-,8.587305116747496e-08,9.14823592461311e-06,1.6440660282245998e-07,1.2356930745403379e-05
1.1449999999999976,-0.0013647917161614905,-0.013211170122009742,0.0017295916579895313,0.014996725110555985,0.0013647917161614905,0.013211170122009742,-0.0017295916579895313,-0.014996725110555985,0.0,0.0,-,9.51863333099899e-08,1.0020911004576506e-05,1.7936403933939453e-07,1.3481439565611258e-05
1.1499999999999975,-0.0014308126248162942,-0.012898284761623371,0.0018067453960440485,0.01575396233658409,0.0014308126248162942,0.012898284761623371,-0.0018067453960440485,-0.01575396233658409,0.0,0.0,-,1.0542245714665815e-07,1.0852739753536118e-05,1.95685683970026e-07,1.4722376212123782e-05
1.1549999999999974,-0.0014970604175178588,-0.013486679736822948,0.001887607636661282,0.016455389114153774,0.0014970604175178588,0.013486679736822948,-0.001887607636661282,-0.016455389114153774,0.0,0.0,-,1.1662840661515164e-07,1.1762192405154252e-05,2.1350099691993558e-07,1.6076275366614805e-05
1.1599999999999973,-0.001566313793327151,-0.014097367699747104,0.001972072927262608,0.01718868103013817,0.001566313793327151,0.014097367699747104,-0.001972072927262608,-0.01718868103013817,0.0,0.0,-,1.2889510111098581e-07,1.2755871285463595e-05,2.329463550721457e-07,1.7553529144393933e-05
1.1649999999999971,-0.001638702575196659,-0.014735654698940795,0.00206030271651464,0.01795472967361421,0.001638702575196659,0.014735654698940795,-0.00206030271651464,-0.01795472967361421,0.0,0.0,-,1.4232183176076634e-07,1.384156888249565e-05,2.541705914905333e-07,1.9165390732656713e-05
1.169999999999997,-0.0017143686040144712,-0.015402800545676762,0.0021524650815485935,0.018755006550773792,0.0017143686040144712,0.015402800545676762,-0.0021524650815485935,-0.018755006550773792,0.0,0.0,-,1.5701713031291867e-07,1.5027800205745128e-05,2.7733612112696275e-07,2.0924142086254514e-05
1.174999999999997,-0.001793460169408765,-0.016100122544693257,0.0022487356709734695,0.019591044270064556,0.001793460169408765,0.016100122544693257,-0.0022487356709734695,-0.019591044270064556,0.0,0.0,-,1.7309962720919692e-07,1.63238699355158e-05,3.026201817165047e-07,2.284318716421262e-05
1.1799999999999968,-0.0018761322900911976,-0.016828993441520876,0.0023492980144542213,0.02046444123665471,0.0018761322900911976,0.016828993441520876,-0.0023492980144542213,-0.02046444123665471,0.0,0.0,-,1.9069898905881076e-07,1.7739945036789533e-05,3.3021618752009685e-07,2.4937153939855043e-05
1.1849999999999967,-0.0019625470099016635,-0.017590845151965347,0.002454343855756555,0.021376865485638944,0.0019625470099016635,0.017590845151965347,-0.002454343855756555,-0.021376865485638944,0.0,0.0,-,2.0995694288918015e-07,1.9287134202591616e-05,3.60335206331546e-07,2.7222005829810502e-05
1.1899999999999966,-0.0020528737091098865,-0.01838717222896853,0.0025640735070667836,0.022330058388520802,0.0020528737091098865,0.01838717222896853,-0.0025640735070667836,-0.022330058388520802,0.0,0.0,-,2.310283952169526e-07,2.0977574715480338e-05,3.9320757107975407e-07,2.971516336798419e-05
1.1949999999999965,-0.00214728943095559,-0.019219535205311666,0.002678696223393795,0.023325838325852055,0.00214728943095559,0.019219535205311666,-0.002678696223393795,-0.023325838325852055,0.0,0.0,-,2.5408265471842005e-07,2.2824527383021372e-05,4.290846383658742e-07,3.2435637036003074e-05
1.1999999999999964,-0.002245979223617155,-0.020089563888408574,0.002798430596525826,0.024366104390945414,0.002245979223617155,0.020089563888408574,-0.002798430596525826,-0.024366104390945414,0.0,0.0,-,2.7930476808301913e-07,2.484248026915358e-05,4.682407073837328e-07,3.5404172251955255e-05
1.2049999999999963,-0.0023491364979920915,-0.020998960685573484,0.002923504968445042,0.025452840169773908,0.0023491364979920915,0.020998960685573484,-0.002923504968445042,-0.025452840169773908,0.0,0.0,-,3.068969795140113e-07,2.7047262018524835e-05,5.109751138863462e-07,3.8643407615495464e-05
1.2099999999999962,-0.0024569634017262178,-0.021949503975496432,0.0030541578644614174,0.026588117630988017,0.0024569634017262178,0.021949503975496432,-0.0030541578644614174,-0.026588117630988017,0.0,0.0,-,3.3708032530112097e-07,2.9456165642376453e-05,5.576145151916028e-07,4.217804761129167e-05
1.214999999999996,-0.0025696712101070333,-0.02294305158637189,0.0031906384464999212,0.027774101149804383,0.0025696712101070333,0.02294305158637189,-0.0031906384464999212,-0.027774101149804383,0.0,0.0,-,3.70096375941385e-07,3.208808372285101e-05,6.085153836730188e-07,4.603505108468941e-05
1.219999999999996,-0.002687480734423249,-0.023981544378627446,0.003333206987184438,0.029013051685046625,0.002687480734423249,0.023981544378627446,-0.003333206987184438,-0.029013051685046625,0.0,0.0,-,4.0620913943086484e-07,3.496365607677134e-05,6.640667277700934e-07,5.024383692508526e-05
1.2249999999999959,-0.0028106227485240535,-0.025067009967586876,0.0034821353654402383,0.03030733112523692,0.0028106227485240535,0.025067009967586876,-0.0034821353654402383,-0.03030733112523692,0.0,0.0,-,4.457071406034685e-07,3.810543102034677e-05,7.246930612863402e-07,5.483650852475893e-05
1.2299999999999958,-0.0029393384343157974,-0.026201566592400583,0.003637707584469651,0.03165940681669033,0.0029393384343157974,0.026201566592400583,-0.003637707584469651,-0.03165940681669033,0.0,0.0,-,4.889056927606978e-07,4.153804147982671e-05,7.908576436368789e-07,5.984809872468231e-05
1.2349999999999957,-0.0030738798470160964,-0.02738742714041771,0.0038002203130038394,0.03307185628604607,0.0030738798470160964,0.02738742714041771,-0.0038002203130038394,-0.03307185628604607,0.0,0.0,-,5.361493793301554e-07,4.5288397306685074e-05,8.630660157737123e-07,6.531683711570662e-05
1.2399999999999956,-0.0032145104010031546,-0.028626903346565348,0.003969983450823302,0.034547372168195166,0.0032145104010031546,0.028626903346565348,-0.003969983450823302,-0.034547372168195166,0.0,0.0,-,5.878147649209415e-07,4.938589528275296e-05,9.418698587727651e-07,7.128444173434542e-05
1.2449999999999954,-0.0033615053771781827,-0.029922410174189916,0.004147320719584495,0.03608876735055314,0.0033615053771781827,0.029922410174189916,-0.004147320719584495,-0.03608876735055314,0.0,0.0,-,6.443133569249296e-07,5.3862648435915186e-05,1.0278712045282376e-06,7.779643737875703e-05
1.2499999999999953,-0.0035151524527599455,-0.03127647037955731,0.004332570280068909,0.03769898034466187,0.0035151524527599455,0.03127647037955731,-0.004332570280068909,-0.03769898034466187,0.0,0.0,-,7.060948407556496e-07,5.875373643293171e-05,1.1217270306869175e-06,8.490250297389289e-05
1.2549999999999952,-0.003675752254510856,-0.0326917192842297,0.004526085377012134,0.03938108089566944,0.003675752254510856,0.0326917192842297,-0.004526085377012134,-0.03938108089566944,0.0,0.0,-,7.736506139383563e-07,6.409747898172598e-05,1.2241542748869307e-06,9.265685063644903e-05
1.2599999999999951,-0.0038436189364264113,-0.03417090975348869,0.004728235012725031,0.0411382758407588,0.0038436189364264113,0.03417090975348869,-0.004728235012725031,-0.0411382758407588,0.0,0.0,-,8.475176465806332e-07,6.99357343486312e-05,1.3359353065647227e-06,0.00010111863933220064
1.264999999999995,-0.004019080782966068,-0.03571691739078542,0.004939404650792088,0.04297391522858751,0.004019080782966068,0.03571691739078542,-0.004939404650792088,-0.04297391522858751,0.0,0.0,-,9.282826982806672e-07,7.631422528813201e-05,1.4579238980860528e-06,0.00011035242628256958
1.269999999999995,-0.004202480838940858,-0.03733274596719623,0.005159996951186197,0.04489149871039825,0.004202480838940858,0.03733274596719623,-0.005159996951186197,-0.04489149871039825,0.0,0.0,-,1.0165869242889906e-06,8.328289489538789e-05,1.591051740767304e-06,0.0001204286595648978
1.2749999999999948,-0.004394177567260127,-0.03902153308601201,0.005390432538182943,0.04689468221607026,0.004394177567260127,0.03902153308601201,-0.005390432538182943,-0.04689468221607026,0.0,0.0,-,1.1131309067520493e-06,9.089629511730137e-05,1.736335555510808e-06,0.00013142421566562863
1.2799999999999947,-0.004594545535732905,-0.04078655609737074,0.005631150802549337,0.04898728492716871,0.004594545535732905,0.04078655609737074,-0.005631150802549337,-0.04898728492716871,0.0,0.0,-,1.2186801501516628e-06,9.921401090872105e-05,1.8948848523160648e-06,0.00014342298608830642
1.2849999999999946,-0.004803976134240981,-0.0426312382763836,0.00588261073951947,0.051173296560082404,0.004803976134240981,0.0426312382763836,-0.00588261073951947,-0.051173296560082404,0.0,0.0,-,1.3340710836434449e-06,0.00010830112329360982,2.0679103978796103e-06,0.00015651651749243686
1.2899999999999945,-0.00502287832359167,-0.044559155269858375,0.006145291824154956,0.05345688497375517,0.00502287832359167,0.044559155269858375,-0.006145291824154956,-0.05345688497375517,0.0,0.0,-,1.4602176169114775e-06,0.00011822871488542635,2.256733455899735e-06,0.00017080471024792302
1.2949999999999944,-0.0052516794174622475,-0.04657404182877929,0.006419694925756662,0.055842404115559116,0.0052516794174622475,0.04657404182877929,-0.006419694925756662,-0.055842404115559116,0.0,0.0,-,1.5981183004304576e-06,0.00012907442174677053,2.46279587059866e-06,0.00018639658073494976
1.2999999999999943,-0.005490825898894624,-0.04867979883920185,0.00670634326305406,0.05833440232040329,0.005490825898894624,0.04867979883920185,-0.00670634326305406,-0.05833440232040329,0.0,0.0,-,1.7488641456903142e-06,0.00014092303582189606,2.687671070408208e-06,0.00020341109320534277
1.3049999999999942,-0.005740784272841111,-0.05088050065336143,0.0070057834019970604,0.06093763097903741,0.005740784272841111,0.05088050065336143,-0.0070057834019970604,-0.06093763097903741,0.0,0.0,-,1.91364716602681e-06,0.00015386716255557934,2.9330760757866904e-06,0.00022197806755202908
1.309999999999994,-0.006002041956363576,-0.05318040275514867,0.007318586298033318,0.06365705359124675,0.006002041956363576,0.05318040275514867,-0.007318586298033318,-0.06365705359124675,0.0,0.0,-,2.0937697042565493e-06,0.00016800793874157817,3.2008846027954897e-06,0.00024223916991162296
1.314999999999994,-0.0062751082081291,-0.055583949750730555,0.007645348384851313,0.0664978552208868,0.0062751082081291,0.055583949750730555,-0.007645348384851313,-0.0664978552208868,0.0,0.0,-,2.2906546193751913e-06,0.00018345581609103653,3.4931413624242263e-06,0.0002643489936565126
1.3199999999999938,-0.006560515098910367,-0.05809578371240556,0.007986692711653311,0.06946545237082788,0.006560515098910367,0.05809578371240556,-0.007986692711653311,-0.06946545237082788,0.0,0.0,-,2.5058564111903414e-06,0.0002003314165168292,3.8120776647761e-06,0.0002884762390219309
1.3249999999999937,-0.006858818524900723,-0.06072075288809317,0.008343270131105918,0.07256550329548442,0.006858818524900723,0.06072075288809317,-0.008343270131105918,-0.07256550329548442,0.0,0.0,-,2.741073368977943e-06,0.00021876646567331318,4.160128447179113e-06,0.00031480500036456513
1.3299999999999936,-0.007172545570308922,-0.063587983611789,0.008715570981403261,0.07579281848775196,0.007172545570308922,0.063587983611789,-0.008715570981403261,-0.07579281848775196,0.0,0.0,-,2.9983004187687283e-06,0.00023898362397237847,4.539934334838498e-06,0.0003435277570361511
1.3349999999999935,-0.007504229933310437,-0.06820635309857405,0.009104115459559435,0.07900307891217771,0.007504229933310437,0.06820635309857405,-0.009104115459559435,-0.07900307891217771,0.0,0.0,-,3.279867753228684e-06,0.0002622441569874148,4.954358926343434e-06,0.00037473518942416934
1.3399999999999934,-0.007850776619646796,-0.07121672815708706,0.009510007924638117,0.08253570342765333,0.007850776619646796,0.07121672815708706,-0.009510007924638117,-0.08253570342765333,0.0,0.0,-,3.5880412208866413e-06,0.0002876032688344164,5.4065601799768235e-06,0.00040879590112565634
1.3449999999999933,-0.00821630360356026,-0.07438645221675291,0.009933683585743902,0.0862222776618232,0.00821630360356026,0.07438645221675291,-0.009933683585743902,-0.0862222776618232,0.0,0.0,-,3.92557944541602e-06,0.00031526999020139215,5.899950527885202e-06,0.0004459673069516182
1.3499999999999932,-0.008598125727983161,-0.07770215559512712,0.010376279273995006,0.09007290880536582,0.008598125727983161,0.07770215559512712,-0.010376279273995006,-0.09007290880536582,0.0,0.0,-,4.295218275587042e-06,0.00034545811512203824,6.438286385744882e-06,0.00048653295145491607
1.354999999999993,-0.008996966900984862,-0.08116440494387234,0.010838637894071888,0.09409506243427335,0.008996966900984862,0.08116440494387234,-0.010838637894071888,-0.09409506243427335,0.0,0.0,-,4.69994534267412e-06,0.000378396418271502,7.0256667427389255e-06,0.0005308023553274641
1.359999999999993,-0.009413577124154712,-0.0847810058761422,0.0113216450971552,0.09829718436197792,0.009413577124154712,0.0847810058761422,-0.0113216450971552,-0.09829718436197792,0.0,0.0,-,5.143022514036155e-06,0.0004143355130583535,7.666564981268603e-06,0.0005791140375949265
1.3649999999999929,-0.009848748726989709,-0.08855795609756664,0.011826221710117601,0.10268670627577184,0.009848748726989709,0.08855795609756664,-0.011826221710117601,-0.10268670627577184,0.0,0.0,-,5.6280117714730516e-06,0.00045354807099924534,8.365862580952873e-06,0.0006318368358237585
1.3699999999999928,-0.010303304718731239,-0.0925023902728545,0.012353329723470878,0.10727199942443427,0.010303304718731239,0.0925023902728545,-0.012353329723470878,-0.10727199942443427,0.0,0.0,-,6.1588022121081875e-06,0.0004963315320302018,9.128886357236803e-06,0.0006893732451263364
1.3749999999999927,-0.010778104720894868,-0.09662175723283487,0.012903974087588074,0.1120618075553855,0.010778104720894868,0.09662175723283487,-0.012903974087588074,-0.1120618075553855,0.0,0.0,-,6.739639918981056e-06,0.0005430103518840052,9.961449093502507e-06,0.0007521624886892363
1.3799999999999926,-0.011274046592278845,-0.10092383699735205,0.013479204626026671,0.1170652632570213,0.011274046592278845,0.10092383699735205,-0.013479204626026671,-0.1170652632570213,0.0,0.0,-,7.375160551805414e-06,0.0005939384562553446,1.0869893880253981e-05,0.0008206838679964134
1.3849999999999925,-0.011792068126627975,-0.10541675535332744,0.014080118033287292,0.1222919053092852,0.011792068126627975,0.10541675535332744,-0.014080118033287292,-0.1222919053092852,0.0,0.0,-,8.070424905320576e-06,0.0006495019178014599,1.186114249941047e-05,0.0008954604185172876
1.3899999999999924,-0.012333148825543655,-0.1101089990239541,0.014707859960890796,0.12775169676125275,0.012333148825543655,0.1101089990239541,-0.014707859960890796,-0.12775169676125275,0.0,0.0,-,8.830957705085604e-06,0.0007101218761317442,1.294274822255632e-05,0.0009770628986441813
1.3949999999999922,-0.012898311749494882,-0.1150094314561936,0.015363627195716902,0.13345504377184,0.012898311749494882,0.1150094314561936,-0.015363627195716902,-0.13345504377184,0.0,0.0,-,9.662789935021375e-06,0.0007762577227511272,1.4122953425601155e-05,0.0010661141421848981
1.3999999999999921,-0.013488625449958297,-0.12012730925090198,0.016048669934657173,0.13941281524927118,0.013488625449958297,0.12012730925090198,-0.016048669934657173,-0.13941281524927118,0.0,0.0,-,1.0572505017667669e-05,0.0008484105748904349,1.5410752458958972e-05,0.0011632938074635332
1.404999999999992,-0.014105205985845488,-0.12547229925372827,0.01676429415979012,0.14563636332722185,0.014105205985845488,0.12547229925372827,-0.01676429415979012,-0.14563636332722185,0.0,0.0,-,1.1567289197183304e-05,0.0009271270642905189,1.6815960252338806e-05,0.0012693435590794238
1.409999999999992,-0.014749219027521444,-0.13105449632176658,0.01751186411842833,0.152137544714254,0.014749219027521444,0.13105449632176658,-0.01751186411842833,-0.152137544714254,0.0,0.0,-,1.2654986506792284e-05,0.0010130034693212767,1.8349287176850263e-05,0.0013850727216378296
1.4149999999999918,-0.015421882051847288,-0.13688444179303033,0.018292804912544994,0.15892874295361165,0.015421882051847288,0.13688444179303033,-0.018292804912544994,-0.15892874295361165,0.0,0.0,-,1.3844158736897706e-05,0.0011066902213462222,2.0022420734692378e-05,0.0015113644483219027
1.4199999999999917,-0.016124466631791387,-0.14297314268635875,0.019108605202271492,0.1660228916272768,0.016124466631791387,0.14297314268635875,-0.019108605202271492,-0.1660228916272768,0.0,0.0,-,1.5144150857696448e-05,0.0012088968189942896,2.1848114698573723e-05,0.0016491824510433122
1.4249999999999916,-0.01685830082424229,-0.14933209162830172,0.019960820028331595,0.173433498546858,0.01685830082424229,0.14933209162830172,-0.019960820028331595,-0.173433498546858,0.0,0.0,-,1.656516239109966e-05,0.0013203971869447048,2.38402863795909e-05,0.001799578343134324
1.4299999999999915,-0.017624771659778396,-0.15597328754351453,0.020851073758448066,0.18117467096652534,0.017624771659778396,0.15597328754351453,-0.020851073758448066,-0.18117467096652534,0.0,0.0,-,1.8118325271396265e-05,0.0014420355190803615,2.6014122763992062e-05,0.001963699650133464
1.4349999999999914,-0.01842532773822277,-0.16290925712334148,0.0217810631629685,0.18926114185454201,0.01842532773822277,0.16290925712334148,-0.0217810631629685,-0.18926114185454201,0.0,0.0,-,1.9815788782700837e-05,0.0015747326493627536,2.838619632653813e-05,0.0021427985492138858
1.4399999999999913,-0.019261481933886618,-0.17015307707753596,0.022752560625129578,0.19770829726645484,0.019261481933886618,0.17015307707753596,-0.022752560625129578,-0.19770829726645484,0.0,0.0,-,2.1670812214148e-05,0.00171949299755752,3.097459140153906e-05,0.002338241403253886
1.4449999999999912,-0.020134814214497934,-0.17771839718745633,0.023767417491572726,0.20653220485717724,0.020134814214497934,0.17771839718745633,-0.023767417491572726,-0.20653220485717724,0.0,0.0,-,2.3697865931409697e-05,0.001877412141051909,3.379904207263259e-05,0.0025515191614697164
1.449999999999991,-0.021046974577832715,-0.18561946417854666,0.02482756756893851,0.21574964356874496,0.021046974577832715,0.18561946417854666,-0.02482756756893851,-0.21574964356874496,0.0,0.0,-,2.5912741625809333e-05,0.002049685068461559,3.6881082629583556e-05,0.002784258704969914
1.454999999999991,-0.02199968611013473,-0.19387114639866973,0.02593503077254408,0.22537813453994074,0.02199968611013473,0.19387114639866973,-0.02593503077254408,-0.22537813453994074,0.0,0.0,-,2.8332672570531555e-05,0.0022376151754912275,4.0244211735447524e-05,0.0030382352226134266
1.4599999999999909,-0.022994748170431897,-0.2024889593279806,0.02709191693334412,0.23543597326863108,0.022994748170431897,0.2024889593279806,-0.02709191693334412,-0.23543597326863108,0.0,0.0,-,3.09764647876394e-05,0.0024426240687398662,4.3914071551063536e-05,0.0033153857101581585
1.4649999999999908,-0.02402570269713129,-0.20979250999583252,0.028301256662454023,0.2461107340602471,0.02402570269713129,0.20979250999583252,-0.028301256662454023,-0.2461107340602471,0.0,0.0,-,3.386263673809405e-05,0.002662688554991619,4.791887719443394e-05,0.0036182381772565204
1.4699999999999906,-0.025102599103812767,-0.21915807220216948,0.029564551942292655,0.2570886416288401,0.025102599103812767,0.21915807220216948,-0.029564551942292655,-0.2570886416288401,0.0,0.0,-,3.701333914692769e-05,0.0029028398580484703,5.228919085217645e-05,0.003948711025529324
1.4749999999999905,-0.026227565043170455,-0.22893901406309786,0.030884197039535065,0.26855523780715024,0.026227565043170455,0.22893901406309786,-0.030884197039535065,-0.26855523780715024,0.0,0.0,-,4.04527649873963e-05,0.0031649052188493813,5.705835898606048e-05,0.004309320604297591
1.4799999999999904,-0.027402741559138903,-0.23915838769325698,0.03226270223444095,0.2805344740886689,0.027402741559138903,0.23915838769325698,-0.03226270223444095,-0.2805344740886689,0.0,0.0,-,4.420731621218102e-05,0.003450888890869566,6.226276876340137e-05,0.004702818560058613
1.4849999999999903,-0.0286303661950624,-0.24983134041762617,0.033702696704086016,0.29304778298029494,0.0286303661950624,0.24983134041762617,-0.033702696704086016,-0.29304778298029494,0.0,0.0,-,4.830580555449779e-05,0.0037629673841438984,6.79421275890393e-05,0.005132203575606935
1.4899999999999902,-0.02991277083060246,-0.26097874318173997,0.035206921083925695,0.30611878933628156,0.02991277083060246,0.26097874318173997,-0.035206921083925695,-0.30611878933628156,0.0,0.0,-,5.27796748483184e-05,0.004103516906107494,7.413976405008803e-05,0.005600747141530478
1.4949999999999901,-0.03125238981175135,-0.27262140243072513,0.03677823766379776,0.3197722416088938,0.03125238981175135,0.27262140243072513,-0.03677823766379776,-0.3197722416088938,0.0,0.0,-,5.7663234193046595e-05,0.004475129051423964,8.090295787836184e-05,0.006112018574048351
1.49999999999999,-0.03265176412172556,-0.2847809983960479,0.03841963570317285,0.33403396886941944,0.03265176412172556,0.2847809983960479,-0.03841963570317285,-0.33403396886941944,0.0,0.0,-,6.29939226943505e-05,0.0048806301366612044,8.828329991618425e-05,0.0066699120358416205
1.50499999999999,-0.03411354584440108,-0.2974801140054292,0.040134236933873406,0.348930890811901,0.03411354584440108,0.2974801140054292,-0.040134236933873406,-0.348930890811901,0.0,0.0,-,6.881259274474065e-05,0.005323102227804611,9.633708478750552e-05,0.007278675868655542
1.5099999999999898,-0.03564050167619678,-0.31074201083809005,0.04192529999553577,0.36449093446533753,0.03564050167619678,0.31074201083809005,-0.04192529999553577,-0.36449093446533753,0.0,0.0,-,7.516381954339544e-05,0.005805905214303099,0.00010512573868608369,0.007942944075192603
1.5149999999999897,-0.03723552058975657,-0.32459168480060246,0.04379623070017588,0.38074394220149227,0.03723552058975657,0.32459168480060246,-0.04379623070017588,-0.38074394220149227,0.0,0.0,-,8.209623951134622e-05,0.006332704023511556,0.00011471628780379862,0.008667773822808254
1.5199999999999896,-0.0389016165955252,-0.33905439833014267,0.04575058391804816,0.39772028068740045,0.0389016165955252,0.33905439833014267,-0.04575058391804816,-0.39772028068740045,0.0,0.0,-,8.966291838007226e-05,0.006907493448646619,0.00012518186744801024,0.00945868093115856
1.5249999999999895,-0.04064193407877004,-0.3541566873943418,0.04779207159636334,0.4154518946097674,0.04064193407877004,0.3541566873943418,-0.04779207159636334,-0.4154518946097674,0.0,0.0,-,9.792175240838753e-05,0.007534628244777273,0.0001366022779853696,0.010321682314832768
1.5299999999999894,-0.042459753299569615,-0.3699261572633239,0.04992456951340032,0.43397210502356,0.042459753299569615,0.3699261572633239,-0.04992456951340032,-0.43397210502356,0.0,0.0,-,0.0001069359056596889,0.008218855053915305,0.00014906459119086104,0.011263341254525647
1.5349999999999893,-0.044358495835516515,-0.3863915144635922,0.05215212432280916,0.45331566370579435,0.044358495835516515,0.3863915144635922,-0.05215212432280916,-0.45331566370579435,0.0,0.0,-,0.00011677428642363637,0.008965347066162631,0.00016266381154776948,0.01229081670933075
1.5399999999999892,-0.04634173018185774,-0.40358259794248474,0.054478960874053,0.4735188089534377,0.04634173018185774,0.40358259794248474,-0.054478960874053,-0.4735188089534377,0.0,0.0,-,0.00012751206620487666,0.009779741632972641,0.00017750359743735214,0.013411917021494137
1.544999999999989,-0.048413177504384994,-0.42153040916217316,0.05690948981598366,0.4946193227545665,0.048413177504384994,0.42153040916217316,-0.05690948981598366,-0.4946193227545665,0.0,0.0,-,0.00013923124498523186,0.010668181062214767,0.00019369704759292954,0.014635158393705041
1.549999999999989,-0.05057860808366918,-0.44215762161713457,0.05944813079070768,0.5164719540304695,0.05057860808366918,0.44215762161713457,-0.05944813079070768,-0.5164719540304695,0.0,0.0,-,0.0001520222229636386,0.011645697873985351,0.00021136744886547459,0.01596887479020527
1.5549999999999888,-0.052842577949080254,-0.4599884212147295,0.06209963147640624,0.5396514193985523,0.052842577949080254,0.4599884212147295,-0.06209963147640624,-0.5396514193985523,0.0,0.0,-,0.0001659839131851614,0.012703644612243426,0.0002306492700130015,0.0174249930624996
1.5599999999999887,-0.05520878784827943,-0.4822084803608716,0.06486907497939742,0.5635181563316803,0.05520878784827943,0.4822084803608716,-0.06486907497939742,-0.5635181563316803,0.0,0.0,-,0.00018122396446354272,0.013866269704903107,0.00025168925445641447,0.019012756625076847
1.5649999999999886,-0.05767806701901436,-0.5017273854289617,0.06776202882434178,0.5887857312595763,0.05767806701901436,0.5017273854289617,-0.06776202882434178,-0.5887857312595763,0.0,0.0,-,0.00019785776153879192,0.01512492155134999,0.00027464771720836864,0.02074609981175118
1.5699999999999885,-0.060258631064594115,-0.525844346464375,0.07078361574400543,0.6148221583303897,0.060258631064594115,0.525844346464375,-0.07078361574400543,-0.6148221583303897,0.0,0.0,-,0.00021601327462768586,0.016507482934892688,0.0002996993184973432,0.022636131243621335
1.5749999999999884,-0.06295333189290317,-0.5489848229030916,0.0739397067874126,0.6421915115065608,0.06295333189290317,0.5489848229030916,-0.0739397067874126,-0.6421915115065608,0.0,0.0,-,0.00023582888460977553,0.01801440461378235,0.00032703471969638536,0.0246981809308767
1.5799999999999883,-0.06577061580471466,-0.5732416563247905,0.07723590597876506,0.6707703179042074,0.06577061580471466,0.5732416563247905,-0.07723590597876506,-0.6707703179042074,0.0,0.0,-,0.000257457754126432,0.01965743459651226,0.0003568616455581879,0.026947845027783208
1.5849999999999882,-0.06871231928903498,-0.5985488214134046,0.08067875987027073,0.7006102453015409,0.06871231928903498,0.5985488214134046,-0.08067875987027073,-0.7006102453015409,0.0,0.0,-,0.0002810646682368229,0.021448738054589103,0.0003894069570292112,0.02940211860689058
1.589999999999988,-0.07178381920644948,-0.6249485117562771,0.08427473906537276,0.7317662414780147,0.07178381920644948,0.6249485117562771,-0.08427473906537276,-0.7317662414780147,0.0,0.0,-,0.0003068292517361435,0.023401541266320987,0.0004249181152518938,0.032079527767724825
1.594999999999988,-0.07499070908972044,-0.6524845662911626,0.08803059304235367,0.7642949347836737,0.07499070908972044,0.6524845662911626,-0.08803059304235367,-0.7642949347836737,0.0,0.0,-,0.0003349472839850383,0.025530221812561774,0.0004636650418088354,0.03500026150440466
1.5999999999999879,-0.07833880542280247,-0.6812020618835336,0.0919533609239972,0.7982551411814344,0.07833880542280247,0.6812020618835336,-0.0919533609239972,-0.7982551411814344,0.0,0.0,-,0.00036563212616039616,0.027850403058133612,0.000505942144734929,0.038186317856517556
1.6049999999999878,-0.08183415373010178,-0.7111472817211074,0.0960503826230868,0.8337079286994254,0.08183415373010178,0.7111472817211074,-0.0960503826230868,-0.8337079286994254,0.0,0.0,-,0.0003991162697440051,0.03037905533963016,0.0005520705247451349,0.041661662408398914
1.6099999999999877,-0.08548303446323291,-0.7423676673814485,0.10032931028949077,0.8707166763241516,0.08548303446323291,0.7423676673814485,-0.10032931028949077,-0.8707166763241516,0.0,0.0,-,0.00043565301564921563,0.03313460410749697,0.0006024003772609585,0.04545240006054372
1.6149999999999876,-0.0892919685977004,-0.7749117529852868,0.10479812003234677,0.9093471272687604,0.0892919685977004,0.7749117529852868,-0.10479812003234677,-0.9093471272687604,0.0,0.0,-,0.0004755182939294784,0.03613704523207056,0.0006573136070725281,0.049586961049903365
1.6199999999999875,-0.09326772284305343,-0.8088290793767052,0.1094651238888947,0.9496674361696962,0.09326772284305343,0.8088290793767052,-0.1094651238888947,-0.9496674361696962,0.0,0.0,-,0.0005190126345511206,0.03940806763029733,0.0007172266738125821,0.05409630224650889
1.6249999999999873,-0.09741731435872453,-0.8441700858235551,0.11433898200813758,0.9917482094933588,0.09741731435872453,0.8441700858235551,-0.11433898200813758,-0.9917482094933588,0.0,0.0,-,0.0005664633002354524,0.042971183299294,0.0007825936878458667,0.0590141248016752
1.6299999999999872,-0.10174801485411326,-0.8809859762988499,0.11942871501292969,1.035662538174054,0.10174801485411326,0.8809859762988499,-0.11942871501292969,-1.035662538174054,0.0,0.0,-,0.0006182265928692156,0.04685186475147011,0.000853909777694063,0.0643771092665607
1.6349999999999871,-0.10626735393557209,-0.9193285569521652,0.12474371649833925,1.081486021264497,0.10626735393557209,0.9193285569521652,-0.12474371649833925,-1.081486021264497,0.0,0.0,-,0.0006746903454315551,0.05107768972960877,0.0009317147517231515,0.07022516933751315
1.639999999999987,-0.11098312154478007,-0.9592500409468834,0.13029376561735984,1.1292967791798916,0.11098312154478007,0.9592500409468834,-0.13029376561735984,-1.1292967791798916,0.0,0.0,-,0.0007362766117706709,0.05567849293489166,0.0010165970785169073,0.07660172541484339
1.644999999999987,-0.11590336931248191,-1.0008028163491567,0.13608903969712804,1.1791754548753743,0.11590336931248191,1.0008028163491567,-0.13608903969712804,-1.1791754548753743,0.0,0.0,-,0.0008034445668605974,0.060686524320953575,0.0011091982121453378,0.08355399918174597
1.6499999999999868,-0.1210364106285989,-1.0440391722786684,0.14214012681989266,1.2312052010841508,0.1210364106285989,1.0440391722786684,-0.14214012681989266,-1.2312052010841508,0.0,0.0,-,0.0008766936303498699,0.0661366132872151,0.0012102172904072115,0.09113333041762912
1.6549999999999867,-0.12639081920420708,-1.0890109779953314,0.1484580382929494,1.285471651546199,0.12639081920420708,1.0890109779953314,-0.1484580382929494,-1.285471651546199,0.0,0.0,-,0.000956566826245421,0.07206633783818671,0.0013204162360761632,0.09939551725227351
1.6599999999999866,-0.13197541586808478,-1.1357656399107803,0.15505421212503015,1.3420586390219211,0.13197541586808478,1.1357656399107803,-0.15505421212503015,-1.3420586390219211,0.0,0.0,-,0.0010436543782131888,0.0785161557821963,0.00144062527956473,0.10840112420514017
1.6649999999999865,-0.13779928417852155,-1.1843599137495155,0.16194053679450698,1.4010644436288293,0.13779928417852155,1.1843599137495155,-0.16194053679450698,-1.4010644436288293,0.0,0.0,-,0.0011385975918137515,0.08552969780867994,0.0015717489668511924,0.11821603208114477
1.6699999999999864,-0.14386583353266338,-1.2328095818229219,0.16912994609546114,1.4627716458193651,0.14386583353266338,1.2328095818229219,-0.16912994609546114,-1.4627716458193651,0.0,0.0,-,0.0012420844821039894,0.09312879513385182,0.0017147736601824573,0.12891453652021
1.6749999999999863,-0.15018616581663308,-1.2851643332634746,0.17663510689461043,1.526893014794355,0.15018616581663308,1.2851643332634746,-0.17663510689461043,-1.526893014794355,0.0,0.0,-,0.001354863904117493,0.1013870319513144,0.001870773465120806,0.14057154791334872
1.6799999999999862,-0.15677417202225785,-1.3394910709892016,0.18446893528082808,1.5937143673616394,0.15677417202225785,1.3394910709892016,-0.18446893528082808,-1.5937143673616394,0.0,0.0,-,0.001477754609183813,0.1103582135976132,0.002040917405539014,0.153271175337023
1.684999999999986,-0.16363982980143893,-1.3958286988128235,0.19264522657619026,1.663334393366934,0.16363982980143893,1.3958286988128235,-0.19264522657619026,-1.663334393366934,0.0,0.0,-,0.0016116445786710297,0.1200999023797605,0.0022264783221519683,0.16710458185780944
1.689999999999986,-0.17079329970541646,-1.4542119200070447,0.20117827439465386,1.7358533736173283,0.17079329970541646,1.4542119200070447,-0.20117827439465386,-1.7358533736173283,0.0,0.0,-,0.0017574963347923476,0.13067356392121315,0.0024288418125940174,0.18217051653130242
1.6949999999999859,-0.17824489980709693,-1.5146699718098848,0.21008287789871025,1.811372933028698,0.17824489980709693,1.5146699718098848,-0.21008287789871025,-1.811372933028698,0.0,0.0,-,0.0019163525563285543,0.1421446895387257,0.0026495158905250346,0.19857587604384702
1.6999999999999857,-0.18600507521170767,-1.5772255558230406,0.21937434762799896,1.8899957371736729,0.18600507521170767,1.5772255558230406,-0.21937434762799896,-1.8899957371736729,0.0,0.0,-,0.0020893419963511155,0.15458289180843193,0.00289014141251108,0.2164362954765199
1.7049999999999856,-0.19408436183595423,-1.641893639230294,0.2290685096683771,1.971825140922311,0.19408436183595423,1.641893639230294,-0.2290685096683771,-1.971825140922311,0.0,0.0,-,0.0022776856938974597,0.16806196542115615,0.003152503323119531,0.23587676740838595
1.7099999999999855,-0.20249334377945358,-1.7086801167294339,0.23918170791129836,2.05696478564716,0.20249334377945358,1.7086801167294339,-0.23918170791129836,-2.05696478564716,0.0,0.0,-,0.002482703465272375,0.1826599041276884,0.0034385427701163532,0.25703228805534784
1.7149999999999854,-0.21124260356215024,-1.7775803232835585,0.2497308041362823,2.145518141707504,0.21124260356215024,1.7775803232835585,-0.2497308041362823,-2.145518141707504,0.0,0.0,-,0.002705820653070949,0.19845886315631248,0.0037503701427891176,0.2800485285373274
1.7199999999999853,-0.22034266445341788,-1.8485773883184557,0.2607331756339666,2.2375879933049787,0.22034266445341788,1.8485773883184557,-0.2607331756339666,-2.2375879933049787,0.0,0.0,-,0.0029485751019631013,0.21554505495932352,0.004090279087169975,0.3050825286762399
1.7249999999999852,-0.22980605342072363,-1.923769712161671,0.27220650267255103,2.333068518523171,0.22980605342072363,1.923769712161671,-0.27220650267255103,-2.333068518523171,0.0,0.0,-,0.003212629212907138,0.23404950448647613,0.004460760987656074,0.3322985722368589
1.729999999999985,-0.23964346242319517,-1.996878050822683,0.28416916787469554,2.432679900483173,0.23964346242319517,1.996878050822683,-0.28416916787469554,-2.432679900483173,0.0,0.0,-,0.0034997741583180186,0.2539871142357627,0.00486452156750905,0.36188822972793233
1.734999999999985,-0.2498643212185393,-2.0759725656980157,0.2966400460674876,2.535686305027916,0.2498643212185393,2.0759725656980157,-0.2966400460674876,-2.535686305027916,0.0,0.0,-,0.003811935053408019,0.27553542470341624,0.005304498152163647,0.39403675491546225
1.739999999999985,-0.26047407497798664,-2.152827969234392,0.30963891727261555,2.643029732221913,0.26047407497798664,2.152827969234392,-0.30963891727261555,-2.643029732221913,0.0,0.0,-,0.004151168772086201,0.29870876602900515,0.005783879447612425,0.4289647857425067
1.7449999999999848,-0.27148589750900476,-2.2356293640171114,0.3231851584448866,2.753931462307842,0.27148589750900476,2.2356293640171114,-0.3231851584448866,-2.753931462307842,0.0,0.0,-,0.004519691734817542,0.32369895929528236,0.006306122680807646,0.4668854782379509
1.7499999999999847,-0.2829039526463303,-2.3157903580231674,0.33729946065930105,2.869365719124814,0.2829039526463303,2.3157903580231674,-0.33729946065930105,-2.869365719124814,0.0,0.0,-,0.004919864966932119,0.35051338420684713,0.006874977311612911,0.5080517763883934
1.7549999999999846,-0.2947422109102352,-2.4016593674956224,0.352001841602711,2.988529443099688,0.2947422109102352,2.4016593674956224,-0.352001841602711,-2.988529443099688,0.0,0.0,-,0.005354229821393377,0.3793532227942439,0.007494503794071398,0.5527083175497611
1.7599999999999845,-0.3070051900632521,-2.4867061596657245,0.36731357804673925,3.1121290920154983,0.3070051900632521,2.4867061596657245,-0.36731357804673925,-3.1121290920154983,0.0,0.0,-,0.005825490755022235,0.4102717604168405,0.008169100117158873,0.6011350549766061
1.7649999999999844,-0.3196965971975073,-2.5727844348224482,0.3832561786298915,3.2400253502879823,0.3196965971975073,2.5727844348224482,-0.3832561786298915,-3.2400253502879823,0.0,0.0,-,0.0063365203263205504,0.4433678591571631,0.008903526609448794,0.6536238763291489
1.7699999999999843,-0.3328207999095751,-2.6596255454543947,0.3998512950277822,3.3722731969272886,0.3328207999095751,2.6596255454543947,-0.3998512950277822,-3.3722731969272886,0.0,0.0,-,0.006890368750582786,0.4787358993673303,0.00970293190012575,0.7104850089027186
1.7749999999999841,-0.3463806987990896,-2.7469192034874164,0.41712082487630076,3.5089178280078963,0.3463806987990896,2.7469192034874164,-0.41712082487630076,-3.5089178280078963,0.0,0.0,-,0.007490266693085501,0.5164637249197692,0.01057288081285316,0.7720475305212755
1.779999999999984,-0.3603775096996056,-2.8343102314353317,0.43508685998456453,3.6499937185189015,0.3603775096996056,2.8343102314353317,-0.43508685998456453,-3.6499937185189015,0.0,0.0,-,0.008139626440571934,0.5566302973598634,0.01151938369150928,0.8386598012474112
1.784999999999984,-0.3748105292118618,-2.921395230146555,0.45377163014819993,3.7955237733477456,0.3748105292118618,2.921395230146555,-0.45377163014819993,-3.7955237733477456,0.0,0.0,-,0.008842041104612298,0.5993030478134777,0.012548927153146032,0.9106898048176493
1.7899999999999838,-0.3896768838167698,-3.0077193354818608,0.4731974430118745,3.945518580992603,0.3896768838167698,3.0077193354818608,-0.4731974430118745,-3.945518580992603,0.0,0.0,-,0.009601281473518023,0.6445349258186339,0.01366850625351089,0.988525389182437
1.7949999999999837,-0.40497126321467836,-3.092773132190503,0.4933866206024735,4.099975806358131,0.40497126321467836,3.092773132190503,-0.4933866206024735,-4.099975806358131,0.0,0.0,-,0.010421290093666467,0.6923611540546302,0.01488565804045851,1.0725743972460453
1.7999999999999836,-0.4206856388987492,-3.1759897996994644,0.5143614333447881,4.258879761767626,0.4206856388987492,3.1759897996994644,-0.5143614333447881,-4.258879761767626,0.0,0.0,-,0.011306172127544692,0.7427957100936043,0.016208496461021005,1.1632646813720127
