t_s,theta_rad,dtheta_rad_s,psi_rad,dpsi_rad_s,error_theta,error_dtheta,error_psi,error_dpsi,u_PD_Nm,u_Nm,status_cbf,dorong_N,ISE_theta,ISE_dtheta,ISE_psi,ISE_dpsi,Kp_psi,Kd_psi,Kp_theta,Kd_theta,Kvel,Alpha_1,Alpha_2,Alpha_3
0.005,0,0,-1.5560297e-07,0,0,0,1.5560297e-07,0,-2.3340446e-06,-2.3340446e-06,OK,0,0,0,1.2106142e-16,0,15,1.5,0.02,0.04,-0.05,40,40,40
0.01,3.3424026e-05,0.0087875369,-8.6694239e-06,-0.0021993485,-3.3424026e-05,-0.0087875369,8.6694239e-06,0.0021993485,-0.0030768941,-0.0030768941,OK,0,5.5858274e-12,3.8610403e-07,3.7591562e-13,2.4185669e-08,15,1.5,0.02,0.04,-0.05,40,40,40
0.015,8.0798234e-05,0.0099440604,-1.8363004e-05,-0.0018197432,-8.0798234e-05,-0.0099440604,1.8363004e-05,0.0018197432,-0.0026056814,-0.0026056814,OK,0,3.8227601e-11,8.8052572e-07,2.0619152e-12,4.0742995e-08,15,1.5,0.02,0.04,-0.05,40,40,40
0.02,0.00013679841,0.012109114,-2.7467055e-05,-0.0017978335,-0.00013679841,-0.012109114,2.7467055e-05,0.0017978335,-0.0026216556,-0.0026216556,OK,0,1.3179662e-10,1.6136789e-06,5.8341108e-12,5.6904021e-08,15,1.5,0.02,0.04,-0.05,40,40,40
0.025,0.00020457273,0.014503656,-3.6401821e-05,-0.0018321022,-0.00020457273,-0.014503656,3.6401821e-05,0.0018321022,-0.0027099429,-0.0027099429,OK,0,3.4104664e-10,2.6654592e-06,1.2459574e-11,7.3687014e-08,15,1.5,0.02,0.04,-0.05,40,40,40
0.03,0.00028440709,0.016974384,-4.5674111e-05,-0.0018684308,-0.00028440709,-0.016974384,4.5674111e-05,0.0018684308,-0.0028030943,-0.0028030943,OK,0,7.454836e-10,4.1061078e-06,2.2890196e-11,9.1142182e-08,15,1.5,0.02,0.04,-0.05,40,40,40
0.035,0.00037654845,0.019485969,-5.5283922e-05,-0.001896956,-0.00037654845,-0.019485969,5.5283922e-05,0.001896956,-0.0028877231,-0.0028877231,OK,0,1.4544273e-09,6.0046228e-06,3.8171756e-11,1.0913439e-07,15,1.5,0.02,0.04,-0.05,40,40,40
0.04,0.00048174541,0.022036393,-6.4640332e-05,-0.0019190616,-0.00048174541,-0.022036393,6.4640332e-05,0.0019190616,-0.0029571067,-0.0029571067,OK,0,2.6148205e-09,8.4326359e-06,5.9063618e-11,1.2754838e-07,15,1.5,0.02,0.04,-0.05,40,40,40
0.045,0.0005996391,0.024642655,-7.4334263e-05,-0.0019423513,-0.0005996391,-0.024642655,7.4334263e-05,0.0019423513,-0.0030308419,-0.0030308419,OK,0,4.4126557e-09,1.1468938e-05,8.6691531e-11,1.4641202e-07,15,1.5,0.02,0.04,-0.05,40,40,40
0.05,0.00073074542,0.02730016,-8.4112314e-05,-0.0019647405,-0.00073074542,-0.02730016,8.4112314e-05,0.0019647405,-0.0031021741,-0.0031021741,OK,0,7.0826e-09,1.5195432e-05,1.2206594e-10,1.6571305e-07,15,1.5,0.02,0.04,-0.05,40,40,40
0.055,0.00087543515,0.030018265,-9.3890366e-05,-0.001989114,-0.00087543515,-0.030018265,9.3890366e-05,0.001989114,-0.0031737872,-0.0031737872,OK,0,1.0914534e-08,1.9700913e-05,1.6614294e-10,1.8549592e-07,15,1.5,0.02,0.04,-0.05,40,40,40
0.06,0.0010336302,0.032805491,-0.00010409006,-0.0020175656,-0.0010336302,-0.032805491,0.00010409006,0.0020175656,-0.003254807,-0.003254807,OK,0,1.625649e-08,2.5081914e-05,2.2031664e-10,2.0584877e-07,15,1.5,0.02,0.04,-0.05,40,40,40
0.065,0.0012061867,0.035659476,-0.00011420528,-0.0020474762,-0.0012061867,-0.035659476,0.00011420528,0.0020474762,-0.0033337908,-0.0033337908,OK,0,2.3530922e-08,3.1439905e-05,2.8553087e-10,2.2680957e-07,15,1.5,0.02,0.04,-0.05,40,40,40
0.07,0.0013934204,0.038595738,-0.00012432051,-0.0020832075,-0.0013934204,-0.038595738,0.00012432051,0.0020832075,-0.0034179209,-0.0034179209,OK,0,3.3239023e-08,3.8888061e-05,3.6280882e-10,2.4850833e-07,15,1.5,0.02,0.04,-0.05,40,40,40
0.075,0.0015950869,0.041599243,-0.00013511009,-0.0021199771,-0.0015950869,-0.041599243,0.00013511009,0.0021199771,-0.0035107454,-0.0035107454,OK,0,4.5960535e-08,4.7540546e-05,4.540825e-10,2.7097985e-07,15,1.5,0.02,0.04,-0.05,40,40,40
0.08,0.001801083,0.040866949,-0.00014294955,-0.0012060184,-0.001801083,-0.040866949,0.00014294955,0.0012060184,-0.0022825713,-0.0022825713,OK,0,6.2180034e-08,5.5891083e-05,5.5625537e-10,2.7825225e-07,15,1.5,0.02,0.04,-0.05,40,40,40
0.085,0.0020088879,0.041999982,-0.00014825988,-0.0010263798,-0.0020088879,-0.041999982,0.00014825988,0.0010263798,-0.0020432908,-0.0020432908,OK,0,8.2358187e-08,6.4711076e-05,6.6616032e-10,2.8351953e-07,15,1.5,0.02,0.04,-0.05,40,40,40
0.09,0.0022236459,0.043697135,-0.00015365466,-0.0010418967,-0.0022236459,-0.043697135,0.00015365466,0.0010418967,-0.0020753066,-0.0020753066,OK,0,1.0708119e-07,7.4258274e-05,7.842091e-10,2.8894727e-07,15,1.5,0.02,0.04,-0.05,40,40,40
0.095,0.0024478193,0.045576847,-0.0001588812,-0.0010967856,-0.0024478193,-0.045576847,0.0001588812,0.0010967856,-0.0021563662,-0.0021563662,OK,0,1.3704029e-07,8.4644519e-05,9.1042528e-10,2.9496196e-07,15,1.5,0.02,0.04,-0.05,40,40,40
0.1,0.0026817812,0.047577154,-0.00016436011,-0.0011655721,-0.0026817812,-0.047577154,0.00016436011,0.0011655721,-0.002257038,-0.002257038,OK,0,1.7300004e-07,9.5962446e-05,1.0454965e-09,3.0175476e-07,15,1.5,0.02,0.04,-0.05,40,40,40
0.105,0.0029258756,0.049696384,-0.00017042924,-0.0012437553,-0.0029258756,-0.049696384,0.00017042924,0.0012437553,-0.0023756987,-0.0023756987,OK,0,2.1580378e-07,0.0001083111,1.1907271e-09,3.0948939e-07,15,1.5,0.02,0.04,-0.05,40,40,40
0.11,0.0031808504,0.051898356,-0.00017683555,-0.0013175324,-0.0031808504,-0.051898356,0.00017683555,0.0013175324,-0.0024892806,-0.0024892806,OK,0,2.6639283e-07,0.0001217783,1.3470812e-09,3.1816885e-07,15,1.5,0.02,0.04,-0.05,40,40,40
0.115,0.003447158,0.054217656,-0.00018366316,-0.0013970554,-0.003447158,-0.054217656,0.00018366316,0.0013970554,-0.002612881,-0.002612881,OK,0,3.2580732e-07,0.00013647607,1.515742e-09,3.2792767e-07,15,1.5,0.02,0.04,-0.05,40,40,40
0.12,0.0037253708,0.056643992,-0.00019091274,-0.0014802146,-0.0037253708,-0.056643992,0.00019091274,0.0014802146,-0.0027437459,-0.0027437459,OK,0,3.9519926e-07,0.00015251878,1.6979803e-09,3.3888285e-07,15,1.5,0.02,0.04,-0.05,40,40,40
0.125,0.0040157848,0.059184383,-0.00019883633,-0.0015632902,-0.0040157848,-0.059184383,0.00019883633,0.0015632902,-0.0028797892,-0.0028797892,OK,0,4.758319e-07,0.00017003273,1.8956598e-09,3.5110223e-07,15,1.5,0.02,0.04,-0.05,40,40,40
0.13,0.0043197554,0.061843886,-0.00020667579,-0.0016479354,-0.0043197554,-0.061843886,0.00020667579,0.0016479354,-0.0030118895,-0.0030118895,OK,0,5.6913333e-07,0.00018915606,2.1092342e-09,3.6468068e-07,15,1.5,0.02,0.04,-0.05,40,40,40
0.135,0.0046373801,0.06463944,-0.00021502068,-0.0017416344,-0.0046373801,-0.06463944,0.00021502068,0.0017416344,-0.0031594367,-0.0031594367,OK,0,6.766598e-07,0.00021004735,2.3404037e-09,3.7984713e-07,15,1.5,0.02,0.04,-0.05,40,40,40
0.14,0.0049692323,0.067564065,-0.00022395613,-0.0018368816,-0.0049692323,-0.067564065,0.00022395613,0.0018368816,-0.0033127171,-0.0033127171,OK,0,8.0012615e-07,0.00023287186,2.5911854e-09,3.967178e-07,15,1.5,0.02,0.04,-0.05,40,40,40
0.145,0.0053161039,0.070629621,-0.00023339667,-0.001934998,-0.0053161039,-0.070629621,0.00023339667,0.001934998,-0.0034719401,-0.0034719401,OK,0,9.4143095e-07,0.00025781458,2.8635554e-09,4.1543889e-07,15,1.5,0.02,0.04,-0.05,40,40,40
0.15,0.0056785694,0.073838803,-0.00024351223,-0.0020384383,-0.0056785694,-0.073838803,0.00024351223,0.0020384383,-0.0036432173,-0.0036432173,OK,0,1.1026617e-06,0.00028507542,3.1600465e-09,4.3621504e-07,15,1.5,0.02,0.04,-0.05,40,40,40
0.155,0.0060576791,0.077193909,-0.00025396462,-0.0021421405,-0.0060576791,-0.077193909,0.00025396462,0.0021421405,-0.0038137701,-0.0038137701,OK,0,1.2861391e-06,0.00031486992,3.4825366e-09,4.5915887e-07,15,1.5,0.02,0.04,-0.05,40,40,40
0.16,0.0064541654,0.080713406,-0.00026483832,-0.0022521842,-0.0064541654,-0.080713406,0.00026483832,0.0022521842,-0.0039932315,-0.0039932315,OK,0,1.4944203e-06,0.00034744319,3.8332333e-09,4.8452054e-07,15,1.5,0.02,0.04,-0.05,40,40,40
0.165,0.0068684702,0.084402571,-0.00027655529,-0.0023682802,-0.0068684702,-0.084402571,0.00027655529,0.0023682802,-0.0041872773,-0.0041872773,OK,0,1.7302998e-06,0.00038306216,4.2156474e-09,5.1256429e-07,15,1.5,0.02,0.04,-0.05,40,40,40
0.17,0.0073019655,0.08825696,-0.00028869355,-0.0024885013,-0.0073019655,-0.08825696,0.00028869355,0.0024885013,-0.0043868376,-0.0043868376,OK,0,1.9968933e-06,0.00042200862,4.6323673e-09,5.4352749e-07,15,1.5,0.02,0.04,-0.05,40,40,40
0.175,0.0077552118,0.092295874,-0.00030142204,-0.0026120329,-0.0077552118,-0.092295874,0.00030142204,0.0026120329,-0.0045924407,-0.0045924407,OK,0,2.2976098e-06,0.00046460126,5.0866435e-09,5.7764107e-07,15,1.5,0.02,0.04,-0.05,40,40,40
0.18,0.0082291895,0.096529524,-0.00031482455,-0.0027422299,-0.0082291895,-0.096529524,0.00031482455,0.0027422299,-0.0048099483,-0.0048099483,OK,0,2.6362076e-06,0.000511191,5.582216e-09,6.1524019e-07,15,1.5,0.02,0.04,-0.05,40,40,40
0.185,0.0087249173,0.10096331,-0.00032890173,-0.0028779803,-0.0087249173,-0.10096331,0.00032890173,0.0028779803,-0.0050374657,-0.0050374657,OK,0,3.0168285e-06,0.00056215895,6.1230977e-09,6.5665404e-07,15,1.5,0.02,0.04,-0.05,40,40,40
0.19,0.0092436522,0.10560854,-0.00034348467,-0.0030242528,-0.0092436522,-0.10560854,0.00034348467,0.0030242528,-0.0052794345,-0.0052794345,OK,0,3.444054e-06,0.00061792477,6.7130063e-09,7.0238457e-07,15,1.5,0.02,0.04,-0.05,40,40,40
0.195,0.0097858563,0.11044885,-0.00035907881,-0.003167155,-0.0097858563,-0.11044885,0.00035907881,0.003167155,-0.0055232436,-0.0055232436,OK,0,3.922869e-06,0.00067891951,7.3576942e-09,7.5253892e-07,15,1.5,0.02,0.04,-0.05,40,40,40
0.2,0.010352928,0.11553684,-0.0003755162,-0.0033222094,-0.010352928,-0.11553684,0.0003755162,0.0033222094,-0.0057875251,-0.0057875251,OK,0,4.4587845e-06,0.00074566331,8.0627563e-09,8.077243e-07,15,1.5,0.02,0.04,-0.05,40,40,40
0.205,0.010917405,0.10636917,-0.00038512566,0.00014487672,-0.010917405,-0.10636917,0.00038512566,-0.00014487672,-0.0010864551,-0.0010864551,OK,0,5.0547332e-06,0.00080223531,8.8043652e-09,8.0782925e-07,15,1.5,0.02,0.04,-0.05,40,40,40
0.21,0.011414897,0.094981232,-0.0003753476,0.0031462654,-0.011414897,-0.094981232,0.0003753476,-0.0031462654,0.0031167313,0.0031167313,OK,0,5.7062326e-06,0.00084734248,9.5087943e-09,8.5732418e-07,15,1.5,0.02,0.04,-0.05,40,40,40
0.215,0.011875137,0.090130068,-0.00035815172,0.0035996565,-0.011875137,-0.090130068,0.00035815172,-0.0035996565,0.0038699143,0.0038699143,OK,0,6.411327e-06,0.00088795963,1.0150158e-08,9.2211181e-07,15,1.5,0.02,0.04,-0.05,40,40,40
0.22,0.012315583,0.086779743,-0.00034036563,0.0035068956,-0.012315583,-0.086779743,0.00034036563,-0.0035068956,0.0038723604,0.0038723604,OK,0,7.1696949e-06,0.00092561325,1.0729401e-08,9.8360339e-07,15,1.5,0.02,0.04,-0.05,40,40,40
0.225,0.012740596,0.083887459,-0.00032342246,0.0033063889,-0.012740596,-0.083887459,0.00032342246,-0.0033063889,0.0037185566,0.0037185566,OK,0,7.9813089e-06,0.00096079878,1.1252412e-08,1.0382644e-06,15,1.5,0.02,0.04,-0.05,40,40,40
0.23,0.013151754,0.081210035,-0.00030757528,0.0030897697,-0.013151754,-0.081210035,0.00030757528,-0.0030897697,0.0035324619,0.0035324619,OK,0,8.8461521e-06,0.00099377413,1.1725425e-08,1.0859978e-06,15,1.5,0.02,0.04,-0.05,40,40,40
0.235,0.013550052,0.07868772,-0.00029273962,0.0028788155,-0.013550052,-0.07868772,0.00029273962,-0.0028788155,0.0033456388,0.0033456388,OK,0,9.7641716e-06,0.0010247329,1.2153907e-08,1.1274357e-06,15,1.5,0.02,0.04,-0.05,40,40,40
0.24,0.013936303,0.076255699,-0.0002787469,0.0026742085,-0.013936303,-0.076255699,0.0002787469,-0.0026742085,0.0031590633,0.0031590633,OK,0,1.0735274e-05,0.0010538076,1.2542406e-08,1.1631927e-06,15,1.5,0.02,0.04,-0.05,40,40,40
0.245,0.014310706,0.074046457,-0.00026610287,0.0024846496,-0.014310706,-0.074046457,0.00026610287,-0.0024846496,0.0029835037,0.0029835037,OK,0,1.1759256e-05,0.001081222,1.289646e-08,1.1940601e-06,15,1.5,0.02,0.04,-0.05,40,40,40
0.25,0.014674478,0.071924771,-0.00025413319,0.0023023208,-0.014674478,-0.071924771,0.00025413319,-0.0023023208,0.0028119637,0.0028119637,OK,0,1.2835957e-05,0.0011070878,1.3219378e-08,1.2205635e-06,15,1.5,0.02,0.04,-0.05,40,40,40
0.255,0.015027909,0.069931746,-0.00024317503,0.0021282202,-0.015027909,-0.069931746,0.00024317503,-0.0021282202,0.0026425328,0.0026425328,OK,0,1.3965148e-05,0.0011315401,1.3515049e-08,1.2432101e-06,15,1.5,0.02,0.04,-0.05,40,40,40
0.26,0.015371828,0.068060189,-0.00023297502,0.0019634682,-0.015371828,-0.068060189,0.00023297502,-0.0019634682,0.0024804211,0.0024804211,OK,0,1.5146613e-05,0.001154701,1.3786436e-08,1.2624861e-06,15,1.5,0.02,0.04,-0.05,40,40,40
0.265,0.015706726,0.066314438,-0.00022361894,0.0018024286,-0.015706726,-0.066314438,0.00022361894,-0.0018024286,0.0023160709,0.0023160709,OK,0,1.6380119e-05,0.001176689,1.4036463e-08,1.2787299e-06,15,1.5,0.02,0.04,-0.05,40,40,40
0.27,0.016033358,0.064666119,-0.00021485208,0.0016572944,-0.016033358,-0.064666119,0.00021485208,-0.0016572944,0.0021704723,0.0021704723,OK,0,1.7665462e-05,0.0011975976,1.426727e-08,1.292463e-06,15,1.5,0.02,0.04,-0.05,40,40,40
0.275,0.016352056,0.063152714,-0.00020692849,0.0015120307,-0.016352056,-0.063152714,0.00020692849,-0.0015120307,0.0020172683,0.0020172683,OK,0,1.9002411e-05,0.0012175389,1.4481367e-08,1.3038942e-06,15,1.5,0.02,0.04,-0.05,40,40,40
0.28,0.016663381,0.061749444,-0.00019984783,0.0013747012,-0.016663381,-0.061749444,0.00019984783,-0.0013747012,0.0018675797,0.0018675797,OK,0,2.0390752e-05,0.0012366039,1.4681063e-08,1.3133432e-06,15,1.5,0.02,0.04,-0.05,40,40,40
0.285,0.016968343,0.060454211,-0.00019310435,0.0012449096,-0.016968343,-0.060454211,0.00019310435,-0.0012449096,0.0017283344,0.0017283344,OK,0,2.1830375e-05,0.0012548774,1.4867509e-08,1.3210922e-06,15,1.5,0.02,0.04,-0.05,40,40,40
0.29,0.01726681,0.059271563,-0.00018737206,0.0011163206,-0.01726681,-0.059271563,0.00018737206,-0.0011163206,0.0015800987,0.0015800987,OK,0,2.3321089e-05,0.001272443,1.504305e-08,1.3273231e-06,15,1.5,0.02,0.04,-0.05,40,40,40
0.295,0.017559592,0.058187474,-0.00018231478,0.00099873021,-0.017559592,-0.058187474,0.00018231478,-0.00099873021,0.0014420644,0.0014420644,OK,0,2.4862785e-05,0.0012893719,1.5209244e-08,1.3323104e-06,15,1.5,0.02,0.04,-0.05,40,40,40
0.3,0.017847596,0.057209983,-0.00017750988,0.00088605846,-0.017847596,-0.057209983,0.00017750988,-0.00088605846,0.0013117907,0.0013117907,OK,0,2.6455469e-05,0.0013057368,1.5366793e-08,1.3362359e-06,15,1.5,0.02,0.04,-0.05,40,40,40
0.305,0.018130896,0.0563018,-0.00017337967,0.00077258931,-0.018130896,-0.0563018,0.00017337967,-0.00077258931,0.0011728789,0.0011728789,OK,0,2.8099116e-05,0.0013215863,1.5517095e-08,1.3392203e-06,15,1.5,0.02,0.04,-0.05,40,40,40
0.31,0.018410236,0.055573472,-0.00016975488,0.00066957866,-0.018410236,-0.055573472,0.00016975488,-0.00066957866,0.0010491884,0.0010491884,OK,0,2.97938e-05,0.0013370284,1.5661179e-08,1.341462e-06,15,1.5,0.02,0.04,-0.05,40,40,40
0.315,0.018685988,0.054916414,-0.00016672031,0.00056516996,-0.018685988,-0.054916414,0.00016672031,-0.00056516996,0.00091732657,0.00091732657,OK,0,3.153963e-05,0.0013521074,1.5800157e-08,1.3430591e-06,15,1.5,0.02,0.04,-0.05,40,40,40
0.32,0.018958929,0.054361306,-0.00016402292,0.00046326964,-0.018958929,-0.054361306,0.00016402292,-0.00046326964,0.00078819148,0.00078819148,OK,0,3.3336835e-05,0.0013668832,1.5934675e-08,1.3441322e-06,15,1.5,0.02,0.04,-0.05,40,40,40
0.325,0.019229061,0.053898102,-0.00016208434,0.00036872444,-0.019229061,-0.053898102,0.00016208434,-0.00036872444,0.00066232688,0.00066232688,OK,0,3.5185619e-05,0.0013814082,1.6066031e-08,1.344812e-06,15,1.5,0.02,0.04,-0.05,40,40,40
0.33,0.019497377,0.053540714,-0.00016048259,0.00027553529,-0.019497377,-0.053540714,0.00016048259,-0.00027553529,0.00053764019,0.00053764019,OK,0,3.7086358e-05,0.0013957412,1.6194805e-08,1.3451916e-06,15,1.5,0.02,0.04,-0.05,40,40,40
0.335,0.019764258,0.05328481,-0.00015930248,0.00018318916,-0.019764258,-0.05328481,0.00015930248,-0.00018318916,0.00041192408,0.00041192408,OK,0,3.9039487e-05,0.0014099376,1.6321691e-08,1.3453594e-06,15,1.5,0.02,0.04,-0.05,40,40,40
0.34,0.020029843,0.053128066,-0.00015888118,9.4845786e-05,-0.020029843,-0.053128066,0.00015888118,-9.4845786e-05,0.00028477044,0.00028477044,OK,0,4.1045461e-05,0.0014240506,1.6447907e-08,1.3454044e-06,15,1.5,0.02,0.04,-0.05,40,40,40
0.345,0.020295371,0.053067478,-0.00015845955,9.1158008e-06,-0.020295371,-0.053067478,0.00015845955,-9.1158008e-06,0.00016538707,0.00016538707,OK,0,4.3104971e-05,0.0014381313,1.6573454e-08,1.3454048e-06,15,1.5,0.02,0.04,-0.05,40,40,40
0.35,0.020560586,0.0531149,-0.00015879672,-7.6165605e-05,-0.020560586,-0.0531149,0.00015879672,7.6165605e-05,3.9608532e-05,3.9608532e-05,OK,0,4.5218659e-05,0.0014522373,1.6699536e-08,1.3454338e-06,15,1.5,0.02,0.04,-0.05,40,40,40
0.355,0.020826695,0.053265042,-0.00015913389,-0.00016059111,-0.020826695,-0.053265042,0.00015913389,0.00016059111,-8.0759479e-05,-8.0759479e-05,OK,0,4.7387416e-05,0.0014664231,1.6826154e-08,1.3455627e-06,15,1.5,0.02,0.04,-0.05,40,40,40
0.36,0.021093487,0.053513849,-0.000160314,-0.00024286694,-0.021093487,-0.053513849,0.000160314,0.00024286694,-0.00020658673,-0.00020658673,OK,0,4.9612092e-05,0.0014807418,1.6954657e-08,1.3458576e-06,15,1.5,0.02,0.04,-0.05,40,40,40
0.365,0.021362095,0.053867577,-0.0001616627,-0.00032525819,-0.021362095,-0.053867577,0.0001616627,0.00032525819,-0.00033088275,-0.00033088275,OK,0,5.1893787e-05,0.0014952504,1.7085331e-08,1.3463866e-06,15,1.5,0.02,0.04,-0.05,40,40,40
0.37,0.021632687,0.054326481,-0.00016351715,-0.00040702122,-0.021632687,-0.054326481,0.00016351715,0.00040702122,-0.00045757617,-0.00045757617,OK,0,5.4233653e-05,0.0015100072,1.7219021e-08,1.3472149e-06,15,1.5,0.02,0.04,-0.05,40,40,40
0.375,0.021905924,0.054892265,-0.00016570878,-0.0004880841,-0.021905924,-0.054892265,0.00016570878,0.0004880841,-0.00058394883,-0.00058394883,OK,0,5.6633e-05,0.001525073,1.7356318e-08,1.3484061e-06,15,1.5,0.02,0.04,-0.05,40,40,40
0.38,0.022182222,0.055560345,-0.00016840618,-0.00056780923,-0.022182222,-0.055560345,0.00016840618,0.00056780923,-0.00071174828,-0.00071174828,OK,0,5.9093255e-05,0.0015405078,1.7498121e-08,1.3500181e-06,15,1.5,0.02,0.04,-0.05,40,40,40
0.385,0.022462263,0.056340077,-0.00017144074,-0.0006482357,-0.022462263,-0.056340077,0.00017144074,0.0006482357,-0.00084111634,-0.00084111634,OK,0,6.1616022e-05,0.0015563788,1.7645081e-08,1.3521192e-06,15,1.5,0.02,0.04,-0.05,40,40,40
0.39,0.022746395,0.057218396,-0.00017498107,-0.00072945544,-0.022746395,-0.057218396,0.00017498107,0.00072945544,-0.00097523548,-0.00097523548,OK,0,6.4203014e-05,0.0015727485,1.7798172e-08,1.3547797e-06,15,1.5,0.02,0.04,-0.05,40,40,40
0.395,0.023035351,0.058231655,-0.00017885891,-0.00080880209,-0.023035351,-0.058231655,0.00017885891,0.00080880209,-0.0011061135,-0.0011061135,OK,0,6.6856151e-05,0.0015897031,1.7958125e-08,1.3580505e-06,15,1.5,0.02,0.04,-0.05,40,40,40
0.4,0.023329878,0.059351238,-0.00018298912,-0.00089095532,-0.023329878,-0.059351238,0.00018298912,0.00089095532,-0.0012406227,-0.0012406227,OK,0,6.9577567e-05,0.001607316,1.812555e-08,1.3620195e-06,15,1.5,0.02,0.04,-0.05,40,40,40
0.405,0.023630078,0.060567145,-0.00018779368,-0.0009758935,-0.023630078,-0.060567145,0.00018779368,0.0009758935,-0.0013854581,-0.0013854581,OK,0,7.236947e-05,0.0016256579,1.8301882e-08,1.3667813e-06,15,1.5,0.02,0.04,-0.05,40,40,40
0.41,0.023937027,0.061892361,-0.00019276716,-0.0010587644,-0.023937027,-0.061892361,0.00019276716,0.0010587644,-0.0015252191,-0.0015252191,OK,0,7.5234376e-05,0.0016448112,1.8487678e-08,1.3723862e-06,15,1.5,0.02,0.04,-0.05,40,40,40
0.415,0.024250812,0.063420025,-0.00019849912,-0.0011398283,-0.024250812,-0.063420025,0.00019849912,0.0011398283,-0.001665412,-0.001665412,OK,0,7.8174886e-05,0.0016649217,1.8684688e-08,1.3788823e-06,15,1.5,0.02,0.04,-0.05,40,40,40
0.42,0.024570991,0.064169794,-0.00020380978,-0.0010131878,-0.024570991,-0.064169794,0.00020380978,0.0010131878,-0.0015187168,-0.0015187168,OK,0,8.1193554e-05,0.0016855105,1.889238e-08,1.384015e-06,15,1.5,0.02,0.04,-0.05,40,40,40
0.425,0.02489368,0.064850447,-0.00020861434,-0.00090163655,-0.02489368,-0.064850447,0.00020861434,0.00090163655,-0.0013897785,-0.0013897785,OK,0,8.429203e-05,0.0017065384,1.910998e-08,1.3880798e-06,15,1.5,0.02,0.04,-0.05,40,40,40
0.43,0.025219844,0.065393629,-0.00021274489,-0.0007754345,-0.025219844,-0.065393629,0.00021274489,0.0007754345,-0.001234183,-0.001234183,OK,0,8.7472233e-05,0.00172792,1.9336282e-08,1.3910863e-06,15,1.5,0.02,0.04,-0.05,40,40,40
0.435,0.025549154,0.066279124,-0.00021679098,-0.00077900049,-0.025549154,-0.066279124,0.00021679098,0.00077900049,-0.0012582173,-0.0012582173,OK,0,9.0736029e-05,0.0017498847,1.9571273e-08,1.3941205e-06,15,1.5,0.02,0.04,-0.05,40,40,40
0.44,0.025884118,0.067446302,-0.00022066848,-0.00084880583,-0.025884118,-0.067446302,0.00022066848,0.00084880583,-0.0013677014,-0.0013677014,OK,0,9.4085967e-05,0.0017726297,1.9814746e-08,1.3977228e-06,15,1.5,0.02,0.04,-0.05,40,40,40
0.445,0.026225225,0.068778617,-0.00022513587,-0.00093708115,-0.026225225,-0.068778617,0.00022513587,0.00093708115,-0.0015070105,-0.0015070105,OK,0,9.7524779e-05,0.0017962822,2.0068177e-08,1.4021134e-06,15,1.5,0.02,0.04,-0.05,40,40,40
0.45,0.026573351,0.07018947,-0.00023002489,-0.0010239632,-0.026573351,-0.07018947,0.00023002489,0.0010239632,-0.0016472724,-0.0016472724,OK,0,0.00010105549,0.001820915,2.0332734e-08,1.4073559e-06,15,1.5,0.02,0.04,-0.05,40,40,40
0.455,0.026924156,0.070206731,-0.00023423956,-0.00072813049,-0.026924156,-0.070206731,0.00023423956,0.00072813049,-0.0012590369,-0.0012590369,OK,0,0.00010468005,0.0018455599,2.0607075e-08,1.4100068e-06,15,1.5,0.02,0.04,-0.05,40,40,40
0.46,0.027277856,0.071162062,-0.00023794881,-0.00074866903,-0.027277856,-0.071162062,0.00023794881,0.00074866903,-0.0013001961,-0.0013001961,OK,0,0.00010840045,0.0018708801,2.0890173e-08,1.4128093e-06,15,1.5,0.02,0.04,-0.05,40,40,40
0.465,0.027637426,0.072432181,-0.00024182631,-0.00084005926,-0.027637426,-0.072432181,0.00024182631,0.00084005926,-0.0014374477,-0.0014374477,OK,0,0.00011221959,0.0018971122,2.1182573e-08,1.4163378e-06,15,1.5,0.02,0.04,-0.05,40,40,40
0.47,0.028003734,0.073887001,-0.00024637782,-0.00094872708,-0.028003734,-0.073887001,0.00024637782,0.00094872708,-0.0016032033,-0.0016032033,OK,0,0.00011614063,0.0019244086,2.1486083e-08,1.4208383e-06,15,1.5,0.02,0.04,-0.05,40,40,40
0.475,0.028377803,0.075493327,-0.00025143543,-0.0010603186,-0.028377803,-0.075493327,0.00025143543,0.0010603186,-0.0017747203,-0.0017747203,OK,0,0.00012016713,0.0019529049,2.1802182e-08,1.4264596e-06,15,1.5,0.02,0.04,-0.05,40,40,40
0.48,0.028760338,0.077252969,-0.00025708359,-0.0011737928,-0.028760338,-0.077252969,0.00025708359,0.0011737928,-0.0019516175,-0.0019516175,OK,0,0.00012430292,0.001982745,2.2132642e-08,1.4333486e-06,15,1.5,0.02,0.04,-0.05,40,40,40
0.485,0.02915219,0.079164177,-0.00026323685,-0.001288647,-0.02915219,-0.079164177,0.00026323685,0.001288647,-0.0021319123,-0.0021319123,OK,0,0.00012855217,0.0020140798,2.247911e-08,1.4416516e-06,15,1.5,0.02,0.04,-0.05,40,40,40
0.49,0.029553973,0.081235754,-0.00027006446,-0.0014054522,-0.029553973,-0.081235754,0.00027006446,0.0014054522,-0.0023186355,-0.0023186355,OK,0,0.00013291936,0.002047076,2.2843784e-08,1.4515281e-06,15,1.5,0.02,0.04,-0.05,40,40,40
0.495,0.029966934,0.083468079,-0.00027714511,-0.0015234845,-0.029966934,-0.083468079,0.00027714511,0.0015234845,-0.0025043415,-0.0025043415,OK,0,0.00013740944,0.0020819106,2.3227831e-08,1.4631331e-06,15,1.5,0.02,0.04,-0.05,40,40,40
0.5,0.030391251,0.085875455,-0.00028515315,-0.0016463807,-0.030391251,-0.085875455,0.00028515315,0.0016463807,-0.0027040251,-0.0027040251,OK,0,0.00014202758,0.0021187836,2.3634393e-08,1.476686e-06,15,1.5,0.02,0.04,-0.05,40,40,40
0.505,0.030828121,0.088449105,-0.00029375109,-0.0017695289,-0.030828121,-0.088449105,0.00029375109,0.0017695289,-0.0029060331,-0.0029060331,OK,0,0.00014677945,0.0021578998,2.4065841e-08,1.4923421e-06,15,1.5,0.02,0.04,-0.05,40,40,40
0.51,0.031278504,0.091200071,-0.00030285478,-0.0018951204,-0.031278504,-0.091200071,0.00030285478,0.0018951204,-0.0031119294,-0.0031119294,OK,0,0.00015167117,0.0021994871,2.4524446e-08,1.5102996e-06,15,1.5,0.02,0.04,-0.05,40,40,40
0.515,0.031742993,0.094138591,-0.00031280142,-0.002024671,-0.031742993,-0.094138591,0.00031280142,0.002024671,-0.0033286243,-0.0033286243,OK,0,0.00015670926,0.0022437975,2.501367e-08,1.530796e-06,15,1.5,0.02,0.04,-0.05,40,40,40
0.52,0.032223038,0.097262509,-0.00032308522,-0.0021561115,-0.032223038,-0.097262509,0.00032308522,0.0021561115,-0.0035454845,-0.0035454845,OK,0,0.00016190088,0.0022910974,2.553559e-08,1.5540401e-06,15,1.5,0.02,0.04,-0.05,40,40,40
0.525,0.03271897,0.10059073,-0.00033438087,-0.0022935433,-0.03271897,-0.10059073,0.00033438087,0.0022935433,-0.0037780195,-0.0037780195,OK,0,0.00016725354,0.0023416899,2.6094643e-08,1.5803418e-06,15,1.5,0.02,0.04,-0.05,40,40,40
0.53,0.033232304,0.10411575,-0.00034618196,-0.0024326416,-0.033232304,-0.10411575,0.00034618196,0.0024326416,-0.0040124156,-0.0040124156,OK,0,0.00017277547,0.0023958904,2.6693853e-08,1.6099305e-06,15,1.5,0.02,0.04,-0.05,40,40,40
0.535,0.03376386,0.10785635,-0.00035874153,-0.0025770222,-0.03376386,-0.10785635,0.00035874153,0.0025770222,-0.0042571251,-0.0042571251,OK,0,0.00017847546,0.0024540553,2.733733e-08,1.6431357e-06,15,1.5,0.02,0.04,-0.05,40,40,40
0.54,0.034314829,0.1118165,-0.00037197576,-0.0027259565,-0.034314829,-0.1118165,0.00037197576,0.0027259565,-0.0045096148,-0.0045096148,OK,0,0.00018436299,0.00251657,2.802916e-08,1.6802899e-06,15,1.5,0.02,0.04,-0.05,40,40,40
0.545,0.034886274,0.11600385,-0.00038596848,-0.0028804637,-0.034886274,-0.11600385,0.00038596848,0.0028804637,-0.0047723432,-0.0047723432,OK,0,0.00019044825,0.0025838544,2.8774019e-08,1.7217753e-06,15,1.5,0.02,0.04,-0.05,40,40,40
0.55,0.035479135,0.12042985,-0.00040097272,-0.003040216,-0.035479135,-0.12042985,0.00040097272,0.003040216,-0.0050481383,-0.0050481383,OK,0,0.0001967421,0.0026563712,2.9577914e-08,1.7679899e-06,15,1.5,0.02,0.04,-0.05,40,40,40
0.555,0.036095228,0.12509741,-0.00041639859,-0.0032038115,-0.036095228,-0.12509741,0.00041639859,0.0032038115,-0.0053258951,-0.0053258951,OK,0,0.00020325643,0.002734618,3.0444853e-08,1.8193119e-06,15,1.5,0.02,0.04,-0.05,40,40,40
0.56,0.036735101,0.13002844,-0.00043300457,-0.0033764905,-0.036735101,-0.13002844,0.00043300457,0.0033764905,-0.0056239647,-0.0056239647,OK,0,0.00021000377,0.002819155,3.1382318e-08,1.8763153e-06,15,1.5,0.02,0.04,-0.05,40,40,40
0.565,0.037400592,0.13521768,-0.00045028457,-0.0035533774,-0.037400592,-0.13521768,0.00045028457,0.0035533774,-0.0059276157,-0.0059276157,OK,0,0.00021699779,0.0029105741,3.2396099e-08,1.9394478e-06,15,1.5,0.02,0.04,-0.05,40,40,40
0.57,0.038092673,0.14068885,-0.00046866087,-0.0037381571,-0.038092673,-0.14068885,0.00046866087,0.0037381571,-0.0062477411,-0.0062477411,OK,0,0.00022425305,0.0030095408,3.3494314e-08,2.0093169e-06,15,1.5,0.02,0.04,-0.05,40,40,40
0.575,0.03881305,0.14644539,-0.00048787978,-0.0039288747,-0.03881305,-0.14644539,0.00048787978,0.0039288747,-0.0065774322,-0.0065774322,OK,0,0.00023178531,0.0031167721,3.4684447e-08,2.0864972e-06,15,1.5,0.02,0.04,-0.05,40,40,40
0.58,0.03956332,0.15250406,-0.00050785718,-0.0041278552,-0.03956332,-0.15250406,0.00050785718,0.0041278552,-0.0069182115,-0.0069182115,OK,0,0.00023961159,0.0032330595,3.5974042e-08,2.1716931e-06,15,1.5,0.02,0.04,-0.05,40,40,40
0.585,0.040296045,0.13950212,-0.00051687675,0.00050526738,-0.040296045,-0.13950212,0.00051687675,-0.00050526738,-0.00060924438,-0.00060924438,OK,0,0.00024773045,0.0033303637,3.730985e-08,2.1729696e-06,15,1.5,0.02,0.04,-0.05,40,40,40
0.59,0.040969525,0.13162812,-0.00050844739,0.0024951303,-0.040969525,-0.13162812,0.00050844739,-0.0024951303,0.0022005,0.0022005,OK,0,0.00025612296,0.0034169936,3.8602443e-08,2.204098e-06,15,1.5,0.02,0.04,-0.05,40,40,40
0.595,0.041617759,0.12844156,-0.00049538175,0.0026971881,-0.041617759,-0.12844156,0.00049538175,-0.0026971881,0.0025850735,0.0025850735,OK,0,0.00026478315,0.0034994797,3.9829459e-08,2.2404721e-06,15,1.5,0.02,0.04,-0.05,40,40,40
0.6,0.042253904,0.12645807,-0.00048223228,0.0025129704,-0.042253904,-0.12645807,0.00048223228,-0.0025129704,0.0024393723,0.0024393723,OK,0,0.00027371011,0.0035794379,4.0992199e-08,2.2720472e-06,15,1.5,0.02,0.04,-0.05,40,40,40
0.605,0.04288154,0.12492472,-0.00047017784,0.0022509535,-0.04288154,-0.12492472,0.00047017784,-0.0022509535,0.0021783821,0.0021783821,OK,0,0.00028290424,0.0036574689,4.2097535e-08,2.2973811e-06,15,1.5,0.02,0.04,-0.05,40,40,40
0.61,0.043501997,0.12366714,-0.0004598099,0.0019790148,-0.043501997,-0.12366714,0.0004598099,-0.0019790148,0.0018880992,0.0018880992,OK,0,0.00029236636,0.0037339367,4.315466e-08,2.3169636e-06,15,1.5,0.02,0.04,-0.05,40,40,40
0.615,0.044116675,0.12263887,-0.00045095925,0.001715313,-0.044116675,-0.12263887,0.00045095925,-0.001715313,0.0015964692,0.0015964692,OK,0,0.00030209777,0.0038091381,4.4171482e-08,2.3316751e-06,15,1.5,0.02,0.04,-0.05,40,40,40
0.62,0.044727496,0.12183329,-0.00044278263,0.0014615551,-0.044727496,-0.12183329,0.00044278263,-0.0014615551,0.0013184749,0.0013184749,OK,0,0.00031210051,0.0038833549,4.5151764e-08,2.3423559e-06,15,1.5,0.02,0.04,-0.05,40,40,40
0.625,0.045334675,0.12127762,-0.00043620775,0.0012108938,-0.045334675,-0.12127762,0.00043620775,-0.0012108938,0.0010310229,0.0010310229,OK,0,0.00032237667,0.0039568962,4.610315e-08,2.3496872e-06,15,1.5,0.02,0.04,-0.05,40,40,40
0.63,0.045939723,0.12092098,-0.00043081297,0.00096798752,-0.045939723,-0.12092098,0.00043081297,-0.00096798752,0.00074542038,0.00074542038,OK,0,0.00033292896,0.0040300056,4.7031149e-08,2.3543722e-06,15,1.5,0.02,0.04,-0.05,40,40,40
0.635,0.046543645,0.12080002,-0.00042668244,0.00073303931,-0.046543645,-0.12080002,0.00042668244,-0.00073303931,0.00046219596,0.00046219596,OK,0,0.00034376052,0.0041029688,4.7941439e-08,2.3570589e-06,15,1.5,0.02,0.04,-0.05,40,40,40
0.64,0.047147703,0.12090583,-0.00042364788,0.00050402683,-0.047147703,-0.12090583,0.00042364788,-0.00050402683,0.00018050912,0.00018050912,OK,0,0.00035487505,0.0041760599,4.8838826e-08,2.3583291e-06,15,1.5,0.02,0.04,-0.05,40,40,40
0.645,0.047753095,0.12124107,-0.00042162485,0.00027954398,-0.047753095,-0.12124107,0.00042162485,-0.00027954398,-0.0001003522,-0.0001003522,OK,0,0.00036627684,0.0042495569,4.9727664e-08,2.3587198e-06,15,1.5,0.02,0.04,-0.05,40,40,40
0.65,0.048360798,0.12181004,-0.00042078192,5.836059e-05,-0.048360798,-0.12181004,0.00042078192,-5.836059e-05,-0.00038457027,-0.00038457027,OK,0,0.00037797067,0.0043237454,5.0612951e-08,2.3587369e-06,15,1.5,0.02,0.04,-0.05,40,40,40
0.655,0.04897195,0.12261042,-0.00042111911,-0.00015872106,-0.04897195,-0.12261042,0.00042111911,0.00015872106,-0.00067101247,-0.00067101247,OK,0,0.00038996193,0.0043989119,5.1499657e-08,2.3588628e-06,15,1.5,0.02,0.04,-0.05,40,40,40
0.66,0.04958786,0.12363961,-0.00042246781,-0.00037197881,-0.04958786,-0.12363961,0.00042246781,0.00037197881,-0.00095764364,-0.00095764364,OK,0,0.00040225671,0.0044753457,5.2392053e-08,2.3595547e-06,15,1.5,0.02,0.04,-0.05,40,40,40
0.665,0.050209617,0.12491637,-0.00042491249,-0.00058243869,-0.050209617,-0.12491637,0.00042491249,0.00058243869,-0.0012464981,-0.0012464981,OK,0,0.00041486174,0.0045533662,5.3294806e-08,2.3612509e-06,15,1.5,0.02,0.04,-0.05,40,40,40
0.67,0.050838334,0.12643099,-0.00042853696,-0.00079138791,-0.050838334,-0.12643099,0.00042853696,0.00079138791,-0.00154113,-0.00154113,OK,0,0.00042778442,0.0046332902,5.4213025e-08,2.3643823e-06,15,1.5,0.02,0.04,-0.05,40,40,40
0.675,0.051475622,0.12818802,-0.00043292024,-0.00099762274,-0.051475622,-0.12818802,0.00043292024,0.00099762274,-0.0018332046,-0.0018332046,OK,0,0.00044103312,0.004715451,5.5150125e-08,2.3693586e-06,15,1.5,0.02,0.04,-0.05,40,40,40
0.68,0.052122306,0.13020067,-0.00043848362,-0.0012052455,-0.052122306,-0.13020067,0.00043848362,0.0012052455,-0.0021346495,-0.0021346495,OK,0,0.00045461679,0.0048002121,5.6111464e-08,2.3766217e-06,15,1.5,0.02,0.04,-0.05,40,40,40
0.685,0.052779825,0.1324664,-0.00044505852,-0.0014118266,-0.052779825,-0.1324664,0.00044505852,0.0014118266,-0.0024393653,-0.0024393653,OK,0,0.00046854534,0.0048879488,5.710185e-08,2.3865879e-06,15,1.5,0.02,0.04,-0.05,40,40,40
0.69,0.053449483,0.13499261,-0.00045264495,-0.0016187708,-0.053449483,-0.13499261,0.00045264495,0.0016187708,-0.0027491365,-0.0027491365,OK,0,0.00048282958,0.0049790638,5.8126287e-08,2.39969e-06,15,1.5,0.02,0.04,-0.05,40,40,40
0.695,0.054132584,0.13778568,-0.00046124289,-0.0018268068,-0.054132584,-0.13778568,0.00046124289,0.0018268068,-0.0030647745,-0.0030647745,OK,0,0.00049748126,0.0050739883,5.9190012e-08,2.4163761e-06,15,1.5,0.02,0.04,-0.05,40,40,40
0.7,0.054826581,0.13938567,-0.00047017833,-0.0016749415,-0.054826581,-0.13938567,0.00047017833,0.0016749415,-0.0028931289,-0.0028931289,OK,0,0.00051251103,0.0051711301,6.0295351e-08,2.4304033e-06,15,1.5,0.02,0.04,-0.05,40,40,40
0.705,0.055529999,0.14154036,-0.00047827021,-0.0016959535,-0.055529999,-0.14154036,0.00047827021,0.0016959535,-0.0029457692,-0.0029457692,OK,0,0.00052792894,0.0052712985,6.1439062e-08,2.4447846e-06,15,1.5,0.02,0.04,-0.05,40,40,40
0.71,0.056241342,0.14262653,-0.0004863627,-0.0014406015,-0.056241342,-0.14262653,0.0004863627,0.0014406015,-0.0026264546,-0.0026264546,OK,0,0.00054374438,0.0053730101,6.2621806e-08,2.4551613e-06,15,1.5,0.02,0.04,-0.05,40,40,40
0.715,0.056959935,0.14447917,-0.00049335892,-0.0014481259,-0.056959935,-0.14447917,0.00049335892,0.0014481259,-0.0026542072,-0.0026542072,OK,0,0.00055996655,0.0054773813,6.3838821e-08,2.4656466e-06,15,1.5,0.02,0.04,-0.05,40,40,40
0.72,0.057689706,0.14705347,-0.00050111393,-0.0016326369,-0.057689706,-0.14705347,0.00050111393,0.0016326369,-0.0029297313,-0.0029297313,OK,0,0.00057660706,0.0055855049,6.5094397e-08,2.4789741e-06,15,1.5,0.02,0.04,-0.05,40,40,40
0.725,0.058433513,0.15004945,-0.00050988046,-0.0018498474,-0.058433513,-0.15004945,0.00050988046,0.0018498474,-0.0032523297,-0.0032523297,OK,0,0.00059367944,0.0056980791,6.6394287e-08,2.4960838e-06,15,1.5,0.02,0.04,-0.05,40,40,40
0.73,0.059192806,0.15328387,-0.000519996,-0.0020866336,-0.059192806,-0.15328387,0.000519996,0.0020866336,-0.0036146797,-0.0036146797,OK,0,0.00061119838,0.0058155588,6.7746266e-08,2.517854e-06,15,1.5,0.02,0.04,-0.05,40,40,40
0.735,0.059969838,0.15684998,-0.00053078558,-0.0023147622,-0.059969838,-0.15684998,0.00053078558,0.0023147622,-0.0039605312,-0.0039605312,OK,0,0.00062918029,0.0059385684,6.9154933e-08,2.5446446e-06,15,1.5,0.02,0.04,-0.05,40,40,40
0.74,0.060765315,0.16074707,-0.00054317659,-0.0025553112,-0.060765315,-0.16074707,0.00054317659,0.0025553112,-0.0043354264,-0.0043354264,OK,0,0.0006476424,0.0060677665,7.0630137e-08,2.5772927e-06,15,1.5,0.02,0.04,-0.05,40,40,40
0.745,0.061581607,0.16495757,-0.00055632638,-0.0027942561,-0.061581607,-0.16495757,0.00055632638,0.0027942561,-0.0047063449,-0.0047063449,OK,0,0.00066660388,0.0062038215,7.2177632e-08,2.616332e-06,15,1.5,0.02,0.04,-0.05,40,40,40
0.75,0.062419484,0.16951298,-0.00057116236,-0.0030420369,-0.062419484,-0.16951298,0.00057116236,0.0030420369,-0.0051015819,-0.0051015819,OK,0,0.00068608484,0.0063474948,7.3808765e-08,2.662602e-06,15,1.5,0.02,0.04,-0.05,40,40,40
0.755,0.063281365,0.174385,-0.0005869251,-0.0032841767,-0.063281365,-0.174385,0.0005869251,0.0032841767,-0.0054891142,-0.0054891142,OK,0,0.00070610749,0.0064995454,7.553117e-08,2.716531e-06,15,1.5,0.02,0.04,-0.05,40,40,40
0.76,0.064168616,0.17962282,-0.00060403685,-0.0035404399,-0.064168616,-0.17962282,0.00060403685,0.0035404399,-0.0059029274,-0.0059029274,OK,0,0.00072669555,0.0066608672,7.7355473e-08,2.7792046e-06,15,1.5,0.02,0.04,-0.05,40,40,40
0.765,0.065083325,0.18522693,-0.00062224426,-0.0038022409,-0.065083325,-0.18522693,0.00062224426,0.0038022409,-0.0063262814,-0.0063262814,OK,0,0.00074787474,0.0068324123,7.9291412e-08,2.8514898e-06,15,1.5,0.02,0.04,-0.05,40,40,40
0.77,0.065953805,0.16694263,-0.00062384598,0.0020161461,-0.065953805,-0.16694263,0.00062384598,-0.0020161461,0.0016633106,0.0016633106,OK,0,0.00076962427,0.0069717615,8.1237331e-08,2.871814e-06,15,1.5,0.02,0.04,-0.05,40,40,40
0.775,0.066770544,0.16105508,-0.00061078033,0.0029778118,-0.066770544,-0.16105508,0.00061078033,-0.0029778118,0.003082627,0.003082627,OK,0,0.00079191579,0.0071014552,8.3102594e-08,2.9161508e-06,15,1.5,0.02,0.04,-0.05,40,40,40
0.78,0.067566484,0.15803814,-0.00059594466,0.0029169998,-0.067566484,-0.15803814,0.00059594466,-0.0029169998,0.0031091851,0.0031091851,OK,0,0.00081474194,0.0072263354,8.4878344e-08,2.9586953e-06,15,1.5,0.02,0.04,-0.05,40,40,40
0.785,0.068349785,0.15587747,-0.00058220496,0.0026368292,-0.068349785,-0.15587747,0.00058220496,-0.0026368292,0.0028242638,0.0028242638,OK,0,0.00083810041,0.0073478244,8.6573157e-08,2.9934596e-06,15,1.5,0.02,0.04,-0.05,40,40,40
0.79,0.069123582,0.1541227,-0.00056989779,0.0023208547,-0.069123582,-0.1541227,0.00056989779,-0.0023208547,0.0024801948,0.0024801948,OK,0,0.00086199076,0.0074665934,8.8197075e-08,3.0203915e-06,15,1.5,0.02,0.04,-0.05,40,40,40
0.795,0.06988978,0.1526809,-0.00055893963,0.0020050692,-0.06988978,-0.1526809,0.00055893963,-0.0020050692,0.0021285408,0.0021285408,OK,0,0.00088641366,0.0075831507,8.9759142e-08,3.040493e-06,15,1.5,0.02,0.04,-0.05,40,40,40
0.8,0.070649449,0.15153598,-0.00054975147,0.0016931332,-0.070649449,-0.15153598,0.00054975147,-0.0016931332,0.0017678558,0.0017678558,OK,0,0.00091137039,0.0076979664,9.1270276e-08,3.0548265e-06,15,1.5,0.02,0.04,-0.05,40,40,40
0.805,0.071403945,0.15065998,-0.00054233363,0.0013961705,-0.071403945,-0.15065998,0.00054233363,-0.0013961705,0.0014137292,0.0014137292,OK,0,0.000936863,0.0078114586,9.2740905e-08,3.0645729e-06,15,1.5,0.02,0.04,-0.05,40,40,40
0.81,0.072155172,0.15007037,-0.00053609591,0.0011049765,-0.072155172,-0.15007037,0.00053609591,-0.0011049765,0.0010619443,0.0010619443,OK,0,0.00096289485,0.0079240642,9.4177899e-08,3.0706778e-06,15,1.5,0.02,0.04,-0.05,40,40,40
0.815,0.072904149,0.14975803,-0.00053145991,0.00082420464,-0.072904149,-0.14975803,0.00053145991,-0.00082420464,0.00071281242,0.00071281242,OK,0,0.00098946992,0.0080362015,9.5590147e-08,3.0740744e-06,15,1.5,0.02,0.04,-0.05,40,40,40
0.82,0.073652646,0.14973376,-0.00052800372,0.00054746942,-0.073652646,-0.14973376,0.00052800372,-0.00054746942,0.00036355186,0.00036355186,OK,0,0.0010165935,0.0081483025,9.6984087e-08,3.075573e-06,15,1.5,0.02,0.04,-0.05,40,40,40
0.825,0.074401814,0.14999162,-0.00052589653,0.0002773585,-0.074401814,-0.14999162,0.00052589653,-0.0002773585,1.529081e-05,1.529081e-05,OK,0,0.0010442716,0.0082607899,9.8366922e-08,3.0759576e-06,15,1.5,0.02,0.04,-0.05,40,40,40
0.83,0.075151247,0.14961184,-0.00052471641,0.00024173368,-0.075151247,-0.14961184,0.00052471641,-0.00024173368,-2.0647259e-05,-2.0647259e-05,OK,0,0.0010725102,0.0083727084,9.9743559e-08,3.0762498e-06,15,1.5,0.02,0.04,-0.05,40,40,40
0.835,0.0758978,0.14927937,-0.00052378902,0.00020241926,-0.0758978,-0.14927937,0.00052378902,-0.00020241926,-6.4075519e-05,-6.4075519e-05,OK,0,0.0011013126,0.0084841301,1.0111533e-07,3.0764547e-06,15,1.5,0.02,0.04,-0.05,40,40,40
0.84,0.076637889,0.14722653,-0.00052134466,0.00061410888,-0.076637889,-0.14722653,0.00052134466,-0.00061410888,0.00052281248,0.00052281248,OK,0,0.0011306794,0.0085925083,1.0247433e-07,3.0783403e-06,15,1.5,0.02,0.04,-0.05,40,40,40
0.845,0.077372476,0.14675803,-0.00051839423,0.000492856,-0.077372476,-0.14675803,0.00051839423,-0.000492856,0.00038114117,0.00038114117,OK,0,0.0011606119,0.0087001979,1.03818e-07,3.0795548e-06,15,1.5,0.02,0.04,-0.05,40,40,40
0.85,0.078105835,0.14685467,-0.00051696139,0.00026158493,-0.078105835,-0.14685467,0.00051696139,-0.00026158493,7.426027e-05,7.426027e-05,OK,0,0.0011911145,0.0088080294,1.0515424e-07,3.079897e-06,15,1.5,0.02,0.04,-0.05,40,40,40
0.855,0.078841279,0.14728144,-0.00051611845,1.4992099e-05,-0.078841279,-0.14728144,0.00051611845,-1.4992099e-05,-0.00025120544,-0.00025120544,OK,0,0.0012221942,0.0089164885,1.0648613e-07,3.0798981e-06,15,1.5,0.02,0.04,-0.05,40,40,40
0.86,0.079579758,0.14801442,-0.00051653976,-0.00023716476,-0.079579758,-0.14801442,0.00051653976,0.00023716476,-0.00059167153,-0.00059167153,OK,0,0.0012538589,0.0090260299,1.078202e-07,3.0801793e-06,15,1.5,0.02,0.04,-0.05,40,40,40
0.865,0.080322421,0.14903643,-0.00051856281,-0.00048760428,-0.080322421,-0.14903643,0.00051856281,0.00048760428,-0.000941943,-0.000941943,OK,0,0.0012861174,0.0091370892,1.0916474e-07,3.0813681e-06,15,1.5,0.02,0.04,-0.05,40,40,40
0.87,0.081071173,0.15033919,-0.00052168182,-0.00073241375,-0.081071173,-0.15033919,0.00052168182,0.00073241375,-0.0012888568,-0.0012888568,OK,0,0.0013189801,0.0092500985,1.105255e-07,3.0840503e-06,15,1.5,0.02,0.04,-0.05,40,40,40
0.875,0.081827436,0.15193472,-0.0005258965,-0.00097562272,-0.081827436,-0.15193472,0.0005258965,0.00097562272,-0.0016379439,-0.0016379439,OK,0,0.0013524587,0.0093655193,1.1190833e-07,3.0888095e-06,15,1.5,0.02,0.04,-0.05,40,40,40
0.88,0.082592433,0.15382864,-0.00053145988,-0.0012184548,-0.082592433,-0.15382864,0.00053145988,0.0012184548,-0.001994586,-0.001994586,OK,0,0.0013865663,0.0094838356,1.1332058e-07,3.0962326e-06,15,1.5,0.02,0.04,-0.05,40,40,40
0.885,0.083367732,0.15602046,-0.0005382875,-0.0014594231,-0.083367732,-0.15602046,0.0005382875,0.0014594231,-0.0023552743,-0.0023552743,OK,0,0.0014213171,0.0096055475,1.1476935e-07,3.1068822e-06,15,1.5,0.02,0.04,-0.05,40,40,40
0.89,0.08415517,0.15851623,-0.00054604251,-0.0016994487,-0.08415517,-0.15851623,0.00054604251,0.0016994487,-0.0027160582,-0.0027160582,OK,0,0.0014567276,0.0097311845,1.1626016e-07,3.1213228e-06,15,1.5,0.02,0.04,-0.05,40,40,40
0.895,0.084955723,0.16132927,-0.00055531481,-0.0019421251,-0.084955723,-0.16132927,0.00055531481,0.0019421251,-0.0030906246,-0.0030906246,OK,0,0.001492815,0.0098613201,1.1780203e-07,3.1401821e-06,15,1.5,0.02,0.04,-0.05,40,40,40
0.9,0.085771469,0.16445498,-0.00056559863,-0.0021835795,-0.085771469,-0.16445498,0.00056559863,0.0021835795,-0.0034657201,-0.0034657201,OK,0,0.0015295987,0.0099965473,1.1940154e-07,3.1640222e-06,15,1.5,0.02,0.04,-0.05,40,40,40
0.905,0.086603687,0.16790935,-0.00057723145,-0.0024279816,-0.086603687,-0.16790935,0.00057723145,0.0024279816,-0.0038519963,-0.0038519963,OK,0,0.0015670997,0.010137515,1.2106752e-07,3.1934977e-06,15,1.5,0.02,0.04,-0.05,40,40,40
0.91,0.087449136,0.16668338,-0.00058886396,-0.0014335715,-0.087449136,-0.16668338,0.00058886396,0.0014335715,-0.0025669988,-0.0025669988,OK,0,0.0016053365,0.010276432,1.2280133e-07,3.2037733e-06,15,1.5,0.02,0.04,-0.05,40,40,40
0.915,0.088230014,0.14916978,-0.00058119309,0.0033721923,-0.088230014,-0.14916978,0.00058119309,-0.0033721923,0.0040717836,0.0040717836,OK,0,0.0016442591,0.01038769,1.2449025e-07,3.2606317e-06,15,1.5,0.02,0.04,-0.05,40,40,40
0.92,0.088953466,0.14191683,-0.00056222719,0.0041620687,-0.088953466,-0.14191683,0.00056222719,-0.0041620687,0.005265438,0.005265438,OK,0,0.0016838227,0.010488392,1.2607075e-07,3.3472458e-06,15,1.5,0.02,0.04,-0.05,40,40,40
0.925,0.089648409,0.13710385,-0.00054149066,0.0040849509,-0.089648409,-0.13710385,0.00054149066,-0.0040849509,0.0052821885,0.0052821885,OK,0,0.0017240069,0.010582379,1.2753681e-07,3.4306799e-06,15,1.5,0.02,0.04,-0.05,40,40,40
0.93,0.090321426,0.13302571,-0.00052176596,0.0038250096,-0.090321426,-0.13302571,0.00052176596,-0.0038250096,0.0050384821,0.0050384821,OK,0,0.0017647967,0.010670858,1.2889801e-07,3.5038334e-06,15,1.5,0.02,0.04,-0.05,40,40,40
0.935,0.090975038,0.1292898,-0.0005034741,0.0035371895,-0.090975038,-0.1292898,0.0005034741,-0.0035371895,0.0047447655,0.0047447655,OK,0,0.001806179,0.010754438,1.3016544e-07,3.5663919e-06,15,1.5,0.02,0.04,-0.05,40,40,40
0.94,0.09161081,0.12580572,-0.00048653125,0.0032547119,-0.09161081,-0.12580572,0.00048653125,-0.0032547119,0.0044485441,0.0044485441,OK,0,0.0018481417,0.010833573,1.31349e-07,3.6193577e-06,15,1.5,0.02,0.04,-0.05,40,40,40
0.945,0.092229724,0.12255218,-0.00047110537,0.0029831172,-0.092229724,-0.12255218,0.00047110537,-0.0029831172,0.0041547768,0.0041547768,OK,0,0.0018906733,0.010908668,1.3245871e-07,3.6638526e-06,15,1.5,0.02,0.04,-0.05,40,40,40
0.95,0.092833084,0.11951612,-0.00045694406,0.0027248103,-0.092833084,-0.11951612,0.00045694406,-0.0027248103,0.0038703611,0.0038703611,OK,0,0.0019337632,0.010980089,1.335027e-07,3.7009756e-06,15,1.5,0.02,0.04,-0.05,40,40,40
0.955,0.093421995,0.11669545,-0.00044396285,0.0024779628,-0.093421995,-0.11669545,0.00044396285,-0.0024779628,0.0035937593,0.0035937593,OK,0,0.0019774016,0.011048178,1.3448821e-07,3.7316771e-06,15,1.5,0.02,0.04,-0.05,40,40,40
0.96,0.093997553,0.11408697,-0.0004320773,0.002241371,-0.093997553,-0.11408697,0.0004320773,-0.002241371,0.0033243268,0.0033243268,OK,0,0.0020215793,0.011113257,1.3542166e-07,3.7567958e-06,15,1.5,0.02,0.04,-0.05,40,40,40
0.965,0.094560593,0.11168765,-0.00042145631,0.0020139429,-0.094560593,-0.11168765,0.00042145631,-0.0020139429,0.0030577873,0.0030577873,OK,0,0.0020662878,0.011175628,1.3630979e-07,3.7770756e-06,15,1.5,0.02,0.04,-0.05,40,40,40
0.97,0.095112257,0.10948942,-0.00041193099,0.0017967918,-0.095112257,-0.10948942,0.00041193099,-0.0017967918,0.0027980448,0.0027980448,OK,0,0.0021115195,0.011235567,1.3715823e-07,3.7932179e-06,15,1.5,0.02,0.04,-0.05,40,40,40
0.975,0.095653581,0.10749083,-0.00040341718,0.0015885358,-0.095653581,-0.10749083,0.00040341718,-0.0015885358,0.0025442508,0.0025442508,OK,0,0.0021572675,0.011293339,1.3797195e-07,3.8058352e-06,15,1.5,0.02,0.04,-0.05,40,40,40
0.98,0.09618518,0.10569025,-0.00039625239,0.0013880346,-0.09618518,-0.10569025,0.00039625239,-0.0013880346,0.0022895797,0.0022895797,OK,0,0.0022035255,0.011349191,1.3875703e-07,3.8154684e-06,15,1.5,0.02,0.04,-0.05,40,40,40
0.985,0.09670864,0.10407731,-0.00038976195,0.0011978339,-0.09670864,-0.10407731,0.00038976195,-0.0011978339,0.0020475868,0.0020475868,OK,0,0.0022502883,0.011403351,1.3951661e-07,3.8226424e-06,15,1.5,0.02,0.04,-0.05,40,40,40
0.99,0.097224558,0.10266198,-0.00038428271,0.0010124404,-0.097224558,-0.10266198,0.00038428271,-0.0010124404,0.0018053901,0.0018053901,OK,0,0.0022975514,0.011456049,1.4025497e-07,3.8277676e-06,15,1.5,0.02,0.04,-0.05,40,40,40
0.995,0.097734037,0.10143684,-0.00037964641,0.00083353121,-0.097734037,-0.10143684,0.00037964641,-0.00083353121,0.0015677551,0.0015677551,OK,0,0.0023453111,0.011507496,1.4097563e-07,3.8312415e-06,15,1.5,0.02,0.04,-0.05,40,40,40
1,0.098237748,0.10040229,-0.00037610609,0.00065979934,-0.098237748,-0.10040229,0.00037610609,-0.00065979934,0.0013289543,0.0013289543,OK,0,0.0023935644,0.011557899,1.4168291e-07,3.8334181e-06,15,1.5,0.02,0.04,-0.05,40,40,40
1.005,0.098736825,0.099205754,-0.00037298739,0.00058910869,-0.098736825,-0.099205754,0.00037298739,-0.00058910869,0.0012318188,0.0012318188,OK,0,0.0024423092,0.011607108,1.4237851e-07,3.8351534e-06,15,1.5,0.02,0.04,-0.05,40,40,40
1.01,0.099224895,0.09666782,-0.00036927848,0.00086678056,-0.099224895,-0.09666782,0.00036927848,-0.00086678056,0.0016122043,0.0016122043,OK,0,0.0024915371,0.011653831,1.4306034e-07,3.8389099e-06,15,1.5,0.02,0.04,-0.05,40,40,40
1.015,0.099703646,0.095164443,-0.00036497935,0.00080321578,-0.099703646,-0.095164443,0.00036497935,-0.00080321578,0.001530784,0.001530784,OK,0,0.0025412411,0.011699113,1.4372639e-07,3.8421357e-06,15,1.5,0.02,0.04,-0.05,40,40,40
1.02,0.10017558,0.09393908,-0.00036127045,0.00068651772,-0.10017558,-0.09393908,0.00036127045,-0.00068651772,0.0013717946,0.0013717946,OK,0,0.0025914169,0.011743235,1.4437897e-07,3.8444922e-06,15,1.5,0.02,0.04,-0.05,40,40,40
1.025,0.10063671,0.091115813,-0.0003567186,0.0010102311,-0.10063671,-0.091115813,0.0003567186,-0.0010102311,0.0018219343,0.0018219343,OK,0,0.0026420556,0.011784746,1.4501521e-07,3.8495951e-06,15,1.5,0.02,0.04,-0.05,40,40,40
1.03,0.10108668,0.089408465,-0.00035208262,0.00095523602,-0.10108668,-0.089408465,0.00035208262,-0.00095523602,0.0017496869,0.0017496869,OK,0,0.0026931482,0.011824715,1.4563502e-07,3.8541574e-06,15,1.5,0.02,0.04,-0.05,40,40,40
1.035,0.10152964,0.088067273,-0.00034753078,0.00082662701,-0.10152964,-0.088067273,0.00034753078,-0.00082662701,0.0015802625,0.0015802625,OK,0,0.0027446895,0.011863494,1.4623891e-07,3.857574e-06,15,1.5,0.02,0.04,-0.05,40,40,40
1.04,0.10196636,0.086936144,-0.00034382187,0.00068086126,-0.10196636,-0.086936144,0.00034382187,-0.00068086126,0.0013807367,0.0013807367,OK,0,0.0027966752,0.011901284,1.4682998e-07,3.8598919e-06,15,1.5,0.02,0.04,-0.05,40,40,40
1.045,0.10239783,0.085977472,-0.0003409559,0.00053755192,-0.10239783,-0.085977472,0.0003409559,-0.00053755192,0.0011790448,0.0011790448,OK,0,0.0028491018,0.011938245,1.4741123e-07,3.8613367e-06,15,1.5,0.02,0.04,-0.05,40,40,40
1.05,0.10282527,0.085179903,-0.00033851123,0.00039859769,-0.10282527,-0.085179903,0.00033851123,-0.00039859769,0.00098392962,0.00098392962,OK,0,0.002901967,0.011974523,1.4798418e-07,3.8621311e-06,15,1.5,0.02,0.04,-0.05,40,40,40
1.055,0.10324917,0.084548905,-0.00033682537,0.0002610218,-0.10324917,-0.084548905,0.00033682537,-0.0002610218,0.00078609175,0.00078609175,OK,0,0.0029552689,0.012010265,1.4855144e-07,3.8624717e-06,15,1.5,0.02,0.04,-0.05,40,40,40
1.06,0.10367047,0.084077515,-0.0003357294,0.00012698975,-0.10367047,-0.084077515,0.0003357294,-0.00012698975,0.00059105367,0.00059105367,OK,0,0.0030090068,0.01204561,1.4911501e-07,3.8625524e-06,15,1.5,0.02,0.04,-0.05,40,40,40
1.065,0.10408947,0.083767487,-0.00033572973,-4.7146661e-06,-0.10408947,-0.083767487,0.00033572973,4.7146661e-06,0.00038947087,0.00038947087,OK,0,0.0030631799,0.012080695,1.4967858e-07,3.8625525e-06,15,1.5,0.02,0.04,-0.05,40,40,40
1.07,0.10450784,0.083608211,-0.00033589833,-0.00013010563,-0.10450784,-0.083608211,0.00033589833,0.00013010563,0.00020085191,0.00020085191,OK,0,0.0031177893,0.012115647,1.5024272e-07,3.8626371e-06,15,1.5,0.02,0.04,-0.05,40,40,40
1.075,0.10492571,0.08361757,-0.00033690986,-0.00025665865,-0.10492571,-0.08361757,0.00033690986,0.00025665865,4.581113e-06,4.581113e-06,OK,0,0.0031728363,0.012150606,1.5081026e-07,3.8629665e-06,15,1.5,0.02,0.04,-0.05,40,40,40
1.08,0.10534396,0.083784731,-0.00033868019,-0.00038018278,-0.10534396,-0.083784731,0.00033868019,0.00038018278,-0.00019220862,-0.00019220862,OK,0,0.0032283231,0.012185706,1.5138378e-07,3.8636892e-06,15,1.5,0.02,0.04,-0.05,40,40,40
1.085,0.10576397,0.084109782,-0.00034061847,-0.00050083401,-0.10576397,-0.084109782,0.00034061847,0.00050083401,-0.00038085737,-0.00038085737,OK,0,0.0032842532,0.012221078,1.5196389e-07,3.8649434e-06,15,1.5,0.02,0.04,-0.05,40,40,40
1.09,0.10618563,0.084606851,-0.00034365337,-0.00062384255,-0.10618563,-0.084606851,0.00034365337,0.00062384255,-0.00058257777,-0.00058257777,OK,0,0.0033406301,0.01225687,1.5255438e-07,3.8668892e-06,15,1.5,0.02,0.04,-0.05,40,40,40
1.095,0.1066105,0.085259788,-0.00034702512,-0.0007425627,-0.1066105,-0.085259788,0.00034702512,0.0007425627,-0.00077661934,-0.00077661934,OK,0,0.0033974591,0.012293216,1.5315651e-07,3.8696462e-06,15,1.5,0.02,0.04,-0.05,40,40,40
1.1,0.1070389,0.086082618,-0.00035123981,-0.00086252708,-0.1070389,-0.086082618,0.00035123981,0.00086252708,-0.00097830505,-0.00097830505,OK,0,0.0034547457,0.012330267,1.5377335e-07,3.873366e-06,15,1.5,0.02,0.04,-0.05,40,40,40
1.105,0.1074725,0.087069938,-0.00035545418,-0.0009804795,-0.1074725,-0.087069938,0.00035545418,0.0009804795,-0.0011702844,-0.0011702844,OK,0,0.0035124974,0.012368173,1.5440509e-07,3.8781727e-06,15,1.5,0.02,0.04,-0.05,40,40,40
1.11,0.10791109,0.088240506,-0.00036076484,-0.0011035501,-0.10791109,-0.088240506,0.00036076484,0.0011035501,-0.0013789558,-0.0013789558,OK,0,0.0035707214,0.012407105,1.5505585e-07,3.8842618e-06,15,1.5,0.02,0.04,-0.05,40,40,40
1.115,0.10835596,0.089580434,-0.00036674986,-0.0012235368,-0.10835596,-0.089580434,0.00036674986,0.0012235368,-0.0015862165,-0.0015862165,OK,0,0.0036294265,0.012447228,1.5572838e-07,3.891747e-06,15,1.5,0.02,0.04,-0.05,40,40,40
1.12,0.1088083,0.091087081,-0.00037307172,-0.0013442432,-0.1088083,-0.091087081,0.00037307172,0.0013442432,-0.0017927915,-0.0017927915,OK,0,0.0036886227,0.012488712,1.5642429e-07,3.900782e-06,15,1.5,0.02,0.04,-0.05,40,40,40
1.125,0.10926867,0.09278216,-0.00038006826,-0.0014670962,-0.10926867,-0.09278216,0.00038006826,0.0014670962,-0.0020050084,-0.0020050084,OK,0,0.0037483209,0.012531755,1.5714655e-07,3.9115438e-06,15,1.5,0.02,0.04,-0.05,40,40,40
1.13,0.10973793,0.094662242,-0.00038782328,-0.0015916689,-0.10973793,-0.094662242,0.00038782328,0.0015916689,-0.0022236043,-0.0022236043,OK,0,0.003808533,0.01257656,1.5789858e-07,3.9242109e-06,15,1.5,0.02,0.04,-0.05,40,40,40
1.135,0.11021717,0.096728253,-0.00039616851,-0.0017169475,-0.11021717,-0.096728253,0.00039616851,0.0017169475,-0.0024444754,-0.0024444754,OK,0,0.0038692721,0.012623341,1.5868333e-07,3.9389504e-06,15,1.5,0.02,0.04,-0.05,40,40,40
1.14,0.11070738,0.09900009,-0.00040510364,-0.0018434175,-0.11070738,-0.09900009,0.00040510364,0.0018434175,-0.0026675297,-0.0026675297,OK,0,0.0039305527,0.012672347,1.5950388e-07,3.9559414e-06,15,1.5,0.02,0.04,-0.05,40,40,40
1.145,0.11120944,0.10144896,-0.00041471312,-0.0019764561,-0.11120944,-0.10144896,0.00041471312,0.0019764561,-0.0029032339,-0.0029032339,OK,0,0.0039923904,0.012723806,1.6036381e-07,3.9754733e-06,15,1.5,0.02,0.04,-0.05,40,40,40
1.15,0.11172456,0.10410872,-0.00042482836,-0.0021086132,-0.11172456,-0.10410872,0.00042482836,0.0021086132,-0.0031365053,-0.0031365053,OK,0,0.0040548023,0.012777999,1.6126621e-07,3.9977045e-06,15,1.5,0.02,0.04,-0.05,40,40,40
1.155,0.11225344,0.10698372,-0.00043578654,-0.0022462218,-0.11225344,-0.10698372,0.00043578654,0.0022462218,-0.0033817133,-0.0033817133,OK,0,0.0041178065,0.012835227,1.6221576e-07,4.0229321e-06,15,1.5,0.02,0.04,-0.05,40,40,40
1.16,0.11279753,0.11007217,-0.00044725048,-0.0023863906,-0.11279753,-0.11007217,0.00044725048,0.0023863906,-0.0036295059,-0.0036295059,OK,0,0.0041814229,0.012895806,1.6321592e-07,4.0514064e-06,15,1.5,0.02,0.04,-0.05,40,40,40
1.165,0.11335751,0.11338676,-0.00045964181,-0.0025318981,-0.11335751,-0.11338676,0.00045964181,0.0025318981,-0.0038898535,-0.0038898535,OK,0,0.0042456725,0.012960089,1.6427227e-07,4.0834589e-06,15,1.5,0.02,0.04,-0.05,40,40,40
1.17,0.11393489,0.11692715,-0.00047262303,-0.0026800844,-0.11393489,-0.11692715,0.00047262303,0.0026800844,-0.0041536884,-0.0041536884,OK,0,0.0043105783,0.013028449,1.6538914e-07,4.1193732e-06,15,1.5,0.02,0.04,-0.05,40,40,40
1.175,0.1145305,0.12070358,-0.00048653164,-0.0028341963,-0.1145305,-0.12070358,0.00048653164,0.0028341963,-0.0044305158,-0.0044305158,OK,0,0.0043761645,0.013101295,1.665727e-07,4.1595365e-06,15,1.5,0.02,0.04,-0.05,40,40,40
1.18,0.115146,0.1247268,-0.00050094571,-0.0029909357,-0.115146,-0.1247268,0.00050094571,0.0029909357,-0.0047085973,-0.0047085973,OK,0,0.0044424575,0.013179079,1.6782743e-07,4.204265e-06,15,1.5,0.02,0.04,-0.05,40,40,40
1.185,0.11578199,0.12900806,-0.00051654019,-0.003155988,-0.11578199,-0.12900806,0.00051654019,0.003155988,-0.0050061225,-0.0050061225,OK,0,0.0045094849,0.013262295,1.691615e-07,4.2540663e-06,15,1.5,0.02,0.04,-0.05,40,40,40
1.19,0.11644048,0.13354476,-0.00053264043,-0.0033237537,-0.11644048,-0.13354476,0.00053264043,0.0033237537,-0.0053046373,-0.0053046373,OK,0,0.0045772768,0.013351466,1.7058003e-07,4.309303e-06,15,1.5,0.02,0.04,-0.05,40,40,40
1.195,0.11707376,0.11895719,-0.00053744499,0.00134854,-0.11707376,-0.11895719,0.00053744499,-0.00134854,0.0010608978,0.0010608978,OK,0,0.0046458081,0.01342222,1.7202427e-07,4.3183958e-06,15,1.5,0.02,0.04,-0.05,40,40,40
1.2,0.11763953,0.10941907,-0.0005247168,0.0033780172,-0.11763953,-0.10941907,0.0005247168,-0.0033780172,0.0039258271,0.0039258271,OK,0,0.0047150034,0.013482082,1.7340091e-07,4.3754508e-06,15,1.5,0.02,0.04,-0.05,40,40,40
1.205,0.11817172,0.10454008,-0.00050709926,0.0036188444,-0.11817172,-0.10454008,0.00050709926,-0.0036188444,0.0043668154,0.0043668154,OK,0,0.0047848262,0.013536726,1.7468665e-07,4.440931e-06,15,1.5,0.02,0.04,-0.05,40,40,40
1.21,0.11868308,0.10083233,-0.0004893976,0.003474245,-0.11868308,-0.10083233,0.0004893976,-0.003474245,0.0042773585,0.0042773585,OK,0,0.0048552546,0.013587561,1.758842e-07,4.5012829e-06,15,1.5,0.02,0.04,-0.05,40,40,40
1.215,0.11917711,0.097519309,-0.000472623,0.0032544722,-0.11917711,-0.097519309,0.000472623,-0.0032544722,0.0040766778,0.0040766778,OK,0,0.0049262705,0.013635112,1.7700107e-07,4.5542408e-06,15,1.5,0.02,0.04,-0.05,40,40,40
1.22,0.11965526,0.094425233,-0.00045694438,0.0030275978,-0.11965526,-0.094425233,0.00045694438,-0.0030275978,0.0038573455,0.0038573455,OK,0,0.0049978574,0.013679692,1.7804506e-07,4.6000726e-06,15,1.5,0.02,0.04,-0.05,40,40,40
1.225,0.1201185,0.091507659,-0.00044236142,0.0028080581,-0.1201185,-0.091507659,0.00044236142,-0.0028080581,0.0036393422,0.0036393422,OK,0,0.0050699996,0.01372156,1.7902348e-07,4.6394985e-06,15,1.5,0.02,0.04,-0.05,40,40,40
1.23,0.12056762,0.088753574,-0.00042887444,0.0025985586,-0.12056762,-0.088753574,0.00042887444,-0.0025985586,0.0034262167,0.0034262167,OK,0,0.0051426824,0.013760946,1.7994314e-07,4.673261e-06,15,1.5,0.02,0.04,-0.05,40,40,40
1.235,0.12100311,0.086155863,-0.00041673615,0.0023995639,-0.12100311,-0.086155863,0.00041673615,-0.0023995639,0.0032146002,0.0032146002,OK,0,0.0052158911,0.013798061,1.8081149e-07,4.7020506e-06,15,1.5,0.02,0.04,-0.05,40,40,40
1.24,0.1214265,0.083703398,-0.00040510362,0.0022132917,-0.1214265,-0.083703398,0.00040510362,-0.0022132917,0.0030200491,0.0030200491,OK,0,0.0052896131,0.013833092,1.8163203e-07,4.7265439e-06,15,1.5,0.02,0.04,-0.05,40,40,40
1.245,0.1218381,0.081408013,-0.00039439817,0.0020328283,-0.1218381,-0.081408013,0.00039439817,-0.0020328283,0.0028263525,0.0028263525,OK,0,0.0053638357,0.013866228,1.8240978e-07,4.7472058e-06,15,1.5,0.02,0.04,-0.05,40,40,40
1.25,0.12223845,0.079259192,-0.00038478869,0.0018604027,-0.12223845,-0.079259192,0.00038478869,-0.0018604027,0.0026339104,0.0026339104,OK,0,0.0054385469,0.013897638,1.8315009e-07,4.7645113e-06,15,1.5,0.02,0.04,-0.05,40,40,40
1.255,0.12262871,0.077247748,-0.00037576911,0.0016978345,-0.12262871,-0.077247748,0.00037576911,-0.0016978345,0.0024526994,0.0024526994,OK,0,0.0055137359,0.013927474,1.8385611e-07,4.7789245e-06,15,1.5,0.02,0.04,-0.05,40,40,40
1.26,0.12300914,0.075379483,-0.00036776137,0.0015410235,-0.12300914,-0.075379483,0.00036776137,-0.0015410235,0.0022704768,0.0022704768,OK,0,0.0055893922,0.013955885,1.8453235e-07,4.7907983e-06,15,1.5,0.02,0.04,-0.05,40,40,40
1.265,0.12338062,0.073643344,-0.00036051211,0.001392769,-0.12338062,-0.073643344,0.00036051211,-0.001392769,0.0020948181,0.0020948181,OK,0,0.0056655061,0.013983001,1.8518219e-07,4.8004973e-06,15,1.5,0.02,0.04,-0.05,40,40,40
1.27,0.12374396,0.072039888,-0.00035385274,0.0012513208,-0.12374396,-0.072039888,0.00035385274,-0.0012513208,0.0019256648,0.0019256648,OK,0,0.0057420689,0.01400895,1.8580825e-07,4.8083263e-06,15,1.5,0.02,0.04,-0.05,40,40,40
1.275,0.12409954,0.070570232,-0.00034803664,0.0011148085,-0.12409954,-0.070570232,0.00034803664,-0.0011148085,0.0017564631,0.0017564631,OK,0,0.0058190724,0.014033851,1.864139e-07,4.8145403e-06,15,1.5,0.02,0.04,-0.05,40,40,40
1.28,0.12444805,0.069226826,-0.00034297902,0.00098496949,-0.12444805,-0.069226826,0.00034297902,-0.00098496949,0.001590803,0.001590803,OK,0,0.005896509,0.014057813,1.8700207e-07,4.8193912e-06,15,1.5,0.02,0.04,-0.05,40,40,40
1.285,0.1247906,0.068007898,-0.00033817411,0.00086131852,-0.1247906,-0.068007898,0.00033817411,-0.00086131852,0.001435494,0.001435494,OK,0,0.0059743724,0.014080938,1.8757388e-07,4.8231005e-06,15,1.5,0.02,0.04,-0.05,40,40,40
1.29,0.12512723,0.066922046,-0.00033421214,0.00073929366,-0.12512723,-0.066922046,0.00033421214,-0.00073929366,0.0012751847,0.0012751847,OK,0,0.0060526565,0.014103331,1.8813237e-07,4.8258333e-06,15,1.5,0.02,0.04,-0.05,40,40,40
1.295,0.12545862,0.06595663,-0.0003310093,0.00062300524,-0.12545862,-0.06595663,0.0003310093,-0.00062300524,0.0011168059,0.0011168059,OK,0,0.0061313559,0.014125082,1.8868021e-07,4.827774e-06,15,1.5,0.02,0.04,-0.05,40,40,40
1.3,0.12578594,0.065109537,-0.0003279744,0.00051242212,-0.12578594,-0.065109537,0.0003279744,-0.00051242212,0.00096911748,0.00096911748,OK,0,0.0062104664,0.014146278,1.8921804e-07,4.8290868e-06,15,1.5,0.02,0.04,-0.05,40,40,40
1.305,0.12610921,0.064391775,-0.00032569863,0.0004023203,-0.12610921,-0.064391775,0.00032569863,-0.0004023203,0.00081585625,0.00081585625,OK,0,0.0062899841,0.01416701,1.8974844e-07,4.8298962e-06,15,1.5,0.02,0.04,-0.05,40,40,40
1.31,0.12642928,0.063791796,-0.0003239283,0.00029667631,-0.12642928,-0.063791796,0.0003239283,-0.00029667631,0.00066634748,0.00066634748,OK,0,0.0063699059,0.014187357,1.9027309e-07,4.8303362e-06,15,1.5,0.02,0.04,-0.05,40,40,40
1.315,0.12674664,0.063311986,-0.00032274818,0.00019394717,-0.12674664,-0.063311986,0.00032274818,-0.00019394717,0.00051711028,0.00051711028,OK,0,0.0064502294,0.014207399,1.9079392e-07,4.8305243e-06,15,1.5,0.02,0.04,-0.05,40,40,40
1.32,0.12706195,0.06295038,-0.00032207415,9.4442214e-05,-0.12706195,-0.06295038,0.00032207415,-9.4442214e-05,0.00036980535,0.00036980535,OK,0,0.0065309531,0.014227213,1.9131258e-07,4.8305689e-06,15,1.5,0.02,0.04,-0.05,40,40,40
1.325,0.1273758,0.062708002,-0.00032190523,-2.635773e-06,-0.1273758,-0.062708002,0.00032190523,2.635773e-06,0.00022330398,0.00022330398,OK,0,0.0066120761,0.014246874,1.9183069e-07,4.8305689e-06,15,1.5,0.02,0.04,-0.05,40,40,40
1.33,0.12768877,0.062584882,-0.0003222424,-9.7586257e-05,-0.12768877,-0.062584882,0.0003222424,9.7586257e-05,7.7155298e-05,7.7155298e-05,OK,0,0.0066935982,0.014266459,1.9234989e-07,4.8306166e-06,15,1.5,0.02,0.04,-0.05,40,40,40
1.335,0.12800161,0.062581029,-0.00032291674,-0.0001906019,-0.12800161,-0.062581029,0.00032291674,0.0001906019,-6.6380611e-05,-6.6380611e-05,OK,0,0.0067755203,0.01428604,1.9287127e-07,4.8307982e-06,15,1.5,0.02,0.04,-0.05,40,40,40
1.34,0.12831476,0.062700299,-0.00032409684,-0.00028333074,-0.12831476,-0.062700299,0.00032409684,0.00028333074,-0.00021214161,-0.00021214161,OK,0,0.0068578437,0.014305697,1.9339646e-07,4.8311996e-06,15,1.5,0.02,0.04,-0.05,40,40,40
1.345,0.12862865,0.062940285,-0.0003259513,-0.00037479466,-0.12862865,-0.062940285,0.0003259513,0.00037479466,-0.00036127697,-0.00036127697,OK,0,0.0069405703,0.014325504,1.9392768e-07,4.8319019e-06,15,1.5,0.02,0.04,-0.05,40,40,40
1.35,0.12894429,0.063297567,-0.00032805879,-0.0004635096,-0.12894429,-0.063297567,0.00032805879,0.0004635096,-0.00050535776,-0.00050535776,OK,0,0.0070237035,0.014345537,1.944658e-07,4.8329762e-06,15,1.5,0.02,0.04,-0.05,40,40,40
1.355,0.12926221,0.063781375,-0.00033050314,-0.00055299699,-0.12926221,-0.063781375,0.00033050314,0.00055299699,-0.00065054342,-0.00065054342,OK,0,0.0071072471,0.014365878,1.9501196e-07,4.8345052e-06,15,1.5,0.02,0.04,-0.05,40,40,40
1.36,0.12958312,0.064392805,-0.00033320053,-0.00064339694,-0.12958312,-0.064392805,0.00033320053,0.00064339694,-0.00079572878,-0.00079572878,OK,0,0.007191206,0.01438661,1.9556707e-07,4.836575e-06,15,1.5,0.02,0.04,-0.05,40,40,40
1.365,0.12990675,0.0651352,-0.00033707835,-0.00073565495,-0.12990675,-0.0651352,0.00033707835,0.00073565495,-0.0009561146,-0.0009561146,OK,0,0.0072755848,0.014407823,1.9613518e-07,4.8392809e-06,15,1.5,0.02,0.04,-0.05,40,40,40
1.37,0.13023505,0.065990878,-0.00034078694,-0.00082213375,-0.13023505,-0.065990878,0.00034078694,0.00082213375,-0.0011006685,-0.0011006685,OK,0,0.0073603906,0.014429597,1.9671586e-07,4.8426604e-06,15,1.5,0.02,0.04,-0.05,40,40,40
1.375,0.13056791,0.066987074,-0.00034508607,-0.00091321344,-0.13056791,-0.066987074,0.00034508607,0.00091321344,-0.0012552701,-0.0012552701,OK,0,0.0074456305,0.014452033,1.9731128e-07,4.8468302e-06,15,1.5,0.02,0.04,-0.05,40,40,40
1.38,0.13090608,0.068114792,-0.00034989064,-0.0010045566,-0.13090608,-0.068114792,0.00034989064,0.0010045566,-0.0014124811,-0.0014124811,OK,0,0.0075313125,0.014475231,1.979234e-07,4.8518759e-06,15,1.5,0.02,0.04,-0.05,40,40,40
1.385,0.13125025,0.069376353,-0.00035520129,-0.0010962833,-0.13125025,-0.069376353,0.00035520129,0.0010962833,-0.0015723852,-0.0015723852,OK,0,0.0076174457,0.014499297,1.9855424e-07,4.8578851e-06,15,1.5,0.02,0.04,-0.05,40,40,40
1.39,0.13160125,0.070774662,-0.00036084912,-0.0011886418,-0.13160125,-0.070774662,0.00036084912,0.0011886418,-0.0017326879,-0.0017326879,OK,0,0.0077040401,0.014524342,1.992053e-07,4.8649494e-06,15,1.5,0.02,0.04,-0.05,40,40,40
1.395,0.13195955,0.072316614,-0.00036708684,-0.0012833823,-0.13195955,-0.072316614,0.00036708684,0.0012833823,-0.0018995205,-0.0018995205,OK,0,0.0077911067,0.01455049,1.9987906e-07,4.8731848e-06,15,1.5,0.02,0.04,-0.05,40,40,40
1.4,0.13232595,0.074001105,-0.00037383032,-0.0013789151,-0.13232595,-0.074001105,0.00037383032,0.0013789151,-0.0020692641,-0.0020692641,OK,0,0.0078786575,0.014577871,2.0057781e-07,4.8826918e-06,15,1.5,0.02,0.04,-0.05,40,40,40
1.405,0.13270136,0.075832948,-0.00038091098,-0.0014759229,-0.13270136,-0.075832948,0.00038091098,0.0014759229,-0.0022402039,-0.0022402039,OK,0,0.0079667058,0.014606624,2.0130327e-07,4.8935836e-06,15,1.5,0.02,0.04,-0.05,40,40,40
1.41,0.13308638,0.077820177,-0.0003884974,-0.0015762722,-0.13308638,-0.077820177,0.0003884974,0.0015762722,-0.0024173347,-0.0024173347,OK,0,0.0080552657,0.014636904,2.0205793e-07,4.9060067e-06,15,1.5,0.02,0.04,-0.05,40,40,40
1.415,0.13348146,0.079964511,-0.00039692707,-0.0016791608,-0.13348146,-0.079964511,0.00039692707,0.0016791608,-0.0026044376,-0.0026044376,OK,0,0.0081443522,0.014668876,2.0284568e-07,4.9201046e-06,15,1.5,0.02,0.04,-0.05,40,40,40
1.42,0.13388824,0.082263094,-0.00040535611,-0.0017818179,-0.13388824,-0.082263094,0.00040535611,0.0017818179,-0.0027847799,-0.0027847799,OK,0,0.0082339825,0.014702712,2.0366725e-07,4.935979e-06,15,1.5,0.02,0.04,-0.05,40,40,40
1.425,0.13430681,0.084737782,-0.00041454395,-0.0018913143,-0.13430681,-0.084737782,0.00041454395,0.0018913143,-0.0029794832,-0.0029794832,OK,0,0.0083241741,0.014738614,2.0452648e-07,4.9538644e-06,15,1.5,0.02,0.04,-0.05,40,40,40
1.43,0.13473339,0.084975799,-0.00042314221,-0.0013883828,-0.13473339,-0.084975799,0.00042314221,0.0013883828,-0.0023360075,-0.0023360075,OK,0,0.0084149396,0.014774719,2.0542173e-07,4.9635024e-06,15,1.5,0.02,0.04,-0.05,40,40,40
1.435,0.13515779,0.084911982,-0.00042887418,-0.00096410572,-0.13515779,-0.084911982,0.00042887418,0.00096410572,-0.0017796361,-0.0017796361,OK,0,0.0085062777,0.014810769,2.0634139e-07,4.9681499e-06,15,1.5,0.02,0.04,-0.05,40,40,40
1.44,0.13558587,0.086088953,-0.00043351048,-0.00097323717,-0.13558587,-0.086088953,0.00043351048,0.00097323717,-0.0018072374,-0.0018072374,OK,0,0.0085981953,0.014847826,2.0728105e-07,4.9728858e-06,15,1.5,0.02,0.04,-0.05,40,40,40
1.445,0.1360209,0.087678632,-0.00043865224,-0.0010808894,-0.1360209,-0.087678632,0.00043865224,0.0010808894,-0.0019735543,-0.0019735543,OK,0,0.0086907038,0.014886263,2.0824313e-07,4.9787275e-06,15,1.5,0.02,0.04,-0.05,40,40,40
1.45,0.13646439,0.089491446,-0.00044455279,-0.0012093926,-0.13646439,-0.089491446,0.00044455279,0.0012093926,-0.0021734351,-0.0021734351,OK,0,0.0087838164,0.014926307,2.0923127e-07,4.9860406e-06,15,1.5,0.02,0.04,-0.05,40,40,40
1.455,0.13691781,0.091489163,-0.00045079052,-0.0013419885,-0.13691781,-0.091489163,0.00045079052,0.0013419885,-0.0023769178,-0.0023769178,OK,0,0.0088775489,0.014968158,2.1024733e-07,4.9950453e-06,15,1.5,0.02,0.04,-0.05,40,40,40
1.46,0.13738179,0.093677311,-0.0004577026,-0.0014794307,-0.13738179,-0.093677311,0.0004577026,0.0014794307,-0.0025899569,-0.0025899569,OK,0,0.0089719176,0.015012036,2.1129478e-07,5.0059888e-06,15,1.5,0.02,0.04,-0.05,40,40,40
1.465,0.13785695,0.096053912,-0.0004656262,-0.0016192999,-0.13785695,-0.096053912,0.0004656262,0.0016192999,-0.0028140474,-0.0028140474,OK,0,0.0090669403,0.015058167,2.1237882e-07,5.0190995e-06,15,1.5,0.02,0.04,-0.05,40,40,40
1.47,0.13834456,0.098615842,-0.00047422446,-0.0017585659,-0.13834456,-0.098615842,0.00047422446,0.0017585659,-0.0030396909,-0.0030396909,OK,0,0.0091626364,0.015106793,2.1350327e-07,5.0345623e-06,15,1.5,0.02,0.04,-0.05,40,40,40
1.475,0.13884577,0.10137451,-0.00048332817,-0.0018999126,-0.13884577,-0.10137451,0.00048332817,0.0018999126,-0.0032678957,-0.0032678957,OK,0,0.0092590272,0.015158177,2.146713e-07,5.0526106e-06,15,1.5,0.02,0.04,-0.05,40,40,40
1.48,0.13936134,0.10434094,-0.00049319037,-0.002045704,-0.13936134,-0.10434094,0.00049319037,0.002045704,-0.0035055474,-0.0035055474,OK,0,0.0093561351,0.015212612,2.1588748e-07,5.0735351e-06,15,1.5,0.02,0.04,-0.05,40,40,40
1.485,0.13989252,0.10751737,-0.00050364278,-0.0021946161,-0.13989252,-0.10751737,0.00050364278,0.0021946161,-0.0037480209,-0.0037480209,OK,0,0.0094539847,0.015270412,2.1715576e-07,5.0976168e-06,15,1.5,0.02,0.04,-0.05,40,40,40
1.49,0.14043989,0.11091379,-0.00051519117,-0.0023482694,-0.14043989,-0.11091379,0.00051519117,0.0023482694,-0.0040049222,-0.0040049222,OK,0,0.0095526015,0.015331921,2.1848287e-07,5.1251887e-06,15,1.5,0.02,0.04,-0.05,40,40,40
1.495,0.14100499,0.11452761,-0.0005274139,-0.0025030457,-0.14100499,-0.11452761,0.0005274139,0.0025030457,-0.0042645729,-0.0042645729,OK,0,0.0096520135,0.015397504,2.198737e-07,5.1565149e-06,15,1.5,0.02,0.04,-0.05,40,40,40
1.5,0.14158912,0.11837406,-0.00054014208,-0.0026623408,-0.14158912,-0.11837406,0.00054014208,0.0026623408,-0.0045288978,-0.0045288978,OK,0,0.0097522509,0.015467566,2.2133247e-07,5.1919552e-06,15,1.5,0.02,0.04,-0.05,40,40,40
1.505,0.14219302,0.12246685,-0.0005538821,-0.0028287536,-0.14219302,-0.12246685,0.0005538821,0.0028287536,-0.0048088274,-0.0048088274,OK,0,0.0098533452,0.015542557,2.2286639e-07,5.2319644e-06,15,1.5,0.02,0.04,-0.05,40,40,40
1.51,0.14281794,0.12680537,-0.00056863364,-0.0029989188,-0.14281794,-0.12680537,0.00056863364,0.0029989188,-0.0050993089,-0.0050993089,OK,0,0.00995533,0.015622955,2.2448311e-07,5.276932e-06,15,1.5,0.02,0.04,-0.05,40,40,40
1.515,0.14346541,0.13139753,-0.00058414367,-0.0031727095,-0.14346541,-0.13139753,0.00058414367,0.0031727095,-0.0053960097,-0.0053960097,OK,0,0.010058242,0.015709281,2.2618923e-07,5.3272624e-06,15,1.5,0.02,0.04,-0.05,40,40,40
1.52,0.14413685,0.13625876,-0.00060032805,-0.0033528319,-0.14413685,-0.13625876,0.00060032805,0.0033528319,-0.0057010814,-0.0057010814,OK,0,0.010162119,0.015802113,2.279912e-07,5.3834698e-06,15,1.5,0.02,0.04,-0.05,40,40,40
1.525,0.144833,0.1414028,-0.00061786143,-0.0035411142,-0.144833,-0.1414028,0.00061786143,0.0035411142,-0.0060268204,-0.0060268204,OK,0,0.010267002,0.015902087,2.2989997e-07,5.4461673e-06,15,1.5,0.02,0.04,-0.05,40,40,40
1.53,0.14555615,0.14682737,-0.00063589997,-0.0037326832,-0.14555615,-0.14682737,0.00063589997,0.0037326832,-0.0063533062,-0.0063533062,OK,0,0.010372935,0.016009879,2.3192181e-07,5.5158319e-06,15,1.5,0.02,0.04,-0.05,40,40,40
1.535,0.14623402,0.12828204,-0.00063682732,0.0021315261,-0.14623402,-0.12828204,0.00063682732,-0.0021315261,0.0017008415,0.0017008415,OK,0,0.010479857,0.01609216,2.3394956e-07,5.5385489e-06,15,1.5,0.02,0.04,-0.05,40,40,40
1.54,0.14685669,0.12208689,-0.00062291872,0.0031606208,-0.14685669,-0.12208689,0.00062291872,-0.0031606208,0.0032177601,0.0032177601,OK,0,0.010587691,0.016166686,2.3588969e-07,5.5884965e-06,15,1.5,0.02,0.04,-0.05,40,40,40
1.545,0.14745659,0.11869128,-0.00060715596,0.0031607923,-0.14745659,-0.11869128,0.00060715596,-0.0031607923,0.0033306322,0.0033306322,OK,0,0.010696408,0.016237124,2.3773289e-07,5.6384496e-06,15,1.5,0.02,0.04,-0.05,40,40,40
1.55,0.14804207,0.11607292,-0.00059181421,0.0029453941,-0.14804207,-0.11607292,0.00059181421,-0.0029453941,0.0031446361,0.0031446361,OK,0,0.010805991,0.016304489,2.3948411e-07,5.6818263e-06,15,1.5,0.02,0.04,-0.05,40,40,40
1.555,0.14861524,0.11379185,-0.00057790591,0.0026896728,-0.14861524,-0.11379185,0.00057790591,-0.0026896728,0.0028898996,0.0028898996,OK,0,0.010916423,0.016369232,2.4115398e-07,5.717998e-06,15,1.5,0.02,0.04,-0.05,40,40,40
1.56,0.14917805,0.1117385,-0.00056492439,0.0024357902,-0.14917805,-0.1117385,0.00056492439,-0.0024357902,0.0026329206,0.0026329206,OK,0,0.011027694,0.016431659,2.4274968e-07,5.7476634e-06,15,1.5,0.02,0.04,-0.05,40,40,40
1.565,0.1497308,0.1098994,-0.00055362904,0.0021873087,-0.1497308,-0.1098994,0.00055362904,-0.0021873087,0.0023671192,0.0023671192,OK,0,0.01113979,0.016492049,2.4428221e-07,5.771585e-06,15,1.5,0.02,0.04,-0.05,40,40,40
1.57,0.15027529,0.10825273,-0.00054317662,0.0019513149,-0.15027529,-0.10825273,0.00054317662,-0.0019513149,0.0021149381,0.0021149381,OK,0,0.011252703,0.016550642,2.4575741e-07,5.7906231e-06,15,1.5,0.02,0.04,-0.05,40,40,40
1.575,0.15081173,0.10680974,-0.00053432594,0.0017217375,-0.15081173,-0.10680974,0.00053432594,-0.0017217375,0.0018563415,0.0018563415,OK,0,0.011366424,0.016607683,2.4718493e-07,5.805445e-06,15,1.5,0.02,0.04,-0.05,40,40,40
1.58,0.15134187,0.10555409,-0.00052623375,0.0015037937,-0.15134187,-0.10555409,0.00052623375,-0.0015037937,0.0016111856,0.0016111856,OK,0,0.011480946,0.016663392,2.4856954e-07,5.816752e-06,15,1.5,0.02,0.04,-0.05,40,40,40
1.585,0.15186632,0.10449877,-0.00051923722,0.0012910361,-0.15186632,-0.10449877,0.00051923722,-0.0012910361,0.0013652729,0.0013652729,OK,0,0.011596263,0.016717992,2.4991758e-07,5.8250859e-06,15,1.5,0.02,0.04,-0.05,40,40,40
1.59,0.15238586,0.10363749,-0.00051350525,0.0010849433,-0.15238586,-0.10363749,0.00051350525,-0.0010849433,0.0011180531,0.0011180531,OK,0,0.01171237,0.016771695,2.5123602e-07,5.8309714e-06,15,1.5,0.02,0.04,-0.05,40,40,40
1.595,0.15290198,0.10296423,-0.00050844763,0.00088706843,-0.15290198,-0.10296423,0.00050844763,-0.00088706843,0.00088049687,0.00088049687,OK,0,0.011829265,0.016824704,2.5252861e-07,5.8349058e-06,15,1.5,0.02,0.04,-0.05,40,40,40
1.6,0.15341497,0.10248956,-0.00050473871,0.0006924109,-0.15341497,-0.10248956,0.00050473871,-0.0006924109,0.00063541751,0.00063541751,OK,0,0.011946946,0.016877224,2.5380242e-07,5.837303e-06,15,1.5,0.02,0.04,-0.05,40,40,40
1.605,0.15392658,0.10220057,-0.00050153555,0.0005056171,-0.15392658,-0.10220057,0.00050153555,-0.0005056171,0.00040194683,0.00040194683,OK,0,0.012065413,0.016929449,2.5506011e-07,5.8385812e-06,15,1.5,0.02,0.04,-0.05,40,40,40
1.61,0.15443711,0.10211262,-0.0004995125,0.00032008048,-0.15443711,-0.10211262,0.0004995125,-0.00032008048,0.00016068007,0.00016068007,OK,0,0.012184667,0.016981584,2.5630767e-07,5.8390935e-06,15,1.5,0.02,0.04,-0.05,40,40,40
1.615,0.15494774,0.1022144,-0.00049841652,0.00014011264,-0.15494774,-0.1022144,0.00049841652,-0.00014011264,-7.8548085e-05,-7.8548085e-05,OK,0,0.012304711,0.017033823,2.5754976e-07,5.8391916e-06,15,1.5,0.02,0.04,-0.05,40,40,40
1.62,0.15545934,0.10250964,-0.00049833238,-3.5880415e-05,-0.15545934,-0.10250964,0.00049833238,3.5880415e-05,-0.00031923377,-0.00031923377,OK,0,0.012425549,0.017086364,2.5879144e-07,5.8391981e-06,15,1.5,0.02,0.04,-0.05,40,40,40
1.625,0.15597319,0.10299809,-0.00049892227,-0.00020772571,-0.15597319,-0.10299809,0.00049892227,0.00020772571,-0.00055603537,-0.00055603537,OK,0,0.012547187,0.017139407,2.6003606e-07,5.8394138e-06,15,1.5,0.02,0.04,-0.05,40,40,40
1.63,0.1564901,0.10368811,-0.00050035542,-0.00037857429,-0.1564901,-0.10368811,0.00050035542,0.00037857429,-0.00079586629,-0.00079586629,OK,0,0.012669633,0.017193163,2.6128783e-07,5.8401304e-06,15,1.5,0.02,0.04,-0.05,40,40,40
1.635,0.1569989,0.10054,-0.00049968106,0.00047578833,-0.1569989,-0.10054,0.00049968106,-0.00047578833,0.00038004471,0.00038004471,OK,0,0.012792876,0.017243705,2.6253624e-07,5.8412623e-06,15,1.5,0.02,0.04,-0.05,40,40,40
1.64,0.15749859,0.099559876,-0.00049698367,0.00051901336,-0.15749859,-0.099559876,0.00049698367,-0.00051901336,0.00045613186,0.00045613186,OK,0,0.012916905,0.017293265,2.637712e-07,5.8426092e-06,15,1.5,0.02,0.04,-0.05,40,40,40
1.645,0.1579949,0.099209065,-0.00049496062,0.0003885848,-0.1579949,-0.099209065,0.00049496062,-0.0003885848,0.00028672842,0.00028672842,OK,0,0.013041717,0.017342478,2.6499613e-07,5.8433642e-06,15,1.5,0.02,0.04,-0.05,40,40,40
1.65,0.15849061,0.099135039,-0.00049335889,0.00022629739,-0.15849061,-0.099135039,0.00049335889,-0.00022629739,7.4276468e-05,7.4276468e-05,OK,0,0.013167314,0.017391616,2.6621315e-07,5.8436202e-06,15,1.5,0.02,0.04,-0.05,40,40,40
1.655,0.15898641,0.099276206,-0.00049276899,5.6794755e-05,-0.15898641,-0.099276206,0.00049276899,-5.6794755e-05,-0.00015556617,-0.00015556617,OK,0,0.013293697,0.017440895,2.6742726e-07,5.8436363e-06,15,1.5,0.02,0.04,-0.05,40,40,40
1.66,0.15948367,0.099608737,-0.00049285313,-0.00011035844,-0.15948367,-0.099608737,0.00049285313,0.00011035844,-0.00038431178,-0.00038431178,OK,0,0.013420872,0.017490505,2.6864178e-07,5.8436972e-06,15,1.5,0.02,0.04,-0.05,40,40,40
1.665,0.15998307,0.10013621,-0.00049386465,-0.00027649598,-0.15998307,-0.10013621,0.00049386465,0.00027649598,-0.00061760409,-0.00061760409,OK,0,0.013548845,0.017540641,2.6986129e-07,5.8440795e-06,15,1.5,0.02,0.04,-0.05,40,40,40
1.67,0.16048558,0.10085514,-0.00049580356,-0.00043995414,-0.16048558,-0.10085514,0.00049580356,0.00043995414,-0.00085306732,-0.00085306732,OK,0,0.013677623,0.0175915,2.7109039e-07,5.8450473e-06,15,1.5,0.02,0.04,-0.05,40,40,40
1.675,0.16099248,0.10176647,-0.00049833237,-0.00060068436,-0.16099248,-0.10176647,0.00049833237,0.00060068436,-0.0010855039,-0.0010855039,OK,0,0.013807216,0.017643282,2.7233207e-07,5.8468514e-06,15,1.5,0.02,0.04,-0.05,40,40,40
1.68,0.16150441,0.10287953,-0.00050178825,-0.00076188027,-0.16150441,-0.10287953,0.00050178825,0.00076188027,-0.0013243748,-0.0013243748,OK,0,0.013937635,0.017696203,2.7359103e-07,5.8497537e-06,15,1.5,0.02,0.04,-0.05,40,40,40
1.685,0.16202263,0.10419122,-0.0005059188,-0.00092154982,-0.16202263,-0.10419122,0.0005059188,0.00092154982,-0.0015630055,-0.0015630055,OK,0,0.014068891,0.017750482,2.748708e-07,5.854e-06,15,1.5,0.02,0.04,-0.05,40,40,40
1.69,0.16254772,0.10570899,-0.000511145,-0.0010818041,-0.16254772,-0.10570899,0.000511145,0.0010818041,-0.0018105671,-0.0018105671,OK,0,0.014201,0.017806354,2.7617714e-07,5.8598515e-06,15,1.5,0.02,0.04,-0.05,40,40,40
1.695,0.1630813,0.10742829,-0.00051687697,-0.0012397413,-0.1630813,-0.10742829,0.00051687697,0.0012397413,-0.0020540091,-0.0020540091,OK,0,0.014333978,0.017864058,2.7751295e-07,5.8675363e-06,15,1.5,0.02,0.04,-0.05,40,40,40
1.7,0.16362398,0.10936425,-0.00052353632,-0.0014002388,-0.16362398,-0.10936425,0.00052353632,0.0014002388,-0.0023063534,-0.0023063534,OK,0,0.014467842,0.017923861,2.788834e-07,5.8773396e-06,15,1.5,0.02,0.04,-0.05,40,40,40
1.705,0.1641772,0.11151454,-0.00053078557,-0.0015609594,-0.1641772,-0.11151454,0.00053078557,0.0015609594,-0.0025590972,-0.0025590972,OK,0,0.014602612,0.017986038,2.8029207e-07,5.8895226e-06,15,1.5,0.02,0.04,-0.05,40,40,40
1.71,0.16474155,0.1138901,-0.00053913048,-0.0017247457,-0.16474155,-0.1138901,0.00053913048,0.0017247457,-0.002823641,-0.002823641,OK,0,0.014738311,0.018050893,2.8174538e-07,5.9043963e-06,15,1.5,0.02,0.04,-0.05,40,40,40
1.715,0.16531833,0.11648676,-0.00054840309,-0.0018881722,-0.16531833,-0.11648676,0.00054840309,0.0018881722,-0.0030924676,-0.0030924676,OK,0,0.014874962,0.018118739,2.8324911e-07,5.9222223e-06,15,1.5,0.02,0.04,-0.05,40,40,40
1.72,0.16590908,0.11931226,-0.00055818115,-0.0020524327,-0.16590908,-0.11931226,0.00055818115,0.0020524327,-0.0033606942,-0.0033606942,OK,0,0.015012591,0.018189916,2.8480694e-07,5.9432847e-06,15,1.5,0.02,0.04,-0.05,40,40,40
1.725,0.16651469,0.12238251,-0.00056880215,-0.0022218354,-0.16651469,-0.12238251,0.00056880215,0.0022218354,-0.0036391911,-0.0036391911,OK,0,0.015151227,0.018264803,2.8642462e-07,5.9679674e-06,15,1.5,0.02,0.04,-0.05,40,40,40
1.73,0.1671363,0.12569917,-0.00058035052,-0.0023947541,-0.1671363,-0.12569917,0.00058035052,0.0023947541,-0.0039266963,-0.0039266963,OK,0,0.0152909,0.018343805,2.8810865e-07,5.9966417e-06,15,1.5,0.02,0.04,-0.05,40,40,40
1.735,0.16777527,0.129267,-0.00059274154,-0.0025706179,-0.16777527,-0.129267,0.00059274154,0.0025706179,-0.0042208643,-0.0042208643,OK,0,0.015431642,0.018427354,2.8986536e-07,6.0296821e-06,15,1.5,0.02,0.04,-0.05,40,40,40
1.74,0.1684278,0.12812391,-0.00060487981,-0.0015181909,-0.1684278,-0.12812391,0.00060487981,0.0015181909,-0.0028569713,-0.0028569713,OK,0,0.015573482,0.018509433,2.9169476e-07,6.0412066e-06,15,1.5,0.02,0.04,-0.05,40,40,40
1.745,0.1690154,0.11050307,-0.00059763056,0.0033743003,-0.1690154,-0.11050307,0.00059763056,-0.0033743003,0.0038974231,0.0038974231,OK,0,0.015716313,0.018570488,2.9348057e-07,6.0981361e-06,15,1.5,0.02,0.04,-0.05,40,40,40
1.75,0.16954555,0.10310424,-0.00057807444,0.0042351196,-0.16954555,-0.10310424,0.00057807444,-0.0042351196,0.0051966435,0.0051966435,OK,0,0.015860041,0.01862364,2.9515142e-07,6.1878173e-06,15,1.5,0.02,0.04,-0.05,40,40,40
1.755,0.17004573,0.098093006,-0.00055700104,0.0042190348,-0.17004573,-0.098093006,0.00055700104,-0.0042190348,0.0052981714,0.0052981714,OK,0,0.016004619,0.018671751,2.9670267e-07,6.2768186e-06,15,1.5,0.02,0.04,-0.05,40,40,40
1.76,0.1705231,0.093733309,-0.00053626451,0.0040226104,-0.1705231,-0.093733309,0.00053626451,-0.0040226104,0.0051497422,0.0051497422,OK,0,0.01615001,0.018715681,2.9814057e-07,6.3577255e-06,15,1.5,0.02,0.04,-0.05,40,40,40
1.765,0.17097914,0.089645902,-0.00051696143,0.0037952309,-0.17097914,-0.089645902,0.00051696143,-0.0037952309,0.0049438437,0.0049438437,OK,0,0.016296179,0.018755863,2.9947682e-07,6.4297444e-06,15,1.5,0.02,0.04,-0.05,40,40,40
1.77,0.17141537,0.085727785,-0.00049866957,0.0035749796,-0.17141537,-0.085727785,0.00049866957,-0.0035749796,0.0047398446,0.0047398446,OK,0,0.016443095,0.018792609,3.0072018e-07,6.4936468e-06,15,1.5,0.02,0.04,-0.05,40,40,40
1.775,0.17183261,0.081961575,-0.00048130509,0.0033655326,-0.17183261,-0.081961575,0.00048130509,-0.0033655326,0.0045438377,0.0045438377,OK,0,0.016590728,0.018826198,3.0187845e-07,6.5502809e-06,15,1.5,0.02,0.04,-0.05,40,40,40
1.78,0.17223138,0.078339342,-0.00046503628,0.0031668785,-0.17223138,-0.078339342,0.00046503628,-0.0031668785,0.004352975,0.004352975,OK,0,0.016739046,0.018856883,3.0295974e-07,6.6004265e-06,15,1.5,0.02,0.04,-0.05,40,40,40
1.785,0.17261257,0.074849804,-0.00044961039,0.0029804798,-0.17261257,-0.074849804,0.00044961039,-0.0029804798,0.0041728072,0.0041728072,OK,0,0.016888021,0.018884895,3.0397049e-07,6.6448428e-06,15,1.5,0.02,0.04,-0.05,40,40,40
1.79,0.17297642,0.071490281,-0.00043536494,0.0028044475,-0.17297642,-0.071490281,0.00043536494,-0.0028044475,0.0039953368,0.0039953368,OK,0,0.017037626,0.01891045,3.049182e-07,6.6841674e-06,15,1.5,0.02,0.04,-0.05,40,40,40
1.795,0.173324,0.068247323,-0.00042179351,0.0026413485,-0.173324,-0.068247323,0.00042179351,-0.0026413485,0.003831493,0.003831493,OK,0,0.017187832,0.018933738,3.0580775e-07,6.719051e-06,15,1.5,0.02,0.04,-0.05,40,40,40
1.8,0.17365585,0.065123679,-0.00040889644,0.0024873227,-0.17365585,-0.065123679,0.00040889644,-0.0024873227,0.0036756016,0.0036756016,OK,0,0.017338613,0.018954944,3.0664373e-07,6.7499849e-06,15,1.5,0.02,0.04,-0.05,40,40,40
1.805,0.17397208,0.062114598,-0.00039709566,0.0023416375,-0.17397208,-0.062114598,0.00039709566,-0.0023416375,0.0035200468,0.0035200468,OK,0,0.017489945,0.018974235,3.0743216e-07,6.7774012e-06,15,1.5,0.02,0.04,-0.05,40,40,40
1.81,0.17427384,0.059205033,-0.00038571587,0.0022078114,-0.17427384,-0.059205033,0.00038571587,-0.0022078114,0.0033796572,0.0033796572,OK,0,0.017641802,0.018991761,3.0817604e-07,6.8017734e-06,15,1.5,0.02,0.04,-0.05,40,40,40
1.815,0.17456135,0.056401628,-0.00037501042,0.0020807092,-0.17456135,-0.056401628,0.00037501042,-0.0020807092,0.0032431995,0.0032431995,OK,0,0.01779416,0.019007667,3.0887921e-07,6.8234201e-06,15,1.5,0.02,0.04,-0.05,40,40,40
1.82,0.17483517,0.053695517,-0.0003648952,0.0019615385,-0.17483517,-0.053695517,0.0003648952,-0.0019615385,0.0031134038,0.0031134038,OK,0,0.017946997,0.019022083,3.0954495e-07,6.8426583e-06,15,1.5,0.02,0.04,-0.05,40,40,40
1.825,0.17509589,0.051082234,-0.00035520128,0.0018498197,-0.17509589,-0.051082234,0.00035520128,-0.0018498197,0.0029919177,0.0029919177,OK,0,0.018100289,0.01903513,3.1017579e-07,6.8597674e-06,15,1.5,0.02,0.04,-0.05,40,40,40
1.83,0.17534353,0.048560141,-0.00034635061,0.0017440144,-0.17534353,-0.048560141,0.00034635061,-0.0017440144,0.0028700386,0.0028700386,OK,0,0.018254016,0.01904692,3.1077558e-07,6.8749754e-06,15,1.5,0.02,0.04,-0.05,40,40,40
1.835,0.17557887,0.046115634,-0.00033792126,0.0016474874,-0.17557887,-0.046115634,0.00033792126,-0.0016474874,0.0027586151,0.0027586151,OK,0,0.018408156,0.019057553,3.1134654e-07,6.8885464e-06,15,1.5,0.02,0.04,-0.05,40,40,40
1.84,0.17580237,0.043751,-0.00032982875,0.0015572671,-0.17580237,-0.043751,0.00032982875,-0.0015572671,0.0026545568,0.0026545568,OK,0,0.018562688,0.019067124,3.1189047e-07,6.9006719e-06,15,1.5,0.02,0.04,-0.05,40,40,40
1.845,0.17601421,0.04146452,-0.00032224233,0.0014720674,-0.17601421,-0.04146452,0.00032224233,-0.0014720674,0.0025533311,0.0025533311,OK,0,0.018717593,0.019075721,3.1240967e-07,6.9115068e-06,15,1.5,0.02,0.04,-0.05,40,40,40
1.85,0.17621474,0.039248399,-0.00031516167,0.0013931189,-0.17621474,-0.039248399,0.00031516167,-0.0013931189,0.002456484,0.002456484,OK,0,0.018872851,0.019083423,3.1290631e-07,6.9212107e-06,15,1.5,0.02,0.04,-0.05,40,40,40
1.855,0.17640434,0.03709741,-0.00030850265,0.0013206797,-0.17640434,-0.03709741,0.00030850265,-0.0013206797,0.0023654631,0.0023654631,OK,0,0.019028444,0.019090304,3.1338217e-07,6.9299316e-06,15,1.5,0.02,0.04,-0.05,40,40,40
1.86,0.17658355,0.035008725,-0.00030201188,0.0012540987,-0.17658355,-0.035008725,0.00030201188,-0.0012540987,0.0022829899,0.0022829899,OK,0,0.019184353,0.019096432,3.1383823e-07,6.9377955e-06,15,1.5,0.02,0.04,-0.05,40,40,40
1.865,0.17675225,0.032983722,-0.00029611133,0.0011910844,-0.17675225,-0.032983722,0.00029611133,-0.0011910844,0.0021993506,0.0021993506,OK,0,0.019340559,0.019101872,3.1427664e-07,6.9448889e-06,15,1.5,0.02,0.04,-0.05,40,40,40
1.87,0.17691145,0.031010239,-0.0002900422,0.0011348609,-0.17691145,-0.031010239,0.0002900422,-0.0011348609,0.0021302971,0.0021302971,OK,0,0.019497048,0.01910668,3.1469726e-07,6.9513284e-06,15,1.5,0.02,0.04,-0.05,40,40,40
1.875,0.17706066,0.029098843,-0.00028456295,0.00107953,-0.17706066,-0.029098843,0.00028456295,-0.00107953,0.0020560176,0.0020560176,OK,0,0.0196538,0.019110914,3.1510214e-07,6.9571553e-06,15,1.5,0.02,0.04,-0.05,40,40,40
1.88,0.17720046,0.027232156,-0.00027933675,0.0010305175,-0.17720046,-0.027232156,0.00027933675,-0.0010305175,0.0019890204,0.0019890204,OK,0,0.0198108,0.019114621,3.1549229e-07,6.9624652e-06,15,1.5,0.02,0.04,-0.05,40,40,40
1.885,0.17733113,0.025410882,-0.00027427914,0.00098599837,-0.17733113,-0.025410882,0.00027427914,-0.00098599837,0.0019278683,0.0019278683,OK,0,0.019968032,0.01911785,3.1586843e-07,6.9673261e-06,15,1.5,0.02,0.04,-0.05,40,40,40
1.89,0.1774527,0.023633904,-0.0002695587,0.00094492267,-0.1774527,-0.023633904,0.0002695587,-0.00094492267,0.0018684137,0.0018684137,OK,0,0.020125479,0.019120643,3.1623174e-07,6.9717905e-06,15,1.5,0.02,0.04,-0.05,40,40,40
1.895,0.17756561,0.021894403,-0.00026492272,0.00090857748,-0.17756561,-0.021894403,0.00026492272,-0.00090857748,0.0018161138,0.0018161138,OK,0,0.020283127,0.01912304,3.1658266e-07,6.9759181e-06,15,1.5,0.02,0.04,-0.05,40,40,40
1.9,0.17766987,0.020193549,-0.00026053946,0.00087506428,-0.17766987,-0.020193549,0.00026053946,-0.00087506428,0.001765644,0.001765644,OK,0,0.02044096,0.019125079,3.1692207e-07,6.9797468e-06,15,1.5,0.02,0.04,-0.05,40,40,40
1.905,0.17776588,0.018525101,-0.00025615619,0.000845506,-0.17776588,-0.018525101,0.00025615619,-0.000845506,0.0017222378,0.0017222378,OK,0,0.020598963,0.019126794,3.1725015e-07,6.9833212e-06,15,1.5,0.02,0.04,-0.05,40,40,40
1.91,0.17785363,0.016890456,-0.00025194152,0.00081797427,-0.17785363,-0.016890456,0.00025194152,-0.00081797427,0.0016805295,0.0016805295,OK,0,0.020757123,0.019128221,3.1756752e-07,6.9866666e-06,15,1.5,0.02,0.04,-0.05,40,40,40
1.915,0.17793325,0.015283524,-0.00024789543,0.00079359078,-0.17793325,-0.015283524,0.00024789543,-0.00079359078,0.0016419607,0.0016419607,OK,0,0.020915424,0.019129389,3.1787478e-07,6.9898155e-06,15,1.5,0.02,0.04,-0.05,40,40,40
1.92,0.17800477,0.013700411,-0.00024410205,0.0007726155,-0.17800477,-0.013700411,0.00024410205,-0.0007726155,0.0016055042,0.0016055042,OK,0,0.021073853,0.019130327,3.1817271e-07,6.9928002e-06,15,1.5,0.02,0.04,-0.05,40,40,40
1.925,0.17806852,0.012135878,-0.00024030901,0.00075587429,-0.17806852,-0.012135878,0.00024030901,-0.00075587429,0.0015759819,0.0015759819,OK,0,0.021232395,0.019131064,3.1846145e-07,6.9956569e-06,15,1.5,0.02,0.04,-0.05,40,40,40
1.93,0.17812451,0.010591662,-0.00023660009,0.00074139756,-0.17812451,-0.010591662,0.00023660009,-0.00074139756,0.0015492517,0.0015492517,OK,0,0.021391036,0.019131625,3.1874135e-07,6.9984053e-06,15,1.5,0.02,0.04,-0.05,40,40,40
1.935,0.17817298,0.0090636868,-0.00023280672,0.00072957877,-0.17817298,-0.0090636868,0.00023280672,-0.00072957877,0.0015282746,0.0015282746,OK,0,0.021549764,0.019132035,3.1901234e-07,7.0010667e-06,15,1.5,0.02,0.04,-0.05,40,40,40
1.94,0.17821376,0.007552188,-0.00022918193,0.00071908858,-0.17821376,-0.007552188,0.00022918193,-0.00071908858,0.0015072666,0.0015072666,OK,0,0.021708565,0.019132321,3.1927497e-07,7.0036521e-06,15,1.5,0.02,0.04,-0.05,40,40,40
1.945,0.17824713,0.0060492211,-0.00022547301,0.00071191033,-0.17824713,-0.0060492211,0.00022547301,-0.00071191033,0.0014926817,0.0014926817,OK,0,0.021867425,0.019132504,3.1952916e-07,7.0061862e-06,15,1.5,0.02,0.04,-0.05,40,40,40
1.95,0.17827279,0.0045561024,-0.00022201714,0.00070630332,-0.17827279,-0.0045561024,0.00022201714,-0.00070630332,0.0014768978,0.0014768978,OK,0,0.022026331,0.019132607,3.1977561e-07,7.0086806e-06,15,1.5,0.02,0.04,-0.05,40,40,40
1.955,0.1782911,0.0030633075,-0.00021847681,0.00070490751,-0.1782911,-0.0030633075,0.00021847681,-0.00070490751,0.0014685633,0.0014685633,OK,0,0.02218527,0.019132654,3.2001428e-07,7.011165e-06,15,1.5,0.02,0.04,-0.05,40,40,40
1.96,0.17830179,0.0015736631,-0.00021510507,0.00070538676,-0.17830179,-0.0015736631,0.00021510507,-0.00070538676,0.0014604863,0.0014604863,OK,0,0.022344227,0.019132667,3.2024563e-07,7.0136529e-06,15,1.5,0.02,0.04,-0.05,40,40,40
1.965,0.17830543,7.9734038e-05,-0.0002113117,0.00070954706,-0.17830543,-7.9734038e-05,0.0002113117,-0.00070954706,0.001463943,0.001463943,OK,0,0.022503192,0.019132667,3.2046889e-07,7.0161702e-06,15,1.5,0.02,0.04,-0.05,40,40,40
1.97,0.17830126,-0.001409833,-0.00020785549,0.00071270952,-0.17830126,0.001409833,0.00020785549,-0.00071270952,0.0014608637,0.0014608637,OK,0,0.022662148,0.019132677,3.2068491e-07,7.0187099e-06,15,1.5,0.02,0.04,-0.05,40,40,40
1.975,0.17828949,-0.0029121829,-0.00020448408,0.00072059808,-0.17828949,0.0029121829,0.00020448408,-0.00072059808,0.0014629384,0.0014629384,OK,0,0.022821084,0.019132719,3.2089398e-07,7.0213062e-06,15,1.5,0.02,0.04,-0.05,40,40,40
1.98,0.17827055,-0.0044278318,-0.00020069071,0.00073222645,-0.17827055,0.0044278318,0.00020069071,-0.00073222645,0.0014762768,0.0014762768,OK,0,0.022979986,0.019132817,3.2109536e-07,7.023987e-06,15,1.5,0.02,0.04,-0.05,40,40,40
1.985,0.17824388,-0.0059486448,-0.00019698179,0.00074311151,-0.17824388,0.0059486448,0.00019698179,-0.00074311151,0.0014868722,0.0014868722,OK,0,0.02313884,0.019132994,3.2128937e-07,7.0267481e-06,15,1.5,0.02,0.04,-0.05,40,40,40
1.99,0.17820949,-0.0074865239,-0.00019327287,0.00075684525,-0.17820949,0.0074865239,0.00019327287,-0.00075684525,0.0015009037,0.0015009037,OK,0,0.023297633,0.019133274,3.2147614e-07,7.0296122e-06,15,1.5,0.02,0.04,-0.05,40,40,40
1.995,0.1781672,-0.0090446353,-0.00018964842,0.00077348687,-0.1781672,0.0090446353,0.00018964842,-0.00077348687,0.0015170626,0.0015170626,OK,0,0.023456351,0.019133683,3.2165598e-07,7.0326036e-06,15,1.5,0.02,0.04,-0.05,40,40,40
2,0.17811762,-0.010628126,-0.00018534894,0.00079388056,-0.17811762,0.010628126,0.00018534894,-0.00079388056,0.0015478141,0.0015478141,OK,0,0.023614981,0.019134248,3.2182775e-07,7.0357548e-06,15,1.5,0.02,0.04,-0.05,40,40,40
2.005,0.17805958,-0.012224474,-0.00018147143,0.00081172836,-0.17805958,0.012224474,0.00018147143,-0.00081172836,0.0015677336,0.0015677336,OK,0,0.023773507,0.019134995,3.2199241e-07,7.0390493e-06,15,1.5,0.02,0.04,-0.05,40,40,40
2.01,0.17799359,-0.013857544,-0.00017734122,0.00083539253,-0.17799359,0.013857544,0.00017734122,-0.00083539253,0.0015985406,0.0015985406,OK,0,0.023931915,0.019135955,3.2214966e-07,7.0425387e-06,15,1.5,0.02,0.04,-0.05,40,40,40
2.015,0.17791932,-0.015520371,-0.00017312654,0.00086078013,-0.17791932,0.015520371,0.00017312654,-0.00086078013,0.0016318436,0.0016318436,OK,0,0.024090192,0.01913716,3.2229952e-07,7.0462434e-06,15,1.5,0.02,0.04,-0.05,40,40,40
2.02,0.17783649,-0.017218137,-0.00016891186,0.00088867405,-0.17783649,0.017218137,0.00016891186,-0.00088867405,0.0016673376,0.0016673376,OK,0,0.024248321,0.019138642,3.2244218e-07,7.0501921e-06,15,1.5,0.02,0.04,-0.05,40,40,40
2.025,0.17774542,-0.018956649,-0.00016419142,0.00092008293,-0.17774542,0.018956649,0.00016419142,-0.00092008293,0.0017138955,0.0017138955,OK,0,0.024406288,0.019140439,3.2257697e-07,7.0544249e-06,15,1.5,0.02,0.04,-0.05,40,40,40
2.03,0.1776454,-0.020729254,-0.00015947097,0.00095096246,-0.1776454,0.020729254,0.00015947097,-0.00095096246,0.0017581168,0.0017581168,OK,0,0.024564077,0.019142587,3.2270412e-07,7.0589466e-06,15,1.5,0.02,0.04,-0.05,40,40,40
2.035,0.1775363,-0.022548624,-0.00015466607,0.0009850324,-0.1775363,0.022548624,0.00015466607,-0.0009850324,0.0018063386,0.0018063386,OK,0,0.024721673,0.01914513,3.2282373e-07,7.063798e-06,15,1.5,0.02,0.04,-0.05,40,40,40
2.04,0.17741803,-0.024418624,-0.00014960845,0.0010224282,-0.17741803,0.024418624,0.00014960845,-0.0010224282,0.0018611312,0.0018611312,OK,0,0.024879059,0.019148111,3.2293565e-07,7.0690248e-06,15,1.5,0.02,0.04,-0.05,40,40,40
2.045,0.17729023,-0.026339719,-0.00014438225,0.0010618761,-0.17729023,0.026339719,0.00014438225,-0.0010618761,0.0019192964,0.0019192964,OK,0,0.025036218,0.01915158,3.2303988e-07,7.0746627e-06,15,1.5,0.02,0.04,-0.05,40,40,40
2.05,0.17715263,-0.028317216,-0.00013898746,0.001104015,-0.17715263,0.028317216,0.00013898746,-0.001104015,0.0019815747,0.0019815747,OK,0,0.025193133,0.019155589,3.2313646e-07,7.080757e-06,15,1.5,0.02,0.04,-0.05,40,40,40
2.055,0.17700475,-0.03035566,-0.000133593,0.0011491354,-0.17700475,0.03035566,0.000133593,-0.0011491354,0.0020456766,0.0020456766,OK,0,0.025349787,0.019160197,3.232257e-07,7.0873595e-06,15,1.5,0.02,0.04,-0.05,40,40,40
2.06,0.17684682,-0.032463192,-0.00012760799,0.0011989315,-0.17684682,0.032463192,0.00012760799,-0.0011989315,0.0021226863,0.0021226863,OK,0,0.025506161,0.019165466,3.2330712e-07,7.0945467e-06,15,1.5,0.02,0.04,-0.05,40,40,40
2.065,0.17667827,-0.034632488,-0.00012128579,0.00124881,-0.17667827,0.034632488,0.00012128579,-0.00124881,0.0022021939,0.0022021939,OK,0,0.025662237,0.019171463,3.2338067e-07,7.1023443e-06,15,1.5,0.02,0.04,-0.05,40,40,40
2.07,0.17649832,-0.03687142,-0.00011504807,0.0013002554,-0.17649832,0.03687142,0.00011504807,-0.0013002554,0.0022797718,0.0022797718,OK,0,0.025817995,0.01917826,3.2344685e-07,7.1107976e-06,15,1.5,0.02,0.04,-0.05,40,40,40
2.075,0.176307,-0.039194548,-0.00010847316,0.001357397,-0.176307,0.039194548,0.00010847316,-0.001357397,0.0023673562,0.0023673562,OK,0,0.025973416,0.019185941,3.2350568e-07,7.1200103e-06,15,1.5,0.02,0.04,-0.05,40,40,40
2.08,0.17610403,-0.041599831,-0.00010139215,0.0014176065,-0.17610403,0.041599831,0.00010139215,-0.0014176065,0.0024636148,0.0024636148,OK,0,0.026128479,0.019194594,3.2355708e-07,7.1300583e-06,15,1.5,0.02,0.04,-0.05,40,40,40
2.085,0.17588857,-0.044087572,-9.4227709e-05,0.0014791371,-0.17588857,0.044087572,9.4227709e-05,-0.0014791371,0.0025595586,0.0025595586,OK,0,0.026283163,0.019204313,3.2360148e-07,7.1409976e-06,15,1.5,0.02,0.04,-0.05,40,40,40
2.09,0.1756605,-0.046671347,-8.6640937e-05,0.0015455298,-0.1756605,0.046671347,8.6640937e-05,-0.0015455298,0.0026650368,0.0026650368,OK,0,0.026437446,0.019215204,3.2363901e-07,7.1529409e-06,15,1.5,0.02,0.04,-0.05,40,40,40
2.095,0.17541922,-0.049351168,-7.8717335e-05,0.0016147852,-0.17541922,0.049351168,7.8717335e-05,-0.0016147852,0.0027757555,0.0027757555,OK,0,0.026591305,0.019227381,3.2366999e-07,7.1659785e-06,15,1.5,0.02,0.04,-0.05,40,40,40
2.1,0.1751643,-0.052133691,-7.0372091e-05,0.0016875078,-0.1751643,0.052133691,7.0372091e-05,-0.0016875078,0.0028936187,0.0028936187,OK,0,0.026744718,0.019240971,3.2369476e-07,7.1802169e-06,15,1.5,0.02,0.04,-0.05,40,40,40
2.105,0.17489512,-0.055023396,-6.1690018e-05,0.0017633452,-0.17489512,0.055023396,6.1690018e-05,-0.0017633452,0.0030166341,0.0030166341,OK,0,0.02689766,0.019256109,3.2371378e-07,7.1957639e-06,15,1.5,0.02,0.04,-0.05,40,40,40
2.11,0.17461102,-0.058028174,-5.2754891e-05,0.0018432383,-0.17461102,0.058028174,5.2754891e-05,-0.0018432383,0.0031446275,0.0031446275,OK,0,0.027050105,0.019272945,3.237277e-07,7.2127515e-06,15,1.5,0.02,0.04,-0.05,40,40,40
2.115,0.17431171,-0.061156772,-4.3229535e-05,0.0019283856,-0.17431171,0.061156772,4.3229535e-05,-0.0019283856,0.0032840986,0.0032840986,OK,0,0.027202027,0.019291646,3.2373704e-07,7.2313449e-06,15,1.5,0.02,0.04,-0.05,40,40,40
2.12,0.17399629,-0.064409312,-3.3367352e-05,0.0020164116,-0.17399629,0.064409312,3.3367352e-05,-0.0020164116,0.0034276604,0.0034276604,OK,0,0.027353401,0.019312389,3.2374261e-07,7.2516744e-06,15,1.5,0.02,0.04,-0.05,40,40,40
2.125,0.17366409,-0.06779712,-2.3167295e-05,0.0021093633,-0.17366409,0.06779712,2.3167295e-05,-0.0021093633,0.0035779326,0.0035779326,OK,0,0.027504197,0.019335371,3.2374529e-07,7.2739215e-06,15,1.5,0.02,0.04,-0.05,40,40,40
2.13,0.17331464,-0.071328494,-1.2378057e-05,0.0022079635,-0.17331464,0.071328494,1.2378057e-05,-0.0022079635,0.0037394275,0.0037394275,OK,0,0.027654387,0.01936081,3.2374606e-07,7.298297e-06,15,1.5,0.02,0.04,-0.05,40,40,40
2.135,0.1729472,-0.075006048,-9.9823786e-07,0.0023105324,-0.1729472,0.075006048,9.9823786e-07,-0.0023105324,0.0039095269,0.0039095269,OK,0,0.027803941,0.019388939,3.2374606e-07,7.3249898e-06,15,1.5,0.02,0.04,-0.05,40,40,40
2.14,0.17256081,-0.078836909,1.0802874e-05,0.002417096,-0.17256081,0.078836909,-1.0802874e-05,-0.002417096,0.004085427,0.004085427,OK,0,0.027952827,0.019420016,3.2374665e-07,7.3542016e-06,15,1.5,0.02,0.04,-0.05,40,40,40
2.145,0.17215482,-0.082833014,2.3194219e-05,0.0025295031,-0.17215482,0.082833014,-2.3194219e-05,-0.0025295031,0.0042719437,0.0042719437,OK,0,0.028101013,0.019454322,3.2374934e-07,7.3861935e-06,15,1.5,0.02,0.04,-0.05,40,40,40
2.15,0.17172836,-0.087000298,3.6175089e-05,0.0026470531,-0.17172836,0.087000298,-3.6175089e-05,-0.0026470531,0.0044677611,0.0044677611,OK,0,0.028248466,0.019492168,3.2375588e-07,7.421228e-06,15,1.5,0.02,0.04,-0.05,40,40,40
2.155,0.17128052,-0.091347488,4.9746901e-05,0.0027700385,-0.17128052,0.091347488,-4.9746901e-05,-0.0027700385,0.004672972,0.004672972,OK,0,0.028395151,0.019533889,3.2376825e-07,7.4595935e-06,15,1.5,0.02,0.04,-0.05,40,40,40
2.16,0.17081043,-0.095884097,6.3992709e-05,0.0028989345,-0.17081043,0.095884097,-6.3992709e-05,-0.0028989345,0.0048891371,0.0048891371,OK,0,0.028541032,0.019579858,3.2378873e-07,7.5016126e-06,15,1.5,0.02,0.04,-0.05,40,40,40
2.165,0.17031675,-0.10061844,7.8575335e-05,0.0030335817,-0.17031675,0.10061844,-7.8575335e-05,-0.0030335817,0.0051106,0.0051106,OK,0,0.028686071,0.019630478,3.238196e-07,7.5476257e-06,15,1.5,0.02,0.04,-0.05,40,40,40
2.17,0.16979933,-0.10556795,9.4422543e-05,0.0031773447,-0.16979933,0.10556795,-9.4422543e-05,-0.0031773447,0.005355624,0.005355624,OK,0,0.02883023,0.019686201,3.2386418e-07,7.5981033e-06,15,1.5,0.02,0.04,-0.05,40,40,40
2.175,0.16925591,-0.11072509,0.00011035387,0.0033233628,-0.16925591,0.11072509,-0.00011035387,-0.0033233628,0.0055964668,0.0055964668,OK,0,0.028973468,0.019747502,3.2392507e-07,7.653327e-06,15,1.5,0.02,0.04,-0.05,40,40,40
2.18,0.1686865,-0.11612308,0.00012755013,0.0034810313,-0.1686865,0.11612308,-0.00012755013,-0.0034810313,0.0058636058,0.0058636058,OK,0,0.029115744,0.019814925,3.2400641e-07,7.7139149e-06,15,1.5,0.02,0.04,-0.05,40,40,40
2.185,0.16809428,-0.11680886,0.00014424063,0.0024159295,-0.16809428,0.11680886,-0.00014424063,-0.0024159295,0.0044770351,0.0044770351,OK,0,0.029257022,0.019883146,3.2411044e-07,7.7430985e-06,15,1.5,0.02,0.04,-0.05,40,40,40
2.19,0.16755795,-0.10096023,0.00014145873,-0.0024958371,-0.16755795,0.10096023,-0.00014145873,0.0024958371,-0.0023091251,-0.0023091251,OK,0,0.029397401,0.019934111,3.2421049e-07,7.7742445e-06,15,1.5,0.02,0.04,-0.05,40,40,40
2.195,0.16707012,-0.095332613,0.00012620139,-0.0033686147,-0.16707012,0.095332613,-0.00012620139,0.0033686147,-0.0036318033,-0.0036318033,OK,0,0.029536963,0.019979552,3.2429013e-07,7.8309823e-06,15,1.5,0.02,0.04,-0.05,40,40,40
2.2,0.16660348,-0.092087401,0.00010942678,-0.0033596312,-0.16660348,0.092087401,-0.00010942678,0.0033596312,-0.0037494717,-0.0037494717,OK,0,0.029675746,0.020021953,3.2435e-07,7.8874179e-06,15,1.5,0.02,0.04,-0.05,40,40,40
2.205,0.1661512,-0.089487021,9.3326869e-05,-0.0031674285,-0.1661512,0.089487021,-9.3326869e-05,0.0031674285,-0.0036076967,-0.0036076967,OK,0,0.029813777,0.020061993,3.2439355e-07,7.937581e-06,15,1.5,0.02,0.04,-0.05,40,40,40
2.21,0.16571092,-0.087147745,7.8069538e-05,-0.0029445883,-0.16571092,0.087147745,-7.8069538e-05,0.0029445883,-0.0034175308,-0.0034175308,OK,0,0.029951078,0.020099966,3.2442402e-07,7.980934e-06,15,1.5,0.02,0.04,-0.05,40,40,40
2.215,0.16528177,-0.084988616,6.3908204e-05,-0.0027216968,-0.16528177,0.084988616,-6.3908204e-05,0.0027216968,-0.0032178313,-0.0032178313,OK,0,0.030087668,0.020136081,3.2444444e-07,8.0179721e-06,15,1.5,0.02,0.04,-0.05,40,40,40
2.22,0.16486295,-0.082985093,5.0842508e-05,-0.0025067168,-0.16486295,0.082985093,-5.0842508e-05,0.0025067168,-0.0030195823,-0.0030195823,OK,0,0.030223567,0.020170514,3.2445737e-07,8.0493903e-06,15,1.5,0.02,0.04,-0.05,40,40,40
2.225,0.16445367,-0.081129113,3.8788336e-05,-0.0023010933,-0.16445367,0.081129113,-3.8788336e-05,0.0023010933,-0.002825906,-0.002825906,OK,0,0.030358792,0.020203424,3.2446489e-07,8.0758654e-06,15,1.5,0.02,0.04,-0.05,40,40,40
2.23,0.16405357,-0.079417823,2.8083216e-05,-0.002104295,-0.16405357,0.079417823,-2.8083216e-05,0.002104295,-0.0026308357,-0.0026308357,OK,0,0.03049336,0.02023496,3.2446883e-07,8.0980057e-06,15,1.5,0.02,0.04,-0.05,40,40,40
2.235,0.16366127,-0.07784066,1.7967974e-05,-0.001919035,-0.16366127,0.07784066,-1.7967974e-05,0.001919035,-0.0024494339,-0.0024494339,OK,0,0.030627285,0.020265256,3.2447045e-07,8.1164192e-06,15,1.5,0.02,0.04,-0.05,40,40,40
2.24,0.1632766,-0.076409026,8.948371e-06,-0.0017392518,-0.1632766,0.076409026,-8.948371e-06,0.0017392518,-0.0022654812,-0.0022654812,OK,0,0.030760582,0.020294447,3.2447085e-07,8.1315442e-06,15,1.5,0.02,0.04,-0.05,40,40,40
2.245,0.16289839,-0.075112158,5.1900049e-07,-0.001567981,-0.16289839,0.075112158,-5.1900049e-07,0.001567981,-0.0020907049,-0.0020907049,OK,0,0.030893261,0.020322656,3.2447085e-07,8.143837e-06,15,1.5,0.02,0.04,-0.05,40,40,40
2.25,0.1625265,-0.073956643,-6.8147295e-06,-0.0014013638,-0.1625265,0.073956643,6.8147295e-06,0.0014013638,-0.0019120025,-0.0019120025,OK,0,0.031025335,0.020350004,3.2447108e-07,8.1536561e-06,15,1.5,0.02,0.04,-0.05,40,40,40
2.255,0.16216011,-0.072931084,-1.3221054e-05,-0.0012429121,-0.16216011,0.072931084,1.3221054e-05,0.0012429121,-0.0017367251,-0.0017367251,OK,0,0.031156815,0.020376599,3.2447196e-07,8.1613803e-06,15,1.5,0.02,0.04,-0.05,40,40,40
2.26,0.16179827,-0.07203525,-1.9037149e-05,-0.0010917452,-0.16179827,0.07203525,1.9037149e-05,0.0010917452,-0.0015686195,-0.0015686195,OK,0,0.031287708,0.020402544,3.2447377e-07,8.1673398e-06,15,1.5,0.02,0.04,-0.05,40,40,40
2.265,0.16144052,-0.071274936,-2.4094776e-05,-0.00094466534,-0.16144052,0.071274936,2.4094776e-05,0.00094466534,-0.0014006066,-0.0014006066,OK,0,0.031418023,0.020427945,3.2447667e-07,8.1718018e-06,15,1.5,0.02,0.04,-0.05,40,40,40
2.27,0.16108605,-0.07064652,-2.8562524e-05,-0.00080238209,-0.16108605,0.07064652,2.8562524e-05,0.00080238209,-0.0012361509,-0.0012361509,OK,0,0.031547767,0.0204529,3.2448075e-07,8.1750208e-06,15,1.5,0.02,0.04,-0.05,40,40,40
2.275,0.16073462,-0.070152019,-3.2018748e-05,-0.00066344374,-0.16073462,0.070152019,3.2018748e-05,0.00066344374,-0.0010668352,-0.0010668352,OK,0,0.031676945,0.020477506,3.2448588e-07,8.1772216e-06,15,1.5,0.02,0.04,-0.05,40,40,40
2.28,0.16038495,-0.069782117,-3.5137448e-05,-0.0005310776,-0.16038495,0.069782117,3.5137448e-05,0.0005310776,-0.00090726372,-0.00090726372,OK,0,0.031805562,0.020501854,3.2449205e-07,8.1786318e-06,15,1.5,0.02,0.04,-0.05,40,40,40
2.285,0.16003691,-0.069549006,-3.7413562e-05,-0.00039994443,-0.16003691,0.069549006,3.7413562e-05,0.00039994443,-0.0007423421,-0.0007423421,OK,0,0.031933621,0.020526039,3.2449905e-07,8.1794316e-06,15,1.5,0.02,0.04,-0.05,40,40,40
2.29,0.15968976,-0.069444026,-3.8930511e-05,-0.00027322356,-0.15968976,0.069444026,3.8930511e-05,0.00027322356,-0.00057775877,-0.00057775877,OK,0,0.032061125,0.020550152,3.2450663e-07,8.1798049e-06,15,1.5,0.02,0.04,-0.05,40,40,40
2.295,0.15934247,-0.069467312,-4.0110982e-05,-0.0001506564,-0.15934247,0.069467312,4.0110982e-05,0.0001506564,-0.00041949232,-0.00041949232,OK,0,0.032188075,0.02057428,3.2451467e-07,8.1799184e-06,15,1.5,0.02,0.04,-0.05,40,40,40
2.3,0.15899472,-0.069628201,-4.0616756e-05,-2.8378233e-05,-0.15899472,0.069628201,4.0616756e-05,2.8378233e-05,-0.00025705239,-0.00025705239,OK,0,0.032314472,0.020598521,3.2452292e-07,8.1799224e-06,15,1.5,0.02,0.04,-0.05,40,40,40
2.305,0.15864608,-0.069921765,-4.0195127e-05,9.1611919e-05,-0.15864608,0.069921765,4.0195127e-05,-9.1611919e-05,-8.9458002e-05,-8.9458002e-05,OK,0,0.032440314,0.020622966,3.24531e-07,8.1799644e-06,15,1.5,0.02,0.04,-0.05,40,40,40
2.31,0.15829526,-0.070342366,-3.9520791e-05,0.00020691999,-0.15829526,0.070342366,3.9520791e-05,-0.00020691999,6.9778769e-05,6.9778769e-05,OK,0,0.032565601,0.020647706,3.2453881e-07,8.1801784e-06,15,1.5,0.02,0.04,-0.05,40,40,40
2.315,0.1579421,-0.070904329,-3.8087639e-05,0.00032309567,-0.1579421,0.070904329,3.8087639e-05,-0.00032309567,0.00023599782,0.00023599782,OK,0,0.03269033,0.020672843,3.2454606e-07,8.1807004e-06,15,1.5,0.02,0.04,-0.05,40,40,40
2.32,0.15758566,-0.071600801,-3.6149074e-05,0.00043703789,-0.15758566,0.071600801,3.6149074e-05,-0.00043703789,0.00040100187,0.00040100187,OK,0,0.032814496,0.020698477,3.2455259e-07,8.1816554e-06,15,1.5,0.02,0.04,-0.05,40,40,40
2.325,0.15722525,-0.072437346,-3.3704399e-05,0.00055054075,-0.15722525,0.072437346,3.3704399e-05,-0.00055054075,0.00056725638,0.00056725638,OK,0,0.032938095,0.020724712,3.2455827e-07,8.1831709e-06,15,1.5,0.02,0.04,-0.05,40,40,40
2.33,0.15686026,-0.073416736,-3.0669843e-05,0.00066416102,-0.15686026,0.073416736,3.0669843e-05,-0.00066416102,0.00073672969,0.00073672969,OK,0,0.033061121,0.020751663,3.2456298e-07,8.1853764e-06,15,1.5,0.02,0.04,-0.05,40,40,40
2.335,0.15649005,-0.074539678,-2.6960939e-05,0.00077750886,-0.15649005,0.074539678,2.6960939e-05,-0.00077750886,0.00091006311,0.00091006311,OK,0,0.033183566,0.020779443,3.2456661e-07,8.188399e-06,15,1.5,0.02,0.04,-0.05,40,40,40
2.34,0.15612158,-0.072590661,-2.4937904e-05,7.2543361e-05,-0.15612158,0.072590661,2.4937904e-05,-7.2543361e-05,-4.6448391e-05,-4.6448391e-05,OK,0,0.033305436,0.02080579,3.2456972e-07,8.1884253e-06,15,1.5,0.02,0.04,-0.05,40,40,40
2.345,0.15576188,-0.071537802,-2.5443675e-05,-0.00018695993,-0.15576188,0.071537802,2.5443675e-05,0.00018695993,-0.00040836946,-0.00040836946,OK,0,0.033426745,0.020831379,3.2457296e-07,8.1886001e-06,15,1.5,0.02,0.04,-0.05,40,40,40
2.35,0.15540491,-0.071376083,-2.62025e-05,-0.00014444589,-0.15540491,0.071376083,2.62025e-05,0.00014444589,-0.00035665139,-0.00035665139,OK,0,0.033547498,0.020856851,3.2457639e-07,8.1887044e-06,15,1.5,0.02,0.04,-0.05,40,40,40
2.355,0.15504779,-0.071513864,-2.6623801e-05,-3.8376667e-05,-0.15504779,0.071513864,2.6623801e-05,3.8376667e-05,-0.0002165208,-0.0002165208,OK,0,0.033667698,0.020882423,3.2457994e-07,8.1887118e-06,15,1.5,0.02,0.04,-0.05,40,40,40
2.36,0.15468931,-0.071825792,-2.6623809e-05,8.065497e-05,-0.15468931,0.071825792,2.6623809e-05,-8.065497e-05,-5.762024e-05,-5.762024e-05,OK,0,0.033787341,0.020908217,3.2458348e-07,8.1887443e-06,15,1.5,0.02,0.04,-0.05,40,40,40
2.365,0.15432906,-0.072286886,-2.5780881e-05,0.00020243224,-0.15432906,0.072286886,2.5780881e-05,-0.00020243224,0.00011204085,0.00011204085,OK,0,0.033906429,0.020934344,3.245868e-07,8.1889492e-06,15,1.5,0.02,0.04,-0.05,40,40,40
2.37,0.15396591,-0.072884381,-2.451666e-05,0.00032155359,-0.15396591,0.072884381,2.451666e-05,-0.00032155359,0.00027852353,0.00027852353,OK,0,0.034024956,0.020960905,3.2458981e-07,8.1894662e-06,15,1.5,0.02,0.04,-0.05,40,40,40
2.375,0.15359943,-0.073626137,-2.2577741e-05,0.00044082282,-0.15359943,0.073626137,2.2577741e-05,-0.00044082282,0.00044951129,0.00044951129,OK,0,0.03414292,0.020988009,3.2459236e-07,8.1904378e-06,15,1.5,0.02,0.04,-0.05,40,40,40
2.38,0.15322882,-0.074509787,-2.0049291e-05,0.0005588065,-0.15322882,0.074509787,2.0049291e-05,-0.0005588065,0.00062165521,0.00062165521,OK,0,0.034260316,0.021015768,3.2459437e-07,8.1919991e-06,15,1.5,0.02,0.04,-0.05,40,40,40
2.385,0.15285352,-0.075538493,-1.6761325e-05,0.00067618454,-0.15285352,0.075538493,1.6761325e-05,-0.00067618454,0.00079838758,0.00079838758,OK,0,0.034377137,0.021044298,3.2459577e-07,8.1942853e-06,15,1.5,0.02,0.04,-0.05,40,40,40
2.39,0.15247215,-0.076711272,-1.338994e-05,0.00079184857,-0.15247215,0.076711272,1.338994e-05,-0.00079184857,0.00096791593,0.00096791593,OK,0,0.034493375,0.021073721,3.2459667e-07,8.1974204e-06,15,1.5,0.02,0.04,-0.05,40,40,40
2.395,0.15208486,-0.078044737,-9.0066827e-06,0.00091167034,-0.15208486,0.078044737,9.0066827e-06,-0.00091167034,0.0011523131,0.0011523131,OK,0,0.034609024,0.021104176,3.2459707e-07,8.2015761e-06,15,1.5,0.02,0.04,-0.05,40,40,40
2.4,0.1516903,-0.079524816,-4.2017817e-06,0.0010290221,-0.1516903,0.079524816,4.2017817e-06,-0.0010290221,0.0013333198,0.0013333198,OK,0,0.034724074,0.021135797,3.2459716e-07,8.2068705e-06,15,1.5,0.02,0.04,-0.05,40,40,40
2.405,0.15128786,-0.08116429,1.1929987e-06,0.0011479838,-0.15128786,0.08116429,-1.1929987e-06,-0.0011479838,0.0015190564,0.0015190564,OK,0,0.034838514,0.021168735,3.2459717e-07,8.2134599e-06,15,1.5,0.02,0.04,-0.05,40,40,40
2.41,0.15087691,-0.082965171,7.3462449e-06,0.0012681687,-0.15087691,0.082965171,-7.3462449e-06,-0.0012681687,0.0017113781,0.0017113781,OK,0,0.034952333,0.021203151,3.2459744e-07,8.2215011e-06,15,1.5,0.02,0.04,-0.05,40,40,40
2.415,0.15045646,-0.084927671,1.4090075e-05,0.0013883345,-0.15045646,0.084927671,-1.4090075e-05,-0.0013883345,0.0019058753,0.0019058753,OK,0,0.035065519,0.021239215,3.2459843e-07,8.2311385e-06,15,1.5,0.02,0.04,-0.05,40,40,40
2.42,0.1500256,-0.087059146,2.1339313e-05,0.0015099913,-0.1500256,0.087059146,-2.1339313e-05,-0.0015099913,0.0021032227,0.0021032227,OK,0,0.035178058,0.021277111,3.2460071e-07,8.2425389e-06,15,1.5,0.02,0.04,-0.05,40,40,40
2.425,0.14958344,-0.089366877,2.9093959e-05,0.001634484,-0.14958344,0.089366877,-2.9093959e-05,-0.001634484,0.0023051291,0.0023051291,OK,0,0.035289934,0.021317043,3.2460494e-07,8.2558966e-06,15,1.5,0.02,0.04,-0.05,40,40,40
2.43,0.14912933,-0.09185663,3.7607778e-05,0.0017624087,-0.14912933,0.09185663,-3.7607778e-05,-0.0017624087,0.0025160512,0.0025160512,OK,0,0.035401131,0.021359232,3.2461201e-07,8.271427e-06,15,1.5,0.02,0.04,-0.05,40,40,40
2.435,0.14866227,-0.09452876,4.6795945e-05,0.0018920376,-0.14866227,0.09452876,-4.6795945e-05,-0.0018920376,0.0027320905,0.0027320905,OK,0,0.035511634,0.02140391,3.2462296e-07,8.289326e-06,15,1.5,0.02,0.04,-0.05,40,40,40
2.44,0.14818147,-0.097390153,5.6827049e-05,0.0020241304,-0.14818147,0.097390153,-5.6827049e-05,-0.0020241304,0.0029566246,0.0029566246,OK,0,0.035621422,0.021451334,3.2463911e-07,8.3098115e-06,15,1.5,0.02,0.04,-0.05,40,40,40
2.445,0.14768538,-0.10044386,6.7110855e-05,0.0021577529,-0.14768538,0.10044386,-6.7110855e-05,-0.0021577529,0.0031792453,0.0031792453,OK,0,0.035730477,0.021501779,3.2466163e-07,8.333091e-06,15,1.5,0.02,0.04,-0.05,40,40,40
2.45,0.14717355,-0.10370882,7.8237597e-05,0.0022982212,-0.14717355,0.10370882,-7.8237597e-05,-0.0022982212,0.003416014,0.003416014,OK,0,0.035838778,0.021555557,3.2469223e-07,8.3595001e-06,15,1.5,0.02,0.04,-0.05,40,40,40
2.455,0.14664491,-0.10718212,9.0207273e-05,0.0024418857,-0.14664491,0.10718212,-9.0207273e-05,-0.0024418857,0.003661551,0.003661551,OK,0,0.035946301,0.021612997,3.2473292e-07,8.3893141e-06,15,1.5,0.02,0.04,-0.05,40,40,40
2.46,0.14609814,-0.11086966,0.00010276718,0.0025884739,-0.14609814,0.11086966,-0.00010276718,-0.0025884739,0.0039113949,0.0039113949,OK,0,0.036053025,0.021674457,3.2478573e-07,8.4228151e-06,15,1.5,0.02,0.04,-0.05,40,40,40
2.465,0.14553243,-0.11478482,0.00011625414,0.0027405683,-0.14553243,0.11478482,-0.00011625414,-0.0027405683,0.0041739207,0.0041739207,OK,0,0.036158923,0.021740335,3.248533e-07,8.4603687e-06,15,1.5,0.02,0.04,-0.05,40,40,40
2.47,0.14499486,-0.099499024,0.00011794001,-0.001956145,-0.14499486,0.099499024,-0.00011794001,0.001956145,-0.002245181,-0.002245181,OK,0,0.036264041,0.021789835,3.2492285e-07,8.4795012e-06,15,1.5,0.02,0.04,-0.05,40,40,40
2.475,0.14452856,-0.089239825,0.00010217731,-0.0040081029,-0.14452856,0.089239825,-0.00010217731,0.0040081029,-0.0051585166,-0.0051585166,OK,0,0.036368483,0.021829654,3.2497505e-07,8.5598257e-06,15,1.5,0.02,0.04,-0.05,40,40,40
2.48,0.14409916,-0.08360215,8.1019097e-05,-0.0042710853,-0.14409916,0.08360215,-8.1019097e-05,0.0042710853,-0.0056534443,-0.0056534443,OK,0,0.036472306,0.0218646,3.2500787e-07,8.6510365e-06,15,1.5,0.02,0.04,-0.05,40,40,40
2.485,0.14369502,-0.079102023,6.0198779e-05,-0.0041461006,-0.14369502,0.079102023,-6.0198779e-05,0.0041461006,-0.0056063497,-0.0056063497,OK,0,0.036575547,0.021895886,3.2502599e-07,8.7369873e-06,15,1.5,0.02,0.04,-0.05,40,40,40
2.49,0.14331193,-0.074942259,3.9799394e-05,-0.0039511142,-0.14331193,0.074942259,-3.9799394e-05,0.0039511142,-0.005461132,-0.005461132,OK,0,0.036678239,0.021923968,3.2503391e-07,8.8150438e-06,15,1.5,0.02,0.04,-0.05,40,40,40
2.495,0.14294936,-0.070961339,2.0664944e-05,-0.0037477941,-0.14294936,0.070961339,-2.0664944e-05,0.0037477941,-0.0052911833,-0.0052911833,OK,0,0.036780411,0.021949145,3.2503605e-07,8.8852736e-06,15,1.5,0.02,0.04,-0.05,40,40,40
2.5,0.14260634,-0.067103448,2.5416619e-06,-0.0035552783,-0.14260634,0.067103448,-2.5416619e-06,0.0035552783,-0.0051268035,-0.0051268035,OK,0,0.036882094,0.02197166,3.2503608e-07,8.9484736e-06,15,1.5,0.02,0.04,-0.05,40,40,40
2.505,0.14228244,-0.063356661,-1.4485628e-05,-0.0033751063,-0.14228244,0.063356661,1.4485628e-05,0.0033751063,-0.0049685615,-0.0049685615,OK,0,0.036983316,0.02199173,3.2503713e-07,9.0054303e-06,15,1.5,0.02,0.04,-0.05,40,40,40
2.51,0.14197644,-0.059710419,-3.1176093e-05,-0.0032083651,-0.14197644,0.059710419,3.1176093e-05,0.0032083651,-0.0048290771,-0.0048290771,OK,0,0.037084102,0.022009557,3.2504199e-07,9.0568984e-06,15,1.5,0.02,0.04,-0.05,40,40,40
2.515,0.14168879,-0.056172692,-4.6601632e-05,-0.0030487619,-0.14168879,0.056172692,4.6601632e-05,0.0030487619,-0.0046852992,-0.0046852992,OK,0,0.037184481,0.022025334,3.2505285e-07,9.1033731e-06,15,1.5,0.02,0.04,-0.05,40,40,40
2.52,0.14141831,-0.052719075,-6.1521758e-05,-0.0029031528,-0.14141831,0.052719075,6.1521758e-05,0.0029031528,-0.0045579524,-0.0045579524,OK,0,0.037284476,0.02203923,3.2507177e-07,9.1455146e-06,15,1.5,0.02,0.04,-0.05,40,40,40
2.525,0.14116488,-0.049355186,-7.5683068e-05,-0.0027663678,-0.14116488,0.049355186,7.5683068e-05,0.0027663678,-0.0044357075,-0.0044357075,OK,0,0.037384114,0.02205141,3.2510041e-07,9.1837785e-06,15,1.5,0.02,0.04,-0.05,40,40,40
2.53,0.14092821,-0.046070915,-8.9001444e-05,-0.0026396596,-0.14092821,0.046070915,8.9001444e-05,0.0026396596,-0.0043187835,-0.0043187835,OK,0,0.037483418,0.022062022,3.2514002e-07,9.2186175e-06,15,1.5,0.02,0.04,-0.05,40,40,40
2.535,0.14070757,-0.042856864,-0.00010189818,-0.0025240673,-0.14070757,0.042856864,0.00010189818,0.0025240673,-0.004214697,-0.004214697,OK,0,0.037582411,0.022071206,3.2519193e-07,9.2504721e-06,15,1.5,0.02,0.04,-0.05,40,40,40
2.54,0.14050263,-0.039714724,-0.00011437397,-0.0024162252,-0.14050263,0.039714724,0.00011437397,0.0024162252,-0.0041184836,-0.0041184836,OK,0,0.037681116,0.022079092,3.2525734e-07,9.2796628e-06,15,1.5,0.02,0.04,-0.05,40,40,40
2.545,0.14031319,-0.036639454,-0.00012634399,-0.0023155456,-0.14031319,0.036639454,0.00012634399,0.0023155456,-0.0040277926,-0.0040277926,OK,0,0.037779555,0.022085805,3.2533715e-07,9.3064716e-06,15,1.5,0.02,0.04,-0.05,40,40,40
2.55,0.14013939,-0.033622999,-0.00013738627,-0.0022227192,-0.14013939,0.033622999,0.00013738627,0.0022227192,-0.0039370049,-0.0039370049,OK,0,0.03787775,0.022091457,3.2543153e-07,9.331174e-06,15,1.5,0.02,0.04,-0.05,40,40,40
2.555,0.13998027,-0.030649569,-0.00014825996,-0.0021416091,-0.13998027,0.030649569,0.00014825996,0.0021416091,-0.0038626904,-0.0038626904,OK,0,0.037975722,0.022096154,3.2554143e-07,9.3541065e-06,15,1.5,0.02,0.04,-0.05,40,40,40
2.56,0.13983581,-0.027727254,-0.00015879682,-0.0020664951,-0.13983581,0.027727254,0.00015879682,0.0020664951,-0.0037940688,-0.0037940688,OK,0,0.038073493,0.022099998,3.2566752e-07,9.3754585e-06,15,1.5,0.02,0.04,-0.05,40,40,40
2.565,0.13970589,-0.024848999,-0.00016891205,-0.0019978096,-0.13970589,0.024848999,0.00016891205,0.0019978096,-0.0037302373,-0.0037302373,OK,0,0.038171081,0.022103085,3.2581017e-07,9.3954147e-06,15,1.5,0.02,0.04,-0.05,40,40,40
2.57,0.13959026,-0.022006682,-0.0001786901,-0.0019364581,-0.13959026,0.022006682,0.0001786901,0.0019364581,-0.0036735007,-0.0036735007,OK,0,0.038268509,0.022105507,3.2596982e-07,9.414164e-06,15,1.5,0.02,0.04,-0.05,40,40,40
2.575,0.13948862,-0.019195649,-0.00018829956,-0.0018819826,-0.13948862,0.019195649,0.00018829956,0.0018819826,-0.0036255209,-0.0036255209,OK,0,0.038365794,0.022107349,3.2614711e-07,9.4318733e-06,15,1.5,0.02,0.04,-0.05,40,40,40
2.58,0.1394011,-0.016413774,-0.00019748772,-0.0018329378,-0.1394011,0.016413774,0.00019748772,0.0018329378,-0.0035802514,-0.0035802514,OK,0,0.038462957,0.022108696,3.2634211e-07,9.4486716e-06,15,1.5,0.02,0.04,-0.05,40,40,40
2.585,0.13932721,-0.013650438,-0.00020667589,-0.0017913321,-0.13932721,0.013650438,0.00020667589,0.0017913321,-0.0035466097,-0.0035466097,OK,0,0.038560018,0.022109628,3.2655569e-07,9.464716e-06,15,1.5,0.02,0.04,-0.05,40,40,40
2.59,0.1392673,-0.010907844,-0.00021544241,-0.0017540242,-0.1392673,0.010907844,0.00021544241,0.0017540242,-0.0035136403,-0.0035136403,OK,0,0.038656995,0.022110223,3.2678776e-07,9.480099e-06,15,1.5,0.02,0.04,-0.05,40,40,40
2.595,0.13922098,-0.0081726485,-0.00022412448,-0.0017241637,-0.13922098,0.0081726485,0.00022412448,0.0017241637,-0.003490599,-0.003490599,OK,0,0.038753907,0.022110557,3.2703892e-07,9.4949627e-06,15,1.5,0.02,0.04,-0.05,40,40,40
2.6,0.13918844,-0.0054447574,-0.00023255384,-0.0016995703,-0.13918844,0.0054447574,0.00023255384,0.0016995703,-0.0034716846,-0.0034716846,OK,0,0.038850774,0.022110705,3.2730933e-07,9.5094054e-06,15,1.5,0.02,0.04,-0.05,40,40,40
2.605,0.13916909,-0.0027158179,-0.0002413207,-0.0016814046,-0.13916909,0.0027158179,0.0002413207,0.0016814046,-0.0034671684,-0.0034671684,OK,0,0.038947614,0.022110742,3.2760051e-07,9.523541e-06,15,1.5,0.02,0.04,-0.05,40,40,40
2.61,0.13916395,7.8638397e-06,-0.00024941255,-0.0016649213,-0.13916395,-7.8638397e-06,0.00024941255,0.0016649213,-0.0034549767,-0.0034549767,OK,0,0.039044447,0.022110742,3.2791154e-07,9.5374008e-06,15,1.5,0.02,0.04,-0.05,40,40,40
2.615,0.13917208,0.0027514927,-0.00025784224,-0.0016580876,-0.13917208,-0.0027514927,0.00025784224,0.0016580876,-0.0034612635,-0.0034612635,OK,0,0.039141292,0.02211078,3.2824395e-07,9.5511471e-06,15,1.5,0.02,0.04,-0.05,40,40,40
2.62,0.13919435,0.0055030259,-0.00026584963,-0.001653845,-0.13919435,-0.0055030259,0.00026584963,0.001653845,-0.0034645038,-0.0034645038,OK,0,0.039238167,0.022110931,3.2859733e-07,9.5648231e-06,15,1.5,0.02,0.04,-0.05,40,40,40
2.625,0.13922995,0.0082812214,-0.00027436378,-0.0016575499,-0.13922995,-0.0082812214,0.00027436378,0.0016575499,-0.0034859336,-0.0034859336,OK,0,0.039335092,0.022111274,3.2897371e-07,9.5785604e-06,15,1.5,0.02,0.04,-0.05,40,40,40
2.63,0.13927975,0.011074648,-0.00028262455,-0.0016623722,-0.13927975,-0.011074648,0.00028262455,0.0016623722,-0.0035043456,-0.0035043456,OK,0,0.039432086,0.022111887,3.293731e-07,9.5923779e-06,15,1.5,0.02,0.04,-0.05,40,40,40
2.635,0.13934349,0.013902255,-0.00029105391,-0.0016737212,-0.13934349,-0.013902255,0.00029105391,0.0016737212,-0.0035334304,-0.0035334304,OK,0,0.039529169,0.022112854,3.2979666e-07,9.6063846e-06,15,1.5,0.02,0.04,-0.05,40,40,40
2.64,0.13942153,0.016763621,-0.00029948327,-0.0016891741,-0.13942153,-0.016763621,0.00029948327,0.0016891741,-0.0035670347,-0.0035670347,OK,0,0.039626361,0.022114259,3.3024511e-07,9.6206511e-06,15,1.5,0.02,0.04,-0.05,40,40,40
2.645,0.13951417,0.0196673,-0.0003078285,-0.0017099037,-0.13951417,-0.0196673,0.0003078285,0.0017099037,-0.0036053076,-0.0036053076,OK,0,0.039723682,0.022116193,3.307189e-07,9.63527e-06,15,1.5,0.02,0.04,-0.05,40,40,40
2.65,0.13962143,0.022621859,-0.00031634199,-0.001737061,-0.13962143,-0.022621859,0.00031634199,0.001737061,-0.0036534183,-0.0036534183,OK,0,0.039821153,0.022118752,3.3121926e-07,9.6503569e-06,15,1.5,0.02,0.04,-0.05,40,40,40
2.655,0.13974351,0.025628762,-0.00032510852,-0.0017688956,-0.13974351,-0.025628762,0.00032510852,0.0017688956,-0.0037099506,-0.0037099506,OK,0,0.039918794,0.022122036,3.3174774e-07,9.6660018e-06,15,1.5,0.02,0.04,-0.05,40,40,40
2.66,0.13988053,0.028691773,-0.00033429669,-0.0018045491,-0.13988053,-0.028691773,0.00033429669,0.0018045491,-0.0037759924,-0.0037759924,OK,0,0.040016627,0.022126152,3.3230651e-07,9.6822838e-06,15,1.5,0.02,0.04,-0.05,40,40,40
2.665,0.14003322,0.031813406,-0.00034348486,-0.0018426159,-0.14003322,-0.031813406,0.00034348486,0.0018426159,-0.003842996,-0.003842996,OK,0,0.040114673,0.022131212,3.3289642e-07,9.69926e-06,15,1.5,0.02,0.04,-0.05,40,40,40
2.67,0.14020186,0.035008693,-0.00035275716,-0.0018866954,-0.14020186,-0.035008693,0.00035275716,0.0018866954,-0.0039170155,-0.0039170155,OK,0,0.040212956,0.02213734,3.3351861e-07,9.7170581e-06,15,1.5,0.02,0.04,-0.05,40,40,40
2.675,0.14038669,0.038284414,-0.00036228217,-0.0019370053,-0.14038669,-0.038284414,0.00036228217,0.0019370053,-0.0040006302,-0.0040006302,OK,0,0.040311498,0.022144669,3.3417485e-07,9.735818e-06,15,1.5,0.02,0.04,-0.05,40,40,40
2.68,0.14058816,0.041644093,-0.00037206024,-0.0019923926,-0.14058816,-0.041644093,0.00037206024,0.0019923926,-0.0040919656,-0.0040919656,OK,0,0.040410323,0.02215334,3.3486699e-07,9.7556662e-06,15,1.5,0.02,0.04,-0.05,40,40,40
2.685,0.14080673,0.045094383,-0.00038209134,-0.0020529022,-0.14080673,-0.045094383,0.00038209134,0.0020529022,-0.0041908135,-0.0041908135,OK,0,0.040509456,0.022163507,3.3559696e-07,9.7767382e-06,15,1.5,0.02,0.04,-0.05,40,40,40
2.69,0.14104264,0.048642713,-0.00039262821,-0.0021188256,-0.14104264,-0.048642713,0.00039262821,0.0021188256,-0.0043011001,-0.0043011001,OK,0,0.040608921,0.022175338,3.3636775e-07,9.7991853e-06,15,1.5,0.02,0.04,-0.05,40,40,40
2.695,0.14129668,0.052291428,-0.0004034178,-0.0021883296,-0.14129668,-0.052291428,0.0004034178,0.0021883296,-0.0044161706,-0.0044161706,OK,0,0.040708745,0.02218901,3.3718148e-07,9.8231292e-06,15,1.5,0.02,0.04,-0.05,40,40,40
2.7,0.14156923,0.05605291,-0.00041462901,-0.0022635519,-0.14156923,-0.05605291,0.00041462901,0.0022635519,-0.004541262,-0.004541262,OK,0,0.040808954,0.02220472,3.3804106e-07,9.8487476e-06,15,1.5,0.02,0.04,-0.05,40,40,40
2.705,0.14186099,0.059932656,-0.00042617708,-0.0023437699,-0.14186099,-0.059932656,0.00042617708,0.0023437699,-0.004673785,-0.004673785,OK,0,0.040909577,0.022222679,3.389492e-07,9.8762139e-06,15,1.5,0.02,0.04,-0.05,40,40,40
2.71,0.14217286,0.063940492,-0.00043780961,-0.0024299153,-0.14217286,-0.063940492,0.00043780961,0.0024299153,-0.0048109402,-0.0048109402,OK,0,0.041010643,0.022243121,3.3990758e-07,9.9057363e-06,15,1.5,0.02,0.04,-0.05,40,40,40
2.715,0.14250463,0.068090922,-0.00045045398,-0.0025247096,-0.14250463,-0.068090922,0.00045045398,0.0025247096,-0.0049701447,-0.0049701447,OK,0,0.04111218,0.022266303,3.4092213e-07,9.9376071e-06,15,1.5,0.02,0.04,-0.05,40,40,40
2.72,0.14285768,0.072374326,-0.0004634352,-0.002621041,-0.14285768,-0.072374326,0.0004634352,0.002621041,-0.005130963,-0.005130963,OK,0,0.041214222,0.022292493,3.4199599e-07,9.9719564e-06,15,1.5,0.02,0.04,-0.05,40,40,40
2.725,0.14323275,0.07681098,-0.0004767536,-0.0027237465,-0.14323275,-0.07681098,0.0004767536,0.0027237465,-0.0052998294,-0.0052998294,OK,0,0.0413168,0.022321993,3.4313246e-07,1.000905e-05,15,1.5,0.02,0.04,-0.05,40,40,40
2.73,0.14363061,0.081412777,-0.00049049332,-0.0028341669,-0.14363061,-0.081412777,0.00049049332,0.0028341669,-0.0054795268,-0.0054795268,OK,0,0.041419949,0.022355133,3.4433538e-07,1.0049213e-05,15,1.5,0.02,0.04,-0.05,40,40,40
2.735,0.14405189,0.08618851,-0.0005049077,-0.0029522685,-0.14405189,-0.08618851,0.0005049077,0.0029522685,-0.0056734399,-0.0056734399,OK,0,0.041523704,0.022392275,3.4561004e-07,1.0092792e-05,15,1.5,0.02,0.04,-0.05,40,40,40
2.74,0.14449742,0.091143059,-0.00052008056,-0.0030763069,-0.14449742,-0.091143059,0.00052008056,0.0030763069,-0.0058799979,-0.0058799979,OK,0,0.041628101,0.022433811,3.4696246e-07,1.0140111e-05,15,1.5,0.02,0.04,-0.05,40,40,40
2.745,0.14496824,0.096284496,-0.00053592778,-0.0032056859,-0.14496824,-0.096284496,0.00053592778,0.0032056859,-0.006096701,-0.006096701,OK,0,0.04173318,0.022480164,3.4839855e-07,1.0191493e-05,15,1.5,0.02,0.04,-0.05,40,40,40
2.75,0.14546567,0.10162545,-0.00055211217,-0.0033415022,-0.14546567,-0.10162545,0.00055211217,0.0033415022,-0.0063196046,-0.0063196046,OK,0,0.041838981,0.022531803,3.4992269e-07,1.0247321e-05,15,1.5,0.02,0.04,-0.05,40,40,40
2.755,0.1459172,0.082946981,-0.00055110062,0.0025691677,-0.1459172,-0.082946981,0.00055110062,-0.0025691677,0.0018234655,0.0018234655,OK,0,0.04194544,0.022566204,3.5144125e-07,1.0280324e-05,15,1.5,0.02,0.04,-0.05,40,40,40
2.76,0.14631226,0.076466615,-0.00053500067,0.0036637058,-0.14631226,-0.076466615,0.00053500067,-0.0036637058,0.0034554584,0.0034554584,OK,0,0.042052477,0.02259544,3.5287238e-07,1.0347438e-05,15,1.5,0.02,0.04,-0.05,40,40,40
2.765,0.14668327,0.072710815,-0.00051637162,0.0037235574,-0.14668327,-0.072710815,0.00051637162,-0.0037235574,0.0036818597,0.0036818597,OK,0,0.042160057,0.022621874,3.5420557e-07,1.0416762e-05,15,1.5,0.02,0.04,-0.05,40,40,40
2.77,0.14703745,0.069652975,-0.00049824833,0.0035635642,-0.14703745,-0.069652975,0.00049824833,-0.0035635642,0.0035984894,0.0035984894,OK,0,0.042268157,0.022646132,3.5544683e-07,1.0480257e-05,15,1.5,0.02,0.04,-0.05,40,40,40
2.775,0.14737698,0.066835107,-0.00048113687,0.0033659387,-0.14737698,-0.066835107,0.00048113687,-0.0033659387,0.0034527988,0.0034527988,OK,0,0.042376757,0.022668466,3.5660429e-07,1.0536905e-05,15,1.5,0.02,0.04,-0.05,40,40,40
2.78,0.14770322,0.064153846,-0.00046461501,0.0031699536,-0.14770322,-0.064153846,0.00046461501,-0.0031699536,0.0033059236,0.0033059236,OK,0,0.042485838,0.022689045,3.5768363e-07,1.0587148e-05,15,1.5,0.02,0.04,-0.05,40,40,40
2.785,0.14801621,0.061593816,-0.00044927356,0.0029794861,-0.14801621,-0.061593816,0.00044927356,-0.0029794861,0.0031542027,0.0031542027,OK,0,0.042595382,0.022708014,3.5869286e-07,1.0631535e-05,15,1.5,0.02,0.04,-0.05,40,40,40
2.79,0.14831654,0.059135013,-0.00043502809,0.0028003753,-0.14831654,-0.059135013,0.00043502809,-0.0028003753,0.0030068728,0.0030068728,OK,0,0.042705371,0.022725499,3.5963911e-07,1.0670745e-05,15,1.5,0.02,0.04,-0.05,40,40,40
2.795,0.14860504,0.056771133,-0.00042145665,0.0026330263,-0.14860504,-0.056771133,0.00042145665,-0.0026330263,0.0028706358,0.0028706358,OK,0,0.042815788,0.022741613,3.6052724e-07,1.0705409e-05,15,1.5,0.02,0.04,-0.05,40,40,40
2.8,0.14888226,0.054505919,-0.00040847511,0.002473879,-0.14888226,-0.054505919,0.00040847511,-0.002473879,0.0027415736,0.0027415736,OK,0,0.042926618,0.022756468,3.613615e-07,1.073601e-05,15,1.5,0.02,0.04,-0.05,40,40,40
2.805,0.14914787,0.052338013,-0.00039684259,0.002321515,-0.14914787,-0.052338013,0.00039684259,-0.002321515,0.0026061115,0.0026061115,OK,0,0.043037843,0.022770164,3.6214892e-07,1.0762957e-05,15,1.5,0.02,0.04,-0.05,40,40,40
2.81,0.14940309,0.050247162,-0.00038571615,0.0021822206,-0.14940309,-0.050247162,0.00038571615,-0.0021822206,0.002485537,0.002485537,OK,0,0.04314945,0.022782788,3.628928e-07,1.0786767e-05,15,1.5,0.02,0.04,-0.05,40,40,40
2.815,0.14964838,0.048243908,-0.00037501069,0.0020499382,-0.14964838,-0.048243908,0.00037501069,-0.0020499382,0.0023724709,0.0023724709,OK,0,0.043261423,0.022794425,3.6359597e-07,1.0807778e-05,15,1.5,0.02,0.04,-0.05,40,40,40
2.82,0.14988364,0.046328696,-0.00036523263,0.0019227579,-0.14988364,-0.046328696,0.00036523263,-0.0019227579,0.002256468,0.002256468,OK,0,0.043373748,0.022805157,3.6426294e-07,1.0826263e-05,15,1.5,0.02,0.04,-0.05,40,40,40
2.825,0.15010974,0.0444875,-0.00035587587,0.0018046802,-0.15010974,-0.0444875,0.00035587587,-0.0018046802,0.0021505771,0.0021505771,OK,0,0.043486413,0.022815053,3.6489618e-07,1.0842548e-05,15,1.5,0.02,0.04,-0.05,40,40,40
2.83,0.15032695,0.04272531,-0.00034702488,0.0016921061,-0.15032695,-0.04272531,0.00034702488,-0.0016921061,0.0020483373,0.0020483373,OK,0,0.043599404,0.02282418,3.6549831e-07,1.0856864e-05,15,1.5,0.02,0.04,-0.05,40,40,40
2.835,0.15053527,0.041038291,-0.00033901714,0.0015850635,-0.15053527,-0.041038291,0.00033901714,-0.0015850635,0.0019445753,0.0019445753,OK,0,0.043712708,0.022832601,3.6607298e-07,1.0869426e-05,15,1.5,0.02,0.04,-0.05,40,40,40
2.84,0.1507357,0.0394156,-0.00033117767,0.0014864715,-0.1507357,-0.0394156,0.00033117767,-0.0014864715,0.0018533802,0.0018533802,OK,0,0.043826315,0.022840369,3.6662137e-07,1.0880474e-05,15,1.5,0.02,0.04,-0.05,40,40,40
2.845,0.15092797,0.03786685,-0.000324097,0.0013910609,-0.15092797,-0.03786685,0.000324097,-0.0013910609,0.0017583697,0.0017583697,OK,0,0.043940211,0.022847538,3.6714656e-07,1.0890149e-05,15,1.5,0.02,0.04,-0.05,40,40,40
2.85,0.15111271,0.036378625,-0.00031743764,0.0013029091,-0.15111271,-0.036378625,0.00031743764,-0.0013029091,0.0016701983,0.0016701983,OK,0,0.044054386,0.022854155,3.676504e-07,1.0898637e-05,15,1.5,0.02,0.04,-0.05,40,40,40
2.855,0.15129029,0.034953043,-0.00031111578,0.0012198874,-0.15129029,-0.034953043,0.00031111578,-0.0012198874,0.0015870221,0.0015870221,OK,0,0.04416883,0.022860264,3.6813436e-07,1.0906078e-05,15,1.5,0.02,0.04,-0.05,40,40,40
2.86,0.15146067,0.033589903,-0.00030546826,0.0011408554,-0.15146067,-0.033589903,0.00030546826,-0.0011408554,0.0015020686,0.0015020686,OK,0,0.044283532,0.022865905,3.6860092e-07,1.0912585e-05,15,1.5,0.02,0.04,-0.05,40,40,40
2.865,0.15162468,0.032279651,-0.00029990488,0.0010684989,-0.15162468,-0.032279651,0.00029990488,-0.0010684989,0.0014278547,0.0014278547,OK,0,0.044398482,0.022871115,3.6905063e-07,1.0918294e-05,15,1.5,0.02,0.04,-0.05,40,40,40
2.87,0.15178234,0.031030882,-0.00029467868,0.0009982338,-0.15178234,-0.031030882,0.00029467868,-0.0009982338,0.0013540527,0.0013540527,OK,0,0.044513671,0.02287593,3.6948481e-07,1.0923276e-05,15,1.5,0.02,0.04,-0.05,40,40,40
2.875,0.15193377,0.029837754,-0.00028995823,0.00093134863,-0.15193377,-0.029837754,0.00028995823,-0.00093134863,0.001279835,0.001279835,OK,0,0.044629091,0.022880381,3.6990519e-07,1.0927613e-05,15,1.5,0.02,0.04,-0.05,40,40,40
2.88,0.15207953,0.028693528,-0.00028540604,0.00086954125,-0.15207953,-0.028693528,0.00028540604,-0.00086954125,0.0012125529,0.0012125529,OK,0,0.044744731,0.022884498,3.7031247e-07,1.0931394e-05,15,1.5,0.02,0.04,-0.05,40,40,40
2.885,0.15221978,0.027602219,-0.00028110723,0.00081021819,-0.15221978,-0.027602219,0.00028110723,-0.00081021819,0.0011472032,0.0011472032,OK,0,0.044860586,0.022888307,3.7070758e-07,1.0934676e-05,15,1.5,0.02,0.04,-0.05,40,40,40
2.89,0.15235459,0.026560964,-0.00027722972,0.00075360298,-0.15235459,-0.026560964,0.00027722972,-0.00075360298,0.001081489,0.001081489,OK,0,0.044976645,0.022891835,3.7109186e-07,1.0937516e-05,15,1.5,0.02,0.04,-0.05,40,40,40
2.895,0.15248418,0.025563877,-0.00027377352,0.00070118108,-0.15248418,-0.025563877,0.00027377352,-0.00070118108,0.0010174077,0.0010174077,OK,0,0.045092902,0.022895102,3.7146662e-07,1.0939974e-05,15,1.5,0.02,0.04,-0.05,40,40,40
2.9,0.15260908,0.024608152,-0.00027040177,0.00065323615,-0.15260908,-0.024608152,0.00027040177,-0.00065323615,0.00096033542,0.00096033542,OK,0,0.04520935,0.02289813,3.718322e-07,1.0942108e-05,15,1.5,0.02,0.04,-0.05,40,40,40
2.905,0.15272941,0.023698873,-0.00026719861,0.00060690715,-0.15272941,-0.023698873,0.00026719861,-0.00060690715,0.00090492467,0.00090492467,OK,0,0.045325982,0.022900938,3.7218918e-07,1.0943949e-05,15,1.5,0.02,0.04,-0.05,40,40,40
2.91,0.15284513,0.022833723,-0.00026441708,0.00056235561,-0.15284513,-0.022833723,0.00026441708,-0.00056235561,0.00084752864,0.00084752864,OK,0,0.04544279,0.022903545,3.7253876e-07,1.094553e-05,15,1.5,0.02,0.04,-0.05,40,40,40
2.915,0.15295693,0.022005404,-0.0002615511,0.0005217891,-0.15295693,-0.022005404,0.0002615511,-0.0005217891,0.00079877192,0.00079877192,OK,0,0.045559769,0.022905966,3.7288081e-07,1.0946892e-05,15,1.5,0.02,0.04,-0.05,40,40,40
2.92,0.15306459,0.021221985,-0.00025902229,0.0004812521,-0.15306459,-0.021221985,0.00025902229,-0.0004812521,0.00074671505,0.00074671505,OK,0,0.045676913,0.022908218,3.7321627e-07,1.094805e-05,15,1.5,0.02,0.04,-0.05,40,40,40
2.925,0.1531683,0.02047471,-0.00025683065,0.00044360882,-0.1531683,-0.02047471,0.00025683065,-0.00044360882,0.00069530796,0.00069530796,OK,0,0.045794215,0.022910314,3.7354608e-07,1.0949034e-05,15,1.5,0.02,0.04,-0.05,40,40,40
2.93,0.15326856,0.019760655,-0.00025463901,0.00040940517,-0.15326856,-0.019760655,0.00025463901,-0.00040940517,0.00065031991,0.00065031991,OK,0,0.045911672,0.022912267,3.7387028e-07,1.0949872e-05,15,1.5,0.02,0.04,-0.05,40,40,40
2.935,0.15336519,0.019085303,-0.00025278455,0.00037582501,-0.15336519,-0.019085303,0.00025278455,-0.00037582501,0.00060268523,0.00060268523,OK,0,0.046029276,0.022914088,3.7418978e-07,1.0950578e-05,15,1.5,0.02,0.04,-0.05,40,40,40
2.94,0.15345888,0.018441388,-0.0002507615,0.00034522542,-0.15345888,-0.018441388,0.0002507615,-0.00034522542,0.00056324864,0.00056324864,OK,0,0.046147024,0.022915788,3.7450419e-07,1.0951174e-05,15,1.5,0.02,0.04,-0.05,40,40,40
2.945,0.15354911,0.0178373,-0.00024924388,0.00031367909,-0.15354911,-0.0178373,0.00024924388,-0.00031367909,0.00051633455,0.00051633455,OK,0,0.046264911,0.022917379,3.748148e-07,1.0951666e-05,15,1.5,0.02,0.04,-0.05,40,40,40
2.95,0.15363646,0.017259239,-0.00024781106,0.00028623607,-0.15363646,-0.017259239,0.00024781106,-0.00028623607,0.00047528709,0.00047528709,OK,0,0.046382932,0.022918869,3.7512185e-07,1.0952076e-05,15,1.5,0.02,0.04,-0.05,40,40,40
2.955,0.15372107,0.016712604,-0.00024646236,0.00026023101,-0.15372107,-0.016712604,0.00024646236,-0.00026023101,0.00043633674,0.00043633674,OK,0,0.046501082,0.022920265,3.7542557e-07,1.0952414e-05,15,1.5,0.02,0.04,-0.05,40,40,40
2.96,0.15380308,0.016197569,-0.00024519778,0.00023513117,-0.15380308,-0.016197569,0.00024519778,-0.00023513117,0.00039869442,0.00039869442,OK,0,0.046619359,0.022921577,3.7572618e-07,1.0952691e-05,15,1.5,0.02,0.04,-0.05,40,40,40
2.965,0.15388282,0.015713343,-0.00024384908,0.00021081852,-0.15388282,-0.015713343,0.00024384908,-0.00021081852,0.00036468169,0.00036468169,OK,0,0.046737759,0.022922811,3.7602349e-07,1.0952913e-05,15,1.5,0.02,0.04,-0.05,40,40,40
2.97,0.15395986,0.015262614,-0.00024300648,0.00018579833,-0.15395986,-0.015262614,0.00024300648,-0.00018579833,0.00032330211,0.00032330211,OK,0,0.046856277,0.022923976,3.7631876e-07,1.0953085e-05,15,1.5,0.02,0.04,-0.05,40,40,40
2.975,0.15403491,0.014832535,-0.00024207908,0.00016486621,-0.15403491,-0.014832535,0.00024207908,-0.00016486621,0.00029011265,0.00029011265,OK,0,0.046974911,0.022925076,3.7661177e-07,1.0953221e-05,15,1.5,0.02,0.04,-0.05,40,40,40
2.98,0.15410783,0.01443259,-0.00024132027,0.00014383441,-0.15410783,-0.01443259,0.00024132027,-0.00014383441,0.00025540775,0.00025540775,OK,0,0.047093657,0.022926118,3.7690294e-07,1.0953325e-05,15,1.5,0.02,0.04,-0.05,40,40,40
2.985,0.15417885,0.01405855,-0.00024064625,0.00012406704,-0.15417885,-0.01405855,0.00024064625,-0.00012406704,0.00022232575,0.00022232575,OK,0,0.047212513,0.022927106,3.771925e-07,1.0953402e-05,15,1.5,0.02,0.04,-0.05,40,40,40
2.99,0.15424792,0.013710807,-0.00024022461,0.00010508825,-0.15424792,-0.013710807,0.00024022461,-0.00010508825,0.00018765378,0.00018765378,OK,0,0.047331475,0.022928046,3.7748104e-07,1.0953457e-05,15,1.5,0.02,0.04,-0.05,40,40,40
2.995,0.15431549,0.013385296,-0.00023971885,8.8239939e-05,-0.15431549,-0.013385296,0.00023971885,-8.8239939e-05,0.0001582988,0.0001582988,OK,0,0.047450541,0.022928942,3.7776836e-07,1.0953496e-05,15,1.5,0.02,0.04,-0.05,40,40,40
3,0.15438161,0.013087937,-0.00023921309,7.0858962e-05,-0.15438161,-0.013087937,0.00023921309,-7.0858962e-05,0.00012924175,0.00012924175,OK,0,0.047569709,0.022929798,3.7805448e-07,1.0953521e-05,15,1.5,0.02,0.04,-0.05,40,40,40
3.005,0.15444624,0.012817624,-0.00023887591,5.3135975e-05,-0.15444624,-0.012817624,0.00023887591,-5.3135975e-05,9.8195005e-05,9.8195005e-05,OK,0,0.047688978,0.02293062,3.7833979e-07,1.0953535e-05,15,1.5,0.02,0.04,-0.05,40,40,40
3.01,0.15450942,0.012570126,-0.00023879145,3.6543653e-05,-0.15450942,-0.012570126,0.00023879145,-3.6543653e-05,6.5937152e-05,6.5937152e-05,OK,0,0.047808343,0.02293141,3.7862489e-07,1.0953542e-05,15,1.5,0.02,0.04,-0.05,40,40,40
3.015,0.15457175,0.012342444,-0.00023845427,2.2077997e-05,-0.15457175,-0.012342444,0.00023845427,-2.2077997e-05,4.1435673e-05,4.1435673e-05,OK,0,0.047927806,0.022932171,3.7890919e-07,1.0953544e-05,15,1.5,0.02,0.04,-0.05,40,40,40
3.02,0.15463278,0.012144489,-0.00023845427,5.5459207e-06,-0.15463278,-0.012144489,0.00023845427,-5.5459207e-06,9.9398986e-06,9.9398986e-06,OK,0,0.048047362,0.022932909,3.791935e-07,1.0953544e-05,15,1.5,0.02,0.04,-0.05,40,40,40
3.025,0.15469295,0.011965256,-0.00023845427,-8.7896663e-06,-0.15469295,-0.011965256,0.00023845427,8.7896663e-06,-1.7529381e-05,-1.7529381e-05,OK,0,0.048167012,0.022933625,3.794778e-07,1.0953545e-05,15,1.5,0.02,0.04,-0.05,40,40,40
3.03,0.15475236,0.011809584,-0.00023845427,-2.3036213e-05,-0.15475236,-0.011809584,0.00023845427,2.3036213e-05,-4.3937763e-05,-4.3937763e-05,OK,0,0.048286753,0.022934322,3.797621e-07,1.0953547e-05,15,1.5,0.02,0.04,-0.05,40,40,40
3.035,0.1548108,0.011678194,-0.00023879144,-3.7623462e-05,-0.1548108,-0.011678194,0.00023879144,3.7623462e-05,-7.4962921e-05,-7.4962921e-05,OK,0,0.048406585,0.022935004,3.8004721e-07,1.0953554e-05,15,1.5,0.02,0.04,-0.05,40,40,40
3.04,0.15486888,0.011563826,-0.00023896003,-4.9742414e-05,-0.15486888,-0.011563826,0.00023896003,4.9742414e-05,-9.9083416e-05,-9.9083416e-05,OK,0,0.048526507,0.022935672,3.8033272e-07,1.0953567e-05,15,1.5,0.02,0.04,-0.05,40,40,40
3.045,0.15492635,0.011475764,-0.00023929753,-6.32403e-05,-0.15492635,-0.011475764,0.00023929753,6.32403e-05,-0.00012676577,-0.00012676577,OK,0,0.048646518,0.022936331,3.8061903e-07,1.0953587e-05,15,1.5,0.02,0.04,-0.05,40,40,40
3.05,0.15498352,0.011408478,-0.0002396347,-7.5971049e-05,-0.15498352,-0.011408478,0.0002396347,7.5971049e-05,-0.00015246763,-0.00015246763,OK,0,0.048766617,0.022936982,3.8090616e-07,1.0953616e-05,15,1.5,0.02,0.04,-0.05,40,40,40
3.055,0.15504048,0.011364466,-0.00023997154,-8.9007643e-05,-0.15504048,-0.011364466,0.00023997154,8.9007643e-05,-0.00017769634,-0.00017769634,OK,0,0.048886805,0.022937627,3.8119409e-07,1.0953655e-05,15,1.5,0.02,0.04,-0.05,40,40,40
3.06,0.15509719,0.011344195,-0.0002404773,-0.0001025857,-0.15509719,-0.011344195,0.0002404773,0.0001025857,-0.00020532646,-0.00020532646,OK,0,0.049007081,0.022938271,3.8148324e-07,1.0953708e-05,15,1.5,0.02,0.04,-0.05,40,40,40
3.065,0.15515393,0.011344147,-0.0002409834,-0.0001153167,-0.15515393,-0.011344147,0.0002409834,0.0001153167,-0.0002308815,-0.0002308815,OK,0,0.049127444,0.022938914,3.817736e-07,1.0953774e-05,15,1.5,0.02,0.04,-0.05,40,40,40
3.07,0.15521063,0.011367309,-0.00024165741,-0.0001284163,-0.15521063,-0.011367309,0.00024165741,0.0001284163,-0.00025858064,-0.00025858064,OK,0,0.049247896,0.02293956,3.8206559e-07,1.0953857e-05,15,1.5,0.02,0.04,-0.05,40,40,40
3.075,0.15526757,0.011410757,-0.00024233176,-0.00014070044,-0.15526757,-0.011410757,0.00024233176,0.00014070044,-0.00028424529,-0.00028424529,OK,0,0.049368436,0.022940211,3.8235922e-07,1.0953956e-05,15,1.5,0.02,0.04,-0.05,40,40,40
3.08,0.15532486,0.011477647,-0.00024300611,-0.00015341775,-0.15532486,-0.011477647,0.00024300611,0.00015341775,-0.00030961506,-0.00030961506,OK,0,0.049489065,0.02294087,3.8265448e-07,1.0954074e-05,15,1.5,0.02,0.04,-0.05,40,40,40
3.085,0.15538263,0.011568769,-0.00024368045,-0.00016684609,-0.15538263,-0.011568769,0.00024368045,0.00016684609,-0.00033507262,-0.00033507262,OK,0,0.049609784,0.022941539,3.8295138e-07,1.0954213e-05,15,1.5,0.02,0.04,-0.05,40,40,40
3.09,0.15544065,0.011684495,-0.00024469197,-0.00018107572,-0.15544065,-0.011684495,0.00024469197,0.00018107572,-0.00036580031,-0.00036580031,OK,0,0.049730593,0.022942222,3.8325075e-07,1.0954377e-05,15,1.5,0.02,0.04,-0.05,40,40,40
3.095,0.15549946,0.011817926,-0.00024561937,-0.00019324474,-0.15549946,-0.011817926,0.00024561937,0.00019324474,-0.0003914514,-0.0003914514,OK,0,0.049851493,0.02294292,3.8355239e-07,1.0954563e-05,15,1.5,0.02,0.04,-0.05,40,40,40
3.1,0.15555907,0.011977033,-0.00024654643,-0.00020647224,-0.15555907,-0.011977033,0.00024654643,0.00020647224,-0.00041764204,-0.00041764204,OK,0,0.049972487,0.022943637,3.8385632e-07,1.0954777e-05,15,1.5,0.02,0.04,-0.05,40,40,40
3.105,0.15561921,0.012161897,-0.00024789546,-0.00022067712,-0.15561921,-0.012161897,0.00024789546,0.00022067712,-0.0004505875,-0.0004505875,OK,0,0.050093573,0.022944377,3.8416358e-07,1.095502e-05,15,1.5,0.02,0.04,-0.05,40,40,40
3.11,0.15568055,0.01236386,-0.00024907557,-0.00023223271,-0.15568055,-0.01236386,0.00024907557,0.00023223271,-0.0004763172,-0.0004763172,OK,0,0.050214755,0.022945141,3.8447377e-07,1.095529e-05,15,1.5,0.02,0.04,-0.05,40,40,40
3.115,0.15574313,0.012594307,-0.00025017122,-0.00024557944,-0.15574313,-0.012594307,0.00025017122,0.00024557944,-0.00050230251,-0.00050230251,OK,0,0.050336035,0.022945934,3.847867e-07,1.0955591e-05,15,1.5,0.02,0.04,-0.05,40,40,40
3.12,0.15580711,0.012854099,-0.00025118274,-0.00026089356,-0.15580711,-0.012854099,0.00025118274,0.00026089356,-0.00052877524,-0.00052877524,OK,0,0.050457414,0.022946761,3.8510216e-07,1.0955932e-05,15,1.5,0.02,0.04,-0.05,40,40,40
3.125,0.15587206,0.013143925,-0.00025270002,-0.00027825932,-0.15587206,-0.013143925,0.00025270002,0.00027825932,-0.00056469118,-0.00056469118,OK,0,0.050578895,0.022947624,3.8542145e-07,1.0956319e-05,15,1.5,0.02,0.04,-0.05,40,40,40
3.13,0.15593867,0.013451839,-0.00025413318,-0.00029264385,-0.15593867,-0.013451839,0.00025413318,0.00029264385,-0.00059411657,-0.00059411657,OK,0,0.050700479,0.022948529,3.8574437e-07,1.0956747e-05,15,1.5,0.02,0.04,-0.05,40,40,40
3.135,0.15600689,0.01378875,-0.00025565046,-0.00030821319,-0.15600689,-0.01378875,0.00025565046,0.00030821319,-0.00062538885,-0.00062538885,OK,0,0.05082217,0.02294948,3.8607115e-07,1.0957222e-05,15,1.5,0.02,0.04,-0.05,40,40,40
3.14,0.15607697,0.014153807,-0.00025716741,-0.00032436994,-0.15607697,-0.014153807,0.00025716741,0.00032436994,-0.0006563745,-0.0006563745,OK,0,0.05094397,0.022950481,3.8640183e-07,1.0957748e-05,15,1.5,0.02,0.04,-0.05,40,40,40
3.145,0.15614887,0.014549358,-0.00025885362,-0.00034178369,-0.15614887,-0.014549358,0.00025885362,0.00034178369,-0.00069052798,-0.00069052798,OK,0,0.051065882,0.02295154,3.8673686e-07,1.0958332e-05,15,1.5,0.02,0.04,-0.05,40,40,40
3.15,0.15622293,0.014972976,-0.00026053949,-0.00035917578,-0.15622293,-0.014972976,0.00026053949,0.00035917578,-0.0007234784,-0.0007234784,OK,0,0.05118791,0.022952661,3.8707626e-07,1.0958977e-05,15,1.5,0.02,0.04,-0.05,40,40,40
3.155,0.15629912,0.015428625,-0.00026239394,-0.00037782252,-0.15629912,-0.015428625,0.00026239394,0.00037782252,-0.00075951564,-0.00075951564,OK,0,0.051310057,0.022953851,3.8742051e-07,1.0959691e-05,15,1.5,0.02,0.04,-0.05,40,40,40
3.16,0.1563776,0.015914311,-0.00026441699,-0.00039657272,-0.1563776,-0.015914311,0.00026441699,0.00039657272,-0.00079698955,-0.00079698955,OK,0,0.051432327,0.022955117,3.8777009e-07,1.0960477e-05,15,1.5,0.02,0.04,-0.05,40,40,40
3.165,0.15645796,0.015653584,-0.00026618699,-0.00020860672,-0.15645796,-0.015653584,0.00026618699,0.00020860672,-0.00055041238,-0.00055041238,OK,0,0.051554723,0.022956343,3.8812437e-07,1.0960695e-05,15,1.5,0.02,0.04,-0.05,40,40,40
3.17,0.1565265,0.012524468,-0.00026500721,0.00063151554,-0.1565265,-0.012524468,0.00026500721,-0.00063151554,0.00060367398,0.00060367398,OK,0,0.051677225,0.022957127,3.8847552e-07,1.0962689e-05,15,1.5,0.02,0.04,-0.05,40,40,40
3.175,0.15658501,0.01110887,-0.00026121384,0.00079126886,-0.15658501,-0.01110887,0.00026121384,-0.00079126886,0.00084475068,0.00084475068,OK,0,0.05179982,0.022957744,3.8881668e-07,1.0965819e-05,15,1.5,0.02,0.04,-0.05,40,40,40
3.18,0.15663755,0.010094325,-0.00025716775,0.00079883012,-0.15663755,-0.010094325,0.00025716775,-0.00079883012,0.00087725291,0.00087725291,OK,0,0.051922496,0.022958253,3.8914736e-07,1.096901e-05,15,1.5,0.02,0.04,-0.05,40,40,40
3.185,0.15668537,0.0091776642,-0.00025312166,0.00077572357,-0.15668537,-0.0091776642,0.00025312166,-0.00077572357,0.00086757438,0.00086757438,OK,0,0.052045248,0.022958675,3.8946771e-07,1.0972019e-05,15,1.5,0.02,0.04,-0.05,40,40,40
3.19,0.1567285,0.0082938957,-0.00024941241,0.00074741958,-0.1567285,-0.0082938957,0.00024941241,-0.00074741958,0.00084626894,0.00084626894,OK,0,0.052168067,0.022959018,3.8977874e-07,1.0974812e-05,15,1.5,0.02,0.04,-0.05,40,40,40
3.195,0.15676738,0.0074218318,-0.0002457035,0.00072173125,-0.15676738,-0.0074218318,0.0002457035,-0.00072173125,0.00082926528,0.00082926528,OK,0,0.052290947,0.022959294,3.9008059e-07,1.0977416e-05,15,1.5,0.02,0.04,-0.05,40,40,40
3.2,0.1568019,0.0065630941,-0.0002421635,0.00069728315,-0.1568019,-0.0065630941,0.0002421635,-0.00069728315,0.00081203396,0.00081203396,OK,0,0.052413881,0.022959509,3.9037381e-07,1.0979847e-05,15,1.5,0.02,0.04,-0.05,40,40,40
3.205,0.1568321,0.0057128984,-0.00023879143,0.00067529357,-0.1568321,-0.0057128984,0.00023879143,-0.00067529357,0.00079622689,0.00079622689,OK,0,0.052536863,0.022959672,3.9065891e-07,1.0982128e-05,15,1.5,0.02,0.04,-0.05,40,40,40
3.21,0.15685834,0.0048688617,-0.0002352511,0.00065602201,-0.15685834,-0.0048688617,0.0002352511,-0.00065602201,0.00078718781,0.00078718781,OK,0,0.052659885,0.022959791,3.9093563e-07,1.0984279e-05,15,1.5,0.02,0.04,-0.05,40,40,40
3.215,0.15688016,0.0040362631,-0.00023204795,0.00063664548,-0.15688016,-0.0040362631,0.00023204795,-0.00063664548,0.00077330273,0.00077330273,OK,0,0.052782942,0.022959872,3.9120486e-07,1.0986306e-05,15,1.5,0.02,0.04,-0.05,40,40,40
3.22,0.15689757,0.0032038485,-0.00022918197,0.00062101691,-0.15689757,-0.0032038485,0.00022918197,-0.00062101691,0.00075990107,0.00075990107,OK,0,0.052906027,0.022959924,3.9146748e-07,1.0988234e-05,15,1.5,0.02,0.04,-0.05,40,40,40
3.225,0.1569112,0.0023679743,-0.00022597881,0.00060992471,-0.1569112,-0.0023679743,0.00022597881,-0.00060992471,0.00075814785,0.00075814785,OK,0,0.053029132,0.022959952,3.9172282e-07,1.0990094e-05,15,1.5,0.02,0.04,-0.05,40,40,40
3.23,0.15692058,0.0015409221,-0.00022294425,0.00059773656,-0.15692058,-0.0015409221,0.00022294425,-0.00059773656,0.00075248955,0.00075248955,OK,0,0.053152252,0.022959964,3.9197134e-07,1.0991881e-05,15,1.5,0.02,0.04,-0.05,40,40,40
3.235,0.1569257,0.00071279893,-0.00022007827,0.00058776734,-0.1569257,-0.00071279893,0.00022007827,-0.00058776734,0.00074750299,0.00074750299,OK,0,0.053275381,0.022959966,3.9221351e-07,1.0993608e-05,15,1.5,0.02,0.04,-0.05,40,40,40
3.24,0.1569268,-0.00011975633,-0.00021712816,0.00058070036,-0.1569268,0.00011975633,0.00021712816,-0.00058070036,0.00074787389,0.00074787389,OK,0,0.053398511,0.022959966,3.9244923e-07,1.0995294e-05,15,1.5,0.02,0.04,-0.05,40,40,40
3.245,0.15692369,-0.00095343883,-0.00021426218,0.00057452973,-0.15692369,0.00095343883,0.00021426218,-0.00057452973,0.000748198,0.000748198,OK,0,0.053521636,0.022959971,3.9267877e-07,1.0996945e-05,15,1.5,0.02,0.04,-0.05,40,40,40
3.25,0.15691633,-0.0017926726,-0.00021148033,0.00057036586,-0.15691633,0.0017926726,0.00021148033,-0.00057036586,0.00074996347,0.00074996347,OK,0,0.05364475,0.022959987,3.9290239e-07,1.0998571e-05,15,1.5,0.02,0.04,-0.05,40,40,40
3.255,0.15690485,-0.0026397871,-0.00020861435,0.00056847241,-0.15690485,0.0026397871,0.00020861435,-0.00056847241,0.00075599885,0.00075599885,OK,0,0.053767846,0.022960022,3.9311999e-07,1.1000187e-05,15,1.5,0.02,0.04,-0.05,40,40,40
3.26,0.15688904,-0.0034931158,-0.00020583283,0.00056749733,-0.15688904,0.0034931158,0.00020583283,-0.00056749733,0.00076180972,0.00076180972,OK,0,0.053890916,0.022960083,3.9333183e-07,1.1001797e-05,15,1.5,0.02,0.04,-0.05,40,40,40
3.265,0.15686902,-0.0043574474,-0.00020296685,0.00056868749,-0.15686902,0.0043574474,0.00020296685,-0.00056868749,0.00077161094,0.00077161094,OK,0,0.054013956,0.022960178,3.9353781e-07,1.1003414e-05,15,1.5,0.02,0.04,-0.05,40,40,40
3.27,0.15684464,-0.0052316095,-0.00020010087,0.00057087942,-0.15684464,0.0052316095,0.00020010087,-0.00057087942,0.00078243444,0.00078243444,OK,0,0.054136957,0.022960315,3.9373801e-07,1.1005044e-05,15,1.5,0.02,0.04,-0.05,40,40,40
3.275,0.15681592,-0.0061187239,-0.00019715043,0.00057463404,-0.15681592,0.0061187239,0.00019715043,-0.00057463404,0.00079626404,0.00079626404,OK,0,0.054259913,0.022960502,3.9393235e-07,1.1006695e-05,15,1.5,0.02,0.04,-0.05,40,40,40
3.28,0.15678245,-0.0070191476,-0.00019445304,0.00057938887,-0.15678245,0.0070191476,0.00019445304,-0.00057938887,0.00080717089,0.00080717089,OK,0,0.054382817,0.022960748,3.9412141e-07,1.1008373e-05,15,1.5,0.02,0.04,-0.05,40,40,40
3.285,0.15674455,-0.0079417799,-0.00019158705,0.00058801618,-0.15674455,0.0079417799,0.00019158705,-0.00058801618,0.00082543827,0.00082543827,OK,0,0.054505661,0.022961063,3.9430494e-07,1.1010102e-05,15,1.5,0.02,0.04,-0.05,40,40,40
3.29,0.15670237,-0.0088809501,-0.00018829944,0.00059749919,-0.15670237,0.0088809501,0.00018829944,-0.00059749919,0.00085056653,0.00085056653,OK,0,0.054628439,0.022961458,3.9448222e-07,1.1011887e-05,15,1.5,0.02,0.04,-0.05,40,40,40
3.295,0.15665491,-0.0098317908,-0.00018551792,0.00060513183,-0.15665491,0.0098317908,0.00018551792,-0.00060513183,0.00086475544,0.00086475544,OK,0,0.054751143,0.022961941,3.946543e-07,1.1013718e-05,15,1.5,0.02,0.04,-0.05,40,40,40
3.3,0.15660305,-0.010814923,-0.0001822303,0.00061847556,-0.15660305,0.010814923,0.0001822303,-0.00061847556,0.00089372281,0.00089372281,OK,0,0.054873766,0.022962526,3.9482034e-07,1.1015631e-05,15,1.5,0.02,0.04,-0.05,40,40,40
3.305,0.15654608,-0.011814402,-0.00017902715,0.00063032693,-0.15654608,0.011814402,0.00017902715,-0.00063032693,0.0009184287,0.0009184287,OK,0,0.054996299,0.022963224,3.949806e-07,1.1017617e-05,15,1.5,0.02,0.04,-0.05,40,40,40
3.31,0.1564838,-0.012841571,-0.00017599258,0.00064447045,-0.1564838,0.012841571,0.00017599258,-0.00064447045,0.00094283017,0.00094283017,OK,0,0.055118735,0.022964048,3.9513546e-07,1.1019694e-05,15,1.5,0.02,0.04,-0.05,40,40,40
3.315,0.15641711,-0.013123374,-0.00017304247,0.00045528416,-0.15641711,0.013123374,0.00017304247,-0.00045528416,0.00069069632,0.00069069632,OK,0,0.055241066,0.022964909,3.9528518e-07,1.102073e-05,15,1.5,0.02,0.04,-0.05,40,40,40
3.32,0.15635922,-0.010526776,-0.00017337964,-0.00038703122,-0.15635922,0.010526776,0.00017337964,0.00038703122,-0.00047512806,-0.00047512806,OK,0,0.055363308,0.022965464,3.9543549e-07,1.1021479e-05,15,1.5,0.02,0.04,-0.05,40,40,40
3.325,0.15630938,-0.0096500754,-0.0001756554,-0.00054451817,-0.15630938,0.0096500754,0.0001756554,0.00054451817,-0.00071142372,-0.00071142372,OK,0,0.055485471,0.022965929,3.9558976e-07,1.1022962e-05,15,1.5,0.02,0.04,-0.05,40,40,40
3.33,0.15626267,-0.0091603212,-0.00017835279,-0.00055409573,-0.15626267,0.0091603212,0.00017835279,0.00055409573,-0.00074759484,-0.00074759484,OK,0,0.055607561,0.022966349,3.9574881e-07,1.1024497e-05,15,1.5,0.02,0.04,-0.05,40,40,40
3.335,0.15621799,-0.0087691812,-0.00018113464,-0.00053172967,-0.15621799,0.0087691812,0.00018113464,0.00053172967,-0.00074102163,-0.00074102163,OK,0,0.055729581,0.022966733,3.9591286e-07,1.1025911e-05,15,1.5,0.02,0.04,-0.05,40,40,40
3.34,0.15617511,-0.0084136097,-0.00018383204,-0.00050252579,-0.15617511,0.0084136097,0.00018383204,0.00050252579,-0.0007243115,-0.0007243115,OK,0,0.055851534,0.022967087,3.9608183e-07,1.1027173e-05,15,1.5,0.02,0.04,-0.05,40,40,40
3.345,0.1561343,-0.0080773159,-0.00018602333,-0.00047274453,-0.1561343,0.0080773159,0.00018602333,0.00047274453,-0.00069987339,-0.00069987339,OK,0,0.055973424,0.022967413,3.9625485e-07,1.1028291e-05,15,1.5,0.02,0.04,-0.05,40,40,40
3.35,0.15609485,-0.0077475468,-0.00018838388,-0.00044723194,-0.15609485,0.0077475468,0.00018838388,0.00044723194,-0.00068461106,-0.00068461106,OK,0,0.056095252,0.022967713,3.9643229e-07,1.1029291e-05,15,1.5,0.02,0.04,-0.05,40,40,40
3.355,0.15605686,-0.0074357262,-0.0001907441,-0.00042109352,-0.15605686,0.0074357262,0.0001907441,0.00042109352,-0.00066909358,-0.00066909358,OK,0,0.056217021,0.02296799,3.9661421e-07,1.1030177e-05,15,1.5,0.02,0.04,-0.05,40,40,40
3.36,0.15602085,-0.0071398963,-0.00019251409,-0.00039484354,-0.15602085,0.0071398963,0.00019251409,0.00039484354,-0.00064515565,-0.00064515565,OK,0,0.056338733,0.022968245,3.9679952e-07,1.1030957e-05,15,1.5,0.02,0.04,-0.05,40,40,40
3.365,0.1559861,-0.0068465187,-0.00019436855,-0.00037367954,-0.1559861,0.0068465187,0.00019436855,0.00037367954,-0.00063018629,-0.00063018629,OK,0,0.056460392,0.022968479,3.9698841e-07,1.1031655e-05,15,1.5,0.02,0.04,-0.05,40,40,40
3.37,0.15595259,-0.0065669052,-0.00019630747,-0.00035278562,-0.15595259,0.0065669052,0.00019630747,0.00035278562,-0.00061741484,-0.00061741484,OK,0,0.056581998,0.022968695,3.971811e-07,1.1032277e-05,15,1.5,0.02,0.04,-0.05,40,40,40
3.375,0.15592058,-0.0063027628,-0.00019799334,-0.00033122892,-0.15592058,0.0063027628,0.00019799334,0.00033122892,-0.00060044237,-0.00060044237,OK,0,0.056703554,0.022968893,3.973771e-07,1.1032826e-05,15,1.5,0.02,0.04,-0.05,40,40,40
3.38,0.15588976,-0.0060467395,-0.00019967921,-0.00031174191,-0.15588976,0.0060467395,0.00019967921,0.00031174191,-0.00058687532,-0.00058687532,OK,0,0.056825062,0.022969076,3.9757646e-07,1.1033312e-05,15,1.5,0.02,0.04,-0.05,40,40,40
3.385,0.15586026,-0.0058023911,-0.00020119649,-0.00029266746,-0.15586026,0.0058023911,0.00020119649,0.00029266746,-0.00057183898,-0.00057183898,OK,0,0.056946524,0.022969245,3.9777886e-07,1.103374e-05,15,1.5,0.02,0.04,-0.05,40,40,40
3.39,0.15583203,-0.0055663682,-0.00020254518,-0.00027514221,-0.15583203,0.0055663682,0.00020254518,0.00027514221,-0.00055690517,-0.00055690517,OK,0,0.057067942,0.0229694,3.9798399e-07,1.1034119e-05,15,1.5,0.02,0.04,-0.05,40,40,40
3.395,0.15580505,-0.0053376088,-0.00020372529,-0.0002593888,-0.15580505,0.0053376088,0.00020372529,0.0002593888,-0.00054236596,-0.00054236596,OK,0,0.057189318,0.022969542,3.9819151e-07,1.1034455e-05,15,1.5,0.02,0.04,-0.05,40,40,40
3.4,0.15577878,-0.0051155035,-0.00020524257,-0.00024545487,-0.15577878,0.0051155035,0.00020524257,0.00024545487,-0.00053586548,-0.00053586548,OK,0,0.057310653,0.022969673,3.9840213e-07,1.1034756e-05,15,1.5,0.02,0.04,-0.05,40,40,40
3.405,0.155754,-0.0049103955,-0.0002062541,-0.00022897817,-0.155754,0.0049103955,0.0002062541,0.00022897817,-0.0005186146,-0.0005186146,OK,0,0.05743195,0.022969793,3.9861483e-07,1.1035018e-05,15,1.5,0.02,0.04,-0.05,40,40,40
3.41,0.15573016,-0.0047058763,-0.00020726562,-0.00021639512,-0.15573016,0.0047058763,0.00020726562,0.00021639512,-0.00050720868,-0.00050720868,OK,0,0.057553209,0.022969904,3.9882963e-07,1.1035252e-05,15,1.5,0.02,0.04,-0.05,40,40,40
3.415,0.15570693,-0.0045092468,-0.00020861431,-0.00020458659,-0.15570693,0.0045092468,0.00020861431,0.00020458659,-0.00050232573,-0.00050232573,OK,0,0.057674432,0.022970006,3.9904723e-07,1.1035462e-05,15,1.5,0.02,0.04,-0.05,40,40,40
3.42,0.15568508,-0.0043288143,-0.00020945725,-0.00019003353,-0.15568508,0.0043288143,0.00020945725,0.00019003353,-0.00048636,-0.00048636,OK,0,0.057795622,0.022970099,3.9926659e-07,1.1035642e-05,15,1.5,0.02,0.04,-0.05,40,40,40
3.425,0.15566406,-0.0041478214,-0.00021030018,-0.00017933455,-0.15566406,0.0041478214,0.00021030018,0.00017933455,-0.00047613613,-0.00047613613,OK,0,0.057916778,0.022970185,3.9948772e-07,1.1035803e-05,15,1.5,0.02,0.04,-0.05,40,40,40
3.43,0.15564388,-0.0039735424,-0.00021114311,-0.00016940207,-0.15564388,0.0039735424,0.00021114311,0.00016940207,-0.00046731389,-0.00046731389,OK,0,0.058037903,0.022970264,3.9971063e-07,1.1035947e-05,15,1.5,0.02,0.04,-0.05,40,40,40
3.435,0.15562441,-0.0038070816,-0.00021207051,-0.00015964127,-0.15562441,0.0038070816,0.00021207051,0.00015964127,-0.00046031455,-0.00046031455,OK,0,0.058158998,0.022970337,3.999355e-07,1.1036074e-05,15,1.5,0.02,0.04,-0.05,40,40,40
3.44,0.15560578,-0.0036501867,-0.00021291344,-0.00014920473,-0.15560578,0.0036501867,0.00021291344,0.00014920473,-0.00045140057,-0.00045140057,OK,0,0.058280064,0.022970404,4.0016216e-07,1.1036185e-05,15,1.5,0.02,0.04,-0.05,40,40,40
3.445,0.15558803,-0.0034993166,-0.00021358779,-0.0001393847,-0.15558803,0.0034993166,0.00021358779,0.0001393847,-0.00044110585,-0.00044110585,OK,0,0.058401102,0.022970465,4.0039026e-07,1.1036282e-05,15,1.5,0.02,0.04,-0.05,40,40,40
3.45,0.15557099,-0.0033517242,-0.00021426214,-0.00013115894,-0.15557099,0.0033517242,0.00021426214,0.00013115894,-0.00043331967,-0.00043331967,OK,0,0.058522114,0.022970521,4.006198e-07,1.1036368e-05,15,1.5,0.02,0.04,-0.05,40,40,40
3.455,0.15555479,-0.0032102337,-0.0002147679,-0.00012326273,-0.15555479,0.0032102337,0.0002147679,0.00012326273,-0.00042372612,-0.00042372612,OK,0,0.0586431,0.022970572,4.0085042e-07,1.1036444e-05,15,1.5,0.02,0.04,-0.05,40,40,40
3.46,0.15553908,-0.0030715338,-0.00021544224,-0.00011691034,-0.15553908,0.0030715338,0.00021544224,0.00011691034,-0.00041907882,-0.00041907882,OK,0,0.058764062,0.02297062,4.010825e-07,1.1036513e-05,15,1.5,0.02,0.04,-0.05,40,40,40
3.465,0.15552418,-0.002941975,-0.000215948,-0.0001094239,-0.15552418,0.002941975,0.000215948,0.0001094239,-0.00041055132,-0.00041055132,OK,0,0.058885001,0.022970663,4.0131567e-07,1.1036573e-05,15,1.5,0.02,0.04,-0.05,40,40,40
3.47,0.15550988,-0.0028153461,-0.00021645376,-0.00010319691,-0.15550988,0.0028153461,0.00021645376,0.00010319691,-0.00040401807,-0.00040401807,OK,0,0.059005918,0.022970703,4.0154993e-07,1.1036626e-05,15,1.5,0.02,0.04,-0.05,40,40,40
3.475,0.15549608,-0.0026938436,-0.00021704365,-9.7236618e-05,-0.15549608,0.0026938436,0.00021704365,9.7236618e-05,-0.00039934177,-0.00039934177,OK,0,0.059126813,0.022970739,4.0178547e-07,1.1036673e-05,15,1.5,0.02,0.04,-0.05,40,40,40
3.48,0.15548309,-0.0025794931,-0.00021738082,-9.0623044e-05,-0.15548309,0.0025794931,0.00021738082,9.0623044e-05,-0.00039016479,-0.00039016479,OK,0,0.059247688,0.022970772,4.0202174e-07,1.1036714e-05,15,1.5,0.02,0.04,-0.05,40,40,40
3.485,0.15547031,-0.0024652757,-0.00021805517,-8.6088624e-05,-0.15547031,0.0024652757,0.00021805517,8.6088624e-05,-0.00038916534,-0.00038916534,OK,0,0.059368543,0.022970802,4.0225948e-07,1.1036751e-05,15,1.5,0.02,0.04,-0.05,40,40,40
3.49,0.15545845,-0.0023622842,-0.00021830821,-7.9064658e-05,-0.15545845,0.0023622842,0.00021830821,7.9064658e-05,-0.00037854252,-0.00037854252,OK,0,0.059489379,0.02297083,4.0249777e-07,1.1036783e-05,15,1.5,0.02,0.04,-0.05,40,40,40
3.495,0.15544701,-0.0022562401,-0.00021864539,-7.5219309e-05,-0.15544701,0.0022562401,0.00021864539,7.5219309e-05,-0.00037381914,-0.00037381914,OK,0,0.059610198,0.022970856,4.027368e-07,1.1036811e-05,15,1.5,0.02,0.04,-0.05,40,40,40
3.5,0.1554359,-0.0021550242,-0.00021915115,-7.1286786e-05,-0.1554359,0.0021550242,0.00021915115,7.1286786e-05,-0.00037168039,-0.00037168039,OK,0,0.059731,0.022970879,4.0297694e-07,1.1036836e-05,15,1.5,0.02,0.04,-0.05,40,40,40
3.505,0.15542541,-0.0020618042,-0.00021948832,-6.5904436e-05,-0.15542541,0.0020618042,0.00021948832,6.5904436e-05,-0.00036514539,-0.00036514539,OK,0,0.059851785,0.0229709,4.0321781e-07,1.1036858e-05,15,1.5,0.02,0.04,-0.05,40,40,40
3.51,0.15541536,-0.0019698189,-0.00021982549,-6.1718759e-05,-0.15541536,0.0019698189,0.00021982549,6.1718759e-05,-0.00036044602,-0.00036044602,OK,0,0.059972555,0.02297092,4.0345943e-07,1.1036877e-05,15,1.5,0.02,0.04,-0.05,40,40,40
3.515,0.15540591,-0.0018812165,-0.00021999408,-5.778623e-05,-0.15540591,0.0018812165,0.00021999408,5.778623e-05,-0.00035372093,-0.00035372093,OK,0,0.06009331,0.022970937,4.0370142e-07,1.1036894e-05,15,1.5,0.02,0.04,-0.05,40,40,40
3.52,0.15539672,-0.0017926447,-0.00022033125,-5.5383871e-05,-0.15539672,0.0017926447,0.00022033125,5.5383871e-05,-0.00035181593,-0.00035181593,OK,0,0.060214051,0.022970953,4.0394415e-07,1.1036909e-05,15,1.5,0.02,0.04,-0.05,40,40,40
3.525,0.15538794,-0.0017105302,-0.00022066842,-5.184703e-05,-0.15538794,0.0017105302,0.00022066842,5.184703e-05,-0.00034845935,-0.00034845935,OK,0,0.060334778,0.022970968,4.0418762e-07,1.1036923e-05,15,1.5,0.02,0.04,-0.05,40,40,40
3.53,0.15537954,-0.0016323737,-0.0002210056,-4.811404e-05,-0.15537954,0.0016323737,0.0002210056,4.811404e-05,-0.00034495926,-0.00034495926,OK,0,0.060455492,0.022970981,4.0443184e-07,1.1036934e-05,15,1.5,0.02,0.04,-0.05,40,40,40
3.535,0.15537166,-0.001557567,-0.00022117418,-4.4364168e-05,-0.15537166,0.001557567,0.00022117418,4.4364168e-05,-0.00033902843,-0.00033902843,OK,0,0.060576193,0.022970994,4.0467643e-07,1.1036944e-05,15,1.5,0.02,0.04,-0.05,40,40,40
3.54,0.15536398,-0.0014822515,-0.00022151136,-4.2090001e-05,-0.15536398,0.0014822515,0.00022151136,4.2090001e-05,-0.00033781575,-0.00033781575,OK,0,0.060696883,0.022971005,4.0492176e-07,1.1036953e-05,15,1.5,0.02,0.04,-0.05,40,40,40
3.545,0.15535698,-0.0014127774,-0.00022151136,-3.8668441e-05,-0.15535698,0.0014127774,0.00022151136,3.8668441e-05,-0.00033004442,-0.00033004442,OK,0,0.060817562,0.022971014,4.051671e-07,1.103696e-05,15,1.5,0.02,0.04,-0.05,40,40,40
3.55,0.15535017,-0.0013394153,-0.00022167994,-3.7963782e-05,-0.15535017,0.0013394153,0.00022167994,3.7963782e-05,-0.00032871808,-0.00032871808,OK,0,0.060938231,0.022971023,4.0541281e-07,1.1036967e-05,15,1.5,0.02,0.04,-0.05,40,40,40
3.555,0.15534353,-0.001270991,-0.00022201711,-3.6358009e-05,-0.15534353,0.001270991,0.00022201711,3.6358009e-05,-0.00032876286,-0.00032876286,OK,0,0.061058889,0.022971032,4.0565927e-07,1.1036974e-05,15,1.5,0.02,0.04,-0.05,40,40,40
3.56,0.15533745,-0.0012091064,-0.00022210157,-3.3148301e-05,-0.15533745,0.0012091064,0.00022210157,3.3148301e-05,-0.00032286137,-0.00032286137,OK,0,0.061179537,0.022971039,4.0590591e-07,1.103698e-05,15,1.5,0.02,0.04,-0.05,40,40,40
3.565,0.15533151,-0.0011449469,-0.00022235429,-3.1836548e-05,-0.15533151,0.0011449469,0.00022235429,3.1836548e-05,-0.00032223688,-0.00032223688,OK,0,0.061300177,0.022971045,4.0615312e-07,1.1036985e-05,15,1.5,0.02,0.04,-0.05,40,40,40
3.57,0.15532611,-0.0010857188,-0.00022235429,-2.9464626e-05,-0.15532611,0.0010857188,0.00022235429,2.9464626e-05,-0.0003164177,-0.0003164177,OK,0,0.061420808,0.022971051,4.0640033e-07,1.1036989e-05,15,1.5,0.02,0.04,-0.05,40,40,40
3.575,0.15532094,-0.0010236931,-0.00022243874,-2.9099218e-05,-0.15532094,0.0010236931,0.00022243874,2.9099218e-05,-0.000314759,-0.000314759,OK,0,0.061541431,0.022971057,4.0664772e-07,1.1036993e-05,15,1.5,0.02,0.04,-0.05,40,40,40
3.58,0.15531589,-0.0009644904,-0.00022269146,-2.8424155e-05,-0.15531589,0.0009644904,0.00022269146,2.8424155e-05,-0.00031526995,-0.00031526995,OK,0,0.061662046,0.022971061,4.0689568e-07,1.1036997e-05,15,1.5,0.02,0.04,-0.05,40,40,40
3.585,0.15531128,-0.00091090079,-0.00022277592,-2.6265965e-05,-0.15531128,0.00091090079,0.00022277592,2.6265965e-05,-0.00031124812,-0.00031124812,OK,0,0.061782654,0.022971065,4.0714383e-07,1.1037001e-05,15,1.5,0.02,0.04,-0.05,40,40,40
3.59,0.15530685,-0.00085617066,-0.00022294417,-2.5302958e-05,-0.15530685,0.00085617066,0.00022294417,2.5302958e-05,-0.00031022676,-0.00031022676,OK,0,0.061903255,0.022971069,4.0739235e-07,1.1037004e-05,15,1.5,0.02,0.04,-0.05,40,40,40
3.595,0.15530268,-0.00080430241,-0.00022311276,-2.3876768e-05,-0.15530268,0.00080430241,0.00022311276,2.3876768e-05,-0.00030862493,-0.00030862493,OK,0,0.062023849,0.022971072,4.0764124e-07,1.1037007e-05,15,1.5,0.02,0.04,-0.05,40,40,40
3.6,0.15529893,-0.0007541968,-0.00022311275,-2.2387554e-05,-0.15529893,0.0007541968,0.00022311275,2.2387554e-05,-0.00030446196,-0.00030446196,OK,0,0.062144438,0.022971075,4.0789014e-07,1.1037009e-05,15,1.5,0.02,0.04,-0.05,40,40,40
3.605,0.15529526,-0.00070193478,-0.00022328134,-2.2374227e-05,-0.15529526,0.00070193478,0.00022328134,2.2374227e-05,-0.00030495366,-0.00030495366,OK,0,0.062265021,0.022971078,4.0813941e-07,1.1037012e-05,15,1.5,0.02,0.04,-0.05,40,40,40
3.61,0.155292,-0.00065389319,-0.00022328134,-2.1223627e-05,-0.155292,0.00065389319,0.00022328134,2.1223627e-05,-0.00030137119,-0.00030137119,OK,0,0.062385599,0.02297108,4.0838868e-07,1.1037014e-05,15,1.5,0.02,0.04,-0.05,40,40,40
3.615,0.15528891,-0.00060400069,-0.00022336547,-2.1344147e-05,-0.15528891,0.00060400069,0.00022336547,2.1344147e-05,-0.00030088008,-0.00030088008,OK,0,0.062506173,0.022971082,4.0863815e-07,1.1037016e-05,15,1.5,0.02,0.04,-0.05,40,40,40
3.62,0.15528614,-0.0005564131,-0.00022336547,-2.1020426e-05,-0.15528614,0.0005564131,0.00022336547,2.1020426e-05,-0.00029854638,-0.00029854638,OK,0,0.062626741,0.022971083,4.0888761e-07,1.1037019e-05,15,1.5,0.02,0.04,-0.05,40,40,40
3.625,0.15528335,-0.00050824867,-0.00022361851,-2.1375903e-05,-0.15528335,0.00050824867,0.00022361851,2.1375903e-05,-0.00030100437,-0.00030100437,OK,0,0.062747306,0.022971084,4.0913763e-07,1.1037021e-05,15,1.5,0.02,0.04,-0.05,40,40,40
3.63,0.15528087,-0.00046610077,-0.0002237871,-1.9713683e-05,-0.15528087,0.00046610077,0.0002237871,1.9713683e-05,-0.00029940352,-0.00029940352,OK,0,0.062867867,0.022971085,4.0938804e-07,1.1037023e-05,15,1.5,0.02,0.04,-0.05,40,40,40
3.635,0.15527877,-0.00042395158,-0.0002237871,-1.8424784e-05,-0.15527877,0.00042395158,0.0002237871,1.8424784e-05,-0.00029582636,-0.00029582636,OK,0,0.062988424,0.022971086,4.0963844e-07,1.1037024e-05,15,1.5,0.02,0.04,-0.05,40,40,40
3.64,0.15527671,-0.00037875954,-0.00022395568,-1.8701105e-05,-0.15527671,0.00037875954,0.00022395568,1.8701105e-05,-0.00029700313,-0.00029700313,OK,0,0.063108979,0.022971087,4.0988922e-07,1.1037026e-05,15,1.5,0.02,0.04,-0.05,40,40,40
3.645,0.15527503,-0.00033707979,-0.00022395568,-1.7863478e-05,-0.15527503,0.00033707979,0.00022395568,1.7863478e-05,-0.00029411302,-0.00029411302,OK,0,0.06322953,0.022971088,4.1014e-07,1.1037028e-05,15,1.5,0.02,0.04,-0.05,40,40,40
3.65,0.15527349,-0.00029288422,-0.00022403981,-1.8308247e-05,-0.15527349,0.00029288422,0.00022403981,1.8308247e-05,-0.00029430516,-0.00029430516,OK,0,0.06335008,0.022971088,4.1039097e-07,1.1037029e-05,15,1.5,0.02,0.04,-0.05,40,40,40
3.655,0.15527207,-0.00025034495,-0.00022420839,-1.8318348e-05,-0.15527207,0.00025034495,0.00022420839,1.8318348e-05,-0.0002951758,-0.0002951758,OK,0,0.063470627,0.022971088,4.1064232e-07,1.1037031e-05,15,1.5,0.02,0.04,-0.05,40,40,40
3.66,0.15527095,-0.00021020799,-0.00022429285,-1.7558648e-05,-0.15527095,0.00021020799,0.00022429285,1.7558648e-05,-0.00029372017,-0.00029372017,OK,0,0.063591172,0.022971089,4.1089385e-07,1.1037033e-05,15,1.5,0.02,0.04,-0.05,40,40,40
3.665,0.15526994,-0.0001689407,-0.00022446144,-1.742081e-05,-0.15526994,0.0001689407,0.00022446144,1.742081e-05,-0.00029441168,-0.00029441168,OK,0,0.063711716,0.022971089,4.1114577e-07,1.1037034e-05,15,1.5,0.02,0.04,-0.05,40,40,40
3.67,0.15526938,-0.00012939517,-0.00022437698,-1.6721733e-05,-0.15526938,0.00012939517,0.00022437698,1.6721733e-05,-0.00029052546,-0.00029052546,OK,0,0.063832259,0.022971089,4.1139749e-07,1.1037036e-05,15,1.5,0.02,0.04,-0.05,40,40,40
3.675,0.15526879,-8.4824841e-05,-0.00022454556,-1.8149528e-05,-0.15526879,8.4824841e-05,0.00022454556,1.8149528e-05,-0.000293425,-0.000293425,OK,0,0.063952801,0.022971089,4.116496e-07,1.1037037e-05,15,1.5,0.02,0.04,-0.05,40,40,40
3.68,0.15526849,-4.4689626e-05,-0.00022463002,-1.7855464e-05,-0.15526849,4.4689626e-05,0.00022463002,1.7855464e-05,-0.00029265135,-0.00029265135,OK,0,0.064073342,0.022971089,4.1190189e-07,1.1037039e-05,15,1.5,0.02,0.04,-0.05,40,40,40
3.685,0.15526856,-3.5307207e-06,-0.00022454556,-1.8007892e-05,-0.15526856,3.5307207e-06,0.00022454556,1.8007892e-05,-0.00028996524,-0.00028996524,OK,0,0.064193884,0.022971089,4.1215399e-07,1.103704e-05,15,1.5,0.02,0.04,-0.05,40,40,40
3.69,0.15526844,4.1599336e-05,-0.00022488274,-1.9762905e-05,-0.15526844,-4.1599336e-05,0.00022488274,1.9762905e-05,-0.00029585265,-0.00029585265,OK,0,0.064314425,0.022971089,4.1240685e-07,1.1037042e-05,15,1.5,0.02,0.04,-0.05,40,40,40
3.695,0.15526885,7.869042e-05,-0.00022488274,-1.8243022e-05,-0.15526885,-7.869042e-05,0.00022488274,1.8243022e-05,-0.0002920809,-0.0002920809,OK,0,0.064434967,0.022971089,4.1265972e-07,1.1037044e-05,15,1.5,0.02,0.04,-0.05,40,40,40
3.7,0.1552693,0.00012173586,-0.00022505132,-1.9059334e-05,-0.1552693,-0.00012173586,0.00022505132,1.9059334e-05,-0.0002941034,-0.0002941034,OK,0,0.06455551,0.022971089,4.1291296e-07,1.1037046e-05,15,1.5,0.02,0.04,-0.05,40,40,40
3.705,0.15527004,0.00016268248,-0.00022513578,-1.8931445e-05,-0.15527004,-0.00016268248,0.00022513578,1.8931445e-05,-0.00029352576,-0.00029352576,OK,0,0.064676054,0.022971089,4.1316639e-07,1.1037048e-05,15,1.5,0.02,0.04,-0.05,40,40,40
3.71,0.15527116,0.00020546035,-0.00022505132,-1.9410819e-05,-0.15527116,-0.00020546035,0.00022505132,1.9410819e-05,-0.00029124436,-0.00029124436,OK,0,0.0647966,0.022971089,4.1341963e-07,1.103705e-05,15,1.5,0.02,0.04,-0.05,40,40,40
3.715,0.15527218,0.00025272795,-0.00022530437,-2.1535942e-05,-0.15527218,-0.00025272795,0.00022530437,2.1535942e-05,-0.00029631666,-0.00029631666,OK,0,0.064917147,0.02297109,4.1367344e-07,1.1037052e-05,15,1.5,0.02,0.04,-0.05,40,40,40
3.72,0.15527368,0.0002942297,-0.00022530437,-2.1135497e-05,-0.15527368,-0.0002942297,0.00022530437,2.1135497e-05,-0.00029402604,-0.00029402604,OK,0,0.065037696,0.02297109,4.1392725e-07,1.1037054e-05,15,1.5,0.02,0.04,-0.05,40,40,40
3.725,0.15527514,0.00034070296,-0.00022555708,-2.250522e-05,-0.15527514,-0.00034070296,0.00022555708,2.250522e-05,-0.00029798306,-0.00029798306,OK,0,0.065158248,0.022971091,4.1418163e-07,1.1037057e-05,15,1.5,0.02,0.04,-0.05,40,40,40
3.73,0.155277,0.00038346604,-0.00022564154,-2.2108848e-05,-0.155277,-0.00038346604,0.00022564154,2.2108848e-05,-0.00029690772,-0.00029690772,OK,0,0.065278803,0.022971091,4.144362e-07,1.1037059e-05,15,1.5,0.02,0.04,-0.05,40,40,40
3.735,0.155279,0.00042993306,-0.00022581013,-2.2901081e-05,-0.155279,-0.00042993306,0.00022581013,2.2901081e-05,-0.00029872618,-0.00029872618,OK,0,0.065399361,0.022971092,4.1469115e-07,1.1037062e-05,15,1.5,0.02,0.04,-0.05,40,40,40
3.74,0.15528132,0.00047621338,-0.00022589425,-2.3276957e-05,-0.15528132,-0.00047621338,0.00022589425,2.3276957e-05,-0.00029865431,-0.00029865431,OK,0,0.065519922,0.022971093,4.1494629e-07,1.1037064e-05,15,1.5,0.02,0.04,-0.05,40,40,40
3.745,0.15528388,0.0005252512,-0.00022597871,-2.4386829e-05,-0.15528388,-0.0005252512,0.00022597871,2.4386829e-05,-0.00029957325,-0.00029957325,OK,0,0.065640488,0.022971095,4.1520162e-07,1.1037067e-05,15,1.5,0.02,0.04,-0.05,40,40,40
3.75,0.1552867,0.00057588917,-0.00022606284,-2.5725952e-05,-0.1552867,-0.00057588917,0.00022606284,2.5725952e-05,-0.00030076195,-0.00030076195,OK,0,0.065761058,0.022971096,4.1545714e-07,1.1037071e-05,15,1.5,0.02,0.04,-0.05,40,40,40
3.755,0.1552897,0.00062800938,-0.00022623143,-2.7207446e-05,-0.1552897,-0.00062800938,0.00022623143,2.7207446e-05,-0.00030336821,-0.00030336821,OK,0,0.065881632,0.022971098,4.1571305e-07,1.1037074e-05,15,1.5,0.02,0.04,-0.05,40,40,40
3.76,0.15529313,0.00067986191,-0.00022623142,-2.8085316e-05,-0.15529313,-0.00067986191,0.00022623142,2.8085316e-05,-0.00030254226,-0.00030254226,OK,0,0.066002212,0.022971101,4.1596895e-07,1.1037078e-05,15,1.5,0.02,0.04,-0.05,40,40,40
3.765,0.15529651,0.00073662352,-0.0002265686,-3.0406358e-05,-0.15529651,-0.00073662352,0.0002265686,3.0406358e-05,-0.0003087434,-0.0003087434,OK,0,0.066122797,0.022971103,4.1622562e-07,1.1037083e-05,15,1.5,0.02,0.04,-0.05,40,40,40
3.77,0.1553005,0.00078855497,-0.0002265686,-3.0200202e-05,-0.1553005,-0.00078855497,0.0002265686,3.0200202e-05,-0.00030627714,-0.00030627714,OK,0,0.066243388,0.022971107,4.1648228e-07,1.1037088e-05,15,1.5,0.02,0.04,-0.05,40,40,40
3.775,0.15530452,0.00084831221,-0.00022682164,-3.2528134e-05,-0.15530452,-0.00084831221,0.00022682164,3.2528134e-05,-0.00031109395,-0.00031109395,OK,0,0.066363985,0.02297111,4.1673952e-07,1.1037093e-05,15,1.5,0.02,0.04,-0.05,40,40,40
3.78,0.1553091,0.00090580504,-0.00022682164,-3.3276303e-05,-0.1553091,-0.00090580504,0.00022682164,3.3276303e-05,-0.00030982496,-0.00030982496,OK,0,0.06648459,0.022971114,4.1699677e-07,1.1037098e-05,15,1.5,0.02,0.04,-0.05,40,40,40
3.785,0.15531349,0.00097003179,-0.00022732741,-3.6027456e-05,-0.15531349,-0.00097003179,0.00022732741,3.6027456e-05,-0.00031888127,-0.00031888127,OK,0,0.066605201,0.022971119,4.1725515e-07,1.1037105e-05,15,1.5,0.02,0.04,-0.05,40,40,40
3.79,0.15531851,0.0010265804,-0.00022749599,-3.4921521e-05,-0.15531851,-0.0010265804,0.00022749599,3.4921521e-05,-0.00031738872,-0.00031738872,OK,0,0.066725821,0.022971124,4.1751393e-07,1.1037111e-05,15,1.5,0.02,0.04,-0.05,40,40,40
3.795,0.15532401,0.0010908181,-0.00022749599,-3.6108341e-05,-0.15532401,-0.0010908181,0.00022749599,3.6108341e-05,-0.00031648942,-0.00031648942,OK,0,0.066846448,0.02297113,4.177727e-07,1.1037117e-05,15,1.5,0.02,0.04,-0.05,40,40,40
3.8,0.1553297,0.0011622339,-0.00022766458,-3.9332375e-05,-0.1553297,-0.0011622339,0.00022766458,3.9332375e-05,-0.0003208839,-0.0003208839,OK,0,0.066967085,0.022971137,4.1803185e-07,1.1037125e-05,15,1.5,0.02,0.04,-0.05,40,40,40
3.805,0.15533576,0.0012336437,-0.00022783317,-4.1642482e-05,-0.15533576,-0.0012336437,0.00022783317,4.1642482e-05,-0.00032390033,-0.00032390033,OK,0,0.067087731,0.022971145,4.1829139e-07,1.1037134e-05,15,1.5,0.02,0.04,-0.05,40,40,40
3.81,0.15534185,0.0013073948,-0.00022833893,-4.3929874e-05,-0.15534185,-0.0013073948,0.00022833893,4.3929874e-05,-0.00033184588,-0.00033184588,OK,0,0.067208386,0.022971153,4.1855209e-07,1.1037144e-05,15,1.5,0.02,0.04,-0.05,40,40,40
3.815,0.15534881,0.0013768347,-0.00022833893,-4.3455102e-05,-0.15534881,-0.0013768347,0.00022833893,4.3455102e-05,-0.00032821693,-0.00032821693,OK,0,0.067329053,0.022971163,4.1881278e-07,1.1037153e-05,15,1.5,0.02,0.04,-0.05,40,40,40
3.82,0.15535583,0.0014588636,-0.0002286761,-4.6976883e-05,-0.15535583,-0.0014588636,0.0002286761,4.6976883e-05,-0.00033513571,-0.00033513571,OK,0,0.06744973,0.022971173,4.1907424e-07,1.1037164e-05,15,1.5,0.02,0.04,-0.05,40,40,40
3.825,0.15536343,0.0015388451,-0.00022884469,-4.8531626e-05,-0.15536343,-0.0015388451,0.00022884469,4.8531626e-05,-0.00033664535,-0.00033664535,OK,0,0.067570419,0.022971185,4.1933609e-07,1.1037176e-05,15,1.5,0.02,0.04,-0.05,40,40,40
3.83,0.15537129,0.0016249304,-0.00022918186,-5.1342972e-05,-0.15537129,-0.0016249304,0.00022918186,5.1342972e-05,-0.00034231933,-0.00034231933,OK,0,0.06769112,0.022971198,4.1959872e-07,1.1037189e-05,15,1.5,0.02,0.04,-0.05,40,40,40
3.835,0.15537993,0.0017116241,-0.00022918186,-5.312914e-05,-0.15537993,-0.0017116241,0.00022918186,5.312914e-05,-0.00034135799,-0.00034135799,OK,0,0.067811835,0.022971213,4.1986134e-07,1.1037203e-05,15,1.5,0.02,0.04,-0.05,40,40,40
3.84,0.15538855,0.0018088638,-0.00022968762,-5.7829448e-05,-0.15538855,-0.0018088638,0.00022968762,5.7829448e-05,-0.0003519329,-0.0003519329,OK,0,0.067932563,0.022971229,4.2012512e-07,1.103722e-05,15,1.5,0.02,0.04,-0.05,40,40,40
3.845,0.15539799,0.0019006831,-0.00022985621,-5.893256e-05,-0.15539799,-0.0019006831,0.00022985621,5.893256e-05,-0.00035225483,-0.00035225483,OK,0,0.068053305,0.022971247,4.2038929e-07,1.1037237e-05,15,1.5,0.02,0.04,-0.05,40,40,40
3.85,0.15540776,0.0020022151,-0.00023019338,-6.2467604e-05,-0.15540776,-0.0020022151,0.00023019338,6.2467604e-05,-0.00035835832,-0.00035835832,OK,0,0.068174063,0.022971267,4.2065423e-07,1.1037257e-05,15,1.5,0.02,0.04,-0.05,40,40,40
3.855,0.15541789,0.002105735,-0.00023069915,-6.524253e-05,-0.15541789,-0.002105735,0.00023069915,6.524253e-05,-0.00036576371,-0.00036576371,OK,0,0.068294837,0.02297129,4.2092034e-07,1.1037278e-05,15,1.5,0.02,0.04,-0.05,40,40,40
3.86,0.15542906,0.0022099305,-0.00023069915,-6.6647385e-05,-0.15542906,-0.0022099305,0.00023069915,6.6647385e-05,-0.00036347986,-0.00036347986,OK,0,0.068415628,0.022971314,4.2118645e-07,1.10373e-05,15,1.5,0.02,0.04,-0.05,40,40,40
3.865,0.15544031,0.0023291926,-0.00023120491,-7.2403329e-05,-0.15544031,-0.0023291926,0.00023120491,7.2403329e-05,-0.0003747048,-0.0003747048,OK,0,0.068536436,0.022971341,4.2145373e-07,1.1037326e-05,15,1.5,0.02,0.04,-0.05,40,40,40
3.87,0.15545232,0.0024448534,-0.00023154208,-7.4893182e-05,-0.15545232,-0.0024448534,0.00023154208,7.4893182e-05,-0.00037863039,-0.00037863039,OK,0,0.068657263,0.022971371,4.2172179e-07,1.1037354e-05,15,1.5,0.02,0.04,-0.05,40,40,40
3.875,0.15546479,0.0025679533,-0.00023204784,-7.8477835e-05,-0.15546479,-0.0025679533,0.00023204784,7.8477835e-05,-0.00038642047,-0.00038642047,OK,0,0.06877811,0.022971404,4.2199102e-07,1.1037385e-05,15,1.5,0.02,0.04,-0.05,40,40,40
3.88,0.15547806,0.0026936202,-0.00023238502,-8.1098054e-05,-0.15547806,-0.0026936202,0.00023238502,8.1098054e-05,-0.00039011629,-0.00039011629,OK,0,0.068898977,0.02297144,4.2226104e-07,1.1037418e-05,15,1.5,0.02,0.04,-0.05,40,40,40
3.885,0.15549201,0.0028283666,-0.00023272219,-8.5281618e-05,-0.15549201,-0.0028283666,0.00023272219,8.5281618e-05,-0.00039578049,-0.00039578049,OK,0,0.069019866,0.02297148,4.2253183e-07,1.1037454e-05,15,1.5,0.02,0.04,-0.05,40,40,40
3.89,0.1555065,0.0029700917,-0.00023322796,-9.0077894e-05,-0.1555065,-0.0029700917,0.00023322796,9.0077894e-05,-0.00040460245,-0.00040460245,OK,0,0.069140777,0.022971524,4.2280381e-07,1.1037495e-05,15,1.5,0.02,0.04,-0.05,40,40,40
3.895,0.15552191,0.0031150341,-0.00023356513,-9.3861073e-05,-0.15552191,-0.0031150341,0.00023356513,9.3861073e-05,-0.00040922911,-0.00040922911,OK,0,0.069261713,0.022971573,4.2307657e-07,1.1037539e-05,15,1.5,0.02,0.04,-0.05,40,40,40
3.9,0.15553792,0.0032699533,-0.00023407089,-9.9244273e-05,-0.15553792,-0.0032699533,0.00023407089,9.9244273e-05,-0.00041837336,-0.00041837336,OK,0,0.069382673,0.022971626,4.2335052e-07,1.1037588e-05,15,1.5,0.02,0.04,-0.05,40,40,40
3.905,0.15555491,0.0034292141,-0.00023440807,-0.00010383655,-0.15555491,-0.0034292141,0.00023440807,0.00010383655,-0.00042360914,-0.00042360914,OK,0,0.069503659,0.022971685,4.2362526e-07,1.1037642e-05,15,1.5,0.02,0.04,-0.05,40,40,40
3.91,0.15557225,0.0035992424,-0.00023525101,-0.00011010582,-0.15557225,-0.0035992424,0.00023525101,0.00011010582,-0.00043850912,-0.00043850912,OK,0,0.069624673,0.02297175,4.2390197e-07,1.1037703e-05,15,1.5,0.02,0.04,-0.05,40,40,40
3.915,0.15559062,0.0037671308,-0.00023592569,-0.00011271722,-0.15559062,-0.0037671308,0.00023592569,0.00011271722,-0.00044546344,-0.00044546344,OK,0,0.069745715,0.022971821,4.2418028e-07,1.1037766e-05,15,1.5,0.02,0.04,-0.05,40,40,40
3.92,0.15560988,0.0039451163,-0.00023660004,-0.00011647276,-0.15560988,-0.0039451163,0.00023660004,0.00011647276,-0.00045370737,-0.00045370737,OK,0,0.069866787,0.022971899,4.2446017e-07,1.1037834e-05,15,1.5,0.02,0.04,-0.05,40,40,40
3.925,0.15563042,0.0041322929,-0.00023693721,-0.00012086892,-0.15563042,-0.0041322929,0.00023693721,0.00012086892,-0.00045746149,-0.00045746149,OK,0,0.069987892,0.022971984,4.2474087e-07,1.1037907e-05,15,1.5,0.02,0.04,-0.05,40,40,40
3.93,0.15565146,0.0043360627,-0.00023778015,-0.00012874489,-0.15565146,-0.0043360627,0.00023778015,0.00012874489,-0.00047334778,-0.00047334778,OK,0,0.070109028,0.022972078,4.2502357e-07,1.103799e-05,15,1.5,0.02,0.04,-0.05,40,40,40
3.935,0.1556739,0.0045401713,-0.00023828558,-0.00013339075,-0.1556739,-0.0045401713,0.00023828558,0.00013339075,-0.00047928504,-0.00047928504,OK,0,0.0702302,0.022972181,4.2530747e-07,1.1038079e-05,15,1.5,0.02,0.04,-0.05,40,40,40
3.94,0.15569726,0.0047599111,-0.00023895993,-0.0001408134,-0.15569726,-0.0047599111,0.00023895993,0.0001408134,-0.00049127743,-0.00049127743,OK,0,0.070351408,0.022972294,4.2559298e-07,1.1038178e-05,15,1.5,0.02,0.04,-0.05,40,40,40
3.945,0.15572195,0.0049877919,-0.0002394657,-0.00014782438,-0.15572195,-0.0049877919,0.0002394657,0.00014782438,-0.00049977133,-0.00049977133,OK,0,0.070472655,0.022972419,4.258797e-07,1.1038287e-05,15,1.5,0.02,0.04,-0.05,40,40,40
3.95,0.15574752,0.0052300174,-0.00024030863,-0.00015674923,-0.15574752,-0.0052300174,0.00024030863,0.00015674923,-0.00051560215,-0.00051560215,OK,0,0.070593941,0.022972556,4.2616844e-07,1.103841e-05,15,1.5,0.02,0.04,-0.05,40,40,40
3.955,0.15577436,0.0054773875,-0.00024115157,-0.00016369282,-0.15577436,-0.0054773875,0.00024115157,0.00016369282,-0.00052823001,-0.00052823001,OK,0,0.07071527,0.022972706,4.2645921e-07,1.1038544e-05,15,1.5,0.02,0.04,-0.05,40,40,40
3.96,0.15580251,0.0057357859,-0.00024199451,-0.00017083586,-0.15580251,-0.0057357859,0.00024199451,0.00017083586,-0.00054068983,-0.00054068983,OK,0,0.070836642,0.02297287,4.2675201e-07,1.103869e-05,15,1.5,0.02,0.04,-0.05,40,40,40
3.965,0.15583202,0.0060068166,-0.00024283745,-0.00017862546,-0.15583202,-0.0060068166,0.00024283745,0.00017862546,-0.00055358684,-0.00055358684,OK,0,0.07095806,0.02297305,4.2704686e-07,1.103885e-05,15,1.5,0.02,0.04,-0.05,40,40,40
3.97,0.15586297,0.0062912865,-0.00024368039,-0.00018717755,-0.15586297,-0.0062912865,0.00024368039,0.00018717755,-0.00056706133,-0.00056706133,OK,0,0.071079526,0.022973248,4.2734376e-07,1.1039025e-05,15,1.5,0.02,0.04,-0.05,40,40,40
3.975,0.15589525,0.006589874,-0.00024469191,-0.00019654613,-0.15589525,-0.006589874,0.00024469191,0.00019654613,-0.00058369784,-0.00058369784,OK,0,0.071201043,0.022973466,4.2764313e-07,1.1039218e-05,15,1.5,0.02,0.04,-0.05,40,40,40
3.98,0.15592894,0.00689964,-0.00024587236,-0.00020531593,-0.15592894,-0.00689964,0.00024587236,0.00020531593,-0.00060149478,-0.00060149478,OK,0,0.071322612,0.022973704,4.279454e-07,1.1039429e-05,15,1.5,0.02,0.04,-0.05,40,40,40
3.985,0.15596434,0.0072205632,-0.00024696801,-0.00021323856,-0.15596434,-0.0072205632,0.00024696801,0.00021323856,-0.00061626867,-0.00061626867,OK,0,0.071444236,0.022973964,4.2825037e-07,1.1039656e-05,15,1.5,0.02,0.04,-0.05,40,40,40
3.99,0.15600169,0.007558656,-0.00024781095,-0.00022248917,-0.15600169,-0.007558656,0.00024781095,0.00022248917,-0.00062851799,-0.00062851799,OK,0,0.071565919,0.02297425,4.2855742e-07,1.1039904e-05,15,1.5,0.02,0.04,-0.05,40,40,40
3.995,0.1560406,0.0079193098,-0.0002489066,-0.00023498038,-0.1560406,-0.0079193098,0.0002489066,0.00023498038,-0.0006484853,-0.0006484853,OK,0,0.071687662,0.022974563,4.2886719e-07,1.104018e-05,15,1.5,0.02,0.04,-0.05,40,40,40
4,0.15608116,0.008293406,-0.00025025531,-0.0002467585,-0.15608116,-0.008293406,0.00025025531,0.0002467585,-0.00067060797,-0.00067060797,OK,0,0.071809469,0.022974907,4.2918033e-07,1.1040484e-05,15,1.5,0.02,0.04,-0.05,40,40,40
4.005,0.15612368,0.0086798442,-0.00025160434,-0.00025709101,-0.15612368,-0.0086798442,0.00025160434,0.00025709101,-0.0006900343,-0.0006900343,OK,0,0.071931342,0.022975284,4.2949685e-07,1.1040815e-05,15,1.5,0.02,0.04,-0.05,40,40,40
4.01,0.15616823,0.009084517,-0.00025295304,-0.00026805459,-0.15616823,-0.009084517,0.00025295304,0.00026805459,-0.00070963209,-0.00070963209,OK,0,0.072053285,0.022975697,4.2981678e-07,1.1041174e-05,15,1.5,0.02,0.04,-0.05,40,40,40
4.015,0.15621477,0.0095093156,-0.00025447033,-0.00028009863,-0.15621477,-0.0095093156,0.00025447033,0.00028009863,-0.00073253491,-0.00073253491,OK,0,0.0721753,0.022976149,4.3014056e-07,1.1041566e-05,15,1.5,0.02,0.04,-0.05,40,40,40
4.02,0.1562637,0.0099517618,-0.00025581903,-0.00029189526,-0.1562637,-0.0099517618,0.00025581903,0.00029189526,-0.00075178384,-0.00075178384,OK,0,0.072297392,0.022976644,4.3046777e-07,1.1041992e-05,15,1.5,0.02,0.04,-0.05,40,40,40
4.025,0.15631499,0.010419412,-0.00025716773,-0.00030614859,-0.15631499,-0.010419412,0.00025716773,0.00030614859,-0.0007736626,-0.0007736626,OK,0,0.072419564,0.022977187,4.3079845e-07,1.1042461e-05,15,1.5,0.02,0.04,-0.05,40,40,40
4.03,0.15636843,0.01091098,-0.00025885361,-0.0003219795,-0.15636843,-0.01091098,0.00025885361,0.0003219795,-0.00080196569,-0.00080196569,OK,0,0.072541819,0.022977782,4.3113347e-07,1.1042979e-05,15,1.5,0.02,0.04,-0.05,40,40,40
4.035,0.15642444,0.011419887,-0.00026053949,-0.00033635655,-0.15642444,-0.011419887,0.00026053949,0.00033635655,-0.00082734278,-0.00082734278,OK,0,0.072664162,0.022978434,4.3147288e-07,1.1043545e-05,15,1.5,0.02,0.04,-0.05,40,40,40
4.04,0.15647851,0.009518028,-0.00026079221,0.00027034777,-0.15647851,-0.009518028,0.00026079221,-0.00027034777,3.929813e-06,3.929813e-06,OK,0,0.07278659,0.022978887,4.3181294e-07,1.104391e-05,15,1.5,0.02,0.04,-0.05,40,40,40
4.045,0.15651888,0.0071665009,-0.00025801069,0.00079620892,-0.15651888,-0.0071665009,0.00025801069,-0.00079620892,0.00074119055,0.00074119055,OK,0,0.07290908,0.022979144,4.3214579e-07,1.104708e-05,15,1.5,0.02,0.04,-0.05,40,40,40
4.05,0.15655103,0.0059042969,-0.00025362743,0.00088919982,-0.15655103,-0.0059042969,0.00025362743,-0.00088919982,0.00089658069,0.00089658069,OK,0,0.073031622,0.022979318,4.3246742e-07,1.1051034e-05,15,1.5,0.02,0.04,-0.05,40,40,40
4.055,0.15657745,0.0048933795,-0.00024924417,0.00088635463,-0.15657745,-0.0048933795,0.00024924417,-0.00088635463,0.00091815354,0.00091815354,OK,0,0.073154204,0.022979438,4.3277804e-07,1.1054962e-05,15,1.5,0.02,0.04,-0.05,40,40,40
4.06,0.15659897,0.0039373698,-0.00024494504,0.00086610032,-0.15659897,-0.0039373698,0.00024494504,-0.00086610032,0.00091444901,0.00091444901,OK,0,0.07327682,0.022979515,4.3307803e-07,1.1058712e-05,15,1.5,0.02,0.04,-0.05,40,40,40
4.065,0.15661594,0.0029952019,-0.00024056178,0.00084422351,-0.15661594,-0.0029952019,0.00024056178,-0.00084422351,0.00091003542,0.00091003542,OK,0,0.073399463,0.02297956,4.3336738e-07,1.1062276e-05,15,1.5,0.02,0.04,-0.05,40,40,40
4.07,0.15662808,0.002060968,-0.00023643123,0.00082233379,-0.15662808,-0.002060968,0.00023643123,-0.00082233379,0.00090203256,0.00090203256,OK,0,0.073522125,0.022979582,4.3364688e-07,1.1065657e-05,15,1.5,0.02,0.04,-0.05,40,40,40
4.075,0.15663556,0.0011246827,-0.00023238514,0.00080368932,-0.15663556,-0.0011246827,0.00023238514,-0.00080368932,0.00089745543,0.00089745543,OK,0,0.073644798,0.022979588,4.3391689e-07,1.1068887e-05,15,1.5,0.02,0.04,-0.05,40,40,40
4.08,0.15663836,0.00018636707,-0.00022842351,0.0007875147,-0.15663836,-0.00018636707,0.00022842351,-0.0007875147,0.00089514131,0.00089514131,OK,0,0.073767476,0.022979588,4.3417778e-07,1.1071988e-05,15,1.5,0.02,0.04,-0.05,40,40,40
4.085,0.15663654,-0.00075563475,-0.00022446155,0.00077371092,-0.15663654,0.00075563475,0.00022446155,-0.00077371092,0.00089614848,0.00089614848,OK,0,0.073890151,0.022979591,4.3442969e-07,1.1074981e-05,15,1.5,0.02,0.04,-0.05,40,40,40
4.09,0.15662989,-0.0017014896,-0.00022066851,0.00076157792,-0.15662989,0.0017014896,0.00022066851,-0.00076157792,0.00089687741,0.00089687741,OK,0,0.074012816,0.022979605,4.3467316e-07,1.1077881e-05,15,1.5,0.02,0.04,-0.05,40,40,40
4.095,0.15661845,-0.0026565298,-0.00021695959,0.00075249709,-0.15661845,0.0026565298,0.00021695959,-0.00075249709,0.00090045956,0.00090045956,OK,0,0.074135462,0.022979641,4.3490852e-07,1.1080712e-05,15,1.5,0.02,0.04,-0.05,40,40,40
4.1,0.15660225,-0.0036216663,-0.00021325067,0.00074606273,-0.15660225,0.0036216663,0.00021325067,-0.00074606273,0.00090751225,0.00090751225,OK,0,0.074258084,0.022979706,4.351359e-07,1.1083495e-05,15,1.5,0.02,0.04,-0.05,40,40,40
4.105,0.1565813,-0.0045969858,-0.0002094573,0.00074153086,-0.1565813,0.0045969858,0.0002094573,-0.00074153086,0.00091818342,0.00091818342,OK,0,0.074380672,0.022979812,4.3535526e-07,1.1086244e-05,15,1.5,0.02,0.04,-0.05,40,40,40
4.11,0.15655539,-0.0055824199,-0.00020574838,0.00073808864,-0.15655539,0.0055824199,0.00020574838,-0.00073808864,0.00092871821,0.00092871821,OK,0,0.07450322,0.022979968,4.3556692e-07,1.1088968e-05,15,1.5,0.02,0.04,-0.05,40,40,40
4.115,0.15652451,-0.0065833194,-0.00020203946,0.0007371015,-0.15652451,0.0065833194,0.00020203946,-0.0007371015,0.00094221778,0.00094221778,OK,0,0.07462572,0.022980184,4.3577102e-07,1.1091685e-05,15,1.5,0.02,0.04,-0.05,40,40,40
4.12,0.15648858,-0.0076006887,-0.00019833054,0.00073817246,-0.15648858,0.0076006887,0.00019833054,-0.00073817246,0.00095804467,0.00095804467,OK,0,0.074748163,0.022980473,4.359677e-07,1.1094409e-05,15,1.5,0.02,0.04,-0.05,40,40,40
4.125,0.15644733,-0.0086365332,-0.0001947902,0.00074129662,-0.15644733,0.0086365332,0.0001947902,-0.00074129662,0.00097357717,0.00097357717,OK,0,0.074870542,0.022980846,4.3615742e-07,1.1097157e-05,15,1.5,0.02,0.04,-0.05,40,40,40
4.13,0.1564038,-0.0083081636,-0.00019175529,0.00038583927,-0.1564038,0.0083081636,0.00019175529,-0.00038583927,0.00049817902,0.00049817902,OK,0,0.074992853,0.022981191,4.3634127e-07,1.1097901e-05,15,1.5,0.02,0.04,-0.05,40,40,40
4.135,0.15636418,-0.0077249663,-0.00019057518,8.535701e-05,-0.15636418,0.0077249663,0.00019057518,-8.535701e-05,8.7692848e-05,8.7692848e-05,OK,0,0.075115102,0.02298149,4.3652286e-07,1.1097938e-05,15,1.5,0.02,0.04,-0.05,40,40,40
4.14,0.15632553,-0.0077653788,-0.000190238,3.0796641e-05,-0.15632553,0.0077653788,0.000190238,-3.0796641e-05,8.5204149e-06,8.5204149e-06,OK,0,0.07523729,0.022981791,4.3670381e-07,1.1097942e-05,15,1.5,0.02,0.04,-0.05,40,40,40
4.145,0.15628599,-0.0079560736,-0.00019023799,3.1197701e-05,-0.15628599,0.0079560736,0.00019023799,-3.1197701e-05,7.0358264e-07,7.0358264e-07,OK,0,0.075359417,0.022982108,4.3688476e-07,1.1097947e-05,15,1.5,0.02,0.04,-0.05,40,40,40
4.15,0.15624548,-0.0081958819,-0.00019006974,4.5642446e-05,-0.15624548,0.0081958819,0.00019006974,-4.5642446e-05,1.4491991e-05,1.4491991e-05,OK,0,0.07548148,0.022982444,4.370654e-07,1.1097958e-05,15,1.5,0.02,0.04,-0.05,40,40,40
4.155,0.15620381,-0.0084550113,-0.00018973256,6.1968935e-05,-0.15620381,0.0084550113,0.00018973256,-6.1968935e-05,3.2840706e-05,3.2840706e-05,OK,0,0.075603478,0.022982801,4.3724539e-07,1.1097977e-05,15,1.5,0.02,0.04,-0.05,40,40,40
4.16,0.15616046,-0.008728142,-0.00018964843,7.7868557e-05,-0.15616046,0.008728142,0.00018964843,-7.7868557e-05,4.6159942e-05,4.6159942e-05,OK,0,0.075725408,0.022983182,4.3742522e-07,1.1098007e-05,15,1.5,0.02,0.04,-0.05,40,40,40
4.165,0.1561161,-0.0090237358,-0.0001890582,9.6577963e-05,-0.1561161,0.0090237358,0.0001890582,-9.6577963e-05,7.0366505e-05,7.0366505e-05,OK,0,0.07584727,0.022983589,4.3760394e-07,1.1098054e-05,15,1.5,0.02,0.04,-0.05,40,40,40
4.17,0.15607023,-0.0093276425,-0.00018838384,0.000112198,-0.15607023,0.0093276425,0.00018838384,-0.000112198,9.0838334e-05,9.0838334e-05,OK,0,0.075969059,0.022984024,4.3778138e-07,1.1098117e-05,15,1.5,0.02,0.04,-0.05,40,40,40
4.175,0.15602273,-0.0096466397,-0.00018770915,0.00012726045,-0.15602273,0.0096466397,0.00018770915,-0.00012726045,0.00010984241,0.00010984241,OK,0,0.076090775,0.022984489,4.3795755e-07,1.1098198e-05,15,1.5,0.02,0.04,-0.05,40,40,40
4.18,0.15597333,-0.0099843423,-0.00018720338,0.00014300915,-0.15597333,0.0099843423,0.00018720338,-0.00014300915,0.00012655587,0.00012655587,OK,0,0.076212413,0.022984988,4.3813278e-07,1.10983e-05,15,1.5,0.02,0.04,-0.05,40,40,40
4.185,0.15592242,-0.010345633,-0.00018636077,0.00016118589,-0.15592242,0.010345633,0.00018636077,-0.00016118589,0.00015099031,0.00015099031,OK,0,0.076333972,0.022985523,4.3830643e-07,1.109843e-05,15,1.5,0.02,0.04,-0.05,40,40,40
4.19,0.15586958,-0.01072121,-0.00018551783,0.00017779696,-0.15586958,0.01072121,0.00018551783,-0.00017779696,0.00017247113,0.00017247113,OK,0,0.076455449,0.022986098,4.3847851e-07,1.1098588e-05,15,1.5,0.02,0.04,-0.05,40,40,40
4.195,0.15581488,-0.011117087,-0.00018450596,0.00019501322,-0.15581488,0.011117087,0.00018450596,-0.00019501322,0.0001965445,0.0001965445,OK,0,0.07657684,0.022986716,4.3864873e-07,1.1098778e-05,15,1.5,0.02,0.04,-0.05,40,40,40
4.2,0.15575807,-0.011531453,-0.00018349443,0.00021183534,-0.15575807,0.011531453,0.00018349443,-0.00021183534,0.00021923973,0.00021923973,OK,0,0.076698143,0.022987381,4.3881708e-07,1.1099003e-05,15,1.5,0.02,0.04,-0.05,40,40,40
4.205,0.15569894,-0.011968253,-0.00018256736,0.00022957288,-0.15569894,0.011968253,0.00018256736,-0.00022957288,0.00024109756,0.00024109756,OK,0,0.076819354,0.022988097,4.3898373e-07,1.1099266e-05,15,1.5,0.02,0.04,-0.05,40,40,40
4.21,0.15563771,-0.01243077,-0.00018138724,0.00024925172,-0.15563771,0.01243077,0.00018138724,-0.00024925172,0.00026859241,0.00026859241,OK,0,0.076940469,0.022988869,4.3914824e-07,1.1099577e-05,15,1.5,0.02,0.04,-0.05,40,40,40
4.215,0.15557427,-0.012913162,-0.00017995441,0.00026820126,-0.15557427,0.012913162,0.00017995441,-0.00026820126,0.0002979447,0.0002979447,OK,0,0.077061486,0.022989703,4.3931016e-07,1.1099936e-05,15,1.5,0.02,0.04,-0.05,40,40,40
4.22,0.15550819,-0.013415077,-0.0001786057,0.00028595065,-0.15550819,0.013415077,0.0001786057,-0.00028595065,0.00032340108,0.00032340108,OK,0,0.0771824,0.022990603,4.3946966e-07,1.1100345e-05,15,1.5,0.02,0.04,-0.05,40,40,40
4.225,0.1554395,-0.013944472,-0.00017717253,0.00030536462,-0.1554395,0.013944472,0.00017717253,-0.00030536462,0.00035147006,0.00035147006,OK,0,0.077303207,0.022991575,4.3962661e-07,1.1100811e-05,15,1.5,0.02,0.04,-0.05,40,40,40
4.23,0.15536808,-0.014500138,-0.00017565524,0.00032559312,-0.15536808,0.014500138,0.00017565524,-0.00032559312,0.00038091709,0.00038091709,OK,0,0.077423903,0.022992626,4.3978088e-07,1.1101341e-05,15,1.5,0.02,0.04,-0.05,40,40,40
4.235,0.15529386,-0.015082755,-0.00017396936,0.00034652955,-0.15529386,0.015082755,0.00017396936,-0.00034652955,0.00041282093,0.00041282093,OK,0,0.077544484,0.022993764,4.3993221e-07,1.1101942e-05,15,1.5,0.02,0.04,-0.05,40,40,40
4.24,0.15521671,-0.015691589,-0.00017211488,0.00036747857,-0.15521671,0.015691589,0.00017211488,-0.00036747857,0.00044616529,0.00044616529,OK,0,0.077664945,0.022994995,4.4008033e-07,1.1102617e-05,15,1.5,0.02,0.04,-0.05,40,40,40
4.245,0.15513651,-0.016327479,-0.00017009183,0.00038836114,-0.15513651,0.016327479,0.00017009183,-0.00038836114,0.00048079531,0.00048079531,OK,0,0.077785282,0.022996328,4.4022498e-07,1.1103371e-05,15,1.5,0.02,0.04,-0.05,40,40,40
4.25,0.15505277,-0.016991614,-0.00016823735,0.000409219,-0.15505277,0.016991614,0.00016823735,-0.000409219,0.00051165898,0.00051165898,OK,0,0.077905489,0.022997772,4.403665e-07,1.1104208e-05,15,1.5,0.02,0.04,-0.05,40,40,40
4.255,0.15496582,-0.01769253,-0.00016604571,0.00043303736,-0.15496582,0.01769253,0.00016604571,-0.00043303736,0.00055048569,0.00055048569,OK,0,0.078025561,0.022999337,4.4050436e-07,1.1105146e-05,15,1.5,0.02,0.04,-0.05,40,40,40
4.26,0.15487517,-0.018422185,-0.00016385406,0.0004560918,-0.15487517,0.018422185,0.00016385406,-0.0004560918,0.00058694284,0.00058694284,OK,0,0.078145492,0.023001034,4.406386e-07,1.1106186e-05,15,1.5,0.02,0.04,-0.05,40,40,40
4.265,0.15478571,-0.017534609,-0.00016284253,7.9659047e-05,-0.15478571,0.017534609,0.00016284253,-7.9659047e-05,7.1180571e-05,7.1180571e-05,OK,0,0.078265286,0.023002571,4.4077119e-07,1.1106218e-05,15,1.5,0.02,0.04,-0.05,40,40,40
4.27,0.15469841,-0.017523987,-0.00016233675,2.1414737e-05,-0.15469841,0.017523987,0.00016233675,-2.1414737e-05,-9.9203986e-06,-9.9203986e-06,OK,0,0.078384944,0.023004106,4.4090295e-07,1.110622e-05,15,1.5,0.02,0.04,-0.05,40,40,40
4.275,0.15460996,-0.017713762,-0.00016250533,3.3235643e-05,-0.15460996,0.017713762,0.00016250533,-3.3235643e-05,-4.0776884e-06,-4.0776884e-06,OK,0,0.078504465,0.023005675,4.4103499e-07,1.1106226e-05,15,1.5,0.02,0.04,-0.05,40,40,40
4.28,0.15452085,-0.017991644,-0.00016199955,6.4865563e-05,-0.15452085,0.017991644,0.00016199955,-6.4865563e-05,3.8056229e-05,3.8056229e-05,OK,0,0.078623848,0.023007294,4.4116621e-07,1.1106247e-05,15,1.5,0.02,0.04,-0.05,40,40,40
4.285,0.15442975,-0.018303678,-0.00016183095,9.5942453e-05,-0.15442975,0.018303678,0.00016183095,-9.5942453e-05,7.2897255e-05,7.2897255e-05,OK,0,0.078743091,0.023008969,4.4129716e-07,1.1106293e-05,15,1.5,0.02,0.04,-0.05,40,40,40
4.29,0.1543373,-0.018662028,-0.00016115659,0.0001311225,-0.1543373,0.018662028,0.00016115659,-0.0001311225,0.00011959987,0.00011959987,OK,0,0.078862191,0.02301071,4.4142701e-07,1.1106379e-05,15,1.5,0.02,0.04,-0.05,40,40,40
4.295,0.15424297,-0.019051668,-0.00016031364,0.00016409945,-0.15424297,0.019051668,0.00016031364,-0.00016409945,0.00016423717,0.00016423717,OK,0,0.078981145,0.023012525,4.4155552e-07,1.1106513e-05,15,1.5,0.02,0.04,-0.05,40,40,40
4.3,0.1541465,-0.01947769,-0.00015938623,0.00019663561,-0.1541465,0.01947769,0.00015938623,-0.00019663561,0.00020798231,0.00020798231,OK,0,0.079099951,0.023014422,4.4168254e-07,1.1106707e-05,15,1.5,0.02,0.04,-0.05,40,40,40
4.305,0.15404777,-0.019943602,-0.00015829057,0.00022984443,-0.15404777,0.019943602,0.00015829057,-0.00022984443,0.00025361942,0.00025361942,OK,0,0.079218605,0.023016411,4.4180782e-07,1.1106971e-05,15,1.5,0.02,0.04,-0.05,40,40,40
4.31,0.15394661,-0.020449193,-0.00015702598,0.00026329995,-0.15394661,0.020449193,0.00015702598,-0.00026329995,0.00030052473,0.00030052473,OK,0,0.079337103,0.023018501,4.419311e-07,1.1107318e-05,15,1.5,0.02,0.04,-0.05,40,40,40
4.315,0.15384245,-0.020995327,-0.00015593032,0.00029699272,-0.15384245,0.020995327,0.00015593032,-0.00029699272,0.00034357031,0.00034357031,OK,0,0.07945544,0.023020705,4.4205267e-07,1.1107759e-05,15,1.5,0.02,0.04,-0.05,40,40,40
4.32,0.15373584,-0.021592672,-0.00015424443,0.00033381301,-0.15373584,0.021592672,0.00015424443,-0.00033381301,0.00039806288,0.00039806288,OK,0,0.079573614,0.023023037,4.4217163e-07,1.1108316e-05,15,1.5,0.02,0.04,-0.05,40,40,40
4.325,0.15362597,-0.022221637,-0.00015255855,0.0003682771,-0.15362597,0.022221637,0.00015255855,-0.0003682771,0.00044769132,0.00044769132,OK,0,0.079691618,0.023025506,4.42288e-07,1.1108994e-05,15,1.5,0.02,0.04,-0.05,40,40,40
4.33,0.15351289,-0.022898731,-0.00015061961,0.00040381445,-0.15351289,0.022898731,0.00015061961,-0.00040381445,0.00050073602,0.00050073602,OK,0,0.079809449,0.023028127,4.4240143e-07,1.1109809e-05,15,1.5,0.02,0.04,-0.05,40,40,40
4.335,0.15339635,-0.02362413,-0.00014842796,0.00043934198,-0.15339635,0.02362413,0.00014842796,-0.00043934198,0.00055555535,0.00055555535,OK,0,0.079927102,0.023030918,4.4251159e-07,1.1110774e-05,15,1.5,0.02,0.04,-0.05,40,40,40
4.34,0.15327598,-0.024388954,-0.00014615219,0.00047525349,-0.15327598,0.024388954,0.00014615219,-0.00047525349,0.00061055886,0.00061055886,OK,0,0.080044569,0.023033892,4.4261839e-07,1.1111904e-05,15,1.5,0.02,0.04,-0.05,40,40,40
4.345,0.15315169,-0.02520707,-0.00014362303,0.00051210206,-0.15315169,0.02520707,0.00014362303,-0.00051210206,0.00066855879,0.00066855879,OK,0,0.080161846,0.023037069,4.4272153e-07,1.1113215e-05,15,1.5,0.02,0.04,-0.05,40,40,40
4.35,0.15302315,-0.026075298,-0.00014092596,0.000549416,-0.15302315,0.026075298,0.00014092596,-0.000549416,0.00072768569,0.00072768569,OK,0,0.080278927,0.023040469,4.4282083e-07,1.1114724e-05,15,1.5,0.02,0.04,-0.05,40,40,40
4.355,0.15289008,-0.026996372,-0.00013805996,0.00058776278,-0.15289008,0.026996372,0.00013805996,-0.00058776278,0.00078869163,0.00078869163,OK,0,0.080395804,0.023044113,4.4291613e-07,1.1116451e-05,15,1.5,0.02,0.04,-0.05,40,40,40
4.36,0.15275214,-0.027972945,-0.00013510949,0.00062730715,-0.15275214,0.027972945,0.00013510949,-0.00062730715,0.0008504433,0.0008504433,OK,0,0.08051247,0.023048025,4.430074e-07,1.1118419e-05,15,1.5,0.02,0.04,-0.05,40,40,40
4.365,0.15260918,-0.029008553,-0.00013190632,0.00066898604,-0.15260918,0.029008553,0.00013190632,-0.00066898604,0.00091672575,0.00091672575,OK,0,0.080628918,0.023052233,4.430944e-07,1.1120657e-05,15,1.5,0.02,0.04,-0.05,40,40,40
4.37,0.15246092,-0.030102825,-0.00012845043,0.00071158819,-0.15246092,0.030102825,0.00012845043,-0.00071158819,0.00098573109,0.00098573109,OK,0,0.080745139,0.023056763,4.431769e-07,1.1123189e-05,15,1.5,0.02,0.04,-0.05,40,40,40
4.375,0.15230713,-0.031257006,-0.00012465703,0.00075507493,-0.15230713,0.031257006,0.00012465703,-0.00075507493,0.0010586192,0.0010586192,OK,0,0.080861127,0.023061648,4.4325459e-07,1.1126039e-05,15,1.5,0.02,0.04,-0.05,40,40,40
4.38,0.15214725,-0.032472375,-0.00012077951,0.00079876275,-0.15214725,0.032472375,0.00012077951,-0.00079876275,0.0011305015,0.0011305015,OK,0,0.08097687,0.023066921,4.4332753e-07,1.1129229e-05,15,1.5,0.02,0.04,-0.05,40,40,40
4.385,0.15198097,-0.033756158,-0.00011681786,0.00084492785,-0.15198097,0.033756158,0.00011681786,-0.00084492785,0.0012044968,0.0012044968,OK,0,0.081092362,0.023072618,4.4339576e-07,1.1132799e-05,15,1.5,0.02,0.04,-0.05,40,40,40
4.39,0.1518083,-0.035112588,-0.00011235011,0.00089406977,-0.1518083,0.035112588,0.00011235011,-0.00089406977,0.0012875156,0.0012875156,OK,0,0.08120759,0.023078783,4.4345888e-07,1.1136796e-05,15,1.5,0.02,0.04,-0.05,40,40,40
4.395,0.15162867,-0.036535919,-0.00010762965,0.00094286878,-0.15162867,0.036535919,0.00010762965,-0.00094286878,0.0013709951,0.0013709951,OK,0,0.081322547,0.023085457,4.435168e-07,1.1141241e-05,15,1.5,0.02,0.04,-0.05,40,40,40
4.4,0.15144145,-0.038032374,-0.00010290918,0.00099302236,-0.15144145,0.038032374,0.00010290918,-0.00099302236,0.0014534298,0.0014534298,OK,0,0.081437219,0.023092689,4.4356975e-07,1.1146171e-05,15,1.5,0.02,0.04,-0.05,40,40,40
4.405,0.15124675,-0.039612392,-9.768296e-05,0.0010471323,-0.15124675,0.039612392,9.768296e-05,-0.0010471323,0.0015458935,0.0015458935,OK,0,0.081551597,0.023100535,4.4361746e-07,1.1151654e-05,15,1.5,0.02,0.04,-0.05,40,40,40
4.41,0.15104358,-0.041260041,-9.2541199e-05,0.0011019105,-0.15104358,0.041260041,9.2541199e-05,-0.0011019105,0.0016352177,0.0016352177,OK,0,0.081665668,0.023109047,4.4366028e-07,1.1157725e-05,15,1.5,0.02,0.04,-0.05,40,40,40
4.415,0.15083198,-0.043016302,-8.6977454e-05,0.001160518,-0.15083198,0.043016302,8.6977454e-05,-0.001160518,0.0017321027,0.0017321027,OK,0,0.081779419,0.023118299,4.436981e-07,1.1164459e-05,15,1.5,0.02,0.04,-0.05,40,40,40
4.42,0.15061159,-0.044852502,-8.090829e-05,0.0012218643,-0.15061159,0.044852502,8.090829e-05,-0.0012218643,0.0018373038,0.0018373038,OK,0,0.081892839,0.023128358,4.4373083e-07,1.1171923e-05,15,1.5,0.02,0.04,-0.05,40,40,40
4.425,0.1503818,-0.046765425,-7.4501951e-05,0.0012837041,-0.1503818,0.046765425,7.4501951e-05,-0.0012837041,0.0019450459,0.0019450459,OK,0,0.082005912,0.023139293,4.4375859e-07,1.1180163e-05,15,1.5,0.02,0.04,-0.05,40,40,40
4.43,0.15014189,-0.048790463,-6.8011144e-05,0.0013462455,-0.15014189,0.048790463,6.8011144e-05,-0.0013462455,0.0020504205,0.0020504205,OK,0,0.082118625,0.023151195,4.4378171e-07,1.1189225e-05,15,1.5,0.02,0.04,-0.05,40,40,40
4.435,0.14989177,-0.050913573,-6.1014921e-05,0.0014145096,-0.14989177,0.050913573,6.1014921e-05,-0.0014145096,0.0021678329,0.0021678329,OK,0,0.082230963,0.023164156,4.4380033e-07,1.1199229e-05,15,1.5,0.02,0.04,-0.05,40,40,40
4.44,0.14963038,-0.053137896,-5.4018697e-05,0.0014841575,-0.14963038,0.053137896,5.4018697e-05,-0.0014841575,0.0022830475,0.0022830475,OK,0,0.082342909,0.023178274,4.4381492e-07,1.1210243e-05,15,1.5,0.02,0.04,-0.05,40,40,40
4.445,0.14935801,-0.055477314,-4.617919e-05,0.0015595245,-0.14935801,0.055477314,4.617919e-05,-0.0015595245,0.0024146666,0.0024146666,OK,0,0.082454448,0.023193663,4.4382558e-07,1.1222403e-05,15,1.5,0.02,0.04,-0.05,40,40,40
4.45,0.1490736,-0.057922726,-3.8002506e-05,0.0016342659,-0.1490736,0.057922726,3.8002506e-05,-0.0016342659,0.0025459241,0.0025459241,OK,0,0.082565563,0.023210438,4.438328e-07,1.1235757e-05,15,1.5,0.02,0.04,-0.05,40,40,40
4.455,0.14877622,-0.060486634,-2.982582e-05,0.0017119527,-0.14877622,0.060486634,2.982582e-05,-0.0017119527,0.0026766007,0.0026766007,OK,0,0.082676234,0.023228731,4.4383725e-07,1.1250411e-05,15,1.5,0.02,0.04,-0.05,40,40,40
4.46,0.14846598,-0.063183418,-2.0890665e-05,0.0017964036,-0.14846598,0.063183418,2.0890665e-05,-0.0017964036,0.0028232283,0.0028232283,OK,0,0.082786445,0.023248692,4.4383943e-07,1.1266546e-05,15,1.5,0.02,0.04,-0.05,40,40,40
4.465,0.14814165,-0.066003188,-1.1786923e-05,0.0018821548,-0.14814165,0.066003188,1.1786923e-05,-0.0018821548,0.0029691339,0.0029691339,OK,0,0.082896175,0.023270474,4.4384013e-07,1.1284259e-05,15,1.5,0.02,0.04,-0.05,40,40,40
4.47,0.14780286,-0.068964473,-2.1774164e-06,0.0019733482,-0.14780286,0.068964473,2.1774164e-06,-0.0019733482,0.0031248393,0.0031248393,OK,0,0.083005403,0.023294255,4.4384015e-07,1.130373e-05,15,1.5,0.02,0.04,-0.05,40,40,40
4.475,0.14744879,-0.072067676,7.8537355e-06,0.0020684153,-0.14744879,0.072067676,-7.8537355e-06,-0.0020684153,0.0032866977,0.0032866977,OK,0,0.083114109,0.023320224,4.4384046e-07,1.1325121e-05,15,1.5,0.02,0.04,-0.05,40,40,40
4.48,0.14707895,-0.07532041,1.8558885e-05,0.0021680289,-0.14707895,0.07532041,-1.8558885e-05,-0.0021680289,0.0034591894,0.0034591894,OK,0,0.08322227,0.023348589,4.4384218e-07,1.1348623e-05,15,1.5,0.02,0.04,-0.05,40,40,40
4.485,0.14669217,-0.07872305,2.9517092e-05,0.0022705522,-0.14669217,0.07872305,-2.9517092e-05,-0.0022705522,0.0036335061,0.0036335061,OK,0,0.083329863,0.023379576,4.4384654e-07,1.13744e-05,15,1.5,0.02,0.04,-0.05,40,40,40
4.49,0.14628818,-0.082294067,4.1318237e-05,0.0023794294,-0.14628818,0.082294067,-4.1318237e-05,-0.0023794294,0.0038229185,0.0038229185,OK,0,0.083436864,0.023413438,4.4385507e-07,1.1402708e-05,15,1.5,0.02,0.04,-0.05,40,40,40
4.495,0.14586589,-0.08602928,5.3709973e-05,0.0024908768,-0.14586589,0.08602928,-5.3709973e-05,-0.0024908768,0.0040181113,0.0040181113,OK,0,0.083543249,0.023450443,4.438695e-07,1.1433731e-05,15,1.5,0.02,0.04,-0.05,40,40,40
4.5,0.14543872,-0.08023122,6.2729211e-05,0.00017308339,-0.14543872,0.08023122,-6.2729211e-05,-0.00017308339,0.00090008885,0.00090008885,OK,0,0.083649011,0.023482628,4.4388917e-07,1.1433881e-05,15,1.5,0.02,0.04,-0.05,40,40,40
4.505,0.14508352,-0.064932011,5.143383e-05,-0.0038408432,-0.14508352,0.064932011,-5.143383e-05,0.0038408432,-0.0046853673,-0.0046853673,OK,0,0.083754257,0.023503709,4.439024e-07,1.1507641e-05,15,1.5,0.02,0.04,-0.05,40,40,40
4.51,0.14477974,-0.057946313,2.9854295e-05,-0.0045582194,-0.14477974,0.057946313,-2.9854295e-05,0.0045582194,-0.0058117724,-0.0058117724,OK,0,0.083859063,0.023520498,4.4390686e-07,1.1611528e-05,15,1.5,0.02,0.04,-0.05,40,40,40
4.515,0.14450527,-0.052861789,6.9264241e-06,-0.0045578497,-0.14450527,0.052861789,-6.9264241e-06,0.0045578497,-0.0059572444,-0.0059572444,OK,0,0.083963472,0.023534469,4.439071e-07,1.1715398e-05,15,1.5,0.02,0.04,-0.05,40,40,40
4.52,0.144255,-0.048258244,-1.5327096e-05,-0.0044117544,-0.144255,0.048258244,1.5327096e-05,0.0044117544,-0.0058927678,-0.0058927678,OK,0,0.084067519,0.023546114,4.4390827e-07,1.1812716e-05,15,1.5,0.02,0.04,-0.05,40,40,40
4.525,0.14402729,-0.043796204,-3.6822148e-05,-0.0042461719,-0.14402729,0.043796204,3.6822148e-05,0.0042461719,-0.0057928924,-0.0057928924,OK,0,0.084171238,0.023555704,4.4391505e-07,1.1902865e-05,15,1.5,0.02,0.04,-0.05,40,40,40
4.53,0.14382139,-0.039421338,-5.7726967e-05,-0.0040877388,-0.14382139,0.039421338,5.7726967e-05,0.0040877388,-0.0056979385,-0.0056979385,OK,0,0.084274661,0.023563475,4.4393171e-07,1.1986414e-05,15,1.5,0.02,0.04,-0.05,40,40,40
4.535,0.14363749,-0.035110837,-7.7536141e-05,-0.0039388091,-0.14363749,0.035110837,7.7536141e-05,0.0039388091,-0.0056029395,-0.0056029395,OK,0,0.08437782,0.023569638,4.4396177e-07,1.2063985e-05,15,1.5,0.02,0.04,-0.05,40,40,40
4.54,0.14347464,-0.030842079,-9.7008136e-05,-0.0038048775,-0.14347464,0.030842079,9.7008136e-05,0.0038048775,-0.0055266285,-0.0055266285,OK,0,0.084480745,0.023574395,4.4400882e-07,1.213637e-05,15,1.5,0.02,0.04,-0.05,40,40,40
4.545,0.14333328,-0.026619776,-0.00011555273,-0.0036805269,-0.14333328,0.026619776,0.00011555273,0.0036805269,-0.0054522067,-0.0054522067,OK,0,0.084583467,0.023577938,4.4407559e-07,1.2204101e-05,15,1.5,0.02,0.04,-0.05,40,40,40
4.55,0.14321269,-0.0224247,-0.00013376048,-0.0035700069,-0.14321269,0.0224247,0.00013376048,0.0035700069,-0.0053941518,-0.0053941518,OK,0,0.084686016,0.023580452,4.4416505e-07,1.2267826e-05,15,1.5,0.02,0.04,-0.05,40,40,40
4.555,0.14311338,-0.018258448,-0.0001510405,-0.0034692138,-0.14311338,0.018258448,0.0001510405,0.0034692138,-0.0053374985,-0.0053374985,OK,0,0.084788424,0.023582119,4.4427911e-07,1.2328003e-05,15,1.5,0.02,0.04,-0.05,40,40,40
4.56,0.14303449,-0.014101352,-0.00016823639,-0.003382642,-0.14303449,0.014101352,0.00016823639,0.003382642,-0.0053008731,-0.0053008731,OK,0,0.084890718,0.023583113,4.4442063e-07,1.2385215e-05,15,1.5,0.02,0.04,-0.05,40,40,40
4.565,0.14297633,-0.0099604039,-0.00018501097,-0.003304067,-0.14297633,0.0099604039,0.00018501097,0.003304067,-0.0052701547,-0.0052701547,OK,0,0.084992929,0.023583609,4.4459177e-07,1.2439799e-05,15,1.5,0.02,0.04,-0.05,40,40,40
4.57,0.14293909,-0.0058224688,-0.000201195,-0.0032353901,-0.14293909,0.0058224688,0.000201195,0.0032353901,-0.005245127,-0.005245127,OK,0,0.085095087,0.023583779,4.4479417e-07,1.2492138e-05,15,1.5,0.02,0.04,-0.05,40,40,40
4.575,0.14292234,-0.0016741153,-0.00021729556,-0.0031786489,-0.14292234,0.0016741153,0.00021729556,0.0031786489,-0.0052359247,-0.0052359247,OK,0,0.085197221,0.023583793,4.4503026e-07,1.2542657e-05,15,1.5,0.02,0.04,-0.05,40,40,40
4.58,0.14292659,0.0024836772,-0.0002328897,-0.0031300758,-0.14292659,-0.0024836772,0.0002328897,0.0031300758,-0.0052305803,-0.0052305803,OK,0,0.085299361,0.023583823,4.4530145e-07,1.2591644e-05,15,1.5,0.02,0.04,-0.05,40,40,40
4.585,0.14295157,0.0066671036,-0.0002483997,-0.0030928219,-0.14295157,-0.0066671036,0.0002483997,0.0030928219,-0.0052395129,-0.0052395129,OK,0,0.085401537,0.023584046,4.4560996e-07,1.2639471e-05,15,1.5,0.02,0.04,-0.05,40,40,40
4.59,0.14299721,0.01087761,-0.00026407862,-0.0030640884,-0.14299721,-0.01087761,0.00026407862,0.0030640884,-0.0052622633,-0.0052622633,OK,0,0.085503778,0.023584637,4.4595865e-07,1.2686415e-05,15,1.5,0.02,0.04,-0.05,40,40,40
4.595,0.14306452,0.015117463,-0.00027908286,-0.0030413892,-0.14306452,-0.015117463,0.00027908286,0.0030413892,-0.0052823378,-0.0052823378,OK,0,0.085606115,0.02358578,4.4634808e-07,1.2732665e-05,15,1.5,0.02,0.04,-0.05,40,40,40
4.6,0.14315279,0.019412664,-0.00029442427,-0.0030317882,-0.14315279,-0.019412664,0.00029442427,0.0030317882,-0.0053244841,-0.0053244841,OK,0,0.085708579,0.023587664,4.4678151e-07,1.2778624e-05,15,1.5,0.02,0.04,-0.05,40,40,40
4.605,0.1432627,0.023754142,-0.00030968154,-0.0030281862,-0.1432627,-0.023754142,0.00030968154,0.0030281862,-0.0053720827,-0.0053720827,OK,0,0.0858112,0.023590486,4.4726102e-07,1.2824473e-05,15,1.5,0.02,0.04,-0.05,40,40,40
4.61,0.14339485,0.028156851,-0.00032460132,-0.0030331274,-0.14339485,-0.028156851,0.00032460132,0.0030331274,-0.0054245398,-0.0054245398,OK,0,0.08591401,0.02359445,4.4778785e-07,1.2870472e-05,15,1.5,0.02,0.04,-0.05,40,40,40
4.615,0.14354903,0.032636914,-0.00033977413,-0.0030495921,-0.14354903,-0.032636914,0.00033977413,0.0030495921,-0.005494543,-0.005494543,OK,0,0.086017042,0.023599775,4.4836509e-07,1.2916973e-05,15,1.5,0.02,0.04,-0.05,40,40,40
4.62,0.1437256,0.037192744,-0.00035528444,-0.0030733719,-0.1437256,-0.037192744,0.00035528444,0.0030733719,-0.0055771028,-0.0055771028,OK,0,0.086120327,0.023606692,4.4899622e-07,1.2964201e-05,15,1.5,0.02,0.04,-0.05,40,40,40
4.625,0.14392548,0.041830299,-0.00037062583,-0.0031032416,-0.14392548,-0.041830299,0.00037062583,0.0031032416,-0.0056625282,-0.0056625282,OK,0,0.0862239,0.023615441,4.4968304e-07,1.3012351e-05,15,1.5,0.02,0.04,-0.05,40,40,40
4.63,0.14414869,0.046569827,-0.0003863044,-0.0031436761,-0.14414869,-0.046569827,0.0003863044,0.0031436761,-0.0057643133,-0.0057643133,OK,0,0.086327794,0.023626285,4.5042919e-07,1.3061765e-05,15,1.5,0.02,0.04,-0.05,40,40,40
4.635,0.1443961,0.051409985,-0.00040198296,-0.0031916463,-0.1443961,-0.051409985,0.00040198296,0.0031916463,-0.0058728924,-0.0058728924,OK,0,0.086432045,0.023639499,4.5123715e-07,1.3112698e-05,15,1.5,0.02,0.04,-0.05,40,40,40
4.64,0.14466792,0.05637207,-0.00041808314,-0.0032494304,-0.14466792,-0.05637207,0.00041808314,0.0032494304,-0.0059971516,-0.0059971516,OK,0,0.086536689,0.023655389,4.5211111e-07,1.3165492e-05,15,1.5,0.02,0.04,-0.05,40,40,40
4.645,0.14496471,0.06145702,-0.00043468908,-0.0033147029,-0.14496471,-0.06145702,0.00043468908,0.0033147029,-0.0061348155,-0.0061348155,OK,0,0.086641763,0.023674273,4.5305589e-07,1.3220428e-05,15,1.5,0.02,0.04,-0.05,40,40,40
4.65,0.14528782,0.066672417,-0.00045112612,-0.0033865084,-0.14528782,-0.066672417,0.00045112612,0.0033865084,-0.0062740011,-0.0062740011,OK,0,0.086747306,0.023696499,4.5407346e-07,1.327777e-05,15,1.5,0.02,0.04,-0.05,40,40,40
4.655,0.1456371,0.072043516,-0.00046832195,-0.0034709177,-0.1456371,-0.072043516,0.00046832195,0.0034709177,-0.006436723,-0.006436723,OK,0,0.086853356,0.023722451,4.5517009e-07,1.3338006e-05,15,1.5,0.02,0.04,-0.05,40,40,40
4.66,0.14596512,0.058231204,-0.00047396981,0.0012823653,-0.14596512,-0.058231204,0.00047396981,-0.0012823653,6.2551492e-05,6.2551492e-05,OK,0,0.086959886,0.023739405,4.5629332e-07,1.3346229e-05,15,1.5,0.02,0.04,-0.05,40,40,40
4.665,0.14622941,0.049251608,-0.00046098864,0.0034065134,-0.14622941,-0.049251608,0.00046098864,-0.0034065134,0.003089593,0.003089593,OK,0,0.087066801,0.023751534,4.5735588e-07,1.340425e-05,15,1.5,0.02,0.04,-0.05,40,40,40
4.67,0.14646221,0.044845163,-0.00044311845,0.0037275544,-0.14646221,-0.044845163,0.00044311845,-0.0037275544,0.0036676055,0.0036676055,OK,0,0.087174057,0.023761589,4.5833765e-07,1.3473724e-05,15,1.5,0.02,0.04,-0.05,40,40,40
4.675,0.14667637,0.041490958,-0.00042457391,0.0036627058,-0.14667637,-0.041490958,0.00042457391,-0.0036627058,0.0037186157,0.0037186157,OK,0,0.087281626,0.023770197,4.5923896e-07,1.3540801e-05,15,1.5,0.02,0.04,-0.05,40,40,40
4.68,0.14687466,0.038415773,-0.00040653481,0.0035197197,-0.14687466,-0.038415773,0.00040653481,-0.0035197197,0.0036556815,0.0036556815,OK,0,0.087389487,0.023777576,4.6006531e-07,1.3602743e-05,15,1.5,0.02,0.04,-0.05,40,40,40
4.685,0.14705765,0.035453889,-0.00038950754,0.0033685861,-0.14705765,-0.035453889,0.00038950754,-0.0033685861,0.0035695746,0.0035695746,OK,0,0.087497617,0.02378386,4.608239e-07,1.365948e-05,15,1.5,0.02,0.04,-0.05,40,40,40
4.69,0.14722622,0.032546096,-0.00037298604,0.0032258206,-0.14722622,-0.032546096,0.00037298604,-0.0032258206,0.0034903086,0.0034903086,OK,0,0.087605995,0.023789157,4.6151949e-07,1.3711509e-05,15,1.5,0.02,0.04,-0.05,40,40,40
4.695,0.14738026,0.029690322,-0.00035730746,0.0030911945,-0.14738026,-0.029690322,0.00035730746,-0.0030911945,0.0034123979,0.0034123979,OK,0,0.0877146,0.023793564,4.6215783e-07,1.3759287e-05,15,1.5,0.02,0.04,-0.05,40,40,40
4.7,0.14752019,0.026873775,-0.00034221878,0.0029674536,-0.14752019,-0.026873775,0.00034221878,-0.0029674536,0.0033432536,0.0033432536,OK,0,0.087823411,0.023797175,4.627434e-07,1.3803316e-05,15,1.5,0.02,0.04,-0.05,40,40,40
4.705,0.14764625,0.024094526,-0.00032763586,0.0028530198,-0.14764625,-0.024094526,0.00032763586,-0.0028530198,0.003281698,0.003281698,OK,0,0.087932408,0.023800078,4.6328013e-07,1.3844014e-05,15,1.5,0.02,0.04,-0.05,40,40,40
4.71,0.14775839,0.021348845,-0.00031372728,0.0027470329,-0.14775839,-0.021348845,0.00031372728,-0.0027470329,0.0032237617,0.0032237617,OK,0,0.08804157,0.023802357,4.6377225e-07,1.3881745e-05,15,1.5,0.02,0.04,-0.05,40,40,40
4.715,0.14785688,0.018627817,-0.00030032479,0.0026508071,-0.14785688,-0.018627817,0.00030032479,-0.0026508071,0.0031735892,0.0031735892,OK,0,0.088150879,0.023804092,4.6422322e-07,1.3916879e-05,15,1.5,0.02,0.04,-0.05,40,40,40
4.72,0.14794212,0.015928439,-0.00028709055,0.0025632853,-0.14794212,-0.015928439,0.00028709055,-0.0025632853,0.0031345497,0.0031345497,OK,0,0.088260313,0.02380536,4.6463533e-07,1.3949731e-05,15,1.5,0.02,0.04,-0.05,40,40,40
4.725,0.14801361,0.013252618,-0.00027461512,0.0024814544,-0.14801361,-0.013252618,0.00027461512,-0.0024814544,0.0030933316,0.0030933316,OK,0,0.088369853,0.023806239,4.650124e-07,1.3980519e-05,15,1.5,0.02,0.04,-0.05,40,40,40
4.73,0.14807153,0.010583345,-0.00026272991,0.002409948,-0.14807153,-0.010583345,0.00026272991,-0.002409948,0.0030587377,0.0030587377,OK,0,0.088479479,0.023806799,4.6535753e-07,1.4009559e-05,15,1.5,0.02,0.04,-0.05,40,40,40
4.735,0.14811669,0.0079162261,-0.00025059132,0.002348337,-0.14811669,-0.0079162261,0.00025059132,-0.002348337,0.0030426186,0.0030426186,OK,0,0.088589172,0.023807112,4.6567151e-07,1.4037132e-05,15,1.5,0.02,0.04,-0.05,40,40,40
4.74,0.1481482,0.0052637901,-0.00023912741,0.0022893776,-0.1481482,-0.0052637901,0.00023912741,-0.0022893776,0.0030206709,0.0030206709,OK,0,0.088698911,0.02380725,4.6595742e-07,1.4063338e-05,15,1.5,0.02,0.04,-0.05,40,40,40
4.745,0.14816653,0.002603893,-0.00022783208,0.0022398116,-0.14816653,-0.002603893,0.00022783208,-0.0022398116,0.0030097225,0.0030097225,OK,0,0.088808678,0.023807284,4.6621696e-07,1.4088422e-05,15,1.5,0.02,0.04,-0.05,40,40,40
4.75,0.14817161,-6.159049e-05,-0.00021670533,0.0021967119,-0.14817161,6.159049e-05,0.00021670533,-0.0021967119,0.0030054564,0.0030054564,OK,0,0.088918452,0.023807284,4.6645177e-07,1.411255e-05,15,1.5,0.02,0.04,-0.05,40,40,40
4.755,0.14816337,-0.0027370096,-0.00020574684,0.0021596555,-0.14816337,0.0027370096,0.00020574684,-0.0021596555,0.0030070676,0.0030070676,OK,0,0.089028214,0.023807322,4.6666342e-07,1.413587e-05,15,1.5,0.02,0.04,-0.05,40,40,40
4.76,0.14814154,-0.0054279223,-0.00019512619,0.0021287057,-0.14814154,0.0054279223,0.00019512619,-0.0021287057,0.0030118796,0.0030118796,OK,0,0.089137943,0.023807469,4.668538e-07,1.4158527e-05,15,1.5,0.02,0.04,-0.05,40,40,40
4.765,0.14810624,-0.0081438018,-0.00018458933,0.0021054979,-0.14810624,0.0081438018,0.00018458933,-0.0021054979,0.0030257796,0.0030257796,OK,0,0.089247621,0.023807801,4.6702416e-07,1.4180693e-05,15,1.5,0.02,0.04,-0.05,40,40,40
4.77,0.1480573,-0.010885848,-0.00017413693,0.0020883209,-0.1480573,0.010885848,0.00017413693,-0.0020883209,0.0030461395,0.0030461395,OK,0,0.089357226,0.023808393,4.6717578e-07,1.4202498e-05,15,1.5,0.02,0.04,-0.05,40,40,40
4.775,0.14799463,-0.013659167,-0.00016368453,0.0020770213,-0.14799463,0.013659167,0.00016368453,-0.0020770213,0.0030737898,0.0030737898,OK,0,0.089466738,0.023809326,4.6730974e-07,1.4224068e-05,15,1.5,0.02,0.04,-0.05,40,40,40
4.78,0.14791812,-0.016467851,-0.00015314766,0.0020710173,-0.14791812,0.016467851,0.00015314766,-0.0020710173,0.0031089594,0.0031089594,OK,0,0.089576136,0.023810682,4.6742701e-07,1.4245514e-05,15,1.5,0.02,0.04,-0.05,40,40,40
4.785,0.14782721,-0.019315858,-0.00014286384,0.0020696504,-0.14782721,0.019315858,0.00014286384,-0.0020696504,0.0031454281,0.0031454281,OK,0,0.089685401,0.023812548,4.6752906e-07,1.4266931e-05,15,1.5,0.02,0.04,-0.05,40,40,40
4.79,0.14772165,-0.02221625,-0.00013283307,0.0020759041,-0.14772165,0.02221625,0.00013283307,-0.0020759041,0.0031871433,0.0031871433,OK,0,0.089794509,0.023815015,4.6761729e-07,1.4288478e-05,15,1.5,0.02,0.04,-0.05,40,40,40
4.795,0.1476017,-0.025176727,-0.00012246478,0.0020905687,-0.1476017,0.025176727,0.00012246478,-0.0020905687,0.0032438464,0.0032438464,OK,0,0.089903441,0.023818185,4.6769228e-07,1.4310331e-05,15,1.5,0.02,0.04,-0.05,40,40,40
4.8,0.14746704,-0.028191399,-0.00011175931,0.0021089147,-0.14746704,0.028191399,0.00011175931,-0.0021089147,0.0033086672,0.0033086672,OK,0,0.090012173,0.023822159,4.6775473e-07,1.4332568e-05,15,1.5,0.02,0.04,-0.05,40,40,40
4.805,0.14731696,-0.031264491,-0.00010113831,0.0021302467,-0.14731696,0.031264491,0.00010113831,-0.0021302467,0.0033740549,0.0033740549,OK,0,0.090120685,0.023827046,4.6780587e-07,1.4355258e-05,15,1.5,0.02,0.04,-0.05,40,40,40
4.81,0.14715117,-0.034411328,-9.0517306e-05,0.0021583009,-0.14715117,0.034411328,9.0517306e-05,-0.0021583009,0.003446262,0.003446262,OK,0,0.090228952,0.023832967,4.6784684e-07,1.4378549e-05,15,1.5,0.02,0.04,-0.05,40,40,40
4.815,0.14696951,-0.037638685,-7.9643592e-05,0.0021933189,-0.14696951,0.037638685,7.9643592e-05,-0.0021933189,0.0035291672,0.0035291672,OK,0,0.090336952,0.02384005,4.6787855e-07,1.4402602e-05,15,1.5,0.02,0.04,-0.05,40,40,40
4.82,0.14677153,-0.040946674,-6.8516478e-05,0.0022334932,-0.14677153,0.040946674,6.8516478e-05,-0.0022334932,0.0036200564,0.0036200564,OK,0,0.090444662,0.023848433,4.6790203e-07,1.4427545e-05,15,1.5,0.02,0.04,-0.05,40,40,40
4.825,0.14655655,-0.044344282,-5.7389706e-05,0.0022784895,-0.14655655,0.044344282,5.7389706e-05,-0.0022784895,0.0037142484,0.0037142484,OK,0,0.090552056,0.023858265,4.6791849e-07,1.4453503e-05,15,1.5,0.02,0.04,-0.05,40,40,40
4.83,0.14632454,-0.047843254,-4.5757172e-05,0.0023310016,-0.14632454,0.047843254,4.5757172e-05,-0.0023310016,0.0038229054,0.0038229054,OK,0,0.09065911,0.02386971,4.6792896e-07,1.448067e-05,15,1.5,0.02,0.04,-0.05,40,40,40
4.835,0.14607472,-0.051441284,-3.387158e-05,0.0023873636,-0.14607472,0.051441284,3.387158e-05,-0.0023873636,0.0039368148,0.0039368148,OK,0,0.090765799,0.023882941,4.679347e-07,1.4509168e-05,15,1.5,0.02,0.04,-0.05,40,40,40
4.84,0.14580655,-0.055149806,-2.173328e-05,0.0024493553,-0.14580655,0.055149806,2.173328e-05,-0.0024493553,0.0040581724,0.0040581724,OK,0,0.090872097,0.023898149,4.6793706e-07,1.4539165e-05,15,1.5,0.02,0.04,-0.05,40,40,40
4.845,0.14552414,-0.054112507,-1.0690984e-05,0.0012969335,-0.14552414,0.054112507,1.0690984e-05,-0.0012969335,0.0025310181,0.0025310181,OK,0,0.090977983,0.023912789,4.6793763e-07,1.4547575e-05,15,1.5,0.02,0.04,-0.05,40,40,40
4.85,0.14530712,-0.036316699,-1.9204487e-05,-0.0037149786,-0.14530712,0.036316699,1.9204487e-05,0.0037149786,-0.0044070608,-0.0044070608,OK,0,0.091083554,0.023919384,4.6793948e-07,1.461658e-05,15,1.5,0.02,0.04,-0.05,40,40,40
4.855,0.14514861,-0.028619032,-4.0783999e-05,-0.004688555,-0.14514861,0.028619032,4.0783999e-05,0.004688555,-0.0058863815,-0.0058863815,OK,0,0.091188895,0.023923479,4.6794779e-07,1.4726493e-05,15,1.5,0.02,0.04,-0.05,40,40,40
4.86,0.14502203,-0.023171894,-6.4386199e-05,-0.0047797266,-0.14502203,0.023171894,6.4386199e-05,0.0047797266,-0.006161818,-0.006161818,OK,0,0.091294052,0.023926164,4.6796852e-07,1.4840722e-05,15,1.5,0.02,0.04,-0.05,40,40,40
4.865,0.14492099,-0.018230721,-8.8072518e-05,-0.0046894505,-0.14492099,0.018230721,8.8072518e-05,0.0046894505,-0.0061860727,-0.0061860727,OK,0,0.091399062,0.023927826,4.680073e-07,1.4950677e-05,15,1.5,0.02,0.04,-0.05,40,40,40
4.87,0.14484448,-0.013411872,-0.00011100071,-0.0045687828,-0.14484448,0.013411872,0.00011100071,0.0045687828,-0.0061577701,-0.0061577701,OK,0,0.091503962,0.023928725,4.6806891e-07,1.5055045e-05,15,1.5,0.02,0.04,-0.05,40,40,40
4.875,0.14479141,-0.0086154445,-0.00013392855,-0.0044541238,-0.14479141,0.0086154445,0.00013392855,0.0044541238,-0.0061389036,-0.0061389036,OK,0,0.091608785,0.023929096,4.6815859e-07,1.5154241e-05,15,1.5,0.02,0.04,-0.05,40,40,40
4.88,0.14476298,-0.003830061,-0.00015559216,-0.0043461388,-0.14476298,0.003830061,0.00015559216,0.0043461388,-0.0061110335,-0.0061110335,OK,0,0.091713566,0.023929169,4.6827964e-07,1.5248686e-05,15,1.5,0.02,0.04,-0.05,40,40,40
4.885,0.14475814,0.00098202267,-0.0001771713,-0.0042561117,-0.14475814,-0.00098202267,0.0001771713,0.0042561117,-0.0061072932,-0.0061072932,OK,0,0.091818341,0.023929174,4.6843659e-07,1.5339259e-05,15,1.5,0.02,0.04,-0.05,40,40,40
4.89,0.14477775,0.0058112718,-0.00019799197,-0.0041762837,-0.14477775,-0.0058112718,0.00019799197,0.0041762837,-0.0061062992,-0.0061062992,OK,0,0.091923144,0.023929343,4.6863259e-07,1.5426465e-05,15,1.5,0.02,0.04,-0.05,40,40,40
4.895,0.14482125,0.010679134,-0.00021881263,-0.0041113245,-0.14482125,-0.010679134,0.00021881263,0.0041113245,-0.0061255858,-0.0061255858,OK,0,0.09202801,0.023929913,4.6887199e-07,1.551098e-05,15,1.5,0.02,0.04,-0.05,40,40,40
4.9,0.14488939,0.015581885,-0.00023912719,-0.004055797,-0.14488939,-0.015581885,0.00023912719,0.004055797,-0.0061495401,-0.0061495401,OK,0,0.092132974,0.023931127,4.691579e-07,1.5593228e-05,15,1.5,0.02,0.04,-0.05,40,40,40
4.905,0.14498203,0.020538454,-0.00025935795,-0.0040133503,-0.14498203,-0.020538454,0.00025935795,0.0040133503,-0.0061892158,-0.0061892158,OK,0,0.092238073,0.023933236,4.6949423e-07,1.5673763e-05,15,1.5,0.02,0.04,-0.05,40,40,40
4.91,0.14509961,0.025552263,-0.00027941979,-0.003981358,-0.14509961,-0.025552263,0.00027941979,0.003981358,-0.0062392512,-0.0062392512,OK,0,0.092343343,0.023936501,4.6988461e-07,1.5753019e-05,15,1.5,0.02,0.04,-0.05,40,40,40
4.915,0.14524266,0.030634721,-0.00029914446,-0.003960373,-0.14524266,-0.030634721,0.00029914446,0.003960373,-0.0062974843,-0.0062974843,OK,0,0.09244882,0.023941194,4.7033204e-07,1.5831441e-05,15,1.5,0.02,0.04,-0.05,40,40,40
4.92,0.14541129,0.035800701,-0.00031886912,-0.0039523011,-0.14541129,-0.035800701,0.00031886912,0.0039523011,-0.0063712345,-0.0063712345,OK,0,0.092554542,0.023947602,4.7084043e-07,1.5909545e-05,15,1.5,0.02,0.04,-0.05,40,40,40
4.925,0.145606,0.041055069,-0.0003385941,-0.0039549615,-0.145606,-0.041055069,0.0003385941,0.0039549615,-0.0064570311,-0.0064570311,OK,0,0.092660548,0.02395603,4.7141366e-07,1.5987753e-05,15,1.5,0.02,0.04,-0.05,40,40,40
4.93,0.14577888,0.027103073,-0.00034634912,0.00086863126,-0.14577888,-0.027103073,0.00034634912,-0.00086863126,0.0001074105,0.0001074105,OK,0,0.092766805,0.023959702,4.7201345e-07,1.5991526e-05,15,1.5,0.02,0.04,-0.05,40,40,40
4.935,0.14588669,0.017884859,-0.00033539098,0.0030730244,-0.14588669,-0.017884859,0.00033539098,-0.0030730244,0.0032118001,0.0032118001,OK,0,0.09287322,0.023961302,4.7257588e-07,1.6038743e-05,15,1.5,0.02,0.04,-0.05,40,40,40
4.94,0.14596213,0.013186899,-0.00031870055,0.0034702697,-0.14596213,-0.013186899,0.00031870055,-0.0034702697,0.0038716148,0.0038716148,OK,0,0.092979744,0.023962171,4.7308373e-07,1.6098957e-05,15,1.5,0.02,0.04,-0.05,40,40,40
4.945,0.14601678,0.0094928759,-0.00030150468,0.003475549,-0.14601678,-0.0094928759,0.00030150468,-0.003475549,0.003990804,0.003990804,OK,0,0.093086349,0.023962622,4.7353826e-07,1.6159354e-05,15,1.5,0.02,0.04,-0.05,40,40,40
4.95,0.14605382,0.0060127893,-0.00028430881,0.0034052411,-0.14605382,-0.0060127893,0.00028430881,-0.0034052411,0.0040048175,0.0040048175,OK,0,0.093193008,0.023962803,4.7394242e-07,1.6217333e-05,15,1.5,0.02,0.04,-0.05,40,40,40
4.955,0.14607374,0.0025786669,-0.00026736565,0.0033244027,-0.14607374,-0.0025786669,0.00026736565,-0.0033244027,0.0040007407,0.0040007407,OK,0,0.093299695,0.023962836,4.7429984e-07,1.6272591e-05,15,1.5,0.02,0.04,-0.05,40,40,40
4.96,0.1460763,-0.00085304565,-0.00025101271,0.0032478161,-0.1460763,0.00085304565,0.00025101271,-0.0032478161,0.0039939377,0.0039939377,OK,0,0.093406387,0.023962839,4.7461488e-07,1.6325333e-05,15,1.5,0.02,0.04,-0.05,40,40,40
4.965,0.14606158,-0.0043041955,-0.00023508106,0.0031814591,-0.14606158,0.0043041955,0.00023508106,-0.0031814591,0.0039950365,0.0039950365,OK,0,0.093513057,0.023962932,4.7489119e-07,1.6375941e-05,15,1.5,0.02,0.04,-0.05,40,40,40
4.97,0.1460295,-0.007781401,-0.00021948693,0.0031251865,-0.1460295,0.007781401,0.00021948693,-0.0031251865,0.0040048099,0.0040048099,OK,0,0.09361968,0.023963235,4.7513206e-07,1.6424775e-05,15,1.5,0.02,0.04,-0.05,40,40,40
4.975,0.14598038,-0.011290366,-0.00020372386,0.0030784643,-0.14598038,0.011290366,0.00020372386,-0.0030784643,0.0040298313,0.0040298313,OK,0,0.093726231,0.023963872,4.7533958e-07,1.647216e-05,15,1.5,0.02,0.04,-0.05,40,40,40
4.98,0.14591325,-0.014827607,-0.00018855102,0.0030370348,-0.14591325,0.014827607,0.00018855102,-0.0030370348,0.0040524476,0.0040524476,OK,0,0.093832684,0.023964972,4.7551734e-07,1.6518278e-05,15,1.5,0.02,0.04,-0.05,40,40,40
4.985,0.1458284,-0.018415031,-0.0001734623,0.003006855,-0.1458284,0.018415031,0.0001734623,-0.003006855,0.0040883146,0.0040883146,OK,0,0.093939014,0.023966667,4.7566778e-07,1.6563483e-05,15,1.5,0.02,0.04,-0.05,40,40,40
4.99,0.14572525,-0.022052438,-0.00015871076,0.0029849473,-0.14572525,0.022052438,0.00015871076,-0.0029849473,0.004129167,0.004129167,OK,0,0.094045193,0.023969099,4.7579373e-07,1.6608033e-05,15,1.5,0.02,0.04,-0.05,40,40,40
4.995,0.14560424,-0.025751725,-0.00014353791,0.0029731732,-0.14560424,0.025751725,0.00014353791,-0.0029731732,0.004188707,0.004188707,OK,0,0.094151196,0.023972414,4.7589675e-07,1.6652232e-05,15,1.5,0.02,0.04,-0.05,40,40,40
5,0.14553658,-0.0053853201,-0.00014690966,-0.0030776572,-0.14553658,0.0053853201,0.00014690966,0.0030776572,-0.004124812,-0.004124812,OK,0,0.094257101,0.023972559,4.7600466e-07,1.6699592e-05,15,1.5,0.02,0.04,-0.05,40,40,40
5.005,0.14553499,0.0030598923,-0.00016604446,-0.0043305928,-0.14553499,-0.0030598923,0.00016604446,0.0043305928,-0.0059534606,-0.0059534606,OK,0,0.094363003,0.023972606,4.7614251e-07,1.6793362e-05,15,1.5,0.02,0.04,-0.05,40,40,40
5.01,0.14556779,0.0089216511,-0.00018838241,-0.0045407721,-0.14556779,-0.0089216511,0.00018838241,0.0045407721,-0.0063686724,-0.0063686724,OK,0,0.094468953,0.023973004,4.7631995e-07,1.6896455e-05,15,1.5,0.02,0.04,-0.05,40,40,40
5.015,0.14562834,0.01424555,-0.00021105752,-0.0045306446,-0.14562834,-0.01424555,0.00021105752,0.0045306446,-0.0064794411,-0.0064794411,OK,0,0.094574991,0.023974019,4.7654268e-07,1.6999089e-05,15,1.5,0.02,0.04,-0.05,40,40,40
5.02,0.14564296,-0.0046148791,-0.00021544079,0.0015576577,-0.14564296,0.0046148791,0.00021544079,-0.0015576577,0.0018331387,0.0018331387,OK,0,0.09468105,0.023974125,4.7677475e-07,1.701122e-05,15,1.5,0.02,0.04,-0.05,40,40,40
5.025,0.14561338,-0.0019843185,-0.00020734861,0.00044757735,-0.14561338,0.0019843185,0.00020734861,-0.00044757735,0.00039403162,0.00039403162,OK,0,0.094787067,0.023974145,4.7698972e-07,1.7012222e-05,15,1.5,0.02,0.04,-0.05,40,40,40
5.03,0.14564371,0.0082092649,-0.00021552492,-0.0022386644,-0.14564371,-0.0082092649,0.00021552492,0.0022386644,-0.0033496255,-0.0033496255,OK,0,0.094893127,0.023974482,4.7722197e-07,1.703728e-05,15,1.5,0.02,0.04,-0.05,40,40,40
5.035,0.14564137,-0.0061769618,-0.0002140921,0.0020421334,-0.14564137,0.0061769618,0.0002140921,-0.0020421334,0.0025175676,0.0025175676,OK,0,0.094999184,0.023974673,4.7745115e-07,1.7058131e-05,15,1.5,0.02,0.04,-0.05,40,40,40
5.04,0.14561425,-0.00017032458,-0.00020642122,-6.2889532e-05,-0.14561425,0.00017032458,0.00020642122,6.2889532e-05,-0.00028518061,-0.00028518061,OK,0,0.095105202,0.023974673,4.776642e-07,1.7058151e-05,15,1.5,0.02,0.04,-0.05,40,40,40
5.045,0.14564109,0.0042408434,-0.00021358634,-0.0011532019,-0.14564109,-0.0042408434,0.00021358634,0.0011532019,-0.0018511422,-0.0018511422,OK,0,0.095211258,0.023974763,4.7789229e-07,1.7064801e-05,15,1.5,0.02,0.04,-0.05,40,40,40
5.05,0.1456255,-0.0080154663,-0.00020911861,0.0022684765,-0.1456255,0.0080154663,0.00020911861,-0.0022684765,0.002857827,0.002857827,OK,0,0.095317292,0.023975084,4.7811095e-07,1.709053e-05,15,1.5,0.02,0.04,-0.05,40,40,40
5.055,0.14562902,0.0080999764,-0.00021063589,-0.0024417726,-0.14562902,-0.0080999764,0.00021063589,0.0024417726,-0.0035856178,-0.0035856178,OK,0,0.095423331,0.023975412,4.7833278e-07,1.7120342e-05,15,1.5,0.02,0.04,-0.05,40,40,40
5.06,0.14562507,-0.0066407999,-0.00020979296,0.0019823899,-0.14562507,0.0066407999,0.00020979296,-0.0019823899,0.0024735598,0.0024735598,OK,0,0.095529364,0.023975633,4.7855285e-07,1.7139991e-05,15,1.5,0.02,0.04,-0.05,40,40,40
5.065,0.14563392,0.0089291329,-0.00021198459,-0.0025072552,-0.14563392,-0.0089291329,0.00021198459,0.0025072552,-0.0036708079,-0.0036708079,OK,0,0.095635411,0.023976031,4.7877754e-07,1.7171423e-05,15,1.5,0.02,0.04,-0.05,40,40,40
5.07,0.14563386,-0.0059266661,-0.00021122612,0.0019640513,-0.14563386,0.0059266661,0.00021122612,-0.0019640513,0.0024532958,0.0024532958,OK,0,0.095741457,0.023976207,4.7900062e-07,1.719071e-05,15,1.5,0.02,0.04,-0.05,40,40,40
5.075,0.14561482,0.0023933546,-0.00020574687,-0.00070556491,-0.14561482,-0.0023933546,0.00020574687,0.00070556491,-0.00113652,-0.00113652,OK,0,0.095847475,0.023976236,4.7921228e-07,1.7193199e-05,15,1.5,0.02,0.04,-0.05,40,40,40
5.08,0.14563638,0.00077499085,-0.00021105753,-0.00010031753,-0.14563638,-0.00077499085,0.00021105753,0.00010031753,-0.00037261216,-0.00037261216,OK,6,0.095953525,0.023976239,4.7943501e-07,1.719325e-05,15,1.5,0.02,0.04,-0.05,40,40,40
5.085,0.14540102,-0.075847658,0.0004477837,0.21887948,-0.14540102,0.075847658,-0.0004477837,-0.21887948,0.3349101,0.3349101,OK,6,0.096059232,0.024005003,4.8043756e-07,0.00025673439,15,1.5,0.02,0.04,-0.05,40,40,40
5.09,0.146237,0.32368441,0.0016214082,0.24651514,-0.146237,-0.32368441,-0.0016214082,-0.24651514,0.40996596,0.40996596,OK,6,0.096166159,0.024528861,4.9358238e-07,0.00056058298,15,1.5,0.02,0.04,-0.05,40,40,40
5.095,0.14933326,0.81667567,0.0028177935,0.23442176,-0.14933326,-0.81667567,-0.0028177935,-0.23442176,0.42955324,0.42955324,OK,6,0.096277661,0.027863657,5.3328218e-07,0.00083535079,15,1.5,0.02,0.04,-0.05,40,40,40
5.1,0.15499024,1.3419443,0.0039180871,0.21035043,-0.15499024,-1.3419443,-0.0039180871,-0.21035043,0.43107453,0.43107453,OK,6,0.096397771,0.036867729,6.1003921e-07,0.0010565873,15,1.5,0.02,0.04,-0.05,40,40,40
5.105,0.163241,1.8632802,0.0048916906,0.18459764,-0.163241,-1.8632802,-0.0048916906,-0.18459764,0.42806785,0.42806785,OK,6,0.096531009,0.054226795,7.296824e-07,0.0012269687,15,1.5,0.02,0.04,-0.05,40,40,40
5.11,0.17414622,2.3879406,0.0057444992,0.16211071,-0.17414622,-2.3879406,-0.0057444992,-0.16211071,0.42833411,0.42833411,OK,6,0.096682643,0.082738097,8.9467875e-07,0.0013583682,15,1.5,0.02,0.04,-0.05,40,40,40
5.115,0.18762803,2.9004961,0.0064870498,0.13900758,-0.18762803,-2.9004961,-0.0064870498,-0.13900758,0.42558951,0.42558951,OK,6,0.096858665,0.12480249,1.1050878e-06,0.0014549837,15,1.5,0.02,0.04,-0.05,40,40,40
5.12,0.20372661,3.4315329,0.0071151298,0.11779061,-0.20372661,-3.4315329,-0.0071151298,-0.11779061,0.42474872,0.38683007,OK,6,0.097066187,0.18367958,1.3582132e-06,0.0015243568,15,1.5,0.02,0.04,-0.05,40,40,40
5.125,0.22224725,3.8860001,0.0077044407,0.1173291,-0.22224725,-3.8860001,-0.0077044407,-0.1173291,0.4514452,0.32555237,OK,6,0.097313156,0.25918456,1.6550052e-06,0.0015931874,15,1.5,0.02,0.04,-0.05,40,40,40
5.13,0.24280321,4.2602728,0.0084056046,0.15521486,-0.24280321,-4.2602728,-0.0084056046,-0.15521486,0.53417333,0.27513372,OK,6,0.097607923,0.34993418,2.0082762e-06,0.0017136457,15,1.5,0.02,0.04,-0.05,40,40,40
5.135,0.26500985,4.5587386,0.0093812418,0.22220553,-0.26500985,-4.5587386,-0.0093812418,-0.22220553,0.66167667,0.23501621,OK,6,0.097959075,0.45384467,2.4483147e-06,0.0019605222,15,1.5,0.02,0.04,-0.05,40,40,40
5.14,0.28855514,4.805835,0.010756364,0.31119508,-0.28855514,-4.805835,-0.010756364,-0.31119508,0.82614258,0.20192432,OK,6,0.098375395,0.56932492,3.0268115e-06,0.0024447341,15,1.5,0.02,0.04,-0.05,40,40,40
5.145,0.31318508,5.0017786,0.012636589,0.420567,-0.31318508,-5.0017786,-0.012636589,-0.420567,1.0267342,0.17585035,OK,6,0.098865819,0.69441387,3.8252284e-06,0.0033291171,15,1.5,0.02,0.04,-0.05,40,40,40
5.15,0.33867644,5.158192,0.015111643,0.54597564,-0.33867644,-5.158192,-0.015111643,-0.54597564,1.2587393,0.15524134,OK,6,0.099439328,0.82744859,4.9670371e-06,0.0048195641,15,1.5,0.02,0.04,-0.05,40,40,40
5.155,0.36485712,5.2842737,0.018252423,0.68441179,-0.36485712,-5.2842737,-0.018252423,-0.68441179,1.5190721,0.13886679,OK,6,0.10010493,0.96706634,6.6327918e-06,0.0071616615,15,1.5,0.02,0.04,-0.05,40,40,40
5.16,0.39158628,5.3831218,0.02211716,0.83354523,-0.39158628,-5.3831218,-0.02211716,-0.83354523,1.8052318,0.12631649,OK,6,0.10087163,1.1119563,9.0786357e-06,0.01063565,15,1.5,0.02,0.04,-0.05,40,40,40
5.165,0.41875926,5.4649004,0.026752095,0.99100312,-0.41875926,-5.4649004,-0.026752095,-0.99100312,2.1147573,0.11622132,OK,6,0.10174843,1.261282,1.2657009e-05,0.015546086,15,1.5,0.02,0.04,-0.05,40,40,40
5.17,0.4462932,5.5303236,0.032196138,1.1558609,-0.4462932,-5.5303236,-0.032196138,-1.1558609,2.4468722,0.10848571,OK,6,0.10274432,1.4142044,1.7839965e-05,0.022226157,15,1.5,0.02,0.04,-0.05,40,40,40
5.175,0.4741217,5.5847433,0.03848129,1.3267878,-0.4741217,-5.5847433,-0.03848129,-1.3267878,2.8002733,0.1023839,OK,6,0.10386827,1.5701512,2.5244014e-05,0.031027987,15,1.5,0.02,0.04,-0.05,40,40,40
5.18,0.50218984,5.6277132,0.045637554,1.5031973,-0.50218984,-5.6277132,-0.045637554,-1.5031973,3.1745116,0.097971064,OK,0,0.10512925,1.728507,3.5657946e-05,0.042325998,15,1.5,0.02,0.04,-0.05,40,40,40
5.185,0.53071226,5.7503963,0.053024491,1.4630068,-0.53071226,-5.7503963,-0.053024491,-1.4630068,3.2305077,0.082936588,OK,0,0.10653752,1.8938423,4.9715929e-05,0.053027942,15,1.5,0.02,0.04,-0.05,40,40,40
5.19,0.55976463,5.8466675,0.060246751,1.4338474,-0.55976463,-5.8466675,-0.060246751,-1.4338474,3.2995344,0.071430783,OK,0,0.10810421,2.0647599,6.7864284e-05,0.063307534,15,1.5,0.02,0.04,-0.05,40,40,40
5.195,0.5892216,5.9203148,0.067356984,1.4143868,-0.5892216,-5.9203148,-0.067356984,-1.4143868,3.380532,0.062951853,OK,0,0.10984012,2.2400105,9.05491e-05,0.073309984,15,1.5,0.02,0.04,-0.05,40,40,40
5.2,0.61903499,5.9874271,0.074382254,1.4003664,-0.61903499,-5.9874271,-0.074382254,-1.4003664,3.4681612,0.055330176,OK,0,0.11175614,2.4192569,0.0001182127,0.083115115,15,1.5,0.02,0.04,-0.05,40,40,40
5.205,0.6491393,6.0408362,0.081363096,1.3940862,-0.6491393,-6.0408362,-0.081363096,-1.3940862,3.566192,0.049541473,OK,0,0.11386305,2.6017154,0.00015131247,0.092832496,15,1.5,0.02,0.04,-0.05,40,40,40
5.21,0.6794532,6.0807481,0.088332908,1.3927057,-0.6794532,-6.0807481,-0.088332908,-1.3927057,3.6708711,0.045567353,OK,0,0.11617133,2.7865929,0.00019032598,0.10253064,15,1.5,0.02,0.04,-0.05,40,40,40
5.215,0.70995527,6.1176516,0.095306733,1.3942656,-0.70995527,-6.1176516,-0.095306733,-1.3942656,3.7799046,0.041991219,OK,0,0.11869151,2.9737212,0.00023574284,0.11225052,15,1.5,0.02,0.04,-0.05,40,40,40
5.22,0.74061871,6.1358633,0.10231002,1.4079871,-0.74061871,-6.1358633,-0.10231002,-1.4079871,3.906878,0.040933761,OK,0,0.12143409,3.1619653,0.00028807955,0.12216266,15,1.5,0.02,0.04,-0.05,40,40,40
5.225,0.77138151,6.1565887,0.10936665,1.4175825,-0.77138151,-6.1565887,-0.10936665,-1.4175825,4.0285647,0.03954315,OK,0,0.12440924,3.3514832,0.00034788488,0.13221036,15,1.5,0.02,0.04,-0.05,40,40,40
5.23,0.80223732,6.1750421,0.11648456,1.4312044,-0.80223732,-6.1750421,-0.11648456,-1.4312044,4.1571214,0.03845895,OK,0,0.12762716,3.542139,0.00041572813,0.14245209,15,1.5,0.02,0.04,-0.05,40,40,40
5.235,0.83315406,6.1877969,0.12368668,1.4465556,-0.83315406,-6.1877969,-0.12368668,-1.4465556,4.2893085,0.03815401,OK,0,0.13109789,3.7335831,0.0004922201,0.15291471,15,1.5,0.02,0.04,-0.05,40,40,40
5.24,0.86413171,6.200118,0.13097386,1.4642069,-0.86413171,-6.200118,-0.13097386,-1.4642069,4.4262056,0.03791139,OK,0,0.13483151,3.9257904,0.00057799087,0.16363422,15,1.5,0.02,0.04,-0.05,40,40,40
5.245,0.89515606,6.2114927,0.13836787,1.4851271,-0.89515606,-6.2114927,-0.13836787,-1.4851271,4.5695716,0.037801971,OK,0,0.13883803,4.1187036,0.00067371921,0.17466223,15,1.5,0.02,0.04,-0.05,40,40,40
5.25,0.92619815,6.2185551,0.14587872,1.5078763,-0.92619815,-6.2185551,-0.14587872,-1.5078763,4.7172614,0.038287608,OK,0,0.14312725,4.3120558,0.00078012221,0.18603069,15,1.5,0.02,0.04,-0.05,40,40,40
5.255,0.95726009,6.2086583,0.15352056,1.5426015,-0.95726009,-6.2086583,-0.15352056,-1.5426015,4.8842021,0.041075232,OK,0,0.14770898,4.504793,0.00089796502,0.19792878,15,1.5,0.02,0.04,-0.05,40,40,40
5.26,0.98835915,6.2188151,0.16128844,1.566847,-0.98835915,-6.2188151,-0.16128844,-1.566847,5.0381169,0.041159903,OK,0,0.15259325,4.6981613,0.0010280348,0.21020383,15,1.5,0.02,0.04,-0.05,40,40,40
5.265,1.0195011,6.227954,0.16919328,1.5938695,-1.0195011,-6.227954,-0.16919328,-1.5938695,5.1982117,0.041388071,OK,0,0.15779016,4.8920983,0.0011711667,0.22290593,15,1.5,0.02,0.04,-0.05,40,40,40
5.27,1.0506606,6.2333312,0.17725148,1.6227547,-1.0506606,-6.2333312,-0.17725148,-1.6227547,5.3632508,1.35,INFEASIBLE,0,0.1633096,5.0863704,0.0013282571,0.2360726,15,1.5,0.02,0.04,-0.05,40,40,40
5.275,1.0904123,9.2981379,0.18344918,0.99045108,-1.0904123,-9.2981379,-0.18344918,-0.99045108,4.631148,1.35,INFEASIBLE,0,0.1692546,5.5186473,0.0014965251,0.24097756,15,1.5,0.02,0.04,-0.05,40,40,40
5.28,1.1429785,11.515019,0.1863612,0.3158353,-1.1429785,-11.515019,-0.1863612,-0.3158353,3.7526313,-0.67801824,OK,0,0.17578659,6.1816256,0.0016701776,0.24147632,15,1.5,0.02,0.04,-0.05,40,40,40
5.285,1.1883719,8.4630368,0.1887318,0.63607518,-1.1883719,-8.4630368,-0.1887318,-0.63607518,4.1473787,-0.25953676,OK,0,0.18284773,6.5397405,0.001848276,0.24349928,15,1.5,0.02,0.04,-0.05,40,40,40
5.29,1.2312732,8.4089499,0.19266167,0.87500615,-1.2312732,-8.4089499,-0.19266167,-0.87500615,4.5634178,-0.25182544,OK,0,0.1904279,6.8932927,0.0020338686,0.24732746,15,1.5,0.02,0.04,-0.05,40,40,40
5.295,1.272221,8.030454,0.19763099,1.0722227,-1.272221,-8.030454,-0.19763099,-1.0722227,4.9194614,1.35,INFEASIBLE,0,0.19852063,7.2157337,0.0022291587,0.25307577,15,1.5,0.02,0.04,-0.05,40,40,40
5.3,1.3211123,10.850677,0.20113357,0.44775109,-1.3211123,-10.850677,-0.20113357,-0.44775109,4.1490796,1.35,INFEASIBLE,0,0.20724732,7.8044197,0.0024314323,0.25407817,15,1.5,0.02,0.04,-0.05,40,40,40
5.305,1.3825044,13.342502,0.20139117,-0.20525683,-1.3825044,-13.342502,-0.20139117,0.20525683,3.2743325,1.35,INFEASIBLE,0,0.21680391,8.6945315,0.0026342243,0.25428882,15,1.5,0.02,0.04,-0.05,40,40,40
5.31,1.4542873,14.931082,0.19828287,-0.90505895,-1.4542873,-14.931082,-0.19828287,0.90505895,2.2429836,-1.1467732,OK,0,0.22737867,9.8092175,0.0028308047,0.25838448,15,1.5,0.02,0.04,-0.05,40,40,40
5.315,1.512531,10.090115,0.1951368,-0.40335226,-1.512531,-10.090115,-0.1951368,0.40335226,2.7558789,-0.48169763,OK,0,0.23881742,10.31827,0.0030211966,0.25919795,15,1.5,0.02,0.04,-0.05,40,40,40
5.32,1.5660768,10.681491,0.19449285,0.018041186,-1.5660768,-10.681491,-0.19449285,-0.018041186,3.4030357,-0.56280132,OK,0,0.25108041,10.888741,0.003210334,0.25919957,15,1.5,0.02,0.04,-0.05,40,40,40
5.325,1.6166193,9.6352641,0.19571615,0.38998717,-1.6166193,-9.6352641,-0.19571615,-0.38998717,3.9384659,-0.41917755,OK,0,0.2641477,11.352932,0.003401858,0.25996002,15,1.5,0.02,0.04,-0.05,40,40,40
5.33,1.6640629,9.3821364,0.19864513,0.7223262,-1.6640629,-9.3821364,-0.19864513,-0.7223262,4.471733,1.35,INFEASIBLE,0,0.27799322,11.793055,0.0035991575,0.2625688,15,1.5,0.02,0.04,-0.05,40,40,40
5.335,1.7207866,11.903013,0.20040926,0.074698284,-1.7207866,-11.903013,-0.20040926,-0.074698284,3.6287226,1.35,INFEASIBLE,0,0.29279876,12.501463,0.0037999768,0.2625967,15,1.5,0.02,0.04,-0.05,40,40,40
5.34,1.7891789,14.931127,0.19889123,-0.55206826,-1.7891789,-14.931127,-0.19889123,0.55206826,2.7882947,-1.1463192,OK,0,0.30880456,13.616156,0.0039977654,0.2641206,15,1.5,0.02,0.04,-0.05,40,40,40
5.345,1.8459808,9.3203254,0.19745779,-0.10013268,-1.8459808,-9.3203254,-0.19745779,0.10013268,3.2214004,-0.37558475,OK,0,0.32584279,14.050499,0.0041927133,0.26417073,15,1.5,0.02,0.04,-0.05,40,40,40
5.35,1.8995402,10.696851,0.19842814,0.30653477,-1.8995402,-10.696851,-0.19842814,-0.30653477,3.902089,-0.56458642,OK,0,0.34388405,14.622612,0.0043895819,0.26464055,15,1.5,0.02,0.04,-0.05,40,40,40
5.355,1.9493587,9.4829279,0.20110384,0.66744888,-1.9493587,-9.4829279,-0.20110384,-0.66744888,4.4360352,1.35,INFEASIBLE,0,0.36288405,15.072241,0.0045917957,0.26686799,15,1.5,0.02,0.04,-0.05,40,40,40
5.36,2.0104801,14.229413,0.20294565,0.15948592,-2.0104801,-14.229413,-0.20294565,-0.15948592,3.8927997,1.35,INFEASIBLE,0,0.3830942,16.084622,0.0047977304,0.26699516,15,1.5,0.02,0.04,-0.05,40,40,40
5.365,2.0820813,13.630074,0.20142135,-0.64801631,-2.0820813,-13.630074,-0.20142135,0.64801631,2.6361404,-0.96763423,OK,0,0.40476952,17.013517,0.0050005832,0.26909479,15,1.5,0.02,0.04,-0.05,40,40,40
5.37,2.1392436,11.410792,0.19947477,-0.096026266,-2.1392436,-11.410792,-0.19947477,0.096026266,3.3472987,-0.66247629,OK,0,0.42765133,17.664548,0.0051995341,0.2691409,15,1.5,0.02,0.04,-0.05,40,40,40
5.375,2.1916514,10.823306,0.20012813,0.37062164,-2.1916514,-10.823306,-0.20012813,-0.37062164,4.0346197,1.35,INFEASIBLE,0,0.45166801,18.250267,0.0053997905,0.2698277,15,1.5,0.02,0.04,-0.05,40,40,40
5.38,2.2571659,13.747458,0.20022277,-0.25616481,-2.2571659,-13.747458,-0.20022277,0.25616481,3.214136,1.35,INFEASIBLE,0,0.477142,19.19523,0.0056002363,0.2701558,15,1.5,0.02,0.04,-0.05,40,40,40
5.385,2.3356736,17.014763,0.19707698,-0.87730819,-2.3356736,-17.014763,-0.19707698,0.87730819,2.3674964,1.35,INFEASIBLE,0,0.50441886,20.642741,0.0057944329,0.27400415,15,1.5,0.02,0.04,-0.05,40,40,40
5.39,2.421078,17.635807,0.19036907,-1.629033,-2.421078,-17.635807,-0.19036907,1.629033,1.1658404,1.1658404,INFEASIBLE,0,0.53372695,22.19785,0.0059756348,0.28727289,15,1.5,0.02,0.04,-0.05,40,40,40
5.395,2.5156557,18.894189,0.18052402,-2.2430825,-2.5156557,-18.894189,-0.18052402,2.2430825,0.14931723,0.14931723,INFEASIBLE,0,0.56536957,23.982802,0.0061385795,0.31242999,15,1.5,0.02,0.04,-0.05,40,40,40
5.4,2.6087218,18.561772,0.16905784,-2.3194908,-2.6087218,-18.561772,-0.16905784,2.3194908,-0.14872325,-0.14872325,INFEASIBLE,0,0.59939671,25.705498,0.0062814822,0.33933018,15,1.5,0.02,0.04,-0.05,40,40,40
5.405,2.6992501,17.981528,0.15784048,-2.191568,-2.6992501,-17.981528,-0.15784048,2.191568,-0.14649877,-0.14649877,INFEASIBLE,0,0.63582647,27.322175,0.0064060503,0.36334503,15,1.5,0.02,0.04,-0.05,40,40,40
5.41,2.7882168,17.763381,0.14729049,-2.0389982,-2.7882168,-17.763381,-0.14729049,2.0389982,-0.082840446,-0.082840446,INFEASIBLE,0,0.67469723,28.899864,0.0065145228,0.3841326,15,1.5,0.02,0.04,-0.05,40,40,40
5.415,2.8763478,17.578254,0.13731086,-1.9632192,-2.8763478,-17.578254,-0.13731086,1.9632192,-0.12450876,-0.12450876,INFEASIBLE,0,0.71606412,30.444839,0.0066087941,0.40340374,15,1.5,0.02,0.04,-0.05,40,40,40
5.42,2.963547,17.336754,0.12786913,-1.8439668,-2.963547,-17.336754,-0.12786913,1.8439668,-0.095172095,-0.095172095,INFEASIBLE,0,0.75997717,31.947654,0.0066905467,0.42040481,15,1.5,0.02,0.04,-0.05,40,40,40
5.425,3.0497376,17.15966,0.1189463,-1.7426243,-3.0497376,-17.15966,-0.1189463,1.7426243,-0.082360691,-0.082360691,INFEASIBLE,0,0.80648167,33.419924,0.0067612878,0.43558851,15,1.5,0.02,0.04,-0.05,40,40,40
5.43,3.1351603,17.0488,0.11047181,-1.6604629,-3.1351603,-17.0488,-0.11047181,1.6604629,-0.08896199,-0.08896199,INFEASIBLE,0,0.85562782,34.873232,0.0068223079,0.44937419,15,1.5,0.02,0.04,-0.05,40,40,40
5.435,3.2196853,16.877397,0.10243471,-1.5696222,-3.2196853,-16.877397,-0.10243471,1.5696222,-0.078423184,-0.078423184,INFEASIBLE,0,0.90745969,36.297464,0.0068747723,0.46169276,15,1.5,0.02,0.04,-0.05,40,40,40
5.44,3.3032298,16.574859,0.094784275,-1.5125899,-3.3032298,-16.574859,-0.094784275,1.5125899,-0.11806182,-0.11806182,INFEASIBLE,0,0.96201632,37.671094,0.0069196926,0.4731324,15,1.5,0.02,0.04,-0.05,40,40,40
5.445,3.3858814,16.519255,0.087611662,-1.3935908,-3.3858814,-16.519255,-0.087611662,1.3935908,-0.047723382,-0.047723382,INFEASIBLE,0,1.0193373,39.035523,0.0069580716,0.48284288,15,1.5,0.02,0.04,-0.05,40,40,40
5.45,3.4680081,16.357535,0.080807999,-1.3411785,-3.4680081,-16.357535,-0.080807999,1.3411785,-0.075986159,-1.3482732,OK,0,1.0794727,40.373368,0.0069907212,0.49183668,15,1.5,0.02,0.04,-0.05,40,40,40
5.455,3.5365708,14.159663,0.076018098,-0.54541094,-3.5365708,-14.159663,-0.076018098,0.54541094,0.959273,-1.0506262,OK,0,1.1420094,41.375848,0.007019615,0.49332404,15,1.5,0.02,0.04,-0.05,40,40,40
5.46,3.5962569,11.662348,0.074722601,0.018733512,-3.5962569,-11.662348,-0.074722601,-0.018733512,1.6873583,-0.71250002,OK,0,1.2066747,42.0559,0.0070475323,0.4933258,15,1.5,0.02,0.04,-0.05,40,40,40
5.465,3.6505925,11.234981,0.076047064,0.49474842,-3.6505925,-11.234981,-0.076047064,-0.49474842,2.4052397,-0.65447932,OK,0,1.2733088,42.687024,0.0070764481,0.49454968,15,1.5,0.02,0.04,-0.05,40,40,40
5.47,3.7032838,10.580618,0.079678412,0.92146606,-3.7032838,-10.580618,-0.079678412,-0.92146606,3.0746657,-0.56543743,OK,0,1.3418804,43.246771,0.0071081913,0.49879518,15,1.5,0.02,0.04,-0.05,40,40,40
5.475,3.7532604,9.7788055,0.085299069,1.2781783,-3.7532604,-9.7788055,-0.085299069,-1.2781783,3.6629709,-0.45612515,OK,0,1.4123152,43.724896,0.007144571,0.50696388,15,1.5,0.02,0.04,-0.05,40,40,40
5.48,3.800412,9.3224313,0.092565101,1.5792536,-3.800412,-9.3224313,-0.092565101,-1.5792536,4.2062624,-0.39336807,OK,0,1.4845308,44.159435,0.0071874125,0.51943409,15,1.5,0.02,0.04,-0.05,40,40,40
5.485,3.844637,8.7375243,0.10120963,1.8423497,-3.844637,-8.7375243,-0.10120963,-1.8423497,4.7080627,-0.31296598,OK,0,1.558437,44.541157,0.0072386294,0.53640535,15,1.5,0.02,0.04,-0.05,40,40,40
5.49,3.8865271,8.2585486,0.11103722,2.0619121,-3.8865271,-8.2585486,-0.11103722,-2.0619121,5.1664989,-0.24671063,OK,0,1.6339625,44.882175,0.0073002758,0.55766276,15,1.5,0.02,0.04,-0.05,40,40,40
5.495,3.9265131,7.8372952,0.12184202,2.2306356,-3.9265131,-7.8372952,-0.12184202,-2.2306356,5.5656058,-0.18805408,OK,0,1.71105,45.189291,0.0073745032,0.58254143,15,1.5,0.02,0.04,-0.05,40,40,40
5.5,3.9649063,7.5587484,0.13347279,2.3791147,-3.9649063,-7.5587484,-0.13347279,-2.3791147,5.952412,1.35,INFEASIBLE,0,1.7896524,45.474964,0.0074635781,0.61084237,15,1.5,0.02,0.04,-0.05,40,40,40
5.505,4.0137773,11.422805,0.14359253,1.7890711,-4.0137773,-11.422805,-0.14359253,-1.7890711,5.3746824,1.35,INFEASIBLE,0,1.8702044,46.127367,0.0075666721,0.62684624,15,1.5,0.02,0.04,-0.05,40,40,40
5.51,4.0753283,13.838381,0.15034062,1.1053279,-4.0753283,-13.838381,-0.15034062,-1.1053279,4.5481431,1.35,INFEASIBLE,0,1.9532459,47.084871,0.0076796837,0.63295499,15,1.5,0.02,0.04,-0.05,40,40,40
5.515,4.1465644,15.178533,0.15354926,0.368476,-4.1465644,-15.178533,-0.15354926,-0.368476,3.5460256,1.35,INFEASIBLE,0,2.0392159,48.23681,0.0077975705,0.63363387,15,1.5,0.02,0.04,-0.05,40,40,40
5.52,4.2280184,17.141048,0.15325969,-0.33817239,-4.2280184,-17.141048,-0.15325969,0.33817239,2.561839,1.35,INFEASIBLE,0,2.1285966,49.705888,0.0079150132,0.63420567,15,1.5,0.02,0.04,-0.05,40,40,40
5.525,4.3189497,19.582142,0.14943504,-1.011973,-4.3189497,-19.582142,-0.14943504,1.011973,1.5932307,1.35,INFEASIBLE,0,2.2218633,51.623189,0.0080266674,0.63932612,15,1.5,0.02,0.04,-0.05,40,40,40
5.53,4.420693,20.349627,0.14212718,-1.7908865,-4.420693,-20.349627,-0.14212718,1.7908865,0.3479769,0.3479769,INFEASIBLE,0,2.3195759,53.693726,0.008127668,0.65536249,15,1.5,0.02,0.04,-0.05,40,40,40
5.535,4.5220114,19.239657,0.13255366,-2.0409559,-4.5220114,-19.239657,-0.13255366,2.0409559,-0.21310245,-0.21310245,INFEASIBLE,0,2.4218188,55.544548,0.0082155204,0.67618999,15,1.5,0.02,0.04,-0.05,40,40,40
5.54,4.615742,18.700286,0.12271056,-1.8922163,-4.615742,-18.700286,-0.12271056,1.8922163,-0.15733973,-0.15733973,INFEASIBLE,0,2.5283442,57.293051,0.0082908098,0.6940924,15,1.5,0.02,0.04,-0.05,40,40,40
5.545,4.7077293,18.195603,0.11355713,-1.7896539,-4.7077293,-18.195603,-0.11355713,1.7896539,-0.15914522,-0.15914522,INFEASIBLE,0,2.6391578,58.948451,0.0083552859,0.71010671,15,1.5,0.02,0.04,-0.05,40,40,40
5.55,4.7985826,18.045637,0.10508167,-1.6523189,-4.7985826,-18.045637,-0.10508167,1.6523189,-0.084456171,-0.084456171,INFEASIBLE,0,2.7542897,60.576676,0.0084104967,0.7237575,15,1.5,0.02,0.04,-0.05,40,40,40
5.555,4.8885363,17.997178,0.097117701,-1.5466638,-4.8885363,-17.997178,-0.097117701,1.5466638,-0.045572378,-0.045572378,INFEASIBLE,0,2.8737787,62.196168,0.0084576559,0.73571834,15,1.5,0.02,0.04,-0.05,40,40,40
5.56,4.9780352,17.834742,0.089505248,-1.5064729,-4.9780352,-17.834742,-0.089505248,1.5064729,-0.10418027,-0.10418027,INFEASIBLE,0,2.9976829,63.786558,0.0084977119,0.74706565,15,1.5,0.02,0.04,-0.05,40,40,40
5.565,5.066643,17.628959,0.082277054,-1.4101462,-5.066643,-17.628959,-0.082277054,1.4101462,-0.074572339,-0.074572339,INFEASIBLE,0,3.1260372,65.340459,0.0085315594,0.75700821,15,1.5,0.02,0.04,-0.05,40,40,40
5.57,5.1544598,17.571773,0.075440783,-1.3343699,-5.1544598,-17.571773,-0.075440783,1.3343699,-0.063983043,-0.063983043,INFEASIBLE,0,3.2588795,66.884295,0.008560016,0.76591092,15,1.5,0.02,0.04,-0.05,40,40,40
5.575,5.2416833,17.34313,0.068935258,-1.2802666,-5.2416833,-17.34313,-0.068935258,1.2802666,-0.087812188,-0.087812188,INFEASIBLE,0,3.3962557,68.388216,0.0085837764,0.77410634,15,1.5,0.02,0.04,-0.05,40,40,40
5.58,5.3281099,17.205333,0.062799943,-1.1980437,-5.3281099,-17.205333,-0.062799943,1.1980437,-0.060290836,-0.060290836,INFEASIBLE,0,3.5381995,69.868333,0.0086034955,0.78128288,15,1.5,0.02,0.04,-0.05,40,40,40
5.585,5.4139216,17.142814,0.056983103,-1.1282852,-5.4139216,-17.142814,-0.056983103,1.1282852,-0.043690258,-0.043690258,INFEASIBLE,0,3.6847522,71.337714,0.0086197309,0.78764802,15,1.5,0.02,0.04,-0.05,40,40,40
5.59,5.4992142,17.029009,0.051425902,-1.0964321,-5.4992142,-17.029009,-0.051425902,1.0964321,-0.08211502,-0.08211502,INFEASIBLE,0,3.835959,72.787649,0.008632954,0.79365884,15,1.5,0.02,0.04,-0.05,40,40,40
5.595,5.5837776,16.862134,0.046166998,-1.0186699,-5.5837776,-16.862134,-0.046166998,1.0186699,-0.049338903,-0.049338903,INFEASIBLE,0,3.9918519,74.209307,0.008643611,0.79884728,15,1.5,0.02,0.04,-0.05,40,40,40
5.6,5.6674293,16.6425,0.041147564,-0.99400631,-5.6674293,-16.6425,-0.041147564,0.99400631,-0.094747452,-0.094747452,INFEASIBLE,0,4.1524506,75.594171,0.0086520766,0.80378752,15,1.5,0.02,0.04,-0.05,40,40,40
5.605,5.7507109,16.637189,0.036479559,-0.9034711,-5.7507109,-16.637189,-0.036479559,0.9034711,-0.027511502,-0.027511502,INFEASIBLE,0,4.317804,76.978151,0.0086587304,0.80786882,15,1.5,0.02,0.04,-0.05,40,40,40
5.61,5.8335524,16.519039,0.032044528,-0.87883458,-5.8335524,-16.519039,-0.032044528,0.87883458,-0.060151363,-0.060151363,INFEASIBLE,0,4.4879557,78.342545,0.0086638646,0.81173057,15,1.5,0.02,0.04,-0.05,40,40,40
5.615,5.9159054,16.455856,0.027825093,-0.82433873,-5.9159054,-16.455856,-0.027825093,0.82433873,-0.042579349,-0.042579349,INFEASIBLE,0,4.6629454,79.696521,0.0086677358,0.81512824,15,1.5,0.02,0.04,-0.05,40,40,40
5.62,5.9977223,16.311722,0.023813836,-0.78743235,-5.9977223,-16.311722,-0.023813836,0.78743235,-0.051517664,-0.051517664,INFEASIBLE,0,4.8428087,81.026882,0.0086705713,0.81822849,15,1.5,0.02,0.04,-0.05,40,40,40
5.625,6.0790614,16.220234,0.020009924,-0.74455818,-6.0790614,-16.220234,-0.020009924,0.74455818,-0.046297807,-1.3385971,OK,0,5.0275837,82.342362,0.0086725733,0.82100033,15,1.5,0.02,0.04,-0.05,40,40,40
5.63,6.1476714,11.816539,0.018171185,-0.13341396,-6.1476714,-11.816539,-0.018171185,0.13341396,0.66806181,-0.74382697,OK,0,5.216553,83.040515,0.0086742242,0.82108932,15,1.5,0.02,0.04,-0.05,40,40,40
5.635,6.2112624,12.062296,0.019370334,0.4022821,-6.2112624,-12.062296,-0.019370334,-0.4022821,1.5006952,-0.77680641,OK,0,5.4094519,83.76801,0.0086761003,0.82189848,15,1.5,0.02,0.04,-0.05,40,40,40
5.64,6.2694177,12.072167,0.02282575,0.93877207,-6.2694177,-12.072167,-0.02282575,-0.93877207,2.3588194,-0.77752286,OK,0,5.6059799,84.496696,0.0086787054,0.82630494,15,1.5,0.02,0.04,-0.05,40,40,40
5.645,6.3228562,10.93559,0.028638448,1.3966093,-6.3228562,-10.93559,-0.028638448,-1.3966093,3.0883713,-0.62291584,OK,0,5.8058724,85.094631,0.0086828062,0.83605753,15,1.5,0.02,0.04,-0.05,40,40,40
5.65,6.37345,10.072339,0.036625016,1.7725667,-6.37345,-10.072339,-0.036625016,-1.7725667,3.7385879,-0.50490517,OK,0,6.0089768,85.601891,0.0086895131,0.85176749,15,1.5,0.02,0.04,-0.05,40,40,40
5.655,6.4214395,9.3279026,0.046363191,2.0670338,-6.4214395,-9.3279026,-0.046363191,-2.0670338,4.2975435,-0.40269253,OK,0,6.2151512,86.03694,0.0087002609,0.87313064,15,1.5,0.02,0.04,-0.05,40,40,40
5.66,6.466255,8.7294208,0.057479136,2.3188735,-6.466255,-8.7294208,-0.057479136,-2.3188735,4.8189993,-0.32003865,OK,0,6.4242135,86.417954,0.0087167801,0.90001651,15,1.5,0.02,0.04,-0.05,40,40,40
5.665,6.5082412,8.2329607,0.06970888,2.5271458,-6.5082412,-8.2329607,-0.06970888,-2.5271458,5.2958352,-0.25104139,OK,0,6.6359995,86.756862,0.0087410767,0.93194884,15,1.5,0.02,0.04,-0.05,40,40,40
5.67,6.5482507,7.8412084,0.082861657,2.7004853,-6.5482507,-7.8412084,-0.082861657,-2.7004853,5.7382662,-0.19609615,OK,0,6.8503974,87.064285,0.008775407,0.96841195,15,1.5,0.02,0.04,-0.05,40,40,40
5.675,6.5865567,7.5432171,0.096765926,2.839159,-6.5865567,-7.5432171,-0.096765926,-2.839159,6.1436872,-0.15373811,OK,0,7.0673111,87.348786,0.0088222252,1.0087161,15,1.5,0.02,0.04,-0.05,40,40,40
5.68,6.6234279,7.2945766,0.1113166,2.9545156,-6.6234279,-7.2945766,-0.1113166,-2.9545156,6.5257739,1.35,INFEASIBLE,0,7.28666,87.61484,0.0088841822,1.0523619,15,1.5,0.02,0.04,-0.05,40,40,40
5.685,6.6682228,10.421788,0.12410466,2.3089725,-6.6682228,-10.421788,-0.12410466,-2.3089725,5.8752646,1.35,INFEASIBLE,0,7.508986,88.157908,0.008961192,1.0790186,15,1.5,0.02,0.04,-0.05,40,40,40
5.69,6.727425,13.281148,0.13357325,1.6446471,-6.727425,-13.281148,-0.13357325,-1.6446471,5.1363638,1.35,INFEASIBLE,0,7.7352773,89.039853,0.0090504011,1.092543,15,1.5,0.02,0.04,-0.05,40,40,40
5.695,6.798967,16.349056,0.13961434,0.991978,-6.798967,-16.349056,-0.13961434,-0.991978,4.3721237,1.35,INFEASIBLE,0,7.966407,90.376311,0.0091478619,1.0974631,15,1.5,0.02,0.04,-0.05,40,40,40
5.7,6.8775624,16.124624,0.14195129,0.16161921,-6.8775624,-16.124624,-0.14195129,-0.16161921,3.1542343,-1.3108397,OK,0,8.2029113,91.676328,0.0092486127,1.0975937,15,1.5,0.02,0.04,-0.05,40,40,40
5.705,6.939994,10.62296,0.14428249,0.70843487,-6.939994,-10.62296,-0.14428249,-0.70843487,3.7906079,-0.56118347,OK,0,8.4437289,92.240565,0.0093526999,1.1001031,15,1.5,0.02,0.04,-0.05,40,40,40
5.71,6.9962347,10.944792,0.14933047,1.1524255,-6.9962347,-10.944792,-0.14933047,-1.1524255,4.5463117,-0.6049585,OK,0,8.6884654,92.839507,0.0094641979,1.1067435,15,1.5,0.02,0.04,-0.05,40,40,40
5.715,7.0496642,10.471371,0.15640588,1.5804898,-7.0496642,-10.471371,-0.15640588,-1.5804898,5.276671,1.35,INFEASIBLE,0,8.9369543,93.387755,0.0095865118,1.1192332,15,1.5,0.02,0.04,-0.05,40,40,40
5.72,7.1159002,13.748554,0.1627517,0.97460743,-7.1159002,-13.748554,-0.1627517,-0.97460743,4.5954468,1.35,INFEASIBLE,0,9.1901344,94.332869,0.0097189524,1.1239825,15,1.5,0.02,0.04,-0.05,40,40,40
5.725,7.1943558,17.561379,0.16573442,0.37382209,-7.1943558,-17.561379,-0.16573442,-0.37382209,3.8930918,1.35,INFEASIBLE,0,9.4489282,95.874879,0.0098562919,1.1246812,15,1.5,0.02,0.04,-0.05,40,40,40
5.73,7.2826767,18.122197,0.16523782,-0.39919574,-7.2826767,-18.122197,-0.16523782,0.39919574,2.7503152,1.35,INFEASIBLE,0,9.7141151,97.516949,0.0099928096,1.125478,15,1.5,0.02,0.04,-0.05,40,40,40
5.735,7.3817513,20.390712,0.16129006,-1.0755498,-7.3817513,-20.390712,-0.16129006,1.0755498,1.7692897,1.35,INFEASIBLE,0,9.9865664,99.595855,0.010122882,1.1312621,15,1.5,0.02,0.04,-0.05,40,40,40
5.74,7.4929615,22.31312,0.15398361,-1.7777094,-7.4929615,-22.31312,-0.15398361,1.7777094,0.68557411,0.68557411,INFEASIBLE,0,10.267289,102.08523,0.010241437,1.1470633,15,1.5,0.02,0.04,-0.05,40,40,40
5.745,7.6054812,22.081087,0.14390341,-2.2033679,-7.6054812,-22.081087,-0.14390341,2.2033679,-0.11114757,-0.11114757,INFEASIBLE,0,10.556505,104.5231,0.010344978,1.1713375,15,1.5,0.02,0.04,-0.05,40,40,40
5.75,7.7111606,20.75701,0.13294782,-2.1684197,-7.7111606,-20.75701,-0.13294782,2.1684197,-0.27390862,-0.27390862,INFEASIBLE,0,10.853815,106.67737,0.010433353,1.1948477,15,1.5,0.02,0.04,-0.05,40,40,40
5.755,7.8134915,20.071973,0.1227136,-1.981728,-7.8134915,-20.071973,-0.1227136,1.981728,-0.17273916,-0.17273916,INFEASIBLE,0,11.159069,108.69179,0.010508647,1.2144839,15,1.5,0.02,0.04,-0.05,40,40,40
5.76,7.9135687,19.971345,0.11324719,-1.8256437,-7.9135687,-19.971345,-0.11324719,1.8256437,-0.082632471,-0.082632471,INFEASIBLE,0,11.472192,110.68606,0.010572771,1.2311488,15,1.5,0.02,0.04,-0.05,40,40,40
5.765,8.0127062,19.837713,0.10433163,-1.7433542,-8.0127062,-19.837713,-0.10433163,1.7433542,-0.096294217,-0.096294217,INFEASIBLE,0,11.793209,112.65374,0.010627197,1.2463452,15,1.5,0.02,0.04,-0.05,40,40,40
5.77,8.1117702,19.772184,0.095926184,-1.6436243,-8.1117702,-19.772184,-0.095926184,1.6436243,-0.073420896,-0.073420896,INFEASIBLE,0,12.122213,114.60844,0.010673206,1.2598527,15,1.5,0.02,0.04,-0.05,40,40,40
5.775,8.2100982,19.702724,0.087918959,-1.5571495,-8.2100982,-19.702724,-0.087918959,1.5571495,-0.06462887,-0.06462887,INFEASIBLE,0,12.459241,116.54942,0.010711854,1.2719763,15,1.5,0.02,0.04,-0.05,40,40,40
5.78,8.3077112,19.402478,0.080257337,-1.5158406,-8.3077112,-19.402478,-0.080257337,1.5158406,-0.1276475,-0.1276475,INFEASIBLE,0,12.804332,118.4317,0.010744061,1.2834652,15,1.5,0.02,0.04,-0.05,40,40,40
5.785,8.4044866,19.215939,0.073063759,-1.4061899,-8.4044866,-19.215939,-0.073063759,1.4061899,-0.076601213,-0.076601213,INFEASIBLE,0,13.157509,120.27796,0.010770752,1.293352,15,1.5,0.02,0.04,-0.05,40,40,40
5.79,8.4997294,18.99741,0.066236108,-1.3416183,-8.4997294,-18.99741,-0.066236108,1.3416183,-0.088994834,-0.088994834,INFEASIBLE,0,13.518736,122.08247,0.010792688,1.3023517,15,1.5,0.02,0.04,-0.05,40,40,40
5.795,8.5945865,18.994461,0.059808423,-1.2508131,-8.5945865,-18.994461,-0.059808423,1.2508131,-0.04742305,-0.04742305,INFEASIBLE,0,13.88807,123.88642,0.010810574,1.3101744,15,1.5,0.02,0.04,-0.05,40,40,40
5.8,8.6891284,18.857164,0.053699931,-1.2046952,-8.6891284,-18.857164,-0.053699931,1.2046952,-0.07347468,-0.07347468,INFEASIBLE,0,14.265575,125.66438,0.010824992,1.3174308,15,1.5,0.02,0.04,-0.05,40,40,40
5.805,8.7831046,18.673628,0.047872524,-1.1438566,-8.7831046,-18.673628,-0.047872524,1.1438566,-0.075089846,-0.075089846,INFEASIBLE,0,14.65129,127.40791,0.010836451,1.3239729,15,1.5,0.02,0.04,-0.05,40,40,40
5.81,8.8762163,18.59695,0.042345265,-1.0797972,-8.8762163,-18.59695,-0.042345265,1.0797972,-0.063114478,-0.063114478,INFEASIBLE,0,15.045226,129.13714,0.010845416,1.3298027,15,1.5,0.02,0.04,-0.05,40,40,40
5.815,8.9688265,18.444133,0.037108505,-1.0299781,-8.9688265,-18.444133,-0.037108505,1.0299781,-0.071197702,-0.071197702,INFEASIBLE,0,15.447425,130.83807,0.010852302,1.3351069,15,1.5,0.02,0.04,-0.05,40,40,40
5.82,9.0607011,18.28297,0.032144075,-0.97369163,-9.0607011,-18.28297,-0.032144075,0.97369163,-0.065843479,-0.065843479,INFEASIBLE,0,15.857907,132.5094,0.010857468,1.3398473,15,1.5,0.02,0.04,-0.05,40,40,40
5.825,9.1520629,18.226143,0.027446264,-0.91661048,-9.1520629,-18.226143,-0.027446264,0.91661048,-0.051134772,-0.051134772,INFEASIBLE,0,16.276708,134.17036,0.010861234,1.3440482,15,1.5,0.02,0.04,-0.05,40,40,40
5.83,9.2427773,18.153987,0.022965298,-0.87410357,-9.2427773,-18.153987,-0.022965298,0.87410357,-0.055660867,-0.055660867,INFEASIBLE,0,16.703853,135.8182,0.010863871,1.3478685,15,1.5,0.02,0.04,-0.05,40,40,40
5.835,9.3331731,18.050328,0.018700439,-0.83550337,-9.3331731,-18.050328,-0.018700439,0.83550337,-0.064071895,-0.064071895,INFEASIBLE,0,17.139393,137.44727,0.01086562,1.3513588,15,1.5,0.02,0.04,-0.05,40,40,40
5.84,9.4229954,17.902142,0.014656982,-0.79316927,-9.4229954,-17.902142,-0.014656982,0.79316927,-0.065353586,-0.065353586,INFEASIBLE,0,17.583357,139.04971,0.010866694,1.3545044,15,1.5,0.02,0.04,-0.05,40,40,40
5.845,9.5122356,17.823376,0.010834141,-0.74511484,-9.5122356,-17.823376,-0.010834141,0.74511484,-0.051980388,-0.051980388,INFEASIBLE,0,18.03577,140.63807,0.010867281,1.3572804,15,1.5,0.02,0.04,-0.05,40,40,40
5.85,9.6010281,17.74036,0.0072064122,-0.71052637,-9.6010281,-17.74036,-0.0072064122,0.71052637,-0.056058424,-0.056058424,INFEASIBLE,0,18.496669,142.21167,0.010867541,1.3598046,15,1.5,0.02,0.04,-0.05,40,40,40
5.855,9.6893628,17.610022,0.0037578384,-0.67724146,-9.6893628,-17.610022,-0.0037578384,0.67724146,-0.061306492,-0.061306492,INFEASIBLE,0,18.966088,143.76224,0.010867611,1.3620979,15,1.5,0.02,0.04,-0.05,40,40,40
5.86,9.7772952,17.552847,0.0005026761,-0.63584477,-9.7772952,-17.552847,-0.0005026761,0.63584477,-0.048567232,-0.048567232,INFEASIBLE,0,19.444065,145.30275,0.010867613,1.3641194,15,1.5,0.02,0.04,-0.05,40,40,40
5.865,9.864799,17.481304,-0.0025838338,-0.60401959,-9.864799,-17.481304,0.0025838338,0.60401959,-0.048238777,-0.048238777,INFEASIBLE,0,19.930637,146.83073,0.010867646,1.3659436,15,1.5,0.02,0.04,-0.05,40,40,40
5.87,9.9517862,17.370473,-0.0055144186,-0.5739533,-9.9517862,-17.370473,0.0055144186,0.5739533,-0.049791577,-0.049791577,INFEASIBLE,0,20.425827,148.33939,0.010867798,1.3675907,15,1.5,0.02,0.04,-0.05,40,40,40
5.875,10.038418,17.264922,-0.0082882396,-0.54408747,-10.038418,-17.264922,0.0082882396,0.54408747,-0.049089537,-0.049089537,INFEASIBLE,0,20.929676,149.82978,0.010868141,1.3690709,15,1.5,0.02,0.04,-0.05,40,40,40
5.88,10.124651,17.21831,-0.010910783,-0.511558,-10.124651,-17.21831,0.010910783,0.511558,-0.039773336,-0.039773336,INFEASIBLE,0,21.442219,151.31213,0.010868737,1.3703793,15,1.5,0.02,0.04,-0.05,40,40,40
5.885,10.210487,17.148654,-0.01339967,-0.48718646,-10.210487,-17.148654,0.01339967,0.48718646,-0.041618866,-0.041618866,INFEASIBLE,0,21.963489,152.78251,0.010869634,1.3715661,15,1.5,0.02,0.04,-0.05,40,40,40
5.89,10.295962,17.08159,-0.015772535,-0.46496157,-10.295962,-17.08159,0.015772535,0.46496157,-0.04484753,-0.04484753,INFEASIBLE,0,22.493523,154.24142,0.010870878,1.372647,15,1.5,0.02,0.04,-0.05,40,40,40
5.895,10.381104,17.00807,-0.018022946,-0.44044375,-10.381104,-17.00807,0.018022946,0.44044375,-0.043064922,-0.043064922,INFEASIBLE,0,23.03236,155.68779,0.010872502,1.373617,15,1.5,0.02,0.04,-0.05,40,40,40
5.9,10.465846,16.916918,-0.020160122,-0.41836707,-10.465846,-16.916918,0.020160122,0.41836707,-0.043958808,-0.043958808,INFEASIBLE,0,23.58003,157.1187,0.010874535,1.3744921,15,1.5,0.02,0.04,-0.05,40,40,40
5.905,10.55018,16.80511,-0.02218072,-0.39646948,-10.55018,-16.80511,0.02218072,0.39646948,-0.044207025,-0.044207025,INFEASIBLE,0,24.136561,158.53076,0.010876994,1.3752781,15,1.5,0.02,0.04,-0.05,40,40,40
5.91,10.634258,16.783303,-0.024077101,-0.37075076,-10.634258,-16.783303,0.024077101,0.37075076,-0.033265377,-0.033265377,INFEASIBLE,0,24.701998,159.93916,0.010879893,1.3759653,15,1.5,0.02,0.04,-0.05,40,40,40
5.915,10.717965,16.731126,-0.02588777,-0.35532351,-10.717965,-16.731126,0.02588777,0.35532351,-0.037697469,-0.037697469,INFEASIBLE,0,25.276372,161.33881,0.010883244,1.3765966,15,1.5,0.02,0.04,-0.05,40,40,40
5.92,10.801323,16.608538,-0.027615672,-0.33999452,-10.801323,-16.608538,0.027615672,0.33999452,-0.043858869,-0.043858869,INFEASIBLE,0,25.859715,162.71803,0.010887057,1.3771746,15,1.5,0.02,0.04,-0.05,40,40,40
5.925,10.884379,16.570495,-0.029240863,-0.3177345,-10.884379,-16.570495,0.029240863,0.3177345,-0.034707333,-0.034707333,INFEASIBLE,0,26.452064,164.09093,0.010891332,1.3776794,15,1.5,0.02,0.04,-0.05,40,40,40
5.93,10.967057,16.520839,-0.030781209,-0.30242056,-10.967057,-16.520839,0.030781209,0.30242056,-0.035174285,-0.035174285,INFEASIBLE,0,27.053445,165.45562,0.01089607,1.3781367,15,1.5,0.02,0.04,-0.05,40,40,40
5.935,11.049525,16.475083,-0.032243891,-0.28741874,-11.049525,-16.475083,0.032243891,0.28741874,-0.034792637,-0.034792637,INFEASIBLE,0,27.663905,166.81277,0.010901268,1.3785497,15,1.5,0.02,0.04,-0.05,40,40,40
5.94,11.131647,16.408594,-0.033640196,-0.27324166,-11.131647,-16.408594,0.033640196,0.27324166,-0.03548874,-0.03548874,INFEASIBLE,0,28.283473,168.15898,0.010906926,1.378923,15,1.5,0.02,0.04,-0.05,40,40,40
5.945,11.213519,16.348913,-0.034964254,-0.25910593,-11.213519,-16.348913,0.034964254,0.25910593,-0.034895814,-0.034895814,INFEASIBLE,0,28.912188,169.49541,0.010913039,1.3792587,15,1.5,0.02,0.04,-0.05,40,40,40
5.95,11.295141,16.293193,-0.036218043,-0.24581635,-11.295141,-16.293193,0.036218043,0.24581635,-0.03436464,-0.03436464,INFEASIBLE,0,29.550089,170.82275,0.010919597,1.3795608,15,1.5,0.02,0.04,-0.05,40,40,40
5.955,11.376457,16.242102,-0.037409425,-0.2337018,-11.376457,-16.242102,0.037409425,0.2337018,-0.034480839,-0.034480839,INFEASIBLE,0,30.197208,172.14178,0.010926595,1.3798339,15,1.5,0.02,0.04,-0.05,40,40,40
5.96,11.457481,16.171139,-0.038538308,-0.22092257,-11.457481,-16.171139,0.038538308,0.22092257,-0.033463282,-1.3450874,OK,0,30.853578,173.44931,0.010934021,1.3800779,15,1.5,0.02,0.04,-0.05,40,40,40
5.965,11.527005,12.551103,-0.037714265,0.43371321,-11.527005,-12.551103,0.037714265,-0.43371321,0.81744007,-0.85544654,OK,0,31.517937,174.23696,0.010941133,1.3810185,15,1.5,0.02,0.04,-0.05,40,40,40
5.97,11.586962,11.639106,-0.034032436,0.9408112,-11.586962,-11.639106,0.034032436,-0.9408112,1.5980338,-0.73117712,OK,0,32.189225,174.9143,0.010946924,1.3854441,15,1.5,0.02,0.04,-0.05,40,40,40
5.975,11.645024,10.850996,-0.027883761,1.3748354,-11.645024,-10.850996,0.027883761,-1.3748354,2.310937,-0.62312212,OK,0,32.867258,175.50302,0.010950811,1.394895,15,1.5,0.02,0.04,-0.05,40,40,40
5.98,11.699254,10.438058,-0.019772581,1.7613455,-11.699254,-10.438058,0.019772581,-1.7613455,2.9969369,-0.56543933,OK,0,33.551621,176.04779,0.010952766,1.4104067,15,1.5,0.02,0.04,-0.05,40,40,40
5.985,11.75025,9.9682551,-0.0099101812,2.1086732,-11.75025,-9.9682551,0.0099101812,-2.1086732,3.6480923,-0.49985056,OK,0,34.241963,176.54462,0.010953257,1.4326392,15,1.5,0.02,0.04,-0.05,40,40,40
5.99,11.79835,9.4220464,0.0015362743,2.4114286,-11.79835,-9.4220464,-0.0015362743,-2.4114286,4.2530359,-0.42380954,OK,0,34.937968,176.98849,0.010953269,1.4617141,15,1.5,0.02,0.04,-0.05,40,40,40
5.995,11.84337,8.7364072,0.014326027,2.6568216,-11.84337,-8.7364072,-0.014326027,-2.6568216,4.7864464,-0.32886585,OK,0,35.639295,177.37012,0.010954295,1.4970076,15,1.5,0.02,0.04,-0.05,40,40,40
6,11.886249,8.2933239,0.028251742,2.8610837,-11.886249,-8.2933239,-0.028251742,-2.8610837,5.2848596,-0.2666573,OK,0,36.34571,177.71401,0.010958286,1.5379366,15,1.5,0.02,0.04,-0.05,40,40,40
6.005,11.92696,8.0401683,0.043069632,3.0338221,-11.92696,-8.0401683,-0.043069632,-3.0338221,5.7569235,-0.23011192,OK,0,37.056972,178.03724,0.010967561,1.583957,15,1.5,0.02,0.04,-0.05,40,40,40
6.01,11.965966,7.651122,0.058681082,3.1842591,-11.965966,-7.651122,-0.058681082,-3.1842591,6.2019691,-0.17518161,OK,0,37.772894,178.32993,0.010984778,1.6346545,15,1.5,0.02,0.04,-0.05,40,40,40
6.015,12.003557,7.4086505,0.074965684,3.3063772,-12.003557,-7.4086505,-0.074965684,-3.3063772,6.6204683,-0.14004799,OK,0,38.49332,178.60438,0.011012877,1.6893152,15,1.5,0.02,0.04,-0.05,40,40,40
6.02,12.039869,7.1860962,0.091814697,3.4113071,-12.039869,-7.1860962,-0.091814697,-3.4113071,7.0224224,1.35,INFEASIBLE,0,39.218113,178.86258,0.011055027,1.7475003,15,1.5,0.02,0.04,-0.05,40,40,40
6.025,12.086406,10.592238,0.10699573,2.7754096,-12.086406,-10.592238,-0.10699573,-2.7754096,6.433468,1.35,INFEASIBLE,0,39.948519,179.42355,0.011112267,1.7860148,15,1.5,0.02,0.04,-0.05,40,40,40
6.03,12.145689,12.78045,0.11872727,2.067232,-12.145689,-12.78045,-0.11872727,-2.067232,5.6358889,1.35,INFEASIBLE,0,40.686108,180.24025,0.011182748,1.807382,15,1.5,0.02,0.04,-0.05,40,40,40
6.035,12.216534,14.173956,0.12696181,1.3159444,-12.216534,-14.173956,-0.12696181,-1.3159444,4.6896326,1.35,INFEASIBLE,0,41.432326,181.24476,0.011263345,1.8160405,15,1.5,0.02,0.04,-0.05,40,40,40
6.04,12.298059,17.900698,0.13166452,0.69853742,-12.298059,-17.900698,-0.13166452,-0.69853742,3.984763,1.35,INFEASIBLE,0,42.188537,182.84693,0.011350023,1.8184803,15,1.5,0.02,0.04,-0.05,40,40,40
6.045,12.389293,18.644337,0.13277404,-0.087887064,-12.389293,-18.644337,-0.13277404,0.087887064,2.8533393,1.35,INFEASIBLE,0,42.95601,184.58499,0.011438167,1.8185189,15,1.5,0.02,0.04,-0.05,40,40,40
6.05,12.488174,19.915376,0.13016586,-0.8460621,-12.488174,-19.915376,-0.13016586,0.8460621,1.7297733,1.35,INFEASIBLE,0,43.735783,186.5681,0.011522883,1.822098,15,1.5,0.02,0.04,-0.05,40,40,40
6.055,12.597535,22.407137,0.12400086,-1.5353647,-12.597535,-22.407137,-0.12400086,1.5353647,0.70520212,0.70520212,INFEASIBLE,0,44.529272,189.0785,0.011599764,1.8338848,15,1.5,0.02,0.04,-0.05,40,40,40
6.06,12.707908,21.47956,0.1149486,-2.0106827,-12.707908,-21.47956,-0.1149486,2.0106827,-0.17845447,-0.17845447,INFEASIBLE,0,45.336727,191.38536,0.01166583,1.854099,15,1.5,0.02,0.04,-0.05,40,40,40
6.065,12.812966,20.7677,0.10516959,-1.9041902,-12.812966,-20.7677,-0.10516959,1.9041902,-0.19177413,-0.19177413,INFEASIBLE,0,46.157587,193.54184,0.011721133,1.8722287,15,1.5,0.02,0.04,-0.05,40,40,40
6.07,12.915472,20.345375,0.09605294,-1.7709749,-12.915472,-20.345375,-0.09605294,1.7709749,-0.14354386,-0.14354386,INFEASIBLE,0,46.991634,195.61151,0.011767264,1.8879105,15,1.5,0.02,0.04,-0.05,40,40,40
6.075,13.016541,20.107526,0.087560749,-1.6567983,-13.016541,-20.107526,-0.087560749,1.6567983,-0.10715439,-0.10715439,INFEASIBLE,0,47.838786,197.63308,0.011805598,1.9016354,15,1.5,0.02,0.04,-0.05,40,40,40
6.08,13.116813,19.909802,0.079602419,-1.5614919,-13.116813,-19.909802,-0.079602419,1.5614919,-0.089473241,-0.089473241,INFEASIBLE,0,48.69904,199.61508,0.011837281,1.9138266,15,1.5,0.02,0.04,-0.05,40,40,40
6.085,13.216316,19.866024,0.072079009,-1.46852,-13.216316,-19.866024,-0.072079009,1.46852,-0.062627563,-0.062627563,INFEASIBLE,0,49.572395,201.58837,0.011863258,1.9246094,15,1.5,0.02,0.04,-0.05,40,40,40
6.09,13.315241,19.785632,0.064911527,-1.4038063,-13.315241,-19.785632,-0.064911527,1.4038063,-0.074306394,-0.074306394,INFEASIBLE,0,50.458873,203.54573,0.011884326,1.9344628,15,1.5,0.02,0.04,-0.05,40,40,40
6.095,13.413509,19.621968,0.058066845,-1.3426971,-13.413509,-19.621968,-0.058066845,1.3426971,-0.089894089,-0.089894089,INFEASIBLE,0,51.358484,205.47084,0.011901184,1.9434769,15,1.5,0.02,0.04,-0.05,40,40,40
6.1,13.510884,19.380291,0.051570594,-1.276142,-13.510884,-19.380291,-0.051570594,1.276142,-0.095224702,-0.095224702,INFEASIBLE,0,52.271204,207.34882,0.011914482,1.9516196,15,1.5,0.02,0.04,-0.05,40,40,40
6.105,13.607508,19.208381,0.045444598,-1.2009322,-13.607508,-19.208381,-0.045444598,1.2009322,-0.079244028,-0.079244028,INFEASIBLE,0,53.197025,209.19363,0.011924808,1.9588308,15,1.5,0.02,0.04,-0.05,40,40,40
6.11,13.703433,19.135577,0.039660276,-1.1263905,-13.703433,-19.135577,-0.039660276,1.1263905,-0.055189857,-0.055189857,INFEASIBLE,0,54.135946,211.02448,0.011932673,1.9651746,15,1.5,0.02,0.04,-0.05,40,40,40
6.115,13.798802,19.063106,0.034147849,-1.0764906,-13.798802,-19.063106,-0.034147849,1.0764906,-0.064017823,-0.064017823,INFEASIBLE,0,55.08798,212.84149,0.011938503,1.9709688,15,1.5,0.02,0.04,-0.05,40,40,40
6.12,13.893419,18.941469,0.028876129,-1.0335529,-13.893419,-18.941469,-0.028876129,1.0335529,-0.081660329,-0.081660329,INFEASIBLE,0,56.053116,214.63538,0.011942672,1.9763099,15,1.5,0.02,0.04,-0.05,40,40,40
6.125,13.987199,18.610751,0.023884246,-0.98310728,-13.987199,-18.610751,-0.023884246,0.98310728,-0.092223226,-0.092223226,INFEASIBLE,0,57.031325,216.36718,0.011945525,1.9811424,15,1.5,0.02,0.04,-0.05,40,40,40
6.13,14.080297,18.608225,0.019207718,-0.90796833,-14.080297,-18.608225,-0.019207718,0.90796833,-0.047901782,-0.047901782,INFEASIBLE,0,58.022598,218.09851,0.011947369,1.9852644,15,1.5,0.02,0.04,-0.05,40,40,40
6.135,14.173136,18.526974,0.014782223,-0.87138634,-14.173136,-18.526974,-0.014782223,0.87138634,-0.060804497,-0.060804497,INFEASIBLE,0,59.026987,219.81476,0.011948462,1.989061,15,1.5,0.02,0.04,-0.05,40,40,40
6.14,14.265436,18.430194,0.010559803,-0.82587865,-14.265436,-18.430194,-0.010559803,0.82587865,-0.057904457,-0.057904457,INFEASIBLE,0,60.0445,221.51312,0.011949019,1.9924714,15,1.5,0.02,0.04,-0.05,40,40,40
6.145,14.357166,18.312636,0.006536567,-0.78875642,-14.357166,-18.312636,-0.006536567,0.78875642,-0.065437376,-0.065437376,INFEASIBLE,0,61.075142,223.18988,0.011949233,1.9955821,15,1.5,0.02,0.04,-0.05,40,40,40
6.15,14.448441,18.215244,0.0027365227,-0.74130736,-14.448441,-18.215244,-0.0027365227,0.74130736,-0.05333464,-0.05333464,INFEASIBLE,0,62.118929,224.84886,0.011949271,1.9983298,15,1.5,0.02,0.04,-0.05,40,40,40
6.155,14.539112,18.130645,-0.00087512327,-0.70661994,-14.539112,-18.130645,0.00087512327,0.70661994,-0.057048718,-0.057048718,INFEASIBLE,0,63.175858,226.49246,0.011949274,2.0008263,15,1.5,0.02,0.04,-0.05,40,40,40
6.16,14.629339,18.002066,-0.0042973384,-0.67114793,-14.629339,-18.002066,0.0042973384,0.67114793,-0.058512543,-0.058512543,INFEASIBLE,0,64.245946,228.11283,0.011949367,2.0030785,15,1.5,0.02,0.04,-0.05,40,40,40
6.165,14.719083,17.918677,-0.0075378471,-0.63218417,-14.719083,-17.918677,0.0075378471,0.63218417,-0.050215246,-0.050215246,INFEASIBLE,0,65.329202,229.71822,0.011949651,2.0050768,15,1.5,0.02,0.04,-0.05,40,40,40
6.17,14.808373,17.842715,-0.010613718,-0.60190046,-14.808373,-17.842715,0.010613718,0.60190046,-0.052180399,-0.052180399,INFEASIBLE,0,66.425642,231.31004,0.011950214,2.0068882,15,1.5,0.02,0.04,-0.05,40,40,40
6.175,14.897217,17.732144,-0.013535352,-0.5728751,-14.897217,-17.732144,0.013535352,0.5728751,-0.055112821,-0.055112821,INFEASIBLE,0,67.535277,232.88218,0.01195113,2.0085292,15,1.5,0.02,0.04,-0.05,40,40,40
6.18,14.985637,17.680365,-0.016299521,-0.53821452,-14.985637,-17.680365,0.016299521,0.53821452,-0.044887266,-0.044887266,INFEASIBLE,0,68.658124,234.44516,0.011952458,2.0099775,15,1.5,0.02,0.04,-0.05,40,40,40
6.185,15.073707,17.585657,-0.018923472,-0.51439705,-15.073707,-17.585657,0.018923472,0.51439705,-0.050547218,-0.050547218,INFEASIBLE,0,69.794207,235.99143,0.011954249,2.0113005,15,1.5,0.02,0.04,-0.05,40,40,40
6.19,15.161219,17.474041,-0.021419014,-0.48816008,-15.161219,-17.474041,0.021419014,0.48816008,-0.051339326,-0.051339326,INFEASIBLE,0,70.94352,237.51815,0.011956543,2.0124921,15,1.5,0.02,0.04,-0.05,40,40,40
6.195,15.24834,17.347084,-0.023771114,-0.46177831,-15.24834,-17.347084,0.023771114,0.46177831,-0.050384015,-0.050384015,INFEASIBLE,0,72.106079,239.02275,0.011959368,2.0135582,15,1.5,0.02,0.04,-0.05,40,40,40
6.2,15.335056,17.303255,-0.025992482,-0.43520776,-15.335056,-17.303255,0.025992482,0.43520776,-0.043867563,-0.043867563,INFEASIBLE,0,73.281899,240.51977,0.011962746,2.0145053,15,1.5,0.02,0.04,-0.05,40,40,40
6.205,15.421387,17.261514,-0.028108317,-0.41414362,-15.421387,-17.261514,0.028108317,0.41414362,-0.043951887,-0.043951887,INFEASIBLE,0,74.470995,242.00956,0.011966697,2.0153629,15,1.5,0.02,0.04,-0.05,40,40,40
6.21,15.507496,17.195869,-0.030119675,-0.39433491,-15.507496,-17.195869,0.030119675,0.39433491,-0.045312828,-0.045312828,INFEASIBLE,0,75.673407,243.48805,0.011971233,2.0161404,15,1.5,0.02,0.04,-0.05,40,40,40
6.215,15.593251,17.125126,-0.032031042,-0.374993,-15.593251,-17.125126,0.032031042,0.374993,-0.046085057,-0.046085057,INFEASIBLE,0,76.889154,244.9544,0.011976362,2.0168434,15,1.5,0.02,0.04,-0.05,40,40,40
6.22,15.678625,17.071008,-0.033847222,-0.35400279,-15.678625,-17.071008,0.033847222,0.35400279,-0.042299716,-0.042299716,INFEASIBLE,0,78.118251,246.4115,0.011982091,2.01747,15,1.5,0.02,0.04,-0.05,40,40,40
6.225,15.763686,16.979593,-0.035573513,-0.33892097,-15.763686,-16.979593,0.035573513,0.33892097,-0.047526722,-0.047526722,INFEASIBLE,0,79.36072,247.85303,0.011988418,2.0180444,15,1.5,0.02,0.04,-0.05,40,40,40
6.23,15.848399,16.923413,-0.037212629,-0.31919627,-15.848399,-16.923413,0.037212629,0.31919627,-0.043079343,-0.043079343,INFEASIBLE,0,80.616579,249.28504,0.011995342,2.0185538,15,1.5,0.02,0.04,-0.05,40,40,40
6.235,15.932738,16.831402,-0.038769747,-0.30541851,-15.932738,-16.831402,0.038769747,0.30541851,-0.047763141,-0.047763141,INFEASIBLE,0,81.885839,250.70152,0.012002857,2.0190202,15,1.5,0.02,0.04,-0.05,40,40,40
6.24,16.016829,16.779463,-0.040240748,-0.28707278,-16.016829,-16.779463,0.040240748,0.28707278,-0.042705269,-0.042705269,INFEASIBLE,0,83.168533,252.10927,0.012010954,2.0194323,15,1.5,0.02,0.04,-0.05,40,40,40
6.245,16.100608,16.735833,-0.041631173,-0.27107075,-16.100608,-16.735833,0.041631173,0.27107075,-0.039628257,-0.039628257,INFEASIBLE,0,84.464681,253.50972,0.01201962,2.0197997,15,1.5,0.02,0.04,-0.05,40,40,40
6.25,16.18405,16.653115,-0.042955665,-0.26038153,-16.18405,-16.653115,0.042955665,0.26038153,-0.045101688,-0.045101688,INFEASIBLE,0,85.774299,254.89635,0.012028846,2.0201387,15,1.5,0.02,0.04,-0.05,40,40,40
6.255,16.267205,16.597168,-0.044197885,-0.24141877,-16.267205,-16.597168,0.044197885,0.24141877,-0.035865609,-0.035865609,INFEASIBLE,0,87.097408,256.27368,0.012038613,2.0204301,15,1.5,0.02,0.04,-0.05,40,40,40
6.26,16.350084,16.533929,-0.045377169,-0.23120581,-16.350084,-16.533929,0.045377169,0.23120581,-0.039107408,-0.039107408,INFEASIBLE,0,88.434035,257.64053,0.012048908,2.0206973,15,1.5,0.02,0.04,-0.05,40,40,40
6.265,16.432688,16.501819,-0.046497092,-0.21891373,-16.432688,-16.501819,0.046497092,0.21891373,-0.037100466,-0.037100466,INFEASIBLE,0,89.784201,259.00208,0.012059718,2.020937,15,1.5,0.02,0.04,-0.05,40,40,40
6.27,16.514911,16.396102,-0.047557769,-0.20718124,-16.514911,-16.396102,0.047557769,0.20718124,-0.037996107,-0.037996107,INFEASIBLE,0,91.147912,260.34624,0.012071027,2.0211516,15,1.5,0.02,0.04,-0.05,40,40,40
6.275,16.596892,16.386385,-0.04856063,-0.19592106,-16.596892,-16.386385,0.04856063,0.19592106,-0.034897802,-0.034897802,INFEASIBLE,0,92.525196,261.68881,0.012082818,2.0213435,15,1.5,0.02,0.04,-0.05,40,40,40
6.28,16.678655,16.326561,-0.049508588,-0.18733306,-16.678655,-16.326561,0.049508588,0.18733306,-0.036992864,-0.036992864,INFEASIBLE,0,93.916084,263.02159,0.012095073,2.021519,15,1.5,0.02,0.04,-0.05,40,40,40
6.285,16.760026,16.272703,-0.050412556,-0.17526476,-16.760026,-16.272703,0.050412556,0.17526476,-0.032976834,-0.032976834,INFEASIBLE,0,95.320576,264.3456,0.01210778,2.0216726,15,1.5,0.02,0.04,-0.05,40,40,40
6.29,16.841225,16.225909,-0.051268823,-0.16636529,-16.841225,-16.225909,0.051268823,0.16636529,-0.032719415,-0.032719415,INFEASIBLE,0,96.738711,265.662,0.012120923,2.021811,15,1.5,0.02,0.04,-0.05,40,40,40
6.295,16.922197,16.180014,-0.052091702,-0.1621253,-16.922197,-16.180014,0.052091702,0.1621253,-0.038918982,-1.3498843,OK,0,98.170514,266.97096,0.01213449,2.0219424,15,1.5,0.02,0.04,-0.05,40,40,40
6.3,16.989339,11.564865,-0.051131795,0.42617573,-16.989339,-11.564865,0.051131795,-0.42617573,0.67466807,-0.72533571,OK,0,99.613703,267.63969,0.012147563,2.0228505,15,1.5,0.02,0.04,-0.05,40,40,40
6.305,17.05123,12.583305,-0.047313026,0.96714584,-17.05123,-12.583305,0.047313026,-0.96714584,1.5853802,-0.86198237,OK,0,101.06742,268.43139,0.012158755,2.0275274,15,1.5,0.02,0.04,-0.05,40,40,40
6.31,17.107564,10.980301,-0.041205327,1.4307389,-17.107564,-10.980301,0.041205327,-1.4307389,2.3093918,-0.64355927,OK,0,102.53077,269.03423,0.012167245,2.0377624,15,1.5,0.02,0.04,-0.05,40,40,40
6.315,17.160954,10.648318,-0.032884399,1.8317524,-17.160954,-10.648318,0.032884399,-1.8317524,3.0235145,-0.59661846,OK,0,104.00326,269.60116,0.012172652,2.054539,15,1.5,0.02,0.04,-0.05,40,40,40
6.32,17.211612,9.9284831,-0.022712294,2.1796526,-17.211612,-9.9284831,0.022712294,-2.1796526,3.6701661,-0.49702612,OK,0,105.48446,270.09403,0.012175231,2.0782934,15,1.5,0.02,0.04,-0.05,40,40,40
6.325,17.25921,9.3160733,-0.010957959,2.4692402,-17.25921,-9.3160733,0.010957959,-2.4692402,4.2573181,-0.41185577,OK,0,106.97386,270.52798,0.012175831,2.1087792,15,1.5,0.02,0.04,-0.05,40,40,40
6.33,17.304212,8.8879863,0.0021236556,2.7197379,-17.304212,-8.8879863,-0.0021236556,-2.7197379,4.8130653,-0.35155586,OK,0,108.47104,270.92296,0.012175854,2.145764,15,1.5,0.02,0.04,-0.05,40,40,40
6.335,17.347006,8.3713523,0.016337046,2.9278052,-17.347006,-8.3713523,-0.016337046,-2.9278052,5.3185577,-0.27928832,OK,0,109.97563,271.27336,0.012177188,2.1886243,15,1.5,0.02,0.04,-0.05,40,40,40
6.34,17.387595,7.9667978,0.031475883,3.0960966,-17.387595,-7.9667978,-0.031475883,-3.0960966,5.782707,-0.22216787,OK,0,111.48727,271.59071,0.012182142,2.2365533,15,1.5,0.02,0.04,-0.05,40,40,40
6.345,17.426357,7.6241156,0.047376282,3.2385723,-17.426357,-7.6241156,-0.047376282,-3.2385723,6.2219944,-0.17341279,OK,0,113.00566,271.88134,0.012193365,2.2889951,15,1.5,0.02,0.04,-0.05,40,40,40
6.35,17.46368,7.3597082,0.063921599,3.35471,-17.46368,-7.3597082,-0.063921599,-3.35471,6.6345509,-0.13522968,OK,0,114.53056,272.15217,0.012213794,2.3452655,15,1.5,0.02,0.04,-0.05,40,40,40
6.355,17.499821,7.1385848,0.080996513,3.4589408,-17.499821,-7.1385848,-0.080996513,-3.4589408,7.0388988,1.35,INFEASIBLE,0,116.06178,272.40697,0.012246597,2.4050868,15,1.5,0.02,0.04,-0.05,40,40,40
6.36,17.546791,10.736451,0.096398207,2.820466,-17.546791,-10.736451,-0.096398207,-2.820466,6.4570659,1.35,INFEASIBLE,0,117.60123,272.98332,0.01229306,2.444862,15,1.5,0.02,0.04,-0.05,40,40,40
6.365,17.605304,11.712238,0.10825953,2.0376889,-17.605304,-11.712238,-0.10825953,-2.0376889,5.5010219,1.35,INFEASIBLE,0,119.15097,273.66921,0.01235166,2.4656229,15,1.5,0.02,0.04,-0.05,40,40,40
6.37,17.675552,14.363558,0.11660151,1.3509911,-17.675552,-14.363558,-0.11660151,-1.3509911,4.7035626,1.35,INFEASIBLE,0,120.71309,274.70076,0.01241964,2.4747487,15,1.5,0.02,0.04,-0.05,40,40,40
6.375,17.754498,16.72201,0.12126325,0.6524072,-17.754498,-16.72201,-0.12126325,-0.6524072,3.8215299,1.35,INFEASIBLE,0,122.2892,276.09889,0.012493164,2.4768769,15,1.5,0.02,0.04,-0.05,40,40,40
6.38,17.844257,18.510337,0.1223801,-0.077233638,-17.844257,-18.510337,-0.1223801,0.077233638,2.8171497,1.35,INFEASIBLE,0,123.88129,277.81206,0.012568048,2.4769068,15,1.5,0.02,0.04,-0.05,40,40,40
6.385,17.944125,19.696128,0.11990422,-0.84404508,-17.944125,-19.696128,-0.11990422,0.84404508,1.6792233,1.35,INFEASIBLE,0,125.49125,279.75174,0.012639933,2.4804688,15,1.5,0.02,0.04,-0.05,40,40,40
6.39,18.053813,22.311297,0.1138115,-1.5315859,-18.053813,-22.311297,-0.1138115,1.5315859,0.6633219,0.6633219,INFEASIBLE,0,127.12095,282.24071,0.012704699,2.4921976,15,1.5,0.02,0.04,-0.05,40,40,40
6.395,18.165769,22.683349,0.10496445,-1.9093584,-18.165769,-22.683349,-0.10496445,1.9093584,-0.018921523,-0.018921523,INFEASIBLE,0,128.77093,284.81338,0.012759786,2.5104258,15,1.5,0.02,0.04,-0.05,40,40,40
6.4,18.271148,21.035019,0.095033321,-1.9809782,-18.271148,-21.035019,-0.095033321,1.9809782,-0.33914376,-0.33914376,INFEASIBLE,0,130.4401,287.02574,0.012804943,2.5300472,15,1.5,0.02,0.04,-0.05,40,40,40
6.405,18.373466,19.933235,0.085802947,-1.7820965,-18.373466,-19.933235,-0.085802947,1.7820965,-0.22130177,-0.22130177,INFEASIBLE,0,132.12802,289.01241,0.012841754,2.5459265,15,1.5,0.02,0.04,-0.05,40,40,40
6.41,18.47301,19.945881,0.077431146,-1.6002093,-18.47301,-19.945881,-0.077431146,1.6002093,-0.071551324,-0.071551324,INFEASIBLE,0,133.83428,291.0016,0.012871732,2.5587299,15,1.5,0.02,0.04,-0.05,40,40,40
6.415,18.573118,20.02558,0.069703502,-1.5219648,-18.573118,-20.02558,-0.069703502,1.5219648,-0.064909065,-0.064909065,INFEASIBLE,0,135.55908,293.00672,0.012896024,2.5703118,15,1.5,0.02,0.04,-0.05,40,40,40
6.42,18.672708,19.857284,0.062304503,-1.453603,-18.672708,-19.857284,-0.062304503,1.453603,-0.078091362,-0.078091362,INFEASIBLE,0,137.30244,294.97828,0.012915434,2.5808766,15,1.5,0.02,0.04,-0.05,40,40,40
6.425,18.771192,19.7599,0.055194967,-1.3805518,-18.771192,-19.7599,-0.055194967,1.3805518,-0.077083429,-0.077083429,INFEASIBLE,0,139.06422,296.93055,0.012930666,2.5904062,15,1.5,0.02,0.04,-0.05,40,40,40
6.43,18.869179,19.475722,0.048443672,-1.3339228,-18.869179,-19.475722,-0.048443672,1.3339228,-0.11781659,-0.11781659,INFEASIBLE,0,140.84445,298.82707,0.0129424,2.599303,15,1.5,0.02,0.04,-0.05,40,40,40
6.435,18.966077,19.322424,0.042062308,-1.2406841,-18.966077,-19.322424,-0.042062308,1.2406841,-0.077873001,-0.077873001,INFEASIBLE,0,142.64301,300.69385,0.012951246,2.6069994,15,1.5,0.02,0.04,-0.05,40,40,40
6.44,19.062392,19.16857,0.036051051,-1.1790037,-19.062392,-19.16857,-0.036051051,1.1790037,-0.079749091,-0.079749091,INFEASIBLE,0,144.45989,302.53102,0.012957745,2.6139497,15,1.5,0.02,0.04,-0.05,40,40,40
6.445,19.158124,19.061886,0.030354486,-1.1134595,-19.158124,-19.061886,-0.030354486,1.1134595,-0.069234045,-0.069234045,INFEASIBLE,0,146.29506,304.3478,0.012962352,2.6201486,15,1.5,0.02,0.04,-0.05,40,40,40
6.45,19.253178,18.965807,0.02494154,-1.0596938,-19.253178,-18.965807,-0.02494154,1.0596938,-0.071721819,-0.071721819,INFEASIBLE,0,148.14848,306.14631,0.012965462,2.6257634,15,1.5,0.02,0.04,-0.05,40,40,40
6.455,19.347423,18.789023,0.019787827,-1.0075875,-19.347423,-18.789023,-0.019787827,1.0075875,-0.076054489,-0.076054489,INFEASIBLE,0,150.02009,307.91144,0.01296742,2.6308396,15,1.5,0.02,0.04,-0.05,40,40,40
6.46,19.441013,18.645817,0.014893738,-0.95972775,-19.441013,-18.645817,-0.014893738,0.95972775,-0.08153261,-0.08153261,INFEASIBLE,0,151.90986,309.64978,0.012968529,2.635445,15,1.5,0.02,0.04,-0.05,40,40,40
6.465,19.533985,18.565621,0.010279012,-0.9007282,-19.533985,-18.565621,-0.010279012,0.9007282,-0.063602575,-0.063602575,INFEASIBLE,0,153.81774,311.37319,0.012969057,2.6395015,15,1.5,0.02,0.04,-0.05,40,40,40
6.47,19.626443,18.490902,0.0058986839,-0.85444326,-19.626443,-18.490902,-0.0058986839,0.85444326,-0.061019678,-0.061019678,INFEASIBLE,0,155.74373,313.08276,0.012969231,2.6431519,15,1.5,0.02,0.04,-0.05,40,40,40
6.475,19.718075,18.196198,0.0017160488,-0.82774279,-19.718075,-18.196198,-0.0017160488,0.82774279,-0.09366404,-0.09366404,INFEASIBLE,0,157.68774,314.73826,0.012969246,2.6465777,15,1.5,0.02,0.04,-0.05,40,40,40
6.48,19.809308,18.1183,-0.0021863664,-0.7608357,-19.809308,-18.1183,0.0021863664,0.7608357,-0.053130863,-0.053130863,INFEASIBLE,0,159.64978,316.37963,0.01296927,2.649472,15,1.5,0.02,0.04,-0.05,40,40,40
6.485,19.899983,18.115397,-0.0058683534,-0.72031178,-19.899983,-18.115397,0.0058683534,0.72031178,-0.045877443,-0.045877443,INFEASIBLE,0,161.62983,318.02047,0.012969442,2.6520663,15,1.5,0.02,0.04,-0.05,40,40,40
6.49,19.990254,18.044465,-0.0093972055,-0.69319323,-19.990254,-18.044465,0.0093972055,0.69319323,-0.059164251,-0.059164251,INFEASIBLE,0,163.62788,319.64848,0.012969884,2.6544689,15,1.5,0.02,0.04,-0.05,40,40,40
6.495,20.080029,17.942027,-0.012766285,-0.65908986,-20.080029,-17.942027,0.012766285,0.65908986,-0.060847432,-0.060847432,INFEASIBLE,0,165.64392,321.25806,0.012970698,2.6566408,15,1.5,0.02,0.04,-0.05,40,40,40
6.5,20.169362,17.861133,-0.015956949,-0.62193918,-20.169362,-17.861133,0.015956949,0.62193918,-0.054430429,-0.054430429,INFEASIBLE,0,167.67794,322.85316,0.012971972,2.6585749,15,1.5,0.02,0.04,-0.05,40,40,40
6.505,20.258224,17.725414,-0.018988426,-0.59458608,-20.258224,-17.725414,0.018988426,0.59458608,-0.062524462,-0.062524462,INFEASIBLE,0,169.72991,324.42411,0.012973774,2.6603426,15,1.5,0.02,0.04,-0.05,40,40,40
6.51,20.346632,17.596564,-0.021854875,-0.56246476,-20.346632,-17.596564,0.021854875,0.56246476,-0.060725099,-0.060725099,INFEASIBLE,0,171.79984,325.97231,0.012976163,2.6619244,15,1.5,0.02,0.04,-0.05,40,40,40
6.515,20.43452,17.543462,-0.024555371,-0.52680544,-20.43452,-17.543462,0.024555371,0.52680544,-0.048109862,-0.048109862,INFEASIBLE,0,173.88769,327.51117,0.012979177,2.663312,15,1.5,0.02,0.04,-0.05,40,40,40
6.52,20.521929,17.471244,-0.027117045,-0.50132323,-20.521929,-17.471244,0.027117045,0.50132323,-0.049452199,-0.049452199,INFEASIBLE,0,175.99344,329.03739,0.012982854,2.6645686,15,1.5,0.02,0.04,-0.05,40,40,40
6.525,20.608791,17.320034,-0.029563258,-0.48194944,-20.608791,-17.320034,0.029563258,0.48194944,-0.061395873,-0.061395873,INFEASIBLE,0,178.11705,330.53731,0.012987224,2.66573,15,1.5,0.02,0.04,-0.05,40,40,40
6.53,20.695231,17.263183,-0.031870013,-0.44755154,-20.695231,-17.263183,0.031870013,0.44755154,-0.044945606,-0.044945606,INFEASIBLE,0,180.25851,332.0274,0.012992302,2.6667315,15,1.5,0.02,0.04,-0.05,40,40,40
6.535,20.781448,17.194229,-0.034051285,-0.43033371,-20.781448,-17.194229,0.034051285,0.43033371,-0.052871729,-0.052871729,INFEASIBLE,0,182.41785,333.50561,0.0129981,2.6676575,15,1.5,0.02,0.04,-0.05,40,40,40
6.54,20.867291,17.143837,-0.036124271,-0.40550747,-20.867291,-17.143837,0.036124271,0.40550747,-0.047025994,-0.047025994,INFEASIBLE,0,184.59507,334.97516,0.013004625,2.6684796,15,1.5,0.02,0.04,-0.05,40,40,40
6.545,20.952678,17.051475,-0.038091786,-0.38514392,-20.952678,-17.051475,0.038091786,0.38514392,-0.047980138,-0.047980138,INFEASIBLE,0,186.79015,336.42893,0.01301188,2.6692213,15,1.5,0.02,0.04,-0.05,40,40,40
6.55,21.037762,16.969147,-0.039948674,-0.36361422,-21.037762,-16.969147,0.039948674,0.36361422,-0.045130324,-0.045130324,INFEASIBLE,0,189.00308,337.86869,0.013019859,2.6698824,15,1.5,0.02,0.04,-0.05,40,40,40
6.555,21.122386,16.910295,-0.041721813,-0.34785882,-21.122386,-16.910295,0.041721813,0.34785882,-0.048755906,-0.048755906,INFEASIBLE,0,191.23386,339.29848,0.013028563,2.6704874,15,1.5,0.02,0.04,-0.05,40,40,40
6.56,21.206702,16.814531,-0.043411644,-0.33087139,-21.206702,-16.814531,0.043411644,0.33087139,-0.050766478,-0.050766478,INFEASIBLE,0,193.48248,340.71212,0.013037986,2.6710348,15,1.5,0.02,0.04,-0.05,40,40,40
6.565,21.290731,16.77641,-0.044992484,-0.30887684,-21.290731,-16.77641,0.044992484,0.30887684,-0.041331504,-0.041331504,INFEASIBLE,0,195.74896,342.11936,0.013048107,2.6715118,15,1.5,0.02,0.04,-0.05,40,40,40
6.57,21.374318,16.68326,-0.046496233,-0.29549483,-21.374318,-16.68326,0.046496233,0.29549483,-0.045869004,-0.045869004,INFEASIBLE,0,198.03326,343.51101,0.013058917,2.6719484,15,1.5,0.02,0.04,-0.05,40,40,40
6.575,21.457646,16.652553,-0.047937585,-0.28172542,-21.457646,-16.652553,0.047937585,0.28172542,-0.046396848,-0.046396848,INFEASIBLE,0,200.33542,344.89755,0.013070407,2.6723453,15,1.5,0.02,0.04,-0.05,40,40,40
6.58,21.540616,16.562335,-0.049292003,-0.26519413,-21.540616,-16.562335,0.049292003,0.26519413,-0.04386555,-0.04386555,INFEASIBLE,0,202.65541,346.26911,0.013082555,2.6726969,15,1.5,0.02,0.04,-0.05,40,40,40
6.585,21.623213,16.50188,-0.050576641,-0.25175414,-21.623213,-16.50188,0.050576641,0.25175414,-0.043741387,-0.043741387,INFEASIBLE,0,204.99322,347.63067,0.013095345,2.6730138,15,1.5,0.02,0.04,-0.05,40,40,40
6.59,21.70561,16.440027,-0.051793631,-0.23758003,-21.70561,-16.440027,0.051793631,0.23758003,-0.041561246,-0.041561246,INFEASIBLE,0,207.34889,348.98204,0.013108758,2.673296,15,1.5,0.02,0.04,-0.05,40,40,40
6.595,21.787708,16.422268,-0.052962034,-0.22982372,-21.787708,-16.422268,0.052962034,0.22982372,-0.046521223,-0.046521223,INFEASIBLE,0,209.72241,350.33049,0.013122783,2.6735601,15,1.5,0.02,0.04,-0.05,40,40,40
6.6,21.869527,16.326438,-0.054067503,-0.21740217,-21.869527,-16.326438,0.054067503,0.21740217,-0.046667727,-0.046667727,INFEASIBLE,0,212.11379,351.66326,0.013137399,2.6737964,15,1.5,0.02,0.04,-0.05,40,40,40
6.605,21.951033,16.278052,-0.055105446,-0.20326524,-21.951033,-16.278052,0.055105446,0.20326524,-0.041336816,-0.041336816,INFEASIBLE,0,214.52303,352.98813,0.013152583,2.674003,15,1.5,0.02,0.04,-0.05,40,40,40
6.61,22.032218,16.207925,-0.056085953,-0.19240707,-22.032218,-16.207925,0.056085953,0.19240707,-0.040938537,-0.040938537,INFEASIBLE,0,216.95013,354.30162,0.013168311,2.6741881,15,1.5,0.02,0.04,-0.05,40,40,40
6.615,22.1131,16.137269,-0.057028218,-0.18406078,-22.1131,-16.137269,0.057028218,0.18406078,-0.043761709,-1.3454575,OK,0,219.39507,355.60367,0.013184572,2.6743575,15,1.5,0.02,0.04,-0.05,40,40,40
6.62,22.181899,12.900618,-0.056084499,0.48695472,-22.181899,-12.900618,0.056084499,-0.48695472,0.8488273,-0.90725281,OK,0,221.85526,356.4358,0.013200299,2.6755431,15,1.5,0.02,0.04,-0.05,40,40,40
6.625,22.243159,12.958459,-0.052091891,1.0793081,-22.243159,-12.958459,0.052091891,-1.0793081,1.8007854,-0.91384759,OK,0,224.32905,357.27541,0.013213867,2.6813677,15,1.5,0.02,0.04,-0.05,40,40,40
6.63,22.300246,11.28158,-0.045402187,1.5682689,-22.300246,-11.28158,0.045402187,-1.5682689,2.5686387,-0.68517481,OK,0,226.81555,357.91178,0.013224174,2.693665,15,1.5,0.02,0.04,-0.05,40,40,40
6.635,22.353566,10.47756,-0.036415982,1.9648525,-22.353566,-10.47756,0.036415982,-1.9648525,3.2672128,-0.57421627,OK,0,229.31396,358.46068,0.013230804,2.7129682,15,1.5,0.02,0.04,-0.05,40,40,40
6.64,22.402218,9.5610207,-0.025707113,2.283092,-22.402218,-9.5610207,0.025707113,-2.283092,3.8695165,-0.44791933,OK,0,231.82326,358.91774,0.013234109,2.7390308,15,1.5,0.02,0.04,-0.05,40,40,40
6.645,22.449115,9.2324348,-0.013467599,2.5560029,-22.449115,-9.2324348,0.013467599,-2.5560029,4.45027,-0.40100891,OK,0,234.34307,359.34393,0.013235016,2.7716965,15,1.5,0.02,0.04,-0.05,40,40,40
6.65,22.493592,8.6481416,1.2664382e-05,2.7863887,-22.493592,-8.6481416,-1.2664382e-05,-2.7863887,4.9755705,-0.31953265,OK,0,236.87288,359.71788,0.013235016,2.8105163,15,1.5,0.02,0.04,-0.05,40,40,40
6.655,22.535555,8.2026797,0.014520918,2.9765116,-22.535555,-8.2026797,-0.014520918,-2.9765116,5.4613994,-0.25682876,OK,0,239.41214,360.0543,0.01323607,2.8548144,15,1.5,0.02,0.04,-0.05,40,40,40
6.66,22.575398,7.8084304,0.029874728,3.1345936,-22.575398,-7.8084304,-0.029874728,-3.1345936,5.9138565,-0.20105971,OK,0,241.96038,360.35916,0.013240532,2.9039428,15,1.5,0.02,0.04,-0.05,40,40,40
6.665,22.613518,7.4705141,0.045913819,3.2583681,-22.613518,-7.4705141,-0.045913819,-3.2583681,6.3273503,-0.15290114,OK,0,244.51723,360.6382,0.013251073,2.9570276,15,1.5,0.02,0.04,-0.05,40,40,40
6.67,22.650315,7.2694467,0.062542918,3.3649872,-22.650315,-7.2694467,-0.062542918,-3.3649872,6.7294087,-0.12324739,OK,0,247.08242,360.90243,0.013270631,3.0136433,15,1.5,0.02,0.04,-0.05,40,40,40
6.675,22.68607,7.0662882,0.079655683,3.4622244,-22.68607,-7.0662882,-0.079655683,-3.4622244,7.1245448,1.35,INFEASIBLE,0,249.65571,361.15209,0.013302356,3.0735783,15,1.5,0.02,0.04,-0.05,40,40,40
6.68,22.731321,9.3300135,0.094992432,2.7470945,-22.731321,-9.3300135,-0.094992432,-2.7470945,6.3733552,1.35,INFEASIBLE,0,252.23927,361.58734,0.013347474,3.111311,15,1.5,0.02,0.04,-0.05,40,40,40
6.685,22.789734,11.899864,0.10688482,2.0562723,-22.789734,-11.899864,-0.10688482,-2.0562723,5.61947,1.35,INFEASIBLE,0,254.83613,362.29537,0.013404596,3.1324522,15,1.5,0.02,0.04,-0.05,40,40,40
6.69,22.861279,14.629357,0.11533638,1.3720502,-22.861279,-14.629357,-0.11533638,-1.3720502,4.8305209,1.35,INFEASIBLE,0,257.44932,363.36546,0.013471108,3.1418649,15,1.5,0.02,0.04,-0.05,40,40,40
6.695,22.941818,16.499349,0.12011361,0.64390369,-22.941818,-16.499349,-0.12011361,-0.64390369,3.88637,1.35,INFEASIBLE,0,260.08096,364.7266,0.013543244,3.1439379,15,1.5,0.02,0.04,-0.05,40,40,40
6.7,23.030957,18.861682,0.12122189,-0.053328798,-23.030957,-18.861682,-0.12122189,0.053328798,2.9534216,1.35,INFEASIBLE,0,262.73308,366.50542,0.013616718,3.1439521,15,1.5,0.02,0.04,-0.05,40,40,40
6.705,23.13152,21.080082,0.11881384,-0.758587,-23.13152,-21.080082,-0.11881384,0.758587,1.9501608,1.35,INFEASIBLE,0,265.40842,368.72727,0.013687302,3.1468294,15,1.5,0.02,0.04,-0.05,40,40,40
6.71,23.24093,21.648903,0.1127283,-1.5654841,-23.24093,-21.648903,-0.1127283,1.5654841,0.67347308,0.67347308,INFEASIBLE,0,268.10912,371.07064,0.01375084,3.1590831,15,1.5,0.02,0.04,-0.05,40,40,40
6.715,23.351509,21.651404,0.10378961,-1.9764691,-23.351509,-21.651404,-0.10378961,1.9764691,-0.074773107,-0.074773107,INFEASIBLE,0,270.83559,373.41456,0.013804702,3.1786153,15,1.5,0.02,0.04,-0.05,40,40,40
6.72,23.455958,20.838619,0.093888678,-1.9404716,-23.455958,-20.838619,-0.093888678,1.9404716,-0.1997133,-0.1997133,INFEASIBLE,0,273.5865,375.5858,0.013848777,3.1974424,15,1.5,0.02,0.04,-0.05,40,40,40
6.725,23.558565,20.525973,0.084536744,-1.7949802,-23.558565,-20.525973,-0.084536744,1.7949802,-0.13220901,-0.13220901,INFEASIBLE,0,276.36153,377.69238,0.013884509,3.2135522,15,1.5,0.02,0.04,-0.05,40,40,40
6.73,23.660109,20.323076,0.07581734,-1.6911923,-23.660109,-20.323076,-0.07581734,1.6911923,-0.11340307,-0.11340307,INFEASIBLE,0,279.16053,379.75752,0.013913251,3.2278528,15,1.5,0.02,0.04,-0.05,40,40,40
6.735,23.760898,20.006156,0.067603211,-1.6106564,-23.760898,-20.006156,-0.067603211,1.6106564,-0.1264723,-0.1264723,INFEASIBLE,0,281.98343,381.75875,0.013936102,3.2408239,15,1.5,0.02,0.04,-0.05,40,40,40
6.74,23.860604,19.846615,0.059870384,-1.5062159,-23.860604,-19.846615,-0.059870384,1.5062159,-0.090191331,-0.090191331,INFEASIBLE,0,284.83007,383.72819,0.013954024,3.2521673,15,1.5,0.02,0.04,-0.05,40,40,40
6.745,23.959059,19.70565,0.052530937,-1.4275737,-23.959059,-19.70565,-0.052530937,1.4275737,-0.085989328,-0.085989328,INFEASIBLE,0,287.70026,385.66975,0.013967821,3.2623572,15,1.5,0.02,0.04,-0.05,40,40,40
6.75,24.057097,19.616261,0.045582401,-1.3546878,-24.057097,-19.616261,-0.045582401,1.3546878,-0.082503328,-0.082503328,INFEASIBLE,0,290.59398,387.59374,0.01397821,3.2715331,15,1.5,0.02,0.04,-0.05,40,40,40
6.755,24.154366,19.428506,0.038961544,-1.2961265,-24.154366,-19.428506,-0.038961544,1.2961265,-0.099539041,-0.099539041,INFEASIBLE,0,293.51114,389.48107,0.0139858,3.2799328,15,1.5,0.02,0.04,-0.05,40,40,40
6.76,24.250784,19.187697,0.032687359,-1.2326557,-24.250784,-19.187697,-0.032687359,1.2326557,-0.1061496,-0.1061496,INFEASIBLE,0,296.45165,391.32191,0.013991142,3.28753,15,1.5,0.02,0.04,-0.05,40,40,40
6.765,24.346383,19.032165,0.026802404,-1.1493064,-24.346383,-19.032165,-0.026802404,1.1493064,-0.073709346,-0.073709346,INFEASIBLE,0,299.41538,393.13303,0.013994734,3.2941345,15,1.5,0.02,0.04,-0.05,40,40,40
6.77,24.441266,18.958583,0.021225578,-1.0893923,-24.441266,-18.958583,-0.021225578,1.0893923,-0.068536154,-0.068536154,INFEASIBLE,0,302.40225,394.93017,0.013996987,3.3000684,15,1.5,0.02,0.04,-0.05,40,40,40
6.775,24.535545,18.813547,0.015907872,-1.0448204,-24.535545,-18.813547,-0.015907872,1.0448204,-0.085359734,-0.085359734,INFEASIBLE,0,305.41222,396.69992,0.013998252,3.3055266,15,1.5,0.02,0.04,-0.05,40,40,40
6.78,24.629185,18.654043,0.010864176,-0.98499216,-24.629185,-18.654043,-0.010864176,0.98499216,-0.075780163,-0.075780163,INFEASIBLE,0,308.4452,398.43978,0.013998842,3.3103777,15,1.5,0.02,0.04,-0.05,40,40,40
6.785,24.722151,18.53768,0.0060893297,-0.93567824,-24.722151,-18.53768,-0.0060893297,0.93567824,-0.076227199,-0.076227199,INFEASIBLE,0,311.50113,400.15801,0.013999028,3.3147552,15,1.5,0.02,0.04,-0.05,40,40,40
6.79,24.814272,18.341498,0.001562978,-0.887402,-24.814272,-18.341498,-0.001562978,0.887402,-0.07771298,-0.07771298,INFEASIBLE,0,314.57987,401.84006,0.01399904,3.3186926,15,1.5,0.02,0.04,-0.05,40,40,40
6.795,24.905727,18.308274,-0.0027202349,-0.83372775,-24.905727,-18.308274,0.0027202349,0.83372775,-0.060949648,-0.060949648,INFEASIBLE,0,317.68134,403.51603,0.013999077,3.3221681,15,1.5,0.02,0.04,-0.05,40,40,40
6.8,24.99689,18.15756,-0.006772098,-0.79760797,-24.99689,-18.15756,0.006772098,0.79760797,-0.071753223,-0.071753223,INFEASIBLE,0,320.80557,405.16451,0.013999306,3.325349,15,1.5,0.02,0.04,-0.05,40,40,40
6.805,25.087456,18.088346,-0.010625018,-0.75207764,-25.087456,-18.088346,0.010625018,0.75207764,-0.062208796,-0.062208796,INFEASIBLE,0,323.95247,406.80045,0.013999871,3.3281771,15,1.5,0.02,0.04,-0.05,40,40,40
6.81,25.177445,17.895238,-0.014289831,-0.72303371,-25.177445,-17.895238,0.014289831,0.72303371,-0.079539588,-0.079539588,INFEASIBLE,0,327.12199,408.40165,0.014000892,3.330791,15,1.5,0.02,0.04,-0.05,40,40,40
6.815,25.266916,17.802773,-0.017748638,-0.67678229,-25.266916,-17.802773,0.017748638,0.67678229,-0.06395376,-0.06395376,INFEASIBLE,0,330.31407,409.98634,0.014002467,3.3330811,15,1.5,0.02,0.04,-0.05,40,40,40
6.82,25.35586,17.771713,-0.021013534,-0.63789609,-25.35586,-17.771713,0.021013534,0.63789609,-0.054061435,-0.054061435,INFEASIBLE,0,333.52867,411.56551,0.014004675,3.3351157,15,1.5,0.02,0.04,-0.05,40,40,40
6.825,25.444348,17.664985,-0.024126128,-0.61106072,-25.444348,-17.664985,0.024126128,0.61106072,-0.062996616,-0.062996616,INFEASIBLE,0,336.76575,413.12577,0.014007585,3.3369827,15,1.5,0.02,0.04,-0.05,40,40,40
6.83,25.532351,17.535913,-0.027087096,-0.58088158,-25.532351,-17.535913,0.027087096,0.58088158,-0.065545263,-0.065545263,INFEASIBLE,0,340.02525,414.66331,0.014011254,3.3386698,15,1.5,0.02,0.04,-0.05,40,40,40
6.835,25.619857,17.484188,-0.029884795,-0.54589646,-25.619857,-17.484188,0.029884795,0.54589646,-0.055351975,-0.055351975,INFEASIBLE,0,343.30714,416.1918,0.014015719,3.3401598,15,1.5,0.02,0.04,-0.05,40,40,40
6.84,25.70699,17.402153,-0.032528717,-0.51739809,-25.70699,-17.402153,0.032528717,0.51739809,-0.053801971,-0.053801971,INFEASIBLE,0,346.61138,417.70597,0.01402101,3.3414983,15,1.5,0.02,0.04,-0.05,40,40,40
6.845,25.793698,17.31452,-0.035042503,-0.49180428,-25.793698,-17.31452,0.035042503,0.49180428,-0.0548892,-0.0548892,INFEASIBLE,0,349.93796,419.20493,0.01402715,3.3427077,15,1.5,0.02,0.04,-0.05,40,40,40
6.85,25.879931,17.255169,-0.037437355,-0.46721464,-25.879931,-17.255169,0.037437355,0.46721464,-0.054576909,-0.054576909,INFEASIBLE,0,353.28681,420.69364,0.014034157,3.3437991,15,1.5,0.02,0.04,-0.05,40,40,40
6.855,25.965731,17.072593,-0.039712193,-0.44681915,-25.965731,-17.072593,0.039712193,0.44681915,-0.06369328,-0.06369328,INFEASIBLE,0,356.65791,422.15101,0.014042043,3.3447973,15,1.5,0.02,0.04,-0.05,40,40,40
6.86,26.051066,17.0482,-0.041855504,-0.41813254,-26.051066,-17.0482,0.041855504,0.41813254,-0.052082063,-0.052082063,INFEASIBLE,0,360.0512,423.60421,0.014050802,3.3456715,15,1.5,0.02,0.04,-0.05,40,40,40
6.865,26.135963,16.954533,-0.043879731,-0.39532034,-26.135963,-16.954533,0.043879731,0.39532034,-0.050275879,-0.050275879,INFEASIBLE,0,363.46664,425.04149,0.014060429,3.3464529,15,1.5,0.02,0.04,-0.05,40,40,40
6.87,26.22049,16.852478,-0.045797222,-0.37629517,-26.22049,-16.852478,0.045797222,0.37629517,-0.052892172,-0.052892172,INFEASIBLE,0,366.90421,426.46152,0.014070916,3.3471609,15,1.5,0.02,0.04,-0.05,40,40,40
6.875,26.304581,16.792872,-0.047606981,-0.35509431,-26.304581,-16.792872,0.047606981,0.35509431,-0.048939705,-0.048939705,INFEASIBLE,0,370.36386,427.87153,0.014082248,3.3477914,15,1.5,0.02,0.04,-0.05,40,40,40
6.88,26.388347,16.704372,-0.049333417,-0.33809836,-26.388347,-16.704372,0.049333417,0.33809836,-0.051206958,-0.051206958,INFEASIBLE,0,373.84559,429.26671,0.014094417,3.3483629,15,1.5,0.02,0.04,-0.05,40,40,40
6.885,26.47174,16.68134,-0.050968298,-0.31876455,-26.47174,-16.68134,0.050968298,0.31876455,-0.045982908,-0.045982908,INFEASIBLE,0,377.34935,430.65804,0.014107406,3.348871,15,1.5,0.02,0.04,-0.05,40,40,40
6.89,26.554764,16.566003,-0.052521906,-0.30531532,-26.554764,-16.566003,0.052521906,0.30531532,-0.052066158,-0.052066158,INFEASIBLE,0,380.87513,432.0302,0.014121199,3.349337,15,1.5,0.02,0.04,-0.05,40,40,40
6.895,26.637481,16.543556,-0.054000479,-0.28724215,-26.637481,-16.543556,0.054000479,0.28724215,-0.046378556,-0.046378556,INFEASIBLE,0,384.42291,433.39865,0.014135779,3.3497496,15,1.5,0.02,0.04,-0.05,40,40,40
6.9,26.719801,16.404103,-0.055397318,-0.27351788,-26.719801,-16.404103,0.055397318,0.27351788,-0.050676454,-0.050676454,INFEASIBLE,0,387.99265,434.74412,0.014151123,3.3501236,15,1.5,0.02,0.04,-0.05,40,40,40
6.905,26.801804,16.387734,-0.056724594,-0.25988376,-26.801804,-16.387734,0.056724594,0.25988376,-0.049149104,-0.049149104,INFEASIBLE,0,391.58433,436.08691,0.014167212,3.3504613,15,1.5,0.02,0.04,-0.05,40,40,40
6.91,26.883435,16.271678,-0.05796741,-0.24094004,-26.883435,-16.271678,0.05796741,0.24094004,-0.042385396,-0.042385396,INFEASIBLE,0,395.19793,437.41075,0.014184013,3.3507516,15,1.5,0.02,0.04,-0.05,40,40,40
6.915,26.964758,16.259839,-0.059163055,-0.23313409,-26.964758,-16.259839,0.059163055,0.23313409,-0.047458216,-0.047458216,INFEASIBLE,0,398.83342,438.73266,0.014201514,3.3510234,15,1.5,0.02,0.04,-0.05,40,40,40
6.92,27.045774,16.171283,-0.060291272,-0.22107969,-27.045774,-16.171283,0.060291272,0.22107969,-0.048221816,-0.048221816,INFEASIBLE,0,402.49079,440.04021,0.014219689,3.3512677,15,1.5,0.02,0.04,-0.05,40,40,40
6.925,27.126467,16.124619,-0.061349426,-0.20985434,-27.126467,-16.124619,0.061349426,0.20985434,-0.047508778,-1.3449523,OK,0,406.17001,441.34023,0.014238508,3.3514879,15,1.5,0.02,0.04,-0.05,40,40,40
6.93,27.194034,11.496392,-0.060590802,0.37536756,-27.194034,-11.496392,0.060590802,-0.37536756,0.65792567,-0.71841266,OK,0,409.86759,442.00106,0.014256864,3.3521924,15,1.5,0.02,0.04,-0.05,40,40,40
6.935,27.255423,11.376578,-0.057066259,0.83583972,-27.255423,-11.376578,0.057066259,-0.83583972,1.3979373,-0.7011855,OK,0,413.58188,442.6482,0.014273147,3.3556856,15,1.5,0.02,0.04,-0.05,40,40,40
6.94,27.314615,11.565312,-0.051391084,1.2984953,-27.314615,-11.565312,0.051391084,-1.2984953,2.1857814,-0.72511231,OK,0,417.31232,443.31698,0.014286352,3.364116,15,1.5,0.02,0.04,-0.05,40,40,40
6.945,27.367757,10.339205,-0.043777828,1.6925936,-27.367757,-10.339205,0.043777828,-1.6925936,2.8431463,-0.55729441,OK,0,421.05729,443.85148,0.014295935,3.3784404,15,1.5,0.02,0.04,-0.05,40,40,40
6.95,27.419137,9.9678462,-0.034235497,2.0339269,-27.419137,-9.9678462,0.034235497,-2.0339269,3.4844545,-0.50480455,OK,0,424.81634,444.34827,0.014301795,3.3991247,15,1.5,0.02,0.04,-0.05,40,40,40
6.955,27.466897,9.2623539,-0.023199234,2.3210106,-27.466897,-9.2623539,0.023199234,-2.3210106,4.0533595,-0.40703587,OK,0,428.58849,444.77722,0.014304486,3.4260601,15,1.5,0.02,0.04,-0.05,40,40,40
6.96,27.512967,9.0330556,-0.010799765,2.5757249,-27.512967,-9.0330556,0.010799765,-2.5757249,4.6131725,-0.37355839,OK,0,432.37331,445.1852,0.014305069,3.4592319,15,1.5,0.02,0.04,-0.05,40,40,40
6.965,27.556463,8.4831955,0.0027291138,2.7923328,-27.556463,-8.4831955,-0.0027291138,-2.7923328,5.119893,-0.29675879,OK,0,436.1701,445.54502,0.014305107,3.4982176,15,1.5,0.02,0.04,-0.05,40,40,40
6.97,27.59753,8.0576174,0.017213299,2.9706975,-27.59753,-8.0576174,-0.017213299,-2.9706975,5.588501,-0.23676215,OK,0,439.97822,445.86965,0.014306588,3.5423428,15,1.5,0.02,0.04,-0.05,40,40,40
6.975,27.636761,7.6848651,0.032485762,3.1120429,-27.636761,-7.6848651,-0.032485762,-3.1120429,6.0154806,-0.1839058,OK,0,443.79717,446.16494,0.014311865,3.5907668,15,1.5,0.02,0.04,-0.05,40,40,40
6.98,27.67447,7.4334691,0.048416986,3.2314329,-27.67447,-7.4334691,-0.048416986,-3.2314329,6.4242323,-0.14745243,OK,0,447.62655,446.44122,0.014323586,3.6429776,15,1.5,0.02,0.04,-0.05,40,40,40
6.985,27.710909,7.1932787,0.06490091,3.3378239,-27.710909,-7.1932787,-0.06490091,-3.3378239,6.8221988,-0.11251837,OK,0,451.46602,446.69994,0.014344646,3.698683,15,1.5,0.02,0.04,-0.05,40,40,40
6.99,27.746349,7.0042664,0.081844093,3.4308987,-27.746349,-7.0042664,-0.081844093,-3.4308987,7.2091071,1.35,INFEASIBLE,0,455.31532,446.94523,0.014378139,3.7575383,15,1.5,0.02,0.04,-0.05,40,40,40
6.995,27.792721,10.279264,0.097110495,2.7758675,-27.792721,-10.279264,-0.097110495,-2.7758675,6.5874837,1.35,INFEASIBLE,0,459.1775,447.47355,0.014425291,3.7960655,15,1.5,0.02,0.04,-0.05,40,40,40
7,27.851194,13.271592,0.10886167,2.1040736,-27.851194,-13.271592,-0.10886167,-2.1040736,5.876923,1.35,INFEASIBLE,0,463.05595,448.35423,0.014484545,3.8182011,15,1.5,0.02,0.04,-0.05,40,40,40
7.005,27.920008,14.452192,0.1170109,1.3339921,-27.920008,-14.452192,-0.1170109,-1.3339921,4.8926393,1.35,INFEASIBLE,0,466.95358,449.39856,0.014553003,3.8270988,15,1.5,0.02,0.04,-0.05,40,40,40
7.01,27.998643,16.89778,0.12152641,0.63498107,-27.998643,-16.89778,-0.12152641,-0.63498107,4.0112518,1.35,INFEASIBLE,0,470.8732,450.82623,0.014626846,3.8291148,15,1.5,0.02,0.04,-0.05,40,40,40
7.015,28.085758,18.501457,0.12234819,-0.10832443,-28.085758,-18.501457,-0.12234819,0.10832443,2.9745096,1.35,INFEASIBLE,0,474.81725,452.53775,0.014701692,3.8291735,15,1.5,0.02,0.04,-0.05,40,40,40
7.02,28.182077,19.64628,0.11951961,-0.87748475,-28.182077,-19.64628,-0.11951961,0.87748475,1.8260597,1.35,INFEASIBLE,0,478.7884,454.46763,0.014773116,3.8330234,15,1.5,0.02,0.04,-0.05,40,40,40
7.025,28.287995,21.746534,0.11305614,-1.5952263,-28.287995,-21.746534,-0.11305614,1.5952263,0.73862393,0.73862393,INFEASIBLE,0,482.78945,456.83219,0.014837025,3.8457471,15,1.5,0.02,0.04,-0.05,40,40,40
7.03,28.397499,21.459291,0.10374901,-2.0665234,-28.397499,-21.459291,-0.10374901,2.0665234,-0.11722836,-0.11722836,INFEASIBLE,0,486.82154,459.1347,0.014890844,3.8670997,15,1.5,0.02,0.04,-0.05,40,40,40
7.035,28.501942,20.816626,0.093559482,-2.0049299,-28.501942,-20.816626,-0.093559482,2.0049299,-0.20129875,-0.20129875,INFEASIBLE,0,490.88334,461.30136,0.014934611,3.8871984,15,1.5,0.02,0.04,-0.05,40,40,40
7.04,28.604434,20.237955,0.083970988,-1.873629,-28.604434,-20.237955,-0.083970988,1.873629,-0.16927176,-0.16927176,INFEASIBLE,0,494.97441,463.34923,0.014969867,3.9047508,15,1.5,0.02,0.04,-0.05,40,40,40
7.045,28.705601,20.022493,0.075060701,-1.7445681,-28.705601,-20.022493,-0.075060701,1.7445681,-0.11592983,-0.11592983,INFEASIBLE,0,499.09447,465.35373,0.014998037,3.9199684,15,1.5,0.02,0.04,-0.05,40,40,40
7.05,28.805611,19.803007,0.066706875,-1.648146,-28.805611,-19.803007,-0.066706875,1.648146,-0.10338337,-0.10338337,INFEASIBLE,0,503.24328,467.31453,0.015020286,3.9335504,15,1.5,0.02,0.04,-0.05,40,40,40
7.055,28.904832,19.732518,0.058787396,-1.5532863,-28.904832,-19.732518,-0.058787396,1.5532863,-0.080721069,-0.080721069,INFEASIBLE,0,507.42073,469.26139,0.015037566,3.9456138,15,1.5,0.02,0.04,-0.05,40,40,40
7.06,29.003386,19.623302,0.051260654,-1.4822387,-29.003386,-19.623302,-0.051260654,1.4822387,-0.08944836,-0.08944836,INFEASIBLE,0,511.62671,471.18676,0.015050704,3.956599,15,1.5,0.02,0.04,-0.05,40,40,40
7.065,29.101303,19.523017,0.044088177,-1.4056845,-29.101303,-19.523017,-0.044088177,1.4056845,-0.084257333,-0.084257333,INFEASIBLE,0,515.86114,473.0925,0.015060423,3.9664788,15,1.5,0.02,0.04,-0.05,40,40,40
7.07,29.198633,19.417785,0.037260039,-1.338729,-29.198633,-19.417785,-0.037260039,1.338729,-0.088508797,-0.088508797,INFEASIBLE,0,520.12394,474.97775,0.015067365,3.9754397,15,1.5,0.02,0.04,-0.05,40,40,40
7.075,29.295035,19.190721,0.030757279,-1.2805145,-29.295035,-19.190721,-0.030757279,1.2805145,-0.105883,-0.105883,INFEASIBLE,0,524.41494,476.81917,0.015072095,3.9836383,15,1.5,0.02,0.04,-0.05,40,40,40
7.08,29.390312,18.897247,0.024604325,-1.2117832,-29.390312,-18.897247,-0.024604325,1.2117832,-0.10491377,-0.10491377,INFEASIBLE,0,528.73389,478.6047,0.015075122,3.9909804,15,1.5,0.02,0.04,-0.05,40,40,40
7.085,29.48489,18.761427,0.018827816,-1.131956,-29.48489,-18.761427,-0.018827816,1.131956,-0.075361856,-0.075361856,INFEASIBLE,0,533.08068,480.36465,0.015076894,3.997387,15,1.5,0.02,0.04,-0.05,40,40,40
7.09,29.578567,18.733808,0.013339746,-1.0702639,-29.578567,-18.733808,-0.013339746,1.0702639,-0.064376058,-0.064376058,INFEASIBLE,0,537.45514,482.11943,0.015077784,4.0031144,15,1.5,0.02,0.04,-0.05,40,40,40
7.095,29.672014,18.613688,0.008118109,-1.0291773,-29.672014,-18.613688,-0.008118109,1.0291773,-0.084006487,-0.084006487,INFEASIBLE,0,541.85728,483.85178,0.015078113,4.0084104,15,1.5,0.02,0.04,-0.05,40,40,40
7.1,29.764785,18.481351,0.003143843,-0.97337118,-29.764785,-18.481351,-0.003143843,0.97337118,-0.078349393,-0.078349393,INFEASIBLE,0,546.287,485.55958,0.015078163,4.0131476,15,1.5,0.02,0.04,-0.05,40,40,40
7.105,29.856832,18.386957,-0.0015765969,-0.92061384,-29.856832,-18.386957,0.0015765969,0.92061384,-0.071954775,-0.071954775,INFEASIBLE,0,550.74415,487.24998,0.015078175,4.0173853,15,1.5,0.02,0.04,-0.05,40,40,40
7.11,29.948317,18.240139,-0.0060534091,-0.87655784,-29.948317,-18.240139,0.0060534091,0.87655784,-0.077065998,-0.077065998,INFEASIBLE,0,555.22866,488.9135,0.015078358,4.0212271,15,1.5,0.02,0.04,-0.05,40,40,40
7.115,30.038825,17.985898,-0.010317513,-0.83911602,-30.038825,-17.985898,0.010317513,0.83911602,-0.093224288,-0.093224288,INFEASIBLE,0,559.74031,490.53096,0.015078891,4.0247476,15,1.5,0.02,0.04,-0.05,40,40,40
7.12,30.128794,18.01328,-0.014308025,-0.77119021,-30.128794,-18.01328,0.014308025,0.77119021,-0.048298607,-0.048298607,INFEASIBLE,0,564.27903,492.15335,0.015079914,4.0277213,15,1.5,0.02,0.04,-0.05,40,40,40
7.125,30.218412,17.890748,-0.018092647,-0.74609564,-30.218412,-17.890748,0.018092647,0.74609564,-0.070534985,-0.070534985,INFEASIBLE,0,568.8448,493.75374,0.015081551,4.0305046,15,1.5,0.02,0.04,-0.05,40,40,40
7.13,30.307526,17.757916,-0.021704306,-0.70757569,-30.307526,-17.757916,0.021704306,0.70757569,-0.070460963,-0.070460963,INFEASIBLE,0,573.43753,495.33046,0.015083906,4.0330079,15,1.5,0.02,0.04,-0.05,40,40,40
7.135,30.396076,17.678488,-0.025121258,-0.66690711,-30.396076,-17.678488,0.025121258,0.66690711,-0.062118503,-0.062118503,INFEASIBLE,0,578.05713,496.89311,0.015087062,4.0352317,15,1.5,0.02,0.04,-0.05,40,40,40
7.14,30.484116,17.55387,-0.028361042,-0.63561848,-30.484116,-17.55387,0.028361042,0.63561848,-0.067006251,-0.067006251,INFEASIBLE,0,582.70354,498.4338,0.015091083,4.0372518,15,1.5,0.02,0.04,-0.05,40,40,40
7.145,30.571529,17.41673,-0.031434051,-0.60209876,-30.571529,-17.41673,0.031434051,0.60209876,-0.066559115,-0.066559115,INFEASIBLE,0,587.37663,499.95051,0.015096024,4.0390644,15,1.5,0.02,0.04,-0.05,40,40,40
7.15,30.658391,17.33964,-0.034338202,-0.5683105,-30.658391,-17.33964,0.034338202,0.5683105,-0.060785375,-0.060785375,INFEASIBLE,0,592.07632,501.45383,0.01510192,4.0406793,15,1.5,0.02,0.04,-0.05,40,40,40
7.155,30.744833,17.201813,-0.037099416,-0.54278069,-30.744833,-17.201813,0.037099416,0.54278069,-0.067693097,-0.067693097,INFEASIBLE,0,596.80254,502.93334,0.015108801,4.0421524,15,1.5,0.02,0.04,-0.05,40,40,40
7.16,30.830789,17.197153,-0.039709929,-0.5069873,-30.830789,-17.197153,0.039709929,0.5069873,-0.051628019,-0.051628019,INFEASIBLE,0,601.55523,504.41205,0.015116686,4.0434375,15,1.5,0.02,0.04,-0.05,40,40,40
7.165,30.916344,17.076482,-0.042194202,-0.48785559,-30.916344,-17.076482,0.042194202,0.48785559,-0.063310253,-0.063310253,INFEASIBLE,0,606.33433,505.87008,0.015125588,4.0446275,15,1.5,0.02,0.04,-0.05,40,40,40
7.17,31.001507,16.975425,-0.044549087,-0.46280071,-31.001507,-16.975425,0.044549087,0.46280071,-0.06339021,-0.06339021,INFEASIBLE,0,611.1398,507.3109,0.015135511,4.0456985,15,1.5,0.02,0.04,-0.05,40,40,40
7.175,31.085995,16.87991,-0.046781821,-0.43270674,-31.085995,-16.87991,0.046781821,0.43270674,-0.053871112,-0.053871112,INFEASIBLE,0,615.97149,508.73556,0.015146453,4.0466346,15,1.5,0.02,0.04,-0.05,40,40,40
7.18,31.170215,16.791818,-0.048897994,-0.41655497,-31.170215,-16.791818,0.048897994,0.41655497,-0.063225352,-0.063225352,INFEASIBLE,0,620.8294,510.14539,0.015158408,4.0475022,15,1.5,0.02,0.04,-0.05,40,40,40
7.185,31.25399,16.736823,-0.050897682,-0.390126,-31.25399,-16.736823,0.050897682,0.390126,-0.054101502,-0.054101502,INFEASIBLE,0,625.71346,511.54599,0.015171361,4.0482632,15,1.5,0.02,0.04,-0.05,40,40,40
7.19,31.33729,16.616075,-0.052786687,-0.36961629,-31.33729,-16.616075,0.052786687,0.36961629,-0.054835935,-0.054835935,INFEASIBLE,0,630.62359,512.92646,0.015185293,4.0489463,15,1.5,0.02,0.04,-0.05,40,40,40
7.195,31.420287,16.58622,-0.05458864,-0.35329523,-31.420287,-16.58622,0.05458864,0.35329523,-0.056917912,-0.056917912,INFEASIBLE,0,635.55977,514.30198,0.015200193,4.0495704,15,1.5,0.02,0.04,-0.05,40,40,40
7.2,31.502922,16.502855,-0.056285652,-0.3324483,-31.502922,-16.502855,0.056285652,0.3324483,-0.052784576,-0.052784576,INFEASIBLE,0,640.52194,515.6637,0.015216033,4.050123,15,1.5,0.02,0.04,-0.05,40,40,40
7.205,31.58506,16.444981,-0.057895145,-0.31313474,-31.58506,-16.444981,0.057895145,0.31313474,-0.048628823,-0.048628823,INFEASIBLE,0,645.51002,517.01588,0.015232793,4.0506133,15,1.5,0.02,0.04,-0.05,40,40,40
7.21,31.666908,16.343077,-0.059432469,-0.30105824,-31.666908,-16.343077,0.059432469,0.30105824,-0.056013143,-0.056013143,INFEASIBLE,0,650.52398,518.35137,0.015250454,4.0510665,15,1.5,0.02,0.04,-0.05,40,40,40
7.215,31.748397,16.253106,-0.060883688,-0.28361004,-31.748397,-16.253106,0.060883688,0.28361004,-0.053578214,-0.053578214,INFEASIBLE,0,655.56378,519.67218,0.015268988,4.0514686,15,1.5,0.02,0.04,-0.05,40,40,40
7.22,31.829396,16.181058,-0.062248828,-0.26826652,-31.829396,-16.181058,0.062248828,0.26826652,-0.052301972,-0.052301972,INFEASIBLE,0,660.62934,520.98132,0.015288362,4.0518285,15,1.5,0.02,0.04,-0.05,40,40,40
7.225,31.910096,16.097125,-0.063534845,-0.2510413,-31.910096,-16.097125,0.063534845,0.2510413,-0.047497686,-1.3418448,OK,0,665.72061,522.2769,0.015308546,4.0521436,15,1.5,0.02,0.04,-0.05,40,40,40
7.23,31.976511,11.443079,-0.063074977,0.32495172,-31.976511,-11.443079,0.063074977,-0.32495172,0.6385563,-0.71182729,OK,0,670.83309,522.93162,0.015328438,4.0526715,15,1.5,0.02,0.04,-0.05,40,40,40
7.235,32.039279,12.340192,-0.059717044,0.84164628,-32.039279,-12.340192,0.059717044,-0.84164628,1.501107,-0.83222278,OK,0,675.96567,523.69303,0.015346269,4.0562134,15,1.5,0.02,0.04,-0.05,40,40,40
7.24,32.0953,10.790473,-0.054240767,1.2839048,-32.0953,-10.790473,0.054240767,-1.2839048,2.1857706,-0.62097948,OK,0,681.11621,524.2752,0.015360979,4.0644554,15,1.5,0.02,0.04,-0.05,40,40,40
7.245,32.149443,10.444689,-0.046591021,1.6655252,-32.149443,-10.444689,0.046591021,-1.6655252,2.8601988,-0.57220353,OK,0,686.28415,524.82065,0.015371833,4.0783253,15,1.5,0.02,0.04,-0.05,40,40,40
7.25,32.200869,9.8103208,-0.037192427,1.9990603,-32.200869,-9.8103208,0.037192427,-1.9990603,3.4771342,-0.48415536,OK,0,691.46863,525.30187,0.015378749,4.0983065,15,1.5,0.02,0.04,-0.05,40,40,40
7.255,32.248748,9.5112798,-0.026315645,2.2974666,-32.248748,-9.5112798,0.026315645,-2.2974666,4.0768913,-0.44131124,OK,0,696.66853,525.75419,0.015382212,4.1246983,15,1.5,0.02,0.04,-0.05,40,40,40
7.26,32.294885,8.9762682,-0.014045093,2.5542048,-32.294885,-8.9762682,0.014045093,-2.5542048,4.6255792,-0.36650509,OK,0,701.88333,526.15706,0.015383198,4.1573181,15,1.5,0.02,0.04,-0.05,40,40,40
7.265,32.337515,8.3788765,-0.00067976871,2.7616162,-32.337515,-8.3788765,0.00067976871,-2.7616162,5.1141331,-0.28327671,OK,0,707.11191,526.50808,0.0153832,4.1954507,15,1.5,0.02,0.04,-0.05,40,40,40
7.27,32.378226,7.8696813,0.01363846,2.9247358,-32.378226,-7.8696813,-0.01363846,-2.9247358,5.5540324,-0.21196601,OK,0,712.35365,526.81774,0.01538413,4.2382211,15,1.5,0.02,0.04,-0.05,40,40,40
7.275,32.417442,7.7211409,0.0286889,3.062976,-32.417442,-7.7211409,-0.0286889,-3.062976,5.981992,-0.1894006,OK,0,717.60811,527.11582,0.015388246,4.2851302,15,1.5,0.02,0.04,-0.05,40,40,40
7.28,32.455173,7.4386264,0.044368337,3.1819822,-32.455173,-7.4386264,-0.044368337,-3.1819822,6.3851469,-0.14873896,OK,0,722.8748,527.39249,0.015398088,4.3357553,15,1.5,0.02,0.04,-0.05,40,40,40
7.285,32.491591,7.1894842,0.060611127,3.2884509,-32.491591,-7.1894842,-0.060611127,-3.2884509,6.7792545,-0.11258903,OK,0,728.15332,527.65093,0.015416457,4.3898248,15,1.5,0.02,0.04,-0.05,40,40,40
7.29,32.527027,7.0023303,0.077304068,3.379842,-32.527027,-7.0023303,-0.077304068,-3.379842,7.1599578,-0.084821165,OK,0,733.44335,527.8961,0.015446336,4.4469415,15,1.5,0.02,0.04,-0.05,40,40,40
7.295,32.561632,6.8701019,0.094401551,3.4457828,-32.561632,-6.8701019,-0.094401551,-3.4457828,7.5107343,1.35,INFEASIBLE,0,738.74465,528.13209,0.015490895,4.5063086,15,1.5,0.02,0.04,-0.05,40,40,40
7.3,32.60616,10.365964,0.10973904,2.815143,-32.60616,-10.365964,-0.10973904,-2.815143,6.9355618,1.35,INFEASIBLE,0,744.06046,528.66935,0.015551108,4.5459337,15,1.5,0.02,0.04,-0.05,40,40,40
7.305,32.663728,12.864905,0.12164005,2.122767,-32.663728,-12.864905,-0.12164005,-2.122767,6.1766221,1.35,INFEASIBLE,0,749.39506,529.49688,0.015625089,4.5684644,15,1.5,0.02,0.04,-0.05,40,40,40
7.31,32.733625,15.548299,0.13007823,1.4435352,-32.733625,-15.548299,-0.13007823,-1.4435352,5.3930808,1.35,INFEASIBLE,0,754.75251,530.70563,0.015709691,4.5788834,15,1.5,0.02,0.04,-0.05,40,40,40
7.315,32.810322,15.366935,0.13476212,0.60932849,-32.810322,-15.366935,-0.13476212,-0.60932849,4.2063084,-1.2082769,OK,0,760.13509,531.88634,0.015800495,4.5807398,15,1.5,0.02,0.04,-0.05,40,40,40
7.32,32.872213,10.997415,0.13933865,1.1675898,-32.872213,-10.997415,-0.13933865,-1.1675898,4.9388052,-0.61339872,OK,0,765.53801,532.49106,0.015897572,4.5875561,15,1.5,0.02,0.04,-0.05,40,40,40
7.325,32.925904,10.672676,0.14643807,1.5988081,-32.925904,-10.672676,-0.14643807,-1.5988081,5.6802083,1.35,INFEASIBLE,0,770.95858,533.06059,0.016004792,4.6003371,15,1.5,0.02,0.04,-0.05,40,40,40
7.33,32.993914,15.509453,0.15288929,1.0736646,-32.993914,-15.509453,-0.15288929,-1.0736646,5.1840926,1.35,INFEASIBLE,0,776.40157,534.2633,0.016121668,4.6061008,15,1.5,0.02,0.04,-0.05,40,40,40
7.335,33.07553,17.83171,0.15606099,0.39190118,-33.07553,-17.83171,-0.15606099,-0.39190118,4.3035457,1.35,INFEASIBLE,0,781.87153,535.85315,0.016243443,4.6068688,15,1.5,0.02,0.04,-0.05,40,40,40
7.34,33.1654,18.100858,0.15562012,-0.40576028,-33.1654,-18.100858,-0.15562012,0.40576028,3.1130037,1.35,INFEASIBLE,0,787.37125,537.49136,0.016364531,4.607692,15,1.5,0.02,0.04,-0.05,40,40,40
7.345,33.266516,21.211148,0.15172779,-1.0508658,-33.266516,-21.211148,-0.15172779,1.0508658,2.2133944,1.35,INFEASIBLE,0,792.90455,539.74092,0.016479638,4.6132136,15,1.5,0.02,0.04,-0.05,40,40,40
7.35,33.377124,23.803622,0.14427897,-1.7251139,-33.377124,-23.803622,-0.14427897,1.7251139,1.196201,1.196201,INFEASIBLE,0,798.47471,542.57399,0.01658372,4.6280937,15,1.5,0.02,0.04,-0.05,40,40,40
7.355,33.494472,23.462396,0.13339147,-2.4671256,-33.494472,-23.462396,-0.13339147,2.4671256,-0.091431024,-0.091431024,INFEASIBLE,0,804.08411,545.32641,0.016672686,4.6585272,15,1.5,0.02,0.04,-0.05,40,40,40
7.36,33.607683,22.198778,0.12105394,-2.4441368,-33.607683,-22.198778,-0.12105394,2.4441368,-0.29029132,-0.29029132,INFEASIBLE,0,809.73149,547.79033,0.016745957,4.6883962,15,1.5,0.02,0.04,-0.05,40,40,40
7.365,33.715821,21.431147,0.10932306,-2.271615,-33.715821,-21.431147,-0.10932306,2.271615,-0.23601436,-0.23601436,INFEASIBLE,0,815.41528,550.0868,0.016805714,4.7141974,15,1.5,0.02,0.04,-0.05,40,40,40
7.37,33.822647,21.141198,0.098558363,-2.0897456,-33.822647,-21.141198,-0.098558363,2.0897456,-0.13414217,-0.13414217,INFEASIBLE,0,821.13513,552.32156,0.016854283,4.7360326,15,1.5,0.02,0.04,-0.05,40,40,40
7.375,33.928613,21.020157,0.088503961,-1.9740641,-33.928613,-21.020157,-0.088503961,1.9740641,-0.1141581,-0.1141581,INFEASIBLE,0,826.89089,554.53079,0.016893448,4.7555172,15,1.5,0.02,0.04,-0.05,40,40,40
7.38,34.033422,20.841406,0.078963268,-1.873076,-34.033422,-20.841406,-0.078963268,1.873076,-0.11084031,-0.11084031,INFEASIBLE,0,832.68226,556.70261,0.016924624,4.7730593,15,1.5,0.02,0.04,-0.05,40,40,40
7.385,34.137112,20.721462,0.069882012,-1.7739691,-34.137112,-20.721462,-0.069882012,1.7739691,-0.1011227,-0.1011227,INFEASIBLE,0,838.50897,558.84951,0.016949041,4.7887941,15,1.5,0.02,0.04,-0.05,40,40,40
7.39,34.239989,20.579667,0.061220619,-1.6897462,-34.239989,-20.579667,-0.061220619,1.6897462,-0.1083236,-0.1083236,INFEASIBLE,0,844.37085,560.96712,0.016967781,4.8030703,15,1.5,0.02,0.04,-0.05,40,40,40
7.395,34.342289,20.410302,0.053008382,-1.6080203,-34.342289,-20.410302,-0.053008382,1.6080203,-0.11364687,-0.11364687,INFEASIBLE,0,850.26782,563.05002,0.01698183,4.815999,15,1.5,0.02,0.04,-0.05,40,40,40
7.4,34.443732,20.181395,0.045207549,-1.528375,-34.443732,-20.181395,-0.045207549,1.528375,-0.11831885,-0.11831885,INFEASIBLE,0,856.19967,565.08647,0.016992049,4.8276786,15,1.5,0.02,0.04,-0.05,40,40,40
7.405,34.544101,20.020335,0.037820643,-1.4415265,-34.544101,-20.020335,-0.037820643,1.4415265,-0.1032847,-0.1032847,INFEASIBLE,0,862.16614,567.09054,0.016999201,4.8380686,15,1.5,0.02,0.04,-0.05,40,40,40
7.41,34.643572,19.900849,0.030815761,-1.3649538,-34.643572,-19.900849,-0.030815761,1.3649538,-0.096288892,-0.096288892,INFEASIBLE,0,868.16703,569.07075,0.017003949,4.8473841,15,1.5,0.02,0.04,-0.05,40,40,40
7.415,34.742302,19.744992,0.02417356,-1.2989002,-34.742302,-19.744992,-0.02417356,1.2989002,-0.10110122,-0.10110122,INFEASIBLE,0,874.20217,571.02008,0.017006871,4.8558198,15,1.5,0.02,0.04,-0.05,40,40,40
7.42,34.840266,19.587508,0.017867184,-1.2309422,-34.840266,-19.587508,-0.017867184,1.2309422,-0.098099949,-0.098099949,INFEASIBLE,0,880.27139,572.93843,0.017008467,4.8633959,15,1.5,0.02,0.04,-0.05,40,40,40
7.425,34.937475,19.308538,0.011896379,-1.1732892,-34.937475,-19.308538,-0.011896379,1.1732892,-0.11039704,-0.11039704,INFEASIBLE,0,886.37452,574.80253,0.017009175,4.870279,15,1.5,0.02,0.04,-0.05,40,40,40
7.43,35.033559,19.212215,0.0062356359,-1.1001411,-35.033559,-19.212215,-0.0062356359,1.1001411,-0.087517337,-0.087517337,INFEASIBLE,0,892.51128,576.64807,0.017009369,4.8763305,15,1.5,0.02,0.04,-0.05,40,40,40
7.435,35.129136,19.078223,0.0008999362,-1.0428484,-35.129136,-19.078223,-0.0008999362,1.0428484,-0.085061872,-0.085061872,INFEASIBLE,0,898.68156,578.46797,0.017009373,4.8817682,15,1.5,0.02,0.04,-0.05,40,40,40
7.44,35.223751,18.971443,-0.004184871,-0.98626822,-35.223751,-18.971443,0.004184871,0.98626822,-0.078842634,-0.078842634,INFEASIBLE,0,904.88512,580.26755,0.017009461,4.8866318,15,1.5,0.02,0.04,-0.05,40,40,40
7.445,35.317588,18.631301,-0.0090229396,-0.95521009,-35.317588,-18.631301,0.0090229396,0.95521009,-0.11655542,-0.11655542,INFEASIBLE,0,911.12178,582.00317,0.017009868,4.8911939,15,1.5,0.02,0.04,-0.05,40,40,40
7.45,35.410923,18.577783,-0.013544795,-0.87905769,-35.410923,-18.577783,0.013544795,0.87905769,-0.070428647,-0.070428647,INFEASIBLE,0,917.39145,583.72884,0.017010785,4.8950577,15,1.5,0.02,0.04,-0.05,40,40,40
7.455,35.503665,18.532331,-0.017810427,-0.83563778,-35.503665,-18.532331,0.017810427,0.83563778,-0.069246535,-0.069246535,INFEASIBLE,0,923.694,585.44608,0.017012371,4.8985491,15,1.5,0.02,0.04,-0.05,40,40,40
7.46,35.595873,18.447397,-0.021882939,-0.79593981,-35.595873,-18.447397,0.021882939,0.79593981,-0.07234046,-0.07234046,INFEASIBLE,0,930.02933,587.14761,0.017014766,4.9017167,15,1.5,0.02,0.04,-0.05,40,40,40
7.465,35.687548,18.277291,-0.025755347,-0.75926261,-35.687548,-18.277291,0.025755347,0.75926261,-0.080381508,-0.080381508,INFEASIBLE,0,936.39734,588.81791,0.017018082,4.9045991,15,1.5,0.02,0.04,-0.05,40,40,40
7.47,35.778617,18.1778,-0.029422095,-0.71557232,-35.778617,-18.1778,0.029422095,0.71557232,-0.072005551,-0.072005551,INFEASIBLE,0,942.79788,590.47007,0.01702241,4.9071593,15,1.5,0.02,0.04,-0.05,40,40,40
7.475,35.869067,18.096435,-0.032897108,-0.6779058,-35.869067,-18.096435,0.032897108,0.6779058,-0.069076575,-0.069076575,INFEASIBLE,0,949.23083,592.10747,0.017027822,4.9094571,15,1.5,0.02,0.04,-0.05,40,40,40
7.48,35.958961,17.881324,-0.036201691,-0.65047774,-35.958961,-17.881324,0.036201691,0.65047774,-0.084309805,-0.084309805,INFEASIBLE,0,955.69607,593.70618,0.017034374,4.9115727,15,1.5,0.02,0.04,-0.05,40,40,40
7.485,36.048243,17.797433,-0.039318234,-0.60832963,-36.048243,-17.797433,0.039318234,0.60832963,-0.069405751,-0.069405751,INFEASIBLE,0,962.19345,595.28993,0.017042104,4.913423,15,1.5,0.02,0.04,-0.05,40,40,40
7.49,36.137026,17.761599,-0.042252333,-0.5741377,-36.137026,-17.761599,0.042252333,0.5741377,-0.061787068,-0.061787068,INFEASIBLE,0,968.72287,596.8673,0.01705103,4.9150712,15,1.5,0.02,0.04,-0.05,40,40,40
7.495,36.225321,17.59945,-0.045044304,-0.54799529,-36.225321,-17.59945,0.045044304,0.54799529,-0.069173049,-0.069173049,INFEASIBLE,0,975.28424,598.416,0.017061175,4.9165727,15,1.5,0.02,0.04,-0.05,40,40,40
7.5,36.313085,17.541506,-0.047700897,-0.51596377,-36.313085,-17.541506,0.047700897,0.51596377,-0.061537174,-0.061537174,INFEASIBLE,0,981.87744,599.95452,0.017072552,4.9179038,15,1.5,0.02,0.04,-0.05,40,40,40
7.505,36.400342,17.399246,-0.050221669,-0.49430911,-36.400342,-17.399246,0.050221669,0.49430911,-0.07081204,-0.07081204,INFEASIBLE,0,988.50236,601.46819,0.017085163,4.9191255,15,1.5,0.02,0.04,-0.05,40,40,40
7.51,36.48713,17.254547,-0.052595128,-0.46536381,-36.48713,-17.254547,0.052595128,0.46536381,-0.06704816,-0.06704816,INFEASIBLE,0,995.15892,602.95679,0.017098994,4.9202083,15,1.5,0.02,0.04,-0.05,40,40,40
7.515,36.573337,17.268163,-0.05483329,-0.43560372,-36.573337,-17.268163,0.05483329,0.43560372,-0.053711677,-0.053711677,INFEASIBLE,0,1001.847,604.44774,0.017114028,4.9211571,15,1.5,0.02,0.04,-0.05,40,40,40
7.52,36.659163,17.081894,-0.05696637,-0.41991866,-36.659163,-17.081894,0.05696637,0.41991866,-0.067914517,-0.067914517,INFEASIBLE,0,1008.5664,605.90669,0.017130254,4.9220387,15,1.5,0.02,0.04,-0.05,40,40,40
7.525,36.744702,17.036603,-0.058972487,-0.39580309,-36.744702,-17.036603,0.058972487,0.39580309,-0.061933806,-0.061933806,INFEASIBLE,0,1015.3173,607.35792,0.017147643,4.922822,15,1.5,0.02,0.04,-0.05,40,40,40
7.53,36.82963,16.935184,-0.060878187,-0.37460569,-36.82963,-16.935184,0.060878187,0.37460569,-0.061081372,-0.061081372,INFEASIBLE,0,1022.0994,608.79192,0.017166173,4.9235237,15,1.5,0.02,0.04,-0.05,40,40,40
7.535,36.91405,16.863423,-0.062681988,-0.34995245,-36.91405,-16.863423,0.062681988,0.34995245,-0.052340557,-0.052340557,INFEASIBLE,0,1028.9126,610.2138,0.017185818,4.924136,15,1.5,0.02,0.04,-0.05,40,40,40
7.54,36.998202,16.847546,-0.064393567,-0.33995624,-36.998202,-16.847546,0.064393567,0.33995624,-0.061971959,-0.061971959,INFEASIBLE,0,1035.757,611.633,0.017206551,4.9247139,15,1.5,0.02,0.04,-0.05,40,40,40
7.545,37.081878,16.660081,-0.066031477,-0.31938692,-37.081878,-16.660081,0.066031477,0.31938692,-0.061511721,-0.061511721,INFEASIBLE,0,1042.6323,613.02079,0.017228352,4.9252239,15,1.5,0.02,0.04,-0.05,40,40,40
7.55,37.165221,16.678544,-0.067570463,-0.29909575,-37.165221,-16.678544,0.067570463,0.29909575,-0.051754382,-0.051754382,INFEASIBLE,0,1049.5386,614.41166,0.017251181,4.9256712,15,1.5,0.02,0.04,-0.05,40,40,40
7.555,37.248161,16.527528,-0.069035845,-0.28904449,-37.248161,-16.527528,0.069035845,0.28904449,-0.06304009,-0.06304009,INFEASIBLE,0,1056.4757,615.77745,0.01727501,4.9260889,15,1.5,0.02,0.04,-0.05,40,40,40
7.56,37.330811,16.47339,-0.070425897,-0.27264527,-37.330811,-16.47339,0.070425897,0.27264527,-0.059804533,-0.059804533,INFEASIBLE,0,1063.4436,617.13432,0.017299809,4.9264606,15,1.5,0.02,0.04,-0.05,40,40,40
7.565,37.412905,16.366157,-0.071712294,-0.24719212,-37.412905,-16.366157,0.071712294,0.24719212,-0.043568212,-0.043568212,INFEASIBLE,0,1070.4423,618.47357,0.017325523,4.9267661,15,1.5,0.02,0.04,-0.05,40,40,40
7.57,37.494815,16.351827,-0.072964008,-0.24716344,-37.494815,-16.351827,0.072964008,0.24716344,-0.061235922,-0.061235922,INFEASIBLE,0,1077.4716,619.81048,0.017352141,4.9270716,15,1.5,0.02,0.04,-0.05,40,40,40
7.575,37.576266,16.255605,-0.074144495,-0.22767857,-37.576266,-16.255605,0.074144495,0.22767857,-0.051935763,-0.051935763,INFEASIBLE,0,1084.5315,621.13171,0.017379629,4.9273308,15,1.5,0.02,0.04,-0.05,40,40,40
7.58,37.657381,16.193153,-0.075262203,-0.22089681,-37.657381,-16.193153,0.075262203,0.22089681,-0.059404525,-0.059404525,INFEASIBLE,0,1091.6219,622.4428,0.017407951,4.9275747,15,1.5,0.02,0.04,-0.05,40,40,40
7.585,37.73808,16.108405,-0.0763106,-0.20044733,-37.73808,-16.108405,0.0763106,0.20044733,-0.046232215,-1.3470973,OK,0,1098.7427,623.7402,0.017437067,4.9277756,15,1.5,0.02,0.04,-0.05,40,40,40
7.59,37.808353,13.149585,-0.075377596,0.47761789,-37.808353,-13.149585,0.075377596,-0.47761789,0.86791337,-0.9460249,OK,0,1105.89,624.60476,0.017465476,4.9289162,15,1.5,0.02,0.04,-0.05,40,40,40
7.595,37.867335,11.511513,-0.071579997,0.98478994,-37.867335,-11.511513,0.071579997,-0.98478994,1.6212922,-0.72296166,OK,0,1113.0597,625.26734,0.017491094,4.9337653,15,1.5,0.02,0.04,-0.05,40,40,40
7.6,37.923472,10.972838,-0.065349783,1.4168352,-37.923472,-10.972838,0.065349783,-1.4168352,2.3423889,-0.64818959,OK,0,1120.2506,625.86935,0.017512447,4.9438024,15,1.5,0.02,0.04,-0.05,40,40,40
7.605,37.976489,10.128932,-0.057138442,1.7789725,-37.976489,-10.128932,0.057138442,-1.7789725,2.9760693,-0.53176584,OK,0,1127.4617,626.38233,0.017528771,4.9596261,15,1.5,0.02,0.04,-0.05,40,40,40
7.61,38.027374,10.10885,-0.047206583,2.1189349,-38.027374,-10.10885,0.047206583,-2.1189349,3.6352051,-0.52655896,OK,0,1134.6921,626.89327,0.017539914,4.9820755,15,1.5,0.02,0.04,-0.05,40,40,40
7.615,38.075835,9.400532,-0.035723954,2.4148764,-38.075835,-9.400532,0.035723954,-2.4148764,4.2239933,-0.42815362,OK,0,1141.941,627.33512,0.017546295,5.0112337,15,1.5,0.02,0.04,-0.05,40,40,40
7.62,38.12115,8.8193889,-0.022921706,2.6568366,-38.12115,-8.8193889,0.022921706,-2.6568366,4.7566279,-0.34694544,OK,0,1149.2071,627.72403,0.017548922,5.0465276,15,1.5,0.02,0.04,-0.05,40,40,40
7.625,38.163761,8.3198436,-0.0090483419,2.8545919,-38.163761,-8.3198436,0.0090483419,-2.8545919,5.2422316,-0.27680023,OK,0,1156.4894,628.07013,0.017549331,5.0872711,15,1.5,0.02,0.04,-0.05,40,40,40
7.63,38.204157,7.92289,0.0057002753,3.0127882,-38.204157,-7.92289,-0.0057002753,-3.0127882,5.6856852,-0.2205551,OK,0,1163.7872,628.38399,0.017549494,5.1326555,15,1.5,0.02,0.04,-0.05,40,40,40
7.635,38.242774,7.5920598,0.021166656,3.1462194,-38.242774,-7.5920598,-0.021166656,-3.1462194,6.1053668,-0.17327282,OK,0,1171.0998,628.67219,0.017551734,5.182149,15,1.5,0.02,0.04,-0.05,40,40,40
7.64,38.279987,7.332255,0.037222327,3.2578954,-38.279987,-7.332255,-0.037222327,-3.2578954,6.504068,-0.13560796,OK,0,1178.4266,628.941,0.017558661,5.2352184,15,1.5,0.02,0.04,-0.05,40,40,40
7.645,38.316054,7.1376633,0.05376912,3.3433967,-38.316054,-7.1376633,-0.05376912,-3.3433967,6.8734594,-0.1067562,OK,0,1185.7672,629.19573,0.017573117,5.2911099,15,1.5,0.02,0.04,-0.05,40,40,40
7.65,38.351142,6.9517447,0.070763953,3.4289896,-38.351142,-6.9517447,-0.070763953,-3.4289896,7.2500363,-0.079095574,OK,0,1193.1212,629.43736,0.017598155,5.3498998,15,1.5,0.02,0.04,-0.05,40,40,40
7.655,38.385513,6.8103286,0.08811374,3.5033632,-38.385513,-6.8103286,-0.08811374,-3.5033632,7.6168743,1.35,INFEASIBLE,0,1200.4885,629.66926,0.017636975,5.4112675,15,1.5,0.02,0.04,-0.05,40,40,40
7.66,38.431078,10.30789,0.10375011,2.858015,-38.431078,-10.30789,-0.10375011,-2.858015,7.0242114,1.35,INFEASIBLE,0,1207.8732,630.20053,0.017690795,5.4521088,15,1.5,0.02,0.04,-0.05,40,40,40
7.665,38.48564,10.563204,0.11570081,2.0373764,-38.48564,-10.563204,-0.11570081,-2.0373764,5.9838177,1.35,INFEASIBLE,0,1215.2789,630.75843,0.017757728,5.4728633,15,1.5,0.02,0.04,-0.05,40,40,40
7.67,38.55254,12.681302,0.12418091,1.3212599,-38.55254,-12.681302,-0.12418091,-1.3212599,5.1229064,-0.84460342,OK,0,1222.7104,631.56251,0.017834833,5.4815919,15,1.5,0.02,0.04,-0.05,40,40,40
7.675,38.608104,10.675671,0.13204718,1.7929184,-38.608104,-10.675671,-0.13204718,-1.7929184,5.8692742,1.35,INFEASIBLE,0,1230.1633,632.13236,0.017922015,5.4976647,15,1.5,0.02,0.04,-0.05,40,40,40
7.68,38.673805,14.608876,0.13926064,1.2015426,-38.673805,-14.608876,-0.13926064,-1.2015426,5.2490546,1.35,INFEASIBLE,0,1237.6417,633.19946,0.018018983,5.5048833,15,1.5,0.02,0.04,-0.05,40,40,40
7.685,38.756153,18.319304,0.14331785,0.58443185,-38.756153,-18.319304,-0.14331785,-0.58443185,4.5343107,1.35,INFEASIBLE,0,1245.1518,634.87744,0.018121683,5.5065911,15,1.5,0.02,0.04,-0.05,40,40,40
7.69,38.84213,18.144144,0.14346024,-0.24622115,-38.84213,-18.144144,-0.14346024,0.24622115,3.2851802,1.35,INFEASIBLE,0,1252.6954,636.52349,0.018224587,5.5068942,15,1.5,0.02,0.04,-0.05,40,40,40
7.695,38.938851,19.299974,0.14009357,-1.0064184,-38.938851,-19.299974,-0.14009357,1.0064184,2.1425519,1.35,INFEASIBLE,0,1260.2766,638.38594,0.018322718,5.5119586,15,1.5,0.02,0.04,-0.05,40,40,40
7.7,39.045094,20.876344,0.1331301,-1.7444698,-39.045094,-20.876344,-0.1331301,1.7444698,0.99620256,0.99620256,INFEASIBLE,0,1267.8992,640.56504,0.018411336,5.5271744,15,1.5,0.02,0.04,-0.05,40,40,40
7.705,39.155668,22.647954,0.12293576,-2.2494164,-39.155668,-22.647954,-0.12293576,2.2494164,0.15894329,0.15894329,INFEASIBLE,0,1275.565,643.12969,0.018486902,5.5524738,15,1.5,0.02,0.04,-0.05,40,40,40
7.71,39.266478,22.008189,0.1113278,-2.3531413,-39.266478,-22.008189,-0.1113278,2.3531413,-0.19413779,-0.19413779,INFEASIBLE,0,1283.2743,645.5515,0.018548872,5.5801602,15,1.5,0.02,0.04,-0.05,40,40,40
7.715,39.374953,21.556568,0.099958225,-2.2093384,-39.374953,-21.556568,-0.099958225,2.2093384,-0.16487238,-0.16487238,INFEASIBLE,0,1291.0262,647.87492,0.01859883,5.6045661,15,1.5,0.02,0.04,-0.05,40,40,40
7.72,39.481477,21.333959,0.089227811,-2.0819342,-39.481477,-21.333959,-0.089227811,2.0819342,-0.14149626,-0.14149626,INFEASIBLE,0,1298.8202,650.15061,0.018638638,5.6262383,15,1.5,0.02,0.04,-0.05,40,40,40
7.725,39.587142,21.057038,0.079110346,-1.9759917,-39.587142,-21.057038,-0.079110346,1.9759917,-0.14330797,-0.14330797,INFEASIBLE,0,1306.6559,652.36761,0.01866993,5.645761,15,1.5,0.02,0.04,-0.05,40,40,40
7.73,39.691484,20.720435,0.069537744,-1.875954,-39.691484,-20.720435,-0.069537744,1.875954,-0.14821779,-0.14821779,INFEASIBLE,0,1314.5329,654.51429,0.018694108,5.663357,15,1.5,0.02,0.04,-0.05,40,40,40
7.735,39.794781,20.463286,0.060520298,-1.767965,-39.794781,-20.463286,-0.060520298,1.767965,-0.12971607,-0.12971607,INFEASIBLE,0,1322.4511,656.60802,0.018712421,5.6789855,15,1.5,0.02,0.04,-0.05,40,40,40
7.74,39.897189,20.396591,0.052018202,-1.665409,-39.897189,-20.396591,-0.052018202,1.665409,-0.10403296,-0.10403296,INFEASIBLE,0,1330.41,658.68812,0.018725951,5.6928535,15,1.5,0.02,0.04,-0.05,40,40,40
7.745,39.998194,20.079507,0.043929449,-1.5942689,-39.998194,-20.079507,-0.043929449,1.5942689,-0.12931745,-0.12931745,INFEASIBLE,0,1338.4093,660.70406,0.0187356,5.7055619,15,1.5,0.02,0.04,-0.05,40,40,40
7.75,40.098053,19.808735,0.036269942,-1.4997907,-40.098053,-19.808735,-0.036269942,1.4997907,-0.11132645,-0.11132645,INFEASIBLE,0,1346.4485,662.66599,0.018742177,5.7168088,15,1.5,0.02,0.04,-0.05,40,40,40
7.755,40.197113,19.868256,0.029035097,-1.4070176,-40.197113,-19.868256,-0.029035097,1.4070176,-0.076327423,-0.076327423,INFEASIBLE,0,1354.5276,664.63972,0.018746392,5.7267073,15,1.5,0.02,0.04,-0.05,40,40,40
7.76,40.295591,19.565525,0.022144765,-1.362305,-40.295591,-19.565525,-0.022144765,1.362305,-0.12275319,-0.12275319,INFEASIBLE,0,1362.6462,666.55377,0.018748844,5.7359867,15,1.5,0.02,0.04,-0.05,40,40,40
7.765,40.393072,19.523325,0.015593599,-1.2656298,-40.393072,-19.523325,-0.015593599,1.2656298,-0.075746185,-0.075746185,INFEASIBLE,0,1370.8042,668.45957,0.01875006,5.7439958,15,1.5,0.02,0.04,-0.05,40,40,40
7.77,40.489631,19.257537,0.0093482996,-1.2315232,-40.489631,-19.257537,-0.0093482996,1.2315232,-0.12696627,-0.12696627,INFEASIBLE,0,1379.0013,670.31384,0.018750497,5.751579,15,1.5,0.02,0.04,-0.05,40,40,40
7.775,40.585398,19.003007,0.0034463089,-1.1552999,-40.585398,-19.003007,-0.0034463089,1.1552999,-0.10942701,-0.10942701,INFEASIBLE,0,1387.2372,672.11941,0.018750556,5.7582526,15,1.5,0.02,0.04,-0.05,40,40,40
7.78,40.68055,18.987878,-0.0020723559,-1.0767096,-40.68055,-18.987878,0.0020723559,1.0767096,-0.073023572,-0.073023572,INFEASIBLE,0,1395.5117,673.92211,0.018750578,5.7640491,15,1.5,0.02,0.04,-0.05,40,40,40
7.785,40.775233,18.899342,-0.0073232685,-1.0317038,-40.775233,-18.899342,0.0073232685,1.0317038,-0.085926338,-0.085926338,INFEASIBLE,0,1403.8248,675.70803,0.018750846,5.7693712,15,1.5,0.02,0.04,-0.05,40,40,40
7.79,40.869163,18.712533,-0.012343538,-0.98574848,-40.869163,-18.712533,0.012343538,0.98574848,-0.097891218,-0.097891218,INFEASIBLE,0,1412.1762,677.45883,0.018751608,5.7742297,15,1.5,0.02,0.04,-0.05,40,40,40
7.795,40.962386,18.532231,-0.017101997,-0.93261106,-40.962386,-18.532231,0.017101997,0.93261106,-0.094909558,-0.094909558,INFEASIBLE,0,1420.5658,679.17605,0.01875307,5.7785785,15,1.5,0.02,0.04,-0.05,40,40,40
7.8,41.054877,18.500012,-0.021589745,-0.87292417,-41.054877,-18.500012,0.021589745,0.87292417,-0.072134416,-0.072134416,INFEASIBLE,0,1428.9933,680.8873,0.018755401,5.7823885,15,1.5,0.02,0.04,-0.05,40,40,40
7.805,41.146828,18.336937,-0.025856214,-0.83962712,-41.146828,-18.336937,0.025856214,0.83962712,-0.09086985,-0.09086985,INFEASIBLE,0,1437.4587,682.56851,0.018758744,5.7859134,15,1.5,0.02,0.04,-0.05,40,40,40
7.81,41.238207,18.225219,-0.02990844,-0.79202325,-41.238207,-18.225219,0.02990844,0.79202325,-0.082888566,-0.082888566,INFEASIBLE,0,1445.9616,684.22931,0.018763216,5.7890499,15,1.5,0.02,0.04,-0.05,40,40,40
7.815,41.328911,18.141188,-0.033748562,-0.7482929,-41.328911,-18.141188,0.033748562,0.7482929,-0.076442038,-0.076442038,INFEASIBLE,0,1454.502,685.87482,0.018768911,5.7918496,15,1.5,0.02,0.04,-0.05,40,40,40
7.82,41.41898,17.910539,-0.037399267,-0.71825387,-41.41898,-17.910539,0.037399267,0.71825387,-0.093568643,-0.093568643,INFEASIBLE,0,1463.0797,687.47876,0.018775904,5.794429,15,1.5,0.02,0.04,-0.05,40,40,40
7.825,41.508399,17.775695,-0.040840179,-0.67352187,-41.508399,-17.775695,0.040840179,0.67352187,-0.081689687,-0.081689687,INFEASIBLE,0,1471.6944,689.05863,0.018784244,5.7966972,15,1.5,0.02,0.04,-0.05,40,40,40
7.83,41.597233,17.736,-0.044070497,-0.63136791,-41.597233,-17.736,0.044070497,0.63136791,-0.06672465,-0.06672465,INFEASIBLE,0,1480.346,690.63146,0.018793955,5.7986903,15,1.5,0.02,0.04,-0.05,40,40,40
7.835,41.685227,17.612425,-0.047154971,-0.60364483,-41.685227,-17.612425,0.047154971,0.60364483,-0.074590258,-0.074590258,INFEASIBLE,0,1489.0343,692.18245,0.018805073,5.8005122,15,1.5,0.02,0.04,-0.05,40,40,40
7.84,41.772991,17.466697,-0.050066168,-0.57162686,-41.772991,-17.466697,0.050066168,0.57162686,-0.07430512,-0.07430512,INFEASIBLE,0,1497.7592,693.70788,0.018817606,5.802146,15,1.5,0.02,0.04,-0.05,40,40,40
7.845,41.860235,17.417706,-0.0528162,-0.53769291,-41.860235,-17.417706,0.0528162,0.53769291,-0.064869434,-0.064869434,INFEASIBLE,0,1506.5206,695.22476,0.018831554,5.8035916,15,1.5,0.02,0.04,-0.05,40,40,40
7.85,41.946791,17.264868,-0.055428891,-0.51029212,-41.946791,-17.264868,0.055428891,0.51029212,-0.067341013,-0.067341013,INFEASIBLE,0,1515.3183,696.71514,0.018846916,5.8048936,15,1.5,0.02,0.04,-0.05,40,40,40
7.855,42.032963,17.225108,-0.057918876,-0.48567834,-42.032963,-17.225108,0.057918876,0.48567834,-0.06763704,-0.06763704,INFEASIBLE,0,1524.1522,698.19866,0.018863689,5.806073,15,1.5,0.02,0.04,-0.05,40,40,40
7.86,42.118664,17.109846,-0.060282983,-0.46444195,-42.118664,-17.109846,0.060282983,0.46444195,-0.074140552,-0.074140552,INFEASIBLE,0,1533.0221,699.66239,0.018881859,5.8071515,15,1.5,0.02,0.04,-0.05,40,40,40
7.865,42.203856,16.966437,-0.06252432,-0.43784435,-42.203856,-16.966437,0.06252432,0.43784435,-0.071896724,-0.071896724,INFEASIBLE,0,1541.9279,701.10169,0.018901405,5.8081101,15,1.5,0.02,0.04,-0.05,40,40,40
7.87,42.288627,16.952897,-0.064617641,-0.41166015,-42.288627,-16.952897,0.064617641,0.41166015,-0.06286641,-0.06286641,INFEASIBLE,0,1550.8695,702.5387,0.018922283,5.8089574,15,1.5,0.02,0.04,-0.05,40,40,40
7.875,42.372707,16.787098,-0.066617927,-0.38885308,-42.372707,-16.787098,0.066617927,0.38885308,-0.063610465,-0.063610465,INFEASIBLE,0,1559.8468,703.94773,0.018944472,5.8097134,15,1.5,0.02,0.04,-0.05,40,40,40
7.88,42.456592,16.760224,-0.068506941,-0.37344012,-42.456592,-16.760224,0.068506941,0.37344012,-0.068223508,-0.068223508,INFEASIBLE,0,1568.8596,705.35226,0.018967938,5.8104107,15,1.5,0.02,0.04,-0.05,40,40,40
7.885,42.539931,16.633377,-0.070302636,-0.35002916,-42.539931,-16.633377,0.070302636,0.35002916,-0.063449599,-0.063449599,INFEASIBLE,0,1577.9078,706.7356,0.018992651,5.8110233,15,1.5,0.02,0.04,-0.05,40,40,40
7.89,42.622845,16.581523,-0.071989795,-0.332629,-42.622845,-16.581523,0.071989795,0.332629,-0.063072596,-0.063072596,INFEASIBLE,0,1586.9913,708.11034,0.019018563,5.8115765,15,1.5,0.02,0.04,-0.05,40,40,40
7.895,42.705344,16.472955,-0.073594387,-0.31622202,-42.705344,-16.472955,0.073594387,0.31622202,-0.06522375,-0.06522375,INFEASIBLE,0,1596.1101,709.46713,0.019045644,5.8120765,15,1.5,0.02,0.04,-0.05,40,40,40
7.9,42.787461,16.373437,-0.075105577,-0.29345107,-42.787461,-16.373437,0.075105577,0.29345107,-0.056073555,-0.056073555,INFEASIBLE,0,1605.2639,710.80758,0.019073848,5.8125071,15,1.5,0.02,0.04,-0.05,40,40,40
7.905,42.869109,16.317258,-0.076547699,-0.28419455,-42.869109,-16.317258,0.076547699,0.28419455,-0.064434791,-0.064434791,INFEASIBLE,0,1614.4527,712.13884,0.019103146,5.8129109,15,1.5,0.02,0.04,-0.05,40,40,40
7.91,42.950471,16.246021,-0.07791049,-0.26248357,-42.950471,-16.246021,0.07791049,0.26248357,-0.053532467,-0.053532467,INFEASIBLE,0,1623.6764,713.45851,0.019133496,5.8132554,15,1.5,0.02,0.04,-0.05,40,40,40
7.915,43.031371,16.14526,-0.079211627,-0.25786482,-43.031371,-16.14526,0.079211627,0.25786482,-0.06853383,-0.06853383,INFEASIBLE,0,1632.9349,714.76185,0.019164869,5.8135879,15,1.5,0.02,0.04,-0.05,40,40,40
7.92,43.111925,16.035278,-0.080436754,-0.23953974,-43.111925,-16.035278,0.080436754,0.23953974,-0.062211303,-1.338422,OK,0,1642.2281,716.0475,0.019197219,5.8138748,15,1.5,0.02,0.04,-0.05,40,40,40
7.925,43.181464,12.803735,-0.079714295,0.41819968,-43.181464,-12.803735,0.079714295,-0.41819968,0.80736376,-0.90037065,OK,0,1651.5513,716.86718,0.019228991,5.8147492,15,1.5,0.02,0.04,-0.05,40,40,40
7.93,43.24206,11.859658,-0.076091664,0.93922599,-43.24206,-11.859658,0.076091664,-0.93922599,1.6066915,-0.77128416,OK,0,1660.9007,717.57044,0.01925794,5.8191599,15,1.5,0.02,0.04,-0.05,40,40,40
7.935,43.29916,10.683721,-0.070043829,1.3603382,-43.29916,-10.683721,0.070043829,-1.3603382,2.2831819,-0.61022297,OK,0,1670.2748,718.14115,0.019282471,5.8284125,15,1.5,0.02,0.04,-0.05,40,40,40
7.94,43.352986,10.313128,-0.062047123,1.7277882,-43.352986,-10.313128,0.062047123,-1.7277882,2.9405604,-0.55785011,OK,0,1679.6722,718.67295,0.01930172,5.8433388,15,1.5,0.02,0.04,-0.05,40,40,40
7.945,43.403118,9.6709807,-0.05242756,2.0441398,-43.403118,-9.6709807,0.05242756,-2.0441398,3.5346979,-0.46852732,OK,0,1689.0913,719.14059,0.019315464,5.8642313,15,1.5,0.02,0.04,-0.05,40,40,40
7.95,43.450738,9.2031417,-0.041349643,2.3158634,-43.450738,-9.2031417,0.041349643,-2.3158634,4.0906908,-0.40268689,OK,0,1698.5312,719.56408,0.019324013,5.8910475,15,1.5,0.02,0.04,-0.05,40,40,40
7.955,43.495809,8.7564705,-0.029051377,2.547045,-43.495809,-8.7564705,0.029051377,-2.547045,4.6049718,-0.33968317,OK,0,1707.9906,719.94746,0.019328233,5.9234846,15,1.5,0.02,0.04,-0.05,40,40,40
7.96,43.538646,8.4406521,-0.015708627,2.7495112,-43.538646,-8.4406521,0.015708627,-2.7495112,5.0970365,-0.29437226,OK,0,1717.4687,720.30368,0.019329466,5.9612837,15,1.5,0.02,0.04,-0.05,40,40,40
7.965,43.579086,7.924322,-0.0014822765,2.9144389,-43.579086,-7.924322,0.0014822765,-2.9144389,5.5379787,-0.22200007,OK,0,1726.9643,720.61766,0.019329477,6.0037535,15,1.5,0.02,0.04,-0.05,40,40,40
7.97,43.618028,7.674467,0.013503253,3.0500698,-43.618028,-7.674467,-0.013503253,-3.0500698,5.9569928,-0.18565702,OK,0,1736.477,720.91214,0.019330389,6.0502681,15,1.5,0.02,0.04,-0.05,40,40,40
7.975,43.655464,7.3543696,0.029096577,3.1645149,-43.655464,-7.3543696,-0.029096577,-3.1645149,6.3505051,-0.13984177,OK,0,1746.006,721.18258,0.019334622,6.1003389,15,1.5,0.02,0.04,-0.05,40,40,40
7.98,43.691783,7.1799586,0.045198875,3.2581514,-43.691783,-7.1799586,-0.045198875,-3.2581514,6.7262442,-0.11372394,OK,0,1755.5509,721.44034,0.019344837,6.1534166,15,1.5,0.02,0.04,-0.05,40,40,40
7.985,43.727142,7.0028209,0.06173628,3.3391581,-43.727142,-7.0028209,-0.06173628,-3.3391581,7.0894371,-0.08724257,OK,0,1765.1112,721.68553,0.019363894,6.2091665,15,1.5,0.02,0.04,-0.05,40,40,40
7.99,43.761676,6.839667,0.078657168,3.4144392,-43.761676,-6.839667,-0.078657168,-3.4144392,7.4503365,-0.06265922,OK,0,1774.6866,721.91944,0.019394828,6.2674585,15,1.5,0.02,0.04,-0.05,40,40,40
7.995,43.795582,6.7319054,0.095909255,3.4767121,-43.795582,-6.7319054,-0.095909255,-3.4767121,7.7988949,1.35,INFEASIBLE,0,1784.2769,722.14603,0.019440821,6.3278961,15,1.5,0.02,0.04,-0.05,40,40,40
8,43.839915,10.566167,0.11140117,2.8605197,-43.839915,-10.566167,-0.11140117,-2.8605197,7.261242,1.35,INFEASIBLE,0,1793.8865,722.70425,0.019502872,6.368809,15,1.5,0.02,0.04,-0.05,40,40,40
8.005,43.896804,12.901068,0.12342895,2.1594159,-43.896804,-12.901068,-0.12342895,-2.1594159,6.4845368,1.35,INFEASIBLE,0,1803.5212,723.53644,0.019579046,6.3921244,15,1.5,0.02,0.04,-0.05,40,40,40
8.01,43.962885,14.089726,0.1318229,1.3974907,-43.962885,-14.089726,-0.1318229,-1.3974907,5.5164263,1.35,INFEASIBLE,0,1813.1849,724.52904,0.019665932,6.4018893,15,1.5,0.02,0.04,-0.05,40,40,40
8.015,44.041506,16.164613,0.13680128,0.69314153,-44.041506,-16.164613,-0.13680128,-0.69314153,4.6191461,1.35,INFEASIBLE,0,1822.8831,725.83551,0.019759505,6.4042915,15,1.5,0.02,0.04,-0.05,40,40,40
8.02,44.129621,18.217395,0.13819584,-0.019456178,-44.129621,-18.217395,-0.13819584,0.019456178,3.6550415,1.35,INFEASIBLE,0,1832.6203,727.49488,0.019854996,6.4042934,15,1.5,0.02,0.04,-0.05,40,40,40
8.025,44.226214,19.714092,0.13592807,-0.7621129,-44.226214,-19.714092,-0.13592807,0.7621129,2.5688396,1.35,INFEASIBLE,0,1842.4001,729.43811,0.019947378,6.4071975,15,1.5,0.02,0.04,-0.05,40,40,40
8.03,44.332764,21.924872,0.13009873,-1.4621966,-44.332764,-21.924872,-0.13009873,1.4621966,1.5218362,1.35,INFEASIBLE,0,1852.227,731.84161,0.020032006,6.4178876,15,1.5,0.02,0.04,-0.05,40,40,40
8.035,44.451126,24.446181,0.12078887,-2.1518276,-44.451126,-24.446181,-0.12078887,2.1518276,0.45096137,0.45096137,INFEASIBLE,0,1862.1065,734.82969,0.020104956,6.4410394,15,1.5,0.02,0.04,-0.05,40,40,40
8.04,44.568481,22.405509,0.10893075,-2.5373956,-44.568481,-22.405509,-0.10893075,2.5373956,-0.3845422,-0.3845422,INFEASIBLE,0,1872.0383,737.33972,0.020164286,6.4732313,15,1.5,0.02,0.04,-0.05,40,40,40
8.045,44.675089,20.543383,0.096751129,-2.3821022,-44.675089,-20.543383,-0.096751129,2.3821022,-0.40664924,-0.40664924,INFEASIBLE,0,1882.0176,739.44988,0.020211089,6.5016033,15,1.5,0.02,0.04,-0.05,40,40,40
8.05,44.779128,20.563068,0.085894249,-2.0715515,-44.779128,-20.563068,-0.085894249,2.0715515,-0.10080828,-0.10080828,INFEASIBLE,0,1892.0435,741.56407,0.020247979,6.5230599,15,1.5,0.02,0.04,-0.05,40,40,40
8.055,44.88252,20.516438,0.075934556,-1.9724375,-44.88252,-20.516438,-0.075934556,1.9724375,-0.10133003,-0.10133003,INFEASIBLE,0,1902.1157,743.6687,0.020276809,6.5425125,15,1.5,0.02,0.04,-0.05,40,40,40
8.06,44.985705,20.59058,0.066431297,-1.8616374,-44.985705,-20.59058,-0.066431297,1.8616374,-0.072649402,-0.072649402,INFEASIBLE,0,1912.2342,745.78856,0.020298874,6.559841,15,1.5,0.02,0.04,-0.05,40,40,40
8.065,45.087884,20.367239,0.05730242,-1.800649,-45.087884,-20.367239,-0.05730242,1.800649,-0.12499002,-0.12499002,INFEASIBLE,0,1922.3988,747.86268,0.020315292,6.5760527,15,1.5,0.02,0.04,-0.05,40,40,40
8.07,45.189108,20.27596,0.048565043,-1.6961917,-45.189108,-20.27596,-0.048565043,1.6961917,-0.10099138,-0.10099138,INFEASIBLE,0,1932.6091,749.91825,0.020327085,6.590438,15,1.5,0.02,0.04,-0.05,40,40,40
8.075,45.289541,19.949616,0.040262858,-1.639391,-45.289541,-19.949616,-0.040262858,1.639391,-0.15136822,-0.15136822,INFEASIBLE,0,1942.8648,751.90819,0.020335191,6.603876,15,1.5,0.02,0.04,-0.05,40,40,40
8.08,45.388602,19.803076,0.032397779,-1.526298,-45.388602,-19.803076,-0.032397779,1.526298,-0.10358522,-0.10358522,INFEASIBLE,0,1953.1654,753.869,0.020340439,6.6155239,15,1.5,0.02,0.04,-0.05,40,40,40
8.085,45.486984,19.568743,0.024975604,-1.4601241,-45.486984,-19.568743,-0.024975604,1.4601241,-0.12306271,-0.12306271,INFEASIBLE,0,1963.5108,755.78367,0.020343558,6.6261837,15,1.5,0.02,0.04,-0.05,40,40,40
8.09,45.584497,19.402043,0.017946927,-1.3743882,-45.584497,-19.402043,-0.017946927,1.3743882,-0.10460672,-0.10460672,INFEASIBLE,0,1973.9005,757.66587,0.020345168,6.6356285,15,1.5,0.02,0.04,-0.05,40,40,40
8.095,45.681153,19.282146,0.011298202,-1.3000506,-45.681153,-19.282146,-0.011298202,1.3000506,-0.095693962,-0.095693962,INFEASIBLE,0,1984.3343,759.52488,0.020345806,6.6440791,15,1.5,0.02,0.04,-0.05,40,40,40
8.1,45.776879,19.097146,0.0049633961,-1.2426667,-45.776879,-19.097146,-0.0049633961,1.2426667,-0.11012577,-0.11012577,INFEASIBLE,0,1994.8119,761.34838,0.020345929,6.6518002,15,1.5,0.02,0.04,-0.05,40,40,40
8.105,45.871961,18.955794,-0.0010375202,-1.1720345,-45.871961,-18.955794,0.0010375202,1.1720345,-0.097943618,-0.097943618,INFEASIBLE,0,2005.3331,763.14499,0.020345935,6.6586685,15,1.5,0.02,0.04,-0.05,40,40,40
8.11,45.96611,18.737806,-0.0067246494,-1.1163971,-45.96611,-18.737806,0.0067246494,1.1163971,-0.10663097,-0.10663097,INFEASIBLE,0,2015.8975,764.90052,0.020346161,6.6649003,15,1.5,0.02,0.04,-0.05,40,40,40
8.115,46.059344,18.660423,-0.012109957,-1.0473094,-46.059344,-18.660423,0.012109957,1.0473094,-0.085009613,-0.085009613,INFEASIBLE,0,2026.5049,766.64158,0.020346894,6.6703845,15,1.5,0.02,0.04,-0.05,40,40,40
8.12,46.151985,18.477276,-0.017221315,-1.003385,-46.151985,-18.477276,0.017221315,1.003385,-0.10126645,-0.10126645,INFEASIBLE,0,2037.1549,768.34862,0.020348377,6.6754184,15,1.5,0.02,0.04,-0.05,40,40,40
8.125,46.243993,18.264315,-0.022059511,-0.94939396,-46.243993,-18.264315,0.022059511,0.94939396,-0.099531155,-0.099531155,INFEASIBLE,0,2047.8474,770.01655,0.02035081,6.6799252,15,1.5,0.02,0.04,-0.05,40,40,40
8.13,46.335069,18.149358,-0.026629502,-0.89189197,-46.335069,-18.149358,0.026629502,0.89189197,-0.084604786,-0.084604786,INFEASIBLE,0,2058.5821,771.66355,0.020354356,6.6839025,15,1.5,0.02,0.04,-0.05,40,40,40
8.135,46.425452,17.968507,-0.030952678,-0.85009205,-46.425452,-17.968507,0.030952678,0.85009205,-0.092178934,-0.092178934,INFEASIBLE,0,2069.3587,773.27788,0.020359146,6.6875158,15,1.5,0.02,0.04,-0.05,40,40,40
8.14,46.514999,17.879646,-0.035047506,-0.79916528,-46.514999,-17.879646,0.035047506,0.79916528,-0.078974692,-0.078974692,INFEASIBLE,0,2080.1769,774.87629,0.020365288,6.6907092,15,1.5,0.02,0.04,-0.05,40,40,40
8.145,46.604005,17.767509,-0.038919624,-0.75779427,-46.604005,-17.767509,0.038919624,0.75779427,-0.077705307,-0.077705307,INFEASIBLE,0,2091.0366,776.45471,0.020372862,6.6935804,15,1.5,0.02,0.04,-0.05,40,40,40
8.15,46.692406,17.676953,-0.04260137,-0.71842881,-46.692406,-17.676953,0.04260137,0.71842881,-0.07573752,-0.07573752,INFEASIBLE,0,2101.9375,778.01709,0.020381936,6.6961611,15,1.5,0.02,0.04,-0.05,40,40,40
8.155,46.780323,17.569259,-0.046097944,-0.68470432,-46.780323,-17.569259,0.046097944,0.68470432,-0.080148842,-0.080148842,INFEASIBLE,0,2112.8795,779.56048,0.020392561,6.6985052,15,1.5,0.02,0.04,-0.05,40,40,40
8.16,46.867673,17.461415,-0.049427246,-0.65223953,-46.867673,-17.461415,0.049427246,0.65223953,-0.083957933,-0.083957933,INFEASIBLE,0,2123.8624,781.08499,0.020404776,6.7006323,15,1.5,0.02,0.04,-0.05,40,40,40
8.165,46.954618,17.372747,-0.052569184,-0.61408348,-46.954618,-17.372747,0.052569184,0.61408348,-0.075660724,-0.075660724,INFEASIBLE,0,2134.8861,782.59405,0.020418594,6.7025178,15,1.5,0.02,0.04,-0.05,40,40,40
8.17,47.040962,17.210083,-0.055562734,-0.58651142,-47.040962,-17.210083,0.055562734,0.58651142,-0.083985603,-0.083985603,INFEASIBLE,0,2145.9503,784.07498,0.02043403,6.7042378,15,1.5,0.02,0.04,-0.05,40,40,40
8.175,47.126781,17.149493,-0.058390276,-0.54996647,-47.126781,-17.149493,0.058390276,0.54996647,-0.072288489,-0.072288489,INFEASIBLE,0,2157.055,785.54551,0.020451077,6.7057501,15,1.5,0.02,0.04,-0.05,40,40,40
8.18,47.211949,16.991615,-0.061074773,-0.52590204,-47.211949,-16.991615,0.061074773,0.52590204,-0.08107109,-0.08107109,INFEASIBLE,0,2168.1999,786.98908,0.020469728,6.7071329,15,1.5,0.02,0.04,-0.05,40,40,40
8.185,47.296601,16.841342,-0.063609824,-0.49720187,-47.296601,-16.841342,0.063609824,0.49720187,-0.080364461,-0.080364461,INFEASIBLE,0,2179.3847,788.40724,0.020489959,6.708369,15,1.5,0.02,0.04,-0.05,40,40,40
8.19,47.380633,16.732014,-0.065999605,-0.46787343,-47.380633,-16.732014,0.065999605,0.46787343,-0.074911021,-0.074911021,INFEASIBLE,0,2190.6093,789.80704,0.020511738,6.7094635,15,1.5,0.02,0.04,-0.05,40,40,40
8.195,47.464283,16.664453,-0.068243448,-0.44057208,-47.464283,-16.664453,0.068243448,0.44057208,-0.068646066,-0.068646066,INFEASIBLE,0,2201.8736,791.19556,0.020535024,6.710434,15,1.5,0.02,0.04,-0.05,40,40,40
8.2,47.547555,16.639292,-0.07037748,-0.42018721,-47.547555,-16.639292,0.07037748,0.42018721,-0.069420227,-0.069420227,INFEASIBLE,0,2213.1775,792.57989,0.020559789,6.7113168,15,1.5,0.02,0.04,-0.05,40,40,40
8.205,47.630194,16.51773,-0.072404246,-0.39224693,-47.630194,-16.51773,0.072404246,0.39224693,-0.061120993,-0.061120993,INFEASIBLE,0,2224.5206,793.94406,0.020586001,6.7120861,15,1.5,0.02,0.04,-0.05,40,40,40
8.21,47.712492,16.462546,-0.074345817,-0.37626157,-47.712492,-16.462546,0.074345817,0.37626157,-0.066827915,-0.066827915,INFEASIBLE,0,2235.903,795.29914,0.020613638,6.712794,15,1.5,0.02,0.04,-0.05,40,40,40
8.215,47.794341,16.29593,-0.076189874,-0.36277773,-47.794341,-16.29593,0.076189874,0.36277773,-0.07929069,-0.07929069,INFEASIBLE,0,2247.3245,796.62693,0.020642662,6.713452,15,1.5,0.02,0.04,-0.05,40,40,40
8.22,47.875666,16.268702,-0.077934052,-0.33460673,-47.875666,-16.268702,0.077934052,0.33460673,-0.062659475,-0.062659475,INFEASIBLE,0,2258.7849,797.95028,0.020673031,6.7140118,15,1.5,0.02,0.04,-0.05,40,40,40
8.225,47.956499,16.092053,-0.079570912,-0.32251475,-47.956499,-16.092053,0.079570912,0.32251475,-0.074523677,-1.3458362,OK,0,2270.2841,799.24505,0.020704688,6.7145319,15,1.5,0.02,0.04,-0.05,40,40,40
8.23,48.02614,13.283705,-0.079285273,0.36547365,-48.02614,-13.283705,0.079285273,-0.36547365,0.85080236,-0.96529109,OK,0,2281.8166,800.12734,0.020736119,6.7151998,15,1.5,0.02,0.04,-0.05,40,40,40
8.235,48.08644,12.452541,-0.075978283,0.93241003,-48.08644,-12.452541,0.075978283,-0.93241003,1.7187712,-0.85156032,OK,0,2293.3781,800.90267,0.020764983,6.7195467,15,1.5,0.02,0.04,-0.05,40,40,40
8.24,48.142594,10.778512,-0.070052999,1.3763283,-48.142594,-10.778512,0.070052999,-1.3763283,2.4076898,-0.62304536,OK,0,2304.9667,801.48355,0.02078952,6.7290181,15,1.5,0.02,0.04,-0.05,40,40,40
8.245,48.194646,10.547007,-0.062091611,1.7586916,-48.194646,-10.547007,0.062091611,-1.7586916,3.0924364,-0.58948162,OK,0,2316.5803,802.03974,0.020808797,6.7444831,15,1.5,0.02,0.04,-0.05,40,40,40
8.25,48.243194,9.7536365,-0.052420714,2.086653,-48.243194,-9.7536365,0.052420714,-2.086653,3.6986782,-0.4796653,OK,0,2328.2173,802.51541,0.020822536,6.7662537,15,1.5,0.02,0.04,-0.05,40,40,40
8.255,48.290352,9.1589811,-0.041160773,2.3577407,-48.290352,-9.1589811,0.041160773,-2.3577407,4.2513658,-0.39664129,OK,0,2339.8771,802.93485,0.020831007,6.7940484,15,1.5,0.02,0.04,-0.05,40,40,40
8.26,48.334926,8.5590424,-0.028675975,2.5769756,-48.334926,-8.5590424,0.028675975,-2.5769756,4.744384,-0.31290651,OK,0,2351.5585,803.30113,0.020835119,6.8272524,15,1.5,0.02,0.04,-0.05,40,40,40
8.265,48.376923,8.2728764,-0.015232786,2.7620765,-48.376923,-8.2728764,0.015232786,-2.7620765,5.2130765,-0.27160888,OK,0,2363.2601,803.64333,0.020836279,6.8653977,15,1.5,0.02,0.04,-0.05,40,40,40
8.27,48.416948,7.870611,-0.00095899476,2.9189387,-48.416948,-7.870611,0.00095899476,-2.9189387,5.6471865,-0.21465035,OK,0,2374.9811,803.95307,0.020836284,6.9079988,15,1.5,0.02,0.04,-0.05,40,40,40
8.275,48.455366,7.5502504,0.014018219,3.0483872,-48.455366,-7.5502504,-0.014018219,-3.0483872,6.0539715,-0.1687838,OK,0,2386.7207,804.2381,0.020837266,6.9544621,15,1.5,0.02,0.04,-0.05,40,40,40
8.28,48.492378,7.2994014,0.029565267,3.1527746,-48.492378,-7.2994014,-0.029565267,-3.1527746,6.4344646,-0.13232451,OK,0,2398.4783,804.5045,0.020841637,7.004162,15,1.5,0.02,0.04,-0.05,40,40,40
8.285,48.528216,7.0912665,0.045594903,3.2405971,-48.528216,-7.0912665,-0.045594903,-3.2405971,6.7990341,-0.10164259,OK,0,2410.2532,804.75593,0.020852031,7.0566694,15,1.5,0.02,0.04,-0.05,40,40,40
8.29,48.563191,6.9209036,0.062029015,3.320542,-48.563191,-6.9209036,-0.062029015,-3.320542,7.1593482,-0.076075681,OK,0,2422.0451,804.99543,0.020871269,7.1117994,15,1.5,0.02,0.04,-0.05,40,40,40
8.295,48.597427,6.7906121,0.078810856,3.3847055,-48.597427,-6.7906121,-0.078810856,-3.3847055,7.5027942,-0.055918544,OK,0,2433.8537,805.22599,0.020902325,7.1690805,15,1.5,0.02,0.04,-0.05,40,40,40
8.3,48.631039,6.6814542,0.095918035,3.4438432,-48.631039,-6.6814542,-0.095918035,-3.4438432,7.8444142,1.35,INFEASIBLE,0,2445.6786,805.4492,0.020948326,7.2283808,15,1.5,0.02,0.04,-0.05,40,40,40
8.305,48.674047,9.1534862,0.1111743,2.7502014,-48.674047,-9.1534862,-0.1111743,-2.7502014,7.1325369,1.35,INFEASIBLE,0,2457.5244,805.86813,0.021010125,7.2661988,15,1.5,0.02,0.04,-0.05,40,40,40
8.31,48.730834,11.261097,0.1230441,2.0353626,-48.730834,-11.261097,-0.1230441,-2.0353626,6.323766,1.35,INFEASIBLE,0,2469.3978,806.50219,0.021085824,7.2869123,15,1.5,0.02,0.04,-0.05,40,40,40
8.315,48.796858,14.128877,0.13129031,1.3728502,-48.796858,-14.128877,-0.13129031,-1.3728502,5.5697221,1.35,INFEASIBLE,0,2481.3035,807.50032,0.02117201,7.2963359,15,1.5,0.02,0.04,-0.05,40,40,40
8.32,48.874894,16.687489,0.1361015,0.69230808,-48.874894,-16.687489,-0.1361015,-0.69230808,4.7249821,1.35,INFEASIBLE,0,2493.2473,808.89268,0.021264628,7.2987324,15,1.5,0.02,0.04,-0.05,40,40,40
8.325,48.961762,17.733112,0.13727476,-0.075457142,-48.961762,-17.733112,-0.13727476,0.075457142,3.6344954,1.35,INFEASIBLE,0,2505.2336,810.465,0.02135885,7.2987609,15,1.5,0.02,0.04,-0.05,40,40,40
8.33,49.060311,20.809901,0.13497526,-0.72794595,-49.060311,-20.809901,-0.13497526,0.72794595,2.7463122,1.35,INFEASIBLE,0,2517.2681,812.63026,0.021449941,7.3014104,15,1.5,0.02,0.04,-0.05,40,40,40
8.335,49.165315,21.784236,0.1288961,-1.5034988,-49.165315,-21.784236,-0.1288961,1.5034988,1.532869,1.35,INFEASIBLE,0,2529.3543,815.00302,0.021533012,7.3127129,15,1.5,0.02,0.04,-0.05,40,40,40
8.34,49.281633,25.70335,0.11931303,-2.1113414,-49.281633,-25.70335,-0.11931303,2.1113414,0.63644996,0.63644996,INFEASIBLE,0,2541.4977,818.30633,0.02160419,7.3350017,15,1.5,0.02,0.04,-0.05,40,40,40
8.345,49.398012,24.552671,0.10688163,-2.5711119,-49.398012,-24.552671,-0.10688163,2.5711119,-0.28337642,-0.28337642,INFEASIBLE,0,2553.6985,821.3205,0.021661309,7.3680548,15,1.5,0.02,0.04,-0.05,40,40,40
8.35,49.508096,21.74247,0.09397115,-2.5113902,-49.508096,-21.74247,-0.09397115,2.5113902,-0.49765727,-0.49765727,INFEASIBLE,0,2565.9537,823.68418,0.021705462,7.3995902,15,1.5,0.02,0.04,-0.05,40,40,40
8.355,49.613472,21.011042,0.082279154,-2.193075,-49.613472,-21.011042,-0.082279154,2.193075,-0.22271413,-0.22271413,INFEASIBLE,0,2578.2612,825.8915,0.021739311,7.4236381,15,1.5,0.02,0.04,-0.05,40,40,40
8.36,49.717355,20.693238,0.071753697,-2.0367985,-49.717355,-20.693238,-0.071753697,2.0367985,-0.15681565,-0.15681565,INFEASIBLE,0,2590.6203,828.03255,0.021765054,7.4443809,15,1.5,0.02,0.04,-0.05,40,40,40
8.365,49.820322,20.370298,0.061930115,-1.9287173,-49.820322,-20.370298,-0.061930115,1.9287173,-0.15290593,-0.15290593,INFEASIBLE,0,2603.0306,830.10729,0.021784231,7.4629806,15,1.5,0.02,0.04,-0.05,40,40,40
8.37,49.921775,20.122526,0.052655828,-1.8170034,-49.921775,-20.122526,-0.052655828,1.8170034,-0.1323312,-0.1323312,INFEASIBLE,0,2615.4915,832.13187,0.021798094,7.4794881,15,1.5,0.02,0.04,-0.05,40,40,40
8.375,50.021965,20.03891,0.043878609,-1.711512,-50.021965,-20.03891,-0.043878609,1.711512,-0.10709321,-0.10709321,INFEASIBLE,0,2628.0025,834.13966,0.02180772,7.4941345,15,1.5,0.02,0.04,-0.05,40,40,40
8.38,50.121505,19.746728,0.035558035,-1.6417519,-50.121505,-19.746728,-0.035558035,1.6417519,-0.13695814,-0.13695814,INFEASIBLE,0,2640.5634,836.08933,0.021814042,7.5076112,15,1.5,0.02,0.04,-0.05,40,40,40
8.385,50.220012,19.745257,0.027661842,-1.5318255,-50.220012,-19.745257,-0.027661842,1.5318255,-0.088600187,-0.088600187,INFEASIBLE,0,2653.1736,838.0387,0.021817868,7.5193437,15,1.5,0.02,0.04,-0.05,40,40,40
8.39,50.317902,19.48782,0.020161122,-1.4771567,-50.317902,-19.48782,-0.020161122,1.4771567,-0.12744731,-0.12744731,INFEASIBLE,0,2665.8331,839.93758,0.021819901,7.5302536,15,1.5,0.02,0.04,-0.05,40,40,40
8.395,50.414544,19.282931,0.013008875,-1.3922288,-50.414544,-19.282931,-0.013008875,1.3922288,-0.11360196,-0.11360196,INFEASIBLE,0,2678.5412,841.79674,0.021820747,7.5399451,15,1.5,0.02,0.04,-0.05,40,40,40
8.4,50.510109,18.945067,0.0062260341,-1.3359855,-50.510109,-18.945067,-0.0062260341,1.3359855,-0.14258288,-0.14258288,INFEASIBLE,0,2691.2975,843.59131,0.021820941,7.5488694,15,1.5,0.02,0.04,-0.05,40,40,40
8.405,50.605043,18.879047,-0.00011448295,-1.236155,-50.605043,-18.879047,0.00011448295,1.236155,-0.088686948,-0.088686948,INFEASIBLE,0,2704.1019,845.37341,0.021820941,7.5565098,15,1.5,0.02,0.04,-0.05,40,40,40
8.41,50.699184,18.852809,-0.0061191317,-1.1743051,-50.699184,-18.852809,0.0061191317,1.1743051,-0.085148673,-0.085148673,INFEASIBLE,0,2716.9539,847.15055,0.021821128,7.5634048,15,1.5,0.02,0.04,-0.05,40,40,40
8.415,50.792679,18.616624,-0.011861468,-1.1296071,-50.792679,-18.616624,0.011861468,1.1296071,-0.11181407,-0.11181407,INFEASIBLE,0,2729.8534,848.88344,0.021821831,7.5697848,15,1.5,0.02,0.04,-0.05,40,40,40
8.42,50.885343,18.453566,-0.017310662,-1.0650025,-50.885343,-18.453566,0.017310662,1.0650025,-0.10131417,-0.10131417,INFEASIBLE,0,2742.8,850.58611,0.02182333,7.575456,15,1.5,0.02,0.04,-0.05,40,40,40
8.425,50.977167,18.343345,-0.022458145,-1.0043885,-50.977167,-18.343345,0.022458145,1.0043885,-0.09017773,-0.09017773,INFEASIBLE,0,2755.7934,852.2685,0.021825851,7.5805,15,1.5,0.02,0.04,-0.05,40,40,40
8.43,51.068342,18.241029,-0.027340895,-0.95416823,-51.068342,-18.241029,0.027340895,0.95416823,-0.090357747,-0.090357747,INFEASIBLE,0,2768.8332,853.93218,0.021829589,7.5850522,15,1.5,0.02,0.04,-0.05,40,40,40
8.435,51.158797,18.004412,-0.031987869,-0.91226421,-51.158797,-18.004412,0.031987869,0.91226421,-0.10486193,-0.10486193,INFEASIBLE,0,2781.9194,855.55297,0.021834705,7.5892133,15,1.5,0.02,0.04,-0.05,40,40,40
8.44,51.248543,17.86958,-0.036383067,-0.8590669,-51.248543,-17.86958,0.036383067,0.8590669,-0.094592298,-0.094592298,INFEASIBLE,0,2795.0514,857.14958,0.021841324,7.5929033,15,1.5,0.02,0.04,-0.05,40,40,40
8.445,51.337587,17.813598,-0.040527465,-0.80904739,-51.337587,-17.813598,0.040527465,0.80904739,-0.082187385,-0.082187385,INFEASIBLE,0,2808.2292,858.7362,0.021849536,7.5961761,15,1.5,0.02,0.04,-0.05,40,40,40
8.45,51.425905,17.563963,-0.044469084,-0.77443507,-51.425905,-17.563963,0.044469084,0.77443507,-0.097612242,-0.097612242,INFEASIBLE,0,2821.4523,860.27867,0.021859424,7.5991748,15,1.5,0.02,0.04,-0.05,40,40,40
8.455,51.513679,17.514109,-0.0481919,-0.72473661,-51.513679,-17.514109,0.0481919,0.72473661,-0.079145467,-0.079145467,INFEASIBLE,0,2834.7206,861.81239,0.021871036,7.601801,15,1.5,0.02,0.04,-0.05,40,40,40
8.46,51.600796,17.433717,-0.051717476,-0.68938853,-51.600796,-17.433717,0.051717476,0.68938853,-0.080480325,-0.080480325,INFEASIBLE,0,2848.0338,863.33206,0.021884409,7.6041773,15,1.5,0.02,0.04,-0.05,40,40,40
8.465,51.687335,17.209342,-0.05506749,-0.65747059,-51.687335,-17.209342,0.05506749,0.65747059,-0.090097851,-0.090097851,INFEASIBLE,0,2861.3917,864.81287,0.021899572,7.6063386,15,1.5,0.02,0.04,-0.05,40,40,40
8.47,51.773168,17.188157,-0.058235055,-0.61627568,-51.773168,-17.188157,0.058235055,0.61627568,-0.074949709,-0.074949709,INFEASIBLE,0,2874.794,866.29003,0.021916528,7.6082376,15,1.5,0.02,0.04,-0.05,40,40,40
8.475,51.858404,16.931682,-0.061244577,-0.59204773,-51.858404,-16.931682,0.061244577,0.59204773,-0.092304896,-0.092304896,INFEASIBLE,0,2888.2405,867.72344,0.021935283,7.6099902,15,1.5,0.02,0.04,-0.05,40,40,40
8.48,51.94312,16.876685,-0.064087701,-0.55455461,-51.94312,-16.876685,0.064087701,0.55455461,-0.079217638,-0.079217638,INFEASIBLE,0,2901.7309,869.14755,0.021955819,7.6115279,15,1.5,0.02,0.04,-0.05,40,40,40
8.485,52.027336,16.837695,-0.066750408,-0.52318775,-52.027336,-16.837695,0.066750408,0.52318775,-0.071983232,-0.071983232,INFEASIBLE,0,2915.2651,870.56509,0.021978097,7.6128965,15,1.5,0.02,0.04,-0.05,40,40,40
8.49,52.110907,16.679116,-0.069285272,-0.49564192,-52.110907,-16.679116,0.069285272,0.49564192,-0.073359206,-0.073359206,INFEASIBLE,0,2928.8428,871.95606,0.022002099,7.6141248,15,1.5,0.02,0.04,-0.05,40,40,40
8.495,52.194015,16.641829,-0.071705069,-0.47472769,-52.194015,-16.641829,0.071705069,0.47472769,-0.07811413,-0.07811413,INFEASIBLE,0,2942.4639,873.34081,0.022027807,7.6152516,15,1.5,0.02,0.04,-0.05,40,40,40
8.5,52.276582,16.438589,-0.073993145,-0.44607648,-52.276582,-16.438589,0.073993145,0.44607648,-0.075936691,-0.075936691,INFEASIBLE,0,2956.1281,874.69195,0.022055182,7.6162466,15,1.5,0.02,0.04,-0.05,40,40,40
8.505,52.358622,16.433289,-0.076158441,-0.42516844,-52.358622,-16.433289,0.076158441,0.42516844,-0.075625271,-0.075625271,INFEASIBLE,0,2969.8353,876.04221,0.022084183,7.6171504,15,1.5,0.02,0.04,-0.05,40,40,40
8.51,52.440118,16.209772,-0.078215684,-0.40230356,-52.440118,-16.209772,0.078215684,0.40230356,-0.079497345,-0.079497345,INFEASIBLE,0,2983.5851,877.35599,0.022114771,7.6179596,15,1.5,0.02,0.04,-0.05,40,40,40
8.515,52.521296,16.198311,-0.080128557,-0.37634117,-52.521296,-16.198311,0.080128557,0.37634117,-0.068081731,-0.068081731,INFEASIBLE,0,2997.3775,878.66792,0.022146874,7.6186678,15,1.5,0.02,0.04,-0.05,40,40,40
8.52,52.601756,16.021299,-0.081950866,-0.35655132,-52.601756,-16.021299,0.081950866,0.35655132,-0.071202893,-1.33696,OK,0,3011.2122,879.95133,0.022180454,7.6193035,15,1.5,0.02,0.04,-0.05,40,40,40
8.525,52.672163,14.218071,-0.08177228,0.38579095,-52.672163,-14.218071,0.08177228,-0.38579095,0.97426834,-1.0925725,OK,0,3025.084,880.9621,0.022213887,7.6200476,15,1.5,0.02,0.04,-0.05,40,40,40
8.53,52.732826,11.817889,-0.078375298,0.94174032,-52.732826,-11.817889,0.078375298,-0.94174032,1.7643531,-0.76621294,OK,0,3038.9878,881.66041,0.022244601,7.624482,15,1.5,0.02,0.04,-0.05,40,40,40
8.535,52.788342,11.242,-0.07242067,1.3939308,-52.788342,-11.242,0.07242067,-1.3939308,2.510033,-0.68636156,OK,0,3052.9208,882.29232,0.022270825,7.6341972,15,1.5,0.02,0.04,-0.05,40,40,40
8.54,52.840442,9.9684948,-0.064391328,1.753126,-52.840442,-9.9684948,0.064391328,-1.753126,3.1193677,-0.51171583,OK,0,3066.8814,882.78918,0.022291556,7.6495645,15,1.5,0.02,0.04,-0.05,40,40,40
8.545,52.889908,9.8867912,-0.054670213,2.073003,-52.889908,-9.8867912,0.054670213,-2.073003,3.7427212,-0.49817742,OK,0,3080.8681,883.27792,0.0223065,7.6710512,15,1.5,0.02,0.04,-0.05,40,40,40
8.55,52.936832,9.0558988,-0.043500056,2.3401498,-52.936832,-9.0558988,0.043500056,-2.3401498,4.2786965,-0.38319379,OK,0,3094.8796,883.68797,0.022315961,7.6984327,15,1.5,0.02,0.04,-0.05,40,40,40
8.555,52.980914,8.5779956,-0.031129732,2.5579275,-52.980914,-8.5779956,0.031129732,-2.5579275,4.7726834,-0.31595433,OK,0,3108.9145,884.05588,0.022320807,7.7311477,15,1.5,0.02,0.04,-0.05,40,40,40
8.56,53.022754,8.1907212,-0.017791379,2.7379426,-53.022754,-8.1907212,0.017791379,-2.7379426,5.2281272,-0.26098922,OK,0,3122.9716,884.39132,0.022322389,7.7686293,15,1.5,0.02,0.04,-0.05,40,40,40
8.565,53.062526,7.8037384,-0.0036562021,2.8866078,-53.062526,-7.8037384,0.0036562021,-2.8866078,5.6484688,-0.20609549,OK,0,3137.0497,884.69581,0.022322456,7.8102918,15,1.5,0.02,0.04,-0.05,40,40,40
8.57,53.100589,7.5035848,0.011129395,3.0070995,-53.100589,-7.5035848,-0.011129395,-3.0070995,6.0397453,-0.1629606,OK,0,3151.1481,884.97733,0.022323075,7.8555051,15,1.5,0.02,0.04,-0.05,40,40,40
8.575,53.137385,7.2592482,0.026463977,3.1090976,-53.137385,-7.2592482,-0.026463977,-3.1090976,6.4137237,-0.12738218,OK,0,3165.266,885.24081,0.022326577,7.9038375,15,1.5,0.02,0.04,-0.05,40,40,40
8.58,53.173097,7.0664099,0.042255994,3.1912821,-53.173097,-7.0664099,-0.042255994,-3.1912821,6.7668814,-0.098765571,OK,0,3179.4029,885.49048,0.022335505,7.9547589,15,1.5,0.02,0.04,-0.05,40,40,40
8.585,53.207945,6.9072794,0.058434,3.2643539,-53.207945,-6.9072794,-0.058434,-3.2643539,7.1134909,-0.074709215,OK,0,3193.5583,885.72903,0.022352578,8.0080389,15,1.5,0.02,0.04,-0.05,40,40,40
8.59,53.242096,6.783794,0.074948289,3.3268205,-53.242096,-6.783794,-0.074948289,-3.3268205,7.4506487,-0.05547038,OK,0,3207.7319,885.95913,0.022380664,8.0633776,15,1.5,0.02,0.04,-0.05,40,40,40
8.595,53.275685,6.6746478,0.091763698,3.3865953,-53.275685,-6.6746478,-0.091763698,-3.3865953,7.788848,1.35,INFEASIBLE,0,3221.9234,886.18189,0.022422767,8.1207228,15,1.5,0.02,0.04,-0.05,40,40,40
8.6,53.319927,10.266924,0.1068018,2.7541112,-53.319927,-10.266924,-0.1068018,-2.7541112,7.2102693,1.35,INFEASIBLE,0,3236.1385,886.70894,0.0224798,8.1586484,15,1.5,0.02,0.04,-0.05,40,40,40
8.605,53.374485,11.255642,0.11822907,1.9730033,-53.374485,-11.255642,-0.11822907,-1.9730033,6.2506563,1.35,INFEASIBLE,0,3250.3827,887.34238,0.02254969,8.1781121,15,1.5,0.02,0.04,-0.05,40,40,40
8.61,53.441979,14.121736,0.12623061,1.3035217,-53.441979,-14.121736,-0.12623061,-1.3035217,5.4824508,1.35,INFEASIBLE,0,3264.6629,888.3395,0.022629361,8.1866079,15,1.5,0.02,0.04,-0.05,40,40,40
8.615,53.518226,15.808511,0.13057914,0.5680792,-53.518226,-15.808511,-0.13057914,-0.5680792,4.5135109,-1.2686324,OK,0,3278.9839,889.58905,0.022714616,8.1882215,15,1.5,0.02,0.04,-0.05,40,40,40
8.62,53.580463,10.782234,0.13496568,1.1219835,-53.580463,-10.782234,-0.13496568,-1.1219835,5.210359,-0.58460129,OK,0,3293.3382,890.17033,0.022805694,8.1945158,15,1.5,0.02,0.04,-0.05,40,40,40
8.625,53.634803,10.645682,0.14192789,1.5481862,-53.634803,-10.645682,-0.14192789,-1.5481862,5.9497211,1.35,INFEASIBLE,0,3307.7217,890.73698,0.022906412,8.2065002,15,1.5,0.02,0.04,-0.05,40,40,40
8.63,53.701265,15.192275,0.14801628,0.99803139,-53.701265,-15.192275,-0.14801628,-0.99803139,5.3990075,1.35,INFEASIBLE,0,3322.1408,891.89101,0.023015956,8.2114805,15,1.5,0.02,0.04,-0.05,40,40,40
8.635,53.779109,16.332446,0.1506799,0.24784831,-53.779109,-16.332446,-0.1506799,-0.24784831,4.360851,1.35,INFEASIBLE,0,3336.6018,893.22475,0.023129478,8.2117876,15,1.5,0.02,0.04,-0.05,40,40,40
8.64,53.8693,19.941107,0.14993637,-0.37192148,-53.8693,-19.941107,-0.14993637,0.37192148,3.5661937,1.35,INFEASIBLE,0,3351.1113,895.21299,0.023241883,8.2124793,15,1.5,0.02,0.04,-0.05,40,40,40
8.645,53.967758,21.289851,0.14557121,-1.114015,-53.967758,-21.289851,-0.14557121,1.114015,2.4434949,1.35,INFEASIBLE,0,3365.6739,897.47928,0.023347838,8.2186844,15,1.5,0.02,0.04,-0.05,40,40,40
8.65,54.076039,22.326898,0.13764232,-1.8778587,-54.076039,-22.326898,-0.13764232,1.8778587,1.2224435,1.2224435,INFEASIBLE,0,3380.295,899.97173,0.023442565,8.2363162,15,1.5,0.02,0.04,-0.05,40,40,40
8.655,54.193131,23.76654,0.12630508,-2.549732,-54.193131,-23.76654,-0.12630508,2.549732,0.10450238,0.10450238,INFEASIBLE,0,3394.9795,902.79597,0.02352233,8.2688218,15,1.5,0.02,0.04,-0.05,40,40,40
8.66,54.305796,22.675404,0.11307604,-2.6622846,-54.305796,-22.675404,-0.11307604,2.6622846,-0.30415423,-0.30415423,INFEASIBLE,0,3409.7251,905.36684,0.023586261,8.3042606,15,1.5,0.02,0.04,-0.05,40,40,40
8.665,54.415735,21.529709,0.10035882,-2.4862173,-54.415735,-21.529709,-0.10035882,2.4862173,-0.27444057,-0.27444057,INFEASIBLE,0,3424.5304,907.68449,0.02363662,8.335167,15,1.5,0.02,0.04,-0.05,40,40,40
8.67,54.523023,21.341239,0.088597178,-2.2750499,-54.523023,-21.341239,-0.088597178,2.2750499,-0.13950718,-0.13950718,INFEASIBLE,0,3439.3942,909.96173,0.023675867,8.3610463,15,1.5,0.02,0.04,-0.05,40,40,40
8.675,54.629378,21.209181,0.077588969,-2.1526466,-54.629378,-21.209181,-0.077588969,2.1526466,-0.12418059,-0.12418059,INFEASIBLE,0,3454.3161,912.21087,0.023705968,8.3842157,15,1.5,0.02,0.04,-0.05,40,40,40
8.68,54.734451,21.051414,0.06707337,-2.0540128,-54.734451,-21.051414,-0.06707337,2.0540128,-0.13817301,-0.13817301,INFEASIBLE,0,3469.2954,914.42668,0.023728462,8.4053106,15,1.5,0.02,0.04,-0.05,40,40,40
8.685,54.838815,20.808568,0.057094858,-1.9499884,-54.838815,-20.808568,-0.057094858,1.9499884,-0.13944077,-0.13944077,INFEASIBLE,0,3484.3318,916.59167,0.023744761,8.4243228,15,1.5,0.02,0.04,-0.05,40,40,40
8.69,54.941955,20.476054,0.047621213,-1.861263,-54.941955,-20.476054,-0.047621213,1.861263,-0.15969509,-0.15969509,INFEASIBLE,0,3499.4249,918.68801,0.0237561,8.4416443,15,1.5,0.02,0.04,-0.05,40,40,40
8.695,55.044037,20.198107,0.03869132,-1.7514035,-55.044037,-20.198107,-0.03869132,1.7514035,-0.13793044,-0.13793044,INFEASIBLE,0,3514.5742,920.72783,0.023763585,8.4569814,15,1.5,0.02,0.04,-0.05,40,40,40
8.7,55.144474,19.877292,0.030238256,-1.6619281,-55.144474,-19.877292,-0.030238256,1.6619281,-0.14133718,-0.14133718,INFEASIBLE,0,3529.7787,922.70336,0.023768157,8.4707914,15,1.5,0.02,0.04,-0.05,40,40,40
8.705,55.243645,19.870913,0.022250167,-1.5502106,-55.243645,-19.870913,-0.022250167,1.5502106,-0.091853915,-0.091853915,INFEASIBLE,0,3545.038,924.67763,0.023770632,8.4828072,15,1.5,0.02,0.04,-0.05,40,40,40
8.71,55.342392,19.673212,0.014675558,-1.4927403,-55.342392,-19.673212,-0.014675558,1.4927403,-0.12520083,-0.12520083,INFEASIBLE,0,3560.3519,926.6128,0.023771709,8.4939486,15,1.5,0.02,0.04,-0.05,40,40,40
8.715,55.440014,19.329614,0.0074493472,-1.4215461,-55.440014,-19.329614,-0.0074493472,1.4215461,-0.13859406,-0.13859406,INFEASIBLE,0,3575.7199,928.48097,0.023771986,8.5040525,15,1.5,0.02,0.04,-0.05,40,40,40
8.72,55.536516,19.252653,0.00063426821,-1.3260229,-55.536516,-19.252653,-0.00063426821,1.3260229,-0.098683832,-0.098683832,INFEASIBLE,0,3591.1414,930.3343,0.023771988,8.5128442,15,1.5,0.02,0.04,-0.05,40,40,40
8.725,55.632545,19.084097,-0.0057951855,-1.2652292,-55.632545,-19.084097,0.0057951855,1.2652292,-0.10875683,-0.10875683,INFEASIBLE,0,3606.6163,932.15531,0.023772156,8.5208482,15,1.5,0.02,0.04,-0.05,40,40,40
8.73,55.727612,18.994484,-0.011920503,-1.1965635,-55.727612,-18.994484,0.011920503,1.1965635,-0.099321249,-0.099321249,INFEASIBLE,0,3622.1442,933.95926,0.023772867,8.5280071,15,1.5,0.02,0.04,-0.05,40,40,40
8.735,55.821667,18.752234,-0.017756195,-1.1437174,-55.821667,-18.752234,0.017756195,1.1437174,-0.11539631,-0.11539631,INFEASIBLE,0,3637.7245,935.7175,0.023774443,8.5345475,15,1.5,0.02,0.04,-0.05,40,40,40
8.74,55.914876,18.651568,-0.023275457,-1.0720686,-55.914876,-18.651568,0.023275457,1.0720686,-0.092874492,-0.092874492,INFEASIBLE,0,3653.3568,937.4569,0.023777152,8.5402942,15,1.5,0.02,0.04,-0.05,40,40,40
8.745,56.007406,18.333825,-0.028504864,-1.0327851,-56.007406,-18.333825,0.028504864,1.0327851,-0.12324945,-0.12324945,INFEASIBLE,0,3669.041,939.13755,0.023781215,8.5456274,15,1.5,0.02,0.04,-0.05,40,40,40
8.75,56.099071,18.31264,-0.033436974,-0.95655741,-56.099071,-18.31264,0.033436974,0.95655741,-0.081903734,-0.081903734,INFEASIBLE,0,3684.7765,940.81431,0.023786805,8.5502024,15,1.5,0.02,0.04,-0.05,40,40,40
8.755,56.190143,18.1766,-0.038108544,-0.91754084,-56.190143,-18.1766,0.038108544,0.91754084,-0.097072565,-0.097072565,INFEASIBLE,0,3700.5632,942.46625,0.023794066,8.5544118,15,1.5,0.02,0.04,-0.05,40,40,40
8.76,56.280555,17.989344,-0.042558605,-0.87246379,-56.280555,-17.989344,0.042558605,0.87246379,-0.10188991,-0.10188991,INFEASIBLE,0,3716.4007,944.08434,0.023803122,8.5582178,15,1.5,0.02,0.04,-0.05,40,40,40
8.765,56.370281,17.916617,-0.046769279,-0.8229323,-56.370281,-17.916617,0.046769279,0.8229323,-0.091867337,-0.091867337,INFEASIBLE,0,3732.2887,945.68936,0.023814059,8.5616039,15,1.5,0.02,0.04,-0.05,40,40,40
8.77,56.459269,17.755154,-0.05076429,-0.78308982,-56.459269,-17.755154,0.05076429,0.78308982,-0.096707518,-0.096707518,INFEASIBLE,0,3748.227,947.26559,0.023826944,8.56467,15,1.5,0.02,0.04,-0.05,40,40,40
8.775,56.547616,17.573705,-0.054544945,-0.73942404,-56.547616,-17.573705,0.054544945,0.73942404,-0.093409724,-0.093409724,INFEASIBLE,0,3764.2151,948.80976,0.02384182,8.5674037,15,1.5,0.02,0.04,-0.05,40,40,40
8.78,56.63535,17.519551,-0.058124162,-0.69815609,-56.63535,-17.519551,0.058124162,0.69815609,-0.085607515,-0.085607515,INFEASIBLE,0,3780.2529,950.34444,0.023858712,8.5698409,15,1.5,0.02,0.04,-0.05,40,40,40
8.785,56.722407,17.370768,-0.061514691,-0.66541857,-56.722407,-17.370768,0.061514691,0.66541857,-0.091569349,-0.091569349,INFEASIBLE,0,3796.3401,951.85316,0.023877632,8.5720548,15,1.5,0.02,0.04,-0.05,40,40,40
8.79,56.808927,17.202926,-0.064717389,-0.62833687,-56.808927,-17.202926,0.064717389,0.62833687,-0.088970563,-0.088970563,INFEASIBLE,0,3812.4764,953.33286,0.023898574,8.5740288,15,1.5,0.02,0.04,-0.05,40,40,40
8.795,56.894869,17.177131,-0.067735641,-0.58797691,-56.894869,-17.177131,0.067735641,0.58797691,-0.073017335,-0.073017335,INFEASIBLE,0,3828.6615,954.80813,0.023921515,8.5757574,15,1.5,0.02,0.04,-0.05,40,40,40
8.8,56.980113,17.003956,-0.070616859,-0.56854662,-56.980113,-17.003956,0.070616859,0.56854662,-0.092312338,-0.092312338,INFEASIBLE,0,3844.8952,956.2538,0.023946448,8.5773736,15,1.5,0.02,0.04,-0.05,40,40,40
8.805,57.064856,16.927417,-0.073360828,-0.53527666,-57.064856,-16.927417,0.073360828,0.53527666,-0.084933614,-0.084933614,INFEASIBLE,0,3861.1772,957.68649,0.023973357,8.5788062,15,1.5,0.02,0.04,-0.05,40,40,40
8.81,57.149019,16.817356,-0.075934588,-0.5031506,-57.149019,-16.817356,0.075934588,0.5031506,-0.078070093,-0.078070093,INFEASIBLE,0,3877.5072,959.10061,0.024002188,8.580072,15,1.5,0.02,0.04,-0.05,40,40,40
8.815,57.232618,16.70545,-0.078377847,-0.47443495,-57.232618,-16.70545,0.078377847,0.47443495,-0.074449807,-0.074449807,INFEASIBLE,0,3893.8851,960.49597,0.024032903,8.5811975,15,1.5,0.02,0.04,-0.05,40,40,40
8.82,57.315714,16.586341,-0.080707795,-0.45903145,-57.315714,-16.586341,0.080707795,0.45903145,-0.089396158,-0.089396158,INFEASIBLE,0,3910.3105,961.8715,0.024065472,8.582251,15,1.5,0.02,0.04,-0.05,40,40,40
8.825,57.398294,16.450585,-0.08290174,-0.42540061,-57.398294,-16.450585,0.08290174,0.42540061,-0.07563775,-0.07563775,INFEASIBLE,0,3926.7833,963.22461,0.024099835,8.5831558,15,1.5,0.02,0.04,-0.05,40,40,40
8.83,57.480282,16.360312,-0.084972732,-0.4015886,-57.480282,-16.360312,0.084972732,0.4015886,-0.072955763,-0.072955763,INFEASIBLE,0,3943.3033,964.56291,0.024135937,8.5839622,15,1.5,0.02,0.04,-0.05,40,40,40
8.835,57.561841,16.24436,-0.086947509,-0.38860325,-57.561841,-16.24436,0.086947509,0.38860325,-0.086106307,-0.086106307,INFEASIBLE,0,3959.8701,965.8823,0.024173737,8.5847173,15,1.5,0.02,0.04,-0.05,40,40,40
8.84,57.64293,16.216326,-0.08879098,-0.36319691,-57.64293,-16.216326,0.08879098,0.36319691,-0.075148404,-0.075148404,INFEASIBLE,0,3976.4836,967.19715,0.024213156,8.5853768,15,1.5,0.02,0.04,-0.05,40,40,40
8.845,57.723359,16.059798,-0.090539006,-0.33891441,-57.723359,-16.059798,0.090539006,0.33891441,-0.069597603,-1.3448223,OK,0,3993.1436,968.48674,0.024254142,8.5859511,15,1.5,0.02,0.04,-0.05,40,40,40
8.85,57.791521,12.552667,-0.090417542,0.29808296,-57.791521,-12.552667,0.090417542,-0.29808296,0.74879841,-0.86930479,OK,0,4009.8429,969.27458,0.024295019,8.5863954,15,1.5,0.02,0.04,-0.05,40,40,40
8.855,57.852459,11.198133,-0.0873653,0.77094215,-57.852459,-11.198133,0.0873653,-0.77094215,1.4509082,-0.6846639,OK,0,4026.5774,969.90157,0.024333182,8.5893672,15,1.5,0.02,0.04,-0.05,40,40,40
8.86,57.910068,11.694659,-0.082110079,1.2326081,-57.910068,-11.694659,0.082110079,-1.2326081,2.2432487,-0.75025034,OK,0,4043.3453,970.5854,0.024366893,8.5969638,15,1.5,0.02,0.04,-0.05,40,40,40
8.865,57.962894,10.643918,-0.074862146,1.6428127,-57.962894,-10.643918,0.074862146,-1.6428127,2.9263014,-0.60570825,OK,0,4060.1438,971.15186,0.024394914,8.6104579,15,1.5,0.02,0.04,-0.05,40,40,40
8.87,58.011949,9.8281106,-0.065743037,1.9776287,-58.011949,-9.8281106,0.065743037,-1.9776287,3.5336609,-0.49277304,OK,0,4076.9707,971.63482,0.024416525,8.630013,15,1.5,0.02,0.04,-0.05,40,40,40
8.875,58.059125,9.1727284,-0.055028685,2.2504154,-58.059125,-9.1727284,0.055028685,-2.2504154,4.0782845,-0.4014637,OK,0,4093.825,972.05552,0.024431666,8.6553349,15,1.5,0.02,0.04,-0.05,40,40,40
8.88,58.1034,8.6321665,-0.043114075,2.4718296,-58.1034,-8.6321665,0.043114075,-2.4718296,4.568388,-0.32569626,OK,0,4110.705,972.42809,0.02444096,8.6858846,15,1.5,0.02,0.04,-0.05,40,40,40
8.885,58.145696,8.3544819,-0.030184998,2.6630585,-58.145696,-8.3544819,0.030184998,-2.6630585,5.038906,-0.28548637,OK,0,4127.6096,972.77708,0.024445516,8.721344,15,1.5,0.02,0.04,-0.05,40,40,40
8.89,58.186124,7.9299533,-0.016398217,2.8227205,-58.186124,-7.9299533,0.016398217,-2.8227205,5.4690281,-0.22546006,OK,0,4144.5378,973.0915,0.02444686,8.7611827,15,1.5,0.02,0.04,-0.05,40,40,40
8.895,58.224804,7.5988274,-0.001901903,2.9525545,-58.224804,-7.5988274,0.001901903,-2.9525545,5.8687525,-0.17809402,OK,0,4161.4884,973.38021,0.024446878,8.8047706,15,1.5,0.02,0.04,-0.05,40,40,40
8.9,58.262026,7.3437759,0.013169835,3.0551108,-58.262026,-7.3437759,-0.013169835,-3.0551108,6.2392053,-0.14103208,OK,0,4178.4607,973.64986,0.024447746,8.8514391,15,1.5,0.02,0.04,-0.05,40,40,40
8.905,58.298053,7.1191288,0.02872857,3.1467792,-58.298053,-7.1191288,-0.02872857,-3.1467792,6.6018236,-0.10809343,OK,0,4195.454,973.90327,0.024451872,8.9009502,15,1.5,0.02,0.04,-0.05,40,40,40
8.91,58.333164,6.9461173,0.044683772,3.2246698,-58.333164,-6.9461173,-0.044683772,-3.2246698,6.9517692,-0.082142291,OK,0,4212.4678,974.14452,0.024461855,8.9529427,15,1.5,0.02,0.04,-0.05,40,40,40
8.915,58.367514,6.8227444,0.060980243,3.2820975,-58.367514,-6.8227444,-0.060980243,-3.2820975,7.27811,-0.062890164,OK,0,4229.5016,974.37726,0.024480448,9.0068035,15,1.5,0.02,0.04,-0.05,40,40,40
8.92,58.401212,6.6982461,0.077587789,3.3450566,-58.401212,-6.6982461,-0.077587789,-3.3450566,7.6173558,-0.043505835,OK,0,4246.5552,974.6016,0.024510548,9.0627506,15,1.5,0.02,0.04,-0.05,40,40,40
8.925,58.434473,6.6161969,0.09445527,3.3959164,-58.434473,-6.6161969,-0.09445527,-3.3959164,7.944041,1.35,INFEASIBLE,0,4263.6281,974.82047,0.024555157,9.1204118,15,1.5,0.02,0.04,-0.05,40,40,40
8.93,58.479891,10.939876,0.10964664,2.8068512,-58.479891,-10.939876,-0.10964664,-2.8068512,7.4621692,1.35,INFEASIBLE,0,4280.7276,975.41887,0.024615269,9.1598039,15,1.5,0.02,0.04,-0.05,40,40,40
8.935,58.534914,11.680223,0.12119574,2.0161652,-58.534914,-11.680223,-0.12119574,-2.0161652,6.4800911,1.35,INFEASIBLE,0,4297.8593,976.10101,0.024688711,9.1801285,15,1.5,0.02,0.04,-0.05,40,40,40
8.94,58.600991,14.141897,0.12921705,1.3257806,-58.600991,-14.141897,-0.12921705,-1.3257806,5.6646224,1.35,INFEASIBLE,0,4315.0296,977.10098,0.024772196,9.1889169,15,1.5,0.02,0.04,-0.05,40,40,40
8.945,58.678728,15.705381,0.13375133,0.58420409,-58.678728,-15.705381,-0.13375133,-0.58420409,4.6843658,-1.2544006,OK,0,4332.2456,978.33427,0.024861643,9.1906234,15,1.5,0.02,0.04,-0.05,40,40,40
8.95,58.739016,9.7345816,0.13811332,1.0656395,-58.739016,-9.7345816,-0.13811332,-1.0656395,5.2343225,-0.44141998,OK,0,4349.497,978.80808,0.024957019,9.1963014,15,1.5,0.02,0.04,-0.05,40,40,40
8.955,58.793338,11.061181,0.1448619,1.4968985,-58.793338,-11.061181,-0.1448619,-1.4968985,6.0365902,1.35,INFEASIBLE,0,4366.7803,979.41983,0.025061944,9.2075049,15,1.5,0.02,0.04,-0.05,40,40,40
8.96,58.862277,14.413988,0.15076079,0.89256629,-58.862277,-14.413988,-0.15076079,-0.89256629,5.3540663,1.35,INFEASIBLE,0,4384.1041,980.45865,0.025175588,9.2114883,15,1.5,0.02,0.04,-0.05,40,40,40
8.965,58.943447,16.795715,0.15328647,0.21126296,-58.943447,-16.795715,-0.15328647,-0.21126296,4.466889,1.35,INFEASIBLE,0,4401.4757,981.86913,0.025293072,9.2117114,15,1.5,0.02,0.04,-0.05,40,40,40
8.97,59.035311,17.406931,0.15232315,-0.57074774,-59.035311,-17.406931,-0.15232315,0.57074774,3.3057091,1.35,INFEASIBLE,0,4418.9016,983.38413,0.025409084,9.2133402,15,1.5,0.02,0.04,-0.05,40,40,40
8.975,59.13685,22.241769,0.14780765,-1.1246826,-59.13685,-22.241769,-0.14780765,1.1246826,2.6024986,1.35,INFEASIBLE,0,4436.3874,985.85761,0.025518319,9.2196647,15,1.5,0.02,0.04,-0.05,40,40,40
8.98,59.245391,23.878394,0.1395894,-1.8525337,-59.245391,-23.878394,-0.1395894,1.8525337,1.4550842,1.35,INFEASIBLE,0,4453.9375,988.7085,0.025615745,9.2368241,15,1.5,0.02,0.04,-0.05,40,40,40
8.985,59.36604,26.612524,0.12793354,-2.5229854,-59.36604,-26.612524,-0.12793354,2.5229854,0.38634683,0.38634683,INFEASIBLE,0,4471.5591,992.24963,0.02569758,9.2686514,15,1.5,0.02,0.04,-0.05,40,40,40
8.99,59.484836,23.653152,0.11384503,-2.9159289,-59.484836,-23.653152,-0.11384503,2.9159289,-0.5303951,-0.5303951,INFEASIBLE,0,4489.2514,995.04699,0.025762384,9.3111646,15,1.5,0.02,0.04,-0.05,40,40,40
8.995,59.597014,21.948366,0.10003855,-2.6345112,-59.597014,-21.948366,-0.10003855,2.6345112,-0.38131362,-0.38131362,INFEASIBLE,0,4507.0104,997.45565,0.025812422,9.3458679,15,1.5,0.02,0.04,-0.05,40,40,40
9,59.705105,21.543266,0.08761523,-2.3727437,-59.705105,-21.543266,-0.08761523,2.3727437,-0.18905436,-0.18905436,INFEASIBLE,0,4524.8339,999.77621,0.025850804,9.3740174,15,1.5,0.02,0.04,-0.05,40,40,40
9.005,59.81221,21.303918,0.076171681,-2.2293266,-59.81221,-21.303918,-0.076171681,2.2293266,-0.1530138,-0.1530138,INFEASIBLE,0,4542.7214,1002.0455,0.025879815,9.3988669,15,1.5,0.02,0.04,-0.05,40,40,40
9.01,59.917955,21.083219,0.065346042,-2.1148831,-59.917955,-21.083219,-0.065346042,2.1148831,-0.15044611,-0.15044611,INFEASIBLE,0,4560.6722,1004.268,0.025901166,9.4212306,15,1.5,0.02,0.04,-0.05,40,40,40
9.015,60.022348,20.798513,0.055058999,-2.0120759,-60.022348,-20.798513,-0.055058999,2.0120759,-0.15984136,-0.15984136,INFEASIBLE,0,4578.6856,1006.4309,0.025916323,9.4414728,15,1.5,0.02,0.04,-0.05,40,40,40
9.02,60.125924,20.642213,0.045357588,-1.8962679,-60.125924,-20.642213,-0.045357588,1.8962679,-0.13583105,-0.13583105,INFEASIBLE,0,4596.7612,1008.5614,0.02592661,9.459452,15,1.5,0.02,0.04,-0.05,40,40,40
9.025,60.228137,20.294272,0.036146072,-1.8111673,-60.228137,-20.294272,-0.036146072,1.8111673,-0.15822624,-0.15822624,INFEASIBLE,0,4614.8984,1010.6207,0.025933142,9.4758536,15,1.5,0.02,0.04,-0.05,40,40,40
9.03,60.329065,19.922287,0.027444491,-1.7114935,-60.329065,-19.922287,-0.027444491,1.7114935,-0.15210006,-0.15210006,INFEASIBLE,0,4633.0964,1012.6052,0.025936908,9.4904997,15,1.5,0.02,0.04,-0.05,40,40,40
9.035,60.428989,19.89885,0.019268764,-1.5937829,-60.428989,-19.89885,-0.019268764,1.5937829,-0.097109054,-0.097109054,INFEASIBLE,0,4651.3547,1014.585,0.025938765,9.5032004,15,1.5,0.02,0.04,-0.05,40,40,40
9.04,60.527757,19.790303,0.011473285,-1.524808,-60.527757,-19.790303,-0.011473285,1.524808,-0.11294541,-0.11294541,INFEASIBLE,0,4669.6727,1016.5433,0.025939423,9.5148256,15,1.5,0.02,0.04,-0.05,40,40,40
9.045,60.625872,19.55063,0.0040379159,-1.4582337,-60.625872,-19.55063,-0.0040379159,1.4582337,-0.13223912,-0.13223912,INFEASIBLE,0,4688.0502,1018.4544,0.025939504,9.5254578,15,1.5,0.02,0.04,-0.05,40,40,40
9.05,60.723114,19.331368,-0.0030064363,-1.3780851,-60.723114,-19.331368,0.0030064363,1.3780851,-0.12450729,-0.12450729,INFEASIBLE,0,4706.4867,1020.3229,0.02593955,9.5349534,15,1.5,0.02,0.04,-0.05,40,40,40
9.055,60.81881,18.953477,-0.0097011342,-1.317433,-60.81881,-18.953477,0.0097011342,1.317433,-0.14715128,-0.14715128,INFEASIBLE,0,4724.9813,1022.1191,0.02594002,9.5436315,15,1.5,0.02,0.04,-0.05,40,40,40
9.06,60.914026,18.958651,-0.015957546,-1.2176571,-60.914026,-18.958651,0.015957546,1.2176571,-0.08922233,-0.08922233,INFEASIBLE,0,4743.5339,1023.9162,0.025941293,9.551045,15,1.5,0.02,0.04,-0.05,40,40,40
9.065,61.008574,18.859396,-0.021880389,-1.16395,-61.008574,-18.859396,0.021880389,1.16395,-0.099583483,-0.099583483,INFEASIBLE,0,4762.1441,1025.6946,0.025943687,9.5578189,15,1.5,0.02,0.04,-0.05,40,40,40
9.07,61.102217,18.705437,-0.027547028,-1.1101714,-61.102217,-18.705437,0.027547028,1.1101714,-0.10820074,-0.10820074,INFEASIBLE,0,4780.8115,1027.4441,0.025947481,9.5639813,15,1.5,0.02,0.04,-0.05,40,40,40
9.075,61.195112,18.443284,-0.032936115,-1.0597876,-61.195112,-18.443284,0.032936115,1.0597876,-0.12208947,-0.12208947,INFEASIBLE,0,4799.5358,1029.1449,0.025952905,9.569597,15,1.5,0.02,0.04,-0.05,40,40,40
9.08,61.287153,18.373687,-0.038021323,-0.99269534,-61.287153,-18.373687,0.038021323,0.99269534,-0.098672303,-0.098672303,INFEASIBLE,0,4818.3163,1030.8328,0.025960133,9.5745243,15,1.5,0.02,0.04,-0.05,40,40,40
9.085,61.37827,18.176465,-0.042847626,-0.94390283,-61.37827,-18.176465,0.042847626,0.94390283,-0.10394464,-0.10394464,INFEASIBLE,0,4837.1528,1032.4847,0.025969313,9.578979,15,1.5,0.02,0.04,-0.05,40,40,40
9.09,61.468761,18.061372,-0.047424878,-0.89301406,-61.468761,-18.061372,0.047424878,0.89301406,-0.099064178,-0.099064178,INFEASIBLE,0,4856.0448,1034.1158,0.025980559,9.5829664,15,1.5,0.02,0.04,-0.05,40,40,40
9.095,61.558499,17.886749,-0.051765577,-0.85046998,-61.558499,-17.886749,0.051765577,0.85046998,-0.10554866,-0.10554866,INFEASIBLE,0,4874.9921,1035.7155,0.025993957,9.5865829,15,1.5,0.02,0.04,-0.05,40,40,40
9.1,61.647437,17.692098,-0.055875687,-0.80603069,-61.647437,-17.692098,0.055875687,0.80603069,-0.10654868,-0.10654868,INFEASIBLE,0,4893.9941,1037.2805,0.026009567,9.5898313,15,1.5,0.02,0.04,-0.05,40,40,40
9.105,61.735791,17.626342,-0.059740381,-0.75666955,-61.735791,-17.626342,0.059740381,0.75666955,-0.091340557,-0.091340557,INFEASIBLE,0,4913.0507,1038.834,0.026027412,9.5926941,15,1.5,0.02,0.04,-0.05,40,40,40
9.11,61.823311,17.508576,-0.063405922,-0.71508903,-61.823311,-17.508576,0.063405922,0.71508903,-0.086913091,-0.086913091,INFEASIBLE,0,4932.1613,1040.3667,0.026047513,9.5952508,15,1.5,0.02,0.04,-0.05,40,40,40
9.115,61.910239,17.350573,-0.066894779,-0.68235452,-61.910239,-17.350573,0.066894779,0.68235452,-0.094725756,-0.094725756,INFEASIBLE,0,4951.3256,1041.8719,0.026069888,9.5975789,15,1.5,0.02,0.04,-0.05,40,40,40
9.12,61.996711,17.254214,-0.070201897,-0.64924722,-61.996711,-17.254214,0.070201897,0.64924722,-0.096796495,-0.096796495,INFEASIBLE,0,4970.5436,1043.3605,0.02609453,9.5996865,15,1.5,0.02,0.04,-0.05,40,40,40
9.125,62.082293,17.121243,-0.07332098,-0.6075133,-62.082293,-17.121243,0.07332098,0.6075133,-0.084589059,-0.084589059,INFEASIBLE,0,4989.8147,1044.8262,0.026121409,9.6015318,15,1.5,0.02,0.04,-0.05,40,40,40
9.13,62.16743,17.007801,-0.076273872,-0.57807217,-62.16743,-17.007801,0.076273872,0.57807217,-0.087555694,-0.087555694,INFEASIBLE,0,5009.1386,1046.2725,0.026150498,9.6032027,15,1.5,0.02,0.04,-0.05,40,40,40
9.135,62.251978,16.889983,-0.07907402,-0.54612385,-62.251978,-16.889983,0.07907402,0.54612385,-0.084657207,-0.084657207,INFEASIBLE,0,5028.5152,1047.6989,0.026181761,9.6046939,15,1.5,0.02,0.04,-0.05,40,40,40
9.14,62.335855,16.738985,-0.081740643,-0.52048863,-62.335855,-16.738985,0.081740643,0.52048863,-0.090566108,-0.090566108,INFEASIBLE,0,5047.9439,1049.0998,0.026215169,9.6060485,15,1.5,0.02,0.04,-0.05,40,40,40
9.145,62.419216,16.621605,-0.08425173,-0.49294196,-62.419216,-16.621605,0.08425173,0.49294196,-0.089940368,-0.089940368,INFEASIBLE,0,5067.4247,1050.4812,0.026250661,9.6072634,15,1.5,0.02,0.04,-0.05,40,40,40
9.15,62.501998,16.503926,-0.086625291,-0.46212654,-62.501998,-16.503926,0.086625291,0.46212654,-0.082372163,-0.082372163,INFEASIBLE,0,5086.9572,1051.8431,0.026288181,9.6083312,15,1.5,0.02,0.04,-0.05,40,40,40
9.155,62.584289,16.371525,-0.08886489,-0.44142632,-62.584289,-16.371525,0.08886489,0.44142632,-0.088566043,-0.088566043,INFEASIBLE,0,5106.5412,1053.1832,0.026327665,9.6093055,15,1.5,0.02,0.04,-0.05,40,40,40
9.16,62.665865,16.245391,-0.09098839,-0.41331079,-62.665865,-16.245391,0.09098839,0.41331079,-0.08165909,-0.08165909,INFEASIBLE,0,5126.1763,1054.5028,0.02636906,9.6101596,15,1.5,0.02,0.04,-0.05,40,40,40
9.165,62.746918,16.114078,-0.092986461,-0.38971751,-62.746918,-16.114078,0.092986461,0.38971751,-0.079871705,-0.079871705,INFEASIBLE,0,5145.8621,1055.8011,0.026412292,9.610919,15,1.5,0.02,0.04,-0.05,40,40,40
9.17,62.827461,16.013845,-0.094879003,-0.36959159,-62.827461,-16.013845,0.094879003,0.36959159,-0.080469395,-1.3399448,OK,0,5165.5986,1057.0833,0.026457302,9.611602,15,1.5,0.02,0.04,-0.05,40,40,40
9.175,62.895264,12.647424,-0.094953257,0.26881129,-62.895264,-12.647424,0.094953257,-0.26881129,0.74272031,-0.88342157,OK,0,5185.3777,1057.8831,0.026502383,9.6119633,15,1.5,0.02,0.04,-0.05,40,40,40
9.18,62.956016,11.395356,-0.092066796,0.75471907,-62.956016,-11.395356,0.092066796,-0.75471907,1.4660112,-0.7126363,OK,0,5205.195,1058.5324,0.026544764,9.6148113,15,1.5,0.02,0.04,-0.05,40,40,40
9.185,63.013928,11.676202,-0.086898917,1.2162296,-63.013928,-11.676202,0.086898917,-1.2162296,2.2481873,-0.74899725,OK,0,5225.0487,1059.2141,0.026582522,9.6222074,15,1.5,0.02,0.04,-0.05,40,40,40
9.19,63.067063,10.42913,-0.079714255,1.6140308,-63.067063,-10.42913,0.079714255,-1.6140308,2.9038389,-0.57780286,OK,0,5244.936,1059.7579,0.026614293,9.6352329,15,1.5,0.02,0.04,-0.05,40,40,40
9.195,63.116985,9.8587784,-0.07068166,1.9440621,-63.116985,-9.8587784,0.07068166,-1.9440621,3.5125591,-0.49806918,OK,0,5264.8548,1060.2439,0.026639273,9.6541298,15,1.5,0.02,0.04,-0.05,40,40,40
9.2,63.164485,9.1488735,-0.060122779,2.2153853,-63.164485,-9.1488735,0.060122779,-2.2153853,4.0504809,-0.39934702,OK,0,5284.8035,1060.6624,0.026657347,9.6786694,15,1.5,0.02,0.04,-0.05,40,40,40
9.205,63.209577,8.6798093,-0.048337356,2.4357533,-63.209577,-8.6798093,0.048337356,-2.4357533,4.5399535,-0.33321712,OK,0,5304.7808,1061.0391,0.026669029,9.7083339,15,1.5,0.02,0.04,-0.05,40,40,40
9.21,63.252229,8.3703463,-0.035569323,2.6283767,-63.252229,-8.3703463,0.035569323,-2.6283767,5.0088836,-0.2886854,OK,0,5324.785,1061.3894,0.026675355,9.7428757,15,1.5,0.02,0.04,-0.05,40,40,40
9.215,63.292705,7.9505692,-0.021955276,2.7887685,-63.292705,-7.9505692,0.021955276,-2.7887685,5.4377005,-0.22927929,OK,0,5344.8148,1061.7055,0.026677765,9.7817619,15,1.5,0.02,0.04,-0.05,40,40,40
9.22,63.331309,7.5210613,-0.0076316609,2.9134961,-63.331309,-7.5210613,0.0076316609,-2.9134961,5.8232379,-0.16860528,OK,0,5364.8691,1061.9883,0.026678056,9.8242042,15,1.5,0.02,0.04,-0.05,40,40,40
9.225,63.368636,7.3529713,0.007254252,3.0164573,-63.368636,-7.3529713,-0.007254252,-3.0164573,6.1949913,-0.1432824,OK,0,5384.947,1062.2586,0.026678319,9.8696992,15,1.5,0.02,0.04,-0.05,40,40,40
9.23,63.404818,7.151412,0.022608481,3.1058291,-63.404818,-7.151412,-0.022608481,-3.1058291,6.5520237,-0.11345661,OK,0,5405.0479,1062.5143,0.026680875,9.9179301,15,1.5,0.02,0.04,-0.05,40,40,40
9.235,63.440027,6.9653071,0.038370563,3.1849485,-63.440027,-6.9653071,-0.038370563,-3.1849485,6.9003941,-0.085730756,OK,0,5425.1711,1062.7569,0.026688237,9.9686496,15,1.5,0.02,0.04,-0.05,40,40,40
9.24,63.474438,6.822743,0.054481086,3.2485876,-63.474438,-6.822743,-0.054481086,-3.2485876,7.2324962,-0.06388767,OK,0,5445.3161,1062.9897,0.026703078,10.021416,15,1.5,0.02,0.04,-0.05,40,40,40
9.245,63.508224,6.7123653,0.07089189,3.3045195,-63.508224,-6.7123653,-0.07089189,-3.3045195,7.5588168,-0.046397365,OK,0,5465.4826,1063.2149,0.026728206,10.076015,15,1.5,0.02,0.04,-0.05,40,40,40
9.25,63.541545,6.6303739,0.087561328,3.3543613,-63.541545,-6.6303739,-0.087561328,-3.3543613,7.8810077,-0.032751669,OK,0,5485.6702,1063.4347,0.026766541,10.132274,15,1.5,0.02,0.04,-0.05,40,40,40
9.255,63.574446,6.5585794,0.10448193,3.400159,-63.574446,-6.5585794,-0.10448193,-3.400159,8.2012996,1.35,INFEASIBLE,0,5505.8788,1063.6498,0.026821123,10.19008,15,1.5,0.02,0.04,-0.05,40,40,40
9.26,63.616929,9.81438,0.11956915,2.7582611,-63.616929,-9.81438,-0.11956915,-2.7582611,7.5958427,1.35,INFEASIBLE,0,5526.1143,1064.1314,0.026892607,10.22812,15,1.5,0.02,0.04,-0.05,40,40,40
9.265,63.672962,12.00715,0.13126967,2.0529362,-63.672962,-12.00715,-0.13126967,-2.0529362,6.8021945,1.35,INFEASIBLE,0,5546.3856,1064.8523,0.026978766,10.249192,15,1.5,0.02,0.04,-0.05,40,40,40
9.27,63.739173,12.98708,0.13940541,1.2854974,-63.739173,-12.98708,-0.13940541,-1.2854974,5.8135939,1.35,INFEASIBLE,0,5566.699,1065.6956,0.027075935,10.257455,15,1.5,0.02,0.04,-0.05,40,40,40
9.275,63.814877,16.62631,0.14397761,0.66925666,-63.814877,-16.62631,-0.14397761,-0.66925666,5.1048991,1.35,INFEASIBLE,0,5587.0607,1067.0778,0.027179583,10.259694,15,1.5,0.02,0.04,-0.05,40,40,40
9.28,63.899782,16.898778,0.14495843,-0.13415774,-63.899782,-16.898778,-0.14495843,0.13415774,3.9270865,1.35,INFEASIBLE,0,5607.4766,1068.5056,0.027284648,10.259784,15,1.5,0.02,0.04,-0.05,40,40,40
9.285,63.997501,20.791703,0.1425478,-0.74248651,-63.997501,-20.791703,-0.1425478,0.74248651,3.1361053,1.35,INFEASIBLE,0,5627.955,1070.6671,0.027386247,10.262541,15,1.5,0.02,0.04,-0.05,40,40,40
9.29,64.101849,23.123251,0.13640075,-1.4338487,-64.101849,-23.123251,-0.13640075,1.4338487,2.1022053,1.35,INFEASIBLE,0,5648.5002,1073.3405,0.027479273,10.27282,15,1.5,0.02,0.04,-0.05,40,40,40
9.295,64.217738,25.376144,0.12679033,-2.1302057,-64.217738,-25.376144,-0.12679033,2.1302057,1.005947,1.005947,INFEASIBLE,0,5669.1198,1076.5603,0.027559652,10.295509,15,1.5,0.02,0.04,-0.05,40,40,40
9.3,64.337827,23.829348,0.11388743,-2.8417761,-64.337827,-23.829348,-0.11388743,2.8417761,-0.31442218,-0.31442218,INFEASIBLE,0,5689.8166,1079.3995,0.027624503,10.335888,15,1.5,0.02,0.04,-0.05,40,40,40
9.305,64.451271,22.268061,0.10002074,-2.6979258,-64.451271,-22.268061,-0.10002074,2.6979258,-0.36682964,-0.36682964,INFEASIBLE,0,5710.5864,1081.8788,0.027674524,10.372282,15,1.5,0.02,0.04,-0.05,40,40,40
9.31,64.55943,21.307968,0.087156019,-2.4882802,-64.55943,-21.307968,-0.087156019,2.4882802,-0.28157265,-0.28157265,INFEASIBLE,0,5731.426,1084.1489,0.027712505,10.403239,15,1.5,0.02,0.04,-0.05,40,40,40
9.315,64.665228,21.098839,0.075348946,-2.2804957,-64.665228,-21.098839,-0.075348946,2.2804957,-0.15325128,-0.15325128,INFEASIBLE,0,5752.334,1086.3747,0.027740892,10.429243,15,1.5,0.02,0.04,-0.05,40,40,40
9.32,64.770185,21.025547,0.064324098,-2.1521999,-64.770185,-21.025547,-0.064324098,2.1521999,-0.12701284,-0.12701284,INFEASIBLE,0,5773.3099,1088.5851,0.02776158,10.452403,15,1.5,0.02,0.04,-0.05,40,40,40
9.325,64.874087,20.65022,0.053825148,-2.0637031,-64.874087,-20.65022,-0.053825148,2.0637031,-0.16468694,-0.16468694,INFEASIBLE,0,5794.3531,1090.7173,0.027776066,10.473697,15,1.5,0.02,0.04,-0.05,40,40,40
9.33,64.976543,20.435162,0.043838852,-1.945027,-64.976543,-20.435162,-0.043838852,1.945027,-0.14302041,-0.14302041,INFEASIBLE,0,5815.4628,1092.8052,0.027785675,10.492613,15,1.5,0.02,0.04,-0.05,40,40,40
9.335,65.077774,20.182492,0.034380756,-1.8456923,-65.077774,-20.182492,-0.034380756,1.8456923,-0.14397189,-0.14397189,INFEASIBLE,0,5836.6384,1094.8419,0.027791585,10.509645,15,1.5,0.02,0.04,-0.05,40,40,40
9.34,65.177234,19.672714,0.025373725,-1.7736756,-65.177234,-19.672714,-0.025373725,1.7736756,-0.18945427,-0.18945427,INFEASIBLE,0,5857.8788,1096.777,0.027794805,10.525375,15,1.5,0.02,0.04,-0.05,40,40,40
9.345,65.275495,19.542564,0.016937344,-1.6391274,-65.275495,-19.542564,-0.016937344,1.6391274,-0.11741842,-0.11741842,INFEASIBLE,0,5879.1832,1098.6865,0.027796239,10.538809,15,1.5,0.02,0.04,-0.05,40,40,40
9.35,65.372825,19.507067,0.0089730444,-1.5535031,-65.372825,-19.507067,-0.0089730444,1.5535031,-0.10791983,-0.10791983,INFEASIBLE,0,5900.5513,1100.5892,0.027796642,10.550876,15,1.5,0.02,0.04,-0.05,40,40,40
9.355,65.469918,19.381536,0.0014131831,-1.4819585,-65.469918,-19.381536,-0.0014131831,1.4819585,-0.11708022,-0.11708022,INFEASIBLE,0,5921.9828,1102.4674,0.027796652,10.561857,15,1.5,0.02,0.04,-0.05,40,40,40
9.36,65.566169,19.189349,-0.0057889485,-1.4107085,-65.566169,-19.189349,0.0057889485,1.4107085,-0.12399962,-0.12399962,INFEASIBLE,0,5943.4774,1104.3086,0.027796819,10.571807,15,1.5,0.02,0.04,-0.05,40,40,40
9.365,65.66145,18.951904,-0.012632783,-1.3422456,-65.66145,-18.951904,0.012632783,1.3422456,-0.13155498,-0.13155498,INFEASIBLE,0,5965.0346,1106.1044,0.027797617,10.580815,15,1.5,0.02,0.04,-0.05,40,40,40
9.37,65.755413,18.80431,-0.019137329,-1.266333,-65.755413,-18.80431,0.019137329,1.266333,-0.11927871,-0.11927871,INFEASIBLE,0,5986.6534,1107.8724,0.027799448,10.588833,15,1.5,0.02,0.04,-0.05,40,40,40
9.375,65.848841,18.684296,-0.025279045,-1.1989468,-65.848841,-18.684296,0.025279045,1.1989468,-0.1132572,-0.1132572,INFEASIBLE,0,6008.3338,1109.618,0.027802643,10.596021,15,1.5,0.02,0.04,-0.05,40,40,40
9.38,65.941478,18.516139,-0.031105107,-1.1381291,-65.941478,-18.516139,0.031105107,1.1381291,-0.11429507,-0.11429507,INFEASIBLE,0,6030.0752,1111.3322,0.027807481,10.602497,15,1.5,0.02,0.04,-0.05,40,40,40
9.385,66.033003,18.16405,-0.036647755,-1.0888118,-66.033003,-18.16405,0.036647755,1.0888118,-0.13571195,-0.13571195,INFEASIBLE,0,6051.877,1112.9819,0.027814196,10.608425,15,1.5,0.02,0.04,-0.05,40,40,40
9.39,66.123725,18.046307,-0.04185931,-1.0169969,-66.123725,-18.046307,0.04185931,1.0169969,-0.10905823,-0.10905823,INFEASIBLE,0,6073.7387,1114.6102,0.027822957,10.613596,15,1.5,0.02,0.04,-0.05,40,40,40
9.395,66.213639,17.958477,-0.046779832,-0.9613125,-66.213639,-17.958477,0.046779832,0.9613125,-0.10105436,-0.10105436,INFEASIBLE,0,6095.6599,1116.2227,0.027833899,10.618217,15,1.5,0.02,0.04,-0.05,40,40,40
9.4,66.302735,17.863181,-0.051461058,-0.91432684,-66.302735,-17.863181,0.051461058,0.91432684,-0.10282417,-0.10282417,INFEASIBLE,0,6117.6402,1117.8182,0.02784714,10.622397,15,1.5,0.02,0.04,-0.05,40,40,40
9.405,66.391373,17.680657,-0.055900561,-0.87005842,-66.391373,-17.680657,0.055900561,0.87005842,-0.10854229,-0.10854229,INFEASIBLE,0,6139.6793,1119.3812,0.027862765,10.626182,15,1.5,0.02,0.04,-0.05,40,40,40
9.41,66.479146,17.569773,-0.060119018,-0.82274246,-66.479146,-17.569773,0.060119018,0.82274246,-0.10352515,-0.10352515,INFEASIBLE,0,6161.7766,1120.9247,0.027880836,10.629566,15,1.5,0.02,0.04,-0.05,40,40,40
9.415,66.566144,17.301064,-0.06410704,-0.78063771,-66.566144,-17.301064,0.06410704,0.78063771,-0.10919671,-0.10919671,INFEASIBLE,0,6183.9319,1122.4213,0.027901385,10.632613,15,1.5,0.02,0.04,-0.05,40,40,40
9.42,66.65249,17.224358,-0.067861612,-0.73169176,-66.65249,-17.224358,0.067861612,0.73169176,-0.093437669,-0.093437669,INFEASIBLE,0,6206.1447,1123.9047,0.027924411,10.63529,15,1.5,0.02,0.04,-0.05,40,40,40
9.425,66.73803,17.064769,-0.071415034,-0.6938297,-66.73803,-17.064769,0.071415034,0.6938297,-0.094618707,-0.094618707,INFEASIBLE,0,6228.4145,1125.3608,0.027949911,10.637697,15,1.5,0.02,0.04,-0.05,40,40,40
9.43,66.823032,16.893815,-0.07478698,-0.66187027,-66.823032,-16.893815,0.07478698,0.66187027,-0.10239688,-0.10239688,INFEASIBLE,0,6250.7411,1126.7878,0.027977877,10.639888,15,1.5,0.02,0.04,-0.05,40,40,40
9.435,66.907205,16.867312,-0.077974059,-0.62083933,-66.907205,-16.867312,0.077974059,0.62083933,-0.088033293,-0.088033293,INFEASIBLE,0,6273.124,1128.2103,0.028008276,10.641815,15,1.5,0.02,0.04,-0.05,40,40,40
9.44,66.990777,16.61713,-0.080983376,-0.58893852,-66.990777,-16.61713,0.080983376,0.58893852,-0.093657661,-0.093657661,INFEASIBLE,0,6295.5628,1129.591,0.028041068,10.643549,15,1.5,0.02,0.04,-0.05,40,40,40
9.445,67.0737,16.617819,-0.083844985,-0.55402651,-67.0737,-16.617819,0.083844985,0.55402651,-0.082527769,-0.082527769,INFEASIBLE,0,6318.0572,1130.9717,0.028076218,10.645084,15,1.5,0.02,0.04,-0.05,40,40,40
9.45,67.156209,16.410802,-0.086548475,-0.53110304,-67.156209,-16.410802,0.086548475,0.53110304,-0.095325423,-0.095325423,INFEASIBLE,0,6340.607,1132.3183,0.028113671,10.646494,15,1.5,0.02,0.04,-0.05,40,40,40
9.455,67.237999,16.346318,-0.089126492,-0.50310764,-67.237999,-16.346318,0.089126492,0.50310764,-0.092946164,-0.092946164,INFEASIBLE,0,6363.2117,1133.6543,0.028153389,10.64776,15,1.5,0.02,0.04,-0.05,40,40,40
9.46,67.319127,16.105421,-0.091542765,-0.4708844,-67.319127,-16.105421,0.091542765,0.4708844,-0.088868681,-0.088868681,INFEASIBLE,0,6385.871,1134.9512,0.028195289,10.648868,15,1.5,0.02,0.04,-0.05,40,40,40
9.465,67.399819,16.10938,-0.093822246,-0.44891685,-67.399819,-16.10938,0.093822246,0.44891685,-0.08833738,-0.08833738,INFEASIBLE,0,6408.5847,1136.2488,0.028239302,10.649876,15,1.5,0.02,0.04,-0.05,40,40,40
9.47,67.479793,15.882043,-0.095970294,-0.4187548,-67.479793,-15.882043,0.095970294,0.4187548,-0.082809029,-1.3223963,OK,0,6431.3523,1137.51,0.028285354,10.650753,15,1.5,0.02,0.04,-0.05,40,40,40
9.475,67.549581,14.023639,-0.096169518,0.29913549,-67.549581,-14.023639,0.096169518,-0.29913549,0.91809762,-1.0704237,OK,0,6454.1671,1138.4933,0.028331597,10.6512,15,1.5,0.02,0.04,-0.05,40,40,40
9.48,67.610063,11.842457,-0.093214222,0.84778794,-67.610063,-11.842457,0.093214222,-0.84778794,1.6993681,-0.77350586,OK,0,6477.0227,1139.1945,0.028375041,10.654794,15,1.5,0.02,0.04,-0.05,40,40,40
9.485,67.664868,10.673054,-0.087778631,1.2634525,-67.664868,-10.673054,0.087778631,-1.2634525,2.3587189,-0.61320083,OK,0,6499.9153,1139.7641,0.028413566,10.662775,15,1.5,0.02,0.04,-0.05,40,40,40
9.49,67.716682,10.548969,-0.080400565,1.6392205,-67.716682,-10.548969,0.080400565,-1.6392205,3.0291147,-0.59417286,OK,0,6522.8431,1140.3205,0.028445888,10.676211,15,1.5,0.02,0.04,-0.05,40,40,40
9.495,67.766895,9.8134897,-0.071236593,1.9660314,-67.766895,-9.8134897,0.071236593,-1.9660314,3.6283757,-0.49203438,OK,0,6545.8048,1140.802,0.028471261,10.695537,15,1.5,0.02,0.04,-0.05,40,40,40
9.5,67.814038,9.1380724,-0.060593636,2.2334439,-67.814038,-9.1380724,0.060593636,-2.2334439,4.163065,-0.39796299,OK,0,6568.7986,1141.2195,0.028489619,10.720478,15,1.5,0.02,0.04,-0.05,40,40,40
9.505,67.857999,8.4392307,-0.048775528,2.4409184,-67.857999,-8.4392307,0.048775528,-2.4409184,4.6244739,-0.30076173,OK,0,6591.8221,1141.5756,0.028501514,10.750269,15,1.5,0.02,0.04,-0.05,40,40,40
9.51,67.899699,8.171697,-0.036036016,2.6137848,-67.899699,-8.171697,0.036036016,-2.6137848,5.0649989,-0.26193263,OK,0,6614.8739,1141.9095,0.028508007,10.784428,15,1.5,0.02,0.04,-0.05,40,40,40
9.515,67.939433,7.7953938,-0.022542618,2.7565147,-67.939433,-7.7953938,0.022542618,-2.7565147,5.4672372,-0.20843484,OK,0,6637.9528,1142.2134,0.028510548,10.82242,15,1.5,0.02,0.04,-0.05,40,40,40
9.52,67.977424,7.4879086,-0.0084147626,2.8749427,-67.977424,-7.4879086,0.0084147626,-2.8749427,5.8452575,-0.16427351,OK,0,6661.0574,1142.4937,0.028510902,10.863747,15,1.5,0.02,0.04,-0.05,40,40,40
9.525,68.014168,7.2601167,0.0062387369,2.9674729,-68.014168,-7.2601167,-0.0062387369,-2.9674729,6.1954784,-0.13090402,OK,0,6684.1871,1142.7572,0.028511097,10.907776,15,1.5,0.02,0.04,-0.05,40,40,40
9.53,68.049818,7.053796,0.021333564,3.0504699,-68.049818,-7.053796,-0.021333564,-3.0504699,6.5388566,-0.10044801,OK,0,6707.3409,1143.006,0.028513372,10.954303,15,1.5,0.02,0.04,-0.05,40,40,40
9.535,68.084644,6.8961144,0.036783089,3.1198541,-68.084644,-6.8961144,-0.036783089,-3.1198541,6.8690649,-0.076572185,OK,0,6730.5185,1143.2438,0.028520137,11.00297,15,1.5,0.02,0.04,-0.05,40,40,40
9.54,68.118783,6.7860755,0.052539384,3.1718626,-68.118783,-6.7860755,-0.052539384,-3.1718626,7.1797033,-0.059128277,OK,0,6753.7194,1143.4741,0.028533939,11.053274,15,1.5,0.02,0.04,-0.05,40,40,40
9.545,68.152307,6.6646567,0.068592319,3.2300647,-68.152307,-6.6646567,-0.068592319,-3.2300647,7.5036142,-0.040158243,OK,0,6776.9431,1143.6961,0.028557464,11.10544,15,1.5,0.02,0.04,-0.05,40,40,40
9.55,68.185412,6.5764789,0.084874473,3.2822365,-68.185412,-6.5764789,-0.084874473,-3.2822365,7.8232393,-0.025690612,OK,0,6800.1893,1143.9124,0.028593482,11.159306,15,1.5,0.02,0.04,-0.05,40,40,40
9.555,68.218137,6.5269413,0.1013903,3.316818,-68.218137,-6.5269413,-0.1013903,-3.316818,8.1215219,1.35,INFEASIBLE,0,6823.4579,1144.1254,0.028644882,11.214312,15,1.5,0.02,0.04,-0.05,40,40,40
9.56,68.259498,9.5228611,0.11599133,2.6589167,-68.259498,-9.5228611,-0.11599133,-2.6589167,7.4743494,1.35,INFEASIBLE,0,6846.7547,1144.5788,0.028712152,11.249661,15,1.5,0.02,0.04,-0.05,40,40,40
9.565,68.312965,11.296294,0.12711175,1.9247631,-68.312965,-11.296294,-0.12711175,-1.9247631,6.611932,1.35,INFEASIBLE,0,6870.088,1145.2169,0.028792939,11.268185,15,1.5,0.02,0.04,-0.05,40,40,40
9.57,68.380198,14.351427,0.13486189,1.2704188,-68.380198,-14.351427,-0.13486189,-1.2704188,5.8702177,1.35,INFEASIBLE,0,6893.4673,1146.2467,0.028883878,11.276255,15,1.5,0.02,0.04,-0.05,40,40,40
9.575,68.456111,15.794692,0.13898266,0.53176301,-68.456111,-15.794692,-0.13898266,-0.53176301,4.8832943,-1.2662106,OK,0,6916.8984,1147.494,0.028980459,11.277669,15,1.5,0.02,0.04,-0.05,40,40,40
9.58,68.513195,11.445476,0.14286169,1.1457289,-68.513195,-11.445476,-0.14286169,-1.1457289,5.6896017,-0.67398035,OK,0,6940.3687,1148.149,0.029082506,11.284232,15,1.5,0.02,0.04,-0.05,40,40,40
9.585,68.5659,10.764021,0.14973432,1.5996855,-68.5659,-10.764021,-0.14973432,-1.5996855,6.4474219,1.35,INFEASIBLE,0,6963.8752,1148.7284,0.029194608,11.297027,15,1.5,0.02,0.04,-0.05,40,40,40
9.59,68.633087,14.013617,0.15603126,0.97148785,-68.633087,-14.013617,-0.15603126,-0.97148785,5.7309071,1.35,INFEASIBLE,0,6987.4277,1149.7103,0.029316336,11.301746,15,1.5,0.02,0.04,-0.05,40,40,40
9.595,68.714018,17.627474,0.1590443,0.35631833,-68.714018,-17.627474,-0.1590443,-0.35631833,4.9995212,1.35,INFEASIBLE,0,7011.0357,1151.2639,0.029442812,11.302381,15,1.5,0.02,0.04,-0.05,40,40,40
9.6,68.803092,18.195275,0.1584685,-0.42056051,-68.803092,-18.195275,-0.1584685,0.42056051,3.8500596,1.35,INFEASIBLE,0,7034.7051,1152.9192,0.029568373,11.303265,15,1.5,0.02,0.04,-0.05,40,40,40
9.605,68.902589,21.009754,0.1543832,-1.0824185,-68.902589,-21.009754,-0.1543832,1.0824185,2.9105622,1.35,INFEASIBLE,0,7058.4429,1155.1263,0.029687544,11.309123,15,1.5,0.02,0.04,-0.05,40,40,40
9.61,69.010198,22.769239,0.14665736,-1.8025563,-69.010198,-22.769239,-0.14665736,1.8025563,1.7869994,1.35,INFEASIBLE,0,7082.2549,1157.7185,0.029795086,11.325369,15,1.5,0.02,0.04,-0.05,40,40,40
9.615,69.130258,25.535134,0.13552054,-2.4719723,-69.130258,-25.535134,-0.13552054,2.4719723,0.72886011,0.72886011,INFEASIBLE,0,7106.1499,1160.9787,0.029886915,11.355923,15,1.5,0.02,0.04,-0.05,40,40,40
9.62,69.246608,23.53258,0.12118833,-3.0289648,-69.246608,-23.53258,-0.12118833,3.0289648,-0.39938688,-0.39938688,INFEASIBLE,0,7130.1254,1163.7476,0.029960348,11.401796,15,1.5,0.02,0.04,-0.05,40,40,40
9.625,69.360116,22.559132,0.10667516,-2.7780492,-69.360116,-22.559132,-0.10667516,2.7780492,-0.27737881,-0.27737881,INFEASIBLE,0,7154.1795,1166.2922,0.030017246,11.440384,15,1.5,0.02,0.04,-0.05,40,40,40
9.63,69.470776,22.122256,0.093250931,-2.5870042,-69.470776,-22.122256,-0.093250931,2.5870042,-0.2074366,-0.2074366,INFEASIBLE,0,7178.3104,1168.7391,0.030060725,11.473847,15,1.5,0.02,0.04,-0.05,40,40,40
9.635,69.57945,21.797272,0.08064979,-2.4410181,-69.57945,-21.797272,-0.08064979,2.4410181,-0.18830043,-0.18830043,INFEASIBLE,0,7202.5169,1171.1148,0.030093247,11.503639,15,1.5,0.02,0.04,-0.05,40,40,40
9.64,69.686705,21.265918,0.068774684,-2.3295378,-69.686705,-21.265918,-0.068774684,2.3295378,-0.21831557,-0.21831557,INFEASIBLE,0,7226.7981,1173.3759,0.030116896,11.530773,15,1.5,0.02,0.04,-0.05,40,40,40
9.645,69.791948,20.879192,0.057589372,-2.1816803,-69.791948,-20.879192,-0.057589372,2.1816803,-0.17767318,-0.17767318,INFEASIBLE,0,7251.1527,1175.5557,0.030133479,11.554572,15,1.5,0.02,0.04,-0.05,40,40,40
9.65,69.895628,20.643863,0.047061182,-2.053079,-69.895628,-20.643863,-0.047061182,2.053079,-0.15003363,-0.15003363,INFEASIBLE,0,7275.5797,1177.6865,0.030144553,11.575647,15,1.5,0.02,0.04,-0.05,40,40,40
9.655,69.998123,20.615727,0.037108671,-1.9297272,-69.998123,-20.615727,-0.037108671,1.9297272,-0.11336924,-0.11336924,INFEASIBLE,0,7300.0784,1179.8115,0.030151438,11.594267,15,1.5,0.02,0.04,-0.05,40,40,40
9.66,70.100218,20.34157,0.027642205,-1.8622409,-70.100218,-20.34157,-0.027642205,1.8622409,-0.16306107,-0.16306107,INFEASIBLE,0,7324.6486,1181.8804,0.030155259,11.611606,15,1.5,0.02,0.04,-0.05,40,40,40
9.665,70.201091,20.038935,0.018653243,-1.7552851,-70.201091,-20.038935,-0.018653243,1.7552851,-0.14754975,-0.14754975,INFEASIBLE,0,7349.2895,1183.8882,0.030156998,11.627012,15,1.5,0.02,0.04,-0.05,40,40,40
9.67,70.300304,19.711936,0.010128722,-1.6713092,-70.300304,-19.711936,-0.010128722,1.6713092,-0.16054944,-0.16054944,INFEASIBLE,0,7374.0002,1185.831,0.030157511,11.640978,15,1.5,0.02,0.04,-0.05,40,40,40
9.675,70.398733,19.561688,0.002128734,-1.5631697,-70.398733,-19.561688,-0.002128734,1.5631697,-0.12238141,-0.12238141,INFEASIBLE,0,7398.7801,1187.7443,0.030157534,11.653195,15,1.5,0.02,0.04,-0.05,40,40,40
9.68,70.495985,19.391998,-0.0054531063,-1.4836307,-70.495985,-19.391998,0.0054531063,1.4836307,-0.12164306,-0.12164306,INFEASIBLE,0,7423.6285,1189.6246,0.030157683,11.664201,15,1.5,0.02,0.04,-0.05,40,40,40
9.685,70.592049,19.301074,-0.012685955,-1.4071734,-70.592049,-19.301074,0.012685955,1.4071734,-0.11716552,-0.11716552,INFEASIBLE,0,7448.5447,1191.4872,0.030158487,11.674102,15,1.5,0.02,0.04,-0.05,40,40,40
9.69,70.687659,19.12169,-0.019545652,-1.3393599,-70.687659,-19.12169,0.019545652,1.3393599,-0.12360388,-0.12360388,INFEASIBLE,0,7473.5285,1193.3154,0.030160398,11.683071,15,1.5,0.02,0.04,-0.05,40,40,40
9.695,70.78222,18.789064,-0.026064348,-1.2790793,-70.78222,-18.789064,0.026064348,1.2790793,-0.14237714,-0.14237714,INFEASIBLE,0,7498.5791,1195.0806,0.030163794,11.691252,15,1.5,0.02,0.04,-0.05,40,40,40
9.7,70.875891,18.719541,-0.032202501,-1.1916313,-70.875891,-18.719541,0.032202501,1.1916313,-0.10418501,-0.10418501,INFEASIBLE,0,7523.696,1196.8327,0.030168979,11.698351,15,1.5,0.02,0.04,-0.05,40,40,40
9.705,70.968692,18.565238,-0.038029747,-1.1407415,-70.968692,-18.565238,0.038029747,1.1407415,-0.11957509,-0.11957509,INFEASIBLE,0,7548.8788,1198.556,0.030176211,11.704858,15,1.5,0.02,0.04,-0.05,40,40,40
9.71,71.060434,18.20388,-0.043586304,-1.0917687,-71.060434,-18.20388,0.043586304,1.0917687,-0.14208369,-0.14208369,INFEASIBLE,0,7574.1267,1200.2129,0.030185709,11.710818,15,1.5,0.02,0.04,-0.05,40,40,40
9.715,71.151346,18.019699,-0.048809466,-1.0198303,-71.151346,-18.019699,0.048809466,1.0198303,-0.11807252,-0.11807252,INFEASIBLE,0,7599.4393,1201.8365,0.030197621,11.716018,15,1.5,0.02,0.04,-0.05,40,40,40
9.72,71.241533,17.970882,-0.053698223,-0.9571774,-71.241533,-17.970882,0.053698223,0.9571774,-0.097573488,-0.097573488,INFEASIBLE,0,7624.8161,1203.4512,0.030212039,11.720599,15,1.5,0.02,0.04,-0.05,40,40,40
9.725,71.330915,17.799619,-0.058341941,-0.91282107,-71.330915,-17.799619,0.058341941,0.91282107,-0.10575765,-0.10575765,INFEASIBLE,0,7650.2566,1205.0354,0.030229058,11.724765,15,1.5,0.02,0.04,-0.05,40,40,40
9.73,71.419593,17.637222,-0.062760987,-0.8645515,-71.419593,-17.637222,0.062760987,0.8645515,-0.10436131,-0.10436131,INFEASIBLE,0,7675.7604,1206.5907,0.030248752,11.728502,15,1.5,0.02,0.04,-0.05,40,40,40
9.735,71.507318,17.577738,-0.066968039,-0.81936852,-71.507318,-17.577738,0.066968039,0.81936852,-0.10031751,-0.10031751,INFEASIBLE,0,7701.3268,1208.1356,0.030271176,11.731859,15,1.5,0.02,0.04,-0.05,40,40,40
9.74,71.594276,17.2326,-0.070963358,-0.78553691,-71.594276,-17.2326,0.070963358,0.78553691,-0.12156618,-0.12156618,INFEASIBLE,0,7726.9555,1209.6204,0.030296355,11.734945,15,1.5,0.02,0.04,-0.05,40,40,40
9.745,71.680562,17.170823,-0.074724913,-0.73374094,-71.680562,-17.170823,0.074724913,0.73374094,-0.10104095,-0.10104095,INFEASIBLE,0,7752.6461,1211.0946,0.030324274,11.737636,15,1.5,0.02,0.04,-0.05,40,40,40
9.75,71.766151,17.130364,-0.078261368,-0.6916873,-71.766151,-17.130364,0.078261368,0.6916873,-0.090913887,-0.090913887,INFEASIBLE,0,7778.398,1212.5619,0.030354898,11.740029,15,1.5,0.02,0.04,-0.05,40,40,40
9.755,71.851034,16.968154,-0.081627665,-0.65666507,-71.851034,-16.968154,0.081627665,0.65666507,-0.093665721,-0.093665721,INFEASIBLE,0,7804.2108,1214.0015,0.030388214,11.742185,15,1.5,0.02,0.04,-0.05,40,40,40
9.76,71.935424,16.884516,-0.08482382,-0.62767893,-71.935424,-16.884516,0.08482382,0.62767893,-0.099786554,-0.099786554,INFEASIBLE,0,7830.0843,1215.4269,0.030424189,11.744155,15,1.5,0.02,0.04,-0.05,40,40,40
9.765,72.019133,16.67144,-0.087867345,-0.59465358,-72.019133,-16.67144,0.087867345,0.59465358,-0.10275028,-0.10275028,INFEASIBLE,0,7856.0181,1216.8166,0.030462792,11.745923,15,1.5,0.02,0.04,-0.05,40,40,40
9.77,72.102356,16.630802,-0.090728882,-0.56222431,-72.102356,-16.630802,0.090728882,0.56222431,-0.096990483,-0.096990483,INFEASIBLE,0,7882.0119,1218.1995,0.030503951,11.747503,15,1.5,0.02,0.04,-0.05,40,40,40
9.775,72.184841,16.392054,-0.093459124,-0.53467067,-72.184841,-16.392054,0.093459124,0.53467067,-0.10451387,-0.10451387,INFEASIBLE,0,7908.0651,1219.543,0.030547624,11.748932,15,1.5,0.02,0.04,-0.05,40,40,40
9.78,72.266751,16.301884,-0.096036627,-0.50201273,-72.266751,-16.301884,0.096036627,0.50201273,-0.096158121,-0.096158121,INFEASIBLE,0,7934.1775,1220.8717,0.030593739,11.750193,15,1.5,0.02,0.04,-0.05,40,40,40
9.785,72.347949,16.253444,-0.098448677,-0.47476972,-72.347949,-16.253444,0.098448677,0.47476972,-0.091787972,-0.091787972,INFEASIBLE,0,7960.3487,1222.1926,0.0306422,11.75132,15,1.5,0.02,0.04,-0.05,40,40,40
9.79,72.428377,16.104194,-0.1007375,-0.44706041,-72.428377,-16.104194,0.1007375,0.44706041,-0.088917797,-0.088917797,INFEASIBLE,0,7986.578,1223.4893,0.03069294,11.752319,15,1.5,0.02,0.04,-0.05,40,40,40
9.795,72.508502,16.034849,-0.1029077,-0.42698652,-72.508502,-16.034849,0.1029077,0.42698652,-0.092531252,-1.345344,OK,0,8012.8654,1224.7749,0.03074589,11.75323,15,1.5,0.02,0.04,-0.05,40,40,40
9.8,72.575167,13.855804,-0.10330324,0.29289516,-72.575167,-13.855804,0.10330324,-0.29289516,0.8955297,-1.0497769,OK,0,8039.2012,1225.7348,0.030799248,11.753659,15,1.5,0.02,0.04,-0.05,40,40,40
9.805,72.636801,11.84273,-0.10030795,0.83603225,-72.636801,-11.84273,0.10030795,-0.83603225,1.6758744,-0.77546274,OK,0,8065.5817,1226.4361,0.030849556,11.757154,15,1.5,0.02,0.04,-0.05,40,40,40
9.81,72.693012,11.154649,-0.094857265,1.2789387,-72.693012,-11.154649,0.094857265,-1.2789387,2.3955953,-0.68027178,OK,0,8092.0031,1227.0582,0.030894546,11.765333,15,1.5,0.02,0.04,-0.05,40,40,40
9.815,72.745228,9.9225503,-0.08741498,1.626698,-72.745228,-9.9225503,0.08741498,-1.626698,2.9806289,-0.5109695,OK,0,8118.4624,1227.5505,0.030932753,11.778563,15,1.5,0.02,0.04,-0.05,40,40,40
9.82,72.79392,9.7449524,-0.078388874,1.9309688,-72.79392,-9.7449524,0.078388874,-1.9309688,3.5662965,-0.48441134,OK,0,8144.9572,1228.0253,0.030963477,11.797206,15,1.5,0.02,0.04,-0.05,40,40,40
9.825,72.840729,9.1091336,-0.067947306,2.1913019,-72.840729,-9.1091336,0.067947306,-2.1913019,4.0889231,-0.39566024,OK,0,8171.4861,1228.4402,0.030986561,11.821216,15,1.5,0.02,0.04,-0.05,40,40,40
9.83,72.885158,8.6727227,-0.056316105,2.4111941,-72.885158,-8.6727227,0.056316105,-2.4111941,4.5766617,-0.33389631,OK,0,8198.0473,1228.8163,0.031002418,11.850285,15,1.5,0.02,0.04,-0.05,40,40,40
9.835,72.927025,8.0718358,-0.04373341,2.5807694,-72.927025,-8.0718358,0.04373341,-2.5807694,4.9965669,-0.2499423,OK,0,8224.6391,1229.1421,0.031011982,11.883587,15,1.5,0.02,0.04,-0.05,40,40,40
9.84,72.966909,7.8511728,-0.030381907,2.7257949,-72.966909,-7.8511728,0.030381907,-2.7257949,5.4063488,-0.21744782,OK,0,8251.2599,1229.4503,0.031016597,11.920736,15,1.5,0.02,0.04,-0.05,40,40,40
9.845,73.005089,7.5272387,-0.01640581,2.8455079,-73.005089,-7.5272387,0.01640581,-2.8455079,5.783366,-0.17103401,OK,0,8277.9086,1229.7336,0.031017943,11.961221,15,1.5,0.02,0.04,-0.05,40,40,40
9.85,73.041891,7.2733497,-0.0018934722,2.9423368,-73.041891,-7.2733497,0.0018934722,-2.9423368,6.1368749,-0.13411691,OK,0,8304.5842,1229.9981,0.031017961,12.004508,15,1.5,0.02,0.04,-0.05,40,40,40
9.855,73.077667,7.0779303,0.013055702,3.0213872,-73.077667,-7.0779303,-0.013055702,-3.0213872,6.4725868,-0.10511799,OK,0,8331.2859,1230.2486,0.031018813,12.050152,15,1.5,0.02,0.04,-0.05,40,40,40
9.86,73.112543,6.9079852,0.028374077,3.092036,-73.112543,-6.9079852,-0.028374077,-3.092036,6.8022354,-0.079571434,OK,0,8358.0132,1230.4872,0.031022838,12.097955,15,1.5,0.02,0.04,-0.05,40,40,40
9.865,73.14671,6.78131,0.04399864,3.1484439,-73.14671,-6.78131,-0.04399864,-3.1484439,7.1168321,-0.059873064,OK,0,8384.7654,1230.7171,0.031032518,12.147519,15,1.5,0.02,0.04,-0.05,40,40,40
9.87,73.180335,6.6838234,0.059887425,3.1974498,-73.180335,-6.6838234,-0.059887425,-3.1974498,7.4254457,-0.044120821,OK,0,8411.5422,1230.9405,0.03105045,12.198637,15,1.5,0.02,0.04,-0.05,40,40,40
9.875,73.213468,6.585263,0.076029167,3.2489293,-73.213468,-6.585263,-0.076029167,-3.2489293,7.7415114,-0.028234533,OK,0,8438.3432,1231.1573,0.031079352,12.251415,15,1.5,0.02,0.04,-0.05,40,40,40
9.88,73.246222,6.5213067,0.092392088,3.2905992,-73.246222,-6.5213067,-0.092392088,-3.2905992,8.0475568,-0.017023855,OK,0,8465.1683,1231.3699,0.031122034,12.305555,15,1.5,0.02,0.04,-0.05,40,40,40
9.885,73.278689,6.4698421,0.10895603,3.3298697,-73.278689,-6.4698421,-0.10895603,-3.3298697,8.3535124,1.35,INFEASIBLE,0,8492.0171,1231.5792,0.031181391,12.360995,15,1.5,0.02,0.04,-0.05,40,40,40
9.89,73.319889,8.9026431,0.12361325,2.6397045,-73.319889,-8.9026431,-0.12361325,-2.6397045,7.6362589,1.35,INFEASIBLE,0,8518.8961,1231.9755,0.031257792,12.395835,15,1.5,0.02,0.04,-0.05,40,40,40
9.895,73.374991,12.732055,0.1349241,2.0281336,-73.374991,-12.732055,-0.1349241,-2.0281336,7.0428439,1.35,INFEASIBLE,0,8545.8156,1232.786,0.031348815,12.416402,15,1.5,0.02,0.04,-0.05,40,40,40
9.9,73.439949,13.297471,0.14266379,1.2361973,-73.439949,-13.297471,-0.14266379,-1.2361973,5.9949506,1.35,INFEASIBLE,0,8572.7827,1233.6701,0.031450579,12.424043,15,1.5,0.02,0.04,-0.05,40,40,40
9.905,73.514081,14.859499,0.14681298,0.50515861,-73.514081,-14.859499,-0.14681298,-0.50515861,5.0245943,-1.1382821,OK,0,8599.8043,1234.7742,0.03155835,12.425319,15,1.5,0.02,0.04,-0.05,40,40,40
9.91,73.574691,11.300108,0.15080166,1.0715614,-73.574691,-11.300108,-0.15080166,-1.0715614,5.792865,-0.65312492,OK,0,8626.8705,1235.4126,0.031672055,12.43106,15,1.5,0.02,0.04,-0.05,40,40,40
9.915,73.62872,10.624443,0.1574383,1.512014,-73.62872,-10.624443,-0.1574383,-1.512014,6.5271476,1.35,INFEASIBLE,0,8653.9764,1235.977,0.031795989,12.442491,15,1.5,0.02,0.04,-0.05,40,40,40
9.92,73.69594,14.932288,0.16342684,0.9606519,-73.69594,-14.932288,-0.16342684,-0.9606519,5.9635908,1.35,INFEASIBLE,0,8681.1319,1237.0919,0.031929531,12.447105,15,1.5,0.02,0.04,-0.05,40,40,40
9.925,73.776204,16.699657,0.16611007,0.24722884,-73.776204,-16.699657,-0.16611007,-0.24722884,5.0060046,1.35,INFEASIBLE,0,8708.3465,1238.4863,0.032067494,12.447411,15,1.5,0.02,0.04,-0.05,40,40,40
9.93,73.864289,18.867469,0.16518421,-0.44040104,-73.864289,-18.867469,-0.16518421,0.44040104,4.0491461,1.35,INFEASIBLE,0,8735.6262,1240.2662,0.032203923,12.448381,15,1.5,0.02,0.04,-0.05,40,40,40
9.935,73.963905,20.221228,0.16083485,-1.1787801,-73.963905,-20.221228,-0.16083485,1.1787801,2.9324798,1.35,INFEASIBLE,0,8762.9795,1242.3107,0.032333262,12.455328,15,1.5,0.02,0.04,-0.05,40,40,40
9.94,74.071872,22.769031,0.15288485,-1.8516769,-74.071872,-22.769031,-0.15288485,1.8516769,1.907956,1.35,INFEASIBLE,0,8790.4127,1244.9028,0.032450131,12.472472,15,1.5,0.02,0.04,-0.05,40,40,40
9.945,74.191803,25.446498,0.14152284,-2.5194217,-74.191803,-25.446498,-0.14152284,2.5194217,0.84540597,0.84540597,INFEASIBLE,0,8817.9348,1248.1404,0.032550275,12.504209,15,1.5,0.02,0.04,-0.05,40,40,40
9.95,74.314953,24.892197,0.12715771,-3.0638878,-74.314953,-24.892197,-0.12715771,3.0638878,-0.20647909,-0.20647909,INFEASIBLE,0,8845.5484,1251.2385,0.03263112,12.551146,15,1.5,0.02,0.04,-0.05,40,40,40
9.955,74.431358,22.695908,0.1118657,-3.0323021,-74.431358,-22.695908,-0.1118657,3.0323021,-0.47400418,-0.47400418,INFEASIBLE,0,8873.2485,1253.8141,0.03269369,12.59712,15,1.5,0.02,0.04,-0.05,40,40,40
9.96,74.542301,21.433943,0.097625131,-2.7630112,-74.542301,-21.433943,-0.097625131,2.7630112,-0.33193612,-0.33193612,INFEASIBLE,0,8901.0313,1256.1111,0.032741343,12.635292,15,1.5,0.02,0.04,-0.05,40,40,40
9.965,74.650623,21.445664,0.084699016,-2.4988048,-74.650623,-21.445664,-0.084699016,2.4988048,-0.12688293,-0.12688293,INFEASIBLE,0,8928.8949,1258.4107,0.032777213,12.666512,15,1.5,0.02,0.04,-0.05,40,40,40
9.97,74.758585,21.491323,0.072603063,-2.376606,-74.758585,-21.491323,-0.072603063,2.376606,-0.1210385,-0.1210385,INFEASIBLE,0,8956.8391,1260.7201,0.032803569,12.694753,15,1.5,0.02,0.04,-0.05,40,40,40
9.975,74.865527,21.302907,0.060992102,-2.2850826,-74.865527,-21.302907,-0.060992102,2.2850826,-0.16331557,-0.16331557,INFEASIBLE,0,8984.8633,1262.9892,0.032822169,12.720861,15,1.5,0.02,0.04,-0.05,40,40,40
9.98,74.971639,21.124167,0.049942261,-2.1638776,-74.971639,-21.124167,-0.049942261,2.1638776,-0.15228302,-0.15228302,INFEASIBLE,0,9012.9671,1265.2203,0.03283464,12.744273,15,1.5,0.02,0.04,-0.05,40,40,40
9.985,75.076355,20.761738,0.039435037,-2.0666623,-75.076355,-20.761738,-0.039435037,2.0666623,-0.17647131,-0.17647131,INFEASIBLE,0,9041.1494,1267.3756,0.032842416,12.765628,15,1.5,0.02,0.04,-0.05,40,40,40
9.99,75.179618,20.53539,0.029475106,-1.9480856,-75.179618,-20.53539,-0.029475106,1.9480856,-0.15499384,-0.15499384,INFEASIBLE,0,9069.4092,1269.4841,0.03284676,12.784603,15,1.5,0.02,0.04,-0.05,40,40,40
9.995,75.281709,20.361938,0.020063202,-1.8410189,-75.281709,-20.361938,-0.020063202,1.8410189,-0.14046864,-0.14046864,INFEASIBLE,0,9097.7459,1271.5571,0.032848772,12.80155,15,1.5,0.02,0.04,-0.05,40,40,40
10,75.382353,19.969113,0.011109377,-1.7597727,-75.382353,-19.969113,-0.011109377,1.7597727,-0.16660677,-0.16660677,INFEASIBLE,0,9126.1584,1273.551,0.032849389,12.817034,15,1.5,0.02,0.04,-0.05,40,40,40
10.005,75.481751,19.744828,0.0026357816,-1.656291,-75.481751,-19.744828,-0.0026357816,1.656291,-0.1454717,-0.1454717,INFEASIBLE,0,9154.6459,1275.5002,0.032849424,12.830751,15,1.5,0.02,0.04,-0.05,40,40,40
10.01,75.579656,19.598433,-0.0053945241,-1.563902,-75.579656,-19.598433,0.0053945241,1.563902,-0.13124045,-0.13124045,INFEASIBLE,0,9183.2073,1277.4207,0.03284957,12.84298,15,1.5,0.02,0.04,-0.05,40,40,40
10.015,75.676726,19.477836,-0.013005325,-1.4817024,-75.676726,-19.477836,0.013005325,1.4817024,-0.12498551,-0.12498551,INFEASIBLE,0,9211.8422,1279.3177,0.032850415,12.853957,15,1.5,0.02,0.04,-0.05,40,40,40
10.02,75.773196,19.237516,-0.020219889,-1.4137777,-75.773196,-19.237516,0.020219889,1.4137777,-0.13900032,-0.13900032,INFEASIBLE,0,9240.55,1281.1681,0.03285246,12.863951,15,1.5,0.02,0.04,-0.05,40,40,40
10.025,75.868912,19.073431,-0.027051382,-1.3342005,-75.868912,-19.073431,0.027051382,1.3342005,-0.12675597,-0.12675597,INFEASIBLE,0,9269.3305,1282.9871,0.032856118,12.872851,15,1.5,0.02,0.04,-0.05,40,40,40
10.03,75.963298,18.777611,-0.033537561,-1.271044,-75.963298,-18.777611,0.033537561,1.271044,-0.13925898,-0.13925898,INFEASIBLE,0,9298.1826,1284.7501,0.032861742,12.880929,15,1.5,0.02,0.04,-0.05,40,40,40
10.035,76.056919,18.625729,-0.039656168,-1.1947812,-76.056919,-18.625729,0.039656168,1.1947812,-0.12084676,-0.12084676,INFEASIBLE,0,9327.1059,1286.4846,0.032869605,12.888066,15,1.5,0.02,0.04,-0.05,40,40,40
10.04,76.14937,18.359402,-0.045460613,-1.1396858,-76.14937,-18.359402,0.045460613,1.1396858,-0.13407437,-0.13407437,INFEASIBLE,0,9356.0995,1288.17,0.032879939,12.894561,15,1.5,0.02,0.04,-0.05,40,40,40
10.045,76.240945,18.311125,-0.050936457,-1.0632894,-76.240945,-18.311125,0.050936457,1.0632894,-0.10171711,-0.10171711,INFEASIBLE,0,9385.1629,1289.8465,0.032892911,12.900214,15,1.5,0.02,0.04,-0.05,40,40,40
10.05,76.331918,18.121387,-0.05612324,-1.0185168,-76.331918,-18.121387,0.05612324,1.0185168,-0.11812989,-0.11812989,INFEASIBLE,0,9414.2957,1291.4884,0.03290866,12.905401,15,1.5,0.02,0.04,-0.05,40,40,40
10.055,76.422172,17.995519,-0.061047451,-0.96455876,-76.422172,-17.995519,0.061047451,0.96455876,-0.11428572,-0.11428572,INFEASIBLE,0,9443.4975,1293.1076,0.032927294,12.910053,15,1.5,0.02,0.04,-0.05,40,40,40
10.06,76.511335,17.837673,-0.065726239,-0.91603924,-76.511335,-17.837673,0.065726239,0.91603924,-0.11621886,-0.11621886,INFEASIBLE,0,9472.7674,1294.6985,0.032948894,12.914248,15,1.5,0.02,0.04,-0.05,40,40,40
10.065,76.599574,17.509768,-0.070174302,-0.86994358,-76.599574,-17.509768,0.070174302,0.86994358,-0.12514771,-0.12514771,INFEASIBLE,0,9502.1049,1296.2315,0.032973516,12.918032,15,1.5,0.02,0.04,-0.05,40,40,40
10.07,76.687147,17.342743,-0.074348296,-0.81940192,-76.687147,-17.342743,0.074348296,0.81940192,-0.11687466,-0.11687466,INFEASIBLE,0,9531.5095,1297.7353,0.033001155,12.921389,15,1.5,0.02,0.04,-0.05,40,40,40
10.075,76.773471,17.343932,-0.07828925,-0.76715504,-76.773471,-17.343932,0.07828925,0.76715504,-0.095844598,-0.095844598,INFEASIBLE,0,9560.9803,1299.2394,0.033031801,12.924332,15,1.5,0.02,0.04,-0.05,40,40,40
10.08,76.859654,17.21954,-0.082004684,-0.72579612,-76.859654,-17.21954,0.082004684,0.72579612,-0.092789768,-0.092789768,INFEASIBLE,0,9590.5173,1300.7219,0.033065424,12.926966,15,1.5,0.02,0.04,-0.05,40,40,40
10.085,76.944962,16.907656,-0.085573353,-0.70304351,-76.944962,-16.907656,0.085573353,0.70304351,-0.12296008,-0.12296008,INFEASIBLE,0,9620.12,1302.1513,0.033102038,12.929437,15,1.5,0.02,0.04,-0.05,40,40,40
10.09,77.029822,16.820551,-0.088915255,-0.65525921,-77.029822,-16.820551,0.088915255,0.65525921,-0.10319917,-0.10319917,INFEASIBLE,0,9649.7879,1303.5659,0.033141568,12.931584,15,1.5,0.02,0.04,-0.05,40,40,40
10.095,77.113721,16.702816,-0.092076114,-0.61776382,-77.113721,-16.702816,0.092076114,0.61776382,-0.09740039,-0.09740039,INFEASIBLE,0,9679.5206,1304.9609,0.033183958,12.933492,15,1.5,0.02,0.04,-0.05,40,40,40
10.1,77.19721,16.668456,-0.095063172,-0.58666434,-77.19721,-16.668456,0.095063172,0.58666434,-0.095261636,-0.095261636,INFEASIBLE,0,9709.3176,1306.35,0.033229143,12.935213,15,1.5,0.02,0.04,-0.05,40,40,40
10.105,77.279925,16.572405,-0.097901825,-0.54790178,-77.279925,-16.572405,0.097901825,0.54790178,-0.081885345,-0.081885345,INFEASIBLE,0,9739.1785,1307.7233,0.033277067,12.936714,15,1.5,0.02,0.04,-0.05,40,40,40
10.11,77.362247,16.443558,-0.10061985,-0.53602714,-77.362247,-16.443558,0.10061985,0.53602714,-0.10835116,-0.10835116,INFEASIBLE,0,9769.1031,1309.0752,0.033327689,12.938151,15,1.5,0.02,0.04,-0.05,40,40,40
10.115,77.443774,16.248897,-0.10320518,-0.50623766,-77.443774,-16.248897,0.10320518,0.50623766,-0.10860285,-0.10860285,INFEASIBLE,0,9799.0908,1310.3953,0.033380945,12.939432,15,1.5,0.02,0.04,-0.05,40,40,40
10.12,77.524441,16.146819,-0.10561923,-0.46548494,-77.524441,-16.146819,0.10561923,0.46548494,-0.086154226,-0.086154226,INFEASIBLE,0,9829.141,1311.6989,0.033436722,12.940515,15,1.5,0.02,0.04,-0.05,40,40,40
10.125,77.604827,16.04516,-0.10788864,-0.44241338,-77.604827,-16.04516,0.10788864,0.44241338,-0.088046693,-1.3483651,OK,0,9859.2536,1312.9862,0.033494922,12.941494,15,1.5,0.02,0.04,-0.05,40,40,40
10.13,77.674731,12.182555,-0.10819638,0.17057357,-77.674731,-12.182555,0.10819638,-0.17057357,0.67371143,-0.82408739,OK,0,9889.4204,1313.7283,0.033553454,12.94164,15,1.5,0.02,0.04,-0.05,40,40,40
10.135,77.736058,12.305907,-0.10577474,0.69086076,-77.736058,-12.305907,0.10577474,-0.69086076,1.4966274,-0.83993607,OK,0,9919.6349,1314.4854,0.033609396,12.944026,15,1.5,0.02,0.04,-0.05,40,40,40
10.14,77.792343,10.979605,-0.10105946,1.1369003,-77.792343,-10.979605,0.10105946,-1.1369003,2.1844896,-0.65827684,OK,0,9949.8931,1315.0882,0.033660461,12.950489,15,1.5,0.02,0.04,-0.05,40,40,40
10.145,77.84537,10.586736,-0.094263911,1.5206365,-77.84537,-10.586736,0.094263911,-1.5206365,2.8473729,-0.6028138,OK,0,9980.1926,1315.6486,0.033704889,12.96205,15,1.5,0.02,0.04,-0.05,40,40,40
10.15,77.895448,9.7736094,-0.085712468,1.8440735,-77.895448,-9.7736094,0.085712468,-1.8440735,3.4292766,-0.49009121,OK,0,10010.531,1316.1262,0.033741623,12.979053,15,1.5,0.02,0.04,-0.05,40,40,40
10.155,77.94255,9.2329352,-0.075691531,2.1156926,-77.94255,-9.2329352,0.075691531,-2.1156926,3.9663343,-0.41419987,OK,0,10040.906,1316.5524,0.033770269,13.001434,15,1.5,0.02,0.04,-0.05,40,40,40
10.16,77.987058,8.7328836,-0.064464012,2.3387022,-77.987058,-8.7328836,0.064464012,-2.3387022,4.4501497,-0.34379984,OK,0,10071.316,1316.9338,0.033791047,13.028782,15,1.5,0.02,0.04,-0.05,40,40,40
10.165,78.029556,8.3121685,-0.052213436,2.5243862,-78.029556,-8.3121685,0.052213436,-2.5243862,4.8964556,-0.28416333,OK,0,10101.759,1317.2792,0.033804678,13.060644,15,1.5,0.02,0.04,-0.05,40,40,40
10.17,78.069826,7.9103101,-0.03913818,2.6767357,-78.069826,-7.9103101,0.03913818,-2.6767357,5.3058398,-0.22712955,OK,0,10132.234,1317.5921,0.033812337,13.096469,15,1.5,0.02,0.04,-0.05,40,40,40
10.175,78.108414,7.5941795,-0.025384384,2.7995396,-78.108414,-7.5941795,0.025384384,-2.7995396,5.684479,-0.18173843,OK,0,10162.738,1317.8804,0.033815559,13.135656,15,1.5,0.02,0.04,-0.05,40,40,40
10.18,78.145449,7.3151817,-0.011090055,2.9013593,-78.145449,-7.3151817,0.011090055,-2.9013593,6.0412044,-0.14140615,OK,0,10193.272,1318.148,0.033816174,13.177746,15,1.5,0.02,0.04,-0.05,40,40,40
10.185,78.181442,7.1149689,0.0036573811,2.9827071,-78.181442,-7.1149689,-0.0036573811,-2.9827071,6.377149,-0.11174522,OK,0,10223.834,1318.4011,0.03381624,13.222228,15,1.5,0.02,0.04,-0.05,40,40,40
10.19,78.21653,6.9531477,0.018769753,3.0496679,-78.21653,-6.9531477,-0.018769753,-3.0496679,6.6985047,-0.08728558,OK,0,10254.423,1318.6428,0.033818002,13.268731,15,1.5,0.02,0.04,-0.05,40,40,40
10.195,78.250875,6.8148862,0.034197947,3.1088738,-78.250875,-6.8148862,-0.034197947,-3.1088738,7.0138929,-0.066016193,OK,0,10285.039,1318.8751,0.033823849,13.317056,15,1.5,0.02,0.04,-0.05,40,40,40
10.2,78.284632,6.7036471,0.049894163,3.1628333,-78.284632,-6.7036471,-0.049894163,-3.1628333,7.3265009,-0.048405253,OK,0,10315.681,1319.0998,0.033836297,13.367074,15,1.5,0.02,0.04,-0.05,40,40,40
10.205,78.317897,6.6194733,0.065834389,3.2056756,-78.317897,-6.6194733,-0.065834389,-3.2056756,7.6271661,-0.034446708,OK,0,10346.35,1319.3188,0.033857967,13.418455,15,1.5,0.02,0.04,-0.05,40,40,40
10.21,78.35079,6.5408481,0.081988453,3.2520482,-78.35079,-6.5408481,-0.081988453,-3.2520482,7.9365487,-0.021255492,OK,0,10377.044,1319.5328,0.033891578,13.471335,15,1.5,0.02,0.04,-0.05,40,40,40
10.215,78.38337,6.5011145,0.098343719,3.2833533,-78.38337,-6.5011145,-0.098343719,-3.2833533,8.2278977,1.35,INFEASIBLE,0,10407.764,1319.7441,0.033939935,13.525237,15,1.5,0.02,0.04,-0.05,40,40,40
10.22,78.424695,9.7405829,0.11278227,2.6348069,-78.424695,-9.7405829,-0.11278227,-2.6348069,7.6020617,1.35,INFEASIBLE,0,10438.516,1320.2185,0.034003535,13.559948,15,1.5,0.02,0.04,-0.05,40,40,40
10.225,78.478656,12.179476,0.12375933,1.9403953,-78.478656,-12.179476,-0.12375933,-1.9403953,6.8237351,1.35,INFEASIBLE,0,10469.31,1320.9602,0.034080116,13.578773,15,1.5,0.02,0.04,-0.05,40,40,40
10.23,78.543727,13.563505,0.1312081,1.1883947,-78.543727,-13.563505,-0.1312081,-1.1883947,5.8641283,1.35,INFEASIBLE,0,10500.156,1321.88,0.034166194,13.585835,15,1.5,0.02,0.04,-0.05,40,40,40
10.235,78.619397,15.231316,0.1351068,0.45491277,-78.619397,-15.231316,-0.1351068,-0.45491277,4.8906118,-1.1896894,OK,0,10531.061,1323.04,0.034257464,13.586869,15,1.5,0.02,0.04,-0.05,40,40,40
10.24,78.67922,10.839768,0.1388079,1.0025206,-78.67922,-10.839768,-0.1388079,-1.0025206,5.5930746,-0.5917705,OK,0,10562.013,1323.6275,0.034353802,13.591895,15,1.5,0.02,0.04,-0.05,40,40,40
10.245,78.734176,11.272123,0.14518065,1.4713684,-78.734176,-11.272123,-0.14518065,-1.4713684,6.4103309,1.35,INFEASIBLE,0,10593.008,1324.2628,0.034459189,13.602719,15,1.5,0.02,0.04,-0.05,40,40,40
10.25,78.801417,14.510903,0.15072912,0.84249853,-78.801417,-14.510903,-0.15072912,-0.84249853,5.6811491,1.35,INFEASIBLE,0,10624.057,1325.3156,0.034572785,13.606268,15,1.5,0.02,0.04,-0.05,40,40,40
10.255,78.88143,17.294118,0.15292417,0.1847364,-78.88143,-17.294118,-0.15292417,-0.1847364,4.8403605,1.35,INFEASIBLE,0,10655.168,1326.811,0.034689714,13.606439,15,1.5,0.02,0.04,-0.05,40,40,40
10.26,78.968436,17.6161,0.15142449,-0.61045293,-78.968436,-17.6161,-0.15142449,0.61045293,3.6397007,1.35,INFEASIBLE,0,10686.348,1328.3627,0.034804361,13.608302,15,1.5,0.02,0.04,-0.05,40,40,40
10.265,79.069601,20.55823,0.14663472,-1.2681509,-79.069601,-20.55823,-0.14663472,1.2681509,2.7010158,1.35,INFEASIBLE,0,10717.608,1330.4759,0.03491187,13.616343,15,1.5,0.02,0.04,-0.05,40,40,40
10.27,79.178081,22.615005,0.13815542,-1.9751277,-79.178081,-22.615005,-0.13815542,1.9751277,1.5978017,1.35,INFEASIBLE,0,10748.954,1333.0331,0.035007304,13.635849,15,1.5,0.02,0.04,-0.05,40,40,40
10.275,79.297343,24.11205,0.12617271,-2.7096392,-79.297343,-24.11205,-0.12617271,2.7096392,0.37856067,0.37856067,INFEASIBLE,0,10780.394,1335.94,0.035086902,13.67256,15,1.5,0.02,0.04,-0.05,40,40,40
10.28,79.416756,23.08034,0.11187224,-2.9892602,-79.416756,-23.08034,-0.11187224,2.9892602,-0.29425798,-0.29425798,INFEASIBLE,0,10811.929,1338.6035,0.035149479,13.717238,15,1.5,0.02,0.04,-0.05,40,40,40
10.285,79.52896,22.311268,0.0973678,-2.8107494,-79.52896,-22.311268,-0.0973678,2.8107494,-0.27257724,-0.27257724,INFEASIBLE,0,10843.554,1341.0925,0.035196882,13.75674,15,1.5,0.02,0.04,-0.05,40,40,40
10.29,79.639025,21.796925,0.083845086,-2.6358496,-79.639025,-21.796925,-0.083845086,2.6358496,-0.23144059,-0.23144059,INFEASIBLE,0,10875.266,1343.468,0.035232032,13.791478,15,1.5,0.02,0.04,-0.05,40,40,40
10.295,79.74731,21.472332,0.07118238,-2.4729835,-79.74731,-21.472332,-0.07118238,2.4729835,-0.1879001,-0.1879001,INFEASIBLE,0,10907.064,1345.7733,0.035257366,13.822056,15,1.5,0.02,0.04,-0.05,40,40,40
10.3,79.853901,20.998227,0.05923717,-2.3563472,-79.853901,-20.998227,-0.05923717,2.3563472,-0.20895612,-0.20895612,INFEASIBLE,0,10938.947,1347.978,0.035274911,13.849818,15,1.5,0.02,0.04,-0.05,40,40,40
10.305,79.958845,20.873589,0.047959282,-2.1982209,-79.958845,-20.873589,-0.047959282,2.1982209,-0.14382163,-0.14382163,INFEASIBLE,0,10970.914,1350.1565,0.035286412,13.873979,15,1.5,0.02,0.04,-0.05,40,40,40
10.31,80.062927,20.701804,0.037304039,-2.093331,-80.062927,-20.701804,-0.037304039,2.093331,-0.15110528,-0.15110528,INFEASIBLE,0,11002.964,1352.2993,0.03529337,13.895889,15,1.5,0.02,0.04,-0.05,40,40,40
10.315,80.16579,20.515043,0.02714383,-1.9878828,-80.16579,-20.515043,-0.02714383,1.9878828,-0.1507493,-0.1507493,INFEASIBLE,0,11035.097,1354.4037,0.035297054,13.915648,15,1.5,0.02,0.04,-0.05,40,40,40
10.32,80.267365,20.274769,0.017469767,-1.8886397,-80.267365,-20.274769,-0.017469767,1.8886397,-0.15457494,-0.15457494,INFEASIBLE,0,11067.311,1356.459,0.03529858,13.933482,15,1.5,0.02,0.04,-0.05,40,40,40
10.325,80.367716,19.912178,0.0082841672,-1.8033287,-80.367716,-19.912178,-0.0082841672,1.8033287,-0.1768891,-0.1768891,INFEASIBLE,0,11099.606,1358.4415,0.035298923,13.949742,15,1.5,0.02,0.04,-0.05,40,40,40
10.33,80.466838,19.613209,-0.0003770539,-1.6955945,-80.466838,-19.613209,0.0003770539,1.6955945,-0.15518249,-0.15518249,INFEASIBLE,0,11131.981,1360.3649,0.035298924,13.964118,15,1.5,0.02,0.04,-0.05,40,40,40
10.335,80.564808,19.526107,-0.0085407416,-1.5938739,-80.564808,-19.526107,0.0085407416,1.5938739,-0.12658151,-0.12658151,INFEASIBLE,0,11164.434,1362.2712,0.035299288,13.97682,15,1.5,0.02,0.04,-0.05,40,40,40
10.34,80.661773,19.3438,-0.01629733,-1.5188267,-80.661773,-19.3438,0.01629733,1.5188267,-0.13571254,-0.13571254,INFEASIBLE,0,11196.966,1364.1421,0.035300616,13.988354,15,1.5,0.02,0.04,-0.05,40,40,40
10.345,80.757763,19.140233,-0.023671025,-1.4438817,-80.757763,-19.140233,0.023671025,1.4438817,-0.14012326,-0.14012326,INFEASIBLE,0,11229.575,1365.9739,0.035303418,13.998778,15,1.5,0.02,0.04,-0.05,40,40,40
10.35,80.852668,18.947557,-0.030667093,-1.3646407,-80.852668,-18.947557,0.030667093,1.3646407,-0.13201184,-0.13201184,INFEASIBLE,0,11262.261,1367.7689,0.03530812,14.008089,15,1.5,0.02,0.04,-0.05,40,40,40
10.355,80.946593,18.627239,-0.03729852,-1.302736,-80.946593,-18.627239,0.03729852,1.302736,-0.14956043,-0.14956043,INFEASIBLE,0,11295.023,1369.5038,0.035315076,14.016575,15,1.5,0.02,0.04,-0.05,40,40,40
10.36,81.038775,18.490402,-0.043592015,-1.218363,-81.038775,-18.490402,0.043592015,1.218363,-0.12103308,-0.12103308,INFEASIBLE,0,11327.859,1371.2133,0.035324578,14.023997,15,1.5,0.02,0.04,-0.05,40,40,40
10.365,81.130576,18.332613,-0.049505763,-1.1557242,-81.130576,-18.332613,0.049505763,1.1557242,-0.12025675,-0.12025675,INFEASIBLE,0,11360.77,1372.8937,0.035336832,14.030675,15,1.5,0.02,0.04,-0.05,40,40,40
10.37,81.221473,18.06076,-0.055127344,-1.1036446,-81.221473,-18.06076,0.055127344,1.1036446,-0.13551718,-0.13551718,INFEASIBLE,0,11393.754,1374.5246,0.035352027,14.036765,15,1.5,0.02,0.04,-0.05,40,40,40
10.375,81.311552,17.960305,-0.060437671,-1.0363117,-81.311552,-17.960305,0.060437671,1.0363117,-0.11638942,-0.11638942,INFEASIBLE,0,11426.812,1376.1375,0.03537029,14.042135,15,1.5,0.02,0.04,-0.05,40,40,40
10.38,81.400598,17.752414,-0.065472268,-0.9845447,-81.400598,-17.752414,0.065472268,0.9845447,-0.12079254,-0.12079254,INFEASIBLE,0,11459.943,1377.7132,0.035391723,14.046982,15,1.5,0.02,0.04,-0.05,40,40,40
10.385,81.488909,17.589132,-0.07023964,-0.93216286,-81.488909,-17.589132,0.07023964,0.93216286,-0.11849543,-0.11849543,INFEASIBLE,0,11493.145,1379.2601,0.035416391,14.051326,15,1.5,0.02,0.04,-0.05,40,40,40
10.39,81.57645,17.469296,-0.074752317,-0.88079688,-81.57645,-17.469296,0.074752317,0.88079688,-0.11217922,-0.11217922,INFEASIBLE,0,11526.418,1380.786,0.035444331,14.055205,15,1.5,0.02,0.04,-0.05,40,40,40
10.395,81.663149,17.269911,-0.079028919,-0.83892545,-81.663149,-17.269911,0.079028919,0.83892545,-0.11976255,-0.11976255,INFEASIBLE,0,11559.763,1382.2773,0.035475559,14.058724,15,1.5,0.02,0.04,-0.05,40,40,40
10.4,81.748977,17.092628,-0.083076765,-0.79023449,-81.748977,-17.092628,0.083076765,0.79023449,-0.11281856,-0.11281856,INFEASIBLE,0,11593.177,1383.738,0.035510068,14.061847,15,1.5,0.02,0.04,-0.05,40,40,40
10.405,81.833944,16.959326,-0.086893723,-0.74956824,-81.833944,-16.959326,0.086893723,0.74956824,-0.11270626,-0.11270626,INFEASIBLE,0,11626.661,1385.1761,0.03554782,14.064656,15,1.5,0.02,0.04,-0.05,40,40,40
10.41,81.918286,16.762188,-0.09051539,-0.70990513,-81.918286,-16.762188,0.09051539,0.70990513,-0.11373533,-0.11373533,INFEASIBLE,0,11660.214,1386.581,0.035588785,14.067176,15,1.5,0.02,0.04,-0.05,40,40,40
10.415,82.001998,16.699425,-0.093926173,-0.66570471,-82.001998,-16.699425,0.093926173,0.66570471,-0.099432708,-0.099432708,INFEASIBLE,0,11693.836,1387.9753,0.035632896,14.069392,15,1.5,0.02,0.04,-0.05,40,40,40
10.42,82.08503,16.576223,-0.097149296,-0.6351164,-82.08503,-16.576223,0.097149296,0.6351164,-0.10516451,-0.10516451,INFEASIBLE,0,11727.526,1389.3492,0.035680086,14.071409,15,1.5,0.02,0.04,-0.05,40,40,40
10.425,82.16724,16.438501,-0.10021832,-0.6006498,-82.16724,-16.438501,0.10021832,0.6006498,-0.10336456,-0.10336456,INFEASIBLE,0,11761.283,1390.7003,0.035730304,14.073212,15,1.5,0.02,0.04,-0.05,40,40,40
10.43,82.248845,16.258545,-0.10312382,-0.57163791,-82.248845,-16.258545,0.10312382,0.57163791,-0.10899548,-0.10899548,INFEASIBLE,0,11795.107,1392.022,0.035783477,14.074846,15,1.5,0.02,0.04,-0.05,40,40,40
10.435,82.329592,16.157441,-0.10586194,-0.53528583,-82.329592,-16.157441,0.10586194,0.53528583,-0.097968343,-0.097968343,INFEASIBLE,0,11828.998,1393.3273,0.035839511,14.076279,15,1.5,0.02,0.04,-0.05,40,40,40
10.44,82.409846,16.034033,-0.10844419,-0.50784458,-82.409846,-16.034033,0.10844419,0.50784458,-0.098871468,-1.3470072,OK,0,11862.955,1394.6128,0.035898312,14.077568,15,1.5,0.02,0.04,-0.05,40,40,40
10.445,82.474872,11.884633,-0.10934726,0.090459947,-82.474872,-11.884633,0.10934726,-0.090459947,0.62036376,-0.78396795,OK,0,11896.965,1395.319,0.035958096,14.077609,15,1.5,0.02,0.04,-0.05,40,40,40
10.45,82.536815,12.569425,-0.10725889,0.62422788,-82.536815,-12.569425,0.10725889,-0.62422788,1.4809717,-0.87617318,OK,0,11931.027,1396.109,0.036015618,14.079558,15,1.5,0.02,0.04,-0.05,40,40,40
10.455,82.592589,11.143272,-0.10292158,1.084691,-82.592589,-11.143272,0.10292158,-1.084691,2.1807955,-0.68102617,OK,0,11965.135,1396.7298,0.036068582,14.08544,15,1.5,0.02,0.04,-0.05,40,40,40
10.46,82.645312,10.435014,-0.096405476,1.4641909,-82.645312,-10.435014,0.096405476,-1.4641909,2.8205111,-0.58283754,OK,0,11999.286,1397.2743,0.036115052,14.09616,15,1.5,0.02,0.04,-0.05,40,40,40
10.465,82.695005,9.7499385,-0.088150984,1.781997,-82.695005,-9.7499385,0.088150984,-1.781997,3.3946283,-0.48753575,OK,0,12033.478,1397.7496,0.036153905,14.112037,15,1.5,0.02,0.04,-0.05,40,40,40
10.47,82.742263,9.1785477,-0.078420122,2.0494067,-82.742263,-9.1785477,0.078420122,-2.0494067,3.9197953,-0.4075257,OK,0,12067.71,1398.1708,0.036184654,14.133038,15,1.5,0.02,0.04,-0.05,40,40,40
10.475,82.787045,8.6478482,-0.067504451,2.2648702,-82.787045,-8.6478482,0.067504451,-2.2648702,4.3863933,-0.33302118,OK,0,12101.978,1398.5447,0.036207438,14.158686,15,1.5,0.02,0.04,-0.05,40,40,40
10.48,82.829603,8.2774519,-0.055612548,2.4448789,-82.829603,-8.2774519,0.055612548,-2.4448789,4.8208202,-0.28023707,OK,0,12136.282,1398.8873,0.036222902,14.188573,15,1.5,0.02,0.04,-0.05,40,40,40
10.485,82.869974,7.9364553,-0.042926928,2.5984991,-82.869974,-7.9364553,0.042926928,-2.5984991,5.2287024,-0.23146305,OK,0,12170.619,1399.2023,0.036232116,14.222334,15,1.5,0.02,0.04,-0.05,40,40,40
10.49,82.908557,7.607065,-0.029565992,2.7231906,-82.908557,-7.607065,0.029565992,-2.7231906,5.6037498,-0.18430335,OK,0,12204.988,1399.4916,0.036236486,14.259413,15,1.5,0.02,0.04,-0.05,40,40,40
10.495,82.945763,7.3409492,-0.015654503,2.8233507,-82.945763,-7.3409492,0.015654503,-2.8233507,5.9527618,-0.14573447,OK,0,12239.388,1399.761,0.036237712,14.299269,15,1.5,0.02,0.04,-0.05,40,40,40
10.5,82.981819,7.1284196,-0.0012894301,2.9060031,-82.981819,-7.1284196,0.0012894301,-2.9060031,6.2844363,-0.11442987,OK,0,12273.818,1400.0151,0.03623772,14.341494,15,1.5,0.02,0.04,-0.05,40,40,40
10.505,83.01688,6.9042884,0.013448398,2.9740287,-83.01688,-6.9042884,-0.013448398,-2.9740287,6.5992782,-0.081570093,OK,0,12308.277,1400.2535,0.036238624,14.385718,15,1.5,0.02,0.04,-0.05,40,40,40
10.51,83.051254,6.8230731,0.028490152,3.0307549,-83.051254,-6.8230731,-0.028490152,-3.0307549,6.9074327,-0.068027141,OK,0,12342.765,1400.4862,0.036242683,14.431645,15,1.5,0.02,0.04,-0.05,40,40,40
10.515,83.085038,6.7117838,0.043793825,3.0808571,-83.085038,-6.7117838,-0.043793825,-3.0808571,7.2083651,-0.050423059,OK,0,12377.28,1400.7115,0.036252272,14.479104,15,1.5,0.02,0.04,-0.05,40,40,40
10.52,83.118341,6.6271753,0.059335355,3.1253873,-83.118341,-6.6271753,-0.059335355,-3.1253873,7.5055651,-0.036425283,OK,0,12411.824,1400.9311,0.036269876,14.527944,15,1.5,0.02,0.04,-0.05,40,40,40
10.525,83.151227,6.5443551,0.075097262,3.1715698,-83.151227,-6.5443551,-0.075097262,-3.1715698,7.8086124,-0.022678533,OK,0,12446.394,1401.1452,0.036298074,14.578238,15,1.5,0.02,0.04,-0.05,40,40,40
10.53,83.183785,6.4856603,0.091060377,3.2094777,-83.183785,-6.4856603,-0.091060377,-3.2094777,8.1032244,-0.012189364,OK,0,12480.992,1401.3555,0.036339533,14.629742,15,1.5,0.02,0.04,-0.05,40,40,40
10.535,83.216083,6.4402154,0.10721711,3.2459141,-83.216083,-6.4402154,-0.10721711,-3.2459141,8.3990581,1.35,INFEASIBLE,0,12515.617,1401.5629,0.036397011,14.682422,15,1.5,0.02,0.04,-0.05,40,40,40
10.54,83.257438,8.9267378,0.12146621,2.5585266,-83.257438,-8.9267378,-0.12146621,-2.5585266,7.6820013,1.35,INFEASIBLE,0,12550.276,1401.9613,0.036470781,14.715152,15,1.5,0.02,0.04,-0.05,40,40,40
10.545,83.312656,12.848803,0.13236176,1.9484902,-83.312656,-12.848803,-0.13236176,-1.9484902,7.0883669,1.35,INFEASIBLE,0,12584.981,1402.7868,0.036558379,14.734135,15,1.5,0.02,0.04,-0.05,40,40,40
10.55,83.378234,13.451282,0.13972011,1.1641537,-83.378234,-13.451282,-0.13972011,-1.1641537,6.0476482,1.35,INFEASIBLE,0,12619.74,1403.6915,0.036655988,14.740911,15,1.5,0.02,0.04,-0.05,40,40,40
10.555,83.454968,15.557755,0.14360828,0.46249598,-83.454968,-15.557755,-0.14360828,-0.46249598,5.1392777,-1.2336254,OK,0,12654.564,1404.9017,0.036759105,14.741981,15,1.5,0.02,0.04,-0.05,40,40,40
10.56,83.516832,10.472042,0.14744186,0.98637311,-83.516832,-10.472042,-0.14744186,-0.98637311,5.7804059,-0.54049677,OK,0,12689.439,1405.45,0.0368678,14.746845,15,1.5,0.02,0.04,-0.05,40,40,40
10.565,83.570193,10.479122,0.15369663,1.3998249,-83.570193,-10.479122,-0.15369663,-1.3998249,6.4957555,1.35,INFEASIBLE,0,12724.359,1405.9991,0.036985913,14.756643,15,1.5,0.02,0.04,-0.05,40,40,40
10.57,83.635633,14.957423,0.15903443,0.85236249,-83.635633,-14.957423,-0.15903443,-0.85236249,5.9350698,1.35,INFEASIBLE,0,12759.334,1407.1177,0.037112373,14.760276,15,1.5,0.02,0.04,-0.05,40,40,40
10.575,83.713065,14.929725,0.16101634,0.049142975,-83.713065,-14.929725,-0.16101634,-0.049142975,4.7604099,-1.1469,OK,0,12794.373,1408.2322,0.037242004,14.760288,15,1.5,0.02,0.04,-0.05,40,40,40
10.58,83.775182,11.784724,0.16281024,0.6462782,-83.775182,-11.784724,-0.16281024,-0.6462782,5.5584635,-0.71745657,OK,0,12829.464,1408.9266,0.03737454,14.762376,15,1.5,0.02,0.04,-0.05,40,40,40
10.585,83.830378,10.958587,0.16736657,1.1215949,-83.830378,-10.958587,-0.16736657,-1.1215949,6.3078419,1.35,INFEASIBLE,0,12864.602,1409.527,0.037514598,14.768666,15,1.5,0.02,0.04,-0.05,40,40,40
10.59,83.900307,15.989236,0.17146331,0.61458889,-83.900307,-15.989236,-0.17146331,-0.61458889,5.8114086,1.35,INFEASIBLE,0,12899.798,1410.8053,0.037661597,14.770555,15,1.5,0.02,0.04,-0.05,40,40,40
10.595,83.983447,16.121451,0.17230088,-0.17925705,-83.983447,-16.121451,-0.17230088,0.17925705,4.6401546,1.35,INFEASIBLE,0,12935.065,1412.1048,0.037810035,14.770715,15,1.5,0.02,0.04,-0.05,40,40,40
10.6,84.076544,20.29393,0.16966919,-0.75724879,-84.076544,-20.29393,-0.16966919,0.75724879,3.9024528,1.35,INFEASIBLE,0,12970.409,1414.164,0.037953973,14.773582,15,1.5,0.02,0.04,-0.05,40,40,40
10.605,84.17875,21.622149,0.16350243,-1.4919756,-84.17875,-21.622149,-0.16350243,1.4919756,2.7630339,1.35,INFEASIBLE,0,13005.839,1416.5016,0.038087638,14.784712,15,1.5,0.02,0.04,-0.05,40,40,40
10.61,84.292775,24.315177,0.15394056,-2.1562867,-84.292775,-24.315177,-0.15394056,2.1562867,1.733141,1.35,INFEASIBLE,0,13041.366,1419.4578,0.038206126,14.80796,15,1.5,0.02,0.04,-0.05,40,40,40
10.615,84.414879,24.778513,0.14073977,-2.9485184,-84.414879,-24.778513,-0.14073977,2.9485184,0.36775712,0.36775712,INFEASIBLE,0,13076.995,1422.5276,0.038305165,14.851429,15,1.5,0.02,0.04,-0.05,40,40,40
10.62,84.536448,24.284439,0.12523315,-3.1828286,-84.536448,-24.284439,-0.12523315,3.1828286,-0.23363907,-0.23363907,INFEASIBLE,0,13112.727,1425.4763,0.038383581,14.902081,15,1.5,0.02,0.04,-0.05,40,40,40
10.625,84.653367,23.193391,0.10958921,-3.0652984,-84.653367,-23.193391,-0.10958921,3.0652984,-0.33330632,-0.33330632,INFEASIBLE,0,13148.558,1428.166,0.03844363,14.949061,15,1.5,0.02,0.04,-0.05,40,40,40
10.63,84.766499,22.221806,0.094875054,-2.8694683,-84.766499,-22.221806,-0.094875054,2.8694683,-0.29687444,-0.29687444,INFEASIBLE,0,13184.485,1430.635,0.038488637,14.99023,15,1.5,0.02,0.04,-0.05,40,40,40
10.635,84.878234,22.315041,0.081288427,-2.6235642,-84.878234,-22.315041,-0.081288427,2.6235642,-0.12585353,-0.12585353,INFEASIBLE,0,13220.506,1433.1248,0.038521676,15.024646,15,1.5,0.02,0.04,-0.05,40,40,40
10.64,84.988899,22.051517,0.068414718,-2.530732,-84.988899,-22.051517,-0.068414718,2.530732,-0.18803865,-0.18803865,INFEASIBLE,0,13256.622,1435.5562,0.038545079,15.056669,15,1.5,0.02,0.04,-0.05,40,40,40
10.645,85.097879,21.738955,0.056097271,-2.4054914,-85.097879,-21.738955,-0.056097271,2.4054914,-0.19526233,-0.19526233,INFEASIBLE,0,13292.83,1437.9191,0.038560813,15.085601,15,1.5,0.02,0.04,-0.05,40,40,40
10.65,85.205674,21.365756,0.044457196,-2.2840946,-85.205674,-21.365756,-0.044457196,2.2840946,-0.20054025,-0.20054025,INFEASIBLE,0,13329.13,1440.2016,0.038570695,15.111686,15,1.5,0.02,0.04,-0.05,40,40,40
10.655,85.310898,20.795475,0.033411619,-2.1679178,-85.310898,-20.795475,-0.033411619,2.1679178,-0.21266549,-0.21266549,INFEASIBLE,0,13365.52,1442.3638,0.038576277,15.135186,15,1.5,0.02,0.04,-0.05,40,40,40
10.66,85.415072,20.616281,0.023069684,-2.020956,-85.415072,-20.616281,-0.023069684,2.020956,-0.15243597,-0.15243597,INFEASIBLE,0,13401.999,1444.489,0.038578938,15.155607,15,1.5,0.02,0.04,-0.05,40,40,40
10.665,85.517946,20.514814,0.013287143,-1.915814,-85.517946,-20.514814,-0.013287143,1.915814,-0.1434624,-0.1434624,INFEASIBLE,0,13438.565,1446.5933,0.038579821,15.173959,15,1.5,0.02,0.04,-0.05,40,40,40
10.67,85.620127,20.365863,0.0040008684,-1.8219805,-85.620127,-20.365863,-0.0040008684,1.8219805,-0.14592069,-0.14592069,INFEASIBLE,0,13475.219,1448.6671,0.038579901,15.190557,15,1.5,0.02,0.04,-0.05,40,40,40
10.675,85.720708,19.951104,-0.0048705035,-1.7439061,-85.720708,-19.951104,0.0048705035,1.7439061,-0.1764583,-0.1764583,INFEASIBLE,0,13511.959,1450.6573,0.03858002,15.205763,15,1.5,0.02,0.04,-0.05,40,40,40
10.68,85.81982,19.839004,-0.013261017,-1.6268364,-85.81982,-19.839004,0.013261017,1.6268364,-0.12921333,-0.12921333,INFEASIBLE,0,13548.785,1452.6253,0.038580899,15.218996,15,1.5,0.02,0.04,-0.05,40,40,40
10.685,85.917726,19.45572,-0.021224063,-1.5677624,-85.917726,-19.45572,0.021224063,1.5677624,-0.17342125,-0.17342125,INFEASIBLE,0,13585.694,1454.5179,0.038583151,15.231285,15,1.5,0.02,0.04,-0.05,40,40,40
10.69,86.014612,19.183188,-0.02874675,-1.4724987,-86.014612,-19.183188,0.02874675,1.4724987,-0.15232953,-0.15232953,INFEASIBLE,0,13622.686,1456.3579,0.038587283,15.242126,15,1.5,0.02,0.04,-0.05,40,40,40
10.695,86.110665,19.113429,-0.035797004,-1.3766369,-86.110665,-19.113429,0.035797004,1.3766369,-0.11515991,-0.11515991,INFEASIBLE,0,13659.762,1458.1845,0.03859369,15.251602,15,1.5,0.02,0.04,-0.05,40,40,40
10.7,86.205979,19.022518,-0.042499036,-1.3158723,-86.205979,-19.022518,0.042499036,1.3158723,-0.12627374,-0.12627374,INFEASIBLE,0,13696.919,1459.9938,0.038602721,15.26026,15,1.5,0.02,0.04,-0.05,40,40,40
10.705,86.300292,18.78169,-0.048902588,-1.2548205,-86.300292,-18.78169,0.048902588,1.2548205,-0.13849616,-0.13849616,INFEASIBLE,0,13734.158,1461.7575,0.038614678,15.268133,15,1.5,0.02,0.04,-0.05,40,40,40
10.71,86.393703,18.632912,-0.054983389,-1.1862012,-86.393703,-18.632912,0.054983389,1.1862012,-0.13086205,-0.13086205,INFEASIBLE,0,13771.477,1463.4935,0.038629794,15.275168,15,1.5,0.02,0.04,-0.05,40,40,40
10.715,86.486127,18.398223,-0.060743162,-1.1273527,-86.486127,-18.398223,0.060743162,1.1273527,-0.13652504,-0.13652504,INFEASIBLE,0,13808.876,1465.1859,0.038648243,15.281523,15,1.5,0.02,0.04,-0.05,40,40,40
10.72,86.57776,18.258355,-0.066184676,-1.0609795,-86.57776,-18.258355,0.066184676,1.0609795,-0.12235002,-0.12235002,INFEASIBLE,0,13846.355,1466.8528,0.038670145,15.287151,15,1.5,0.02,0.04,-0.05,40,40,40
10.725,86.668418,17.991884,-0.071341805,-1.0139109,-86.668418,-17.991884,0.071341805,1.0139109,-0.13794967,-0.13794967,INFEASIBLE,0,13883.912,1468.4713,0.038695593,15.292291,15,1.5,0.02,0.04,-0.05,40,40,40
10.73,86.758259,17.894126,-0.07619765,-0.95139345,-86.758259,-17.894126,0.07619765,0.95139345,-0.11912471,-0.11912471,INFEASIBLE,0,13921.547,1470.0723,0.038724624,15.296817,15,1.5,0.02,0.04,-0.05,40,40,40
10.735,86.846687,17.7336,-0.080814699,-0.900631,-86.846687,-17.7336,0.080814699,0.900631,-0.11688926,-0.11688926,INFEASIBLE,0,13959.259,1471.6447,0.038757279,15.300872,15,1.5,0.02,0.04,-0.05,40,40,40
10.74,86.934727,17.475614,-0.085171865,-0.85533407,-86.934727,-17.475614,0.085171865,0.85533407,-0.12285996,-0.12285996,INFEASIBLE,0,13997.047,1473.1717,0.03879355,15.30453,15,1.5,0.02,0.04,-0.05,40,40,40
10.745,87.021861,17.445291,-0.089300695,-0.80196531,-87.021861,-17.445291,0.089300695,0.80196531,-0.10420955,-0.10420955,INFEASIBLE,0,14034.911,1474.6934,0.038833423,15.307746,15,1.5,0.02,0.04,-0.05,40,40,40
10.75,87.108091,17.136678,-0.09322985,-0.7723346,-87.108091,-17.136678,0.09322985,0.7723346,-0.12932072,-0.12932072,INFEASIBLE,0,14072.85,1476.1617,0.038876882,15.310729,15,1.5,0.02,0.04,-0.05,40,40,40
10.755,87.193775,17.09632,-0.096922625,-0.72537462,-87.193775,-17.09632,0.096922625,0.72537462,-0.114173,-0.114173,INFEASIBLE,0,14110.864,1477.6231,0.038923852,15.31336,15,1.5,0.02,0.04,-0.05,40,40,40
10.76,87.278357,16.749458,-0.10043193,-0.68536034,-87.278357,-16.749458,0.10043193,0.68536034,-0.11897396,-0.11897396,INFEASIBLE,0,14148.951,1479.0259,0.038974285,15.315708,15,1.5,0.02,0.04,-0.05,40,40,40
10.765,87.362255,16.736917,-0.10373167,-0.64325161,-87.362255,-16.736917,0.10373167,0.64325161,-0.10413065,-0.10413065,INFEASIBLE,0,14187.112,1480.4265,0.039028086,15.317777,15,1.5,0.02,0.04,-0.05,40,40,40
10.77,87.445619,16.623897,-0.10684447,-0.61476748,-87.445619,-16.623897,0.10684447,0.61476748,-0.11095004,-0.11095004,INFEASIBLE,0,14225.346,1481.8082,0.039085165,15.319667,15,1.5,0.02,0.04,-0.05,40,40,40
10.775,87.528252,16.422241,-0.10980994,-0.57853787,-87.528252,-16.422241,0.10980994,0.57853787,-0.1075013,-0.1075013,INFEASIBLE,0,14263.652,1483.1567,0.039145456,15.32134,15,1.5,0.02,0.04,-0.05,40,40,40
10.78,87.610111,16.245346,-0.11260705,-0.54692704,-87.610111,-16.245346,0.11260705,0.54692704,-0.10748023,-0.10748023,INFEASIBLE,0,14302.029,1484.4762,0.039208858,15.322836,15,1.5,0.02,0.04,-0.05,40,40,40
10.785,87.691273,16.10454,-0.11525625,-0.51643102,-87.691273,-16.10454,0.11525625,0.51643102,-0.10548318,-0.10548318,INFEASIBLE,0,14340.478,1485.773,0.039275278,15.324169,15,1.5,0.02,0.04,-0.05,40,40,40
10.79,87.77181,16.020416,-0.11774636,-0.48537915,-87.77181,-16.020416,0.11774636,0.48537915,-0.098011237,-1.3482779,OK,0,14378.998,1487.0563,0.039344599,15.325347,15,1.5,0.02,0.04,-0.05,40,40,40
10.795,87.841338,12.624271,-0.11831191,0.14843545,-87.841338,-12.624271,0.11831191,-0.14843545,0.70977219,-0.88701642,OK,0,14417.578,1487.8532,0.039414587,15.325457,15,1.5,0.02,0.04,-0.05,40,40,40
10.8,87.902332,11.113265,-0.11603265,0.61299429,-87.902332,-11.113265,0.11603265,-0.61299429,1.3815788,-0.68084851,OK,0,14456.212,1488.4707,0.039481905,15.327336,15,1.5,0.02,0.04,-0.05,40,40,40
10.805,87.959449,10.736149,-0.11162558,1.0095517,-87.959449,-10.736149,0.11162558,-1.0095517,2.0285787,-0.628112,OK,0,14494.897,1489.047,0.039544207,15.332432,15,1.5,0.02,0.04,-0.05,40,40,40
10.81,88.014089,10.641141,-0.1053868,1.3843303,-88.014089,-10.641141,0.1053868,-1.3843303,2.6816209,-0.61316346,OK,0,14533.629,1489.6132,0.039599738,15.342014,15,1.5,0.02,0.04,-0.05,40,40,40
10.815,88.064087,9.4478283,-0.097520002,1.6919359,-88.064087,-9.4478283,0.097520002,-1.6919359,3.2142987,-0.44888322,OK,0,14572.405,1490.0595,0.039647289,15.356327,15,1.5,0.02,0.04,-0.05,40,40,40
10.82,88.112471,9.4358386,-0.088192169,1.9614236,-88.112471,-9.4358386,0.088192169,-1.9614236,3.7589359,-0.44470152,OK,0,14611.224,1490.5047,0.039686178,15.375563,15,1.5,0.02,0.04,-0.05,40,40,40
10.825,88.158247,8.8881497,-0.077675263,2.1965577,-88.158247,-8.8881497,0.077675263,-2.1965577,4.2483985,-0.36780816,OK,0,14650.084,1490.8997,0.039716346,15.399688,15,1.5,0.02,0.04,-0.05,40,40,40
10.83,88.201705,8.5449572,-0.066080094,2.4000077,-88.201705,-8.5449572,0.066080094,-2.4000077,4.7146425,-0.31861018,OK,0,14688.982,1491.2647,0.039738179,15.428488,15,1.5,0.02,0.04,-0.05,40,40,40
10.835,88.242787,7.9644472,-0.053594225,2.5599263,-88.242787,-7.9644472,0.053594225,-2.5599263,5.1194098,-0.2373541,OK,0,14727.916,1491.5819,0.03975254,15.461254,15,1.5,0.02,0.04,-0.05,40,40,40
10.84,88.282225,7.7541387,-0.040389104,2.6912703,-88.282225,-7.7541387,0.040389104,-2.6912703,5.5068789,-0.20623721,OK,0,14766.884,1491.8825,0.039760697,15.497469,15,1.5,0.02,0.04,-0.05,40,40,40
10.845,88.320039,7.4616853,-0.026607674,2.8018782,-88.320039,-7.4616853,0.026607674,-2.8018782,5.8685704,-0.16405414,OK,0,14805.886,1492.1609,0.039764237,15.536721,15,1.5,0.02,0.04,-0.05,40,40,40
10.85,88.356635,7.2138651,-0.012335376,2.8907369,-88.356635,-7.2138651,0.012335376,-2.8907369,6.206762,-0.1279417,OK,0,14844.921,1492.4211,0.039764997,15.578503,15,1.5,0.02,0.04,-0.05,40,40,40
10.855,88.39221,7.0397231,0.0023375606,2.9646366,-88.39221,-7.0397231,-0.0023375606,-2.9646366,6.5314515,-0.1018079,OK,0,14883.987,1492.6689,0.039765025,15.622448,15,1.5,0.02,0.04,-0.05,40,40,40
10.86,88.426926,6.8821771,0.01735106,3.0277564,-88.426926,-6.8821771,-0.01735106,-3.0277564,6.8457261,-0.077928412,OK,0,14923.083,1492.9057,0.03976653,15.668285,15,1.5,0.02,0.04,-0.05,40,40,40
10.865,88.460978,6.7547894,0.032647422,3.083829,-88.460978,-6.7547894,-0.032647422,-3.083829,7.154866,-0.058132061,OK,0,14962.21,1493.1339,0.039771859,15.715835,15,1.5,0.02,0.04,-0.05,40,40,40
10.87,88.494462,6.6513673,0.0481959,3.1299258,-88.494462,-6.6513673,-0.0481959,-3.1299258,7.4537712,-0.041573022,OK,0,15001.366,1493.3551,0.039783473,15.764817,15,1.5,0.02,0.04,-0.05,40,40,40
10.875,88.527488,6.5713039,0.063972655,3.1722698,-88.527488,-6.5713039,-0.063972655,-3.1722698,7.7513964,-0.028172671,OK,0,15040.552,1493.571,0.039803936,15.815134,15,1.5,0.02,0.04,-0.05,40,40,40
10.88,88.560183,6.5139865,0.079937979,3.2093892,-88.560183,-6.5139865,-0.079937979,-3.2093892,8.0449166,-0.017851013,OK,0,15079.767,1493.7831,0.039835886,15.866634,15,1.5,0.02,0.04,-0.05,40,40,40
10.885,88.59256,6.4592431,0.096108214,3.2462389,-88.59256,-6.4592431,-0.096108214,-3.2462389,8.3412025,1.35,INFEASIBLE,0,15119.01,1493.9917,0.03988207,15.919325,15,1.5,0.02,0.04,-0.05,40,40,40
10.89,88.633971,9.2773677,0.11036266,2.5753921,-88.633971,-9.2773677,-0.11036266,-2.5753921,7.6623021,1.35,INFEASIBLE,0,15158.29,1494.4221,0.03994297,15.952488,15,1.5,0.02,0.04,-0.05,40,40,40
10.895,88.687907,11.217516,0.12116132,1.8517698,-88.687907,-11.217516,-0.12116132,-1.8517698,6.8175332,1.35,INFEASIBLE,0,15197.617,1495.0513,0.04001637,15.969633,15,1.5,0.02,0.04,-0.05,40,40,40
10.9,88.754166,13.976044,0.12850022,1.1771982,-88.754166,-13.976044,-0.12850022,-1.1771982,6.0274256,1.35,INFEASIBLE,0,15237.004,1496.0279,0.040098932,15.976562,15,1.5,0.02,0.04,-0.05,40,40,40
10.905,88.830547,15.612174,0.13227298,0.44363123,-88.830547,-15.612174,-0.13227298,-0.44363123,5.0506394,-1.2417243,OK,0,15276.458,1497.2466,0.040186412,15.977546,15,1.5,0.02,0.04,-0.05,40,40,40
10.91,88.888217,10.123636,0.1357615,0.94999283,-88.888217,-10.123636,-0.1357615,-0.94999283,5.6441214,-0.49460313,OK,0,15315.964,1497.759,0.040278568,15.982059,15,1.5,0.02,0.04,-0.05,40,40,40
10.915,88.941827,10.870456,0.14183424,1.3769251,-88.941827,-10.870456,-0.14183424,-1.3769251,6.4065562,-0.59612299,OK,0,15355.517,1498.3499,0.040379153,15.991538,15,1.5,0.02,0.04,-0.05,40,40,40
10.92,88.993164,9.6711063,0.14987696,1.7443103,-88.993164,-9.6711063,-0.14987696,-1.7443103,7.0313273,1.35,INFEASIBLE,0,15395.116,1498.8175,0.040491469,16.006751,15,1.5,0.02,0.04,-0.05,40,40,40
10.925,89.055581,13.946274,0.1570132,1.185923,-89.055581,-13.946274,-0.1570132,-1.185923,6.4730451,1.35,INFEASIBLE,0,15434.77,1499.79,0.040614734,16.013783,15,1.5,0.02,0.04,-0.05,40,40,40
10.93,89.130012,15.792496,0.16079732,0.48582768,-89.130012,-15.792496,-0.16079732,-0.48582768,5.5550015,1.35,INFEASIBLE,0,15474.491,1501.037,0.040744013,16.014964,15,1.5,0.02,0.04,-0.05,40,40,40
10.935,89.215977,18.571543,0.16117451,-0.17503514,-89.215977,-18.571543,-0.16117451,0.17503514,4.6822462,1.35,INFEASIBLE,0,15514.289,1502.7615,0.040873899,16.015117,15,1.5,0.02,0.04,-0.05,40,40,40
10.94,89.310265,18.394136,0.15792856,-1.000218,-89.310265,-18.394136,-0.15792856,1.000218,3.3905721,1.35,INFEASIBLE,0,15554.17,1504.4533,0.040998606,16.020119,15,1.5,0.02,0.04,-0.05,40,40,40
10.945,89.414003,21.520483,0.15115651,-1.635846,-89.414003,-21.520483,-0.15115651,1.635846,2.4626781,1.35,INFEASIBLE,0,15594.145,1506.7689,0.041112848,16.033499,15,1.5,0.02,0.04,-0.05,40,40,40
10.95,89.531375,23.042919,0.14105686,-2.3723897,-89.531375,-23.042919,-0.14105686,2.3723897,1.2696126,1.2696126,INFEASIBLE,0,15634.224,1509.4238,0.041212333,16.06164,15,1.5,0.02,0.04,-0.05,40,40,40
10.955,89.653428,25.520097,0.1272492,-3.0100523,-89.653428,-25.520097,-0.1272492,3.0100523,0.20753202,0.20753202,INFEASIBLE,0,15674.413,1512.6802,0.041293295,16.106942,15,1.5,0.02,0.04,-0.05,40,40,40
10.96,89.775604,23.676802,0.11152462,-3.234313,-89.775604,-23.676802,-0.11152462,3.234313,-0.43601612,-0.43601612,INFEASIBLE,0,15714.711,1515.4831,0.041355484,16.159246,15,1.5,0.02,0.04,-0.05,40,40,40
10.965,89.888589,21.777612,0.096022606,-3.0337492,-89.888589,-21.777612,-0.096022606,3.0337492,-0.44140839,-0.44140839,INFEASIBLE,0,15755.111,1517.8545,0.041401585,16.205264,15,1.5,0.02,0.04,-0.05,40,40,40
10.97,89.998594,21.791089,0.081946694,-2.6933702,-89.998594,-21.791089,-0.081946694,2.6933702,-0.13923946,-0.13923946,INFEASIBLE,0,15795.61,1520.2287,0.041435162,16.241535,15,1.5,0.02,0.04,-0.05,40,40,40
10.975,90.107035,21.805163,0.068789364,-2.5672912,-90.107035,-21.805163,-0.068789364,2.5672912,-0.14474905,-0.14474905,INFEASIBLE,0,15836.206,1522.606,0.041458822,16.27449,15,1.5,0.02,0.04,-0.05,40,40,40
10.98,90.214785,21.571132,0.056202921,-2.4665549,-90.214785,-21.571132,-0.056202921,2.4665549,-0.18964764,-0.18964764,INFEASIBLE,0,15876.899,1524.9326,0.041474615,16.30491,15,1.5,0.02,0.04,-0.05,40,40,40
10.985,90.321642,21.23825,0.044248769,-2.3365748,-90.321642,-21.23825,-0.044248769,2.3365748,-0.18516782,-0.18516782,INFEASIBLE,0,15917.689,1527.1879,0.041484405,16.332208,15,1.5,0.02,0.04,-0.05,40,40,40
10.99,90.42647,20.943737,0.032882595,-2.2160154,-90.42647,-20.943737,-0.032882595,2.2160154,-0.18450537,-0.18450537,INFEASIBLE,0,15958.574,1529.3811,0.041489811,16.356761,15,1.5,0.02,0.04,-0.05,40,40,40
10.995,90.530531,20.669412,0.022170391,-2.0974881,-90.530531,-20.669412,-0.022170391,2.0974881,-0.17628923,-0.17628923,INFEASIBLE,0,15999.553,1531.5173,0.041492269,16.378759,15,1.5,0.02,0.04,-0.05,40,40,40
11,90.632916,20.259828,0.012015525,-1.9929439,-90.632916,-20.259828,-0.012015525,1.9929439,-0.18613153,-0.18613153,INFEASIBLE,0,16040.625,1533.5696,0.041492991,16.398618,15,1.5,0.02,0.04,-0.05,40,40,40
11.005,90.733471,20.016456,0.0023973425,-1.8761293,-90.733471,-20.016456,-0.0023973425,1.8761293,-0.16290609,-0.16290609,INFEASIBLE,0,16081.787,1535.5728,0.04149302,16.416217,15,1.5,0.02,0.04,-0.05,40,40,40
11.01,90.833352,19.942733,-0.0066603264,-1.7690692,-90.833352,-19.942733,0.0066603264,1.7690692,-0.13913229,-0.13913229,INFEASIBLE,0,16123.041,1537.5614,0.041493241,16.431865,15,1.5,0.02,0.04,-0.05,40,40,40
11.015,90.932375,19.742457,-0.015262802,-1.6876135,-90.932375,-19.742457,0.015262802,1.6876135,-0.15201658,-0.15201658,INFEASIBLE,0,16164.384,1539.5102,0.041494406,16.446105,15,1.5,0.02,0.04,-0.05,40,40,40
11.02,91.03047,19.578196,-0.023444832,-1.5998106,-91.03047,-19.578196,0.023444832,1.5998106,-0.14765108,-0.14765108,INFEASIBLE,0,16205.817,1541.4268,0.041497155,16.458902,15,1.5,0.02,0.04,-0.05,40,40,40
11.025,91.127283,19.308347,-0.031229962,-1.523343,-91.127283,-19.308347,0.031229962,1.523343,-0.15858435,-0.15858435,INFEASIBLE,0,16247.338,1543.2908,0.041502031,16.470505,15,1.5,0.02,0.04,-0.05,40,40,40
11.03,91.223019,19.069439,-0.038601283,-1.4378821,-91.223019,-19.069439,0.038601283,1.4378821,-0.14860446,-0.14860446,INFEASIBLE,0,16288.946,1545.109,0.041509481,16.480843,15,1.5,0.02,0.04,-0.05,40,40,40
11.035,91.317593,18.750383,-0.045583323,-1.3698588,-91.317593,-18.750383,0.045583323,1.3698588,-0.16217087,-0.16217087,INFEASIBLE,0,16330.641,1546.8669,0.041519871,16.490225,15,1.5,0.02,0.04,-0.05,40,40,40
11.04,91.411076,18.694062,-0.052175213,-1.2788384,-91.411076,-18.694062,0.052175213,1.2788384,-0.12490188,-0.12490188,INFEASIBLE,0,16372.421,1548.6143,0.041533482,16.498402,15,1.5,0.02,0.04,-0.05,40,40,40
11.045,91.503752,18.478309,-0.05842154,-1.2283021,-91.503752,-18.478309,0.05842154,1.2283021,-0.1495689,-0.1495689,INFEASIBLE,0,16414.285,1550.3215,0.041550547,16.505946,15,1.5,0.02,0.04,-0.05,40,40,40
11.05,91.594632,17.900397,-0.064397251,-1.1760317,-91.594632,-17.900397,0.064397251,1.1760317,-0.18209777,-0.18209777,INFEASIBLE,0,16456.233,1551.9236,0.041571282,16.512861,15,1.5,0.02,0.04,-0.05,40,40,40
11.055,91.684487,17.766518,-0.069962302,-1.0818287,-91.684487,-17.766518,0.069962302,1.0818287,-0.12782716,-0.12782716,INFEASIBLE,0,16498.264,1553.5019,0.041595756,16.518713,15,1.5,0.02,0.04,-0.05,40,40,40
11.06,91.773615,17.734318,-0.075165217,-1.0210079,-91.773615,-17.734318,0.075165217,1.0210079,-0.11414508,-0.11414508,INFEASIBLE,0,16540.376,1555.0744,0.041624005,16.523925,15,1.5,0.02,0.04,-0.05,40,40,40
11.065,91.862158,17.543219,-0.080099294,-0.97271984,-91.862158,-17.543219,0.080099294,0.97271984,-0.12159727,-0.12159727,INFEASIBLE,0,16582.569,1556.6132,0.041656084,16.528656,15,1.5,0.02,0.04,-0.05,40,40,40
11.07,91.950023,17.465811,-0.084800199,-0.92317948,-91.950023,-17.465811,0.084800199,0.92317948,-0.1191393,-0.1191393,INFEASIBLE,0,16624.843,1558.1385,0.04169204,16.532918,15,1.5,0.02,0.04,-0.05,40,40,40
11.075,92.036743,17.31224,-0.089280878,-0.87853858,-92.036743,-17.31224,0.089280878,0.87853858,-0.12379658,-0.12379658,INFEASIBLE,0,16667.197,1559.6371,0.041731895,16.536777,15,1.5,0.02,0.04,-0.05,40,40,40
11.08,92.122878,17.085964,-0.093520893,-0.82844666,-92.122878,-17.085964,0.093520893,0.82844666,-0.11958724,-0.11958724,INFEASIBLE,0,16709.63,1561.0967,0.041775626,16.540208,15,1.5,0.02,0.04,-0.05,40,40,40
11.085,92.208082,17.080075,-0.097553774,-0.78365564,-92.208082,-17.080075,0.097553774,0.78365564,-0.11142544,-0.11142544,INFEASIBLE,0,16752.141,1562.5554,0.04182321,16.543279,15,1.5,0.02,0.04,-0.05,40,40,40
11.09,92.292605,16.802813,-0.10136573,-0.74802672,-92.292605,-16.802813,0.10136573,0.74802672,-0.12456139,-0.12456139,INFEASIBLE,0,16794.731,1563.967,0.041874585,16.546077,15,1.5,0.02,0.04,-0.05,40,40,40
11.095,92.376314,16.726345,-0.10500922,-0.70606164,-92.376314,-16.726345,0.10500922,0.70606164,-0.11765069,-0.11765069,INFEASIBLE,0,16837.398,1565.3659,0.041929719,16.548569,15,1.5,0.02,0.04,-0.05,40,40,40
11.1,92.459151,16.388368,-0.10844014,-0.67459178,-92.459151,-16.388368,0.10844014,0.67459178,-0.13377203,-0.13377203,INFEASIBLE,0,16880.141,1566.7088,0.041988516,16.550845,15,1.5,0.02,0.04,-0.05,40,40,40
11.105,92.541438,16.340385,-0.11164919,-0.62493669,-92.541438,-16.340385,0.11164919,0.62493669,-0.1076988,-0.1076988,INFEASIBLE,0,16922.961,1568.0438,0.042050843,16.552797,15,1.5,0.02,0.04,-0.05,40,40,40
11.11,92.622555,16.183017,-0.11467395,-0.59607858,-92.622555,-16.183017,0.11467395,0.59607858,-0.11445537,-0.11445537,INFEASIBLE,0,16965.856,1569.3533,0.042116594,16.554574,15,1.5,0.02,0.04,-0.05,40,40,40
11.115,92.703265,16.160269,-0.11753003,-0.54916222,-92.703265,-16.160269,0.11753003,0.54916222,-0.086217686,-0.086217686,INFEASIBLE,0,17008.825,1570.659,0.042185661,16.556082,15,1.5,0.02,0.04,-0.05,40,40,40
11.12,92.783456,16.005644,-0.12026771,-0.54518211,-92.783456,-16.005644,0.12026771,0.54518211,-0.1258939,-1.3470943,OK,0,17051.869,1571.9399,0.042257982,16.557568,15,1.5,0.02,0.04,-0.05,40,40,40
11.125,92.850738,12.65528,-0.12123118,0.099344873,-92.850738,-12.65528,0.12123118,-0.099344873,0.6937756,-0.89210208,OK,0,17094.975,1572.7407,0.042331467,16.557617,15,1.5,0.02,0.04,-0.05,40,40,40
11.13,92.910789,11.806775,-0.11926994,0.60091035,-92.910789,-11.806775,0.11926994,-0.60091035,1.4428032,-0.77600224,OK,0,17138.137,1573.4377,0.042402594,16.559423,15,1.5,0.02,0.04,-0.05,40,40,40
11.135,92.967296,10.960801,-0.11497081,1.0321828,-92.967296,-10.960801,0.11497081,-1.0321828,2.12149,-0.65948994,OK,0,17181.352,1574.0384,0.042468685,16.56475,15,1.5,0.02,0.04,-0.05,40,40,40
11.14,93.020549,10.43708,-0.10869758,1.404499,-93.020549,-10.43708,0.10869758,-1.404499,2.7541789,-0.58627206,OK,0,17224.616,1574.5831,0.042527761,16.574613,15,1.5,0.02,0.04,-0.05,40,40,40
11.145,93.070371,9.7874004,-0.10075227,1.7212291,-93.070371,-9.7874004,0.10075227,-1.7212291,3.3234631,-0.4956714,OK,0,17267.927,1575.0621,0.042578516,16.589426,15,1.5,0.02,0.04,-0.05,40,40,40
11.15,93.11777,9.3133833,-0.091340772,1.9905997,-93.11777,-9.3133833,0.091340772,-1.9905997,3.8506786,-0.42876512,OK,0,17311.281,1575.4957,0.042620232,16.609238,15,1.5,0.02,0.04,-0.05,40,40,40
11.155,93.16264,8.6470431,-0.080706267,2.2059468,-93.16264,-8.6470431,0.080706267,-2.2059468,4.3074607,-0.33577707,OK,0,17354.678,1575.8696,0.042652799,16.633569,15,1.5,0.02,0.04,-0.05,40,40,40
11.16,93.204881,8.3312897,-0.069114065,2.3929634,-93.204881,-8.3312897,0.069114065,-2.3929634,4.7500833,-0.29031457,OK,0,17398.113,1576.2167,0.042676683,16.662201,15,1.5,0.02,0.04,-0.05,40,40,40
11.165,93.245297,7.9232326,-0.056703805,2.5436546,-93.245297,-7.9232326,0.056703805,-2.5436546,5.1467601,-0.23240514,OK,0,17441.587,1576.5305,0.04269276,16.694552,15,1.5,0.02,0.04,-0.05,40,40,40
11.17,93.283816,7.5897281,-0.043635134,2.6638844,-93.283816,-7.5897281,0.043635134,-2.6638844,5.510565,-0.18464684,OK,0,17485.096,1576.8186,0.04270228,16.730033,15,1.5,0.02,0.04,-0.05,40,40,40
11.175,93.320975,7.3244405,-0.030027405,2.7606001,-93.320975,-7.3244405,0.030027405,-2.7606001,5.8498862,-0.14616078,OK,0,17528.64,1577.0868,0.042706788,16.768138,15,1.5,0.02,0.04,-0.05,40,40,40
11.18,93.35698,7.1220975,-0.015988469,2.8389964,-93.35698,-7.1220975,0.015988469,-2.8389964,6.1706911,-0.11621574,OK,0,17572.218,1577.3404,0.042708066,16.808437,15,1.5,0.02,0.04,-0.05,40,40,40
11.185,93.392059,6.9465215,-0.0015957289,2.9051691,-93.392059,-6.9465215,0.0015957289,-2.9051691,6.4795198,-0.089907424,OK,0,17615.828,1577.5817,0.042708079,16.850637,15,1.5,0.02,0.04,-0.05,40,40,40
11.19,93.426401,6.8153942,0.013089012,2.9587139,-93.426401,-6.8153942,-0.013089012,-2.9587139,6.7755499,-0.069615768,OK,0,17659.471,1577.8139,0.042708936,16.894407,15,1.5,0.02,0.04,-0.05,40,40,40
11.195,93.460138,6.7098756,0.028024514,3.0045613,-93.460138,-6.7098756,-0.028024514,-3.0045613,7.0648075,-0.052787691,OK,0,17703.145,1578.0391,0.042712862,16.939544,15,1.5,0.02,0.04,-0.05,40,40,40
11.2,93.493362,6.6057353,0.043190643,3.0507223,-93.493362,-6.6057353,-0.043190643,-3.0507223,7.3580398,-0.036149684,OK,0,17746.85,1578.2572,0.04272219,16.986079,15,1.5,0.02,0.04,-0.05,40,40,40
11.205,93.5262,6.5384039,0.058545544,3.0862912,-93.5262,-6.5384039,-0.058545544,-3.0862912,7.6396801,-0.024482238,OK,0,17790.585,1578.471,0.042739327,17.033705,15,1.5,0.02,0.04,-0.05,40,40,40
11.21,93.55872,6.4842862,0.074084145,3.1198632,-93.55872,-6.4842862,-0.074084145,-3.1198632,7.9216028,-0.014603178,OK,0,17834.352,1578.6812,0.04276677,17.082372,15,1.5,0.02,0.04,-0.05,40,40,40
11.215,93.591017,6.4314638,0.089785985,3.1596066,-93.591017,-6.4314638,-0.089785985,-3.1596066,8.2152785,-0.0049223694,OK,0,17878.148,1578.888,0.042807077,17.132288,15,1.5,0.02,0.04,-0.05,40,40,40
11.22,93.623101,6.4102605,0.10565683,3.1835417,-93.623101,-6.4102605,-0.10565683,-3.1835417,8.4890374,1.35,INFEASIBLE,0,17921.974,1579.0935,0.042862894,17.182963,15,1.5,0.02,0.04,-0.05,40,40,40
11.225,93.664842,9.6444351,0.11966566,2.5413202,-93.664842,-9.6444351,-0.11966566,-2.5413202,7.8660393,1.35,INFEASIBLE,0,17965.84,1579.5586,0.042934494,17.215254,15,1.5,0.02,0.04,-0.05,40,40,40
11.23,93.719551,11.826794,0.1302479,1.833742,-93.719551,-11.826794,-0.1302479,-1.833742,7.0517941,1.35,INFEASIBLE,0,18009.757,1580.2579,0.043019316,17.232067,15,1.5,0.02,0.04,-0.05,40,40,40
11.235,93.784096,13.286305,0.13725907,1.0975353,-93.784096,-13.286305,-0.13725907,-1.0975353,6.1123231,1.35,INFEASIBLE,0,18053.734,1581.1406,0.043113516,17.23809,15,1.5,0.02,0.04,-0.05,40,40,40
11.24,93.860927,16.157613,0.14084969,0.43299672,-93.860927,-16.157613,-0.14084969,-0.43299672,5.2857635,1.35,INFEASIBLE,0,18097.783,1582.4459,0.04321271,17.239027,15,1.5,0.02,0.04,-0.05,40,40,40
11.245,93.94569,17.84574,0.14076528,-0.29672751,-93.94569,-17.84574,-0.14076528,0.29672751,4.2591314,1.35,INFEASIBLE,0,18141.912,1584.0383,0.043311784,17.239468,15,1.5,0.02,0.04,-0.05,40,40,40
11.25,94.0398,20.449672,0.13708912,-0.97390908,-94.0398,-20.449672,-0.13708912,0.97390908,3.294256,1.35,INFEASIBLE,0,18186.13,1586.1292,0.043405751,17.24421,15,1.5,0.02,0.04,-0.05,40,40,40
11.255,94.143291,21.636877,0.12980597,-1.7354171,-94.143291,-21.636877,-0.12980597,1.7354171,2.0923048,1.35,INFEASIBLE,0,18230.444,1588.47,0.043489999,17.259269,15,1.5,0.02,0.04,-0.05,40,40,40
11.26,94.257781,25.452075,0.11900771,-2.3483052,-94.257781,-25.452075,-0.11900771,2.3483052,1.1658965,1.1658965,INFEASIBLE,0,18274.867,1591.709,0.043560813,17.286841,15,1.5,0.02,0.04,-0.05,40,40,40
11.265,94.377784,25.47872,0.10468828,-3.0678806,-94.377784,-25.47872,-0.10468828,3.0678806,-0.12479219,-0.12479219,INFEASIBLE,0,18319.403,1594.9548,0.043615611,17.333901,15,1.5,0.02,0.04,-0.05,40,40,40
11.27,94.492765,22.469885,0.088915654,-3.1447346,-94.492765,-22.469885,-0.088915654,3.1447346,-0.59471634,-0.59471634,INFEASIBLE,0,18364.047,1597.4793,0.043655141,17.383347,15,1.5,0.02,0.04,-0.05,40,40,40
11.275,94.600524,20.552473,0.074190376,-2.8445037,-94.600524,-20.552473,-0.074190376,2.8445037,-0.43979046,-0.43979046,INFEASIBLE,0,18408.794,1599.5913,0.043682662,17.423804,15,1.5,0.02,0.04,-0.05,40,40,40
11.28,94.704247,20.421068,0.061010764,-2.5315655,-94.704247,-20.421068,-0.061010764,2.5315655,-0.17125906,-0.17125906,INFEASIBLE,0,18453.638,1601.6764,0.043701274,17.455848,15,1.5,0.02,0.04,-0.05,40,40,40
11.285,94.808236,20.682589,0.048900718,-2.378015,-94.808236,-20.682589,-0.048900718,2.378015,-0.1100435,-0.1100435,INFEASIBLE,0,18498.581,1603.8153,0.04371323,17.484122,15,1.5,0.02,0.04,-0.05,40,40,40
11.29,94.91117,20.464089,0.037279023,-2.2991315,-94.91117,-20.464089,-0.037279023,2.2991315,-0.17272491,-0.17272491,INFEASIBLE,0,18543.622,1605.9092,0.043720179,17.510552,15,1.5,0.02,0.04,-0.05,40,40,40
11.295,95.012317,19.880303,0.026131739,-2.2048828,-95.012317,-19.880303,-0.026131739,2.2048828,-0.21988963,-0.21988963,INFEASIBLE,0,18588.758,1607.8853,0.043723593,17.53486,15,1.5,0.02,0.04,-0.05,40,40,40
11.3,95.112166,19.924819,0.015634349,-2.0345491,-95.112166,-19.924819,-0.015634349,2.0345491,-0.11807232,-0.11807232,INFEASIBLE,0,18633.99,1609.8703,0.043724815,17.555557,15,1.5,0.02,0.04,-0.05,40,40,40
11.305,95.210664,19.822495,0.0056337162,-1.9527248,-95.210664,-19.822495,-0.0056337162,1.9527248,-0.14746835,-0.14746835,INFEASIBLE,0,18679.315,1611.835,0.043724974,17.574623,15,1.5,0.02,0.04,-0.05,40,40,40
11.31,95.307989,19.300238,-0.0039468444,-1.8855206,-95.307989,-19.300238,0.0039468444,1.8855206,-0.20931423,-0.20931423,INFEASIBLE,0,18724.734,1613.6975,0.043725052,17.592399,15,1.5,0.02,0.04,-0.05,40,40,40
11.315,95.404079,19.119561,-0.012972674,-1.7555664,-95.404079,-19.119561,0.012972674,1.7555664,-0.15507568,-0.15507568,INFEASIBLE,0,18770.243,1615.5252,0.043725893,17.607809,15,1.5,0.02,0.04,-0.05,40,40,40
11.32,95.498928,18.739419,-0.021473764,-1.6741721,-95.498928,-18.739419,0.021473764,1.6741721,-0.17380932,-0.17380932,INFEASIBLE,0,18815.843,1617.2811,0.043728199,17.621823,15,1.5,0.02,0.04,-0.05,40,40,40
11.325,95.592758,18.722662,-0.029493161,-1.5619232,-95.592758,-18.722662,0.029493161,1.5619232,-0.12452063,-0.12452063,INFEASIBLE,0,18861.533,1619.0338,0.043732548,17.634021,15,1.5,0.02,0.04,-0.05,40,40,40
11.33,95.685818,18.56382,-0.037097394,-1.4934027,-95.685818,-18.56382,0.037097394,1.4934027,-0.14029583,-0.14029583,INFEASIBLE,0,18907.312,1620.7568,0.043739429,17.645172,15,1.5,0.02,0.04,-0.05,40,40,40
11.335,95.777169,18.005752,-0.044403991,-1.4417237,-95.777169,-18.005752,0.044403991,1.4417237,-0.19287196,-0.19287196,INFEASIBLE,0,18953.179,1622.3779,0.043749288,17.655565,15,1.5,0.02,0.04,-0.05,40,40,40
11.34,95.867416,17.737409,-0.051247758,-1.3399741,-95.867416,-17.737409,0.051247758,1.3399741,-0.1518328,-0.1518328,INFEASIBLE,0,18999.131,1623.951,0.04376242,17.664543,15,1.5,0.02,0.04,-0.05,40,40,40
11.345,95.956648,17.791854,-0.057641022,-1.2442192,-95.956648,-17.791854,0.057641022,1.2442192,-0.10013709,-0.10013709,INFEASIBLE,0,19045.17,1625.5337,0.043779032,17.672283,15,1.5,0.02,0.04,-0.05,40,40,40
11.35,96.045481,17.611291,-0.063738954,-1.2071984,-96.045481,-17.611291,0.063738954,1.2071984,-0.1415207,-0.1415207,INFEASIBLE,0,19091.293,1627.0845,0.043799345,17.67957,15,1.5,0.02,0.04,-0.05,40,40,40
11.355,96.133151,17.505266,-0.06956171,-1.1415311,-96.133151,-17.505266,0.06956171,1.1415311,-0.1328486,-0.1328486,INFEASIBLE,0,19137.501,1628.6167,0.043823539,17.686085,15,1.5,0.02,0.04,-0.05,40,40,40
11.36,96.219788,17.280664,-0.075090288,-1.0806549,-96.219788,-17.280664,0.075090288,1.0806549,-0.13171441,-0.13171441,INFEASIBLE,0,19183.793,1630.1098,0.043851732,17.691924,15,1.5,0.02,0.04,-0.05,40,40,40
11.365,96.305197,16.893245,-0.08036483,-1.03671,-96.305197,-16.893245,0.08036483,1.03671,-0.15870368,-0.15870368,INFEASIBLE,0,19230.166,1631.5367,0.043884025,17.697298,15,1.5,0.02,0.04,-0.05,40,40,40
11.37,96.389872,16.992785,-0.085307635,-0.95491208,-96.389872,-16.992785,0.085307635,0.95491208,-0.10447378,-0.10447378,INFEASIBLE,0,19276.621,1632.9805,0.043920412,17.701857,15,1.5,0.02,0.04,-0.05,40,40,40
11.375,96.473902,16.679044,-0.089980873,-0.92123289,-96.473902,-16.679044,0.089980873,0.92123289,-0.13492261,-0.13492261,INFEASIBLE,0,19323.157,1634.3714,0.043960895,17.706101,15,1.5,0.02,0.04,-0.05,40,40,40
11.38,96.556975,16.669205,-0.094420884,-0.86648891,-96.556975,-16.669205,0.094420884,0.86648891,-0.11813891,-0.11813891,INFEASIBLE,0,19369.773,1635.7607,0.044005471,17.709855,15,1.5,0.02,0.04,-0.05,40,40,40
11.385,96.639274,16.320069,-0.098635398,-0.82714814,-96.639274,-16.320069,0.098635398,0.82714814,-0.13466495,-0.13466495,INFEASIBLE,0,19416.469,1637.0924,0.044054116,17.713276,15,1.5,0.02,0.04,-0.05,40,40,40
11.39,96.720861,16.273511,-0.10260912,-0.77337352,-96.720861,-16.273511,0.10260912,0.77337352,-0.1138394,-0.1138394,INFEASIBLE,0,19463.244,1638.4166,0.044106759,17.716266,15,1.5,0.02,0.04,-0.05,40,40,40
11.395,96.801403,15.998617,-0.10637603,-0.74007825,-96.801403,-15.998617,0.10637603,0.74007825,-0.12978514,-1.3413816,OK,0,19510.096,1639.6964,0.044163338,17.719005,15,1.5,0.02,0.04,-0.05,40,40,40
11.4,96.870106,13.641019,-0.10825138,-0.045109921,-96.870106,-13.641019,0.10825138,0.045109921,0.79160722,-1.0221456,OK,0,19557.015,1640.6267,0.04422193,17.719015,15,1.5,0.02,0.04,-0.05,40,40,40
11.405,96.930177,12.061546,-0.10702247,0.50700111,-96.930177,-12.061546,0.10702247,-0.50700111,1.57623,-0.80721738,OK,0,19603.993,1641.3541,0.044279199,17.7203,15,1.5,0.02,0.04,-0.05,40,40,40
11.41,96.985794,11.303615,-0.1032545,0.9639905,-96.985794,-11.303615,0.1032545,-0.9639905,2.2890288,-0.70298983,OK,0,19651.024,1641.993,0.044332507,17.724946,15,1.5,0.02,0.04,-0.05,40,40,40
11.415,97.038506,10.209793,-0.097354592,1.3334984,-97.038506,-10.209793,0.097354592,-1.3334984,2.8890905,-0.55268056,OK,0,19698.106,1642.5142,0.044379896,17.733838,15,1.5,0.02,0.04,-0.05,40,40,40
11.42,97.087569,9.4915873,-0.089783698,1.630248,-97.087569,-9.4915873,0.089783698,-1.630248,3.4200314,-0.45309941,OK,0,19745.236,1642.9647,0.044420202,17.747126,15,1.5,0.02,0.04,-0.05,40,40,40
11.425,97.135156,9.1406125,-0.080796909,1.8822839,-97.135156,-9.1406125,0.080796909,-1.8822839,3.9197998,-0.4031471,OK,0,19792.412,1643.3824,0.044452842,17.764841,15,1.5,0.02,0.04,-0.05,40,40,40
11.43,97.179689,8.6392623,-0.070719635,2.0977739,-97.179689,-8.6392623,0.070719635,-2.0977739,4.3750306,-0.33276111,OK,0,19839.632,1643.7556,0.044477849,17.786844,15,1.5,0.02,0.04,-0.05,40,40,40
11.435,97.221885,8.2766867,-0.059699357,2.2748664,-97.221885,-8.2766867,0.059699357,-2.2748664,4.7923143,-0.28116559,OK,0,19886.892,1644.0981,0.044495669,17.812719,15,1.5,0.02,0.04,-0.05,40,40,40
11.44,97.2621,7.8959606,-0.047887646,2.4218205,-97.2621,-7.8959606,0.047887646,-2.4218205,5.1754965,-0.22713131,OK,0,19934.192,1644.4098,0.044507135,17.842046,15,1.5,0.02,0.04,-0.05,40,40,40
11.445,97.300656,7.594928,-0.035415337,2.5426907,-97.300656,-7.594928,0.035415337,-2.5426907,5.5326162,-0.18390221,OK,0,19981.529,1644.6983,0.044513406,17.874372,15,1.5,0.02,0.04,-0.05,40,40,40
11.45,97.33788,7.3382956,-0.022407892,2.6408584,-97.33788,-7.3382956,0.022407892,-2.6408584,5.8654586,-0.14670007,OK,0,20028.902,1644.9675,0.044515917,17.909243,15,1.5,0.02,0.04,-0.05,40,40,40
11.455,97.373934,7.1202095,-0.008959189,2.7215475,-97.373934,-7.1202095,0.008959189,-2.7215475,6.1802204,-0.11472305,OK,0,20076.311,1645.221,0.044516318,17.946277,15,1.5,0.02,0.04,-0.05,40,40,40
11.46,97.409037,6.9551182,0.004848196,2.7890214,-97.409037,-6.9551182,-0.004848196,-2.7890214,6.4826406,-0.08991507,OK,0,20123.753,1645.4629,0.044516436,17.98517,15,1.5,0.02,0.04,-0.05,40,40,40
11.465,97.443424,6.823153,0.018954819,2.8436947,-97.443424,-6.823153,-0.018954819,-2.8436947,6.7716589,-0.069583964,OK,0,20171.229,1645.6956,0.044518232,18.025603,15,1.5,0.02,0.04,-0.05,40,40,40
11.47,97.477189,6.709553,0.033326709,2.8935639,-97.477189,-6.709553,-0.033326709,-2.8935639,7.0581724,-0.05173156,OK,0,20218.738,1645.9207,0.044523785,18.067466,15,1.5,0.02,0.04,-0.05,40,40,40
11.475,97.510467,6.6175838,0.047922523,2.9374708,-97.510467,-6.6175838,-0.047922523,-2.9374708,7.3399568,-0.03679874,OK,0,20266.28,1646.1397,0.044535268,18.11061,15,1.5,0.02,0.04,-0.05,40,40,40
11.48,97.543383,6.5610499,0.062710281,2.9710793,-97.543383,-6.5610499,-0.062710281,-2.9710793,7.6105829,-0.026646758,OK,0,20313.853,1646.3549,0.044554931,18.154747,15,1.5,0.02,0.04,-0.05,40,40,40
11.485,97.57596,6.4896781,0.077698504,3.0132083,-97.57596,-6.4896781,-0.077698504,-3.0132083,7.8963964,-0.014500547,OK,0,20361.459,1646.5655,0.044585116,18.200144,15,1.5,0.02,0.04,-0.05,40,40,40
11.49,97.608297,6.4410157,0.092853947,3.0488218,-97.608297,-6.4410157,-0.092853947,-3.0488218,8.1758484,-0.0054232548,OK,0,20409.096,1646.7729,0.044628226,18.24662,15,1.5,0.02,0.04,-0.05,40,40,40
11.495,97.640425,6.4138526,0.10818602,3.0784655,-97.640425,-6.4138526,-0.10818602,-3.0784655,8.4498511,1.35,INFEASIBLE,0,20456.764,1646.9786,0.044686747,18.294005,15,1.5,0.02,0.04,-0.05,40,40,40
11.5,97.680101,9.0398093,0.12151149,2.3961322,-97.680101,-9.0398093,-0.12151149,-2.3961322,7.732065,1.35,INFEASIBLE,0,20504.471,1647.3872,0.044760572,18.322712,15,1.5,0.02,0.04,-0.05,40,40,40
11.505,97.734173,11.931417,0.13149399,1.7277061,-97.734173,-11.931417,-0.13149399,-1.7277061,6.9959092,1.35,INFEASIBLE,0,20552.231,1648.099,0.044847025,18.337637,15,1.5,0.02,0.04,-0.05,40,40,40
11.51,97.798442,13.880374,0.13792545,1.01751,-97.798442,-13.880374,-0.13792545,-1.01751,6.1063307,1.35,INFEASIBLE,0,20600.054,1649.0623,0.044942142,18.342814,15,1.5,0.02,0.04,-0.05,40,40,40
11.515,97.874291,15.818381,0.14090418,0.30287278,-97.874291,-15.818381,-0.14090418,-0.30287278,5.158093,-1.2692105,OK,0,20647.95,1650.3134,0.045041412,18.343272,15,1.5,0.02,0.04,-0.05,40,40,40
11.52,97.934551,10.03307,0.14385614,0.81510232,-97.934551,-10.03307,-0.14385614,-0.81510232,5.7405094,-0.48095019,OK,0,20695.906,1650.8168,0.045144885,18.346594,15,1.5,0.02,0.04,-0.05,40,40,40
11.525,97.987577,10.79498,0.14922801,1.236731,-97.987577,-10.79498,-0.14922801,-1.236731,6.4850674,-0.58467468,OK,0,20743.914,1651.3994,0.04525623,18.354242,15,1.5,0.02,0.04,-0.05,40,40,40
11.53,98.038979,9.9022445,0.15658027,1.6194028,-98.038979,-9.9022445,-0.15658027,-1.6194028,7.1346775,1.35,INFEASIBLE,0,20791.972,1651.8897,0.045378817,18.367354,15,1.5,0.02,0.04,-0.05,40,40,40
11.535,98.100628,13.728163,0.1629463,1.0332426,-98.100628,-13.728163,-0.1629463,-1.0332426,6.5051975,1.35,INFEASIBLE,0,20840.091,1652.832,0.045511575,18.372692,15,1.5,0.02,0.04,-0.05,40,40,40
11.54,98.17517,15.617753,0.16604718,0.34124914,-98.17517,-15.617753,-0.16604718,-0.34124914,5.590795,1.35,INFEASIBLE,0,20888.283,1654.0516,0.045649433,18.373275,15,1.5,0.02,0.04,-0.05,40,40,40
11.545,98.260804,18.127603,0.16573424,-0.3332144,-98.260804,-18.127603,-0.16573424,0.3332144,4.6765121,1.35,INFEASIBLE,0,20936.559,1655.6946,0.045786772,18.37383,15,1.5,0.02,0.04,-0.05,40,40,40
11.55,98.356201,19.397464,0.1619053,-1.0727686,-98.356201,-19.397464,-0.1619053,1.0727686,3.5624493,1.35,INFEASIBLE,0,20984.928,1657.5759,0.045917839,18.379584,15,1.5,0.02,0.04,-0.05,40,40,40
11.555,98.461466,22.320438,0.15457645,-1.719826,-98.461466,-22.320438,-0.15457645,1.719826,2.6009546,1.35,INFEASIBLE,0,21033.402,1660.0669,0.046037308,18.394373,15,1.5,0.02,0.04,-0.05,40,40,40
11.56,98.576491,24.393561,0.1437144,-2.4228588,-98.576491,-24.393561,-0.1437144,2.4228588,1.4687001,1.35,INFEASIBLE,0,21081.988,1663.0422,0.046140577,18.423724,15,1.5,0.02,0.04,-0.05,40,40,40
11.565,98.702427,25.724922,0.12934496,-3.1765851,-98.702427,-25.724922,-0.12934496,3.1765851,0.1783422,0.1783422,INFEASIBLE,0,21130.699,1666.351,0.046224228,18.474178,15,1.5,0.02,0.04,-0.05,40,40,40
11.57,98.824234,23.471551,0.11277547,-3.3934377,-98.824234,-23.471551,-0.11277547,3.3934377,-0.48317779,-0.48317779,INFEASIBLE,0,21179.53,1669.1056,0.04628782,18.531755,15,1.5,0.02,0.04,-0.05,40,40,40
11.575,98.938213,22.340982,0.096634213,-3.1214682,-98.938213,-22.340982,-0.096634213,3.1214682,-0.36028553,-0.36028553,INFEASIBLE,0,21228.474,1671.6012,0.04633451,18.580472,15,1.5,0.02,0.04,-0.05,40,40,40
11.58,99.049073,21.925599,0.081809322,-2.8749635,-99.049073,-21.925599,-0.081809322,2.8749635,-0.22730004,-0.22730004,INFEASIBLE,0,21277.528,1674.0049,0.046367974,18.6218,15,1.5,0.02,0.04,-0.05,40,40,40
11.585,99.158246,21.678206,0.067954649,-2.7094298,-99.158246,-21.678206,-0.067954649,2.7094298,-0.19453176,-0.19453176,INFEASIBLE,0,21326.69,1676.3546,0.046391063,18.658505,15,1.5,0.02,0.04,-0.05,40,40,40
11.59,99.265989,21.390734,0.054838625,-2.5709497,-99.265989,-21.390734,-0.054838625,2.5709497,-0.19289598,-0.19289598,INFEASIBLE,0,21375.958,1678.6424,0.0464061,18.691553,15,1.5,0.02,0.04,-0.05,40,40,40
11.595,99.372025,21.082815,0.042376118,-2.4392997,-99.372025,-21.082815,-0.042376118,2.4392997,-0.1925546,-0.1925546,INFEASIBLE,0,21425.332,1680.8648,0.046415078,18.721304,15,1.5,0.02,0.04,-0.05,40,40,40
11.6,99.476439,20.780184,0.030542255,-2.3113747,-99.476439,-20.780184,-0.030542255,2.3113747,-0.18819211,-0.18819211,INFEASIBLE,0,21474.81,1683.0239,0.046419743,18.748017,15,1.5,0.02,0.04,-0.05,40,40,40
11.605,99.578725,20.48427,0.019287599,-2.1892871,-99.578725,-20.48427,-0.019287599,2.1892871,-0.18367135,-0.18367135,INFEASIBLE,0,21524.39,1685.1219,0.046421603,18.771982,15,1.5,0.02,0.04,-0.05,40,40,40
11.61,99.679027,20.360778,0.0085758713,-2.0682148,-99.679027,-20.360778,-0.0085758713,2.0682148,-0.16567256,-0.16567256,INFEASIBLE,0,21574.069,1687.1947,0.04642197,18.793369,15,1.5,0.02,0.04,-0.05,40,40,40
11.615,99.779346,19.904867,-0.0015093242,-1.9809228,-99.779346,-19.904867,0.0015093242,1.9809228,-0.20224248,-0.20224248,INFEASIBLE,0,21623.849,1689.1758,0.046421982,18.812989,15,1.5,0.02,0.04,-0.05,40,40,40
11.62,99.877619,19.541537,-0.011077664,-1.8658152,-99.877619,-19.541537,0.011077664,1.8658152,-0.1856739,-0.1856739,INFEASIBLE,0,21673.727,1691.0851,0.046422595,18.830396,15,1.5,0.02,0.04,-0.05,40,40,40
11.625,99.97505,19.225245,-0.020046487,-1.7608484,-99.97505,-19.225245,0.020046487,1.7608484,-0.17345903,-0.17345903,INFEASIBLE,0,21723.702,1692.9332,0.046424605,18.845899,15,1.5,0.02,0.04,-0.05,40,40,40
11.63,100.07066,19.129938,-0.028544821,-1.6550885,-100.07066,-19.129938,0.028544821,1.6550885,-0.14419418,-0.14419418,INFEASIBLE,0,21773.772,1694.7629,0.046428679,18.859595,15,1.5,0.02,0.04,-0.05,40,40,40
11.635,100.16589,18.938697,-0.036570479,-1.5749874,-100.16589,-18.938697,0.036570479,1.5749874,-0.15017262,-0.15017262,INFEASIBLE,0,21823.938,1696.5563,0.046435366,18.871998,15,1.5,0.02,0.04,-0.05,40,40,40
11.64,100.2599,18.829341,-0.044207907,-1.4917252,-100.2599,-18.829341,0.044207907,1.4917252,-0.14233483,-0.14233483,INFEASIBLE,0,21874.199,1698.329,0.046445137,18.883124,15,1.5,0.02,0.04,-0.05,40,40,40
11.645,100.35281,18.451505,-0.051473677,-1.4256356,-100.35281,-18.451505,0.051473677,1.4256356,-0.1654423,-0.1654423,INFEASIBLE,0,21924.552,1700.0313,0.046458385,18.893287,15,1.5,0.02,0.04,-0.05,40,40,40
11.65,100.44472,18.262313,-0.058360081,-1.3458354,-100.44472,-18.262313,0.058360081,1.3458354,-0.15476735,-0.15476735,INFEASIBLE,0,21974.998,1701.6989,0.046475415,18.902343,15,1.5,0.02,0.04,-0.05,40,40,40
11.655,100.53553,18.045283,-0.064851661,-1.2700521,-100.53553,-18.045283,0.064851661,1.2700521,-0.14533115,-0.14533115,INFEASIBLE,0,22025.535,1703.327,0.046496443,18.910408,15,1.5,0.02,0.04,-0.05,40,40,40
11.66,100.62494,17.84919,-0.071008302,-1.2030212,-100.62494,-17.84919,0.071008302,1.2030212,-0.14318998,-0.14318998,INFEASIBLE,0,22076.162,1704.92,0.046521654,18.917644,15,1.5,0.02,0.04,-0.05,40,40,40
11.665,100.71355,17.658677,-0.076831445,-1.1404898,-100.71355,-17.658677,0.076831445,1.1404898,-0.1425884,-0.1425884,INFEASIBLE,0,22126.878,1706.4791,0.04655117,18.924148,15,1.5,0.02,0.04,-0.05,40,40,40
11.67,100.8012,17.580089,-0.082353965,-1.077212,-100.8012,-17.580089,0.082353965,1.077212,-0.13189988,-0.13189988,INFEASIBLE,0,22177.682,1708.0244,0.04658508,18.92995,15,1.5,0.02,0.04,-0.05,40,40,40
11.675,100.88793,17.188028,-0.087591791,-1.0277701,-100.88793,-17.188028,0.087591791,1.0277701,-0.15025228,-0.15025228,INFEASIBLE,0,22228.574,1709.5016,0.046623442,18.935231,15,1.5,0.02,0.04,-0.05,40,40,40
11.68,100.97385,17.078805,-0.092545183,-0.96575969,-100.97385,-17.078805,0.092545183,0.96575969,-0.13418797,-0.13418797,INFEASIBLE,0,22279.552,1710.96,0.046666265,18.939895,15,1.5,0.02,0.04,-0.05,40,40,40
11.685,101.05876,17.01954,-0.097208987,-0.91267283,-101.05876,-17.01954,0.097208987,0.91267283,-0.12518732,-0.12518732,INFEASIBLE,0,22330.617,1712.4083,0.046713513,18.94406,15,1.5,0.02,0.04,-0.05,40,40,40
11.69,101.14278,16.745669,-0.10162677,-0.86177462,-101.14278,-16.745669,0.10162677,0.86177462,-0.12438125,-0.12438125,INFEASIBLE,0,22381.766,1713.8104,0.046765153,18.947773,15,1.5,0.02,0.04,-0.05,40,40,40
11.695,101.22605,16.695278,-0.10583365,-0.82633609,-101.22605,-16.695278,0.10583365,0.82633609,-0.13467683,-0.13467683,INFEASIBLE,0,22433,1715.2041,0.046821157,18.951187,15,1.5,0.02,0.04,-0.05,40,40,40
11.7,101.30839,16.352478,-0.10981768,-0.77691759,-101.30839,-16.352478,0.10981768,0.77691759,-0.13237462,-0.13237462,INFEASIBLE,0,22484.317,1716.5411,0.046881456,18.954205,15,1.5,0.02,0.04,-0.05,40,40,40
11.705,101.38998,16.349727,-0.11355976,-0.73350674,-101.38998,-16.349727,0.11355976,0.73350674,-0.12186788,-0.12186788,INFEASIBLE,0,22535.716,1717.8777,0.046945936,18.956895,15,1.5,0.02,0.04,-0.05,40,40,40
11.71,101.47065,15.992011,-0.11711561,-0.69639048,-101.47065,-15.992011,0.11711561,0.69639048,-0.13222636,-1.3440733,OK,0,22587.198,1719.1564,0.047014516,18.95932,15,1.5,0.02,0.04,-0.05,40,40,40
11.715,101.53978,13.594247,-0.11875309,-0.0058002073,-101.53978,-13.594247,0.11875309,0.0058002073,0.78456884,-1.0189926,OK,0,22638.749,1720.0804,0.047085027,18.95932,15,1.5,0.02,0.04,-0.05,40,40,40
11.72,101.60027,12.062437,-0.11730679,0.54142616,-101.60027,-12.062437,0.11730679,-0.54142616,1.5670403,-0.81022701,OK,0,22690.362,1720.8079,0.047153832,18.960786,15,1.5,0.02,0.04,-0.05,40,40,40
11.725,101.65556,11.294003,-0.11338744,0.99656878,-101.65556,-11.294003,0.11338744,-0.99656878,2.2789128,-0.70436913,OK,0,22742.032,1721.4457,0.047218115,18.965752,15,1.5,0.02,0.04,-0.05,40,40,40
11.73,101.7081,10.515238,-0.10733471,1.3810585,-101.7081,-10.515238,0.10733471,-1.3810585,2.9163385,-0.59657042,OK,0,22793.754,1721.9986,0.047275719,18.975288,15,1.5,0.02,0.04,-0.05,40,40,40
11.735,101.75849,9.8754048,-0.099458141,1.7063449,-101.75849,-9.8754048,0.099458141,-1.7063449,3.4978311,-0.50732649,OK,0,22845.528,1722.4862,0.047325179,18.989846,15,1.5,0.02,0.04,-0.05,40,40,40
11.74,101.80575,9.2384528,-0.09011009,1.9726812,-101.80575,-9.2384528,0.09011009,-1.9726812,4.0130237,-0.41835778,OK,0,22897.35,1722.9129,0.047365778,19.009304,15,1.5,0.02,0.04,-0.05,40,40,40
11.745,101.85,8.4827757,-0.079586819,2.1828806,-101.85,-8.4827757,0.079586819,-2.1828806,4.4568297,-0.31332178,OK,0,22949.218,1723.2727,0.047397448,19.033129,15,1.5,0.02,0.04,-0.05,40,40,40
11.75,101.89186,8.2052244,-0.068147589,2.3544027,-101.89186,-8.2052244,0.068147589,-2.3544027,4.8754363,-0.27310758,OK,0,23001.127,1723.6093,0.047420669,19.060845,15,1.5,0.02,0.04,-0.05,40,40,40
11.755,101.9316,7.8144056,-0.055975809,2.4918205,-101.9316,-7.8144056,0.055975809,-2.4918205,5.2493018,-0.21760531,OK,0,23053.078,1723.9147,0.047436335,19.091891,15,1.5,0.02,0.04,-0.05,40,40,40
11.76,101.96976,7.504894,-0.043182869,2.6037036,-101.96976,-7.504894,0.043182869,-2.6037036,5.5974034,-0.17315176,OK,0,23105.067,1724.1963,0.047445659,19.125787,15,1.5,0.02,0.04,-0.05,40,40,40
11.765,102.00657,7.2709218,-0.029892,2.6940724,-102.00657,-7.2709218,0.029892,-2.6940724,5.9236969,-0.13895082,OK,0,23157.093,1724.4606,0.047450126,19.162077,15,1.5,0.02,0.04,-0.05,40,40,40
11.77,102.04227,7.0606618,-0.016197959,2.7691044,-102.04227,-7.0606618,0.016197959,-2.7691044,6.2339591,-0.10798034,OK,0,23209.157,1724.7099,0.047451438,19.200417,15,1.5,0.02,0.04,-0.05,40,40,40
11.775,102.0771,6.8960953,-0.0021714681,2.8312052,-102.0771,-6.8960953,0.0021714681,-2.8312052,6.5316215,-0.083200303,OK,0,23261.255,1724.9476,0.047451462,19.240495,15,1.5,0.02,0.04,-0.05,40,40,40
11.78,102.11122,6.7813135,0.012128566,2.8788499,-102.11122,-6.7813135,-0.012128566,-2.8788499,6.8136803,-0.065153171,OK,0,23313.389,1725.1776,0.047452197,19.281934,15,1.5,0.02,0.04,-0.05,40,40,40
11.785,102.14476,6.6652338,0.026671652,2.9264571,-102.14476,-6.6652338,-0.026671652,-2.9264571,7.099265,-0.046932403,OK,0,23365.556,1725.3997,0.047455754,19.324755,15,1.5,0.02,0.04,-0.05,40,40,40
11.79,102.17786,6.5795859,0.041412355,2.9679839,-102.17786,-6.5795859,-0.041412355,-2.9679839,7.3799018,-0.032825291,OK,0,23417.758,1725.6162,0.047464329,19.3688,15,1.5,0.02,0.04,-0.05,40,40,40
11.795,102.21058,6.5226518,0.056341763,2.9975457,-102.21058,-6.5226518,-0.056341763,-2.9975457,7.6465625,-0.022587484,OK,0,23469.993,1725.8289,0.047480201,19.413726,15,1.5,0.02,0.04,-0.05,40,40,40
11.8,102.24302,6.4614793,0.071439351,3.0350345,-102.24302,-6.4614793,-0.071439351,-3.0350345,7.9274614,-0.011790872,OK,0,23522.261,1726.0376,0.047505719,19.459783,15,1.5,0.02,0.04,-0.05,40,40,40
11.805,102.27523,6.4211519,0.086690659,3.0648281,-102.27523,-6.4211519,-0.086690659,-3.0648281,8.1999527,-0.0038082529,OK,0,23574.562,1726.2438,0.047543295,19.506749,15,1.5,0.02,0.04,-0.05,40,40,40
11.81,102.30723,6.3876582,0.10211562,3.0959003,-102.30723,-6.3876582,-0.10211562,-3.0959003,8.4772356,0.0032408236,OK,0,23626.896,1726.4478,0.047595433,19.554672,15,1.5,0.02,0.04,-0.05,40,40,40
11.815,102.33911,6.3536875,0.11768276,3.1347388,-102.33911,-6.3536875,-0.11768276,-3.1347388,8.7682793,1.35,INFEASIBLE,0,23679.263,1726.6497,0.04766468,19.603805,15,1.5,0.02,0.04,-0.05,40,40,40
11.82,102.38143,10.206547,0.1314434,2.5160236,-102.38143,-10.206547,-0.1314434,-2.5160236,8.2015769,1.35,INFEASIBLE,0,23731.672,1727.1705,0.047751066,19.635457,15,1.5,0.02,0.04,-0.05,40,40,40
11.825,102.43521,12.515089,0.14171551,1.8217357,-102.43521,-12.515089,-0.14171551,-1.8217357,7.4076439,1.35,INFEASIBLE,0,23784.137,1727.9537,0.047851483,19.652051,15,1.5,0.02,0.04,-0.05,40,40,40
11.83,102.49895,13.440576,0.14843747,1.0583292,-102.49895,-13.440576,-0.14843747,-1.0583292,6.4016581,1.35,INFEASIBLE,0,23836.667,1728.8569,0.047961651,19.657651,15,1.5,0.02,0.04,-0.05,40,40,40
11.835,102.57343,15.186291,0.15168416,0.33835661,-102.57343,-15.186291,-0.15168416,-0.33835661,5.4417176,-1.1824717,OK,0,23889.274,1730.01,0.048076692,19.658223,15,1.5,0.02,0.04,-0.05,40,40,40
11.84,102.63442,10.340241,0.15488922,0.85317498,-102.63442,-10.340241,-0.15488922,-0.85317498,6.0693987,-0.52136721,OK,0,23941.943,1730.5446,0.048196645,19.661863,15,1.5,0.02,0.04,-0.05,40,40,40
11.845,102.68796,10.88095,0.16047747,1.2887513,-102.68796,-10.88095,-0.16047747,-1.2887513,6.8292862,1.35,INFEASIBLE,0,23994.667,1731.1366,0.04832541,19.670167,15,1.5,0.02,0.04,-0.05,40,40,40
11.85,102.75555,15.665415,0.16529176,0.76083023,-102.75555,-15.665415,-0.16529176,-0.76083023,6.3023495,1.35,INFEASIBLE,0,24047.461,1732.3636,0.048462017,19.673061,15,1.5,0.02,0.04,-0.05,40,40,40
11.855,102.83439,15.313097,0.16672077,-0.062823237,-102.83439,-15.313097,-0.16672077,0.062823237,5.0757883,-1.1990481,OK,0,24100.335,1733.5361,0.048600996,19.673081,15,1.5,0.02,0.04,-0.05,40,40,40
11.86,102.89736,11.824648,0.16798434,0.54485618,-102.89736,-11.824648,-0.16798434,-0.54485618,5.8679824,-0.72230536,OK,0,24153.275,1734.2352,0.04874209,19.674566,15,1.5,0.02,0.04,-0.05,40,40,40
11.865,102.95361,11.215092,0.17211073,1.042911,-102.95361,-11.215092,-0.17211073,-1.042911,6.6537034,1.35,INFEASIBLE,0,24206.272,1734.8641,0.0488902,19.680004,15,1.5,0.02,0.04,-0.05,40,40,40
11.87,103.025,16.627988,0.17584281,0.55703212,-103.025,-16.627988,-0.17584281,-0.55703212,6.1988099,1.35,INFEASIBLE,0,24259.343,1736.2465,0.049044804,19.681555,15,1.5,0.02,0.04,-0.05,40,40,40
11.875,103.10798,16.880677,0.17623174,-0.22649736,-103.10798,-16.880677,-0.17623174,0.22649736,5.0411167,1.35,INFEASIBLE,0,24312.499,1737.6713,0.049200092,19.681812,15,1.5,0.02,0.04,-0.05,40,40,40
11.88,103.20424,20.835043,0.17331494,-0.82123625,-103.20424,-20.835043,-0.17331494,0.82123625,4.2653563,1.35,INFEASIBLE,0,24365.754,1739.8418,0.049350282,19.685184,15,1.5,0.02,0.04,-0.05,40,40,40
11.885,103.30349,21.607321,0.16652671,-1.5854764,-103.30349,-21.607321,-0.16652671,1.5854764,3.0500487,1.35,INFEASIBLE,0,24419.113,1742.1762,0.049488938,19.697753,15,1.5,0.02,0.04,-0.05,40,40,40
11.89,103.41838,24.067961,0.15656421,-2.2601035,-103.41838,-24.067961,-0.15656421,2.2601035,1.989394,1.35,INFEASIBLE,0,24472.589,1745.0725,0.0496115,19.723293,15,1.5,0.02,0.04,-0.05,40,40,40
11.895,103.54243,26.596336,0.14302595,-2.9380305,-103.54243,-26.596336,-0.14302595,2.9380305,0.87304553,0.87304553,INFEASIBLE,0,24526.195,1748.6094,0.049713782,19.766453,15,1.5,0.02,0.04,-0.05,40,40,40
11.9,103.67103,26.571536,0.12653633,-3.462254,-103.67103,-26.571536,-0.12653633,3.462254,-0.1590539,-0.1590539,INFEASIBLE,0,24579.933,1752.1396,0.049793839,19.826389,15,1.5,0.02,0.04,-0.05,40,40,40
11.905,103.796,23.944541,0.10912305,-3.4919786,-103.796,-23.944541,-0.10912305,3.4919786,-0.56742054,-0.56742054,INFEASIBLE,0,24633.801,1755.0063,0.049853378,19.887359,15,1.5,0.02,0.04,-0.05,40,40,40
11.91,103.91241,22.798065,0.092700356,-3.155486,-103.91241,-22.798065,-0.092700356,3.155486,-0.35255285,-0.35255285,INFEASIBLE,0,24687.79,1757.6051,0.049896345,19.937144,15,1.5,0.02,0.04,-0.05,40,40,40
11.915,104.02568,22.485249,0.077687522,-2.9028207,-104.02568,-22.485249,-0.077687522,2.9028207,-0.20899473,-0.20899473,INFEASIBLE,0,24741.897,1760.133,0.049926522,19.979276,15,1.5,0.02,0.04,-0.05,40,40,40
11.92,104.13598,21.801559,0.063505552,-2.7905603,-104.13598,-21.801559,-0.063505552,2.7905603,-0.27847507,-0.27847507,INFEASIBLE,0,24796.118,1762.5095,0.049946687,20.018212,15,1.5,0.02,0.04,-0.05,40,40,40
11.925,104.2442,21.263869,0.050158839,-2.6187539,-104.2442,-21.263869,-0.050158839,2.6187539,-0.24030951,-0.24030951,INFEASIBLE,0,24850.452,1764.7703,0.049959266,20.052501,15,1.5,0.02,0.04,-0.05,40,40,40
11.93,104.35171,21.230903,0.037741636,-2.4307815,-104.35171,-21.230903,-0.037741636,2.4307815,-0.14377736,-0.14377736,INFEASIBLE,0,24904.899,1767.024,0.049966388,20.082045,15,1.5,0.02,0.04,-0.05,40,40,40
11.935,104.4578,21.16624,0.025911128,-2.325918,-104.4578,-21.16624,-0.025911128,2.325918,-0.16440445,-0.16440445,INFEASIBLE,0,24959.456,1769.2641,0.049969745,20.109094,15,1.5,0.02,0.04,-0.05,40,40,40
11.94,104.56275,20.730222,0.014600732,-2.2340123,-104.56275,-20.730222,-0.014600732,2.2340123,-0.21154359,-0.21154359,INFEASIBLE,0,25014.123,1771.4128,0.049970811,20.134048,15,1.5,0.02,0.04,-0.05,40,40,40
11.945,104.66638,20.596404,0.0038966727,-2.091354,-104.66638,-20.596404,-0.0038966727,2.091354,-0.16139728,-0.16139728,INFEASIBLE,0,25068.898,1773.5339,0.049970887,20.155917,15,1.5,0.02,0.04,-0.05,40,40,40
11.95,104.76845,20.163497,-0.0062608318,-2.0041901,-104.76845,-20.163497,0.0062608318,2.0041901,-0.1982887,-0.1982887,INFEASIBLE,0,25123.78,1775.5667,0.049971083,20.176001,15,1.5,0.02,0.04,-0.05,40,40,40
11.955,104.86943,20.009576,-0.015857407,-1.8771931,-104.86943,-20.009576,0.015857407,1.8771931,-0.15587925,-0.15587925,INFEASIBLE,0,25178.768,1777.5686,0.04997234,20.19362,15,1.5,0.02,0.04,-0.05,40,40,40
11.96,104.96906,19.877955,-0.024961018,-1.7837357,-104.96906,-19.877955,0.024961018,1.7837357,-0.15551944,-0.15551944,INFEASIBLE,0,25233.861,1779.5443,0.049975456,20.209529,15,1.5,0.02,0.04,-0.05,40,40,40
11.965,105.06751,19.708601,-0.033639842,-1.6964081,-105.06751,-19.708601,0.033639842,1.6964081,-0.15951564,-0.15951564,INFEASIBLE,0,25289.057,1781.4864,0.049981114,20.223918,15,1.5,0.02,0.04,-0.05,40,40,40
11.97,105.16478,19.406571,-0.04189253,-1.6145467,-105.16478,-19.406571,0.04189253,1.6145467,-0.17064951,-0.17064951,INFEASIBLE,0,25344.355,1783.3695,0.049989889,20.236952,15,1.5,0.02,0.04,-0.05,40,40,40
11.975,105.26014,18.823444,-0.049761595,-1.5468317,-105.26014,-18.823444,0.049761595,1.5468317,-0.2085308,-0.2085308,INFEASIBLE,0,25399.753,1785.1411,0.05000227,20.248915,15,1.5,0.02,0.04,-0.05,40,40,40
11.98,105.35458,18.857743,-0.057101848,-1.4173727,-105.35458,-18.857743,0.057101848,1.4173727,-0.12118539,-0.12118539,INFEASIBLE,0,25455.251,1786.9192,0.050018573,20.25896,15,1.5,0.02,0.04,-0.05,40,40,40
11.985,105.44835,18.723173,-0.064039627,-1.3632817,-105.44835,-18.723173,0.064039627,1.3632817,-0.14762292,-0.14762292,INFEASIBLE,0,25510.848,1788.672,0.050039078,20.268253,15,1.5,0.02,0.04,-0.05,40,40,40
11.99,105.5411,18.443078,-0.070657682,-1.3018612,-105.5411,-18.443078,0.070657682,1.3018612,-0.16411191,-0.16411191,INFEASIBLE,0,25566.543,1790.3727,0.050064041,20.276727,15,1.5,0.02,0.04,-0.05,40,40,40
11.995,105.63284,18.199553,-0.076906529,-1.218367,-105.63284,-18.199553,0.076906529,1.218367,-0.14050952,-0.14050952,INFEASIBLE,0,25622.334,1792.0288,0.050093614,20.284149,15,1.5,0.02,0.04,-0.05,40,40,40
12,105.72344,18.094162,-0.08284284,-1.1608143,-105.72344,-18.094162,0.08284284,1.1608143,-0.14562874,-0.14562874,INFEASIBLE,0,25678.221,1793.6658,0.050127928,20.290886,15,1.5,0.02,0.04,-0.05,40,40,40
12.005,105.81309,17.843687,-0.088469065,-1.1027928,-105.81309,-17.843687,0.088469065,1.1027928,-0.15121595,-0.15121595,INFEASIBLE,0,25734.203,1795.2578,0.050167062,20.296967,15,1.5,0.02,0.04,-0.05,40,40,40
12.01,105.90131,17.535918,-0.093814591,-1.0395717,-105.90131,-17.535918,0.093814591,1.0395717,-0.14711354,-0.14711354,INFEASIBLE,0,25790.279,1796.7953,0.050211068,20.302371,15,1.5,0.02,0.04,-0.05,40,40,40
12.015,105.98888,17.501157,-0.098840623,-0.98116443,-105.98888,-17.501157,0.098840623,0.98116443,-0.13453205,-0.13453205,INFEASIBLE,0,25846.447,1798.3268,0.050259916,20.307184,15,1.5,0.02,0.04,-0.05,40,40,40
12.02,106.07553,17.268951,-0.10360792,-0.93483482,-106.07553,-17.268951,0.10360792,0.93483482,-0.14410226,-0.14410226,INFEASIBLE,0,25902.707,1799.8179,0.050313589,20.311554,15,1.5,0.02,0.04,-0.05,40,40,40
12.025,106.16128,17.14816,-0.10809858,-0.86695755,-106.16128,-17.14816,0.10809858,0.86695755,-0.11276303,-0.11276303,INFEASIBLE,0,25959.058,1801.2882,0.050372015,20.315312,15,1.5,0.02,0.04,-0.05,40,40,40
12.03,106.24626,16.966939,-0.11238961,-0.83634212,-106.24626,-16.966939,0.11238961,0.83634212,-0.13675469,-0.13675469,INFEASIBLE,0,26015.5,1802.7276,0.050435172,20.318809,15,1.5,0.02,0.04,-0.05,40,40,40
12.035,106.33049,16.704906,-0.11644821,-0.80026403,-106.33049,-16.704906,0.11644821,0.80026403,-0.15231334,-0.15231334,INFEASIBLE,0,26072.03,1804.1228,0.050502973,20.322011,15,1.5,0.02,0.04,-0.05,40,40,40
12.04,106.41366,16.660606,-0.12028307,-0.73319481,-106.41366,-16.660606,0.12028307,0.73319481,-0.10934085,-0.10934085,INFEASIBLE,0,26128.65,1805.5107,0.050575313,20.324699,15,1.5,0.02,0.04,-0.05,40,40,40
12.045,106.49622,16.438029,-0.12389633,-0.71373445,-106.49622,-16.438029,0.12389633,0.71373445,-0.14160108,-0.14160108,INFEASIBLE,0,26185.357,1806.8617,0.050652065,20.327246,15,1.5,0.02,0.04,-0.05,40,40,40
12.05,106.57788,16.293997,-0.12731027,-0.67129303,-106.57788,-16.293997,0.12731027,0.67129303,-0.13327599,-0.13327599,INFEASIBLE,0,26242.151,1808.1892,0.050733104,20.329499,15,1.5,0.02,0.04,-0.05,40,40,40
12.055,106.65851,15.95821,-0.1305166,-0.62429853,-106.65851,-15.95821,0.1305166,0.62429853,-0.12269816,-1.3441323,OK,0,26299.031,1809.4625,0.050818277,20.331448,15,1.5,0.02,0.04,-0.05,40,40,40
12.06,106.72859,13.676017,-0.13178126,0.057227729,-106.72859,-13.676017,0.13178126,-0.057227729,0.79073525,-1.0341977,OK,0,26355.986,1810.3977,0.050905109,20.331465,15,1.5,0.02,0.04,-0.05,40,40,40
12.065,106.78801,12.148126,-0.13007889,0.61078808,-106.78801,-12.148126,0.13007889,-0.61078808,1.5866841,-0.82553255,OK,0,26413.005,1811.1356,0.050989711,20.33333,15,1.5,0.02,0.04,-0.05,40,40,40
12.07,106.84368,10.834036,-0.1257935,1.0413981,-106.84368,-10.834036,0.1257935,-1.0413981,2.2454297,-0.64514555,OK,0,26470.083,1811.7225,0.051068831,20.338752,15,1.5,0.02,0.04,-0.05,40,40,40
12.075,106.89671,10.377047,-0.11949,1.4005361,-106.89671,-10.377047,0.11949,-1.4005361,2.8614703,-0.58087101,OK,0,26527.217,1812.2609,0.051140221,20.34856,15,1.5,0.02,0.04,-0.05,40,40,40
12.08,106.94677,9.7725114,-0.11154417,1.7132107,-106.94677,-9.7725114,0.11154417,-1.7132107,3.4264893,-0.49625006,OK,0,26584.405,1812.7384,0.051202431,20.363235,15,1.5,0.02,0.04,-0.05,40,40,40
12.085,106.9941,9.3099754,-0.10216944,1.9811587,-106.9941,-9.3099754,0.10216944,-1.9811587,3.9514775,-0.43077802,OK,0,26641.644,1813.1718,0.051254624,20.38286,15,1.5,0.02,0.04,-0.05,40,40,40
12.09,107.03861,8.6378761,-0.09160635,2.1951843,-107.03861,-8.6378761,0.09160635,-2.1951843,4.4049685,-0.33688067,OK,0,26698.93,1813.5448,0.051296583,20.406954,15,1.5,0.02,0.04,-0.05,40,40,40
12.095,107.08075,8.2439044,-0.080073133,2.3769917,-107.08075,-8.2439044,0.080073133,-2.3769917,4.8357617,-0.28074462,OK,0,26756.262,1813.8847,0.051328641,20.435205,15,1.5,0.02,0.04,-0.05,40,40,40
12.1,107.12071,7.852995,-0.067795317,2.5144103,-107.12071,-7.852995,0.067795317,-2.5144103,5.2112196,-0.22511609,OK,0,26813.636,1814.193,0.051351622,20.466816,15,1.5,0.02,0.04,-0.05,40,40,40
12.105,107.15899,7.5396522,-0.054894542,2.6258493,-107.15899,-7.5396522,0.054894542,-2.6258493,5.5601217,-0.18005504,OK,0,26871.051,1814.4772,0.051366689,20.501292,15,1.5,0.02,0.04,-0.05,40,40,40
12.11,107.19596,7.2907917,-0.041492734,2.7150783,-107.19596,-7.2907917,0.041492734,-2.7150783,5.8857772,-0.14377194,OK,0,26928.506,1814.743,0.051375298,20.53815,15,1.5,0.02,0.04,-0.05,40,40,40
12.115,107.23179,7.088514,-0.027689672,2.790495,-107.23179,-7.088514,0.027689672,-2.790495,6.1985738,-0.11382365,OK,0,26985.999,1814.9942,0.051379131,20.577084,15,1.5,0.02,0.04,-0.05,40,40,40
12.12,107.26673,6.9172946,-0.013555396,2.8520496,-107.26673,-6.9172946,0.013555396,-2.8520496,6.4967698,-0.088099714,OK,0,27043.53,1815.2335,0.05138005,20.617755,15,1.5,0.02,0.04,-0.05,40,40,40
12.125,107.30095,6.7944002,0.00084841553,2.9012538,-107.30095,-6.7944002,-0.00084841553,-2.9012538,6.782402,-0.068921283,OK,0,27101.097,1815.4643,0.051380053,20.659841,15,1.5,0.02,0.04,-0.05,40,40,40
12.13,107.33457,6.6832352,0.015489447,2.9448337,-107.33457,-6.6832352,-0.015489447,-2.9448337,7.0636131,-0.051332798,OK,0,27158.701,1815.6876,0.051381253,20.703202,15,1.5,0.02,0.04,-0.05,40,40,40
12.135,107.36771,6.5877687,0.030332605,2.9856031,-107.36771,-6.5877687,-0.030332605,-2.9856031,7.3442586,-0.035869298,OK,0,27216.34,1815.9046,0.051385853,20.747771,15,1.5,0.02,0.04,-0.05,40,40,40
12.14,107.40048,6.5360836,0.045344745,3.0134342,-107.40048,-6.5360836,-0.045344745,-3.0134342,7.6097755,-0.026316898,OK,0,27274.014,1816.1182,0.051396134,20.793175,15,1.5,0.02,0.04,-0.05,40,40,40
12.145,107.43293,6.4652428,0.060534155,3.0501145,-107.43293,-6.4652428,-0.060534155,-3.0501145,7.8904523,-0.014185421,OK,0,27331.724,1816.3272,0.051414456,20.839691,15,1.5,0.02,0.04,-0.05,40,40,40
12.15,107.46516,6.4290784,0.075861616,3.0792667,-107.46516,-6.4290784,-0.075861616,-3.0792667,8.1632905,-0.0067425318,OK,0,27389.467,1816.5339,0.051443231,20.8871,15,1.5,0.02,0.04,-0.05,40,40,40
12.155,107.49717,6.393327,0.091350891,3.1069713,-107.49717,-6.393327,-0.091350891,-3.1069713,8.4363967,0.00064284312,OK,0,27447.246,1816.7383,0.051484956,20.935367,15,1.5,0.02,0.04,-0.05,40,40,40
12.16,107.52899,6.3463074,0.10700395,3.1449545,-107.52899,-6.3463074,-0.10700395,-3.1449545,8.7269231,1.35,INFEASIBLE,0,27505.058,1816.9396,0.051542205,20.98482,15,1.5,0.02,0.04,-0.05,40,40,40
12.165,107.57145,9.7919545,0.12081944,2.5053342,-107.57145,-9.7919545,-0.12081944,-2.5053342,8.1134001,1.35,INFEASIBLE,0,27562.916,1817.4191,0.051615192,21.016204,15,1.5,0.02,0.04,-0.05,40,40,40
12.17,107.62723,13.65245,0.13124263,1.8924154,-107.62723,-13.65245,-0.13124263,-1.8924154,7.5059052,1.35,INFEASIBLE,0,27620.834,1818.351,0.051701315,21.03411,15,1.5,0.02,0.04,-0.05,40,40,40
12.175,107.69099,12.796334,0.13798618,1.0267621,-107.69099,-12.796334,-0.13798618,-1.0267621,6.2756089,-0.85838385,OK,0,27678.821,1819.1697,0.051796516,21.039381,15,1.5,0.02,0.04,-0.05,40,40,40
12.18,107.74425,10.019231,0.1442249,1.4592569,-107.74425,-10.019231,-0.1442249,-1.4592569,6.9079132,-0.47995868,OK,0,27736.865,1819.6717,0.05190052,21.050028,15,1.5,0.02,0.04,-0.05,40,40,40
12.185,107.79282,9.6138289,0.15247469,1.7907102,-107.79282,-9.6138289,-0.15247469,-1.7907102,7.5135951,1.35,INFEASIBLE,0,27794.962,1820.1338,0.052016763,21.066061,15,1.5,0.02,0.04,-0.05,40,40,40
12.19,107.85572,13.985302,0.15989424,1.2346881,-107.85572,-13.985302,-0.15989424,-1.2346881,6.9669723,1.35,INFEASIBLE,0,27853.126,1821.1117,0.052144594,21.073684,15,1.5,0.02,0.04,-0.05,40,40,40
12.195,107.92739,15.155025,0.16374976,0.49417549,-107.92739,-15.155025,-0.16374976,-0.49417549,5.9622584,1.35,INFEASIBLE,0,27911.367,1822.2601,0.052278663,21.074905,15,1.5,0.02,0.04,-0.05,40,40,40
12.2,108.00991,17.335437,0.16417375,-0.19439436,-108.00991,-17.335437,-0.16417375,0.19439436,5.0246306,1.35,INFEASIBLE,0,27969.698,1823.7627,0.052413429,21.075094,15,1.5,0.02,0.04,-0.05,40,40,40
12.205,108.1038,20.408939,0.16117364,-0.8368594,-108.1038,-20.408939,-0.16117364,0.8368594,4.1407491,1.35,INFEASIBLE,0,28028.13,1825.8453,0.052543313,21.078595,15,1.5,0.02,0.04,-0.05,40,40,40
12.21,108.20594,21.417775,0.15456468,-1.592084,-108.20594,-21.417775,-0.15456468,1.592084,2.9511739,1.35,INFEASIBLE,0,28086.673,1828.1389,0.052662764,21.091269,15,1.5,0.02,0.04,-0.05,40,40,40
12.215,108.31976,23.75441,0.14451529,-2.2824994,-108.31976,-23.75441,-0.14451529,2.2824994,1.8605519,1.35,INFEASIBLE,0,28145.339,1830.9603,0.052767188,21.117318,15,1.5,0.02,0.04,-0.05,40,40,40
12.22,108.43865,24.959655,0.13062715,-3.0425267,-108.43865,-24.959655,-0.13062715,3.0425267,0.56277656,0.56277656,INFEASIBLE,0,28204.134,1834.0752,0.052852505,21.163603,15,1.5,0.02,0.04,-0.05,40,40,40
12.225,108.56181,24.037889,0.11428792,-3.4370844,-108.56181,-24.037889,-0.11428792,3.4370844,-0.30855608,-0.30855608,INFEASIBLE,0,28263.062,1836.9643,0.052917814,21.222671,15,1.5,0.02,0.04,-0.05,40,40,40
12.23,108.67775,22.991915,0.09757456,-3.2574676,-108.67775,-22.991915,-0.09757456,3.2574676,-0.32935142,-0.32935142,INFEASIBLE,0,28322.116,1839.6074,0.052965418,21.275726,15,1.5,0.02,0.04,-0.05,40,40,40
12.235,108.79005,22.510201,0.081837953,-3.0382705,-108.79005,-22.510201,-0.081837953,3.0382705,-0.25362735,-0.25362735,INFEASIBLE,0,28381.292,1842.141,0.052998905,21.321882,15,1.5,0.02,0.04,-0.05,40,40,40
12.24,108.90043,21.801338,0.06708356,-2.8923961,-108.90043,-21.801338,-0.06708356,2.8923961,-0.28227854,-0.28227854,INFEASIBLE,0,28440.589,1844.5175,0.053021406,21.363711,15,1.5,0.02,0.04,-0.05,40,40,40
12.245,109.00802,21.080104,0.053182594,-2.730828,-109.00802,-21.080104,-0.053182594,2.730828,-0.27513851,-0.27513851,INFEASIBLE,0,28500.003,1846.7393,0.053035548,21.400998,15,1.5,0.02,0.04,-0.05,40,40,40
12.25,109.11349,20.586354,0.040202249,-2.553375,-109.11349,-20.586354,-0.040202249,2.553375,-0.22130493,-0.22130493,INFEASIBLE,0,28559.532,1848.8583,0.053043629,21.433597,15,1.5,0.02,0.04,-0.05,40,40,40
12.255,109.21844,20.934777,0.028084928,-2.3603758,-109.21844,-20.934777,-0.028084928,2.3603758,-0.097529943,-0.097529943,INFEASIBLE,0,28619.175,1851.0497,0.053047573,21.461454,15,1.5,0.02,0.04,-0.05,40,40,40
12.26,109.32279,20.834161,0.016495137,-2.2875759,-109.32279,-20.834161,-0.016495137,2.2875759,-0.16411445,-0.16411445,INFEASIBLE,0,28678.932,1853.22,0.053048933,21.487619,15,1.5,0.02,0.04,-0.05,40,40,40
12.265,109.42586,20.54405,0.0053321559,-2.1882915,-109.42586,-20.54405,-0.0053321559,2.1882915,-0.19217573,-0.19217573,INFEASIBLE,0,28738.802,1855.3303,0.053049075,21.511562,15,1.5,0.02,0.04,-0.05,40,40,40
12.27,109.52728,20.090327,-0.0052964501,-2.0848203,-109.52728,-20.090327,0.0052964501,2.0848203,-0.21251839,-0.21251839,INFEASIBLE,0,28798.783,1857.3484,0.053049216,21.533294,15,1.5,0.02,0.04,-0.05,40,40,40
12.275,109.62687,19.751006,-0.015348107,-1.9643407,-109.62687,-19.751006,0.015348107,1.9643407,-0.19415489,-0.19415489,INFEASIBLE,0,28858.874,1859.2989,0.053050394,21.552588,15,1.5,0.02,0.04,-0.05,40,40,40
12.28,109.72532,19.642334,-0.024807814,-1.8447052,-109.72532,-19.642334,0.024807814,1.8447052,-0.15897531,-0.15897531,INFEASIBLE,0,28919.072,1861.228,0.053053471,21.569602,15,1.5,0.02,0.04,-0.05,40,40,40
12.285,109.82304,19.376111,-0.033767841,-1.7625869,-109.82304,-19.376111,0.033767841,1.7625869,-0.17889277,-0.17889277,INFEASIBLE,0,28979.377,1863.1051,0.053059172,21.585136,15,1.5,0.02,0.04,-0.05,40,40,40
12.29,109.91928,19.17542,-0.042286954,-1.6669084,-109.91928,-19.17542,0.042286954,1.6669084,-0.16926457,-0.16926457,INFEASIBLE,0,29039.789,1864.9436,0.053068113,21.599029,15,1.5,0.02,0.04,-0.05,40,40,40
12.295,110.01424,18.928886,-0.05037522,-1.5800866,-110.01424,-18.928886,0.05037522,1.5800866,-0.16831796,-0.16831796,INFEASIBLE,0,29100.304,1866.7351,0.053080801,21.611512,15,1.5,0.02,0.04,-0.05,40,40,40
12.3,110.10812,18.776317,-0.058032395,-1.4944832,-110.10812,-18.776317,0.058032395,1.4944832,-0.15899574,-0.15899574,INFEASIBLE,0,29160.923,1868.4979,0.05309764,21.62268,15,1.5,0.02,0.04,-0.05,40,40,40
12.305,110.20043,18.552559,-0.06531992,-1.4174878,-110.20043,-18.552559,0.06531992,1.4174878,-0.15991944,-0.15991944,INFEASIBLE,0,29221.644,1870.2189,0.053118973,21.632726,15,1.5,0.02,0.04,-0.05,40,40,40
12.31,110.29209,18.207907,-0.072213934,-1.3526644,-110.29209,-18.207907,0.072213934,1.3526644,-0.17804746,-0.17804746,INFEASIBLE,0,29282.466,1871.8765,0.053145048,21.641874,15,1.5,0.02,0.04,-0.05,40,40,40
12.315,110.38247,17.943947,-0.078706001,-1.2691096,-110.38247,-17.943947,0.078706001,1.2691096,-0.15884715,-0.15884715,INFEASIBLE,0,29343.387,1873.4864,0.053176021,21.649928,15,1.5,0.02,0.04,-0.05,40,40,40
12.32,110.47183,17.814862,-0.08483803,-1.2004967,-110.47183,-17.814862,0.08483803,1.2004967,-0.15128436,-0.15128436,INFEASIBLE,0,29404.407,1875.0733,0.053212008,21.657134,15,1.5,0.02,0.04,-0.05,40,40,40
12.325,110.55993,17.611083,-0.090640743,-1.1329146,-110.55993,-17.611083,0.090640743,1.1329146,-0.1433412,-0.1433412,INFEASIBLE,0,29465.525,1876.624,0.053253087,21.663551,15,1.5,0.02,0.04,-0.05,40,40,40
12.33,110.64704,17.361822,-0.096150502,-1.0750058,-110.64704,-17.361822,0.096150502,1.0750058,-0.14735264,-0.14735264,INFEASIBLE,0,29526.739,1878.1312,0.053299312,21.669329,15,1.5,0.02,0.04,-0.05,40,40,40
12.335,110.73335,17.218219,-0.10136578,-1.0174428,-110.73335,-17.218219,0.10136578,1.0174428,-0.14325502,-0.14325502,INFEASIBLE,0,29588.048,1879.6135,0.053350687,21.674505,15,1.5,0.02,0.04,-0.05,40,40,40
12.34,110.81864,17.025259,-0.10629241,-0.95974205,-110.81864,-17.025259,0.10629241,0.95974205,-0.13661598,-0.13661598,INFEASIBLE,0,29649.452,1881.0628,0.053407177,21.679111,15,1.5,0.02,0.04,-0.05,40,40,40
12.345,110.90308,16.819935,-0.11096152,-0.91322576,-110.90308,-16.819935,0.11096152,0.91322576,-0.14340243,-0.14340243,INFEASIBLE,0,29710.949,1882.4774,0.053468739,21.683281,15,1.5,0.02,0.04,-0.05,40,40,40
12.35,110.98652,16.602778,-0.11539506,-0.86920535,-110.98652,-16.602778,0.11539506,0.86920535,-0.15089251,-0.15089251,INFEASIBLE,0,29772.539,1883.8557,0.05353532,21.687058,15,1.5,0.02,0.04,-0.05,40,40,40
12.355,111.06904,16.348577,-0.11955077,-0.81249942,-111.06904,-16.348577,0.11955077,0.81249942,-0.13668676,-0.13668676,INFEASIBLE,0,29834.221,1885.192,0.053606781,21.690359,15,1.5,0.02,0.04,-0.05,40,40,40
12.36,111.1506,16.291984,-0.12345421,-0.76292944,-111.1506,-16.291984,0.12345421,0.76292944,-0.12151591,-0.12151591,INFEASIBLE,0,29895.993,1886.5192,0.053682986,21.693269,15,1.5,0.02,0.04,-0.05,40,40,40
12.365,111.23143,16.093723,-0.12718562,-0.7308253,-111.23143,-16.093723,0.12718562,0.7308253,-0.13564472,-0.13564472,INFEASIBLE,0,29957.855,1887.8142,0.053763867,21.69594,15,1.5,0.02,0.04,-0.05,40,40,40
12.37,111.3114,15.9173,-0.13070766,-0.69241192,-111.3114,-15.9173,0.13070766,0.69241192,-0.13631277,-1.3385795,OK,0,30019.807,1889.081,0.05384929,21.698337,15,1.5,0.02,0.04,-0.05,40,40,40
12.375,111.38067,13.340617,-0.13228179,-0.015065961,-111.38067,-13.340617,0.13228179,0.015065961,0.75441217,-0.9887087,OK,0,30081.835,1889.9709,0.053936782,21.698338,15,1.5,0.02,0.04,-0.05,40,40,40
12.38,111.44136,11.560555,-0.13086734,0.49481942,-111.44136,-11.560555,0.13086734,-0.49481942,1.4704683,-0.74587898,OK,0,30143.931,1890.6391,0.054022413,21.699562,15,1.5,0.02,0.04,-0.05,40,40,40
12.385,111.4973,10.967837,-0.1271503,0.91198056,-111.4973,-10.967837,0.1271503,-0.91198056,2.1293756,-0.66385653,OK,0,30206.089,1891.2406,0.054103249,21.703721,15,1.5,0.02,0.04,-0.05,40,40,40
12.39,111.55002,10.333504,-0.12152108,1.2730462,-111.55002,-10.333504,0.12152108,-1.2730462,2.7310937,-0.57565859,OK,0,30268.306,1891.7745,0.054177086,21.711824,15,1.5,0.02,0.04,-0.05,40,40,40
12.395,111.5999,9.5102696,-0.11423431,1.5696354,-111.5999,-9.5102696,0.11423431,-1.5696354,3.2533472,-0.46151516,OK,0,30330.579,1892.2267,0.054242333,21.724143,15,1.5,0.02,0.04,-0.05,40,40,40
12.4,111.64679,9.1708594,-0.10561177,1.8178,-111.64679,-9.1708594,0.10561177,-1.8178,3.7422936,-0.41297595,OK,0,30392.904,1892.6472,0.054298103,21.740665,15,1.5,0.02,0.04,-0.05,40,40,40
12.405,111.69102,8.6486339,-0.095882523,2.0281793,-111.69102,-8.6486339,0.095882523,-2.0281793,4.1837969,-0.33956329,OK,0,30455.278,1893.0212,0.05434407,21.761232,15,1.5,0.02,0.04,-0.05,40,40,40
12.41,111.73343,8.2797357,-0.085182692,2.207869,-111.73343,-8.2797357,0.085182692,-2.207869,4.5999211,-0.28694691,OK,0,30517.7,1893.364,0.05438035,21.785606,15,1.5,0.02,0.04,-0.05,40,40,40
12.415,111.77374,7.916882,-0.073718813,2.3495757,-111.77374,-7.916882,0.073718813,-2.3495757,4.9707315,-0.23520187,OK,0,30580.167,1893.6774,0.054407523,21.813208,15,1.5,0.02,0.04,-0.05,40,40,40
12.42,111.81231,7.6001933,-0.061616337,2.4689048,-111.81231,-7.6001933,0.061616337,-2.4689048,5.3193661,-0.1897531,OK,0,30642.677,1893.9662,0.054426506,21.843686,15,1.5,0.02,0.04,-0.05,40,40,40
12.425,111.84954,7.3405434,-0.048993917,2.5627364,-111.84954,-7.3405434,0.048993917,-2.5627364,5.6398083,-0.1520745,OK,0,30705.228,1894.2356,0.054438508,21.876524,15,1.5,0.02,0.04,-0.05,40,40,40
12.43,111.88559,7.1242653,-0.035956673,2.6385485,-111.88559,-7.1242653,0.035956673,-2.6385485,5.9411552,-0.12029819,OK,0,30767.82,1894.4894,0.054444972,21.911334,15,1.5,0.02,0.04,-0.05,40,40,40
12.435,111.92072,6.9574681,-0.022580463,2.6999824,-111.92072,-6.9574681,0.022580463,-2.6999824,6.2279796,-0.095234564,OK,0,30830.451,1894.7314,0.054447521,21.947783,15,1.5,0.02,0.04,-0.05,40,40,40
12.44,111.95509,6.8206219,-0.0089280525,2.7510431,-111.95509,-6.8206219,0.0089280525,-2.7510431,6.5045706,-0.07423154,OK,0,30893.121,1894.964,0.05444792,21.985624,15,1.5,0.02,0.04,-0.05,40,40,40
12.445,111.98883,6.7046589,0.0049586398,2.7956146,-111.98883,-6.7046589,-0.0049586398,-2.7956146,6.7757646,-0.056055552,OK,0,30955.829,1895.1888,0.054448043,22.024702,15,1.5,0.02,0.04,-0.05,40,40,40
12.45,112.02209,6.6142027,0.019043019,2.8324308,-112.02209,-6.6142027,-0.019043019,-2.8324308,7.0393014,-0.041326755,OK,0,31018.573,1895.4075,0.054449856,22.064815,15,1.5,0.02,0.04,-0.05,40,40,40
12.455,112.05496,6.5439089,0.033301348,2.8647395,-112.05496,-6.5439089,-0.033301348,-2.8647395,7.2994849,-0.029320128,OK,0,31081.355,1895.6216,0.054455401,22.105849,15,1.5,0.02,0.04,-0.05,40,40,40
12.46,112.0875,6.4886554,0.047716115,2.8945448,-112.0875,-6.4886554,-0.047716115,-2.8945448,7.5588551,-0.019344346,OK,0,31144.173,1895.8322,0.054466785,22.147741,15,1.5,0.02,0.04,-0.05,40,40,40
12.465,112.11979,6.4445669,0.062277691,2.9216327,-112.11979,-6.4445669,-0.062277691,-2.9216327,7.8167928,-0.010875585,OK,0,31207.027,1896.0398,0.054486178,22.19042,15,1.5,0.02,0.04,-0.05,40,40,40
12.47,112.15185,6.3934608,0.076987924,2.9549416,-112.15185,-6.3934608,-0.076987924,-2.9549416,8.0860066,-0.0014686352,OK,0,31269.917,1896.2442,0.054515813,22.234079,15,1.5,0.02,0.04,-0.05,40,40,40
12.475,112.18374,6.3650714,0.09183411,2.9808923,-112.18374,-6.3650714,-0.09183411,-2.9808923,8.3471277,0.0048712871,OK,0,31332.843,1896.4468,0.054557981,22.278507,15,1.5,0.02,0.04,-0.05,40,40,40
12.48,112.21552,6.3453458,0.10681933,3.0082733,-112.21552,-6.3453458,-0.10681933,-3.0082733,8.6128239,0.010025614,OK,0,31395.805,1896.6481,0.054615033,22.323756,15,1.5,0.02,0.04,-0.05,40,40,40
12.485,112.2472,6.3325149,0.12193855,3.0351014,-112.2472,-6.3325149,-0.12193855,-3.0351014,8.879975,1.35,INFEASIBLE,0,31458.802,1896.8486,0.054689378,22.369815,15,1.5,0.02,0.04,-0.05,40,40,40
12.49,112.28789,8.950608,0.13515764,2.3608449,-112.28789,-8.950608,-0.13515764,-2.3608449,8.1724139,1.35,INFEASIBLE,0,31521.845,1897.2492,0.054780716,22.397683,15,1.5,0.02,0.04,-0.05,40,40,40
12.495,112.34129,11.060159,0.14497666,1.6589305,-112.34129,-11.060159,-0.14497666,-1.6589305,7.3522779,1.35,INFEASIBLE,0,31584.948,1897.8608,0.054885807,22.411443,15,1.5,0.02,0.04,-0.05,40,40,40
12.5,112.40563,13.605054,0.15132379,0.98263245,-112.40563,-13.605054,-0.15132379,-0.98263245,6.5361202,1.35,INFEASIBLE,0,31648.123,1898.7863,0.055000301,22.416271,15,1.5,0.02,0.04,-0.05,40,40,40
12.505,112.48071,14.988851,0.15418379,0.24781247,-112.48071,-14.988851,-0.15418379,-0.24781247,5.5336437,-1.1553623,OK,0,31711.383,1899.9096,0.055119165,22.416578,15,1.5,0.02,0.04,-0.05,40,40,40
12.51,112.54131,10.274552,0.15691169,0.74937034,-112.54131,-10.274552,-0.15691169,-0.74937034,6.1395391,-0.51201765,OK,0,31774.71,1900.4374,0.055242271,22.419386,15,1.5,0.02,0.04,-0.05,40,40,40
12.515,112.59357,10.84631,0.16188588,1.1823808,-112.59357,-10.84631,-0.16188588,-1.1823808,6.8875832,1.35,INFEASIBLE,0,31838.097,1901.0257,0.055373306,22.426376,15,1.5,0.02,0.04,-0.05,40,40,40
12.52,112.65975,14.957549,0.16606797,0.61242898,-112.65975,-14.957549,-0.16606797,-0.61242898,6.2611599,1.35,INFEASIBLE,0,31901.558,1902.1443,0.055511199,22.428251,15,1.5,0.02,0.04,-0.05,40,40,40
12.525,112.73705,14.928946,0.16684939,-0.18825714,-112.73705,-14.928946,-0.16684939,0.18825714,5.072254,-1.1465566,OK,0,31965.106,1903.2587,0.055650393,22.428429,15,1.5,0.02,0.04,-0.05,40,40,40
12.53,112.79866,11.736307,0.1674159,0.40454243,-112.79866,-11.736307,-0.1674159,-0.40454243,5.8434777,-0.71018472,OK,0,32028.724,1903.9474,0.055790533,22.429247,15,1.5,0.02,0.04,-0.05,40,40,40
12.535,112.85477,11.678431,0.17081336,0.92903601,-112.85477,-11.678431,-0.17081336,-0.92903601,6.679987,1.35,INFEASIBLE,0,32092.405,1904.6293,0.055936419,22.433562,15,1.5,0.02,0.04,-0.05,40,40,40
12.54,112.92603,16.197323,0.17378543,0.38377753,-112.92603,-16.197323,-0.17378543,-0.38377753,6.0888613,1.35,INFEASIBLE,0,32156.166,1905.9411,0.056087426,22.434299,15,1.5,0.02,0.04,-0.05,40,40,40
12.545,113.00849,15.845826,0.17337555,-0.43248058,-113.00849,-15.845826,-0.17337555,0.43248058,4.8459152,-1.2718718,OK,0,32220.021,1907.1965,0.056237721,22.435234,15,1.5,0.02,0.04,-0.05,40,40,40
12.55,113.07203,11.77903,0.17278854,0.18345175,-113.07203,-11.77903,-0.17278854,-0.18345175,5.5996075,-0.71539786,OK,0,32283.947,1907.8902,0.056387001,22.435402,15,1.5,0.02,0.04,-0.05,40,40,40
12.555,113.12934,11.743504,0.17517427,0.71312113,-113.12934,-11.743504,-0.17517427,-0.71312113,6.4296227,1.35,INFEASIBLE,0,32347.939,1908.5798,0.056540431,22.437945,15,1.5,0.02,0.04,-0.05,40,40,40
12.56,113.2036,16.89657,0.17724469,0.2119221,-113.2036,-16.89657,-0.17724469,-0.2119221,5.9164883,1.35,INFEASIBLE,0,32412.014,1910.0073,0.056697509,22.43817,15,1.5,0.02,0.04,-0.05,40,40,40
12.565,113.28899,17.665311,0.17597674,-0.54140872,-113.28899,-17.665311,-0.17597674,0.54140872,4.7999303,1.35,INFEASIBLE,0,32476.186,1911.5676,0.056852348,22.439635,15,1.5,0.02,0.04,-0.05,40,40,40
12.57,113.38421,19.203325,0.17124013,-1.2565455,-113.38421,-19.203325,-0.17124013,1.2565455,3.7196008,1.35,INFEASIBLE,0,32540.466,1913.4114,0.056998964,22.44753,15,1.5,0.02,0.04,-0.05,40,40,40
12.575,113.49031,21.468847,0.16307094,-1.9439695,-113.49031,-21.468847,-0.16307094,1.9439695,2.6586699,1.35,INFEASIBLE,0,32604.866,1915.716,0.057131925,22.466425,15,1.5,0.02,0.04,-0.05,40,40,40
12.58,113.60713,24.235865,0.15144416,-2.600523,-113.60713,-24.235865,-0.15144416,2.600523,1.6124549,1.35,INFEASIBLE,0,32669.399,1918.6529,0.057246602,22.500238,15,1.5,0.02,0.04,-0.05,40,40,40
12.585,113.73566,27.559922,0.13639895,-3.2346482,-113.73566,-27.559922,-0.13639895,3.2346482,0.57112211,0.57112211,INFEASIBLE,0,32734.078,1922.4506,0.057339625,22.552553,15,1.5,0.02,0.04,-0.05,40,40,40
12.59,113.86413,25.820616,0.11868328,-3.6732194,-113.86413,-25.820616,-0.11868328,3.6732194,-0.41947267,-0.41947267,INFEASIBLE,0,32798.903,1925.7841,0.057410054,22.620016,15,1.5,0.02,0.04,-0.05,40,40,40
12.595,113.98508,23.689612,0.1007205,-3.4940613,-113.98508,-23.689612,-0.1007205,3.4940613,-0.50299832,-0.50299832,INFEASIBLE,0,32863.866,1928.5901,0.057460777,22.681058,15,1.5,0.02,0.04,-0.05,40,40,40
12.6,114.10074,22.268867,0.08418727,-3.2239693,-114.10074,-22.268867,-0.08418727,3.2239693,-0.40037539,-0.40037539,INFEASIBLE,0,32928.961,1931.0696,0.057496214,22.733028,15,1.5,0.02,0.04,-0.05,40,40,40
12.605,114.21285,22.154177,0.069030512,-2.9314644,-114.21285,-22.154177,-0.069030512,2.9314644,-0.19131482,-0.19131482,INFEASIBLE,0,32994.184,1933.5237,0.05752004,22.775995,15,1.5,0.02,0.04,-0.05,40,40,40
12.61,114.32332,22.044036,0.05483509,-2.7807273,-114.32332,-22.044036,-0.05483509,2.7807273,-0.18033685,-0.18033685,INFEASIBLE,0,33059.533,1935.9534,0.057535075,22.814658,15,1.5,0.02,0.04,-0.05,40,40,40
12.615,114.4323,21.996289,0.041245067,-2.6425554,-114.4323,-21.996289,-0.041245067,2.6425554,-0.1766596,-0.1766596,INFEASIBLE,0,33125.007,1938.3725,0.05754358,22.849573,15,1.5,0.02,0.04,-0.05,40,40,40
12.62,114.54114,21.537214,0.028349155,-2.5457621,-114.54114,-21.537214,-0.028349155,2.5457621,-0.24109431,-0.24109431,INFEASIBLE,0,33190.605,1940.6918,0.057547599,22.881978,15,1.5,0.02,0.04,-0.05,40,40,40
12.625,114.6475,21.042382,0.016082587,-2.4001834,-114.6475,-21.042382,-0.016082587,2.4001834,-0.22439103,-0.22439103,INFEASIBLE,0,33256.325,1942.9057,0.057548892,22.910782,15,1.5,0.02,0.04,-0.05,40,40,40
12.63,114.75237,20.741971,0.0045380002,-2.2612114,-114.75237,-20.741971,-0.0045380002,2.2612114,-0.19902093,-0.19902093,INFEASIBLE,0,33322.166,1945.0569,0.057548995,22.936347,15,1.5,0.02,0.04,-0.05,40,40,40
12.635,114.85589,20.729335,-0.0063612575,-2.1228323,-114.85589,-20.729335,0.0063612575,2.1228323,-0.15337624,-0.15337624,INFEASIBLE,0,33388.125,1947.2054,0.057549197,22.95888,15,1.5,0.02,0.04,-0.05,40,40,40
12.64,114.95836,20.508988,-0.016736071,-2.0315704,-114.95836,-20.508988,0.016736071,2.0315704,-0.17886999,-0.17886999,INFEASIBLE,0,33454.202,1949.3085,0.057550598,22.979516,15,1.5,0.02,0.04,-0.05,40,40,40
12.645,115.05867,19.878763,-0.026683864,-1.9543331,-115.05867,-19.878763,0.026683864,1.9543331,-0.23543368,-0.23543368,INFEASIBLE,0,33520.395,1951.2843,0.057554158,22.998613,15,1.5,0.02,0.04,-0.05,40,40,40
12.65,115.15835,19.777007,-0.03598224,-1.8103667,-115.15835,-19.777007,0.03598224,1.8103667,-0.16103643,-0.16103643,INFEASIBLE,0,33586.702,1953.24,0.057560632,23.015,15,1.5,0.02,0.04,-0.05,40,40,40
12.655,115.257,19.676628,-0.044745798,-1.7149996,-115.257,-19.676628,0.044745798,1.7149996,-0.15148135,-0.15148135,INFEASIBLE,0,33653.123,1955.1758,0.057570642,23.029706,15,1.5,0.02,0.04,-0.05,40,40,40
12.66,115.35455,19.457876,-0.05310618,-1.6397455,-115.35455,-19.457876,0.05310618,1.6397455,-0.17080484,-0.17080484,INFEASIBLE,0,33719.656,1957.0688,0.057584744,23.04315,15,1.5,0.02,0.04,-0.05,40,40,40
12.665,115.4506,19.200793,-0.061076842,-1.5532731,-115.4506,-19.200793,0.061076842,1.5532731,-0.16901859,-0.16901859,INFEASIBLE,0,33786.3,1958.9122,0.057603396,23.055213,15,1.5,0.02,0.04,-0.05,40,40,40
12.67,115.5455,18.900459,-0.068634152,-1.4752119,-115.5455,-18.900459,0.068634152,1.4752119,-0.17540186,-0.17540186,INFEASIBLE,0,33853.054,1960.6983,0.057626949,23.066095,15,1.5,0.02,0.04,-0.05,40,40,40
12.675,115.63944,18.660542,-0.075779315,-1.398077,-115.63944,-18.660542,0.075779315,1.398077,-0.17459471,-0.17459471,INFEASIBLE,0,33919.917,1962.4394,0.057655661,23.075868,15,1.5,0.02,0.04,-0.05,40,40,40
12.68,115.7322,18.547939,-0.08251581,-1.3067102,-115.7322,-18.547939,0.08251581,1.3067102,-0.14124091,-0.14124091,INFEASIBLE,0,33986.886,1964.1595,0.057689706,23.084405,15,1.5,0.02,0.04,-0.05,40,40,40
12.685,115.82385,18.143773,-0.088918986,-1.261095,-115.82385,-18.143773,0.088918986,1.261095,-0.18319929,-0.18319929,INFEASIBLE,0,34053.962,1965.8055,0.057729239,23.092357,15,1.5,0.02,0.04,-0.05,40,40,40
12.69,115.91435,18.036361,-0.094965059,-1.1795336,-115.91435,-18.036361,0.094965059,1.1795336,-0.15403488,-0.15403488,INFEASIBLE,0,34121.143,1967.4321,0.05777433,23.099314,15,1.5,0.02,0.04,-0.05,40,40,40
12.695,116.00384,17.912536,-0.10065182,-1.1098085,-116.00384,-17.912536,0.10065182,1.1098085,-0.13791177,-0.13791177,INFEASIBLE,0,34188.427,1969.0364,0.057824984,23.105472,15,1.5,0.02,0.04,-0.05,40,40,40
12.7,116.09238,17.62583,-0.10607622,-1.0630805,-116.09238,-17.62583,0.10607622,1.0630805,-0.15888336,-0.15888336,INFEASIBLE,0,34255.815,1970.5897,0.057881245,23.111123,15,1.5,0.02,0.04,-0.05,40,40,40
12.705,116.17996,17.461597,-0.11122044,-1.0039587,-116.17996,-17.461597,0.11122044,1.0039587,-0.15218147,-0.15218147,INFEASIBLE,0,34323.303,1972.1143,0.057943095,23.116162,15,1.5,0.02,0.04,-0.05,40,40,40
12.71,116.26667,17.338729,-0.11606847,-0.95234468,-116.26667,-17.338729,0.11606847,0.95234468,-0.15066153,-0.15066153,INFEASIBLE,0,34390.893,1973.6174,0.058010455,23.120697,15,1.5,0.02,0.04,-0.05,40,40,40
12.715,116.35227,17.012138,-0.12066152,-0.89293251,-116.35227,-17.012138,0.12066152,0.89293251,-0.14179058,-0.14179058,INFEASIBLE,0,34458.582,1975.0645,0.058083251,23.124684,15,1.5,0.02,0.04,-0.05,40,40,40
12.72,116.43711,16.863559,-0.12503258,-0.85922315,-116.43711,-16.863559,0.12503258,0.85922315,-0.16103879,-0.16103879,INFEASIBLE,0,34526.37,1976.4864,0.058161416,23.128375,15,1.5,0.02,0.04,-0.05,40,40,40
12.725,116.52088,16.706813,-0.12913021,-0.80142117,-116.52088,-16.706813,0.12913021,0.80142117,-0.14039481,-0.14039481,INFEASIBLE,0,34594.256,1977.882,0.058244789,23.131586,15,1.5,0.02,0.04,-0.05,40,40,40
12.73,116.60372,16.529596,-0.13298054,-0.7458626,-116.60372,-16.529596,0.13298054,0.7458626,-0.12024381,-0.12024381,INFEASIBLE,0,34662.238,1979.2481,0.058333209,23.134368,15,1.5,0.02,0.04,-0.05,40,40,40
12.735,116.68576,16.297339,-0.13665925,-0.7226185,-116.68576,-16.297339,0.13665925,0.7226185,-0.1482078,-0.1482078,INFEASIBLE,0,34730.316,1980.5761,0.058426587,23.136979,15,1.5,0.02,0.04,-0.05,40,40,40
12.74,116.76686,16.1266,-0.14013833,-0.67482259,-116.76686,-16.1266,0.14013833,0.67482259,-0.13390779,-0.13390779,INFEASIBLE,0,34798.488,1981.8765,0.058524781,23.139256,15,1.5,0.02,0.04,-0.05,40,40,40
12.745,116.84693,15.922926,-0.14342222,-0.64128503,-116.84693,-15.922926,0.14342222,0.64128503,-0.13940514,-1.3439102,OK,0,34866.755,1983.1442,0.058627631,23.141312,15,1.5,0.02,0.04,-0.05,40,40,40
12.75,116.91456,12.614366,-0.14489391,-0.018637734,-116.91456,-12.614366,0.14489391,0.018637734,0.64150067,-0.89373572,OK,0,34935.1,1983.9398,0.058732602,23.141314,15,1.5,0.02,0.04,-0.05,40,40,40
12.755,116.97441,11.751673,-0.14351987,0.4801659,-116.97441,-11.751673,0.14351987,-0.4801659,1.377006,-0.77559011,OK,0,35003.515,1984.6303,0.058835592,23.142467,15,1.5,0.02,0.04,-0.05,40,40,40
12.76,117.03126,10.772888,-0.1398231,0.89155941,-117.03126,-10.772888,0.1398231,-0.89155941,2.0115333,-0.64081462,OK,0,35071.996,1985.2106,0.058933344,23.146441,15,1.5,0.02,0.04,-0.05,40,40,40
12.765,117.08499,10.229166,-0.13424504,1.2386617,-117.08499,-10.229166,0.13424504,-1.2386617,2.5951835,-0.56481926,OK,0,35140.541,1985.7337,0.059023453,23.154112,15,1.5,0.02,0.04,-0.05,40,40,40
12.77,117.13583,9.7032318,-0.12708238,1.5394723,-117.13583,-9.7032318,0.12708238,-1.5394723,3.1338187,-0.49093564,OK,0,35209.145,1986.2045,0.059104202,23.165962,15,1.5,0.02,0.04,-0.05,40,40,40
12.775,117.18338,9.2655037,-0.11859244,1.8011716,-117.18338,-9.2655037,0.11859244,-1.8011716,3.6371586,-0.42888576,OK,0,35277.804,1986.6337,0.059174523,23.182183,15,1.5,0.02,0.04,-0.05,40,40,40
12.78,117.22871,8.9340852,-0.10890869,2.0264008,-117.22871,-8.9340852,0.10890869,-2.0264008,4.1079086,-0.38119484,OK,0,35346.517,1987.0328,0.059233829,23.202715,15,1.5,0.02,0.04,-0.05,40,40,40
12.785,117.27147,8.4311433,-0.098220261,2.2209719,-117.27147,-8.4311433,0.098220261,-2.2209719,4.5408291,-0.31020922,OK,0,35415.28,1987.3883,0.059282065,23.227378,15,1.5,0.02,0.04,-0.05,40,40,40
12.79,117.31224,8.0086069,-0.086674382,2.3703709,-117.31224,-8.0086069,0.086674382,-2.3703709,4.9220298,-0.2502216,OK,0,35484.091,1987.7089,0.059319627,23.255472,15,1.5,0.02,0.04,-0.05,40,40,40
12.795,117.35118,7.6597416,-0.0744615,2.4907738,-117.35118,-7.6597416,0.0744615,-2.4907738,5.2726516,-0.20029926,OK,0,35552.948,1988.0023,0.05934735,23.286491,15,1.5,0.02,0.04,-0.05,40,40,40
12.8,117.38865,7.383271,-0.061707188,2.5896226,-117.38865,-7.383271,0.061707188,-2.5896226,5.6019299,-0.16024572,OK,0,35621.848,1988.2749,0.059366389,23.320022,15,1.5,0.02,0.04,-0.05,40,40,40
12.805,117.42485,7.1619407,-0.048532604,2.6671754,-117.42485,-7.1619407,0.048532604,-2.6671754,5.9077486,-0.12771224,OK,0,35690.791,1988.5313,0.059378166,23.355591,15,1.5,0.02,0.04,-0.05,40,40,40
12.81,117.46008,6.9489381,-0.035014836,2.7274227,-117.46008,-6.9489381,0.035014836,-2.7274227,6.1930708,-0.09634638,OK,0,35759.775,1988.7728,0.059384296,23.392785,15,1.5,0.02,0.04,-0.05,40,40,40
12.815,117.49457,6.841608,-0.021222071,2.7784319,-117.49457,-6.841608,0.021222071,-2.7784319,6.4728725,-0.079287065,OK,0,35828.8,1989.0068,0.059386548,23.431384,15,1.5,0.02,0.04,-0.05,40,40,40
12.82,117.52841,6.7209603,-0.0072023874,2.821646,-117.52841,-6.7209603,0.0072023874,-2.821646,6.74384,-0.060440061,OK,0,35897.865,1989.2327,0.059386807,23.471192,15,1.5,0.02,0.04,-0.05,40,40,40
12.825,117.56177,6.6363974,0.0070059309,2.8562083,-117.56177,-6.6363974,-0.0070059309,-2.8562083,7.0060927,-0.046475753,OK,0,35966.969,1989.4529,0.059387053,23.511982,15,1.5,0.02,0.04,-0.05,40,40,40
12.83,117.5947,6.557538,0.021387383,2.8882303,-117.5947,-6.557538,-0.021387383,-2.8882303,7.2673516,-0.033282725,OK,0,36036.111,1989.6679,0.05938934,23.553691,15,1.5,0.02,0.04,-0.05,40,40,40
12.835,117.62727,6.4871509,0.035927209,2.9206793,-117.62727,-6.4871509,-0.035927209,-2.9206793,7.5319584,-0.021235868,OK,0,36105.292,1989.8783,0.059395793,23.596343,15,1.5,0.02,0.04,-0.05,40,40,40
12.84,117.65959,6.4433804,0.050597993,2.9461445,-117.65959,-6.4433804,-0.050597993,-2.9461445,7.7891136,-0.012784035,OK,0,36174.511,1990.0859,0.059408594,23.639742,15,1.5,0.02,0.04,-0.05,40,40,40
12.845,117.69166,6.3990591,0.065413556,2.97304,-117.69166,-6.3990591,-0.065413556,-2.97304,8.0505589,-0.0042594987,OK,0,36243.768,1990.2906,0.059429989,23.683937,15,1.5,0.02,0.04,-0.05,40,40,40
12.85,117.72358,6.3729947,0.080348489,2.9977925,-117.72358,-6.3729947,-0.080348489,-2.9977925,8.3113074,0.0017916484,OK,0,36313.062,1990.4937,0.059462268,23.728871,15,1.5,0.02,0.04,-0.05,40,40,40
12.855,117.75533,6.3464382,0.095424047,3.0229682,-117.75533,-6.3464382,-0.095424047,-3.0229682,8.5747772,0.0079040437,OK,0,36382.394,1990.6951,0.059507797,23.774562,15,1.5,0.02,0.04,-0.05,40,40,40
12.86,117.78698,6.3138557,0.11063471,3.057233,-117.78698,-6.3138557,-0.11063471,-3.057233,8.8536639,1.35,INFEASIBLE,0,36451.762,1990.8944,0.059568997,23.821296,15,1.5,0.02,0.04,-0.05,40,40,40
12.865,117.82831,9.5523882,0.12397004,2.4090614,-117.82831,-9.5523882,-0.12397004,-2.4090614,8.2118043,1.35,INFEASIBLE,0,36521.18,1991.3506,0.05964584,23.850314,15,1.5,0.02,0.04,-0.05,40,40,40
12.87,117.88263,11.414195,0.13388849,1.685484,-117.88263,-11.414195,-0.13388849,-1.685484,7.3507737,1.35,INFEASIBLE,0,36590.662,1992.0021,0.059735471,23.864518,15,1.5,0.02,0.04,-0.05,40,40,40
12.875,117.94658,13.782193,0.1402281,0.99617152,-117.94658,-13.782193,-0.1402281,-0.99617152,6.507898,1.35,INFEASIBLE,0,36660.218,1992.9518,0.05983379,23.86948,15,1.5,0.02,0.04,-0.05,40,40,40
12.88,118.02064,15.858958,0.14302777,0.2888743,-118.02064,-15.858958,-0.14302777,-0.2888743,5.5734992,-1.2746207,OK,0,36729.863,1994.2093,0.059936075,23.869897,15,1.5,0.02,0.04,-0.05,40,40,40
12.885,118.08035,9.6587328,0.14588649,0.77562288,-118.08035,-9.6587328,-0.14588649,-0.77562288,6.099688,-0.429589,OK,0,36799.578,1994.6758,0.060042489,23.872905,15,1.5,0.02,0.04,-0.05,40,40,40
12.89,118.13372,10.846157,0.15112717,1.1912771,-118.13372,-10.846157,-0.15112717,-1.1912771,6.8503438,-0.59134718,OK,0,36869.356,1995.264,0.060156687,23.880001,15,1.5,0.02,0.04,-0.05,40,40,40
12.895,118.1854,9.7290506,0.15829034,1.5632875,-118.1854,-9.7290506,-0.15829034,-1.5632875,7.4721565,1.35,INFEASIBLE,0,36939.195,1995.7373,0.060281966,23.89222,15,1.5,0.02,0.04,-0.05,40,40,40
12.9,118.24743,14.494717,0.16449588,1.0367363,-118.24743,-14.494717,-0.16449588,-1.0367363,6.9672799,1.35,INFEASIBLE,0,37009.107,1996.7878,0.06041726,23.897594,15,1.5,0.02,0.04,-0.05,40,40,40
12.905,118.3212,13.952821,0.16732751,0.20599788,-118.3212,-13.952821,-0.16732751,-0.20599788,5.7434463,-1.0131042,OK,0,37079.106,1997.7612,0.060557253,23.897806,15,1.5,0.02,0.04,-0.05,40,40,40
12.91,118.38087,11.603342,0.16980626,0.76973378,-118.38087,-11.603342,-0.16980626,-0.76973378,6.5334458,1.35,INFEASIBLE,0,37149.177,1998.4343,0.060701423,23.900769,15,1.5,0.02,0.04,-0.05,40,40,40
12.915,118.45343,15.340565,0.17204222,0.17855381,-118.45343,-15.340565,-0.17204222,-0.17855381,5.8311553,1.35,INFEASIBLE,0,37219.333,1999.611,0.060849416,23.900928,15,1.5,0.02,0.04,-0.05,40,40,40
12.92,118.53784,17.908024,0.17097299,-0.47634284,-118.53784,-17.908024,-0.17097299,0.47634284,4.9371584,1.35,INFEASIBLE,0,37289.589,2001.2145,0.060995575,23.902063,15,1.5,0.02,0.04,-0.05,40,40,40
12.925,118.63384,21.040895,0.16652174,-1.1146756,-118.63384,-21.040895,-0.16652174,1.1146756,4.0401254,1.35,INFEASIBLE,0,37359.959,2003.4281,0.061134222,23.908275,15,1.5,0.02,0.04,-0.05,40,40,40
12.93,118.73722,22.028551,0.15841423,-1.8735853,-118.73722,-22.028551,-0.15841423,1.8735853,2.821722,1.35,INFEASIBLE,0,37430.451,2005.8544,0.061259698,23.925827,15,1.5,0.02,0.04,-0.05,40,40,40
12.935,118.85036,24.189776,0.14678316,-2.5635825,-118.85036,-24.189776,-0.14678316,2.5635825,1.7009718,1.35,INFEASIBLE,0,37501.078,2008.7801,0.061367424,23.958686,15,1.5,0.02,0.04,-0.05,40,40,40
12.94,118.97984,26.089526,0.13196561,-3.2842276,-118.97984,-26.089526,-0.13196561,3.2842276,0.47632056,0.47632056,INFEASIBLE,0,37571.859,2012.1834,0.061454499,24.012617,15,1.5,0.02,0.04,-0.05,40,40,40
12.945,119.10451,24.832508,0.11435304,-3.6445181,-119.10451,-24.832508,-0.11435304,3.6445181,-0.37609096,-0.37609096,INFEASIBLE,0,37642.789,2015.2667,0.061519882,24.07903,15,1.5,0.02,0.04,-0.05,40,40,40
12.95,119.22322,23.668136,0.096645184,-3.4280879,-119.22322,-23.668136,-0.096645184,3.4280879,-0.36126428,-0.36126428,INFEASIBLE,0,37713.86,2018.0676,0.061566583,24.137789,15,1.5,0.02,0.04,-0.05,40,40,40
12.955,119.33804,22.593882,0.080091708,-3.225503,-119.33804,-22.593882,-0.080091708,3.225503,-0.34636283,-0.34636283,INFEASIBLE,0,37785.067,2020.62,0.061598657,24.189808,15,1.5,0.02,0.04,-0.05,40,40,40
12.96,119.44997,22.298237,0.06467289,-2.9806493,-119.44997,-22.298237,-0.06467289,2.9806493,-0.21995173,-0.21995173,INFEASIBLE,0,37856.409,2023.1061,0.06161957,24.234229,15,1.5,0.02,0.04,-0.05,40,40,40
12.965,119.55965,21.99139,0.050137504,-2.8306657,-119.55965,-21.99139,-0.050137504,2.8306657,-0.22308737,-0.22308737,INFEASIBLE,0,37927.881,2025.5242,0.061632138,24.274293,15,1.5,0.02,0.04,-0.05,40,40,40
12.97,119.66884,21.641672,0.03643137,-2.6832695,-119.66884,-21.641672,-0.03643137,2.6832695,-0.21938995,-0.21938995,INFEASIBLE,0,37999.485,2027.866,0.061638775,24.310292,15,1.5,0.02,0.04,-0.05,40,40,40
12.975,119.77567,21.307897,0.023396247,-2.5436463,-119.77567,-21.307897,-0.023396247,2.5436463,-0.21669655,-0.21669655,INFEASIBLE,0,38071.216,2030.1361,0.061641512,24.342643,15,1.5,0.02,0.04,-0.05,40,40,40
12.98,119.88087,20.981377,0.011046763,-2.410692,-119.88087,-20.981377,-0.011046763,2.410692,-0.21346402,-0.21346402,INFEASIBLE,0,38143.073,2032.3372,0.061642122,24.3717,15,1.5,0.02,0.04,-0.05,40,40,40
12.985,119.98508,20.664073,-0.00059950669,-2.2803615,-119.98508,-20.664073,0.00059950669,2.2803615,-0.20327027,-0.20327027,INFEASIBLE,0,38215.055,2034.4722,0.061642124,24.397701,15,1.5,0.02,0.04,-0.05,40,40,40
12.99,120.08771,20.450558,-0.011628976,-2.1552809,-120.08771,-20.450558,0.011628976,2.1552809,-0.18757939,-0.18757939,INFEASIBLE,0,38287.16,2036.5634,0.0616428,24.420927,15,1.5,0.02,0.04,-0.05,40,40,40
12.995,120.18873,20.02992,-0.022107346,-2.0578798,-120.18873,-20.02992,0.022107346,2.0578798,-0.21345858,-0.21345858,INFEASIBLE,0,38359.387,2038.5693,0.061645243,24.442101,15,1.5,0.02,0.04,-0.05,40,40,40
13,120.28765,19.678392,-0.032055862,-1.9408685,-120.28765,-19.678392,0.032055862,1.9408685,-0.19925196,-0.19925196,INFEASIBLE,0,38431.732,2040.5055,0.061650381,24.460936,15,1.5,0.02,0.04,-0.05,40,40,40
13.005,120.38524,19.507739,-0.041425307,-1.8232451,-120.38524,-19.507739,0.041425307,1.8232451,-0.16823301,-0.16823301,INFEASIBLE,0,38504.195,2042.4083,0.061658962,24.477557,15,1.5,0.02,0.04,-0.05,40,40,40
13.01,120.48182,19.138434,-0.05029408,-1.7419453,-120.48182,-19.138434,0.05029408,1.7419453,-0.19215539,-0.19215539,INFEASIBLE,0,38576.775,2044.2397,0.061671609,24.492729,15,1.5,0.02,0.04,-0.05,40,40,40
13.015,120.57683,18.829222,-0.058722342,-1.6508921,-120.57683,-18.829222,0.058722342,1.6508921,-0.19246775,-0.19246775,INFEASIBLE,0,38649.469,2046.0124,0.061688851,24.506356,15,1.5,0.02,0.04,-0.05,40,40,40
13.02,120.67064,18.558439,-0.066664087,-1.5542547,-120.67064,-18.558439,0.066664087,1.5542547,-0.17559298,-0.17559298,INFEASIBLE,0,38722.276,2047.7345,0.061711071,24.518435,15,1.5,0.02,0.04,-0.05,40,40,40
13.025,120.76297,18.473367,-0.074166203,-1.4619541,-120.76297,-18.473367,0.074166203,1.4619541,-0.15123008,-0.15123008,INFEASIBLE,0,38795.194,2049.4408,0.061738574,24.529121,15,1.5,0.02,0.04,-0.05,40,40,40
13.03,120.85487,18.234219,-0.08125102,-1.3940956,-120.85487,-18.234219,0.08125102,1.3940956,-0.16344248,-0.16344248,INFEASIBLE,0,38868.224,2051.1032,0.061771583,24.538839,15,1.5,0.02,0.04,-0.05,40,40,40
13.035,120.94567,18.127561,-0.087987199,-1.3189924,-120.94567,-18.127561,0.087987199,1.3189924,-0.15428084,-0.15428084,INFEASIBLE,0,38941.363,2052.7463,0.061810292,24.547537,15,1.5,0.02,0.04,-0.05,40,40,40
13.04,121.03531,17.856068,-0.094398533,-1.2557416,-121.03531,-17.856068,0.094398533,1.2557416,-0.16464148,-0.16464148,INFEASIBLE,0,39014.611,2054.3405,0.061854847,24.555422,15,1.5,0.02,0.04,-0.05,40,40,40
13.045,121.12391,17.564153,-0.10047343,-1.1916364,-121.12391,-17.564153,0.10047343,1.1916364,-0.16951168,-0.16951168,INFEASIBLE,0,39087.966,2055.883,0.061905322,24.562522,15,1.5,0.02,0.04,-0.05,40,40,40
13.05,121.21157,17.477171,-0.10619059,-1.122223,-121.21157,-17.477171,0.10619059,1.122223,-0.15287517,-0.15287517,INFEASIBLE,0,39161.427,2057.4102,0.061961704,24.568819,15,1.5,0.02,0.04,-0.05,40,40,40
13.055,121.29797,17.2092,-0.11161239,-1.0589641,-121.29797,-17.2092,0.11161239,1.0589641,-0.14830457,-0.14830457,INFEASIBLE,0,39234.993,2058.891,0.06202399,24.574426,15,1.5,0.02,0.04,-0.05,40,40,40
13.06,121.38345,16.957164,-0.11674803,-1.0075269,-121.38345,-16.957164,0.11674803,1.0075269,-0.15655531,-0.15655531,INFEASIBLE,0,39308.663,2060.3287,0.062092141,24.579501,15,1.5,0.02,0.04,-0.05,40,40,40
13.065,121.46779,16.742898,-0.12160144,-0.95346417,-121.46779,-16.742898,0.12160144,0.95346417,-0.1551461,-0.1551461,INFEASIBLE,0,39382.435,2061.7304,0.062166076,24.584047,15,1.5,0.02,0.04,-0.05,40,40,40
13.07,121.55124,16.547741,-0.1261876,-0.89948024,-121.55124,-16.547741,0.1261876,0.89948024,-0.14909992,-0.14909992,INFEASIBLE,0,39456.308,2063.0995,0.062245692,24.588092,15,1.5,0.02,0.04,-0.05,40,40,40
13.075,121.63379,16.487682,-0.1305121,-0.85049337,-121.63379,-16.487682,0.1305121,0.85049337,-0.14123855,-0.14123855,INFEASIBLE,0,39530.282,2064.4587,0.062330859,24.591709,15,1.5,0.02,0.04,-0.05,40,40,40
13.08,121.71533,16.185561,-0.13459359,-0.7967601,-121.71533,-16.185561,0.13459359,0.7967601,-0.1323149,-0.1323149,INFEASIBLE,0,39604.355,2065.7686,0.062421436,24.594883,15,1.5,0.02,0.04,-0.05,40,40,40
13.085,121.79621,16.194653,-0.13848207,-0.75664655,-121.79621,-16.194653,0.13848207,0.75664655,-0.12849061,-0.12849061,INFEASIBLE,0,39678.527,2067.0799,0.062517323,24.597746,15,1.5,0.02,0.04,-0.05,40,40,40
13.09,121.87625,15.827308,-0.14218465,-0.72713456,-121.87625,-15.827308,0.14218465,0.72713456,-0.15285417,-1.3303588,OK,0,39752.796,2068.3324,0.062618405,24.600389,15,1.5,0.02,0.04,-0.05,40,40,40
13.095,121.94342,12.197087,-0.14412356,-0.13003832,-121.94342,-12.197087,0.14412356,0.13003832,0.56984098,-0.8366133,OK,0,39827.147,2069.0763,0.062722263,24.600474,15,1.5,0.02,0.04,-0.05,40,40,40
13.1,122.0056,12.637026,-0.1431898,0.39651202,-122.0056,-12.637026,0.1431898,-0.39651202,1.3925142,-0.89619381,OK,0,39901.574,2069.8747,0.06282478,24.60126,15,1.5,0.02,0.04,-0.05,40,40,40
13.105,122.06082,11.358969,-0.14001752,0.86605933,-122.06082,-11.358969,0.14001752,-0.86605933,2.0944015,-0.72073624,OK,0,39976.068,2070.5199,0.062922804,24.60501,15,1.5,0.02,0.04,-0.05,40,40,40
13.11,122.11376,10.407412,-0.13460013,1.2439706,-122.11376,-10.407412,0.13460013,-1.2439706,2.7055255,-0.58917107,OK,0,40050.627,2071.0614,0.06301339,24.612747,15,1.5,0.02,0.04,-0.05,40,40,40
13.115,122.16338,9.7315751,-0.12746226,1.551854,-122.16338,-9.7315751,0.12746226,-1.551854,3.2483779,-0.49486359,OK,0,40125.246,2071.535,0.063094623,24.624789,15,1.5,0.02,0.04,-0.05,40,40,40
13.12,122.21017,9.0650235,-0.1189459,1.7992851,-122.21017,-9.0650235,0.1189459,-1.7992851,3.7215434,-0.40172382,OK,0,40199.923,2071.9458,0.063165364,24.640976,15,1.5,0.02,0.04,-0.05,40,40,40
13.125,122.25463,8.7433514,-0.10930081,2.01416,-122.25463,-8.7433514,0.10930081,-2.01416,4.1765544,-0.35540708,OK,0,40274.654,2072.3281,0.063225097,24.66126,15,1.5,0.02,0.04,-0.05,40,40,40
13.13,122.29689,8.2415325,-0.098731524,2.1808722,-122.29689,-8.2415325,0.098731524,-2.1808722,4.5659346,-0.28467242,OK,0,40349.437,2072.6677,0.063273837,24.685041,15,1.5,0.02,0.04,-0.05,40,40,40
13.135,122.33706,7.8808881,-0.087411997,2.3179331,-122.33706,-7.8808881,0.087411997,-2.3179331,4.9276964,-0.23315651,OK,0,40424.268,2072.9782,0.063312041,24.711905,15,1.5,0.02,0.04,-0.05,40,40,40
13.14,122.37549,7.5635546,-0.075483884,2.4263905,-122.37549,-7.5635546,0.075483884,-2.4263905,5.2573796,-0.18758035,OK,0,40499.147,2073.2643,0.06334053,24.741342,15,1.5,0.02,0.04,-0.05,40,40,40
13.145,122.41252,7.3081601,-0.063079646,2.5175807,-122.41252,-7.3081601,0.063079646,-2.5175807,5.5707533,-0.15044681,OK,0,40574.071,2073.5313,0.063360425,24.773033,15,1.5,0.02,0.04,-0.05,40,40,40
13.15,122.44846,7.1022469,-0.050293752,2.5857667,-122.44846,-7.1022469,0.050293752,-2.5857667,5.8573028,-0.1200641,OK,0,40649.039,2073.7835,0.063373073,24.806464,15,1.5,0.02,0.04,-0.05,40,40,40
13.155,122.48349,6.9394755,-0.037195867,2.6423333,-122.48349,-6.9394755,0.037195867,-2.6423333,6.1328107,-0.095544132,OK,0,40724.05,2074.0243,0.06337999,24.841374,15,1.5,0.02,0.04,-0.05,40,40,40
13.16,122.51783,6.8191582,-0.023841771,2.6891615,-122.51783,-6.8191582,0.023841771,-2.6891615,6.3992387,-0.076780667,OK,0,40799.103,2074.2568,0.063382833,24.877532,15,1.5,0.02,0.04,-0.05,40,40,40
13.165,122.55155,6.6993552,-0.010274301,2.7300126,-122.55155,-6.6993552,0.010274301,-2.7300126,6.6599096,-0.058095726,OK,0,40874.198,2074.4812,0.06338336,24.914796,15,1.5,0.02,0.04,-0.05,40,40,40
13.17,122.58481,6.6117721,0.0034712913,2.7637113,-122.58481,-6.6117721,-0.0034712913,-2.7637113,6.9138034,-0.043769613,OK,0,40949.333,2074.6998,0.063383421,24.952987,15,1.5,0.02,0.04,-0.05,40,40,40
13.175,122.61768,6.5516211,0.017369929,2.7903665,-122.61768,-6.5516211,-0.017369929,-2.7903665,7.160517,-0.033149537,OK,0,41024.509,2074.9144,0.063384929,24.991918,15,1.5,0.02,0.04,-0.05,40,40,40
13.18,122.65024,6.4876548,0.031409209,2.8190032,-122.65024,-6.4876548,-0.031409209,-2.8190032,7.4121539,-0.022013959,OK,0,41099.724,2075.1249,0.063389862,25.031651,15,1.5,0.02,0.04,-0.05,40,40,40
13.185,122.68255,6.4387538,0.04557501,2.8465256,-122.68255,-6.4387538,-0.04557501,-2.8465256,7.6646148,-0.012915172,OK,0,41174.979,2075.3321,0.063400247,25.072165,15,1.5,0.02,0.04,-0.05,40,40,40
13.19,122.71466,6.4115794,0.059865542,2.8655935,-122.71466,-6.4115794,-0.059865542,-2.8655935,7.9071297,-0.0067445362,OK,0,41250.273,2075.5377,0.063418167,25.113223,15,1.5,0.02,0.04,-0.05,40,40,40
13.195,122.74661,6.3761699,0.07427712,2.8932321,-122.74661,-6.3761699,-0.07427712,-2.8932321,8.163984,0.00052531567,OK,0,41325.607,2075.741,0.063445752,25.155077,15,1.5,0.02,0.04,-0.05,40,40,40
13.2,122.77844,6.3606891,0.088808671,2.9139956,-122.77844,-6.3606891,-0.088808671,-2.9139956,8.4131199,0.0051045837,OK,0,41400.98,2075.9433,0.063485187,25.197534,15,1.5,0.02,0.04,-0.05,40,40,40
13.205,122.81016,6.3359655,0.10347302,2.9428421,-122.81016,-6.3359655,-0.10347302,-2.9428421,8.6760003,0.010912218,OK,0,41476.391,2076.144,0.06353872,25.240836,15,1.5,0.02,0.04,-0.05,40,40,40
13.21,122.84181,6.3290097,0.11826332,2.9681775,-122.84181,-6.3290097,-0.11826332,-2.9681775,8.9362127,1.35,INFEASIBLE,0,41551.842,2076.3443,0.063608651,25.284886,15,1.5,0.02,0.04,-0.05,40,40,40
13.215,122.88317,9.6289222,0.13119823,2.3305149,-122.88317,-9.6289222,-0.13119823,-2.3305149,8.306566,1.35,INFEASIBLE,0,41627.343,2076.8078,0.063694716,25.312042,15,1.5,0.02,0.04,-0.05,40,40,40
13.22,122.93903,12.199071,0.1408234,1.6520538,-122.93903,-12.199071,-0.1408234,-1.6520538,7.5371752,1.35,INFEASIBLE,0,41702.913,2077.5519,0.063793872,25.325689,15,1.5,0.02,0.04,-0.05,40,40,40
13.225,123.0043,13.183153,0.14686027,0.88844372,-123.0043,-13.183153,-0.14686027,-0.88844372,6.5229817,1.35,INFEASIBLE,0,41778.564,2078.4209,0.063901712,25.329636,15,1.5,0.02,0.04,-0.05,40,40,40
13.23,123.08039,16.682459,0.14942272,0.26620688,-123.08039,-16.682459,-0.14942272,-0.26620688,5.7695572,1.35,INFEASIBLE,0,41854.308,2079.8124,0.064013348,25.32999,15,1.5,0.02,0.04,-0.05,40,40,40
13.235,123.16627,17.764661,0.14845191,-0.48863292,-123.16627,-17.764661,-0.14845191,0.48863292,4.6677411,1.35,INFEASIBLE,0,41930.157,2081.3903,0.064123538,25.331184,15,1.5,0.02,0.04,-0.05,40,40,40
13.24,123.26278,20.053164,0.14398394,-1.179117,-123.26278,-20.053164,-0.14398394,1.179117,3.6584659,1.35,INFEASIBLE,0,42006.126,2083.401,0.064227195,25.338135,15,1.5,0.02,0.04,-0.05,40,40,40
13.245,123.36924,23.122613,0.1359618,-1.8312204,-123.36924,-23.122613,-0.1359618,1.8312204,2.6848856,1.35,INFEASIBLE,0,42082.226,2086.0743,0.064319623,25.354902,15,1.5,0.02,0.04,-0.05,40,40,40
13.25,123.48179,22.575711,0.12413969,-2.6927981,-123.48179,-22.575711,-0.12413969,2.6927981,1.1955623,1.1955623,INFEASIBLE,0,42158.464,2088.6226,0.064396676,25.391158,15,1.5,0.02,0.04,-0.05,40,40,40
13.255,123.60503,23.74117,0.10904764,-3.3672564,-123.60503,-23.74117,-0.10904764,3.3672564,0.0065773551,0.0065773551,INFEASIBLE,0,42234.855,2091.4408,0.064456133,25.44785,15,1.5,0.02,0.04,-0.05,40,40,40
13.26,123.72116,22.732087,0.092081702,-3.4087639,-123.72116,-22.732087,-0.092081702,3.4087639,-0.34821356,-0.34821356,INFEASIBLE,0,42311.39,2094.0245,0.064498528,25.505948,15,1.5,0.02,0.04,-0.05,40,40,40
13.265,123.83127,21.645417,0.075569004,-3.2236223,-123.83127,-21.645417,-0.075569004,3.2236223,-0.35945641,-0.35945641,INFEASIBLE,0,42388.061,2096.3672,0.064527081,25.557907,15,1.5,0.02,0.04,-0.05,40,40,40
13.27,123.93861,21.090194,0.06020178,-2.9932834,-123.93861,-21.090194,-0.06020178,2.9932834,-0.26451849,-0.26451849,INFEASIBLE,0,42464.865,2098.5911,0.064545203,25.602706,15,1.5,0.02,0.04,-0.05,40,40,40
13.275,124.04441,21.144114,0.04586111,-2.7918261,-124.04441,-21.144114,-0.04586111,2.7918261,-0.17316971,-0.17316971,INFEASIBLE,0,42541.8,2100.8265,0.064555719,25.641677,15,1.5,0.02,0.04,-0.05,40,40,40
13.28,124.1495,20.990014,0.032276534,-2.6666805,-124.1495,-20.990014,-0.032276534,2.6666805,-0.19328228,-0.19328228,INFEASIBLE,0,42618.865,2103.0294,0.064560928,25.677233,15,1.5,0.02,0.04,-0.05,40,40,40
13.285,124.25293,20.509204,0.0192872,-2.5533283,-124.25293,-20.509204,-0.0192872,2.5533283,-0.23525756,-0.23525756,INFEASIBLE,0,42696.059,2105.1325,0.064562788,25.709831,15,1.5,0.02,0.04,-0.05,40,40,40
13.29,124.35456,20.232553,0.0069733969,-2.4025976,-124.35456,-20.232553,-0.0069733969,2.4025976,-0.20290205,-0.20290205,INFEASIBLE,0,42773.38,2107.1793,0.064563031,25.738693,15,1.5,0.02,0.04,-0.05,40,40,40
13.295,124.45405,19.553494,-0.0047096809,-2.304102,-124.45405,-19.553494,0.0047096809,2.304102,-0.25557752,-0.25557752,INFEASIBLE,0,42850.824,2109.091,0.064563142,25.765237,15,1.5,0.02,0.04,-0.05,40,40,40
13.3,124.55229,19.569659,-0.015670133,-2.1276725,-124.55229,-19.569659,0.015670133,2.1276725,-0.15272869,-0.15272869,INFEASIBLE,0,42928.39,2111.0059,0.06456437,25.787872,15,1.5,0.02,0.04,-0.05,40,40,40
13.305,124.64924,19.239273,-0.02605491,-2.0464427,-124.64924,-19.239273,0.02605491,2.0464427,-0.19793191,-0.19793191,INFEASIBLE,0,43006.077,2112.8566,0.064567764,25.808812,15,1.5,0.02,0.04,-0.05,40,40,40
13.31,124.74486,19.001694,-0.035947842,-1.9355958,-124.74486,-19.001694,0.035947842,1.9355958,-0.18764646,-0.18764646,INFEASIBLE,0,43083.884,2114.6619,0.064574225,25.827545,15,1.5,0.02,0.04,-0.05,40,40,40
13.315,124.83892,18.497994,-0.045325199,-1.8467687,-124.83892,-18.497994,0.045325199,1.8467687,-0.21333284,-0.21333284,INFEASIBLE,0,43161.807,2116.3728,0.064584497,25.844597,15,1.5,0.02,0.04,-0.05,40,40,40
13.32,124.93128,18.118298,-0.054181957,-1.7386821,-124.93128,-18.118298,0.054181957,1.7386821,-0.19739496,-0.19739496,INFEASIBLE,0,43239.847,2118.0142,0.064599175,25.859712,15,1.5,0.02,0.04,-0.05,40,40,40
13.325,125.02163,17.916548,-0.062547819,-1.6331189,-125.02163,-17.916548,0.062547819,1.6331189,-0.1708012,-0.1708012,INFEASIBLE,0,43317.999,2119.6192,0.064618737,25.873048,15,1.5,0.02,0.04,-0.05,40,40,40
13.33,125.11109,17.674174,-0.070429348,-1.5489261,-125.11109,-17.674174,0.070429348,1.5489261,-0.17064058,-0.17064058,INFEASIBLE,0,43396.263,2121.1811,0.064643538,25.885044,15,1.5,0.02,0.04,-0.05,40,40,40
13.335,125.19994,17.573584,-0.0778728,-1.4620527,-125.19994,-17.573584,0.0778728,1.4620527,-0.15422897,-0.15422897,INFEASIBLE,0,43474.638,2122.7252,0.064673859,25.895732,15,1.5,0.02,0.04,-0.05,40,40,40
13.34,125.28703,17.504433,-0.084988021,-1.3864228,-125.28703,-17.504433,0.084988021,1.3864228,-0.1485365,-0.1485365,INFEASIBLE,0,43553.122,2124.2573,0.064709974,25.905343,15,1.5,0.02,0.04,-0.05,40,40,40
13.345,125.37316,17.154296,-0.091758825,-1.325124,-125.37316,-17.154296,0.091758825,1.325124,-0.17043329,-0.17043329,INFEASIBLE,0,43631.714,2125.7286,0.064752072,25.914122,15,1.5,0.02,0.04,-0.05,40,40,40
13.35,125.45869,16.995385,-0.098179727,-1.2570882,-125.45869,-16.995385,0.098179727,1.2570882,-0.16933905,-0.16933905,INFEASIBLE,0,43710.413,2127.1728,0.064800268,25.922024,15,1.5,0.02,0.04,-0.05,40,40,40
13.355,125.54296,16.76091,-0.10423352,-1.1818686,-125.54296,-16.76091,0.10423352,1.1818686,-0.15500998,-0.15500998,INFEASIBLE,0,43789.219,2128.5775,0.064854592,25.929008,15,1.5,0.02,0.04,-0.05,40,40,40
13.36,125.62628,16.567743,-0.10996501,-1.1184617,-125.62628,-16.567743,0.10996501,1.1184617,-0.15193232,-0.15193232,INFEASIBLE,0,43868.128,2129.9499,0.064915053,25.935263,15,1.5,0.02,0.04,-0.05,40,40,40
13.365,125.70835,16.302871,-0.1154194,-1.0694792,-125.70835,-16.302871,0.1154194,1.0694792,-0.16922801,-0.16922801,INFEASIBLE,0,43947.141,2131.2788,0.064981661,25.940981,15,1.5,0.02,0.04,-0.05,40,40,40
13.37,125.78943,16.064747,-0.12056287,-1.0081973,-125.78943,-16.064747,0.12056287,1.0081973,-0.16236034,-0.16236034,INFEASIBLE,0,44026.256,2132.5692,0.065054338,25.946064,15,1.5,0.02,0.04,-0.05,40,40,40
13.375,125.86952,16.059143,-0.125385,-0.93952446,-125.86952,-16.059143,0.125385,0.93952446,-0.13030553,-0.13030553,INFEASIBLE,0,44105.472,2133.8587,0.065132945,25.950477,15,1.5,0.02,0.04,-0.05,40,40,40
13.38,125.94879,15.735166,-0.12997901,-0.90599593,-125.94879,-15.735166,0.12997901,0.90599593,-0.16029652,-1.3133427,OK,0,44184.787,2135.0967,0.065217418,25.954581,15,1.5,0.02,0.04,-0.05,40,40,40
13.385,126.01746,12.550455,-0.13265894,-0.28346402,-126.01746,-12.550455,0.13265894,0.28346402,0.60728733,-0.88122811,OK,0,44264.189,2135.8842,0.06530541,25.954983,15,1.5,0.02,0.04,-0.05,40,40,40
13.39,126.07662,11.419751,-0.13264683,0.19259803,-126.07662,-11.419751,0.13264683,-0.19259803,1.277517,-0.72734661,OK,0,44343.666,2136.5363,0.065393386,25.955169,15,1.5,0.02,0.04,-0.05,40,40,40
13.395,126.13422,11.569016,-0.13032073,0.64163735,-126.13422,-11.569016,0.13032073,-0.64163735,1.99309,-0.74677656,OK,0,44423.215,2137.2055,0.065478303,25.957227,15,1.5,0.02,0.04,-0.05,40,40,40
13.4,126.18614,10.002478,-0.12608647,1.0033571,-126.18614,-10.002478,0.12608647,-1.0033571,2.5375606,-0.53216264,OK,0,44502.83,2137.7058,0.065557792,25.962261,15,1.5,0.02,0.04,-0.05,40,40,40
13.405,126.2358,9.7649409,-0.12014259,1.3060188,-126.2358,-9.7649409,0.12014259,-1.3060188,3.072203,-0.49797039,OK,0,44582.507,2138.1825,0.065629964,25.970789,15,1.5,0.02,0.04,-0.05,40,40,40
13.41,126.28262,9.1416413,-0.11285272,1.5603283,-126.28262,-9.1416413,0.11285272,-1.5603283,3.5390197,-0.41112385,OK,0,44662.244,2138.6004,0.065693642,25.982962,15,1.5,0.02,0.04,-0.05,40,40,40
13.415,126.32744,8.7863385,-0.10438413,1.7810365,-126.32744,-8.7863385,0.10438413,-1.7810365,3.9837951,-0.36056286,OK,0,44742.037,2138.9864,0.065748122,25.998823,15,1.5,0.02,0.04,-0.05,40,40,40
13.42,126.36976,8.2858883,-0.094971823,1.9564342,-126.36976,-8.2858883,0.094971823,-1.9564342,4.3689048,-0.29028811,OK,0,44821.884,2139.3297,0.065793221,26.017961,15,1.5,0.02,0.04,-0.05,40,40,40
13.425,126.40982,7.7913194,-0.084781877,2.0881766,-126.40982,-7.7913194,0.084781877,-2.0881766,4.700386,-0.22086741,OK,0,44901.781,2139.6332,0.065829161,26.039763,15,1.5,0.02,0.04,-0.05,40,40,40
13.43,126.44829,7.5794696,-0.073995447,2.2004275,-126.44829,-7.5794696,0.073995447,-2.2004275,5.0228541,-0.18978919,OK,0,44981.727,2139.9204,0.065856537,26.063973,15,1.5,0.02,0.04,-0.05,40,40,40
13.435,126.48534,7.3222191,-0.062726985,2.2912589,-126.48534,-7.3222191,0.062726985,-2.2912589,5.3185791,-0.15258814,OK,0,45061.719,2140.1885,0.065876211,26.090222,15,1.5,0.02,0.04,-0.05,40,40,40
13.44,126.52132,7.1103119,-0.051064124,2.361909,-126.52132,-7.1103119,0.051064124,-2.361909,5.5917404,-0.12155421,OK,0,45141.758,2140.4413,0.065889248,26.118115,15,1.5,0.02,0.04,-0.05,40,40,40
13.445,126.55638,6.9451059,-0.039083644,2.4196038,-126.55638,-6.9451059,0.039083644,-2.4196038,5.8520829,-0.09685401,OK,0,45221.84,2140.6825,0.065896886,26.147388,15,1.5,0.02,0.04,-0.05,40,40,40
13.45,126.5907,6.8130667,-0.026847694,2.4660284,-126.5907,-6.8130667,0.026847694,-2.4660284,6.1006639,-0.07664822,OK,0,45301.966,2140.9145,0.06590049,26.177794,15,1.5,0.02,0.04,-0.05,40,40,40
13.455,126.6244,6.6936025,-0.014398456,2.5064494,-126.6244,-6.6936025,0.014398456,-2.5064494,6.3439295,-0.058144344,OK,0,45382.135,2141.1386,0.065901527,26.209206,15,1.5,0.02,0.04,-0.05,40,40,40
13.46,126.65762,6.6068043,-0.0017718987,2.5387931,-126.65762,-6.6068043,0.0017718987,-2.5387931,6.5790357,-0.04405442,OK,0,45462.346,2141.3568,0.065901542,26.241433,15,1.5,0.02,0.04,-0.05,40,40,40
13.465,126.69045,6.5390428,0.011002478,2.5660666,-126.69045,-6.5390428,-0.011002478,-2.5660666,6.8095077,-0.032532831,OK,0,45542.598,2141.5706,0.065902147,26.274356,15,1.5,0.02,0.04,-0.05,40,40,40
13.47,126.72296,6.4692909,0.023911895,2.5941044,-126.72296,-6.4692909,-0.023911895,-2.5941044,7.0430659,-0.020737855,OK,0,45622.891,2141.7799,0.065905006,26.308003,15,1.5,0.02,0.04,-0.05,40,40,40
13.475,126.75521,6.438862,0.036939185,2.6127327,-126.75521,-6.438862,-0.036939185,-2.6127327,7.2658456,-0.014247749,OK,0,45703.226,2141.9872,0.065911829,26.342135,15,1.5,0.02,0.04,-0.05,40,40,40
13.48,126.78727,6.3929946,0.050082399,2.6388827,-126.78727,-6.3929946,-0.050082399,-2.6388827,7.5010252,-0.0056729843,OK,0,45783.601,2142.1915,0.06592437,26.376954,15,1.5,0.02,0.04,-0.05,40,40,40
13.485,126.81916,6.3654118,0.063333224,2.6594338,-126.81916,-6.3654118,-0.063333224,-2.6594338,7.7301488,0.00043699028,OK,0,45864.016,2142.3941,0.065944426,26.412317,15,1.5,0.02,0.04,-0.05,40,40,40
13.49,126.85094,6.3460671,0.076693348,2.6806191,-126.85094,-6.3460671,-0.076693348,-2.6806191,7.9621903,0.0054320588,OK,0,45944.472,2142.5955,0.065973835,26.448245,15,1.5,0.02,0.04,-0.05,40,40,40
13.495,126.88263,6.3336211,0.090158555,2.7024545,-126.88263,-6.3336211,-0.090158555,-2.7024545,8.1970575,0.0094886713,OK,0,46024.968,2142.796,0.066014478,26.484761,15,1.5,0.02,0.04,-0.05,40,40,40
13.5,126.9142,6.3020654,0.10376248,2.7337245,-126.9142,-6.3020654,-0.10376248,-2.7337245,8.4473905,0.016115616,OK,0,46105.504,2142.9946,0.066068311,26.522128,15,1.5,0.02,0.04,-0.05,40,40,40
13.505,126.9457,6.2881286,0.11748779,2.7577306,-126.9457,-6.2881286,-0.11748779,-2.7577306,8.6893518,0.020364902,OK,0,46186.08,2143.1923,0.066137328,26.560153,15,1.5,0.02,0.04,-0.05,40,40,40
13.51,126.97716,6.2870559,0.13133496,2.7829709,-126.97716,-6.2870559,-0.13133496,-2.7829709,8.9355063,1.35,INFEASIBLE,0,46266.696,2143.39,0.066223572,26.598878,15,1.5,0.02,0.04,-0.05,40,40,40
13.515,127.01806,9.7969827,0.14331077,2.1576185,-127.01806,-9.7969827,-0.14331077,-2.1576185,8.3183299,1.35,INFEASIBLE,0,46347.364,2143.8699,0.066326262,26.622154,15,1.5,0.02,0.04,-0.05,40,40,40
13.52,127.07109,11.860043,0.15187608,1.4536268,-127.07109,-11.860043,-0.15187608,-1.4536268,7.4744049,1.35,INFEASIBLE,0,46428.1,2144.5732,0.066441594,26.632719,15,1.5,0.02,0.04,-0.05,40,40,40
13.525,127.13431,14.340961,0.15694006,0.77961186,-127.13431,-14.340961,-0.15694006,-0.77961186,6.6398433,1.35,INFEASIBLE,0,46508.915,2145.6015,0.066564745,26.635758,15,1.5,0.02,0.04,-0.05,40,40,40
13.53,127.20818,15.791267,0.15853094,0.050369235,-127.20818,-15.791267,-0.15853094,-0.050369235,5.6293322,-1.2646575,OK,0,46589.825,2146.8483,0.066690405,26.635771,15,1.5,0.02,0.04,-0.05,40,40,40
13.535,127.26534,9.4110333,0.16003634,0.51841431,-127.26534,-9.4110333,-0.16003634,-0.51841431,6.0999147,-0.39346812,OK,0,46670.807,2147.2911,0.066818463,26.637115,15,1.5,0.02,0.04,-0.05,40,40,40
13.54,127.319,10.767302,0.16406191,0.92694853,-127.319,-10.767302,-0.16406191,-0.92694853,6.8284234,-0.57863276,OK,0,46751.858,2147.8708,0.066953045,26.641411,15,1.5,0.02,0.04,-0.05,40,40,40
13.545,127.36958,9.5023277,0.16985471,1.2870888,-127.36958,-9.5023277,-0.16985471,-1.2870888,7.4059385,1.35,INFEASIBLE,0,46832.973,2148.3223,0.067097298,26.649694,15,1.5,0.02,0.04,-0.05,40,40,40
13.55,127.43178,12.99037,0.17482441,0.70842742,-127.43178,-12.99037,-0.17482441,-0.70842742,6.7532576,1.35,INFEASIBLE,0,46914.167,2149.166,0.067250116,26.652203,15,1.5,0.02,0.04,-0.05,40,40,40
13.555,127.50754,16.152465,0.17652825,0.072402237,-127.50754,-16.152465,-0.17652825,-0.072402237,5.9527764,1.35,INFEASIBLE,0,46995.458,2150.4705,0.067405927,26.65223,15,1.5,0.02,0.04,-0.05,40,40,40
13.56,127.59127,18.086926,0.17465979,-0.62253688,-127.59127,-18.086926,-0.17465979,0.62253688,4.9613939,1.35,INFEASIBLE,0,47076.856,2152.1062,0.067558457,26.654167,15,1.5,0.02,0.04,-0.05,40,40,40
13.565,127.68413,19.63323,0.16928916,-1.33979,-127.68413,-19.63323,-0.16928916,1.33979,3.8686643,1.35,INFEASIBLE,0,47158.372,2154.0335,0.067701751,26.663143,15,1.5,0.02,0.04,-0.05,40,40,40
13.57,127.78699,21.417861,0.16042718,-2.0506904,-127.78699,-21.417861,-0.16042718,2.0506904,2.7428262,1.35,INFEASIBLE,0,47240.019,2156.3272,0.067830436,26.684169,15,1.5,0.02,0.04,-0.05,40,40,40
13.575,127.90076,22.337624,0.14808951,-2.8174574,-127.90076,-22.337624,-0.14808951,2.8174574,1.4466767,1.35,INFEASIBLE,0,47321.813,2158.822,0.067940088,26.72386,15,1.5,0.02,0.04,-0.05,40,40,40
13.58,128.02186,26.09625,0.13205331,-3.4327444,-128.02186,-26.09625,-0.13205331,3.4327444,0.4359703,0.4359703,INFEASIBLE,0,47403.761,2162.2271,0.068027278,26.782778,15,1.5,0.02,0.04,-0.05,40,40,40
13.585,128.14514,24.156608,0.11369152,-3.8035766,-128.14514,-24.156608,-0.11369152,3.8035766,-0.47082493,-0.47082493,INFEASIBLE,0,47485.866,2165.1448,0.068091907,26.855114,15,1.5,0.02,0.04,-0.05,40,40,40
13.59,128.2608,22.684697,0.09540618,-3.5494271,-128.2608,-22.684697,-0.09540618,3.5494271,-0.42044411,-0.42044411,INFEASIBLE,0,47568.121,2167.7178,0.068137419,26.918106,15,1.5,0.02,0.04,-0.05,40,40,40
13.595,128.37278,22.075787,0.078506615,-3.2753077,-128.37278,-22.075787,-0.078506615,3.2753077,-0.28487532,-0.28487532,INFEASIBLE,0,47650.518,2170.1545,0.068168235,26.971745,15,1.5,0.02,0.04,-0.05,40,40,40
13.6,128.48183,21.644752,0.06268244,-3.0914974,-128.48183,-21.644752,-0.06268244,3.0914974,-0.26158283,-0.26158283,INFEASIBLE,0,47733.056,2172.497,0.068187881,27.019531,15,1.5,0.02,0.04,-0.05,40,40,40
13.605,128.58952,21.48917,0.047787639,-2.9003468,-128.58952,-21.48917,-0.047787639,2.9003468,-0.20234841,-0.20234841,INFEASIBLE,0,47815.733,2174.8059,0.068199299,27.061591,15,1.5,0.02,0.04,-0.05,40,40,40
13.61,128.69547,21.105865,0.033631549,-2.7738066,-128.69547,-21.105865,-0.033631549,2.7738066,-0.23809267,-0.23809267,INFEASIBLE,0,47898.545,2177.0332,0.068204955,27.100061,15,1.5,0.02,0.04,-0.05,40,40,40
13.615,128.79957,20.796203,0.020177104,-2.6225644,-128.79957,-20.796203,-0.020177104,2.6225644,-0.2233505,-0.2233505,INFEASIBLE,0,47981.492,2179.1956,0.06820699,27.134451,15,1.5,0.02,0.04,-0.05,40,40,40
13.62,128.90238,20.600865,0.0074565902,-2.4760983,-128.90238,-20.600865,-0.0074565902,2.4760983,-0.20021641,-0.20021641,INFEASIBLE,0,48064.571,2181.3176,0.068207268,27.165106,15,1.5,0.02,0.04,-0.05,40,40,40
13.625,129.00318,20.120841,-0.0046594551,-2.3691599,-129.00318,-20.120841,0.0046594551,2.3691599,-0.23873451,-0.23873451,INFEASIBLE,0,48147.78,2183.3418,0.068207377,27.193171,15,1.5,0.02,0.04,-0.05,40,40,40
13.63,129.10239,19.621562,-0.016120061,-2.2433709,-129.10239,-19.621562,0.016120061,2.2433709,-0.23994695,-0.23994695,INFEASIBLE,0,48231.117,2185.2668,0.068208676,27.218334,15,1.5,0.02,0.04,-0.05,40,40,40
13.635,129.20041,19.402027,-0.02686706,-2.1001469,-129.20041,-19.402027,0.02686706,2.1001469,-0.19313692,-0.19313692,INFEASIBLE,0,48314.581,2187.149,0.068212285,27.240387,15,1.5,0.02,0.04,-0.05,40,40,40
13.64,129.29713,19.240543,-0.037013439,-1.9887541,-129.29713,-19.240543,0.037013439,1.9887541,-0.18276839,-0.18276839,INFEASIBLE,0,48398.17,2189,0.068219135,27.260163,15,1.5,0.02,0.04,-0.05,40,40,40
13.645,129.3915,18.901753,-0.046723775,-1.8966279,-129.3915,-18.901753,0.046723775,1.8966279,-0.20189837,-0.20189837,INFEASIBLE,0,48481.881,2190.7864,0.068230051,27.278149,15,1.5,0.02,0.04,-0.05,40,40,40
13.65,129.48529,18.603864,-0.055887365,-1.7923678,-129.48529,-18.603864,0.055887365,1.7923678,-0.19300189,-0.19300189,INFEASIBLE,0,48565.713,2192.5169,0.068245668,27.294212,15,1.5,0.02,0.04,-0.05,40,40,40
13.655,129.57758,18.260365,-0.064546693,-1.6978017,-129.57758,-18.260365,0.064546693,1.6978017,-0.19293668,-0.19293668,INFEASIBLE,0,48649.664,2194.1841,0.068266499,27.308624,15,1.5,0.02,0.04,-0.05,40,40,40
13.66,129.66846,17.91907,-0.072727214,-1.6081154,-129.66846,-17.91907,0.072727214,1.6081154,-0.19294933,-0.19294933,INFEASIBLE,0,48733.734,2195.7896,0.068292945,27.321555,15,1.5,0.02,0.04,-0.05,40,40,40
13.665,129.75795,17.800083,-0.080448681,-1.5119884,-129.75795,-17.800083,0.080448681,1.5119884,-0.16755048,-0.16755048,INFEASIBLE,0,48817.92,2197.3738,0.068325305,27.332985,15,1.5,0.02,0.04,-0.05,40,40,40
13.67,129.84648,17.51911,-0.08774769,-1.4352058,-129.84648,-17.51911,0.08774769,1.4352058,-0.17133019,-0.17133019,INFEASIBLE,0,48902.22,2198.9084,0.068363804,27.343284,15,1.5,0.02,0.04,-0.05,40,40,40
13.675,129.93366,17.443302,-0.09468355,-1.3526243,-129.93366,-17.443302,0.09468355,1.3526243,-0.15278439,-0.15278439,INFEASIBLE,0,48986.634,2200.4297,0.068408628,27.352432,15,1.5,0.02,0.04,-0.05,40,40,40
13.68,130.01988,17.260808,-0.10127372,-1.2818442,-130.01988,-17.260808,0.10127372,1.2818442,-0.15104223,-0.15104223,INFEASIBLE,0,49071.16,2201.9194,0.06845991,27.360648,15,1.5,0.02,0.04,-0.05,40,40,40
13.685,130.10508,17.016817,-0.10756626,-1.2342971,-130.10508,-17.016817,0.10756626,1.2342971,-0.18216536,-0.18216536,INFEASIBLE,0,49155.796,2203.3673,0.068517763,27.368265,15,1.5,0.02,0.04,-0.05,40,40,40
13.69,130.18893,16.683927,-0.11354342,-1.1679606,-130.18893,-16.683927,0.11354342,1.1679606,-0.18395662,-0.18395662,INFEASIBLE,0,49240.542,2204.759,0.068582223,27.375086,15,1.5,0.02,0.04,-0.05,40,40,40
13.695,130.27175,16.36862,-0.11914,-1.0949948,-130.27175,-16.36862,0.11914,1.0949948,-0.16941226,-0.16941226,INFEASIBLE,0,49325.396,2206.0987,0.068653195,27.381081,15,1.5,0.02,0.04,-0.05,40,40,40
13.7,130.35324,16.229944,-0.12439237,-1.0260679,-130.35324,-16.229944,0.12439237,1.0260679,-0.1487249,-0.1487249,INFEASIBLE,0,49410.356,2207.4158,0.068730562,27.386345,15,1.5,0.02,0.04,-0.05,40,40,40
13.705,130.43392,15.997951,-0.12938502,-0.97777734,-130.43392,-15.997951,0.12938502,0.97777734,-0.15884487,-1.3488156,OK,0,49495.421,2208.6954,0.068814265,27.391125,15,1.5,0.02,0.04,-0.05,40,40,40
13.71,130.50311,12.894417,-0.132417,-0.32456958,-130.50311,-12.894417,0.132417,0.32456958,0.6527295,-0.92795671,OK,0,49580.576,2209.5268,0.068901936,27.391652,15,1.5,0.02,0.04,-0.05,40,40,40
13.715,130.5642,11.890515,-0.13252997,0.18737767,-130.5642,-11.890515,0.13252997,-0.18737767,1.3800216,-0.79139075,OK,0,49665.811,2210.2337,0.068989757,27.391828,15,1.5,0.02,0.04,-0.05,40,40,40
13.72,130.62201,11.527375,-0.13025774,0.64015177,-130.62201,-11.527375,0.13025774,-0.64015177,2.0798967,-0.74109331,OK,0,49751.122,2210.8981,0.069074592,27.393877,15,1.5,0.02,0.04,-0.05,40,40,40
13.725,130.67434,10.521888,-0.12600167,1.0298503,-130.67434,-10.521888,0.12600167,-1.0298503,2.6891127,-0.60275819,OK,0,49836.501,2211.4516,0.069153975,27.39918,15,1.5,0.02,0.04,-0.05,40,40,40
13.73,130.72367,9.647667,-0.11992916,1.3448798,-130.72367,-9.647667,0.11992916,-1.3448798,3.2187624,-0.48192061,OK,0,49921.944,2211.917,0.06922589,27.408223,15,1.5,0.02,0.04,-0.05,40,40,40
13.735,130.77104,9.1587288,-0.11242358,1.5948089,-130.77104,-9.1587288,0.11242358,-1.5948089,3.6876295,-0.41328879,OK,0,50007.449,2212.3364,0.069289085,27.42094,15,1.5,0.02,0.04,-0.05,40,40,40
13.74,130.81598,8.7854336,-0.10378138,1.8165232,-130.81598,-8.7854336,0.10378138,-1.8165232,4.135801,-0.3602442,OK,0,50093.013,2212.7223,0.069342938,27.437439,15,1.5,0.02,0.04,-0.05,40,40,40
13.745,130.85826,8.2890613,-0.094198864,1.9922156,-130.85826,-8.2890613,0.094198864,-1.9922156,4.5240681,-0.29049177,OK,0,50178.633,2213.0659,0.069387305,27.457284,15,1.5,0.02,0.04,-0.05,40,40,40
13.75,130.89839,7.9103461,-0.083832942,2.1318189,-130.89839,-7.9103461,0.083832942,-2.1318189,4.8746157,-0.23673117,OK,0,50264.305,2213.3788,0.069422445,27.480007,15,1.5,0.02,0.04,-0.05,40,40,40
13.755,130.93684,7.5395628,-0.072839758,2.240673,-130.93684,-7.5395628,0.072839758,-2.240673,5.1887324,-0.18409333,OK,0,50350.027,2213.663,0.069448973,27.50511,15,1.5,0.02,0.04,-0.05,40,40,40
13.76,130.97398,7.3324329,-0.061348863,2.3339028,-130.97398,-7.3324329,0.061348863,-2.3339028,5.4933981,-0.15364422,OK,0,50435.798,2213.9318,0.069467791,27.532345,15,1.5,0.02,0.04,-0.05,40,40,40
13.765,131.00996,7.1101121,-0.049466646,2.4072116,-131.00996,-7.1101121,0.049466646,-2.4072116,5.7734215,-0.12116989,OK,0,50521.616,2214.1846,0.069480026,27.561319,15,1.5,0.02,0.04,-0.05,40,40,40
13.77,131.04504,6.9467356,-0.037262066,2.4632296,-131.04504,-6.9467356,0.037262066,-2.4632296,6.0346836,-0.096690909,OK,0,50607.48,2214.4259,0.069486968,27.591656,15,1.5,0.02,0.04,-0.05,40,40,40
13.775,131.07936,6.8149001,-0.024801545,2.5110771,-131.07936,-6.8149001,0.024801545,-2.5110771,6.2887757,-0.076484588,OK,0,50693.389,2214.6581,0.069490044,27.623184,15,1.5,0.02,0.04,-0.05,40,40,40
13.78,131.1131,6.6998623,-0.01212978,2.5509293,-131.1131,-6.6998623,0.01212978,-2.5509293,6.5347038,-0.058553225,OK,0,50779.342,2214.8825,0.06949078,27.65572,15,1.5,0.02,0.04,-0.05,40,40,40
13.785,131.14635,6.6151587,0.00071972649,2.5838042,-131.14635,-6.6151587,-0.00071972649,-2.5838042,6.7740356,-0.044720672,OK,0,50865.339,2215.1013,0.069490782,27.6891,15,1.5,0.02,0.04,-0.05,40,40,40
13.79,131.17919,6.541588,0.013728974,2.6126996,-131.17919,-6.541588,-0.013728974,-2.6126996,7.0102313,-0.032387587,OK,0,50951.379,2215.3153,0.069491725,27.723231,15,1.5,0.02,0.04,-0.05,40,40,40
13.795,131.21173,6.4799027,0.026869145,2.6407503,-131.21173,-6.4799027,-0.026869145,-2.6407503,7.2475935,-0.021657794,OK,0,51037.462,2215.5252,0.069495334,27.758099,15,1.5,0.02,0.04,-0.05,40,40,40
13.8,131.24403,6.4487889,0.04013004,2.6595127,-131.24403,-6.4487889,-0.04013004,-2.6595127,7.4740518,-0.01505047,OK,0,51123.587,2215.7332,0.069503386,27.793464,15,1.5,0.02,0.04,-0.05,40,40,40
13.805,131.27608,6.3925274,0.053525397,2.6885682,-131.27608,-6.3925274,-0.053525397,-2.6885682,7.7169559,-0.0050468674,OK,0,51209.754,2215.9375,0.069517711,27.829606,15,1.5,0.02,0.04,-0.05,40,40,40
13.81,131.30798,6.3704643,0.067022734,2.7099138,-131.30798,-6.3704643,-0.067022734,-2.7099138,7.9511899,0.00033914924,OK,0,51295.963,2216.1404,0.069540171,27.866324,15,1.5,0.02,0.04,-0.05,40,40,40
13.815,131.33973,6.3446698,0.08064659,2.7314798,-131.33973,-6.3446698,-0.08064659,-2.7314798,8.1874999,0.0062325299,OK,0,51382.213,2216.3417,0.069572691,27.903629,15,1.5,0.02,0.04,-0.05,40,40,40
13.82,131.3714,6.3166138,0.094382107,2.7613852,-131.3714,-6.3166138,-0.094382107,-2.7613852,8.437902,0.01241262,OK,0,51468.505,2216.5412,0.069617231,27.941755,15,1.5,0.02,0.04,-0.05,40,40,40
13.825,131.40299,6.3196904,0.10823499,2.7762755,-131.40299,-6.3196904,-0.10823499,-2.7762755,8.6687854,0.014400466,OK,0,51554.839,2216.7409,0.069675805,27.980294,15,1.5,0.02,0.04,-0.05,40,40,40
13.83,131.43444,6.2847301,0.12224882,2.8120761,-131.43444,-6.2847301,-0.12224882,-2.8120761,8.9319244,1.35,INFEASIBLE,0,51641.214,2216.9383,0.069750529,28.019833,15,1.5,0.02,0.04,-0.05,40,40,40
13.835,131.47458,8.5092801,0.1343122,2.1162754,-131.47458,-8.5092801,-0.1343122,-2.1162754,8.1589588,1.35,INFEASIBLE,0,51727.642,2217.3004,0.069840728,28.042226,15,1.5,0.02,0.04,-0.05,40,40,40
13.84,131.52891,10.613986,0.14307659,1.4155803,-131.52891,-10.613986,-0.14307659,-1.4155803,7.3246568,-0.56108622,OK,0,51814.141,2217.8637,0.069943082,28.052245,15,1.5,0.02,0.04,-0.05,40,40,40
13.845,131.57582,8.832438,0.15095511,1.7066794,-131.57582,-8.832438,-0.15095511,-1.7066794,7.8091597,1.35,INFEASIBLE,0,51900.702,2218.2537,0.070057019,28.066809,15,1.5,0.02,0.04,-0.05,40,40,40
13.85,131.6337,12.600947,0.15788559,1.1177082,-131.6337,-12.600947,-0.15788559,-1.1177082,7.181558,1.35,INFEASIBLE,0,51987.339,2219.0476,0.070181659,28.073055,15,1.5,0.02,0.04,-0.05,40,40,40
13.855,131.70097,13.402675,0.16128646,0.35565715,-131.70097,-13.402675,-0.16128646,-0.35565715,6.122909,-0.93839764,OK,0,52074.065,2219.9458,0.070311725,28.073688,15,1.5,0.02,0.04,-0.05,40,40,40
13.86,131.75736,10.998268,0.16432561,0.86641538,-131.75736,-10.998268,-0.16432561,-0.86641538,6.8395852,-0.61008218,OK,0,52160.865,2220.5506,0.07044674,28.077441,15,1.5,0.02,0.04,-0.05,40,40,40
13.865,131.80882,10.165176,0.16978058,1.2765505,-131.80882,-10.165176,-0.16978058,-1.2765505,7.5043179,1.35,INFEASIBLE,0,52247.733,2221.0673,0.070590867,28.085589,15,1.5,0.02,0.04,-0.05,40,40,40
13.87,131.87255,13.583713,0.17447667,0.66986857,-131.87255,-13.583713,-0.17447667,-0.66986857,6.8027525,1.35,INFEASIBLE,0,52334.685,2221.9899,0.070743078,28.087833,15,1.5,0.02,0.04,-0.05,40,40,40
13.875,131.94713,15.744007,0.17579778,-0.0075943829,-131.94713,-15.744007,-0.17579778,0.0075943829,5.894278,1.35,INFEASIBLE,0,52421.735,2223.2292,0.070897602,28.087833,15,1.5,0.02,0.04,-0.05,40,40,40
13.88,132.03636,17.472278,0.17390515,-0.71705706,-132.03636,-17.472278,-0.17390515,0.71705706,4.87261,1.35,INFEASIBLE,0,52508.903,2224.7556,0.071048817,28.090404,15,1.5,0.02,0.04,-0.05,40,40,40
13.885,132.13262,20.925739,0.16837475,-1.3398842,-132.13262,-20.925739,-0.16837475,1.3398842,3.9954769,1.35,INFEASIBLE,0,52596.198,2226.9451,0.071190567,28.09938,15,1.5,0.02,0.04,-0.05,40,40,40
13.89,132.23742,22.139164,0.15926375,-2.0830291,-132.23742,-22.139164,-0.15926375,2.0830291,2.7947275,1.35,INFEASIBLE,0,52683.632,2229.3958,0.071317392,28.121075,15,1.5,0.02,0.04,-0.05,40,40,40
13.895,132.35322,24.786855,0.14669077,-2.7537238,-132.35322,-24.786855,-0.14669077,2.7537238,1.7083145,1.35,INFEASIBLE,0,52771.219,2232.4677,0.071424983,28.15899,15,1.5,0.02,0.04,-0.05,40,40,40
13.9,132.47636,25.11978,0.13040032,-3.5617154,-132.47636,-25.11978,-0.13040032,3.5617154,0.26775017,0.26775017,INFEASIBLE,0,52858.969,2235.6227,0.071510004,28.222419,15,1.5,0.02,0.04,-0.05,40,40,40
13.905,132.59892,23.94049,0.1119686,-3.7748478,-132.59892,-23.94049,-0.1119686,3.7748478,-0.37314475,-0.37314475,INFEASIBLE,0,52946.881,2238.4885,0.071572689,28.293667,15,1.5,0.02,0.04,-0.05,40,40,40
13.91,132.7147,22.976422,0.093660235,-3.5582386,-132.7147,-22.976422,-0.093660235,3.5582386,-0.35910349,-0.35910349,INFEASIBLE,0,53034.947,2241.128,0.07161655,28.356972,15,1.5,0.02,0.04,-0.05,40,40,40
13.915,132.82674,21.99891,0.076507432,-3.3507088,-132.82674,-21.99891,-0.076507432,3.3507088,-0.34196057,-0.34196057,INFEASIBLE,0,53123.162,2243.5478,0.071645817,28.413108,15,1.5,0.02,0.04,-0.05,40,40,40
13.92,132.93678,21.662151,0.060539252,-3.1140071,-132.93678,-21.662151,-0.060539252,3.1140071,-0.23770017,-0.23770017,INFEASIBLE,0,53211.523,2245.8941,0.071664142,28.461593,15,1.5,0.02,0.04,-0.05,40,40,40
13.925,133.04478,21.425783,0.045501858,-2.9449792,-133.04478,-21.425783,-0.045501858,2.9449792,-0.21701403,-0.21701403,INFEASIBLE,0,53300.027,2248.1894,0.071674494,28.504958,15,1.5,0.02,0.04,-0.05,40,40,40
13.93,133.15078,21.206293,0.031176963,-2.7994473,-133.15078,-21.206293,-0.031176963,2.7994473,-0.22024929,-0.22024929,INFEASIBLE,0,53388.673,2250.4379,0.071679354,28.544143,15,1.5,0.02,0.04,-0.05,40,40,40
13.935,133.25578,20.850061,0.017601872,-2.6635949,-133.25578,-20.850061,-0.017601872,2.6635949,-0.23224639,-0.23224639,INFEASIBLE,0,53477.458,2252.6115,0.071680903,28.579616,15,1.5,0.02,0.04,-0.05,40,40,40
13.94,133.359,20.480758,0.004727305,-2.5214744,-133.359,-20.480758,-0.004727305,2.5214744,-0.22489157,-0.22489157,INFEASIBLE,0,53566.381,2254.7088,0.071681015,28.611405,15,1.5,0.02,0.04,-0.05,40,40,40
13.945,133.46034,19.993475,-0.0074759051,-2.3967568,-133.46034,-19.993475,0.0074759051,2.3967568,-0.238328,-0.238328,INFEASIBLE,0,53655.44,2256.7075,0.071681294,28.640128,15,1.5,0.02,0.04,-0.05,40,40,40
13.95,133.5602,19.900152,-0.01897878,-2.240336,-133.5602,-19.900152,0.01897878,2.240336,-0.17797561,-0.17797561,INFEASIBLE,0,53744.631,2258.6876,0.071683095,28.665223,15,1.5,0.02,0.04,-0.05,40,40,40
13.955,133.65862,19.61807,-0.029896572,-2.1415478,-133.65862,-19.61807,0.029896572,2.1415478,-0.20287506,-0.20287506,INFEASIBLE,0,53833.955,2260.612,0.071687564,28.688154,15,1.5,0.02,0.04,-0.05,40,40,40
13.96,133.75496,18.920229,-0.040330752,-2.0562081,-133.75496,-18.920229,0.040330752,2.0562081,-0.25736509,-0.25736509,INFEASIBLE,0,53923.407,2262.4018,0.071695697,28.709294,15,1.5,0.02,0.04,-0.05,40,40,40
13.965,133.84939,18.743718,-0.050153591,-1.9086348,-133.84939,-18.743718,0.050153591,1.9086348,-0.18851954,-0.18851954,INFEASIBLE,0,54012.985,2264.1585,0.071708274,28.727509,15,1.5,0.02,0.04,-0.05,40,40,40
13.97,133.94234,18.737888,-0.059392469,-1.7961683,-133.94234,-18.737888,0.059392469,1.7961683,-0.15677727,-0.15677727,INFEASIBLE,0,54102.688,2265.914,0.071725911,28.74364,15,1.5,0.02,0.04,-0.05,40,40,40
13.975,134.03516,18.479223,-0.068148773,-1.7232582,-134.03516,-18.479223,0.068148773,1.7232582,-0.18724684,-0.18724684,INFEASIBLE,0,54192.515,2267.6214,0.071749133,28.758488,15,1.5,0.02,0.04,-0.05,40,40,40
13.98,134.12655,18.019656,-0.076494711,-1.6398356,-134.12655,-18.019656,0.076494711,1.6398356,-0.20385692,-0.20385692,INFEASIBLE,0,54282.464,2269.245,0.07177839,28.771933,15,1.5,0.02,0.04,-0.05,40,40,40
13.985,134.21661,17.876256,-0.084379012,-1.5400386,-134.21661,-17.876256,0.084379012,1.5400386,-0.1763605,-0.1763605,INFEASIBLE,0,54372.535,2270.8428,0.071813989,28.783792,15,1.5,0.02,0.04,-0.05,40,40,40
13.99,134.3055,17.801637,-0.091825235,-1.4570704,-134.3055,-17.801637,0.091825235,1.4570704,-0.16480852,-0.16480852,INFEASIBLE,0,54462.725,2272.4273,0.071856148,28.794407,15,1.5,0.02,0.04,-0.05,40,40,40
13.995,134.39314,17.365828,-0.098905636,-1.3875346,-134.39314,-17.365828,0.098905636,1.3875346,-0.18239044,-0.18239044,INFEASIBLE,0,54553.032,2273.9351,0.07190506,28.804033,15,1.5,0.02,0.04,-0.05,40,40,40
14,134.47954,17.253987,-0.10563016,-1.3083559,-134.47954,-17.253987,0.10563016,1.3083559,-0.16723597,-0.16723597,INFEASIBLE,0,54643.456,2275.4236,0.071960849,28.812592,15,1.5,0.02,0.04,-0.05,40,40,40
14.005,134.56489,16.909594,-0.11198157,-1.2514954,-134.56489,-16.909594,0.11198157,1.2514954,-0.18928509,-0.18928509,INFEASIBLE,0,54733.995,2276.8533,0.072023548,28.820423,15,1.5,0.02,0.04,-0.05,40,40,40
14.01,134.64899,16.68533,-0.11797206,-1.1673565,-134.64899,-16.68533,0.11797206,1.1673565,-0.16022263,-0.16022263,INFEASIBLE,0,54824.646,2278.2453,0.072093135,28.827237,15,1.5,0.02,0.04,-0.05,40,40,40
14.015,134.73187,16.644949,-0.12364434,-1.1074325,-134.73187,-16.644949,0.12364434,1.1074325,-0.15537843,-0.15537843,INFEASIBLE,0,54915.41,2279.6306,0.072169575,28.833369,15,1.5,0.02,0.04,-0.05,40,40,40
14.02,134.81413,16.316477,-0.12902284,-1.052472,-134.81413,-16.316477,0.12902284,1.052472,-0.16510897,-0.16510897,INFEASIBLE,0,55006.284,2280.9617,0.072252809,28.838908,15,1.5,0.02,0.04,-0.05,40,40,40
14.025,134.89522,16.176249,-0.1341412,-0.99655865,-134.89522,-16.176249,0.1341412,0.99655865,-0.16200161,-0.16200161,INFEASIBLE,0,55097.267,2282.2701,0.072342778,28.843873,15,1.5,0.02,0.04,-0.05,40,40,40
14.03,134.97551,15.907623,-0.13898248,-0.94887769,-134.97551,-15.907623,0.13898248,0.94887769,-0.17223861,-1.3399228,OK,0,55188.359,2283.5353,0.072439359,28.848375,15,1.5,0.02,0.04,-0.05,40,40,40
14.035,135.04457,13.182718,-0.14187203,-0.28705458,-135.04457,-13.182718,0.14187203,0.28705458,0.66953772,-0.97018781,OK,0,55279.545,2284.4042,0.072539997,28.848787,15,1.5,0.02,0.04,-0.05,40,40,40
14.04,135.107,12.382507,-0.14172824,0.25942252,-135.107,-12.382507,0.14172824,-0.25942252,1.4606504,-0.86111953,OK,0,55370.814,2285.1709,0.072640432,28.849124,15,1.5,0.02,0.04,-0.05,40,40,40
14.045,135.16288,11.257177,-0.1392057,0.71083432,-135.16288,-11.257177,0.1392057,-0.71083432,2.1317107,-0.70679251,OK,0,55462.159,2285.8045,0.072737323,28.85165,15,1.5,0.02,0.04,-0.05,40,40,40
14.05,135.21548,10.141913,-0.13459545,1.067908,-135.21548,-10.141913,0.13459545,-1.067908,2.6929163,-0.55326983,OK,0,55553.575,2286.3188,0.072827903,28.857352,15,1.5,0.02,0.04,-0.05,40,40,40
14.055,135.26519,9.7503846,-0.12833848,1.368966,-135.26519,-9.7503846,0.12833848,-1.368966,3.2236911,-0.49794751,OK,0,55645.059,2286.7941,0.072910257,28.866722,15,1.5,0.02,0.04,-0.05,40,40,40
14.06,135.31248,9.0256065,-0.12071055,1.6117198,-135.31248,-9.0256065,0.12071055,-1.6117198,3.6741953,-0.39712291,OK,0,55736.606,2287.2014,0.072983112,28.879711,15,1.5,0.02,0.04,-0.05,40,40,40
14.065,135.35657,8.6890995,-0.11201301,1.8231563,-135.35657,-8.6890995,0.11201301,-1.8231563,4.1092348,-0.34901172,OK,0,55828.213,2287.5789,0.073045846,28.89633,15,1.5,0.02,0.04,-0.05,40,40,40
14.07,135.3986,8.2157686,-0.10240424,1.9912891,-135.3986,-8.2157686,0.10240424,-1.9912891,4.4874728,-0.28231891,OK,0,55919.877,2287.9164,0.073098279,28.916156,15,1.5,0.02,0.04,-0.05,40,40,40
14.075,135.43842,7.8347581,-0.092077409,2.1201074,-135.43842,-7.8347581,0.092077409,-2.1201074,4.8211588,-0.22821663,OK,0,56011.595,2288.2233,0.073140671,28.938631,15,1.5,0.02,0.04,-0.05,40,40,40
14.08,135.47669,7.530919,-0.081159479,2.2227455,-135.47669,-7.530919,0.081159479,-2.2227455,5.1274965,-0.1846251,OK,0,56103.364,2288.5069,0.073173605,28.963334,15,1.5,0.02,0.04,-0.05,40,40,40
14.085,135.51358,7.2793977,-0.069779207,2.3111865,-135.51358,-7.2793977,0.069779207,-2.3111865,5.4215392,-0.14815488,OK,0,56195.184,2288.7719,0.073197951,28.990042,15,1.5,0.02,0.04,-0.05,40,40,40
14.09,135.5494,7.0933407,-0.058029231,2.3777397,-135.5494,-7.0933407,0.058029231,-2.3777397,5.6908927,-0.12058873,OK,0,56287.052,2289.0234,0.073214788,29.01831,15,1.5,0.02,0.04,-0.05,40,40,40
14.095,135.58432,6.8864725,-0.045982154,2.4292165,-135.58432,-6.8864725,0.045982154,-2.4292165,5.9412378,-0.090233665,OK,0,56378.968,2289.2606,0.073225359,29.047815,15,1.5,0.02,0.04,-0.05,40,40,40
14.1,135.61856,6.804056,-0.033699182,2.473086,-135.61856,-6.804056,0.033699182,-2.473086,6.1886747,-0.076720155,OK,0,56470.93,2289.492,0.073231038,29.078396,15,1.5,0.02,0.04,-0.05,40,40,40
14.105,135.65218,6.6809497,-0.021218839,2.5119618,-135.65218,-6.6809497,0.021218839,-2.5119618,6.4299418,-0.057709725,OK,0,56562.937,2289.7152,0.073233289,29.109946,15,1.5,0.02,0.04,-0.05,40,40,40
14.11,135.68536,6.60197,-0.0085735566,2.5411207,-135.68536,-6.60197,0.0085735566,-2.5411207,6.6608637,-0.044666499,OK,0,56654.99,2289.9331,0.073233656,29.142232,15,1.5,0.02,0.04,-0.05,40,40,40
14.115,135.71813,6.5320838,0.0042114534,2.5670347,-135.71813,-6.5320838,-0.0042114534,-2.5670347,6.8893699,-0.032849299,OK,0,56747.087,2290.1465,0.073233745,29.175181,15,1.5,0.02,0.04,-0.05,40,40,40
14.12,135.75061,6.467382,0.017120253,2.5927089,-135.75061,-6.467382,-0.017120253,-2.5927089,7.1195746,-0.021729343,OK,0,56839.228,2290.3556,0.073235211,29.208791,15,1.5,0.02,0.04,-0.05,40,40,40
14.125,135.78286,6.4406992,0.030133882,2.6090698,-135.78286,-6.4406992,-0.030133882,-2.6090698,7.338898,-0.015740219,OK,0,56931.413,2290.563,0.073239751,29.242827,15,1.5,0.02,0.04,-0.05,40,40,40
14.13,135.81488,6.3879957,0.043264029,2.6344572,-135.81488,-6.3879957,-0.043264029,-2.6344572,7.5724636,-0.0062349208,OK,0,57023.641,2290.7671,0.07324911,29.277529,15,1.5,0.02,0.04,-0.05,40,40,40
14.135,135.84677,6.3682728,0.056483296,2.6518948,-135.84677,-6.3682728,-0.056483296,-2.6518948,7.796758,-0.001181422,OK,0,57115.913,2290.9698,0.073265061,29.312692,15,1.5,0.02,0.04,-0.05,40,40,40
14.14,135.8785,6.3437674,0.069816708,2.6731015,-135.8785,-6.3437674,-0.069816708,-2.6731015,8.0282236,0.0045173125,OK,0,57208.228,2291.1711,0.073289433,29.348419,15,1.5,0.02,0.04,-0.05,40,40,40
14.145,135.91013,6.3110254,0.083259904,2.699928,-135.91013,-6.3110254,-0.083259904,-2.699928,8.2694343,0.011321753,OK,0,57300.586,2291.3702,0.073324094,29.384867,15,1.5,0.02,0.04,-0.05,40,40,40
14.15,135.94169,6.315161,0.096801474,2.713442,-135.94169,-6.315161,-0.096801474,-2.713442,8.4936254,0.013151867,OK,0,57392.987,2291.5696,0.073370947,29.421681,15,1.5,0.02,0.04,-0.05,40,40,40
14.155,135.97317,6.2879447,0.11047701,2.7450728,-135.97317,-6.2879447,-0.11047701,-2.7450728,8.7457455,0.019190628,OK,0,57485.43,2291.7673,0.073431973,29.459358,15,1.5,0.02,0.04,-0.05,40,40,40
14.16,136.00462,6.2732121,0.12426365,2.7776669,-136.00462,-6.2732121,-0.12426365,-2.7776669,9.0014759,1.35,INFEASIBLE,0,57577.916,2291.9641,0.07350918,29.497936,15,1.5,0.02,0.04,-0.05,40,40,40
14.165,136.04657,10.114305,0.13625316,2.1617987,-136.04657,-10.114305,-0.13625316,-2.1617987,8.4119992,1.35,INFEASIBLE,0,57670.46,2292.4756,0.073602005,29.521302,15,1.5,0.02,0.04,-0.05,40,40,40
14.17,136.10093,12.423333,0.14482206,1.4707284,-136.10093,-12.423333,-0.14482206,-1.4707284,7.5973754,1.35,INFEASIBLE,0,57763.077,2293.2473,0.073706872,29.532118,15,1.5,0.02,0.04,-0.05,40,40,40
14.175,136.16396,13.303036,0.14979736,0.70884588,-136.16396,-13.303036,-0.14979736,-0.70884588,6.5656298,-0.92598201,OK,0,57855.78,2294.1321,0.073819068,29.53463,15,1.5,0.02,0.04,-0.05,40,40,40
14.18,136.21747,9.817204,0.15444644,1.142106,-136.21747,-9.817204,-0.15444644,-1.142106,7.1468933,-0.4504472,OK,0,57948.556,2294.614,0.073938337,29.541152,15,1.5,0.02,0.04,-0.05,40,40,40
14.185,136.26617,9.5315796,0.16119315,1.4807041,-136.26617,-9.5315796,-0.16119315,-1.4807041,7.7455399,1.35,INFEASIBLE,0,58041.398,2295.0683,0.074068253,29.552114,15,1.5,0.02,0.04,-0.05,40,40,40
14.19,136.3258,12.678501,0.1668488,0.85650385,-136.3258,-12.678501,-0.1668488,-0.85650385,7.0211438,1.35,INFEASIBLE,0,58134.322,2295.872,0.074207445,29.555782,15,1.5,0.02,0.04,-0.05,40,40,40
14.195,136.39771,15.701545,0.16917029,0.21378634,-136.39771,-15.701545,-0.16917029,-0.21378634,6.2142498,1.35,INFEASIBLE,0,58227.344,2297.1047,0.074350538,29.556011,15,1.5,0.02,0.04,-0.05,40,40,40
14.2,136.47871,17.870473,0.16797813,-0.47017461,-136.47871,-17.870473,-0.16797813,0.47017461,5.2588031,1.35,INFEASIBLE,0,58320.476,2298.7014,0.074491622,29.557116,15,1.5,0.02,0.04,-0.05,40,40,40
14.205,136.57084,20.218852,0.1633538,-1.1521339,-136.57084,-20.218852,-0.1633538,1.1521339,4.262277,1.35,INFEASIBLE,0,58413.734,2300.7454,0.074625044,29.563753,15,1.5,0.02,0.04,-0.05,40,40,40
14.21,136.66839,20.756611,0.15497504,-1.9295643,-136.66839,-20.756611,-0.15497504,1.9295643,2.9939114,1.35,INFEASIBLE,0,58507.125,2302.8996,0.07474513,29.582369,15,1.5,0.02,0.04,-0.05,40,40,40
14.215,136.77924,23.019004,0.14326862,-2.6203491,-136.77924,-23.019004,-0.14326862,2.6203491,1.8748504,1.35,INFEASIBLE,0,58600.668,2305.549,0.07484776,29.616701,15,1.5,0.02,0.04,-0.05,40,40,40
14.22,136.90129,25.545849,0.12807978,-3.303786,-136.90129,-25.545849,-0.12807978,3.303786,0.7253774,0.7253774,INFEASIBLE,0,58694.378,2308.812,0.074929782,29.671276,15,1.5,0.02,0.04,-0.05,40,40,40
14.225,137.02475,24.565671,0.10997986,-3.8053893,-137.02475,-24.565671,-0.10997986,3.8053893,-0.33526411,-0.33526411,INFEASIBLE,0,58788.257,2311.8293,0.07499026,29.743681,15,1.5,0.02,0.04,-0.05,40,40,40
14.23,137.14129,22.681108,0.091313435,-3.6686191,-137.14129,-22.681108,-0.091313435,3.6686191,-0.48315714,-0.48315714,INFEASIBLE,0,58882.295,2314.4015,0.07503195,29.810974,15,1.5,0.02,0.04,-0.05,40,40,40
14.235,137.25145,21.693192,0.073807698,-3.3827977,-137.25145,-21.693192,-0.073807698,3.3827977,-0.35432449,-0.35432449,INFEASIBLE,0,58976.485,2316.7545,0.075059188,29.868191,15,1.5,0.02,0.04,-0.05,40,40,40
14.24,137.35891,21.471203,0.057616865,-3.1357035,-137.35891,-21.471203,-0.057616865,3.1357035,-0.23327586,-0.23327586,INFEASIBLE,0,59070.822,2319.0595,0.075075787,29.917354,15,1.5,0.02,0.04,-0.05,40,40,40
14.245,137.46582,21.390441,0.042447303,-2.9606211,-137.46582,-21.390441,-0.042447303,2.9606211,-0.19928805,-0.19928805,INFEASIBLE,0,59165.307,2321.3473,0.075084796,29.961181,15,1.5,0.02,0.04,-0.05,40,40,40
14.25,137.57142,21.142524,0.027986113,-2.8305037,-137.57142,-21.142524,-0.027986113,2.8305037,-0.22883451,-0.22883451,INFEASIBLE,0,59259.936,2323.5823,0.075088712,30.001239,15,1.5,0.02,0.04,-0.05,40,40,40
14.255,137.67511,20.482338,0.014195172,-2.7111546,-137.67511,-20.482338,-0.014195172,2.7111546,-0.28100861,-0.28100861,INFEASIBLE,0,59354.708,2325.6799,0.075089719,30.037991,15,1.5,0.02,0.04,-0.05,40,40,40
14.26,137.7769,20.080892,0.0012058512,-2.5382223,-137.7769,-20.080892,-0.0012058512,2.5382223,-0.23047201,-0.23047201,INFEASIBLE,0,59449.621,2327.6961,0.075089727,30.070204,15,1.5,0.02,0.04,-0.05,40,40,40
14.265,137.87657,19.8043,-0.01105461,-2.3968218,-137.87657,-19.8043,0.01105461,2.3968218,-0.21134848,-0.21134848,INFEASIBLE,0,59544.671,2329.6572,0.075090338,30.098928,15,1.5,0.02,0.04,-0.05,40,40,40
14.27,137.97428,19.529637,-0.022700414,-2.2739709,-137.97428,-19.529637,0.022700414,2.2739709,-0.2107915,-0.2107915,INFEASIBLE,0,59639.855,2331.5642,0.075092914,30.124782,15,1.5,0.02,0.04,-0.05,40,40,40
14.275,138.07148,19.374949,-0.033680613,-2.1444682,-138.07148,-19.374949,0.033680613,2.1444682,-0.18548389,-0.18548389,INFEASIBLE,0,59735.174,2333.4412,0.075098586,30.147776,15,1.5,0.02,0.04,-0.05,40,40,40
14.28,138.16727,19.036727,-0.044123684,-2.0503036,-138.16727,-19.036727,0.044123684,2.0503036,-0.21249621,-0.21249621,INFEASIBLE,0,59830.625,2335.2532,0.075108321,30.168795,15,1.5,0.02,0.04,-0.05,40,40,40
14.285,138.26116,18.624623,-0.054064777,-1.9475237,-138.26116,-18.624623,0.054064777,1.9475237,-0.22204919,-0.22204919,INFEASIBLE,0,59926.205,2336.9875,0.075122936,30.187759,15,1.5,0.02,0.04,-0.05,40,40,40
14.29,138.35397,18.305423,-0.063420412,-1.8317428,-138.35397,-18.305423,0.063420412,1.8317428,-0.19962398,-0.19962398,INFEASIBLE,0,60021.914,2338.663,0.075143046,30.204536,15,1.5,0.02,0.04,-0.05,40,40,40
14.295,138.44541,18.212325,-0.072233941,-1.721351,-138.44541,-18.212325,0.072233941,1.721351,-0.16813443,-0.16813443,INFEASIBLE,0,60117.75,2340.3214,0.075169135,30.219351,15,1.5,0.02,0.04,-0.05,40,40,40
14.3,138.53551,17.91693,-0.080619578,-1.6508135,-138.53551,-17.91693,0.080619578,1.6508135,-0.19812648,-0.19812648,INFEASIBLE,0,60213.711,2341.9265,0.075201633,30.232977,15,1.5,0.02,0.04,-0.05,40,40,40
14.305,138.62379,17.533074,-0.088598387,-1.559258,-138.62379,-17.533074,0.088598387,1.559258,-0.19406414,-0.19406414,INFEASIBLE,0,60309.793,2343.4636,0.075240881,30.245133,15,1.5,0.02,0.04,-0.05,40,40,40
14.31,138.71069,17.420099,-0.096131846,-1.4692902,-138.71069,-17.420099,0.096131846,1.4692902,-0.17489525,-0.17489525,INFEASIBLE,0,60405.997,2344.9809,0.075287088,30.255927,15,1.5,0.02,0.04,-0.05,40,40,40
14.315,138.79637,17.116254,-0.10324356,-1.382799,-138.79637,-17.116254,0.10324356,1.382799,-0.16227444,-0.16227444,INFEASIBLE,0,60502.319,2346.4457,0.075340384,30.265488,15,1.5,0.02,0.04,-0.05,40,40,40
14.32,138.88154,16.986894,-0.11001628,-1.3309152,-138.88154,-16.986894,0.11001628,1.3309152,-0.18951046,-0.18951046,INFEASIBLE,0,60598.759,2347.8885,0.075400902,30.274345,15,1.5,0.02,0.04,-0.05,40,40,40
14.325,138.96524,16.668766,-0.11643444,-1.2465986,-138.96524,-16.668766,0.11643444,1.2465986,-0.1703591,-0.1703591,INFEASIBLE,0,60695.316,2349.2777,0.075468687,30.282115,15,1.5,0.02,0.04,-0.05,40,40,40
14.33,139.04807,16.435508,-0.12248939,-1.1881904,-139.04807,-16.435508,0.12248939,1.1881904,-0.18124469,-0.18124469,INFEASIBLE,0,60791.988,2350.6283,0.075543705,30.289174,15,1.5,0.02,0.04,-0.05,40,40,40
14.335,139.12934,16.197091,-0.12821054,-1.1227416,-139.12934,-16.197091,0.12821054,1.1227416,-0.17680001,-0.17680001,INFEASIBLE,0,60888.773,2351.9401,0.075625895,30.295476,15,1.5,0.02,0.04,-0.05,40,40,40
14.34,139.20969,15.953625,-0.13361543,-1.0531701,-139.20969,-15.953625,0.13361543,1.0531701,-0.16164764,-1.3441668,OK,0,60985.669,2353.2126,0.07571516,30.301022,15,1.5,0.02,0.04,-0.05,40,40,40
14.345,139.27887,13.072843,-0.13701233,-0.39421811,-139.27887,-13.072843,0.13701233,0.39421811,0.66197911,-0.95364264,OK,0,61082.662,2354.0671,0.075809022,30.301799,15,1.5,0.02,0.04,-0.05,40,40,40
14.35,139.33891,11.743805,-0.1375215,0.1136771,-139.33891,-11.743805,0.1375215,-0.1136771,1.3642236,-0.77289115,OK,0,61179.739,2354.7567,0.075903583,30.301864,15,1.5,0.02,0.04,-0.05,40,40,40
14.355,139.39527,11.04,-0.13568213,0.54040463,-139.39527,-11.04,0.13568213,-0.54040463,2.0048805,-0.67635381,OK,0,61276.894,2355.3661,0.075995631,30.303324,15,1.5,0.02,0.04,-0.05,40,40,40
14.36,139.44847,10.414781,-0.13188261,0.90784572,-139.44847,-10.414781,0.13188261,-0.90784572,2.58909,-0.58988511,OK,0,61374.124,2355.9085,0.076082596,30.307445,15,1.5,0.02,0.04,-0.05,40,40,40
14.365,139.49835,9.5478052,-0.1264259,1.2063442,-139.49835,-9.5478052,0.1264259,-1.2063442,3.0850071,-0.47015042,OK,0,61471.423,2356.3643,0.076162514,30.314721,15,1.5,0.02,0.04,-0.05,40,40,40
14.37,139.54541,9.2337961,-0.11961069,1.4581933,-139.54541,-9.2337961,0.11961069,-1.4581933,3.5533896,-0.42541542,OK,0,61568.787,2356.7906,0.076234047,30.325353,15,1.5,0.02,0.04,-0.05,40,40,40
14.375,139.58998,8.6755308,-0.1116692,1.6681935,-139.58998,-8.6755308,0.1116692,-1.6681935,3.966073,-0.34736215,OK,0,61666.214,2357.1669,0.076296397,30.339267,15,1.5,0.02,0.04,-0.05,40,40,40
14.38,139.6327,8.3647889,-0.10275694,1.8500749,-139.6327,-8.3647889,0.10275694,-1.8500749,4.3610039,-0.3028692,OK,0,61763.7,2357.5168,0.076349192,30.356381,15,1.5,0.02,0.04,-0.05,40,40,40
14.385,139.67313,7.8606766,-0.093077855,1.9907754,-139.67313,-7.8606766,0.093077855,-1.9907754,4.6978849,-0.23216141,OK,0,61861.243,2357.8257,0.07639251,30.376197,15,1.5,0.02,0.04,-0.05,40,40,40
14.39,139.71183,7.6295796,-0.082774948,2.1060773,-139.71183,-7.6295796,0.082774948,-2.1060773,5.0169115,-0.19850765,OK,0,61958.84,2358.1168,0.076426768,30.398375,15,1.5,0.02,0.04,-0.05,40,40,40
14.395,139.74914,7.3590395,-0.071978718,2.194181,-139.74914,-7.3590395,0.071978718,-2.194181,5.3009352,-0.15954282,OK,0,62056.489,2358.3875,0.076452673,30.422447,15,1.5,0.02,0.04,-0.05,40,40,40
14.4,139.78532,7.143397,-0.060778338,2.2689522,-139.78532,-7.143397,0.060778338,-2.2689522,5.5731954,-0.12803285,OK,0,62154.189,2358.6427,0.076471143,30.448188,15,1.5,0.02,0.04,-0.05,40,40,40
14.405,139.82052,6.9693933,-0.049257756,2.3284531,-139.82052,-6.9693933,0.049257756,-2.3284531,5.8289994,-0.10217981,OK,0,62251.938,2358.8855,0.076483274,30.475296,15,1.5,0.02,0.04,-0.05,40,40,40
14.41,139.85495,6.8280695,-0.037477218,2.3745722,-139.85495,-6.8280695,0.037477218,-2.3745722,6.0699219,-0.080761171,OK,0,62349.735,2359.1187,0.076490297,30.503489,15,1.5,0.02,0.04,-0.05,40,40,40
14.415,139.88875,6.7087742,-0.025487462,2.4138202,-139.88875,-6.7087742,0.025487462,-2.4138202,6.3045442,-0.062325382,OK,0,62447.579,2359.3437,0.076493545,30.532622,15,1.5,0.02,0.04,-0.05,40,40,40
14.42,139.92204,6.6194596,-0.01332322,2.4459218,-139.92204,-6.6194596,0.01332322,-2.4459218,6.5322536,-0.047942595,OK,0,62545.47,2359.5628,0.076494433,30.562534,15,1.5,0.02,0.04,-0.05,40,40,40
14.425,139.95494,6.553072,-0.0010206212,2.4713256,-139.95494,-6.553072,0.0010206212,-2.4713256,6.7529007,-0.036656356,OK,0,62643.407,2359.7775,0.076494438,30.593072,15,1.5,0.02,0.04,-0.05,40,40,40
14.43,139.98749,6.4897881,0.011414103,2.4958088,-139.98749,-6.4897881,-0.011414103,-2.4958088,6.9742661,-0.025783197,OK,0,62741.39,2359.9881,0.076495089,30.624217,15,1.5,0.02,0.04,-0.05,40,40,40
14.435,140.01977,6.4358183,0.023963575,2.5198701,-140.01977,-6.4358183,-0.023963575,-2.5198701,7.1970868,-0.016163846,OK,0,62839.417,2360.1952,0.076497961,30.655966,15,1.5,0.02,0.04,-0.05,40,40,40
14.44,140.05185,6.3971941,0.03661142,2.5384781,-140.05185,-6.3971941,-0.03661142,-2.5384781,7.4138133,-0.0086118385,OK,0,62937.49,2360.3998,0.076504663,30.688185,15,1.5,0.02,0.04,-0.05,40,40,40
14.445,140.08376,6.3694774,0.049362529,2.5579231,-140.08376,-6.3694774,-0.049362529,-2.5579231,7.633777,-0.0025300784,OK,0,63035.607,2360.6027,0.076516846,30.7209,15,1.5,0.02,0.04,-0.05,40,40,40
14.45,140.11557,6.3507364,0.062198911,2.5753866,-140.11557,-6.3507364,-0.062198911,-2.5753866,7.8524044,0.0023404911,OK,0,63133.769,2360.8043,0.076536189,30.754063,15,1.5,0.02,0.04,-0.05,40,40,40
14.455,140.14723,6.3279384,0.075152627,2.5968931,-140.14723,-6.3279384,-0.075152627,-2.5968931,8.0786912,0.0077590624,OK,0,63231.975,2361.0045,0.076564429,30.787782,15,1.5,0.02,0.04,-0.05,40,40,40
14.46,140.17882,6.3058154,0.088204749,2.6229224,-140.17882,-6.3058154,-0.088204749,-2.6229224,8.3132638,0.01307641,OK,0,63330.226,2361.2033,0.076603329,30.822181,15,1.5,0.02,0.04,-0.05,40,40,40
14.465,140.21032,6.2902823,0.10136873,2.6440483,-140.21032,-6.2902823,-0.10136873,-2.6440483,8.5424213,0.017509489,OK,0,63428.52,2361.4012,0.076654707,30.857136,15,1.5,0.02,0.04,-0.05,40,40,40
14.47,140.24177,6.2826159,0.11465977,2.6675104,-140.24177,-6.2826159,-0.11465977,-2.6675104,8.7773021,0.020868435,OK,0,63526.859,2361.5985,0.076720442,30.892714,15,1.5,0.02,0.04,-0.05,40,40,40
14.475,140.27318,6.2770216,0.12806196,2.6918575,-140.27318,-6.2770216,-0.12806196,-2.6918575,9.01526,1.35,INFEASIBLE,0,63625.242,2361.7955,0.076802441,30.928944,15,1.5,0.02,0.04,-0.05,40,40,40
14.48,140.31457,9.944985,0.1396484,2.0783112,-140.31457,-9.944985,-0.1396484,-2.0783112,8.4162835,1.35,INFEASIBLE,0,63723.683,2362.2901,0.076899949,30.950541,15,1.5,0.02,0.04,-0.05,40,40,40
14.485,140.36876,12.198118,0.14783879,1.3851679,-140.36876,-12.198118,-0.14783879,-1.3851679,7.5906337,1.35,INFEASIBLE,0,63822.2,2363.034,0.077009231,30.960135,15,1.5,0.02,0.04,-0.05,40,40,40
14.49,140.43326,15.185154,0.15252261,0.73526463,-140.43326,-15.185154,-0.15252261,-0.73526463,6.8068075,1.35,INFEASIBLE,0,63920.807,2364.187,0.077125547,30.962838,15,1.5,0.02,0.04,-0.05,40,40,40
14.495,140.50514,14.334902,0.15353804,-0.12001651,-140.50514,-14.334902,-0.15353804,0.12001651,5.5065446,-1.0661327,OK,0,64019.516,2365.2144,0.077243416,30.96291,15,1.5,0.02,0.04,-0.05,40,40,40
14.5,140.56364,11.172219,0.15427779,0.42461655,-140.56364,-11.172219,-0.15427779,-0.42461655,6.2092532,-0.63460457,OK,0,64118.306,2365.8385,0.077362425,30.963811,15,1.5,0.02,0.04,-0.05,40,40,40
14.505,140.61564,10.660397,0.15753548,0.86684354,-140.61564,-10.660397,-0.15753548,-0.86684354,6.9020262,-0.56474543,OK,0,64217.17,2366.4067,0.077486512,30.967568,15,1.5,0.02,0.04,-0.05,40,40,40
14.51,140.66561,9.4130473,0.16289217,1.1969241,-140.66561,-9.4130473,-0.16289217,-1.1969241,7.4286027,-0.39417301,OK,0,64316.104,2366.8498,0.077619181,30.974732,15,1.5,0.02,0.04,-0.05,40,40,40
14.515,140.71417,9.5032836,0.16999629,1.5293548,-140.71417,-9.5032836,-0.16999629,-1.5293548,8.0383913,1.35,INFEASIBLE,0,64415.107,2367.3013,0.077763675,30.986426,15,1.5,0.02,0.04,-0.05,40,40,40
14.52,140.77487,14.068924,0.176039,0.99161032,-140.77487,-14.068924,-0.176039,-0.99161032,7.5062548,1.35,INFEASIBLE,0,64514.195,2368.291,0.077918623,30.991343,15,1.5,0.02,0.04,-0.05,40,40,40
14.525,140.84597,15.041359,0.17864712,0.24454249,-140.84597,-15.041359,-0.17864712,-0.24454249,6.4650943,1.35,INFEASIBLE,0,64613.382,2369.4222,0.078078197,30.991642,15,1.5,0.02,0.04,-0.05,40,40,40
14.53,140.92686,16.830431,0.177802,-0.45376108,-140.92686,-16.830431,-0.177802,0.45376108,5.4781429,1.35,INFEASIBLE,0,64712.684,2370.8385,0.078236265,30.992671,15,1.5,0.02,0.04,-0.05,40,40,40
14.535,141.01694,19.695208,0.17344447,-1.1047507,-141.01694,-19.695208,-0.17344447,1.1047507,4.5526881,1.35,INFEASIBLE,0,64812.113,2372.778,0.07838668,30.998774,15,1.5,0.02,0.04,-0.05,40,40,40
14.54,141.11459,20.486116,0.16544398,-1.8725355,-141.11459,-20.486116,-0.16544398,1.8725355,3.3145928,1.35,INFEASIBLE,0,64911.68,2374.8764,0.078523539,31.016305,15,1.5,0.02,0.04,-0.05,40,40,40
14.545,141.22162,21.928098,0.15389027,-2.6083173,-141.22162,-21.928098,-0.15389027,2.6083173,2.0974345,1.35,INFEASIBLE,0,65011.398,2377.2806,0.07864195,31.050322,15,1.5,0.02,0.04,-0.05,40,40,40
14.55,141.33837,24.201712,0.13878136,-3.3044854,-141.33837,-24.201712,-0.13878136,3.3044854,0.91982811,0.91982811,INFEASIBLE,0,65111.28,2380.2093,0.078738251,31.10492,15,1.5,0.02,0.04,-0.05,40,40,40
14.555,141.46029,24.579164,0.12064916,-3.8382101,-141.46029,-24.579164,-0.12064916,3.8382101,-0.13520542,-0.13520542,INFEASIBLE,0,65211.335,2383.2299,0.078811032,31.178579,15,1.5,0.02,0.04,-0.05,40,40,40
14.56,141.57821,23.537419,0.10150509,-3.7729557,-141.57821,-23.537419,-0.10150509,3.7729557,-0.3637962,-0.3637962,INFEASIBLE,0,65311.557,2386,0.078862548,31.249755,15,1.5,0.02,0.04,-0.05,40,40,40
14.565,141.6931,22.691902,0.083236562,-3.5636803,-141.6931,-22.691902,-0.083236562,3.5636803,-0.35543395,-0.35543395,INFEASIBLE,0,65411.942,2388.5746,0.07889719,31.313255,15,1.5,0.02,0.04,-0.05,40,40,40
14.57,141.80548,22.081713,0.066154535,-3.3406913,-141.80548,-22.081713,-0.066154535,3.3406913,-0.2993409,-0.2993409,INFEASIBLE,0,65512.486,2391.0126,0.078919072,31.369056,15,1.5,0.02,0.04,-0.05,40,40,40
14.575,141.9145,21.278434,0.050075577,-3.1649808,-141.9145,-21.278434,-0.050075577,3.1649808,-0.30691011,-0.30691011,INFEASIBLE,0,65613.185,2393.2765,0.07893161,31.419141,15,1.5,0.02,0.04,-0.05,40,40,40
14.58,142.02168,21.522836,0.034972341,-2.9186009,-142.02168,-21.522836,-0.034972341,2.9186009,-0.15196917,-0.15196917,INFEASIBLE,0,65714.035,2395.5926,0.078937725,31.461732,15,1.5,0.02,0.04,-0.05,40,40,40
14.585,142.1278,21.101827,0.020611684,-2.8334663,-142.1278,-21.101827,-0.020611684,2.8334663,-0.25439516,-0.25439516,INFEASIBLE,0,65815.037,2397.8191,0.07893985,31.501875,15,1.5,0.02,0.04,-0.05,40,40,40
14.59,142.23209,20.903523,0.0069050602,-2.6658926,-142.23209,-20.903523,-0.0069050602,2.6658926,-0.21448023,-0.21448023,INFEASIBLE,0,65916.187,2400.0038,0.078940088,31.53741,15,1.5,0.02,0.04,-0.05,40,40,40
14.595,142.33498,20.581675,-0.0060916253,-2.5379094,-142.33498,-20.581675,0.0060916253,2.5379094,-0.2282719,-0.2282719,INFEASIBLE,0,66017.483,2402.1219,0.078940273,31.569615,15,1.5,0.02,0.04,-0.05,40,40,40
14.6,142.43526,20.236639,-0.018493848,-2.4047406,-142.43526,-20.236639,0.018493848,2.4047406,-0.22634782,-0.22634782,INFEASIBLE,0,66118.922,2404.1695,0.078941984,31.598529,15,1.5,0.02,0.04,-0.05,40,40,40
14.605,142.53357,19.285778,-0.030255,-2.3167751,-142.53357,-19.285778,0.030255,2.3167751,-0.30688504,-0.30688504,INFEASIBLE,0,66220.501,2406.0292,0.07894656,31.625366,15,1.5,0.02,0.04,-0.05,40,40,40
14.61,142.63079,19.217706,-0.041200825,-2.1244669,-142.63079,-19.217706,0.041200825,2.1244669,-0.18338868,-0.18338868,INFEASIBLE,0,66322.219,2407.8758,0.078955048,31.647933,15,1.5,0.02,0.04,-0.05,40,40,40
14.615,142.72665,19.050056,-0.05149413,-2.0218714,-142.72665,-19.050056,0.05149413,2.0218714,-0.1886837,-0.1886837,INFEASIBLE,0,66424.073,2409.6903,0.078968306,31.668373,15,1.5,0.02,0.04,-0.05,40,40,40
14.62,142.82119,18.928564,-0.061300815,-1.9213711,-142.82119,-18.928564,0.061300815,1.9213711,-0.18800251,-0.18800251,INFEASIBLE,0,66526.063,2411.4818,0.078987095,31.686831,15,1.5,0.02,0.04,-0.05,40,40,40
14.625,142.91428,18.508834,-0.070657358,-1.8328388,-142.91428,-18.508834,0.070657358,1.8328388,-0.2104796,-0.2104796,INFEASIBLE,0,66628.185,2413.1947,0.079012057,31.703627,15,1.5,0.02,0.04,-0.05,40,40,40
14.63,143.00601,18.105422,-0.079515817,-1.7352321,-143.00601,-18.105422,0.079515817,1.7352321,-0.21124839,-0.21124839,INFEASIBLE,0,66730.439,2414.8337,0.079043671,31.718682,15,1.5,0.02,0.04,-0.05,40,40,40
14.635,143.09577,17.644105,-0.087907915,-1.6474401,-143.09577,-17.644105,0.087907915,1.6474401,-0.22209935,-0.22209935,INFEASIBLE,0,66832.821,2416.3903,0.07908231,31.732253,15,1.5,0.02,0.04,-0.05,40,40,40
14.64,143.18352,17.299389,-0.095800393,-1.5402045,-143.18352,-17.299389,0.095800393,1.5402045,-0.19166682,-0.19166682,INFEASIBLE,0,66935.328,2417.8866,0.079128199,31.744114,15,1.5,0.02,0.04,-0.05,40,40,40
14.645,143.27091,17.266135,-0.1031865,-1.4498981,-143.27091,-17.266135,0.1031865,1.4498981,-0.16658096,-0.16658096,INFEASIBLE,0,67037.961,2419.3772,0.079181436,31.754625,15,1.5,0.02,0.04,-0.05,40,40,40
14.65,143.35696,17.284327,-0.11020425,-1.3774358,-143.35696,-17.284327,0.11020425,1.3774358,-0.16070503,-0.16070503,INFEASIBLE,0,67140.717,2420.8709,0.079242161,31.764112,15,1.5,0.02,0.04,-0.05,40,40,40
14.655,143.44208,16.872045,-0.11690204,-1.31369,-143.44208,-16.872045,0.11690204,1.31369,-0.18034219,-0.18034219,INFEASIBLE,0,67243.595,2422.2943,0.079310491,31.772741,15,1.5,0.02,0.04,-0.05,40,40,40
14.66,143.5262,16.757303,-0.12327379,-1.2442269,-143.5262,-16.757303,0.12327379,1.2442269,-0.17463103,-0.17463103,INFEASIBLE,0,67346.594,2423.6983,0.079386474,31.780481,15,1.5,0.02,0.04,-0.05,40,40,40
14.665,143.6087,16.314435,-0.12930463,-1.1815566,-143.6087,-16.314435,0.12930463,1.1815566,-0.18715304,-0.18715304,INFEASIBLE,0,67449.712,2425.0291,0.079470072,31.787461,15,1.5,0.02,0.04,-0.05,40,40,40
14.67,143.6904,16.213002,-0.13502416,-1.1165143,-143.6904,-16.213002,0.13502416,1.1165143,-0.17780585,-0.17780585,INFEASIBLE,0,67552.946,2426.3434,0.07956123,31.793694,15,1.5,0.02,0.04,-0.05,40,40,40
14.675,143.77073,15.924126,-0.14039743,-1.0524139,-143.77073,-15.924126,0.14039743,1.0524139,-0.17220282,-1.3425444,OK,0,67656.296,2427.6113,0.079659787,31.799232,15,1.5,0.02,0.04,-0.05,40,40,40
14.68,143.83999,13.152924,-0.14379746,-0.39155754,-143.83999,-13.152924,0.14379746,0.39155754,0.65861851,-0.9666951,OK,0,67759.746,2428.4763,0.079763175,31.799999,15,1.5,0.02,0.04,-0.05,40,40,40
14.685,143.89836,12.08575,-0.14439358,0.14013243,-143.89836,-12.08575,0.14439358,-0.14013243,1.4056922,-0.82151859,OK,0,67863.28,2429.2066,0.079867423,31.800097,15,1.5,0.02,0.04,-0.05,40,40,40
14.69,143.95452,10.87792,-0.14245597,0.56381194,-143.95452,-10.87792,0.14245597,-0.56381194,2.0230855,-0.65615771,OK,0,67966.894,2429.7983,0.079968891,31.801686,15,1.5,0.02,0.04,-0.05,40,40,40
14.695,144.00794,10.577651,-0.13852578,0.9360648,-144.00794,-10.577651,0.13852578,-0.9360648,2.6294754,-0.61381526,OK,0,68070.586,2430.3577,0.080064838,31.806068,15,1.5,0.02,0.04,-0.05,40,40,40
14.7,144.05789,9.7335419,-0.13293222,1.2453473,-144.05789,-9.7335419,0.13293222,-1.2453473,3.144537,-0.49700338,OK,0,68174.349,2430.8314,0.080153193,31.813822,15,1.5,0.02,0.04,-0.05,40,40,40
14.705,144.10519,9.2470478,-0.12591962,1.5031688,-144.10519,-9.2470478,0.12591962,-1.5031688,3.6179445,-0.42866267,OK,0,68278.181,2431.259,0.080232472,31.82512,15,1.5,0.02,0.04,-0.05,40,40,40
14.71,144.14998,8.7495484,-0.11773558,1.7162698,-144.14998,-8.7495484,0.11773558,-1.7162698,4.0413526,-0.35872296,OK,0,68382.077,2431.6417,0.08030178,31.839848,15,1.5,0.02,0.04,-0.05,40,40,40
14.715,144.1922,8.1746844,-0.10861265,1.88819,-144.1922,-8.1746844,0.10861265,-1.88819,4.4139267,-0.27827743,OK,0,68486.034,2431.9759,0.080360764,31.857674,15,1.5,0.02,0.04,-0.05,40,40,40
14.72,144.23227,7.8832266,-0.098762737,2.0258996,-144.23227,-7.8832266,0.098762737,-2.0258996,4.7573828,-0.23635733,OK,0,68590.048,2432.2866,0.080409534,31.878195,15,1.5,0.02,0.04,-0.05,40,40,40
14.725,144.27077,7.5760027,-0.088325567,2.1302858,-144.27077,-7.5760027,0.088325567,-2.1302858,5.0590008,-0.19234435,OK,0,68694.119,2432.5736,0.080448541,31.900886,15,1.5,0.02,0.04,-0.05,40,40,40
14.73,144.30789,7.321037,-0.077410483,2.2167052,-144.30789,-7.321037,0.077410483,-2.2167052,5.3428998,-0.15544907,OK,0,68798.243,2432.8415,0.080478503,31.925455,15,1.5,0.02,0.04,-0.05,40,40,40
14.735,144.34387,7.115128,-0.066123224,2.2862577,-144.34387,-7.115128,0.066123224,-2.2862577,5.6090208,-0.12523319,OK,0,68902.418,2433.0947,0.080500365,31.95159,15,1.5,0.02,0.04,-0.05,40,40,40
14.74,144.37892,6.9396821,-0.054535312,2.340866,-144.37892,-6.9396821,0.054535312,-2.340866,5.8584349,-0.099167941,OK,0,69006.645,2433.3355,0.080515235,31.978988,15,1.5,0.02,0.04,-0.05,40,40,40
14.745,144.41324,6.811579,-0.042702984,2.3838061,-144.41324,-6.811579,0.042702984,-2.3838061,6.0958924,-0.079523411,OK,0,69110.921,2433.5675,0.080524353,32.0074,15,1.5,0.02,0.04,-0.05,40,40,40
14.75,144.44695,6.7005621,-0.030678925,2.4195437,-144.44695,-6.7005621,0.030678925,-2.4195437,6.3260931,-0.062196751,OK,0,69215.245,2433.7919,0.080529059,32.036671,15,1.5,0.02,0.04,-0.05,40,40,40
14.755,144.48016,6.6044632,-0.018490715,2.4501241,-144.48016,-6.6044632,0.018490715,-2.4501241,6.5516071,-0.046888508,OK,0,69319.618,2434.01,0.080530768,32.066687,15,1.5,0.02,0.04,-0.05,40,40,40
14.76,144.513,6.5419793,-0.0061718707,2.4738925,-144.513,-6.5419793,0.0061718707,-2.4738925,6.7701999,-0.036123257,OK,0,69424.038,2434.224,0.080530959,32.097288,15,1.5,0.02,0.04,-0.05,40,40,40
14.765,144.54551,6.4809023,0.0062632238,2.4959988,-144.54551,-6.4809023,-0.0062632238,-2.4959988,6.988093,-0.025544026,OK,0,69528.505,2434.434,0.080531155,32.128438,15,1.5,0.02,0.04,-0.05,40,40,40
14.77,144.5778,6.4413153,0.018797084,2.5146517,-144.5778,-6.4413153,-0.018797084,-2.5146517,7.2031424,-0.017864399,OK,0,69633.019,2434.6415,0.080532922,32.160055,15,1.5,0.02,0.04,-0.05,40,40,40
14.775,144.60988,6.405625,0.031428146,2.5321543,-144.60988,-6.405625,-0.031428146,-2.5321543,7.4180762,-0.010706124,OK,0,69737.579,2434.8467,0.08053786,32.192114,15,1.5,0.02,0.04,-0.05,40,40,40
14.78,144.64181,6.3685331,0.04414992,2.5536348,-144.64181,-6.3685331,-0.04414992,-2.5536348,7.6402785,-0.0033583509,OK,0,69842.185,2435.0494,0.080547606,32.224719,15,1.5,0.02,0.04,-0.05,40,40,40
14.785,144.67362,6.3528418,0.05695894,2.5705307,-144.67362,-6.3528418,-0.05695894,-2.5705307,7.8577663,0.0011013608,OK,0,69946.837,2435.2512,0.080563828,32.257758,15,1.5,0.02,0.04,-0.05,40,40,40
14.79,144.7053,6.3280749,0.06987446,2.5898616,-144.7053,-6.3280749,-0.06987446,-2.5898616,8.0801382,0.0067897583,OK,0,70051.535,2435.4515,0.08058824,32.291294,15,1.5,0.02,0.04,-0.05,40,40,40
14.795,144.73689,6.3002869,0.082885981,2.6160824,-144.73689,-6.3002869,-0.082885981,-2.6160824,8.3141626,0.012875599,OK,0,70156.279,2435.6499,0.080622591,32.325514,15,1.5,0.02,0.04,-0.05,40,40,40
14.8,144.76839,6.3011615,0.096007438,2.6297498,-144.76839,-6.3011615,-0.096007438,-2.6297498,8.5321506,0.015101944,OK,0,70261.069,2435.8484,0.080668678,32.360092,15,1.5,0.02,0.04,-0.05,40,40,40
14.805,144.79984,6.2770083,0.1092441,2.6608474,-144.79984,-6.2770083,-0.1092441,-2.6608474,8.7770096,0.02068109,OK,0,70365.904,2436.0455,0.080728349,32.395492,15,1.5,0.02,0.04,-0.05,40,40,40
14.81,144.83123,6.2742783,0.12259975,2.6829902,-144.83123,-6.2742783,-0.12259975,-2.6829902,9.0110774,0.023368725,OK,0,70470.784,2436.2423,0.080803503,32.431485,15,1.5,0.02,0.04,-0.05,40,40,40
14.815,144.86259,6.2668769,0.13609407,2.709107,-144.86259,-6.2668769,-0.13609407,-2.709107,9.2529985,1.35,INFEASIBLE,0,70575.71,2436.4387,0.080896111,32.468181,15,1.5,0.02,0.04,-0.05,40,40,40
14.82,144.90264,8.6338325,0.14765912,2.0279126,-144.90264,-8.6338325,-0.14765912,-2.0279126,8.5001618,1.35,INFEASIBLE,0,70680.694,2436.8114,0.081005127,32.488743,15,1.5,0.02,0.04,-0.05,40,40,40
14.825,144.9572,12.242612,0.15596942,1.4094872,-144.9572,-12.242612,-0.15596942,-1.4094872,7.8426206,1.35,INFEASIBLE,0,70785.757,2437.5608,0.081126759,32.498676,15,1.5,0.02,0.04,-0.05,40,40,40
14.83,145.01956,12.890384,0.16065729,0.637835,-145.01956,-12.890384,-0.16065729,-0.637835,6.7826184,-0.8686792,OK,0,70890.91,2438.3916,0.081255813,32.50071,15,1.5,0.02,0.04,-0.05,40,40,40
14.835,145.07169,9.1622682,0.16486746,1.0069025,-145.07169,-9.1622682,-0.16486746,-1.0069025,7.2512902,-0.3593153,OK,0,70996.139,2438.8113,0.081391719,32.50578,15,1.5,0.02,0.04,-0.05,40,40,40
14.84,145.12185,9.9494768,0.17113331,1.3556624,-145.12185,-9.9494768,-0.17113331,-1.3556624,7.9009093,1.35,INFEASIBLE,0,71101.441,2439.3063,0.081538152,32.514969,15,1.5,0.02,0.04,-0.05,40,40,40
14.845,145.18429,14.457778,0.1762899,0.81837226,-145.18429,-14.457778,-0.1762899,-0.81837226,7.3539038,1.35,INFEASIBLE,0,71206.833,2440.3514,0.081693543,32.518317,15,1.5,0.02,0.04,-0.05,40,40,40
14.85,145.25472,14.228935,0.17790241,0.015606862,-145.25472,-14.228935,-0.17790241,-0.015606862,6.1661982,-1.0502979,OK,0,71312.328,2441.3637,0.081851789,32.518319,15,1.5,0.02,0.04,-0.05,40,40,40
14.855,145.31186,10.249886,0.17922004,0.48582682,-145.31186,-10.249886,-0.17922004,-0.48582682,6.7332736,-0.50556181,OK,0,71417.905,2441.889,0.082012388,32.519499,15,1.5,0.02,0.04,-0.05,40,40,40
14.86,145.36697,11.05611,0.18313438,0.95253162,-145.36697,-11.05611,-0.18313438,-0.95253162,7.525397,1.35,INFEASIBLE,0,71523.563,2442.5002,0.082180079,32.524035,15,1.5,0.02,0.04,-0.05,40,40,40
14.865,145.43481,14.625681,0.18620685,0.35924278,-145.43481,-14.625681,-0.18620685,-0.35924278,6.8256903,1.35,INFEASIBLE,0,71629.32,2443.5698,0.082353444,32.524681,15,1.5,0.02,0.04,-0.05,40,40,40
14.87,145.51519,16.48027,0.18599194,-0.34117298,-145.51519,-16.48027,-0.18599194,0.34117298,5.8476342,1.35,INFEASIBLE,0,71735.193,2444.9278,0.082526409,32.525263,15,1.5,0.02,0.04,-0.05,40,40,40
14.875,145.60576,19.190588,0.18235558,-0.98915622,-145.60576,-19.190588,-0.18235558,0.98915622,4.9313381,1.35,INFEASIBLE,0,71841.198,2446.7692,0.082692677,32.530155,15,1.5,0.02,0.04,-0.05,40,40,40
14.88,145.70444,21.216919,0.17516764,-1.6792436,-145.70444,-21.216919,-0.17516764,1.6792436,3.8714149,1.35,INFEASIBLE,0,71947.347,2449.02,0.082846096,32.544254,15,1.5,0.02,0.04,-0.05,40,40,40
14.885,145.81429,21.611863,0.16455306,-2.4624632,-145.81429,-21.611863,-0.16455306,2.4624632,2.5553615,1.35,INFEASIBLE,0,72053.656,2451.3553,0.082981484,32.574573,15,1.5,0.02,0.04,-0.05,40,40,40
14.89,145.93532,24.928622,0.1505098,-3.0916068,-145.93532,-24.928622,-0.1505098,3.0916068,1.5360882,1.35,INFEASIBLE,0,72160.142,2454.4625,0.08309475,32.622363,15,1.5,0.02,0.04,-0.05,40,40,40
14.895,146.06847,27.600782,0.13305261,-3.7674655,-146.06847,-27.600782,-0.13305261,3.7674655,0.3699916,0.3699916,INFEASIBLE,0,72266.822,2458.2715,0.083183265,32.693332,15,1.5,0.02,0.04,-0.05,40,40,40
14.9,146.19798,25.667362,0.11307141,-4.099503,-146.19798,-25.667362,-0.11307141,4.099503,-0.5025293,-0.5025293,INFEASIBLE,0,72373.691,2461.5656,0.083247191,32.777361,15,1.5,0.02,0.04,-0.05,40,40,40
14.905,146.31889,23.897251,0.093211533,-3.8388895,-146.31889,-23.897251,-0.093211533,3.8388895,-0.47789345,-0.47789345,INFEASIBLE,0,72480.737,2464.421,0.083290633,32.851047,15,1.5,0.02,0.04,-0.05,40,40,40
14.91,146.43387,22.524733,0.074753536,-3.5859005,-146.43387,-22.524733,-0.074753536,3.5859005,-0.42788108,-0.42788108,INFEASIBLE,0,72587.951,2466.9578,0.083318573,32.91534,15,1.5,0.02,0.04,-0.05,40,40,40
14.915,146.546,22.332091,0.057739799,-3.2820602,-146.546,-22.332091,-0.057739799,3.2820602,-0.2327897,-0.2327897,INFEASIBLE,0,72695.33,2469.4514,0.083335243,32.9692,15,1.5,0.02,0.04,-0.05,40,40,40
14.92,146.6556,21.764913,0.041709963,-3.1474921,-146.6556,-21.764913,-0.041709963,3.1474921,-0.29188026,-0.29188026,INFEASIBLE,0,72802.869,2471.82,0.083343941,33.018733,15,1.5,0.02,0.04,-0.05,40,40,40
14.925,146.76384,21.646426,0.026569986,-2.9446059,-146.76384,-21.646426,-0.026569986,2.9446059,-0.21722519,-0.21722519,INFEASIBLE,0,72910.568,2474.1628,0.083347471,33.062087,15,1.5,0.02,0.04,-0.05,40,40,40
14.93,146.87076,21.323628,0.012238904,-2.8099717,-146.87076,-21.323628,-0.012238904,2.8099717,-0.24101382,-0.24101382,INFEASIBLE,0,73018.423,2476.4363,0.08334822,33.101567,15,1.5,0.02,0.04,-0.05,40,40,40
14.935,146.97542,20.654041,-0.0014196159,-2.6848492,-146.97542,-20.654041,0.0014196159,2.6848492,-0.28289805,-0.28289805,INFEASIBLE,0,73126.432,2478.5692,0.08334823,33.137609,15,1.5,0.02,0.04,-0.05,40,40,40
14.94,147.07838,20.485867,-0.014272711,-2.5014629,-147.07838,-20.485867,0.014272711,2.5014629,-0.20528272,-0.20528272,INFEASIBLE,0,73234.592,2480.6676,0.083349249,33.168895,15,1.5,0.02,0.04,-0.05,40,40,40
14.945,147.17985,20.21793,-0.026428346,-2.381915,-147.17985,-20.21793,0.026428346,2.381915,-0.21698361,-0.21698361,INFEASIBLE,0,73342.901,2482.7114,0.083352741,33.197263,15,1.5,0.02,0.04,-0.05,40,40,40
14.95,147.27909,19.591882,-0.03803921,-2.2825423,-147.27909,-19.591882,0.03803921,2.2825423,-0.26514441,-0.26514441,INFEASIBLE,0,73451.357,2484.6306,0.083359976,33.223313,15,1.5,0.02,0.04,-0.05,40,40,40
14.955,147.37649,19.387001,-0.048999021,-2.1319978,-147.37649,-19.387001,0.048999021,2.1319978,-0.20997209,-0.20997209,INFEASIBLE,0,73559.956,2486.5099,0.08337198,33.24604,15,1.5,0.02,0.04,-0.05,40,40,40
14.96,147.47225,19.151006,-0.059344997,-2.0196977,-147.47225,-19.151006,0.059344997,2.0196977,-0.20423622,-0.20423622,INFEASIBLE,0,73668.696,2488.3437,0.08338959,33.266436,15,1.5,0.02,0.04,-0.05,40,40,40
14.965,147.56755,18.959001,-0.069111398,-1.9152424,-147.56755,-18.959001,0.069111398,1.9152424,-0.19982349,-0.19982349,INFEASIBLE,0,73777.577,2490.1409,0.083413471,33.284777,15,1.5,0.02,0.04,-0.05,40,40,40
14.97,147.66146,18.701207,-0.078391245,-1.8186934,-147.66146,-18.701207,0.078391245,1.8186934,-0.20263129,-0.20263129,INFEASIBLE,0,73886.597,2491.8896,0.083444197,33.301315,15,1.5,0.02,0.04,-0.05,40,40,40
14.975,147.75373,18.31886,-0.087207638,-1.7248256,-147.75373,-18.31886,0.087207638,1.7248256,-0.20752402,-0.20752402,INFEASIBLE,0,73995.753,2493.5675,0.083482223,33.31619,15,1.5,0.02,0.04,-0.05,40,40,40
14.98,147.84473,18.205648,-0.09555444,-1.6258423,-147.84473,-18.205648,0.09555444,1.6258423,-0.18695956,-0.18695956,INFEASIBLE,0,74105.043,2495.2247,0.083527876,33.329407,15,1.5,0.02,0.04,-0.05,40,40,40
14.985,147.93432,17.790378,-0.10346548,-1.5462104,-147.93432,-17.790378,0.10346548,1.5462104,-0.20099628,-0.20099628,INFEASIBLE,0,74214.466,2496.8072,0.083581402,33.341361,15,1.5,0.02,0.04,-0.05,40,40,40
14.99,148.02291,17.613439,-0.11095765,-1.464781,-148.02291,-17.613439,0.11095765,1.464781,-0.19654037,-0.19654037,INFEASIBLE,0,74324.02,2498.3584,0.08364296,33.352089,15,1.5,0.02,0.04,-0.05,40,40,40
14.995,148.11017,17.426445,-0.11802507,-1.3813612,-148.11017,-17.426445,0.11802507,1.3813612,-0.18315657,-0.18315657,INFEASIBLE,0,74433.703,2499.8768,0.08371261,33.361629,15,1.5,0.02,0.04,-0.05,40,40,40
15,148.19541,17.019432,-0.12476167,-1.3065625,-148.19541,-17.019432,0.12476167,1.3065625,-0.1865834,-0.1865834,INFEASIBLE,0,74543.512,2501.3251,0.083790437,33.370165,15,1.5,0.02,0.04,-0.05,40,40,40
15.005,148.28,16.871447,-0.13112284,-1.2468793,-148.28,-16.871447,0.13112284,1.2468793,-0.19670373,-0.19670373,INFEASIBLE,0,74653.447,2502.7483,0.083876403,33.377938,15,1.5,0.02,0.04,-0.05,40,40,40
15.01,148.36322,16.598617,-0.1371179,-1.1663049,-148.36322,-16.598617,0.1371179,1.1663049,-0.17501681,-0.17501681,INFEASIBLE,0,74763.505,2504.1259,0.08397041,33.38474,15,1.5,0.02,0.04,-0.05,40,40,40
15.015,148.44528,16.396155,-0.14278463,-1.101151,-148.44528,-16.396155,0.14278463,1.101151,-0.16874412,-0.16874412,INFEASIBLE,0,74873.685,2505.4701,0.084072347,33.390802,15,1.5,0.02,0.04,-0.05,40,40,40
15.02,148.52615,16.111388,-0.14817018,-1.0550501,-148.52615,-16.111388,0.14817018,1.0550501,-0.1901494,-0.1901494,INFEASIBLE,0,74983.985,2506.7679,0.084182119,33.396368,15,1.5,0.02,0.04,-0.05,40,40,40
15.025,148.60606,15.783861,-0.15323019,-0.99167881,-148.60606,-15.783861,0.15323019,0.99167881,-0.18249548,-1.3281403,OK,0,75094.404,2508.0136,0.084299516,33.401285,15,1.5,0.02,0.04,-0.05,40,40,40
15.03,148.67446,13.194905,-0.15637394,-0.33471801,-148.67446,-13.194905,0.15637394,0.33471801,0.6535993,-0.97651228,OK,0,75204.925,2508.8841,0.08442178,33.401845,15,1.5,0.02,0.04,-0.05,40,40,40
15.035,148.7336,11.682485,-0.15666039,0.1684466,-148.7336,-11.682485,0.15666039,-0.1684466,1.3447353,-0.77020982,OK,0,75315.533,2509.5665,0.084544493,33.401987,15,1.5,0.02,0.04,-0.05,40,40,40
15.04,148.78913,10.593391,-0.1545896,0.56920891,-148.78913,-10.593391,0.1545896,-0.56920891,1.9344876,-0.62075317,OK,0,75426.224,2510.1276,0.084663982,33.403607,15,1.5,0.02,0.04,-0.05,40,40,40
15.045,148.84263,10.302008,-0.15063858,0.91071526,-148.84263,-10.302008,0.15063858,-0.91071526,2.4954272,-0.57956306,OK,0,75536.995,2510.6583,0.084777442,33.407754,15,1.5,0.02,0.04,-0.05,40,40,40
15.05,148.89277,9.8200821,-0.14515751,1.2176147,-148.89277,-9.8200821,0.14515751,-1.2176147,3.0197182,-0.51196423,OK,0,75647.84,2511.1405,0.084882796,33.415167,15,1.5,0.02,0.04,-0.05,40,40,40
15.055,148.93994,9.242601,-0.13829454,1.4718738,-148.93994,-9.242601,0.13829454,-1.4718738,3.4818955,-0.43111892,OK,0,75758.756,2511.5676,0.084978423,33.425999,15,1.5,0.02,0.04,-0.05,40,40,40
15.06,148.98469,8.817621,-0.1302755,1.6948421,-148.98469,-8.817621,0.1302755,-1.6948421,3.9205293,-0.37092243,OK,0,75869.738,2511.9563,0.085063281,33.440362,15,1.5,0.02,0.04,-0.05,40,40,40
15.065,149.02701,8.3072396,-0.12130892,1.8668898,-149.02701,-8.3072396,0.12130892,-1.8668898,4.2935307,-0.29911906,OK,0,75980.783,2512.3014,0.085136861,33.457788,15,1.5,0.02,0.04,-0.05,40,40,40
15.07,149.06727,7.9071245,-0.11156399,2.0072019,-149.06727,-7.9071245,0.11156399,-2.0072019,4.6349734,-0.24234889,OK,0,76091.888,2512.614,0.085199093,33.477932,15,1.5,0.02,0.04,-0.05,40,40,40
15.075,149.10569,7.5832328,-0.10123223,2.1116267,-149.10569,-7.5832328,0.10123223,-2.1116267,4.9343995,-0.19600932,OK,0,76203.051,2512.9015,0.085250333,33.500227,15,1.5,0.02,0.04,-0.05,40,40,40
15.08,149.14283,7.325969,-0.0904201,2.1966478,-149.14283,-7.325969,0.0904201,-2.1966478,5.2145656,-0.15875755,OK,0,76314.269,2513.1699,0.085291212,33.524353,15,1.5,0.02,0.04,-0.05,40,40,40
15.085,149.17883,7.1132028,-0.079241771,2.2615603,-149.17883,-7.1132028,0.079241771,-2.2615603,5.4718185,-0.12758823,OK,0,76425.54,2513.4229,0.085322608,33.549927,15,1.5,0.02,0.04,-0.05,40,40,40
15.09,149.21388,6.9397685,-0.067769523,2.3164775,-149.21388,-6.9397685,0.067769523,-2.3164775,5.7200417,-0.10177457,OK,0,76536.864,2513.6637,0.085345572,33.576757,15,1.5,0.02,0.04,-0.05,40,40,40
15.095,149.24819,6.8107941,-0.056067209,2.356668,-149.24819,-6.8107941,0.056067209,-2.356668,5.9513895,-0.082007871,OK,0,76648.239,2513.8956,0.085361289,33.604527,15,1.5,0.02,0.04,-0.05,40,40,40
15.1,149.2819,6.7007963,-0.04418445,2.3904452,-149.2819,-6.7007963,0.04418445,-2.3904452,6.1765709,-0.064820037,OK,0,76759.665,2514.1201,0.085371051,33.633098,15,1.5,0.02,0.04,-0.05,40,40,40
15.105,149.31512,6.6067722,-0.032155587,2.416983,-149.31512,-6.6067722,0.032155587,-2.416983,6.3937139,-0.049800958,OK,0,76871.14,2514.3383,0.085376221,33.662307,15,1.5,0.02,0.04,-0.05,40,40,40
15.11,149.34795,6.5380038,-0.020007577,2.4387555,-149.34795,-6.5380038,0.020007577,-2.4387555,6.6064987,-0.038198387,OK,0,76982.664,2514.5521,0.085378222,33.692044,15,1.5,0.02,0.04,-0.05,40,40,40
15.115,149.38049,6.4861252,-0.0077616162,2.4567794,-149.38049,-6.4861252,0.0077616162,-2.4567794,6.8157996,-0.028877601,OK,0,77094.237,2514.7624,0.085378523,33.722223,15,1.5,0.02,0.04,-0.05,40,40,40
15.12,149.41278,6.440523,0.0045733414,2.473717,-149.41278,-6.440523,-0.0045733414,-2.473717,7.025052,-0.020401539,OK,0,77205.857,2514.9698,0.085378628,33.75282,15,1.5,0.02,0.04,-0.05,40,40,40
15.125,149.44486,6.4072536,0.016990804,2.4887052,-149.44486,-6.4072536,-0.016990804,-2.4887052,7.2331073,-0.013587792,OK,0,77317.526,2515.1751,0.085380071,33.783788,15,1.5,0.02,0.04,-0.05,40,40,40
15.13,149.47678,6.3681072,0.029490516,2.5073771,-149.47678,-6.3681072,-0.029490516,-2.5073771,7.4476833,-0.0059776603,OK,0,77429.243,2515.3779,0.08538442,33.815223,15,1.5,0.02,0.04,-0.05,40,40,40
15.135,149.50856,6.3450283,0.042066027,2.521947,-149.50856,-6.3450283,-0.042066027,-2.521947,7.6578832,-0.00053425,OK,0,77541.007,2515.5792,0.085393268,33.847024,15,1.5,0.02,0.04,-0.05,40,40,40
15.14,149.54021,6.3241493,0.054729841,2.5386135,-149.54021,-6.3241493,-0.054729841,-2.5386135,7.8726381,0.0046137282,OK,0,77652.818,2515.7791,0.085408244,33.879246,15,1.5,0.02,0.04,-0.05,40,40,40
15.145,149.5718,6.3150092,0.067465154,2.5540955,-149.5718,-6.3150092,-0.067465154,-2.5540955,8.087157,0.0081740509,OK,0,77764.677,2515.9785,0.085431002,33.911863,15,1.5,0.02,0.04,-0.05,40,40,40
15.15,149.60332,6.3033203,0.080298536,2.5714513,-149.60332,-6.3033203,-0.080298536,-2.5714513,8.3058543,0.012078275,OK,0,77876.583,2516.1772,0.085463241,33.944925,15,1.5,0.02,0.04,-0.05,40,40,40
15.155,149.63475,6.2781028,0.093240377,2.5986269,-149.63475,-6.2781028,-0.093240377,-2.5986269,8.5403651,0.017797822,OK,0,77988.535,2516.3743,0.08550671,33.97869,15,1.5,0.02,0.04,-0.05,40,40,40
15.16,149.66615,6.2716481,0.1062768,2.6175305,-149.66615,-6.2716481,-0.1062768,-2.6175305,8.7646366,0.020986747,OK,0,78100.535,2516.5709,0.085563184,34.012947,15,1.5,0.02,0.04,-0.05,40,40,40
15.165,149.69751,6.2688408,0.1194342,2.6416597,-149.69751,-6.2688408,-0.1194342,-2.6416597,8.9987064,0.023664151,OK,0,78212.582,2516.7674,0.085634507,34.047839,15,1.5,0.02,0.04,-0.05,40,40,40
15.17,149.72885,6.2674389,0.13270941,2.6646419,-149.72885,-6.2674389,-0.13270941,-2.6646419,9.2328785,1.35,INFEASIBLE,0,78324.676,2516.9638,0.085722566,34.08334,15,1.5,0.02,0.04,-0.05,40,40,40
15.175,149.77018,9.8472322,0.14414311,2.0452192,-149.77018,-9.8472322,-0.14414311,-2.0452192,8.6192684,1.35,INFEASIBLE,0,78436.831,2517.4487,0.085826452,34.104255,15,1.5,0.02,0.04,-0.05,40,40,40
15.18,149.82371,12.026315,0.15215877,1.3490362,-149.82371,-12.026315,-0.15215877,-1.3490362,7.7834625,1.35,INFEASIBLE,0,78549.067,2518.1718,0.085942213,34.113354,15,1.5,0.02,0.04,-0.05,40,40,40
15.185,149.88643,13.069242,0.15660402,0.59690432,-149.88643,-13.069242,-0.15660402,-0.59690432,6.7649151,-0.89340466,OK,0,78661.397,2519.0258,0.086064837,34.115136,15,1.5,0.02,0.04,-0.05,40,40,40
15.19,149.93469,8.5462301,0.16038206,0.92974654,-149.93469,-8.5462301,-0.16038206,-0.92974654,7.1408938,-0.27573639,OK,0,78773.799,2519.391,0.086193449,34.119458,15,1.5,0.02,0.04,-0.05,40,40,40
15.195,149.98417,9.9647853,0.16625398,1.2635323,-149.98417,-9.9647853,-0.16625398,-1.2635323,7.787383,1.35,INFEASIBLE,0,78886.275,2519.8875,0.086331651,34.127441,15,1.5,0.02,0.04,-0.05,40,40,40
15.2,150.04719,15.02283,0.17100141,0.75828966,-150.04719,-15.02283,-0.17100141,-0.75828966,7.3043127,1.35,INFEASIBLE,0,78998.846,2521.0159,0.086477859,34.130316,15,1.5,0.02,0.04,-0.05,40,40,40
15.205,150.12059,14.998252,0.17234173,-0.032835415,-150.12059,-14.998252,-0.17234173,0.032835415,6.1382146,-1.155799,OK,0,79111.527,2522.1407,0.086626367,34.130321,15,1.5,0.02,0.04,-0.05,40,40,40
15.21,150.18094,10.814585,0.17361593,0.50171876,-150.18094,-10.814585,-0.17361593,-0.50171876,6.7930192,-0.58352981,OK,0,79224.298,2522.7255,0.08677708,34.13158,15,1.5,0.02,0.04,-0.05,40,40,40
15.215,150.23449,10.637247,0.17742935,0.94124677,-150.23449,-10.637247,-0.17742935,-0.94124677,7.5034901,1.35,INFEASIBLE,0,79337.15,2523.2912,0.086934485,34.136009,15,1.5,0.02,0.04,-0.05,40,40,40
15.22,150.3008,14.577586,0.18048471,0.36977939,-150.3008,-14.577586,-0.18048471,-0.36977939,6.8510592,1.35,INFEASIBLE,0,79450.102,2524.3537,0.087097359,34.136693,15,1.5,0.02,0.04,-0.05,40,40,40
15.225,150.38051,16.254155,0.18029953,-0.34026404,-150.38051,-16.254155,-0.18029953,0.34026404,5.8518733,1.35,INFEASIBLE,0,79563.173,2525.6747,0.087259899,34.137272,15,1.5,0.02,0.04,-0.05,40,40,40
15.23,150.4663,18.54427,0.17647738,-1.0087436,-150.4663,-18.54427,-0.17647738,1.0087436,4.8851421,1.35,INFEASIBLE,0,79676.374,2527.3942,0.08741562,34.14236,15,1.5,0.02,0.04,-0.05,40,40,40
15.235,150.56662,20.511399,0.16942801,-1.7080152,-150.56662,-20.511399,-0.16942801,1.7080152,3.8111856,1.35,INFEASIBLE,0,79789.725,2529.4978,0.087559149,34.156946,15,1.5,0.02,0.04,-0.05,40,40,40
15.24,150.67529,22.034694,0.15878456,-2.4376305,-150.67529,-22.034694,-0.15878456,2.4376305,2.6202162,1.35,INFEASIBLE,0,79903.241,2531.9254,0.087685212,34.186656,15,1.5,0.02,0.04,-0.05,40,40,40
15.245,150.79451,25.661172,0.14465747,-3.0519787,-150.79451,-25.661172,-0.14465747,3.0519787,1.6342312,1.35,INFEASIBLE,0,80016.936,2535.2179,0.087789841,34.233229,15,1.5,0.02,0.04,-0.05,40,40,40
15.25,150.92331,27.775497,0.12697457,-3.7529191,-150.92331,-27.775497,-0.12697457,3.7529191,0.40472583,0.40472583,INFEASIBLE,0,80130.825,2539.0753,0.087870454,34.303651,15,1.5,0.02,0.04,-0.05,40,40,40
15.255,151.05222,24.719438,0.10690118,-4.1713955,-151.05222,-24.719438,-0.10690118,4.1713955,-0.64375362,-0.64375362,INFEASIBLE,0,80244.909,2542.1305,0.087927593,34.390654,15,1.5,0.02,0.04,-0.05,40,40,40
15.26,151.1691,22.588399,0.086972187,-3.8554413,-151.1691,-22.588399,-0.086972187,3.8554413,-0.55166117,-0.55166117,INFEASIBLE,0,80359.169,2544.6817,0.087965414,34.464976,15,1.5,0.02,0.04,-0.05,40,40,40
15.265,151.28078,21.618475,0.068821855,-3.5233386,-151.28078,-21.618475,-0.068821855,3.5233386,-0.36232546,-0.36232546,INFEASIBLE,0,80473.598,2547.0185,0.087989096,34.527046,15,1.5,0.02,0.04,-0.05,40,40,40
15.27,151.39078,21.73593,0.052154158,-3.2436578,-151.39078,-21.73593,-0.052154158,3.2436578,-0.18592165,-0.18592165,INFEASIBLE,0,80588.194,2549.3808,0.088002696,34.579652,15,1.5,0.02,0.04,-0.05,40,40,40
15.275,151.49971,21.822929,0.036388137,-3.0902669,-151.49971,-21.822929,-0.036388137,3.0902669,-0.18666692,-0.18666692,INFEASIBLE,0,80702.955,2551.762,0.088009317,34.627401,15,1.5,0.02,0.04,-0.05,40,40,40
15.28,151.60769,21.400876,0.02126787,-2.9813623,-151.60769,-21.400876,-0.02126787,2.9813623,-0.26483663,-0.26483663,INFEASIBLE,0,80817.88,2554.0519,0.088011578,34.671844,15,1.5,0.02,0.04,-0.05,40,40,40
15.285,151.7135,21.128816,0.0068435003,-2.8121553,-151.7135,-21.128816,-0.0068435003,2.8121553,-0.23615786,-0.23615786,INFEASIBLE,0,80932.964,2556.2841,0.088011812,34.711385,15,1.5,0.02,0.04,-0.05,40,40,40
15.29,151.81785,20.870943,-0.0068113073,-2.6653758,-151.81785,-20.870943,0.0068113073,2.6653758,-0.22903849,-0.22903849,INFEASIBLE,0,81048.208,2558.4621,0.088012044,34.746906,15,1.5,0.02,0.04,-0.05,40,40,40
15.295,151.92027,20.365691,-0.019800509,-2.5438655,-151.92027,-20.365691,0.019800509,2.5438655,-0.25977292,-0.25977292,INFEASIBLE,0,81163.607,2560.5359,0.088014005,34.779262,15,1.5,0.02,0.04,-0.05,40,40,40
15.3,152.02082,19.968466,-0.032091099,-2.3990541,-152.02082,-19.968466,0.032091099,2.3990541,-0.24079259,-0.24079259,INFEASIBLE,0,81279.158,2562.5296,0.088019154,34.80804,15,1.5,0.02,0.04,-0.05,40,40,40
15.305,152.11931,19.476806,-0.043714063,-2.2760447,-152.11931,-19.476806,0.043714063,2.2760447,-0.24831958,-0.24831958,INFEASIBLE,0,81394.86,2564.4263,0.088028709,34.833941,15,1.5,0.02,0.04,-0.05,40,40,40
15.31,152.21566,18.845711,-0.054696261,-2.1599054,-152.21566,-18.845711,0.054696261,2.1599054,-0.26216038,-0.26216038,INFEASIBLE,0,81510.708,2566.2021,0.088043667,34.857267,15,1.5,0.02,0.04,-0.05,40,40,40
15.315,152.30962,18.637833,-0.065034951,-2.0139585,-152.30962,-18.637833,0.065034951,2.0139585,-0.20475628,-0.20475628,INFEASIBLE,0,81626.699,2567.9389,0.088064815,34.877548,15,1.5,0.02,0.04,-0.05,40,40,40
15.32,152.4029,18.621412,-0.074744615,-1.8952373,-152.4029,-18.621412,0.074744615,1.8952373,-0.17111062,-0.17111062,INFEASIBLE,0,81742.832,2569.6727,0.088092748,34.895507,15,1.5,0.02,0.04,-0.05,40,40,40
15.325,152.49555,18.474321,-0.083981657,-1.8132936,-152.49555,-18.474321,0.083981657,1.8132936,-0.19078149,-0.19078149,INFEASIBLE,0,81859.107,2571.3792,0.088128013,34.911947,15,1.5,0.02,0.04,-0.05,40,40,40
15.33,152.58668,18.132581,-0.092814368,-1.7324232,-152.58668,-18.132581,0.092814368,1.7324232,-0.21381356,-0.21381356,INFEASIBLE,0,81975.52,2573.0232,0.088171086,34.926954,15,1.5,0.02,0.04,-0.05,40,40,40
15.335,152.6766,17.906006,-0.10117637,-1.6329785,-152.6766,-17.906006,0.10117637,1.6329785,-0.19734112,-0.19734112,INFEASIBLE,0,82092.071,2574.6263,0.088222269,34.940287,15,1.5,0.02,0.04,-0.05,40,40,40
15.34,152.76503,17.645328,-0.10908002,-1.5446645,-152.76503,-17.645328,0.10908002,1.5446645,-0.19208319,-0.19208319,INFEASIBLE,0,82208.756,2576.1831,0.088281761,34.952217,15,1.5,0.02,0.04,-0.05,40,40,40
15.345,152.85223,17.230276,-0.11657457,-1.4720037,-152.85223,-17.230276,0.11657457,1.4720037,-0.21036829,-0.21036829,INFEASIBLE,0,82325.576,2577.6675,0.088349709,34.963051,15,1.5,0.02,0.04,-0.05,40,40,40
15.35,152.93791,17.084399,-0.12363374,-1.3697135,-152.93791,-17.084399,0.12363374,1.3697135,-0.16694216,-0.16694216,INFEASIBLE,0,82442.526,2579.1269,0.088426136,34.972431,15,1.5,0.02,0.04,-0.05,40,40,40
15.355,153.02248,16.75952,-0.13035886,-1.3217396,-153.02248,-16.75952,0.13035886,1.3217396,-0.20716203,-0.20716203,INFEASIBLE,0,82559.605,2580.5313,0.088511103,34.981166,15,1.5,0.02,0.04,-0.05,40,40,40
15.36,153.10577,16.609982,-0.13672278,-1.243255,-153.10577,-16.609982,0.13672278,1.243255,-0.18920946,-0.18920946,INFEASIBLE,0,82676.812,2581.9108,0.088604569,34.988895,15,1.5,0.02,0.04,-0.05,40,40,40
15.365,153.18752,16.207693,-0.14270866,-1.1689068,-153.18752,-16.207693,0.14270866,1.1689068,-0.18193194,-0.18193194,INFEASIBLE,0,82794.144,2583.2242,0.088706397,34.995726,15,1.5,0.02,0.04,-0.05,40,40,40
15.37,153.26843,16.145838,-0.14838451,-1.1090763,-153.26843,-16.145838,0.14838451,1.1090763,-0.1781799,-0.1781799,INFEASIBLE,0,82911.6,2584.5276,0.088816487,35.001877,15,1.5,0.02,0.04,-0.05,40,40,40
15.375,153.34797,15.628153,-0.15374377,-1.0508537,-153.34797,-15.628153,0.15374377,1.0508537,-0.1903516,-1.3069982,OK,0,83029.178,2585.7488,0.088934673,35.007398,15,1.5,0.02,0.04,-0.05,40,40,40
15.38,153.41543,11.601064,-0.15730667,-0.49914373,-153.41543,-11.601064,0.15730667,0.49914373,0.42403548,-0.75913366,OK,0,83146.859,2586.4218,0.0890584,35.008644,15,1.5,0.02,0.04,-0.05,40,40,40
15.385,153.47792,12.810892,-0.15820444,0.014716458,-153.47792,-12.810892,0.15820444,-0.014716458,1.2310023,-0.92476178,OK,0,83264.637,2587.2424,0.089183543,35.008645,15,1.5,0.02,0.04,-0.05,40,40,40
15.39,153.53484,10.675726,-0.15686383,0.44806081,-153.53484,-10.675726,0.15686383,-0.44806081,1.8168595,-0.63271731,OK,0,83382.502,2587.8122,0.089306574,35.009649,15,1.5,0.02,0.04,-0.05,40,40,40
15.395,153.58844,10.998538,-0.15347723,0.83468589,-153.58844,-10.998538,0.15347723,-0.83468589,2.4615807,-0.67546799,OK,0,83500.449,2588.4171,0.089424351,35.013132,15,1.5,0.02,0.04,-0.05,40,40,40
15.4,153.63951,9.9507125,-0.14835168,1.1664982,-153.63951,-9.9507125,0.14835168,-1.1664982,2.9952909,-0.53068618,OK,0,83618.474,2588.9121,0.089534392,35.019936,15,1.5,0.02,0.04,-0.05,40,40,40
15.405,153.68708,9.3494552,-0.14172488,1.4299279,-153.68708,-9.3494552,0.14172488,-1.4299279,3.4667385,-0.4465959,OK,0,83736.573,2589.3492,0.089634821,35.030159,15,1.5,0.02,0.04,-0.05,40,40,40
15.41,153.73203,8.7392447,-0.13390645,1.6494096,-153.73203,-8.7392447,0.13390645,-1.6494096,3.8897279,-0.36119229,OK,0,83854.74,2589.7311,0.089724476,35.043762,15,1.5,0.02,0.04,-0.05,40,40,40
15.415,153.77435,8.2690675,-0.12516756,1.8180653,-153.77435,-8.2690675,0.12516756,-1.8180653,4.2558344,-0.29488518,OK,0,83972.973,2590.073,0.089802811,35.060289,15,1.5,0.02,0.04,-0.05,40,40,40
15.42,153.81438,7.8793624,-0.11570719,1.9466441,-153.81438,-7.8793624,0.11570719,-1.9466441,4.5758205,-0.23958372,OK,0,84091.267,2590.3834,0.089869751,35.079236,15,1.5,0.02,0.04,-0.05,40,40,40
15.425,153.8528,7.5620869,-0.10566387,2.0487353,-153.8528,-7.5620869,0.10566387,-2.0487353,4.8676845,-0.19417686,OK,0,84209.621,2590.6693,0.089925576,35.100223,15,1.5,0.02,0.04,-0.05,40,40,40
15.43,153.88986,7.3151785,-0.095157209,2.134321,-153.88986,-7.3151785,0.095157209,-2.134321,5.1445277,-0.15836187,OK,0,84328.031,2590.9369,0.08997085,35.122999,15,1.5,0.02,0.04,-0.05,40,40,40
15.435,153.92578,7.1096548,-0.084300619,2.1996967,-153.92578,-7.1096548,0.084300619,-2.1996967,5.3979376,-0.12820941,OK,0,84446.497,2591.1896,0.090006383,35.147193,15,1.5,0.02,0.04,-0.05,40,40,40
15.44,153.96082,6.9381865,-0.073163459,2.2481518,-153.96082,-6.9381865,0.073163459,-2.2481518,5.6315197,-0.10271045,OK,0,84565.017,2591.4303,0.090033148,35.172463,15,1.5,0.02,0.04,-0.05,40,40,40
15.445,153.99514,6.8095882,-0.061804512,2.2849008,-153.99514,-6.8095882,0.061804512,-2.2849008,5.8525699,-0.083039826,OK,0,84683.589,2591.6621,0.090052247,35.198567,15,1.5,0.02,0.04,-0.05,40,40,40
15.45,154.02885,6.7022734,-0.050274521,2.3193488,-154.02885,-6.7022734,0.050274521,-2.3193488,6.0735734,-0.066256404,OK,0,84802.214,2591.8867,0.090064884,35.225464,15,1.5,0.02,0.04,-0.05,40,40,40
15.455,154.0621,6.6143047,-0.038609445,2.3434388,-154.0621,-6.6143047,0.038609445,-2.3434388,6.2818307,-0.052102877,OK,0,84920.889,2592.1055,0.090072338,35.252923,15,1.5,0.02,0.04,-0.05,40,40,40
15.46,154.09499,6.5485326,-0.026832473,2.3634168,-154.09499,-6.5485326,0.026832473,-2.3634168,6.4864791,-0.040952352,OK,0,85039.616,2592.3199,0.090075938,35.280851,15,1.5,0.02,0.04,-0.05,40,40,40
15.465,154.12755,6.4902954,-0.014959756,2.3818357,-154.12755,-6.4902954,0.014959756,-2.3818357,6.6905199,-0.030818461,OK,0,85158.392,2592.5305,0.090077057,35.309217,15,1.5,0.02,0.04,-0.05,40,40,40
15.47,154.15986,6.4404118,-0.0030042433,2.3981113,-154.15986,-6.4404118,0.0030042433,-2.3981113,6.892917,-0.021811216,OK,0,85277.218,2592.7379,0.090077102,35.337972,15,1.5,0.02,0.04,-0.05,40,40,40
15.475,154.19198,6.4116043,0.0090243843,2.4109767,-154.19198,-6.4116043,-0.0090243843,-2.4109767,7.0921346,-0.015648308,OK,0,85396.094,2592.9435,0.090077509,35.367036,15,1.5,0.02,0.04,-0.05,40,40,40
15.48,154.2239,6.3734084,0.021131026,2.426993,-154.2239,-6.3734084,-0.021131026,-2.426993,7.2968694,-0.0082125013,OK,0,85515.019,2593.1466,0.090079742,35.396487,15,1.5,0.02,0.04,-0.05,40,40,40
15.485,154.25572,6.3486203,0.033301369,2.4410009,-154.25572,-6.3486203,-0.033301369,-2.4410009,7.5000812,-0.0025857107,OK,0,85633.993,2593.3481,0.090085286,35.42628,15,1.5,0.02,0.04,-0.05,40,40,40
15.49,154.28743,6.3344098,0.045547304,2.4551118,-154.28743,-6.3344098,-0.045547304,-2.4551118,7.7050023,0.0016147739,OK,0,85753.017,2593.5487,0.090095659,35.456418,15,1.5,0.02,0.04,-0.05,40,40,40
15.495,154.31904,6.3121006,0.057871748,2.472682,-154.31904,-6.3121006,-0.057871748,-2.472682,7.915964,0.0069095132,OK,0,85872.088,2593.7479,0.090112405,35.486988,15,1.5,0.02,0.04,-0.05,40,40,40
15.5,154.3506,6.31131,0.070269508,2.4850201,-154.3506,-6.31131,-0.070269508,-2.4850201,8.1210372,0.009299585,OK,0,85991.209,2593.9471,0.090137094,35.517865,15,1.5,0.02,0.04,-0.05,40,40,40
15.505,154.3821,6.2892844,0.082759927,2.5095916,-154.3821,-6.2892844,-0.082759927,-2.5095916,8.3449998,0.014546322,OK,0,86110.378,2594.1449,0.09017134,35.549355,15,1.5,0.02,0.04,-0.05,40,40,40
15.51,154.41354,6.27691,0.095350949,2.5286655,-154.41354,-6.27691,-0.095350949,-2.5286655,8.5626096,0.018495914,OK,0,86229.596,2594.3419,0.090216799,35.581326,15,1.5,0.02,0.04,-0.05,40,40,40
15.515,154.44494,6.2742324,0.10805128,2.5496207,-154.44494,-6.2742324,-0.10805128,-2.5496207,8.7850682,0.021125549,OK,0,86348.862,2594.5387,0.090275174,35.613829,15,1.5,0.02,0.04,-0.05,40,40,40
15.52,154.47631,6.2716077,0.12085796,2.5722932,-154.47631,-6.2716077,-0.12085796,-2.5722932,9.0116997,0.023738269,OK,0,86468.177,2594.7354,0.090348208,35.646912,15,1.5,0.02,0.04,-0.05,40,40,40
15.525,154.50764,6.2649982,0.13380075,2.5975999,-154.50764,-6.2649982,-0.13380075,-2.5975999,9.2441639,1.35,INFEASIBLE,0,86587.54,2594.9316,0.090437721,35.68065,15,1.5,0.02,0.04,-0.05,40,40,40
15.53,154.54806,8.6884881,0.14485089,1.91973,-154.54806,-8.6884881,-0.14485089,-1.91973,8.4908592,1.35,INFEASIBLE,0,86706.965,2595.3091,0.09054263,35.699077,15,1.5,0.02,0.04,-0.05,40,40,40
15.535,154.60136,10.511792,0.15253107,1.2047455,-154.60136,-10.511792,-0.15253107,-1.2047455,7.6075832,-0.54557968,OK,0,86826.473,2595.8616,0.090658958,35.706334,15,1.5,0.02,0.04,-0.05,40,40,40
15.54,154.64845,8.7618815,0.15937005,1.4875224,-154.64845,-8.7618815,-0.15937005,-1.4875224,8.0652785,-0.30631048,OK,0,86946.054,2596.2454,0.090785952,35.717397,15,1.5,0.02,0.04,-0.05,40,40,40
15.545,154.69252,8.6508127,0.16764768,1.746809,-154.69252,-8.6508127,-0.16764768,-1.746809,8.5748116,1.35,INFEASIBLE,0,87065.703,2596.6196,0.090926481,35.732654,15,1.5,0.02,0.04,-0.05,40,40,40
15.55,154.74648,11.651557,0.17459002,1.1167635,-154.74648,-11.651557,-0.17459002,-1.1167635,7.8549875,1.35,INFEASIBLE,0,87185.435,2597.2984,0.09107889,35.73889,15,1.5,0.02,0.04,-0.05,40,40,40
15.555,154.81217,14.241322,0.17817541,0.45660832,-154.81217,-14.241322,-0.17817541,-0.45660832,7.0234399,1.35,INFEASIBLE,0,87305.269,2598.3125,0.091237622,35.739932,15,1.5,0.02,0.04,-0.05,40,40,40
15.56,154.88736,16.120145,0.17828527,-0.23925318,-154.88736,-16.120145,-0.17828527,0.23925318,6.0579523,1.35,INFEASIBLE,0,87425.22,2599.6118,0.09139655,35.740219,15,1.5,0.02,0.04,-0.05,40,40,40
15.565,154.97333,17.593618,0.17496883,-0.96346359,-154.97333,-17.593618,-0.17496883,0.96346359,4.9825484,1.35,INFEASIBLE,0,87545.303,2601.1594,0.091549621,35.74486,15,1.5,0.02,0.04,-0.05,40,40,40
15.57,155.06735,20.420723,0.16807215,-1.6144729,-155.06735,-20.420723,-0.16807215,1.6144729,4.0175488,1.35,INFEASIBLE,0,87665.533,2603.2445,0.091690862,35.757893,15,1.5,0.02,0.04,-0.05,40,40,40
15.575,155.17274,22.514826,0.15775562,-2.3094517,-155.17274,-22.514826,-0.15775562,2.3094517,2.9062045,1.35,INFEASIBLE,0,87785.925,2605.779,0.091815296,35.78456,15,1.5,0.02,0.04,-0.05,40,40,40
15.58,155.28817,24.993146,0.14392443,-2.9873875,-155.28817,-24.993146,-0.14392443,2.9873875,1.7832744,1.35,INFEASIBLE,0,87906.498,2608.9023,0.091918867,35.829183,15,1.5,0.02,0.04,-0.05,40,40,40
15.585,155.41507,25.679415,0.12660706,-3.7792174,-155.41507,-25.679415,-0.12660706,3.7792174,0.36575777,0.36575777,INFEASIBLE,0,88027.267,2612.1995,0.091999014,35.900595,15,1.5,0.02,0.04,-0.05,40,40,40
15.59,155.53861,24.67467,0.10677909,-4.0527055,-155.53861,-24.67467,-0.10677909,4.0527055,-0.3796129,-0.3796129,INFEASIBLE,0,88148.228,2615.2437,0.092056023,35.982717,15,1.5,0.02,0.04,-0.05,40,40,40
15.595,155.65501,22.934345,0.086923417,-3.8850034,-155.65501,-22.934345,-0.086923417,3.8850034,-0.49317977,-0.49317977,INFEASIBLE,0,88269.37,2617.8736,0.092093801,36.058184,15,1.5,0.02,0.04,-0.05,40,40,40
15.6,155.76726,21.920099,0.06845251,-3.5880904,-155.76726,-21.920099,-0.06845251,3.5880904,-0.36319874,-0.36319874,INFEASIBLE,0,88390.688,2620.2761,0.09211723,36.122556,15,1.5,0.02,0.04,-0.05,40,40,40
15.605,155.87599,21.52594,0.051268984,-3.3459197,-155.87599,-21.52594,-0.051268984,3.3459197,-0.27128732,-0.27128732,INFEASIBLE,0,88512.174,2622.5929,0.092130372,36.178531,15,1.5,0.02,0.04,-0.05,40,40,40
15.61,155.98345,21.582275,0.035131118,-3.1392592,-155.98345,-21.582275,-0.035131118,3.1392592,-0.19896204,-0.19896204,INFEASIBLE,0,88633.829,2624.9219,0.092136543,36.227806,15,1.5,0.02,0.04,-0.05,40,40,40
15.615,156.08966,21.137021,0.019765314,-3.0217413,-156.08966,-21.137021,-0.019765314,3.0217413,-0.26885825,-0.26885825,INFEASIBLE,0,88755.648,2627.1557,0.092138497,36.273461,15,1.5,0.02,0.04,-0.05,40,40,40
15.62,156.19372,20.877807,0.0051141694,-2.8480027,-156.19372,-20.877807,-0.0051141694,2.8480027,-0.23630496,-0.23630496,INFEASIBLE,0,88877.631,2629.3352,0.092138628,36.314016,15,1.5,0.02,0.04,-0.05,40,40,40
15.625,156.29585,20.519501,-0.0087943466,-2.7077638,-156.29585,-20.519501,0.0087943466,2.7077638,-0.24686379,-0.24686379,INFEASIBLE,0,88999.773,2631.4404,0.092139014,36.350676,15,1.5,0.02,0.04,-0.05,40,40,40
15.63,156.39546,19.649827,-0.022036435,-2.6002426,-156.39546,-19.649827,0.022036435,2.6002426,-0.31700817,-0.31700817,INFEASIBLE,0,89122.07,2633.371,0.092141442,36.384483,15,1.5,0.02,0.04,-0.05,40,40,40
15.635,156.4923,18.899782,-0.034499195,-2.4398361,-156.4923,-18.899782,0.034499195,2.4398361,-0.2914048,-0.2914048,INFEASIBLE,0,89244.52,2635.157,0.092147393,36.414247,15,1.5,0.02,0.04,-0.05,40,40,40
15.64,156.5886,19.041976,-0.046026883,-2.2453955,-156.5886,-19.041976,0.046026883,2.2453955,-0.16504545,-0.16504545,INFEASIBLE,0,89367.12,2636.97,0.092157986,36.439456,15,1.5,0.02,0.04,-0.05,40,40,40
15.645,156.68341,18.976133,-0.056977929,-2.153624,-156.68341,-18.976133,0.056977929,2.153624,-0.19239133,-0.19239133,INFEASIBLE,0,89489.868,2638.7704,0.092174218,36.462646,15,1.5,0.02,0.04,-0.05,40,40,40
15.65,156.77627,18.526004,-0.067513177,-2.0670003,-156.77627,-18.526004,0.067513177,2.0670003,-0.2366325,-0.2366325,INFEASIBLE,0,89612.762,2640.4865,0.092197008,36.484009,15,1.5,0.02,0.04,-0.05,40,40,40
15.655,156.86736,17.798091,-0.077510387,-1.9655674,-156.86736,-17.798091,0.077510387,1.9655674,-0.26173612,-0.26173612,INFEASIBLE,0,89735.799,2642.0704,0.092227048,36.503326,15,1.5,0.02,0.04,-0.05,40,40,40
15.66,156.95765,17.950054,-0.086832908,-1.8069763,-156.95765,-17.950054,0.086832908,1.8069763,-0.15580292,-0.15580292,INFEASIBLE,0,89858.977,2643.6814,0.092264747,36.519652,15,1.5,0.02,0.04,-0.05,40,40,40
15.665,157.04649,17.650958,-0.095698577,-1.747358,-157.04649,-17.650958,0.095698577,1.747358,-0.20954759,-0.20954759,INFEASIBLE,0,89982.295,2645.2392,0.092310538,36.534918,15,1.5,0.02,0.04,-0.05,40,40,40
15.67,157.13368,17.220383,-0.10416636,-1.662275,-157.13368,-17.220383,0.10416636,1.662275,-0.22441899,-0.22441899,INFEASIBLE,0,90105.75,2646.7219,0.092364792,36.548734,15,1.5,0.02,0.04,-0.05,40,40,40
15.675,157.21979,17.168625,-0.11211527,-1.5529701,-157.21979,-17.168625,0.11211527,1.5529701,-0.1800434,-0.1800434,INFEASIBLE,0,90229.341,2648.1957,0.092427641,36.560792,15,1.5,0.02,0.04,-0.05,40,40,40
15.68,157.30468,16.882524,-0.11965315,-1.4839174,-157.30468,-16.882524,0.11965315,1.4839174,-0.1992789,-0.1992789,INFEASIBLE,0,90353.065,2649.6208,0.092499225,36.571802,15,1.5,0.02,0.04,-0.05,40,40,40
15.685,157.38807,16.588305,-0.12683264,-1.4031606,-157.38807,-16.588305,0.12683264,1.4031606,-0.19593687,-0.19593687,INFEASIBLE,0,90476.92,2650.9966,0.092579658,36.581647,15,1.5,0.02,0.04,-0.05,40,40,40
15.69,157.47024,16.330759,-0.13359624,-1.3155827,-157.47024,-16.330759,0.13359624,1.3155827,-0.17468259,-0.17468259,INFEASIBLE,0,90600.904,2652.3301,0.092668897,36.5903,15,1.5,0.02,0.04,-0.05,40,40,40
15.695,157.55147,16.059183,-0.14003528,-1.2680851,-157.55147,-16.059183,0.14003528,1.2680851,-0.20926006,-0.20926006,INFEASIBLE,0,90725.016,2653.6196,0.092766947,36.598341,15,1.5,0.02,0.04,-0.05,40,40,40
15.7,157.63085,15.742108,-0.14613497,-1.1900285,-157.63085,-15.742108,0.14613497,1.1900285,-0.19476595,-1.3195874,OK,0,90849.254,2654.8587,0.092873724,36.605422,15,1.5,0.02,0.04,-0.05,40,40,40
15.705,157.6984,12.618496,-0.15032756,-0.56944234,-157.6984,-12.618496,0.15032756,0.56944234,0.549631,-0.89577987,OK,0,90973.598,2655.6548,0.092986716,36.607043,15,1.5,0.02,0.04,-0.05,40,40,40
15.71,157.75646,11.38105,-0.15183621,-0.099497213,-157.75646,-11.38105,0.15183621,0.099497213,1.1835822,-0.72765152,OK,0,91098.033,2656.3024,0.093101987,36.607092,15,1.5,0.02,0.04,-0.05,40,40,40
15.715,157.81122,11.019823,-0.1511586,0.31142557,-157.81122,-11.019823,0.1511586,-0.31142557,1.7967767,-0.67811813,OK,0,91222.555,2656.9096,0.093216232,36.607577,15,1.5,0.02,0.04,-0.05,40,40,40
15.72,157.86448,10.617602,-0.14850446,0.68934122,-157.86448,-10.617602,0.14850446,-0.68934122,2.3884387,-0.62225665,OK,0,91347.161,2657.4733,0.0933265,36.609953,15,1.5,0.02,0.04,-0.05,40,40,40
15.725,157.91503,9.8662568,-0.14411639,1.0051937,-157.91503,-9.8662568,0.14411639,-1.0051937,2.8989955,-0.51829346,OK,0,91471.847,2657.96,0.093430347,36.615005,15,1.5,0.02,0.04,-0.05,40,40,40
15.73,157.96254,9.297437,-0.13830065,1.2674693,-157.96254,-9.297437,0.13830065,-1.2674693,3.3578425,-0.43893634,OK,0,91596.608,2658.3922,0.093525983,36.623038,15,1.5,0.02,0.04,-0.05,40,40,40
15.735,158.00762,8.771117,-0.13128598,1.4800315,-158.00762,-8.771117,0.13128598,-1.4800315,3.7617547,-0.36523091,OK,0,91721.44,2658.7769,0.093612163,36.63399,15,1.5,0.02,0.04,-0.05,40,40,40
15.74,158.05023,8.2264097,-0.12332532,1.6535628,-158.05023,-8.2264097,0.12332532,-1.6535628,4.1205254,-0.28899083,OK,0,91846.339,2659.1153,0.093688208,36.647662,15,1.5,0.02,0.04,-0.05,40,40,40
15.745,158.09064,7.954974,-0.11463793,1.795996,-158.09064,-7.954974,0.11463793,-1.795996,4.4544367,-0.24991757,OK,0,91971.302,2659.4317,0.093753918,36.66379,15,1.5,0.02,0.04,-0.05,40,40,40
15.75,158.12937,7.613923,-0.10534632,1.9043872,-158.12937,-7.613923,0.10534632,-1.9043872,4.7435303,-0.2014172,OK,0,92096.327,2659.7215,0.093809407,36.681923,15,1.5,0.02,0.04,-0.05,40,40,40
15.755,158.16665,7.3489106,-0.095569085,1.9875028,-158.16665,-7.3489106,0.095569085,-1.9875028,5.0050075,-0.16327988,OK,0,92221.41,2659.9916,0.093855074,36.701674,15,1.5,0.02,0.04,-0.05,40,40,40
15.76,158.20276,7.1380396,-0.08541174,2.0601902,-158.20276,-7.1380396,0.08541174,-2.0601902,5.2586859,-0.13250471,OK,0,92346.551,2660.2463,0.09389155,36.722896,15,1.5,0.02,0.04,-0.05,40,40,40
15.765,158.2379,6.9563696,-0.074969606,2.1114699,-158.2379,-6.9563696,0.074969606,-2.1114699,5.4856735,-0.10572701,OK,0,92471.747,2660.4883,0.093919652,36.745187,15,1.5,0.02,0.04,-0.05,40,40,40
15.77,158.2723,6.8289742,-0.064291045,2.1514491,-158.2723,-6.8289742,0.064291045,-2.1514491,5.7014128,-0.086316322,OK,0,92596.997,2660.7214,0.093940319,36.768331,15,1.5,0.02,0.04,-0.05,40,40,40
15.775,158.3061,6.7184086,-0.053444369,2.1831816,-158.3061,-6.7184086,0.053444369,-2.1831816,5.9079651,-0.069195444,OK,0,92722.302,2660.9471,0.0939546,36.792162,15,1.5,0.02,0.04,-0.05,40,40,40
15.78,158.33938,6.6172289,-0.042453624,2.2097602,-158.33938,-6.6172289,0.042453624,-2.2097602,6.1093127,-0.053349025,OK,0,92847.658,2661.1661,0.093963612,36.816578,15,1.5,0.02,0.04,-0.05,40,40,40
15.785,158.37226,6.5488974,-0.031344392,2.2303809,-158.37226,-6.5488974,0.031344392,-2.2303809,6.3048066,-0.041946496,OK,0,92973.067,2661.3805,0.093968524,36.841451,15,1.5,0.02,0.04,-0.05,40,40,40
15.79,158.40483,6.492001,-0.020143295,2.2473353,-158.40483,-6.492001,0.020143295,-2.2473353,6.4966303,-0.032088496,OK,0,93098.528,2661.5912,0.093970553,36.866703,15,1.5,0.02,0.04,-0.05,40,40,40
15.795,158.43715,6.4411507,-0.0088629038,2.2632299,-158.43715,-6.4411507,0.0088629038,-2.2632299,6.6882903,-0.023044093,OK,0,93224.039,2661.7987,0.093970946,36.892314,15,1.5,0.02,0.04,-0.05,40,40,40
15.8,158.46926,6.4137183,0.0024871503,2.2741608,-158.46926,-6.4137183,-0.0024871503,-2.2741608,6.8744824,-0.017160059,OK,0,93349.602,2662.0044,0.093970977,36.918173,15,1.5,0.02,0.04,-0.05,40,40,40
15.805,158.50119,6.3708315,0.013906921,2.2900347,-158.50119,-6.3708315,-0.013906921,-2.2900347,7.0685129,-0.0091829017,OK,0,93475.215,2662.2073,0.093971944,36.944394,15,1.5,0.02,0.04,-0.05,40,40,40
15.81,158.53299,6.3501255,0.02538754,2.3017197,-158.53299,-6.3501255,-0.02538754,-2.3017197,7.2580573,-0.0041982119,OK,0,93600.879,2662.4089,0.093975166,36.970884,15,1.5,0.02,0.04,-0.05,40,40,40
15.815,158.56467,6.3301247,0.036936808,2.3143072,-158.56467,-6.3301247,-0.036936808,-2.3143072,7.4500113,0.0006958777,OK,0,93726.592,2662.6093,0.093981988,36.997664,15,1.5,0.02,0.04,-0.05,40,40,40
15.82,158.59629,6.3107695,0.048547027,2.3310546,-158.59629,-6.3107695,-0.048547027,-2.3310546,7.6491438,0.0055015477,OK,0,93852.356,2662.8084,0.093993772,37.024833,15,1.5,0.02,0.04,-0.05,40,40,40
15.825,158.62783,6.3093832,0.060230231,2.3400861,-158.62783,-6.3093832,-0.060230231,-2.3400861,7.8385145,0.0078883334,OK,0,93978.17,2663.0074,0.09401191,37.052213,15,1.5,0.02,0.04,-0.05,40,40,40
15.83,158.65927,6.2810835,0.072006886,2.3625854,-158.65927,-6.2810835,-0.072006886,-2.3625854,8.0484102,0.013905855,OK,0,94104.034,2663.2047,0.094037835,37.080122,15,1.5,0.02,0.04,-0.05,40,40,40
15.835,158.69069,6.2767451,0.083853303,2.3774465,-158.69069,-6.2767451,-0.083853303,-2.3774465,8.2488529,0.0166898,OK,0,94229.948,2663.4017,0.094072992,37.108384,15,1.5,0.02,0.04,-0.05,40,40,40
15.84,158.72205,6.2696113,0.095807314,2.3976729,-158.72205,-6.2696113,-0.095807314,-2.3976729,8.4588446,0.019846787,OK,0,94355.911,2663.5982,0.094118887,37.137128,15,1.5,0.02,0.04,-0.05,40,40,40
15.845,158.7534,6.2708699,0.10784959,2.4172795,-158.7534,-6.2708699,-0.10784959,-2.4172795,8.6695659,0.021863531,OK,0,94481.924,2663.7948,0.094177045,37.166344,15,1.5,0.02,0.04,-0.05,40,40,40
15.85,158.78471,6.2660534,0.12001226,2.438476,-158.78471,-6.2660534,-0.12001226,-2.438476,8.8842343,0.024701942,OK,0,94607.987,2663.9912,0.09424906,37.196075,15,1.5,0.02,0.04,-0.05,40,40,40
15.855,158.81601,6.2500881,0.13229914,2.4713069,-158.81601,-6.2500881,-0.13229914,-2.4713069,9.117771,0.029023734,OK,0,94734.1,2664.1865,0.094336575,37.226612,15,1.5,0.02,0.04,-0.05,40,40,40
15.86,158.84728,6.2474392,0.1447097,2.49552,-158.84728,-6.2474392,-0.1447097,-2.49552,9.3407686,1.35,INFEASIBLE,0,94860.262,2664.3816,0.09444128,37.25775,15,1.5,0.02,0.04,-0.05,40,40,40
15.865,158.88748,9.4411622,0.15524351,1.8592789,-158.88748,-9.4411622,-0.15524351,-1.8592789,8.6729671,1.35,INFEASIBLE,0,94986.488,2664.8273,0.094561782,37.275034,15,1.5,0.02,0.04,-0.05,40,40,40
15.87,158.94005,11.575409,0.16240914,1.1669727,-158.94005,-11.575409,-0.16240914,-1.1669727,7.8284137,1.35,INFEASIBLE,0,95112.798,2665.4973,0.094693666,37.281843,15,1.5,0.02,0.04,-0.05,40,40,40
15.875,159.00452,14.354589,0.16618259,0.51075968,-159.00452,-14.354589,-0.16618259,-0.51075968,7.0131523,1.35,INFEASIBLE,0,95239.21,2666.5275,0.094831749,37.283148,15,1.5,0.02,0.04,-0.05,40,40,40
15.88,159.07753,15.449116,0.16639439,-0.23252,-159.07753,-15.449116,-0.16639439,0.23252,5.946651,-1.2176886,OK,0,95365.739,2667.7209,0.094970185,37.283418,15,1.5,0.02,0.04,-0.05,40,40,40
15.885,159.13195,10.877211,0.16633786,0.34808642,-159.13195,-10.877211,-0.16633786,-0.34808642,6.634925,-0.59283824,OK,0,95492.353,2668.3125,0.095108526,37.284024,15,1.5,0.02,0.04,-0.05,40,40,40
15.89,159.18294,10.891883,0.16913034,0.8004817,-159.18294,-10.891883,-0.16913034,-0.8004817,7.3570117,-0.59491151,OK,0,95619.049,2668.9056,0.095251551,37.287228,15,1.5,0.02,0.04,-0.05,40,40,40
15.895,159.2324,9.5119603,0.17406311,1.1426618,-159.2324,-9.5119603,-0.17406311,-1.1426618,7.8900659,1.35,INFEASIBLE,0,95745.824,2669.358,0.095403041,37.293756,15,1.5,0.02,0.04,-0.05,40,40,40
15.9,159.29474,12.463689,0.17829531,0.53379368,-159.29474,-12.463689,-0.17829531,-0.53379368,7.1595624,1.35,INFEASIBLE,0,95872.698,2670.1347,0.095561987,37.295181,15,1.5,0.02,0.04,-0.05,40,40,40
15.905,159.3684,15.610275,0.17916556,-0.098597352,-159.3684,-15.610275,-0.17916556,0.098597352,6.3513664,1.35,INFEASIBLE,0,95999.69,2671.3531,0.095722489,37.295229,15,1.5,0.02,0.04,-0.05,40,40,40
15.91,159.45238,17.236748,0.17659223,-0.81091453,-159.45238,-17.236748,-0.17659223,0.81091453,5.3110292,1.35,INFEASIBLE,0,96126.815,2672.8387,0.095878413,37.298517,15,1.5,0.02,0.04,-0.05,40,40,40
15.915,159.54507,19.624058,0.17046774,-1.4897816,-159.54507,-19.624058,-0.17046774,1.4897816,4.2982076,1.35,INFEASIBLE,0,96254.088,2674.7642,0.096023709,37.309615,15,1.5,0.02,0.04,-0.05,40,40,40
15.92,159.64897,21.739326,0.16094784,-2.1773734,-159.64897,-21.739326,-0.16094784,2.1773734,3.2107099,1.35,INFEASIBLE,0,96381.527,2677.1272,0.09615323,37.333319,15,1.5,0.02,0.04,-0.05,40,40,40
15.925,159.76108,23.002956,0.14780376,-2.9225871,-159.76108,-23.002956,-0.14780376,2.9225871,1.9485157,1.35,INFEASIBLE,0,96509.145,2679.7729,0.09626246,37.376027,15,1.5,0.02,0.04,-0.05,40,40,40
15.93,159.88558,26.469977,0.13124888,-3.5534011,-159.88558,-26.469977,-0.13124888,3.5534011,0.89514223,0.89514223,INFEASIBLE,0,96636.962,2683.2762,0.096348591,37.43916,15,1.5,0.02,0.04,-0.05,40,40,40
15.935,160.01427,25.131681,0.11161569,-4.1793018,-160.01427,-25.131681,-0.11161569,4.1793018,-0.38916471,-0.38916471,INFEASIBLE,0,96764.985,2686.4342,0.096410882,37.526493,15,1.5,0.02,0.04,-0.05,40,40,40
15.94,160.13138,23.473771,0.090990702,-3.9954642,-160.13138,-23.473771,-0.090990702,3.9954642,-0.4867572,-0.4867572,INFEASIBLE,0,96893.195,2689.1893,0.096452278,37.606312,15,1.5,0.02,0.04,-0.05,40,40,40
15.945,160.24402,22.171739,0.071725563,-3.7399101,-160.24402,-22.171739,-0.071725563,3.7399101,-0.4422318,-0.4422318,INFEASIBLE,0,97021.586,2691.6472,0.096478001,37.676246,15,1.5,0.02,0.04,-0.05,40,40,40
15.95,160.3547,21.847308,0.05398514,-3.4395238,-160.3547,-21.847308,-0.05398514,3.4395238,-0.26852236,-0.26852236,INFEASIBLE,0,97150.154,2694.0337,0.096492573,37.735398,15,1.5,0.02,0.04,-0.05,40,40,40
15.955,160.46345,21.291967,0.037355502,-3.2817774,-160.46345,-21.291967,-0.037355502,3.2817774,-0.30138588,-0.30138588,INFEASIBLE,0,97278.897,2696.3005,0.09649955,37.789248,15,1.5,0.02,0.04,-0.05,40,40,40
15.96,160.56931,20.810376,0.021576069,-3.0972576,-160.56931,-20.810376,-0.021576069,3.0972576,-0.27844409,-0.27844409,INFEASIBLE,0,97407.809,2698.4658,0.096501878,37.837213,15,1.5,0.02,0.04,-0.05,40,40,40
15.965,160.67293,20.184036,0.0066677363,-2.9424549,-160.67293,-20.184036,-0.0066677363,2.9424549,-0.29284611,-0.29284611,INFEASIBLE,0,97536.888,2700.5028,0.0965021,37.880504,15,1.5,0.02,0.04,-0.05,40,40,40
15.97,160.77391,19.839548,-0.0074186199,-2.7621177,-160.77391,-19.839548,0.0074186199,2.7621177,-0.24539572,-0.24539572,INFEASIBLE,0,97666.13,2702.4708,0.096502375,37.91865,15,1.5,0.02,0.04,-0.05,40,40,40
15.975,160.87351,19.674754,-0.020684392,-2.6036893,-160.87351,-19.674754,0.020684392,2.6036893,-0.21133947,-0.21133947,INFEASIBLE,0,97795.531,2704.4063,0.096504514,37.952546,15,1.5,0.02,0.04,-0.05,40,40,40
15.98,160.97185,19.526153,-0.033289461,-2.474434,-160.97185,-19.526153,0.033289461,2.474434,-0.21050985,-0.21050985,INFEASIBLE,0,97925.091,2706.3127,0.096510055,37.98316,15,1.5,0.02,0.04,-0.05,40,40,40
15.985,161.06909,19.370229,-0.045290369,-2.3518773,-161.06909,-19.370229,0.045290369,2.3518773,-0.21098041,-0.21098041,INFEASIBLE,0,98054.807,2708.1887,0.096520311,38.010817,15,1.5,0.02,0.04,-0.05,40,40,40
15.99,161.16489,19.095837,-0.056727415,-2.2405045,-161.16489,-19.095837,0.056727415,2.2405045,-0.22453663,-0.22453663,INFEASIBLE,0,98184.678,2710.0119,0.096536401,38.035916,15,1.5,0.02,0.04,-0.05,40,40,40
15.995,161.25798,18.390842,-0.067672256,-2.1495456,-161.25798,-18.390842,0.067672256,2.1495456,-0.27860908,-0.27860908,INFEASIBLE,0,98314.698,2711.7031,0.096559299,38.059019,15,1.5,0.02,0.04,-0.05,40,40,40
16,161.34966,18.206012,-0.077932389,-1.9893134,-161.34966,-18.206012,0.077932389,1.9893134,-0.19772222,-0.19772222,INFEASIBLE,0,98444.867,2713.3604,0.096589666,38.078806,15,1.5,0.02,0.04,-0.05,40,40,40
16.005,161.44045,18.091563,-0.087610291,-1.8984549,-161.44045,-18.091563,0.087610291,1.8984549,-0.20936517,-0.20936517,INFEASIBLE,0,98575.182,2714.9969,0.096628044,38.096826,15,1.5,0.02,0.04,-0.05,40,40,40
16.01,161.52973,17.740215,-0.096812409,-1.8003984,-161.52973,-17.740215,0.096812409,1.8003984,-0.2125805,-0.2125805,INFEASIBLE,0,98705.641,2716.5705,0.096674907,38.113033,15,1.5,0.02,0.04,-0.05,40,40,40
16.015,161.61757,17.360796,-0.10555318,-1.7138892,-161.61757,-17.360796,0.10555318,1.7138892,-0.22734828,-0.22734828,INFEASIBLE,0,98836.242,2718.0774,0.096730615,38.12772,15,1.5,0.02,0.04,-0.05,40,40,40
16.02,161.70384,17.204304,-0.11380071,-1.6073357,-161.70384,-17.204304,0.11380071,1.6073357,-0.19576516,-0.19576516,INFEASIBLE,0,98966.983,2719.5574,0.096795368,38.140638,15,1.5,0.02,0.04,-0.05,40,40,40
16.025,161.78884,16.88052,-0.12160627,-1.5288099,-161.78884,-16.88052,0.12160627,1.5288099,-0.2063114,-0.2063114,INFEASIBLE,0,99097.861,2720.9821,0.096869308,38.152324,15,1.5,0.02,0.04,-0.05,40,40,40
16.03,161.8727,16.51625,-0.1289819,-1.4510499,-161.8727,-16.51625,0.1289819,1.4510499,-0.21319934,-0.21319934,INFEASIBLE,0,99228.875,2722.3461,0.09695249,38.162852,15,1.5,0.02,0.04,-0.05,40,40,40
16.035,161.955,16.314445,-0.13593303,-1.359693,-161.955,-16.314445,0.13593303,1.359693,-0.18685719,-0.18685719,INFEASIBLE,0,99360.022,2723.6769,0.097044879,38.172096,15,1.5,0.02,0.04,-0.05,40,40,40
16.04,162.03609,16.085312,-0.14251678,-1.2852775,-162.03609,-16.085312,0.14251678,1.2852775,-0.18153366,-0.18153366,INFEASIBLE,0,99491.301,2724.9706,0.097146434,38.180356,15,1.5,0.02,0.04,-0.05,40,40,40
16.045,162.11566,15.800617,-0.14880431,-1.2374749,-162.11566,-15.800617,0.14880431,1.2374749,-0.21393909,-1.3284465,OK,0,99622.708,2726.2189,0.097257148,38.188012,15,1.5,0.02,0.04,-0.05,40,40,40
16.05,162.18219,12.14351,-0.15327633,-0.64350742,-162.18219,-12.14351,0.15327633,0.64350742,0.46497819,-0.83183299,OK,0,99754.223,2726.9562,0.097374616,38.190083,15,1.5,0.02,0.04,-0.05,40,40,40
16.055,162.24031,11.765243,-0.15512864,-0.15963016,-162.24031,-11.765243,0.15512864,0.15963016,1.1490411,-0.7810455,OK,0,99885.833,2727.6483,0.09749494,38.19021,15,1.5,0.02,0.04,-0.05,40,40,40
16.06,162.29731,11.168525,-0.1546338,0.2718411,-162.29731,-11.168525,0.1546338,-0.2718411,1.7809419,-0.69942784,OK,0,100017.54,2728.272,0.097614498,38.19058,15,1.5,0.02,0.04,-0.05,40,40,40
16.065,162.35122,10.577875,-0.15215569,0.64816418,-162.35122,-10.577875,0.15215569,-0.64816418,2.3600503,-0.6178902,OK,0,100149.32,2728.8314,0.097730255,38.19268,15,1.5,0.02,0.04,-0.05,40,40,40
16.07,162.40232,9.9858428,-0.14795008,0.970285,-162.40232,-9.9858428,0.14795008,-0.970285,2.8836564,-0.53564919,OK,0,100281.2,2729.33,0.097839701,38.197388,15,1.5,0.02,0.04,-0.05,40,40,40
16.075,162.45038,9.3151684,-0.14229552,1.2360297,-162.45038,-9.3151684,0.14229552,-1.2360297,3.3412261,-0.44239501,OK,0,100413.15,2729.7639,0.097940941,38.205027,15,1.5,0.02,0.04,-0.05,40,40,40
16.08,162.49573,8.8306217,-0.13543713,1.4501347,-162.49573,-8.8306217,0.13543713,-1.4501347,3.7467846,-0.37436641,OK,0,100545.17,2730.1538,0.098032657,38.215541,15,1.5,0.02,0.04,-0.05,40,40,40
16.085,162.53819,8.3090933,-0.12764593,1.6292608,-162.53819,-8.3090933,0.12764593,-1.6292608,4.1123296,-0.30125483,OK,0,100677.27,2730.499,0.098114125,38.228813,15,1.5,0.02,0.04,-0.05,40,40,40
16.09,162.57841,7.907744,-0.11910011,1.7693066,-162.57841,-7.907744,0.11910011,-1.7693066,4.4353362,-0.24451991,OK,0,100809.42,2730.8116,0.098185049,38.244466,15,1.5,0.02,0.04,-0.05,40,40,40
16.095,162.61704,7.5978018,-0.10996528,1.8709828,-162.61704,-7.5978018,0.10996528,-1.8709828,4.7132479,-0.20026311,OK,0,100941.65,2731.1003,0.098245511,38.261969,15,1.5,0.02,0.04,-0.05,40,40,40
16.1,162.6542,7.3286285,-0.10036483,1.9524357,-162.6542,-7.3286285,0.10036483,-1.9524357,4.9694104,-0.16157568,OK,0,101073.93,2731.3688,0.098295876,38.281029,15,1.5,0.02,0.04,-0.05,40,40,40
16.105,162.69021,7.1173701,-0.090393895,2.0199881,-162.69021,-7.1173701,0.090393895,-2.0199881,5.2125727,-0.13077307,OK,0,101206.27,2731.6221,0.098336732,38.30143,15,1.5,0.02,0.04,-0.05,40,40,40
16.11,162.72526,6.9412566,-0.080142438,2.0727074,-162.72526,-6.9412566,0.080142438,-2.0727074,5.43908,-0.10476519,OK,0,101338.67,2731.863,0.098368846,38.322911,15,1.5,0.02,0.04,-0.05,40,40,40
16.115,162.7596,6.8152879,-0.069669327,2.1065751,-162.7596,-6.8152879,0.069669327,-2.1065751,5.6426263,-0.085580521,OK,0,101471.12,2732.0952,0.098393115,38.345099,15,1.5,0.02,0.04,-0.05,40,40,40
16.12,162.79335,6.7107348,-0.059036333,2.1395135,-162.79335,-6.7107348,0.059036333,-2.1395135,5.8480216,-0.06929809,OK,0,101603.63,2732.3204,0.098410541,38.367987,15,1.5,0.02,0.04,-0.05,40,40,40
16.125,162.82659,6.6103359,-0.048271516,2.1641311,-162.82659,-6.6103359,0.048271516,-2.1641311,6.0430692,-0.053588171,OK,0,101736.19,2732.5389,0.098422192,38.391404,15,1.5,0.02,0.04,-0.05,40,40,40
16.13,162.85945,6.538608,-0.037395803,2.1827736,-162.85945,-6.538608,0.037395803,-2.1827736,6.2319566,-0.041759428,OK,0,101868.81,2732.7527,0.098429184,38.415227,15,1.5,0.02,0.04,-0.05,40,40,40
16.135,162.89196,6.4823141,-0.026430762,2.1994062,-162.89196,-6.4823141,0.026430762,-2.1994062,6.4197797,-0.032015117,OK,0,102001.47,2732.9628,0.098432677,38.439414,15,1.5,0.02,0.04,-0.05,40,40,40
16.14,162.92425,6.4352955,-0.0153989,2.212334,-162.92425,-6.4352955,0.0153989,-2.212334,6.6034142,-0.023523675,OK,0,102134.2,2733.1698,0.098433863,38.463886,15,1.5,0.02,0.04,-0.05,40,40,40
16.145,162.95632,6.3948673,-0.0043058179,2.2238446,-162.95632,-6.3948673,0.0043058179,-2.2238446,6.7861008,-0.015919234,OK,0,102266.97,2733.3743,0.098433955,38.488613,15,1.5,0.02,0.04,-0.05,40,40,40
16.15,162.98821,6.3648727,0.0068507578,2.2358262,-162.98821,-6.3648727,-0.0068507578,-2.2358262,6.9708598,-0.0097191066,OK,0,102399.8,2733.5769,0.09843419,38.513608,15,1.5,0.02,0.04,-0.05,40,40,40
16.155,163.01999,6.3403676,0.018056589,2.2483119,-163.01999,-6.3403676,-0.018056589,-2.2483119,7.1573313,-0.0042581339,OK,0,102532.67,2733.7779,0.09843582,38.538882,15,1.5,0.02,0.04,-0.05,40,40,40
16.16,163.05163,6.3250753,0.029323799,2.2566975,-163.05163,-6.3250753,-0.029323799,-2.2566975,7.338939,-3.5185041e-05,OK,0,102665.6,2733.9779,0.09844012,38.564346,15,1.5,0.02,0.04,-0.05,40,40,40
16.165,163.08322,6.3030816,0.040644353,2.271839,-163.08322,-6.3030816,-0.040644353,-2.271839,7.5312114,0.0050924509,OK,0,102798.58,2734.1765,0.098448379,38.590152,15,1.5,0.02,0.04,-0.05,40,40,40
16.17,163.11473,6.3057341,0.052025034,2.2786949,-163.11473,-6.3057341,-0.052025034,-2.2786949,7.7129419,0.0068977184,OK,0,102931.62,2734.3754,0.098461912,38.616114,15,1.5,0.02,0.04,-0.05,40,40,40
16.175,163.14617,6.2814994,0.06348489,2.2982519,-163.14617,-6.2814994,-0.06348489,-2.2982519,7.9138346,0.012331621,OK,0,103064.7,2734.5726,0.098482064,38.642524,15,1.5,0.02,0.04,-0.05,40,40,40
16.18,163.1776,6.278642,0.075004227,2.3112945,-163.1776,-6.278642,-0.075004227,-2.3112945,8.1067029,0.014880298,OK,0,103197.83,2734.7697,0.098510192,38.669234,15,1.5,0.02,0.04,-0.05,40,40,40
16.185,163.20895,6.2717251,0.086628708,2.3293919,-163.20895,-6.2717251,-0.086628708,-2.3293919,8.3085665,0.017976914,OK,0,103331.02,2734.9664,0.098547715,38.696365,15,1.5,0.02,0.04,-0.05,40,40,40
16.19,163.24031,6.2588696,0.098332563,2.3539935,-163.24031,-6.2588696,-0.098332563,-2.3539935,8.5211396,0.021864789,OK,0,103464.26,2735.1623,0.098596061,38.724071,15,1.5,0.02,0.04,-0.05,40,40,40
16.195,163.27163,6.2700938,0.1101374,2.3653,-163.27163,-6.2700938,-0.1101374,-2.3653,8.7162472,0.022513844,OK,0,103597.54,2735.3589,0.098656713,38.752044,15,1.5,0.02,0.04,-0.05,40,40,40
16.2,163.30296,6.25739,0.1220503,2.3957478,-163.30296,-6.25739,-0.1220503,-2.3957478,8.9407309,0.026366107,OK,0,103730.88,2735.5546,0.098731194,38.780742,15,1.5,0.02,0.04,-0.05,40,40,40
16.205,163.33427,6.2571894,0.13407804,2.4172083,-163.33427,-6.2571894,-0.13407804,-2.4172083,9.153956,0.028538972,OK,0,103864.27,2735.7504,0.098821079,38.809957,15,1.5,0.02,0.04,-0.05,40,40,40
16.21,163.3655,6.2492456,0.14627464,2.446233,-163.3655,-6.2492456,-0.14627464,-2.446233,9.380749,1.35,INFEASIBLE,0,103997.72,2735.9457,0.09892806,38.839877,15,1.5,0.02,0.04,-0.05,40,40,40
16.215,163.40567,8.5131684,0.15654434,1.763165,-163.40567,-8.5131684,-0.15654434,-1.763165,8.6015528,1.35,INFEASIBLE,0,104131.22,2736.308,0.099050591,38.855421,15,1.5,0.02,0.04,-0.05,40,40,40
16.22,163.45795,10.342838,0.1634479,1.0542111,-163.45795,-10.342838,-0.1634479,-1.0542111,7.7159077,-0.52089589,OK,0,104264.82,2736.8429,0.099184167,38.860978,15,1.5,0.02,0.04,-0.05,40,40,40
16.225,163.50515,9.0157733,0.1695425,1.3551781,-163.50515,-9.0157733,-0.1695425,-1.3551781,8.2066384,1.35,INFEASIBLE,0,104398.48,2737.2493,0.09932789,38.87016,15,1.5,0.02,0.04,-0.05,40,40,40
16.23,163.5635,12.749685,0.17469188,0.76595832,-163.5635,-12.749685,-0.17469188,-0.76595832,7.550573,1.35,INFEASIBLE,0,104532.25,2738.0621,0.099480476,38.873094,15,1.5,0.02,0.04,-0.05,40,40,40
16.235,163.63145,13.865564,0.17635819,0.031448767,-163.63145,-13.865564,-0.17635819,-0.031448767,6.5197976,-1.0006303,OK,0,104666.13,2739.0234,0.099635987,38.873099,15,1.5,0.02,0.04,-0.05,40,40,40
16.24,163.68881,10.043556,0.17787063,0.4966058,-163.68881,-10.043556,-0.17787063,-0.4966058,7.0884865,-0.47748716,OK,0,104800.1,2739.5277,0.099794177,38.874332,15,1.5,0.02,0.04,-0.05,40,40,40
16.245,163.74003,10.274607,0.181551,0.88799992,-163.74003,-10.274607,-0.181551,-0.88799992,7.7410498,1.35,INFEASIBLE,0,104934.15,2740.0556,0.099958981,38.878274,15,1.5,0.02,0.04,-0.05,40,40,40
16.25,163.80386,14.026884,0.1843087,0.30842292,-163.80386,-14.026884,-0.1843087,-0.30842292,7.0644173,1.35,INFEASIBLE,0,105068.31,2741.0393,0.10012883,38.87875,15,1.5,0.02,0.04,-0.05,40,40,40
16.255,163.8801,17.336902,0.18379751,-0.31171297,-163.8801,-17.336902,-0.18379751,0.31171297,6.2604712,1.35,INFEASIBLE,0,105202.59,2742.5422,0.10029774,38.879236,15,1.5,0.02,0.04,-0.05,40,40,40
16.26,163.96451,17.845904,0.17976787,-1.0716515,-163.96451,-17.845904,-0.17976787,1.0716515,5.0821671,1.35,INFEASIBLE,0,105337.01,2744.1346,0.10045932,38.884978,15,1.5,0.02,0.04,-0.05,40,40,40
16.265,164.06238,19.610526,0.17246669,-1.7767574,-164.06238,-19.610526,-0.17246669,1.7767574,3.987533,1.35,INFEASIBLE,0,105471.6,2746.0574,0.10060804,38.900762,15,1.5,0.02,0.04,-0.05,40,40,40
16.27,164.17019,22.53618,0.16168113,-2.4278744,-164.17019,-22.53618,-0.16168113,2.4278744,2.9682563,1.35,INFEASIBLE,0,105606.36,2748.5968,0.10073875,38.930235,15,1.5,0.02,0.04,-0.05,40,40,40
16.275,164.28837,24.816128,0.14740848,-3.1131821,-164.28837,-24.816128,-0.14740848,3.1131821,1.8197665,1.35,INFEASIBLE,0,105741.31,2751.676,0.10084739,38.978695,15,1.5,0.02,0.04,-0.05,40,40,40
16.28,164.41744,25.686559,0.12964602,-3.8904172,-164.41744,-25.686559,-0.12964602,3.8904172,0.42487565,0.42487565,INFEASIBLE,0,105876.47,2754.975,0.10093143,39.054372,15,1.5,0.02,0.04,-0.05,40,40,40
16.285,164.54513,24.62674,0.10937344,-4.2080179,-164.54513,-24.62674,-0.10937344,4.2080179,-0.3954531,-0.3954531,INFEASIBLE,0,106011.85,2758.0074,0.10099125,39.142909,15,1.5,0.02,0.04,-0.05,40,40,40
16.29,164.66288,22.939523,0.088859464,-4.0227969,-164.66288,-22.939523,-0.088859464,4.0227969,-0.490465,-0.490465,INFEASIBLE,0,106147.42,2760.6385,0.10103073,39.223823,15,1.5,0.02,0.04,-0.05,40,40,40
16.295,164.77554,22.293586,0.06967414,-3.7110187,-164.77554,-22.293586,-0.06967414,3.7110187,-0.33416161,-0.33416161,INFEASIBLE,0,106283.17,2763.1235,0.101055,39.292681,15,1.5,0.02,0.04,-0.05,40,40,40
16.3,164.88643,21.928164,0.051837972,-3.485711,-164.88643,-21.928164,-0.051837972,3.485711,-0.27614176,-0.27614176,INFEASIBLE,0,106419.11,2765.5277,0.10106844,39.353432,15,1.5,0.02,0.04,-0.05,40,40,40
16.305,164.99509,21.544716,0.034957087,-3.3052046,-164.99509,-21.544716,-0.034957087,3.3052046,-0.27176023,-0.27176023,INFEASIBLE,0,106555.23,2767.8486,0.10107455,39.408054,15,1.5,0.02,0.04,-0.05,40,40,40
16.31,165.10116,21.134621,0.018896515,-3.138182,-165.10116,-21.134621,-0.018896515,3.138182,-0.27641713,-0.27641713,INFEASIBLE,0,106691.52,2770.082,0.10107633,39.457295,15,1.5,0.02,0.04,-0.05,40,40,40
16.315,165.20561,20.712228,0.0037076136,-2.970163,-165.20561,-20.712228,-0.0037076136,2.970163,-0.26702904,-0.26702904,INFEASIBLE,0,106827.99,2772.227,0.1010764,39.501404,15,1.5,0.02,0.04,-0.05,40,40,40
16.32,165.30725,20.441236,-0.01073066,-2.8069856,-165.30725,-20.441236,0.01073066,2.8069856,-0.24764389,-0.24764389,INFEASIBLE,0,106964.62,2774.3162,0.10107697,39.5408,15,1.5,0.02,0.04,-0.05,40,40,40
16.325,165.40794,19.92916,-0.024367145,-2.6752165,-165.40794,-19.92916,0.024367145,2.6752165,-0.27300678,-0.27300678,INFEASIBLE,0,107101.42,2776.302,0.10107994,39.576584,15,1.5,0.02,0.04,-0.05,40,40,40
16.33,165.50702,19.585618,-0.0372449,-2.5207085,-165.50702,-19.585618,0.0372449,2.5207085,-0.24617099,-0.24617099,INFEASIBLE,0,107238.38,2778.22,0.10108688,39.608354,15,1.5,0.02,0.04,-0.05,40,40,40
16.335,165.60254,19.030136,-0.049531757,-2.4004441,-165.60254,-19.030136,0.049531757,2.4004441,-0.27038639,-0.27038639,INFEASIBLE,0,107375.5,2780.0308,0.10109915,39.637165,15,1.5,0.02,0.04,-0.05,40,40,40
16.34,165.69741,18.943546,-0.061056438,-2.2403313,-165.69741,-18.943546,0.061056438,2.2403313,-0.20465345,-0.20465345,INFEASIBLE,0,107512.78,2781.825,0.10111779,39.66226,15,1.5,0.02,0.04,-0.05,40,40,40
16.345,165.79091,18.601634,-0.071959191,-2.1410566,-165.79091,-18.601634,0.071959191,2.1410566,-0.23108927,-0.23108927,INFEASIBLE,0,107650.21,2783.5551,0.10114368,39.685181,15,1.5,0.02,0.04,-0.05,40,40,40
16.35,165.88279,18.152527,-0.082317218,-2.0293157,-165.88279,-18.152527,0.082317218,2.0293157,-0.23497487,-0.23497487,INFEASIBLE,0,107787.8,2785.2027,0.10117756,39.705771,15,1.5,0.02,0.04,-0.05,40,40,40
16.355,165.97316,18.014065,-0.092110913,-1.9114945,-165.97316,-18.014065,0.092110913,1.9114945,-0.20887953,-0.20887953,INFEASIBLE,0,107925.53,2786.8253,0.10121998,39.72404,15,1.5,0.02,0.04,-0.05,40,40,40
16.36,166.06189,17.649263,-0.10139977,-1.8151319,-166.06189,-17.649263,0.10139977,1.8151319,-0.21648609,-0.21648609,INFEASIBLE,0,108063.42,2788.3827,0.10127139,39.740514,15,1.5,0.02,0.04,-0.05,40,40,40
16.365,166.14944,17.357769,-0.11019973,-1.7201733,-166.14944,-17.357769,0.11019973,1.7201733,-0.21595641,-0.21595641,INFEASIBLE,0,108201.44,2789.8892,0.10133211,39.755309,15,1.5,0.02,0.04,-0.05,40,40,40
16.37,166.23587,17.072909,-0.11851605,-1.6364815,-166.23587,-17.072909,0.11851605,1.6364815,-0.22482915,-0.22482915,INFEASIBLE,0,108339.62,2791.3466,0.10140234,39.768699,15,1.5,0.02,0.04,-0.05,40,40,40
16.375,166.32054,16.774984,-0.12638271,-1.5398707,-166.32054,-16.774984,0.12638271,1.5398707,-0.20813667,-0.20813667,INFEASIBLE,0,108477.93,2792.7536,0.1014822,39.780555,15,1.5,0.02,0.04,-0.05,40,40,40
16.38,166.40367,16.609734,-0.13384312,-1.4604887,-166.40367,-16.609734,0.13384312,1.4604887,-0.20591721,-0.20591721,INFEASIBLE,0,108616.38,2794.133,0.10157177,39.79122,15,1.5,0.02,0.04,-0.05,40,40,40
16.385,166.48563,16.422283,-0.14089248,-1.3743182,-166.48563,-16.422283,0.14089248,1.3743182,-0.18826061,-0.18826061,INFEASIBLE,0,108754.97,2795.4815,0.10167103,39.800664,15,1.5,0.02,0.04,-0.05,40,40,40
16.39,166.5665,16.180804,-0.14758094,-1.3048268,-166.5665,-16.180804,0.14758094,1.3048268,-0.19239219,-0.19239219,INFEASIBLE,0,108893.69,2796.7906,0.10177993,39.809177,15,1.5,0.02,0.04,-0.05,40,40,40
16.395,166.64581,15.807482,-0.15395941,-1.2437231,-166.64581,-15.807482,0.15395941,1.2437231,-0.20976017,-1.3312423,OK,0,109032.54,2798.04,0.10189844,39.816911,15,1.5,0.02,0.04,-0.05,40,40,40
16.4,166.71308,12.458809,-0.15846519,-0.63100112,-166.71308,-12.458809,0.15846519,0.63100112,0.50913448,-0.8764903,OK,0,109171.51,2798.8161,0.102024,39.818902,15,1.5,0.02,0.04,-0.05,40,40,40
16.405,166.77463,12.51852,-0.16009941,-0.10976637,-166.77463,-12.51852,0.16009941,0.10976637,1.2700928,-0.88543677,OK,0,109310.58,2799.5996,0.10215216,39.818962,15,1.5,0.02,0.04,-0.05,40,40,40
16.41,166.83054,10.913332,-0.15943611,0.3274658,-166.83054,-10.913332,0.15943611,-0.3274658,1.8728012,-0.66595963,OK,0,109449.74,2800.1951,0.10227926,39.819498,15,1.5,0.02,0.04,-0.05,40,40,40
16.415,166.88374,10.747618,-0.15672027,0.69964741,-166.88374,-10.747618,0.15672027,-0.69964741,2.4662465,-0.64228765,OK,0,109588.99,2800.7727,0.10240206,39.821946,15,1.5,0.02,0.04,-0.05,40,40,40
16.42,166.93357,9.5116435,-0.1523033,1.0085399,-166.93357,-9.5116435,0.1523033,-1.0085399,2.9473975,-0.47205743,OK,0,109728.32,2801.2251,0.10251805,39.827032,15,1.5,0.02,0.04,-0.05,40,40,40
16.425,166.98073,9.2356887,-0.14653167,1.252872,-166.98073,-9.2356887,0.14653167,-1.252872,3.3903752,-0.43259084,OK,0,109867.74,2801.6515,0.1026254,39.83488,15,1.5,0.02,0.04,-0.05,40,40,40
16.43,167.02512,8.6486985,-0.13968927,1.4561194,-167.02512,-8.6486985,0.13968927,-1.4561194,3.7752904,-0.35058671,OK,0,110007.22,2802.0255,0.10272297,39.845482,15,1.5,0.02,0.04,-0.05,40,40,40
16.435,167.067,8.1872671,-0.13194461,1.6118869,-167.067,-8.1872671,0.13194461,-1.6118869,4.107492,-0.28568157,OK,0,110146.78,2802.3607,0.10281002,39.858473,15,1.5,0.02,0.04,-0.05,40,40,40
16.44,167.10681,7.8079319,-0.12350473,1.7348368,-167.10681,-7.8079319,0.12350473,-1.7348368,4.4041378,-0.2319738,OK,0,110286.4,2802.6655,0.10288628,39.873521,15,1.5,0.02,0.04,-0.05,40,40,40
16.445,167.14515,7.577186,-0.11449492,1.8460189,-167.14515,-7.577186,0.11449492,-1.8460189,4.697595,-0.19846719,OK,0,110426.09,2802.9526,0.10295183,39.89056,15,1.5,0.02,0.04,-0.05,40,40,40
16.45,167.18194,7.2470168,-0.10507106,1.9194582,-167.18194,-7.2470168,0.10507106,-1.9194582,4.9366409,-0.15152788,OK,0,110565.84,2803.2152,0.10300703,39.908981,15,1.5,0.02,0.04,-0.05,40,40,40
16.455,167.21788,7.1201069,-0.095294655,1.9755391,-167.21788,-7.1201069,0.095294655,-1.9755391,5.1630507,-0.13221124,OK,0,110705.65,2803.4687,0.10305243,39.928495,15,1.5,0.02,0.04,-0.05,40,40,40
16.46,167.25296,6.9468115,-0.085254497,2.0276557,-167.25296,-6.9468115,0.085254497,-2.0276557,5.3855977,-0.10660745,OK,0,110845.52,2803.71,0.10308877,39.949052,15,1.5,0.02,0.04,-0.05,40,40,40
16.465,167.28714,6.7577439,-0.075012988,2.0636795,-167.28714,-6.7577439,0.075012988,-2.0636795,5.586377,-0.078902313,OK,0,110985.44,2803.9383,0.10311691,39.970346,15,1.5,0.02,0.04,-0.05,40,40,40
16.47,167.32077,6.6543811,-0.064614122,2.0870109,-167.32077,-6.6543811,0.064614122,-2.0870109,5.7738952,-0.062827801,OK,0,111125.42,2804.1597,0.10313778,39.992124,15,1.5,0.02,0.04,-0.05,40,40,40
16.475,167.35397,6.6177223,-0.054100739,2.1113833,-167.35397,-6.6177223,0.054100739,-2.1113833,5.9673521,-0.055777599,OK,0,111265.46,2804.3787,0.10315242,40.014414,15,1.5,0.02,0.04,-0.05,40,40,40
16.48,167.38674,6.5150892,-0.043501835,2.1267147,-167.38674,-6.5150892,0.043501835,-2.1267147,6.145883,-0.039811232,OK,0,111405.55,2804.5909,0.10316188,40.037028,15,1.5,0.02,0.04,-0.05,40,40,40
16.485,167.41925,6.4779633,-0.032828732,2.1397297,-167.41925,-6.4779633,0.032828732,-2.1397297,6.324667,-0.032703097,OK,0,111545.7,2804.8007,0.10316727,40.05992,15,1.5,0.02,0.04,-0.05,40,40,40
16.49,167.45146,6.4241928,-0.02209729,2.151226,-167.45146,-6.4241928,0.02209729,-2.151226,6.5013766,-0.02334299,OK,0,111685.9,2805.0071,0.10316971,40.083059,15,1.5,0.02,0.04,-0.05,40,40,40
16.495,167.4835,6.3816679,-0.011311549,2.1617566,-167.4835,-6.3816679,0.011311549,-2.1617566,6.6778984,-0.015499737,OK,0,111826.15,2805.2107,0.10317035,40.106425,15,1.5,0.02,0.04,-0.05,40,40,40
16.5,167.51538,6.3731804,-0.00048013208,2.1689579,-167.51538,-6.3731804,0.00048013208,-2.1689579,6.8514697,-0.012252477,OK,0,111966.46,2805.4138,0.10317035,40.129947,15,1.5,0.02,0.04,-0.05,40,40,40
16.505,167.54714,6.3387455,0.010398428,2.1804066,-167.54714,-6.3387455,-0.010398428,-2.1804066,7.0310788,-0.0054951861,OK,0,112106.82,2805.6147,0.10317089,40.153718,15,1.5,0.02,0.04,-0.05,40,40,40
16.51,167.57879,6.3235913,0.0213232,2.1893238,-167.57879,-6.3235913,-0.0213232,-2.1893238,7.2083532,-0.0013391312,OK,0,112247.23,2805.8146,0.10317317,40.177684,15,1.5,0.02,0.04,-0.05,40,40,40
16.515,167.61034,6.3036177,0.03230356,2.199983,-167.61034,-6.3036177,-0.03230356,-2.199983,7.3888795,0.0034725526,OK,0,112387.7,2806.0133,0.10317838,40.201883,15,1.5,0.02,0.04,-0.05,40,40,40
16.52,167.64185,6.3000922,0.043329294,2.209069,-167.64185,-6.3000922,-0.043329294,-2.209069,7.5683836,0.0060640635,OK,0,112528.22,2806.2118,0.10318777,40.226283,15,1.5,0.02,0.04,-0.05,40,40,40
16.525,167.67329,6.2884901,0.054420625,2.2212655,-167.67329,-6.2884901,-0.054420625,-2.2212655,7.7532131,0.0097497061,OK,0,112668.79,2806.4095,0.10320258,40.250953,15,1.5,0.02,0.04,-0.05,40,40,40
16.53,167.70467,6.2668218,0.065587253,2.2403112,-167.70467,-6.2668218,-0.065587253,-2.2403112,7.9490418,0.014794473,OK,0,112809.41,2806.6058,0.10322409,40.276048,15,1.5,0.02,0.04,-0.05,40,40,40
16.535,167.73602,6.2666356,0.076818213,2.2538481,-167.73602,-6.2666356,-0.076818213,-2.2538481,8.1384312,0.016939487,OK,0,112950.09,2806.8022,0.10325359,40.301448,15,1.5,0.02,0.04,-0.05,40,40,40
16.54,167.76734,6.2599002,0.088138138,2.2709112,-167.76734,-6.2599002,-0.088138138,-2.2709112,8.3341815,0.019969782,OK,0,113090.82,2806.9981,0.10329243,40.327233,15,1.5,0.02,0.04,-0.05,40,40,40
16.545,167.79864,6.2605549,0.09954294,2.2885592,-167.79864,-6.2605549,-0.09954294,-2.2885592,8.5323779,0.021997811,OK,0,113231.6,2807.1941,0.10334198,40.35342,15,1.5,0.02,0.04,-0.05,40,40,40
16.55,167.82992,6.259135,0.1110461,2.3069884,-167.82992,-6.259135,-0.1110461,-2.3069884,8.733138,0.024306485,OK,0,113372.44,2807.39,0.10340363,40.380031,15,1.5,0.02,0.04,-0.05,40,40,40
16.555,167.86123,6.2498325,0.12265032,2.3368156,-167.86123,-6.2498325,-0.12265032,-2.3368156,8.9521961,0.027657548,OK,0,113513.32,2807.5853,0.10347885,40.407335,15,1.5,0.02,0.04,-0.05,40,40,40
16.56,167.8925,6.2484892,0.13438754,2.3593738,-167.8925,-6.2484892,-0.13438754,-2.3593738,9.1626632,0.029946391,OK,0,113654.26,2807.7805,0.10356915,40.435168,15,1.5,0.02,0.04,-0.05,40,40,40
16.565,167.92373,6.2439151,0.14626474,2.3860855,-167.92373,-6.2439151,-0.14626474,-2.3860855,9.3813306,1.35,INFEASIBLE,0,113795.25,2807.9754,0.10367612,40.463635,15,1.5,0.02,0.04,-0.05,40,40,40
16.57,167.96427,9.3884732,0.15625823,1.7454237,-167.96427,-9.3884732,-0.15625823,-1.7454237,8.6968334,1.35,INFEASIBLE,0,113936.31,2808.4162,0.1037982,40.478868,15,1.5,0.02,0.04,-0.05,40,40,40
16.575,168.01577,11.454445,0.16282425,1.0525181,-168.01577,-11.454445,-0.16282425,-1.0525181,7.8396342,1.35,INFEASIBLE,0,114077.46,2809.0722,0.10393076,40.484407,15,1.5,0.02,0.04,-0.05,40,40,40
16.58,168.07955,13.673247,0.16600924,0.36376454,-168.07955,-13.673247,-0.16600924,-0.36376454,6.9443062,-0.97503885,OK,0,114218.71,2810.007,0.10406855,40.485068,15,1.5,0.02,0.04,-0.05,40,40,40
16.585,168.13063,8.9125122,0.16883807,0.75623938,-168.13063,-8.9125122,-0.16883807,-0.75623938,7.3860432,-0.3242523,OK,0,114360.05,2810.4041,0.10421109,40.487928,15,1.5,0.02,0.04,-0.05,40,40,40
16.59,168.17845,9.7701478,0.17365896,1.0892514,-168.17845,-9.7701478,-0.17365896,-1.0892514,7.9931364,1.35,INFEASIBLE,0,114501.47,2810.8814,0.10436187,40.49386,15,1.5,0.02,0.04,-0.05,40,40,40
16.595,168.23853,13.876692,0.17737604,0.5276688,-168.23853,-13.876692,-0.17737604,-0.5276688,7.3719821,1.35,INFEASIBLE,0,114643,2811.8442,0.10451918,40.495252,15,1.5,0.02,0.04,-0.05,40,40,40
16.6,168.31145,15.076894,0.17780386,-0.20905581,-168.31145,-15.076894,-0.17780386,0.20905581,6.322779,-1.1664274,OK,0,114784.64,2812.9808,0.10467725,40.495471,15,1.5,0.02,0.04,-0.05,40,40,40
16.605,168.36486,9.797956,0.1778133,0.2760769,-168.36486,-9.797956,-0.1778133,-0.2760769,6.8405305,-0.44373454,OK,0,114926.37,2813.4608,0.10483534,40.495852,15,1.5,0.02,0.04,-0.05,40,40,40
16.61,168.41841,10.720859,0.1805487,0.69190267,-168.41841,-10.720859,-0.1805487,-0.69190267,7.5432871,1.35,INFEASIBLE,0,115068.2,2814.0355,0.10499833,40.498245,15,1.5,0.02,0.04,-0.05,40,40,40
16.615,168.48535,13.636981,0.18243736,0.076471714,-168.48535,-13.636981,-0.18243736,-0.076471714,6.7664543,1.35,INFEASIBLE,0,115210.13,2814.9653,0.10516475,40.498275,15,1.5,0.02,0.04,-0.05,40,40,40
16.62,168.56513,16.949644,0.18103012,-0.54845536,-168.56513,-16.949644,-0.18103012,0.54845536,5.9420572,1.35,INFEASIBLE,0,115352.2,2816.4018,0.10532861,40.499779,15,1.5,0.02,0.04,-0.05,40,40,40
16.625,168.6517,17.55458,0.17599561,-1.3130977,-168.6517,-17.55458,-0.17599561,1.3130977,4.7455049,1.35,INFEASIBLE,0,115494.42,2817.9426,0.10548348,40.5084,15,1.5,0.02,0.04,-0.05,40,40,40
16.63,168.74979,19.86247,0.16757539,-1.9907111,-168.74979,-19.86247,-0.16757539,1.9907111,3.6970588,1.35,INFEASIBLE,0,115636.8,2819.9152,0.10562389,40.528214,15,1.5,0.02,0.04,-0.05,40,40,40
16.635,168.85995,22.144078,0.1557852,-2.6766731,-168.85995,-22.144078,-0.1557852,2.6766731,2.5847305,1.35,INFEASIBLE,0,115779.37,2822.367,0.10574523,40.564037,15,1.5,0.02,0.04,-0.05,40,40,40
16.64,168.9785,24.668598,0.14038045,-3.3571647,-168.9785,-24.668598,-0.14038045,3.3571647,1.4362737,1.35,INFEASIBLE,0,115922.14,2825.4097,0.10584377,40.62039,15,1.5,0.02,0.04,-0.05,40,40,40
16.645,169.10724,27.37317,0.12141948,-4.0317272,-169.10724,-27.37317,-0.12141948,4.0317272,0.25077301,0.25077301,INFEASIBLE,0,116065.13,2829.1561,0.10591748,40.701664,15,1.5,0.02,0.04,-0.05,40,40,40
16.65,169.23303,24.676434,0.10018968,-4.3316687,-169.23303,-24.676434,-0.10018968,4.3316687,-0.62293981,-0.62293981,INFEASIBLE,0,116208.33,2832.2008,0.10596767,40.795481,15,1.5,0.02,0.04,-0.05,40,40,40
16.655,169.34996,22.815399,0.079457148,-4.0012924,-169.34996,-22.815399,-0.079457148,4.0012924,-0.51046617,-0.51046617,INFEASIBLE,0,116351.72,2834.8035,0.10599924,40.875533,15,1.5,0.02,0.04,-0.05,40,40,40
16.66,169.46012,22.172854,0.060265285,-3.6772033,-169.46012,-22.172854,-0.060265285,3.6772033,-0.33570911,-0.33570911,INFEASIBLE,0,116495.31,2837.2616,0.1060174,40.943142,15,1.5,0.02,0.04,-0.05,40,40,40
16.665,169.56954,22.082264,0.04249983,-3.4370534,-169.56954,-22.082264,-0.04249983,3.4370534,-0.24340117,-0.24340117,INFEASIBLE,0,116639.08,2839.6998,0.10602643,41.002208,15,1.5,0.02,0.04,-0.05,40,40,40
16.67,169.67717,21.399719,0.025643653,-3.3076686,-169.67717,-21.399719,-0.025643653,3.3076686,-0.32731596,-0.32731596,INFEASIBLE,0,116783.03,2841.9895,0.10602972,41.056912,15,1.5,0.02,0.04,-0.05,40,40,40
16.675,169.78162,20.802511,0.0096305313,-3.1170616,-169.78162,-20.802511,-0.0096305313,3.1170616,-0.30340147,-0.30340147,INFEASIBLE,0,116927.16,2844.1532,0.10603018,41.105492,15,1.5,0.02,0.04,-0.05,40,40,40
16.68,169.88498,20.778382,-0.0053635846,-2.907532,-169.88498,-20.778382,0.0053635846,2.907532,-0.21291681,-0.21291681,INFEASIBLE,0,117071.46,2846.3119,0.10603032,41.147761,15,1.5,0.02,0.04,-0.05,40,40,40
16.685,169.98702,20.271413,-0.019587191,-2.7956649,-169.98702,-20.271413,0.019587191,2.7956649,-0.27670838,-0.27670838,INFEASIBLE,0,117215.94,2848.3666,0.10603224,41.18684,15,1.5,0.02,0.04,-0.05,40,40,40
16.69,170.08657,19.815068,-0.0331353,-2.6425831,-170.08657,-19.815068,0.0331353,2.6425831,-0.26656996,-0.26656996,INFEASIBLE,0,117360.59,2850.3298,0.10603773,41.221756,15,1.5,0.02,0.04,-0.05,40,40,40
16.695,170.18485,19.338128,-0.045887026,-2.5037859,-170.18485,-19.338128,0.045887026,2.5037859,-0.26676215,-0.26676215,INFEASIBLE,0,117505.4,2852.1996,0.10604826,41.253101,15,1.5,0.02,0.04,-0.05,40,40,40
16.7,170.28113,19.061756,-0.057923947,-2.3544995,-170.28113,-19.061756,0.057923947,2.3544995,-0.23251559,-0.23251559,INFEASIBLE,0,117650.38,2854.0163,0.10606504,41.280819,15,1.5,0.02,0.04,-0.05,40,40,40
16.705,170.37584,18.852482,-0.069308028,-2.2292814,-170.37584,-18.852482,0.069308028,2.2292814,-0.22192651,-0.22192651,INFEASIBLE,0,117795.52,2855.7934,0.10608905,41.305667,15,1.5,0.02,0.04,-0.05,40,40,40
16.71,170.46852,18.477099,-0.080148835,-2.1210403,-170.46852,-18.477099,0.080148835,2.1210403,-0.23533854,-0.23533854,INFEASIBLE,0,117940.82,2857.5004,0.10612117,41.328161,15,1.5,0.02,0.04,-0.05,40,40,40
16.715,170.55976,18.018029,-0.09043296,-2.0148705,-170.55976,-18.018029,0.09043296,2.0148705,-0.24688373,-0.24688373,INFEASIBLE,0,118086.27,2859.1237,0.10616206,41.34846,15,1.5,0.02,0.04,-0.05,40,40,40
16.72,170.64935,17.862873,-0.10014934,-1.8921878,-170.64935,-17.862873,0.10014934,1.8921878,-0.21301986,-0.21301986,INFEASIBLE,0,118231.88,2860.7191,0.10621221,41.366362,15,1.5,0.02,0.04,-0.05,40,40,40
16.725,170.73738,17.516016,-0.10934497,-1.7981175,-170.73738,-17.516016,0.10934497,1.7981175,-0.22196254,-0.22196254,INFEASIBLE,0,118377.63,2862.2532,0.10627199,41.382528,15,1.5,0.02,0.04,-0.05,40,40,40
16.73,170.82401,17.109322,-0.11808218,-1.7124153,-170.82401,-17.109322,0.11808218,1.7124153,-0.23900262,-0.23900262,INFEASIBLE,0,118523.54,2863.7168,0.10634171,41.39719,15,1.5,0.02,0.04,-0.05,40,40,40
16.735,170.90926,16.935795,-0.12629243,-1.6010649,-170.90926,-16.935795,0.12629243,1.6010649,-0.20036683,-0.20036683,INFEASIBLE,0,118669.59,2865.1509,0.10642146,41.410007,15,1.5,0.02,0.04,-0.05,40,40,40
16.74,170.99301,16.468195,-0.13405241,-1.5252377,-170.99301,-16.468195,0.13405241,1.5252377,-0.22005486,-0.22005486,INFEASIBLE,0,118815.78,2866.5069,0.10651131,41.421639,15,1.5,0.02,0.04,-0.05,40,40,40
16.745,171.07537,16.432012,-0.14142061,-1.4415259,-171.07537,-16.432012,0.14142061,1.4415259,-0.20481005,-0.20481005,INFEASIBLE,0,118962.11,2867.857,0.10661131,41.432029,15,1.5,0.02,0.04,-0.05,40,40,40
16.75,171.15622,16.081032,-0.14839358,-1.3635814,-171.15622,-16.081032,0.14839358,1.3635814,-0.20491018,-0.20491018,INFEASIBLE,0,119108.58,2869.15,0.10672141,41.441325,15,1.5,0.02,0.04,-0.05,40,40,40
16.755,171.23557,15.900293,-0.15499699,-1.2894686,-171.23557,-15.900293,0.15499699,1.2894686,-0.19843459,-1.3442079,OK,0,119255.19,2870.4141,0.10684153,41.449639,15,1.5,0.02,0.04,-0.05,40,40,40
16.76,171.30274,11.756766,-0.15967311,-0.70168761,-171.30274,-11.756766,0.15967311,0.70168761,0.4486973,-0.78093197,OK,0,119401.92,2871.1052,0.10696901,41.452101,15,1.5,0.02,0.04,-0.05,40,40,40
16.765,171.36412,12.316196,-0.1616501,-0.20484328,-171.36412,-12.316196,0.1616501,0.20484328,1.1879138,-0.85827278,OK,0,119548.74,2871.8636,0.10709966,41.452311,15,1.5,0.02,0.04,-0.05,40,40,40
16.77,171.42095,10.941228,-0.1614289,0.22255977,-171.42095,-10.941228,0.1614289,-0.22255977,1.7784743,-0.6703876,OK,0,119695.67,2872.4622,0.10722996,41.452558,15,1.5,0.02,0.04,-0.05,40,40,40
16.775,171.47349,10.412318,-0.15926303,0.5806642,-171.47349,-10.412318,0.15926303,-0.5806642,2.3280133,-0.59733057,OK,0,119842.69,2873.0042,0.10735678,41.454244,15,1.5,0.02,0.04,-0.05,40,40,40
16.78,171.52378,9.8902531,-0.15543059,0.89272196,-171.52378,-9.8902531,0.15543059,-0.89272196,2.8337097,-0.52469174,OK,0,119989.79,2873.4933,0.10747758,41.458229,15,1.5,0.02,0.04,-0.05,40,40,40
16.785,171.57083,9.3968594,-0.15020211,1.1691301,-171.57083,-9.3968594,0.15020211,-1.1691301,3.3079545,-0.45562558,OK,0,120136.97,2873.9348,0.10759038,41.465063,15,1.5,0.02,0.04,-0.05,40,40,40
16.79,171.61489,8.6018439,-0.14380468,1.3718839,-171.61489,-8.6018439,0.14380468,-1.3718839,3.6771272,-0.34532593,OK,0,120284.23,2874.3048,0.10769378,41.474474,15,1.5,0.02,0.04,-0.05,40,40,40
16.795,171.65712,8.214707,-0.13645993,1.5282482,-171.65712,-8.214707,0.13645993,-1.5282482,4.007204,-0.29059756,OK,0,120431.56,2874.6422,0.10778689,41.486151,15,1.5,0.02,0.04,-0.05,40,40,40
16.8,171.69763,7.9520169,-0.12839084,1.664405,-171.69763,-7.9520169,0.12839084,-1.664405,4.3227782,-0.25277656,OK,0,120578.96,2874.9584,0.10786931,41.500003,15,1.5,0.02,0.04,-0.05,40,40,40
16.805,171.7364,7.6194996,-0.11976065,1.7687149,-171.7364,-7.6194996,0.11976065,-1.7687149,4.5961705,-0.20548415,OK,0,120726.43,2875.2487,0.10794102,41.515644,15,1.5,0.02,0.04,-0.05,40,40,40
16.81,171.77367,7.3462835,-0.11066065,1.8560815,-171.77367,-7.3462835,0.11066065,-1.8560815,4.8535374,-0.16627898,OK,0,120873.96,2875.5185,0.10800225,41.532869,15,1.5,0.02,0.04,-0.05,40,40,40
16.815,171.80978,7.1379722,-0.10119131,1.9157596,-171.80978,-7.1379722,0.10119131,-1.9157596,5.0774844,-0.13593919,OK,0,121021.55,2875.7733,0.10805345,41.55122,15,1.5,0.02,0.04,-0.05,40,40,40
16.82,171.84494,6.9595453,-0.091448895,1.9678613,-171.84494,-6.9595453,0.091448895,-1.9678613,5.2953392,-0.10967239,OK,0,121169.2,2876.0154,0.10809526,41.570583,15,1.5,0.02,0.04,-0.05,40,40,40
16.825,171.87933,6.8204456,-0.08149745,2.0070785,-171.87933,-6.8204456,0.08149745,-2.0070785,5.4985604,-0.088764326,OK,0,121316.92,2876.248,0.10812847,41.590724,15,1.5,0.02,0.04,-0.05,40,40,40
16.83,171.91311,6.708458,-0.071377826,2.0337768,-171.91311,-6.708458,0.071377826,-2.0337768,5.6865982,-0.071549283,OK,0,121464.69,2876.473,0.10815395,41.611406,15,1.5,0.02,0.04,-0.05,40,40,40
16.835,171.94637,6.6205888,-0.061131909,2.0591258,-171.94637,-6.6205888,0.061131909,-2.0591258,5.875461,-0.057602233,OK,0,121612.52,2876.6922,0.10817263,41.632606,15,1.5,0.02,0.04,-0.05,40,40,40
16.84,171.97923,6.5387364,-0.050791804,2.0758395,-171.97923,-6.5387364,0.050791804,-2.0758395,6.0530161,-0.044479926,OK,0,121760.4,2876.906,0.10818553,41.654151,15,1.5,0.02,0.04,-0.05,40,40,40
16.845,172.01176,6.4839091,-0.040373246,2.0890594,-172.01176,-6.4839091,0.040373246,-2.0890594,6.2275819,-0.035014169,OK,0,121908.34,2877.1162,0.10819368,41.675972,15,1.5,0.02,0.04,-0.05,40,40,40
16.85,172.04404,6.439456,-0.029899745,2.0994115,-172.04404,-6.439456,0.029899745,-2.0994115,6.3990801,-0.026951172,OK,0,122056.34,2877.3235,0.10819815,41.69801,15,1.5,0.02,0.04,-0.05,40,40,40
16.855,172.07615,6.4025029,-0.019381275,2.1079052,-172.07615,-6.4025029,0.019381275,-2.1079052,6.5687617,-0.01990042,OK,0,122204.39,2877.5285,0.10820003,41.720226,15,1.5,0.02,0.04,-0.05,40,40,40
16.86,172.10808,6.3791228,-0.0088188156,2.1152156,-172.10808,-6.3791228,0.0088188156,-2.1152156,6.7378676,-0.014680269,OK,0,122352.49,2877.7319,0.10820042,41.742597,15,1.5,0.02,0.04,-0.05,40,40,40
16.865,172.13985,6.3405144,0.0017905899,2.1262559,-172.13985,-6.3405144,-0.0017905899,-2.1262559,6.9126603,-0.0073975163,OK,0,122500.65,2877.9329,0.10820043,41.765201,15,1.5,0.02,0.04,-0.05,40,40,40
16.87,172.17151,6.3246744,0.012439228,2.1332599,-172.17151,-6.3246744,-0.012439228,-2.1332599,7.0828954,-0.0031878628,OK,0,122648.87,2878.133,0.10820121,41.787955,15,1.5,0.02,0.04,-0.05,40,40,40
16.875,172.20308,6.3094455,0.023132536,2.1415861,-172.20308,-6.3094455,-0.023132536,-2.1415861,7.2558067,0.00094333996,OK,0,122797.14,2878.332,0.10820388,41.810887,15,1.5,0.02,0.04,-0.05,40,40,40
16.88,172.2346,6.2914516,0.033866854,2.1540152,-172.2346,-6.2914516,-0.033866854,-2.1540152,7.4353757,0.0054487384,OK,0,122945.46,2878.5299,0.10820962,41.834086,15,1.5,0.02,0.04,-0.05,40,40,40
16.885,172.26605,6.2904088,0.044656452,2.1601065,-172.26605,-6.2904088,-0.044656452,-2.1601065,7.6069437,0.0076714221,OK,0,123093.84,2878.7278,0.10821959,41.857417,15,1.5,0.02,0.04,-0.05,40,40,40
16.89,172.29743,6.2710244,0.055507625,2.1763255,-172.29743,-6.2710244,-0.055507625,-2.1763255,7.7938922,0.012370105,OK,0,123242.27,2878.9244,0.10823499,41.881099,15,1.5,0.02,0.04,-0.05,40,40,40
16.895,172.3288,6.2664339,0.066413732,2.1877175,-172.3288,-6.2664339,-0.066413732,-2.1877175,7.9750155,0.015074148,OK,0,123390.76,2879.1207,0.10825705,41.905029,15,1.5,0.02,0.04,-0.05,40,40,40
16.9,172.36011,6.2600862,0.077406765,2.2038667,-172.36011,-6.2600862,-0.077406765,-2.2038667,8.1645072,0.018015892,OK,0,123539.3,2879.3167,0.10828701,41.929314,15,1.5,0.02,0.04,-0.05,40,40,40
16.905,172.39143,6.2637702,0.088458423,2.2172967,-172.39143,-6.2637702,-0.088458423,-2.2172967,8.3512009,0.019601268,OK,0,123687.89,2879.5128,0.10832613,41.953896,15,1.5,0.02,0.04,-0.05,40,40,40
16.91,172.42269,6.247999,0.099626348,2.2411049,-172.42269,-6.247999,-0.099626348,-2.2411049,8.5544262,0.023813143,OK,0,123836.54,2879.708,0.10837576,41.979009,15,1.5,0.02,0.04,-0.05,40,40,40
16.915,172.45393,6.2417556,0.11088371,2.2632012,-172.45393,-6.2417556,-0.11088371,-2.2632012,8.7568063,0.026736034,OK,0,123985.24,2879.9028,0.10843723,42.004619,15,1.5,0.02,0.04,-0.05,40,40,40
16.92,172.48517,6.2510932,0.12224442,2.2795942,-172.48517,-6.2510932,-0.12224442,-2.2795942,8.9528048,0.027555731,OK,0,124134,2880.0982,0.10851195,42.030602,15,1.5,0.02,0.04,-0.05,40,40,40
16.925,172.51643,6.2476949,0.13372161,2.3062979,-172.51643,-6.2476949,-0.13372161,-2.3062979,9.1655073,0.030080559,OK,0,124282.81,2880.2934,0.10860136,42.057197,15,1.5,0.02,0.04,-0.05,40,40,40
16.93,172.54768,6.2558859,0.14532223,2.3273257,-172.54768,-6.2558859,-0.14532223,-2.3273257,9.372011,1.35,INFEASIBLE,0,124431.67,2880.4891,0.10870695,42.084279,15,1.5,0.02,0.04,-0.05,40,40,40
16.935,172.58837,8.9823262,0.15507761,1.6699942,-172.58837,-8.9823262,-0.15507761,-1.6699942,8.6422159,1.35,INFEASIBLE,0,124580.6,2880.8925,0.1088272,42.098224,15,1.5,0.02,0.04,-0.05,40,40,40
16.94,172.64012,10.815193,0.1613533,0.95497829,-172.64012,-10.815193,-0.1613533,-0.95497829,7.7381771,-0.58553452,OK,0,124729.63,2881.4773,0.10895737,42.102784,15,1.5,0.02,0.04,-0.05,40,40,40
16.945,172.68782,9.0427007,0.167028,1.2784993,-172.68782,-9.0427007,-0.167028,-1.2784993,8.2386334,1.35,INFEASIBLE,0,124878.73,2881.8862,0.10909686,42.110957,15,1.5,0.02,0.04,-0.05,40,40,40
16.95,172.74261,12.004374,0.17155918,0.64618726,-172.74261,-12.004374,-0.17155918,-0.64618726,7.4776956,1.35,INFEASIBLE,0,125027.93,2882.6067,0.10924403,42.113044,15,1.5,0.02,0.04,-0.05,40,40,40
16.955,172.81029,13.358771,0.17278736,-0.080926931,-172.81029,-13.358771,-0.17278736,0.080926931,6.4609766,-0.93149606,OK,0,125177.25,2883.499,0.1093933,42.113077,15,1.5,0.02,0.04,-0.05,40,40,40
16.96,172.86424,9.511909,0.17349985,0.31883532,-172.86424,-9.511909,-0.17349985,-0.31883532,6.9185119,-0.40519349,OK,0,125326.66,2883.9514,0.10954382,42.113585,15,1.5,0.02,0.04,-0.05,40,40,40
16.965,172.91798,10.599497,0.17652852,0.72618796,-172.91798,-10.599497,-0.17652852,-0.72618796,7.6195493,-0.55397728,OK,0,125476.16,2884.5131,0.10969963,42.116222,15,1.5,0.02,0.04,-0.05,40,40,40
16.97,172.96756,9.4594484,0.18121141,1.080161,-172.96756,-9.4594484,-0.18121141,-1.080161,8.1761419,1.35,INFEASIBLE,0,125625.75,2884.9605,0.10986382,42.122056,15,1.5,0.02,0.04,-0.05,40,40,40
16.975,173.02722,12.971838,0.18493442,0.48448018,-173.02722,-12.971838,-0.18493442,-0.48448018,7.4801544,1.35,INFEASIBLE,0,125775.44,2885.8019,0.11003482,42.123229,15,1.5,0.02,0.04,-0.05,40,40,40
16.98,173.09779,14.498243,0.18527058,-0.23014036,-173.09779,-14.498243,-0.18527058,0.23014036,6.4757338,-1.0869569,OK,0,125925.26,2886.8528,0.11020644,42.123494,15,1.5,0.02,0.04,-0.05,40,40,40
16.985,173.1533,10.072742,0.1853046,0.24780645,-173.1533,-10.072742,-0.1853046,-0.24780645,7.0172542,-0.48040627,OK,0,126075.17,2887.3601,0.11037813,42.123801,15,1.5,0.02,0.04,-0.05,40,40,40
16.99,173.20766,10.966476,0.18797088,0.70751178,-173.20766,-10.966476,-0.18797088,-0.70751178,7.7836431,1.35,INFEASIBLE,0,126225.17,2887.9615,0.1105548,42.126304,15,1.5,0.02,0.04,-0.05,40,40,40
16.995,173.27492,13.644374,0.18978211,0.060369139,-173.27492,-13.644374,-0.18978211,-0.060369139,6.9485588,1.35,INFEASIBLE,0,126375.29,2888.8923,0.11073489,42.126322,15,1.5,0.02,0.04,-0.05,40,40,40
17,173.35363,17.709665,0.18827451,-0.51506461,-173.35363,-17.709665,-0.18827451,0.51506461,6.2269801,1.35,INFEASIBLE,0,126525.55,2890.4605,0.11091212,42.127649,15,1.5,0.02,0.04,-0.05,40,40,40
17.005,173.44252,17.831468,0.18332355,-1.3079581,-173.44252,-17.831468,-0.18332355,1.3079581,4.9700252,1.35,INFEASIBLE,0,126675.96,2892.0503,0.11108016,42.136203,15,1.5,0.02,0.04,-0.05,40,40,40
17.01,173.5391,20.267159,0.17477891,-1.9768128,-173.5391,-20.267159,-0.17477891,1.9768128,3.9379328,1.35,INFEASIBLE,0,126826.54,2894.1041,0.1112329,42.155742,15,1.5,0.02,0.04,-0.05,40,40,40
17.015,173.64774,23.159678,0.16288531,-2.6228302,-173.64774,-23.159678,-0.16288531,2.6228302,2.9083763,1.35,INFEASIBLE,0,126977.31,2896.7859,0.11136556,42.190138,15,1.5,0.02,0.04,-0.05,40,40,40
17.02,173.76722,25.165655,0.14752457,-3.329362,-173.76722,-25.165655,-0.14752457,3.329362,1.7007962,1.35,INFEASIBLE,0,127128.29,2899.9525,0.11147437,42.245561,15,1.5,0.02,0.04,-0.05,40,40,40
17.025,173.89607,26.084572,0.12856733,-4.104951,-173.89607,-26.084572,-0.12856733,4.104951,0.29238768,0.29238768,INFEASIBLE,0,127279.48,2903.3545,0.11155702,42.329814,15,1.5,0.02,0.04,-0.05,40,40,40
17.03,174.02253,25.206653,0.10729749,-4.326697,-174.02253,-25.206653,-0.10729749,4.326697,-0.39186642,-0.39186642,INFEASIBLE,0,127430.9,2906.5314,0.11161458,42.423416,15,1.5,0.02,0.04,-0.05,40,40,40
17.035,174.14176,23.381752,0.08612718,-4.1541865,-174.14176,-23.381752,-0.08612718,4.1541865,-0.52126676,-0.52126676,INFEASIBLE,0,127582.53,2909.2649,0.11165167,42.509702,15,1.5,0.02,0.04,-0.05,40,40,40
17.04,174.25627,22.235355,0.066373581,-3.8464994,-174.25627,-22.235355,-0.066373581,3.8464994,-0.39960568,-0.39960568,INFEASIBLE,0,127734.36,2911.737,0.1116737,42.58368,15,1.5,0.02,0.04,-0.05,40,40,40
17.045,174.36899,22.511189,0.048121151,-3.5325629,-174.36899,-22.511189,-0.048121151,3.5325629,-0.18919983,-0.18919983,INFEASIBLE,0,127886.38,2914.2707,0.11168528,42.646075,15,1.5,0.02,0.04,-0.05,40,40,40
17.05,174.47999,22.217134,0.030760887,-3.4080624,-174.47999,-22.217134,-0.030760887,3.4080624,-0.27239502,-0.27239502,INFEASIBLE,0,128038.6,2916.7387,0.11169001,42.704149,15,1.5,0.02,0.04,-0.05,40,40,40
17.055,174.5883,21.804242,0.014095822,-3.2412953,-174.5883,-21.804242,-0.014095822,3.2412953,-0.28656991,-0.28656991,INFEASIBLE,0,128191,2919.1159,0.111691,42.756679,15,1.5,0.02,0.04,-0.05,40,40,40
17.06,174.69443,21.379608,-0.0017162471,-3.0724778,-174.69443,-21.379608,0.0017162471,3.0724778,-0.28538744,-0.28538744,INFEASIBLE,0,128343.59,2921.4013,0.11169102,42.80388,15,1.5,0.02,0.04,-0.05,40,40,40
17.065,174.79892,20.748963,-0.016657559,-2.9208255,-174.79892,-20.748963,0.016657559,2.9208255,-0.30516487,-0.30516487,INFEASIBLE,0,128496.36,2923.5539,0.11169241,42.846536,15,1.5,0.02,0.04,-0.05,40,40,40
17.07,174.90099,19.891663,-0.030761827,-2.7740912,-174.90099,-19.891663,0.030761827,2.7740912,-0.32887791,-0.32887791,INFEASIBLE,0,128649.32,2925.5323,0.11169714,42.885014,15,1.5,0.02,0.04,-0.05,40,40,40
17.075,175.00001,19.506331,-0.044023572,-2.5862049,-175.00001,-19.506331,0.044023572,2.5862049,-0.25940751,-0.25940751,INFEASIBLE,0,128802.44,2927.4348,0.11170683,42.918456,15,1.5,0.02,0.04,-0.05,40,40,40
17.08,175.09711,19.351443,-0.056490872,-2.433573,-175.09711,-19.351443,0.056490872,2.433573,-0.22172261,-0.22172261,INFEASIBLE,0,128955.74,2929.3072,0.11172278,42.948068,15,1.5,0.02,0.04,-0.05,40,40,40
17.085,175.19397,19.175424,-0.068252008,-2.3131104,-175.19397,-19.175424,0.068252008,2.3131104,-0.22254935,-0.22254935,INFEASIBLE,0,129109.2,2931.1456,0.11174608,42.97482,15,1.5,0.02,0.04,-0.05,40,40,40
17.09,175.28877,19.04239,-0.079483049,-2.1960303,-175.28877,-19.04239,0.079483049,2.1960303,-0.21882016,-0.21882016,INFEASIBLE,0,129262.83,2932.9587,0.11177766,42.998933,15,1.5,0.02,0.04,-0.05,40,40,40
17.095,175.38218,18.56325,-0.090188066,-2.098818,-175.38218,-18.56325,0.090188066,2.098818,-0.25087427,-0.25087427,INFEASIBLE,0,129416.63,2934.6817,0.11181833,43.020958,15,1.5,0.02,0.04,-0.05,40,40,40
17.1,175.47377,17.976619,-0.10032725,-1.9893761,-175.47377,-17.976619,0.10032725,1.9893761,-0.2604326,-0.2604326,INFEASIBLE,0,129570.58,2936.2975,0.11186866,43.040746,15,1.5,0.02,0.04,-0.05,40,40,40
17.105,175.56363,17.766407,-0.10986604,-1.8616948,-175.56363,-17.766407,0.10986604,1.8616948,-0.21860382,-0.21860382,INFEASIBLE,0,129724.69,2937.8757,0.11192901,43.058075,15,1.5,0.02,0.04,-0.05,40,40,40
17.11,175.65171,17.72922,-0.11888233,-1.7573937,-175.65171,-17.72922,0.11888233,1.7573937,-0.19712249,-0.19712249,INFEASIBLE,0,129878.96,2939.4473,0.11199968,43.073518,15,1.5,0.02,0.04,-0.05,40,40,40
17.115,175.7385,17.212631,-0.12746103,-1.6838687,-175.7385,-17.212631,0.12746103,1.6838687,-0.23444329,-0.23444329,INFEASIBLE,0,130033.38,2940.9287,0.11208091,43.087695,15,1.5,0.02,0.04,-0.05,40,40,40
17.12,175.82398,17.058571,-0.13558658,-1.5883104,-175.82398,-17.058571,0.13558658,1.5883104,-0.21744186,-0.21744186,INFEASIBLE,0,130187.95,2942.3837,0.11217283,43.100308,15,1.5,0.02,0.04,-0.05,40,40,40
17.125,175.90788,16.502715,-0.14324867,-1.4994826,-175.90788,-16.502715,0.14324867,1.4994826,-0.2196877,-0.2196877,INFEASIBLE,0,130342.67,2943.7454,0.11227543,43.111551,15,1.5,0.02,0.04,-0.05,40,40,40
17.13,175.99074,16.494386,-0.15049758,-1.4103674,-175.99074,-16.494386,0.15049758,1.4103674,-0.1934246,-0.1934246,INFEASIBLE,0,130497.53,2945.1057,0.11238868,43.121496,15,1.5,0.02,0.04,-0.05,40,40,40
17.135,176.07179,15.937611,-0.15738071,-1.354338,-176.07179,-15.937611,0.15738071,1.354338,-0.23327747,-0.23327747,INFEASIBLE,0,130652.54,2946.3757,0.11251252,43.130667,15,1.5,0.02,0.04,-0.05,40,40,40
17.14,176.15182,15.849071,-0.16387693,-1.2680012,-176.15182,-15.849071,0.16387693,1.2680012,-0.20315657,-1.3405485,OK,0,130807.69,2947.6317,0.1126468,43.138707,15,1.5,0.02,0.04,-0.05,40,40,40
17.145,176.21942,11.762827,-0.16842838,-0.68363958,-176.21942,-11.762827,0.16842838,0.68363958,0.44301633,-0.78444398,OK,0,130962.95,2948.3235,0.11278864,43.141043,15,1.5,0.02,0.04,-0.05,40,40,40
17.15,176.28028,10.804358,-0.1703563,-0.27115561,-176.28028,-10.804358,0.1703563,0.27115561,0.99570205,-0.65425696,OK,0,131118.33,2948.9072,0.11293375,43.141411,15,1.5,0.02,0.04,-0.05,40,40,40
17.155,176.33995,11.37947,-0.17030076,0.12920477,-176.33995,-11.37947,0.17030076,-0.12920477,1.6212736,-0.73293563,OK,0,131273.81,2949.5547,0.11307876,43.141494,15,1.5,0.02,0.04,-0.05,40,40,40
17.16,176.39385,10.610027,-0.16856628,0.50388973,-176.39385,-10.610027,0.16856628,-0.50388973,2.1796184,-0.62703061,OK,0,131429.38,2950.1175,0.11322083,43.142764,15,1.5,0.02,0.04,-0.05,40,40,40
17.165,176.44392,9.5525469,-0.16512877,0.80298493,-176.44392,-9.5525469,0.16512877,-0.80298493,2.6385262,-0.48124548,OK,0,131585.04,2950.5738,0.11335717,43.145988,15,1.5,0.02,0.04,-0.05,40,40,40
17.17,176.49329,9.7127345,-0.16021084,1.0896883,-176.49329,-9.7127345,0.16021084,-1.0896883,3.149745,-0.50144199,OK,0,131740.79,2951.0455,0.11348551,43.151925,15,1.5,0.02,0.04,-0.05,40,40,40
17.175,176.53979,9.0275969,-0.15410879,1.3240338,-176.53979,-9.0275969,0.15410879,-1.3240338,3.5663184,-0.40596057,OK,0,131896.62,2951.4529,0.11360425,43.16069,15,1.5,0.02,0.04,-0.05,40,40,40
17.18,176.58333,8.4873639,-0.1469687,1.5057231,-176.58333,-8.4873639,0.1469687,-1.5057231,3.9252152,-0.33021351,OK,0,132052.53,2951.8131,0.11371225,43.172026,15,1.5,0.02,0.04,-0.05,40,40,40
17.185,176.62447,8.0516905,-0.13902121,1.6461964,-176.62447,-8.0516905,0.13902121,-1.6461964,4.2385335,-0.26874251,OK,0,132208.51,2952.1373,0.11380889,43.185576,15,1.5,0.02,0.04,-0.05,40,40,40
17.19,176.66368,7.7182316,-0.130437,1.7578162,-176.66368,-7.7182316,0.130437,-1.7578162,4.5221722,-0.22122789,OK,0,132364.56,2952.4351,0.11389396,43.201026,15,1.5,0.02,0.04,-0.05,40,40,40
17.195,176.70137,7.4228303,-0.1213476,1.8570148,-176.70137,-7.4228303,0.1213476,-1.8570148,4.7962486,-0.17891197,OK,0,132520.68,2952.7106,0.11396758,43.218268,15,1.5,0.02,0.04,-0.05,40,40,40
17.2,176.7378,7.193214,-0.11189307,1.9192146,-176.7378,-7.193214,0.11189307,-1.9192146,5.0229104,-0.14562542,OK,0,132676.86,2952.9693,0.11403018,43.236685,15,1.5,0.02,0.04,-0.05,40,40,40
17.205,176.77324,7.0113184,-0.10214402,1.9681045,-176.77324,-7.0113184,0.10214402,-1.9681045,5.235914,-0.1188531,OK,0,132833.11,2953.2151,0.11408235,43.256052,15,1.5,0.02,0.04,-0.05,40,40,40
17.21,176.80784,6.8642804,-0.09216625,2.0135371,-176.80784,-6.8642804,0.09216625,-2.0135371,5.44854,-0.096824132,OK,0,132989.41,2953.4507,0.11412482,43.276324,15,1.5,0.02,0.04,-0.05,40,40,40
17.215,176.8418,6.740789,-0.082029726,2.0403644,-176.8418,-6.740789,0.082029726,-2.0403644,5.6365683,-0.078027699,OK,0,133145.78,2953.6779,0.11415847,43.297139,15,1.5,0.02,0.04,-0.05,40,40,40
17.22,176.87524,6.6503865,-0.071759273,2.0591322,-176.87524,-6.6503865,0.071759273,-2.0591322,5.8158295,-0.063728111,OK,0,133302.2,2953.899,0.11418421,43.31834,15,1.5,0.02,0.04,-0.05,40,40,40
17.225,176.90824,6.570408,-0.061397934,2.0804987,-176.90824,-6.570408,0.061397934,-2.0804987,6.0007603,-0.050839375,OK,0,133458.68,2954.1149,0.11420306,43.339982,15,1.5,0.02,0.04,-0.05,40,40,40
17.23,176.94092,6.5084988,-0.050963529,2.0916262,-176.94092,-6.5084988,0.050963529,-2.0916262,6.1721449,-0.040408582,OK,0,133615.22,2954.3267,0.11421605,43.361856,15,1.5,0.02,0.04,-0.05,40,40,40
17.235,176.97334,6.4684106,-0.040471537,2.1023122,-176.97334,-6.4684106,0.040471537,-2.1023122,6.3445984,-0.032927807,OK,0,133771.82,2954.5359,0.11422424,43.383955,15,1.5,0.02,0.04,-0.05,40,40,40
17.24,177.00549,6.4125202,-0.029932028,2.1128115,-177.00549,-6.4125202,0.029932028,-2.1128115,6.5168473,-0.023309155,OK,0,133928.48,2954.7415,0.11422872,43.406275,15,1.5,0.02,0.04,-0.05,40,40,40
17.245,177.03749,6.3857708,-0.019353721,2.1181082,-177.03749,-6.3857708,0.019353721,-2.1181082,6.6830372,-0.017630229,OK,0,134085.19,2954.9454,0.11423059,43.428707,15,1.5,0.02,0.04,-0.05,40,40,40
17.25,177.06933,6.3600283,-0.0087409513,2.1251148,-177.06933,-6.3600283,0.0087409513,-2.1251148,6.8523457,-0.012083464,OK,0,134241.96,2955.1476,0.11423097,43.451287,15,1.5,0.02,0.04,-0.05,40,40,40
17.255,177.10107,6.3315562,0.0019053531,2.1335748,-177.10107,-6.3315562,-0.0019053531,-2.1335748,7.0242262,-0.0061650881,OK,0,134398.78,2955.3481,0.11423099,43.474048,15,1.5,0.02,0.04,-0.05,40,40,40
17.26,177.13271,6.3285554,0.012586006,2.1373048,-177.13271,-6.3285554,-0.012586006,-2.1373048,7.1905437,-0.0036847302,OK,0,134555.66,2955.5483,0.11423178,43.496888,15,1.5,0.02,0.04,-0.05,40,40,40
17.265,177.16424,6.2979459,0.023315425,2.1496941,-177.16424,-6.2979459,-0.023315425,-2.1496941,7.3694751,0.002529284,OK,0,134712.59,2955.7467,0.1142345,43.519994,15,1.5,0.02,0.04,-0.05,40,40,40
17.27,177.19573,6.2888058,0.034079866,2.160002,-177.19573,-6.2888058,-0.034079866,-2.160002,7.5466679,0.0058436675,OK,0,134869.59,2955.9444,0.11424031,43.543322,15,1.5,0.02,0.04,-0.05,40,40,40
17.275,177.22715,6.2833469,0.044901833,2.1668333,-177.22715,-6.2833469,-0.044901833,-2.1668333,7.7196544,0.0086679078,OK,0,135026.63,2956.1418,0.11425039,43.566798,15,1.5,0.02,0.04,-0.05,40,40,40
17.28,177.25854,6.2661859,0.055775244,2.1830568,-177.25854,-6.2661859,-0.055775244,-2.1830568,7.9070322,0.013068873,OK,0,135183.74,2956.3381,0.11426594,43.590627,15,1.5,0.02,0.04,-0.05,40,40,40
17.285,177.2899,6.2762919,0.066710324,2.1892749,-177.2899,-6.2762919,-0.066710324,-2.1892749,8.0814168,0.013794589,OK,0,135340.9,2956.5351,0.1142882,43.614592,15,1.5,0.02,0.04,-0.05,40,40,40
17.29,177.32123,6.2609588,0.077719783,2.2096103,-177.32123,-6.2609588,-0.077719783,-2.2096103,8.2770752,0.017948659,OK,0,135498.11,2956.7311,0.1143184,43.639003,15,1.5,0.02,0.04,-0.05,40,40,40
17.295,177.35258,6.2794605,0.088790269,2.2167299,-177.35258,-6.2794605,-0.088790269,-2.2167299,8.4551789,0.017538375,OK,0,135655.38,2956.9282,0.11435782,43.663573,15,1.5,0.02,0.04,-0.05,40,40,40
17.3,177.38386,6.2556656,0.099982653,2.2438691,-177.38386,-6.2556656,-0.099982653,-2.2438691,8.6634472,0.022834737,OK,0,135812.7,2957.1239,0.1144078,43.688748,15,1.5,0.02,0.04,-0.05,40,40,40
17.305,177.41515,6.2449851,0.11126205,2.2703032,-177.41515,-6.2449851,-0.11126205,-2.2703032,8.8724878,0.026352447,OK,0,135970.08,2957.3189,0.11446969,43.714519,15,1.5,0.02,0.04,-0.05,40,40,40
17.31,177.4464,6.2576374,0.12265172,2.2826532,-177.4464,-6.2576374,-0.12265172,-2.2826532,9.062989,0.026734242,OK,0,136127.52,2957.5147,0.11454491,43.740572,15,1.5,0.02,0.04,-0.05,40,40,40
17.315,177.47766,6.2422952,0.13416209,2.3164435,-177.47766,-6.2422952,-0.13416209,-2.3164435,9.2863416,0.030868932,OK,0,136285.01,2957.7095,0.11463491,43.767401,15,1.5,0.02,0.04,-0.05,40,40,40
17.32,177.50892,6.2633887,0.14578685,2.329988,-177.50892,-6.2633887,-0.14578685,-2.329988,9.4824987,1.35,INFEASIBLE,0,136442.56,2957.9057,0.11474118,43.794545,15,1.5,0.02,0.04,-0.05,40,40,40
17.325,177.54777,9.016641,0.15544752,1.6754083,-177.54777,-9.016641,-0.15544752,-1.6754083,8.7564463,1.35,INFEASIBLE,0,136600.18,2958.3122,0.114862,43.80858,15,1.5,0.02,0.04,-0.05,40,40,40
17.33,177.59905,10.983074,0.16172777,0.97170954,-177.59905,-10.983074,-0.16172777,-0.97170954,7.8747848,-0.60844568,OK,0,136757.88,2958.9153,0.11499278,43.813301,15,1.5,0.02,0.04,-0.05,40,40,40
17.335,177.6457,8.7607158,0.16740906,1.288764,-177.6457,-8.7607158,-0.16740906,-1.288764,8.3476245,-0.30453556,OK,0,136915.67,2959.2991,0.11513291,43.821606,15,1.5,0.02,0.04,-0.05,40,40,40
17.34,177.6892,8.5091286,0.17457825,1.5380553,-177.6892,-8.5091286,-0.17457825,-1.5380553,8.819906,1.35,INFEASIBLE,0,137073.54,2959.6611,0.11528529,43.833434,15,1.5,0.02,0.04,-0.05,40,40,40
17.345,177.74222,10.412349,0.18041105,0.84178824,-177.74222,-10.412349,-0.18041105,-0.84178824,7.9401866,1.35,INFEASIBLE,0,137231.5,2960.2032,0.11544803,43.836977,15,1.5,0.02,0.04,-0.05,40,40,40
17.35,177.80627,13.012089,0.18285872,0.18594367,-177.80627,-13.012089,-0.18285872,-0.18594367,7.0984054,1.35,INFEASIBLE,0,137389.58,2961.0498,0.11561522,43.83715,15,1.5,0.02,0.04,-0.05,40,40,40
17.355,177.88199,16.052245,0.18194666,-0.45359719,-177.88199,-16.052245,-0.18194666,0.45359719,6.2485337,-1.3000715,OK,0,137547.79,2962.3381,0.11578074,43.838179,15,1.5,0.02,0.04,-0.05,40,40,40
17.36,177.93847,8.6859286,0.18094635,-0.018793209,-177.93847,-8.6859286,-0.18094635,0.018793209,6.592212,-0.29094671,OK,0,137706.1,2962.7154,0.11594445,43.83818,15,1.5,0.02,0.04,-0.05,40,40,40
17.365,177.99177,10.926211,0.18229814,0.37826507,-177.99177,-10.926211,-0.18229814,-0.37826507,7.2987536,-0.59776792,OK,0,137864.5,2963.3123,0.11611061,43.838896,15,1.5,0.02,0.04,-0.05,40,40,40
17.37,178.04449,9.9701233,0.18551996,0.77786474,-178.04449,-9.9701233,-0.18551996,-0.77786474,7.9092912,1.35,INFEASIBLE,0,138023,2963.8093,0.1162827,43.841921,15,1.5,0.02,0.04,-0.05,40,40,40
17.375,178.1102,14.180503,0.1880521,0.24641177,-178.1102,-14.180503,-0.1880521,-0.24641177,7.3198233,1.35,INFEASIBLE,0,138181.62,2964.8147,0.11645952,43.842225,15,1.5,0.02,0.04,-0.05,40,40,40
17.38,178.18671,15.52358,0.18722224,-0.46990497,-178.18671,-15.52358,-0.18722224,0.46990497,6.2881536,-1.2276134,OK,0,138340.37,2966.0196,0.11663478,43.843329,15,1.5,0.02,0.04,-0.05,40,40,40
17.385,178.24925,10.958731,0.18644462,0.089716991,-178.24925,-10.958731,-0.18644462,-0.089716991,6.934579,-0.60167615,OK,0,138499.23,2966.6201,0.11680859,43.843369,15,1.5,0.02,0.04,-0.05,40,40,40
17.39,178.30438,11.053839,0.18831031,0.5591414,-178.30438,-11.053839,-0.18831031,-0.5591414,7.6716078,1.35,INFEASIBLE,0,138658.2,2967.231,0.11698589,43.844932,15,1.5,0.02,0.04,-0.05,40,40,40
17.395,178.37489,15.35233,0.18968301,0.026582199,-178.37489,-15.35233,-0.18968301,-0.026582199,7.0667095,1.35,INFEASIBLE,0,138817.29,2968.4095,0.11716579,43.844936,15,1.5,0.02,0.04,-0.05,40,40,40
17.4,178.45807,17.575377,0.18778293,-0.64768053,-178.45807,-17.575377,-0.18778293,0.64768053,6.1173995,1.35,INFEASIBLE,0,138976.52,2969.954,0.1173421,43.847033,15,1.5,0.02,0.04,-0.05,40,40,40
17.405,178.54987,19.332205,0.18236904,-1.3477445,-178.54987,-19.332205,-0.18236904,1.3477445,5.0582043,1.35,INFEASIBLE,0,139135.92,2971.8226,0.1175084,43.856115,15,1.5,0.02,0.04,-0.05,40,40,40
17.41,178.65332,20.966806,0.17360176,-2.0552765,-178.65332,-20.966806,-0.17360176,2.0552765,3.9328503,1.35,INFEASIBLE,0,139295.51,2974.0207,0.11765908,43.877236,15,1.5,0.02,0.04,-0.05,40,40,40
17.415,178.76812,23.310075,0.16143771,-2.7369043,-178.76812,-23.310075,-0.16143771,2.7369043,2.8239745,1.35,INFEASIBLE,0,139455.3,2976.7375,0.1177894,43.914689,15,1.5,0.02,0.04,-0.05,40,40,40
17.42,178.89371,26.205899,0.14579516,-3.3963394,-178.89371,-26.205899,-0.14579516,3.3963394,1.7185285,1.35,INFEASIBLE,0,139615.31,2980.1712,0.11789568,43.972365,15,1.5,0.02,0.04,-0.05,40,40,40
17.425,179.02885,27.615413,0.12655506,-4.1473406,-179.02885,-27.615413,-0.12655506,4.1473406,0.36250847,0.36250847,INFEASIBLE,0,139775.57,2983.9843,0.11797576,44.058367,15,1.5,0.02,0.04,-0.05,40,40,40
17.43,179.16046,25.227141,0.10479261,-4.5020019,-179.16046,-25.227141,-0.10479261,4.5020019,-0.58881879,-0.58881879,INFEASIBLE,0,139936.06,2987.1663,0.11803066,44.159707,15,1.5,0.02,0.04,-0.05,40,40,40
17.435,179.2802,22.949121,0.083100236,-4.2420778,-179.2802,-22.949121,-0.083100236,4.2420778,-0.61304419,-0.61304419,INFEASIBLE,0,140096.77,2989.7996,0.11806519,44.249683,15,1.5,0.02,0.04,-0.05,40,40,40
17.44,179.39759,23.230826,0.063420433,-3.7753497,-179.39759,-23.230826,-0.063420433,3.7753497,-0.19453327,-0.19453327,INFEASIBLE,0,140257.69,2992.498,0.1180853,44.32095,15,1.5,0.02,0.04,-0.05,40,40,40
17.445,179.512,22.855284,0.044860849,-3.6465834,-179.512,-22.855284,-0.044860849,3.6465834,-0.29251101,-0.29251101,INFEASIBLE,0,140418.81,2995.1098,0.11809537,44.387438,15,1.5,0.02,0.04,-0.05,40,40,40
17.45,179.62412,22.39543,0.027095308,-3.4709317,-179.62412,-22.39543,-0.027095308,3.4709317,-0.31166846,-0.31166846,INFEASIBLE,0,140580.13,2997.6176,0.11809904,44.447674,15,1.5,0.02,0.04,-0.05,40,40,40
17.455,179.73435,21.777313,0.010293099,-3.2888144,-179.73435,-21.777313,-0.010293099,3.2888144,-0.31304569,-0.31304569,INFEASIBLE,0,140741.65,2999.9888,0.11809957,44.501756,15,1.5,0.02,0.04,-0.05,40,40,40
17.46,179.84131,21.340534,-0.0056339639,-3.1012213,-179.84131,-21.340534,0.0056339639,3.1012213,-0.28589379,-0.28589379,INFEASIBLE,0,140903.37,3002.2659,0.11809973,44.549844,15,1.5,0.02,0.04,-0.05,40,40,40
17.465,179.94627,20.916246,-0.020678402,-2.9359968,-179.94627,-20.916246,0.020678402,2.9359968,-0.27859607,-0.27859607,INFEASIBLE,0,141065.27,3004.4534,0.11810186,44.592944,15,1.5,0.02,0.04,-0.05,40,40,40
17.47,180.0498,20.640905,-0.03487635,-2.7721747,-180.0498,-20.640905,0.03487635,2.7721747,-0.25477515,-0.25477515,INFEASIBLE,0,141227.36,3006.5836,0.11810795,44.631369,15,1.5,0.02,0.04,-0.05,40,40,40
17.475,180.15034,20.170001,-0.048418217,-2.6421755,-180.15034,-20.170001,0.048418217,2.6421755,-0.27972954,-0.27972954,INFEASIBLE,0,141389.63,3008.6178,0.11811967,44.666274,15,1.5,0.02,0.04,-0.05,40,40,40
17.48,180.24954,19.621394,-0.061203826,-2.500166,-180.24954,-19.621394,0.061203826,2.500166,-0.27845992,-0.27845992,INFEASIBLE,0,141552.08,3010.5428,0.1181384,44.697529,15,1.5,0.02,0.04,-0.05,40,40,40
17.485,180.34638,19.349829,-0.073276423,-2.3480817,-180.34638,-19.349829,0.073276423,2.3480817,-0.24034812,-0.24034812,INFEASIBLE,0,141714.71,3012.4148,0.11816524,44.725096,15,1.5,0.02,0.04,-0.05,40,40,40
17.49,180.44247,18.952406,-0.084638829,-2.2321738,-180.44247,-18.952406,0.084638829,2.2321738,-0.25089737,-0.25089737,INFEASIBLE,0,141877.5,3014.2108,0.11820106,44.750009,15,1.5,0.02,0.04,-0.05,40,40,40
17.495,180.53695,18.806589,-0.095399012,-2.0998849,-180.53695,-18.806589,0.095399012,2.0998849,-0.21781008,-0.21781008,INFEASIBLE,0,142040.47,3015.9792,0.11824657,44.772057,15,1.5,0.02,0.04,-0.05,40,40,40
17.5,180.62973,18.593891,-0.10563728,-2.0014766,-180.62973,-18.593891,0.10563728,2.0014766,-0.23042392,-0.23042392,INFEASIBLE,0,142203.61,3017.7079,0.11830236,44.792086,15,1.5,0.02,0.04,-0.05,40,40,40
17.505,180.72065,17.910204,-0.11538665,-1.9154535,-180.72065,-17.910204,0.11538665,1.9154535,-0.27315884,-0.27315884,INFEASIBLE,0,142366.91,3019.3118,0.11836893,44.810431,15,1.5,0.02,0.04,-0.05,40,40,40
17.51,180.81015,17.595212,-0.12455446,-1.7923754,-180.81015,-17.595212,0.12455446,1.7923754,-0.23686845,-0.23686845,INFEASIBLE,0,142530.37,3020.8597,0.1184465,44.826494,15,1.5,0.02,0.04,-0.05,40,40,40
17.515,180.89802,17.605393,-0.13317062,-1.677315,-180.89802,-17.605393,0.13317062,1.677315,-0.1913557,-0.1913557,INFEASIBLE,0,142693.99,3022.4095,0.11853517,44.840561,15,1.5,0.02,0.04,-0.05,40,40,40
17.52,180.98454,17.210707,-0.14136868,-1.6168215,-180.98454,-17.210707,0.14136868,1.6168215,-0.23764334,-0.23764334,INFEASIBLE,0,142857.77,3023.8905,0.1186351,44.853631,15,1.5,0.02,0.04,-0.05,40,40,40
17.525,181.06866,16.553639,-0.14920228,-1.5285549,-181.06866,-16.553639,0.14920228,1.5285549,-0.24734767,-0.24734767,INFEASIBLE,0,143021.7,3025.2606,0.11874641,44.865314,15,1.5,0.02,0.04,-0.05,40,40,40
17.53,181.15143,16.527423,-0.15652637,-1.4183719,-181.15143,-16.527423,0.15652637,1.4183719,-0.19132781,-0.19132781,INFEASIBLE,0,143185.77,3026.6264,0.11886891,44.875373,15,1.5,0.02,0.04,-0.05,40,40,40
17.535,181.23372,16.249288,-0.16344269,-1.3626144,-181.23372,-16.249288,0.16344269,1.3626144,-0.22091595,-0.22091595,INFEASIBLE,0,143350,3027.9466,0.11900248,44.884656,15,1.5,0.02,0.04,-0.05,40,40,40
17.54,181.31408,15.933105,-0.16998285,-1.2842656,-181.31408,-15.933105,0.16998285,1.2842656,-0.21253533,-0.21253533,INFEASIBLE,0,143514.38,3029.2159,0.11914695,44.892903,15,1.5,0.02,0.04,-0.05,40,40,40
17.545,181.39334,15.762012,-0.17617123,-1.2032671,-181.39334,-15.762012,0.17617123,1.2032671,-0.18912176,-1.3334405,OK,0,143678.89,3030.4581,0.11930213,44.900142,15,1.5,0.02,0.04,-0.05,40,40,40
17.55,181.46158,12.484073,-0.18041626,-0.59574058,-181.46158,-12.484073,0.18041626,0.59574058,0.52873973,-0.88702668,OK,0,143843.54,3031.2374,0.11946488,44.901917,15,1.5,0.02,0.04,-0.05,40,40,40
17.555,181.51919,9.7362493,-0.18208779,-0.21784193,-181.51919,-9.7362493,0.18208779,0.21784193,0.96175403,-0.51139374,OK,0,144008.28,3031.7114,0.11963066,44.902154,15,1.5,0.02,0.04,-0.05,40,40,40
17.56,181.57997,12.170741,-0.18169233,0.17983158,-181.57997,-12.170741,0.18169233,-0.17983158,1.6627914,-0.84478608,OK,0,144173.14,3032.452,0.11979572,44.902316,15,1.5,0.02,0.04,-0.05,40,40,40
17.565,181.63336,11.00858,-0.17969547,0.60560477,-181.63336,-11.00858,0.17969547,-0.60560477,2.2859855,-0.68472128,OK,0,144338.09,3033.058,0.11995717,44.90415,15,1.5,0.02,0.04,-0.05,40,40,40
17.57,181.68384,9.6905793,-0.1756994,0.92910808,-181.68384,-9.6905793,0.1756994,-0.92910808,2.7794711,-0.50275903,OK,0,144503.14,3033.5275,0.12011152,44.908466,15,1.5,0.02,0.04,-0.05,40,40,40
17.575,181.73141,9.1857162,-0.17028431,1.169153,-181.73141,-9.1857162,0.17028431,-1.169153,3.2015217,-0.43188667,OK,0,144668.27,3033.9494,0.12025651,44.9153,15,1.5,0.02,0.04,-0.05,40,40,40
17.58,181.77613,8.8952899,-0.16379291,1.3950984,-181.77613,-8.8952899,0.16379291,-1.3950984,3.627088,-0.39013414,OK,0,144833.48,3034.345,0.12039065,44.925032,15,1.5,0.02,0.04,-0.05,40,40,40
17.585,181.81866,8.2952457,-0.15635788,1.5625635,-181.81866,-8.2952457,0.15635788,-1.5625635,3.9666601,-0.30606548,OK,0,144998.77,3034.6891,0.12051289,44.93724,15,1.5,0.02,0.04,-0.05,40,40,40
17.59,181.85892,7.900592,-0.14818261,1.6871216,-181.85892,-7.900592,0.14818261,-1.6871216,4.2611455,-0.25009996,OK,0,145164.13,3035.0012,0.12062268,44.951472,15,1.5,0.02,0.04,-0.05,40,40,40
17.595,181.89754,7.5836203,-0.13943125,1.7874214,-181.89754,-7.5836203,0.13943125,-1.7874214,4.5309589,-0.20477156,OK,0,145329.57,3035.2887,0.12071988,44.967446,15,1.5,0.02,0.04,-0.05,40,40,40
17.6,181.9349,7.39306,-0.13024886,1.8724605,-181.9349,-7.39306,0.13024886,-1.8724605,4.7893783,-0.17669565,OK,0,145495.07,3035.562,0.12080471,44.984977,15,1.5,0.02,0.04,-0.05,40,40,40
17.605,181.97113,7.1385459,-0.12072247,1.9293154,-181.97113,-7.1385459,0.12072247,-1.9293154,5.0081003,-0.13998653,OK,0,145660.64,3035.8168,0.12087758,45.003588,15,1.5,0.02,0.04,-0.05,40,40,40
17.61,182.00644,6.9927732,-0.11092685,1.9783311,-182.00644,-6.9927732,0.11092685,-1.9783311,5.2234335,-0.11808991,OK,0,145826.27,3036.0613,0.1209391,45.023157,15,1.5,0.02,0.04,-0.05,40,40,40
17.615,182.04087,6.8469083,-0.10094438,2.0109178,-182.04087,-6.8469083,0.10094438,-2.0109178,5.4169047,-0.096224212,OK,0,145991.96,3036.2957,0.12099005,45.043376,15,1.5,0.02,0.04,-0.05,40,40,40
17.62,182.07462,6.6869412,-0.090807079,2.0365219,-182.07462,-6.6869412,0.090807079,-2.0365219,5.6016468,-0.072470795,OK,0,146157.72,3036.5193,0.12103128,45.064113,15,1.5,0.02,0.04,-0.05,40,40,40
17.625,182.10791,6.621275,-0.080571171,2.0544116,-182.10791,-6.621275,0.080571171,-2.0544116,5.780059,-0.06152607,OK,0,146323.54,3036.7385,0.12106374,45.085216,15,1.5,0.02,0.04,-0.05,40,40,40
17.63,182.14076,6.5652341,-0.070263309,2.0683651,-182.14076,-6.5652341,0.070263309,-2.0683651,5.9540226,-0.051892351,OK,0,146489.41,3036.954,0.12108842,45.106607,15,1.5,0.02,0.04,-0.05,40,40,40
17.635,182.1733,6.4784636,-0.05989547,2.0787282,-182.1733,-6.4784636,0.05989547,-2.0787282,6.1222647,-0.038105125,OK,0,146655.35,3037.1638,0.12110636,45.128212,15,1.5,0.02,0.04,-0.05,40,40,40
17.64,182.20561,6.4441206,-0.049482024,2.0860401,-182.20561,-6.4441206,0.049482024,-2.0860401,6.2887069,-0.031416729,OK,0,146821.34,3037.3715,0.1211186,45.14997,15,1.5,0.02,0.04,-0.05,40,40,40
17.645,182.2377,6.4012126,-0.03903935,2.090133,-182.2377,-6.4012126,0.03903935,-2.090133,6.4504117,-0.023571966,OK,0,146987.39,3037.5764,0.12112622,45.171813,15,1.5,0.02,0.04,-0.05,40,40,40
17.65,182.26965,6.3756291,-0.028574804,2.0948667,-182.26965,-6.3756291,0.028574804,-2.0948667,6.614096,-0.018068118,OK,0,147153.51,3037.7796,0.1211303,45.193756,15,1.5,0.02,0.04,-0.05,40,40,40
17.655,182.30145,6.3524951,-0.018092536,2.0983974,-182.30145,-6.3524951,0.018092536,-2.0983974,6.7763369,-0.012894722,OK,0,147319.67,3037.9814,0.12113194,45.215772,15,1.5,0.02,0.04,-0.05,40,40,40
17.66,182.33314,6.3322655,-0.0075854023,2.1028637,-182.33314,-6.3322655,0.0075854023,-2.1028637,6.9404679,-0.008110589,OK,0,147485.9,3038.1819,0.12113223,45.237882,15,1.5,0.02,0.04,-0.05,40,40,40
17.665,182.36474,6.3093748,0.0029451802,2.1095404,-182.36474,-6.3093748,-0.0029451802,-2.1095404,7.1081582,-0.0029646153,OK,0,147652.19,3038.3809,0.12113227,45.260133,15,1.5,0.02,0.04,-0.05,40,40,40
17.67,182.39627,6.295154,0.01350276,2.114247,-182.39627,-6.295154,-0.01350276,-2.114247,7.2736434,0.0010125544,OK,0,147818.53,3038.579,0.12113318,45.282483,15,1.5,0.02,0.04,-0.05,40,40,40
17.675,182.42771,6.2827631,0.024100207,2.1223223,-182.42771,-6.2827631,-0.024100207,-2.1223223,7.4448513,0.0047459631,OK,0,147984.93,3038.7764,0.12113609,45.305005,15,1.5,0.02,0.04,-0.05,40,40,40
17.68,182.45913,6.2815262,0.034724771,2.128212,-182.45913,-6.2815262,-0.034724771,-2.128212,7.6136333,0.0069737544,OK,0,148151.38,3038.9737,0.12114212,45.327651,15,1.5,0.02,0.04,-0.05,40,40,40
17.685,182.49048,6.2698443,0.045406325,2.1386821,-182.49048,-6.2698443,-0.045406325,-2.1386821,7.7897214,0.010615959,OK,0,148317.9,3039.1702,0.12115243,45.350521,15,1.5,0.02,0.04,-0.05,40,40,40
17.69,182.52181,6.2604535,0.056134383,2.1528319,-182.52181,-6.2604535,-0.056134383,-2.1528319,7.9721178,0.013946559,OK,0,148484.47,3039.3662,0.12116818,45.373694,15,1.5,0.02,0.04,-0.05,40,40,40
17.695,182.55313,6.2698964,0.066915955,2.1585428,-182.55313,-6.2698964,-0.066915955,-2.1585428,8.1434119,0.014739899,OK,0,148651.1,3039.5628,0.12119057,45.396991,15,1.5,0.02,0.04,-0.05,40,40,40
17.7,182.5844,6.2499978,0.077780539,2.1797574,-182.5844,-6.2499978,-0.077780539,-2.1797574,8.3380321,0.019490741,OK,0,148817.78,3039.7581,0.12122082,45.420747,15,1.5,0.02,0.04,-0.05,40,40,40
17.705,182.61568,6.2520198,0.088706175,2.1924913,-182.61568,-6.2520198,-0.088706175,-2.1924913,8.5217239,0.02128482,OK,0,148984.53,3039.9535,0.12126016,45.444783,15,1.5,0.02,0.04,-0.05,40,40,40
17.71,182.64694,6.2517677,0.09973163,2.2114024,-182.64694,-6.2517677,-0.09973163,-2.2114024,8.7160875,0.0233809,OK,0,149151.32,3040.1489,0.12130989,45.469234,15,1.5,0.02,0.04,-0.05,40,40,40
17.715,182.67821,6.2571828,0.11083964,2.2298976,-182.67821,-6.2571828,-0.11083964,-2.2298976,8.9112926,0.024706961,OK,0,149318.18,3040.3447,0.12137132,45.494096,15,1.5,0.02,0.04,-0.05,40,40,40
17.72,182.70947,6.258592,0.12206354,2.2495744,-182.70947,-6.258592,-0.12206354,-2.2495744,9.1098478,0.026576897,OK,0,149485.1,3040.5406,0.12144582,45.519399,15,1.5,0.02,0.04,-0.05,40,40,40
17.725,182.74072,6.2418775,0.13340837,2.2827685,-182.74072,-6.2418775,-0.13340837,-2.2827685,9.3297679,0.030879067,OK,0,149652.07,3040.7354,0.12153481,45.545454,15,1.5,0.02,0.04,-0.05,40,40,40
17.73,182.77196,6.2403276,0.14487541,2.306569,-182.77196,-6.2403276,-0.14487541,-2.306569,9.538037,1.35,INFEASIBLE,0,149819.09,3040.9301,0.12163975,45.572056,15,1.5,0.02,0.04,-0.05,40,40,40
17.735,182.81236,9.4619261,0.1544779,1.671636,-182.81236,-9.4619261,-0.1544779,-1.671636,8.8593467,1.35,INFEASIBLE,0,149986.2,3041.3777,0.12175907,45.586028,15,1.5,0.02,0.04,-0.05,40,40,40
17.74,182.86625,11.45345,0.16075959,0.96837315,-182.86625,-11.45345,-0.16075959,-0.96837315,7.9794165,1.35,INFEASIBLE,0,150153.4,3042.0336,0.12188829,45.590716,15,1.5,0.02,0.04,-0.05,40,40,40
17.745,182.92832,14.098527,0.16345111,0.30539844,-182.92832,-14.098527,-0.16345111,-0.30539844,7.132372,-1.0332869,OK,0,150320.71,3043.0275,0.12202187,45.591183,15,1.5,0.02,0.04,-0.05,40,40,40
17.75,182.98044,8.6335791,0.16603515,0.69048917,-182.98044,-8.6335791,-0.16603515,-0.69048917,7.5312129,-0.2864847,OK,0,150488.12,3043.4002,0.12215971,45.593566,15,1.5,0.02,0.04,-0.05,40,40,40
17.755,183.02907,9.8161833,0.17063884,1.019483,-183.02907,-9.8161833,-0.17063884,-1.019483,8.1420359,-0.44792765,OK,0,150655.62,3043.8819,0.1223053,45.598763,15,1.5,0.02,0.04,-0.05,40,40,40
17.76,183.07541,9.0649074,0.1766541,1.3320094,-183.07541,-9.0649074,-0.1766541,-1.3320094,8.67193,1.35,INFEASIBLE,0,150823.2,3044.2928,0.12246133,45.607634,15,1.5,0.02,0.04,-0.05,40,40,40
17.765,183.1311,12.138403,0.18150064,0.70982537,-183.1311,-12.138403,-0.18150064,-0.70982537,7.9354057,1.35,INFEASIBLE,0,150990.89,3045.0295,0.12262604,45.610154,15,1.5,0.02,0.04,-0.05,40,40,40
17.77,183.19978,15.568751,0.18311511,0.10171887,-183.19978,-15.568751,-0.18311511,-0.10171887,7.1860505,1.35,INFEASIBLE,0,151158.7,3046.2414,0.1227937,45.610205,15,1.5,0.02,0.04,-0.05,40,40,40
17.775,183.28001,15.525702,0.18135934,-0.69062727,-183.28001,-15.525702,-0.18135934,0.69062727,5.9710775,-1.228168,OK,0,151326.65,3047.4467,0.12295815,45.61259,15,1.5,0.02,0.04,-0.05,40,40,40
17.78,183.3406,10.744987,0.17932325,-0.14667703,-183.3406,-10.744987,-0.17932325,0.14667703,6.5664447,-0.57317415,OK,0,151494.72,3048.0239,0.12311894,45.612698,15,1.5,0.02,0.04,-0.05,40,40,40
17.785,183.39524,11.355268,0.17996378,0.34029799,-183.39524,-11.355268,-0.17996378,-0.34029799,7.3320191,-0.65675573,OK,0,151662.89,3048.6687,0.12328087,45.613277,15,1.5,0.02,0.04,-0.05,40,40,40
17.79,183.44822,10.507166,0.18286308,0.77714874,-183.44822,-10.507166,-0.18286308,-0.77714874,7.9979204,1.35,INFEASIBLE,0,151831.16,3049.2207,0.12344807,45.616297,15,1.5,0.02,0.04,-0.05,40,40,40
17.795,183.5155,14.329988,0.18521781,0.20182087,-183.5155,-14.329988,-0.18521781,-0.20182087,7.3245081,1.35,INFEASIBLE,0,151999.55,3050.2474,0.12361959,45.6165,15,1.5,0.02,0.04,-0.05,40,40,40
17.8,183.5926,16.42603,0.18415207,-0.47841603,-183.5926,-16.42603,-0.18415207,0.47841603,6.3735502,1.35,INFEASIBLE,0,152168.08,3051.5965,0.12378915,45.617645,15,1.5,0.02,0.04,-0.05,40,40,40
17.805,183.68076,18.776576,0.17969461,-1.1481326,-183.68076,-18.776576,-0.17969461,1.1481326,5.3978985,1.35,INFEASIBLE,0,152336.77,3053.3593,0.12395061,45.624236,15,1.5,0.02,0.04,-0.05,40,40,40
17.81,183.78022,20.061918,0.17186524,-1.8739718,-183.78022,-20.061918,-0.17186524,1.8739718,4.2451021,1.35,INFEASIBLE,0,152505.65,3055.3717,0.12409829,45.641795,15,1.5,0.02,0.04,-0.05,40,40,40
17.815,183.89264,22.656587,0.16072285,-2.5427864,-183.89264,-22.656587,-0.16072285,2.5427864,3.1807795,1.35,INFEASIBLE,0,152674.73,3057.9383,0.12422745,45.674123,15,1.5,0.02,0.04,-0.05,40,40,40
17.82,184.01394,25.314661,0.14599634,-3.2137148,-184.01394,-25.314661,-0.14599634,3.2137148,2.0622382,1.35,INFEASIBLE,0,152844.04,3061.1424,0.12433403,45.725763,15,1.5,0.02,0.04,-0.05,40,40,40
17.825,184.14456,26.814514,0.12768084,-3.954358,-184.14456,-26.814514,-0.12768084,3.954358,0.73914739,0.73914739,INFEASIBLE,0,153013.58,3064.7375,0.12441554,45.803948,15,1.5,0.02,0.04,-0.05,40,40,40
17.83,184.27998,27.716568,0.10662359,-4.3582422,-184.27998,-27.716568,-0.10662359,4.3582422,-0.1437472,-0.1437472,INFEASIBLE,0,153183.38,3068.5786,0.12447238,45.898919,15,1.5,0.02,0.04,-0.05,40,40,40
17.835,184.40427,24.310652,0.084360708,-4.4404623,-184.40427,-24.310652,-0.084360708,4.4404623,-0.73477148,-0.73477148,INFEASIBLE,0,153353.4,3071.5336,0.12450797,45.997508,15,1.5,0.02,0.04,-0.05,40,40,40
17.84,184.51969,22.773296,0.063310287,-4.0154346,-184.51969,-22.773296,-0.063310287,4.0154346,-0.47217191,-0.47217191,INFEASIBLE,0,153523.64,3074.1267,0.12452801,46.078126,15,1.5,0.02,0.04,-0.05,40,40,40
17.845,184.62825,21.816626,0.043842162,-3.7523276,-184.62825,-21.816626,-0.043842162,3.7523276,-0.40562899,-0.40562899,INFEASIBLE,0,153694.08,3076.5066,0.12453762,46.148526,15,1.5,0.02,0.04,-0.05,40,40,40
17.85,184.73889,21.646749,0.026063406,-3.4737014,-184.73889,-21.646749,-0.026063406,3.4737014,-0.2589532,-0.2589532,INFEASIBLE,0,153864.72,3078.8495,0.12454101,46.208859,15,1.5,0.02,0.04,-0.05,40,40,40
17.855,184.84632,21.332078,0.009189323,-3.3132828,-184.84632,-21.332078,-0.009189323,3.3132828,-0.28187481,-0.28187481,INFEASIBLE,0,154035.56,3081.1248,0.12454144,46.263748,15,1.5,0.02,0.04,-0.05,40,40,40
17.86,184.953,21.028618,-0.0067840284,-3.1378644,-184.953,-21.028618,0.0067840284,3.1378644,-0.26835239,-0.26835239,INFEASIBLE,0,154206.6,3083.3358,0.12454167,46.312979,15,1.5,0.02,0.04,-0.05,40,40,40
17.865,185.05783,20.746941,-0.021951825,-2.9764262,-185.05783,-20.746941,0.021951825,2.9764262,-0.26288237,-0.26288237,INFEASIBLE,0,154377.83,3085.4879,0.12454408,46.357275,15,1.5,0.02,0.04,-0.05,40,40,40
17.87,185.16106,20.474092,-0.036359298,-2.8272493,-185.16106,-20.474092,0.036359298,2.8272493,-0.26407863,-0.26407863,INFEASIBLE,0,154549.25,3087.5839,0.12455069,46.397242,15,1.5,0.02,0.04,-0.05,40,40,40
17.875,185.26141,19.640119,-0.050118343,-2.7109308,-185.26141,-19.640119,0.050118343,2.7109308,-0.32733842,-0.32733842,INFEASIBLE,0,154720.86,3089.5126,0.12456325,46.433987,15,1.5,0.02,0.04,-0.05,40,40,40
17.88,185.35869,19.059208,-0.063124305,-2.5424519,-185.35869,-19.059208,0.063124305,2.5424519,-0.29100024,-0.29100024,INFEASIBLE,0,154892.65,3091.3288,0.12458317,46.466308,15,1.5,0.02,0.04,-0.05,40,40,40
17.885,185.45471,18.800263,-0.075273086,-2.38104,-185.45471,-18.800263,0.075273086,2.38104,-0.23955163,-0.23955163,INFEASIBLE,0,155064.62,3093.0961,0.1246115,46.494654,15,1.5,0.02,0.04,-0.05,40,40,40
17.89,185.54991,18.902173,-0.086714064,-2.2409716,-185.54991,-18.902173,0.086714064,2.2409716,-0.19508321,-0.19508321,INFEASIBLE,0,155236.76,3094.8825,0.1246491,46.519764,15,1.5,0.02,0.04,-0.05,40,40,40
17.895,185.64376,18.664293,-0.09766389,-2.1555233,-185.64376,-18.664293,0.09766389,2.1555233,-0.23879652,-0.23879652,INFEASIBLE,0,155409.08,3096.6243,0.12469679,46.542996,15,1.5,0.02,0.04,-0.05,40,40,40
17.9,185.73568,18.252861,-0.10813572,-2.0481051,-185.73568,-18.252861,0.10813572,2.0481051,-0.24936541,-0.24936541,INFEASIBLE,0,155581.57,3098.2901,0.12475525,46.563969,15,1.5,0.02,0.04,-0.05,40,40,40
17.905,185.826,17.889358,-0.11806323,-1.9416231,-185.826,-17.889358,0.11806323,1.9416231,-0.2512888,-0.2512888,INFEASIBLE,0,155754.23,3099.8903,0.12482495,46.582819,15,1.5,0.02,0.04,-0.05,40,40,40
17.91,185.91443,17.457054,-0.1274549,-1.8425477,-185.91443,-17.457054,0.1274549,1.8425477,-0.25907429,-0.25907429,INFEASIBLE,0,155927.05,3101.414,0.12490617,46.599794,15,1.5,0.02,0.04,-0.05,40,40,40
17.915,186.00115,17.300021,-0.13628229,-1.726753,-186.00115,-17.300021,0.13628229,1.726753,-0.2223401,-0.2223401,INFEASIBLE,0,156100.03,3102.9105,0.12499904,46.614702,15,1.5,0.02,0.04,-0.05,40,40,40
17.92,186.08643,17.030581,-0.14460891,-1.6317972,-186.08643,-17.030581,0.14460891,1.6317972,-0.21387758,-0.21387758,INFEASIBLE,0,156273.17,3104.3607,0.12510359,46.628016,15,1.5,0.02,0.04,-0.05,40,40,40
17.925,186.16994,16.725411,-0.1525507,-1.5451109,-186.16994,-16.725411,0.1525507,1.5451109,-0.21351166,-0.21351166,INFEASIBLE,0,156446.47,3105.7594,0.12521995,46.639953,15,1.5,0.02,0.04,-0.05,40,40,40
17.93,186.25222,16.375379,-0.16008618,-1.4726023,-186.25222,-16.375379,0.16008618,1.4726023,-0.23013654,-0.23013654,INFEASIBLE,0,156619.92,3107.1002,0.12534809,46.650796,15,1.5,0.02,0.04,-0.05,40,40,40
17.935,186.33328,16.064811,-0.16719989,-1.3887357,-186.33328,-16.064811,0.16719989,1.3887357,-0.2218439,-0.2218439,INFEASIBLE,0,156793.52,3108.3905,0.12548787,46.660438,15,1.5,0.02,0.04,-0.05,40,40,40
17.94,186.41253,15.714645,-0.17392508,-1.3208614,-186.41253,-15.714645,0.17392508,1.3208614,-0.23333177,-1.3258643,OK,0,156967.26,3109.6253,0.12563912,46.669162,15,1.5,0.02,0.04,-0.05,40,40,40
17.945,186.47998,12.351793,-0.17876435,-0.71982795,-186.47998,-12.351793,0.17876435,0.71982795,0.46246418,-0.86824309,OK,0,157141.14,3110.3881,0.1257989,46.671753,15,1.5,0.02,0.04,-0.05,40,40,40
17.95,186.53784,11.725863,-0.18102612,-0.23615874,-186.53784,-11.725863,0.18102612,0.23615874,1.1301615,-0.78361636,OK,0,157315.12,3111.0756,0.12596276,46.672031,15,1.5,0.02,0.04,-0.05,40,40,40
17.955,186.59452,11.044733,-0.18095745,0.17471222,-186.59452,-11.044733,0.18095745,-0.17471222,1.7213863,-0.69032109,OK,0,157489.21,3111.6855,0.12612648,46.672184,15,1.5,0.02,0.04,-0.05,40,40,40
17.96,186.64837,10.569599,-0.17898169,0.54209466,-186.64837,-10.569599,0.17898169,-0.54209466,2.2841681,-0.62445811,OK,0,157663.4,3112.2441,0.12628666,46.673653,15,1.5,0.02,0.04,-0.05,40,40,40
17.965,186.69842,9.8152925,-0.17537278,0.8471884,-186.69842,-9.8152925,0.17537278,-0.8471884,2.7667708,-0.51985401,OK,0,157837.68,3112.7258,0.12644043,46.677242,15,1.5,0.02,0.04,-0.05,40,40,40
17.97,186.74594,9.2924168,-0.17036492,1.100223,-186.74594,-9.2924168,0.17036492,-1.100223,3.2014762,-0.44661891,OK,0,158012.05,3113.1576,0.12658555,46.683295,15,1.5,0.02,0.04,-0.05,40,40,40
17.975,186.79104,8.7686841,-0.16419898,1.304898,-186.79104,-8.7686841,0.16419898,-1.304898,3.5809305,-0.37311295,OK,0,158186.5,3113.542,0.12672036,46.691808,15,1.5,0.02,0.04,-0.05,40,40,40
17.98,186.83365,8.316897,-0.15712123,1.478763,-186.83365,-8.316897,0.15712123,-1.478763,3.930675,-0.30937679,OK,0,158361.04,3113.8879,0.1268438,46.702742,15,1.5,0.02,0.04,-0.05,40,40,40
17.985,186.87409,7.9224602,-0.14933312,1.6150932,-186.87409,-7.9224602,0.14933312,-1.6150932,4.2370231,-0.25349618,OK,0,158535.65,3114.2017,0.1269553,46.715785,15,1.5,0.02,0.04,-0.05,40,40,40
17.99,186.91273,7.6000584,-0.14098022,1.7111961,-186.91273,-7.6000584,0.14098022,-1.7111961,4.4943477,-0.20751127,OK,0,158710.33,3114.4905,0.12705468,46.730426,15,1.5,0.02,0.04,-0.05,40,40,40
17.995,186.94994,7.3356966,-0.13218475,1.7837139,-186.94994,-7.3356966,0.13218475,-1.7837139,4.7252262,-0.16948585,OK,0,158885.08,3114.7596,0.12714204,46.746334,15,1.5,0.02,0.04,-0.05,40,40,40
18,186.986,7.1300148,-0.12305937,1.8517044,-186.986,-7.1300148,0.12305937,-1.8517044,4.9565867,-0.13946663,OK,0,159059.9,3115.0138,0.12721776,46.763478,15,1.5,0.02,0.04,-0.05,40,40,40
18.005,187.02116,6.9632119,-0.11369005,1.8913358,-187.02116,-6.9632119,0.11369005,-1.8913358,5.1506045,-0.11480328,OK,0,159234.78,3115.2562,0.12728238,46.781364,15,1.5,0.02,0.04,-0.05,40,40,40
18.01,187.05557,6.8190047,-0.10413455,1.9196369,-187.05557,-6.8190047,0.10413455,-1.9196369,5.3313088,-0.093240802,OK,0,159409.73,3115.4887,0.1273366,46.799789,15,1.5,0.02,0.04,-0.05,40,40,40
18.015,187.08937,6.7181455,-0.09444121,1.9500953,-187.08937,-6.7181455,0.09444121,-1.9500953,5.5190381,-0.077566052,OK,0,159584.74,3115.7143,0.1273812,46.818803,15,1.5,0.02,0.04,-0.05,40,40,40
18.02,187.12269,6.6247305,-0.084651514,1.9655764,-187.12269,-6.6247305,0.084651514,-1.9655764,5.686035,-0.062932268,OK,0,159759.82,3115.9338,0.12741703,46.83812,15,1.5,0.02,0.04,-0.05,40,40,40
18.025,187.15562,6.5583608,-0.074780922,1.9781807,-187.15562,-6.5583608,0.074780922,-1.9781807,5.851004,-0.051969735,OK,0,159934.95,3116.1488,0.12744499,46.857686,15,1.5,0.02,0.04,-0.05,40,40,40
18.03,187.18819,6.4917538,-0.064862863,1.9890034,-187.18819,-6.4917538,0.064862863,-1.9890034,6.0139962,-0.040981028,OK,0,160110.15,3116.3596,0.12746603,46.877467,15,1.5,0.02,0.04,-0.05,40,40,40
18.035,187.22051,6.4401262,-0.054903037,1.994628,-187.22051,-6.4401262,0.054903037,-1.994628,6.1704117,-0.032026926,OK,0,160285.41,3116.5669,0.1274811,46.89736,15,1.5,0.02,0.04,-0.05,40,40,40
18.04,187.25261,6.4094277,-0.044911707,2.000088,-187.25261,-6.4094277,0.044911707,-2.000088,6.3278856,-0.025903194,OK,0,160460.73,3116.7723,0.12749118,46.917362,15,1.5,0.02,0.04,-0.05,40,40,40
18.045,187.2845,6.3629553,-0.034898596,2.0054867,-187.2845,-6.3629553,0.034898596,-2.0054867,6.4849593,-0.017646156,OK,0,160636.1,3116.9748,0.12749727,46.937471,15,1.5,0.02,0.04,-0.05,40,40,40
18.05,187.31627,6.3482933,-0.024868691,2.0067681,-187.31627,-6.3482933,0.024868691,-2.0067681,6.637379,-0.013690772,OK,0,160811.54,3117.1763,0.12750037,46.957607,15,1.5,0.02,0.04,-0.05,40,40,40
18.055,187.34795,6.3280738,-0.014829514,2.0091701,-187.34795,-6.3280738,0.014829514,-2.0091701,6.7913943,-0.0089825397,OK,0,160987.04,3117.3765,0.12750147,46.977791,15,1.5,0.02,0.04,-0.05,40,40,40
18.06,187.37956,6.3107177,-0.0047792355,2.0126034,-187.37956,-6.3107177,0.0047792355,-2.0126034,6.9472365,-0.0046599002,OK,0,161162.59,3117.5756,0.12750158,46.998044,15,1.5,0.02,0.04,-0.05,40,40,40
18.065,187.41109,6.3066187,0.0052921939,2.0149525,-187.41109,-6.3066187,-0.0052921939,-2.0149525,7.1022983,-0.0021256244,OK,0,161338.21,3117.7745,0.12750172,47.018344,15,1.5,0.02,0.04,-0.05,40,40,40
18.07,187.44257,6.2849098,0.015389201,2.0231093,-187.44257,-6.2849098,-0.015389201,-2.0231093,7.2657496,0.00279013,OK,0,161513.88,3117.972,0.1275029,47.038809,15,1.5,0.02,0.04,-0.05,40,40,40
18.075,187.47401,6.2943175,0.025509272,2.0241835,-187.47401,-6.2943175,-0.025509272,-2.0241835,7.4201671,0.0035049265,OK,0,161689.61,3118.1701,0.12750616,47.059295,15,1.5,0.02,0.04,-0.05,40,40,40
18.08,187.50536,6.2693067,0.035681476,2.0371064,-187.50536,-6.2693067,-0.035681476,-2.0371064,7.5917613,0.0088721149,OK,0,161865.4,3118.3666,0.12751252,47.080044,15,1.5,0.02,0.04,-0.05,40,40,40
18.085,187.53672,6.2578865,0.045886068,2.0488623,-187.53672,-6.2578865,-0.045886068,-2.0488623,7.7626343,0.012403417,OK,0,162041.26,3118.5624,0.12752305,47.101034,15,1.5,0.02,0.04,-0.05,40,40,40
18.09,187.56802,6.2636217,0.056147917,2.0543108,-187.56802,-6.2636217,-0.056147917,-2.0543108,7.9255902,0.013625018,OK,0,162217.16,3118.7586,0.12753881,47.122135,15,1.5,0.02,0.04,-0.05,40,40,40
18.095,187.59933,6.2540256,0.066458251,2.0706211,-187.59933,-6.2540256,-0.066458251,-2.0706211,8.1049531,0.016911087,OK,0,162393.13,3118.9541,0.1275609,47.143572,15,1.5,0.02,0.04,-0.05,40,40,40
18.1,187.63064,6.2685672,0.076831538,2.0768575,-187.63064,-6.2685672,-0.076831538,-2.0768575,8.2711148,0.016944711,OK,0,162569.16,3119.1506,0.12759041,47.165139,15,1.5,0.02,0.04,-0.05,40,40,40
18.105,187.66192,6.2522447,0.087292282,2.0988592,-187.66192,-6.2522447,-0.087292282,-2.0988592,8.4610011,0.021141992,OK,0,162745.24,3119.3461,0.12762851,47.187165,15,1.5,0.02,0.04,-0.05,40,40,40
18.11,187.69323,6.2604249,0.097818321,2.1141686,-187.69323,-6.2604249,-0.097818321,-2.1141686,8.6428092,0.022028097,OK,0,162921.39,3119.542,0.12767635,47.209513,15,1.5,0.02,0.04,-0.05,40,40,40
18.115,187.72447,6.2523765,0.10846617,2.1345376,-187.72447,-6.2523765,-0.10846617,-2.1345376,8.8333834,0.025114683,OK,0,163097.59,3119.7375,0.12773518,47.232294,15,1.5,0.02,0.04,-0.05,40,40,40
18.12,187.75571,6.2372393,0.11921284,2.1637748,-187.75571,-6.2372393,-0.11921284,-2.1637748,9.0384588,0.029147971,OK,0,163273.85,3119.932,0.12780624,47.255704,15,1.5,0.02,0.04,-0.05,40,40,40
18.125,187.78694,6.254255,0.13007059,2.1764271,-187.78694,-6.254255,-0.13007059,-2.1764271,9.2216085,0.02885121,OK,0,163450.17,3120.1276,0.12789083,47.279388,15,1.5,0.02,0.04,-0.05,40,40,40
18.13,187.81819,6.2422892,0.14104939,2.209651,-187.81819,-6.2422892,-0.14104939,-2.209651,9.4362727,0.032446691,OK,0,163626.55,3120.3224,0.1279903,47.303801,15,1.5,0.02,0.04,-0.05,40,40,40
18.135,187.84945,6.2499546,0.15215264,2.2349989,-187.84945,-6.2499546,-0.15215264,-2.2349989,9.6417752,1.35,INFEASIBLE,0,163802.98,3120.5177,0.12810606,47.328777,15,1.5,0.02,0.04,-0.05,40,40,40
18.14,187.89037,9.7439056,0.1614606,1.6194652,-187.89037,-9.7439056,-0.1614606,-1.6194652,8.9986705,1.35,INFEASIBLE,0,163979.5,3120.9924,0.1282364,47.34189,15,1.5,0.02,0.04,-0.05,40,40,40
18.145,187.94351,11.693071,0.16738689,0.92049245,-187.94351,-11.693071,-0.16738689,-0.92049245,8.1181352,1.35,INFEASIBLE,0,164156.11,3121.6761,0.1283765,47.346127,15,1.5,0.02,0.04,-0.05,40,40,40
18.15,188.00702,12.868901,0.16985569,0.18478504,-188.00702,-12.868901,-0.16985569,-0.18478504,7.0999093,-0.8647246,OK,0,164332.85,3122.5041,0.12852075,47.346298,15,1.5,0.02,0.04,-0.05,40,40,40
18.155,188.06012,9.9206089,0.17189405,0.62344228,-188.06012,-9.9206089,-0.17189405,-0.62344228,7.671601,-0.46154608,OK,0,164509.68,3122.9962,0.12866849,47.348241,15,1.5,0.02,0.04,-0.05,40,40,40
18.16,188.10807,9.5328844,0.17595142,0.94970762,-188.10807,-9.5328844,-0.17595142,-0.94970762,8.2073095,-0.40835303,OK,0,164686.6,3123.4506,0.12882328,47.352751,15,1.5,0.02,0.04,-0.05,40,40,40
18.165,188.15402,8.9804509,0.18160424,1.2481181,-188.15402,-8.9804509,-0.18160424,-1.2481181,8.7185392,1.35,INFEASIBLE,0,164863.61,3123.8538,0.12898818,47.36054,15,1.5,0.02,0.04,-0.05,40,40,40
18.17,188.20992,12.522543,0.18610984,0.6623692,-188.20992,-12.522543,-0.18610984,-0.6623692,8.0503014,1.35,INFEASIBLE,0,165040.73,3124.6379,0.12916137,47.362733,15,1.5,0.02,0.04,-0.05,40,40,40
18.175,188.27884,13.566618,0.18737125,-0.076322148,-188.27884,-13.566618,-0.18737125,0.076322148,7.004327,-0.95912693,OK,0,165217.97,3125.5582,0.12933691,47.362763,15,1.5,0.02,0.04,-0.05,40,40,40
18.18,188.33541,10.277714,0.18829551,0.39907688,-188.33541,-10.277714,-0.18829551,-0.39907688,7.6008648,-0.50822984,OK,0,165395.32,3126.0863,0.12951418,47.363559,15,1.5,0.02,0.04,-0.05,40,40,40
18.185,188.38612,10.144523,0.19143226,0.79229085,-188.38612,-10.144523,-0.19143226,-0.79229085,8.2334235,1.35,INFEASIBLE,0,165572.77,3126.6009,0.12969742,47.366698,15,1.5,0.02,0.04,-0.05,40,40,40
18.19,188.44929,13.929124,0.19372785,0.21895333,-188.44929,-13.929124,-0.19372785,-0.21895333,7.5604984,1.35,INFEASIBLE,0,165750.33,3127.571,0.12988507,47.366937,15,1.5,0.02,0.04,-0.05,40,40,40
18.195,188.52529,17.25535,0.1927929,-0.39766571,-188.52529,-17.25535,-0.1927929,0.39766571,6.7561147,1.35,INFEASIBLE,0,165928.04,3129.0597,0.13007091,47.367728,15,1.5,0.02,0.04,-0.05,40,40,40
18.2,188.60849,17.673183,0.18828083,-1.1639587,-188.60849,-17.673183,-0.18828083,1.1639587,5.5573715,1.35,INFEASIBLE,0,166105.91,3130.6214,0.13024816,47.374502,15,1.5,0.02,0.04,-0.05,40,40,40
18.205,188.70373,19.833091,0.18044908,-1.8436427,-188.70373,-19.833091,-0.18044908,1.8436427,4.5086704,1.35,INFEASIBLE,0,166283.96,3132.5882,0.13041097,47.391497,15,1.5,0.02,0.04,-0.05,40,40,40
18.21,188.80858,22.024071,0.16911866,-2.5313704,-188.80858,-22.024071,-0.16911866,2.5313704,3.3968589,1.35,INFEASIBLE,0,166462.2,3135.0135,0.13055398,47.423536,15,1.5,0.02,0.04,-0.05,40,40,40
18.215,188.92188,23.63611,0.15420528,-3.2539388,-188.92188,-23.63611,-0.15420528,3.2539388,2.1560529,1.35,INFEASIBLE,0,166640.66,3137.8068,0.13067287,47.476477,15,1.5,0.02,0.04,-0.05,40,40,40
18.22,189.04527,26.473316,0.13575724,-3.9187264,-189.04527,-26.473316,-0.13575724,3.9187264,0.99810705,0.99810705,INFEASIBLE,0,166819.35,3141.311,0.13076502,47.553259,15,1.5,0.02,0.04,-0.05,40,40,40
18.225,189.17555,26.351245,0.11423951,-4.5265105,-189.17555,-26.351245,-0.11423951,4.5265105,-0.23861229,-0.23861229,INFEASIBLE,0,166998.28,3144.7829,0.13083028,47.655705,15,1.5,0.02,0.04,-0.05,40,40,40
18.23,189.30178,24.279321,0.09175866,-4.4836132,-189.30178,-24.279321,-0.09175866,4.4836132,-0.59183159,-0.59183159,INFEASIBLE,0,167177.46,3147.7304,0.13087237,47.756219,15,1.5,0.02,0.04,-0.05,40,40,40
18.235,189.41851,22.997466,0.070331241,-4.1382235,-189.41851,-22.997466,-0.070331241,4.1382235,-0.44409771,-0.44409771,INFEASIBLE,0,167356.86,3150.3748,0.13089711,47.841844,15,1.5,0.02,0.04,-0.05,40,40,40
18.24,189.53064,22.267668,0.050395641,-3.8705099,-189.53064,-22.267668,-0.050395641,3.8705099,-0.36851057,-0.36851057,INFEASIBLE,0,167536.47,3152.854,0.13090981,47.916748,15,1.5,0.02,0.04,-0.05,40,40,40
18.245,189.64026,21.691865,0.031726259,-3.6459727,-189.64026,-21.691865,-0.031726259,3.6459727,-0.33258541,-0.33258541,INFEASIBLE,0,167716.28,3155.2067,0.13091484,47.983214,15,1.5,0.02,0.04,-0.05,40,40,40
18.25,189.74837,21.291399,0.014192128,-3.4349064,-189.74837,-21.291399,-0.014192128,3.4349064,-0.29285429,-0.29285429,INFEASIBLE,0,167896.3,3157.4733,0.13091585,48.042206,15,1.5,0.02,0.04,-0.05,40,40,40
18.255,189.85417,21.04666,-0.0024182054,-3.2475638,-189.85417,-21.04666,0.0024182054,3.2475638,-0.26866889,-0.26866889,INFEASIBLE,0,168076.53,3159.6881,0.13091587,48.09494,15,1.5,0.02,0.04,-0.05,40,40,40
18.26,189.95796,20.693163,-0.018204505,-3.088154,-189.95796,-20.693163,0.018204505,3.088154,-0.27841287,-0.27841287,INFEASIBLE,0,168256.95,3161.8292,0.13091753,48.142623,15,1.5,0.02,0.04,-0.05,40,40,40
18.265,190.06054,20.381419,-0.033148625,-2.9235336,-190.06054,-20.381419,0.033148625,2.9235336,-0.26606218,-0.26606218,INFEASIBLE,0,168437.56,3163.9062,0.13092303,48.185359,15,1.5,0.02,0.04,-0.05,40,40,40
18.27,190.16123,19.969435,-0.047327039,-2.7775102,-190.16123,-19.969435,0.047327039,2.7775102,-0.27416882,-0.27416882,INFEASIBLE,0,168618.37,3165.9001,0.13093422,48.223931,15,1.5,0.02,0.04,-0.05,40,40,40
18.275,190.2598,19.430509,-0.060799622,-2.6422858,-190.2598,-19.430509,0.060799622,2.6422858,-0.2930067,-0.2930067,INFEASIBLE,0,168799.36,3167.7878,0.13095271,48.25884,15,1.5,0.02,0.04,-0.05,40,40,40
18.28,190.35559,18.779058,-0.073568084,-2.5027514,-190.35559,-18.779058,0.073568084,2.5027514,-0.29937424,-0.29937424,INFEASIBLE,0,168980.54,3169.5511,0.13097977,48.290159,15,1.5,0.02,0.04,-0.05,40,40,40
18.285,190.44967,18.815162,-0.085557826,-2.3308643,-190.44967,-18.815162,0.085557826,2.3308643,-0.21806399,-0.21806399,INFEASIBLE,0,169161.89,3171.3211,0.13101637,48.317323,15,1.5,0.02,0.04,-0.05,40,40,40
18.29,190.54138,18.02699,-0.096965082,-2.2485639,-190.54138,-18.02699,0.096965082,2.2485639,-0.29541491,-0.29541491,INFEASIBLE,0,169343.43,3172.946,0.13106338,48.342603,15,1.5,0.02,0.04,-0.05,40,40,40
18.295,190.63244,18.023394,-0.10766581,-2.0848967,-190.63244,-18.023394,0.10766581,2.0848967,-0.20874747,-0.20874747,INFEASIBLE,0,169525.13,3174.5702,0.13112134,48.364337,15,1.5,0.02,0.04,-0.05,40,40,40
18.3,190.72192,17.958089,-0.11782321,-1.9881945,-190.72192,-17.958089,0.11782321,1.9881945,-0.21687798,-0.21687798,INFEASIBLE,0,169707,3176.1827,0.13119075,48.384102,15,1.5,0.02,0.04,-0.05,40,40,40
18.305,190.80979,17.317122,-0.12753577,-1.9120363,-190.80979,-17.317122,0.12753577,1.9120363,-0.27221042,-0.27221042,INFEASIBLE,0,169889.04,3177.6821,0.13127208,48.402381,15,1.5,0.02,0.04,-0.05,40,40,40
18.31,190.89615,17.08757,-0.13670436,-1.7930701,-190.89615,-17.08757,0.13670436,1.7930701,-0.23874478,-0.23874478,INFEASIBLE,0,170071.25,3179.142,0.13136552,48.418457,15,1.5,0.02,0.04,-0.05,40,40,40
18.315,190.98037,16.78477,-0.14535148,-1.684943,-190.98037,-16.78477,0.14535148,1.684943,-0.21668841,-0.21668841,INFEASIBLE,0,170253.62,3180.5506,0.13147115,48.432652,15,1.5,0.02,0.04,-0.05,40,40,40
18.32,191.06361,16.443448,-0.15356488,-1.6134569,-191.06361,-16.443448,0.15356488,1.6134569,-0.24464853,-0.24464853,INFEASIBLE,0,170436.15,3181.9026,0.13158907,48.445668,15,1.5,0.02,0.04,-0.05,40,40,40
18.325,191.14532,16.394254,-0.16131088,-1.5117544,-191.14532,-16.394254,0.16131088,1.5117544,-0.20861819,-0.20861819,INFEASIBLE,0,170618.83,3183.2464,0.13171917,48.457095,15,1.5,0.02,0.04,-0.05,40,40,40
18.33,191.22546,15.953475,-0.16866057,-1.4373666,-191.22546,-15.953475,0.16866057,1.4373666,-0.22331018,-0.22331018,INFEASIBLE,0,170801.66,3184.519,0.1318614,48.467425,15,1.5,0.02,0.04,-0.05,40,40,40
18.335,191.30407,15.578832,-0.17562861,-1.371697,-191.30407,-15.578832,0.17562861,1.371697,-0.24273994,-1.3078197,OK,0,170984.65,3185.7325,0.13201563,48.476833,15,1.5,0.02,0.04,-0.05,40,40,40
18.34,191.37073,12.171418,-0.18079557,-0.78425456,-191.37073,-12.171418,0.18079557,0.78425456,0.42595601,-0.84411702,OK,0,171167.76,3186.4732,0.13217907,48.479908,15,1.5,0.02,0.04,-0.05,40,40,40
18.345,191.4317,11.890203,-0.18321272,-0.2997481,-191.4317,-11.890203,0.18321272,0.2997481,1.1064291,-0.80679273,OK,0,171350.99,3187.1801,0.1323469,48.480358,15,1.5,0.02,0.04,-0.05,40,40,40
18.35,191.48855,11.107108,-0.18346791,0.11972573,-191.48855,-11.107108,0.18346791,-0.11972573,1.7016252,-0.69963541,OK,0,171534.33,3187.7969,0.1325152,48.480429,15,1.5,0.02,0.04,-0.05,40,40,40
18.355,191.54238,10.34305,-0.18179622,0.47056177,-191.54238,-10.34305,0.18179622,-0.47056177,2.223469,-0.59429605,OK,0,171717.78,3188.3318,0.13268045,48.481536,15,1.5,0.02,0.04,-0.05,40,40,40
18.36,191.59262,9.6097026,-0.17853852,0.76301544,-191.59262,-9.6097026,0.17853852,-0.76301544,2.6826858,-0.49267011,OK,0,171901.32,3188.7936,0.13283983,48.484447,15,1.5,0.02,0.04,-0.05,40,40,40
18.365,191.64042,9.2945179,-0.17398633,1.0039525,-191.64042,-9.2945179,0.17398633,-1.0039525,3.1007228,-0.44799556,OK,0,172084.95,3189.2255,0.13299119,48.489487,15,1.5,0.02,0.04,-0.05,40,40,40
18.37,191.68558,8.826505,-0.16833133,1.2131677,-191.68558,-8.826505,0.16833133,-1.2131677,3.4815535,-0.38220025,OK,0,172268.66,3189.615,0.13313287,48.496846,15,1.5,0.02,0.04,-0.05,40,40,40
18.375,191.72801,8.2186006,-0.16177848,1.3685284,-191.72801,-8.2186006,0.16177848,-1.3685284,3.7894195,-0.29725995,OK,0,172452.46,3189.9528,0.13326373,48.50621,15,1.5,0.02,0.04,-0.05,40,40,40
18.38,191.76847,7.941882,-0.15451524,1.5015221,-191.76847,-7.941882,0.15451524,-1.5015221,4.0875992,-0.25754722,OK,0,172636.34,3190.2681,0.1333831,48.517483,15,1.5,0.02,0.04,-0.05,40,40,40
18.385,191.80719,7.61313,-0.14671205,1.6040942,-191.80719,-7.61313,0.14671205,-1.6040942,4.3461295,-0.21076311,OK,0,172820.29,3190.5579,0.13349072,48.530349,15,1.5,0.02,0.04,-0.05,40,40,40
18.39,191.84448,7.3504149,-0.1384748,1.6799622,-191.84448,-7.3504149,0.1384748,-1.6799622,4.5737275,-0.17303508,OK,0,173004.31,3190.8281,0.1335866,48.54446,15,1.5,0.02,0.04,-0.05,40,40,40
18.395,191.88062,7.1388257,-0.1299113,1.733221,-191.88062,-7.1388257,0.1299113,-1.733221,4.7743273,-0.14232324,OK,0,173188.4,3191.0829,0.13367098,48.55948,15,1.5,0.02,0.04,-0.05,40,40,40
18.4,191.91582,6.9718914,-0.12110056,1.7807242,-191.91582,-6.9718914,0.12110056,-1.7807242,4.9717699,-0.11770718,OK,0,173372.56,3191.3259,0.13374431,48.575335,15,1.5,0.02,0.04,-0.05,40,40,40
18.405,191.95025,6.8308671,-0.11210754,1.8140703,-191.95025,-6.8308671,0.11210754,-1.8140703,5.1517322,-0.096650097,OK,0,173556.78,3191.5592,0.13380715,48.591789,15,1.5,0.02,0.04,-0.05,40,40,40
18.41,191.98412,6.728632,-0.10298205,1.8319228,-191.98412,-6.728632,0.10298205,-1.8319228,5.3119812,-0.080896467,OK,0,173741.07,3191.7856,0.13386018,48.608569,15,1.5,0.02,0.04,-0.05,40,40,40
18.415,192.01747,6.6303456,-0.093768564,1.8518628,-192.01747,-6.6303456,0.093768564,-1.8518628,5.4768289,-0.065682373,OK,0,173925.42,3192.0054,0.13390414,48.625716,15,1.5,0.02,0.04,-0.05,40,40,40
18.42,192.05042,6.5644695,-0.0844816,1.8585572,-192.05042,-6.5644695,0.0844816,-1.8585572,5.6241991,-0.054887242,OK,0,174109.84,3192.2209,0.13393983,48.642987,15,1.5,0.02,0.04,-0.05,40,40,40
18.425,192.08305,6.5028473,-0.07515163,1.8708192,-192.08305,-6.5028473,0.07515163,-1.8708192,5.7807292,-0.044663943,OK,0,174294.32,3192.4323,0.13396807,48.660487,15,1.5,0.02,0.04,-0.05,40,40,40
18.43,192.11538,6.4407234,-0.065789883,1.8757123,-192.11538,-6.4407234,0.065789883,-1.8757123,5.9266568,-0.034385598,OK,0,174478.86,3192.6397,0.13398971,48.678079,15,1.5,0.02,0.04,-0.05,40,40,40
18.435,192.14751,6.4083625,-0.0564035,1.8771863,-192.14751,-6.4083625,0.0564035,-1.8771863,6.0690116,-0.028140003,OK,0,174663.47,3192.8451,0.13400561,48.695698,15,1.5,0.02,0.04,-0.05,40,40,40
18.44,192.17943,6.3725619,-0.047009367,1.8805615,-192.17943,-6.3725619,0.047009367,-1.8805615,6.2141929,-0.021428203,OK,0,174848.13,3193.0481,0.13401666,48.71338,15,1.5,0.02,0.04,-0.05,40,40,40
18.445,192.21123,6.3461957,-0.037608504,1.8803473,-192.21123,-6.3461957,0.037608504,-1.8803473,6.3544658,-0.015995378,OK,0,175032.86,3193.2495,0.13402374,48.731059,15,1.5,0.02,0.04,-0.05,40,40,40
18.45,192.2429,6.3307943,-0.028202604,1.881215,-192.2429,-6.3307943,0.028202604,-1.881215,6.4968733,-0.012043283,OK,0,175217.64,3193.4499,0.13402771,48.748754,15,1.5,0.02,0.04,-0.05,40,40,40
18.455,192.27451,6.311252,-0.018797496,1.8819419,-192.27451,-6.311252,0.018797496,-1.8819419,6.6388908,-0.0075316947,OK,0,175402.49,3193.649,0.13402948,48.766462,15,1.5,0.02,0.04,-0.05,40,40,40
18.46,192.30605,6.3016207,-0.0093882821,1.8824352,-192.30605,-6.3016207,0.0093882821,-1.8824352,6.7810145,-0.0043585627,OK,0,175587.4,3193.8476,0.13402992,48.78418,15,1.5,0.02,0.04,-0.05,40,40,40
18.465,192.33751,6.2860595,3.5918316e-05,1.8860597,-192.33751,-6.2860595,-3.5918316e-05,-1.8860597,6.9278208,-0.0003811996,OK,0,175772.37,3194.0452,0.13402992,48.801966,15,1.5,0.02,0.04,-0.05,40,40,40
18.47,192.36894,6.2846195,0.0094666186,1.8876797,-192.36894,-6.2846195,-0.0094666186,-1.8876797,7.0722825,0.0016885841,OK,0,175957.4,3194.2426,0.13403037,48.819783,15,1.5,0.02,0.04,-0.05,40,40,40
18.475,192.40032,6.2769092,0.018922718,1.892068,-192.40032,-6.2769092,-0.018922718,-1.892068,7.2210256,0.0046087264,OK,0,176142.49,3194.4396,0.13403216,48.837682,15,1.5,0.02,0.04,-0.05,40,40,40
18.48,192.43167,6.2612916,0.028407297,1.901141,-192.43167,-6.2612916,-0.028407297,-1.901141,7.376906,0.0085987224,OK,0,176327.63,3194.6357,0.13403619,48.855754,15,1.5,0.02,0.04,-0.05,40,40,40
18.485,192.463,6.2713906,0.037919721,1.9030435,-192.463,-6.2713906,-0.037919721,-1.9030435,7.5234768,0.0091185239,OK,0,176512.84,3194.8323,0.13404338,48.873862,15,1.5,0.02,0.04,-0.05,40,40,40
18.49,192.49429,6.2538563,0.04748191,1.9165526,-192.49429,-6.2538563,-0.04748191,-1.9165526,7.6870977,0.013372049,OK,0,176698.12,3195.0279,0.13405466,48.892228,15,1.5,0.02,0.04,-0.05,40,40,40
18.495,192.5256,6.2607658,0.057077256,1.9239626,-192.5256,-6.2607658,-0.057077256,-1.9239626,7.8430453,0.014325385,OK,0,176883.45,3195.2239,0.13407094,48.910736,15,1.5,0.02,0.04,-0.05,40,40,40
18.5,192.55686,6.2538581,0.06674489,1.9365637,-192.55686,-6.2538581,-0.06674489,-1.9365637,8.0073104,0.017150367,OK,0,177068.84,3195.4194,0.13409322,48.929487,15,1.5,0.02,0.04,-0.05,40,40,40
18.505,192.58814,6.2477386,0.076466129,1.9543153,-192.58814,-6.2477386,-0.076466129,-1.9543153,8.1801372,0.019864694,OK,0,177254.29,3195.6146,0.13412245,48.948584,15,1.5,0.02,0.04,-0.05,40,40,40
18.51,192.6194,6.2578536,0.086261418,1.962357,-192.6194,-6.2578536,-0.086261418,-1.962357,8.3401588,0.020397789,OK,0,177439.8,3195.8104,0.13415966,48.967838,15,1.5,0.02,0.04,-0.05,40,40,40
18.515,192.65067,6.2481561,0.096138823,1.9853478,-192.65067,-6.2481561,-0.096138823,-1.9853478,8.5230437,0.0235982,OK,0,177625.37,3196.0056,0.13420587,48.987546,15,1.5,0.02,0.04,-0.05,40,40,40
18.52,192.68194,6.2491091,0.10610239,2.0030649,-192.68194,-6.2491091,-0.10610239,-2.0030649,8.6997363,0.025366648,OK,0,177811,3196.2008,0.13426216,49.007608,15,1.5,0.02,0.04,-0.05,40,40,40
18.525,192.71316,6.2463134,0.11618787,2.0237956,-192.71316,-6.2463134,-0.11618787,-2.0237956,8.8826273,0.027647447,OK,0,177996.69,3196.3959,0.13432966,49.028087,15,1.5,0.02,0.04,-0.05,40,40,40
18.53,192.74443,6.2537717,0.12635647,2.0450637,-192.74443,-6.2537717,-0.12635647,-2.0450637,9.0679822,0.028532713,OK,0,178182.45,3196.5915,0.13440949,49.048998,15,1.5,0.02,0.04,-0.05,40,40,40
18.535,192.77566,6.2505386,0.13666663,2.0678887,-192.77566,-6.2505386,-0.13666663,-2.0678887,9.2573672,0.030877051,OK,0,178368.26,3196.7868,0.13450288,49.070379,15,1.5,0.02,0.04,-0.05,40,40,40
18.54,192.80687,6.2334536,0.14711566,2.1045357,-192.80687,-6.2334536,-0.14711566,-2.1045357,9.469014,0.035079488,OK,0,178554.13,3196.9811,0.13461109,49.092524,15,1.5,0.02,0.04,-0.05,40,40,40
18.545,192.83809,6.25401,0.15768429,2.1203197,-192.83809,-6.25401,-0.15768429,-2.1203197,9.6526662,1.35,INFEASIBLE,0,178740.06,3197.1767,0.13473541,49.115003,15,1.5,0.02,0.04,-0.05,40,40,40
18.55,192.87801,9.1228595,0.16637444,1.4801886,-192.87801,-9.1228595,-0.16637444,-1.4801886,8.9383741,1.35,INFEASIBLE,0,178926.07,3197.5928,0.13487382,49.125958,15,1.5,0.02,0.04,-0.05,40,40,40
18.555,192.93085,10.981909,0.17173728,0.77381129,-192.93085,-10.981909,-0.17173728,-0.77381129,8.0346694,-0.60689959,OK,0,179112.18,3198.1958,0.13502129,49.128952,15,1.5,0.02,0.04,-0.05,40,40,40
18.56,192.97725,8.624612,0.17643891,1.0825585,-192.97725,-8.624612,-0.17643891,-1.0825585,8.4749507,-0.28417766,OK,0,179298.39,3198.5677,0.13517694,49.134811,15,1.5,0.02,0.04,-0.05,40,40,40
18.565,193.02048,8.5365446,0.18257185,1.3325,-193.02048,-8.5365446,-0.18257185,-1.3325,8.9391992,1.35,INFEASIBLE,0,179484.67,3198.9321,0.1353436,49.143689,15,1.5,0.02,0.04,-0.05,40,40,40
18.57,193.07318,10.917878,0.18737715,0.6706797,-193.07318,-10.917878,-0.18737715,-0.6706797,8.1148557,1.35,INFEASIBLE,0,179671.06,3199.5281,0.13551915,49.145938,15,1.5,0.02,0.04,-0.05,40,40,40
18.575,193.13855,12.873585,0.18890732,-0.015127238,-193.13855,-12.873585,-0.18890732,0.015127238,7.1886333,-0.86400988,OK,0,179857.57,3200.3567,0.13569758,49.145939,15,1.5,0.02,0.04,-0.05,40,40,40
18.58,193.19251,10.290165,0.18997702,0.44031916,-193.19251,-10.290165,-0.18997702,-0.44031916,7.785591,-0.5097719,OK,0,180044.19,3200.8862,0.13587804,49.146909,15,1.5,0.02,0.04,-0.05,40,40,40
18.585,193.24243,9.8360888,0.19322989,0.79559941,-193.24243,-9.8360888,-0.19322989,-0.79559941,8.3501396,1.35,INFEASIBLE,0,180230.9,3201.3699,0.13606473,49.150074,15,1.5,0.02,0.04,-0.05,40,40,40
18.59,193.30414,12.936547,0.19561628,0.20027506,-193.30414,-12.936547,-0.19561628,-0.20027506,7.6182014,1.35,INFEASIBLE,0,180417.73,3202.2067,0.13625606,49.150274,15,1.5,0.02,0.04,-0.05,40,40,40
18.595,193.37631,14.808586,0.19464242,-0.48680457,-193.37631,-14.808586,-0.19464242,0.48680457,6.649299,-1.1294738,OK,0,180604.7,3203.3032,0.13644548,49.151459,15,1.5,0.02,0.04,-0.05,40,40,40
18.6,193.43652,10.715506,0.19367869,0.045752306,-193.43652,-10.715506,-0.19367869,-0.045752306,7.2711595,-0.56755646,OK,0,180791.79,3203.8773,0.13663304,49.151469,15,1.5,0.02,0.04,-0.05,40,40,40
18.605,193.48991,10.581417,0.19520625,0.48001192,-193.48991,-10.581417,-0.19520625,-0.48001192,7.9411665,1.35,INFEASIBLE,0,180978.98,3204.4371,0.13682357,49.152622,15,1.5,0.02,0.04,-0.05,40,40,40
18.61,193.55606,14.672934,0.19599302,-0.074263034,-193.55606,-14.672934,-0.19599302,0.074263034,7.2865392,1.35,INFEASIBLE,0,181166.3,3205.5136,0.13701564,49.152649,15,1.5,0.02,0.04,-0.05,40,40,40
18.615,193.6359,18.098747,0.19359945,-0.68548453,-193.6359,-18.098747,-0.19359945,0.68548453,6.4724329,1.35,INFEASIBLE,0,181353.78,3207.1514,0.13720304,49.154999,15,1.5,0.02,0.04,-0.05,40,40,40
18.62,193.72373,18.602078,0.18767778,-1.4449586,-193.72373,-18.602078,-0.18767778,1.4449586,5.2662865,1.35,INFEASIBLE,0,181541.42,3208.8816,0.13737915,49.165438,15,1.5,0.02,0.04,-0.05,40,40,40
18.625,193.82278,20.750679,0.17841109,-2.1169589,-193.82278,-20.750679,-0.17841109,2.1169589,4.2072108,1.35,INFEASIBLE,0,181729.26,3211.0345,0.13753831,49.187846,15,1.5,0.02,0.04,-0.05,40,40,40
18.63,193.93878,23.364298,0.16606651,-2.7831424,-193.93878,-23.364298,-0.16606651,2.7831424,3.1296315,1.35,INFEASIBLE,0,181917.32,3213.764,0.1376762,49.226575,15,1.5,0.02,0.04,-0.05,40,40,40
18.635,194.06152,25.235502,0.15004424,-3.4928764,-194.06152,-25.235502,-0.15004424,3.4928764,1.9019995,1.35,INFEASIBLE,0,182105.62,3216.9481,0.13778876,49.287576,15,1.5,0.02,0.04,-0.05,40,40,40
18.64,194.19811,29.29335,0.13070259,-4.0869666,-194.19811,-29.29335,-0.13070259,4.0869666,0.88578513,0.88578513,INFEASIBLE,0,182294.18,3221.2386,0.13787418,49.371092,15,1.5,0.02,0.04,-0.05,40,40,40
18.645,194.33937,28.629758,0.10833584,-4.6709644,-194.33937,-28.629758,-0.10833584,4.6709644,-0.3494312,-0.3494312,INFEASIBLE,0,182483.02,3225.337,0.13793286,49.480182,15,1.5,0.02,0.04,-0.05,40,40,40
18.65,194.46756,24.803948,0.084802517,-4.6652352,-194.46756,-24.803948,-0.084802517,4.6652352,-0.84430596,-0.84430596,INFEASIBLE,0,182672.11,3228.4131,0.13796882,49.589004,15,1.5,0.02,0.04,-0.05,40,40,40
18.655,194.58426,22.374044,0.062828874,-4.2245753,-194.58426,-22.374044,-0.062828874,4.2245753,-0.60778298,-0.60778298,INFEASIBLE,0,182861.43,3230.9161,0.13798856,49.678239,15,1.5,0.02,0.04,-0.05,40,40,40
18.66,194.69428,21.768067,0.042867372,-3.8387816,-194.69428,-21.768067,-0.042867372,3.8387816,-0.35055339,-0.35055339,INFEASIBLE,0,183050.95,3233.2854,0.13799775,49.75192,15,1.5,0.02,0.04,-0.05,40,40,40
18.665,194.80487,21.843255,0.024559652,-3.5815245,-194.80487,-21.843255,-0.024559652,3.5815245,-0.23406447,-0.23406447,INFEASIBLE,0,183240.7,3235.671,0.13800076,49.816057,15,1.5,0.02,0.04,-0.05,40,40,40
18.67,194.91313,21.786775,0.0070892313,-3.4168013,-194.91313,-21.786775,-0.0070892313,3.4168013,-0.24912995,-0.24912995,INFEASIBLE,0,183430.65,3238.0443,0.13800101,49.87443,15,1.5,0.02,0.04,-0.05,40,40,40
18.675,195.01995,21.230469,-0.0096231927,-3.2836709,-195.01995,-21.230469,0.0096231927,3.2836709,-0.32023655,-0.32023655,INFEASIBLE,0,183620.82,3240.298,0.13800148,49.928342,15,1.5,0.02,0.04,-0.05,40,40,40
18.68,195.12462,20.691369,-0.025496223,-3.1064893,-195.12462,-20.691369,0.025496223,3.1064893,-0.31203012,-0.31203012,INFEASIBLE,0,183811.19,3242.4387,0.13800473,49.976594,15,1.5,0.02,0.04,-0.05,40,40,40
18.685,195.22702,20.244136,-0.04048529,-2.9319292,-195.22702,-20.244136,0.04048529,2.9319292,-0.29086741,-0.29086741,INFEASIBLE,0,184001.75,3244.4878,0.13801292,50.019575,15,1.5,0.02,0.04,-0.05,40,40,40
18.69,195.3273,19.958986,-0.05464871,-2.7658734,-195.3273,-19.958986,0.05464871,2.7658734,-0.26363536,-0.26363536,INFEASIBLE,0,184192.52,3246.4796,0.13802785,50.057825,15,1.5,0.02,0.04,-0.05,40,40,40
18.695,195.42574,19.599077,-0.068076396,-2.6293916,-195.42574,-19.599077,0.068076396,2.6293916,-0.27275535,-0.27275535,INFEASIBLE,0,184383.47,3248.4002,0.13805103,50.092393,15,1.5,0.02,0.04,-0.05,40,40,40
18.7,195.52084,19.20971,-0.08089183,-2.4899688,-195.52084,-19.20971,0.08089183,2.4899688,-0.26952552,-0.26952552,INFEASIBLE,0,184574.62,3250.2453,0.13808374,50.123393,15,1.5,0.02,0.04,-0.05,40,40,40
18.705,195.6151,18.502619,-0.092988537,-2.3757867,-195.6151,-18.502619,0.092988537,2.3757867,-0.30610123,-0.30610123,INFEASIBLE,0,184765.94,3251.957,0.13812698,50.151615,15,1.5,0.02,0.04,-0.05,40,40,40
18.71,195.70649,18.272688,-0.1044057,-2.2155712,-195.70649,-18.272688,0.1044057,2.2155712,-0.24440513,-0.24440513,INFEASIBLE,0,184957.45,3253.6265,0.13818148,50.176159,15,1.5,0.02,0.04,-0.05,40,40,40
18.715,195.79704,17.881218,-0.11512432,-2.1048289,-195.79704,-17.881218,0.11512432,2.1048289,-0.25291872,-0.25291872,INFEASIBLE,0,185149.13,3255.2251,0.13824775,50.19831,15,1.5,0.02,0.04,-0.05,40,40,40
18.72,195.88569,17.745161,-0.12530759,-1.990002,-195.88569,-17.745161,0.12530759,1.990002,-0.23709672,-0.23709672,INFEASIBLE,0,185340.99,3256.7996,0.13832626,50.218111,15,1.5,0.02,0.04,-0.05,40,40,40
18.725,195.97279,17.422204,-0.1349621,-1.8811645,-195.97279,-17.422204,0.1349621,1.8811645,-0.22983435,-0.22983435,INFEASIBLE,0,185533.01,3258.3173,0.13841733,50.235805,15,1.5,0.02,0.04,-0.05,40,40,40
18.73,196.05839,17.046838,-0.14414621,-1.7949494,-196.05839,-17.046838,0.14414621,1.7949494,-0.25157598,-0.25157598,INFEASIBLE,0,185725.21,3259.7702,0.13852122,50.251914,15,1.5,0.02,0.04,-0.05,40,40,40
18.735,196.14272,16.594012,-0.15281153,-1.7018082,-196.14272,-16.594012,0.15281153,1.7018082,-0.2582703,-0.2582703,INFEASIBLE,0,185917.57,3261.147,0.13863798,50.266395,15,1.5,0.02,0.04,-0.05,40,40,40
18.74,196.22536,16.445161,-0.16097062,-1.590652,-196.22536,-16.445161,0.16097062,1.590652,-0.21822355,-0.21822355,INFEASIBLE,0,186110.09,3262.4993,0.13876754,50.279046,15,1.5,0.02,0.04,-0.05,40,40,40
18.745,196.3062,15.916373,-0.16870549,-1.5196758,-196.3062,-15.916373,0.16870549,1.5196758,-0.24731704,-0.24731704,INFEASIBLE,0,186302.77,3263.7659,0.13890984,50.290593,15,1.5,0.02,0.04,-0.05,40,40,40
18.75,196.38573,15.653836,-0.17598087,-1.4251899,-196.38573,-15.653836,0.17598087,1.4251899,-0.22362991,-1.3181012,OK,0,186495.61,3264.9911,0.13906469,50.300748,15,1.5,0.02,0.04,-0.05,40,40,40
18.755,196.45354,12.334168,-0.18136587,-0.82872379,-196.45354,-12.334168,0.18136587,0.82872379,0.45886368,-0.86653461,OK,0,186688.58,3265.7518,0.13922916,50.304182,15,1.5,0.02,0.04,-0.05,40,40,40
18.76,196.51447,11.540735,-0.18401885,-0.3605381,-196.51447,-11.540735,0.18401885,0.3605381,1.0908289,-0.7591277,OK,0,186881.67,3266.4177,0.13939847,50.304832,15,1.5,0.02,0.04,-0.05,40,40,40
18.765,196.57187,10.560949,-0.18453644,0.023439607,-196.57187,-10.560949,0.18453644,-0.023439607,1.6209883,-0.62512253,OK,0,187074.87,3266.9754,0.13956874,50.304835,15,1.5,0.02,0.04,-0.05,40,40,40
18.77,196.62573,10.133667,-0.18334261,0.3484625,-196.62573,-10.133667,0.18334261,-0.3484625,2.1104158,-0.56613,OK,0,187268.18,3267.4889,0.13973681,50.305442,15,1.5,0.02,0.04,-0.05,40,40,40
18.775,196.67682,9.8185805,-0.18067782,0.64001929,-196.67682,-9.8185805,0.18067782,-0.64001929,2.5761413,-0.52199167,OK,0,187461.59,3267.9709,0.13990004,50.30749,15,1.5,0.02,0.04,-0.05,40,40,40
18.78,196.72548,9.4549979,-0.17669463,0.90133586,-196.72548,-9.4549979,0.17669463,-0.90133586,3.0142939,-0.4708182,OK,0,187655.09,3268.4179,0.14005614,50.311552,15,1.5,0.02,0.04,-0.05,40,40,40
18.785,196.77082,8.9255853,-0.17155566,1.1182042,-196.77082,-8.9255853,0.17155566,-1.1182042,3.3964111,-0.39671794,OK,0,187848.68,3268.8162,0.1402033,50.317804,15,1.5,0.02,0.04,-0.05,40,40,40
18.79,196.81416,8.4673127,-0.16542585,1.2927597,-196.81416,-8.4673127,0.16542585,-1.2927597,3.7327277,-0.332248,OK,0,188042.36,3269.1747,0.14034013,50.32616,15,1.5,0.02,0.04,-0.05,40,40,40
18.795,196.85506,8.0328126,-0.1585178,1.4412746,-196.85506,-8.0328126,0.1585178,-1.4412746,4.0425586,-0.27099023,OK,0,188236.12,3269.4973,0.14046577,50.336547,15,1.5,0.02,0.04,-0.05,40,40,40
18.8,196.89419,7.6859044,-0.15100263,1.5514619,-196.89419,-7.6859044,0.15100263,-1.5514619,4.3074734,-0.22173651,OK,0,188429.96,3269.7927,0.14057978,50.348582,15,1.5,0.02,0.04,-0.05,40,40,40
18.805,196.93178,7.4010366,-0.14303552,1.6302163,-196.93178,-7.4010366,0.14303552,-1.6302163,4.5344686,-0.18100613,OK,0,188623.87,3270.0665,0.14068207,50.36187,15,1.5,0.02,0.04,-0.05,40,40,40
18.81,196.96813,7.1871789,-0.13470085,1.686505,-196.96813,-7.1871789,0.13470085,-1.686505,4.7360945,-0.14999829,OK,0,188817.85,3270.3248,0.14077279,50.376091,15,1.5,0.02,0.04,-0.05,40,40,40
18.815,197.00349,6.9987473,-0.12610794,1.7359743,-197.00349,-6.9987473,0.12610794,-1.7359743,4.9323621,-0.12247425,OK,0,189011.9,3270.5697,0.14085231,50.391159,15,1.5,0.02,0.04,-0.05,40,40,40
18.82,197.03805,6.8494856,-0.1173203,1.7736833,-197.03805,-6.8494856,0.1173203,-1.7736833,5.1154608,-0.10031181,OK,0,189206.02,3270.8043,0.14092113,50.406889,15,1.5,0.02,0.04,-0.05,40,40,40
18.825,197.07196,6.7388191,-0.10838062,1.7966926,-197.07196,-6.7388191,0.10838062,-1.7966926,5.2803215,-0.083427412,OK,0,189400.21,3271.0314,0.14097986,50.42303,15,1.5,0.02,0.04,-0.05,40,40,40
18.83,197.10536,6.646528,-0.099350496,1.8141761,-197.10536,-6.646528,0.099350496,-1.8141761,5.4389751,-0.069055234,OK,0,189594.46,3271.2522,0.14102921,50.439486,15,1.5,0.02,0.04,-0.05,40,40,40
18.835,197.13834,6.5611981,-0.090257644,1.8248037,-197.13834,-6.5611981,0.090257644,-1.8248037,5.5885556,-0.055645639,OK,0,189788.78,3271.4675,0.14106995,50.456135,15,1.5,0.02,0.04,-0.05,40,40,40
18.84,197.17097,6.5037005,-0.081111435,1.8317959,-197.17097,-6.5037005,0.081111435,-1.8317959,5.7345898,-0.046017404,OK,0,189983.16,3271.679,0.14110284,50.472913,15,1.5,0.02,0.04,-0.05,40,40,40
18.845,197.20331,6.4469723,-0.071941023,1.8375397,-197.20331,-6.4469723,0.071941023,-1.8375397,5.8791392,-0.036498951,OK,0,190177.61,3271.8868,0.14112872,50.489796,15,1.5,0.02,0.04,-0.05,40,40,40
18.85,197.23545,6.4116807,-0.062756207,1.8359087,-197.23545,-6.4116807,0.062756207,-1.8359087,6.0136962,-0.029893848,OK,0,190372.12,3272.0924,0.14114841,50.506648,15,1.5,0.02,0.04,-0.05,40,40,40
18.855,197.2674,6.3832038,-0.053568829,1.8381104,-197.2674,-6.3832038,0.053568829,-1.8381104,6.1543094,-0.024208259,OK,0,190566.69,3272.2961,0.14116276,50.523542,15,1.5,0.02,0.04,-0.05,40,40,40
18.86,197.29921,6.3479373,-0.044380904,1.8385043,-197.29921,-6.3479373,0.044380904,-1.8385043,6.2919446,-0.017607289,OK,0,190761.33,3272.4976,0.14117261,50.540442,15,1.5,0.02,0.04,-0.05,40,40,40
18.865,197.3309,6.3291419,-0.035192457,1.8377141,-197.3309,-6.3291419,0.035192457,-1.8377141,6.428468,-0.013234824,OK,0,190956.02,3272.6979,0.1411788,50.557328,15,1.5,0.02,0.04,-0.05,40,40,40
18.87,197.3625,6.3130205,-0.026006678,1.8372801,-197.3625,-6.3130205,0.026006678,-1.8372801,6.5655908,-0.0092235637,OK,0,191150.78,3272.8971,0.14118218,50.574206,15,1.5,0.02,0.04,-0.05,40,40,40
18.875,197.39403,6.2979099,-0.016824819,1.8373339,-197.39403,-6.2979099,0.016824819,-1.8373339,6.7034257,-0.0053489787,OK,0,191345.6,3273.0954,0.1411836,50.591085,15,1.5,0.02,0.04,-0.05,40,40,40
18.88,197.4255,6.2926103,-0.0076371423,1.8372308,-197.4255,-6.2926103,0.0076371423,-1.8372308,6.8415034,-0.0027985224,OK,0,191540.49,3273.2934,0.14118389,50.607962,15,1.5,0.02,0.04,-0.05,40,40,40
18.885,197.45693,6.2789565,0.0015537011,1.8401426,-197.45693,-6.2789565,-0.0015537011,-1.8401426,6.9838162,0.00088155619,OK,0,191735.44,3273.4906,0.1411839,50.624893,15,1.5,0.02,0.04,-0.05,40,40,40
18.89,197.48832,6.2728899,0.010755773,1.8418164,-197.48832,-6.2728899,-0.010755773,-1.8418164,7.1247433,0.0035380304,OK,0,191930.44,3273.6873,0.14118448,50.641854,15,1.5,0.02,0.04,-0.05,40,40,40
18.895,197.51966,6.2645612,0.019982766,1.8471455,-197.51966,-6.2645612,-0.019982766,-1.8471455,7.2714355,0.0065030294,OK,0,192125.51,3273.8835,0.14118648,50.658914,15,1.5,0.02,0.04,-0.05,40,40,40
18.9,197.551,6.2674731,0.029224065,1.8504714,-197.551,-6.2674731,-0.029224065,-1.8504714,7.4157871,0.0079502179,OK,0,192320.65,3274.0799,0.14119075,50.676035,15,1.5,0.02,0.04,-0.05,40,40,40
18.905,197.5823,6.2607719,0.038508484,1.8587284,-197.5823,-6.2607719,-0.038508484,-1.8587284,7.5677968,0.010699609,OK,0,192515.84,3274.2759,0.14119816,50.69331,15,1.5,0.02,0.04,-0.05,40,40,40
18.91,197.61361,6.2558256,0.047822689,1.8695357,-197.61361,-6.2558256,-0.047822689,-1.8695357,7.724149,0.013211303,OK,0,192711.09,3274.4716,0.1412096,50.710785,15,1.5,0.02,0.04,-0.05,40,40,40
18.915,197.64487,6.25221,0.057193897,1.8775959,-197.64487,-6.25221,-0.057193897,-1.8775959,7.877288,0.015551232,OK,0,192906.41,3274.667,0.14122595,50.728412,15,1.5,0.02,0.04,-0.05,40,40,40
18.92,197.67613,6.2508158,0.066615498,1.8898938,-197.67613,-6.2508158,-0.066615498,-1.8898938,8.0376285,0.017590155,OK,0,193101.79,3274.8624,0.14124814,50.746271,15,1.5,0.02,0.04,-0.05,40,40,40
18.925,197.70741,6.2608958,0.076090859,1.8989494,-197.70741,-6.2608958,-0.076090859,-1.8989494,8.194371,0.018081998,OK,0,193297.23,3275.0584,0.14127709,50.764301,15,1.5,0.02,0.04,-0.05,40,40,40
18.93,197.73867,6.2525871,0.085649645,1.9164324,-197.73867,-6.2525871,-0.085649645,-1.9164324,8.3642701,0.021060662,OK,0,193492.74,3275.2539,0.14131377,50.782664,15,1.5,0.02,0.04,-0.05,40,40,40
18.935,197.76992,6.2432663,0.095287394,1.9379016,-197.76992,-6.2432663,-0.095287394,-1.9379016,8.5412924,0.024175633,OK,0,193688.3,3275.4488,0.14135917,50.801442,15,1.5,0.02,0.04,-0.05,40,40,40
18.94,197.80118,6.2532402,0.10500914,1.9502858,-197.80118,-6.2532402,-0.10500914,-1.9502858,8.706719,0.024692967,OK,0,193883.93,3275.6443,0.1414143,50.82046,15,1.5,0.02,0.04,-0.05,40,40,40
18.945,197.83246,6.2531636,0.11482701,1.9737839,-197.83246,-6.2531636,-0.11482701,-1.9737839,8.8898568,0.026558291,OK,0,194079.62,3275.8398,0.14148023,50.839939,15,1.5,0.02,0.04,-0.05,40,40,40
18.95,197.86374,6.2612857,0.12475283,1.9908631,-197.86374,-6.2612857,-0.12475283,-1.9908631,9.0653134,0.02732726,OK,0,194275.37,3276.0358,0.14155804,50.859756,15,1.5,0.02,0.04,-0.05,40,40,40
18.955,197.895,6.254222,0.13480701,2.018245,-197.895,-6.254222,-0.13480701,-2.018245,9.2575414,0.030145812,OK,0,194471.18,3276.2314,0.14164891,50.880123,15,1.5,0.02,0.04,-0.05,40,40,40
18.96,197.92628,6.249974,0.14497695,2.051111,-197.92628,-6.249974,-0.14497695,-2.051111,9.4598454,0.032569686,OK,0,194667.05,3276.4267,0.141754,50.901158,15,1.5,0.02,0.04,-0.05,40,40,40
18.965,197.95755,6.2563657,0.15529816,2.0735349,-197.95755,-6.2563657,-0.15529816,-2.0735349,9.6491804,1.35,INFEASIBLE,0,194862.99,3276.6224,0.14187459,50.922656,15,1.5,0.02,0.04,-0.05,40,40,40
18.97,197.99719,8.9999032,0.16369933,1.4160192,-197.99719,-8.9999032,-0.16369933,-1.4160192,8.8994587,1.35,INFEASIBLE,0,195059,3277.0274,0.14200857,50.932682,15,1.5,0.02,0.04,-0.05,40,40,40
18.975,198.04914,11.241936,0.16873071,0.73083474,-198.04914,-11.241936,-0.16873071,-0.73083474,8.0378731,-0.64273847,OK,0,195255.12,3277.6593,0.14215092,50.935352,15,1.5,0.02,0.04,-0.05,40,40,40
18.98,198.09478,8.7066918,0.17313886,1.0506052,-198.09478,-8.7066918,-0.17313886,-1.0506052,8.4831539,-0.29585702,OK,0,195451.33,3278.0383,0.14230081,50.940871,15,1.5,0.02,0.04,-0.05,40,40,40
18.985,198.13822,8.5214881,0.17912644,1.2828725,-198.13822,-8.5214881,-0.17912644,-1.2828725,8.9148293,1.35,INFEASIBLE,0,195647.62,3278.4014,0.14246124,50.9491,15,1.5,0.02,0.04,-0.05,40,40,40
18.99,198.19172,12.500321,0.18381839,0.71678832,-198.19172,-12.500321,-0.18381839,-0.71678832,8.2963055,1.35,INFEASIBLE,0,195844.02,3279.1827,0.14263019,50.951669,15,1.5,0.02,0.04,-0.05,40,40,40
18.995,198.25669,12.950646,0.18515147,-0.046274144,-198.25669,-12.950646,-0.18515147,0.046274144,7.1910205,-0.87481058,OK,0,196040.55,3280.0213,0.14280159,50.951679,15,1.5,0.02,0.04,-0.05,40,40,40
19,198.30994,9.590428,0.1859899,0.35458986,-198.30994,-9.590428,-0.1859899,-0.35458986,7.6715492,-0.41426315,OK,0,196237.18,3280.4812,0.14297455,50.952308,15,1.5,0.02,0.04,-0.05,40,40,40
19.005,198.36071,10.023919,0.18897213,0.72203341,-198.36071,-10.023919,-0.18897213,-0.72203341,8.2858031,1.35,INFEASIBLE,0,196433.92,3280.9836,0.14315311,50.954915,15,1.5,0.02,0.04,-0.05,40,40,40
19.01,198.42449,14.093726,0.19101226,0.16071072,-198.42449,-14.093726,-0.19101226,-0.16071072,7.6384889,1.35,INFEASIBLE,0,196630.78,3281.9767,0.14333553,50.955044,15,1.5,0.02,0.04,-0.05,40,40,40
19.015,198.49814,15.249059,0.18960891,-0.57062423,-198.49814,-15.249059,-0.18960891,0.57062423,6.5681225,-1.1900402,OK,0,196827.79,3283.1394,0.14351529,50.956672,15,1.5,0.02,0.04,-0.05,40,40,40
19.02,198.55526,9.8805726,0.18805182,-0.080455467,-198.55526,-9.8805726,-0.18805182,0.080455467,7.0664222,-0.45367461,OK,0,197024.91,3283.6275,0.14369211,50.956704,15,1.5,0.02,0.04,-0.05,40,40,40
19.025,198.61038,10.875044,0.18915539,0.34834351,-198.61038,-10.875044,-0.18915539,-0.34834351,7.7670554,-0.59001593,OK,0,197222.14,3284.2189,0.14387101,50.957311,15,1.5,0.02,0.04,-0.05,40,40,40
19.03,198.66249,9.9553396,0.19215585,0.74338372,-198.66249,-9.9553396,-0.19215585,-0.74338372,8.3688767,1.35,INFEASIBLE,0,197419.47,3284.7144,0.14405563,50.960074,15,1.5,0.02,0.04,-0.05,40,40,40
19.035,198.72646,13.655951,0.19440161,0.18390958,-198.72646,-13.655951,-0.19440161,-0.18390958,7.7126556,1.35,INFEASIBLE,0,197616.93,3285.6468,0.14424459,50.960243,15,1.5,0.02,0.04,-0.05,40,40,40
19.04,198.80455,17.010247,0.1934681,-0.43106468,-198.80455,-17.010247,-0.1934681,0.43106468,6.9119255,1.35,INFEASIBLE,0,197814.55,3287.0936,0.14443174,50.961172,15,1.5,0.02,0.04,-0.05,40,40,40
19.045,198.88991,17.572331,0.18896875,-1.1885752,-198.88991,-17.572331,-0.18896875,1.1885752,5.7323599,1.35,INFEASIBLE,0,198012.34,3288.6375,0.14461028,50.968236,15,1.5,0.02,0.04,-0.05,40,40,40
19.05,198.98804,19.763242,0.1811653,-1.8711684,-198.98804,-19.763242,-0.1811653,1.8711684,4.6810172,1.35,INFEASIBLE,0,198210.32,3290.5904,0.14477439,50.985742,15,1.5,0.02,0.04,-0.05,40,40,40
19.055,199.09294,21.776694,0.16971964,-2.5663031,-199.09294,-21.776694,-0.16971964,2.5663031,3.5492665,1.35,INFEASIBLE,0,198408.51,3292.9616,0.14491841,51.018672,15,1.5,0.02,0.04,-0.05,40,40,40
19.06,199.2095,24.77085,0.15486077,-3.2174415,-199.2095,-24.77085,-0.15486077,3.2174415,2.4717733,1.35,INFEASIBLE,0,198606.93,3296.0295,0.14503832,51.070432,15,1.5,0.02,0.04,-0.05,40,40,40
19.065,199.33339,26.602716,0.13631168,-3.9373864,-199.33339,-26.602716,-0.13631168,3.9373864,1.1893719,1.1893719,INFEASIBLE,0,198805.6,3299.5681,0.14513122,51.147947,15,1.5,0.02,0.04,-0.05,40,40,40
19.07,199.46677,27.031546,0.11445767,-4.6432015,-199.46677,-27.031546,-0.11445767,4.6432015,-0.17734009,-0.17734009,INFEASIBLE,0,199004.53,3303.2216,0.14519673,51.255743,15,1.5,0.02,0.04,-0.05,40,40,40
19.075,199.59384,24.683097,0.091133566,-4.6474624,-199.59384,-24.683097,-0.091133566,4.6474624,-0.62498938,-0.62498938,INFEASIBLE,0,199203.72,3306.2679,0.14523825,51.363738,15,1.5,0.02,0.04,-0.05,40,40,40
19.08,199.71209,23.501497,0.068873367,-4.2773377,-199.71209,-23.501497,-0.068873367,4.2773377,-0.44860443,-0.44860443,INFEASIBLE,0,199403.15,3309.0295,0.14526197,51.455216,15,1.5,0.02,0.04,-0.05,40,40,40
19.085,199.82558,22.383097,0.048155295,-4.0404391,-199.82558,-22.383097,-0.048155295,4.0404391,-0.44649377,-0.44649377,INFEASIBLE,0,199602.8,3311.5345,0.14527357,51.536842,15,1.5,0.02,0.04,-0.05,40,40,40
19.09,199.93652,21.702297,0.02885347,-3.7686699,-199.93652,-21.702297,-0.02885347,3.7686699,-0.3533804,-0.3533804,INFEASIBLE,0,199802.67,3313.8894,0.14527773,51.607856,15,1.5,0.02,0.04,-0.05,40,40,40
19.095,200.0443,21.219498,0.010720465,-3.5505991,-200.0443,-21.219498,-0.010720465,3.5505991,-0.31542587,-0.31542587,INFEASIBLE,0,200002.76,3316.1408,0.1452783,51.67089,15,1.5,0.02,0.04,-0.05,40,40,40
19.1,200.15072,21.099985,-0.0063560786,-3.3416566,-200.15072,-21.099985,0.0063560786,3.3416566,-0.26081219,-0.26081219,INFEASIBLE,0,200203.06,3318.3668,0.14527851,51.726723,15,1.5,0.02,0.04,-0.05,40,40,40
19.105,200.2561,20.880309,-0.022535577,-3.1791719,-200.2561,-20.880309,0.022535577,3.1791719,-0.2664571,-0.2664571,INFEASIBLE,0,200403.57,3320.5467,0.14528105,51.777259,15,1.5,0.02,0.04,-0.05,40,40,40
19.11,200.35915,20.352513,-0.037990416,-3.0383369,-200.35915,-20.352513,0.037990416,3.0383369,-0.30607816,-0.30607816,INFEASIBLE,0,200604.29,3322.6179,0.14528826,51.823416,15,1.5,0.02,0.04,-0.05,40,40,40
19.115,200.45944,19.637573,-0.052696048,-2.8895661,-200.45944,-19.637573,0.052696048,2.8895661,-0.33009827,-0.33009827,INFEASIBLE,0,200805.21,3324.546,0.14530215,51.865164,15,1.5,0.02,0.04,-0.05,40,40,40
19.12,200.55656,19.654339,-0.066593608,-2.6858806,-200.55656,-19.654339,0.066593608,2.6858806,-0.23042022,-0.23042022,INFEASIBLE,0,201006.33,3326.4775,0.14532432,51.901234,15,1.5,0.02,0.04,-0.05,40,40,40
19.125,200.65275,19.3132,-0.07971959,-2.5687972,-200.65275,-19.3132,0.07971959,2.5687972,-0.26340662,-0.26340662,INFEASIBLE,0,201207.63,3328.3425,0.1453561,51.934227,15,1.5,0.02,0.04,-0.05,40,40,40
19.13,200.74821,18.902402,-0.092183324,-2.4407093,-200.74821,-18.902402,0.092183324,2.4407093,-0.27275348,-0.27275348,INFEASIBLE,0,201409.13,3330.129,0.14539858,51.964013,15,1.5,0.02,0.04,-0.05,40,40,40
19.135,200.84207,18.417503,-0.10397352,-2.3194322,-200.84207,-18.417503,0.10397352,2.3194322,-0.28520968,-0.28520968,INFEASIBLE,0,201610.82,3331.825,0.14545264,51.990912,15,1.5,0.02,0.04,-0.05,40,40,40
19.14,200.93252,18.23453,-0.11518107,-2.1776698,-200.93252,-18.23453,0.11518107,2.1776698,-0.24618916,-0.24618916,INFEASIBLE,0,201812.69,3333.4875,0.14551897,52.014623,15,1.5,0.02,0.04,-0.05,40,40,40
19.145,201.02225,17.924068,-0.12571573,-2.0616471,-201.02225,-17.924068,0.12571573,2.0616471,-0.24079895,-0.24079895,INFEASIBLE,0,202014.74,3335.0939,0.14559799,52.035875,15,1.5,0.02,0.04,-0.05,40,40,40
19.15,201.11049,17.494737,-0.13574168,-1.9574825,-201.11049,-17.494737,0.13574168,1.9574825,-0.25034976,-0.25034976,INFEASIBLE,0,202216.97,3336.6242,0.14569012,52.055033,15,1.5,0.02,0.04,-0.05,40,40,40
19.155,201.19715,17.250516,-0.14524758,-1.8576486,-201.19715,-17.250516,0.14524758,1.8576486,-0.25122294,-0.25122294,INFEASIBLE,0,202419.37,3338.1121,0.14579561,52.072288,15,1.5,0.02,0.04,-0.05,40,40,40
19.16,201.28191,16.82777,-0.15424764,-1.7681083,-201.28191,-16.82777,0.15424764,1.7681083,-0.26712798,-0.26712798,INFEASIBLE,0,202621.94,3339.528,0.14591457,52.087919,15,1.5,0.02,0.04,-0.05,40,40,40
19.165,201.36484,16.580444,-0.16271502,-1.6508026,-201.36484,-16.580444,0.16271502,1.6508026,-0.22641467,-0.22641467,INFEASIBLE,0,202824.68,3340.9025,0.14604695,52.101545,15,1.5,0.02,0.04,-0.05,40,40,40
19.17,201.44635,16.20124,-0.17073783,-1.5695455,-201.44635,-16.20124,0.17073783,1.5695455,-0.23840904,-0.23840904,INFEASIBLE,0,203027.58,3342.2149,0.14619271,52.113862,15,1.5,0.02,0.04,-0.05,40,40,40
19.175,201.52681,15.995951,-0.17829267,-1.48249,-201.52681,-15.995951,0.17829267,1.48249,-0.22775071,-0.22775071,INFEASIBLE,0,203230.65,3343.4943,0.14635165,52.124851,15,1.5,0.02,0.04,-0.05,40,40,40
19.18,201.60537,15.602775,-0.18548687,-1.4018154,-201.60537,-15.602775,0.18548687,1.4018154,-0.2288078,-1.3148163,OK,0,203433.87,3344.7115,0.14652367,52.134676,15,1.5,0.02,0.04,-0.05,40,40,40
19.185,201.67265,11.800774,-0.19076982,-0.83693318,-201.67265,-11.800774,0.19076982,0.83693318,0.38853681,-0.79642093,OK,0,203637.23,3345.4078,0.14670564,52.138179,15,1.5,0.02,0.04,-0.05,40,40,40
19.19,201.73483,11.909189,-0.19343599,-0.37944299,-201.73483,-11.909189,0.19343599,0.37944299,1.0403598,-0.81262804,OK,0,203840.72,3346.117,0.14689273,52.138898,15,1.5,0.02,0.04,-0.05,40,40,40
19.195,201.78928,11.17206,-0.19419409,0.044590896,-201.78928,-11.17206,0.19419409,-0.044590896,1.636643,-0.71182621,OK,0,204044.31,3346.741,0.14708128,52.138908,15,1.5,0.02,0.04,-0.05,40,40,40
19.2,201.84273,10.136687,-0.19289495,0.39016015,-201.84273,-10.136687,0.19289495,-0.39016015,2.134138,-0.56922152,OK,0,204248.01,3347.2548,0.14726733,52.139669,15,1.5,0.02,0.04,-0.05,40,40,40
19.205,201.89213,9.851557,-0.19007582,0.68268065,-201.89213,-9.851557,0.19007582,-0.68268065,2.6047885,-0.52904535,OK,0,204451.82,3347.7401,0.14744797,52.142,15,1.5,0.02,0.04,-0.05,40,40,40
19.21,201.93929,9.2542832,-0.18590076,0.93101266,-201.93929,-9.2542832,0.18590076,-0.93101266,3.0169646,-0.44569199,OK,0,204655.71,3348.1683,0.14762077,52.146334,15,1.5,0.02,0.04,-0.05,40,40,40
19.215,201.9839,8.6431228,-0.18060256,1.1374162,-201.9839,-8.6431228,0.18060256,-1.1374162,3.3824888,-0.36026223,OK,0,204859.7,3348.5418,0.14778385,52.152802,15,1.5,0.02,0.04,-0.05,40,40,40
19.22,202.0263,8.1907502,-0.17444732,1.2844099,-202.0263,-8.1907502,0.17444732,-1.2844099,3.6780611,-0.29657444,OK,0,205063.77,3348.8772,0.14793601,52.161051,15,1.5,0.02,0.04,-0.05,40,40,40
19.225,202.06669,7.9422436,-0.16762935,1.4144663,-202.06669,-7.9422436,0.16762935,-1.4144663,3.9662828,-0.26074489,OK,0,205267.93,3349.1926,0.14807651,52.171054,15,1.5,0.02,0.04,-0.05,40,40,40
19.23,202.10539,7.615254,-0.16028547,1.5073811,-202.10539,-7.615254,0.16028547,-1.5073811,4.2035076,-0.21422638,OK,0,205472.16,3349.4826,0.14820497,52.182415,15,1.5,0.02,0.04,-0.05,40,40,40
19.235,202.14267,7.3522534,-0.15250919,1.5836037,-202.14267,-7.3522534,0.15250919,-1.5836037,4.4247112,-0.17647745,OK,0,205676.47,3349.7529,0.14832126,52.194954,15,1.5,0.02,0.04,-0.05,40,40,40
19.24,202.17878,7.1367517,-0.14442219,1.6437448,-202.17878,-7.1367517,0.14442219,-1.6437448,4.62833,-0.14525221,OK,0,205880.85,3350.0075,0.14842555,52.208464,15,1.5,0.02,0.04,-0.05,40,40,40
19.245,202.21389,6.959182,-0.13610594,1.6801713,-202.21389,-6.959182,0.13610594,-1.6801713,4.801313,-0.11926003,OK,0,206085.3,3350.2497,0.14851817,52.222579,15,1.5,0.02,0.04,-0.05,40,40,40
19.25,202.24828,6.8234748,-0.1276055,1.7118489,-202.24828,-6.8234748,0.1276055,-1.7118489,4.9715953,-0.09898621,OK,0,206289.82,3350.4825,0.14859959,52.237231,15,1.5,0.02,0.04,-0.05,40,40,40
19.255,202.28208,6.7160217,-0.11899882,1.731128,-202.28208,-6.7160217,0.11899882,-1.731128,5.1259921,-0.082592425,OK,0,206494.41,3350.708,0.14867039,52.252215,15,1.5,0.02,0.04,-0.05,40,40,40
19.26,202.31539,6.6234793,-0.11031927,1.740741,-202.31539,-6.6234793,0.11031927,-1.740741,5.2675695,-0.068252625,OK,0,206699.07,3350.9274,0.14873125,52.267366,15,1.5,0.02,0.04,-0.05,40,40,40
19.265,202.3483,6.5572882,-0.1015781,1.752867,-202.3483,-6.5572882,0.1015781,-1.752867,5.4148865,-0.05749185,OK,0,206903.8,3351.1424,0.14878284,52.282728,15,1.5,0.02,0.04,-0.05,40,40,40
19.27,202.38087,6.4897411,-0.092822803,1.7548169,-202.38087,-6.4897411,0.092822803,-1.7548169,5.5470905,-0.046572605,OK,0,207108.59,3351.3529,0.14882592,52.298125,15,1.5,0.02,0.04,-0.05,40,40,40
19.275,202.41319,6.4478939,-0.084047681,1.7547869,-202.41319,-6.4478939,0.084047681,-1.7547869,5.6776447,-0.039144394,OK,0,207313.44,3351.5608,0.14886124,52.313522,15,1.5,0.02,0.04,-0.05,40,40,40
19.28,202.4453,6.4091608,-0.075278989,1.7545513,-202.4453,-6.4091608,0.075278989,-1.7545513,5.8079146,-0.032143231,OK,0,207518.36,3351.7662,0.14888957,52.328914,15,1.5,0.02,0.04,-0.05,40,40,40
19.285,202.47725,6.3743816,-0.066521566,1.7503886,-202.47725,-6.3743816,0.066521566,-1.7503886,5.9322797,-0.025686318,OK,0,207723.35,3351.9694,0.1489117,52.344233,15,1.5,0.02,0.04,-0.05,40,40,40
19.29,202.50906,6.3467742,-0.057775543,1.7472785,-202.50906,-6.3467742,0.057775543,-1.7472785,6.0583367,-0.020201636,OK,0,207928.4,3352.1708,0.14892839,52.359498,15,1.5,0.02,0.04,-0.05,40,40,40
19.295,202.54074,6.3261355,-0.049046261,1.7453506,-202.54074,-6.3261355,0.049046261,-1.7453506,6.1861921,-0.015661578,OK,0,208133.51,3352.3709,0.14894041,52.374729,15,1.5,0.02,0.04,-0.05,40,40,40
19.3,202.57234,6.3176597,-0.040332758,1.7410569,-202.57234,-6.3176597,0.040332758,-1.7410569,6.3107473,-0.012769818,OK,0,208338.69,3352.5704,0.14894855,52.389886,15,1.5,0.02,0.04,-0.05,40,40,40
19.305,202.60387,6.3008761,-0.031635486,1.7387553,-202.60387,-6.3008761,0.031635486,-1.7387553,6.4377129,-0.0087549528,OK,0,208543.93,3352.7689,0.14895355,52.405002,15,1.5,0.02,0.04,-0.05,40,40,40
19.31,202.63533,6.283354,-0.022949781,1.7373378,-202.63533,-6.283354,0.022949781,-1.7373378,6.5658007,-0.0046411357,OK,0,208749.24,3352.9663,0.14895619,52.420094,15,1.5,0.02,0.04,-0.05,40,40,40
19.315,202.66674,6.2869393,-0.014270571,1.7343874,-202.66674,-6.2869393,0.014270571,-1.7343874,6.692335,-0.0033802309,OK,0,208954.61,3353.164,0.1489572,52.435134,15,1.5,0.02,0.04,-0.05,40,40,40
19.32,202.69812,6.2700263,-0.0055954309,1.7357675,-202.69812,-6.2700263,0.0055954309,-1.7357675,6.8244832,0.0006514899,OK,0,209160.04,3353.3605,0.14895736,52.450199,15,1.5,0.02,0.04,-0.05,40,40,40
19.325,202.72947,6.2685122,0.0030801416,1.735594,-202.72947,-6.2685122,-0.0030801416,-1.735594,6.954923,0.002602643,OK,0,209365.53,3353.557,0.14895741,52.46526,15,1.5,0.02,0.04,-0.05,40,40,40
19.33,202.7608,6.2656513,0.01176379,1.7372193,-202.7608,-6.2656513,-0.01176379,-1.7372193,7.0881278,0.0047370809,OK,0,209571.09,3353.7533,0.1489581,52.48035,15,1.5,0.02,0.04,-0.05,40,40,40
19.335,202.79213,6.2591023,0.020457236,1.7425166,-202.79213,-6.2591023,-0.020457236,-1.7425166,7.2268401,0.0073698412,OK,0,209776.72,3353.9492,0.14896019,52.495532,15,1.5,0.02,0.04,-0.05,40,40,40
19.34,202.82343,6.2642274,0.029175607,1.7438973,-202.82343,-6.2642274,-0.029175607,-1.7438973,7.3605177,0.0084294284,OK,0,209982.4,3354.1454,0.14896445,52.510738,15,1.5,0.02,0.04,-0.05,40,40,40
19.345,202.85468,6.2458522,0.037933642,1.7551767,-202.85468,-6.2458522,-0.037933642,-1.7551767,7.5086973,0.012666064,OK,0,210188.15,3354.3404,0.14897164,52.526141,15,1.5,0.02,0.04,-0.05,40,40,40
19.35,202.88593,6.2464797,0.04672008,1.7609887,-202.88593,-6.2464797,-0.04672008,-1.7609887,7.6498622,0.014339007,OK,0,210393.97,3354.5355,0.14898256,52.541646,15,1.5,0.02,0.04,-0.05,40,40,40
19.355,202.91716,6.2452285,0.055559367,1.7711137,-202.91716,-6.2452285,-0.055559367,-1.7711137,7.7982134,0.016268896,OK,0,210599.84,3354.7305,0.14899799,52.557331,15,1.5,0.02,0.04,-0.05,40,40,40
19.36,202.9484,6.2483818,0.06444203,1.781457,-202.9484,-6.2483818,-0.06444203,-1.781457,7.9477191,0.017605494,OK,0,210805.78,3354.9258,0.14901875,52.573198,15,1.5,0.02,0.04,-0.05,40,40,40
19.365,202.97961,6.2493168,0.073392904,1.7925219,-202.97961,-6.2493168,-0.073392904,-1.7925219,8.0992414,0.019248415,OK,0,211011.79,3355.121,0.14904569,52.589264,15,1.5,0.02,0.04,-0.05,40,40,40
19.37,203.01082,6.233799,0.082414142,1.8130611,-203.01082,-6.233799,-0.082414142,-1.8130611,8.2653722,0.023114575,OK,0,211217.85,3355.3153,0.14907965,52.6057,15,1.5,0.02,0.04,-0.05,40,40,40
19.375,203.04203,6.2507241,0.091501079,1.8200152,-203.04203,-6.2507241,-0.091501079,-1.8200152,8.4134085,0.022607042,OK,0,211423.99,3355.5107,0.14912151,52.622262,15,1.5,0.02,0.04,-0.05,40,40,40
19.38,203.07325,6.2426269,0.10067632,1.843613,-203.07325,-6.2426269,-0.10067632,-1.843613,8.5867345,0.025474064,OK,0,211630.18,3355.7055,0.14917219,52.639257,15,1.5,0.02,0.04,-0.05,40,40,40
19.385,203.10449,6.246134,0.10993792,1.8618548,-203.10449,-6.246134,-0.10993792,-1.8618548,8.7537862,0.026780227,OK,0,211836.44,3355.9006,0.14923262,52.656589,15,1.5,0.02,0.04,-0.05,40,40,40
19.39,203.13568,6.2403039,0.11932267,1.8823699,-203.13568,-6.2403039,-0.11932267,-1.8823699,8.9257206,0.029361645,OK,0,212042.76,3356.0953,0.14930381,52.674306,15,1.5,0.02,0.04,-0.05,40,40,40
19.395,203.1669,6.2488784,0.12879495,1.9045266,-203.1669,-6.2488784,-0.12879495,-1.9045266,9.1020073,0.029983925,OK,0,212249.14,3356.2906,0.14938675,52.692442,15,1.5,0.02,0.04,-0.05,40,40,40
19.4,203.19812,6.2543518,0.13839906,1.9261911,-203.19812,-6.2543518,-0.13839906,-1.9261911,9.2794089,0.031036926,OK,0,212455.59,3356.4861,0.14948252,52.710993,15,1.5,0.02,0.04,-0.05,40,40,40
19.405,203.22932,6.2323127,0.14814758,1.9628468,-203.22932,-6.2323127,-0.14814758,-1.9628468,9.4803628,0.035811776,OK,0,212662.1,3356.6803,0.14959226,52.730257,15,1.5,0.02,0.04,-0.05,40,40,40
19.41,203.26051,6.2285124,0.1580175,1.986977,-203.26051,-6.2285124,-0.1580175,-1.986977,9.6650787,0.038138084,OK,0,212868.67,3356.8743,0.14971711,52.749997,15,1.5,0.02,0.04,-0.05,40,40,40
19.415,203.29169,6.2356347,0.16806006,2.0185868,-203.29169,-6.2356347,-0.16806006,-2.0185868,9.8640401,1.35,INFEASIBLE,0,213075.31,3357.0687,0.14985833,52.770371,15,1.5,0.02,0.04,-0.05,40,40,40
19.42,203.33216,8.621706,0.17624194,1.3556421,-203.33216,-8.621706,-0.17624194,-1.3556421,9.0886038,1.35,INFEASIBLE,0,213282.03,3357.4404,0.15001364,52.77956,15,1.5,0.02,0.04,-0.05,40,40,40
19.425,203.3863,12.120488,0.18119151,0.73694233,-203.3863,-12.120488,-0.18119151,-0.73694233,8.3758316,1.35,INFEASIBLE,0,213488.86,3358.1749,0.15017779,52.782275,15,1.5,0.02,0.04,-0.05,40,40,40
19.43,203.44825,12.669032,0.1825765,-0.024106292,-203.44825,-12.669032,-0.1825765,0.024106292,7.2782144,-0.83639303,OK,0,213695.82,3358.9775,0.15034446,52.782278,15,1.5,0.02,0.04,-0.05,40,40,40
19.435,203.50131,9.9375462,0.1835729,0.40763316,-203.50131,-9.9375462,-0.1835729,-0.40763316,7.8325713,-0.46218113,OK,0,213902.88,3359.4712,0.15051295,52.783109,15,1.5,0.02,0.04,-0.05,40,40,40
19.44,203.5495,9.5136096,0.18657157,0.73437085,-203.5495,-9.5136096,-0.18657157,-0.73437085,8.3516643,-0.40400113,OK,0,214110.04,3359.9238,0.150687,52.785805,15,1.5,0.02,0.04,-0.05,40,40,40
19.445,203.59562,9.1106777,0.19118946,1.0448026,-203.59562,-9.1106777,-0.19118946,-1.0448026,8.8713853,1.35,INFEASIBLE,0,214317.3,3360.3388,0.15086977,52.791263,15,1.5,0.02,0.04,-0.05,40,40,40
19.45,203.65303,12.909749,0.19474709,0.47176797,-203.65303,-12.909749,-0.19474709,-0.47176797,8.2183088,1.35,INFEASIBLE,0,214524.67,3361.1721,0.1510594,52.792376,15,1.5,0.02,0.04,-0.05,40,40,40
19.455,203.72035,13.899145,0.1949028,-0.25843579,-203.72035,-13.899145,-0.1949028,0.25843579,7.1662611,-1.0044874,OK,0,214732.18,3362.138,0.15124933,52.79271,15,1.5,0.02,0.04,-0.05,40,40,40
19.46,203.77485,10.037039,0.19476269,0.20838998,-203.77485,-10.037039,-0.19476269,-0.20838998,7.7110039,-0.47435186,OK,0,214939.8,3362.6417,0.151439,52.792927,15,1.5,0.02,0.04,-0.05,40,40,40
19.465,203.82633,10.301166,0.19703285,0.61246259,-203.82633,-10.301166,-0.19703285,-0.61246259,8.36276,1.35,INFEASIBLE,0,215147.53,3363.1723,0.1516331,52.794803,15,1.5,0.02,0.04,-0.05,40,40,40
19.47,203.89086,13.032999,0.1984717,-0.012307055,-203.89086,-13.032999,-0.1984717,0.012307055,7.5577521,1.35,INFEASIBLE,0,215355.38,3364.0216,0.15183006,52.794804,15,1.5,0.02,0.04,-0.05,40,40,40
19.475,203.96832,16.690416,0.19667263,-0.61156741,-203.96832,-16.690416,-0.19667263,0.61156741,6.7797213,1.35,INFEASIBLE,0,215563.4,3365.4145,0.15202346,52.796674,15,1.5,0.02,0.04,-0.05,40,40,40
19.48,204.05455,18.010122,0.19138557,-1.3316117,-204.05455,-18.010122,-0.19138557,1.3316117,5.6748619,1.35,INFEASIBLE,0,215771.59,3367.0363,0.1522066,52.80554,15,1.5,0.02,0.04,-0.05,40,40,40
19.485,204.15077,19.75253,0.18265109,-2.0395542,-204.15077,-19.75253,-0.18265109,2.0395542,4.5535516,1.35,INFEASIBLE,0,215979.98,3368.9871,0.15237341,52.826339,15,1.5,0.02,0.04,-0.05,40,40,40
19.49,204.25787,22.663078,0.17047935,-2.6907947,-204.25787,-22.663078,-0.17047935,2.6907947,3.5126788,1.35,INFEASIBLE,0,216188.59,3371.5552,0.15251873,52.86254,15,1.5,0.02,0.04,-0.05,40,40,40
19.495,204.37487,24.993173,0.15480269,-3.3717891,-204.37487,-24.993173,-0.15480269,3.3717891,2.3515809,1.35,INFEASIBLE,0,216397.43,3374.6785,0.15263855,52.919385,15,1.5,0.02,0.04,-0.05,40,40,40
19.5,204.50535,27.045319,0.1357882,-4.0782002,-204.50535,-27.045319,-0.1357882,4.0782002,1.0914426,1.0914426,INFEASIBLE,0,216606.54,3378.3357,0.15273074,53.002544,15,1.5,0.02,0.04,-0.05,40,40,40
19.505,204.64535,29.054503,0.11368126,-4.6283428,-204.64535,-29.054503,-0.11368126,4.6283428,0.017791761,0.017791761,INFEASIBLE,0,216815.94,3382.5565,0.15279535,53.109652,15,1.5,0.02,0.04,-0.05,40,40,40
19.51,204.77934,25.935599,0.089893178,-4.8071784,-204.77934,-25.935599,-0.089893178,4.8071784,-0.72935928,-0.72935928,INFEASIBLE,0,217025.61,3385.9198,0.15283576,53.225196,15,1.5,0.02,0.04,-0.05,40,40,40
19.515,204.89896,22.825595,0.066739044,-4.4983367,-204.89896,-22.825595,-0.066739044,4.4983367,-0.73541635,-0.73541635,INFEASIBLE,0,217235.53,3388.5249,0.15285803,53.326372,15,1.5,0.02,0.04,-0.05,40,40,40
19.52,205.00917,22.626945,0.045525597,-3.9921423,-205.00917,-22.626945,-0.045525597,3.9921423,-0.30006825,-0.30006825,INFEASIBLE,0,217445.68,3391.0847,0.15286839,53.406058,15,1.5,0.02,0.04,-0.05,40,40,40
19.525,205.11978,22.391928,0.026022421,-3.7921464,-205.11978,-22.391928,-0.026022421,3.7921464,-0.29981064,-0.29981064,INFEASIBLE,0,217656.05,3393.5917,0.15287178,53.477959,15,1.5,0.02,0.04,-0.05,40,40,40
19.53,205.22861,21.945666,0.0074645377,-3.6140422,-205.22861,-21.945666,-0.0074645377,3.6140422,-0.32669646,-0.32669646,INFEASIBLE,0,217866.64,3395.9998,0.15287206,53.543266,15,1.5,0.02,0.04,-0.05,40,40,40
19.535,205.33526,21.222923,-0.010141564,-3.4368668,-205.33526,-21.222923,0.010141564,3.4368668,-0.35180161,-0.35180161,INFEASIBLE,0,218077.45,3398.2519,0.15287257,53.602326,15,1.5,0.02,0.04,-0.05,40,40,40
19.54,205.4378,20.153258,-0.026862127,-3.2758823,-205.4378,-20.153258,0.026862127,3.2758823,-0.4018691,-0.4018691,INFEASIBLE,0,218288.48,3400.2826,0.15287618,53.655983,15,1.5,0.02,0.04,-0.05,40,40,40
19.545,205.53909,19.899116,-0.042412735,-3.0277114,-205.53909,-19.899116,0.042412735,3.0277114,-0.27101153,-0.27101153,INFEASIBLE,0,218499.71,3402.2625,0.15288517,53.701818,15,1.5,0.02,0.04,-0.05,40,40,40
19.55,205.63745,19.268174,-0.057118869,-2.896635,-205.63745,-19.268174,0.057118869,2.896635,-0.31825966,-0.31825966,INFEASIBLE,0,218711.14,3404.1188,0.15290149,53.743771,15,1.5,0.02,0.04,-0.05,40,40,40
19.555,205.73362,19.038843,-0.07103179,-2.7167818,-205.73362,-19.038843,0.07103179,2.7167818,-0.26442341,-0.26442341,INFEASIBLE,0,218922.77,3405.9312,0.15292671,53.780675,15,1.5,0.02,0.04,-0.05,40,40,40
19.56,205.8279,18.930217,-0.084186522,-2.5649968,-205.8279,-18.930217,0.084186522,2.5649968,-0.23652646,-0.23652646,INFEASIBLE,0,219134.6,3407.723,0.15296215,53.813571,15,1.5,0.02,0.04,-0.05,40,40,40
19.565,205.92151,18.6095,-0.096672745,-2.4467842,-205.92151,-18.6095,0.096672745,2.4467842,-0.25745725,-0.25745725,INFEASIBLE,0,219346.62,3409.4545,0.15300888,53.843505,15,1.5,0.02,0.04,-0.05,40,40,40
19.57,206.01281,17.879155,-0.10862389,-2.3527687,-206.01281,-17.879155,0.10862389,2.3527687,-0.32308894,-0.32308894,INFEASIBLE,0,219558.82,3411.0529,0.15306787,53.871183,15,1.5,0.02,0.04,-0.05,40,40,40
19.575,206.10193,17.994957,-0.11987029,-2.1670604,-206.10193,-17.994957,0.11987029,2.1670604,-0.2068082,-0.2068082,INFEASIBLE,0,219771.21,3412.6719,0.15313972,53.894664,15,1.5,0.02,0.04,-0.05,40,40,40
19.58,206.19021,17.376975,-0.13049554,-2.1002476,-206.19021,-17.376975,0.13049554,2.1002476,-0.28892121,-0.28892121,INFEASIBLE,0,219983.79,3414.1817,0.15322486,53.916719,15,1.5,0.02,0.04,-0.05,40,40,40
19.585,206.27654,17.087852,-0.14058121,-1.9744676,-206.27654,-17.087852,0.14058121,1.9744676,-0.26137474,-0.26137474,INFEASIBLE,0,220196.54,3415.6417,0.15332368,53.936211,15,1.5,0.02,0.04,-0.05,40,40,40
19.59,206.36062,16.707449,-0.15006168,-1.8403536,-206.36062,-16.707449,0.15006168,1.8403536,-0.21594518,-0.21594518,INFEASIBLE,0,220409.46,3417.0374,0.15343627,53.953146,15,1.5,0.02,0.04,-0.05,40,40,40
19.595,206.44397,16.520124,-0.15912175,-1.7815795,-206.44397,-16.520124,0.15912175,1.7815795,-0.26951123,-0.26951123,INFEASIBLE,0,220622.56,3418.402,0.15356287,53.969016,15,1.5,0.02,0.04,-0.05,40,40,40
19.6,206.52529,16.102044,-0.16768529,-1.6636066,-206.52529,-16.102044,0.16768529,1.6636066,-0.23610159,-0.23610159,INFEASIBLE,0,220835.82,3419.6984,0.15370346,53.982854,15,1.5,0.02,0.04,-0.05,40,40,40
19.605,206.60522,15.844505,-0.17578169,-1.5914236,-206.60522,-15.844505,0.17578169,1.5914236,-0.25797612,-1.3437264,OK,0,221049.25,3420.9536,0.15385796,53.995517,15,1.5,0.02,0.04,-0.05,40,40,40
19.61,206.67153,11.490432,-0.1820429,-1.0262564,-206.67153,-11.490432,0.1820429,1.0262564,0.32301987,-0.7508701,OK,0,221262.81,3421.6138,0.15402366,54.000783,15,1.5,0.02,0.04,-0.05,40,40,40
19.615,206.73419,12.322713,-0.18560164,-0.55493922,-206.73419,-12.322713,0.18560164,0.55493922,1.011159,-0.86665487,OK,0,221476.51,3422.373,0.1541959,54.002323,15,1.5,0.02,0.04,-0.05,40,40,40
19.62,206.79014,10.953001,-0.18715934,-0.12428915,-206.79014,-10.953001,0.18715934,0.12428915,1.580099,-0.67962526,OK,0,221690.32,3422.9728,0.15437104,54.0024,15,1.5,0.02,0.04,-0.05,40,40,40
19.625,206.84355,10.36563,-0.18668699,0.227118,-206.84355,-10.36563,0.18668699,-0.227118,2.0918683,-0.5989315,OK,0,221904.24,3423.5101,0.1545453,54.002658,15,1.5,0.02,0.04,-0.05,40,40,40
19.63,206.89469,10.030127,-0.18459582,0.53830203,-206.89469,-10.030127,0.18459582,-0.53830203,2.5776146,-0.55215445,OK,0,222118.27,3424.0131,0.15471568,54.004107,15,1.5,0.02,0.04,-0.05,40,40,40
19.635,206.94285,9.3579352,-0.18110598,0.81163451,-206.94285,-9.3579352,0.18110598,-0.81163451,3.0140365,-0.45881068,OK,0,222332.39,3424.4509,0.15487967,54.007401,15,1.5,0.02,0.04,-0.05,40,40,40
19.64,206.98851,8.9134194,-0.17644591,1.0217596,-206.98851,-8.9134194,0.17644591,-1.0217596,3.3822577,-0.39643911,OK,0,222546.62,3424.8482,0.15503534,54.012621,15,1.5,0.02,0.04,-0.05,40,40,40
19.645,207.03147,8.3882336,-0.17086199,1.1918679,-207.03147,-8.3882336,0.17086199,-1.1918679,3.7010307,-0.32292126,OK,0,222760.93,3425.2,0.15518131,54.019723,15,1.5,0.02,0.04,-0.05,40,40,40
19.65,207.0721,7.9744986,-0.16451161,1.3190769,-207.0721,-7.9744986,0.16451161,-1.3190769,3.9713631,-0.26463704,OK,0,222975.32,3425.518,0.15531663,54.028423,15,1.5,0.02,0.04,-0.05,40,40,40
19.655,207.11094,7.6415939,-0.15758698,1.425705,-207.11094,-7.6415939,0.15758698,-1.425705,4.2226352,-0.21739947,OK,0,223189.79,3425.8099,0.1554408,54.038586,15,1.5,0.02,0.04,-0.05,40,40,40
19.66,207.14831,7.3682602,-0.15022996,1.5072825,-207.14831,-7.3682602,0.15022996,-1.5072825,4.445171,-0.17833273,OK,0,223404.35,3426.0814,0.15555364,54.049946,15,1.5,0.02,0.04,-0.05,40,40,40
19.665,207.18452,7.1504843,-0.14255295,1.5607098,-207.18452,-7.1504843,0.14255295,-1.5607098,4.6324801,-0.14690267,OK,0,223618.97,3426.337,0.15565525,54.062125,15,1.5,0.02,0.04,-0.05,40,40,40
19.67,207.21975,6.9777292,-0.13461551,1.6037088,-207.21975,-6.9777292,0.13461551,-1.6037088,4.8098348,-0.1216298,OK,0,223833.67,3426.5805,0.15574586,54.074984,15,1.5,0.02,0.04,-0.05,40,40,40
19.675,207.2542,6.8353757,-0.12650921,1.6366598,-207.2542,-6.8353757,0.12650921,-1.6366598,4.9758506,-0.10052462,OK,0,224048.45,3426.8141,0.15582588,54.088378,15,1.5,0.02,0.04,-0.05,40,40,40
19.68,207.28807,6.7280689,-0.11828556,1.6512744,-207.28807,-6.7280689,0.11828556,-1.6512744,5.1175123,-0.084228883,OK,0,224263.29,3427.0404,0.15589584,54.102011,15,1.5,0.02,0.04,-0.05,40,40,40
19.685,207.32145,6.6449417,-0.10997618,1.6652831,-207.32145,-6.6449417,0.10997618,-1.6652831,5.2605086,-0.071225038,OK,0,224478.2,3427.2612,0.15595631,54.115877,15,1.5,0.02,0.04,-0.05,40,40,40
19.69,207.35441,6.5609849,-0.10162501,1.6763801,-207.35441,-6.5609849,0.10162501,-1.6763801,5.3997226,-0.058122503,OK,0,224693.18,3427.4764,0.15600795,54.129928,15,1.5,0.02,0.04,-0.05,40,40,40
19.695,207.38705,6.498346,-0.093237171,1.677864,-207.38705,-6.498346,0.093237171,-1.677864,5.5259133,-0.047932918,OK,0,224908.22,3427.6876,0.15605141,54.144004,15,1.5,0.02,0.04,-0.05,40,40,40
19.7,207.4194,6.4537282,-0.084830402,1.6832715,-207.4194,-6.4537282,0.084830402,-1.6832715,5.6589883,-0.040185246,OK,0,225123.34,3427.8958,0.1560874,54.158171,15,1.5,0.02,0.04,-0.05,40,40,40
19.705,207.4515,6.4014934,-0.076428047,1.6820401,-207.4515,-6.4014934,0.076428047,-1.6820401,5.7817291,-0.031420049,OK,0,225338.52,3428.1007,0.1561166,54.172318,15,1.5,0.02,0.04,-0.05,40,40,40
19.71,207.48344,6.3762962,-0.068025525,1.6792413,-207.48344,-6.3762962,0.068025525,-1.6792413,5.9031996,-0.026321029,OK,0,225553.77,3428.304,0.15613974,54.186417,15,1.5,0.02,0.04,-0.05,40,40,40
19.715,207.51525,6.35374,-0.059648183,1.674999,-207.51525,-6.35374,0.059648183,-1.674999,6.0222303,-0.021585565,OK,0,225769.08,3428.5059,0.15615753,54.200445,15,1.5,0.02,0.04,-0.05,40,40,40
19.72,207.54697,6.3322057,-0.051291768,1.669827,-207.54697,-6.3322057,0.051291768,-1.669827,6.1395917,-0.016992284,OK,0,225984.46,3428.7064,0.15617068,54.214387,15,1.5,0.02,0.04,-0.05,40,40,40
19.725,207.57859,6.3220139,-0.042948791,1.6671115,-207.57859,-6.3220139,0.042948791,-1.6671115,6.2608879,-0.013932421,OK,0,226199.9,3428.9062,0.15617991,54.228283,15,1.5,0.02,0.04,-0.05,40,40,40
19.73,207.61013,6.298184,-0.034622238,1.6650279,-207.61013,-6.298184,0.034622238,-1.6650279,6.3823381,-0.0090302185,OK,0,226415.41,3429.1045,0.1561859,54.242145,15,1.5,0.02,0.04,-0.05,40,40,40
19.735,207.64161,6.2956258,-0.026309083,1.6612472,-207.64161,-6.2956258,0.026309083,-1.6612472,6.5018918,-0.0070057271,OK,0,226630.99,3429.3027,0.15618936,54.255943,15,1.5,0.02,0.04,-0.05,40,40,40
19.74,207.67304,6.2838096,-0.018009934,1.6595385,-207.67304,-6.2838096,0.018009934,-1.6595385,6.623972,-0.0037304304,OK,0,226846.63,3429.5001,0.15619098,54.269714,15,1.5,0.02,0.04,-0.05,40,40,40
19.745,207.70447,6.2758233,-0.0097229335,1.6575156,-207.70447,-6.2758233,0.0097229335,-1.6575156,6.7455518,-0.00097421075,OK,0,227062.33,3429.6971,0.15619145,54.28345,15,1.5,0.02,0.04,-0.05,40,40,40
19.75,207.73586,6.2791376,-0.0014358641,1.6567205,-207.73586,-6.2791376,0.0014358641,-1.6567205,6.8694254,0.00025609622,OK,0,227278.1,3429.8942,0.15619146,54.297174,15,1.5,0.02,0.04,-0.05,40,40,40
19.755,207.76721,6.2614779,0.006859443,1.6612949,-207.76721,-6.2614779,-0.006859443,-1.6612949,7.0006373,0.0043217333,OK,0,227493.94,3430.0902,0.1561917,54.310974,15,1.5,0.02,0.04,-0.05,40,40,40
19.76,207.79854,6.2734991,0.015162513,1.6596963,-207.79854,-6.2734991,-0.015162513,-1.6596963,7.1238929,0.0043786132,OK,0,227709.84,3430.287,0.15619285,54.324746,15,1.5,0.02,0.04,-0.05,40,40,40
19.765,207.82983,6.2549923,0.023492238,1.6679699,-207.82983,-6.2549923,-0.023492238,-1.6679699,7.2611347,0.008562459,OK,0,227925.81,3430.4826,0.15619561,54.338657,15,1.5,0.02,0.04,-0.05,40,40,40
19.77,207.86114,6.261321,0.031836714,1.6709791,-207.86114,-6.261321,-0.031836714,-1.6709791,7.3916949,0.0093925586,OK,0,228141.84,3430.6787,0.15620068,54.352618,15,1.5,0.02,0.04,-0.05,40,40,40
19.775,207.8924,6.2548615,0.040222392,1.6784865,-207.8924,-6.2548615,-0.040222392,-1.6784865,7.529108,0.011954708,OK,0,228357.94,3430.8743,0.15620877,54.366705,15,1.5,0.02,0.04,-0.05,40,40,40
19.78,207.92364,6.2411458,0.048648776,1.6912103,-207.92364,-6.2411458,-0.048648776,-1.6912103,7.6746656,0.015499341,OK,0,228574.1,3431.069,0.1562206,54.381006,15,1.5,0.02,0.04,-0.05,40,40,40
19.785,207.95488,6.2555227,0.057114434,1.693999,-207.95488,-6.2555227,-0.057114434,-1.693999,7.8070335,0.015255409,OK,0,228790.32,3431.2647,0.15623691,54.395354,15,1.5,0.02,0.04,-0.05,40,40,40
19.79,207.98613,6.244348,0.065634274,1.7104017,-207.98613,-6.244348,-0.065634274,-1.7104017,7.9596132,0.018462247,OK,0,229006.61,3431.4597,0.15625845,54.409981,15,1.5,0.02,0.04,-0.05,40,40,40
19.795,208.01739,6.2518639,0.074204609,1.7201643,-208.01739,-6.2518639,-0.074204609,-1.7201643,8.103738,0.019149434,OK,0,229222.97,3431.6551,0.15628598,54.424776,15,1.5,0.02,0.04,-0.05,40,40,40
19.8,208.04859,6.2413872,0.082870688,1.7368442,-208.04859,-6.2413872,-0.082870688,-1.7368442,8.2589538,0.022277396,OK,0,229439.39,3431.8499,0.15632032,54.439859,15,1.5,0.02,0.04,-0.05,40,40,40
19.805,208.0798,6.2297121,0.091599207,1.7576524,-208.0798,-6.2297121,-0.091599207,-1.7576524,8.4212511,0.025567146,OK,0,229655.88,3432.0439,0.15636227,54.455306,15,1.5,0.02,0.04,-0.05,40,40,40
19.81,208.111,6.2481458,0.10041485,1.7663589,-208.111,-6.2481458,-0.10041485,-1.7663589,8.5679069,0.024799533,OK,0,229872.43,3432.2391,0.15641269,54.470906,15,1.5,0.02,0.04,-0.05,40,40,40
19.815,208.14222,6.2360666,0.10932238,1.792668,-208.14222,-6.2360666,-0.10932238,-1.792668,8.7411248,0.028151056,OK,0,230089.04,3432.4335,0.15647244,54.486974,15,1.5,0.02,0.04,-0.05,40,40,40
19.82,208.17344,6.2415067,0.11832413,1.8107,-208.17344,-6.2415067,-0.11832413,-1.8107,8.904041,0.029144538,OK,0,230305.72,3432.6283,0.15654245,54.503367,15,1.5,0.02,0.04,-0.05,40,40,40
19.825,208.20462,6.2366918,0.12745712,1.8339643,-208.20462,-6.2366918,-0.12745712,-1.8339643,9.0763634,0.031534184,OK,0,230522.47,3432.8228,0.15662367,54.520184,15,1.5,0.02,0.04,-0.05,40,40,40
19.83,208.23587,6.2491222,0.13667143,1.8540677,-208.23587,-6.2491222,-0.13667143,-1.8540677,9.2458552,0.0315848,OK,0,230739.28,3433.0181,0.15671707,54.537372,15,1.5,0.02,0.04,-0.05,40,40,40
19.835,208.26706,6.2441004,0.14604894,1.8821143,-208.26706,-6.2441004,-0.14604894,-1.8821143,9.4290108,0.034008118,OK,0,230956.16,3433.213,0.15682372,54.555084,15,1.5,0.02,0.04,-0.05,40,40,40
19.84,208.2983,6.2329389,0.15553924,1.9180928,-208.2983,-6.2329389,-0.15553924,-1.9180928,9.6255113,0.037252547,OK,0,231173.1,3433.4073,0.15694468,54.573479,15,1.5,0.02,0.04,-0.05,40,40,40
19.845,208.32953,6.2569041,0.16518152,1.9350885,-208.32953,-6.2569041,-0.16518152,-1.9350885,9.7972222,1.35,INFEASIBLE,0,231390.1,3433.603,0.15708111,54.592202,15,1.5,0.02,0.04,-0.05,40,40,40
19.85,208.36915,9.1083555,0.17293834,1.2968657,-208.36915,-9.1083555,-0.17293834,-1.2968657,9.071091,1.35,INFEASIBLE,0,231607.19,3434.0178,0.15723065,54.600612,15,1.5,0.02,0.04,-0.05,40,40,40
19.855,208.42074,11.342999,0.17735087,0.61883527,-208.42074,-11.342999,-0.17735087,-0.61883527,8.2106508,1.35,INFEASIBLE,0,231824.39,3434.6611,0.15738791,54.602526,15,1.5,0.02,0.04,-0.05,40,40,40
19.86,208.48592,13.622093,0.17849406,-0.059033989,-208.48592,-13.622093,-0.17849406,0.059033989,7.3034621,-0.96718609,OK,0,232041.72,3435.5889,0.15754721,54.602544,15,1.5,0.02,0.04,-0.05,40,40,40
19.865,208.53578,9.0646957,0.17913624,0.34786596,-208.53578,-9.0646957,-0.17913624,-0.34786596,7.742146,-0.34318837,OK,0,232259.16,3435.9998,0.15770766,54.603149,15,1.5,0.02,0.04,-0.05,40,40,40
19.87,208.58421,9.5776062,0.18193486,0.67049968,-208.58421,-9.5776062,-0.18193486,-0.67049968,8.2895607,-0.41331153,OK,0,232476.69,3436.4584,0.15787316,54.605397,15,1.5,0.02,0.04,-0.05,40,40,40
19.875,208.63021,8.9154119,0.18617124,0.96870589,-208.63021,-8.9154119,-0.18617124,-0.96870589,8.7748481,1.35,INFEASIBLE,0,232694.33,3436.8559,0.15804646,54.610089,15,1.5,0.02,0.04,-0.05,40,40,40
19.88,208.68657,12.287526,0.18931009,0.36846199,-208.68657,-12.287526,-0.18931009,-0.36846199,8.0575768,1.35,INFEASIBLE,0,232912.08,3437.6108,0.15822565,54.610767,15,1.5,0.02,0.04,-0.05,40,40,40
19.885,208.75647,14.704943,0.1892148,-0.30048655,-208.75647,-14.704943,-0.1892148,0.30048655,7.1508193,-1.1152233,OK,0,233129.97,3438.6919,0.15840466,54.611219,15,1.5,0.02,0.04,-0.05,40,40,40
19.89,208.80987,10.526485,0.18885188,0.24817739,-208.80987,-10.526485,-0.18885188,-0.24817739,7.802301,-0.54219744,OK,0,233347.98,3439.246,0.15858299,54.611527,15,1.5,0.02,0.04,-0.05,40,40,40
19.895,208.85961,10.254867,0.19109363,0.65548213,-208.85961,-10.254867,-0.19109363,-0.65548213,8.4370144,1.35,INFEASIBLE,0,233566.09,3439.7718,0.15876557,54.613675,15,1.5,0.02,0.04,-0.05,40,40,40
19.9,208.92362,12.159197,0.19264297,-0.040757369,-208.92362,-12.159197,-0.19264297,0.040757369,7.4933489,-0.76576179,OK,0,233784.34,3440.511,0.15895113,54.613683,15,1.5,0.02,0.04,-0.05,40,40,40
19.905,208.97784,10.5358,0.19366331,0.42011852,-208.97784,-10.5358,-0.19366331,-0.42011852,8.1361163,-0.54304688,OK,0,234002.7,3441.066,0.15913866,54.614566,15,1.5,0.02,0.04,-0.05,40,40,40
19.91,209.02828,10.020493,0.19685067,0.81197072,-209.02828,-10.020493,-0.19685067,-0.81197072,8.7521015,1.35,INFEASIBLE,0,234221.16,3441.5681,0.15933241,54.617862,15,1.5,0.02,0.04,-0.05,40,40,40
19.915,209.08882,12.583568,0.1990894,0.16200233,-209.08882,-12.583568,-0.1990894,-0.16200233,7.9144635,1.35,INFEASIBLE,0,234439.75,3442.3598,0.15953059,54.617994,15,1.5,0.02,0.04,-0.05,40,40,40
19.92,209.16278,16.361228,0.19813997,-0.41958705,-209.16278,-16.361228,-0.19813997,0.41958705,7.1804237,1.35,INFEASIBLE,0,234658.5,3443.6983,0.15972689,54.618874,15,1.5,0.02,0.04,-0.05,40,40,40
19.925,209.24762,18.491539,0.19384958,-1.0962287,-209.24762,-18.491539,-0.19384958,1.0962287,6.1880145,1.35,INFEASIBLE,0,234877.42,3445.408,0.15991478,54.624883,15,1.5,0.02,0.04,-0.05,40,40,40
19.93,209.33949,20.018251,0.18595088,-1.8126078,-209.33949,-20.018251,-0.18595088,1.8126078,5.0578712,1.35,INFEASIBLE,0,235096.53,3447.4116,0.16008767,54.64131,15,1.5,0.02,0.04,-0.05,40,40,40
19.935,209.44116,21.287286,0.1746047,-2.5385795,-209.44116,-21.287286,-0.1746047,2.5385795,3.851516,1.35,INFEASIBLE,0,235315.86,3449.6774,0.1602401,54.673532,15,1.5,0.02,0.04,-0.05,40,40,40
19.94,209.5537,24.032531,0.15980855,-3.2010287,-209.5537,-24.032531,-0.15980855,3.2010287,2.7479605,1.35,INFEASIBLE,0,235535.43,3452.5652,0.16036779,54.724765,15,1.5,0.02,0.04,-0.05,40,40,40
19.945,209.6784,24.879963,0.14159357,-3.9749275,-209.6784,-24.879963,-0.14159357,3.9749275,1.3502788,1.35,INFEASIBLE,0,235755.25,3455.6602,0.16046804,54.803765,15,1.5,0.02,0.04,-0.05,40,40,40
19.95,209.81025,27.392042,0.11965457,-4.6633295,-209.81025,-27.392042,-0.11965457,4.6633295,0.091710973,0.091710973,INFEASIBLE,0,235975.35,3459.4118,0.16053962,54.912499,15,1.5,0.02,0.04,-0.05,40,40,40
19.955,209.93936,25.064149,0.095730376,-4.8463885,-209.93936,-25.064149,-0.095730376,4.8463885,-0.63227406,-0.63227406,INFEASIBLE,0,236195.73,3462.5529,0.16058544,55.029936,15,1.5,0.02,0.04,-0.05,40,40,40
19.96,210.05872,22.950782,0.072470451,-4.5351418,-210.05872,-22.950782,-0.072470451,4.5351418,-0.5964503,-0.5964503,INFEASIBLE,0,236416.35,3465.1866,0.1606117,55.132774,15,1.5,0.02,0.04,-0.05,40,40,40
19.965,210.17343,22.413923,0.051055207,-4.1523898,-210.17343,-22.413923,-0.051055207,4.1523898,-0.36273105,-0.36273105,INFEASIBLE,0,236637.21,3467.6985,0.16062474,55.218985,15,1.5,0.02,0.04,-0.05,40,40,40
19.97,210.28631,22.024259,0.031150653,-3.9174796,-210.28631,-22.024259,-0.031150653,3.9174796,-0.32226298,-0.32226298,INFEASIBLE,0,236858.32,3470.1239,0.16062959,55.295718,15,1.5,0.02,0.04,-0.05,40,40,40
19.975,210.39582,21.684862,0.012220786,-3.7107275,-210.39582,-21.684862,-0.012220786,3.7107275,-0.30746868,-0.30746868,INFEASIBLE,0,237079.65,3472.475,0.16063034,55.364566,15,1.5,0.02,0.04,-0.05,40,40,40
19.98,210.50363,21.425459,-0.0057430845,-3.5184076,-210.50363,-21.425459,0.0057430845,3.5184076,-0.29666669,-0.29666669,INFEASIBLE,0,237301.21,3474.7703,0.1606305,55.426462,15,1.5,0.02,0.04,-0.05,40,40,40
19.985,210.60993,20.992501,-0.022797087,-3.3506223,-210.60993,-20.992501,0.022797087,3.3506223,-0.31599121,-0.31599121,INFEASIBLE,0,237522.99,3476.9737,0.1606331,55.482595,15,1.5,0.02,0.04,-0.05,40,40,40
19.99,210.71365,20.156694,-0.039011554,-3.1978537,-210.71365,-20.156694,0.039011554,3.1978537,-0.36141309,-0.36141309,INFEASIBLE,0,237744.99,3479.0052,0.16064071,55.533727,15,1.5,0.02,0.04,-0.05,40,40,40
19.995,210.81401,19.537132,-0.054344023,-3.006786,-210.81401,-19.537132,0.054344023,3.006786,-0.32757393,-0.32757393,INFEASIBLE,0,237967.2,3480.9137,0.16065548,55.57893,15,1.5,0.02,0.04,-0.05,40,40,40
20,210.91295,19.546831,-0.068695053,-2.8021689,-210.91295,-19.546831,0.068695053,2.8021689,-0.23354694,-0.23354694,INFEASIBLE,0,238189.62,3482.8241,0.16067907,55.618191,15,1.5,0.02,0.04,-0.05,40,40,40
20.005,211.01025,19.480497,-0.082333017,-2.6687811,-211.01025,-19.480497,0.082333017,2.6687811,-0.23874204,-0.23874204,INFEASIBLE,0,238412.25,3484.7215,0.16071296,55.653803,15,1.5,0.02,0.04,-0.05,40,40,40
20.01,211.10561,18.857656,-0.095422788,-2.5783258,-211.10561,-18.857656,0.095422788,2.5783258,-0.32241197,-0.32241197,INFEASIBLE,0,238635.08,3486.4996,0.16075849,55.687042,15,1.5,0.02,0.04,-0.05,40,40,40
20.015,211.19817,18.458623,-0.10785987,-2.4201653,-211.19817,-18.458623,0.10785987,2.4201653,-0.28583782,-0.28583782,INFEASIBLE,0,238858.1,3488.2032,0.16081666,55.716328,15,1.5,0.02,0.04,-0.05,40,40,40
20.02,211.28958,18.078023,-0.11951512,-2.2767123,-211.28958,-18.078023,0.11951512,2.2767123,-0.25888269,-0.25888269,INFEASIBLE,0,239081.32,3489.8372,0.16088808,55.742245,15,1.5,0.02,0.04,-0.05,40,40,40
20.025,211.37852,17.545202,-0.13061826,-2.1802789,-211.37852,-17.545202,0.13061826,2.1802789,-0.30031386,-0.30031386,INFEASIBLE,0,239304.72,3491.3764,0.16097339,55.766013,15,1.5,0.02,0.04,-0.05,40,40,40
20.03,211.4654,17.15014,-0.14109116,-2.0380874,-211.4654,-17.15014,0.14109116,2.0380874,-0.25818499,-0.25818499,INFEASIBLE,0,239528.31,3492.847,0.16107292,55.786782,15,1.5,0.02,0.04,-0.05,40,40,40
20.035,211.55132,16.896966,-0.15093079,-1.9305099,-211.55132,-16.896966,0.15093079,1.9305099,-0.25282158,-0.25282158,INFEASIBLE,0,239752.08,3494.2746,0.16118682,55.805416,15,1.5,0.02,0.04,-0.05,40,40,40
20.04,211.63528,16.887571,-0.1602559,-1.813726,-211.63528,-16.887571,0.1602559,1.813726,-0.2162191,-0.2162191,INFEASIBLE,0,239976.03,3495.7005,0.16131523,55.821864,15,1.5,0.02,0.04,-0.05,40,40,40
20.045,211.71802,16.258567,-0.16914713,-1.7544288,-211.71802,-16.258567,0.16914713,1.7544288,-0.28414708,-0.28414708,INFEASIBLE,0,240200.15,3497.0222,0.16145828,55.837255,15,1.5,0.02,0.04,-0.05,40,40,40
20.05,211.79909,16.130853,-0.17754613,-1.643878,-211.79909,-16.130853,0.17754613,1.643878,-0.24779314,-0.24779314,INFEASIBLE,0,240424.44,3498.3233,0.1616159,55.850766,15,1.5,0.02,0.04,-0.05,40,40,40
20.055,211.87785,15.712325,-0.18545835,-1.5350229,-211.87785,-15.712325,0.18545835,1.5350229,-0.21835957,-1.3294955,OK,0,240648.91,3499.5576,0.16178787,55.862548,15,1.5,0.02,0.04,-0.05,40,40,40
20.06,211.9433,11.021282,-0.19159127,-1.0217999,-211.9433,-11.021282,0.19159127,1.0217999,0.27314844,-0.68944596,OK,0,240873.51,3500.165,0.16197141,55.867768,15,1.5,0.02,0.04,-0.05,40,40,40
20.065,212.00508,13.147326,-0.19516165,-0.52294174,-212.00508,-13.147326,0.19516165,0.52294174,1.0541572,-0.98303314,OK,0,241098.24,3501.0292,0.16216185,55.869135,15,1.5,0.02,0.04,-0.05,40,40,40
20.07,212.06085,11.834284,-0.19656949,-0.022434881,-212.06085,-11.834284,0.19656949,0.022434881,1.7323937,-0.80348465,OK,0,241323.09,3501.7295,0.16235504,55.869138,15,1.5,0.02,0.04,-0.05,40,40,40
20.075,212.1146,10.448418,-0.19558368,0.35896274,-212.1146,-10.448418,0.19558368,-0.35896274,2.2649177,-0.61280197,OK,0,241548.05,3502.2753,0.16254631,55.869782,15,1.5,0.02,0.04,-0.05,40,40,40
20.08,212.1642,9.9176738,-0.19287214,0.66160402,-212.1642,-9.9176738,0.19287214,-0.66160402,2.7393149,-0.53891528,OK,0,241773.12,3502.7671,0.16273231,55.871971,15,1.5,0.02,0.04,-0.05,40,40,40
20.085,212.21159,9.200597,-0.1887689,0.90820862,-212.21159,-9.200597,0.1887689,-0.90820862,3.1430352,-0.43911372,OK,0,241998.29,3503.1904,0.16291048,55.876095,15,1.5,0.02,0.04,-0.05,40,40,40
20.09,212.2558,8.6088427,-0.18357658,1.1236795,-212.2558,-8.6088427,0.18357658,-1.1236795,3.5213403,-0.35632062,OK,0,242223.55,3503.561,0.16307898,55.882408,15,1.5,0.02,0.04,-0.05,40,40,40
20.095,212.29747,8.1444721,-0.17757318,1.2670177,-212.29747,-8.1444721,0.17757318,-1.2670177,3.8086571,-0.29100597,OK,0,242448.9,3503.8926,0.16323664,55.890435,15,1.5,0.02,0.04,-0.05,40,40,40
20.1,212.33727,7.816692,-0.17091781,1.3742276,-212.33727,-7.816692,0.17091781,-1.3742276,4.0569874,-0.24440623,OK,0,242674.33,3504.1981,0.1633827,55.899878,15,1.5,0.02,0.04,-0.05,40,40,40
20.105,212.3754,7.4954153,-0.16376668,1.456631,-212.3754,-7.4954153,0.16376668,-1.456631,4.2757709,-0.19872685,OK,0,242899.85,3504.479,0.1635168,55.910486,15,1.5,0.02,0.04,-0.05,40,40,40
20.11,212.41213,7.2625342,-0.15624597,1.5348818,-212.41213,-7.2625342,0.15624597,-1.5348818,4.4973771,-0.16513555,OK,0,243125.45,3504.7428,0.16363887,55.922266,15,1.5,0.02,0.04,-0.05,40,40,40
20.115,212.44777,7.044004,-0.14846285,1.57978,-212.44777,-7.044004,0.14846285,-1.57978,4.6734429,-0.13358683,OK,0,243351.12,3504.9908,0.16374907,55.934744,15,1.5,0.02,0.04,-0.05,40,40,40
20.12,212.48256,6.8996453,-0.14046336,1.6059498,-212.48256,-6.8996453,0.14046336,-1.6059498,4.8276114,-0.11219965,OK,0,243576.86,3505.2289,0.16384772,55.94764,15,1.5,0.02,0.04,-0.05,40,40,40
20.125,212.51666,6.7724501,-0.13233428,1.6384269,-212.51666,-6.7724501,0.13233428,-1.6384269,4.9938573,-0.093149778,OK,0,243802.68,3505.4582,0.16393528,55.961062,15,1.5,0.02,0.04,-0.05,40,40,40
20.13,212.55022,6.6681884,-0.12411927,1.6491027,-212.55022,-6.6681884,0.12411927,-1.6491027,5.1295968,-0.077276355,OK,0,244028.57,3505.6805,0.16401231,55.97466,15,1.5,0.02,0.04,-0.05,40,40,40
20.135,212.58332,6.5867446,-0.11583577,1.6579634,-212.58332,-6.5867446,0.11583577,-1.6579634,5.2645448,-0.064516146,OK,0,244254.52,3505.8974,0.1640794,55.988404,15,1.5,0.02,0.04,-0.05,40,40,40
20.14,212.61606,6.5203191,-0.10754036,1.6633163,-212.61606,-6.5203191,0.10754036,-1.6633163,5.3950031,-0.053814651,OK,0,244480.55,3506.11,0.16413722,56.002237,15,1.5,0.02,0.04,-0.05,40,40,40
20.145,212.64854,6.47381,-0.099232398,1.6583113,-212.64854,-6.47381,0.099232398,-1.6583113,5.5109041,-0.045839342,OK,0,244706.65,3506.3196,0.16418646,56.015987,15,1.5,0.02,0.04,-0.05,40,40,40
20.15,212.68077,6.4295336,-0.090931396,1.6610818,-212.68077,-6.4295336,0.090931396,-1.6610818,5.6384485,-0.038161616,OK,0,244932.81,3506.5263,0.1642278,56.029783,15,1.5,0.02,0.04,-0.05,40,40,40
20.155,212.71278,6.3849118,-0.082648312,1.6571991,-212.71278,-6.3849118,0.082648312,-1.6571991,5.7557261,-0.030453757,OK,0,245159.05,3506.7301,0.16426196,56.043514,15,1.5,0.02,0.04,-0.05,40,40,40
20.16,212.74464,6.3605643,-0.074376321,1.6507855,-212.74464,-6.3605643,0.074376321,-1.6507855,5.8698489,-0.025499294,OK,0,245385.35,3506.9324,0.16428962,56.05714,15,1.5,0.02,0.04,-0.05,40,40,40
20.165,212.77638,6.3379097,-0.066140585,1.6465576,-212.77638,-6.3379097,0.066140585,-1.6465576,5.9867717,-0.020777855,OK,0,245611.72,3507.1332,0.16431149,56.070696,15,1.5,0.02,0.04,-0.05,40,40,40
20.17,212.80802,6.3154461,-0.05793194,1.6392831,-212.80802,-6.3154461,0.05793194,-1.6392831,6.0987238,-0.016089276,OK,0,245838.15,3507.3327,0.16432827,56.084132,15,1.5,0.02,0.04,-0.05,40,40,40
20.175,212.83956,6.3068996,-0.049746912,1.6350395,-212.83956,-6.3068996,0.049746912,-1.6350395,6.2154227,-0.013283643,OK,0,246064.66,3507.5315,0.16434064,56.097499,15,1.5,0.02,0.04,-0.05,40,40,40
20.18,212.87105,6.2898398,-0.041596014,1.6287639,-212.87105,-6.2898398,0.041596014,-1.6287639,6.3282203,-0.0093325889,OK,0,246291.23,3507.7294,0.16434929,56.110763,15,1.5,0.02,0.04,-0.05,40,40,40
20.185,212.90249,6.285366,-0.033468496,1.6230652,-212.90249,-6.285366,0.033468496,-1.6230652,6.442035,-0.0070851575,OK,0,246517.87,3507.9269,0.16435489,56.123935,15,1.5,0.02,0.04,-0.05,40,40,40
20.19,212.93389,6.2749658,-0.025361938,1.6203367,-212.93389,-6.2749658,0.025361938,-1.6203367,6.5597523,-0.0040372715,OK,0,246744.57,3508.1238,0.16435811,56.137062,15,1.5,0.02,0.04,-0.05,40,40,40
20.195,212.96528,6.2718931,-0.017275418,1.6166718,-212.96528,-6.2718931,0.017275418,-1.6166718,6.6760577,-0.0019824031,OK,0,246971.34,3508.3204,0.1643596,56.15013,15,1.5,0.02,0.04,-0.05,40,40,40
20.2,212.99662,6.2702034,-0.0091967467,1.6146621,-212.99662,-6.2702034,0.0091967467,-1.6146621,6.7947824,-0.00011412093,OK,0,247198.18,3508.517,0.16436003,56.163166,15,1.5,0.02,0.04,-0.05,40,40,40
20.205,213.02797,6.2626401,-0.0011289608,1.6147554,-213.02797,-6.2626401,0.0011289608,-1.6147554,6.9162636,0.0025465703,OK,0,247425.08,3508.7131,0.16436003,56.176203,15,1.5,0.02,0.04,-0.05,40,40,40
20.21,213.05928,6.2569425,0.0069426248,1.6152304,-213.05928,-6.2569425,-0.0069426248,-1.6152304,7.0384482,0.0049560753,OK,0,247652.05,3508.9089,0.16436027,56.189248,15,1.5,0.02,0.04,-0.05,40,40,40
20.215,213.09055,6.2508758,0.015031231,1.6186776,-213.09055,-6.2508758,-0.015031231,-1.6186776,7.1653308,0.0074180909,OK,0,247879.09,3509.1042,0.1643614,56.202348,15,1.5,0.02,0.04,-0.05,40,40,40
20.22,213.12185,6.2601096,0.023121459,1.619436,-213.12185,-6.2601096,-0.023121459,-1.619436,7.2888172,0.0078124714,OK,0,248106.2,3509.3002,0.16436408,56.215461,15,1.5,0.02,0.04,-0.05,40,40,40
20.225,213.15311,6.2535715,0.031243282,1.6253761,-213.15311,-6.2535715,-0.031243282,-1.6253761,7.4199184,0.01034124,OK,0,248333.37,3509.4957,0.16436896,56.228671,15,1.5,0.02,0.04,-0.05,40,40,40
20.23,213.18437,6.2425035,0.039391907,1.63537,-213.18437,-6.2425035,-0.039391907,-1.63537,7.5573211,0.013483244,OK,0,248560.61,3509.6906,0.16437672,56.242043,15,1.5,0.02,0.04,-0.05,40,40,40
20.235,213.21561,6.2543711,0.047577188,1.6376133,-213.21561,-6.2543711,-0.047577188,-1.6376133,7.6845647,0.013533022,OK,0,248787.91,3509.8861,0.16438803,56.255452,15,1.5,0.02,0.04,-0.05,40,40,40
20.24,213.24684,6.2416768,0.055809056,1.6519141,-213.24684,-6.2416768,-0.055809056,-1.6519141,7.829611,0.016901547,OK,0,249015.28,3510.0809,0.16440361,56.269096,15,1.5,0.02,0.04,-0.05,40,40,40
20.245,213.2781,6.2623347,0.064077759,1.654402,-213.2781,-6.2623347,-0.064077759,-1.654402,7.9588248,0.015769962,OK,0,249242.72,3510.277,0.16442414,56.282781,15,1.5,0.02,0.04,-0.05,40,40,40
20.25,213.30931,6.2427898,0.072428296,1.6736695,-213.30931,-6.2427898,-0.072428296,-1.6736695,8.1128265,0.020074424,OK,0,249470.22,3510.4719,0.16445037,56.296787,15,1.5,0.02,0.04,-0.05,40,40,40
20.255,213.34055,6.2367582,0.080829926,1.692409,-213.34055,-6.2367582,-0.080829926,-1.692409,8.2673437,0.022553194,OK,0,249697.79,3510.6664,0.16448303,56.311108,15,1.5,0.02,0.04,-0.05,40,40,40
20.26,213.37176,6.2468111,0.089317604,1.7005781,-213.37176,-6.2468111,-0.089317604,-1.7005781,8.4079388,0.022875161,OK,0,249925.43,3510.8615,0.16452292,56.325568,15,1.5,0.02,0.04,-0.05,40,40,40
20.265,213.403,6.2389819,0.097876412,1.7231755,-213.403,-6.2389819,-0.097876412,-1.7231755,8.5705286,0.025607094,OK,0,250153.14,3511.0561,0.16457082,56.340415,15,1.5,0.02,0.04,-0.05,40,40,40
20.27,213.43424,6.257991,0.10652016,1.7318099,-213.43424,-6.257991,-0.10652016,-1.7318099,8.7145216,0.024725723,OK,0,250380.91,3511.2519,0.16462755,56.35541,15,1.5,0.02,0.04,-0.05,40,40,40
20.275,213.46546,6.2401128,0.11528037,1.7611528,-213.46546,-6.2401128,-0.11528037,-1.7611528,8.8898485,0.028829669,OK,0,250608.74,3511.4466,0.164694,56.370919,15,1.5,0.02,0.04,-0.05,40,40,40
20.28,213.49669,6.2447269,0.12413353,1.7796658,-213.49669,-6.2447269,-0.12413353,-1.7796658,9.0512245,0.029903696,OK,0,250836.65,3511.6416,0.16477105,56.386755,15,1.5,0.02,0.04,-0.05,40,40,40
20.285,213.52788,6.2419964,0.13312602,1.8040027,-213.52788,-6.2419964,-0.13312602,-1.8040027,9.2231317,0.0319786,OK,0,251064.62,3511.8364,0.16485966,56.403027,15,1.5,0.02,0.04,-0.05,40,40,40
20.29,213.55913,6.238134,0.1422126,1.8371529,-213.55913,-6.238134,-0.1422126,-1.8371529,9.4096262,0.034190892,OK,0,251292.66,3512.031,0.16496078,56.419903,15,1.5,0.02,0.04,-0.05,40,40,40
20.295,213.59036,6.2549115,0.15144605,1.8525409,-213.59036,-6.2549115,-0.15144605,-1.8525409,9.5725058,0.033642416,OK,0,251520.76,3512.2266,0.16507546,56.437062,15,1.5,0.02,0.04,-0.05,40,40,40
20.3,213.62158,6.2410967,0.16083072,1.8909512,-213.62158,-6.2410967,-0.16083072,-1.8909512,9.7709631,0.037219258,OK,0,251748.93,3512.4214,0.16520479,56.454941,15,1.5,0.02,0.04,-0.05,40,40,40
20.305,213.65284,6.264283,0.17033778,1.9077802,-213.65284,-6.264283,-0.17033778,-1.9077802,9.9403651,1.35,INFEASIBLE,0,251977.17,3512.6176,0.16534987,56.473139,15,1.5,0.02,0.04,-0.05,40,40,40
20.31,213.69218,9.2918177,0.17799702,1.2843228,-213.69218,-9.2918177,-0.17799702,-1.2843228,9.2419557,1.35,INFEASIBLE,0,252205.49,3513.0493,0.16550828,56.481386,15,1.5,0.02,0.04,-0.05,40,40,40
20.315,213.74467,11.615353,0.18236819,0.616173,-213.74467,-11.615353,-0.18236819,-0.616173,8.3992899,1.35,INFEASIBLE,0,252433.93,3513.7238,0.16567457,56.483284,15,1.5,0.02,0.04,-0.05,40,40,40
20.32,213.80836,14.073357,0.18335709,-0.051296293,-213.80836,-14.073357,-0.18335709,0.051296293,7.5125134,-1.0287585,OK,0,252662.5,3514.7141,0.16584267,56.483298,15,1.5,0.02,0.04,-0.05,40,40,40
20.325,213.86067,8.6832825,0.18419345,0.34232121,-213.86067,-8.6832825,-0.18419345,-0.34232121,7.9009282,-0.29018287,OK,0,252891.18,3515.0911,0.16601231,56.483884,15,1.5,0.02,0.04,-0.05,40,40,40
20.33,213.90901,9.7569701,0.18703953,0.67064136,-213.90901,-9.7569701,-0.18703953,-0.67064136,8.4800139,-0.43722817,OK,0,253119.96,3515.5671,0.16618723,56.486132,15,1.5,0.02,0.04,-0.05,40,40,40
20.335,213.9557,9.0658965,0.19132395,0.98235224,-213.9557,-9.0658965,-0.19132395,-0.98235224,8.9851375,1.35,INFEASIBLE,0,253348.85,3515.9781,0.16637025,56.490957,15,1.5,0.02,0.04,-0.05,40,40,40
20.34,214.00984,12.04143,0.19436086,0.36021398,-214.00984,-12.04143,-0.19436086,-0.36021398,8.2175877,1.35,INFEASIBLE,0,253577.85,3516.7031,0.16655913,56.491606,15,1.5,0.02,0.04,-0.05,40,40,40
20.345,214.07913,15.101865,0.1942717,-0.26803375,-214.07913,-15.101865,-0.1942717,0.26803375,7.3976819,1.35,INFEASIBLE,0,253807,3517.8434,0.16674784,56.491965,15,1.5,0.02,0.04,-0.05,40,40,40
20.35,214.15545,14.715392,0.19062358,-1.0721816,-214.15545,-14.715392,-0.19062358,1.0721816,6.1228061,-1.1175311,OK,0,254036.31,3518.9261,0.16692953,56.497713,15,1.5,0.02,0.04,-0.05,40,40,40
20.355,214.21528,11.625065,0.18666477,-0.48306699,-214.21528,-11.625065,-0.18666477,0.48306699,6.8246792,-0.69318805,OK,0,254265.75,3519.6018,0.16710375,56.49888,15,1.5,0.02,0.04,-0.05,40,40,40
20.36,214.26906,11.096526,0.18547619,0.00013744742,-214.26906,-11.096526,-0.18547619,-0.00013744742,7.5115911,-0.62065701,OK,0,254495.31,3520.2175,0.16727575,56.49888,15,1.5,0.02,0.04,-0.05,40,40,40
20.365,214.32087,10.548708,0.18662408,0.44087813,-214.32087,-10.548708,-0.18662408,-0.44087813,8.1690441,-0.54560447,OK,0,254724.98,3520.7739,0.1674499,56.499852,15,1.5,0.02,0.04,-0.05,40,40,40
20.37,214.37003,9.6348007,0.18981336,0.79161424,-214.37003,-9.6348007,-0.18981336,-0.79161424,8.7074143,1.35,INFEASIBLE,0,254954.75,3521.238,0.16763004,56.502985,15,1.5,0.02,0.04,-0.05,40,40,40
20.375,214.43111,12.728131,0.19220065,0.19519097,-214.43111,-12.728131,-0.19220065,-0.19519097,7.9735437,1.35,INFEASIBLE,0,255184.65,3522.048,0.16781475,56.503176,15,1.5,0.02,0.04,-0.05,40,40,40
20.38,214.50506,16.161715,0.19132939,-0.4207125,-214.50506,-16.161715,-0.19132939,0.4207125,7.1754418,1.35,INFEASIBLE,0,255414.71,3523.354,0.16799778,56.504061,15,1.5,0.02,0.04,-0.05,40,40,40
20.385,214.58935,17.853132,0.18706343,-1.1213028,-214.58935,-17.853132,-0.18706343,1.1213028,6.1299095,1.35,INFEASIBLE,0,255644.96,3524.9477,0.16817274,56.510347,15,1.5,0.02,0.04,-0.05,40,40,40
20.39,214.68086,18.751955,0.17922338,-1.8577692,-214.68086,-18.751955,-0.17922338,1.8577692,4.9453922,1.35,INFEASIBLE,0,255875.4,3526.7059,0.16833335,56.527604,15,1.5,0.02,0.04,-0.05,40,40,40
20.395,214.78939,22.862015,0.16830805,-2.4425426,-214.78939,-22.862015,-0.16830805,2.4425426,4.0710752,1.35,INFEASIBLE,0,256106.07,3529.3192,0.16847499,56.557434,15,1.5,0.02,0.04,-0.05,40,40,40
20.4,214.90392,25.209776,0.15367392,-3.1275801,-214.90392,-25.209776,-0.15367392,3.1275801,2.9202081,1.35,INFEASIBLE,0,256336.99,3532.4969,0.16859307,56.606343,15,1.5,0.02,0.04,-0.05,40,40,40
20.405,215.0287,25.20718,0.13552128,-3.947154,-215.0287,-25.20718,-0.13552128,3.947154,1.4209493,1.35,INFEASIBLE,0,256568.17,3535.6739,0.1686849,56.684243,15,1.5,0.02,0.04,-0.05,40,40,40
20.41,215.1659,28.230037,0.11392082,-4.6081358,-215.1659,-28.230037,-0.11392082,4.6081358,0.22912814,0.22912814,INFEASIBLE,0,256799.66,3539.6586,0.16874979,56.790417,15,1.5,0.02,0.04,-0.05,40,40,40
20.415,215.3009,25.705805,0.090103632,-4.8884696,-215.3009,-25.705805,-0.090103632,4.8884696,-0.64689971,-0.64689971,INFEASIBLE,0,257031.43,3542.9625,0.16879038,56.909903,15,1.5,0.02,0.04,-0.05,40,40,40
20.42,215.42018,23.549785,0.066390167,-4.5796263,-215.42018,-23.549785,-0.066390167,4.5796263,-0.62319205,-0.62319205,INFEASIBLE,0,257263.46,3545.7355,0.16881242,57.014768,15,1.5,0.02,0.04,-0.05,40,40,40
20.425,215.5341,21.994284,0.044555625,-4.250005,-215.5341,-21.994284,-0.044555625,4.250005,-0.51621975,-0.51621975,INFEASIBLE,0,257495.73,3548.1542,0.16882234,57.105081,15,1.5,0.02,0.04,-0.05,40,40,40
20.43,215.6437,20.956092,0.024396349,-3.9562964,-215.6437,-20.956092,-0.024396349,3.9562964,-0.41738173,-0.41738173,INFEASIBLE,0,257728.24,3550.35,0.16882532,57.183342,15,1.5,0.02,0.04,-0.05,40,40,40
20.435,215.75097,20.92382,0.0056696076,-3.6672834,-215.75097,-20.92382,-0.0056696076,3.6672834,-0.2639088,-0.2639088,INFEASIBLE,0,257960.99,3552.5391,0.16882548,57.250587,15,1.5,0.02,0.04,-0.05,40,40,40
20.44,215.85821,21.245981,-0.011940657,-3.4638218,-215.85821,-21.245981,0.011940657,3.4638218,-0.20783901,-0.20783901,INFEASIBLE,0,258193.96,3554.796,0.16882619,57.310577,15,1.5,0.02,0.04,-0.05,40,40,40
20.445,215.96382,20.957331,-0.028885522,-3.3446769,-215.96382,-20.957331,0.028885522,3.3446769,-0.29272859,-0.29272859,INFEASIBLE,0,258427.16,3556.9921,0.16883037,57.366511,15,1.5,0.02,0.04,-0.05,40,40,40
20.45,216.06727,20.504375,-0.045128418,-3.1848654,-216.06727,-20.504375,0.045128418,3.1848654,-0.31270406,-0.31270406,INFEASIBLE,0,258660.59,3559.0942,0.16884055,57.417228,15,1.5,0.02,0.04,-0.05,40,40,40
20.455,216.16857,20.028486,-0.060537788,-3.0197708,-216.16857,-20.028486,0.060537788,3.0197708,-0.31321233,-0.31321233,INFEASIBLE,0,258894.23,3561.0999,0.16885887,57.462823,15,1.5,0.02,0.04,-0.05,40,40,40
20.46,216.26593,19.291679,-0.075229356,-2.8727221,-216.26593,-19.291679,0.075229356,2.8727221,-0.34053779,-0.34053779,INFEASIBLE,0,259128.09,3562.9608,0.16888717,57.504086,15,1.5,0.02,0.04,-0.05,40,40,40
20.465,216.3614,19.310134,-0.089024365,-2.6601962,-216.3614,-19.310134,0.089024365,2.6601962,-0.22602647,-0.22602647,INFEASIBLE,0,259362.15,3564.8252,0.1689268,57.539469,15,1.5,0.02,0.04,-0.05,40,40,40
20.47,216.45646,18.997679,-0.10206541,-2.5544251,-216.45646,-18.997679,0.10206541,2.5544251,-0.27358248,-0.27358248,INFEASIBLE,0,259596.41,3566.6297,0.16897888,57.572095,15,1.5,0.02,0.04,-0.05,40,40,40
20.475,216.54954,18.326932,-0.11453105,-2.4510546,-216.54954,-18.326932,0.11453105,2.4510546,-0.33047944,-0.33047944,INFEASIBLE,0,259830.88,3568.3091,0.16904447,57.602133,15,1.5,0.02,0.04,-0.05,40,40,40
20.48,216.64063,17.931861,-0.12626366,-2.2946881,-216.64063,-17.931861,0.12626366,2.2946881,-0.28590015,-0.28590015,INFEASIBLE,0,260065.55,3569.9169,0.16912418,57.628461,15,1.5,0.02,0.04,-0.05,40,40,40
20.485,216.72987,17.81966,-0.13730686,-2.1513854,-216.72987,-17.81966,0.13730686,2.1513854,-0.23929709,-0.23929709,INFEASIBLE,0,260300.41,3571.5046,0.16921845,57.651603,15,1.5,0.02,0.04,-0.05,40,40,40
20.49,216.81743,17.424328,-0.14783238,-2.0685464,-216.81743,-17.424328,0.14783238,2.0685464,-0.28698352,-0.28698352,INFEASIBLE,0,260535.46,3573.0226,0.16932772,57.672998,15,1.5,0.02,0.04,-0.05,40,40,40
20.495,216.9034,17.152292,-0.15778543,-1.9455272,-216.9034,-17.152292,0.15778543,1.9455272,-0.26091253,-0.26091253,INFEASIBLE,0,260770.69,3574.4936,0.1694522,57.691923,15,1.5,0.02,0.04,-0.05,40,40,40
20.5,216.98773,16.820744,-0.16721208,-1.8472559,-216.98773,-16.820744,0.16721208,1.8472559,-0.26648067,-0.26648067,INFEASIBLE,0,261006.11,3575.9083,0.169592,57.708985,15,1.5,0.02,0.04,-0.05,40,40,40
20.505,217.06961,16.038835,-0.17617338,-1.7540363,-217.06961,-16.038835,0.17617338,1.7540363,-0.29070939,-0.29070939,INFEASIBLE,0,261241.71,3577.1945,0.16974719,57.724368,15,1.5,0.02,0.04,-0.05,40,40,40
20.51,217.1499,15.999535,-0.18457437,-1.6419738,-217.1499,-15.999535,0.18457437,1.6419738,-0.24859672,-0.24859672,INFEASIBLE,0,261477.48,3578.4744,0.16991752,57.737848,15,1.5,0.02,0.04,-0.05,40,40,40
20.515,217.22828,15.35868,-0.19248808,-1.5472402,-217.22828,-15.35868,0.19248808,1.5472402,-0.24926864,-1.2836949,OK,0,261713.42,3579.6539,0.17010278,57.749818,15,1.5,0.02,0.04,-0.05,40,40,40
20.52,217.295,11.99725,-0.19862168,-0.99805439,-217.295,-11.99725,0.19862168,0.99805439,0.34938333,-0.82564719,OK,0,261949.5,3580.3736,0.17030004,57.754799,15,1.5,0.02,0.04,-0.05,40,40,40
20.525,217.35566,12.531217,-0.20214166,-0.50036931,-217.35566,-12.531217,0.20214166,0.50036931,1.065683,-0.90084608,OK,0,262185.72,3581.1587,0.17050434,57.756051,15,1.5,0.02,0.04,-0.05,40,40,40
20.53,217.41068,11.273642,-0.2034798,-0.053362841,-217.41068,-11.273642,0.2034798,0.053362841,1.6669182,-0.72866555,OK,0,262422.06,3581.7942,0.17071136,57.756065,15,1.5,0.02,0.04,-0.05,40,40,40
20.535,217.46333,10.500397,-0.2027067,0.31093339,-217.46333,-10.500397,0.2027067,-0.31093339,2.195082,-0.62206332,OK,0,262658.51,3582.3455,0.17091681,57.756548,15,1.5,0.02,0.04,-0.05,40,40,40
20.54,217.51266,9.6318535,-0.20027631,0.59437684,-217.51266,-9.6318535,0.20027631,-0.59437684,2.622948,-0.50179139,OK,0,262895.07,3582.8093,0.17111737,57.758315,15,1.5,0.02,0.04,-0.05,40,40,40
20.545,217.55843,9.1134393,-0.19660348,0.8295197,-217.55843,-9.1134393,0.19660348,-0.8295197,3.0109335,-0.42931173,OK,0,263131.73,3583.2246,0.17131063,57.761755,15,1.5,0.02,0.04,-0.05,40,40,40
20.55,217.60273,8.6422791,-0.1917983,1.0435941,-217.60273,-8.6422791,0.1917983,-1.0435941,3.3861624,-0.36307625,OK,0,263368.48,3583.5981,0.17149456,57.767201,15,1.5,0.02,0.04,-0.05,40,40,40
20.555,217.64457,8.1773537,-0.18620731,1.1852294,-217.64457,-8.1773537,0.18620731,-1.1852294,3.66472,-0.29769948,OK,0,263605.33,3583.9324,0.17166793,57.774225,15,1.5,0.02,0.04,-0.05,40,40,40
20.56,217.68443,7.8417228,-0.17996775,1.2942818,-217.68443,-7.8417228,0.17996775,-1.2942818,3.9092641,-0.25004765,OK,0,263842.26,3584.2399,0.17182987,57.7826,15,1.5,0.02,0.04,-0.05,40,40,40
20.565,217.72271,7.5283961,-0.17322814,1.3773069,-217.72271,-7.5283961,0.17322814,-1.3773069,4.1231283,-0.20547721,OK,0,264079.27,3584.5233,0.17197991,57.792085,15,1.5,0.02,0.04,-0.05,40,40,40
20.57,217.75953,7.2608618,-0.16610517,1.4549434,-217.75953,-7.2608618,0.16610517,-1.4549434,4.3364626,-0.16718195,OK,0,264316.37,3584.7869,0.17211787,57.80267,15,1.5,0.02,0.04,-0.05,40,40,40
20.575,217.79529,7.0716237,-0.15873061,1.4970624,-217.79529,-7.0716237,0.15873061,-1.4970624,4.5034051,-0.13967813,OK,0,264553.54,3585.0369,0.17224384,57.813876,15,1.5,0.02,0.04,-0.05,40,40,40
20.58,217.83018,6.915864,-0.15115475,1.5227125,-217.83018,-6.915864,0.15115475,-1.5227125,4.6499857,-0.11678818,OK,0,264790.79,3585.276,0.17235808,57.825469,15,1.5,0.02,0.04,-0.05,40,40,40
20.585,217.86436,6.7859067,-0.14344456,1.5542283,-217.86436,-6.7859067,0.14344456,-1.5542283,4.8083975,-0.097418027,OK,0,265028.12,3585.5063,0.17246096,57.837547,15,1.5,0.02,0.04,-0.05,40,40,40
20.59,217.89799,6.6806654,-0.13566405,1.5630434,-217.89799,-6.6806654,0.13566405,-1.5630434,4.9347908,-0.081477626,OK,0,265265.52,3585.7294,0.17255299,57.849762,15,1.5,0.02,0.04,-0.05,40,40,40
20.595,217.93115,6.6004458,-0.12782414,1.5657532,-217.93115,-6.6004458,0.12782414,-1.5657532,5.0539085,-0.068963974,OK,0,265502.99,3585.9473,0.17263468,57.86202,15,1.5,0.02,0.04,-0.05,40,40,40
20.6,217.96391,6.5251326,-0.1199608,1.5764346,-217.96391,-6.5251326,0.1199608,-1.5764346,5.1855235,-0.057114346,OK,0,265740.53,3586.1602,0.17270663,57.874446,15,1.5,0.02,0.04,-0.05,40,40,40
20.605,217.9964,6.4727209,-0.11210444,1.5694971,-217.9964,-6.4727209,0.11210444,-1.5694971,5.2915159,-0.048419461,OK,0,265978.14,3586.3696,0.17276947,57.886763,15,1.5,0.02,0.04,-0.05,40,40,40
20.61,218.02864,6.4359454,-0.10425486,1.5694836,-218.02864,-6.4359454,0.10425486,-1.5694836,5.4084131,-0.041843306,OK,0,266215.82,3586.5767,0.17282382,57.899079,15,1.5,0.02,0.04,-0.05,40,40,40
20.615,218.06067,6.3894715,-0.096448257,1.5616716,-218.06067,-6.3894715,0.096448257,-1.5616716,5.5125758,-0.033974125,OK,0,266453.57,3586.7809,0.17287033,57.911273,15,1.5,0.02,0.04,-0.05,40,40,40
20.62,218.09257,6.3717218,-0.08866485,1.548342,-218.09257,-6.3717218,0.08866485,-1.548342,5.6092605,-0.030012968,OK,0,266691.4,3586.9839,0.17290964,57.92326,15,1.5,0.02,0.04,-0.05,40,40,40
20.625,218.12434,6.3447699,-0.080929818,1.5455474,-218.12434,-6.3447699,0.080929818,-1.5455474,5.7206513,-0.024799521,OK,0,266929.29,3587.1851,0.17294238,57.935204,15,1.5,0.02,0.04,-0.05,40,40,40
20.63,218.15602,6.3239751,-0.073239457,1.5346619,-218.15602,-6.3239751,0.073239457,-1.5346619,5.8194804,-0.020437217,OK,0,267167.25,3587.3851,0.1729692,57.946979,15,1.5,0.02,0.04,-0.05,40,40,40
20.635,218.1876,6.3159753,-0.065583264,1.5282678,-218.1876,-6.3159753,0.065583264,-1.5282678,5.9250438,-0.017807126,OK,0,267405.28,3587.5846,0.17299071,57.958658,15,1.5,0.02,0.04,-0.05,40,40,40
20.64,218.21908,6.2881131,-0.057970497,1.5214124,-218.21908,-6.2881131,0.057970497,-1.5214124,6.0284672,-0.012495746,OK,0,267643.37,3587.7823,0.17300751,57.970231,15,1.5,0.02,0.04,-0.05,40,40,40
20.645,218.25053,6.2861079,-0.050390983,1.5115805,-218.25053,-6.2861079,0.050390983,-1.5115805,6.1279609,-0.010689452,OK,0,267881.54,3587.9798,0.17302021,57.981655,15,1.5,0.02,0.04,-0.05,40,40,40
20.65,218.28193,6.2780771,-0.042855394,1.5050784,-218.28193,-6.2780771,0.042855394,-1.5050784,6.2315483,-0.0080714468,OK,0,268119.78,3588.1769,0.17302939,57.992982,15,1.5,0.02,0.04,-0.05,40,40,40
20.655,218.31334,6.2757861,-0.035356716,1.4968122,-218.31334,-6.2757861,0.035356716,-1.4968122,6.3321658,-0.0062352,OK,0,268358.08,3588.3738,0.17303564,58.004184,15,1.5,0.02,0.04,-0.05,40,40,40
20.66,218.34471,6.2768272,-0.02788577,1.4918933,-218.34471,-6.2768272,0.02788577,-1.4918933,6.4375207,-0.0048506843,OK,0,268596.45,3588.5708,0.17303953,58.015313,15,1.5,0.02,0.04,-0.05,40,40,40
20.665,218.37605,6.2613825,-0.020435905,1.4897268,-218.37605,-6.2613825,0.020435905,-1.4897268,6.5460279,-0.0012396909,OK,0,268834.89,3588.7669,0.17304162,58.026409,15,1.5,0.02,0.04,-0.05,40,40,40
20.67,218.40738,6.2741923,-0.013003238,1.4838696,-218.40738,-6.2741923,0.013003238,-1.4838696,6.6498712,-0.0014498065,OK,0,269073.4,3588.9637,0.17304246,58.037418,15,1.5,0.02,0.04,-0.05,40,40,40
20.675,218.43867,6.2562053,-0.0055769786,1.4850475,-218.43867,-6.2562053,0.0055769786,-1.4850475,6.7629381,0.0025023972,OK,0,269311.98,3589.1594,0.17304262,58.048445,15,1.5,0.02,0.04,-0.05,40,40,40
20.68,218.46997,6.2552809,0.0018408967,1.4851961,-218.46997,-6.2552809,-0.0018408967,-1.4851961,6.8750182,0.004147531,OK,0,269550.62,3589.355,0.17304264,58.059474,15,1.5,0.02,0.04,-0.05,40,40,40
20.685,218.50124,6.2567845,0.0092650606,1.4842008,-218.50124,-6.2567845,-0.0092650606,-1.4842008,6.9855733,0.0054661,OK,0,269789.34,3589.5508,0.17304307,58.070489,15,1.5,0.02,0.04,-0.05,40,40,40
20.69,218.53251,6.2477675,0.016694076,1.488305,-218.53251,-6.2477675,-0.016694076,-1.488305,7.1034297,0.0082061187,OK,0,270028.12,3589.7459,0.17304446,58.081564,15,1.5,0.02,0.04,-0.05,40,40,40
20.695,218.56379,6.2619823,0.024133371,1.4869885,-218.56379,-6.2619823,-0.024133371,-1.4869885,7.2142383,0.0078093207,OK,0,270266.97,3589.942,0.17304737,58.092619,15,1.5,0.02,0.04,-0.05,40,40,40
20.7,218.59506,6.2516153,0.031595636,1.4952131,-218.59506,-6.2516153,-0.031595636,-1.4952131,7.33872,0.010734721,OK,0,270505.89,3590.1374,0.17305236,58.103798,15,1.5,0.02,0.04,-0.05,40,40,40
20.705,218.62637,6.2595813,0.039075756,1.4990736,-218.62637,-6.2595813,-0.039075756,-1.4990736,7.4576574,0.011185272,OK,0,270744.88,3590.3333,0.17306,58.115034,15,1.5,0.02,0.04,-0.05,40,40,40
20.71,218.65762,6.2542137,0.046606046,1.5076772,-218.65762,-6.2542137,-0.046606046,-1.5076772,7.5839276,0.013443493,OK,0,270983.93,3590.5289,0.17307086,58.126399,15,1.5,0.02,0.04,-0.05,40,40,40
20.715,218.68891,6.2491746,0.054167898,1.5198748,-218.68891,-6.2491746,-0.054167898,-1.5198748,7.7160758,0.015657967,OK,0,271223.06,3590.7242,0.17308553,58.137949,15,1.5,0.02,0.04,-0.05,40,40,40
20.72,218.72018,6.2603892,0.061782501,1.5244,-218.72018,-6.2603892,-0.061782501,-1.5244,7.8381568,0.015685886,OK,0,271462.25,3590.9201,0.17310461,58.149568,15,1.5,0.02,0.04,-0.05,40,40,40
20.725,218.75144,6.2471334,0.069460689,1.5421384,-218.75144,-6.2471334,-0.069460689,-1.5421384,7.9800322,0.019022419,OK,0,271701.51,3591.1153,0.17312874,58.161459,15,1.5,0.02,0.04,-0.05,40,40,40
20.73,218.78272,6.266352,0.077186979,1.5468768,-218.78272,-6.266352,-0.077186979,-1.5468768,8.1044284,0.017978863,OK,0,271940.84,3591.3116,0.17315853,58.173424,15,1.5,0.02,0.04,-0.05,40,40,40
20.735,218.81394,6.2446245,0.085014905,1.5698394,-218.81394,-6.2446245,-0.085014905,-1.5698394,8.2560465,0.022476387,OK,0,272180.24,3591.5066,0.17319466,58.185745,15,1.5,0.02,0.04,-0.05,40,40,40
20.74,218.84519,6.2402142,0.092903655,1.5907543,-218.84519,-6.2402142,-0.092903655,-1.5907543,8.4061987,0.024634869,OK,0,272419.7,3591.7013,0.17323782,58.198398,15,1.5,0.02,0.04,-0.05,40,40,40
20.745,218.87642,6.2509012,0.10088772,1.600273,-218.87642,-6.2509012,-0.10088772,-1.600273,8.5412897,0.024772185,OK,0,272659.24,3591.8966,0.17328871,58.211202,15,1.5,0.02,0.04,-0.05,40,40,40
20.75,218.90767,6.2416725,0.10895404,1.626347,-218.90767,-6.2416725,-0.10895404,-1.626347,8.7016514,0.027595351,OK,0,272898.84,3592.0914,0.17334807,58.224427,15,1.5,0.02,0.04,-0.05,40,40,40
20.755,218.93893,6.2619588,0.11711748,1.6364778,-218.93893,-6.2619588,-0.11711748,-1.6364778,8.840736,0.026444679,OK,0,273138.51,3592.2875,0.17341665,58.237818,15,1.5,0.02,0.04,-0.05,40,40,40
20.76,218.97013,6.2370934,0.12542262,1.6692723,-218.97013,-6.2370934,-0.12542262,-1.6692723,9.014134,0.031408155,OK,0,273378.25,3592.482,0.1734953,58.25175,15,1.5,0.02,0.04,-0.05,40,40,40
20.765,219.00138,6.2519421,0.13381084,1.6888417,-219.00138,-6.2519421,-0.13381084,-1.6888417,9.1705303,0.030999203,OK,0,273618.06,3592.6774,0.17358483,58.266011,15,1.5,0.02,0.04,-0.05,40,40,40
20.77,219.03256,6.2422931,0.14236005,1.7164271,-219.03256,-6.2422931,-0.14236005,-1.7164271,9.3403845,0.033926474,OK,0,273857.94,3592.8723,0.17368616,58.280742,15,1.5,0.02,0.04,-0.05,40,40,40
20.775,219.0638,6.2347757,0.15102187,1.7511266,-219.0638,-6.2347757,-0.15102187,-1.7511266,9.5226849,0.03655524,OK,0,274097.88,3593.0666,0.1738002,58.296074,15,1.5,0.02,0.04,-0.05,40,40,40
20.78,219.09502,6.2532351,0.15982617,1.7673094,-219.09502,-6.2532351,-0.15982617,-1.7673094,9.6803863,0.035694501,OK,0,274337.89,3593.2621,0.17392792,58.311691,15,1.5,0.02,0.04,-0.05,40,40,40
20.785,219.12627,6.2411849,0.16877986,1.8078341,-219.12627,-6.2411849,-0.16877986,-1.8078341,9.8756218,1.35,INFEASIBLE,0,274577.98,3593.4569,0.17407036,58.328032,15,1.5,0.02,0.04,-0.05,40,40,40
20.79,219.16679,8.5761588,0.1759046,1.140735,-219.16679,-8.5761588,-0.1759046,-1.140735,9.0760537,-0.277729,OK,0,274818.15,3593.8247,0.17422507,58.334538,15,1.5,0.02,0.04,-0.05,40,40,40
20.795,219.20613,7.6636638,0.18203778,1.3015658,-219.20613,-7.6636638,-0.18203778,-1.3015658,9.3735846,1.35,INFEASIBLE,0,275058.4,3594.1183,0.17439076,58.343009,15,1.5,0.02,0.04,-0.05,40,40,40
20.8,219.25365,10.908156,0.18670566,0.69389595,-219.25365,-10.908156,-0.18670566,-0.69389595,8.6628282,1.35,INFEASIBLE,0,275298.76,3594.7133,0.17456505,58.345416,15,1.5,0.02,0.04,-0.05,40,40,40
20.805,219.31402,13.427398,0.18811321,0.035726157,-219.31402,-13.427398,-0.18811321,-0.035726157,7.7986638,1.35,INFEASIBLE,0,275539.26,3595.6147,0.17474198,58.345423,15,1.5,0.02,0.04,-0.05,40,40,40
20.81,219.38481,15.267175,0.1861457,-0.65224309,-219.38481,-15.267175,-0.1861457,0.65224309,6.8122041,-1.1926441,OK,0,275779.91,3596.7802,0.17491523,58.34755,15,1.5,0.02,0.04,-0.05,40,40,40
20.815,219.44237,9.4103614,0.18421614,-0.18681596,-219.44237,-9.4103614,-0.18421614,0.18681596,7.24828,-0.38974804,OK,0,276020.68,3597.2229,0.17508491,58.347724,15,1.5,0.02,0.04,-0.05,40,40,40
20.82,219.49442,10.523096,0.18460748,0.20645499,-219.49442,-10.523096,-0.18460748,-0.20645499,7.8896069,-0.54219531,OK,0,276261.57,3597.7766,0.17525531,58.347937,15,1.5,0.02,0.04,-0.05,40,40,40
20.825,219.54365,9.4595807,0.18672782,0.56049164,-219.54365,-9.4595807,-0.18672782,-0.56049164,8.4109108,-0.39638544,OK,0,276502.57,3598.224,0.17542965,58.349508,15,1.5,0.02,0.04,-0.05,40,40,40
20.83,219.5901,8.9571739,0.19047916,0.85920562,-219.5901,-8.9571739,-0.19047916,-0.85920562,8.8960847,1.35,INFEASIBLE,0,276743.67,3598.6252,0.17561106,58.353199,15,1.5,0.02,0.04,-0.05,40,40,40
20.835,219.64634,12.347429,0.19307016,0.26867039,-219.64634,-12.347429,-0.19307016,-0.26867039,8.1858819,1.35,INFEASIBLE,0,276984.89,3599.3875,0.17579744,58.35356,15,1.5,0.02,0.04,-0.05,40,40,40
20.84,219.71824,15.820292,0.19258666,-0.3358433,-219.71824,-15.820292,-0.19258666,0.3358433,7.4122115,1.35,INFEASIBLE,0,277226.27,3600.6389,0.17598289,58.354124,15,1.5,0.02,0.04,-0.05,40,40,40
20.845,219.79898,17.7724,0.18864829,-1.0193426,-219.79898,-17.7724,-0.18864829,1.0193426,6.4075862,1.35,INFEASIBLE,0,277467.83,3602.2182,0.17616083,58.359319,15,1.5,0.02,0.04,-0.05,40,40,40
20.85,219.89164,18.387265,0.18135933,-1.7851757,-219.89164,-18.387265,-0.18135933,1.7851757,5.1759498,1.35,INFEASIBLE,0,277709.59,3603.9086,0.17632529,58.375254,15,1.5,0.02,0.04,-0.05,40,40,40
20.855,219.99282,21.502178,0.17052718,-2.41661,-219.99282,-21.502178,-0.17052718,2.41661,4.1929362,1.35,INFEASIBLE,0,277951.57,3606.2204,0.17647068,58.404454,15,1.5,0.02,0.04,-0.05,40,40,40
20.86,220.10671,24.33315,0.15636179,-3.0729733,-220.10671,-24.33315,-0.15636179,3.0729733,3.1114271,1.35,INFEASIBLE,0,278193.81,3609.1809,0.17659293,58.45167,15,1.5,0.02,0.04,-0.05,40,40,40
20.865,220.22991,25.101311,0.13861761,-3.8538673,-220.22991,-25.101311,-0.13861761,3.8538673,1.7071139,1.35,INFEASIBLE,0,278436.31,3612.3312,0.176689,58.525931,15,1.5,0.02,0.04,-0.05,40,40,40
20.87,220.36311,27.815884,0.11729462,-4.5310937,-220.36311,-27.815884,-0.11729462,4.5310937,0.4826765,0.4826765,INFEASIBLE,0,278679.11,3616.1999,0.17675779,58.628585,15,1.5,0.02,0.04,-0.05,40,40,40
20.875,220.4955,26.476874,0.093374757,-4.9012384,-220.4955,-26.476874,-0.093374757,4.9012384,-0.48225136,-0.48225136,INFEASIBLE,0,278922.2,3619.705,0.17680139,58.748696,15,1.5,0.02,0.04,-0.05,40,40,40
20.88,220.61774,23.907927,0.069230982,-4.7163314,-220.61774,-23.907927,-0.069230982,4.7163314,-0.66736041,-0.66736041,INFEASIBLE,0,279165.57,3622.5629,0.17682535,58.859915,15,1.5,0.02,0.04,-0.05,40,40,40
20.885,220.73097,21.59337,0.046615273,-4.4110662,-220.73097,-21.59337,-0.046615273,4.4110662,-0.63901606,-0.63901606,INFEASIBLE,0,279409.18,3624.8943,0.17683622,58.957202,15,1.5,0.02,0.04,-0.05,40,40,40
20.89,220.83803,20.504884,0.025854385,-4.0376796,-220.83803,-20.504884,-0.025854385,4.0376796,-0.43174765,-0.43174765,INFEASIBLE,0,279653.02,3626.9966,0.17683956,59.038716,15,1.5,0.02,0.04,-0.05,40,40,40
20.895,220.94256,20.562061,0.0067122925,-3.7331616,-220.94256,-20.562061,-0.0067122925,3.7331616,-0.25772435,-0.25772435,INFEASIBLE,0,279897.1,3629.1105,0.17683978,59.108399,15,1.5,0.02,0.04,-0.05,40,40,40
20.9,221.04672,21.00349,-0.011321487,-3.5248957,-221.04672,-21.00349,0.011321487,3.5248957,-0.19609182,-0.19609182,INFEASIBLE,0,280141.41,3631.3163,0.17684043,59.170523,15,1.5,0.02,0.04,-0.05,40,40,40
20.905,221.15006,20.485419,-0.028660471,-3.4284106,-221.15006,-20.485419,0.028660471,3.4284106,-0.33010509,-0.33010509,INFEASIBLE,0,280385.95,3633.4145,0.17684453,59.229293,15,1.5,0.02,0.04,-0.05,40,40,40
20.91,221.25043,20.239867,-0.045287918,-3.2315544,-221.25043,-20.239867,0.045287918,3.2315544,-0.29204719,-0.29204719,INFEASIBLE,0,280630.71,3635.4628,0.17685479,59.281508,15,1.5,0.02,0.04,-0.05,40,40,40
20.915,221.34731,18.802982,-0.061146807,-3.1320216,-221.34731,-18.802982,0.061146807,3.1320216,-0.43616899,-0.43616899,INFEASIBLE,0,280875.68,3637.2306,0.17687348,59.330556,15,1.5,0.02,0.04,-0.05,40,40,40
20.92,221.44319,18.5155,-0.075904183,-2.8810856,-221.44319,-18.5155,0.075904183,2.8810856,-0.29070721,-0.29070721,INFEASIBLE,0,281120.86,3638.9447,0.17690229,59.372059,15,1.5,0.02,0.04,-0.05,40,40,40
20.925,221.53559,18.553432,-0.089801309,-2.706345,-221.53559,-18.553432,0.089801309,2.706345,-0.23368804,-0.23368804,INFEASIBLE,0,281366.25,3640.6658,0.17694261,59.408681,15,1.5,0.02,0.04,-0.05,40,40,40
20.93,221.62757,18.465134,-0.10298749,-2.5888245,-221.62757,-18.465134,0.10298749,2.5888245,-0.25689232,-0.25689232,INFEASIBLE,0,281611.85,3642.3706,0.17699564,59.442191,15,1.5,0.02,0.04,-0.05,40,40,40
20.935,221.7178,17.803717,-0.11558022,-2.4699309,-221.7178,-17.803717,0.11558022,2.4699309,-0.29209495,-0.29209495,INFEASIBLE,0,281857.64,3643.9555,0.17706244,59.472694,15,1.5,0.02,0.04,-0.05,40,40,40
20.94,221.80624,17.482394,-0.12757764,-2.3458126,-221.80624,-17.482394,0.12757764,2.3458126,-0.29696298,-0.29696298,INFEASIBLE,0,282103.63,3645.4837,0.17714382,59.500208,15,1.5,0.02,0.04,-0.05,40,40,40
20.945,221.89241,17.313425,-0.13889605,-2.1995957,-221.89241,-17.313425,0.13889605,2.1995957,-0.25244905,-0.25244905,INFEASIBLE,0,282349.81,3646.9824,0.17724028,59.524399,15,1.5,0.02,0.04,-0.05,40,40,40
20.95,221.97696,16.569591,-0.14963257,-2.1138793,-221.97696,-16.569591,0.14963257,2.1138793,-0.31298476,-0.31298476,INFEASIBLE,0,282596.18,3648.3552,0.17735223,59.546741,15,1.5,0.02,0.04,-0.05,40,40,40
20.955,222.0598,16.5671,-0.15971821,-1.9687772,-222.0598,-16.5671,0.15971821,1.9687772,-0.24505903,-0.24505903,INFEASIBLE,0,282842.73,3649.7275,0.17747978,59.566122,15,1.5,0.02,0.04,-0.05,40,40,40
20.96,222.14047,15.847127,-0.16931118,-1.8851123,-222.14047,-15.847127,0.16931118,1.8851123,-0.29064155,-1.3408582,OK,0,283089.47,3650.9832,0.17762311,59.58389,15,1.5,0.02,0.04,-0.05,40,40,40
20.965,222.21148,14.389382,-0.17678995,-1.1708962,-222.21148,-14.389382,0.17678995,1.1708962,0.61161126,-1.1458469,OK,0,283336.36,3652.0185,0.17777938,59.590745,15,1.5,0.02,0.04,-0.05,40,40,40
20.97,222.27262,11.941385,-0.18117251,-0.6196674,-222.27262,-11.941385,0.18117251,0.6196674,1.2760191,-0.81291676,OK,0,283583.38,3652.7315,0.1779435,59.592665,15,1.5,0.02,0.04,-0.05,40,40,40
20.975,222.32744,10.719084,-0.18311888,-0.21507135,-222.32744,-10.719084,0.18311888,0.21507135,1.805922,-0.646339,OK,0,283830.53,3653.3059,0.17811116,59.592896,15,1.5,0.02,0.04,-0.05,40,40,40
20.98,222.3795,10.673971,-0.18316803,0.14561431,-222.3795,-10.673971,0.18316803,-0.14561431,2.34545,-0.64019281,OK,0,284077.79,3653.8756,0.17827891,59.593002,15,1.5,0.02,0.04,-0.05,40,40,40
20.985,222.43004,9.9376499,-0.18150625,0.45994484,-222.43004,-9.9376499,0.18150625,-0.45994484,2.8134303,-0.53868935,OK,0,284325.17,3654.3694,0.17844364,59.59406,15,1.5,0.02,0.04,-0.05,40,40,40
20.99,222.47736,9.259272,-0.17842067,0.70788025,-222.47736,-9.259272,0.17842067,-0.70788025,3.2054284,-0.44472305,OK,0,284572.65,3654.7981,0.17860281,59.596565,15,1.5,0.02,0.04,-0.05,40,40,40
20.995,222.52172,8.5325905,-0.17423868,0.90916264,-222.52172,-8.5325905,0.17423868,-0.90916264,3.5419017,-0.343944,OK,0,284820.23,3655.1621,0.1787546,59.600698,15,1.5,0.02,0.04,-0.05,40,40,40
21,222.56377,8.2305355,-0.16922738,1.0664633,-222.56377,-8.2305355,0.16922738,-1.0664633,3.8417811,-0.30118304,OK,0,285067.9,3655.5008,0.17889779,59.606385,15,1.5,0.02,0.04,-0.05,40,40,40
21.005,222.60379,7.8466767,-0.1635758,1.1798155,-222.60379,-7.8466767,0.1635758,-1.1798155,4.0820291,-0.24721369,OK,0,285315.66,3655.8087,0.17903158,59.613345,15,1.5,0.02,0.04,-0.05,40,40,40
21.01,222.64211,7.5429471,-0.15739932,1.2669049,-222.64211,-7.5429471,0.15739932,-1.2669049,4.2939276,-0.20419247,OK,0,285563.51,3656.0931,0.17915545,59.62137,15,1.5,0.02,0.04,-0.05,40,40,40
21.015,222.67907,7.2931288,-0.15082325,1.3470864,-222.67907,-7.2931288,0.15082325,-1.3470864,4.5035873,-0.16852113,OK,0,285811.44,3656.3591,0.17926919,59.630443,15,1.5,0.02,0.04,-0.05,40,40,40
21.02,222.71494,7.090537,-0.1439797,1.3938348,-222.71494,-7.090537,0.1439797,-1.3938348,4.668977,-0.13935109,OK,0,286059.45,3656.6105,0.17937284,59.640157,15,1.5,0.02,0.04,-0.05,40,40,40
21.025,222.74992,6.9300136,-0.1369171,1.4260586,-222.74992,-6.9300136,0.1369171,-1.4260586,4.8175304,-0.11593957,OK,0,286307.54,3656.8506,0.17946657,59.650325,15,1.5,0.02,0.04,-0.05,40,40,40
21.03,222.78421,6.8074449,-0.12968688,1.4552983,-222.78421,-6.8074449,0.12968688,-1.4552983,4.9656262,-0.097701352,OK,0,286555.7,3657.0823,0.17955066,59.660915,15,1.5,0.02,0.04,-0.05,40,40,40
21.035,222.81789,6.691953,-0.12236502,1.474954,-222.81789,-6.691953,0.12236502,-1.474954,5.1009916,-0.08045085,OK,0,286803.94,3657.3062,0.17962553,59.671792,15,1.5,0.02,0.04,-0.05,40,40,40
21.04,222.85112,6.6099107,-0.11497078,1.4810158,-222.85112,-6.6099107,0.11497078,-1.4810158,5.2183808,-0.067775646,OK,0,287052.25,3657.5247,0.17969162,59.682759,15,1.5,0.02,0.04,-0.05,40,40,40
21.045,222.88396,6.5415264,-0.10754088,1.4843496,-222.88396,-6.5415264,0.10754088,-1.4843496,5.3327515,-0.056965893,OK,0,287300.64,3657.7386,0.17974945,59.693776,15,1.5,0.02,0.04,-0.05,40,40,40
21.05,222.91648,6.4816381,-0.10009467,1.4909107,-222.91648,-6.4816381,0.10009467,-1.4909107,5.4525412,-0.047311615,OK,0,287549.1,3657.9487,0.17979954,59.70489,15,1.5,0.02,0.04,-0.05,40,40,40
21.055,222.94878,6.4441403,-0.092653916,1.4859276,-222.94878,-6.4441403,0.092653916,-1.4859276,5.5558239,-0.040717591,OK,0,287797.63,3658.1563,0.17984246,59.71593,15,1.5,0.02,0.04,-0.05,40,40,40
21.06,222.9809,6.4113941,-0.085232277,1.4833858,-222.9809,-6.4113941,0.085232277,-1.4833858,5.6626684,-0.034770814,OK,0,288046.23,3658.3618,0.17987879,59.726932,15,1.5,0.02,0.04,-0.05,40,40,40
21.065,223.01288,6.3841299,-0.07783663,1.4780724,-223.01288,-6.3841299,0.07783663,-1.4780724,5.765182,-0.029576364,OK,0,288294.91,3658.5656,0.17990908,59.737855,15,1.5,0.02,0.04,-0.05,40,40,40
21.07,223.04475,6.3645244,-0.070470406,1.4698922,-223.04475,-6.3645244,0.070470406,-1.4698922,5.8632582,-0.025427585,OK,0,288543.65,3658.7682,0.17993391,59.748658,15,1.5,0.02,0.04,-0.05,40,40,40
21.075,223.07651,6.3434102,-0.063134448,1.4648779,-223.07651,-6.3434102,0.063134448,-1.4648779,5.9655667,-0.021076568,OK,0,288792.47,3658.9694,0.17995384,59.759388,15,1.5,0.02,0.04,-0.05,40,40,40
21.08,223.10817,6.3250055,-0.055824502,1.460632,-223.10817,-6.3250055,0.055824502,-1.460632,6.068744,-0.017096034,OK,0,289041.35,3659.1694,0.17996942,59.770055,15,1.5,0.02,0.04,-0.05,40,40,40
21.085,223.13976,6.3132559,-0.048542756,1.4543318,-223.13976,-6.3132559,0.048542756,-1.4543318,6.1686819,-0.014021609,OK,0,289290.31,3659.3687,0.1799812,59.78063,15,1.5,0.02,0.04,-0.05,40,40,40
21.09,223.17132,6.3107551,-0.041290657,1.4484798,-223.17132,-6.3107551,0.041290657,-1.4484798,6.2692163,-0.012201592,OK,0,289539.34,3659.5678,0.17998973,59.791121,15,1.5,0.02,0.04,-0.05,40,40,40
21.095,223.20282,6.2950068,-0.034066247,1.4440364,-223.20282,-6.2950068,0.034066247,-1.4440364,6.3709175,-0.0085934914,OK,0,289788.43,3659.7659,0.17999553,59.801547,15,1.5,0.02,0.04,-0.05,40,40,40
21.1,223.2343,6.2960983,-0.026861531,1.438112,-223.2343,-6.2960983,0.026861531,-1.438112,6.470775,-0.0072647169,OK,0,290037.6,3659.9641,0.17999914,59.811888,15,1.5,0.02,0.04,-0.05,40,40,40
21.105,223.26578,6.2973035,-0.019678947,1.4351624,-223.26578,-6.2973035,0.019678947,-1.4351624,6.5747671,-0.0059530204,OK,0,290286.84,3660.1624,0.18000107,59.822186,15,1.5,0.02,0.04,-0.05,40,40,40
21.11,223.29718,6.274669,-0.012498747,1.4366034,-223.29718,-6.274669,0.012498747,-1.4366034,6.6843542,-0.0014186024,OK,0,290536.15,3660.3593,0.18000186,59.832505,15,1.5,0.02,0.04,-0.05,40,40,40
21.115,223.32858,6.2807604,-0.00532489,1.4343276,-223.32858,-6.2807604,0.00532489,-1.4343276,6.78942,-0.00076722696,OK,0,290785.53,3660.5565,0.180002,59.842792,15,1.5,0.02,0.04,-0.05,40,40,40
21.12,223.35994,6.2729057,0.0018524695,1.4353253,-223.35994,-6.2729057,-0.0018524695,-1.4353253,6.8988899,0.0017697701,OK,0,291034.98,3660.7533,0.18000201,59.853093,15,1.5,0.02,0.04,-0.05,40,40,40
21.125,223.39129,6.2641284,0.009032057,1.438437,-223.39129,-6.2641284,-0.009032057,-1.438437,7.0115273,0.0044314749,OK,0,291284.49,3660.9495,0.18000242,59.863438,15,1.5,0.02,0.04,-0.05,40,40,40
21.13,223.42263,6.2728504,0.016223789,1.4376968,-223.42263,-6.2728504,-0.016223789,-1.4376968,7.1192687,0.0047311727,OK,0,291534.08,3661.1462,0.18000374,59.873773,15,1.5,0.02,0.04,-0.05,40,40,40
21.135,223.45392,6.2545631,0.023443481,1.4459933,-223.45392,-6.2545631,-0.023443481,-1.4459933,7.239903,0.0086833524,OK,0,291783.74,3661.3418,0.18000649,59.884227,15,1.5,0.02,0.04,-0.05,40,40,40
21.14,223.48522,6.2546713,0.030678414,1.451903,-223.48522,-6.2546713,-0.030678414,-1.451903,7.3579219,0.010151588,OK,0,292033.47,3661.5374,0.18001119,59.894768,15,1.5,0.02,0.04,-0.05,40,40,40
21.145,223.51649,6.2557286,0.037949258,1.4554135,-223.51649,-6.2557286,-0.037949258,-1.4554135,7.472918,0.011497937,OK,0,292283.27,3661.7331,0.18001839,59.905359,15,1.5,0.02,0.04,-0.05,40,40,40
21.15,223.54779,6.2506205,0.045246065,1.4659307,-223.54779,-6.2506205,-0.045246065,-1.4659307,7.5985676,0.013677134,OK,0,292533.13,3661.9284,0.18002863,59.916104,15,1.5,0.02,0.04,-0.05,40,40,40
21.155,223.57906,6.2598549,0.052588615,1.4694786,-223.57906,-6.2598549,-0.052588615,-1.4694786,7.7150224,0.01392718,OK,0,292783.07,3662.1244,0.18004246,59.9269,15,1.5,0.02,0.04,-0.05,40,40,40
21.16,223.61031,6.2446935,0.059985415,1.4857334,-223.61031,-6.2446935,-0.059985415,-1.4857334,7.8503753,0.017475917,OK,0,293033.08,3662.3193,0.18006045,59.937937,15,1.5,0.02,0.04,-0.05,40,40,40
21.165,223.64159,6.2642597,0.067425264,1.4889127,-223.64159,-6.2642597,-0.067425264,-1.4889127,7.9681502,0.016340153,OK,0,293283.16,3662.5155,0.18008318,59.949022,15,1.5,0.02,0.04,-0.05,40,40,40
21.17,223.6728,6.2416749,0.074955897,1.5099107,-223.6728,-6.2416749,-0.074955897,-1.5099107,8.1123274,0.020907956,OK,0,293533.31,3662.7103,0.18011127,59.960421,15,1.5,0.02,0.04,-0.05,40,40,40
21.175,223.70405,6.2427757,0.082530117,1.5272602,-223.70405,-6.2427757,-0.082530117,-1.5272602,8.2526342,0.022274799,OK,0,293783.52,3662.9052,0.18014533,59.972083,15,1.5,0.02,0.04,-0.05,40,40,40
21.18,223.73528,6.2514833,0.090194507,1.5359233,-223.73528,-6.2514833,-0.090194507,-1.5359233,8.3815676,0.022632201,OK,0,294033.81,3663.1006,0.180186,59.983879,15,1.5,0.02,0.04,-0.05,40,40,40
21.185,223.76652,6.2377232,0.097942591,1.5600735,-223.76652,-6.2377232,-0.097942591,-1.5600735,8.5340884,0.026026331,OK,0,294284.17,3663.2951,0.18023397,59.996048,15,1.5,0.02,0.04,-0.05,40,40,40
21.19,223.79775,6.2560236,0.10577017,1.5686809,-223.79775,-6.2560236,-0.10577017,-1.5686809,8.6657699,0.025100103,OK,0,294534.6,3663.4908,0.1802899,60.008352,15,1.5,0.02,0.04,-0.05,40,40,40
21.195,223.82899,6.2419839,0.11370253,1.5971708,-223.82899,-6.2419839,-0.11370253,-1.5971708,8.8275533,0.028545982,OK,0,294785.09,3663.6856,0.18035454,60.021106,15,1.5,0.02,0.04,-0.05,40,40,40
21.2,223.86025,6.2547108,0.1217295,1.6176192,-223.86025,-6.2547108,-0.1217295,-1.6176192,8.9797648,0.028376488,OK,0,295035.66,3663.8813,0.18042863,60.03419,15,1.5,0.02,0.04,-0.05,40,40,40
21.205,223.89145,6.2431521,0.1298992,1.6399048,-223.89145,-6.2431521,-0.1298992,-1.6399048,9.1359001,0.031522685,OK,0,295286.3,3664.0761,0.180513,60.047636,15,1.5,0.02,0.04,-0.05,40,40,40
21.21,223.92269,6.2348728,0.13816253,1.6717524,-223.92269,-6.2348728,-0.13816253,-1.6717524,9.3079154,0.03421175,OK,0,295537,3664.2705,0.18060845,60.06161,15,1.5,0.02,0.04,-0.05,40,40,40
21.215,223.95392,6.2549642,0.1465682,1.6866985,-223.95392,-6.2549642,-0.1465682,-1.6866985,9.4578478,0.033084934,OK,0,295787.78,3664.4661,0.18071586,60.075835,15,1.5,0.02,0.04,-0.05,40,40,40
21.22,223.98518,6.2414202,0.15510808,1.7239477,-223.98518,-6.2414202,-0.15510808,-1.7239477,9.6419031,0.036504521,OK,0,296038.63,3664.6609,0.18083615,60.090695,15,1.5,0.02,0.04,-0.05,40,40,40
21.225,224.01645,6.2660604,0.16377702,1.7399551,-224.01645,-6.2660604,-0.16377702,-1.7399551,9.7975593,0.03477073,OK,0,296289.54,3664.8572,0.18097027,60.105832,15,1.5,0.02,0.04,-0.05,40,40,40
21.23,224.04763,6.2392987,0.17265139,1.7835489,-224.04763,-6.2392987,-0.17265139,-1.7835489,9.9956189,1.35,INFEASIBLE,0,296540.53,3665.0519,0.18111931,60.121737,15,1.5,0.02,0.04,-0.05,40,40,40
21.235,224.08745,8.4329639,0.17962673,1.1102629,-224.08745,-8.4329639,-0.17962673,-1.1102629,9.1788629,-0.25750022,OK,0,296791.61,3665.4074,0.18128064,60.127901,15,1.5,0.02,0.04,-0.05,40,40,40
21.24,224.12664,7.6557034,0.18562368,1.2827017,-224.12664,-7.6557034,-0.18562368,-1.2827017,9.4971686,1.35,INFEASIBLE,0,297042.77,3665.7005,0.18145292,60.136127,15,1.5,0.02,0.04,-0.05,40,40,40
21.245,224.17653,11.986974,0.19030622,0.72416557,-224.17653,-11.986974,-0.19030622,-0.72416557,8.9038512,1.35,INFEASIBLE,0,297294.05,3666.4189,0.181634,60.138749,15,1.5,0.02,0.04,-0.05,40,40,40
21.25,224.23617,12.59211,0.19156682,-0.025846278,-224.23617,-12.59211,-0.19156682,0.025846278,7.8231405,-0.82523318,OK,0,297545.46,3667.2117,0.18181749,60.138753,15,1.5,0.02,0.04,-0.05,40,40,40
21.255,224.28511,8.8691345,0.19232032,0.32070213,-224.28511,-8.8691345,-0.19232032,-0.32070213,8.2063255,-0.31444771,OK,0,297796.97,3667.605,0.18200243,60.139267,15,1.5,0.02,0.04,-0.05,40,40,40
21.26,224.33258,9.42466,0.19502413,0.63530095,-224.33258,-9.42466,-0.19502413,-0.63530095,8.7419513,1.35,INFEASIBLE,0,298048.6,3668.0492,0.1821926,60.141285,15,1.5,0.02,0.04,-0.05,40,40,40
21.265,224.39259,14.261825,0.19665289,0.12816758,-224.39259,-14.261825,-0.19665289,-0.12816758,8.2003694,1.35,INFEASIBLE,0,298300.36,3669.0662,0.18238596,60.141367,15,1.5,0.02,0.04,-0.05,40,40,40
21.27,224.46418,15.104245,0.19495086,-0.61519724,-224.46418,-15.104245,-0.19495086,0.61519724,7.0949204,-1.1701773,OK,0,298552.28,3670.2069,0.18257599,60.14326,15,1.5,0.02,0.04,-0.05,40,40,40
21.275,224.52012,10.72323,0.1931477,-0.046110616,-224.52012,-10.72323,-0.1931477,0.046110616,7.7473811,-0.56867201,OK,0,298804.33,3670.7818,0.18276252,60.14327,15,1.5,0.02,0.04,-0.05,40,40,40
21.28,224.5708,9.833194,0.19396295,0.31344682,-224.5708,-9.833194,-0.19396295,-0.31344682,8.2643583,-0.44651795,OK,0,299056.49,3671.2653,0.18295063,60.143761,15,1.5,0.02,0.04,-0.05,40,40,40
21.285,224.62049,9.7043258,0.19669459,0.67344342,-224.62049,-9.7043258,-0.19669459,-0.67344342,8.8411668,1.35,INFEASIBLE,0,299308.76,3671.7361,0.18314407,60.146029,15,1.5,0.02,0.04,-0.05,40,40,40
21.29,224.68107,12.363173,0.19842983,0.047553857,-224.68107,-12.363173,-0.19842983,-0.047553857,8.0359266,1.35,INFEASIBLE,0,299561.17,3672.5004,0.18334094,60.14604,15,1.5,0.02,0.04,-0.05,40,40,40
21.295,224.75351,15.049093,0.19685035,-0.59959131,-224.75351,-15.049093,-0.19685035,0.59959131,7.1504021,-1.1625787,OK,0,299813.74,3673.6327,0.18353469,60.147838,15,1.5,0.02,0.04,-0.05,40,40,40
21.3,224.80793,9.6957485,0.19501137,-0.11692069,-224.80793,-9.6957485,-0.19501137,0.11692069,7.6337782,-0.42744842,OK,0,300066.43,3674.1028,0.18372484,60.147906,15,1.5,0.02,0.04,-0.05,40,40,40
21.305,224.86137,10.652714,0.1958,0.29167407,-224.86137,-10.652714,-0.1958,-0.29167407,8.2978471,-0.55878853,OK,0,300319.24,3674.6702,0.18391653,60.148332,15,1.5,0.02,0.04,-0.05,40,40,40
21.31,224.91211,9.9422228,0.19839574,0.68344977,-224.91211,-9.9422228,-0.19839574,-0.68344977,8.8970419,1.35,INFEASIBLE,0,300572.17,3675.1644,0.18411333,60.150667,15,1.5,0.02,0.04,-0.05,40,40,40
21.315,224.97604,14.429655,0.20030542,0.15333058,-224.97604,-14.429655,-0.20030542,-0.15333058,8.3112843,1.35,INFEASIBLE,0,300825.24,3676.2055,0.18431394,60.150785,15,1.5,0.02,0.04,-0.05,40,40,40
21.32,225.04944,15.688991,0.19880521,-0.55929887,-225.04944,-15.688991,-0.19880521,0.55929887,7.2716783,1.35,INFEASIBLE,0,301078.48,3677.4362,0.18451156,60.152349,15,1.5,0.02,0.04,-0.05,40,40,40
21.325,225.13624,17.837417,0.19406533,-1.2378424,-225.13624,-17.837417,-0.19406533,1.2378424,6.2704377,1.35,INFEASIBLE,0,301331.91,3679.0271,0.18469987,60.16001,15,1.5,0.02,0.04,-0.05,40,40,40
21.33,225.22864,20.075973,0.18567215,-1.9129386,-225.22864,-20.075973,-0.18567215,1.9129386,5.2232859,1.35,INFEASIBLE,0,301585.55,3681.0423,0.18487224,60.178307,15,1.5,0.02,0.04,-0.05,40,40,40
21.335,225.3328,21.280743,0.17391155,-2.6484042,-225.3328,-21.280743,-0.17391155,2.6484042,3.9939526,1.35,INFEASIBLE,0,301839.42,3683.3067,0.18502347,60.213377,15,1.5,0.02,0.04,-0.05,40,40,40
21.34,225.4455,23.239898,0.15858314,-3.3529453,-225.4455,-23.239898,-0.15858314,3.3529453,2.7878351,1.35,INFEASIBLE,0,302093.55,3686.0071,0.18514921,60.269588,15,1.5,0.02,0.04,-0.05,40,40,40
21.345,225.57154,26.739855,0.13992762,-3.9720098,-225.57154,-26.739855,-0.13992762,3.9720098,1.7219247,1.35,INFEASIBLE,0,302347.97,3689.5822,0.18524711,60.348472,15,1.5,0.02,0.04,-0.05,40,40,40
21.35,225.71091,28.099729,0.117893,-4.7277761,-225.71091,-28.099729,-0.117893,4.7277761,0.31493828,0.31493828,INFEASIBLE,0,302602.69,3693.5302,0.1853166,60.460232,15,1.5,0.02,0.04,-0.05,40,40,40
21.355,225.84725,27.952692,0.093474646,-4.9226106,-225.84725,-27.952692,-0.093474646,4.9226106,-0.34674348,-0.34674348,INFEASIBLE,0,302857.73,3697.437,0.18536029,60.581392,15,1.5,0.02,0.04,-0.05,40,40,40
21.36,225.97461,24.715661,0.068834161,-4.8668985,-225.97461,-24.715661,-0.068834161,4.8668985,-0.7597168,-0.7597168,INFEASIBLE,0,303113.05,3700.4913,0.18538398,60.699826,15,1.5,0.02,0.04,-0.05,40,40,40
21.365,226.09005,22.143818,0.045517593,-4.5184958,-226.09005,-22.143818,-0.045517593,4.5184958,-0.68742606,-0.68742606,INFEASIBLE,0,303368.63,3702.943,0.18539434,60.80191,15,1.5,0.02,0.04,-0.05,40,40,40
21.37,226.19977,21.332878,0.024321116,-4.0920511,-226.19977,-21.332878,-0.024321116,4.0920511,-0.39594941,-0.39594941,INFEASIBLE,0,303624.47,3705.2185,0.1853973,60.885634,15,1.5,0.02,0.04,-0.05,40,40,40
21.375,226.30725,21.160454,0.0047553128,-3.8255482,-226.30725,-21.160454,-0.0047553128,3.8255482,-0.29442938,-0.29442938,INFEASIBLE,0,303880.54,3707.4573,0.18539741,60.958808,15,1.5,0.02,0.04,-0.05,40,40,40
21.38,226.41494,21.382954,-0.013632198,-3.6076031,-226.41494,-21.382954,0.013632198,3.6076031,-0.23227071,-0.23227071,INFEASIBLE,0,304136.86,3709.7435,0.18539834,61.023882,15,1.5,0.02,0.04,-0.05,40,40,40
21.385,226.52165,21.019601,-0.031210944,-3.4749713,-226.52165,-21.019601,0.031210944,3.4749713,-0.30940395,-0.30940395,INFEASIBLE,0,304393.42,3711.9526,0.18540321,61.084259,15,1.5,0.02,0.04,-0.05,40,40,40
21.39,226.62458,20.309314,-0.048119748,-3.3179768,-226.62458,-20.309314,0.048119748,3.3179768,-0.35389726,-0.35389726,INFEASIBLE,0,304650.21,3714.0149,0.18541479,61.139304,15,1.5,0.02,0.04,-0.05,40,40,40
21.395,226.7255,19.741066,-0.064099936,-3.1353514,-226.7255,-19.741066,0.064099936,3.1353514,-0.34037355,-0.34037355,INFEASIBLE,0,304907.23,3715.9635,0.18543533,61.188456,15,1.5,0.02,0.04,-0.05,40,40,40
21.4,226.82368,19.799922,-0.079167947,-2.9244893,-226.82368,-19.799922,0.079167947,2.9244893,-0.24578272,-0.24578272,INFEASIBLE,0,305164.48,3717.9236,0.18546667,61.23122,15,1.5,0.02,0.04,-0.05,40,40,40
21.405,226.92042,19.627853,-0.093483655,-2.7954009,-226.92042,-19.627853,0.093483655,2.7954009,-0.27183363,-0.27183363,INFEASIBLE,0,305421.94,3719.8499,0.18551036,61.270291,15,1.5,0.02,0.04,-0.05,40,40,40
21.41,227.01618,18.79726,-0.10712106,-2.6821365,-227.01618,-18.79726,0.10712106,2.6821365,-0.33780658,-0.33780658,INFEASIBLE,0,305679.63,3721.6166,0.18556774,61.30626,15,1.5,0.02,0.04,-0.05,40,40,40
21.415,227.10898,18.354305,-0.12005803,-2.5193672,-227.10898,-18.354305,0.12005803,2.5193672,-0.3035695,-0.3035695,INFEASIBLE,0,305937.52,3723.301,0.18563981,61.337996,15,1.5,0.02,0.04,-0.05,40,40,40
21.42,227.20036,18.06518,-0.13221422,-2.3735217,-227.20036,-18.06518,0.13221422,2.3735217,-0.27688145,-0.27688145,INFEASIBLE,0,306195.62,3724.9328,0.18572721,61.366164,15,1.5,0.02,0.04,-0.05,40,40,40
21.425,227.2898,17.999632,-0.14373491,-2.2451714,-227.2898,-17.999632,0.14373491,2.2451714,-0.25799956,-0.25799956,INFEASIBLE,0,306453.92,3726.5527,0.18583051,61.391368,15,1.5,0.02,0.04,-0.05,40,40,40
21.43,227.37772,17.342458,-0.15466942,-2.1462133,-227.37772,-17.342458,0.15466942,2.1462133,-0.2981086,-0.2981086,INFEASIBLE,0,306712.42,3728.0565,0.18595012,61.414399,15,1.5,0.02,0.04,-0.05,40,40,40
21.435,227.46376,17.147167,-0.16504069,-2.024634,-227.46376,-17.147167,0.16504069,2.024634,-0.27739933,-0.27739933,INFEASIBLE,0,306971.12,3729.5266,0.18608632,61.434895,15,1.5,0.02,0.04,-0.05,40,40,40
21.44,227.54799,16.692787,-0.17482212,-1.9222327,-227.54799,-16.692787,0.17482212,1.9222327,-0.28700958,-0.28700958,INFEASIBLE,0,307230.01,3730.9199,0.18623913,61.45337,15,1.5,0.02,0.04,-0.05,40,40,40
21.445,227.63012,16.370413,-0.18406763,-1.795396,-227.63012,-16.370413,0.18406763,1.795396,-0.24668938,-0.24668938,INFEASIBLE,0,307489.09,3732.2598,0.18640853,61.469487,15,1.5,0.02,0.04,-0.05,40,40,40
21.45,227.71057,16.015834,-0.19281158,-1.7110352,-227.71057,-16.015834,0.19281158,1.7110352,-0.26388173,-0.26388173,INFEASIBLE,0,307748.35,3733.5423,0.18659442,61.484125,15,1.5,0.02,0.04,-0.05,40,40,40
21.455,227.78964,15.78003,-0.20111703,-1.6154377,-227.78964,-15.78003,0.20111703,1.6154377,-0.25291814,-1.3447703,OK,0,308007.79,3734.7874,0.18679666,61.497174,15,1.5,0.02,0.04,-0.05,40,40,40
21.46,227.85617,11.28993,-0.20752753,-1.0758762,-227.85617,-11.28993,0.20752753,1.0758762,0.28199343,-0.73110731,OK,0,308267.38,3735.4247,0.18701199,61.502961,15,1.5,0.02,0.04,-0.05,40,40,40
21.465,227.91818,12.094419,-0.21136339,-0.62345479,-227.91818,-12.094419,0.21136339,0.62345479,0.9365073,-0.84376029,OK,0,308527.12,3736.1561,0.18723537,61.504905,15,1.5,0.02,0.04,-0.05,40,40,40
21.47,227.97408,10.942228,-0.21328791,-0.20726264,-227.97408,-10.942228,0.21328791,0.20726264,1.4869581,-0.68609419,OK,0,308786.98,3736.7547,0.18746282,61.505119,15,1.5,0.02,0.04,-0.05,40,40,40
21.475,228.02766,10.596085,-0.21326132,0.1484531,-228.02766,-10.596085,0.21326132,-0.1484531,2.0081564,-0.63844687,OK,0,309046.96,3737.3161,0.18769023,61.50523,15,1.5,0.02,0.04,-0.05,40,40,40
21.48,228.07815,9.7931037,-0.21161751,0.45044474,-228.07815,-9.7931037,0.21161751,-0.45044474,2.4546916,-0.52725248,OK,0,309307.06,3737.7957,0.18791414,61.506244,15,1.5,0.02,0.04,-0.05,40,40,40
21.485,228.1259,9.2829525,-0.20860663,0.708575,-228.1259,-9.2829525,0.20860663,-0.708575,2.8675991,-0.45594331,OK,0,309567.27,3738.2265,0.18813172,61.508755,15,1.5,0.02,0.04,-0.05,40,40,40
21.49,228.17111,8.8605649,-0.20451113,0.90746977,-228.17111,-8.8605649,0.20451113,-0.90746977,3.2113826,-0.39648635,OK,0,309827.58,3738.6191,0.18834084,61.512872,15,1.5,0.02,0.04,-0.05,40,40,40
21.495,228.21392,8.351656,-0.19952447,1.0663829,-228.21392,-8.351656,0.19952447,-1.0663829,3.5050519,-0.32502744,OK,0,310087.99,3738.9678,0.18853989,61.518558,15,1.5,0.02,0.04,-0.05,40,40,40
21.5,228.25443,7.9454783,-0.19382962,1.1835596,-228.25443,-7.9454783,0.19382962,-1.1835596,3.7508029,-0.26767884,OK,0,310348.49,3739.2835,0.18872774,61.525562,15,1.5,0.02,0.04,-0.05,40,40,40
21.505,228.29313,7.5914543,-0.1875896,1.2836351,-228.29313,-7.5914543,0.1875896,-1.2836351,3.9811293,-0.21749009,OK,0,310609.07,3739.5716,0.18890369,61.533801,15,1.5,0.02,0.04,-0.05,40,40,40
21.51,228.33043,7.3511671,-0.18097934,1.3548944,-228.33043,-7.3511671,0.18097934,-1.3548944,4.1783067,-0.18295587,OK,0,310869.75,3739.8418,0.18906746,61.542979,15,1.5,0.02,0.04,-0.05,40,40,40
21.515,228.36657,7.1416703,-0.17407603,1.4020991,-228.36657,-7.1416703,0.17407603,-1.4020991,4.3450063,-0.15269343,OK,0,311130.5,3740.0968,0.18921897,61.552809,15,1.5,0.02,0.04,-0.05,40,40,40
21.52,228.40176,6.9749185,-0.16694046,1.4385514,-228.40176,-6.9749185,0.16694046,-1.4385514,4.500752,-0.12830907,OK,0,311391.34,3740.3401,0.18935832,61.563156,15,1.5,0.02,0.04,-0.05,40,40,40
21.525,228.4362,6.8318516,-0.15969491,1.4629106,-228.4362,-6.8318516,0.15969491,-1.4629106,4.6409404,-0.10720933,OK,0,311652.26,3740.5735,0.18948583,61.573856,15,1.5,0.02,0.04,-0.05,40,40,40
21.53,228.47002,6.7151934,-0.15236113,1.4729554,-228.47002,-6.7151934,0.15236113,-1.4729554,4.7620244,-0.089761908,OK,0,311913.25,3740.7989,0.1896019,61.584704,15,1.5,0.02,0.04,-0.05,40,40,40
21.535,228.50332,6.6201636,-0.14495571,1.4818356,-228.50332,-6.6201636,0.14495571,-1.4818356,4.8832906,-0.075278276,OK,0,312174.32,3741.0181,0.18970696,61.595684,15,1.5,0.02,0.04,-0.05,40,40,40
21.54,228.53623,6.551472,-0.13755258,1.4834061,-228.53623,-6.551472,0.13755258,-1.4834061,4.994604,-0.064416543,OK,0,312435.46,3741.2327,0.18980156,61.606686,15,1.5,0.02,0.04,-0.05,40,40,40
21.545,228.56885,6.498711,-0.13015697,1.4733445,-228.56885,-6.498711,0.13015697,-1.4733445,5.0889875,-0.055756515,OK,0,312696.68,3741.4438,0.18988627,61.61754,15,1.5,0.02,0.04,-0.05,40,40,40
21.55,228.60118,6.4485615,-0.12278349,1.4748082,-228.60118,-6.4485615,0.12278349,-1.4748082,5.200426,-0.047443017,OK,0,312957.97,3741.6518,0.18996165,61.628415,15,1.5,0.02,0.04,-0.05,40,40,40
21.555,228.63331,6.407838,-0.11545649,1.4620147,-228.63331,-6.407838,0.11545649,-1.4620147,5.2901544,-0.040448076,OK,0,313219.34,3741.8571,0.1900283,61.639102,15,1.5,0.02,0.04,-0.05,40,40,40
21.56,228.66526,6.3762522,-0.10816534,1.452664,-228.66526,-6.3762522,0.10816534,-1.452664,5.3848713,-0.034697691,OK,0,313480.78,3742.0603,0.1900868,61.649654,15,1.5,0.02,0.04,-0.05,40,40,40
21.565,228.69706,6.3490153,-0.1009384,1.4432923,-228.69706,-6.3490153,0.1009384,-1.4432923,5.4787643,-0.029550633,OK,0,313742.29,3742.2619,0.19013774,61.660069,15,1.5,0.02,0.04,-0.05,40,40,40
21.57,228.72878,6.3358415,-0.093761616,1.4264565,-228.72878,-6.3358415,0.093761616,-1.4264565,5.5612697,-0.026329134,OK,0,314003.87,3742.4626,0.1901817,61.670243,15,1.5,0.02,0.04,-0.05,40,40,40
21.575,228.76039,6.3177661,-0.086648709,1.4196295,-228.76039,-6.3177661,0.086648709,-1.4196295,5.6576321,-0.022440738,OK,0,314265.53,3742.6622,0.19021924,61.68032,15,1.5,0.02,0.04,-0.05,40,40,40
21.58,228.79192,6.2978996,-0.07959796,1.4060184,-228.79192,-6.2978996,0.07959796,-1.4060184,5.7428127,-0.018327456,OK,0,314527.26,3742.8605,0.19025092,61.690204,15,1.5,0.02,0.04,-0.05,40,40,40
21.585,228.8234,6.2976593,-0.072596563,1.3960175,-228.8234,-6.2976593,0.072596563,-1.3960175,5.8334522,-0.016875818,OK,0,314789.06,3743.0588,0.19027727,61.699949,15,1.5,0.02,0.04,-0.05,40,40,40
21.59,228.85483,6.2800748,-0.065659514,1.3844199,-228.85483,-6.2800748,0.065659514,-1.3844199,5.9200367,-0.013086669,OK,0,315050.93,3743.256,0.19029882,61.709532,15,1.5,0.02,0.04,-0.05,40,40,40
21.595,228.88622,6.2760633,-0.058769859,1.3737905,-228.88622,-6.2760633,0.058769859,-1.3737905,6.0079049,-0.011140518,OK,0,315312.88,3743.4529,0.19031609,61.718968,15,1.5,0.02,0.04,-0.05,40,40,40
21.6,228.91757,6.2696228,-0.051931852,1.3645703,-228.91757,-6.2696228,0.051931852,-1.3645703,6.0970141,-0.0088719598,OK,0,315574.89,3743.6495,0.19032958,61.728278,15,1.5,0.02,0.04,-0.05,40,40,40
21.605,228.94892,6.2621064,-0.04514008,1.3548799,-228.94892,-6.2621064,0.04514008,-1.3548799,6.1846812,-0.0064647651,OK,0,315836.98,3743.8455,0.19033977,61.737457,15,1.5,0.02,0.04,-0.05,40,40,40
21.61,228.98023,6.26813,-0.038386501,1.3473684,-228.98023,-6.26813,0.038386501,-1.3473684,6.2755849,-0.0058922506,OK,0,316099.14,3744.042,0.19034713,61.746534,15,1.5,0.02,0.04,-0.05,40,40,40
21.615,229.01155,6.2568671,-0.031674001,1.3408515,-229.01155,-6.2568671,0.031674001,-1.3408515,6.3666728,-0.002988283,OK,0,316361.37,3744.2377,0.19035215,61.755523,15,1.5,0.02,0.04,-0.05,40,40,40
21.62,229.04285,6.2577026,-0.024991071,1.3339294,-229.04285,-6.2577026,0.024991071,-1.3339294,6.4571933,-0.0017239063,OK,0,316623.68,3744.4335,0.19035527,61.76442,15,1.5,0.02,0.04,-0.05,40,40,40
21.625,229.07413,6.2565487,-0.01832993,1.3304199,-229.07413,-6.2565487,0.01832993,-1.3304199,6.5524254,-0.00019236389,OK,0,316886.05,3744.6293,0.19035695,61.77327,15,1.5,0.02,0.04,-0.05,40,40,40
21.63,229.10542,6.2522006,-0.011691758,1.3273713,-229.10542,-6.2522006,0.011691758,-1.3273713,6.647877,0.0017673355,OK,0,317148.5,3744.8247,0.19035764,61.78208,15,1.5,0.02,0.04,-0.05,40,40,40
21.635,229.13669,6.2604444,-0.0050655956,1.323248,-229.13669,-6.2604444,0.0050655956,-1.323248,6.7420397,0.0020240939,OK,0,317411.02,3745.0207,0.19035776,61.790835,15,1.5,0.02,0.04,-0.05,40,40,40
21.64,229.16797,6.2517564,0.0015526569,1.3240804,-229.16797,-6.2517564,-0.0015526569,-1.3240804,6.84284,0.0045678107,OK,0,317673.61,3745.2161,0.19035778,61.799601,15,1.5,0.02,0.04,-0.05,40,40,40
21.645,229.19924,6.2524038,0.0081696612,1.3245293,-229.19924,-6.2524038,-0.0081696612,-1.3245293,6.9434198,0.0058499358,OK,0,317936.27,3745.4116,0.19035811,61.808373,15,1.5,0.02,0.04,-0.05,40,40,40
21.65,229.23051,6.256036,0.014790634,1.324422,-229.23051,-6.256036,-0.014790634,-1.324422,7.0433441,0.006729475,OK,0,318199,3745.6072,0.1903592,61.817143,15,1.5,0.02,0.04,-0.05,40,40,40
21.655,229.26179,6.2553794,0.021418785,1.3270385,-229.26179,-6.2553794,-0.021418785,-1.3270385,7.1472905,0.0081889868,OK,0,318461.81,3745.8029,0.1903615,61.825948,15,1.5,0.02,0.04,-0.05,40,40,40
21.66,229.29309,6.2630833,0.028059102,1.3288403,-229.29309,-6.2630833,-0.028059102,-1.3288403,7.2505322,0.0085203668,OK,0,318724.68,3745.999,0.19036543,61.834777,15,1.5,0.02,0.04,-0.05,40,40,40
21.665,229.3244,6.2596175,0.034723876,1.3353915,-229.3244,-6.2596175,-0.034723876,-1.3353915,7.360818,0.010363328,OK,0,318987.63,3746.1949,0.19037146,61.843694,15,1.5,0.02,0.04,-0.05,40,40,40
21.67,229.3557,6.2637842,0.041418484,1.340487,-229.3557,-6.2637842,-0.041418484,-1.340487,7.4696732,0.0111793,OK,0,319250.65,3746.3911,0.19038004,61.852678,15,1.5,0.02,0.04,-0.05,40,40,40
21.675,229.38702,6.2628124,0.048149986,1.3504444,-229.38702,-6.2628124,-0.048149986,-1.3504444,7.5861693,0.012692649,OK,0,319513.74,3746.5872,0.19039163,61.861797,15,1.5,0.02,0.04,-0.05,40,40,40
21.68,229.41832,6.2640217,0.05492887,1.358587,-229.41832,-6.2640217,-0.05492887,-1.358587,7.7007409,0.013918799,OK,0,319776.91,3746.7834,0.19040672,61.871025,15,1.5,0.02,0.04,-0.05,40,40,40
21.685,229.44964,6.2625758,0.061755763,1.3695694,-229.44964,-6.2625758,-0.061755763,-1.3695694,7.8201862,0.015508758,OK,0,320040.14,3746.9795,0.19042579,61.880404,15,1.5,0.02,0.04,-0.05,40,40,40
21.69,229.48095,6.2614132,0.068638906,1.3821247,-229.48095,-6.2614132,-0.068638906,-1.3821247,7.9428462,0.017066783,OK,0,320303.45,3747.1755,0.19044934,61.889955,15,1.5,0.02,0.04,-0.05,40,40,40
21.695,229.51227,6.2646169,0.075587084,1.3938744,-229.51227,-6.2646169,-0.075587084,-1.3938744,8.0654478,0.018043125,OK,0,320566.83,3747.3718,0.19047791,61.89967,15,1.5,0.02,0.04,-0.05,40,40,40
21.7,229.54359,6.2563021,0.082605023,1.4128145,-229.54359,-6.2563021,-0.082605023,-1.4128145,8.1994209,0.020581855,OK,0,320830.28,3747.5675,0.19051203,61.90965,15,1.5,0.02,0.04,-0.05,40,40,40
21.705,229.57489,6.2683859,0.089701056,1.4221038,-229.57489,-6.2683859,-0.089701056,-1.4221038,8.3209047,0.020376731,OK,0,321093.8,3747.7639,0.19055226,61.919762,15,1.5,0.02,0.04,-0.05,40,40,40
21.71,229.60618,6.253627,0.096893313,1.4465641,-229.60618,-6.253627,-0.096893313,-1.4465641,8.4655145,0.02380653,OK,0,321357.4,3747.9595,0.1905992,61.930225,15,1.5,0.02,0.04,-0.05,40,40,40
21.715,229.6375,6.261449,0.10415959,1.4625896,-229.6375,-6.261449,-0.10415959,-1.4625896,8.5994861,0.024191694,OK,0,321621.07,3748.1555,0.19065345,61.94092,15,1.5,0.02,0.04,-0.05,40,40,40
21.72,229.66877,6.2618264,0.11154591,1.4820757,-229.66877,-6.2618264,-0.11154591,-1.4820757,8.7401507,0.025598453,OK,0,321884.8,3748.3516,0.19071566,61.951903,15,1.5,0.02,0.04,-0.05,40,40,40
21.725,229.70005,6.2458487,0.11903403,1.511792,-229.70005,-6.2458487,-0.11903403,-1.511792,8.8970333,0.029223522,OK,0,322148.61,3748.5466,0.19078651,61.963331,15,1.5,0.02,0.04,-0.05,40,40,40
21.73,229.73131,6.2622305,0.12663038,1.5240543,-229.73131,-6.2622305,-0.12663038,-1.5240543,9.0306526,0.028490496,OK,0,322412.5,3748.7427,0.19086668,61.974945,15,1.5,0.02,0.04,-0.05,40,40,40
21.735,229.76255,6.2440891,0.13436511,1.5566759,-229.76255,-6.2440891,-0.13436511,-1.5566759,9.1955049,0.03243541,OK,0,322676.45,3748.9376,0.19095695,61.987061,15,1.5,0.02,0.04,-0.05,40,40,40
21.74,229.7938,6.2500844,0.14221133,1.581522,-229.7938,-6.2500844,-0.14221133,-1.581522,9.3513324,0.033119522,OK,0,322940.48,3749.133,0.19105807,61.999567,15,1.5,0.02,0.04,-0.05,40,40,40
21.745,229.82501,6.2462411,0.15020974,1.6076905,-229.82501,-6.2462411,-0.15020974,-1.6076905,9.5110318,0.03515855,OK,0,323204.57,3749.328,0.19117089,62.01249,15,1.5,0.02,0.04,-0.05,40,40,40
21.75,229.85626,6.2353237,0.15833588,1.6454465,-229.85626,-6.2353237,-0.15833588,-1.6454465,9.689746,0.038148757,OK,0,323468.74,3749.5224,0.19129624,62.026028,15,1.5,0.02,0.04,-0.05,40,40,40
21.755,229.88748,6.2522308,0.16661792,1.6633121,-229.88748,-6.2522308,-0.16661792,-1.6633121,9.8420756,0.037400468,OK,0,323732.99,3749.7179,0.19143505,62.039861,15,1.5,0.02,0.04,-0.05,40,40,40
21.76,229.91873,6.2412346,0.17504306,1.7052467,-229.91873,-6.2412346,-0.17504306,-1.7052467,10.03154,1.35,INFEASIBLE,0,323997.3,3749.9126,0.19158825,62.0544,15,1.5,0.02,0.04,-0.05,40,40,40
21.765,229.95986,9.4855596,0.18168342,1.0799026,-229.95986,-9.4855596,-0.18168342,-1.0799026,9.3237247,1.35,INFEASIBLE,0,324261.71,3750.3625,0.19175329,62.060231,15,1.5,0.02,0.04,-0.05,40,40,40
21.77,230.01257,12.624916,0.18496607,0.44425867,-230.01257,-12.624916,-0.18496607,-0.44425867,8.5461272,1.35,INFEASIBLE,0,324526.24,3751.1595,0.19192435,62.061218,15,1.5,0.02,0.04,-0.05,40,40,40
21.775,230.07505,12.664059,0.18482067,-0.32887603,-230.07505,-12.664059,-0.18482067,0.32887603,7.3870594,-0.83564285,OK,0,324790.91,3751.9614,0.19209515,62.061759,15,1.5,0.02,0.04,-0.05,40,40,40
21.78,230.12687,9.1821411,0.18416166,0.03309453,-230.12687,-9.1821411,-0.18416166,-0.03309453,7.7818898,-0.35845333,OK,0,325055.7,3752.3829,0.19226472,62.061764,15,1.5,0.02,0.04,-0.05,40,40,40
21.785,230.17625,9.636625,0.185494,0.36468124,-230.17625,-9.636625,-0.185494,-0.36468124,8.318422,-0.4206668,OK,0,325320.61,3752.8472,0.19243676,62.062429,15,1.5,0.02,0.04,-0.05,40,40,40
21.79,230.22317,9.0928689,0.18829334,0.67774476,-230.22317,-9.0928689,-0.18829334,-0.67774476,8.8091952,-0.34601444,OK,0,325585.62,3753.2606,0.19261404,62.064726,15,1.5,0.02,0.04,-0.05,40,40,40
21.795,230.26739,8.6349509,0.19246745,0.94765351,-230.26739,-8.6349509,-0.19246745,-0.94765351,9.2592377,1.35,INFEASIBLE,0,325850.73,3753.6335,0.19279925,62.069216,15,1.5,0.02,0.04,-0.05,40,40,40
21.8,230.32077,11.384417,0.19539627,0.31698476,-230.32077,-11.384417,-0.19539627,-0.31698476,8.4682133,1.35,INFEASIBLE,0,326115.97,3754.2815,0.19299015,62.069718,15,1.5,0.02,0.04,-0.05,40,40,40
21.805,230.38787,13.651371,0.19513144,-0.35534171,-230.38787,-13.651371,-0.19513144,0.35534171,7.5477713,-0.97051984,OK,0,326381.37,3755.2133,0.19318053,62.07035,15,1.5,0.02,0.04,-0.05,40,40,40
21.81,230.44245,9.5264942,0.19455722,0.073016618,-230.44245,-9.5264942,-0.19455722,-0.073016618,8.017792,-0.40426706,OK,0,326646.88,3755.667,0.1933698,62.070376,15,1.5,0.02,0.04,-0.05,40,40,40
21.815,230.49254,9.9129905,0.19610709,0.43667614,-230.49254,-9.9129905,-0.19610709,-0.43667614,8.6029909,-0.45729153,OK,0,326912.52,3756.1584,0.19356209,62.07133,15,1.5,0.02,0.04,-0.05,40,40,40
21.82,230.54004,9.3747151,0.19923563,0.77599281,-230.54004,-9.3747151,-0.19923563,-0.77599281,9.1383131,1.35,INFEASIBLE,0,327178.26,3756.5978,0.19376056,62.074341,15,1.5,0.02,0.04,-0.05,40,40,40
21.825,230.59823,12.271746,0.20137583,0.15369973,-230.59823,-12.271746,-0.20137583,-0.15369973,8.3540213,1.35,INFEASIBLE,0,327444.14,3757.3508,0.19396332,62.074459,15,1.5,0.02,0.04,-0.05,40,40,40
21.83,230.66971,15.047981,0.20029456,-0.49220253,-230.66971,-15.047981,-0.20029456,0.49220253,7.481428,1.35,INFEASIBLE,0,327710.18,3758.483,0.19416391,62.07567,15,1.5,0.02,0.04,-0.05,40,40,40
21.835,230.75065,17.964296,0.19583545,-1.1155473,-230.75065,-17.964296,-0.19583545,1.1155473,6.5977957,1.35,INFEASIBLE,0,327976.41,3760.0966,0.19435567,62.081892,15,1.5,0.02,0.04,-0.05,40,40,40
21.84,230.84067,19.241782,0.1878906,-1.8422445,-230.84067,-19.241782,-0.1878906,1.8422445,5.4414769,1.35,INFEASIBLE,0,328242.85,3761.9478,0.19453218,62.098862,15,1.5,0.02,0.04,-0.05,40,40,40
