t_s,theta_rad,dtheta_rad_s,psi_rad,dpsi_rad_s,error_theta,error_dtheta,error_psi,error_dpsi,u_PD_Nm,u_Nm,status_cbf,dorong_N,ISE_theta,ISE_dtheta,ISE_psi,ISE_dpsi,Kp_psi,Kd_psi,Kp_theta,Kd_theta,Kvel,Alpha_1,Alpha_2,Alpha_3,Alpha_4,Alpha_5,Alpha_6,zeta_DEG
0.005,0,0,-1.5560297e-07,0,0,0,1.5560297e-07,0,-2.3340446e-06,-2.3340446e-06,OK,0,0,0,1.2106142e-16,0,15,1.5,0.02,0.04,-0.05,40,40,40,40,40,10,0
0.01,3.3424026e-05,0.0087875369,-8.6694239e-06,-0.0021993485,-3.3424026e-05,-0.0087875369,8.6694239e-06,0.0021993485,-0.0030768941,-0.0030768941,OK,0,5.5858274e-12,3.8610403e-07,3.7591562e-13,2.4185669e-08,15,1.5,0.02,0.04,-0.05,40,40,40,40,40,10,0
0.015,8.0798234e-05,0.0099440604,-1.8363004e-05,-0.0018197432,-8.0798234e-05,-0.0099440604,1.8363004e-05,0.0018197432,-0.0026056814,-0.0026056814,OK,0,3.8227601e-11,8.8052572e-07,2.0619152e-12,4.0742995e-08,15,1.5,0.02,0.04,-0.05,40,40,40,40,40,10,0
0.02,0.00013679841,0.012109114,-2.7467055e-05,-0.0017978335,-0.00013679841,-0.012109114,2.7467055e-05,0.0017978335,-0.0026216556,-0.0026216556,OK,0,1.3179662e-10,1.6136789e-06,5.8341108e-12,5.6904021e-08,15,1.5,0.02,0.04,-0.05,40,40,40,40,40,10,0
0.025,0.00020457273,0.014503656,-3.6401821e-05,-0.0018321022,-0.00020457273,-0.014503656,3.6401821e-05,0.0018321022,-0.0027099429,-0.0027099429,OK,0,3.4104664e-10,2.6654592e-06,1.2459574e-11,7.3687014e-08,15,1.5,0.02,0.04,-0.05,40,40,40,40,40,10,0
0.03,0.00028440709,0.016974384,-4.5674111e-05,-0.0018684308,-0.00028440709,-0.016974384,4.5674111e-05,0.0018684308,-0.0028030943,-0.0028030943,OK,0,7.454836e-10,4.1061078e-06,2.2890196e-11,9.1142182e-08,15,1.5,0.02,0.04,-0.05,40,40,40,40,40,10,0
0.035,0.00037654845,0.019485969,-5.5283922e-05,-0.001896956,-0.00037654845,-0.019485969,5.5283922e-05,0.001896956,-0.0028877231,-0.0028877231,OK,0,1.4544273e-09,6.0046228e-06,3.8171756e-11,1.0913439e-07,15,1.5,0.02,0.04,-0.05,40,40,40,40,40,10,0
0.04,0.00048174541,0.022036393,-6.4640332e-05,-0.0019190616,-0.00048174541,-0.022036393,6.4640332e-05,0.0019190616,-0.0029571067,-0.0029571067,OK,0,2.6148205e-09,8.4326359e-06,5.9063618e-11,1.2754838e-07,15,1.5,0.02,0.04,-0.05,40,40,40,40,40,10,0
0.045,0.0005996391,0.024642655,-7.4334263e-05,-0.0019423513,-0.0005996391,-0.024642655,7.4334263e-05,0.0019423513,-0.0030308419,-0.0030308419,OK,0,4.4126557e-09,1.1468938e-05,8.6691531e-11,1.4641202e-07,15,1.5,0.02,0.04,-0.05,40,40,40,40,40,10,0
0.05,0.00073074542,0.02730016,-8.4112314e-05,-0.0019647405,-0.00073074542,-0.02730016,8.4112314e-05,0.0019647405,-0.0031021741,-0.0031021741,OK,0,7.0826e-09,1.5195432e-05,1.2206594e-10,1.6571305e-07,15,1.5,0.02,0.04,-0.05,40,40,40,40,40,10,0
0.055,0.00087543515,0.030018265,-9.3890366e-05,-0.001989114,-0.00087543515,-0.030018265,9.3890366e-05,0.001989114,-0.0031737872,-0.0031737872,OK,0,1.0914534e-08,1.9700913e-05,1.6614294e-10,1.8549592e-07,15,1.5,0.02,0.04,-0.05,40,40,40,40,40,10,0
0.06,0.0010336302,0.032805491,-0.00010409006,-0.0020175656,-0.0010336302,-0.032805491,0.00010409006,0.0020175656,-0.003254807,-0.003254807,OK,0,1.625649e-08,2.5081914e-05,2.2031664e-10,2.0584877e-07,15,1.5,0.02,0.04,-0.05,40,40,40,40,40,10,0
0.065,0.0012061867,0.035659476,-0.00011420528,-0.0020474762,-0.0012061867,-0.035659476,0.00011420528,0.0020474762,-0.0033337908,-0.0033337908,OK,0,2.3530922e-08,3.1439905e-05,2.8553087e-10,2.2680957e-07,15,1.5,0.02,0.04,-0.05,40,40,40,40,40,10,0
0.07,0.0013934204,0.038595738,-0.00012432051,-0.0020832075,-0.0013934204,-0.038595738,0.00012432051,0.0020832075,-0.0034179209,-0.0034179209,OK,0,3.3239023e-08,3.8888061e-05,3.6280882e-10,2.4850833e-07,15,1.5,0.02,0.04,-0.05,40,40,40,40,40,10,0
0.075,0.0015950869,0.041599243,-0.00013511009,-0.0021199771,-0.0015950869,-0.041599243,0.00013511009,0.0021199771,-0.0035107454,-0.0035107454,OK,0,4.5960535e-08,4.7540546e-05,4.540825e-10,2.7097985e-07,15,1.5,0.02,0.04,-0.05,40,40,40,40,40,10,0
0.08,0.001801083,0.040866949,-0.00014294955,-0.0012060184,-0.001801083,-0.040866949,0.00014294955,0.0012060184,-0.0022825713,-0.0022825713,OK,0,6.2180034e-08,5.5891083e-05,5.5625537e-10,2.7825225e-07,15,1.5,0.02,0.04,-0.05,40,40,40,40,40,10,0
0.085,0.0020088879,0.041999982,-0.00014825988,-0.0010263798,-0.0020088879,-0.041999982,0.00014825988,0.0010263798,-0.0020432908,-0.0020432908,OK,0,8.2358187e-08,6.4711076e-05,6.6616032e-10,2.8351953e-07,15,1.5,0.02,0.04,-0.05,40,40,40,40,40,10,0
0.09,0.0022236459,0.043697135,-0.00015365466,-0.0010418967,-0.0022236459,-0.043697135,0.00015365466,0.0010418967,-0.0020753066,-0.0020753066,OK,0,1.0708119e-07,7.4258274e-05,7.842091e-10,2.8894727e-07,15,1.5,0.02,0.04,-0.05,40,40,40,40,40,10,0
0.095,0.0024478193,0.045576847,-0.0001588812,-0.0010967856,-0.0024478193,-0.045576847,0.0001588812,0.0010967856,-0.0021563662,-0.0021563662,OK,0,1.3704029e-07,8.4644519e-05,9.1042528e-10,2.9496196e-07,15,1.5,0.02,0.04,-0.05,40,40,40,40,40,10,0
0.1,0.0026817812,0.047577154,-0.00016436011,-0.0011655721,-0.0026817812,-0.047577154,0.00016436011,0.0011655721,-0.002257038,-0.002257038,OK,0,1.7300004e-07,9.5962446e-05,1.0454965e-09,3.0175476e-07,15,1.5,0.02,0.04,-0.05,40,40,40,40,40,10,0
0.105,0.0029258756,0.049696384,-0.00017042924,-0.0012437553,-0.0029258756,-0.049696384,0.00017042924,0.0012437553,-0.0023756987,-0.0023756987,OK,0,2.1580378e-07,0.0001083111,1.1907271e-09,3.0948939e-07,15,1.5,0.02,0.04,-0.05,40,40,40,40,40,10,0
0.11,0.0031808504,0.051898356,-0.00017683555,-0.0013175324,-0.0031808504,-0.051898356,0.00017683555,0.0013175324,-0.0024892806,-0.0024892806,OK,0,2.6639283e-07,0.0001217783,1.3470812e-09,3.1816885e-07,15,1.5,0.02,0.04,-0.05,40,40,40,40,40,10,0
0.115,0.003447158,0.054217656,-0.00018366316,-0.0013970554,-0.003447158,-0.054217656,0.00018366316,0.0013970554,-0.002612881,-0.002612881,OK,0,3.2580732e-07,0.00013647607,1.515742e-09,3.2792767e-07,15,1.5,0.02,0.04,-0.05,40,40,40,40,40,10,0
0.12,0.0037253708,0.056643992,-0.00019091274,-0.0014802146,-0.0037253708,-0.056643992,0.00019091274,0.0014802146,-0.0027437459,-0.0027437459,OK,0,3.9519926e-07,0.00015251878,1.6979803e-09,3.3888285e-07,15,1.5,0.02,0.04,-0.05,40,40,40,40,40,10,0
0.125,0.0040157848,0.059184383,-0.00019883633,-0.0015632902,-0.0040157848,-0.059184383,0.00019883633,0.0015632902,-0.0028797892,-0.0028797892,OK,0,4.758319e-07,0.00017003273,1.8956598e-09,3.5110223e-07,15,1.5,0.02,0.04,-0.05,40,40,40,40,40,10,0
0.13,0.0043197554,0.061843886,-0.00020667579,-0.0016479354,-0.0043197554,-0.061843886,0.00020667579,0.0016479354,-0.0030118895,-0.0030118895,OK,0,5.6913333e-07,0.00018915606,2.1092342e-09,3.6468068e-07,15,1.5,0.02,0.04,-0.05,40,40,40,40,40,10,0
0.135,0.0046373801,0.06463944,-0.00021502068,-0.0017416344,-0.0046373801,-0.06463944,0.00021502068,0.0017416344,-0.0031594367,-0.0031594367,OK,0,6.766598e-07,0.00021004735,2.3404037e-09,3.7984713e-07,15,1.5,0.02,0.04,-0.05,40,40,40,40,40,10,0
0.14,0.0049692323,0.067564065,-0.00022395613,-0.0018368816,-0.0049692323,-0.067564065,0.00022395613,0.0018368816,-0.0033127171,-0.0033127171,OK,0,8.0012615e-07,0.00023287186,2.5911854e-09,3.967178e-07,15,1.5,0.02,0.04,-0.05,40,40,40,40,40,10,0
0.145,0.0053161039,0.070629621,-0.00023339667,-0.001934998,-0.0053161039,-0.070629621,0.00023339667,0.001934998,-0.0034719401,-0.0034719401,OK,0,9.4143095e-07,0.00025781458,2.8635554e-09,4.1543889e-07,15,1.5,0.02,0.04,-0.05,40,40,40,40,40,10,0
0.15,0.0056785694,0.073838803,-0.00024351223,-0.0020384383,-0.0056785694,-0.073838803,0.00024351223,0.0020384383,-0.0036432173,-0.0036432173,OK,0,1.1026617e-06,0.00028507542,3.1600465e-09,4.3621504e-07,15,1.5,0.02,0.04,-0.05,40,40,40,40,40,10,0
0.155,0.0060576791,0.077193909,-0.00025396462,-0.0021421405,-0.0060576791,-0.077193909,0.00025396462,0.0021421405,-0.0038137701,-0.0038137701,OK,0,1.2861391e-06,0.00031486992,3.4825366e-09,4.5915887e-07,15,1.5,0.02,0.04,-0.05,40,40,40,40,40,10,0
0.16,0.0064541654,0.080713406,-0.00026483832,-0.0022521842,-0.0064541654,-0.080713406,0.00026483832,0.0022521842,-0.0039932315,-0.0039932315,OK,0,1.4944203e-06,0.00034744319,3.8332333e-09,4.8452054e-07,15,1.5,0.02,0.04,-0.05,40,40,40,40,40,10,0
0.165,0.0068684702,0.084402571,-0.00027655529,-0.0023682802,-0.0068684702,-0.084402571,0.00027655529,0.0023682802,-0.0041872773,-0.0041872773,OK,0,1.7302998e-06,0.00038306216,4.2156474e-09,5.1256429e-07,15,1.5,0.02,0.04,-0.05,40,40,40,40,40,10,0
0.17,0.0073019655,0.08825696,-0.00028869355,-0.0024885013,-0.0073019655,-0.08825696,0.00028869355,0.0024885013,-0.0043868376,-0.0043868376,OK,0,1.9968933e-06,0.00042200862,4.6323673e-09,5.4352749e-07,15,1.5,0.02,0.04,-0.05,40,40,40,40,40,10,0
0.175,0.0077552118,0.092295874,-0.00030142204,-0.0026120329,-0.0077552118,-0.092295874,0.00030142204,0.0026120329,-0.0045924407,-0.0045924407,OK,0,2.2976098e-06,0.00046460126,5.0866435e-09,5.7764107e-07,15,1.5,0.02,0.04,-0.05,40,40,40,40,40,10,0
0.18,0.0082291895,0.096529524,-0.00031482455,-0.0027422299,-0.0082291895,-0.096529524,0.00031482455,0.0027422299,-0.0048099483,-0.0048099483,OK,0,2.6362076e-06,0.000511191,5.582216e-09,6.1524019e-07,15,1.5,0.02,0.04,-0.05,40,40,40,40,40,10,0
0.185,0.0087249173,0.10096331,-0.00032890173,-0.0028779803,-0.0087249173,-0.10096331,0.00032890173,0.0028779803,-0.0050374657,-0.0050374657,OK,0,3.0168285e-06,0.00056215895,6.1230977e-09,6.5665404e-07,15,1.5,0.02,0.04,-0.05,40,40,40,40,40,10,0
0.19,0.0092436522,0.10560854,-0.00034348467,-0.0030242528,-0.0092436522,-0.10560854,0.00034348467,0.0030242528,-0.0052794345,-0.0052794345,OK,0,3.444054e-06,0.00061792477,6.7130063e-09,7.0238457e-07,15,1.5,0.02,0.04,-0.05,40,40,40,40,40,10,0
0.195,0.0097858563,0.11044885,-0.00035907881,-0.003167155,-0.0097858563,-0.11044885,0.00035907881,0.003167155,-0.0055232436,-0.0055232436,OK,0,3.922869e-06,0.00067891951,7.3576942e-09,7.5253892e-07,15,1.5,0.02,0.04,-0.05,40,40,40,40,40,10,0
0.2,0.010352928,0.11553684,-0.0003755162,-0.0033222094,-0.010352928,-0.11553684,0.0003755162,0.0033222094,-0.0057875251,-0.0057875251,OK,0,4.4587845e-06,0.00074566331,8.0627563e-09,8.077243e-07,15,1.5,0.02,0.04,-0.05,40,40,40,40,40,10,0
0.205,0.010917405,0.10636917,-0.00038512566,0.00014487672,-0.010917405,-0.10636917,0.00038512566,-0.00014487672,-0.0010864551,-0.0010864551,OK,0,5.0547332e-06,0.00080223531,8.8043652e-09,8.0782925e-07,15,1.5,0.02,0.04,-0.05,40,40,40,40,40,10,0
0.21,0.011414897,0.094981232,-0.0003753476,0.0031462654,-0.011414897,-0.094981232,0.0003753476,-0.0031462654,0.0031167313,0.0031167313,OK,0,5.7062326e-06,0.00084734248,9.5087943e-09,8.5732418e-07,15,1.5,0.02,0.04,-0.05,40,40,40,40,40,10,0
0.215,0.011875137,0.090130068,-0.00035815172,0.0035996565,-0.011875137,-0.090130068,0.00035815172,-0.0035996565,0.0038699143,0.0038699143,OK,0,6.411327e-06,0.00088795963,1.0150158e-08,9.2211181e-07,15,1.5,0.02,0.04,-0.05,40,40,40,40,40,10,0
0.22,0.012315583,0.086779743,-0.00034036563,0.0035068956,-0.012315583,-0.086779743,0.00034036563,-0.0035068956,0.0038723604,0.0038723604,OK,0,7.1696949e-06,0.00092561325,1.0729401e-08,9.8360339e-07,15,1.5,0.02,0.04,-0.05,40,40,40,40,40,10,0
0.225,0.012740596,0.083887459,-0.00032342246,0.0033063889,-0.012740596,-0.083887459,0.00032342246,-0.0033063889,0.0037185566,0.0037185566,OK,0,7.9813089e-06,0.00096079878,1.1252412e-08,1.0382644e-06,15,1.5,0.02,0.04,-0.05,40,40,40,40,40,10,0
0.23,0.013151754,0.081210035,-0.00030757528,0.0030897697,-0.013151754,-0.081210035,0.00030757528,-0.0030897697,0.0035324619,0.0035324619,OK,0,8.8461521e-06,0.00099377413,1.1725425e-08,1.0859978e-06,15,1.5,0.02,0.04,-0.05,40,40,40,40,40,10,0
0.235,0.013550052,0.07868772,-0.00029273962,0.0028788155,-0.013550052,-0.07868772,0.00029273962,-0.0028788155,0.0033456388,0.0033456388,OK,0,9.7641716e-06,0.0010247329,1.2153907e-08,1.1274357e-06,15,1.5,0.02,0.04,-0.05,40,40,40,40,40,10,0
0.24,0.013936303,0.076255699,-0.0002787469,0.0026742085,-0.013936303,-0.076255699,0.0002787469,-0.0026742085,0.0031590633,0.0031590633,OK,0,1.0735274e-05,0.0010538076,1.2542406e-08,1.1631927e-06,15,1.5,0.02,0.04,-0.05,40,40,40,40,40,10,0
0.245,0.014310706,0.074046457,-0.00026610287,0.0024846496,-0.014310706,-0.074046457,0.00026610287,-0.0024846496,0.0029835037,0.0029835037,OK,0,1.1759256e-05,0.001081222,1.289646e-08,1.1940601e-06,15,1.5,0.02,0.04,-0.05,40,40,40,40,40,10,0
0.25,0.014674478,0.071924771,-0.00025413319,0.0023023208,-0.014674478,-0.071924771,0.00025413319,-0.0023023208,0.0028119637,0.0028119637,OK,0,1.2835957e-05,0.0011070878,1.3219378e-08,1.2205635e-06,15,1.5,0.02,0.04,-0.05,40,40,40,40,40,10,0
0.255,0.015027909,0.069931746,-0.00024317503,0.0021282202,-0.015027909,-0.069931746,0.00024317503,-0.0021282202,0.0026425328,0.0026425328,OK,0,1.3965148e-05,0.0011315401,1.3515049e-08,1.2432101e-06,15,1.5,0.02,0.04,-0.05,40,40,40,40,40,10,0
0.26,0.015371828,0.068060189,-0.00023297502,0.0019634682,-0.015371828,-0.068060189,0.00023297502,-0.0019634682,0.0024804211,0.0024804211,OK,0,1.5146613e-05,0.001154701,1.3786436e-08,1.2624861e-06,15,1.5,0.02,0.04,-0.05,40,40,40,40,40,10,0
0.265,0.015706726,0.066314438,-0.00022361894,0.0018024286,-0.015706726,-0.066314438,0.00022361894,-0.0018024286,0.0023160709,0.0023160709,OK,0,1.6380119e-05,0.001176689,1.4036463e-08,1.2787299e-06,15,1.5,0.02,0.04,-0.05,40,40,40,40,40,10,0
0.27,0.016033358,0.064666119,-0.00021485208,0.0016572944,-0.016033358,-0.064666119,0.00021485208,-0.0016572944,0.0021704723,0.0021704723,OK,0,1.7665462e-05,0.0011975976,1.426727e-08,1.292463e-06,15,1.5,0.02,0.04,-0.05,40,40,40,40,40,10,0
0.275,0.016352056,0.063152714,-0.00020692849,0.0015120307,-0.016352056,-0.063152714,0.00020692849,-0.0015120307,0.0020172683,0.0020172683,OK,0,1.9002411e-05,0.0012175389,1.4481367e-08,1.3038942e-06,15,1.5,0.02,0.04,-0.05,40,40,40,40,40,10,0
0.28,0.016663381,0.061749444,-0.00019984783,0.0013747012,-0.016663381,-0.061749444,0.00019984783,-0.0013747012,0.0018675797,0.0018675797,OK,0,2.0390752e-05,0.0012366039,1.4681063e-08,1.3133432e-06,15,1.5,0.02,0.04,-0.05,40,40,40,40,40,10,0
0.285,0.016968343,0.060454211,-0.00019310435,0.0012449096,-0.016968343,-0.060454211,0.00019310435,-0.0012449096,0.0017283344,0.0017283344,OK,0,2.1830375e-05,0.0012548774,1.4867509e-08,1.3210922e-06,15,1.5,0.02,0.04,-0.05,40,40,40,40,40,10,0
0.29,0.01726681,0.059271563,-0.00018737206,0.0011163206,-0.01726681,-0.059271563,0.00018737206,-0.0011163206,0.0015800987,0.0015800987,OK,0,2.3321089e-05,0.001272443,1.504305e-08,1.3273231e-06,15,1.5,0.02,0.04,-0.05,40,40,40,40,40,10,0
0.295,0.017559592,0.058187474,-0.00018231478,0.00099873021,-0.017559592,-0.058187474,0.00018231478,-0.00099873021,0.0014420644,0.0014420644,OK,0,2.4862785e-05,0.0012893719,1.5209244e-08,1.3323104e-06,15,1.5,0.02,0.04,-0.05,40,40,40,40,40,10,0
0.3,0.017847596,0.057209983,-0.00017750988,0.00088605846,-0.017847596,-0.057209983,0.00017750988,-0.00088605846,0.0013117907,0.0013117907,OK,0,2.6455469e-05,0.0013057368,1.5366793e-08,1.3362359e-06,15,1.5,0.02,0.04,-0.05,40,40,40,40,40,10,0
0.305,0.018130896,0.0563018,-0.00017337967,0.00077258931,-0.018130896,-0.0563018,0.00017337967,-0.00077258931,0.0011728789,0.0011728789,OK,0,2.8099116e-05,0.0013215863,1.5517095e-08,1.3392203e-06,15,1.5,0.02,0.04,-0.05,40,40,40,40,40,10,0
0.31,0.018410236,0.055573472,-0.00016975488,0.00066957866,-0.018410236,-0.055573472,0.00016975488,-0.00066957866,0.0010491884,0.0010491884,OK,0,2.97938e-05,0.0013370284,1.5661179e-08,1.341462e-06,15,1.5,0.02,0.04,-0.05,40,40,40,40,40,10,0
0.315,0.018685988,0.054916414,-0.00016672031,0.00056516996,-0.018685988,-0.054916414,0.00016672031,-0.00056516996,0.00091732657,0.00091732657,OK,0,3.153963e-05,0.0013521074,1.5800157e-08,1.3430591e-06,15,1.5,0.02,0.04,-0.05,40,40,40,40,40,10,0
0.32,0.018958929,0.054361306,-0.00016402292,0.00046326964,-0.018958929,-0.054361306,0.00016402292,-0.00046326964,0.00078819148,0.00078819148,OK,0,3.3336835e-05,0.0013668832,1.5934675e-08,1.3441322e-06,15,1.5,0.02,0.04,-0.05,40,40,40,40,40,10,0
0.325,0.019229061,0.053898102,-0.00016208434,0.00036872444,-0.019229061,-0.053898102,0.00016208434,-0.00036872444,0.00066232688,0.00066232688,OK,0,3.5185619e-05,0.0013814082,1.6066031e-08,1.344812e-06,15,1.5,0.02,0.04,-0.05,40,40,40,40,40,10,0
0.33,0.019497377,0.053540714,-0.00016048259,0.00027553529,-0.019497377,-0.053540714,0.00016048259,-0.00027553529,0.00053764019,0.00053764019,OK,0,3.7086358e-05,0.0013957412,1.6194805e-08,1.3451916e-06,15,1.5,0.02,0.04,-0.05,40,40,40,40,40,10,0
0.335,0.019764258,0.05328481,-0.00015930248,0.00018318916,-0.019764258,-0.05328481,0.00015930248,-0.00018318916,0.00041192408,0.00041192408,OK,0,3.9039487e-05,0.0014099376,1.6321691e-08,1.3453594e-06,15,1.5,0.02,0.04,-0.05,40,40,40,40,40,10,0
0.34,0.020029843,0.053128066,-0.00015888118,9.4845786e-05,-0.020029843,-0.053128066,0.00015888118,-9.4845786e-05,0.00028477044,0.00028477044,OK,0,4.1045461e-05,0.0014240506,1.6447907e-08,1.3454044e-06,15,1.5,0.02,0.04,-0.05,40,40,40,40,40,10,0
0.345,0.020295371,0.053067478,-0.00015845955,9.1158011e-06,-0.020295371,-0.053067478,0.00015845955,-9.1158011e-06,0.00016538707,0.00016538707,OK,0,4.3104971e-05,0.0014381313,1.6573454e-08,1.3454048e-06,15,1.5,0.02,0.04,-0.05,40,40,40,40,40,10,0
0.35,0.020560586,0.0531149,-0.00015879672,-7.6165605e-05,-0.020560586,-0.0531149,0.00015879672,7.6165605e-05,3.9608532e-05,3.9608532e-05,OK,0,4.5218659e-05,0.0014522373,1.6699536e-08,1.3454338e-06,15,1.5,0.02,0.04,-0.05,40,40,40,40,40,10,0
0.355,0.020826695,0.053265042,-0.00015913389,-0.00016059111,-0.020826695,-0.053265042,0.00015913389,0.00016059111,-8.0759479e-05,-8.0759479e-05,OK,0,4.7387416e-05,0.0014664231,1.6826154e-08,1.3455627e-06,15,1.5,0.02,0.04,-0.05,40,40,40,40,40,10,0
0.36,0.021093487,0.053513849,-0.000160314,-0.00024286694,-0.021093487,-0.053513849,0.000160314,0.00024286694,-0.00020658673,-0.00020658673,OK,0,4.9612092e-05,0.0014807418,1.6954657e-08,1.3458576e-06,15,1.5,0.02,0.04,-0.05,40,40,40,40,40,10,0
0.365,0.021362095,0.053867577,-0.0001616627,-0.00032525819,-0.021362095,-0.053867577,0.0001616627,0.00032525819,-0.00033088275,-0.00033088275,OK,0,5.1893787e-05,0.0014952504,1.7085331e-08,1.3463866e-06,15,1.5,0.02,0.04,-0.05,40,40,40,40,40,10,0
0.37,0.021632687,0.054326481,-0.00016351715,-0.00040702122,-0.021632687,-0.054326481,0.00016351715,0.00040702122,-0.00045757617,-0.00045757617,OK,0,5.4233653e-05,0.0015100072,1.7219021e-08,1.3472149e-06,15,1.5,0.02,0.04,-0.05,40,40,40,40,40,10,0
0.375,0.021905924,0.054892265,-0.00016570878,-0.0004880841,-0.021905924,-0.054892265,0.00016570878,0.0004880841,-0.00058394883,-0.00058394883,OK,0,5.6633e-05,0.001525073,1.7356318e-08,1.3484061e-06,15,1.5,0.02,0.04,-0.05,40,40,40,40,40,10,0
0.38,0.022182222,0.055560345,-0.00016840618,-0.00056780923,-0.022182222,-0.055560345,0.00016840618,0.00056780923,-0.00071174828,-0.00071174828,OK,0,5.9093255e-05,0.0015405078,1.7498121e-08,1.3500181e-06,15,1.5,0.02,0.04,-0.05,40,40,40,40,40,10,0
0.385,0.022462263,0.056340077,-0.00017144074,-0.0006482357,-0.022462263,-0.056340077,0.00017144074,0.0006482357,-0.00084111633,-0.00084111633,OK,0,6.1616022e-05,0.0015563788,1.7645081e-08,1.3521192e-06,15,1.5,0.02,0.04,-0.05,40,40,40,40,40,10,0
0.39,0.022746395,0.057218394,-0.00017498107,-0.00072945554,-0.022746395,-0.057218394,0.00017498107,0.00072945554,-0.0009752357,-0.0009752357,OK,0,6.4203014e-05,0.0015727485,1.7798172e-08,1.3547797e-06,15,1.5,0.02,0.04,-0.05,40,40,40,40,40,10,0
0.395,0.023035351,0.058231655,-0.00017885891,-0.00080880197,-0.023035351,-0.058231655,0.00017885891,0.00080880197,-0.0011061133,-0.0011061133,OK,0,6.6856151e-05,0.0015897031,1.7958125e-08,1.3580505e-06,15,1.5,0.02,0.04,-0.05,40,40,40,40,40,10,0
0.4,0.023329878,0.059351238,-0.00018298912,-0.00089095529,-0.023329878,-0.059351238,0.00018298912,0.00089095529,-0.0012406227,-0.0012406227,OK,0,6.9577567e-05,0.001607316,1.812555e-08,1.3620195e-06,15,1.5,0.02,0.04,-0.05,40,40,40,40,40,10,0
0.405,0.023630078,0.060567138,-0.00018779368,-0.00097589389,-0.023630078,-0.060567138,0.00018779368,0.00097589389,-0.001385459,-0.001385459,OK,0,7.236947e-05,0.0016256579,1.8301882e-08,1.3667813e-06,15,1.5,0.02,0.04,-0.05,40,40,40,40,40,10,0
0.41,0.023937027,0.061892353,-0.00019276716,-0.0010587643,-0.023937027,-0.061892353,0.00019276716,0.0010587643,-0.0015252192,-0.0015252192,OK,0,7.5234376e-05,0.0016448112,1.8487678e-08,1.3723862e-06,15,1.5,0.02,0.04,-0.05,40,40,40,40,40,10,0
0.415,0.024250812,0.063420024,-0.00019849912,-0.0011398277,-0.024250812,-0.063420024,0.00019849912,0.0011398277,-0.0016654111,-0.0016654111,OK,0,7.8174886e-05,0.0016649217,1.8684688e-08,1.3788823e-06,15,1.5,0.02,0.04,-0.05,40,40,40,40,40,10,0
0.42,0.024570991,0.064169794,-0.00020380978,-0.0010131877,-0.024570991,-0.064169794,0.00020380978,0.0010131877,-0.0015187166,-0.0015187166,OK,0,8.1193554e-05,0.0016855105,1.889238e-08,1.384015e-06,15,1.5,0.02,0.04,-0.05,40,40,40,40,40,10,0
0.425,0.02489368,0.064850447,-0.00020861434,-0.00090163651,-0.02489368,-0.064850447,0.00020861434,0.00090163651,-0.0013897784,-0.0013897784,OK,0,8.429203e-05,0.0017065384,1.910998e-08,1.3880798e-06,15,1.5,0.02,0.04,-0.05,40,40,40,40,40,10,0
0.43,0.025219844,0.065393629,-0.00021274489,-0.00077543447,-0.025219844,-0.065393629,0.00021274489,0.00077543447,-0.001234183,-0.001234183,OK,0,8.7472233e-05,0.00172792,1.9336282e-08,1.3910863e-06,15,1.5,0.02,0.04,-0.05,40,40,40,40,40,10,0
0.435,0.025549154,0.066279124,-0.00021679098,-0.00077900047,-0.025549154,-0.066279124,0.00021679098,0.00077900047,-0.0012582173,-0.0012582173,OK,0,9.0736029e-05,0.0017498846,1.9571273e-08,1.3941205e-06,15,1.5,0.02,0.04,-0.05,40,40,40,40,40,10,0
0.44,0.025884118,0.067446302,-0.00022066848,-0.00084880581,-0.025884118,-0.067446302,0.00022066848,0.00084880581,-0.0013677014,-0.0013677014,OK,0,9.4085967e-05,0.0017726297,1.9814746e-08,1.3977228e-06,15,1.5,0.02,0.04,-0.05,40,40,40,40,40,10,0
0.445,0.026225225,0.068778617,-0.00022513587,-0.00093708113,-0.026225225,-0.068778617,0.00022513587,0.00093708113,-0.0015070105,-0.0015070105,OK,0,9.7524779e-05,0.0017962822,2.0068177e-08,1.4021134e-06,15,1.5,0.02,0.04,-0.05,40,40,40,40,40,10,0
0.45,0.026573351,0.07018947,-0.00023002489,-0.0010239632,-0.026573351,-0.07018947,0.00023002489,0.0010239632,-0.0016472724,-0.0016472724,OK,0,0.00010105549,0.001820915,2.0332734e-08,1.4073559e-06,15,1.5,0.02,0.04,-0.05,40,40,40,40,40,10,0
0.455,0.026924155,0.070206731,-0.00023423956,-0.00072813047,-0.026924155,-0.070206731,0.00023423956,0.00072813047,-0.0012590368,-0.0012590368,OK,0,0.00010468004,0.0018455599,2.0607075e-08,1.4100068e-06,15,1.5,0.02,0.04,-0.05,40,40,40,40,40,10,0
0.46,0.027277855,0.071162062,-0.00023794881,-0.000748669,-0.027277855,-0.071162062,0.00023794881,0.000748669,-0.0013001961,-0.0013001961,OK,0,0.00010840045,0.0018708801,2.0890173e-08,1.4128093e-06,15,1.5,0.02,0.04,-0.05,40,40,40,40,40,10,0
0.465,0.027637426,0.072432181,-0.00024182631,-0.00084005923,-0.027637426,-0.072432181,0.00024182631,0.00084005923,-0.0014374477,-0.0014374477,OK,0,0.00011221959,0.0018971122,2.1182573e-08,1.4163378e-06,15,1.5,0.02,0.04,-0.05,40,40,40,40,40,10,0
0.47,0.028003734,0.073887001,-0.00024637782,-0.00094872706,-0.028003734,-0.073887001,0.00024637782,0.00094872706,-0.0016032032,-0.0016032032,OK,0,0.00011614063,0.0019244086,2.1486083e-08,1.4208382e-06,15,1.5,0.02,0.04,-0.05,40,40,40,40,40,10,0
0.475,0.028377803,0.075493327,-0.00025143543,-0.0010603186,-0.028377803,-0.075493327,0.00025143543,0.0010603186,-0.0017747203,-0.0017747203,OK,0,0.00012016713,0.0019529048,2.1802182e-08,1.4264596e-06,15,1.5,0.02,0.04,-0.05,40,40,40,40,40,10,0
0.48,0.028760338,0.077252969,-0.00025708359,-0.0011737927,-0.028760338,-0.077252969,0.00025708359,0.0011737927,-0.0019516175,-0.0019516175,OK,0,0.00012430292,0.001982745,2.2132642e-08,1.4333486e-06,15,1.5,0.02,0.04,-0.05,40,40,40,40,40,10,0
0.485,0.02915219,0.079164177,-0.00026323685,-0.001288647,-0.02915219,-0.079164177,0.00026323685,0.001288647,-0.0021319123,-0.0021319123,OK,0,0.00012855217,0.0020140798,2.247911e-08,1.4416516e-06,15,1.5,0.02,0.04,-0.05,40,40,40,40,40,10,0
0.49,0.029553973,0.081235753,-0.00027006446,-0.0014054521,-0.029553973,-0.081235753,0.00027006446,0.0014054521,-0.0023186354,-0.0023186354,OK,0,0.00013291936,0.002047076,2.2843784e-08,1.4515281e-06,15,1.5,0.02,0.04,-0.05,40,40,40,40,40,10,0
0.495,0.029966934,0.083468079,-0.00027714511,-0.0015234845,-0.029966934,-0.083468079,0.00027714511,0.0015234845,-0.0025043415,-0.0025043415,OK,0,0.00013740944,0.0020819106,2.3227831e-08,1.4631331e-06,15,1.5,0.02,0.04,-0.05,40,40,40,40,40,10,0
0.5,0.030391251,0.085875455,-0.00028515315,-0.0016463807,-0.030391251,-0.085875455,0.00028515315,0.0016463807,-0.0027040251,-0.0027040251,OK,0,0.00014202758,0.0021187836,2.3634393e-08,1.476686e-06,15,1.5,0.02,0.04,-0.05,40,40,40,40,40,10,0
0.505,0.03082812,0.088449104,-0.00029375109,-0.0017695289,-0.03082812,-0.088449104,0.00029375109,0.0017695289,-0.0029060331,-0.0029060331,OK,0,0.00014677945,0.0021578998,2.4065841e-08,1.4923421e-06,15,1.5,0.02,0.04,-0.05,40,40,40,40,40,10,0
0.51,0.031278504,0.09120007,-0.00030285478,-0.0018951203,-0.031278504,-0.09120007,0.00030285478,0.0018951203,-0.0031119294,-0.0031119294,OK,0,0.00015167117,0.0021994871,2.4524446e-08,1.5102995e-06,15,1.5,0.02,0.04,-0.05,40,40,40,40,40,10,0
0.515,0.031742993,0.094138591,-0.00031280142,-0.002024671,-0.031742993,-0.094138591,0.00031280142,0.002024671,-0.0033286243,-0.0033286243,OK,0,0.00015670926,0.0022437974,2.501367e-08,1.530796e-06,15,1.5,0.02,0.04,-0.05,40,40,40,40,40,10,0
0.52,0.032223038,0.097262509,-0.00032308522,-0.0021561115,-0.032223038,-0.097262509,0.00032308522,0.0021561115,-0.0035454844,-0.0035454844,OK,0,0.00016190088,0.0022910974,2.553559e-08,1.5540401e-06,15,1.5,0.02,0.04,-0.05,40,40,40,40,40,10,0
0.525,0.03271897,0.10059073,-0.00033438087,-0.0022935433,-0.03271897,-0.10059073,0.00033438087,0.0022935433,-0.0037780194,-0.0037780194,OK,0,0.00016725353,0.0023416899,2.6094643e-08,1.5803418e-06,15,1.5,0.02,0.04,-0.05,40,40,40,40,40,10,0
0.53,0.033232304,0.10411575,-0.00034618196,-0.0024326416,-0.033232304,-0.10411575,0.00034618196,0.0024326416,-0.0040124156,-0.0040124156,OK,0,0.00017277546,0.0023958903,2.6693853e-08,1.6099305e-06,15,1.5,0.02,0.04,-0.05,40,40,40,40,40,10,0
0.535,0.03376386,0.10785635,-0.00035874153,-0.0025770221,-0.03376386,-0.10785635,0.00035874153,0.0025770221,-0.004257125,-0.004257125,OK,0,0.00017847546,0.0024540553,2.733733e-08,1.6431357e-06,15,1.5,0.02,0.04,-0.05,40,40,40,40,40,10,0
0.54,0.034314829,0.11181649,-0.00037197576,-0.0027259564,-0.034314829,-0.11181649,0.00037197576,0.0027259564,-0.0045096147,-0.0045096147,OK,0,0.00018436299,0.0025165699,2.802916e-08,1.6802899e-06,15,1.5,0.02,0.04,-0.05,40,40,40,40,40,10,0
0.545,0.034886274,0.11600385,-0.00038596848,-0.0028804636,-0.034886274,-0.11600385,0.00038596848,0.0028804636,-0.0047723432,-0.0047723432,OK,0,0.00019044825,0.0025838544,2.8774019e-08,1.7217753e-06,15,1.5,0.02,0.04,-0.05,40,40,40,40,40,10,0
0.55,0.035479135,0.12042985,-0.00040097272,-0.0030402159,-0.035479135,-0.12042985,0.00040097272,0.0030402159,-0.0050481382,-0.0050481382,OK,0,0.0001967421,0.0026563712,2.9577914e-08,1.7679898e-06,15,1.5,0.02,0.04,-0.05,40,40,40,40,40,10,0
0.555,0.036095228,0.12509741,-0.00041639859,-0.0032038114,-0.036095228,-0.12509741,0.00041639859,0.0032038114,-0.005325895,-0.005325895,OK,0,0.00020325643,0.002734618,3.0444853e-08,1.8193119e-06,15,1.5,0.02,0.04,-0.05,40,40,40,40,40,10,0
0.56,0.036735101,0.13002844,-0.00043300457,-0.0033764905,-0.036735101,-0.13002844,0.00043300457,0.0033764905,-0.0056239647,-0.0056239647,OK,0,0.00021000376,0.0028191549,3.1382318e-08,1.8763153e-06,15,1.5,0.02,0.04,-0.05,40,40,40,40,40,10,0
0.565,0.037400592,0.13521768,-0.00045028457,-0.0035533774,-0.037400592,-0.13521768,0.00045028457,0.0035533774,-0.0059276156,-0.0059276156,OK,0,0.00021699779,0.002910574,3.2396099e-08,1.9394478e-06,15,1.5,0.02,0.04,-0.05,40,40,40,40,40,10,0
0.57,0.038092673,0.14068885,-0.00046866087,-0.0037381571,-0.038092673,-0.14068885,0.00046866087,0.0037381571,-0.0062477411,-0.0062477411,OK,0,0.00022425304,0.0030095408,3.3494314e-08,2.0093169e-06,15,1.5,0.02,0.04,-0.05,40,40,40,40,40,10,0
0.575,0.03881305,0.14644539,-0.00048787978,-0.0039288747,-0.03881305,-0.14644539,0.00048787978,0.0039288747,-0.0065774321,-0.0065774321,OK,0,0.00023178531,0.0031167721,3.4684447e-08,2.0864971e-06,15,1.5,0.02,0.04,-0.05,40,40,40,40,40,10,0
0.58,0.03956332,0.15250406,-0.00050785718,-0.0041278551,-0.03956332,-0.15250406,0.00050785718,0.0041278551,-0.0069182115,-0.0069182115,OK,0,0.00023961159,0.0032330595,3.5974042e-08,2.1716931e-06,15,1.5,0.02,0.04,-0.05,40,40,40,40,40,10,0
0.585,0.040296045,0.13950212,-0.00051687675,0.00050526745,-0.040296045,-0.13950212,0.00051687675,-0.00050526745,-0.00060924432,-0.00060924432,OK,0,0.00024773045,0.0033303637,3.730985e-08,2.1729696e-06,15,1.5,0.02,0.04,-0.05,40,40,40,40,40,10,0
0.59,0.040969525,0.13162812,-0.00050844739,0.0024951304,-0.040969525,-0.13162812,0.00050844739,-0.0024951304,0.0022005,0.0022005,OK,0,0.00025612296,0.0034169935,3.8602443e-08,2.2040979e-06,15,1.5,0.02,0.04,-0.05,40,40,40,40,40,10,0
0.595,0.041617759,0.12844156,-0.00049538175,0.0026971882,-0.041617759,-0.12844156,0.00049538175,-0.0026971882,0.0025850736,0.0025850736,OK,0,0.00026478315,0.0034994797,3.9829459e-08,2.2404721e-06,15,1.5,0.02,0.04,-0.05,40,40,40,40,40,10,0
0.6,0.042253903,0.12645807,-0.00048223228,0.0025129705,-0.042253903,-0.12645807,0.00048223228,-0.0025129705,0.0024393724,0.0024393724,OK,0,0.00027371011,0.0035794379,4.0992199e-08,2.2720472e-06,15,1.5,0.02,0.04,-0.05,40,40,40,40,40,10,0
0.605,0.04288154,0.12492472,-0.00047017784,0.0022509536,-0.04288154,-0.12492472,0.00047017784,-0.0022509536,0.0021783822,0.0021783822,OK,0,0.00028290424,0.0036574688,4.2097535e-08,2.2973811e-06,15,1.5,0.02,0.04,-0.05,40,40,40,40,40,10,0
0.61,0.043501997,0.12366714,-0.0004598099,0.0019790149,-0.043501997,-0.12366714,0.0004598099,-0.0019790149,0.0018880993,0.0018880993,OK,0,0.00029236636,0.0037339366,4.315466e-08,2.3169636e-06,15,1.5,0.02,0.04,-0.05,40,40,40,40,40,10,0
0.615,0.044116675,0.12263887,-0.00045095925,0.0017153131,-0.044116675,-0.12263887,0.00045095925,-0.0017153131,0.0015964692,0.0015964692,OK,0,0.00030209776,0.0038091381,4.4171482e-08,2.3316751e-06,15,1.5,0.02,0.04,-0.05,40,40,40,40,40,10,0
0.62,0.044727495,0.12183329,-0.00044278263,0.0014615552,-0.044727495,-0.12183329,0.00044278263,-0.0014615552,0.001318475,0.001318475,OK,0,0.00031210051,0.0038833549,4.5151764e-08,2.3423558e-06,15,1.5,0.02,0.04,-0.05,40,40,40,40,40,10,0
0.625,0.045334675,0.12127762,-0.00043620775,0.0012108939,-0.045334675,-0.12127762,0.00043620775,-0.0012108939,0.001031023,0.001031023,OK,0,0.00032237667,0.0039568962,4.610315e-08,2.3496872e-06,15,1.5,0.02,0.04,-0.05,40,40,40,40,40,10,0
0.63,0.045939723,0.12092098,-0.00043081297,0.00096798762,-0.045939723,-0.12092098,0.00043081297,-0.00096798762,0.00074542047,0.00074542047,OK,0,0.00033292896,0.0040300056,4.7031149e-08,2.3543722e-06,15,1.5,0.02,0.04,-0.05,40,40,40,40,40,10,0
0.635,0.046543645,0.12080002,-0.00042668244,0.00073303941,-0.046543645,-0.12080002,0.00042668244,-0.00073303941,0.00046219604,0.00046219604,OK,0,0.00034376052,0.0041029688,4.7941439e-08,2.3570589e-06,15,1.5,0.02,0.04,-0.05,40,40,40,40,40,10,0
0.64,0.047147703,0.12090582,-0.00042364788,0.00050402694,-0.047147703,-0.12090582,0.00042364788,-0.00050402694,0.00018050921,0.00018050921,OK,0,0.00035487505,0.0041760599,4.8838826e-08,2.3583291e-06,15,1.5,0.02,0.04,-0.05,40,40,40,40,40,10,0
0.645,0.047753095,0.12124106,-0.00042162485,0.00027954409,-0.047753095,-0.12124106,0.00042162485,-0.00027954409,-0.0001003521,-0.0001003521,OK,0,0.00036627684,0.0042495569,4.9727664e-08,2.3587198e-06,15,1.5,0.02,0.04,-0.05,40,40,40,40,40,10,0
0.65,0.048360798,0.12181004,-0.00042078192,5.8360709e-05,-0.048360798,-0.12181004,0.00042078192,-5.8360709e-05,-0.00038457017,-0.00038457017,OK,0,0.00037797067,0.0043237453,5.0612951e-08,2.3587369e-06,15,1.5,0.02,0.04,-0.05,40,40,40,40,40,10,0
0.655,0.04897195,0.12261042,-0.00042111911,-0.00015872094,-0.04897195,-0.12261042,0.00042111911,0.00015872094,-0.00067101237,-0.00067101237,OK,0,0.00038996193,0.0043989119,5.1499657e-08,2.3588628e-06,15,1.5,0.02,0.04,-0.05,40,40,40,40,40,10,0
0.66,0.04958786,0.12363961,-0.00042246781,-0.00037197868,-0.04958786,-0.12363961,0.00042246781,0.00037197868,-0.00095764353,-0.00095764353,OK,0,0.00040225671,0.0044753456,5.2392053e-08,2.3595547e-06,15,1.5,0.02,0.04,-0.05,40,40,40,40,40,10,0
0.665,0.050209617,0.12491637,-0.00042491249,-0.00058243855,-0.050209617,-0.12491637,0.00042491249,0.00058243855,-0.001246498,-0.001246498,OK,0,0.00041486174,0.0045533661,5.3294806e-08,2.3612508e-06,15,1.5,0.02,0.04,-0.05,40,40,40,40,40,10,0
0.67,0.050838334,0.12643099,-0.00042853696,-0.00079138777,-0.050838334,-0.12643099,0.00042853696,0.00079138777,-0.0015411299,-0.0015411299,OK,0,0.00042778442,0.0046332901,5.4213025e-08,2.3643823e-06,15,1.5,0.02,0.04,-0.05,40,40,40,40,40,10,0
0.675,0.051475622,0.12818801,-0.00043292024,-0.00099762259,-0.051475622,-0.12818801,0.00043292024,0.00099762259,-0.0018332045,-0.0018332045,OK,0,0.00044103312,0.0047154509,5.5150125e-08,2.3693586e-06,15,1.5,0.02,0.04,-0.05,40,40,40,40,40,10,0
0.68,0.052122305,0.13020067,-0.00043848362,-0.0012052454,-0.052122305,-0.13020067,0.00043848362,0.0012052454,-0.0021346494,-0.0021346494,OK,0,0.00045461679,0.004800212,5.6111464e-08,2.3766216e-06,15,1.5,0.02,0.04,-0.05,40,40,40,40,40,10,0
0.685,0.052779824,0.1324664,-0.00044505852,-0.0014118265,-0.052779824,-0.1324664,0.00044505852,0.0014118265,-0.0024393652,-0.0024393652,OK,0,0.00046854534,0.0048879487,5.710185e-08,2.3865879e-06,15,1.5,0.02,0.04,-0.05,40,40,40,40,40,10,0
0.69,0.053449482,0.1349926,-0.00045264495,-0.0016187707,-0.053449482,-0.1349926,0.00045264495,0.0016187707,-0.0027491364,-0.0027491364,OK,0,0.00048282958,0.0049790638,5.8126287e-08,2.39969e-06,15,1.5,0.02,0.04,-0.05,40,40,40,40,40,10,0
0.695,0.054132584,0.13778568,-0.00046124289,-0.0018268066,-0.054132584,-0.13778568,0.00046124289,0.0018268066,-0.0030647744,-0.0030647744,OK,0,0.00049748126,0.0050739882,5.9190012e-08,2.4163761e-06,15,1.5,0.02,0.04,-0.05,40,40,40,40,40,10,0
0.7,0.054826581,0.13938566,-0.00047017833,-0.0016749413,-0.054826581,-0.13938566,0.00047017833,0.0016749413,-0.0028931288,-0.0028931288,OK,0,0.00051251103,0.00517113,6.0295351e-08,2.4304033e-06,15,1.5,0.02,0.04,-0.05,40,40,40,40,40,10,0
0.705,0.055529999,0.14154035,-0.00047827021,-0.0016959534,-0.055529999,-0.14154035,0.00047827021,0.0016959534,-0.002945769,-0.002945769,OK,0,0.00052792893,0.0052712984,6.1439062e-08,2.4447845e-06,15,1.5,0.02,0.04,-0.05,40,40,40,40,40,10,0
0.71,0.056241341,0.14262653,-0.0004863627,-0.0014406013,-0.056241341,-0.14262653,0.0004863627,0.0014406013,-0.0026264544,-0.0026264544,OK,0,0.00054374437,0.00537301,6.2621806e-08,2.4551612e-06,15,1.5,0.02,0.04,-0.05,40,40,40,40,40,10,0
0.715,0.056959935,0.14447916,-0.00049335892,-0.0014481257,-0.056959935,-0.14447916,0.00049335892,0.0014481257,-0.002654207,-0.002654207,OK,0,0.00055996655,0.0054773812,6.3838821e-08,2.4656465e-06,15,1.5,0.02,0.04,-0.05,40,40,40,40,40,10,0
0.72,0.057689706,0.14705347,-0.00050111393,-0.0016326367,-0.057689706,-0.14705347,0.00050111393,0.0016326367,-0.0029297311,-0.0029297311,OK,0,0.00057660706,0.0055855048,6.5094397e-08,2.4789741e-06,15,1.5,0.02,0.04,-0.05,40,40,40,40,40,10,0
0.725,0.058433513,0.15004948,-0.00050988046,-0.0018498455,-0.058433513,-0.15004948,0.00050988046,0.0018498455,-0.0032523259,-0.0032523259,OK,0,0.00059367943,0.005698079,6.6394287e-08,2.4960837e-06,15,1.5,0.02,0.04,-0.05,40,40,40,40,40,10,0
0.73,0.059192805,0.15328387,-0.000519996,-0.0020866354,-0.059192805,-0.15328387,0.000519996,0.0020866354,-0.0036146824,-0.0036146824,OK,0,0.00061119837,0.0058155588,6.7746266e-08,2.5178539e-06,15,1.5,0.02,0.04,-0.05,40,40,40,40,40,10,0
0.735,0.059969838,0.15684998,-0.00053078558,-0.0023147624,-0.059969838,-0.15684998,0.00053078558,0.0023147624,-0.0039605315,-0.0039605315,OK,0,0.00062918028,0.0059385683,6.9154933e-08,2.5446446e-06,15,1.5,0.02,0.04,-0.05,40,40,40,40,40,10,0
0.74,0.060765314,0.16074707,-0.00054317659,-0.0025553108,-0.060765314,-0.16074707,0.00054317659,0.0025553108,-0.004335426,-0.004335426,OK,0,0.0006476424,0.0060677664,7.0630137e-08,2.5772926e-06,15,1.5,0.02,0.04,-0.05,40,40,40,40,40,10,0
0.745,0.061581607,0.16495757,-0.00055632638,-0.0027942561,-0.061581607,-0.16495757,0.00055632638,0.0027942561,-0.004706345,-0.004706345,OK,0,0.00066660387,0.0062038214,7.2177632e-08,2.616332e-06,15,1.5,0.02,0.04,-0.05,40,40,40,40,40,10,0
0.75,0.062419484,0.16951298,-0.00057116236,-0.0030420367,-0.062419484,-0.16951298,0.00057116236,0.0030420367,-0.0051015818,-0.0051015818,OK,0,0.00068608483,0.0063474947,7.3808765e-08,2.6626019e-06,15,1.5,0.02,0.04,-0.05,40,40,40,40,40,10,0
0.755,0.063281364,0.174385,-0.0005869251,-0.0032841764,-0.063281364,-0.174385,0.0005869251,0.0032841764,-0.005489114,-0.005489114,OK,0,0.00070610749,0.0064995453,7.553117e-08,2.716531e-06,15,1.5,0.02,0.04,-0.05,40,40,40,40,40,10,0
0.76,0.064168616,0.17962282,-0.00060403685,-0.0035404396,-0.064168616,-0.17962282,0.00060403685,0.0035404396,-0.0059029272,-0.0059029272,OK,0,0.00072669554,0.0066608671,7.7355473e-08,2.7792045e-06,15,1.5,0.02,0.04,-0.05,40,40,40,40,40,10,0
0.765,0.065083325,0.18522693,-0.00062224426,-0.0038022406,-0.065083325,-0.18522693,0.00062224426,0.0038022406,-0.0063262811,-0.0063262811,OK,0,0.00074787474,0.0068324122,7.9291412e-08,2.8514897e-06,15,1.5,0.02,0.04,-0.05,40,40,40,40,40,10,0
0.77,0.065953805,0.16694262,-0.00062384598,0.0020161464,-0.065953805,-0.16694262,0.00062384598,-0.0020161464,0.0016633109,0.0016633109,OK,0,0.00076962426,0.0069717614,8.1237331e-08,2.8718139e-06,15,1.5,0.02,0.04,-0.05,40,40,40,40,40,10,0
0.775,0.066770543,0.16105508,-0.00061078033,0.0029778122,-0.066770543,-0.16105508,0.00061078033,-0.0029778122,0.0030826272,0.0030826272,OK,0,0.00079191579,0.007101455,8.3102594e-08,2.9161508e-06,15,1.5,0.02,0.04,-0.05,40,40,40,40,40,10,0
0.78,0.067566483,0.15803813,-0.00059594466,0.0029170002,-0.067566483,-0.15803813,0.00059594466,-0.0029170002,0.0031091853,0.0031091853,OK,0,0.00081474193,0.0072263353,8.4878344e-08,2.9586952e-06,15,1.5,0.02,0.04,-0.05,40,40,40,40,40,10,0
0.785,0.068349784,0.15587746,-0.00058220496,0.0026368296,-0.068349784,-0.15587746,0.00058220496,-0.0026368296,0.0028242641,0.0028242641,OK,0,0.0008381004,0.0073478242,8.6573157e-08,2.9934596e-06,15,1.5,0.02,0.04,-0.05,40,40,40,40,40,10,0
0.79,0.069123582,0.15412269,-0.00056989779,0.0023208551,-0.069123582,-0.15412269,0.00056989779,-0.0023208551,0.0024801951,0.0024801951,OK,0,0.00086199075,0.0074665932,8.8197075e-08,3.0203914e-06,15,1.5,0.02,0.04,-0.05,40,40,40,40,40,10,0
0.795,0.069889779,0.15268089,-0.00055893963,0.0020050696,-0.069889779,-0.15268089,0.00055893963,-0.0020050696,0.0021285411,0.0021285411,OK,0,0.00088641365,0.0075831505,8.9759142e-08,3.0404929e-06,15,1.5,0.02,0.04,-0.05,40,40,40,40,40,10,0
0.8,0.070649448,0.15153597,-0.00054975147,0.0016931337,-0.070649448,-0.15153597,0.00054975147,-0.0016931337,0.0017678562,0.0017678562,OK,0,0.00091137038,0.0076979663,9.1270276e-08,3.0548264e-06,15,1.5,0.02,0.04,-0.05,40,40,40,40,40,10,0
0.805,0.071403945,0.15065997,-0.00054233363,0.001396171,-0.071403945,-0.15065997,0.00054233363,-0.001396171,0.0014137297,0.0014137297,OK,0,0.00093686299,0.0078114584,9.2740905e-08,3.0645729e-06,15,1.5,0.02,0.04,-0.05,40,40,40,40,40,10,0
0.81,0.072155171,0.15007036,-0.00053609591,0.0011049772,-0.072155171,-0.15007036,0.00053609591,-0.0011049772,0.0010619451,0.0010619451,OK,0,0.00096289484,0.007924064,9.4177899e-08,3.0706778e-06,15,1.5,0.02,0.04,-0.05,40,40,40,40,40,10,0
0.815,0.072904148,0.14975802,-0.00053145991,0.0008242052,-0.072904148,-0.14975802,0.00053145991,-0.0008242052,0.00071281295,0.00071281295,OK,0,0.00098946991,0.0080362013,9.5590147e-08,3.0740744e-06,15,1.5,0.02,0.04,-0.05,40,40,40,40,40,10,0
0.82,0.073652645,0.14973376,-0.00052800372,0.00054747093,-0.073652645,-0.14973376,0.00052800372,-0.00054747093,0.00036355382,0.00036355382,OK,0,0.0010165935,0.0081483023,9.6984087e-08,3.075573e-06,15,1.5,0.02,0.04,-0.05,40,40,40,40,40,10,0
0.825,0.074401879,0.14999275,-0.00052589653,0.00027700908,-0.074401879,-0.14999275,0.00052589653,-0.00027700908,1.4813384e-05,1.4813384e-05,OK,0,0.0010442717,0.0082607914,9.8366922e-08,3.0759566e-06,15,1.5,0.02,0.04,-0.05,40,40,40,40,40,10,0
0.83,0.075151375,0.14961317,-0.00052471641,0.00024150783,-0.075151375,-0.14961317,0.00052471641,-0.00024150783,-2.0930169e-05,-2.0930169e-05,OK,0,0.0010725103,0.0083727119,9.9743559e-08,3.0762483e-06,15,1.5,0.02,0.04,-0.05,40,40,40,40,40,10,0
0.835,0.075897941,0.14928168,-0.00052378902,0.00020201119,-0.075897941,-0.14928168,0.00052378902,-0.00020201119,-6.4592502e-05,-6.4592502e-05,OK,0,0.0011013128,0.008484137,1.0111533e-07,3.0764523e-06,15,1.5,0.02,0.04,-0.05,40,40,40,40,40,10,0
0.84,0.076638043,0.14722856,-0.00052134466,0.00061388215,-0.076638043,-0.14722856,0.00052134466,-0.00061388215,0.00052255658,0.00052255658,OK,0,0.0011306797,0.0085925182,1.0247433e-07,3.0783366e-06,15,1.5,0.02,0.04,-0.05,40,40,40,40,40,10,0
0.845,0.07737264,0.14675984,-0.00051839423,0.00049273994,-0.07737264,-0.14675984,0.00051839423,-0.00049273994,0.00038104285,0.00038104285,OK,0,0.0011606124,0.0087002105,1.03818e-07,3.0795505e-06,15,1.5,0.02,0.04,-0.05,40,40,40,40,40,10,0
0.85,0.078106009,0.14685651,-0.00051696139,0.00026148619,-0.078106009,-0.14685651,0.00051696139,-0.00026148619,7.4188858e-05,7.4188858e-05,OK,0,0.0011911151,0.0088080447,1.0515424e-07,3.0798924e-06,15,1.5,0.02,0.04,-0.05,40,40,40,40,40,10,0
0.855,0.078841462,0.14728334,-0.00051611845,1.4892592e-05,-0.078841462,-0.14728334,0.00051611845,-1.4892592e-05,-0.00025127512,-0.00025127512,OK,0,0.001222195,0.0089165066,1.0648613e-07,3.0798935e-06,15,1.5,0.02,0.04,-0.05,40,40,40,40,40,10,0
0.86,0.079579868,0.1480164,-0.00051662421,-0.00023726869,-0.079579868,-0.1480164,0.00051662421,0.00023726869,-0.00059301285,-0.00059301285,OK,0,0.0012538598,0.0090260508,1.0782064e-07,3.080175e-06,15,1.5,0.02,0.04,-0.05,40,40,40,40,40,10,0
0.865,0.080322787,0.14903668,-0.00051839422,-0.00048698275,-0.080322787,-0.14903668,0.00051839422,0.00048698275,-0.00093846455,-0.00093846455,OK,0,0.0012861185,0.0091371105,1.091643e-07,3.0813608e-06,15,1.5,0.02,0.04,-0.05,40,40,40,40,40,10,0
0.87,0.08107139,0.1503446,-0.00052168182,-0.00073384292,-0.08107139,-0.1503446,0.00052168182,0.00073384292,-0.0012907797,-0.0012907797,OK,0,0.0013189814,0.009250128,1.1052506e-07,3.0840534e-06,15,1.5,0.02,0.04,-0.05,40,40,40,40,40,10,0
0.875,0.081827676,0.15193761,-0.0005258965,-0.00097600006,-0.081827676,-0.15193761,0.0005258965,0.00097600006,-0.0016383898,-0.0016383898,OK,0,0.0013524602,0.0093655532,1.119079e-07,3.0888163e-06,15,1.5,0.02,0.04,-0.05,40,40,40,40,40,10,0
0.88,0.082592688,0.15383113,-0.00053145988,-0.0012186357,-0.082592688,-0.15383113,0.00053145988,0.0012186357,-0.0019947528,-0.0019947528,OK,0,0.001386568,0.0094838733,1.1332014e-07,3.0962416e-06,15,1.5,0.02,0.04,-0.05,40,40,40,40,40,10,0
0.885,0.083368,0.15602295,-0.00053828751,-0.0014595717,-0.083368,-0.15602295,0.00053828751,0.0014595717,-0.0023553922,-0.0023553922,OK,0,0.0014213191,0.0096055891,1.1476891e-07,3.1068934e-06,15,1.5,0.02,0.04,-0.05,40,40,40,40,40,10,0
0.89,0.084155452,0.15851882,-0.00054604252,-0.0016995969,-0.084155452,-0.15851882,0.00054604252,0.0016995969,-0.0027161713,-0.0027161713,OK,0,0.0014567298,0.0097312301,1.1625972e-07,3.1213365e-06,15,1.5,0.02,0.04,-0.05,40,40,40,40,40,10,0
0.895,0.084956019,0.16133197,-0.00055531481,-0.0019422792,-0.084956019,-0.16133197,0.00055531481,0.0019422792,-0.0030907418,-0.0030907418,OK,0,0.0014928174,0.0098613702,1.178016e-07,3.1401988e-06,15,1.5,0.02,0.04,-0.05,40,40,40,40,40,10,0
0.9,0.085771779,0.16445781,-0.00056559863,-0.0021837411,-0.085771779,-0.16445781,0.00056559863,0.0021837411,-0.0034658431,-0.0034658431,OK,0,0.0015296014,0.009996602,1.194011e-07,3.1640424e-06,15,1.5,0.02,0.04,-0.05,40,40,40,40,40,10,0
0.905,0.086604013,0.16791231,-0.00057723145,-0.0024281511,-0.086604013,-0.16791231,0.00057723145,0.0024281511,-0.0038521258,-0.0038521258,OK,0,0.0015671027,0.010137575,1.2106709e-07,3.193522e-06,15,1.5,0.02,0.04,-0.05,40,40,40,40,40,10,0
0.91,0.087449647,0.16668644,-0.00058869538,-0.0014337414,-0.087449647,-0.16668644,0.00058869538,0.0014337414,-0.0025645923,-0.0025645923,OK,0,0.0016053399,0.010276497,1.227999e-07,3.2038001e-06,15,1.5,0.02,0.04,-0.05,40,40,40,40,40,10,0
0.915,0.088230219,0.14917663,-0.00058136168,0.0033705463,-0.088230219,-0.14917663,0.00058136168,-0.0033705463,0.0040670638,0.0040670638,OK,0,0.0016442628,0.010387765,1.244898e-07,3.260603e-06,15,1.5,0.02,0.04,-0.05,40,40,40,40,40,10,0
0.92,0.088953855,0.14191732,-0.00056222719,0.004163041,-0.088953855,-0.14191732,0.00056222719,-0.004163041,0.0052669236,0.0052669236,OK,0,0.0016838267,0.010488468,1.260703e-07,3.3472575e-06,15,1.5,0.02,0.04,-0.05,40,40,40,40,40,10,0
0.925,0.089648807,0.13710684,-0.00054149066,0.0040849681,-0.089648807,-0.13710684,0.00054149066,-0.0040849681,0.0052823421,0.0052823421,OK,0,0.0017240112,0.010582459,1.2753636e-07,3.4306923e-06,15,1.5,0.02,0.04,-0.05,40,40,40,40,40,10,0
0.93,0.09032184,0.13302932,-0.00052176597,0.0038248357,-0.09032184,-0.13302932,0.00052176597,-0.0038248357,0.0050383738,0.0050383738,OK,0,0.0017648014,0.010670943,1.2889756e-07,3.5038392e-06,15,1.5,0.02,0.04,-0.05,40,40,40,40,40,10,0
0.935,0.090975473,0.12929367,-0.00050347411,0.0035369705,-0.090975473,-0.12929367,0.00050347411,-0.0035369705,0.0047446005,0.0047446005,OK,0,0.0018061841,0.010754527,1.3016499e-07,3.56639e-06,15,1.5,0.02,0.04,-0.05,40,40,40,40,40,10,0
0.94,0.091611265,0.12580979,-0.00048653125,0.0032544753,-0.091611265,-0.12580979,0.00048653125,-0.0032544753,0.0044483611,0.0044483611,OK,0,0.0018481472,0.010833668,1.3134855e-07,3.619348e-06,15,1.5,0.02,0.04,-0.05,40,40,40,40,40,10,0
0.945,0.092230202,0.12255644,-0.00047110538,0.0029828678,-0.092230202,-0.12255644,0.00047110538,-0.0029828678,0.0041545827,0.0041545827,OK,0,0.0018906793,0.010908768,1.3245826e-07,3.6638355e-06,15,1.5,0.02,0.04,-0.05,40,40,40,40,40,10,0
0.95,0.092833585,0.11952058,-0.00045694406,0.0027245485,-0.092833585,-0.11952058,0.00045694406,-0.0027245485,0.0038701569,0.0038701569,OK,0,0.0019337696,0.010980194,1.3350224e-07,3.7009514e-06,15,1.5,0.02,0.04,-0.05,40,40,40,40,40,10,0
0.955,0.09342252,0.11670013,-0.00044396285,0.0024776881,-0.09342252,-0.11670013,0.00044396285,-0.0024776881,0.0035935448,0.0035935448,OK,0,0.0019774085,0.011048289,1.3448776e-07,3.7316461e-06,15,1.5,0.02,0.04,-0.05,40,40,40,40,40,10,0
0.96,0.093998103,0.11409186,-0.0004320773,0.0022410829,-0.093998103,-0.11409186,0.0004320773,-0.0022410829,0.0033241015,0.0033241015,OK,0,0.0020215867,0.011113373,1.3542121e-07,3.7567583e-06,15,1.5,0.02,0.04,-0.05,40,40,40,40,40,10,0
0.965,0.094561171,0.11169277,-0.00042145632,0.0020136408,-0.094561171,-0.11169277,0.00042145632,-0.0020136408,0.0030575508,0.0030575508,OK,0,0.0020662958,0.01117575,1.3630934e-07,3.7770321e-06,15,1.5,0.02,0.04,-0.05,40,40,40,40,40,10,0
0.97,0.095112862,0.10949479,-0.00041193099,0.001796475,-0.095112862,-0.10949479,0.00041193099,-0.001796475,0.0027977964,0.0027977964,OK,0,0.002111528,0.011235695,1.3715778e-07,3.7931687e-06,15,1.5,0.02,0.04,-0.05,40,40,40,40,40,10,0
0.975,0.095654047,0.10749645,-0.00040358577,0.0015882035,-0.095654047,-0.10749645,0.00040358577,-0.0015882035,0.0025414578,0.0025414578,OK,0,0.0021572765,0.011293473,1.3797218e-07,3.8057806e-06,15,1.5,0.02,0.04,-0.05,40,40,40,40,40,10,0
0.98,0.09618583,0.10569252,-0.00039625239,0.001389145,-0.09618583,-0.10569252,0.00039625239,-0.001389145,0.0022913491,0.0022913491,OK,0,0.0022035351,0.011349327,1.3875726e-07,3.8154292e-06,15,1.5,0.02,0.04,-0.05,40,40,40,40,40,10,0
0.985,0.096709309,0.10408276,-0.00038976195,0.0011977573,-0.096709309,-0.10408276,0.00038976195,-0.0011977573,0.0020477031,0.0020477031,OK,0,0.0022502986,0.011403493,1.3951684e-07,3.8226024e-06,15,1.5,0.02,0.04,-0.05,40,40,40,40,40,10,0
0.99,0.097225257,0.10266827,-0.00038428271,0.0010121218,-0.097225257,-0.10266827,0.00038428271,-0.0010121218,0.0018051779,0.0018051779,OK,0,0.0022975623,0.011456197,1.402552e-07,3.8277243e-06,15,1.5,0.02,0.04,-0.05,40,40,40,40,40,10,0
0.995,0.097734771,0.10144354,-0.00037964641,0.00083315121,-0.097734771,-0.10144354,0.00037964641,-0.00083315121,0.0015674677,0.0015674677,OK,0,0.0023453227,0.011507651,1.4097586e-07,3.831195e-06,15,1.5,0.02,0.04,-0.05,40,40,40,40,40,10,0
1,0.098238434,0.10040933,-0.00037619054,0.00065939184,-0.098238434,-0.10040933,0.00037619054,-0.00065939184,0.0013273713,0.0013273713,OK,0,0.0023935767,0.011558061,1.4168346e-07,3.833369e-06,15,1.5,0.02,0.04,-0.05,40,40,40,40,40,10,0
1.005,0.098737626,0.099211312,-0.00037298739,0.00058940992,-0.098737626,-0.099211312,0.00037298739,-0.00058940992,0.001232509,0.001232509,OK,0,0.0024423223,0.011607276,1.4237905e-07,3.835106e-06,15,1.5,0.02,0.04,-0.05,40,40,40,40,40,10,0
1.01,0.099225729,0.096675122,-0.00036927848,0.00086648811,-0.099225729,-0.096675122,0.00036927848,-0.00086648811,0.0016120744,0.0016120744,OK,0,0.002491551,0.011654006,1.4306089e-07,3.83886e-06,15,1.5,0.02,0.04,-0.05,40,40,40,40,40,10,0
1.015,0.09970452,0.095172353,-0.00036497935,0.00080279265,-0.09970452,-0.095172353,0.00036497935,-0.00080279265,0.0015304832,0.0015304832,OK,0,0.002541256,0.011699295,1.4372694e-07,3.8420824e-06,15,1.5,0.02,0.04,-0.05,40,40,40,40,40,10,0
1.02,0.10017649,0.093947352,-0.00036127044,0.00068606272,-0.10017649,-0.093947352,0.00036127044,-0.00068606272,0.0013714613,0.0013714613,OK,0,0.0025914326,0.011743426,1.4437952e-07,3.8444358e-06,15,1.5,0.02,0.04,-0.05,40,40,40,40,40,10,0
1.025,0.10063767,0.091124576,-0.0003567186,0.0010097139,-0.10063767,-0.091124576,0.0003567186,-0.0010097139,0.0018215283,0.0018215283,OK,0,0.0026420723,0.011784944,1.4501576e-07,3.8495334e-06,15,1.5,0.02,0.04,-0.05,40,40,40,40,40,10,0
1.03,0.10108769,0.089417677,-0.00035208262,0.00095469094,-0.10108769,-0.089417677,0.00035208262,-0.00095469094,0.0017492579,0.0017492579,OK,0,0.0026931659,0.011824922,1.4563557e-07,3.8540906e-06,15,1.5,0.02,0.04,-0.05,40,40,40,40,40,10,0
1.035,0.10153069,0.088075829,-0.00034753078,0.00082594456,-0.10153069,-0.088075829,0.00034753078,-0.00082594456,0.0015796022,0.0015796022,OK,0,0.0027447083,0.011863708,1.4623946e-07,3.8575015e-06,15,1.5,0.02,0.04,-0.05,40,40,40,40,40,10,0
1.04,0.10196746,0.086945993,-0.00034382187,0.0006803758,-0.10196746,-0.086945993,0.00034382187,-0.0006803758,0.0013804246,0.0013804246,OK,0,0.0027966951,0.011901506,1.4683052e-07,3.8598161e-06,15,1.5,0.02,0.04,-0.05,40,40,40,40,40,10,0
1.045,0.10239899,0.085988051,-0.0003409559,0.00053694166,-0.10239899,-0.085988051,0.0003409559,-0.00053694166,0.0011785758,0.0011785758,OK,0,0.0028491229,0.011938476,1.4741178e-07,3.8612576e-06,15,1.5,0.02,0.04,-0.05,40,40,40,40,40,10,0
1.05,0.10282641,0.085191044,-0.00033859569,0.00039793818,-0.10282641,-0.085191044,0.00033859569,-0.00039793818,0.00098214186,0.00098214186,OK,0,0.0029019893,0.011974764,1.4798501e-07,3.8620494e-06,15,1.5,0.02,0.04,-0.05,40,40,40,40,40,10,0
1.055,0.10325027,0.084558783,-0.00033699396,0.00026105706,-0.10325027,-0.084558783,0.00033699396,-0.00026105706,0.00078403302,0.00078403302,OK,0,0.0029552924,0.012010515,1.4855284e-07,3.8623901e-06,15,1.5,0.02,0.04,-0.05,40,40,40,40,40,10,0
1.06,0.10367162,0.084085794,-0.00033589799,0.00012786301,-0.10367162,-0.084085794,0.00033589799,-0.00012786301,0.00059018884,0.00059018884,OK,0,0.0030090314,0.012045867,1.4911698e-07,3.8624719e-06,15,1.5,0.02,0.04,-0.05,40,40,40,40,40,10,0
1.065,0.10409082,0.083775916,-0.00033572973,-3.700666e-06,-0.10409082,-0.083775916,0.00033572973,3.700666e-06,0.00039135608,0.00039135608,OK,0,0.0030632059,0.012080959,1.4968055e-07,3.862472e-06,15,1.5,0.02,0.04,-0.05,40,40,40,40,40,10,0
1.07,0.10450924,0.083620763,-0.00033589833,-0.00013054461,-0.10450924,-0.083620763,0.00033589833,0.00013054461,0.00020072361,0.00020072361,OK,0,0.0031178168,0.012115921,1.5024469e-07,3.8625572e-06,15,1.5,0.02,0.04,-0.05,40,40,40,40,40,10,0
1.075,0.1049271,0.083631431,-0.00033699399,-0.00025740804,-0.1049271,-0.083631431,0.00033699399,0.00025740804,2.7773173e-06,2.7773173e-06,OK,0,0.0031728653,0.012150892,1.5081251e-07,3.8628885e-06,15,1.5,0.02,0.04,-0.05,40,40,40,40,40,10,0
1.08,0.1053455,0.083797582,-0.00033868019,-0.00038029658,-0.1053455,-0.083797582,0.00033868019,0.00038029658,-0.00019183441,-0.00019183441,OK,0,0.0032283536,0.012186002,1.5138603e-07,3.8636116e-06,15,1.5,0.02,0.04,-0.05,40,40,40,40,40,10,0
1.085,0.10576525,0.084124803,-0.00034095597,-0.00050158389,-0.10576525,-0.084124803,0.00034095597,0.00050158389,-0.00038641819,-0.00038641819,OK,0,0.0032842851,0.012221387,1.5196729e-07,3.8648695e-06,15,1.5,0.02,0.04,-0.05,40,40,40,40,40,10,0
1.09,0.1061873,0.084615642,-0.00034365305,-0.00062183056,-0.1061873,-0.084615642,0.00034365305,0.00062183056,-0.00057916995,-0.00057916995,OK,0,0.0033406638,0.012257186,1.5255778e-07,3.8668029e-06,15,1.5,0.02,0.04,-0.05,40,40,40,40,40,10,0
1.095,0.10661206,0.085275209,-0.00034719371,-0.00074296337,-0.10661206,-0.085275209,0.00034719371,0.00074296337,-0.00077910106,-0.00077910106,OK,0,0.0033974944,0.012293545,1.5316049e-07,3.8695629e-06,15,1.5,0.02,0.04,-0.05,40,40,40,40,40,10,0
1.1,0.1070407,0.086096331,-0.00035123981,-0.00086196912,-0.1070407,-0.086096331,0.00035123981,0.00086196912,-0.00097688359,-0.00097688359,OK,0,0.003454783,0.012330608,1.5377734e-07,3.8732778e-06,15,1.5,0.02,0.04,-0.05,40,40,40,40,40,10,0
1.105,0.10747429,0.087087594,-0.00035553863,-0.00098122808,-0.10747429,-0.087087594,0.00035553863,0.00098122808,-0.0011719319,-0.0011719319,OK,0,0.0035125366,0.01236853,1.5440938e-07,3.8780919e-06,15,1.5,0.02,0.04,-0.05,40,40,40,40,40,10,0
1.11,0.10791306,0.088257811,-0.00036076484,-0.0011038619,-0.10791306,-0.088257811,0.00036076484,0.0011038619,-0.0013786918,-0.0013786918,OK,0,0.0035707628,0.012407477,1.5506013e-07,3.8841844e-06,15,1.5,0.02,0.04,-0.05,40,40,40,40,40,10,0
1.115,0.10835803,0.08959949,-0.00036674985,-0.0012246048,-0.10835803,-0.08959949,0.00036674985,0.0012246048,-0.0015870148,-0.0015870148,OK,0,0.0036294701,0.012447617,1.5573266e-07,3.8916827e-06,15,1.5,0.02,0.04,-0.05,40,40,40,40,40,10,0
1.12,0.10881047,0.091107919,-0.00037307172,-0.0013453455,-0.10881047,-0.091107919,0.00037307172,0.0013453455,-0.0017935678,-0.0017935678,OK,0,0.0036886687,0.01248912,1.5642857e-07,3.9007325e-06,15,1.5,0.02,0.04,-0.05,40,40,40,40,40,10,0
1.125,0.10927079,0.0928042,-0.00038023684,-0.0014683432,-0.10927079,-0.0928042,0.00038023684,0.0014683432,-0.0020084837,-0.0020084837,OK,0,0.0037483692,0.012532184,1.5715147e-07,3.9115126e-06,15,1.5,0.02,0.04,-0.05,40,40,40,40,40,10,0
1.13,0.10974032,0.094681746,-0.00038782328,-0.0015915368,-0.10974032,-0.094681746,0.00038782328,0.0015915368,-0.0022225781,-0.0022225781,OK,0,0.0038085839,0.012577007,1.5790351e-07,3.9241776e-06,15,1.5,0.02,0.04,-0.05,40,40,40,40,40,10,0
1.135,0.11021968,0.096751756,-0.00039616851,-0.0017180546,-0.11021968,-0.096751756,0.00039616851,0.0017180546,-0.0024451458,-0.0024451458,OK,0,0.0038693258,0.012623811,1.5868826e-07,3.9389361e-06,15,1.5,0.02,0.04,-0.05,40,40,40,40,40,10,0
1.14,0.11071018,0.099024553,-0.00040493474,-0.0018448892,-0.11071018,-0.099024553,0.00040493474,0.0018448892,-0.0026661691,-0.0026661691,OK,0,0.0039306095,0.012672841,1.5950812e-07,3.9559542e-06,15,1.5,0.02,0.04,-0.05,40,40,40,40,40,10,0
1.145,0.11121231,0.10147889,-0.00041462867,-0.0019793579,-0.11121231,-0.10147889,0.00041462867,0.0019793579,-0.0029050649,-0.0029050649,OK,0,0.0039924504,0.01272433,1.603677e-07,3.9755435e-06,15,1.5,0.02,0.04,-0.05,40,40,40,40,40,10,0
1.15,0.11172751,0.10413899,-0.00042482836,-0.0021112202,-0.11172751,-0.10413899,0.00042482836,0.0021112202,-0.0031391461,-0.0031391461,OK,0,0.0040548655,0.012778555,1.612701e-07,3.9978298e-06,15,1.5,0.02,0.04,-0.05,40,40,40,40,40,10,0
1.155,0.11225655,0.10701333,-0.00043578654,-0.0022481113,-0.11225655,-0.10701333,0.00043578654,0.0022481113,-0.0033833008,-0.0033833008,OK,0,0.0041178732,0.012835814,1.6221965e-07,4.0230998e-06,15,1.5,0.02,0.04,-0.05,40,40,40,40,40,10,0
1.16,0.11280063,0.11010278,-0.00044741906,-0.0023882109,-0.11280063,-0.11010278,0.00044741906,0.0023882109,-0.0036334786,-0.0036334786,OK,0,0.0041814931,0.012896427,1.6322057e-07,4.0516175e-06,15,1.5,0.02,0.04,-0.05,40,40,40,40,40,10,0
1.165,0.11336077,0.11341513,-0.00045981039,-0.0025323184,-0.11336077,-0.11341513,0.00045981039,0.0025323184,-0.0038918128,-0.0038918128,OK,0,0.0042457464,0.012960742,1.6427769e-07,4.0836807e-06,15,1.5,0.02,0.04,-0.05,40,40,40,40,40,10,0
1.17,0.11393829,0.11695631,-0.00047279162,-0.0026803022,-0.11393829,-0.11695631,0.00047279162,0.0026803022,-0.0041553097,-0.0041553097,OK,0,0.0043106561,0.013029136,1.6539535e-07,4.1196008e-06,15,1.5,0.02,0.04,-0.05,40,40,40,40,40,10,0
1.175,0.11453388,0.12073402,-0.00048686881,-0.0028344606,-0.11453388,-0.12073402,0.00048686881,0.0028344606,-0.0044346847,-0.0044346847,OK,0,0.0043762461,0.01310202,1.6658056e-07,4.1597716e-06,15,1.5,0.02,0.04,-0.05,40,40,40,40,40,10,0
1.18,0.11514986,0.12475532,-0.0005009457,-0.0029897887,-0.11514986,-0.12475532,0.0005009457,0.0029897887,-0.0047056587,-0.0047056587,OK,0,0.0044425436,0.013179839,1.6783529e-07,4.2044658e-06,15,1.5,0.02,0.04,-0.05,40,40,40,40,40,10,0
1.185,0.11578602,0.12904483,-0.00051654018,-0.0031575746,-0.11578602,-0.12904483,0.00051654018,0.0031575746,-0.0050069509,-0.0050069509,OK,0,0.0045095756,0.013263102,1.6916936e-07,4.2543172e-06,15,1.5,0.02,0.04,-0.05,40,40,40,40,40,10,0
1.19,0.11644454,0.13358458,-0.00053280902,-0.003325955,-0.11644454,-0.13358458,0.00053280902,0.003325955,-0.0053087937,-0.0053087937,OK,0,0.0045773723,0.013352326,1.7058879e-07,4.3096271e-06,15,1.5,0.02,0.04,-0.05,40,40,40,40,40,10,0
1.195,0.11707819,0.11899528,-0.00053744499,0.0013476429,-0.11707819,-0.11899528,0.00053744499,-0.0013476429,0.0010611644,0.0010611644,OK,0,0.0046459088,0.013423126,1.7203302e-07,4.3187078e-06,15,1.5,0.02,0.04,-0.05,40,40,40,40,40,10,0
1.2,0.11764384,0.10946226,-0.00052505396,0.0033757497,-0.11764384,-0.10946226,0.00052505396,-0.0033757497,0.0039191823,0.0039191823,OK,0,0.0047151092,0.013483036,1.7341143e-07,4.3756862e-06,15,1.5,0.02,0.04,-0.05,40,40,40,40,40,10,0
1.205,0.11817641,0.10457872,-0.00050726785,0.003619134,-0.11817641,-0.10457872,0.00050726785,-0.003619134,0.00436636,0.00436636,OK,0,0.0047849375,0.013537719,1.7469804e-07,4.4411769e-06,15,1.5,0.02,0.04,-0.05,40,40,40,40,40,10,0
1.21,0.11868814,0.10087543,-0.00048939759,0.00347348,-0.11868814,-0.10087543,0.00048939759,-0.00347348,0.0042780362,0.0042780362,OK,0,0.0048553718,0.013588598,1.7589559e-07,4.5015022e-06,15,1.5,0.02,0.04,-0.05,40,40,40,40,40,10,0
1.215,0.11918241,0.097568706,-0.000472623,0.0032519446,-0.11918241,-0.097568706,0.000472623,-0.0032519446,0.0040749684,0.0040749684,OK,0,0.0049263941,0.013636197,1.7701245e-07,4.5543779e-06,15,1.5,0.02,0.04,-0.05,40,40,40,40,40,10,0
1.22,0.11966083,0.094477775,-0.00045694438,0.0030246156,-0.11966083,-0.094477775,0.00045694438,-0.0030246156,0.0038550854,0.0038550854,OK,0,0.0049979876,0.013680827,1.7805644e-07,4.6001194e-06,15,1.5,0.02,0.04,-0.05,40,40,40,40,40,10,0
1.225,0.12012385,0.091562835,-0.00044286749,0.0028048661,-0.12012385,-0.091562835,0.00044286749,-0.0028048661,0.0036292772,0.0036292772,OK,0,0.0050701363,0.013722746,1.790371e-07,4.6394558e-06,15,1.5,0.02,0.04,-0.05,40,40,40,40,40,10,0
1.23,0.12057356,0.088800525,-0.00042904302,0.0025995765,-0.12057356,-0.088800525,0.00042904302,-0.0025995765,0.0034272117,0.0034272117,OK,0,0.0051428263,0.013762173,1.7995749e-07,4.6732448e-06,15,1.5,0.02,0.04,-0.05,40,40,40,40,40,10,0
1.235,0.12100948,0.086210633,-0.00041673614,0.0023983606,-0.12100948,-0.086210633,0.00041673614,-0.0023983606,0.0032151137,0.0032151137,OK,0,0.0052160427,0.013799335,1.8082583e-07,4.7020054e-06,15,1.5,0.02,0.04,-0.05,40,40,40,40,40,10,0
1.24,0.12143319,0.083765584,-0.00040510362,0.002210071,-0.12143319,-0.083765584,0.00040510362,-0.002210071,0.0030178393,0.0030178393,OK,0,0.0052897728,0.013834418,1.8164638e-07,4.7264275e-06,15,1.5,0.02,0.04,-0.05,40,40,40,40,40,10,0
1.245,0.12184462,0.081474055,-0.00039490424,0.0020290727,-0.12184462,-0.081474055,0.00039490424,-0.0020290727,0.0028159,0.0028159,OK,0,0.0053640034,0.013867608,1.8242612e-07,4.7470132e-06,15,1.5,0.02,0.04,-0.05,40,40,40,40,40,10,0
1.25,0.12224562,0.079317667,-0.00038495727,0.0018607684,-0.12224562,-0.079317667,0.00038495727,-0.0018607684,0.0026344126,0.0026344126,OK,0,0.0054387233,0.013899065,1.8316708e-07,4.7643255e-06,15,1.5,0.02,0.04,-0.05,40,40,40,40,40,10,0
1.255,0.12263595,0.077314612,-0.00037619073,0.0016959346,-0.12263595,-0.077314612,0.00037619073,-0.0016959346,0.0024463445,0.0024463445,OK,0,0.0055139212,0.013928952,1.8387468e-07,4.7787065e-06,15,1.5,0.02,0.04,-0.05,40,40,40,40,40,10,0
1.26,0.1230168,0.075445292,-0.00036809854,0.0015407173,-0.1230168,-0.075445292,0.00036809854,-0.0015407173,0.0022677455,0.0022677455,OK,0,0.0055895869,0.013957412,1.8455216e-07,4.7905755e-06,15,1.5,0.02,0.04,-0.05,40,40,40,40,40,10,0
1.265,0.12338871,0.073713619,-0.00036076482,0.0013918826,-0.12338871,-0.073713619,0.00036076482,-0.0013918826,0.0020926705,0.0020926705,OK,0,0.0056657108,0.013984581,1.8520292e-07,4.8002622e-06,15,1.5,0.02,0.04,-0.05,40,40,40,40,40,10,0
1.27,0.12375234,0.072115833,-0.00035418992,0.0012494243,-0.12375234,-0.072115833,0.00035418992,-0.0012494243,0.0019209677,0.0019209677,OK,0,0.005742284,0.014010584,1.8583017e-07,4.8080675e-06,15,1.5,0.02,0.04,-0.05,40,40,40,40,40,10,0
1.275,0.12410831,0.070648605,-0.00034837381,0.0011132679,-0.12410831,-0.070648605,0.00034837381,-0.0011132679,0.001752405,0.001752405,OK,0,0.0058192983,0.01403554,1.8643699e-07,4.8142643e-06,15,1.5,0.02,0.04,-0.05,40,40,40,40,40,10,0
1.28,0.1244574,0.069308953,-0.0003431476,0.00098331154,-0.1244574,-0.069308953,0.0003431476,-0.00098331154,0.0015892595,0.0015892595,OK,0,0.0058967465,0.014059559,1.8702575e-07,4.8190988e-06,15,1.5,0.02,0.04,-0.05,40,40,40,40,40,10,0
1.285,0.12480006,0.068097804,-0.00033867987,0.00085798419,-0.12480006,-0.068097804,0.00033867987,-0.00085798419,0.0014266916,0.0014266916,OK,0,0.0059746218,0.014082746,1.8759927e-07,4.8227795e-06,15,1.5,0.02,0.04,-0.05,40,40,40,40,40,10,0
1.29,0.12513714,0.067009836,-0.00033471823,0.00073834165,-0.12513714,-0.067009836,0.00033471823,-0.00073834165,0.0012698753,0.0012698753,OK,0,0.0060529183,0.014105197,1.8815945e-07,4.8255053e-06,15,1.5,0.02,0.04,-0.05,40,40,40,40,40,10,0
1.295,0.12546933,0.066047757,-0.00033117756,0.00062230661,-0.12546933,-0.066047757,0.00033117756,-0.00062230661,0.0011170933,0.0011170933,OK,0,0.0061316311,0.014127009,1.8870784e-07,4.8274416e-06,15,1.5,0.02,0.04,-0.05,40,40,40,40,40,10,0
1.3,0.12579698,0.065212474,-0.00032831157,0.00050863181,-0.12579698,-0.065212474,0.00032831157,-0.00050863181,0.00096271275,0.00096271275,OK,0,0.0062107555,0.014148272,1.8924678e-07,4.8287351e-06,15,1.5,0.02,0.04,-0.05,40,40,40,40,40,10,0
1.305,0.12612071,0.064497506,-0.00032611993,0.00039915262,-0.12612071,-0.064497506,0.00032611993,-0.00039915262,0.00080924438,0.00080924438,OK,0,0.0062902877,0.014169072,1.8977855e-07,4.8295317e-06,15,1.5,0.02,0.04,-0.05,40,40,40,40,40,10,0
1.31,0.12644141,0.063900586,-0.00032426547,0.00029410702,-0.12644141,-0.063900586,0.00032426547,-0.00029410702,0.0006620302,0.0006620302,OK,0,0.0063702248,0.014189488,1.9030429e-07,4.8299642e-06,15,1.5,0.02,0.04,-0.05,40,40,40,40,40,10,0
1.315,0.12675935,0.063427685,-0.00032308535,0.00019050756,-0.12675935,-0.063427685,0.00032308535,-0.00019050756,0.0005117755,0.0005117755,OK,0,0.0064505645,0.014209603,1.9082622e-07,4.8301457e-06,15,1.5,0.02,0.04,-0.05,40,40,40,40,40,10,0
1.32,0.12707536,0.063072147,-0.00032232654,9.0561228e-05,-0.12707536,-0.063072147,0.00032232654,-9.0561228e-05,0.00036533689,0.00036533689,OK,0,0.0065313052,0.014229494,1.9134569e-07,4.8301867e-06,15,1.5,0.02,0.04,-0.05,40,40,40,40,40,10,0
1.325,0.1273897,0.062837717,-0.00032232686,-7.623085e-06,-0.1273897,-0.062837717,0.00032232686,7.623085e-06,0.00021496515,0.00021496515,OK,0,0.0066124459,0.014249237,1.9186516e-07,4.830187e-06,15,1.5,0.02,0.04,-0.05,40,40,40,40,40,10,0
1.33,0.12770343,0.062717704,-0.00032257957,-0.00010162815,-0.12770343,-0.062717704,0.00032257957,0.00010162815,7.1640972e-05,7.1640972e-05,OK,0,0.0066939867,0.014268904,1.9238545e-07,4.8302386e-06,15,1.5,0.02,0.04,-0.05,40,40,40,40,40,10,0
1.335,0.12801681,0.062721694,-0.0003234225,-0.00019550618,-0.12801681,-0.062721694,0.0003234225,0.00019550618,-7.5392729e-05,-7.5392729e-05,OK,0,0.0067759283,0.014288574,1.9290846e-07,4.8304297e-06,15,1.5,0.02,0.04,-0.05,40,40,40,40,40,10,0
1.34,0.1283307,0.062844556,-0.0003246026,-0.00028727458,-0.1283307,-0.062844556,0.0003246026,0.00028727458,-0.00021955471,-0.00021955471,OK,0,0.0068582721,0.014308322,1.9343529e-07,4.8308424e-06,15,1.5,0.02,0.04,-0.05,40,40,40,40,40,10,0
1.345,0.12864569,0.06309118,-0.00032611988,-0.00037889467,-0.12864569,-0.06309118,0.00032611988,0.00037889467,-0.00036357926,-0.00036357926,OK,0,0.0069410207,0.014328224,1.9396706e-07,4.8315602e-06,15,1.5,0.02,0.04,-0.05,40,40,40,40,40,10,0
1.35,0.12896207,0.063463197,-0.00032831151,-0.00047091467,-0.12896207,-0.063463197,0.00032831151,0.00047091467,-0.0005132753,-0.0005132753,OK,0,0.0070241768,0.014348362,1.9450601e-07,4.832669e-06,15,1.5,0.02,0.04,-0.05,40,40,40,40,40,10,0
1.355,0.12928062,0.063954596,-0.0003310089,-0.00056070112,-0.12928062,-0.063954596,0.0003310089,0.00056070112,-0.00066238883,-0.00066238883,OK,0,0.0071077442,0.014368813,1.9505384e-07,4.8342409e-06,15,1.5,0.02,0.04,-0.05,40,40,40,40,40,10,0
1.36,0.12960202,0.064568927,-0.00033412792,-0.00064937651,-0.12960202,-0.064568927,0.00033412792,0.00064937651,-0.00081118605,-0.00081118605,OK,0,0.0071917276,0.014389659,1.9561205e-07,4.8363494e-06,15,1.5,0.02,0.04,-0.05,40,40,40,40,40,10,0
1.365,0.12992714,0.065309995,-0.0003374152,-0.00073806949,-0.12992714,-0.065309995,0.0003374152,0.00073806949,-0.00095738959,-0.00095738959,OK,0,0.0072761329,0.014410986,1.9618129e-07,4.8390731e-06,15,1.5,0.02,0.04,-0.05,40,40,40,40,40,10,0
1.37,0.13025606,0.066185526,-0.00034146161,-0.00082938694,-0.13025606,-0.066185526,0.00034146161,0.00082938694,-0.0011134622,-0.0011134622,OK,0,0.0073609661,0.014432888,1.9676427e-07,4.8425125e-06,15,1.5,0.02,0.04,-0.05,40,40,40,40,40,10,0
1.375,0.13058968,0.067186148,-0.00034601346,-0.00091893617,-0.13058968,-0.067186148,0.00034601346,0.00091893617,-0.0012693666,-0.0012693666,OK,0,0.0074462344,0.014455458,1.973629e-07,4.8467347e-06,15,1.5,0.02,0.04,-0.05,40,40,40,40,40,10,0
1.38,0.13092914,0.068317485,-0.00035056498,-0.0010082682,-0.13092914,-0.068317485,0.00035056498,0.0010082682,-0.0014195949,-0.0014195949,OK,0,0.0075319466,0.014478795,1.9797738e-07,4.8518178e-06,15,1.5,0.02,0.04,-0.05,40,40,40,40,40,10,0
1.385,0.13127439,0.069593707,-0.00035587564,-0.0011022783,-0.13127439,-0.069593707,0.00035587564,0.0011022783,-0.001582316,-0.001582316,OK,0,0.0076181114,0.014503011,1.9861062e-07,4.8578928e-06,15,1.5,0.02,0.04,-0.05,40,40,40,40,40,10,0
1.39,0.13162646,0.071003799,-0.0003616076,-0.0011955919,-0.13162646,-0.071003799,0.0003616076,0.0011955919,-0.0017448207,-0.0017448207,OK,0,0.0077047391,0.014528219,1.9926442e-07,4.86504e-06,15,1.5,0.02,0.04,-0.05,40,40,40,40,40,10,0
1.395,0.13198597,0.0725556,-0.00036784532,-0.0012903305,-0.13198597,-0.0725556,0.00036784532,0.0012903305,-0.0019112321,-0.0019112321,OK,0,0.0077918405,0.01455454,1.9994097e-07,4.8733648e-06,15,1.5,0.02,0.04,-0.05,40,40,40,40,40,10,0
1.4,0.13235355,0.074251804,-0.00037467326,-0.0013864282,-0.13235355,-0.074251804,0.00037467326,0.0013864282,-0.0020825979,-0.0020825979,OK,0,0.0078794279,0.014582107,2.0064287e-07,4.8829757e-06,15,1.5,0.02,0.04,-0.05,40,40,40,40,40,10,0
1.405,0.13273028,0.076094367,-0.00038175391,-0.0014834071,-0.13273028,-0.076094367,0.00038175391,0.0014834071,-0.002253039,-0.002253039,OK,0,0.0079675145,0.014611059,2.0137155e-07,4.8939782e-06,15,1.5,0.02,0.04,-0.05,40,40,40,40,40,10,0
1.41,0.13311635,0.07809441,-0.00038967783,-0.0015843694,-0.13311635,-0.07809441,0.00038967783,0.0015843694,-0.0024356182,-0.0024356182,OK,0,0.0080561143,0.014641552,2.0213079e-07,4.9065293e-06,15,1.5,0.02,0.04,-0.05,40,40,40,40,40,10,0
1.415,0.13351311,0.080245222,-0.00039785414,-0.0016851046,-0.13351311,-0.080245222,0.00039785414,0.0016851046,-0.0026153979,-0.0026153979,OK,0,0.0081452431,0.014673749,2.0292223e-07,4.9207272e-06,15,1.5,0.02,0.04,-0.05,40,40,40,40,40,10,0
1.42,0.1339213,0.082562226,-0.00040636763,-0.0017902046,-0.1339213,-0.082562226,0.00040636763,0.0017902046,-0.0027999063,-0.0027999063,OK,0,0.0082349176,0.014707831,2.037479e-07,4.9367514e-06,15,1.5,0.02,0.04,-0.05,40,40,40,40,40,10,0
1.425,0.13434128,0.085050962,-0.00041572438,-0.0019001493,-0.13434128,-0.085050962,0.00041572438,0.0019001493,-0.0029972255,-0.0029972255,OK,0,0.0083251555,0.014744,2.0461204e-07,4.9548042e-06,15,1.5,0.02,0.04,-0.05,40,40,40,40,40,10,0
1.43,0.13476967,0.085300745,-0.00042415374,-0.0013965402,-0.13476967,-0.085300745,0.00042415374,0.0013965402,-0.002349693,-0.002349693,OK,0,0.0084159698,0.014780381,2.0551157e-07,4.9645558e-06,15,1.5,0.02,0.04,-0.05,40,40,40,40,40,10,0
1.435,0.13519597,0.085256582,-0.00042971711,-0.00097444755,-0.13519597,-0.085256582,0.00042971711,0.00097444755,-0.0017932453,-0.0017932453,OK,0,0.0085073596,0.014816724,2.0643485e-07,4.9693036e-06,15,1.5,0.02,0.04,-0.05,40,40,40,40,40,10,0
1.44,0.13562556,0.086454866,-0.00043469059,-0.00098621095,-0.13562556,-0.086454866,0.00043469059,0.00098621095,-0.0018289695,-0.0018289695,OK,0,0.0085993311,0.014854096,2.0737963e-07,4.9741666e-06,15,1.5,0.02,0.04,-0.05,40,40,40,40,40,10,0
1.445,0.13606243,0.088056202,-0.0004399168,-0.0010923186,-0.13606243,-0.088056202,0.0004399168,0.0010923186,-0.0019937331,-0.0019937331,OK,0,0.008691896,0.014892866,2.0834727e-07,4.9801324e-06,15,1.5,0.02,0.04,-0.05,40,40,40,40,40,10,0
1.45,0.13650816,0.089884894,-0.00044556431,-0.0012206866,-0.13650816,-0.089884894,0.00044556431,0.0012206866,-0.0021889356,-0.0021889356,OK,0,0.0087850684,0.014933262,2.0933991e-07,4.9875828e-06,15,1.5,0.02,0.04,-0.05,40,40,40,40,40,10,0
1.455,0.13696343,0.091907255,-0.00045205508,-0.0013563775,-0.13696343,-0.091907255,0.00045205508,0.0013563775,-0.0023998335,-0.0023998335,OK,0,0.0088788633,0.014975497,2.1036167e-07,4.9967816e-06,15,1.5,0.02,0.04,-0.05,40,40,40,40,40,10,0
1.46,0.13742937,0.094111667,-0.00045921988,-0.0014932143,-0.13742937,-0.094111667,0.00045921988,0.0014932143,-0.0026150656,-0.0026150656,OK,0,0.0089732974,0.015019782,2.1141609e-07,5.0079301e-06,15,1.5,0.02,0.04,-0.05,40,40,40,40,40,10,0
1.465,0.13790681,0.096503698,-0.00046714348,-0.0016318062,-0.13790681,-0.096503698,0.00046714348,0.0016318062,-0.0028365775,-0.0028365775,OK,0,0.0090683889,0.015066347,2.125072e-07,5.021244e-06,15,1.5,0.02,0.04,-0.05,40,40,40,40,40,10,0
1.47,0.1383968,0.099087117,-0.00047574175,-0.0017718904,-0.1383968,-0.099087117,0.00047574175,0.0017718904,-0.0030625411,-0.0030625411,OK,0,0.0091641573,0.015115438,2.1363886e-07,5.036942e-06,15,1.5,0.02,0.04,-0.05,40,40,40,40,40,10,0
1.475,0.1389005,0.10186931,-0.00048484546,-0.0019145099,-0.1389005,-0.10186931,0.00048484546,0.0019145099,-0.0032916643,-0.0032916643,OK,0,0.009260624,0.015167325,2.1481423e-07,5.0552687e-06,15,1.5,0.02,0.04,-0.05,40,40,40,40,40,10,0
1.48,0.13941853,0.10486056,-0.00049487625,-0.0020617168,-0.13941853,-0.10486056,0.00049487625,0.0020617168,-0.0035329261,-0.0035329261,OK,0,0.0093578116,0.015222304,2.1603874e-07,5.0765221e-06,15,1.5,0.02,0.04,-0.05,40,40,40,40,40,10,0
1.485,0.1399522,0.1080594,-0.00050558169,-0.0022106712,-0.1399522,-0.1080594,0.00050558169,0.0022106712,-0.0037783121,-0.0037783121,OK,0,0.0094557447,0.015280688,2.1731681e-07,5.1009575e-06,15,1.5,0.02,0.04,-0.05,40,40,40,40,40,10,0
1.49,0.14050267,0.11147694,-0.00051687704,-0.0023634246,-0.14050267,-0.11147694,0.00051687704,0.0023634246,-0.0040291615,-0.0040291615,OK,0,0.0095544497,0.015342823,2.1865262e-07,5.1288863e-06,15,1.5,0.02,0.04,-0.05,40,40,40,40,40,10,0
1.495,0.1410706,0.11512349,-0.00052926836,-0.0025215495,-0.1410706,-0.11512349,0.00052926836,0.0025215495,-0.0042949981,-0.0042949981,OK,0,0.0096539543,0.015409091,2.2005324e-07,5.1606774e-06,15,1.5,0.02,0.04,-0.05,40,40,40,40,40,10,0
1.5,0.14165755,0.11899698,-0.00054233372,-0.0026814399,-0.14165755,-0.11899698,0.00054233372,0.0026814399,-0.0045641352,-0.0045641352,OK,0,0.0097542886,0.015479892,2.2152387e-07,5.196628e-06,15,1.5,0.02,0.04,-0.05,40,40,40,40,40,10,0
1.505,0.14226447,0.12311324,-0.00055632677,-0.0028465218,-0.14226447,-0.12311324,0.00055632677,0.0028465218,-0.0048448653,-0.0048448653,OK,0,0.0098554845,0.015555676,2.2307137e-07,5.2371414e-06,15,1.5,0.02,0.04,-0.05,40,40,40,40,40,10,0
1.51,0.14289287,0.12747749,-0.00057099386,-0.0030157701,-0.14289287,-0.12747749,0.00057099386,0.0030157701,-0.0051316058,-0.0051316058,OK,0,0.0099575764,0.015636929,2.2470154e-07,5.2826158e-06,15,1.5,0.02,0.04,-0.05,40,40,40,40,40,10,0
1.515,0.14354398,0.13210427,-0.00058641945,-0.003191706,-0.14354398,-0.13210427,0.00058641945,0.003191706,-0.0054288002,-0.0054288002,OK,0,0.010060601,0.015724187,2.2642098e-07,5.3335507e-06,15,1.5,0.02,0.04,-0.05,40,40,40,40,40,10,0
1.52,0.144219,0.13700314,-0.00060277242,-0.003374645,-0.144219,-0.13700314,0.00060277242,0.003374645,-0.0057390483,-0.0057390483,OK,0,0.010164596,0.015818036,2.2823765e-07,5.3904919e-06,15,1.5,0.02,0.04,-0.05,40,40,40,40,40,10,0
1.525,0.14491908,0.14218136,-0.00062030579,-0.0035637711,-0.14491908,-0.14218136,0.00062030579,0.0035637711,-0.0060646074,-0.0060646074,OK,0,0.010269604,0.015919114,2.3016155e-07,5.4539942e-06,15,1.5,0.02,0.04,-0.05,40,40,40,40,40,10,0
1.53,0.14564115,0.14265923,-0.0006373331,-0.0025233259,-0.14564115,-0.14265923,0.0006373331,0.0025233259,-0.0047257934,-0.0047257934,OK,0,0.010375661,0.016020872,2.3219251e-07,5.48583e-06,15,1.5,0.02,0.04,-0.05,40,40,40,40,40,10,0
1.535,0.14630644,0.12669137,-0.00063505701,0.0023545161,-0.14630644,-0.12669137,0.00063505701,-0.0023545161,0.0019997026,0.0019997026,OK,0,0.010482689,0.016101125,2.34209e-07,5.5135488e-06,15,1.5,0.02,0.04,-0.05,40,40,40,40,40,10,0
1.54,0.14692252,0.12099366,-0.00062072708,0.0031941937,-0.14692252,-0.12099366,0.00062072708,-0.0031941937,0.0032585813,0.0032585813,OK,0,0.01059062,0.016174323,2.3613551e-07,5.5645631e-06,15,1.5,0.02,0.04,-0.05,40,40,40,40,40,10,0
1.545,0.14751736,0.11772166,-0.00060487988,0.003155022,-0.14751736,-0.11772166,0.00060487988,-0.003155022,0.0033185483,0.0033185483,OK,0,0.010699427,0.016243615,2.3796491e-07,5.614334e-06,15,1.5,0.02,0.04,-0.05,40,40,40,40,40,10,0
1.55,0.14809818,0.11514652,-0.00058953844,0.0029319676,-0.14809818,-0.11514652,0.00058953844,-0.0029319676,0.0031226992,0.0031226992,OK,0,0.010809092,0.016309908,2.3970269e-07,5.6573161e-06,15,1.5,0.02,0.04,-0.05,40,40,40,40,40,10,0
1.555,0.14866661,0.11288994,-0.00057588286,0.002675423,-0.14866661,-0.11288994,0.00057588286,-0.002675423,0.0028638214,0.0028638214,OK,0,0.010919601,0.016373629,2.4136089e-07,5.6931056e-06,15,1.5,0.02,0.04,-0.05,40,40,40,40,40,10,0
1.56,0.14922501,0.11085056,-0.00056290134,0.0024242389,-0.14922501,-0.11085056,0.00056290134,-0.0024242389,0.0026113607,0.0026113607,OK,0,0.011030941,0.016435068,2.4294518e-07,5.7224902e-06,15,1.5,0.02,0.04,-0.05,40,40,40,40,40,10,0
1.565,0.14977334,0.1090273,-0.00055169044,0.0021769831,-0.14977334,-0.1090273,0.00055169044,-0.0021769831,0.0023466769,0.0023466769,OK,0,0.011143102,0.016494503,2.4446699e-07,5.7461865e-06,15,1.5,0.02,0.04,-0.05,40,40,40,40,40,10,0
1.57,0.1503134,0.10739357,-0.00054140661,0.001942688,-0.1503134,-0.10739357,0.00054140661,-0.001942688,0.0020949437,0.0020949437,OK,0,0.011256072,0.01655217,2.459326e-07,5.7650567e-06,15,1.5,0.02,0.04,-0.05,40,40,40,40,40,10,0
1.575,0.15084594,0.1059597,-0.00053221845,0.0017156574,-0.15084594,-0.1059597,0.00053221845,-0.0017156574,0.0018455164,0.0018455164,OK,0,0.011369845,0.016608307,2.4734888e-07,5.7797741e-06,15,1.5,0.02,0.04,-0.05,40,40,40,40,40,10,0
1.58,0.15137176,0.10472185,-0.00052429485,0.0014960784,-0.15137176,-0.10472185,0.00052429485,-0.0014960784,0.0015960041,0.0015960041,OK,0,0.011484412,0.01666314,2.4872331e-07,5.7909654e-06,15,1.5,0.02,0.04,-0.05,40,40,40,40,40,10,0
1.585,0.15189202,0.10367376,-0.00051738276,0.0012852715,-0.15189202,-0.10367376,0.00051738276,-0.0012852715,0.0013519564,0.0013519564,OK,0,0.011599768,0.016716882,2.5006173e-07,5.799225e-06,15,1.5,0.02,0.04,-0.05,40,40,40,40,40,10,0
1.59,0.15240747,0.10281808,-0.00051165079,0.0010811259,-0.15240747,-0.10281808,0.00051165079,-0.0010811259,0.0011077995,0.0011077995,OK,0,0.011715908,0.016769739,2.5137067e-07,5.8050691e-06,15,1.5,0.02,0.04,-0.05,40,40,40,40,40,10,0
1.595,0.15291953,0.1021505,-0.00050659317,0.00088450079,-0.15291953,-0.1021505,0.00050659317,-0.00088450079,0.00087226421,0.00087226421,OK,0,0.01183283,0.016821913,2.5265385e-07,5.8089809e-06,15,1.5,0.02,0.04,-0.05,40,40,40,40,40,10,0
1.6,0.15342847,0.10168016,-0.00050288425,0.00069099081,-0.15342847,-0.10168016,0.00050288425,-0.00069099081,0.00062899818,0.00062899818,OK,0,0.011950531,0.016873607,2.5391831e-07,5.8113682e-06,15,1.5,0.02,0.04,-0.05,40,40,40,40,40,10,0
1.605,0.15393589,0.10139384,-0.00049984968,0.00050535843,-0.15393589,-0.10139384,0.00049984968,-0.00050535843,0.00039476388,0.00039476388,OK,20,0.012069013,0.016925011,2.5516756e-07,5.8126451e-06,15,1.5,0.02,0.04,-0.05,40,40,40,40,40,10,0
1.61,0.15358486,-0.18466821,0.0017142148,0.73779404,-0.15358486,0.18466821,-0.0017142148,-0.73779404,1.1280893,1.1280893,OK,20,0.012186954,0.017095523,2.6986022e-07,0.0027275129,15,1.5,0.02,0.04,-0.05,40,40,40,40,40,10,0
1.615,0.15681694,1.2045797,0.0056812763,0.83083185,-0.15681694,-1.2045797,-0.0056812763,-0.83083185,1.3827864,1.35,OK,20,0.012309912,0.024350583,4.3124472e-07,0.0061789207,15,1.5,0.02,0.04,-0.05,40,40,40,40,40,10,0
1.62,0.17004935,3.7000095,0.0098737124,0.84931646,-0.17004935,-3.7000095,-0.0098737124,-0.84931646,1.5734817,1.35,OK,20,0.012454496,0.092800935,9.1869571e-07,0.0097856129,15,1.5,0.02,0.04,-0.05,40,40,40,40,40,10,0
1.625,0.19354019,5.7431034,0.014033895,0.84354047,-0.19354019,-5.7431034,-0.014033895,-0.84354047,1.7094141,1.35,OK,20,0.012641785,0.25771712,1.9034467e-06,0.013343415,15,1.5,0.02,0.04,-0.05,40,40,40,40,40,10,0
1.63,0.22986965,7.4152518,0.018326863,0.81533149,-0.22986965,-7.4152518,-0.018326863,-0.81533149,1.7991076,1.35,OK,20,0.012905985,0.53264691,3.5828162e-06,0.016667243,15,1.5,0.02,0.04,-0.05,40,40,40,40,40,10,0
1.635,0.27822361,10.682313,0.022721342,0.88908622,-0.27822361,-10.682313,-0.022721342,-0.88908622,2.1073065,1.35,OK,20,0.013293027,1.103206,6.1641133e-06,0.020619614,15,1.5,0.02,0.04,-0.05,40,40,40,40,40,10,0
1.64,0.33458933,11.365066,0.026974412,0.80657187,-0.33458933,-11.365066,-0.026974412,-0.80657187,2.0757684,1.35,OK,20,0.013852777,1.7490296,9.8022077e-06,0.023872405,15,1.5,0.02,0.04,-0.05,40,40,40,40,40,10,0
1.645,0.40531831,14.17382,0.03150668,0.85788781,-0.40531831,-14.17382,-0.03150668,-0.85788781,2.3344911,1.35,OK,20,0.014674192,2.7535155,1.4765562e-05,0.027552263,15,1.5,0.02,0.04,-0.05,40,40,40,40,40,10,0
1.65,0.48535206,17.823583,0.036004286,0.96536194,-0.48535206,-17.823583,-0.036004286,-0.96536194,2.7107576,1.35,OK,20,0.015852025,4.341916,2.1247105e-05,0.032211881,15,1.5,0.02,0.04,-0.05,40,40,40,40,40,10,0
1.655,0.57684058,18.437788,0.040601854,0.87939756,-0.57684058,-18.437788,-0.040601854,-0.87939756,2.6771725,1.35,OK,20,0.01751575,6.0416762,2.9489658e-05,0.036078581,15,1.5,0.02,0.04,-0.05,40,40,40,40,40,10,0
1.66,0.6786471,21.412751,0.045238874,0.94807117,-0.6786471,-21.412751,-0.045238874,-0.94807117,2.9707728,1.35,OK,20,0.019818559,8.3342057,3.9722436e-05,0.040572776,15,1.5,0.02,0.04,-0.05,40,40,40,40,40,10,0
1.665,0.79316259,24.837968,0.050078954,1.0406573,-0.79316259,-24.837968,-0.050078954,-1.0406573,3.3215522,1.35,OK,20,0.022964094,11.418829,5.2261944e-05,0.045987614,15,1.5,0.02,0.04,-0.05,40,40,40,40,40,10,0
1.67,0.91451867,24.083811,0.054753844,0.87761312,-0.91451867,-24.083811,-0.054753844,-0.87761312,3.1193701,1.35,OK,20,0.027145816,14.318979,6.7251862e-05,0.049838638,15,1.5,0.02,0.04,-0.05,40,40,40,40,40,10,0
1.675,1.0497108,28.572168,0.059712214,1.040411,-1.0497108,-28.572168,-0.059712214,-1.040411,3.6201807,1.35,OK,20,0.032655279,18.400822,8.5079604e-05,0.055250914,15,1.5,0.02,0.04,-0.05,40,40,40,40,40,10,0
1.68,1.1917004,28.707987,0.064528147,0.9385355,-1.1917004,-28.707987,-0.064528147,-0.9385355,3.547879,1.35,OK,20,0.039756028,22.521565,0.00010589901,0.059655158,15,1.5,0.02,0.04,-0.05,40,40,40,40,40,10,0
1.685,1.3458284,29.333924,0.069536104,0.86813874,-1.3458284,-29.333924,-0.069536104,-0.86813874,3.5455232,1.35,OK,20,0.048812299,26.823961,0.00013007536,0.063423482,15,1.5,0.02,0.04,-0.05,40,40,40,40,40,10,0
1.69,1.5102578,33.544591,0.074634887,1.0178117,-1.5102578,-33.544591,-0.074634887,-1.0178117,4.0182296,1.35,OK,20,0.060216692,32.450159,0.00015792719,0.068603185,15,1.5,0.02,0.04,-0.05,40,40,40,40,40,10,0
1.695,1.6830632,36.113512,0.079714522,1.0686469,-1.6830632,-36.113512,-0.079714522,-1.0686469,4.27689,1.35,OK,20,0.074380201,38.971087,0.00018969922,0.074313217,15,1.5,0.02,0.04,-0.05,40,40,40,40,40,10,0
1.7,1.8683934,37.300863,0.085037868,1.0391945,-1.8683934,-37.300863,-0.085037868,-1.0391945,4.3637621,1.35,OK,20,0.09183467,45.927859,0.00022585641,0.079712842,15,1.5,0.02,0.04,-0.05,40,40,40,40,40,10,0
1.705,2.0624212,39.384693,0.090387978,1.0651767,-2.0624212,-39.384693,-0.090387978,-1.0651767,4.5702209,1.35,OK,0,0.11310258,53.68363,0.00026670635,0.085385849,15,1.5,0.02,0.04,-0.05,40,40,40,40,40,10,0
1.71,2.2683476,40.683988,0.093690674,0.29034734,-2.2683476,-40.683988,-0.093690674,-0.29034734,3.5136076,1.35,OK,0,0.13882958,61.959564,0.00031059606,0.085807357,15,1.5,0.02,0.04,-0.05,40,40,40,40,40,10,0
1.715,2.4785647,44.083613,0.092999509,-0.35850077,-2.4785647,-44.083613,-0.092999509,0.35850077,2.6701573,1.35,OK,0,0.169546,71.676389,0.0003538406,0.086449971,15,1.5,0.02,0.04,-0.05,40,40,40,40,40,10,0
1.72,2.7063073,46.339249,0.089081303,-1.0783289,-2.7063073,-46.339249,-0.089081303,1.0783289,1.6264222,1.35,OK,0,0.20616649,82.413019,0.00039351799,0.092263938,15,1.5,0.02,0.04,-0.05,40,40,40,40,40,10,0
1.725,2.9329161,46.069679,0.080824811,-1.9474096,-2.9329161,-46.069679,-0.080824811,1.9474096,0.19270329,0.19270329,OK,0,0.24917648,93.025096,0.00042618124,0.11122596,15,1.5,0.02,0.04,-0.05,40,40,40,40,40,10,0
1.73,3.1553255,44.067513,0.070223794,-2.1953935,-3.1553255,-44.067513,-0.070223794,2.1953935,-0.41392633,-0.41392633,OK,0,0.29895687,102.73482,0.00045083815,0.13532472,15,1.5,0.02,0.04,-0.05,40,40,40,40,40,10,0
1.735,3.3557581,37.252195,0.058837665,-2.3373658,-3.3557581,-37.252195,-0.058837665,2.3373658,-1.0662808,-1.0662808,OK,0,0.35526244,109.67345,0.0004681475,0.16264112,15,1.5,0.02,0.04,-0.05,40,40,40,40,40,10,0
1.74,3.5282746,33.394862,0.048444752,-1.8636559,-3.5282746,-33.394862,-0.048444752,1.8636559,-0.6624526,-0.6624526,OK,0,0.41750604,115.24954,0.00047988197,0.18000718,15,1.5,0.02,0.04,-0.05,40,40,40,40,40,10,0
1.745,3.6920216,32.429888,0.040315939,-1.4624157,-3.6920216,-32.429888,-0.040315939,1.4624157,-0.21784848,-0.21784848,OK,0,0.48566116,120.50803,0.00048800885,0.19070048,15,1.5,0.02,0.04,-0.05,40,40,40,40,40,10,0
1.75,3.8594952,34.245374,0.033850973,-1.1732754,-3.8594952,-34.245374,-0.033850973,1.1732754,0.19485629,0.19485629,OK,0,0.56013968,126.37175,0.00049373829,0.19758336,15,1.5,0.02,0.04,-0.05,40,40,40,40,40,10,0
1.755,4.033034,34.659756,0.027764046,-1.2590495,-4.033034,-34.659756,-0.027764046,1.2590495,-0.0050626569,-0.0050626569,OK,0,0.64146649,132.37825,0.0004975925,0.20550939,15,1.5,0.02,0.04,-0.05,40,40,40,40,40,10,0
1.76,4.2062382,34.638795,0.021489196,-1.2513496,-4.2062382,-34.638795,-0.021489196,1.2513496,-0.085009888,-0.085009888,OK,0,0.72992869,138.37748,0.00049990143,0.21333876,15,1.5,0.02,0.04,-0.05,40,40,40,40,40,10,0
1.765,4.3787205,34.358236,0.01540346,-1.1986226,-4.3787205,-34.358236,-0.01540346,1.1986226,-0.10497823,-0.10497823,OK,0,0.82579466,144.27992,0.00050108776,0.22052225,15,1.5,0.02,0.04,-0.05,40,40,40,40,40,10,0
1.77,4.5499029,34.246374,0.0095975,-1.127621,-4.5499029,-34.246374,-0.0095975,1.127621,-0.086615912,-0.086615912,OK,0,0.92930274,150.14399,0.00050154832,0.22687989,15,1.5,0.02,0.04,-0.05,40,40,40,40,40,10,0
1.775,4.7206602,34.10772,0.0041276031,-1.0693095,-4.7206602,-34.10772,-0.0041276031,1.0693095,-0.083328199,-0.083328199,OK,0,1.0407259,155.96067,0.00050163351,0.232597,15,1.5,0.02,0.04,-0.05,40,40,40,40,40,10,0
1.78,4.8903956,33.847696,-0.0011000695,-1.0271571,-4.8903956,-33.847696,0.0011000695,1.0271571,-0.10552093,-0.10552093,OK,0,1.1603058,161.68901,0.00050163956,0.23787226,15,1.5,0.02,0.04,-0.05,40,40,40,40,40,10,0
1.785,5.0593146,33.618529,-0.0060332889,-0.96878039,-5.0593146,-33.618529,0.0060332889,0.96878039,-0.097742468,-0.097742468,OK,0,1.2882891,167.34003,0.00050182156,0.24256494,15,1.5,0.02,0.04,-0.05,40,40,40,40,40,10,0
1.79,5.227713,33.578987,-0.010651192,-0.90265098,-5.227713,-33.578987,0.010651192,0.90265098,-0.06603063,-0.06603063,OK,0,1.424934,172.97778,0.0005023888,0.24663883,15,1.5,0.02,0.04,-0.05,40,40,40,40,40,10,0
1.795,5.3955538,33.62962,-0.015035614,-0.85684841,-5.3955538,-33.62962,0.015035614,0.85684841,-0.057710973,-0.057710973,OK,0,1.570494,178.63253,0.00050351915,0.25030978,15,1.5,0.02,0.04,-0.05,40,40,40,40,40,10,0
1.8,5.5630627,33.401933,-0.019242948,-0.83271507,-5.5630627,-33.401933,0.019242948,0.83271507,-0.09037827,-0.09037827,OK,0,1.7252323,184.21098,0.00050537061,0.25377685,15,1.5,0.02,0.04,-0.05,40,40,40,40,40,10,0
1.805,5.7298787,33.295774,-0.023242125,-0.78073149,-5.7298787,-33.295774,0.023242125,0.78073149,-0.073300583,-0.073300583,OK,0,1.8893899,189.75402,0.00050807159,0.25682456,15,1.5,0.02,0.04,-0.05,40,40,40,40,40,10,0
1.81,5.8959427,33.138687,-0.027038366,-0.74557276,-5.8959427,-33.138687,0.027038366,0.74557276,-0.080468283,-0.080468283,OK,0,2.0632006,195.24488,0.00051172695,0.25960395,15,1.5,0.02,0.04,-0.05,40,40,40,40,40,10,0
1.815,6.0613082,32.947073,-0.030641012,-0.70944045,-6.0613082,-32.947073,0.030641012,0.70944045,-0.084666771,-0.084666771,OK,0,2.2468979,200.67243,0.00051642131,0.26212048,15,1.5,0.02,0.04,-0.05,40,40,40,40,40,10,0
1.82,6.2259126,32.743812,-0.034052006,-0.67153935,-6.2259126,-32.743812,0.034052006,0.67153935,-0.083818366,-0.083818366,OK,0,2.4407078,206.03322,0.00052221901,0.26437531,15,1.5,0.02,0.04,-0.05,40,40,40,40,40,10,0
1.825,6.3900326,32.786963,-0.037254537,-0.62339046,-6.3900326,-32.786963,0.037254537,0.62339046,-0.054624548,-0.054624548,OK,0,2.6448704,211.40814,0.00052915851,0.26631839,15,1.5,0.02,0.04,-0.05,40,40,40,40,40,10,0
1.83,6.5534609,32.572392,-0.040315685,-0.60593843,-6.5534609,-32.572392,0.040315685,0.60593843,-0.07967801,-0.07967801,OK,0,2.8596096,216.71295,0.00053728528,0.26815419,15,1.5,0.02,0.04,-0.05,40,40,40,40,40,10,0
1.835,6.7170528,32.646023,-0.043200159,-0.56581365,-6.7170528,-32.646023,0.043200159,0.56581365,-0.056540892,-0.056540892,OK,0,3.0852036,222.04176,0.00054661655,0.26975492,15,1.5,0.02,0.04,-0.05,40,40,40,40,40,10,0
1.84,6.8798725,32.663212,-0.045959708,-0.5375164,-6.8798725,-32.663212,0.045959708,0.5375164,-0.051544306,-0.051544306,OK,0,3.3218669,227.37619,0.00055717802,0.27119954,15,1.5,0.02,0.04,-0.05,40,40,40,40,40,10,0
1.845,7.042743,32.58329,-0.048593236,-0.51996318,-7.042743,-32.58329,0.048593236,0.51996318,-0.064656856,-0.064656856,OK,0,3.569868,232.68454,0.00056898454,0.27255135,15,1.5,0.02,0.04,-0.05,40,40,40,40,40,10,0
1.85,7.2048611,32.483831,-0.051126695,-0.49400654,-7.2048611,-32.483831,0.051126695,0.49400654,-0.064459749,-0.064459749,OK,0,3.8294181,237.96054,0.00058205423,0.27377156,15,1.5,0.02,0.04,-0.05,40,40,40,40,40,10,0
1.855,7.3664711,32.271372,-0.053536089,-0.47444985,-7.3664711,-32.271372,0.053536089,0.47444985,-0.076531827,-0.076531827,OK,0,4.1007426,243.16774,0.0005963848,0.27489707,15,1.5,0.02,0.04,-0.05,40,40,40,40,40,10,0
1.86,7.5275829,32.2887,-0.055811373,-0.43767199,-7.5275829,-32.2887,0.055811373,0.43767199,-0.051578915,-0.051578915,OK,0,4.3840651,248.38055,0.00061195934,0.27585486,15,1.5,0.02,0.04,-0.05,40,40,40,40,40,10,0
1.865,7.688511,32.216822,-0.057960256,-0.42397445,-7.688511,-32.216822,0.057960256,0.42397445,-0.062922436,-0.062922436,OK,0,4.6796311,253.57016,0.0006287563,0.27675363,15,1.5,0.02,0.04,-0.05,40,40,40,40,40,10,0
1.87,7.8489018,32.008557,-0.060022878,-0.40832426,-7.8489018,-32.008557,0.060022878,0.40832426,-0.07550926,-0.07550926,OK,0,4.9876574,258.6929,0.00064677003,0.27758727,15,1.5,0.02,0.04,-0.05,40,40,40,40,40,10,0
1.875,8.0085514,31.876146,-0.061979571,-0.37744216,-8.0085514,-31.876146,0.061979571,0.37744216,-0.060639941,-0.060639941,OK,0,5.3083419,263.77335,0.00066597736,0.27829958,15,1.5,0.02,0.04,-0.05,40,40,40,40,40,10,0
1.88,8.168153,31.950524,-0.063794736,-0.3577959,-8.168153,-31.950524,0.063794736,0.3577959,-0.052230856,-0.052230856,OK,0,5.6419355,268.87753,0.00068632621,0.27893967,15,1.5,0.02,0.04,-0.05,40,40,40,40,40,10,0
1.885,8.3273505,31.859676,-0.065533227,-0.34096225,-8.3273505,-31.859676,0.065533227,0.34096225,-0.053507738,-0.053507738,OK,0,5.9886594,273.95272,0.00070779923,0.27952095,15,1.5,0.02,0.04,-0.05,40,40,40,40,40,10,0
1.89,8.4862214,31.743236,-0.067200423,-0.32990729,-8.4862214,-31.743236,0.067200423,0.32990729,-0.063413424,-0.063413424,OK,0,6.3487391,278.99088,0.00073037871,0.28006514,15,1.5,0.02,0.04,-0.05,40,40,40,40,40,10,0
1.895,8.64436,31.512644,-0.068801068,-0.31283402,-8.64436,-31.512644,0.068801068,0.31283402,-0.067874084,-0.067874084,OK,0,6.7223639,283.95612,0.00075404664,0.28055447,15,1.5,0.02,0.04,-0.05,40,40,40,40,40,10,0
1.9,8.8023142,31.508146,-0.070285216,-0.29212733,-8.8023142,-31.508146,0.070285216,0.29212733,-0.056097109,-0.056097109,OK,0,7.1097676,288.91993,0.0007787467,0.28098116,15,1.5,0.02,0.04,-0.05,40,40,40,40,40,10,0
1.905,8.9596873,31.499723,-0.071684287,-0.27088246,-8.9596873,-31.499723,0.071684287,0.27088246,-0.042405314,-0.042405314,OK,0,7.5111476,293.8811,0.00080443989,0.28134805,15,1.5,0.02,0.04,-0.05,40,40,40,40,40,10,0
1.91,9.1170904,31.42477,-0.073031742,-0.26913693,-9.1170904,-31.42477,0.073031742,0.26913693,-0.059848944,-0.059848944,OK,0,7.9267543,298.81868,0.00083110806,0.28171022,15,1.5,0.02,0.04,-0.05,40,40,40,40,40,10,0
1.915,9.2738248,31.257373,-0.074334247,-0.25914164,-9.2738248,-31.257373,0.074334247,0.25914164,-0.067954743,-0.067954743,OK,0,8.3567734,303.7038,0.00085873597,0.28204599,15,1.5,0.02,0.04,-0.05,40,40,40,40,40,10,0
1.92,9.4301211,31.184418,-0.075561358,-0.2331653,-9.4301211,-31.184418,0.075561358,0.2331653,-0.04718919,-0.04718919,OK,0,8.8014093,308.56613,0.00088728356,0.28231782,15,1.5,0.02,0.04,-0.05,40,40,40,40,40,10,0
1.925,9.5863675,31.219396,-0.076740599,-0.23214637,-9.5863675,-31.219396,0.076740599,0.23214637,-0.058825338,-0.058825338,OK,0,9.2609015,313.43939,0.00091672916,0.28258728,15,1.5,0.02,0.04,-0.05,40,40,40,40,40,10,0
1.93,9.7420797,31.167684,-0.077855221,-0.2181576,-9.7420797,-31.167684,0.077855221,0.2181576,-0.053515775,-0.053515775,OK,0,9.7354421,318.29651,0.00094703633,0.28282525,15,1.5,0.02,0.04,-0.05,40,40,40,40,40,10,0
1.935,9.8975333,31.058829,-0.078914503,-0.20707636,-9.8975333,-31.058829,0.078914503,0.20707636,-0.054028258,-0.054028258,OK,0,10.225248,323.11977,0.00097817383,0.28303965,15,1.5,0.02,0.04,-0.05,40,40,40,40,40,10,0
1.94,10.052834,31.033828,-0.079927458,-0.2050197,-10.052834,-31.033828,0.079927458,0.2050197,-0.064031623,-0.064031623,OK,0,10.730545,327.93526,0.0010101158,0.28324982,15,1.5,0.02,0.04,-0.05,40,40,40,40,40,10,0
1.945,10.207299,30.873372,-0.08089544,-0.18914793,-10.207299,-30.873372,0.08089544,0.18914793,-0.058072615,-0.058072615,OK,0,11.25149,332.70108,0.0010428362,0.2834287,15,1.5,0.02,0.04,-0.05,40,40,40,40,40,10,0
1.95,10.361448,30.739899,-0.08179384,-0.17283987,-10.361448,-30.739899,0.08179384,0.17283987,-0.049342475,-0.049342475,OK,0,11.788288,337.42579,0.0010762873,0.28357807,15,1.5,0.02,0.04,-0.05,40,40,40,40,40,10,0
1.955,10.51556,30.741965,-0.082649179,-0.16669481,-10.51556,-30.741965,0.082649179,0.16669481,-0.049790098,-0.049790098,OK,0,12.341173,342.15113,0.0011104418,0.283717,15,1.5,0.02,0.04,-0.05,40,40,40,40,40,10,0
1.96,10.669521,30.758784,-0.083453448,-0.16337884,-10.669521,-30.758784,0.083453448,0.16337884,-0.053128184,-0.053128184,OK,0,12.910367,346.88165,0.0011452642,0.28385047,15,1.5,0.02,0.04,-0.05,40,40,40,40,40,10,0
1.965,10.822761,30.607164,-0.084227955,-0.15016975,-10.822761,-30.607164,0.084227955,0.15016975,-0.047932158,-0.047932158,OK,0,13.496027,351.56564,0.0011807359,0.28396322,15,1.5,0.02,0.04,-0.05,40,40,40,40,40,10,0
1.97,10.976028,30.596692,-0.08497946,-0.1496242,-10.976028,-30.596692,0.08497946,0.1496242,-0.05573995,-0.05573995,OK,0,14.098393,356.24643,0.0012168435,0.28407516,15,1.5,0.02,0.04,-0.05,40,40,40,40,40,10,0
1.975,11.128809,30.514565,-0.085694692,-0.13928013,-11.128809,-30.514565,0.085694692,0.13928013,-0.051181806,-0.051181806,OK,0,14.717645,360.90212,0.0012535614,0.28417215,15,1.5,0.02,0.04,-0.05,40,40,40,40,40,10,0
1.98,11.28131,30.553536,-0.086363171,-0.14146139,-11.28131,-30.553536,0.086363171,0.14146139,-0.059871992,-0.059871992,OK,0,15.353985,365.56971,0.0012908543,0.28427221,15,1.5,0.02,0.04,-0.05,40,40,40,40,40,10,0
1.985,11.433102,30.228145,-0.087014849,-0.12296085,-11.433102,-30.228145,0.087014849,0.12296085,-0.051876183,-0.051876183,OK,0,16.007564,370.13842,0.0013287123,0.28434781,15,1.5,0.02,0.04,-0.05,40,40,40,40,40,10,0
1.99,11.585034,30.365397,-0.087602462,-0.11351463,-11.585034,-30.365397,0.087602462,0.11351463,-0.037992297,-0.037992297,OK,0,16.678629,374.7487,0.0013670832,0.28441224,15,1.5,0.02,0.04,-0.05,40,40,40,40,40,10,0
1.995,11.736826,30.356458,-0.088176347,-0.11818728,-11.736826,-30.356458,0.088176347,0.11818728,-0.050931292,-0.050931292,OK,0,17.367395,379.35628,0.0014059586,0.28448208,15,1.5,0.02,0.04,-0.05,40,40,40,40,40,10,0
2,11.888018,30.226363,-0.088761656,-0.10971666,-11.888018,-30.226363,0.088761656,0.10971666,-0.049184961,-0.049184961,OK,0,18.074019,383.92444,0.0014453517,0.28454227,15,1.5,0.02,0.04,-0.05,40,40,40,40,40,10,0
2.005,12.039091,30.180748,-0.089314059,-0.11430636,-12.039091,-30.180748,0.089314059,0.11430636,-0.063158691,-0.063158691,OK,0,18.798718,388.47883,0.0014852367,0.2846076,15,1.5,0.02,0.04,-0.05,40,40,40,40,40,10,0
2.01,12.18962,30.056165,-0.089843028,-0.10147704,-12.18962,-30.056165,0.089843028,0.10147704,-0.053821994,-0.053821994,OK,0,19.541652,392.99569,0.0015255956,0.28465908,15,1.5,0.02,0.04,-0.05,40,40,40,40,40,10,0
2.015,12.340017,30.017054,-0.09029994,-0.085493967,-12.340017,-30.017054,0.09029994,0.085493967,-0.035257579,-0.035257579,OK,0,20.303032,397.50081,0.001566366,0.28469563,15,1.5,0.02,0.04,-0.05,40,40,40,40,40,10,0
2.02,12.490405,30.06368,-0.090757223,-0.09389944,-12.490405,-30.06368,0.090757223,0.09389944,-0.049852228,-0.049852228,OK,0,21.083083,402.01994,0.0016075503,0.28473971,15,1.5,0.02,0.04,-0.05,40,40,40,40,40,10,0
2.025,12.640297,29.939235,-0.091230949,-0.094030767,-12.640297,-29.939235,0.091230949,0.094030767,-0.059135045,-0.059135045,OK,0,21.881969,406.50172,0.0016491658,0.28478392,15,1.5,0.02,0.04,-0.05,40,40,40,40,40,10,0
2.03,12.789926,29.855702,-0.091689719,-0.090946686,-12.789926,-29.855702,0.091689719,0.090946686,-0.061739207,-0.061739207,OK,0,22.69988,410.95854,0.0016912008,0.28482528,15,1.5,0.02,0.04,-0.05,40,40,40,40,40,10,0
2.035,12.938682,29.851151,-0.09208734,-0.072298898,-12.938682,-29.851151,0.09208734,0.072298898,-0.036938759,-0.036938759,OK,0,23.536927,415.414,0.0017336012,0.28485142,15,1.5,0.02,0.04,-0.05,40,40,40,40,40,10,0
2.04,13.087711,29.765986,-0.092462632,-0.072125081,-13.087711,-29.765986,0.092462632,0.072125081,-0.04273342,-0.04273342,OK,0,24.393368,419.84407,0.0017763479,0.28487743,15,1.5,0.02,0.04,-0.05,40,40,40,40,40,10,0
2.045,13.236516,29.763619,-0.092843413,-0.080920026,-13.236516,-29.763619,0.092843413,0.080920026,-0.058756181,-0.058756181,OK,0,25.269395,424.27343,0.0018194474,0.28491017,15,1.5,0.02,0.04,-0.05,40,40,40,40,40,10,0
2.05,13.384667,29.524514,-0.093224399,-0.072914883,-13.384667,-29.524514,0.093224399,0.072914883,-0.059064426,-0.059064426,OK,0,26.165141,428.63191,0.0018629013,0.28493675,15,1.5,0.02,0.04,-0.05,40,40,40,40,40,10,0
2.055,13.532498,29.593853,-0.093547651,-0.056219319,-13.532498,-29.593853,0.093547651,0.056219319,-0.033139688,-0.033139688,OK,0,27.080784,433.0109,0.0019066571,0.28495255,15,1.5,0.02,0.04,-0.05,40,40,40,40,40,10,0
2.06,13.68051,29.538089,-0.093914948,-0.073450122,-13.68051,-29.538089,0.093914948,0.073450122,-0.063765624,-0.063765624,OK,0,28.016566,437.37339,0.0019507572,0.28497953,15,1.5,0.02,0.04,-0.05,40,40,40,40,40,10,0
2.065,13.827786,29.527006,-0.094240452,-0.063479296,-13.827786,-29.527006,0.094240452,0.063479296,-0.051189786,-0.051189786,OK,0,28.972604,441.73261,0.0019951635,0.28499967,15,1.5,0.02,0.04,-0.05,40,40,40,40,40,10,0
2.07,13.974843,29.401188,-0.094556171,-0.059788593,-13.974843,-29.401188,0.094556171,0.059788593,-0.052481075,-0.052481075,OK,0,29.949085,446.05476,0.0020398679,0.28501755,15,1.5,0.02,0.04,-0.05,40,40,40,40,40,10,0
2.075,14.121652,29.411164,-0.09483765,-0.060411807,-14.121652,-29.411164,0.09483765,0.060411807,-0.05430288,-0.05430288,OK,0,30.94619,450.37984,0.0020848388,0.2850358,15,1.5,0.02,0.04,-0.05,40,40,40,40,40,10,0
2.08,14.268099,29.185176,-0.095113552,-0.049665423,-14.268099,-29.185176,0.095113552,0.049665423,-0.048432393,-0.048432393,OK,0,31.964083,454.63871,0.0021300717,0.28504813,15,1.5,0.02,0.04,-0.05,40,40,40,40,40,10,0
2.085,14.414497,29.313546,-0.095338777,-0.04780992,-14.414497,-29.313546,0.095338777,0.04780992,-0.040964762,-0.040964762,OK,0,33.002972,458.93513,0.0021755191,0.28505956,15,1.5,0.02,0.04,-0.05,40,40,40,40,40,10,0
2.09,14.560768,29.231008,-0.095598714,-0.049749535,-14.560768,-29.231008,0.095598714,0.049749535,-0.048149339,-0.048149339,OK,0,34.063052,463.20739,0.0022212147,0.28507193,15,1.5,0.02,0.04,-0.05,40,40,40,40,40,10,0
2.095,14.706315,29.013465,-0.095846239,-0.045771021,-14.706315,-29.013465,0.095846239,0.045771021,-0.051685236,-0.051685236,OK,0,35.14443,467.4163,0.0022671472,0.28508241,15,1.5,0.02,0.04,-0.05,40,40,40,40,40,10,0
2.1,14.852064,29.076011,-0.096109435,-0.050436409,-14.852064,-29.076011,0.096109435,0.050436409,-0.05721442,-0.05721442,OK,0,36.247349,471.64337,0.0023133323,0.28509513,15,1.5,0.02,0.04,-0.05,40,40,40,40,40,10,0
2.105,14.997276,29.090581,-0.096310655,-0.045950663,-14.997276,-29.090581,0.096310655,0.045950663,-0.050017055,-0.050017055,OK,0,37.371941,475.87468,0.002359711,0.28510569,15,1.5,0.02,0.04,-0.05,40,40,40,40,40,10,0
2.11,15.14232,28.965189,-0.096505061,-0.033486563,-15.14232,-28.965189,0.096505061,0.033486563,-0.036351809,-0.036351809,OK,0,38.51839,480.06959,0.0024062772,0.28511129,15,1.5,0.02,0.04,-0.05,40,40,40,40,40,10,0
2.115,15.287058,28.93358,-0.096736553,-0.046530836,-15.287058,-28.93358,0.096736553,0.046530836,-0.057760204,-0.057760204,OK,0,39.686861,484.25535,0.002453067,0.28512212,15,1.5,0.02,0.04,-0.05,40,40,40,40,40,10,0
2.12,15.431341,28.925894,-0.096934288,-0.032958805,-15.431341,-28.925894,0.096934288,0.032958805,-0.037789961,-0.037789961,OK,0,40.877492,488.43889,0.0025000483,0.28512755,15,1.5,0.02,0.04,-0.05,40,40,40,40,40,10,0
2.125,15.575709,28.887885,-0.097143397,-0.041572765,-15.575709,-28.887885,0.097143397,0.041572765,-0.052480546,-0.052480546,OK,0,42.090506,492.61144,0.0025472324,0.28513619,15,1.5,0.02,0.04,-0.05,40,40,40,40,40,10,0
2.13,15.719788,28.774976,-0.097359922,-0.042054201,-15.719788,-28.774976,0.097359922,0.042054201,-0.05808532,-0.05808532,OK,0,43.326064,496.75143,0.0025946272,0.28514503,15,1.5,0.02,0.04,-0.05,40,40,40,40,40,10,0
2.135,15.863496,28.713454,-0.097578682,-0.043262646,-15.863496,-28.713454,0.097578682,0.043262646,-0.062766115,-0.062766115,OK,0,44.584317,500.87375,0.0026422352,0.28515439,15,1.5,0.02,0.04,-0.05,40,40,40,40,40,10,0
2.14,16.006809,28.690895,-0.097756381,-0.036873108,-16.006809,-28.690895,0.097756381,0.036873108,-0.053883392,-0.053883392,OK,0,45.865406,504.98958,0.0026900168,0.28516119,15,1.5,0.02,0.04,-0.05,40,40,40,40,40,10,0
2.145,16.14979,28.600998,-0.097904666,-0.027091803,-16.14979,-28.600998,0.097904666,0.027091803,-0.042171955,-0.042171955,OK,0,47.169485,509.07967,0.0027379434,0.28516486,15,1.5,0.02,0.04,-0.05,40,40,40,40,40,10,0
2.15,16.292743,28.605773,-0.098038621,-0.028423604,-16.292743,-28.605773,0.098038621,0.028423604,-0.043128943,-0.043128943,OK,0,48.496752,513.17112,0.0027860012,0.2851689,15,1.5,0.02,0.04,-0.05,40,40,40,40,40,10,0
2.155,16.435555,28.532564,-0.098218003,-0.043990556,-16.435555,-28.532564,0.098218003,0.043990556,-0.069242202,-0.069242202,OK,0,49.84739,517.24166,0.0028342351,0.28517857,15,1.5,0.02,0.04,-0.05,40,40,40,40,40,10,0
2.16,16.577089,28.156248,-0.098373819,-0.02259769,-16.577089,-28.156248,0.098373819,0.02259769,-0.051712121,-0.051712121,OK,0,51.221389,521.20553,0.0028826222,0.28518113,15,1.5,0.02,0.04,-0.05,40,40,40,40,40,10,0
2.165,16.719057,28.339606,-0.098488717,-0.020584989,-16.719057,-28.339606,0.098488717,0.020584989,-0.040242876,-0.040242876,OK,0,52.619023,525.22119,0.0029311223,0.28518325,15,1.5,0.02,0.04,-0.05,40,40,40,40,40,10,0
2.17,16.860871,28.335829,-0.098608033,-0.025113588,-16.860871,-28.335829,0.098608033,0.025113588,-0.0461403,-0.0461403,OK,0,54.040468,529.23579,0.00297974,0.2851864,15,1.5,0.02,0.04,-0.05,40,40,40,40,40,10,0
2.175,17.002438,28.255858,-0.098739003,-0.026010897,-17.002438,-28.255858,0.098739003,0.026010897,-0.049818333,-0.049818333,OK,0,55.485883,533.22776,0.003028487,0.28518978,15,1.5,0.02,0.04,-0.05,40,40,40,40,40,10,0
2.18,17.143685,28.278779,-0.098851126,-0.027590081,-17.143685,-28.278779,0.098851126,0.027590081,-0.050127163,-0.050127163,OK,0,56.955412,537.2262,0.0030773447,0.28519359,15,1.5,0.02,0.04,-0.05,40,40,40,40,40,10,0
2.185,17.284776,28.18157,-0.098962111,-0.024579396,-17.284776,-28.18157,0.098962111,0.024579396,-0.048342421,-0.048342421,OK,0,58.44923,541.19721,0.0031263122,0.28519661,15,1.5,0.02,0.04,-0.05,40,40,40,40,40,10,0
2.19,17.425591,28.115368,-0.099093044,-0.026923406,-17.425591,-28.115368,0.099093044,0.026923406,-0.053654232,-0.053654232,OK,0,59.967486,545.14958,0.0031754094,0.28520023,15,1.5,0.02,0.04,-0.05,40,40,40,40,40,10,0
2.195,17.566009,28.076147,-0.099215381,-0.02953516,-17.566009,-28.076147,0.099215381,0.02953516,-0.058167419,-0.058167419,OK,0,61.510309,549.09093,0.0032246278,0.2852046,15,1.5,0.02,0.04,-0.05,40,40,40,40,40,10,0
2.2,17.705738,27.908688,-0.099317432,-0.015608643,-17.705738,-27.908688,0.099317432,0.015608643,-0.042712181,-0.042712181,OK,0,63.077775,552.9854,0.0032739476,0.28520581,15,1.5,0.02,0.04,-0.05,40,40,40,40,40,10,0
2.205,17.845776,28.008942,-0.099403873,-0.023657738,-17.845776,-28.008942,0.099403873,0.023657738,-0.049271514,-0.049271514,OK,0,64.670134,556.90791,0.0033233532,0.28520861,15,1.5,0.02,0.04,-0.05,40,40,40,40,40,10,0
2.21,17.985489,27.943372,-0.099511767,-0.028205943,-17.985489,-27.943372,0.099511767,0.028205943,-0.057540752,-0.057540752,OK,0,66.287523,560.81207,0.0033728662,0.28521259,15,1.5,0.02,0.04,-0.05,40,40,40,40,40,10,0
2.215,18.124697,27.782884,-0.09961117,-0.017073143,-18.124697,-27.782884,0.09961117,0.017073143,-0.045967956,-0.045967956,OK,0,67.930046,564.67151,0.0034224781,0.28521405,15,1.5,0.02,0.04,-0.05,40,40,40,40,40,10,0
2.22,18.263776,27.732105,-0.099708949,-0.01810168,-18.263776,-27.732105,0.099708949,0.01810168,-0.048227022,-0.048227022,OK,0,69.597874,568.51686,0.0034721875,0.28521569,15,1.5,0.02,0.04,-0.05,40,40,40,40,40,10,0
2.225,18.402587,27.745689,-0.099786851,-0.014184462,-18.402587,-27.745689,0.099786851,0.014184462,-0.04020015,-0.04020015,OK,0,71.29115,572.36597,0.0035219746,0.28521669,15,1.5,0.02,0.04,-0.05,40,40,40,40,40,10,0
2.23,18.541336,27.748732,-0.099875088,-0.019901766,-18.541336,-27.748732,0.099875088,0.019901766,-0.047202986,-0.047202986,OK,0,73.010055,576.21594,0.0035718497,0.28521867,15,1.5,0.02,0.04,-0.05,40,40,40,40,40,10,0
2.235,18.679826,27.663162,-0.099986441,-0.02322546,-18.679826,-27.663162,0.099986441,0.02322546,-0.054511792,-0.36319362,OK,0,74.754735,580.04219,0.0036218362,0.28522137,15,1.5,0.02,0.04,-0.05,40,40,40,40,40,10,0
2.24,18.816272,27.053627,-0.099611449,0.14155452,-18.816272,-27.053627,0.099611449,-0.14155452,0.17663058,-0.93819967,OK,0,76.524995,583.70168,0.0036714484,0.28532156,15,1.5,0.02,0.04,-0.05,40,40,40,40,40,10,0
2.245,18.940623,23.41259,-0.09779875,0.51089261,-18.940623,-23.41259,0.09779875,-0.51089261,0.61467373,-0.62447007,OK,0,78.318731,586.44243,0.0037192713,0.28662661,15,1.5,0.02,0.04,-0.05,40,40,40,40,40,10,0
2.25,19.062742,24.013809,-0.093790767,0.93054838,-19.062742,-24.013809,0.093790767,-0.93054838,1.3307683,1.3307683,INFEASIBLE,0,80.135672,589.32574,0.0037632549,0.29095622,15,1.5,0.02,0.04,-0.05,40,40,40,40,40,10,0
2.255,19.197438,28.244553,-0.090893447,0.30158657,-19.197438,-28.244553,0.090893447,-0.30158657,0.60270903,0.60270903,INFEASIBLE,0,81.97838,593.31452,0.003804563,0.29141099,15,1.5,0.02,0.04,-0.05,40,40,40,40,40,10,0
2.26,19.335902,27.782846,-0.090855636,-0.15878699,-19.335902,-27.782846,0.090855636,0.15878699,-0.10298316,-0.10298316,INFEASIBLE,0,83.847766,597.17395,0.0038458367,0.29153705,15,1.5,0.02,0.04,-0.05,40,40,40,40,40,10,0
2.265,19.473995,27.560222,-0.09154921,-0.12298804,-19.473995,-27.560222,0.09154921,0.12298804,-0.065831431,-0.065831431,INFEASIBLE,0,85.743948,600.97178,0.003887743,0.29161268,15,1.5,0.02,0.04,-0.05,40,40,40,40,40,10,0
2.27,19.61163,27.560926,-0.09214369,-0.11054357,-19.61163,-27.560926,0.09214369,0.11054357,-0.053301058,-0.053301058,INFEASIBLE,0,87.667028,604.7698,0.0039301953,0.29167378,15,1.5,0.02,0.04,-0.05,40,40,40,40,40,10,0
2.275,19.749033,27.412256,-0.092685481,-0.10428522,-19.749033,-27.412256,0.092685481,0.10428522,-0.055239148,-0.055239148,INFEASIBLE,0,89.61715,608.52696,0.0039731483,0.29172816,15,1.5,0.02,0.04,-0.05,40,40,40,40,40,10,0
2.28,19.886179,27.443542,-0.093212411,-0.10565985,-19.886179,-27.443542,0.093212411,0.10565985,-0.061210666,-0.061210666,INFEASIBLE,0,91.59445,612.2927,0.0040165911,0.29178398,15,1.5,0.02,0.04,-0.05,40,40,40,40,40,10,0
2.285,20.02303,27.32529,-0.093695829,-0.095323483,-20.02303,-27.32529,0.093695829,0.095323483,-0.054950466,-0.054950466,INFEASIBLE,0,93.599059,616.02606,0.0040604856,0.29182941,15,1.5,0.02,0.04,-0.05,40,40,40,40,40,10,0
2.29,20.159569,27.250758,-0.094175879,-0.095332234,-20.159569,-27.250758,0.094175879,0.095332234,-0.062414818,-0.062414818,INFEASIBLE,0,95.6311,619.73908,0.0041048311,0.29187486,15,1.5,0.02,0.04,-0.05,40,40,40,40,40,10,0
2.295,20.295653,27.245095,-0.094600607,-0.086099165,-20.295653,-27.245095,0.094600607,0.086099165,-0.052440995,-0.052440995,INFEASIBLE,0,97.690668,623.45055,0.0041495775,0.29191192,15,1.5,0.02,0.04,-0.05,40,40,40,40,40,10,0
2.3,20.431386,27.149232,-0.094985937,-0.071632405,-20.431386,-27.149232,0.094985937,0.071632405,-0.037640665,-0.037640665,INFEASIBLE,0,99.777876,627.13596,0.0041946891,0.29193758,15,1.5,0.02,0.04,-0.05,40,40,40,40,40,10,0
2.305,20.567009,27.141053,-0.095376301,-0.087975113,-20.567009,-27.141053,0.095376301,0.087975113,-0.065624893,-0.065624893,INFEASIBLE,0,101.89288,630.81914,0.0042401723,0.29197627,15,1.5,0.02,0.04,-0.05,40,40,40,40,40,10,0
2.31,20.701975,26.895152,-0.095763338,-0.072617035,-20.701975,-26.895152,0.095763338,0.072617035,-0.055530057,-0.055530057,INFEASIBLE,0,104.03574,634.43589,0.0042860254,0.29200264,15,1.5,0.02,0.04,-0.05,40,40,40,40,40,10,0
2.315,20.836585,26.88875,-0.09610076,-0.067065418,-20.836585,-26.88875,0.09610076,0.067065418,-0.049827806,-0.049827806,INFEASIBLE,0,106.20656,638.05091,0.0043322022,0.29202513,15,1.5,0.02,0.04,-0.05,40,40,40,40,40,10,0
2.32,20.970639,26.900823,-0.096399963,-0.056017751,-20.970639,-26.900823,0.096399963,0.056017751,-0.034580358,-0.034580358,INFEASIBLE,0,108.4054,641.66918,0.0043786669,0.29204082,15,1.5,0.02,0.04,-0.05,40,40,40,40,40,10,0
2.325,21.104894,26.822456,-0.096713141,-0.065814261,-21.104894,-26.822456,0.096713141,0.065814261,-0.054422385,-0.054422385,INFEASIBLE,0,110.63248,645.2664,0.0044254341,0.29206248,15,1.5,0.02,0.04,-0.05,40,40,40,40,40,10,0
2.33,21.238748,26.775163,-0.097019291,-0.060597664,-21.238748,-26.775163,0.097019291,0.060597664,-0.050404357,-0.050404357,INFEASIBLE,0,112.8879,648.85095,0.0044724978,0.29208084,15,1.5,0.02,0.04,-0.05,40,40,40,40,40,10,0
2.335,21.372315,26.752742,-0.097306514,-0.057374789,-21.372315,-26.752742,0.097306514,0.057374789,-0.048103935,-0.048103935,INFEASIBLE,0,115.17178,652.4295,0.0045198406,0.2920973,15,1.5,0.02,0.04,-0.05,40,40,40,40,40,10,0
2.34,21.505452,26.530888,-0.097581427,-0.050643551,-21.505452,-26.530888,0.097581427,0.050643551,-0.048342159,-0.048342159,INFEASIBLE,0,117.4842,655.94894,0.0045674513,0.29211012,15,1.5,0.02,0.04,-0.05,40,40,40,40,40,10,0
2.345,21.638538,26.596763,-0.097855187,-0.058113104,-21.638538,-26.596763,0.097855187,0.058113104,-0.058356176,-0.058356176,INFEASIBLE,0,119.82534,659.48588,0.0046153294,0.29212701,15,1.5,0.02,0.04,-0.05,40,40,40,40,40,10,0
2.35,21.770888,26.404131,-0.09809476,-0.043605542,-21.770888,-26.404131,0.09809476,0.043605542,-0.045246703,-0.045246703,INFEASIBLE,0,122.19519,662.97177,0.0046634424,0.29213651,15,1.5,0.02,0.04,-0.05,40,40,40,40,40,10,0
2.355,21.903376,26.507354,-0.098326453,-0.045504257,-21.903376,-26.507354,0.098326453,0.045504257,-0.044791517,-0.044791517,INFEASIBLE,0,124.59398,666.48497,0.0047117828,0.29214687,15,1.5,0.02,0.04,-0.05,40,40,40,40,40,10,0
2.36,22.035767,26.434108,-0.098605471,-0.061556429,-22.035767,-26.434108,0.098605471,0.061556429,-0.073337046,-0.073337046,INFEASIBLE,0,127.02186,669.97878,0.004760398,0.29216581,15,1.5,0.02,0.04,-0.05,40,40,40,40,40,10,0
2.365,22.167651,26.369287,-0.098831028,-0.035959033,-22.167651,-26.369287,0.098831028,0.035959033,-0.038279471,-0.038279471,INFEASIBLE,0,129.47888,673.45547,0.0048092359,0.29217228,15,1.5,0.02,0.04,-0.05,40,40,40,40,40,10,0
2.37,22.299511,26.352723,-0.099037103,-0.043510423,-22.299511,-26.352723,0.099037103,0.043510423,-0.050723023,-0.050723023,INFEASIBLE,0,131.96522,676.9278,0.0048582776,0.29218174,15,1.5,0.02,0.04,-0.05,40,40,40,40,40,10,0
2.375,22.430982,26.234589,-0.099271735,-0.048005001,-22.430982,-26.234589,0.099271735,0.048005001,-0.063080331,-0.063080331,INFEASIBLE,0,134.48097,680.36907,0.004907552,0.29219327,15,1.5,0.02,0.04,-0.05,40,40,40,40,40,10,0
2.38,22.562265,26.246284,-0.099480147,-0.034737628,-22.562265,-26.246284,0.099480147,0.034737628,-0.043212004,-0.043212004,INFEASIBLE,0,137.02625,683.81341,0.0049570335,0.2921993,15,1.5,0.02,0.04,-0.05,40,40,40,40,40,10,0
2.385,22.693181,26.127083,-0.099676113,-0.039388002,-22.693181,-26.127083,0.099676113,0.039388002,-0.055276749,-0.055276749,INFEASIBLE,0,139.60115,687.22653,0.0050067101,0.29220706,15,1.5,0.02,0.04,-0.05,40,40,40,40,40,10,0
2.39,22.823887,26.133379,-0.099855931,-0.037043242,-22.823887,-26.133379,0.099855931,0.037043242,-0.051590919,-0.051590919,INFEASIBLE,0,142.2058,690.6413,0.0050565662,0.29221392,15,1.5,0.02,0.04,-0.05,40,40,40,40,40,10,0
2.395,22.954206,26.045519,-0.10001421,-0.028834437,-22.954206,-26.045519,0.10001421,0.028834437,-0.042559934,-0.042559934,INFEASIBLE,0,144.84028,694.03314,0.0051065804,0.29221807,15,1.5,0.02,0.04,-0.05,40,40,40,40,40,10,0
2.4,23.084331,26.007117,-0.10017784,-0.038737217,-23.084331,-26.007117,0.10017784,0.038737217,-0.058802115,-0.058802115,INFEASIBLE,0,147.50471,697.41499,0.0051567584,0.29222558,15,1.5,0.02,0.04,-0.05,40,40,40,40,40,10,0
2.405,23.214027,25.925342,-0.10033773,-0.023874179,-23.214027,-25.925342,0.10033773,0.023874179,-0.039582926,-0.039582926,INFEASIBLE,0,150.19916,700.77561,0.0052070967,0.29222843,15,1.5,0.02,0.04,-0.05,40,40,40,40,40,10,0
2.41,23.343561,25.883793,-0.10049563,-0.034854415,-23.343561,-25.883793,0.10049563,0.034854415,-0.057493151,-0.057493151,INFEASIBLE,0,152.92377,704.12547,0.0052575935,0.2922345,15,1.5,0.02,0.04,-0.05,40,40,40,40,40,10,0
2.415,23.47281,25.806963,-0.10065901,-0.034766108,-23.47281,-25.806963,0.10065901,0.034766108,-0.06029956,-0.06029956,INFEASIBLE,0,155.67864,707.45546,0.0053082547,0.29224055,15,1.5,0.02,0.04,-0.05,40,40,40,40,40,10,0
2.42,23.601551,25.677922,-0.1008028,-0.025806991,-23.601551,-25.677922,0.1008028,0.025806991,-0.051604553,-0.051604553,INFEASIBLE,0,158.4638,710.75224,0.0053590607,0.29224388,15,1.5,0.02,0.04,-0.05,40,40,40,40,40,10,0
2.425,23.730044,25.657504,-0.10090916,-0.021319135,-23.730044,-25.657504,0.10090916,0.021319135,-0.044715064,-0.044715064,INFEASIBLE,0,161.27938,714.04378,0.005409974,0.29224615,15,1.5,0.02,0.04,-0.05,40,40,40,40,40,10,0
2.43,23.858363,25.655915,-0.10102734,-0.027537225,-23.858363,-25.655915,0.10102734,0.027537225,-0.053312061,-0.053312061,INFEASIBLE,0,164.12549,717.33491,0.0054610066,0.29224994,15,1.5,0.02,0.04,-0.05,40,40,40,40,40,10,0
2.435,23.986383,25.569763,-0.10112834,-0.022654569,-23.986383,-25.569763,0.10112834,0.022654569,-0.048388775,-0.048388775,INFEASIBLE,0,167.00222,720.60397,0.0055121413,0.29225251,15,1.5,0.02,0.04,-0.05,40,40,40,40,40,10,0
2.44,24.114212,25.561396,-0.10123785,-0.027607896,-24.114212,-25.561396,0.10123785,0.027607896,-0.055239476,-0.055239476,INFEASIBLE,0,169.90969,723.8709,0.0055633869,0.29225632,15,1.5,0.02,0.04,-0.05,40,40,40,40,40,10,0
2.445,24.241557,25.473176,-0.10133396,-0.020654428,-24.241557,-25.473176,0.10133396,0.020654428,-0.047232851,-0.047232851,INFEASIBLE,0,172.84796,727.11531,0.0056147297,0.29225845,15,1.5,0.02,0.04,-0.05,40,40,40,40,40,10,0
2.45,24.36867,25.38644,-0.10143271,-0.018250766,-24.36867,-25.38644,0.10143271,0.018250766,-0.04603577,-0.04603577,INFEASIBLE,0,175.81712,730.33767,0.0056661727,0.29226011,15,1.5,0.02,0.04,-0.05,40,40,40,40,40,10,0
2.455,24.495636,25.361428,-0.10153242,-0.026594857,-24.495636,-25.361428,0.10153242,0.026594857,-0.058508776,-0.058508776,INFEASIBLE,0,178.8173,733.55368,0.0057177168,0.29226365,15,1.5,0.02,0.04,-0.05,40,40,40,40,40,10,0
2.46,24.622242,25.281678,-0.10162944,-0.020122394,-24.622242,-25.281678,0.10162944,0.020122394,-0.050913233,-0.050913233,INFEASIBLE,0,181.84857,736.74949,0.0057693596,0.29226568,15,1.5,0.02,0.04,-0.05,40,40,40,40,40,10,0
2.465,24.748449,25.251686,-0.10170147,-0.015229642,-24.748449,-25.251686,0.10170147,0.015229642,-0.043330094,-0.043330094,INFEASIBLE,0,184.911,739.93773,0.0058210755,0.29226684,15,1.5,0.02,0.04,-0.05,40,40,40,40,40,10,0
2.47,24.874567,25.23156,-0.10177942,-0.021183698,-24.874567,-25.23156,0.10177942,0.021183698,-0.051713045,-0.051713045,INFEASIBLE,0,188.00472,743.12089,0.0058728707,0.29226908,15,1.5,0.02,0.04,-0.05,40,40,40,40,40,10,0
2.475,25.000414,25.127179,-0.1018731,-0.015756819,-25.000414,-25.127179,0.1018731,0.015756819,-0.046636262,-0.046636262,INFEASIBLE,0,191.12983,746.27776,0.0059247614,0.29227032,15,1.5,0.02,0.04,-0.05,40,40,40,40,40,10,0
2.48,25.12591,25.075177,-0.10197221,-0.023391074,-25.12591,-25.075177,0.10197221,0.023391074,-0.059144478,-0.059144478,INFEASIBLE,0,194.28638,749.42159,0.005976753,0.29227306,15,1.5,0.02,0.04,-0.05,40,40,40,40,40,10,0
2.485,25.250756,25.047426,-0.10203985,-0.01659556,-25.250756,-25.047426,0.10203985,0.01659556,-0.048578985,-0.048578985,INFEASIBLE,0,197.47439,752.55846,0.0060288137,0.29227443,15,1.5,0.02,0.04,-0.05,40,40,40,40,40,10,0
2.49,25.375699,24.949955,-0.10210401,-0.010594582,-25.375699,-24.949955,0.10210401,0.010594582,-0.041939823,-0.041939823,INFEASIBLE,0,200.69402,755.67096,0.0060809398,0.29227499,15,1.5,0.02,0.04,-0.05,40,40,40,40,40,10,0
2.495,25.500419,24.933476,-0.10216821,-0.015274893,-25.500419,-24.933476,0.10216821,0.015274893,-0.048088067,-0.048088067,INFEASIBLE,0,203.94537,758.77935,0.0061331316,0.29227616,15,1.5,0.02,0.04,-0.05,40,40,40,40,40,10,0
2.5,25.624888,24.892737,-0.10225632,-0.017545779,-25.624888,-24.892737,0.10225632,0.017545779,-0.051956291,-0.051956291,INFEASIBLE,0,207.22855,761.87759,0.0061854133,0.2922777,15,1.5,0.02,0.04,-0.05,40,40,40,40,40,10,0
2.505,25.749044,24.820165,-0.10232977,-0.015208022,-25.749044,-24.820165,0.10232977,0.015208022,-0.049971049,-0.049971049,INFEASIBLE,0,210.54362,764.95779,0.0062377703,0.29227886,15,1.5,0.02,0.04,-0.05,40,40,40,40,40,10,0
2.51,25.872792,24.657561,-0.10243018,-0.013198047,-25.872792,-24.657561,0.10243018,0.013198047,-0.052491488,-0.052491488,INFEASIBLE,0,213.89062,767.99777,0.00629023,0.29227973,15,1.5,0.02,0.04,-0.05,40,40,40,40,40,10,0
2.515,25.996251,24.731068,-0.10251366,-0.023555282,-25.996251,-24.731068,0.10251366,0.023555282,-0.063870125,-0.063870125,INFEASIBLE,0,217.26965,771.0559,0.0063427752,0.2922825,15,1.5,0.02,0.04,-0.05,40,40,40,40,40,10,0
2.52,26.119329,24.625692,-0.10257259,-0.0025395052,-26.119329,-24.625692,0.10257259,0.0025395052,-0.034983911,-0.034983911,INFEASIBLE,0,220.68074,774.08802,0.0063953809,0.29228253,15,1.5,0.02,0.04,-0.05,40,40,40,40,40,10,0
2.525,26.242292,24.54375,-0.10262391,-0.0098512674,-26.242292,-24.54375,0.10262391,0.0098512674,-0.047539657,-0.047539657,INFEASIBLE,0,224.12403,777.1,0.0064480392,0.29228302,15,1.5,0.02,0.04,-0.05,40,40,40,40,40,10,0
2.53,26.365006,24.488957,-0.10271774,-0.014379306,-26.365006,-24.488957,0.10271774,0.014379306,-0.055476663,-0.055476663,INFEASIBLE,0,227.5996,780.09854,0.0065007939,0.29228405,15,1.5,0.02,0.04,-0.05,40,40,40,40,40,10,0
2.535,26.487539,24.505988,-0.10279578,-0.0080897188,-26.487539,-24.505988,0.10279578,0.0080897188,-0.044081022,-0.044081022,INFEASIBLE,0,231.10755,783.10126,0.0065536288,0.29228438,15,1.5,0.02,0.04,-0.05,40,40,40,40,40,10,0
2.54,26.609779,24.394615,-0.10288776,-0.020263622,-26.609779,-24.394615,0.10288776,0.020263622,-0.065731716,-0.065731716,INFEASIBLE,0,234.64795,786.07675,0.0066065582,0.29228643,15,1.5,0.02,0.04,-0.05,40,40,40,40,40,10,0
2.545,26.731705,24.367596,-0.10296479,-0.013769677,-26.731705,-24.367596,0.10296479,0.013769677,-0.055788468,-0.055788468,INFEASIBLE,0,238.22087,789.04565,0.006659567,0.29228738,15,1.5,0.02,0.04,-0.05,40,40,40,40,40,10,0
2.55,26.853324,24.330271,-0.10300043,-0.010909013,-26.853324,-24.330271,0.10300043,0.010909013,-0.051092646,-0.051092646,INFEASIBLE,0,241.82638,792.00546,0.0067126124,0.29228798,15,1.5,0.02,0.04,-0.05,40,40,40,40,40,10,0
2.555,26.974657,24.253859,-0.10303349,-0.0072864044,-26.974657,-24.253859,0.10303349,0.0072864044,-0.046784468,-0.046784468,INFEASIBLE,0,245.46454,794.94671,0.0067656919,0.29228824,15,1.5,0.02,0.04,-0.05,40,40,40,40,40,10,0
2.56,27.095731,24.184026,-0.10307308,-0.013054871,-27.095731,-24.184026,0.10307308,0.013054871,-0.056402906,-0.056402906,INFEASIBLE,0,249.13543,797.87104,0.0068188122,0.29228909,15,1.5,0.02,0.04,-0.05,40,40,40,40,40,10,0
2.565,27.216305,24.138661,-0.10311662,-0.0034694538,-27.216305,-24.138661,0.10311662,0.0034694538,-0.042080994,-0.042080994,INFEASIBLE,0,252.83907,800.78442,0.0068719774,0.29228915,15,1.5,0.02,0.04,-0.05,40,40,40,40,40,10,0
2.57,27.336846,24.085586,-0.10316579,-0.015529451,-27.336846,-24.085586,0.10316579,0.015529451,-0.060620734,-0.060620734,INFEASIBLE,0,256.57558,803.68499,0.0069251933,0.29229036,15,1.5,0.02,0.04,-0.05,40,40,40,40,40,10,0
2.575,27.456993,24.029123,-0.10320212,-0.004277123,-27.456993,-24.029123,0.10320212,0.004277123,-0.04414274,-0.04414274,INFEASIBLE,0,260.34501,806.57199,0.0069784467,0.29229045,15,1.5,0.02,0.04,-0.05,40,40,40,40,40,10,0
2.58,27.576985,23.969754,-0.10323893,-0.0085679778,-27.576985,-23.969754,0.10323893,0.0085679778,-0.051106054,-0.051106054,INFEASIBLE,0,264.14747,809.44473,0.0070317381,0.29229082,15,1.5,0.02,0.04,-0.05,40,40,40,40,40,10,0
2.585,27.696744,23.934761,-0.10328476,-0.012131335,-27.696744,-23.934761,0.10328476,0.012131335,-0.056143044,-0.056143044,INFEASIBLE,0,267.98301,812.3091,0.0070850768,0.29229155,15,1.5,0.02,0.04,-0.05,40,40,40,40,40,10,0
2.59,27.816127,23.842216,-0.10332031,-0.0080392396,-27.816127,-23.842216,0.10332031,0.0080392396,-0.051852391,-0.051852391,INFEASIBLE,0,271.8517,815.15135,0.0071384522,0.29229188,15,1.5,0.02,0.04,-0.05,40,40,40,40,40,10,0
2.595,27.935133,23.831907,-0.10334495,-0.0061554896,-27.935133,-23.831907,0.10334495,0.0061554896,-0.047428598,-0.047428598,INFEASIBLE,0,275.75356,817.99115,0.0071918531,0.29229207,15,1.5,0.02,0.04,-0.05,40,40,40,40,40,10,0
2.6,28.053985,23.74172,-0.1033762,-0.0087455066,-28.053985,-23.74172,0.1033762,0.0087455066,-0.053012787,-0.053012787,INFEASIBLE,0,279.68869,820.8095,0.0072452863,0.29229245,15,1.5,0.02,0.04,-0.05,40,40,40,40,40,10,0
2.605,28.17261,23.706471,-0.10340984,-0.0042882975,-28.17261,-23.706471,0.10340984,0.0042882975,-0.045869105,-0.045869105,INFEASIBLE,0,283.65717,823.61948,0.0072987543,0.29229254,15,1.5,0.02,0.04,-0.05,40,40,40,40,40,10,0
2.61,28.290995,23.644286,-0.10345235,-0.0047567277,-28.290995,-23.644286,0.10345235,0.0047567277,-0.047328971,-0.047328971,INFEASIBLE,0,287.65907,826.41474,0.0073522662,0.29229265,15,1.5,0.02,0.04,-0.05,40,40,40,40,40,10,0
2.615,28.409131,23.650257,-0.10352598,-0.020216336,-28.409131,-23.650257,0.10352598,0.020216336,-0.069021313,-0.069021313,INFEASIBLE,0,291.69446,829.21142,0.0074058544,0.2922947,15,1.5,0.02,0.04,-0.05,40,40,40,40,40,10,0
2.62,28.526877,23.575642,-0.10359368,-0.0092219708,-28.526877,-23.575642,0.10359368,0.0092219708,-0.054174938,-0.054174938,INFEASIBLE,0,295.76338,831.99047,0.0074595126,0.29229512,15,1.5,0.02,0.04,-0.05,40,40,40,40,40,10,0
2.625,28.644425,23.472571,-0.10362936,-0.0070038227,-28.644425,-23.472571,0.10362936,0.0070038227,-0.053154823,-0.053154823,INFEASIBLE,0,299.86589,834.74528,0.0075132079,0.29229537,15,1.5,0.02,0.04,-0.05,40,40,40,40,40,10,0
2.63,28.761648,23.412549,-0.10364468,-0.0036019792,-28.761648,-23.412549,0.10364468,0.0036019792,-0.048338206,-0.048338206,INFEASIBLE,0,304.00205,837.48602,0.007566919,0.29229543,15,1.5,0.02,0.04,-0.05,40,40,40,40,40,10,0
2.635,28.87854,23.389056,-0.10367735,-0.0079638305,-28.87854,-23.389056,0.10367735,0.0079638305,-0.053972921,-0.053972921,INFEASIBLE,0,308.1719,840.22126,0.0076206639,0.29229575,15,1.5,0.02,0.04,-0.05,40,40,40,40,40,10,0
2.64,28.995201,23.299527,-0.10369832,-0.0087058411,-28.995201,-23.299527,0.10369832,0.0087058411,-0.056648526,-0.056648526,INFEASIBLE,0,312.37551,842.9356,0.0076744306,0.29229613,15,1.5,0.02,0.04,-0.05,40,40,40,40,40,10,0
2.645,29.111313,23.280836,-0.10370979,-0.00091437289,-29.111313,-23.280836,0.10370979,0.00091437289,-0.043558783,-0.043558783,INFEASIBLE,0,316.61285,845.64558,0.0077282092,0.29229613,15,1.5,0.02,0.04,-0.05,40,40,40,40,40,10,0
2.65,29.227441,23.212464,-0.10371214,-0.0032321211,-29.227441,-23.212464,0.10371214,0.0032321211,-0.047482903,-0.047482903,INFEASIBLE,0,320.88407,848.33967,0.0077819903,0.29229619,15,1.5,0.02,0.04,-0.05,40,40,40,40,40,10,0
2.655,29.343299,23.167742,-0.10372436,-0.0047663865,-29.343299,-23.167742,0.10372436,0.0047663865,-0.049439321,-0.049439321,INFEASIBLE,0,325.18922,851.0234,0.007835784,0.2922963,15,1.5,0.02,0.04,-0.05,40,40,40,40,40,10,0
2.66,29.458814,23.031212,-0.10376317,-0.0038780484,-29.458814,-23.031212,0.10376317,0.0038780484,-0.051839899,-0.051839899,INFEASIBLE,0,329.52833,853.67558,0.007889618,0.29229638,15,1.5,0.02,0.04,-0.05,40,40,40,40,40,10,0
2.665,29.573992,22.965139,-0.10379286,-0.0041069455,-29.573992,-22.965139,0.10379286,0.0041069455,-0.052967994,-0.052967994,INFEASIBLE,0,333.90143,856.31257,0.0079434828,0.29229646,15,1.5,0.02,0.04,-0.05,40,40,40,40,40,10,0
2.67,29.689071,22.949738,-0.10381867,1.2831063e-05,-29.689071,-22.949738,0.10381867,-1.2831063e-05,-0.045489824,-0.045489824,INFEASIBLE,0,338.30864,858.94602,0.0079973743,0.29229646,15,1.5,0.02,0.04,-0.05,40,40,40,40,40,10,0
2.675,29.803811,22.941523,-0.10387473,-0.015214386,-29.803811,-22.941523,0.10387473,0.015214386,-0.067205391,-0.067205391,INFEASIBLE,0,342.74997,861.57759,0.0080513241,0.29229762,15,1.5,0.02,0.04,-0.05,40,40,40,40,40,10,0
2.68,29.918154,22.901428,-0.10389464,-0.0040226791,-29.918154,-22.901428,0.10389464,0.0040226791,-0.05003341,-0.05003341,INFEASIBLE,0,347.22545,864.19996,0.0081052946,0.2922977,15,1.5,0.02,0.04,-0.05,40,40,40,40,40,10,0
2.685,30.032354,22.82844,-0.10389165,-0.0010732767,-30.032354,-22.82844,0.10389165,0.0010732767,-0.046200012,-0.046200012,INFEASIBLE,0,351.73516,866.80565,0.008159262,0.2922977,15,1.5,0.02,0.04,-0.05,40,40,40,40,40,10,0
2.69,30.146329,22.763784,-0.10391384,-0.0053496946,-30.146329,-22.763784,0.10391384,0.0053496946,-0.053254241,-0.053254241,INFEASIBLE,0,356.27917,869.3966,0.0082132524,0.29229785,15,1.5,0.02,0.04,-0.05,40,40,40,40,40,10,0
2.695,30.259781,22.658329,-0.10393681,-0.0030067606,-30.259781,-22.658329,0.10393681,0.0030067606,-0.052033481,-0.052033481,INFEASIBLE,0,360.85744,871.9636,0.0082672667,0.29229789,15,1.5,0.02,0.04,-0.05,40,40,40,40,40,10,0
2.7,30.373021,22.587578,-0.10395729,-0.0016884365,-30.373021,-22.587578,0.10395729,0.0016884365,-0.050928511,-0.050928511,INFEASIBLE,0,365.47004,874.51459,0.0083213023,0.29229791,15,1.5,0.02,0.04,-0.05,40,40,40,40,40,10,0
2.705,30.486127,22.568236,-0.10396742,0.00053701907,-30.486127,-22.568236,0.10396742,-0.00053701907,-0.046253759,-0.046253759,INFEASIBLE,0,370.11706,877.06122,0.0083753484,0.29229791,15,1.5,0.02,0.04,-0.05,40,40,40,40,40,10,0
2.71,30.599011,22.509022,-0.10399712,-0.0037733883,-30.599011,-22.509022,0.10399712,0.0037733883,-0.053275757,-0.053275757,INFEASIBLE,0,374.79856,879.5945,0.0084294254,0.29229798,15,1.5,0.02,0.04,-0.05,40,40,40,40,40,10,0
2.715,30.711398,22.447074,-0.10402749,-0.0027326048,-30.711398,-22.447074,0.10402749,0.0027326048,-0.052400336,-0.052400336,INFEASIBLE,0,379.51451,882.11386,0.008483534,0.29229802,15,1.5,0.02,0.04,-0.05,40,40,40,40,40,10,0
2.72,30.823647,22.362804,-0.10405973,-0.002746399,-30.823647,-22.362804,0.10405973,0.002746399,-0.05403049,-0.05403049,INFEASIBLE,0,384.26499,884.61433,0.0085376762,0.29229805,15,1.5,0.02,0.04,-0.05,40,40,40,40,40,10,0
2.725,30.935513,22.346276,-0.10408252,-0.0036009592,-30.935513,-22.346276,0.10408252,0.0036009592,-0.054077911,-0.054077911,INFEASIBLE,0,389.05002,887.11111,0.008591842,0.29229812,15,1.5,0.02,0.04,-0.05,40,40,40,40,40,10,0
2.73,31.047059,22.353667,-0.1040684,-0.005274125,-31.047059,-22.353667,0.1040684,0.005274125,-0.053849358,-0.053849358,INFEASIBLE,0,393.86962,889.60954,0.0086459932,0.29229826,15,1.5,0.02,0.04,-0.05,40,40,40,40,40,10,0
2.735,31.158362,22.272327,-0.10407757,-0.0030430356,-31.158362,-22.272327,0.10407757,0.0030430356,-0.051667713,-0.051667713,INFEASIBLE,0,398.72384,892.08983,0.0087001539,0.2922983,15,1.5,0.02,0.04,-0.05,40,40,40,40,40,10,0
2.74,31.269491,22.217739,-0.10407074,0.00043637964,-31.269491,-22.217739,0.10407074,-0.00043637964,-0.046307079,-0.046307079,INFEASIBLE,0,403.61275,894.55797,0.0087543075,0.2922983,15,1.5,0.02,0.04,-0.05,40,40,40,40,40,10,0
2.745,31.380394,22.149173,-0.1040702,-0.0032042006,-31.380394,-22.149173,0.1040702,0.0032042006,-0.052284423,-0.052284423,INFEASIBLE,0,408.53639,897.0109,0.0088084605,0.29229836,15,1.5,0.02,0.04,-0.05,40,40,40,40,40,10,0
2.75,31.490844,22.079955,-0.10406451,-0.0011088766,-31.490844,-22.079955,0.10406451,0.0011088766,-0.049615905,-0.049615905,INFEASIBLE,0,413.49476,899.44852,0.0088626076,0.29229836,15,1.5,0.02,0.04,-0.05,40,40,40,40,40,10,0
2.755,31.601069,22.026459,-0.10405471,-0.003035152,-31.601069,-22.026459,0.10405471,0.003035152,-0.05229356,-0.05229356,INFEASIBLE,0,418.4879,901.87434,0.0089167445,0.29229841,15,1.5,0.02,0.04,-0.05,40,40,40,40,40,10,0
2.76,31.710945,21.97939,-0.10403093,0.013577714,-31.710945,-21.97939,0.10403093,-0.013577714,-0.02670287,-0.02670287,INFEASIBLE,0,423.51582,904.28981,0.0089708567,0.29229933,15,1.5,0.02,0.04,-0.05,40,40,40,40,40,10,0
2.765,31.820783,21.931794,-0.10406383,-0.010556656,-31.820783,-21.931794,0.10406383,0.010556656,-0.06310499,-0.06310499,INFEASIBLE,0,428.57863,906.69483,0.0090250031,0.29229989,15,1.5,0.02,0.04,-0.05,40,40,40,40,40,10,0
2.77,31.930218,21.840602,-0.10410303,-0.0032408766,-31.930218,-21.840602,0.10410303,0.0032408766,-0.054178282,-0.054178282,INFEASIBLE,0,433.67632,909.07989,0.0090791903,0.29229994,15,1.5,0.02,0.04,-0.05,40,40,40,40,40,10,0
2.775,32.039294,21.790617,-0.10411306,0.00039331165,-32.039294,-21.790617,0.10411306,-0.00039331165,-0.048695333,-0.048695333,INFEASIBLE,0,438.8089,911.45404,0.009133388,0.29229994,15,1.5,0.02,0.04,-0.05,40,40,40,40,40,10,0
2.78,32.148119,21.676371,-0.1041236,0.003910296,-32.148119,-21.676371,0.1041236,-0.003910296,-0.045971337,-0.045971337,INFEASIBLE,0,443.97641,913.80337,0.0091875966,0.29230002,15,1.5,0.02,0.04,-0.05,40,40,40,40,40,10,0
2.785,32.256816,21.687919,-0.10414786,-0.00061645483,-32.256816,-21.687919,0.10414786,0.00061645483,-0.050489454,-0.050489454,INFEASIBLE,0,449.17892,916.1552,0.0092418305,0.29230002,15,1.5,0.02,0.04,-0.05,40,40,40,40,40,10,0
2.79,32.365208,21.625876,-0.10416455,-0.00082388122,-32.365208,-21.625876,0.10416455,0.00082388122,-0.051364919,-0.051364919,INFEASIBLE,0,454.41646,918.49359,0.0092960817,0.29230002,15,1.5,0.02,0.04,-0.05,40,40,40,40,40,10,0
2.795,32.473197,21.564386,-0.10418129,0.001070977,-32.473197,-21.564386,0.10418129,-0.001070977,-0.049073574,-0.049073574,INFEASIBLE,0,459.689,920.8187,0.0093503504,0.29230003,15,1.5,0.02,0.04,-0.05,40,40,40,40,40,10,0
2.8,32.581021,21.493065,-0.10419353,-0.0014922786,-32.581021,-21.493065,0.10419353,0.0014922786,-0.053798352,-0.053798352,INFEASIBLE,0,464.99661,923.12846,0.0094046319,0.29230004,15,1.5,0.02,0.04,-0.05,40,40,40,40,40,10,0
2.805,32.688424,21.447585,-0.10420821,-0.0019262654,-32.688424,-21.447585,0.10420821,0.0019262654,-0.054340619,-0.054340619,INFEASIBLE,0,470.33928,925.42846,0.0094589286,0.29230006,15,1.5,0.02,0.04,-0.05,40,40,40,40,40,10,0
2.81,32.795506,21.384132,-0.10419988,0.0064294975,-32.795506,-21.384132,0.10419988,-0.0064294975,-0.042078527,-0.042078527,INFEASIBLE,0,475.717,927.71486,0.0095132167,0.29230026,15,1.5,0.02,0.04,-0.05,40,40,40,40,40,10,0
2.815,32.902542,21.355041,-0.10420469,0.0026863013,-32.902542,-21.355041,0.10420469,-0.0026863013,-0.046788384,-0.046788384,INFEASIBLE,0,481.12989,929.99505,0.0095675098,0.2923003,15,1.5,0.02,0.04,-0.05,40,40,40,40,40,10,0
2.82,33.009176,21.24215,-0.10423762,-0.0024442127,-33.009176,-21.24215,0.10423762,0.0024442127,-0.057361109,-0.057361109,INFEASIBLE,0,486.57792,932.2512,0.0096218372,0.29230033,15,1.5,0.02,0.04,-0.05,40,40,40,40,40,10,0
2.825,33.115587,21.22022,-0.10424655,0.0066953617,-33.115587,-21.22022,0.10424655,-0.0066953617,-0.042534741,-0.042534741,INFEASIBLE,0,492.06113,934.50269,0.0096761739,0.29230055,15,1.5,0.02,0.04,-0.05,40,40,40,40,40,10,0
2.83,33.221695,21.144888,-0.10428234,-0.003780319,-33.221695,-21.144888,0.10428234,0.003780319,-0.059676092,-0.059676092,INFEASIBLE,0,497.57954,936.73822,0.009730548,0.29230063,15,1.5,0.02,0.04,-0.05,40,40,40,40,40,10,0
2.835,33.327544,21.107995,-0.10429139,0.0027047025,-33.327544,-21.107995,0.10429139,-0.0027047025,-0.049443074,-0.049443074,INFEASIBLE,0,503.13316,938.96595,0.0097849314,0.29230066,15,1.5,0.02,0.04,-0.05,40,40,40,40,40,10,0
2.84,33.432983,20.997507,-0.10429966,0.0043380532,-33.432983,-20.997507,0.10429966,-0.0043380532,-0.049427905,-0.049427905,INFEASIBLE,0,508.72198,941.17043,0.0098393235,0.29230076,15,1.5,0.02,0.04,-0.05,40,40,40,40,40,10,0
2.845,33.538245,21.018601,-0.1042908,0.0086442009,-33.538245,-21.018601,0.1042908,-0.0086442009,-0.039886711,-0.039886711,INFEASIBLE,0,514.34605,943.37934,0.0098937064,0.29230113,15,1.5,0.02,0.04,-0.05,40,40,40,40,40,10,0
2.85,33.643196,20.933584,-0.10431148,0.00077088262,-33.643196,-20.933584,0.10431148,-0.00077088262,-0.053308654,-0.053308654,INFEASIBLE,0,520.00538,945.57041,0.0099481108,0.29230113,15,1.5,0.02,0.04,-0.05,40,40,40,40,40,10,0
2.855,33.747793,20.857198,-0.1043477,-0.0050126548,-33.747793,-20.857198,0.1043477,0.0050126548,-0.063490651,-0.063490651,INFEASIBLE,0,525.69994,947.74553,0.010002553,0.29230126,15,1.5,0.02,0.04,-0.05,40,40,40,40,40,10,0
2.86,33.852045,20.831219,-0.10434941,-0.00078649668,-33.852045,-20.831219,0.10434941,0.00078649668,-0.056131247,-0.056131247,INFEASIBLE,0,531.42975,949.91523,0.010056997,0.29230126,15,1.5,0.02,0.04,-0.05,40,40,40,40,40,10,0
2.865,33.955945,20.787057,-0.10431182,0.013085878,-33.955945,-20.787057,0.10431182,-0.013085878,-0.034447382,-0.034447382,INFEASIBLE,0,537.19478,952.07573,0.010111402,0.29230212,15,1.5,0.02,0.04,-0.05,40,40,40,40,40,10,0
2.87,34.059781,20.761386,-0.10428529,0.00043821935,-34.059781,-20.761386,0.10428529,-0.00043821935,-0.051971045,-0.051971045,INFEASIBLE,0,542.99512,954.23091,0.010165779,0.29230212,15,1.5,0.02,0.04,-0.05,40,40,40,40,40,10,0
2.875,34.163323,20.698092,-0.10427075,-0.0025202554,-34.163323,-20.698092,0.10427075,0.0025202554,-0.056651554,-0.056651554,INFEASIBLE,0,548.83079,956.37296,0.010220141,0.29230215,15,1.5,0.02,0.04,-0.05,40,40,40,40,40,10,0
2.88,34.266512,20.657646,-0.10424938,0.001184288,-34.266512,-20.657646,0.10424938,-0.001184288,-0.050328203,-0.050328203,INFEASIBLE,0,554.70175,958.50666,0.010274481,0.29230216,15,1.5,0.02,0.04,-0.05,40,40,40,40,40,10,0
2.885,34.369409,20.59888,-0.10423001,0.0043066504,-34.369409,-20.59888,0.10423001,-0.0043066504,-0.045646851,-0.045646851,INFEASIBLE,0,560.60804,960.62823,0.0103288,0.29230225,15,1.5,0.02,0.04,-0.05,40,40,40,40,40,10,0
2.89,34.472167,20.543387,-0.10421502,-0.00041226337,-34.472167,-20.543387,0.10421502,0.00041226337,-0.052664839,-0.052664839,INFEASIBLE,0,566.54969,962.73838,0.010383104,0.29230225,15,1.5,0.02,0.04,-0.05,40,40,40,40,40,10,0
2.895,34.574617,20.479759,-0.10420846,0.0036060251,-34.574617,-20.479759,0.10420846,-0.0036060251,-0.047035095,-0.047035095,INFEASIBLE,0,572.52671,964.83548,0.010437401,0.29230232,15,1.5,0.02,0.04,-0.05,40,40,40,40,40,10,0
2.9,34.676879,20.440221,-0.10421494,-0.0012276306,-34.676879,-20.440221,0.10421494,0.0012276306,-0.053919052,-0.053919052,INFEASIBLE,0,578.53914,966.9245,0.010491705,0.29230232,15,1.5,0.02,0.04,-0.05,40,40,40,40,40,10,0
2.905,34.77883,20.335588,-0.10422777,0.00043132398,-34.77883,-20.335588,0.10422777,-0.00043132398,-0.053769382,-0.053769382,INFEASIBLE,0,584.58697,968.99218,0.010546022,0.29230233,15,1.5,0.02,0.04,-0.05,40,40,40,40,40,10,0
2.91,34.880539,20.306064,-0.10423431,0.0032858511,-34.880539,-20.306064,0.10423431,-0.0032858511,-0.048732583,-0.048732583,INFEASIBLE,0,590.67023,971.05386,0.010600346,0.29230238,15,1.5,0.02,0.04,-0.05,40,40,40,40,40,10,0
2.915,34.981943,20.277703,-0.10425643,0.00035933239,-34.981943,-20.277703,0.10425643,-0.00035933239,-0.052560446,-0.052560446,INFEASIBLE,0,596.78892,973.10978,0.010654693,0.29230238,15,1.5,0.02,0.04,-0.05,40,40,40,40,40,10,0
2.92,35.08312,20.198059,-0.10427543,-0.0023068677,-35.08312,-20.198059,0.10427543,0.0023068677,-0.058006994,-0.058006994,INFEASIBLE,0,602.94304,975.14959,0.01070906,0.29230241,15,1.5,0.02,0.04,-0.05,40,40,40,40,40,10,0
2.925,35.183923,20.155131,-0.10427641,0.00020134594,-35.183923,-20.155131,0.10427641,-0.00020134594,-0.053960409,-0.053960409,INFEASIBLE,0,609.13258,977.18074,0.010763427,0.29230241,15,1.5,0.02,0.04,-0.05,40,40,40,40,40,10,0
2.93,35.284405,20.114142,-0.10425261,-9.7573478e-05,-35.284405,-20.114142,0.10425261,9.7573478e-05,-0.053681726,-0.053681726,INFEASIBLE,0,615.35753,979.20363,0.01081777,0.29230241,15,1.5,0.02,0.04,-0.05,40,40,40,40,40,10,0
2.935,35.384576,19.989605,-0.1042353,0.0010351872,-35.384576,-19.989605,0.1042353,-0.0010351872,-0.054701051,-0.054701051,INFEASIBLE,0,621.61787,981.20155,0.010872095,0.29230241,15,1.5,0.02,0.04,-0.05,40,40,40,40,40,10,0
2.94,35.484342,19.956009,-0.10418337,0.011823165,-35.484342,-19.956009,0.10418337,-0.011823165,-0.037088628,-0.037088628,INFEASIBLE,0,627.91356,983.19276,0.010926366,0.29230311,15,1.5,0.02,0.04,-0.05,40,40,40,40,40,10,0
2.945,35.583993,19.905693,-0.10413613,0.013405085,-35.583993,-19.905693,0.10413613,-0.013405085,-0.034026767,-0.034026767,INFEASIBLE,0,634.24467,985.17395,0.010980588,0.29230401,15,1.5,0.02,0.04,-0.05,40,40,40,40,40,10,0
2.95,35.683511,19.86723,-0.1041588,-0.0042932602,-35.683511,-19.86723,0.1041588,0.0042932602,-0.060462509,-0.060462509,INFEASIBLE,0,640.61123,987.14748,0.011034833,0.2923041,15,1.5,0.02,0.04,-0.05,40,40,40,40,40,10,0
2.955,35.782505,19.791616,-0.10418395,-0.005231632,-35.782505,-19.791616,0.10418395,0.005231632,-0.063292027,-0.063292027,INFEASIBLE,0,647.01317,989.10602,0.011089105,0.29230424,15,1.5,0.02,0.04,-0.05,40,40,40,40,40,10,0
2.96,35.88104,19.75103,-0.10417284,0.0005430037,-35.88104,-19.75103,0.10417284,-0.0005430037,-0.054116059,-0.054116059,INFEASIBLE,0,653.45041,991.05654,0.011143365,0.29230424,15,1.5,0.02,0.04,-0.05,40,40,40,40,40,10,0
2.965,35.979312,19.708777,-0.10413756,0.0043504929,-35.979312,-19.708777,0.10413756,-0.0043504929,-0.047600264,-0.047600264,INFEASIBLE,0,659.92297,992.99872,0.011197588,0.29230433,15,1.5,0.02,0.04,-0.05,40,40,40,40,40,10,0
2.97,36.077497,19.615442,-0.10409111,0.0089701696,-36.077497,-19.615442,0.10409111,-0.0089701696,-0.041743805,-0.041743805,INFEASIBLE,0,666.4309,994.92255,0.011251763,0.29230474,15,1.5,0.02,0.04,-0.05,40,40,40,40,40,10,0
2.975,36.175447,19.554205,-0.10406057,0.0089154664,-36.175447,-19.554205,0.10406057,-0.0089154664,-0.041858273,-0.041858273,INFEASIBLE,0,672.97421,996.83438,0.011305906,0.29230513,15,1.5,0.02,0.04,-0.05,40,40,40,40,40,10,0
2.98,36.273237,19.514638,-0.10406364,0.0012817963,-36.273237,-19.514638,0.10406364,-0.0012817963,-0.052981602,-0.052981602,INFEASIBLE,0,679.55295,998.73849,0.011360052,0.29230514,15,1.5,0.02,0.04,-0.05,40,40,40,40,40,10,0
2.985,36.370702,19.492686,-0.10406721,-0.0046048639,-36.370702,-19.492686,0.10406721,0.0046048639,-0.060793956,-0.060793956,INFEASIBLE,0,686.16709,1000.6383,0.011414202,0.29230525,15,1.5,0.02,0.04,-0.05,40,40,40,40,40,10,0
2.99,36.467843,19.41319,-0.10405667,0.0076051816,-36.467843,-19.41319,0.10405667,-0.0076051816,-0.043557789,-0.043557789,INFEASIBLE,0,692.81661,1002.5227,0.011468341,0.29230554,15,1.5,0.02,0.04,-0.05,40,40,40,40,40,10,0
2.995,36.564744,19.388712,-0.10403403,0.0019412581,-36.564744,-19.388712,0.10403403,-0.0019412581,-0.050755155,-0.050755155,INFEASIBLE,0,699.50151,1004.4023,0.011522456,0.29230556,15,1.5,0.02,0.04,-0.05,40,40,40,40,40,10,0
3,36.661338,19.289812,-0.10401538,0.0043279745,-36.661338,-19.289812,0.10401538,-0.0043279745,-0.048919481,-0.048919481,INFEASIBLE,0,706.22178,1006.2628,0.011576552,0.29230565,15,1.5,0.02,0.04,-0.05,40,40,40,40,40,10,0
3.005,36.757652,19.213661,-0.10399268,0.0061652283,-36.757652,-19.213661,0.10399268,-0.0061652283,-0.046942902,-0.046942902,INFEASIBLE,0,712.97741,1008.1086,0.011630624,0.29230584,15,1.5,0.02,0.04,-0.05,40,40,40,40,40,10,0
3.01,36.85372,19.197295,-0.10397634,0.0078547098,-36.85372,-19.197295,0.10397634,-0.0078547098,-0.042896808,-0.042896808,INFEASIBLE,0,719.76839,1009.9513,0.01168468,0.29230615,15,1.5,0.02,0.04,-0.05,40,40,40,40,40,10,0
3.015,36.949466,19.124135,-0.10398491,-0.004505407,-36.949466,-19.124135,0.10398491,0.004505407,-0.062577119,-0.062577119,INFEASIBLE,0,726.5947,1011.7799,0.011738744,0.29230625,15,1.5,0.02,0.04,-0.05,40,40,40,40,40,10,0
3.02,37.044786,19.049392,-0.10398852,0.0057215018,-37.044786,-19.049392,0.10398852,-0.0057215018,-0.04837419,-0.04837419,INFEASIBLE,0,733.45628,1013.5943,0.011792812,0.29230641,15,1.5,0.02,0.04,-0.05,40,40,40,40,40,10,0
3.025,37.13994,18.992574,-0.10396565,0.0047061073,-37.13994,-18.992574,0.10396565,-0.0047061073,-0.049923788,-0.049923788,INFEASIBLE,0,740.35316,1015.3979,0.011846857,0.29230652,15,1.5,0.02,0.04,-0.05,40,40,40,40,40,10,0
3.03,37.234804,18.945658,-0.10394955,0.0076645473,-37.234804,-18.945658,0.10394955,-0.0076645473,-0.045224094,-0.045224094,INFEASIBLE,0,747.28531,1017.1926,0.011900884,0.29230682,15,1.5,0.02,0.04,-0.05,40,40,40,40,40,10,0
3.035,37.3294,18.860664,-0.10393578,-0.00048492011,-37.3294,-18.860664,0.10393578,0.00048492011,-0.058749575,-0.058749575,INFEASIBLE,0,754.25273,1018.9712,0.011954897,0.29230682,15,1.5,0.02,0.04,-0.05,40,40,40,40,40,10,0
3.04,37.423659,18.825465,-0.1039,0.0024819467,-37.423659,-18.825465,0.1039,-0.0024819467,-0.053285302,-0.053285302,INFEASIBLE,0,761.25539,1020.7432,0.012008873,0.29230685,15,1.5,0.02,0.04,-0.05,40,40,40,40,40,10,0
3.045,37.517631,18.722571,-0.1038708,0.0098816306,-37.517631,-18.722571,0.1038708,-0.0098816306,-0.043984114,-0.043984114,INFEASIBLE,0,768.29325,1022.4959,0.012062819,0.29230734,15,1.5,0.02,0.04,-0.05,40,40,40,40,40,10,0
3.05,37.611406,18.736233,-0.10383133,0.0081528914,-37.611406,-18.736233,0.10383133,-0.0081528914,-0.043563181,-0.043563181,INFEASIBLE,0,775.36634,1024.2511,0.012116724,0.29230767,15,1.5,0.02,0.04,-0.05,40,40,40,40,40,10,0
3.055,37.704952,18.712186,-0.10382061,0.0050339359,-37.704952,-18.712186,0.10382061,-0.0050339359,-0.047171717,-0.047171717,INFEASIBLE,0,782.47466,1026.0019,0.012170617,0.2923078,15,1.5,0.02,0.04,-0.05,40,40,40,40,40,10,0
3.06,37.798122,18.566696,-0.10381922,0.00088715961,-37.798122,-18.566696,0.10381922,-0.00088715961,-0.057327306,-0.057327306,INFEASIBLE,0,789.61815,1027.7255,0.01222451,0.2923078,15,1.5,0.02,0.04,-0.05,40,40,40,40,40,10,0
3.065,37.890905,18.502874,-0.10381381,0.0036147031,-37.890905,-18.502874,0.10381381,-0.0036147031,-0.053851982,-0.053851982,INFEASIBLE,0,796.79675,1029.4372,0.012278396,0.29230787,15,1.5,0.02,0.04,-0.05,40,40,40,40,40,10,0
3.07,37.983569,18.490978,-0.10378212,0.007839708,-37.983569,-18.490978,0.10378212,-0.007839708,-0.045661696,-0.045661696,INFEASIBLE,0,804.01051,1031.1468,0.01233225,0.29230817,15,1.5,0.02,0.04,-0.05,40,40,40,40,40,10,0
3.075,38.075922,18.465291,-0.10375561,0.0081523402,-38.075922,-18.465291,0.10375561,-0.0081523402,-0.043975634,-0.043975634,INFEASIBLE,0,811.25939,1032.8517,0.012386076,0.29230851,15,1.5,0.02,0.04,-0.05,40,40,40,40,40,10,0
3.08,38.168032,18.400157,-0.10373712,0.0029046935,-38.168032,-18.400157,0.10373712,-0.0029046935,-0.052332915,-0.052332915,INFEASIBLE,0,818.54338,1034.5445,0.012439883,0.29230855,15,1.5,0.02,0.04,-0.05,40,40,40,40,40,10,0
3.085,38.259838,18.310456,-0.1037219,0.00061817095,-38.259838,-18.310456,0.1037219,-0.00061817095,-0.057286303,-0.057286303,INFEASIBLE,0,825.86245,1036.2209,0.012493674,0.29230855,15,1.5,0.02,0.04,-0.05,40,40,40,40,40,10,0
3.09,38.351112,18.254882,-0.10369479,0.0043243955,-38.351112,-18.254882,0.10369479,-0.0043243955,-0.051717806,-0.051717806,INFEASIBLE,0,833.21649,1037.8871,0.012547437,0.29230864,15,1.5,0.02,0.04,-0.05,40,40,40,40,40,10,0
3.095,38.442193,18.22335,-0.1036254,0.013762908,-38.442193,-18.22335,0.1036254,-0.013762908,-0.035958732,-0.035958732,INFEASIBLE,0,840.6055,1039.5475,0.012601128,0.29230959,15,1.5,0.02,0.04,-0.05,40,40,40,40,40,10,0
3.1,38.533152,18.143932,-0.10360471,0.0057989939,-38.533152,-18.143932,0.10360471,-0.0057989939,-0.048951856,-0.048951856,INFEASIBLE,0,848.02952,1041.1935,0.012654798,0.29230976,15,1.5,0.02,0.04,-0.05,40,40,40,40,40,10,0
3.105,38.623695,18.106334,-0.10359647,0.003942947,-38.623695,-18.106334,0.10359647,-0.003942947,-0.051305414,-0.051305414,INFEASIBLE,0,855.48847,1042.8327,0.012708459,0.29230984,15,1.5,0.02,0.04,-0.05,40,40,40,40,40,10,0
3.11,38.714041,18.091478,-0.10357997,-0.00023009425,-38.714041,-18.091478,0.10357997,0.00023009425,-0.056104776,-0.056104776,INFEASIBLE,0,862.98236,1044.4692,0.012762103,0.29230984,15,1.5,0.02,0.04,-0.05,40,40,40,40,40,10,0
3.115,38.804059,17.953336,-0.10353736,0.013088032,-38.804059,-17.953336,0.10353736,-0.013088032,-0.039213797,-0.039213797,INFEASIBLE,0,870.51113,1046.0808,0.012815703,0.29231069,15,1.5,0.02,0.04,-0.05,40,40,40,40,40,10,0
3.12,38.893834,17.901839,-0.10352675,0.0038108594,-38.893834,-17.901839,0.10352675,-0.0038108594,-0.05323468,-0.05323468,INFEASIBLE,0,878.07478,1047.6832,0.012869292,0.29231077,15,1.5,0.02,0.04,-0.05,40,40,40,40,40,10,0
3.125,38.983302,17.919805,-0.10351086,0.0053875184,-38.983302,-17.919805,0.10351086,-0.0053875184,-0.048123313,-0.048123313,INFEASIBLE,0,885.67327,1049.2888,0.012922864,0.29231091,15,1.5,0.02,0.04,-0.05,40,40,40,40,40,10,0
3.13,39.072539,17.784096,-0.10347615,0.010403196,-39.072539,-17.784096,0.10347615,-0.010403196,-0.043722796,-0.043722796,INFEASIBLE,0,893.30659,1050.8702,0.012976401,0.29231145,15,1.5,0.02,0.04,-0.05,40,40,40,40,40,10,0
3.135,39.16158,17.78054,-0.10347487,-0.0015221258,-39.16158,-17.78054,0.10347487,0.0015221258,-0.059953026,-0.059953026,INFEASIBLE,0,900.97474,1052.4509,0.013029936,0.29231146,15,1.5,0.02,0.04,-0.05,40,40,40,40,40,10,0
3.14,39.250257,17.744713,-0.10345019,0.0056802689,-39.250257,-17.744713,0.10345019,-0.0056802689,-0.048438774,-0.048438774,INFEASIBLE,0,908.67765,1054.0253,0.013083446,0.29231163,15,1.5,0.02,0.04,-0.05,40,40,40,40,40,10,0
3.145,39.338562,17.633896,-0.10341524,0.0061566716,-39.338562,-17.633896,0.10341524,-0.0061566716,-0.049866466,-0.049866466,INFEASIBLE,0,916.41526,1055.5801,0.013136919,0.29231182,15,1.5,0.02,0.04,-0.05,40,40,40,40,40,10,0
3.15,39.4267,17.624162,-0.10338795,0.002872977,-39.4267,-17.624162,0.10338795,-0.002872977,-0.053009362,-0.053009362,INFEASIBLE,0,924.18759,1057.1331,0.013190365,0.29231186,15,1.5,0.02,0.04,-0.05,40,40,40,40,40,10,0
3.155,39.514505,17.541298,-0.1033564,0.0037367723,-39.514505,-17.541298,0.1033564,-0.0037367723,-0.052798829,-0.052798829,INFEASIBLE,0,931.99457,1058.6716,0.013243778,0.29231193,15,1.5,0.02,0.04,-0.05,40,40,40,40,40,10,0
3.16,39.602074,17.478516,-0.10331115,0.012585518,-39.602074,-17.478516,0.10331115,-0.012585518,-0.039606803,-0.039606803,INFEASIBLE,0,939.83619,1060.1991,0.013297143,0.29231272,15,1.5,0.02,0.04,-0.05,40,40,40,40,40,10,0
3.165,39.689386,17.479666,-0.10329522,0.0072149129,-39.689386,-17.479666,0.10329522,-0.0072149129,-0.04563152,-0.04563152,INFEASIBLE,0,947.71242,1061.7268,0.013350493,0.29231298,15,1.5,0.02,0.04,-0.05,40,40,40,40,40,10,0
3.17,39.776494,17.395027,-0.10328298,0.0030705158,-39.776494,-17.395027,0.10328298,-0.0030705158,-0.053307949,-0.053307949,INFEASIBLE,0,955.62327,1063.2397,0.01340383,0.29231303,15,1.5,0.02,0.04,-0.05,40,40,40,40,40,10,0
3.175,39.863334,17.303846,-0.103271,0.00040834107,-39.863334,-17.303846,0.103271,-0.00040834107,-0.059031958,-0.059031958,INFEASIBLE,0,963.5687,1064.7368,0.013457154,0.29231303,15,1.5,0.02,0.04,-0.05,40,40,40,40,40,10,0
3.18,39.949745,17.298449,-0.10323624,0.0033292242,-39.949745,-17.298449,0.10323624,-0.0033292242,-0.052616999,-0.052616999,INFEASIBLE,0,971.54861,1066.233,0.013510443,0.29231308,15,1.5,0.02,0.04,-0.05,40,40,40,40,40,10,0
3.185,40.03579,17.193518,-0.10318042,0.016650412,-40.03579,-17.193518,0.10318042,-0.016650412,-0.034274184,-0.034274184,INFEASIBLE,0,979.56293,1067.7111,0.013563674,0.29231447,15,1.5,0.02,0.04,-0.05,40,40,40,40,40,10,0
3.19,40.12178,17.195513,-0.10315491,-0.0011538736,-40.12178,-17.195513,0.10315491,0.0011538736,-0.058798406,-0.058798406,INFEASIBLE,0,987.61172,1069.1895,0.013616879,0.29231447,15,1.5,0.02,0.04,-0.05,40,40,40,40,40,10,0
3.195,40.207368,17.092446,-0.10313453,0.0078671704,-40.207368,-17.092446,0.10313453,-0.0078671704,-0.04737203,-0.04737203,INFEASIBLE,0,995.69488,1070.6503,0.013670062,0.29231478,15,1.5,0.02,0.04,-0.05,40,40,40,40,40,10,0
3.2,40.292728,17.045157,-0.10310024,0.0078065798,-40.292728,-17.045157,0.10310024,-0.0078065798,-0.047132817,-0.047132817,INFEASIBLE,0,1003.8124,1072.103,0.013723211,0.29231509,15,1.5,0.02,0.04,-0.05,40,40,40,40,40,10,0
3.205,40.377718,16.970673,-0.10306865,0.0023725967,-40.377718,-16.970673,0.10306865,-0.0023725967,-0.056089576,-0.056089576,INFEASIBLE,0,1011.9642,1073.543,0.013776326,0.29231512,15,1.5,0.02,0.04,-0.05,40,40,40,40,40,10,0
3.21,40.462444,16.868098,-0.10303507,0.0082865797,-40.462444,-16.868098,0.10303507,-0.0082865797,-0.049123313,-0.049123313,INFEASIBLE,0,1020.1502,1074.9657,0.013829407,0.29231546,15,1.5,0.02,0.04,-0.05,40,40,40,40,40,10,0
3.215,40.546922,16.886915,-0.10297706,0.0089874295,-40.546922,-16.886915,0.10297706,-0.0089874295,-0.044759788,-0.044759788,INFEASIBLE,0,1028.3705,1076.3915,0.013882429,0.29231586,15,1.5,0.02,0.04,-0.05,40,40,40,40,40,10,0
3.22,40.63113,16.820888,-0.10293023,0.0069456462,-40.63113,-16.820888,0.10293023,-0.0069456462,-0.048076796,-0.048076796,INFEASIBLE,0,1036.625,1077.8062,0.013935402,0.29231611,15,1.5,0.02,0.04,-0.05,40,40,40,40,40,10,0
3.225,40.715183,16.787546,-0.10289599,0.0043442858,-40.715183,-16.787546,0.10289599,-0.0043442858,-0.051117988,-0.051117988,INFEASIBLE,0,1044.9136,1079.2153,0.01398834,0.2923162,15,1.5,0.02,0.04,-0.05,40,40,40,40,40,10,0
3.23,40.798986,16.736337,-0.10286752,0.00079242072,-40.798986,-16.736337,0.10286752,-0.00079242072,-0.056391059,-0.056391059,INFEASIBLE,0,1053.2364,1080.6159,0.014041249,0.2923162,15,1.5,0.02,0.04,-0.05,40,40,40,40,40,10,0
3.235,40.882442,16.700062,-0.10284022,0.0065151369,-40.882442,-16.700062,0.10284022,-0.0065151369,-0.047179333,-0.047179333,INFEASIBLE,0,1061.5932,1082.0103,0.014094129,0.29231642,15,1.5,0.02,0.04,-0.05,40,40,40,40,40,10,0
3.24,40.965733,16.660474,-0.10281226,-0.0004457525,-40.965733,-16.660474,0.10281226,0.0004457525,-0.057118965,-0.057118965,INFEASIBLE,0,1069.9842,1083.3982,0.014146981,0.29231642,15,1.5,0.02,0.04,-0.05,40,40,40,40,40,10,0
3.245,41.048698,16.572752,-0.10278489,0.010335952,-41.048698,-16.572752,0.10278489,-0.010335952,-0.042385332,-0.042385332,INFEASIBLE,0,1078.4092,1084.7715,0.014199805,0.29231695,15,1.5,0.02,0.04,-0.05,40,40,40,40,40,10,0
3.25,41.131471,16.539042,-0.10277086,0.0020570386,-41.131471,-16.539042,0.10277086,-0.0020570386,-0.054286144,-0.054286144,INFEASIBLE,0,1086.8682,1086.1392,0.014252614,0.29231697,15,1.5,0.02,0.04,-0.05,40,40,40,40,40,10,0
3.255,41.213841,16.403444,-0.10275643,0.0035930456,-41.213841,-16.403444,0.10275643,-0.0035930456,-0.055542226,-0.055542226,INFEASIBLE,0,1095.3611,1087.4845,0.014305408,0.29231704,15,1.5,0.02,0.04,-0.05,40,40,40,40,40,10,0
3.26,41.295963,16.427969,-0.10272545,0.0062268338,-41.295963,-16.427969,0.10272545,-0.0062268338,-0.048503489,-0.048503489,INFEASIBLE,0,1103.8879,1088.8339,0.014358171,0.29231723,15,1.5,0.02,0.04,-0.05,40,40,40,40,40,10,0
3.265,41.377704,16.28758,-0.10268233,0.012593829,-41.377704,-16.28758,0.10268233,-0.012593829,-0.042286878,-0.042286878,INFEASIBLE,0,1112.4484,1090.1603,0.014410889,0.29231802,15,1.5,0.02,0.04,-0.05,40,40,40,40,40,10,0
3.27,41.459258,16.308595,-0.10265438,0.0038558056,-41.459258,-16.308595,0.10265438,-0.0038558056,-0.052502984,-0.052502984,INFEASIBLE,0,1121.0428,1091.4902,0.014463579,0.2923181,15,1.5,0.02,0.04,-0.05,40,40,40,40,40,10,0
3.275,41.540398,16.174279,-0.10262511,0.0071569996,-41.540398,-16.174279,0.10262511,-0.0071569996,-0.050862015,-0.050862015,INFEASIBLE,0,1129.6708,1092.7982,0.014516238,0.29231835,15,1.5,0.02,0.04,-0.05,40,40,40,40,40,10,0
3.28,41.62135,16.187712,-0.10259471,0.0045439933,-41.62135,-16.187712,0.10259471,-0.0045439933,-0.052169183,-0.052169183,INFEASIBLE,0,1138.3325,1094.1084,0.014568867,0.29231846,15,1.5,0.02,0.04,-0.05,40,40,40,40,40,10,0
3.285,41.701993,16.073463,-0.10253982,0.016610554,-41.701993,-16.073463,0.10253982,-0.016610554,-0.036203163,-0.036203163,INFEASIBLE,0,1147.0278,1095.4002,0.014621439,0.29231984,15,1.5,0.02,0.04,-0.05,40,40,40,40,40,10,0
3.29,41.782437,16.089998,-0.10252002,-0.0013688706,-41.782437,-16.089998,0.10252002,0.0013688706,-0.060604981,-0.060604981,INFEASIBLE,0,1155.7566,1096.6947,0.014673991,0.29231985,15,1.5,0.02,0.04,-0.05,40,40,40,40,40,10,0
3.295,41.862458,15.951281,-0.10247398,0.01593418,-41.862458,-15.951281,0.10247398,-0.01593418,-0.037908088,-0.037908088,INFEASIBLE,0,1164.519,1097.9669,0.014726495,0.29232111,15,1.5,0.02,0.04,-0.05,40,40,40,40,40,10,0
3.3,41.942366,15.981454,-0.10245593,-0.0016347234,-41.942366,-15.981454,0.10245593,0.0016347234,-0.061185619,-0.061185619,INFEASIBLE,0,1173.3148,1099.2439,0.014778981,0.29232113,15,1.5,0.02,0.04,-0.05,40,40,40,40,40,10,0
3.305,42.021827,15.841227,-0.10241571,0.014635442,-42.021827,-15.841227,0.10241571,-0.014635442,-0.040196942,-0.040196942,INFEASIBLE,0,1182.1439,1100.4986,0.014831426,0.2923222,15,1.5,0.02,0.04,-0.05,40,40,40,40,40,10,0
3.31,42.101143,15.878801,-0.10238543,0.0067596344,-42.101143,-15.878801,0.10238543,-0.0067596344,-0.048467039,-0.048467039,INFEASIBLE,0,1191.0065,1101.7593,0.01488384,0.29232243,15,1.5,0.02,0.04,-0.05,40,40,40,40,40,10,0
3.315,42.180171,15.742962,-0.1023612,0.0038708434,-42.180171,-15.742962,0.1023612,-0.0038708434,-0.056289859,-0.056289859,INFEASIBLE,0,1199.9023,1102.9985,0.014936229,0.2923225,15,1.5,0.02,0.04,-0.05,40,40,40,40,40,10,0
3.32,42.258873,15.759536,-0.10232644,0.0042375663,-42.258873,-15.759536,0.10232644,-0.0042375663,-0.052981289,-0.052981289,INFEASIBLE,0,1208.8314,1104.2403,0.014988583,0.29232259,15,1.5,0.02,0.04,-0.05,40,40,40,40,40,10,0
3.325,42.337206,15.634305,-0.1022807,0.011616013,-42.337206,-15.634305,0.1022807,-0.011616013,-0.044670141,-0.044670141,INFEASIBLE,0,1217.7936,1105.4625,0.015040889,0.29232327,15,1.5,0.02,0.04,-0.05,40,40,40,40,40,10,0
3.33,42.415278,15.589906,-0.10222806,0.0070322406,-42.415278,-15.589906,0.10222806,-0.0070322406,-0.05097074,-0.05097074,INFEASIBLE,0,1226.7888,1106.6777,0.015093142,0.29232351,15,1.5,0.02,0.04,-0.05,40,40,40,40,40,10,0
3.335,42.493132,15.523731,-0.10218633,0.0089223277,-42.493132,-15.523731,0.10218633,-0.0089223277,-0.048599565,-0.048599565,INFEASIBLE,0,1235.8172,1107.8826,0.015145352,0.29232391,15,1.5,0.02,0.04,-0.05,40,40,40,40,40,10,0
3.34,42.570674,15.495331,-0.10212655,0.013859135,-42.570674,-15.495331,0.10212655,-0.013859135,-0.039882818,-0.039882818,INFEASIBLE,0,1244.8785,1109.0832,0.015197502,0.29232487,15,1.5,0.02,0.04,-0.05,40,40,40,40,40,10,0
3.345,42.648083,15.472131,-0.10208234,0.0060452622,-42.648083,-15.472131,0.10208234,-0.0060452622,-0.050320299,-0.050320299,INFEASIBLE,0,1253.9728,1110.2801,0.015249606,0.29232506,15,1.5,0.02,0.04,-0.05,40,40,40,40,40,10,0
3.35,42.725074,15.327586,-0.10205621,0.0067273864,-42.725074,-15.327586,0.10205621,-0.0067273864,-0.053147099,-0.053147099,INFEASIBLE,0,1263.0999,1111.4548,0.015301683,0.29232528,15,1.5,0.02,0.04,-0.05,40,40,40,40,40,10,0
3.355,42.801829,15.349564,-0.10202336,0.008563716,-42.801829,-15.349564,0.10202336,-0.008563716,-0.047485688,-0.047485688,INFEASIBLE,0,1272.2599,1112.6328,0.015353727,0.29232565,15,1.5,0.02,0.04,-0.05,40,40,40,40,40,10,0
3.36,42.878308,15.227995,-0.10196655,0.013404827,-42.878308,-15.227995,0.10196655,-0.013404827,-0.042705023,-0.042705023,INFEASIBLE,0,1281.4527,1113.7923,0.015405713,0.29232655,15,1.5,0.02,0.04,-0.05,40,40,40,40,40,10,0
3.365,42.954593,15.259787,-0.10192311,0.0044266843,-42.954593,-15.259787,0.10192311,-0.0044266843,-0.052723274,-0.052723274,INFEASIBLE,0,1290.6781,1114.9566,0.015457654,0.29232664,15,1.5,0.02,0.04,-0.05,40,40,40,40,40,10,0
3.37,43.03045,15.157952,-0.10187845,0.011178543,-43.03045,-15.157952,0.10187845,-0.011178543,-0.044481816,-0.044481816,INFEASIBLE,0,1299.9362,1116.1054,0.01550955,0.29232727,15,1.5,0.02,0.04,-0.05,40,40,40,40,40,10,0
3.375,43.106133,15.10538,-0.10181884,0.0091628604,-43.106133,-15.10538,0.10181884,-0.0091628604,-0.047200462,-0.047200462,INFEASIBLE,0,1309.2269,1117.2463,0.015561386,0.29232769,15,1.5,0.02,0.04,-0.05,40,40,40,40,40,10,0
3.38,43.181486,15.063972,-0.1017794,0.010936179,-43.181486,-15.063972,0.1017794,-0.010936179,-0.044098167,-0.044098167,INFEASIBLE,0,1318.5501,1118.3809,0.015613181,0.29232829,15,1.5,0.02,0.04,-0.05,40,40,40,40,40,10,0
3.385,43.25652,14.94342,-0.10172897,0.01120254,-43.25652,-14.94342,0.10172897,-0.01120254,-0.046263522,-0.046263522,INFEASIBLE,0,1327.9058,1119.4974,0.015664925,0.29232892,15,1.5,0.02,0.04,-0.05,40,40,40,40,40,10,0
3.39,43.331359,14.963285,-0.10170132,0.0045702075,-43.331359,-14.963285,0.10170132,-0.0045702075,-0.053505867,-0.053505867,INFEASIBLE,0,1337.2938,1120.6169,0.015716641,0.29232902,15,1.5,0.02,0.04,-0.05,40,40,40,40,40,10,0
3.395,43.405754,14.85325,-0.10165451,0.010745211,-43.405754,-14.85325,0.10165451,-0.010745211,-0.046454763,-0.046454763,INFEASIBLE,0,1346.7141,1121.72,0.015768309,0.2923296,15,1.5,0.02,0.04,-0.05,40,40,40,40,40,10,0
3.4,43.479944,14.823199,-0.10160027,0.0099602099,-43.479944,-14.823199,0.10160027,-0.0099602099,-0.046536914,-0.046536914,INFEASIBLE,0,1356.1666,1122.8186,0.015819922,0.29233009,15,1.5,0.02,0.04,-0.05,40,40,40,40,40,10,0
3.405,43.553842,14.802264,-0.10155281,0.010305402,-43.553842,-14.802264,0.10155281,-0.010305402,-0.044666623,-0.044666623,INFEASIBLE,0,1365.6513,1123.9142,0.015871487,0.29233062,15,1.5,0.02,0.04,-0.05,40,40,40,40,40,10,0
3.41,43.627525,14.679589,-0.10150215,0.011408804,-43.627525,-14.679589,0.10150215,-0.011408804,-0.045684945,-0.045684945,INFEASIBLE,0,1375.1681,1124.9916,0.015923,0.29233127,15,1.5,0.02,0.04,-0.05,40,40,40,40,40,10,0
3.415,43.700921,14.641603,-0.10145237,0.005989062,-43.700921,-14.641603,0.10145237,-0.005989062,-0.053119461,-0.053119461,INFEASIBLE,0,1384.717,1126.0635,0.015974463,0.29233145,15,1.5,0.02,0.04,-0.05,40,40,40,40,40,10,0
3.42,43.774073,14.608706,-0.10140991,0.012821462,-43.774073,-14.608706,0.10140991,-0.012821462,-0.042086763,-0.042086763,INFEASIBLE,0,1394.2978,1127.1306,0.016025883,0.29233228,15,1.5,0.02,0.04,-0.05,40,40,40,40,40,10,0
3.425,43.846842,14.496395,-0.10135988,0.01040788,-43.846842,-14.496395,0.10135988,-0.01040788,-0.047993705,-0.047993705,INFEASIBLE,0,1403.9105,1128.1813,0.016077252,0.29233282,15,1.5,0.02,0.04,-0.05,40,40,40,40,40,10,0
3.43,43.919375,14.528808,-0.10131766,0.0025482707,-43.919375,-14.528808,0.10131766,-0.0025482707,-0.056402647,-0.056402647,INFEASIBLE,0,1413.5551,1129.2367,0.016128578,0.29233285,15,1.5,0.02,0.04,-0.05,40,40,40,40,40,10,0
3.435,43.991536,14.417493,-0.10126821,0.012822216,-43.991536,-14.417493,0.10126821,-0.012822216,-0.043259465,-0.043259465,INFEASIBLE,0,1423.2314,1130.2761,0.016179855,0.29233367,15,1.5,0.02,0.04,-0.05,40,40,40,40,40,10,0
3.44,44.063434,14.317577,-0.10120154,0.014281423,-44.063434,-14.317577,0.10120154,-0.014281423,-0.042629139,-0.042629139,INFEASIBLE,0,1432.9393,1131.301,0.016231063,0.29233469,15,1.5,0.02,0.04,-0.05,40,40,40,40,40,10,0
3.445,44.135182,14.346473,-0.10115714,0.0044689406,-44.135182,-14.346473,0.10115714,-0.0044689406,-0.054091178,-0.054091178,INFEASIBLE,0,1442.6789,1132.3301,0.016282227,0.29233479,15,1.5,0.02,0.04,-0.05,40,40,40,40,40,10,0
3.45,44.206523,14.266477,-0.10109711,0.016437266,-44.206523,-14.266477,0.10109711,-0.016437266,-0.037011192,-0.037011192,INFEASIBLE,0,1452.45,1133.3478,0.01633333,0.29233614,15,1.5,0.02,0.04,-0.05,40,40,40,40,40,10,0
3.455,44.277636,14.174244,-0.1010419,0.010556956,-44.277636,-14.174244,0.1010419,-0.010556956,-0.047270531,-0.047270531,INFEASIBLE,0,1462.2525,1134.3523,0.016384378,0.2923367,15,1.5,0.02,0.04,-0.05,40,40,40,40,40,10,0
3.46,44.348519,14.198221,-0.10101117,0.0022417201,-44.348519,-14.198221,0.10101117,-0.0022417201,-0.056905816,-0.056905816,INFEASIBLE,0,1472.0865,1135.3603,0.016435394,0.29233672,15,1.5,0.02,0.04,-0.05,40,40,40,40,40,10,0
3.465,44.419017,14.081161,-0.10096429,0.012911073,-44.419017,-14.081161,0.10096429,-0.012911073,-0.043470995,-0.043470995,INFEASIBLE,0,1481.9517,1136.3517,0.016486363,0.29233756,15,1.5,0.02,0.04,-0.05,40,40,40,40,40,10,0
3.47,44.489324,14.068418,-0.1008874,0.020283458,-44.489324,-14.068418,0.1008874,-0.020283458,-0.030362676,-0.030362676,INFEASIBLE,0,1491.8482,1137.3413,0.016537254,0.29233962,15,1.5,0.02,0.04,-0.05,40,40,40,40,40,10,0
3.475,44.559438,14.007306,-0.1008577,0.0025150915,-44.559438,-14.007306,0.1008577,-0.0025150915,-0.057611784,-0.057611784,INFEASIBLE,0,1501.7759,1138.3223,0.016588116,0.29233965,15,1.5,0.02,0.04,-0.05,40,40,40,40,40,10,0
3.48,44.629218,13.947517,-0.10084165,0.0059757542,-44.629218,-13.947517,0.10084165,-0.0059757542,-0.053176046,-0.053176046,INFEASIBLE,0,1511.7348,1139.295,0.016638961,0.29233983,15,1.5,0.02,0.04,-0.05,40,40,40,40,40,10,0
3.485,44.69856,13.855128,-0.10079672,0.0091961153,-44.69856,-13.855128,0.10079672,-0.0091961153,-0.049980256,-0.049980256,INFEASIBLE,0,1521.7246,1140.2548,0.016689761,0.29234025,15,1.5,0.02,0.04,-0.05,40,40,40,40,40,10,0
3.49,44.767721,13.794192,-0.10074015,0.010010111,-44.767721,-13.794192,0.10074015,-0.010010111,-0.048964981,-0.048964981,INFEASIBLE,0,1531.7453,1141.2062,0.016740504,0.29234075,15,1.5,0.02,0.04,-0.05,40,40,40,40,40,10,0
3.495,44.836568,13.7891,-0.1006784,0.013268422,-44.836568,-13.7891,0.1006784,-0.013268422,-0.041977986,-0.041977986,INFEASIBLE,0,1541.7969,1142.1569,0.016791184,0.29234163,15,1.5,0.02,0.04,-0.05,40,40,40,40,40,10,0
3.5,44.905183,13.693031,-0.10061216,0.010525463,-44.905183,-13.693031,0.10061216,-0.010525463,-0.047569369,-0.047569369,INFEASIBLE,0,1551.8793,1143.0944,0.016841798,0.29234218,15,1.5,0.02,0.04,-0.05,40,40,40,40,40,10,0
3.505,44.973417,13.590166,-0.100553,0.014368169,-44.973417,-13.590166,0.100553,-0.014368169,-0.043667776,-0.043667776,INFEASIBLE,0,1561.9923,1144.0179,0.016892353,0.29234322,15,1.5,0.02,0.04,-0.05,40,40,40,40,40,10,0
3.51,45.041443,13.588618,-0.10050105,0.0095978813,-45.041443,-13.588618,0.10050105,-0.0095978813,-0.048745321,-0.048745321,INFEASIBLE,0,1572.136,1144.9411,0.016942855,0.29234368,15,1.5,0.02,0.04,-0.05,40,40,40,40,40,10,0
3.515,45.109218,13.563454,-0.10045111,0.0069298673,-45.109218,-13.563454,0.10045111,-0.0069298673,-0.051649329,-0.051649329,INFEASIBLE,0,1582.3102,1145.8609,0.016993307,0.29234392,15,1.5,0.02,0.04,-0.05,40,40,40,40,40,10,0
3.52,45.176662,13.465071,-0.10039373,0.012471703,-45.176662,-13.465071,0.10039373,-0.012471703,-0.045062359,-0.045062359,INFEASIBLE,0,1592.5148,1146.7675,0.017043702,0.29234469,15,1.5,0.02,0.04,-0.05,40,40,40,40,40,10,0
3.525,45.24386,13.400075,-0.10033456,0.014592452,-45.24386,-13.400075,0.10033456,-0.014592452,-0.042249601,-0.042249601,INFEASIBLE,0,1602.7499,1147.6653,0.017094037,0.29234576,15,1.5,0.02,0.04,-0.05,40,40,40,40,40,10,0
3.53,45.310896,13.397951,-0.10028633,0.010992345,-45.310896,-13.397951,0.10028633,-0.010992345,-0.04567046,-0.04567046,INFEASIBLE,0,1613.0153,1148.5628,0.017144324,0.29234636,15,1.5,0.02,0.04,-0.05,40,40,40,40,40,10,0
3.535,45.377691,13.355035,-0.10024504,0.0027186769,-45.377691,-13.355035,0.10024504,-0.0027186769,-0.057842374,-0.057842374,INFEASIBLE,0,1623.3109,1149.4546,0.017194569,0.2923464,15,1.5,0.02,0.04,-0.05,40,40,40,40,40,10,0
3.54,45.44411,13.250005,-0.10019634,0.01151894,-45.44411,-13.250005,0.10019634,-0.01151894,-0.046784344,-0.046784344,INFEASIBLE,0,1633.6368,1150.3324,0.017244766,0.29234706,15,1.5,0.02,0.04,-0.05,40,40,40,40,40,10,0
3.545,45.510245,13.186804,-0.10013205,0.0157718,-45.510245,-13.186804,0.10013205,-0.0157718,-0.040646,-0.040646,INFEASIBLE,0,1643.9927,1151.2019,0.017294898,0.29234831,15,1.5,0.02,0.04,-0.05,40,40,40,40,40,10,0
3.55,45.576207,13.183056,-0.10008591,0.0075335646,-45.576207,-13.183056,0.10008591,-0.0075335646,-0.05114187,-0.05114187,INFEASIBLE,0,1654.3786,1152.0708,0.017344984,0.29234859,15,1.5,0.02,0.04,-0.05,40,40,40,40,40,10,0
3.555,45.641881,13.140847,-0.10003253,0.01025903,-45.641881,-13.140847,0.10003253,-0.01025903,-0.046627952,-0.046627952,INFEASIBLE,0,1664.7946,1152.9343,0.017395016,0.29234912,15,1.5,0.02,0.04,-0.05,40,40,40,40,40,10,0
3.56,45.707308,13.049295,-0.099972299,0.010682937,-45.707308,-13.049295,0.099972299,-0.010682937,-0.047442105,-0.047442105,INFEASIBLE,0,1675.2403,1153.7857,0.017444989,0.29234969,15,1.5,0.02,0.04,-0.05,40,40,40,40,40,10,0
3.565,45.772414,13.017802,-0.099901796,0.019155536,-45.772414,-13.017802,0.099901796,-0.019155536,-0.033633289,-0.033633289,INFEASIBLE,0,1685.7159,1154.633,0.01749489,0.29235152,15,1.5,0.02,0.04,-0.05,40,40,40,40,40,10,0
3.57,45.837269,12.930903,-0.09984742,0.01421707,-45.837269,-12.930903,0.09984742,-0.01421707,-0.042404198,-0.042404198,INFEASIBLE,0,1696.2212,1155.469,0.017544738,0.29235253,15,1.5,0.02,0.04,-0.05,40,40,40,40,40,10,0
3.575,45.901995,12.917111,-0.099825779,-0.00031873221,-45.901995,-12.917111,0.099825779,0.00031873221,-0.063140456,-0.063140456,INFEASIBLE,0,1706.7562,1156.3033,0.017594564,0.29235253,15,1.5,0.02,0.04,-0.05,40,40,40,40,40,10,0
3.58,45.965935,12.831729,-0.099780446,0.011410376,-45.965935,-12.831729,0.099780446,-0.011410376,-0.047003273,-0.047003273,INFEASIBLE,0,1717.3205,1157.1266,0.017644345,0.29235318,15,1.5,0.02,0.04,-0.05,40,40,40,40,40,10,0
3.585,46.029843,12.755841,-0.09970226,0.016142423,-46.029843,-12.755841,0.09970226,-0.016142423,-0.040489757,-0.040489757,INFEASIBLE,0,1727.9142,1157.9401,0.017694047,0.29235449,15,1.5,0.02,0.04,-0.05,40,40,40,40,40,10,0
3.59,46.093581,12.74316,-0.099617635,0.019929688,-46.093581,-12.74316,0.099617635,-0.019929688,-0.032771973,-0.032771973,INFEASIBLE,0,1738.5373,1158.7521,0.017743666,0.29235647,15,1.5,0.02,0.04,-0.05,40,40,40,40,40,10,0
3.595,46.157026,12.650241,-0.099565075,0.014245173,-46.157026,-12.650241,0.099565075,-0.014245173,-0.042958212,-0.042958212,INFEASIBLE,0,1749.1897,1159.5522,0.017793232,0.29235749,15,1.5,0.02,0.04,-0.05,40,40,40,40,40,10,0
3.6,46.220272,12.642551,-0.099539094,0.0041541393,-46.220272,-12.642551,0.099539094,-0.0041541393,-0.056747735,-0.056747735,INFEASIBLE,0,1759.8712,1160.3514,0.017842772,0.29235757,15,1.5,0.02,0.04,-0.05,40,40,40,40,40,10,0
3.605,46.283172,12.568384,-0.099511755,0.0052844813,-46.283172,-12.568384,0.099511755,-0.0052844813,-0.056350785,-0.056350785,INFEASIBLE,0,1770.5819,1161.1412,0.017892285,0.29235771,15,1.5,0.02,0.04,-0.05,40,40,40,40,40,10,0
3.61,46.345644,12.493073,-0.09944491,0.014869579,-46.345644,-12.493073,0.09944491,-0.014869579,-0.042733498,-0.042733498,INFEASIBLE,0,1781.3215,1161.9216,0.017941731,0.29235882,15,1.5,0.02,0.04,-0.05,40,40,40,40,40,10,0
3.615,46.407923,12.434842,-0.099364019,0.013347521,-46.407923,-12.434842,0.099364019,-0.013347521,-0.044886871,-0.044886871,INFEASIBLE,0,1792.09,1162.6947,0.017991097,0.29235971,15,1.5,0.02,0.04,-0.05,40,40,40,40,40,10,0
3.62,46.469927,12.358671,-0.09929694,0.015523519,-46.469927,-12.358671,0.09929694,-0.015523519,-0.042423422,-0.042423422,INFEASIBLE,0,1802.8872,1163.4584,0.018040397,0.29236092,15,1.5,0.02,0.04,-0.05,40,40,40,40,40,10,0
3.625,46.531771,12.346638,-0.099228488,0.017623065,-46.531771,-12.346638,0.099228488,-0.017623065,-0.037491785,-0.037491785,INFEASIBLE,0,1813.7133,1164.2206,0.018089628,0.29236247,15,1.5,0.02,0.04,-0.05,40,40,40,40,40,10,0
3.63,46.593357,12.314564,-0.099194437,0.0063075014,-46.593357,-12.314564,0.099194437,-0.0063075014,-0.054005611,-0.054005611,INFEASIBLE,0,1824.568,1164.9788,0.018138826,0.29236267,15,1.5,0.02,0.04,-0.05,40,40,40,40,40,10,0
3.635,46.654553,12.242323,-0.099152342,0.01137674,-46.654553,-12.242323,0.099152342,-0.01137674,-0.047436029,-0.047436029,INFEASIBLE,0,1835.4512,1165.7282,0.018187982,0.29236331,15,1.5,0.02,0.04,-0.05,40,40,40,40,40,10,0
3.64,46.715641,12.192805,-0.099104406,0.0046274498,-46.715641,-12.192805,0.099104406,-0.0046274498,-0.057599901,-0.057599901,INFEASIBLE,0,1846.363,1166.4715,0.01823709,0.29236342,15,1.5,0.02,0.04,-0.05,40,40,40,40,40,10,0
3.645,46.776367,12.092251,-0.09904306,0.013743508,-46.776367,-12.092251,0.09904306,-0.013743508,-0.04581323,-0.04581323,INFEASIBLE,0,1857.3031,1167.2026,0.018286138,0.29236437,15,1.5,0.02,0.04,-0.05,40,40,40,40,40,10,0
3.65,46.836673,12.046983,-0.098959568,0.016438459,-46.836673,-12.046983,0.098959568,-0.016438459,-0.041123052,-0.041123052,INFEASIBLE,0,1868.2715,1167.9283,0.018335103,0.29236572,15,1.5,0.02,0.04,-0.05,40,40,40,40,40,10,0
3.655,46.896873,12.022014,-0.098885049,0.017111111,-46.896873,-12.022014,0.098885049,-0.017111111,-0.038791048,-0.038791048,INFEASIBLE,0,1879.2681,1168.6509,0.018383994,0.29236718,15,1.5,0.02,0.04,-0.05,40,40,40,40,40,10,0
3.66,46.956895,11.98415,-0.098835819,0.0083878787,-46.956895,-11.98415,0.098835819,-0.0083878787,-0.051451577,-0.051451577,INFEASIBLE,0,1890.2928,1169.369,0.018432837,0.29236753,15,1.5,0.02,0.04,-0.05,40,40,40,40,40,10,0
3.665,47.016675,11.949381,-0.098790649,0.0099675078,-47.016675,-11.949381,0.098790649,-0.0099675078,-0.048599736,-0.048599736,INFEASIBLE,0,1901.3456,1170.083,0.018481635,0.29236803,15,1.5,0.02,0.04,-0.05,40,40,40,40,40,10,0
3.67,47.076224,11.881313,-0.09876165,0.0047882311,-47.076224,-11.881313,0.09876165,-0.0047882311,-0.057465405,-0.057465405,INFEASIBLE,0,1912.4265,1170.7888,0.018530404,0.29236814,15,1.5,0.02,0.04,-0.05,40,40,40,40,40,10,0
3.675,47.135453,11.817142,-0.098707588,0.012425954,-47.135453,-11.817142,0.098707588,-0.012425954,-0.046580142,-0.046580142,INFEASIBLE,0,1923.5353,1171.487,0.01857912,0.29236892,15,1.5,0.02,0.04,-0.05,40,40,40,40,40,10,0
3.68,47.19448,11.784716,-0.098664464,0.0060423154,-47.19448,-11.784716,0.098664464,-0.0060423154,-0.055625259,-0.055625259,INFEASIBLE,0,1934.6718,1172.1814,0.018627793,0.2923691,15,1.5,0.02,0.04,-0.05,40,40,40,40,40,10,0
3.685,47.253263,11.7368,-0.098609616,0.011671813,-47.253263,-11.7368,0.098609616,-0.011671813,-0.047099271,-0.047099271,INFEASIBLE,0,1945.8362,1172.8702,0.018676412,0.29236978,15,1.5,0.02,0.04,-0.05,40,40,40,40,40,10,0
3.69,47.311679,11.690769,-0.098557622,0.008753089,-47.311679,-11.690769,0.098557622,-0.008753089,-0.051370377,-0.051370377,INFEASIBLE,0,1957.0282,1173.5535,0.01872498,0.29237016,15,1.5,0.02,0.04,-0.05,40,40,40,40,40,10,0
3.695,47.369945,11.61706,-0.098499605,0.0090921426,-47.369945,-11.61706,0.098499605,-0.0090921426,-0.051774573,-0.051774573,INFEASIBLE,0,1968.2477,1174.2283,0.018773491,0.29237058,15,1.5,0.02,0.04,-0.05,40,40,40,40,40,10,0
3.7,47.427851,11.586118,-0.098436423,0.013191053,-47.427851,-11.586118,0.098436423,-0.013191053,-0.044758013,-0.044758013,INFEASIBLE,0,1979.4947,1174.8995,0.01882194,0.29237145,15,1.5,0.02,0.04,-0.05,40,40,40,40,40,10,0
3.705,47.485604,11.536031,-0.098380739,0.012395471,-47.485604,-11.536031,0.098380739,-0.012395471,-0.045964565,-0.045964565,INFEASIBLE,0,1990.7692,1175.5649,0.018870334,0.29237221,15,1.5,0.02,0.04,-0.05,40,40,40,40,40,10,0
3.71,47.54311,11.486806,-0.098329929,0.012640195,-47.54311,-11.486806,0.098329929,-0.012640195,-0.045654201,-0.045654201,INFEASIBLE,0,2002.0709,1176.2246,0.018918678,0.29237301,15,1.5,0.02,0.04,-0.05,40,40,40,40,40,10,0
3.715,47.600397,11.431499,-0.098281114,0.013697279,-47.600397,-11.431499,0.098281114,-0.013697279,-0.044402887,-0.044402887,INFEASIBLE,0,2013.3999,1176.878,0.018966974,0.29237395,15,1.5,0.02,0.04,-0.05,40,40,40,40,40,10,0
3.72,47.657378,11.382435,-0.098237723,0.014092072,-47.657378,-11.382435,0.098237723,-0.014092072,-0.043982773,-0.043982773,INFEASIBLE,0,2024.756,1177.5258,0.019015227,0.29237494,15,1.5,0.02,0.04,-0.05,40,40,40,40,40,10,0
3.725,47.714097,11.335045,-0.098197218,0.013043758,-47.714097,-11.335045,0.098197218,-0.013043758,-0.045708878,-0.045708878,INFEASIBLE,0,2036.1392,1178.1683,0.01906344,0.2923758,15,1.5,0.02,0.04,-0.05,40,40,40,40,40,10,0
3.73,47.770597,11.288756,-0.098164716,0.01132944,-47.770597,-11.288756,0.098164716,-0.01132944,-0.048514408,-0.048514408,INFEASIBLE,0,2047.5493,1178.8054,0.019111622,0.29237644,15,1.5,0.02,0.04,-0.05,40,40,40,40,40,10,0
3.735,47.826858,11.214409,-0.098144359,0.0043290291,-47.826858,-11.214409,0.098144359,-0.0043290291,-0.060558333,-0.060558333,INFEASIBLE,0,2058.9864,1179.4343,0.019159783,0.29237653,15,1.5,0.02,0.04,-0.05,40,40,40,40,40,10,0
3.74,47.88275,11.13603,-0.098089215,0.014228057,-47.88275,-11.13603,0.098089215,-0.014228057,-0.046899945,-0.046899945,INFEASIBLE,0,2070.4502,1180.0543,0.019207891,0.29237754,15,1.5,0.02,0.04,-0.05,40,40,40,40,40,10,0
3.745,47.938348,11.088239,-0.098014713,0.0133973,-47.938348,-11.088239,0.098014713,-0.0133973,-0.047828217,-0.047828217,INFEASIBLE,0,2081.9406,1180.6691,0.019255925,0.29237844,15,1.5,0.02,0.04,-0.05,40,40,40,40,40,10,0
3.75,47.993726,11.056094,-0.097947689,0.0074822645,-47.993726,-11.056094,0.097947689,-0.0074822645,-0.05587367,-0.05587367,INFEASIBLE,0,2093.4576,1181.2802,0.019303894,0.29237872,15,1.5,0.02,0.04,-0.05,40,40,40,40,40,10,0
3.755,48.048791,10.990496,-0.097859435,0.01339816,-48.048791,-10.990496,0.097859435,-0.01339816,-0.047198628,-0.047198628,INFEASIBLE,0,2105.001,1181.8842,0.019351776,0.29237962,15,1.5,0.02,0.04,-0.05,40,40,40,40,40,10,0
3.76,48.103574,10.93953,-0.097759361,0.012973832,-48.103574,-10.93953,0.097759361,-0.012973832,-0.047276987,-0.047276987,INFEASIBLE,0,2116.5708,1182.4826,0.019399561,0.29238046,15,1.5,0.02,0.04,-0.05,40,40,40,40,40,10,0
3.765,48.158103,10.889608,-0.097660138,0.012846409,-48.158103,-10.889608,0.097660138,-0.012846409,-0.04688606,-0.04688606,INFEASIBLE,0,2128.1668,1183.0755,0.019447248,0.29238128,15,1.5,0.02,0.04,-0.05,40,40,40,40,40,10,0
3.77,48.212353,10.832212,-0.097568432,0.014283168,-48.212353,-10.832212,0.097568432,-0.014283168,-0.044566177,-0.044566177,INFEASIBLE,0,2139.7889,1183.6622,0.019494846,0.2923823,15,1.5,0.02,0.04,-0.05,40,40,40,40,40,10,0
3.775,48.266361,10.786353,-0.097470748,0.01173173,-48.266361,-10.786353,0.097470748,-0.01173173,-0.047682281,-0.047682281,INFEASIBLE,0,2151.4372,1184.2439,0.019542349,0.29238299,15,1.5,0.02,0.04,-0.05,40,40,40,40,40,10,0
3.78,48.320082,10.712985,-0.097388942,0.01137816,-48.320082,-10.712985,0.097388942,-0.01137816,-0.048845849,-0.048845849,INFEASIBLE,0,2163.1113,1184.8177,0.019589772,0.29238364,15,1.5,0.02,0.04,-0.05,40,40,40,40,40,10,0
3.785,48.373515,10.676973,-0.097287881,0.01471538,-48.373515,-10.676973,0.097287881,-0.01471538,-0.042695934,-0.042695934,INFEASIBLE,0,2174.8113,1185.3877,0.019637097,0.29238472,15,1.5,0.02,0.04,-0.05,40,40,40,40,40,10,0
3.79,48.426731,10.62703,-0.097197959,0.012781927,-48.426731,-10.62703,0.097197959,-0.012781927,-0.0451807,-0.0451807,INFEASIBLE,0,2186.537,1185.9524,0.019684334,0.29238554,15,1.5,0.02,0.04,-0.05,40,40,40,40,40,10,0
3.795,48.479683,10.572663,-0.097113147,0.013280302,-48.479683,-10.572663,0.097113147,-0.013280302,-0.044276583,-0.044276583,INFEASIBLE,0,2198.2884,1186.5113,0.019731489,0.29238642,15,1.5,0.02,0.04,-0.05,40,40,40,40,40,10,0
3.8,48.532395,10.527764,-0.0970208,0.01005648,-48.532395,-10.527764,0.0970208,-0.01005648,-0.048468805,-0.048468805,INFEASIBLE,0,2210.0654,1187.0655,0.019778554,0.29238693,15,1.5,0.02,0.04,-0.05,40,40,40,40,40,10,0
3.805,48.58486,10.474084,-0.096936775,0.011228175,-48.58486,-10.474084,0.096936775,-0.011228175,-0.04654879,-0.04654879,INFEASIBLE,0,2221.8678,1187.614,0.019825538,0.29238756,15,1.5,0.02,0.04,-0.05,40,40,40,40,40,10,0
3.81,48.637063,10.42176,-0.096853661,0.010043418,-48.637063,-10.42176,0.096853661,-0.010043418,-0.048128122,-0.048128122,INFEASIBLE,0,2233.6957,1188.1571,0.019872441,0.29238806,15,1.5,0.02,0.04,-0.05,40,40,40,40,40,10,0
3.815,48.688974,10.346905,-0.096763814,0.01723621,-48.688974,-10.346905,0.096763814,-0.01723621,-0.03794723,-0.03794723,INFEASIBLE,0,2245.5487,1188.6924,0.019919257,0.29238955,15,1.5,0.02,0.04,-0.05,40,40,40,40,40,10,0
3.82,48.740674,10.313156,-0.096694841,0.011288972,-48.740674,-10.313156,0.096694841,-0.011288972,-0.046149445,-0.046149445,INFEASIBLE,0,2257.427,1189.2242,0.019966007,0.29239018,15,1.5,0.02,0.04,-0.05,40,40,40,40,40,10,0
3.825,48.79214,10.259161,-0.096637279,0.010902973,-48.79214,-10.259161,0.096637279,-0.010902973,-0.046995515,-0.046995515,INFEASIBLE,0,2269.3304,1189.7504,0.0200127,0.29239078,15,1.5,0.02,0.04,-0.05,40,40,40,40,40,10,0
3.83,48.843354,10.225477,-0.096567469,0.018586586,-48.843354,-10.225477,0.096567469,-0.018586586,-0.034745974,-0.034745974,INFEASIBLE,0,2281.2587,1190.2732,0.020059327,0.29239251,15,1.5,0.02,0.04,-0.05,40,40,40,40,40,10,0
3.835,48.894377,10.191925,-0.096528431,0.010323562,-48.894377,-10.191925,0.096528431,-0.010323562,-0.046876584,-0.046876584,INFEASIBLE,0,2293.212,1190.7926,0.020105915,0.29239304,15,1.5,0.02,0.04,-0.05,40,40,40,40,40,10,0
3.84,48.94517,10.143212,-0.096505289,0.0081042318,-48.94517,-10.143212,0.096505289,-0.0081042318,-0.05079113,-0.05079113,INFEASIBLE,0,2305.1902,1191.307,0.020152482,0.29239337,15,1.5,0.02,0.04,-0.05,40,40,40,40,40,10,0
3.845,48.995704,10.084967,-0.096479282,0.0094830326,-48.995704,-10.084967,0.096479282,-0.0094830326,-0.049651936,-0.049651936,INFEASIBLE,0,2317.1931,1191.8155,0.020199023,0.29239382,15,1.5,0.02,0.04,-0.05,40,40,40,40,40,10,0
3.85,49.045944,10.026106,-0.096440819,0.011732068,-49.045944,-10.026106,0.096440819,-0.011732068,-0.047051039,-0.047051039,INFEASIBLE,0,2329.2206,1192.3182,0.020245527,0.29239451,15,1.5,0.02,0.04,-0.05,40,40,40,40,40,10,0
3.855,49.095913,9.9772546,-0.096394896,0.0099407787,-49.095913,-9.9772546,0.096394896,-0.0099407787,-0.050003828,-0.050003828,INFEASIBLE,0,2341.2726,1192.8159,0.020291987,0.292395,15,1.5,0.02,0.04,-0.05,40,40,40,40,40,10,0
3.86,49.145636,9.9206827,-0.096350668,0.0107489,-49.145636,-9.9206827,0.096350668,-0.0107489,-0.049396656,-0.049396656,INFEASIBLE,0,2353.3491,1193.308,0.020338404,0.29239558,15,1.5,0.02,0.04,-0.05,40,40,40,40,40,10,0
3.865,49.195096,9.8689622,-0.096297628,0.011210237,-49.195096,-9.8689622,0.096297628,-0.011210237,-0.048988662,-0.048988662,INFEASIBLE,0,2365.4499,1193.795,0.020384771,0.29239621,15,1.5,0.02,0.04,-0.05,40,40,40,40,40,10,0
3.87,49.244269,9.8156797,-0.096239536,0.010134018,-49.244269,-9.8156797,0.096239536,-0.010134018,-0.050879429,-0.050879429,INFEASIBLE,0,2377.5749,1194.2767,0.020431081,0.29239672,15,1.5,0.02,0.04,-0.05,40,40,40,40,40,10,0
3.875,49.2932,9.7679926,-0.096171173,0.0090257411,-49.2932,-9.7679926,0.096171173,-0.0090257411,-0.052445279,-0.052445279,INFEASIBLE,0,2389.724,1194.7538,0.020477325,0.29239713,15,1.5,0.02,0.04,-0.05,40,40,40,40,40,10,0
3.88,49.34187,9.7118299,-0.096101967,0.010398243,-49.34187,-9.7118299,0.096101967,-0.010398243,-0.050621543,-0.050621543,INFEASIBLE,0,2401.8971,1195.2254,0.020523503,0.29239767,15,1.5,0.02,0.04,-0.05,40,40,40,40,40,10,0
3.885,49.390266,9.6605631,-0.096022958,0.01026246,-49.390266,-9.6605631,0.096022958,-0.01026246,-0.050722836,-0.050722836,INFEASIBLE,0,2414.0941,1195.692,0.020569605,0.29239819,15,1.5,0.02,0.04,-0.05,40,40,40,40,40,10,0
3.89,49.438368,9.583375,-0.095936351,0.017130935,-49.438368,-9.583375,0.095936351,-0.017130935,-0.041246502,-0.041246502,INFEASIBLE,0,2426.3148,1196.1512,0.020615624,0.29239966,15,1.5,0.02,0.04,-0.05,40,40,40,40,40,10,0
3.895,49.486249,9.5617989,-0.095854126,0.019183382,-49.486249,-9.5617989,0.095854126,-0.019183382,-0.036839894,-0.036839894,INFEASIBLE,0,2438.5593,1196.6084,0.020661564,0.2924015,15,1.5,0.02,0.04,-0.05,40,40,40,40,40,10,0
3.9,49.533941,9.5287281,-0.095801033,0.011200842,-49.533941,-9.5287281,0.095801033,-0.011200842,-0.048386291,-0.048386291,INFEASIBLE,0,2450.8273,1197.0623,0.020707453,0.29240213,15,1.5,0.02,0.04,-0.05,40,40,40,40,40,10,0
3.905,49.581412,9.4726262,-0.095759185,0.011767022,-49.581412,-9.4726262,0.095759185,-0.011767022,-0.048203955,-0.048203955,INFEASIBLE,0,2463.1189,1197.511,0.020753302,0.29240282,15,1.5,0.02,0.04,-0.05,40,40,40,40,40,10,0
3.91,49.628599,9.4187894,-0.095711484,0.010256955,-49.628599,-9.4187894,0.095711484,-0.010256955,-0.050963283,-0.050963283,INFEASIBLE,0,2475.4339,1197.9546,0.020799106,0.29240335,15,1.5,0.02,0.04,-0.05,40,40,40,40,40,10,0
3.915,49.675527,9.3678833,-0.09565561,0.010350716,-49.675527,-9.3678833,0.09565561,-0.010350716,-0.051082199,-0.051082199,INFEASIBLE,0,2487.7722,1198.3933,0.020844856,0.29240388,15,1.5,0.02,0.04,-0.05,40,40,40,40,40,10,0
3.92,49.722178,9.3080285,-0.095595178,0.012069016,-49.722178,-9.3080285,0.095595178,-0.012069016,-0.049059439,-0.049059439,INFEASIBLE,0,2500.1337,1198.8265,0.020890548,0.29240461,15,1.5,0.02,0.04,-0.05,40,40,40,40,40,10,0
3.925,49.768559,9.2550914,-0.095518057,0.011653532,-49.768559,-9.2550914,0.095518057,-0.011653532,-0.049715724,-0.049715724,INFEASIBLE,0,2512.5182,1199.2548,0.020936167,0.29240529,15,1.5,0.02,0.04,-0.05,40,40,40,40,40,10,0
3.93,49.814648,9.1822821,-0.095429864,0.016939179,-49.814648,-9.1822821,0.095429864,-0.016939179,-0.042454944,-0.042454944,INFEASIBLE,0,2524.9257,1199.6764,0.020981701,0.29240672,15,1.5,0.02,0.04,-0.05,40,40,40,40,40,10,0
3.935,49.860518,9.1593111,-0.095348084,0.018973269,-49.860518,-9.1593111,0.095348084,-0.018973269,-0.038178555,-0.038178555,INFEASIBLE,0,2537.3561,1200.0959,0.021027157,0.29240852,15,1.5,0.02,0.04,-0.05,40,40,40,40,40,10,0
3.94,49.906182,9.1215344,-0.095294485,0.011422495,-49.906182,-9.1215344,0.095294485,-0.011422495,-0.049298516,-0.049298516,INFEASIBLE,0,2549.8092,1200.5119,0.021072562,0.29240918,15,1.5,0.02,0.04,-0.05,40,40,40,40,40,10,0
3.945,49.951624,9.0705385,-0.095248141,0.010383333,-49.951624,-9.0705385,0.095248141,-0.010383333,-0.051293096,-0.051293096,INFEASIBLE,0,2562.285,1200.9232,0.021117923,0.29240972,15,1.5,0.02,0.04,-0.05,40,40,40,40,40,10,0
3.95,49.996837,9.0203113,-0.095194885,0.0094241709,-49.996837,-9.0203113,0.095194885,-0.0094241709,-0.053037837,-0.053037837,INFEASIBLE,0,2574.7835,1201.3301,0.021163234,0.29241016,15,1.5,0.02,0.04,-0.05,40,40,40,40,40,10,0
3.955,50.041762,8.9579098,-0.095135302,0.012408044,-50.041762,-8.9579098,0.095135302,-0.012408044,-0.049265832,-0.049265832,INFEASIBLE,0,2587.3043,1201.7313,0.021208487,0.29241093,15,1.5,0.02,0.04,-0.05,40,40,40,40,40,10,0
3.96,50.086399,8.9086363,-0.095052561,0.010743522,-50.086399,-8.9086363,0.095052561,-0.010743522,-0.0515997,-0.0515997,INFEASIBLE,0,2599.8476,1202.1281,0.021253662,0.29241151,15,1.5,0.02,0.04,-0.05,40,40,40,40,40,10,0
3.965,50.13076,8.8536586,-0.094959179,0.022928298,-50.13076,-8.8536586,0.094959179,-0.022928298,-0.033233683,-0.033233683,INFEASIBLE,0,2612.4131,1202.5201,0.021298749,0.29241413,15,1.5,0.02,0.04,-0.05,40,40,40,40,40,10,0
3.97,50.174927,8.8254399,-0.09489494,0.011863182,-50.174927,-8.8254399,0.09489494,-0.011863182,-0.049113189,-0.049113189,INFEASIBLE,0,2625.0007,1202.9095,0.021343774,0.29241484,15,1.5,0.02,0.04,-0.05,40,40,40,40,40,10,0
3.975,50.218896,8.7703008,-0.094849586,0.011374612,-50.218896,-8.7703008,0.094849586,-0.011374612,-0.05049191,-0.05049191,INFEASIBLE,0,2637.6104,1203.2941,0.021388756,0.29241549,15,1.5,0.02,0.04,-0.05,40,40,40,40,40,10,0
3.98,50.262559,8.7161325,-0.094791395,0.010759502,-50.262559,-8.7161325,0.094791395,-0.010759502,-0.051835198,-0.051835198,INFEASIBLE,0,2650.242,1203.6739,0.021433683,0.29241606,15,1.5,0.02,0.04,-0.05,40,40,40,40,40,10,0
3.985,50.305965,8.6631747,-0.09472058,0.011321444,-50.305965,-8.6631747,0.09472058,-0.011321444,-0.051180242,-0.051180242,INFEASIBLE,0,2662.8954,1204.0492,0.021478543,0.29241671,15,1.5,0.02,0.04,-0.05,40,40,40,40,40,10,0
3.99,50.349117,8.6135337,-0.094630156,0.021955244,-50.349117,-8.6135337,0.094630156,-0.021955244,-0.034995795,-0.034995795,INFEASIBLE,0,2675.5706,1204.4202,0.021523317,0.29241912,15,1.5,0.02,0.04,-0.05,40,40,40,40,40,10,0
3.995,50.392087,8.5822416,-0.094573733,0.012268143,-50.392087,-8.5822416,0.094573733,-0.012268143,-0.049072376,-0.049072376,INFEASIBLE,0,2688.2674,1204.7884,0.021568038,0.29241987,15,1.5,0.02,0.04,-0.05,40,40,40,40,40,10,0
4,50.434798,8.521973,-0.094527044,0.012422865,-50.434798,-8.521973,0.094527044,-0.012422865,-0.049696477,-0.049696477,INFEASIBLE,0,2700.9858,1205.1516,0.021612715,0.29242064,15,1.5,0.02,0.04,-0.05,40,40,40,40,40,10,0
4.005,50.477263,8.4720019,-0.094463818,0.010831891,-50.477263,-8.4720019,0.094463818,-0.010831891,-0.052284107,-0.052284107,INFEASIBLE,0,2713.7255,1205.5104,0.021657332,0.29242123,15,1.5,0.02,0.04,-0.05,40,40,40,40,40,10,0
4.01,50.519469,8.4194171,-0.094393946,0.011280572,-50.519469,-8.4194171,0.094393946,-0.011280572,-0.051822263,-0.051822263,INFEASIBLE,0,2726.4866,1205.8649,0.021701883,0.29242186,15,1.5,0.02,0.04,-0.05,40,40,40,40,40,10,0
4.015,50.56139,8.362109,-0.094306422,0.018509281,-50.56139,-8.362109,0.094306422,-0.018509281,-0.041120242,-0.041120242,INFEASIBLE,0,2739.2689,1206.2145,0.021746352,0.29242358,15,1.5,0.02,0.04,-0.05,40,40,40,40,40,10,0
4.02,50.603052,8.3168815,-0.094223617,0.018431232,-50.603052,-8.3168815,0.094223617,-0.018431232,-0.040971106,-0.040971106,INFEASIBLE,0,2752.0722,1206.5603,0.021790742,0.29242527,15,1.5,0.02,0.04,-0.05,40,40,40,40,40,10,0
4.025,50.644523,8.2760895,-0.09415854,0.011624421,-50.644523,-8.2760895,0.09415854,-0.011624421,-0.051007426,-0.051007426,INFEASIBLE,0,2764.8966,1206.9028,0.021835071,0.29242595,15,1.5,0.02,0.04,-0.05,40,40,40,40,40,10,0
4.03,50.685756,8.2246604,-0.094093843,0.010756694,-50.685756,-8.2246604,0.094093843,-0.010756694,-0.052571066,-0.052571066,INFEASIBLE,0,2777.7418,1207.241,0.02187934,0.29242653,15,1.5,0.02,0.04,-0.05,40,40,40,40,40,10,0
4.035,50.726696,8.151145,-0.094014617,0.01365477,-50.726696,-8.151145,0.094014617,-0.01365477,-0.049157389,-0.049157389,INFEASIBLE,0,2790.6078,1207.5732,0.021923533,0.29242746,15,1.5,0.02,0.04,-0.05,40,40,40,40,40,10,0
4.04,50.767383,8.1193121,-0.093931309,0.019858742,-50.767383,-8.1193121,0.093931309,-0.019858742,-0.039061372,-0.039061372,INFEASIBLE,0,2803.4944,1207.9029,0.021967649,0.29242943,15,1.5,0.02,0.04,-0.05,40,40,40,40,40,10,0
4.045,50.807892,8.086303,-0.093865572,0.01125815,-50.807892,-8.086303,0.093865572,-0.01125815,-0.051486402,-0.051486402,INFEASIBLE,0,2816.4016,1208.2298,0.022011703,0.29243007,15,1.5,0.02,0.04,-0.05,40,40,40,40,40,10,0
4.05,50.848176,8.0327104,-0.093805737,0.011669257,-50.848176,-8.0327104,0.093805737,-0.011669257,-0.051310237,-0.051310237,INFEASIBLE,0,2829.3293,1208.5524,0.0220557,0.29243075,15,1.5,0.02,0.04,-0.05,40,40,40,40,40,10,0
4.055,50.888171,7.9735192,-0.093730127,0.013008231,-50.888171,-7.9735192,0.093730127,-0.013008231,-0.049735364,-0.049735364,INFEASIBLE,0,2842.2773,1208.8703,0.022099627,0.29243159,15,1.5,0.02,0.04,-0.05,40,40,40,40,40,10,0
4.06,50.927862,7.9195953,-0.093633646,0.022251995,-50.927862,-7.9195953,0.093633646,-0.022251995,-0.03578564,-0.03578564,INFEASIBLE,0,2855.2456,1209.1839,0.022143463,0.29243407,15,1.5,0.02,0.04,-0.05,40,40,40,40,40,10,0
4.065,50.96738,7.889991,-0.093560218,0.011778676,-50.96738,-7.889991,0.093560218,-0.011778676,-0.050788014,-0.050788014,INFEASIBLE,0,2868.2339,1209.4952,0.022187231,0.29243476,15,1.5,0.02,0.04,-0.05,40,40,40,40,40,10,0
4.07,51.006673,7.8332146,-0.09349514,0.012678796,-51.006673,-7.8332146,0.09349514,-0.012678796,-0.049946861,-0.049946861,INFEASIBLE,0,2881.2423,1209.802,0.022230937,0.29243557,15,1.5,0.02,0.04,-0.05,40,40,40,40,40,10,0
4.075,51.045686,7.7836414,-0.093409898,0.016366386,-51.045686,-7.7836414,0.093409898,-0.016366386,-0.04433951,-0.04433951,INFEASIBLE,0,2894.2707,1210.1049,0.022274564,0.29243691,15,1.5,0.02,0.04,-0.05,40,40,40,40,40,10,0
4.08,51.084446,7.7350434,-0.0933351,0.016772395,-51.084446,-7.7350434,0.0933351,-0.016772395,-0.04377726,-0.04377726,INFEASIBLE,0,2907.3188,1210.404,0.022318122,0.29243831,15,1.5,0.02,0.04,-0.05,40,40,40,40,40,10,0
4.085,51.122986,7.6870583,-0.093264965,0.014034951,-51.122986,-7.6870583,0.093264965,-0.014034951,-0.047979992,-0.047979992,INFEASIBLE,0,2920.3866,1210.6995,0.022361613,0.2924393,15,1.5,0.02,0.04,-0.05,40,40,40,40,40,10,0
4.09,51.161289,7.6398184,-0.093190199,0.011157181,-51.161289,-7.6398184,0.093190199,-0.011157181,-0.05229871,-0.05229871,INFEASIBLE,0,2933.4739,1210.9913,0.022405035,0.29243992,15,1.5,0.02,0.04,-0.05,40,40,40,40,40,10,0
4.095,51.199313,7.5858617,-0.093103773,0.020768003,-51.199313,-7.5858617,0.093103773,-0.020768003,-0.03798388,-0.03798388,INFEASIBLE,0,2946.5808,1211.279,0.022448377,0.29244208,15,1.5,0.02,0.04,-0.05,40,40,40,40,40,10,0
4.1,51.237134,7.5503594,-0.093034936,0.012281628,-51.237134,-7.5503594,0.093034936,-0.012281628,-0.050344533,-0.050344533,INFEASIBLE,0,2959.707,1211.5641,0.022491655,0.29244283,15,1.5,0.02,0.04,-0.05,40,40,40,40,40,10,0
4.105,51.274739,7.4965261,-0.092972415,0.011661655,-51.274739,-7.4965261,0.092972415,-0.011661655,-0.05173792,-0.05173792,INFEASIBLE,0,2972.8525,1211.8451,0.022534874,0.29244351,15,1.5,0.02,0.04,-0.05,40,40,40,40,40,10,0
4.11,51.312066,7.448826,-0.092888004,0.019947921,-51.312066,-7.448826,0.092888004,-0.019947921,-0.039203806,-0.039203806,INFEASIBLE,0,2986.0172,1212.1225,0.022578015,0.2924455,15,1.5,0.02,0.04,-0.05,40,40,40,40,40,10,0
4.115,51.349197,7.4117994,-0.092827067,0.011669767,-51.349197,-7.4117994,0.092827067,-0.011669767,-0.051445431,-0.051445431,INFEASIBLE,0,2999.2009,1212.3972,0.022621099,0.29244618,15,1.5,0.02,0.04,-0.05,40,40,40,40,40,10,0
4.12,51.386106,7.3560998,-0.092771319,0.011886694,-51.386106,-7.3560998,0.092771319,-0.011886694,-0.051773634,-0.051773634,INFEASIBLE,0,3012.4035,1212.6677,0.022664132,0.29244689,15,1.5,0.02,0.04,-0.05,40,40,40,40,40,10,0
4.125,51.422736,7.3068125,-0.092691382,0.015967381,-51.422736,-7.3068125,0.092691382,-0.015967381,-0.045692435,-0.045692435,INFEASIBLE,0,3025.625,1212.9347,0.02270709,0.29244816,15,1.5,0.02,0.04,-0.05,40,40,40,40,40,10,0
4.13,51.459103,7.2577585,-0.092616393,0.017048954,-51.459103,-7.2577585,0.092616393,-0.017048954,-0.044180057,-0.044180057,INFEASIBLE,0,3038.8652,1213.1981,0.022749979,0.29244962,15,1.5,0.02,0.04,-0.05,40,40,40,40,40,10,0
4.135,51.495253,7.2082873,-0.092546247,0.01401232,-51.495253,-7.2082873,0.092546247,-0.01401232,-0.048938668,-0.048938668,INFEASIBLE,0,3052.124,1213.4579,0.022792803,0.2924506,15,1.5,0.02,0.04,-0.05,40,40,40,40,40,10,0
4.14,51.531163,7.1651501,-0.092463367,0.015388563,-51.531163,-7.1651501,0.092463367,-0.015388563,-0.046638385,-0.046638385,INFEASIBLE,0,3065.4013,1213.7146,0.022835551,0.29245178,15,1.5,0.02,0.04,-0.05,40,40,40,40,40,10,0
4.145,51.56683,7.1156312,-0.092392107,0.016167475,-51.56683,-7.1156312,0.092392107,-0.016167475,-0.045668552,-0.045668552,INFEASIBLE,0,3078.697,1213.9677,0.022878232,0.29245309,15,1.5,0.02,0.04,-0.05,40,40,40,40,40,10,0
4.15,51.602301,7.0753639,-0.092323663,0.011248731,-51.602301,-7.0753639,0.092323663,-0.011248731,-0.05292128,-0.05292128,INFEASIBLE,0,3092.011,1214.218,0.02292085,0.29245372,15,1.5,0.02,0.04,-0.05,40,40,40,40,40,10,0
4.155,51.63753,7.0271431,-0.092248558,0.014477678,-51.63753,-7.0271431,0.092248558,-0.014477678,-0.048175542,-0.048175542,INFEASIBLE,0,3105.3432,1214.4649,0.022963399,0.29245477,15,1.5,0.02,0.04,-0.05,40,40,40,40,40,10,0
4.16,51.672495,6.9740057,-0.092174254,0.017239267,-51.672495,-6.9740057,0.092174254,-0.017239267,-0.044344777,-0.044344777,INFEASIBLE,0,3118.6934,1214.7081,0.02300588,0.29245625,15,1.5,0.02,0.04,-0.05,40,40,40,40,40,10,0
4.165,51.707248,6.9292983,-0.092102461,0.013273434,-51.707248,-6.9292983,0.092102461,-0.013273434,-0.050309863,-0.050309863,INFEASIBLE,0,3132.0616,1214.9482,0.023048294,0.29245714,15,1.5,0.02,0.04,-0.05,40,40,40,40,40,10,0
4.17,51.741748,6.8806226,-0.09202017,0.016270835,-51.741748,-6.8806226,0.09202017,-0.016270835,-0.045836429,-0.045836429,INFEASIBLE,0,3145.4476,1215.1849,0.023090633,0.29245846,15,1.5,0.02,0.04,-0.05,40,40,40,40,40,10,0
4.175,51.775981,6.8274112,-0.09193978,0.018104245,-51.775981,-6.8274112,0.09193978,-0.018104245,-0.043324261,-0.043324261,INFEASIBLE,0,3158.8514,1215.418,0.023132897,0.2924601,15,1.5,0.02,0.04,-0.05,40,40,40,40,40,10,0
4.18,51.810003,6.7836457,-0.091861545,0.013634016,-51.810003,-6.7836457,0.091861545,-0.013634016,-0.049926257,-0.049926257,INFEASIBLE,0,3172.2728,1215.6481,0.02317509,0.29246103,15,1.5,0.02,0.04,-0.05,40,40,40,40,40,10,0
4.185,51.84377,6.7377273,-0.091772737,0.019500591,-51.84377,-6.7377273,0.091772737,-0.019500591,-0.040955675,-0.040955675,INFEASIBLE,0,3185.7117,1215.875,0.023217201,0.29246293,15,1.5,0.02,0.04,-0.05,40,40,40,40,40,10,0
4.19,51.877338,6.6974472,-0.091705,0.012607222,-51.877338,-6.6974472,0.091705,-0.012607222,-0.051219519,-0.051219519,INFEASIBLE,0,3199.1679,1216.0993,0.02325925,0.29246372,15,1.5,0.02,0.04,-0.05,40,40,40,40,40,10,0
4.195,51.910696,6.6534812,-0.09163341,0.013983326,-51.910696,-6.6534812,0.09163341,-0.013983326,-0.049172987,-0.049172987,INFEASIBLE,0,3212.6415,1216.3207,0.023301234,0.2924647,15,1.5,0.02,0.04,-0.05,40,40,40,40,40,10,0
4.2,51.943804,6.6041938,-0.091559899,0.016670988,-51.943804,-6.6041938,0.091559899,-0.016670988,-0.045348169,-0.045348169,INFEASIBLE,0,3226.1323,1216.5387,0.02334315,0.29246609,15,1.5,0.02,0.04,-0.05,40,40,40,40,40,10,0
4.205,51.976707,6.5603314,-0.091493709,0.012009878,-51.976707,-6.5603314,0.091493709,-0.012009878,-0.052443421,-0.052443421,INFEASIBLE,0,3239.6402,1216.7539,0.023385005,0.29246681,15,1.5,0.02,0.04,-0.05,40,40,40,40,40,10,0
4.21,52.009366,6.5175419,-0.091413351,0.01765329,-52.009366,-6.5175419,0.091413351,-0.01765329,-0.043831336,-0.043831336,INFEASIBLE,0,3253.1651,1216.9663,0.023426787,0.29246837,15,1.5,0.02,0.04,-0.05,40,40,40,40,40,10,0
4.215,52.041794,6.4671512,-0.091349932,0.014270992,-52.041794,-6.4671512,0.091349932,-0.014270992,-0.049320557,-0.049320557,INFEASIBLE,0,3266.7068,1217.1754,0.023468511,0.29246939,15,1.5,0.02,0.04,-0.05,40,40,40,40,40,10,0
4.22,52.07401,6.4231524,-0.091277084,0.011203527,-52.07401,-6.4231524,0.091277084,-0.011203527,-0.053944679,-0.053944679,INFEASIBLE,0,3280.2654,1217.3817,0.023510169,0.29247002,15,1.5,0.02,0.04,-0.05,40,40,40,40,40,10,0
4.225,52.105944,6.3668021,-0.091191977,0.020099555,-52.105944,-6.3668021,0.091191977,-0.020099555,-0.040939359,-0.040939359,INFEASIBLE,0,3293.8405,1217.5844,0.023551749,0.29247204,15,1.5,0.02,0.04,-0.05,40,40,40,40,40,10,0
4.23,52.137682,6.3310057,-0.091115305,0.012876427,-52.137682,-6.3310057,0.091115305,-0.012876427,-0.051421059,-0.051421059,INFEASIBLE,0,3307.4322,1217.7848,0.023593259,0.29247286,15,1.5,0.02,0.04,-0.05,40,40,40,40,40,10,0
4.235,52.169194,6.2835579,-0.091036174,0.014995654,-52.169194,-6.2835579,0.091036174,-0.014995654,-0.048322933,-0.048322933,INFEASIBLE,0,3321.0403,1217.9822,0.023634697,0.29247399,15,1.5,0.02,0.04,-0.05,40,40,40,40,40,10,0
4.24,52.200422,6.2242024,-0.090954444,0.018849808,-52.200422,-6.2242024,0.090954444,-0.018849808,-0.043065415,-0.043065415,INFEASIBLE,0,3334.6647,1218.1759,0.02367606,0.29247577,15,1.5,0.02,0.04,-0.05,40,40,40,40,40,10,0
4.245,52.231446,6.19174,-0.090865543,0.015217133,-52.231446,-6.19174,0.090865543,-0.015217133,-0.047858933,-0.047858933,INFEASIBLE,0,3348.3054,1218.3676,0.023717343,0.29247692,15,1.5,0.02,0.04,-0.05,40,40,40,40,40,10,0
4.25,52.262246,6.1423565,-0.090787459,0.017322889,-52.262246,-6.1423565,0.090787459,-0.017322889,-0.044888372,-0.044888372,INFEASIBLE,0,3361.9621,1218.5563,0.023758555,0.29247842,15,1.5,0.02,0.04,-0.05,40,40,40,40,40,10,0
4.255,52.292853,6.1008624,-0.090716075,0.012402925,-52.292853,-6.1008624,0.090716075,-0.012402925,-0.052245196,-0.052245196,INFEASIBLE,0,3375.6348,1218.7424,0.023799702,0.29247919,15,1.5,0.02,0.04,-0.05,40,40,40,40,40,10,0
4.26,52.323197,6.0514612,-0.09063233,0.018721737,-52.323197,-6.0514612,0.09063233,-0.018721737,-0.04287995,-0.04287995,INFEASIBLE,0,3389.3234,1218.9255,0.023840773,0.29248095,15,1.5,0.02,0.04,-0.05,40,40,40,40,40,10,0
4.265,52.353356,6.015159,-0.090559974,0.012054094,-52.353356,-6.015159,0.090559974,-0.012054094,-0.052644988,-0.052644988,INFEASIBLE,0,3403.0277,1219.1064,0.023881778,0.29248167,15,1.5,0.02,0.04,-0.05,40,40,40,40,40,10,0
4.27,52.383287,5.9668355,-0.090484114,0.014870465,-52.383287,-5.9668355,0.090484114,-0.014870465,-0.048616856,-0.048616856,INFEASIBLE,0,3416.7478,1219.2844,0.023922715,0.29248278,15,1.5,0.02,0.04,-0.05,40,40,40,40,40,10,0
4.275,52.41295,5.9109791,-0.090404397,0.01792136,-52.41295,-5.9109791,0.090404397,-0.01792136,-0.044485753,-0.044485753,INFEASIBLE,0,3430.4834,1219.4591,0.02396358,0.29248438,15,1.5,0.02,0.04,-0.05,40,40,40,40,40,10,0
4.28,52.442414,5.8805462,-0.090319267,0.013953201,-52.442414,-5.8805462,0.090319267,-0.013953201,-0.049789078,-0.049789078,INFEASIBLE,0,3444.2344,1219.632,0.024004368,0.29248536,15,1.5,0.02,0.04,-0.05,40,40,40,40,40,10,0
4.285,52.471636,5.8236916,-0.090244039,0.017360029,-52.471636,-5.8236916,0.090244039,-0.017360029,-0.045240157,-0.045240157,INFEASIBLE,0,3458.0008,1219.8016,0.024045088,0.29248686,15,1.5,0.02,0.04,-0.05,40,40,40,40,40,10,0
4.29,52.500652,5.7843606,-0.090164131,0.012597547,-52.500652,-5.7843606,0.090164131,-0.012597547,-0.052178187,-0.052178187,INFEASIBLE,0,3471.7824,1219.9689,0.024085736,0.29248766,15,1.5,0.02,0.04,-0.05,40,40,40,40,40,10,0
4.295,52.529391,5.7274301,-0.090075561,0.020360771,-52.529391,-5.7274301,0.090075561,-0.020360771,-0.040907232,-0.040907232,INFEASIBLE,0,3485.579,1220.1329,0.024126304,0.29248973,15,1.5,0.02,0.04,-0.05,40,40,40,40,40,10,0
4.3,52.557943,5.6954839,-0.089991297,0.012732206,-52.557943,-5.6954839,0.089991297,-0.012732206,-0.051792915,-0.051792915,INFEASIBLE,0,3499.3907,1220.2951,0.024166796,0.29249054,15,1.5,0.02,0.04,-0.05,40,40,40,40,40,10,0
4.305,52.586254,5.643895,-0.089905789,0.018862772,-52.586254,-5.643895,0.089905789,-0.018862772,-0.042811803,-0.042811803,INFEASIBLE,0,3513.2173,1220.4543,0.024207211,0.29249232,15,1.5,0.02,0.04,-0.05,40,40,40,40,40,10,0
4.31,52.614376,5.6054078,-0.089828145,0.013237252,-52.614376,-5.6054078,0.089828145,-0.013237252,-0.051062466,-0.051062466,INFEASIBLE,0,3527.0587,1220.6114,0.024247557,0.2924932,15,1.5,0.02,0.04,-0.05,40,40,40,40,40,10,0
4.315,52.642244,5.5562514,-0.089743126,0.0187618,-52.642244,-5.5562514,0.089743126,-0.0187618,-0.042909249,-0.042909249,INFEASIBLE,0,3540.9147,1220.7658,0.024287826,0.29249496,15,1.5,0.02,0.04,-0.05,40,40,40,40,40,10,0
4.32,52.669916,5.5151466,-0.089667906,0.013473135,-52.669916,-5.5151466,0.089667906,-0.013473135,-0.050804705,-0.050804705,INFEASIBLE,0,3554.7853,1220.9179,0.024328027,0.29249586,15,1.5,0.02,0.04,-0.05,40,40,40,40,40,10,0
4.325,52.697342,5.4695655,-0.089583998,0.017869938,-52.697342,-5.4695655,0.089583998,-0.017869938,-0.044225592,-0.044225592,INFEASIBLE,0,3568.6703,1221.0675,0.024368154,0.29249746,15,1.5,0.02,0.04,-0.05,40,40,40,40,40,10,0
4.33,52.724578,5.4273126,-0.089511064,0.013478336,-52.724578,-5.4273126,0.089511064,-0.013478336,-0.050864392,-0.050864392,INFEASIBLE,0,3582.5697,1221.2148,0.024408215,0.29249837,15,1.5,0.02,0.04,-0.05,40,40,40,40,40,10,0
4.335,52.751568,5.382139,-0.089427991,0.01783867,-52.751568,-5.382139,0.089427991,-0.01783867,-0.044344928,-0.044344928,INFEASIBLE,0,3596.4834,1221.3596,0.024448202,0.29249996,15,1.5,0.02,0.04,-0.05,40,40,40,40,40,10,0
4.34,52.778352,5.3348701,-0.089353832,0.014771517,-52.778352,-5.3348701,0.089353832,-0.014771517,-0.04918836,-0.04918836,INFEASIBLE,0,3610.4112,1221.5019,0.024488122,0.29250105,15,1.5,0.02,0.04,-0.05,40,40,40,40,40,10,0
4.345,52.804884,5.2910459,-0.089266798,0.01843281,-52.804884,-5.2910459,0.089266798,-0.01843281,-0.04361323,-0.04361323,INFEASIBLE,0,3624.3529,1221.6419,0.024527965,0.29250275,15,1.5,0.02,0.04,-0.05,40,40,40,40,40,10,0
4.35,52.831232,5.2509016,-0.089192921,0.013108385,-52.831232,-5.2509016,0.089192921,-0.013108385,-0.051570533,-0.051570533,INFEASIBLE,0,3638.3086,1221.7797,0.024567742,0.29250361,15,1.5,0.02,0.04,-0.05,40,40,40,40,40,10,0
4.355,52.857335,5.2034929,-0.089110771,0.017933758,-52.857335,-5.2034929,0.089110771,-0.017933758,-0.044474524,-0.044474524,INFEASIBLE,0,3652.2781,1221.9151,0.024607446,0.29250522,15,1.5,0.02,0.04,-0.05,40,40,40,40,40,10,0
4.36,52.883234,5.159465,-0.089035299,0.014173851,-52.883234,-5.159465,0.089035299,-0.014173851,-0.050225425,-0.050225425,INFEASIBLE,0,3666.2613,1222.0482,0.024647082,0.29250622,15,1.5,0.02,0.04,-0.05,40,40,40,40,40,10,0
4.365,52.908881,5.1125081,-0.088948862,0.018503514,-52.908881,-5.1125081,0.088948862,-0.018503514,-0.043799712,-0.043799712,INFEASIBLE,0,3680.2581,1222.1789,0.024686642,0.29250793,15,1.5,0.02,0.04,-0.05,40,40,40,40,40,10,0
4.37,52.934358,5.0791684,-0.088872041,0.012026842,-52.934358,-5.0791684,0.088872041,-0.012026842,-0.05318646,-0.05318646,INFEASIBLE,0,3694.2683,1222.3079,0.024726133,0.29250866,15,1.5,0.02,0.04,-0.05,40,40,40,40,40,10,0
4.375,52.959582,5.0254885,-0.088789899,0.01852104,-52.959582,-5.0254885,0.088789899,-0.01852104,-0.04385574,-0.04385574,INFEASIBLE,0,3708.2919,1222.4342,0.024765551,0.29251037,15,1.5,0.02,0.04,-0.05,40,40,40,40,40,10,0
4.38,52.98461,4.9866608,-0.088709793,0.013554352,-52.98461,-4.9866608,0.088709793,-0.013554352,-0.051156737,-0.051156737,INFEASIBLE,0,3722.3287,1222.5585,0.024804898,0.29251129,15,1.5,0.02,0.04,-0.05,40,40,40,40,40,10,0
4.385,53.00937,4.9325718,-0.088621337,0.019505762,-53.00937,-4.9325718,0.088621337,-0.019505762,-0.042571133,-0.042571133,INFEASIBLE,0,3736.3787,1222.6802,0.024844167,0.29251319,15,1.5,0.02,0.04,-0.05,40,40,40,40,40,10,0
4.39,53.033951,4.9030147,-0.088535078,0.01525377,-53.033951,-4.9030147,0.088535078,-0.01525377,-0.048345907,-0.048345907,INFEASIBLE,0,3750.4417,1222.8004,0.024883359,0.29251436,15,1.5,0.02,0.04,-0.05,40,40,40,40,40,10,0
4.395,53.058294,4.8485695,-0.088455885,0.017598662,-53.058294,-4.8485695,0.088455885,-0.017598662,-0.045331626,-0.045331626,INFEASIBLE,0,3764.5176,1222.9179,0.024922481,0.2925159,15,1.5,0.02,0.04,-0.05,40,40,40,40,40,10,0
4.4,53.082436,4.817916,-0.08836963,0.016593708,-53.082436,-4.817916,0.08836963,-0.016593708,-0.04628853,-0.04628853,INFEASIBLE,0,3778.6063,1223.034,0.024961527,0.29251728,15,1.5,0.02,0.04,-0.05,40,40,40,40,40,10,0
4.405,53.106388,4.7705187,-0.088300568,0.014156337,-53.106388,-4.7705187,0.088300568,-0.014156337,-0.050325522,-0.050325522,INFEASIBLE,0,3792.7078,1223.1477,0.025000512,0.29251828,15,1.5,0.02,0.04,-0.05,40,40,40,40,40,10,0
4.41,53.130089,4.7202259,-0.088219962,0.017489003,-53.130089,-4.7202259,0.088219962,-0.017489003,-0.045655106,-0.045655106,INFEASIBLE,0,3806.8218,1223.2591,0.025039426,0.29251981,15,1.5,0.02,0.04,-0.05,40,40,40,40,40,10,0
4.415,53.153584,4.6830772,-0.088138802,0.015376419,-53.153584,-4.6830772,0.088138802,-0.015376419,-0.048622633,-0.048622633,INFEASIBLE,0,3820.9483,1223.3688,0.025078268,0.29252099,15,1.5,0.02,0.04,-0.05,40,40,40,40,40,10,0
4.42,53.176869,4.641734,-0.088059779,0.01636957,-53.176869,-4.641734,0.088059779,-0.01636957,-0.047135598,-0.047135598,INFEASIBLE,0,3835.0872,1223.4765,0.025117041,0.29252233,15,1.5,0.02,0.04,-0.05,40,40,40,40,40,10,0
4.425,53.199968,4.6041888,-0.087985664,0.013428263,-53.199968,-4.6041888,0.087985664,-0.013428263,-0.051475648,-0.051475648,INFEASIBLE,0,3849.2384,1223.5825,0.025155748,0.29252324,15,1.5,0.02,0.04,-0.05,40,40,40,40,40,10,0
4.43,53.222823,4.5511741,-0.087906809,0.01773798,-53.222823,-4.5511741,0.087906809,-0.01773798,-0.045491736,-0.045491736,INFEASIBLE,0,3863.4017,1223.6861,0.025194386,0.29252481,15,1.5,0.02,0.04,-0.05,40,40,40,40,40,10,0
4.435,53.245476,4.5173204,-0.087824345,0.015978461,-53.245476,-4.5173204,0.087824345,-0.015978461,-0.047795144,-0.047795144,INFEASIBLE,0,3877.5771,1223.7881,0.025232952,0.29252609,15,1.5,0.02,0.04,-0.05,40,40,40,40,40,10,0
4.44,53.267907,4.4664107,-0.087747434,0.016786723,-53.267907,-4.4664107,0.087747434,-0.016786723,-0.047016843,-0.047016843,INFEASIBLE,0,3891.7645,1223.8879,0.02527145,0.29252749,15,1.5,0.02,0.04,-0.05,40,40,40,40,40,10,0
4.445,53.290134,4.4320045,-0.087665332,0.015253993,-53.290134,-4.4320045,0.087665332,-0.015253993,-0.049016146,-0.049016146,INFEASIBLE,0,3905.9637,1223.9861,0.025309876,0.29252866,15,1.5,0.02,0.04,-0.05,40,40,40,40,40,10,0
4.45,53.31217,4.3868248,-0.087590842,0.015054681,-53.31217,-4.3868248,0.087590842,-0.015054681,-0.049564223,-0.049564223,INFEASIBLE,0,3920.1746,1224.0823,0.025348237,0.29252979,15,1.5,0.02,0.04,-0.05,40,40,40,40,40,10,0
4.455,53.333954,4.3372922,-0.087505946,0.017873822,-53.333954,-4.3372922,0.087505946,-0.017873822,-0.045607691,-0.045607691,INFEASIBLE,0,3934.3972,1224.1764,0.025386523,0.29253139,15,1.5,0.02,0.04,-0.05,40,40,40,40,40,10,0
4.46,53.355527,4.2988762,-0.087418652,0.016856798,-53.355527,-4.2988762,0.087418652,-0.016856798,-0.046928989,-0.046928989,INFEASIBLE,0,3948.6312,1224.2688,0.025424733,0.29253281,15,1.5,0.02,0.04,-0.05,40,40,40,40,40,10,0
4.465,53.376895,4.2565629,-0.087336323,0.016880661,-53.376895,-4.2565629,0.087336323,-0.016880661,-0.046923433,-0.046923433,INFEASIBLE,0,3962.8767,1224.3594,0.025462872,0.29253423,15,1.5,0.02,0.04,-0.05,40,40,40,40,40,10,0
4.47,53.398072,4.2212094,-0.087256148,0.015718992,-53.398072,-4.2212094,0.087256148,-0.015718992,-0.048453916,-0.048453916,INFEASIBLE,0,3977.1335,1224.4484,0.02550094,0.29253547,15,1.5,0.02,0.04,-0.05,40,40,40,40,40,10,0
4.475,53.419058,4.1782437,-0.08718218,0.01467485,-53.419058,-4.1782437,0.08718218,-0.01467485,-0.050209523,-0.050209523,INFEASIBLE,0,3991.4014,1224.5357,0.025538943,0.29253655,15,1.5,0.02,0.04,-0.05,40,40,40,40,40,10,0
4.48,53.439804,4.1293912,-0.087100753,0.017437316,-53.439804,-4.1293912,0.087100753,-0.017437316,-0.046383596,-0.046383596,INFEASIBLE,0,4005.6805,1224.621,0.025576876,0.29253807,15,1.5,0.02,0.04,-0.05,40,40,40,40,40,10,0
4.485,53.460343,4.0935388,-0.087015736,0.016326068,-53.460343,-4.0935388,0.087015736,-0.016326068,-0.047798524,-0.047798524,INFEASIBLE,0,4019.9705,1224.7048,0.025614735,0.2925394,15,1.5,0.02,0.04,-0.05,40,40,40,40,40,10,0
4.49,53.480684,4.0508025,-0.086935837,0.016557572,-53.480684,-4.0508025,0.086935837,-0.016557572,-0.047555425,-0.047555425,INFEASIBLE,0,4034.2715,1224.7868,0.025652524,0.29254077,15,1.5,0.02,0.04,-0.05,40,40,40,40,40,10,0
4.495,53.500826,4.0137305,-0.086856008,0.015851493,-53.500826,-4.0137305,0.086856008,-0.015851493,-0.048497142,-0.048497142,INFEASIBLE,0,4048.5832,1224.8674,0.025690244,0.29254203,15,1.5,0.02,0.04,-0.05,40,40,40,40,40,10,0
4.5,53.520775,3.9702929,-0.08678085,0.015064471,-53.520775,-3.9702929,0.08678085,-0.015064471,-0.049888829,-0.049888829,INFEASIBLE,0,4062.9055,1224.9462,0.025727898,0.29254316,15,1.5,0.02,0.04,-0.05,40,40,40,40,40,10,0
4.505,53.540469,3.9178053,-0.086695295,0.01864759,-53.540469,-3.9178053,0.086695295,-0.01864759,-0.044936444,-0.044936444,INFEASIBLE,0,4077.2384,1225.0229,0.025765479,0.2925449,15,1.5,0.02,0.04,-0.05,40,40,40,40,40,10,0
4.51,53.559954,3.8843124,-0.086603948,0.01703768,-53.559954,-3.8843124,0.086603948,-0.01703768,-0.046931107,-0.046931107,INFEASIBLE,0,4091.5818,1225.0984,0.02580298,0.29254635,15,1.5,0.02,0.04,-0.05,40,40,40,40,40,10,0
4.515,53.579255,3.8423534,-0.086522615,0.016548879,-53.579255,-3.8423534,0.086522615,-0.016548879,-0.047736674,-0.047736674,INFEASIBLE,0,4105.9355,1225.1722,0.025840411,0.29254772,15,1.5,0.02,0.04,-0.05,40,40,40,40,40,10,0
4.52,53.598337,3.7991148,-0.086438421,0.017335983,-53.598337,-3.7991148,0.086438421,-0.017335983,-0.046641016,-0.046641016,INFEASIBLE,0,4120.2994,1225.2444,0.025877769,0.29254922,15,1.5,0.02,0.04,-0.05,40,40,40,40,40,10,0
4.525,53.617236,3.7665635,-0.086356377,0.015465757,-53.617236,-3.7665635,0.086356377,-0.015465757,-0.049139765,-0.049139765,INFEASIBLE,0,4134.6734,1225.3153,0.025915056,0.29255042,15,1.5,0.02,0.04,-0.05,40,40,40,40,40,10,0
4.53,53.635912,3.7172893,-0.086274482,0.017560254,-53.635912,-3.7172893,0.086274482,-0.017560254,-0.04636703,-0.04636703,INFEASIBLE,0,4149.0575,1225.3844,0.025952272,0.29255196,15,1.5,0.02,0.04,-0.05,40,40,40,40,40,10,0
4.535,53.654369,3.675764,-0.0861887,0.017408349,-53.654369,-3.675764,0.0861887,-0.017408349,-0.046600039,-0.046600039,INFEASIBLE,0,4163.4514,1225.4519,0.025989415,0.29255348,15,1.5,0.02,0.04,-0.05,40,40,40,40,40,10,0
4.54,53.672639,3.6370638,-0.086106396,0.015440952,-53.672639,-3.6370638,0.086106396,-0.015440952,-0.049499188,-0.049499188,INFEASIBLE,0,4177.8552,1225.5181,0.026026486,0.29255467,15,1.5,0.02,0.04,-0.05,40,40,40,40,40,10,0
4.545,53.690683,3.5926682,-0.086019278,0.01822968,-53.690683,-3.5926682,0.086019278,-0.01822968,-0.045424253,-0.045424253,INFEASIBLE,0,4192.2686,1225.5826,0.026063483,0.29255633,15,1.5,0.02,0.04,-0.05,40,40,40,40,40,10,0
4.55,53.708546,3.5585471,-0.085936352,0.01610153,-53.708546,-3.5585471,0.085936352,-0.01610153,-0.048380192,-0.048380192,INFEASIBLE,0,4206.6917,1225.6459,0.026100408,0.29255763,15,1.5,0.02,0.04,-0.05,40,40,40,40,40,10,0
4.555,53.726238,3.5222283,-0.085860232,0.014538421,-53.726238,-3.5222283,0.085860232,-0.014538421,-0.050681963,-0.050681963,INFEASIBLE,0,4221.1242,1225.708,0.026137268,0.29255868,15,1.5,0.02,0.04,-0.05,40,40,40,40,40,10,0
4.56,53.743677,3.464336,-0.085776303,0.018995502,-53.743677,-3.464336,0.085776303,-0.018995502,-0.044704306,-0.044704306,INFEASIBLE,0,4235.5661,1225.768,0.026174056,0.29256049,15,1.5,0.02,0.04,-0.05,40,40,40,40,40,10,0
4.565,53.760883,3.4271799,-0.085681418,0.01849444,-53.760883,-3.4271799,0.085681418,-0.01849444,-0.045174762,-0.045174762,INFEASIBLE,0,4250.0173,1225.8267,0.026210763,0.2925622,15,1.5,0.02,0.04,-0.05,40,40,40,40,40,10,0
4.57,53.777934,3.3973563,-0.085596793,0.015113703,-53.777934,-3.3973563,0.085596793,-0.015113703,-0.049828412,-0.049828412,INFEASIBLE,0,4264.4776,1225.8844,0.026247397,0.29256334,15,1.5,0.02,0.04,-0.05,40,40,40,40,40,10,0
4.575,53.794762,3.3413401,-0.085514424,0.018442465,-53.794762,-3.3413401,0.085514424,-0.018442465,-0.04550382,-0.04550382,INFEASIBLE,0,4278.947,1225.9402,0.02628396,0.29256504,15,1.5,0.02,0.04,-0.05,40,40,40,40,40,10,0
4.58,53.811332,3.2978358,-0.085415737,0.019961284,-53.811332,-3.2978358,0.085415737,-0.019961284,-0.043154067,-0.043154067,INFEASIBLE,0,4293.4253,1225.9946,0.026320439,0.29256703,15,1.5,0.02,0.04,-0.05,40,40,40,40,40,10,0
4.585,53.827743,3.2741622,-0.08532583,0.016188302,-53.827743,-3.2741622,0.08532583,-0.016188302,-0.048083646,-0.048083646,INFEASIBLE,0,4307.9124,1226.0482,0.026356842,0.29256834,15,1.5,0.02,0.04,-0.05,40,40,40,40,40,10,0
4.59,53.843993,3.2267301,-0.085251219,0.015688159,-53.843993,-3.2267301,0.085251219,-0.015688159,-0.04928699,-0.04928699,INFEASIBLE,0,4322.4083,1226.1003,0.026393181,0.29256957,15,1.5,0.02,0.04,-0.05,40,40,40,40,40,10,0
4.595,53.859959,3.173059,-0.085156844,0.020475737,-53.859959,-3.173059,0.085156844,-0.020475737,-0.042517519,-0.042517519,INFEASIBLE,0,4336.9128,1226.1506,0.026429439,0.29257167,15,1.5,0.02,0.04,-0.05,40,40,40,40,40,10,0
4.6,53.875731,3.1442233,-0.08506178,0.017625028,-53.875731,-3.1442233,0.08506178,-0.017625028,-0.046205604,-0.046205604,INFEASIBLE,0,4351.4258,1226.2,0.026465617,0.29257322,15,1.5,0.02,0.04,-0.05,40,40,40,40,40,10,0
4.605,53.891358,3.1097248,-0.084982851,0.014982933,-53.891358,-3.1097248,0.084982851,-0.014982933,-0.050052215,-0.050052215,INFEASIBLE,0,4365.9471,1226.2484,0.026501727,0.29257435,15,1.5,0.02,0.04,-0.05,40,40,40,40,40,10,0
4.61,53.906714,3.0478086,-0.084893191,0.02040344,-53.906714,-3.0478086,0.084893191,-0.02040344,-0.042746087,-0.042746087,INFEASIBLE,0,4380.4768,1226.2948,0.026537761,0.29257643,15,1.5,0.02,0.04,-0.05,40,40,40,40,40,10,0
4.615,53.92184,3.0122785,-0.084792562,0.019331921,-53.92184,-3.0122785,0.084792562,-0.019331921,-0.043962594,-0.043962594,INFEASIBLE,0,4395.0146,1226.3402,0.02657371,0.2925783,15,1.5,0.02,0.04,-0.05,40,40,40,40,40,10,0
4.62,53.936827,2.9894807,-0.084706791,0.015441465,-53.936827,-2.9894807,0.084706791,-0.015441465,-0.049123893,-0.049123893,INFEASIBLE,0,4409.5605,1226.3849,0.026609587,0.29257949,15,1.5,0.02,0.04,-0.05,40,40,40,40,40,10,0
4.625,53.951625,2.9362762,-0.084629379,0.016818155,-53.951625,-2.9362762,0.084629379,-0.016818155,-0.047729905,-0.047729905,INFEASIBLE,0,4424.1144,1226.428,0.026645397,0.2925809,15,1.5,0.02,0.04,-0.05,40,40,40,40,40,10,0
4.63,53.966145,2.8844358,-0.08453171,0.020797459,-53.966145,-2.8844358,0.08453171,-0.020797459,-0.042079134,-0.042079134,INFEASIBLE,0,4438.6762,1226.4696,0.026681125,0.29258306,15,1.5,0.02,0.04,-0.05,40,40,40,40,40,10,0
4.635,53.980473,2.8547382,-0.084434712,0.018056232,-53.980473,-2.8547382,0.084434712,-0.018056232,-0.045637345,-0.045637345,INFEASIBLE,0,4453.2456,1226.5104,0.026716771,0.29258469,15,1.5,0.02,0.04,-0.05,40,40,40,40,40,10,0
4.64,53.994662,2.8233699,-0.084354287,0.015095153,-53.994662,-2.8233699,0.084354287,-0.015095153,-0.049843529,-0.049843529,INFEASIBLE,0,4467.8227,1226.5502,0.02675235,0.29258583,15,1.5,0.02,0.04,-0.05,40,40,40,40,40,10,0
4.645,54.008623,2.7676019,-0.08427083,0.018799128,-54.008623,-2.7676019,0.08427083,-0.018799128,-0.044987229,-0.044987229,INFEASIBLE,0,4482.4074,1226.5885,0.026787857,0.2925876,15,1.5,0.02,0.04,-0.05,40,40,40,40,40,10,0
4.65,54.02232,2.7227594,-0.08417071,0.020449185,-54.02232,-2.7227594,0.08417071,-0.020449185,-0.042530094,-0.042530094,INFEASIBLE,0,4496.9994,1226.6256,0.026823281,0.29258969,15,1.5,0.02,0.04,-0.05,40,40,40,40,40,10,0
4.655,54.035846,2.6954136,-0.084076236,0.017349073,-54.035846,-2.6954136,0.084076236,-0.017349073,-0.046586456,-0.046586456,INFEASIBLE,0,4511.5988,1226.6619,0.026858625,0.2925912,15,1.5,0.02,0.04,-0.05,40,40,40,40,40,10,0
4.66,54.049255,2.6705526,-0.084000899,0.013098128,-54.049255,-2.6705526,0.084000899,-0.013098128,-0.05255909,-0.05255909,INFEASIBLE,0,4526.2054,1226.6976,0.026893906,0.29259205,15,1.5,0.02,0.04,-0.05,40,40,40,40,40,10,0
4.665,54.062393,2.6008711,-0.083913935,0.020862916,-54.062393,-2.6008711,0.083913935,-0.020862916,-0.042131947,-0.042131947,INFEASIBLE,0,4540.8191,1226.7314,0.026929114,0.29259423,15,1.5,0.02,0.04,-0.05,40,40,40,40,40,10,0
4.67,54.075267,2.5593579,-0.083808078,0.021018256,-54.075267,-2.5593579,0.083808078,-0.021018256,-0.041714119,-0.041714119,INFEASIBLE,0,4555.4398,1226.7641,0.026964233,0.29259644,15,1.5,0.02,0.04,-0.05,40,40,40,40,40,10,0
4.675,54.087974,2.5308579,-0.0837109,0.017941876,-54.087974,-2.5308579,0.0837109,-0.017941876,-0.045756902,-0.045756902,INFEASIBLE,0,4570.0673,1226.7962,0.02699927,0.29259805,15,1.5,0.02,0.04,-0.05,40,40,40,40,40,10,0
4.68,54.100543,2.498993,-0.083630318,0.015352533,-54.100543,-2.498993,0.083630318,-0.015352533,-0.049455395,-0.049455395,INFEASIBLE,0,4584.7017,1226.8274,0.02703424,0.29259923,15,1.5,0.02,0.04,-0.05,40,40,40,40,40,10,0
4.685,54.112896,2.4474065,-0.08354778,0.0180911,-54.112896,-2.4474065,0.08354778,-0.0180911,-0.045925877,-0.045925877,INFEASIBLE,0,4599.3427,1226.8573,0.027069141,0.29260086,15,1.5,0.02,0.04,-0.05,40,40,40,40,40,10,0
4.69,54.124978,2.3972371,-0.083446229,0.021275968,-54.124978,-2.3972371,0.083446229,-0.021275968,-0.04139045,-0.04139045,INFEASIBLE,0,4613.9903,1226.8861,0.027103958,0.29260313,15,1.5,0.02,0.04,-0.05,40,40,40,40,40,10,0
4.695,54.136865,2.3659765,-0.08334628,0.018791884,-54.136865,-2.3659765,0.08334628,-0.018791884,-0.044630012,-0.044630012,INFEASIBLE,0,4628.6443,1226.9141,0.027138691,0.29260489,15,1.5,0.02,0.04,-0.05,40,40,40,40,40,10,0
4.7,54.148617,2.3413433,-0.083261597,0.015352485,-54.148617,-2.3413433,0.083261597,-0.015352485,-0.049269167,-0.049269167,INFEASIBLE,0,4643.3047,1226.9415,0.027173353,0.29260607,15,1.5,0.02,0.04,-0.05,40,40,40,40,40,10,0
4.705,54.160227,2.305561,-0.083190189,0.014300024,-54.160227,-2.305561,0.083190189,-0.014300024,-0.050975821,-0.050975821,INFEASIBLE,0,4657.9713,1226.968,0.027207956,0.29260709,15,1.5,0.02,0.04,-0.05,40,40,40,40,40,10,0
4.71,54.171557,2.241204,-0.08309943,0.021059308,-54.171557,-2.241204,0.08309943,-0.021059308,-0.041823187,-0.041823187,INFEASIBLE,0,4672.6441,1226.9932,0.027242484,0.29260931,15,1.5,0.02,0.04,-0.05,40,40,40,40,40,10,0
4.715,54.18264,2.2016699,-0.08299382,0.020691343,-54.18264,-2.2016699,0.08299382,-0.020691343,-0.042150691,-0.042150691,INFEASIBLE,0,4687.3229,1227.0174,0.027276924,0.29261145,15,1.5,0.02,0.04,-0.05,40,40,40,40,40,10,0
4.72,54.193556,2.1722551,-0.082897915,0.017899302,-54.193556,-2.1722551,0.082897915,-0.017899302,-0.045858433,-0.045858433,INFEASIBLE,0,4702.0076,1227.041,0.027311284,0.29261305,15,1.5,0.02,0.04,-0.05,40,40,40,40,40,10,0
4.725,54.204342,2.1484205,-0.082817366,0.014606201,-54.204342,-2.1484205,0.082817366,-0.014606201,-0.050327542,-0.050327542,INFEASIBLE,0,4716.6981,1227.0641,0.027345578,0.29261412,15,1.5,0.02,0.04,-0.05,40,40,40,40,40,10,0
4.73,54.214934,2.0959637,-0.082739283,0.016989789,-54.214934,-2.0959637,0.082739283,-0.016989789,-0.047467325,-0.047467325,INFEASIBLE,0,4731.3944,1227.086,0.027379807,0.29261556,15,1.5,0.02,0.04,-0.05,40,40,40,40,40,10,0
4.735,54.225234,2.0373624,-0.082636297,0.022617084,-54.225234,-2.0373624,0.082636297,-0.022617084,-0.039619654,-0.039619654,INFEASIBLE,0,4746.0963,1227.1068,0.02741395,0.29261812,15,1.5,0.02,0.04,-0.05,40,40,40,40,40,10,0
4.74,54.235306,2.0005132,-0.082526472,0.021151196,-54.235306,-2.0005132,0.082526472,-0.021151196,-0.041443643,-0.041443643,INFEASIBLE,0,4760.8037,1227.1268,0.027448003,0.29262036,15,1.5,0.02,0.04,-0.05,40,40,40,40,40,10,0
4.745,54.245214,1.9703519,-0.082428465,0.018398956,-54.245214,-1.9703519,0.082428465,-0.018398956,-0.045110183,-0.045110183,INFEASIBLE,0,4775.5164,1227.1462,0.027481976,0.29262205,15,1.5,0.02,0.04,-0.05,40,40,40,40,40,10,0
4.75,54.254986,1.945034,-0.082344365,0.015313481,-54.254986,-1.945034,0.082344365,-0.015313481,-0.049294161,-0.049294161,INFEASIBLE,0,4790.2344,1227.1651,0.027515879,0.29262322,15,1.5,0.02,0.04,-0.05,40,40,40,40,40,10,0
4.755,54.264591,1.9032473,-0.082267806,0.016059761,-54.264591,-1.9032473,0.082267806,-0.016059761,-0.04850574,-0.04850574,INFEASIBLE,0,4804.9576,1227.1832,0.027549719,0.29262451,15,1.5,0.02,0.04,-0.05,40,40,40,40,40,10,0
4.76,54.27393,1.8426703,-0.082173832,0.021462601,-54.27393,-1.8426703,0.082173832,-0.021462601,-0.041228159,-0.041228159,INFEASIBLE,0,4819.6859,1227.2002,0.027583481,0.29262682,15,1.5,0.02,0.04,-0.05,40,40,40,40,40,10,0
4.765,54.283006,1.7978195,-0.082062737,0.022358762,-54.283006,-1.7978195,0.082062737,-0.022358762,-0.039830021,-0.039830021,INFEASIBLE,0,4834.4191,1227.2164,0.027617153,0.29262932,15,1.5,0.02,0.04,-0.05,40,40,40,40,40,10,0
4.77,54.291891,1.7642941,-0.081956372,0.020164822,-54.291891,-1.7642941,0.081956372,-0.020164822,-0.042688766,-0.042688766,INFEASIBLE,0,4849.1572,1227.2319,0.027650737,0.29263135,15,1.5,0.02,0.04,-0.05,40,40,40,40,40,10,0
4.775,54.300623,1.7358556,-0.081863166,0.017355613,-54.300623,-1.7358556,0.081863166,-0.017355613,-0.046467375,-0.046467375,INFEASIBLE,0,4863.9,1227.247,0.027684245,0.29263286,15,1.5,0.02,0.04,-0.05,40,40,40,40,40,10,0
4.78,54.309222,1.7101301,-0.081783962,0.014666625,-54.309222,-1.7101301,0.081783962,-0.014666625,-0.050169847,-0.050169847,INFEASIBLE,0,4878.6474,1227.2616,0.027717688,0.29263393,15,1.5,0.02,0.04,-0.05,40,40,40,40,40,10,0
4.785,54.317671,1.6718139,-0.081712316,0.014943141,-54.317671,-1.6718139,0.081712316,-0.014943141,-0.050044063,-0.050044063,INFEASIBLE,0,4893.3995,1227.2756,0.027751073,0.29263505,15,1.5,0.02,0.04,-0.05,40,40,40,40,40,10,0
4.79,54.325864,1.6129204,-0.08162381,0.020508927,-54.325864,-1.6129204,0.08162381,-0.020508927,-0.042559681,-0.042559681,INFEASIBLE,0,4908.156,1227.2886,0.027784385,0.29263715,15,1.5,0.02,0.04,-0.05,40,40,40,40,40,10,0
4.795,54.333778,1.5637829,-0.081513483,0.022809025,-54.333778,-1.5637829,0.081513483,-0.022809025,-0.039261847,-0.039261847,INFEASIBLE,0,4922.9168,1227.3008,0.027817607,0.29263975,15,1.5,0.02,0.04,-0.05,40,40,40,40,40,10,0
4.8,54.341484,1.5274652,-0.081403493,0.021228591,-54.341484,-1.5274652,0.081403493,-0.021228591,-0.041281217,-0.041281217,INFEASIBLE,0,4937.6818,1227.3125,0.02785074,0.29264201,15,1.5,0.02,0.04,-0.05,40,40,40,40,40,10,0
4.805,54.349025,1.4962375,-0.081303791,0.018826297,-54.349025,-1.4962375,0.081303791,-0.018826297,-0.044487432,-0.044487432,INFEASIBLE,0,4952.4508,1227.3237,0.027883791,0.29264378,15,1.5,0.02,0.04,-0.05,40,40,40,40,40,10,0
4.81,54.356419,1.4679744,-0.081216238,0.016360277,-54.356419,-1.4679744,0.081216238,-0.016360277,-0.047855802,-0.047855802,INFEASIBLE,0,4967.2239,1227.3345,0.027916772,0.29264512,15,1.5,0.02,0.04,-0.05,40,40,40,40,40,10,0
4.815,54.363676,1.4414641,-0.081139991,0.014274979,-54.363676,-1.4414641,0.081139991,-0.014274979,-0.050755313,-0.050755313,INFEASIBLE,0,4982.001,1227.3449,0.02794969,0.29264613,15,1.5,0.02,0.04,-0.05,40,40,40,40,40,10,0
4.82,54.370778,1.4019926,-0.081068942,0.015278785,-54.370778,-1.4019926,0.081068942,-0.015278785,-0.049620683,-0.049620683,INFEASIBLE,0,4996.7819,1227.3547,0.027982551,0.2926473,15,1.5,0.02,0.04,-0.05,40,40,40,40,40,10,0
4.825,54.377639,1.3479016,-0.080982032,0.019678758,-54.377639,-1.3479016,0.080982032,-0.019678758,-0.0437435,-0.0437435,INFEASIBLE,0,5011.5665,1227.3638,0.028015341,0.29264924,15,1.5,0.02,0.04,-0.05,40,40,40,40,40,10,0
4.83,54.384215,1.2944046,-0.080871785,0.023413636,-54.384215,-1.2944046,0.080871785,-0.023413636,-0.038495833,-0.038495833,INFEASIBLE,0,5026.3548,1227.3722,0.028048043,0.29265198,15,1.5,0.02,0.04,-0.05,40,40,40,40,40,10,0
4.835,54.390567,1.2551157,-0.080756821,0.022477824,-54.390567,-1.2551157,0.080756821,-0.022477824,-0.039619605,-0.039619605,INFEASIBLE,0,5041.1464,1227.38,0.028080651,0.29265451,15,1.5,0.02,0.04,-0.05,40,40,40,40,40,10,0
4.84,54.396737,1.2207657,-0.080649612,0.020565301,-54.396737,-1.2207657,0.080649612,-0.020565301,-0.042130857,-0.042130857,INFEASIBLE,0,5055.9414,1227.3875,0.028113173,0.29265662,15,1.5,0.02,0.04,-0.05,40,40,40,40,40,10,0
4.845,54.402744,1.1892394,-0.080552273,0.018488395,-54.402744,-1.1892394,0.080552273,-0.018488395,-0.044927061,-0.044927061,INFEASIBLE,0,5070.7397,1227.3946,0.028145616,0.29265833,15,1.5,0.02,0.04,-0.05,40,40,40,40,40,10,0
4.85,54.408597,1.1589962,-0.08046463,0.016756549,-54.408597,-1.1589962,0.08046463,-0.016756549,-0.047302843,-0.047302843,INFEASIBLE,0,5085.5412,1227.4013,0.028177989,0.29265973,15,1.5,0.02,0.04,-0.05,40,40,40,40,40,10,0
4.855,54.414306,1.1309913,-0.080385605,0.014994025,-54.414306,-1.1309913,0.080385605,-0.014994025,-0.049767271,-0.049767271,INFEASIBLE,0,5100.3458,1227.4077,0.028210298,0.29266086,15,1.5,0.02,0.04,-0.05,40,40,40,40,40,10,0
4.86,54.419882,1.1053473,-0.080315252,0.013192155,-54.419882,-1.1053473,0.080315252,-0.013192155,-0.052329023,-0.052329023,INFEASIBLE,0,5115.1534,1227.4138,0.028242551,0.29266173,15,1.5,0.02,0.04,-0.05,40,40,40,40,40,10,0
4.865,54.425305,1.066552,-0.080248258,0.014575565,-54.425305,-1.066552,0.080248258,-0.014575565,-0.050692345,-0.050692345,INFEASIBLE,0,5129.964,1227.4195,0.02827475,0.29266279,15,1.5,0.02,0.04,-0.05,40,40,40,40,40,10,0
4.87,54.430499,1.0168484,-0.080165058,0.018494214,-54.430499,-1.0168484,0.080165058,-0.018494214,-0.045450623,-0.045450623,INFEASIBLE,0,5144.7774,1227.4246,0.028306882,0.2926645,15,1.5,0.02,0.04,-0.05,40,40,40,40,40,10,0
4.875,54.435409,0.95914612,-0.080055995,0.023789892,-54.435409,-0.95914612,0.080055995,-0.023789892,-0.038081071,-0.038081071,INFEASIBLE,0,5159.5935,1227.4292,0.028338927,0.29266733,15,1.5,0.02,0.04,-0.05,40,40,40,40,40,10,0
4.88,54.440076,0.91693241,-0.079937148,0.023613977,-54.440076,-0.91693241,0.079937148,-0.023613977,-0.03815744,-0.03815744,INFEASIBLE,0,5174.4121,1227.4334,0.028370876,0.29267012,15,1.5,0.02,0.04,-0.05,40,40,40,40,40,10,0
4.885,54.444546,0.87937022,-0.079822518,0.022314363,-54.444546,-0.87937022,0.079822518,-0.022314363,-0.0398005,-0.0398005,INFEASIBLE,0,5189.2331,1227.4373,0.028402735,0.29267261,15,1.5,0.02,0.04,-0.05,40,40,40,40,40,10,0
4.89,54.448835,0.84381951,-0.079714802,0.020867684,-54.448835,-0.84381951,0.079714802,-0.020867684,-0.04169103,-0.04169103,INFEASIBLE,0,5204.0565,1227.4409,0.028434507,0.29267478,15,1.5,0.02,0.04,-0.05,40,40,40,40,40,10,0
4.895,54.452948,0.80920979,-0.079613917,0.019632845,-54.452948,-0.80920979,0.079613917,-0.019632845,-0.043332126,-0.043332126,INFEASIBLE,0,5218.8821,1227.4441,0.028466199,0.29267671,15,1.5,0.02,0.04,-0.05,40,40,40,40,40,10,0
4.9,54.456893,0.77611128,-0.079519196,0.018401551,-54.456893,-0.77611128,0.079519196,-0.018401551,-0.0450033,-0.0450033,INFEASIBLE,0,5233.7099,1227.4471,0.028497815,0.2926784,15,1.5,0.02,0.04,-0.05,40,40,40,40,40,10,0
4.905,54.460678,0.74470277,-0.079430715,0.017130219,-54.460678,-0.74470277,0.079430715,-0.017130219,-0.046763731,-0.046763731,INFEASIBLE,0,5248.5397,1227.4499,0.028529361,0.29267987,15,1.5,0.02,0.04,-0.05,40,40,40,40,40,10,0
4.91,54.46431,0.71464136,-0.079348137,0.015918079,-54.46431,-0.71464136,0.079348137,-0.015918079,-0.048473081,-0.048473081,INFEASIBLE,0,5263.3715,1227.4525,0.028560842,0.29268114,15,1.5,0.02,0.04,-0.05,40,40,40,40,40,10,0
4.915,54.467795,0.6858688,-0.079271717,0.014774288,-54.467795,-0.6858688,0.079271717,-0.014774288,-0.050123664,-0.050123664,INFEASIBLE,0,5278.2052,1227.4548,0.028592262,0.29268223,15,1.5,0.02,0.04,-0.05,40,40,40,40,40,10,0
4.92,54.471125,0.64806632,-0.079197646,0.015852318,-54.471125,-0.64806632,0.079197646,-0.015852318,-0.048841053,-0.048841053,INFEASIBLE,0,5293.0407,1227.4569,0.028623623,0.29268349,15,1.5,0.02,0.04,-0.05,40,40,40,40,40,10,0
4.925,54.474222,0.60074435,-0.07910813,0.019164518,-54.474222,-0.60074435,0.07910813,-0.019164518,-0.044360961,-0.044360961,INFEASIBLE,0,5307.8779,1227.4587,0.028654914,0.29268532,15,1.5,0.02,0.04,-0.05,40,40,40,40,40,10,0
4.93,54.477112,0.56117467,-0.079008571,0.020466026,-54.477112,-0.56117467,0.079008571,-0.020466026,-0.042440299,-0.042440299,INFEASIBLE,0,5322.7167,1227.4603,0.028686126,0.29268742,15,1.5,0.02,0.04,-0.05,40,40,40,40,40,10,0
4.935,54.479801,0.52259714,-0.078906574,0.020303832,-54.479801,-0.52259714,0.078906574,-0.020303832,-0.042642951,-0.042642951,INFEASIBLE,0,5337.5569,1227.4617,0.028717257,0.29268948,15,1.5,0.02,0.04,-0.05,40,40,40,40,40,10,0
4.94,54.482276,0.47226224,-0.078800289,0.02304699,-54.482276,-0.47226224,0.078800289,-0.02304699,-0.038897835,-0.038897835,INFEASIBLE,0,5352.3985,1227.4628,0.028748304,0.29269213,15,1.5,0.02,0.04,-0.05,40,40,40,40,40,10,0
4.945,54.484481,0.42042052,-0.078676801,0.025698856,-54.484481,-0.42042052,0.078676801,-0.025698856,-0.035097297,-0.035097297,INFEASIBLE,0,5367.2413,1227.4637,0.028779255,0.29269544,15,1.5,0.02,0.04,-0.05,40,40,40,40,40,10,0
4.95,54.48645,0.37616106,-0.078548247,0.02564866,-54.48645,-0.37616106,0.078548247,-0.02564866,-0.034975284,-0.034975284,INFEASIBLE,0,5382.0852,1227.4644,0.028810104,0.29269873,15,1.5,0.02,0.04,-0.05,40,40,40,40,40,10,0
4.955,54.488203,0.33400716,-0.078421639,0.025071421,-54.488203,-0.33400716,0.078421639,-0.025071421,-0.035593112,-0.035593112,INFEASIBLE,0,5396.93,1227.4649,0.028840853,0.29270187,15,1.5,0.02,0.04,-0.05,40,40,40,40,40,10,0
4.96,54.489748,0.29268406,-0.078298064,0.02444763,-54.489748,-0.29268406,0.078298064,-0.02444763,-0.036297183,-0.036297183,INFEASIBLE,0,5411.7757,1227.4654,0.028871506,0.29270486,15,1.5,0.02,0.04,-0.05,40,40,40,40,40,10,0
4.965,54.491089,0.25185335,-0.078177277,0.023880586,-54.491089,-0.25185335,0.078177277,-0.023880586,-0.036942368,-0.036942368,INFEASIBLE,0,5426.6221,1227.4657,0.028902065,0.29270771,15,1.5,0.02,0.04,-0.05,40,40,40,40,40,10,0
4.97,54.492226,0.21138593,-0.078059348,0.023389522,-54.492226,-0.21138593,0.078059348,-0.023389522,-0.037505977,-0.037505977,INFEASIBLE,0,5441.4691,1227.4659,0.028932531,0.29271044,15,1.5,0.02,0.04,-0.05,40,40,40,40,40,10,0
4.975,54.493162,0.17118672,-0.077943453,0.022980571,-54.493162,-0.17118672,0.077943453,-0.022980571,-0.037970225,-0.037970225,INFEASIBLE,0,5456.3166,1227.466,0.028962907,0.29271308,15,1.5,0.02,0.04,-0.05,40,40,40,40,40,10,0
4.98,54.493898,0.13118751,-0.077829498,0.022648261,-54.493898,-0.13118751,0.077829498,-0.022648261,-0.038344621,-0.038344621,INFEASIBLE,0,5471.1645,1227.4661,0.028993194,0.29271565,15,1.5,0.02,0.04,-0.05,40,40,40,40,40,10,0
4.985,54.494434,0.091307107,-0.077716978,0.0223938,-54.494434,-0.091307107,0.077716978,-0.0223938,-0.038623008,-0.038623008,INFEASIBLE,0,5486.0128,1227.4662,0.029023394,0.29271816,15,1.5,0.02,0.04,-0.05,40,40,40,40,40,10,0
4.99,54.494771,0.051473705,-0.077605631,0.022214254,-54.494771,-0.051473705,0.077605631,-0.022214254,-0.038808722,-0.038808722,INFEASIBLE,0,5500.8612,1227.4662,0.029053507,0.29272062,15,1.5,0.02,0.04,-0.05,40,40,40,40,40,10,0
4.995,54.494909,0.01161087,-0.077494708,0.02210867,-54.494909,-0.01161087,0.077494708,-0.02210867,-0.038895008,-0.038895008,INFEASIBLE,0,5515.7096,1227.4662,0.029083534,0.29272307,15,1.5,0.02,0.04,-0.05,40,40,40,40,40,10,0
5,54.494847,-0.028348477,-0.077384296,0.022072376,-54.494847,0.028348477,0.077384296,-0.022072376,-0.038892883,-0.038892883,INFEASIBLE,0,5530.5581,1227.4662,0.029113476,0.2927255,15,1.5,0.02,0.04,-0.05,40,40,40,40,40,10,0
5.005,54.494585,-0.068487747,-0.077273878,0.022107271,-54.494585,0.068487747,0.077273878,-0.022107271,-0.038795084,-0.038795084,INFEASIBLE,0,5545.4064,1227.4662,0.029143332,0.29272795,15,1.5,0.02,0.04,-0.05,40,40,40,40,40,10,0
5.01,54.494121,-0.10888104,-0.077163129,0.022211425,-54.494121,0.10888104,0.077163129,-0.022211425,-0.038602618,-0.038602618,INFEASIBLE,0,5560.2544,1227.4663,0.029173103,0.29273041,15,1.5,0.02,0.04,-0.05,40,40,40,40,40,10,0
5.015,54.493455,-0.14960534,-0.077051787,0.022383932,-54.493455,0.14960534,0.077051787,-0.022383932,-0.038316029,-0.038316029,INFEASIBLE,0,5575.1021,1227.4664,0.029202788,0.29273292,15,1.5,0.02,0.04,-0.05,40,40,40,40,40,10,0
5.02,54.492584,-0.19074023,-0.07693901,0.022624732,-54.492584,0.19074023,0.07693901,-0.022624732,-0.037925982,-0.037925982,INFEASIBLE,0,5589.9493,1227.4666,0.029232386,0.29273548,15,1.5,0.02,0.04,-0.05,40,40,40,40,40,10,0
5.025,54.491506,-0.23235423,-0.076825222,0.022929036,-54.491506,0.23235423,0.076825222,-0.022929036,-0.037448824,-0.037448824,INFEASIBLE,0,5604.7959,1227.4668,0.029261896,0.29273811,15,1.5,0.02,0.04,-0.05,40,40,40,40,40,10,0
5.03,54.490218,-0.27454175,-0.076709493,0.023302163,-54.490218,0.27454175,0.076709493,-0.023302163,-0.03686645,-0.03686645,INFEASIBLE,0,5619.6418,1227.4672,0.029291318,0.29274082,15,1.5,0.02,0.04,-0.05,40,40,40,40,40,10,0
5.035,54.488718,-0.31737447,-0.076591823,0.023739866,-54.488718,0.31737447,0.076591823,-0.023739866,-0.036188167,-0.036188167,INFEASIBLE,0,5634.487,1227.4677,0.02932065,0.29274364,15,1.5,0.02,0.04,-0.05,40,40,40,40,40,10,0
5.04,54.487001,-0.36094101,-0.076471794,0.024244497,-54.487001,0.36094101,0.076471794,-0.024244497,-0.035407787,-0.035407787,INFEASIBLE,0,5649.3311,1227.4684,0.029349889,0.29274658,15,1.5,0.02,0.04,-0.05,40,40,40,40,40,10,0
5.045,54.485064,-0.40532443,-0.076349063,0.024814931,-54.485064,0.40532443,0.076349063,-0.024814931,-0.034525251,-0.034525251,INFEASIBLE,0,5664.1742,1227.4692,0.029379035,0.29274966,15,1.5,0.02,0.04,-0.05,40,40,40,40,40,10,0
5.05,54.482902,-0.4506116,-0.076223468,0.025452131,-54.482902,0.4506116,0.076223468,-0.025452131,-0.033540245,-0.033540245,INFEASIBLE,0,5679.0162,1227.4702,0.029408085,0.2927529,15,1.5,0.02,0.04,-0.05,40,40,40,40,40,10,0
5.055,54.480512,-0.49626286,-0.076094666,0.025977091,-54.480512,0.49626286,0.076094666,-0.025977091,-0.032694631,-0.032694631,INFEASIBLE,0,5693.8568,1227.4714,0.029437037,0.29275627,15,1.5,0.02,0.04,-0.05,40,40,40,40,40,10,0
5.06,54.477964,-0.51922269,-0.075982079,0.020506442,-54.477964,0.51922269,0.075982079,-0.020506442,-0.040181143,-0.040181143,INFEASIBLE,0,5708.696,1227.4728,0.029465904,0.29275837,15,1.5,0.02,0.04,-0.05,40,40,40,40,40,10,0
5.065,54.475258,-0.55629029,-0.075880113,0.02040659,-54.475258,0.55629029,0.075880113,-0.02040659,-0.040338258,-0.040338258,INFEASIBLE,0,5723.5338,1227.4743,0.029494693,0.29276046,15,1.5,0.02,0.04,-0.05,40,40,40,40,40,10,0
5.07,54.472368,-0.59200593,-0.075779252,0.0198662,-54.472368,0.59200593,0.075779252,-0.0198662,-0.041122343,-0.041122343,INFEASIBLE,0,5738.37,1227.4761,0.029523405,0.29276243,15,1.5,0.02,0.04,-0.05,40,40,40,40,40,10,0
5.075,54.4693,-0.62476033,-0.07568075,0.01888319,-54.4693,0.62476033,0.07568075,-0.01888319,-0.042490875,-0.042490875,INFEASIBLE,0,5753.2045,1227.478,0.029552043,0.29276421,15,1.5,0.02,0.04,-0.05,40,40,40,40,40,10,0
5.08,54.466125,-0.64272799,-0.075600535,0.014502733,-54.466125,0.64272799,0.075600535,-0.014502733,-0.048640532,-0.048640532,INFEASIBLE,0,5768.0373,1227.4801,0.02958062,0.29276526,15,1.5,0.02,0.04,-0.05,40,40,40,40,40,10,0
5.085,54.46282,-0.67381075,-0.075527233,0.014859283,-54.46282,0.67381075,0.075527233,-0.014859283,-0.048315605,-0.048315605,INFEASIBLE,0,5782.8683,1227.4824,0.029609142,0.29276637,15,1.5,0.02,0.04,-0.05,40,40,40,40,40,10,0
5.09,54.45935,-0.70797421,-0.075450132,0.015938501,-54.45935,0.70797421,0.075450132,-0.015938501,-0.0469762,-0.0469762,INFEASIBLE,0,5797.6974,1227.4849,0.029637606,0.29276764,15,1.5,0.02,0.04,-0.05,40,40,40,40,40,10,0
5.095,54.455704,-0.74397863,-0.075367047,0.017204319,-54.455704,0.74397863,0.075367047,-0.017204319,-0.045344294,-0.045344294,INFEASIBLE,0,5812.5245,1227.4877,0.029666007,0.29276912,15,1.5,0.02,0.04,-0.05,40,40,40,40,40,10,0
5.1,54.451873,-0.78138901,-0.075277553,0.018503107,-54.451873,0.78138901,0.075277553,-0.018503107,-0.043626735,-0.043626735,INFEASIBLE,0,5827.3496,1227.4907,0.02969434,0.29277083,15,1.5,0.02,0.04,-0.05,40,40,40,40,40,10,0
5.105,54.447851,-0.82029729,-0.075181307,0.019819638,-54.447851,0.82029729,0.075181307,-0.019819638,-0.041845022,-0.041845022,INFEASIBLE,0,5842.1724,1227.4941,0.029722601,0.29277279,15,1.5,0.02,0.04,-0.05,40,40,40,40,40,10,0
5.11,54.443629,-0.86102514,-0.075078653,0.021230508,-54.443629,0.86102514,0.075078653,-0.021230508,-0.039902465,-0.039902465,INFEASIBLE,0,5856.9929,1227.4978,0.029750785,0.29277505,15,1.5,0.02,0.04,-0.05,40,40,40,40,40,10,0
5.115,54.439198,-0.90354007,-0.074968655,0.022665567,-54.439198,0.90354007,0.074968655,-0.022665567,-0.03788912,-0.03788912,INFEASIBLE,0,5871.8111,1227.5019,0.029778887,0.29277762,15,1.5,0.02,0.04,-0.05,40,40,40,40,40,10,0
5.12,54.434552,-0.94706252,-0.074851749,0.023973258,-54.434552,0.94706252,0.074851749,-0.023973258,-0.036007816,-0.036007816,INFEASIBLE,0,5886.6267,1227.5063,0.029806901,0.29278049,15,1.5,0.02,0.04,-0.05,40,40,40,40,40,10,0
5.125,54.429681,-0.99283856,-0.074728092,0.025466546,-54.429681,0.99283856,0.074728092,-0.025466546,-0.033841479,-0.033841479,INFEASIBLE,0,5901.4396,1227.5113,0.029834822,0.29278373,15,1.5,0.02,0.04,-0.05,40,40,40,40,40,10,0
5.13,54.42461,-1.0238459,-0.074606571,0.022443849,-54.42461,1.0238459,0.074606571,-0.022443849,-0.037894426,-0.037894426,INFEASIBLE,0,5916.2498,1227.5165,0.029862653,0.29278625,15,1.5,0.02,0.04,-0.05,40,40,40,40,40,10,0
5.135,54.419425,-1.0409612,-0.074508151,0.016643336,-54.419425,1.0409612,0.074508151,-0.016643336,-0.045907213,-0.045907213,INFEASIBLE,0,5931.0572,1227.5219,0.02989041,0.29278764,15,1.5,0.02,0.04,-0.05,40,40,40,40,40,10,0
5.14,54.414159,-1.0620861,-0.074432489,0.014269752,-54.414159,1.0620861,0.074432489,-0.014269752,-0.049282975,-0.049282975,INFEASIBLE,0,5945.8617,1227.5276,0.029918111,0.29278865,15,1.5,0.02,0.04,-0.05,40,40,40,40,40,10,0
5.145,54.408756,-1.0935671,-0.074359104,0.015233441,-54.408756,1.0935671,0.074359104,-0.015233441,-0.048103971,-0.048103971,INFEASIBLE,0,5960.6633,1227.5335,0.029945757,0.29278981,15,1.5,0.02,0.04,-0.05,40,40,40,40,40,10,0
5.15,54.403184,-1.1291001,-0.074278294,0.016970863,-54.403184,1.1291001,0.074278294,-0.016970863,-0.045818451,-0.045818451,INFEASIBLE,0,5975.4618,1227.5399,0.029973344,0.29279126,15,1.5,0.02,0.04,-0.05,40,40,40,40,40,10,0
5.155,54.397427,-1.1668951,-0.074188549,0.018786858,-54.397427,1.1668951,0.074188549,-0.018786858,-0.043375212,-0.043375212,INFEASIBLE,0,5990.2572,1227.5467,0.030000864,0.29279302,15,1.5,0.02,0.04,-0.05,40,40,40,40,40,10,0
5.16,54.391476,-1.2065241,-0.074089768,0.020554005,-54.391476,1.2065241,0.074089768,-0.020554005,-0.040946955,-0.040946955,INFEASIBLE,0,6005.0494,1227.554,0.03002831,0.29279513,15,1.5,0.02,0.04,-0.05,40,40,40,40,40,10,0
5.165,54.385318,-1.2490369,-0.073981802,0.022541397,-54.385318,1.2490369,0.073981802,-0.022541397,-0.038170043,-0.038170043,INFEASIBLE,0,6019.8382,1227.5618,0.030055677,0.29279767,15,1.5,0.02,0.04,-0.05,40,40,40,40,40,10,0
5.17,54.37894,-1.2941697,-0.073863628,0.024601858,-54.37894,1.2941697,0.073863628,-0.024601858,-0.035239613,-0.035239613,INFEASIBLE,0,6034.6235,1227.5702,0.030082956,0.2928007,15,1.5,0.02,0.04,-0.05,40,40,40,40,40,10,0
5.175,54.372336,-1.3349083,-0.073737195,0.024454459,-54.372336,1.3349083,0.073737195,-0.024454459,-0.035325842,-0.035325842,INFEASIBLE,0,6049.4053,1227.5791,0.030110142,0.29280369,15,1.5,0.02,0.04,-0.05,40,40,40,40,40,10,0
5.18,54.365575,-1.3633332,-0.073623203,0.021496182,-54.365575,1.3633332,0.073623203,-0.021496182,-0.039325598,-0.039325598,INFEASIBLE,0,6064.1833,1227.5884,0.030137243,0.292806,15,1.5,0.02,0.04,-0.05,40,40,40,40,40,10,0
5.185,54.358733,-1.3742393,-0.073538341,0.014923561,-54.358733,1.3742393,0.073538341,-0.014923561,-0.048484683,-0.048484683,INFEASIBLE,0,6078.9577,1227.5978,0.030164283,0.29280711,15,1.5,0.02,0.04,-0.05,40,40,40,40,40,10,0
5.19,54.351765,-1.4073441,-0.073459812,0.016445481,-54.351765,1.4073441,0.073459812,-0.016445481,-0.046487409,-0.046487409,INFEASIBLE,0,6093.7283,1227.6077,0.030191265,0.29280847,15,1.5,0.02,0.04,-0.05,40,40,40,40,40,10,0
5.195,54.344621,-1.4440744,-0.073372503,0.018398326,-54.344621,1.4440744,0.073372503,-0.018398326,-0.043860609,-0.043860609,INFEASIBLE,0,6108.495,1227.6182,0.030218182,0.29281016,15,1.5,0.02,0.04,-0.05,40,40,40,40,40,10,0
5.2,54.337283,-1.4844271,-0.073274404,0.020720385,-54.337283,1.4844271,0.073274404,-0.020720385,-0.040666923,-0.040666923,INFEASIBLE,0,6123.2577,1227.6292,0.030245028,0.2928123,15,1.5,0.02,0.04,-0.05,40,40,40,40,40,10,0
5.205,54.329733,-1.5279478,-0.073164664,0.023106618,-54.329733,1.5279478,0.073164664,-0.023106618,-0.037333292,-0.037333292,INFEASIBLE,0,6138.0163,1227.6409,0.030271793,0.29281497,15,1.5,0.02,0.04,-0.05,40,40,40,40,40,10,0
5.21,54.321956,-1.5747683,-0.073041935,0.025676096,-54.321956,1.5747683,0.073041935,-0.025676096,-0.033666485,-0.033666485,INFEASIBLE,0,6152.7706,1227.6533,0.030298469,0.29281827,15,1.5,0.02,0.04,-0.05,40,40,40,40,40,10,0
5.215,54.313973,-1.6075483,-0.072917891,0.023296058,-54.313973,1.6075483,0.072917891,-0.023296058,-0.036846751,-0.036846751,INFEASIBLE,0,6167.5207,1227.6662,0.030325054,0.29282098,15,1.5,0.02,0.04,-0.05,40,40,40,40,40,10,0
5.22,54.305872,-1.6242093,-0.072816104,0.017419453,-54.305872,1.6242093,0.072816104,-0.017419453,-0.044963325,-0.044963325,INFEASIBLE,0,6182.2663,1227.6794,0.030351565,0.2928225,15,1.5,0.02,0.04,-0.05,40,40,40,40,40,10,0
5.225,54.29767,-1.6524159,-0.072730318,0.017197484,-54.29767,1.6524159,0.072730318,-0.017197484,-0.045301785,-0.045301785,INFEASIBLE,0,6197.0075,1227.693,0.030378013,0.29282398,15,1.5,0.02,0.04,-0.05,40,40,40,40,40,10,0
5.23,54.289301,-1.6889127,-0.072639558,0.019093059,-54.289301,1.6889127,0.072639558,-0.019093059,-0.042724263,-0.042724263,INFEASIBLE,0,6211.7441,1227.7073,0.030404396,0.2928258,15,1.5,0.02,0.04,-0.05,40,40,40,40,40,10,0
5.235,54.280737,-1.7301234,-0.072537404,0.021640544,-54.280737,1.7301234,0.072537404,-0.021640544,-0.039190441,-0.039190441,INFEASIBLE,0,6226.4761,1227.7222,0.030430704,0.29282814,15,1.5,0.02,0.04,-0.05,40,40,40,40,40,10,0
5.24,54.271954,-1.7753435,-0.072421933,0.024414484,-54.271954,1.7753435,0.072421933,-0.024414484,-0.035281933,-0.035281933,INFEASIBLE,0,6241.2034,1227.738,0.030456929,0.29283112,15,1.5,0.02,0.04,-0.05,40,40,40,40,40,10,0
5.245,54.262942,-1.8163809,-0.072294746,0.02462261,-54.262942,1.8163809,0.072294746,-0.02462261,-0.03488367,-0.03488367,INFEASIBLE,0,6255.9257,1227.7545,0.030483062,0.29283416,15,1.5,0.02,0.04,-0.05,40,40,40,40,40,10,0
5.25,54.253765,-1.8478981,-0.072177057,0.022708673,-54.253765,1.8478981,0.072177057,-0.022708673,-0.037433468,-0.037433468,INFEASIBLE,0,6270.6431,1227.7716,0.030509109,0.29283673,15,1.5,0.02,0.04,-0.05,40,40,40,40,40,10,0
5.255,54.244494,-1.8617453,-0.072085028,0.016788981,-54.244494,1.8617453,0.072085028,-0.016788981,-0.04567189,-0.04567189,INFEASIBLE,0,6285.3554,1227.7889,0.030535091,0.29283814,15,1.5,0.02,0.04,-0.05,40,40,40,40,40,10,0
5.26,54.235075,-1.8996976,-0.071994097,0.019375569,-54.235075,1.8996976,0.071994097,-0.019375569,-0.042134506,-0.042134506,INFEASIBLE,0,6300.0626,1227.8069,0.030561006,0.29284002,15,1.5,0.02,0.04,-0.05,40,40,40,40,40,10,0
5.265,54.225452,-1.9422955,-0.07188942,0.02229937,-54.225452,1.9422955,0.07188942,-0.02229937,-0.038075022,-0.038075022,INFEASIBLE,0,6314.7646,1227.8258,0.030586847,0.29284251,15,1.5,0.02,0.04,-0.05,40,40,40,40,40,10,0
5.27,54.215606,-1.9884091,-0.071769806,0.025275454,-54.215606,1.9884091,0.071769806,-0.025275454,-0.033858142,-0.033858142,INFEASIBLE,0,6329.4613,1227.8456,0.030612601,0.2928457,15,1.5,0.02,0.04,-0.05,40,40,40,40,40,10,0
5.275,54.20554,-2.0249768,-0.071642048,0.02423475,-54.20554,2.0249768,0.071642048,-0.02423475,-0.035166865,-0.035166865,INFEASIBLE,0,6344.1525,1227.8661,0.030638264,0.29284864,15,1.5,0.02,0.04,-0.05,40,40,40,40,40,10,0
5.28,54.19538,-2.0352195,-0.071544895,0.016569657,-54.19538,2.0352195,0.071544895,-0.016569657,-0.045820112,-0.045820112,INFEASIBLE,0,6358.8382,1227.8868,0.030663858,0.29285001,15,1.5,0.02,0.04,-0.05,40,40,40,40,40,10,0
5.285,54.185107,-2.0690926,-0.071457761,0.018385587,-54.185107,2.0690926,0.071457761,-0.018385587,-0.043349594,-0.043349594,INFEASIBLE,0,6373.5183,1227.9082,0.030689389,0.2928517,15,1.5,0.02,0.04,-0.05,40,40,40,40,40,10,0
5.29,54.174645,-2.1095343,-0.071358397,0.021250229,-54.174645,2.1095343,0.071358397,-0.021250229,-0.039389093,-0.039389093,INFEASIBLE,0,6388.1927,1227.9304,0.030714849,0.29285396,15,1.5,0.02,0.04,-0.05,40,40,40,40,40,10,0
5.295,54.163965,-2.1549074,-0.071243513,0.024509653,-54.163965,2.1549074,0.071243513,-0.024509653,-0.03480521,-0.03480521,INFEASIBLE,0,6402.8614,1227.9537,0.030740227,0.29285696,15,1.5,0.02,0.04,-0.05,40,40,40,40,40,10,0
5.3,54.153086,-2.1858205,-0.071124711,0.021938253,-54.153086,2.1858205,0.071124711,-0.021938253,-0.038334385,-0.038334385,INFEASIBLE,0,6417.5242,1227.9776,0.03076552,0.29285937,15,1.5,0.02,0.04,-0.05,40,40,40,40,40,10,0
5.305,54.142113,-2.1995599,-0.071032276,0.016443552,-54.142113,2.1995599,0.071032276,-0.016443552,-0.045958943,-0.045958943,INFEASIBLE,0,6432.181,1228.0017,0.030790748,0.29286072,15,1.5,0.02,0.04,-0.05,40,40,40,40,40,10,0
5.31,54.131017,-2.2339878,-0.070944544,0.018600886,-54.131017,2.2339878,0.070944544,-0.018600886,-0.043006003,-0.043006003,INFEASIBLE,0,6446.8319,1228.0267,0.030815914,0.29286245,15,1.5,0.02,0.04,-0.05,40,40,40,40,40,10,0
5.315,54.119729,-2.2748971,-0.070843578,0.021661461,-54.119729,2.2748971,0.070843578,-0.021661461,-0.038762788,-0.038762788,INFEASIBLE,0,6461.4766,1228.0526,0.030841008,0.2928648,15,1.5,0.02,0.04,-0.05,40,40,40,40,40,10,0
5.32,54.10822,-2.3213404,-0.070725659,0.025225769,-54.10822,2.3213404,0.070725659,-0.025225769,-0.033735459,-0.033735459,INFEASIBLE,0,6476.1151,1228.0795,0.030866019,0.29286798,15,1.5,0.02,0.04,-0.05,40,40,40,40,40,10,0
5.325,54.096505,-2.3539762,-0.070602981,0.02323652,-54.096505,2.3539762,0.070602981,-0.02323652,-0.036418885,-0.036418885,INFEASIBLE,0,6490.7473,1228.1072,0.030890943,0.29287068,15,1.5,0.02,0.04,-0.05,40,40,40,40,40,10,0
5.33,54.084691,-2.3683228,-0.070506245,0.017227129,-54.084691,2.3683228,0.070506245,-0.017227129,-0.044792082,-0.044792082,INFEASIBLE,0,6505.373,1228.1353,0.030915798,0.29287216,15,1.5,0.02,0.04,-0.05,40,40,40,40,40,10,0
5.335,54.072743,-2.4054681,-0.070412868,0.020016908,-54.072743,2.4054681,0.070412868,-0.020016908,-0.040931522,-0.040931522,INFEASIBLE,0,6519.9923,1228.1642,0.030940588,0.29287417,15,1.5,0.02,0.04,-0.05,40,40,40,40,40,10,0
5.34,54.060589,-2.4493034,-0.070303298,0.023537044,-54.060589,2.4493034,0.070303298,-0.023537044,-0.036004269,-0.036004269,INFEASIBLE,0,6534.6051,1228.1942,0.030965301,0.29287694,15,1.5,0.02,0.04,-0.05,40,40,40,40,40,10,0
5.345,54.048201,-2.4979172,-0.070175937,0.027221125,-54.048201,2.4979172,0.070175937,-0.027221125,-0.030760028,-0.030760028,INFEASIBLE,0,6549.2111,1228.2254,0.030989924,0.29288064,15,1.5,0.02,0.04,-0.05,40,40,40,40,40,10,0
5.35,54.035695,-2.5018362,-0.070073226,0.016340806,-54.035695,2.5018362,0.070073226,-0.016340806,-0.045946736,-0.045946736,INFEASIBLE,0,6563.8104,1228.2567,0.031014475,0.29288198,15,1.5,0.02,0.04,-0.05,40,40,40,40,40,10,0
5.355,54.02309,-2.5354365,-0.069985754,0.018669907,-54.02309,2.5354365,0.069985754,-0.018669907,-0.042737116,-0.042737116,INFEASIBLE,0,6578.4029,1228.2888,0.031038966,0.29288372,15,1.5,0.02,0.04,-0.05,40,40,40,40,40,10,0
5.36,54.010292,-2.5772131,-0.069882925,0.022312175,-54.010292,2.5772131,0.069882925,-0.022312175,-0.037658291,-0.037658291,INFEASIBLE,0,6592.9884,1228.322,0.031063384,0.29288621,15,1.5,0.02,0.04,-0.05,40,40,40,40,40,10,0
5.365,53.997268,-2.6251287,-0.069760622,0.026305988,-53.997268,2.6251287,0.069760622,-0.026305988,-0.032010137,-0.032010137,INFEASIBLE,0,6607.567,1228.3565,0.031087716,0.29288967,15,1.5,0.02,0.04,-0.05,40,40,40,40,40,10,0
5.37,53.984093,-2.6395153,-0.069651127,0.018337872,-53.984093,2.6395153,0.069651127,-0.018337872,-0.043158839,-0.043158839,INFEASIBLE,0,6622.1384,1228.3913,0.031111973,0.29289135,15,1.5,0.02,0.04,-0.05,40,40,40,40,40,10,0
5.375,53.970815,-2.6683248,-0.069558423,0.019057378,-53.970815,2.6683248,0.069558423,-0.019057378,-0.042106971,-0.042106971,INFEASIBLE,0,6636.7026,1228.4269,0.031136165,0.29289316,15,1.5,0.02,0.04,-0.05,40,40,40,40,40,10,0
5.38,53.957357,-2.7086768,-0.069454674,0.022357206,-53.957357,2.7086768,0.069454674,-0.022357206,-0.037484226,-0.037484226,INFEASIBLE,0,6651.2596,1228.4636,0.031160284,0.29289566,15,1.5,0.02,0.04,-0.05,40,40,40,40,40,10,0
5.385,53.943677,-2.7560402,-0.069332117,0.026333787,-53.943677,2.7560402,0.069332117,-0.026333787,-0.031849132,-0.031849132,INFEASIBLE,0,6665.8092,1228.5016,0.031184319,0.29289913,15,1.5,0.02,0.04,-0.05,40,40,40,40,40,10,0
5.39,53.929866,-2.7640341,-0.06922876,0.016793128,-53.929866,2.7640341,0.06922876,-0.016793128,-0.045205764,-0.045205764,INFEASIBLE,0,6680.3513,1228.5398,0.031208282,0.29290054,15,1.5,0.02,0.04,-0.05,40,40,40,40,40,10,0
5.395,53.915953,-2.7967399,-0.069138923,0.019118245,-53.915953,2.7967399,0.069138923,-0.019118245,-0.041957009,-0.041957009,INFEASIBLE,0,6694.886,1228.5789,0.031232183,0.29290237,15,1.5,0.02,0.04,-0.05,40,40,40,40,40,10,0
5.4,53.90185,-2.8384213,-0.069033822,0.022833813,-53.90185,2.8384213,0.069033822,-0.022833813,-0.036756465,-0.036756465,INFEASIBLE,0,6709.413,1228.6192,0.031256011,0.29290498,15,1.5,0.02,0.04,-0.05,40,40,40,40,40,10,0
5.405,53.887518,-2.8870602,-0.068908312,0.027114057,-53.887518,2.8870602,0.068908312,-0.027114057,-0.030685656,-0.030685656,INFEASIBLE,0,6723.9324,1228.6609,0.031279753,0.29290865,15,1.5,0.02,0.04,-0.05,40,40,40,40,40,10,0
5.41,53.873048,-2.896478,-0.068800661,0.017709629,-53.873048,2.896478,0.068800661,-0.017709629,-0.043843634,-0.043843634,INFEASIBLE,0,6738.4439,1228.7028,0.031303421,0.29291022,15,1.5,0.02,0.04,-0.05,40,40,40,40,40,10,0
5.415,53.858468,-2.9309033,-0.068705677,0.02030813,-53.858468,2.9309033,0.068705677,-0.02030813,-0.040189737,-0.040189737,INFEASIBLE,0,6752.9476,1228.7458,0.031327023,0.29291228,15,1.5,0.02,0.04,-0.05,40,40,40,40,40,10,0
5.42,53.843689,-2.9744016,-0.068593577,0.024248649,-53.843689,2.9744016,0.068593577,-0.024248649,-0.034632971,-0.034632971,INFEASIBLE,0,6767.4433,1228.79,0.031350549,0.29291522,15,1.5,0.02,0.04,-0.05,40,40,40,40,40,10,0
5.425,53.828695,-3.0102323,-0.068469376,0.023722238,-53.828695,3.0102323,0.068469376,-0.023722238,-0.035292672,-0.035292672,INFEASIBLE,0,6781.9309,1228.8353,0.031373989,0.29291804,15,1.5,0.02,0.04,-0.05,40,40,40,40,40,10,0
5.43,53.813636,-3.0183408,-0.068379627,0.016501228,-53.813636,3.0183408,0.068379627,-0.016501228,-0.045403466,-0.045403466,INFEASIBLE,0,6796.4105,1228.8809,0.031397368,0.2929194,15,1.5,0.02,0.04,-0.05,40,40,40,40,40,10,0
5.435,53.798424,-3.0603994,-0.06828406,0.021413109,-53.798424,3.0603994,0.06828406,-0.021413109,-0.038588725,-0.038588725,INFEASIBLE,0,6810.8818,1228.9277,0.031420681,0.29292169,15,1.5,0.02,0.04,-0.05,40,40,40,40,40,10,0
5.44,53.782985,-3.108273,-0.068163771,0.026226717,-53.782985,3.108273,0.068163771,-0.026226717,-0.031787703,-0.031787703,INFEASIBLE,0,6825.3449,1228.976,0.031443913,0.29292513,15,1.5,0.02,0.04,-0.05,40,40,40,40,40,10,0
5.445,53.767396,-3.1222991,-0.068054709,0.018332921,-53.767396,3.1222991,0.068054709,-0.018332921,-0.042865299,-0.042865299,INFEASIBLE,0,6839.7995,1229.0247,0.03146707,0.29292681,15,1.5,0.02,0.04,-0.05,40,40,40,40,40,10,0
5.45,53.751694,-3.1545202,-0.067957949,0.02050186,-53.751694,3.1545202,0.067957949,-0.02050186,-0.039763374,-0.039763374,INFEASIBLE,0,6854.2457,1229.0745,0.031490162,0.29292891,15,1.5,0.02,0.04,-0.05,40,40,40,40,40,10,0
5.455,53.735806,-3.1944482,-0.06784786,0.023468104,-53.735806,3.1944482,0.06784786,-0.023468104,-0.035577548,-0.035577548,INFEASIBLE,0,6868.6834,1229.1255,0.031513178,0.29293166,15,1.5,0.02,0.04,-0.05,40,40,40,40,40,10,0
5.46,53.719716,-3.2296634,-0.067726763,0.023327374,-53.719716,3.2296634,0.067726763,-0.023327374,-0.035702602,-0.035702602,INFEASIBLE,0,6883.1125,1229.1777,0.031536113,0.29293439,15,1.5,0.02,0.04,-0.05,40,40,40,40,40,10,0
5.465,53.703494,-3.2517213,-0.06761858,0.019935999,-53.703494,3.2517213,0.06761858,-0.019935999,-0.040373673,-0.040373673,INFEASIBLE,0,6897.5328,1229.2305,0.031558974,0.29293637,15,1.5,0.02,0.04,-0.05,40,40,40,40,40,10,0
5.47,53.687133,-3.2836029,-0.067513827,0.020619364,-53.687133,3.2836029,0.067513827,-0.020619364,-0.039379816,-0.039379816,INFEASIBLE,0,6911.9443,1229.2844,0.031581765,0.2929385,15,1.5,0.02,0.04,-0.05,40,40,40,40,40,10,0
5.475,53.670617,-3.3183245,-0.067406168,0.022546862,-53.670617,3.3183245,0.067406168,-0.022546862,-0.036592868,-0.036592868,INFEASIBLE,0,6926.347,1229.3395,0.031604483,0.29294104,15,1.5,0.02,0.04,-0.05,40,40,40,40,40,10,0
5.48,53.65393,-3.348122,-0.067294828,0.021623235,-53.65393,3.348122,0.067294828,-0.021623235,-0.03783385,-0.03783385,INFEASIBLE,0,6940.7407,1229.3956,0.031627126,0.29294338,15,1.5,0.02,0.04,-0.05,40,40,40,40,40,10,0
5.485,53.637105,-3.379207,-0.067189725,0.021855773,-53.637105,3.379207,0.067189725,-0.021855773,-0.037488398,-0.037488398,INFEASIBLE,0,6955.1254,1229.4526,0.031649698,0.29294577,15,1.5,0.02,0.04,-0.05,40,40,40,40,40,10,0
5.49,53.620096,-3.4157578,-0.067075893,0.023065418,-53.620096,3.4157578,0.067075893,-0.023065418,-0.035768658,-0.035768658,INFEASIBLE,0,6969.501,1229.511,0.031672194,0.29294843,15,1.5,0.02,0.04,-0.05,40,40,40,40,40,10,0
5.495,53.602929,-3.4404757,-0.066964987,0.019937632,-53.602929,3.4404757,0.066964987,-0.019937632,-0.040128809,-0.040128809,INFEASIBLE,0,6983.8674,1229.5702,0.031694615,0.29295041,15,1.5,0.02,0.04,-0.05,40,40,40,40,40,10,0
5.5,53.585637,-3.4727988,-0.066861484,0.021728636,-53.585637,3.4727988,0.066861484,-0.021728636,-0.037528521,-0.037528521,INFEASIBLE,0,6998.2245,1229.6305,0.031716968,0.29295277,15,1.5,0.02,0.04,-0.05,40,40,40,40,40,10,0
5.505,53.568162,-3.5089423,-0.066747907,0.023125979,-53.568162,3.5089423,0.066747907,-0.023125979,-0.035524077,-0.035524077,INFEASIBLE,0,7012.5722,1229.692,0.031739244,0.29295545,15,1.5,0.02,0.04,-0.05,40,40,40,40,40,10,0
5.51,53.550551,-3.52878,-0.066642716,0.018864384,-53.550551,3.52878,0.066642716,-0.018864384,-0.041484341,-0.041484341,INFEASIBLE,0,7026.9105,1229.7543,0.03176145,0.29295723,15,1.5,0.02,0.04,-0.05,40,40,40,40,40,10,0
5.515,53.532804,-3.5654308,-0.066539829,0.022332302,-53.532804,3.5654308,0.066539829,-0.022332302,-0.036560128,-0.036560128,INFEASIBLE,0,7041.2393,1229.8179,0.031783588,0.29295972,15,1.5,0.02,0.04,-0.05,40,40,40,40,40,10,0
5.52,53.514861,-3.6034853,-0.066422288,0.023860874,-53.514861,3.6034853,0.066422288,-0.023860874,-0.034385207,-0.034385207,INFEASIBLE,0,7055.5585,1229.8828,0.031805648,0.29296257,15,1.5,0.02,0.04,-0.05,40,40,40,40,40,10,0
5.525,53.496751,-3.62887,-0.066306229,0.02067412,-53.496751,3.62887,0.066306229,-0.02067412,-0.038802027,-0.038802027,INFEASIBLE,0,7069.868,1229.9486,0.03182763,0.29296471,15,1.5,0.02,0.04,-0.05,40,40,40,40,40,10,0
5.53,53.478512,-3.6607712,-0.06619821,0.021969055,-53.478512,3.6607712,0.06619821,-0.021969055,-0.036880176,-0.036880176,INFEASIBLE,0,7084.1678,1230.0156,0.031849541,0.29296712,15,1.5,0.02,0.04,-0.05,40,40,40,40,40,10,0
5.535,53.46011,-3.6958813,-0.06608557,0.023638622,-53.46011,3.6958813,0.06608557,-0.023638622,-0.034458672,-0.034458672,INFEASIBLE,0,7098.4577,1230.0839,0.031871378,0.29296991,15,1.5,0.02,0.04,-0.05,40,40,40,40,40,10,0
5.54,53.441568,-3.7175277,-0.06597993,0.019720349,-53.441568,3.7175277,0.06597993,-0.019720349,-0.039988179,-0.039988179,INFEASIBLE,0,7112.7377,1230.153,0.031893145,0.29297186,15,1.5,0.02,0.04,-0.05,40,40,40,40,40,10,0
5.545,53.422866,-3.7580508,-0.065870221,0.02399425,-53.422866,3.7580508,0.065870221,-0.02399425,-0.033926656,-0.033926656,INFEASIBLE,0,7127.0077,1230.2236,0.031914839,0.29297474,15,1.5,0.02,0.04,-0.05,40,40,40,40,40,10,0
5.55,53.403983,-3.7920963,-0.065753695,0.024282749,-53.403983,3.7920963,0.065753695,-0.024282749,-0.033485493,-0.033485493,INFEASIBLE,0,7141.2677,1230.2955,0.031936457,0.29297768,15,1.5,0.02,0.04,-0.05,40,40,40,40,40,10,0
5.555,53.38497,-3.8105023,-0.065649355,0.019442766,-53.38497,3.8105023,0.065649355,-0.019442766,-0.04029686,-0.04029686,INFEASIBLE,0,7155.5174,1230.3681,0.031958006,0.29297957,15,1.5,0.02,0.04,-0.05,40,40,40,40,40,10,0
5.56,53.365821,-3.8432213,-0.065548346,0.021068787,-53.365821,3.8432213,0.065548346,-0.021068787,-0.038034441,-0.038034441,INFEASIBLE,0,7169.757,1230.442,0.031979489,0.29298179,15,1.5,0.02,0.04,-0.05,40,40,40,40,40,10,0
5.565,53.346487,-3.880982,-0.06543388,0.023446381,-53.346487,3.880982,0.06543388,-0.023446381,-0.034648167,-0.034648167,INFEASIBLE,0,7183.9862,1230.5173,0.032000897,0.29298454,15,1.5,0.02,0.04,-0.05,40,40,40,40,40,10,0
5.57,53.326994,-3.9095647,-0.065320352,0.022262785,-53.326994,3.9095647,0.065320352,-0.022262785,-0.036253816,-0.036253816,INFEASIBLE,0,7198.2051,1230.5937,0.032022231,0.29298702,15,1.5,0.02,0.04,-0.05,40,40,40,40,40,10,0
5.575,53.307348,-3.9431062,-0.065207625,0.023216513,-53.307348,3.9431062,0.065207625,-0.023216513,-0.034866888,-0.034866888,INFEASIBLE,0,7212.4134,1230.6715,0.032043491,0.29298972,15,1.5,0.02,0.04,-0.05,40,40,40,40,40,10,0
5.58,53.287543,-3.9688502,-0.065094843,0.020682825,-53.287543,3.9688502,0.065094843,-0.020682825,-0.03840155,-0.03840155,INFEASIBLE,0,7226.6112,1230.7502,0.032064677,0.29299185,15,1.5,0.02,0.04,-0.05,40,40,40,40,40,10,0
5.585,53.26761,-3.9971533,-0.064989126,0.020845443,-53.26761,3.9971533,0.064989126,-0.020845443,-0.038102651,-0.038102651,INFEASIBLE,0,7240.7984,1230.8301,0.032085795,0.29299403,15,1.5,0.02,0.04,-0.05,40,40,40,40,40,10,0
5.59,53.247508,-4.0386974,-0.064873331,0.025310305,-53.247508,4.0386974,0.064873331,-0.025310305,-0.031732235,-0.031732235,INFEASIBLE,0,7254.9749,1230.9117,0.032106838,0.29299723,15,1.5,0.02,0.04,-0.05,40,40,40,40,40,10,0
5.595,53.227255,-4.0581876,-0.064762597,0.020592508,-53.227255,4.0581876,0.064762597,-0.020592508,-0.038332594,-0.038332594,INFEASIBLE,0,7269.1406,1230.994,0.032127809,0.29299935,15,1.5,0.02,0.04,-0.05,40,40,40,40,40,10,0
5.6,53.206871,-4.090876,-0.064657427,0.022092572,-53.206871,4.090876,0.064657427,-0.022092572,-0.036220165,-0.036220165,INFEASIBLE,0,7283.2955,1231.0777,0.032148712,0.29300179,15,1.5,0.02,0.04,-0.05,40,40,40,40,40,10,0
5.605,53.186302,-4.1218498,-0.064541031,0.021049665,-53.186302,4.1218498,0.064541031,-0.021049665,-0.037688922,-0.037688922,INFEASIBLE,0,7297.4394,1231.1626,0.03216954,0.29300401,15,1.5,0.02,0.04,-0.05,40,40,40,40,40,10,0
5.61,53.165603,-4.1505693,-0.064431779,0.021419405,-53.165603,4.1505693,0.064431779,-0.021419405,-0.037058286,-0.037058286,INFEASIBLE,0,7311.5723,1231.2488,0.032190297,0.2930063,15,1.5,0.02,0.04,-0.05,40,40,40,40,40,10,0
5.615,53.144746,-4.1847892,-0.064317213,0.023201513,-53.144746,4.1847892,0.064317213,-0.023201513,-0.034452572,-0.034452572,INFEASIBLE,0,7325.6941,1231.3363,0.03221098,0.29300899,15,1.5,0.02,0.04,-0.05,40,40,40,40,40,10,0
5.62,53.123743,-4.2098983,-0.064204806,0.021597587,-53.123743,4.2098983,0.064204806,-0.021597587,-0.036596785,-0.036596785,INFEASIBLE,0,7339.8048,1231.425,0.032231592,0.29301132,15,1.5,0.02,0.04,-0.05,40,40,40,40,40,10,0
5.625,53.102581,-4.2460864,-0.064089296,0.023469157,-53.102581,4.2460864,0.064089296,-0.023469157,-0.033927543,-0.033927543,INFEASIBLE,0,7353.9042,1231.5151,0.032252129,0.29301408,15,1.5,0.02,0.04,-0.05,40,40,40,40,40,10,0
5.63,53.081236,-4.2803149,-0.063965332,0.023723392,-53.081236,4.2803149,0.063965332,-0.023723392,-0.033482756,-0.033482756,INFEASIBLE,0,7367.9923,1231.6067,0.032272587,0.29301689,15,1.5,0.02,0.04,-0.05,40,40,40,40,40,10,0
5.635,53.059799,-4.2937126,-0.063865396,0.018910783,-53.059799,4.2937126,0.063865396,-0.018910783,-0.040167284,-0.040167284,INFEASIBLE,0,7382.069,1231.6989,0.032292981,0.29301868,15,1.5,0.02,0.04,-0.05,40,40,40,40,40,10,0
5.64,53.038209,-4.3364128,-0.063755909,0.024313136,-53.038209,4.3364128,0.063755909,-0.024313136,-0.03256126,-0.03256126,INFEASIBLE,0,7396.1343,1231.7929,0.032313305,0.29302164,15,1.5,0.02,0.04,-0.05,40,40,40,40,40,10,0
5.645,53.016441,-4.3554561,-0.063641095,0.01844753,-53.016441,4.3554561,0.063641095,-0.01844753,-0.040834545,-0.040834545,INFEASIBLE,0,7410.188,1231.8878,0.032333556,0.29302334,15,1.5,0.02,0.04,-0.05,40,40,40,40,40,10,0
5.65,52.994575,-4.3883885,-0.06353937,0.022275953,-52.994575,4.3883885,0.06353937,-0.022275953,-0.035320667,-0.035320667,INFEASIBLE,0,7424.2301,1231.984,0.032353742,0.29302582,15,1.5,0.02,0.04,-0.05,40,40,40,40,40,10,0
5.655,52.9725,-4.4354851,-0.063413191,0.027917833,-52.9725,4.4354851,0.063413191,-0.027917833,-0.027290531,-0.027290531,INFEASIBLE,0,7438.2605,1232.0824,0.032373848,0.29302972,15,1.5,0.02,0.04,-0.05,40,40,40,40,40,10,0
5.66,52.950347,-4.43272,-0.063320022,0.015888271,-52.950347,4.43272,0.063320022,-0.015888271,-0.044269779,-0.044269779,INFEASIBLE,0,7452.2792,1232.1807,0.032393895,0.29303098,15,1.5,0.02,0.04,-0.05,40,40,40,40,40,10,0
5.665,52.928042,-4.482746,-0.063216274,0.024538041,-52.928042,4.482746,0.063216274,-0.024538041,-0.03218604,-0.03218604,INFEASIBLE,0,7466.2861,1232.2811,0.032413877,0.29303399,15,1.5,0.02,0.04,-0.05,40,40,40,40,40,10,0
5.67,52.905581,-4.4929911,-0.063113682,0.016698089,-52.905581,4.4929911,0.063113682,-0.016698089,-0.043266126,-0.043266126,INFEASIBLE,0,7480.2811,1232.3821,0.032433793,0.29303538,15,1.5,0.02,0.04,-0.05,40,40,40,40,40,10,0
5.675,52.883003,-4.533683,-0.063012884,0.0231017,-52.883003,4.533683,0.063012884,-0.0231017,-0.034227963,-0.034227963,INFEASIBLE,0,7494.2642,1232.4848,0.032453647,0.29303805,15,1.5,0.02,0.04,-0.05,40,40,40,40,40,10,0
5.68,52.860207,-4.5713306,-0.062886147,0.024636418,-52.860207,4.5713306,0.062886147,-0.024636418,-0.031986664,-0.031986664,INFEASIBLE,0,7508.2352,1232.5893,0.03247342,0.29304109,15,1.5,0.02,0.04,-0.05,40,40,40,40,40,10,0
5.685,52.837342,-4.5811896,-0.062791428,0.018607413,-52.837342,4.5811896,0.062791428,-0.018607413,-0.040461046,-0.040461046,INFEASIBLE,0,7522.1941,1232.6943,0.032493134,0.29304282,15,1.5,0.02,0.04,-0.05,40,40,40,40,40,10,0
5.69,52.814294,-4.6317602,-0.062676301,0.026598004,-52.814294,4.6317602,0.062676301,-0.026598004,-0.029232042,-0.029232042,INFEASIBLE,0,7536.1409,1232.8015,0.032512775,0.29304635,15,1.5,0.02,0.04,-0.05,40,40,40,40,40,10,0
5.695,52.791134,-4.6345333,-0.062579622,0.016577993,-52.791134,4.6345333,0.062579622,-0.016577993,-0.043386004,-0.043386004,INFEASIBLE,0,7550.0754,1232.9089,0.032532356,0.29304773,15,1.5,0.02,0.04,-0.05,40,40,40,40,40,10,0
5.7,52.767825,-4.6830797,-0.062473775,0.025025613,-52.767825,4.6830797,0.062473775,-0.025025613,-0.031534894,-0.031534894,INFEASIBLE,0,7563.9976,1233.0186,0.032551871,0.29305086,15,1.5,0.02,0.04,-0.05,40,40,40,40,40,10,0
5.705,52.744334,-4.6984213,-0.062359513,0.0183644,-52.744334,4.6984213,0.062359513,-0.0183644,-0.040896275,-0.040896275,INFEASIBLE,0,7577.9074,1233.129,0.032571315,0.29305255,15,1.5,0.02,0.04,-0.05,40,40,40,40,40,10,0
5.71,52.720737,-4.7361554,-0.062253316,0.023716263,-52.720737,4.7361554,0.062253316,-0.023716263,-0.033256823,-0.033256823,INFEASIBLE,0,7591.8048,1233.2411,0.032590692,0.29305536,15,1.5,0.02,0.04,-0.05,40,40,40,40,40,10,0
5.715,52.696945,-4.7689434,-0.062128465,0.024344922,-52.696945,4.7689434,0.062128465,-0.024344922,-0.032228412,-0.032228412,INFEASIBLE,0,7605.6896,1233.3548,0.032609992,0.29305832,15,1.5,0.02,0.04,-0.05,40,40,40,40,40,10,0
5.72,52.673085,-4.782013,-0.062032222,0.019344111,-52.673085,4.782013,0.062032222,-0.019344111,-0.03928599,-0.03928599,INFEASIBLE,0,7619.5619,1233.4692,0.032629232,0.29306019,15,1.5,0.02,0.04,-0.05,40,40,40,40,40,10,0
5.725,52.649025,-4.8348552,-0.061912452,0.027799683,-52.649025,4.8348552,0.061912452,-0.027799683,-0.027400962,-0.027400962,INFEASIBLE,0,7633.4215,1233.586,0.032648398,0.29306406,15,1.5,0.02,0.04,-0.05,40,40,40,40,40,10,0
5.73,52.624871,-4.8342656,-0.06181709,0.016794441,-52.624871,4.8342656,0.06181709,-0.016794441,-0.042937898,-0.042937898,INFEASIBLE,0,7647.2684,1233.7029,0.032667504,0.29306547,15,1.5,0.02,0.04,-0.05,40,40,40,40,40,10,0
5.735,52.600551,-4.8870521,-0.061706601,0.026381795,-52.600551,4.8870521,0.061706601,-0.026381795,-0.029497384,-0.029497384,INFEASIBLE,0,7661.1025,1233.8223,0.032686543,0.29306895,15,1.5,0.02,0.04,-0.05,40,40,40,40,40,10,0
5.74,52.576116,-4.8894848,-0.061610591,0.016630448,-52.576116,4.8894848,0.061610591,-0.016630448,-0.043270273,-0.043270273,INFEASIBLE,0,7674.9237,1233.9418,0.032705522,0.29307033,15,1.5,0.02,0.04,-0.05,40,40,40,40,40,10,0
5.745,52.55153,-4.9385918,-0.061502789,0.025439714,-52.55153,4.9385918,0.061502789,-0.025439714,-0.030895337,-0.030895337,INFEASIBLE,0,7688.732,1234.0638,0.032724435,0.29307357,15,1.5,0.02,0.04,-0.05,40,40,40,40,40,10,0
5.75,52.526794,-4.9477586,-0.061396072,0.017559925,-52.526794,4.9477586,0.061396072,-0.017559925,-0.041975654,-0.041975654,INFEASIBLE,0,7702.5274,1234.1862,0.032743283,0.29307511,15,1.5,0.02,0.04,-0.05,40,40,40,40,40,10,0
5.755,52.501935,-4.9912176,-0.061288103,0.024985336,-52.501935,4.9912176,0.061288103,-0.024985336,-0.031453553,-0.031453553,INFEASIBLE,0,7716.3096,1234.3108,0.032762064,0.29307823,15,1.5,0.02,0.04,-0.05,40,40,40,40,40,10,0
5.76,52.476895,-5.0091215,-0.061169663,0.019130488,-52.476895,5.0091215,0.061169663,-0.019130488,-0.03967618,-0.03967618,INFEASIBLE,0,7730.0787,1234.4362,0.032780772,0.29308006,15,1.5,0.02,0.04,-0.05,40,40,40,40,40,10,0
5.765,52.451751,-5.045391,-0.061059833,0.024659536,-52.451751,5.045391,0.061059833,-0.024659536,-0.031688809,-0.031688809,INFEASIBLE,0,7743.8347,1234.5635,0.032799414,0.2930831,15,1.5,0.02,0.04,-0.05,40,40,40,40,40,10,0
5.77,52.426427,-5.0656247,-0.060937142,0.019314019,-52.426427,5.0656247,0.060937142,-0.019314019,-0.039182553,-0.039182553,INFEASIBLE,0,7757.5773,1234.6918,0.032817981,0.29308496,15,1.5,0.02,0.04,-0.05,40,40,40,40,40,10,0
5.775,52.401011,-5.0982466,-0.060828681,0.023854505,-52.401011,5.0982466,0.060828681,-0.023854505,-0.0325581,-0.0325581,INFEASIBLE,0,7771.3067,1234.8218,0.032836481,0.29308781,15,1.5,0.02,0.04,-0.05,40,40,40,40,40,10,0
5.78,52.375398,-5.133923,-0.060697733,0.025274865,-52.375398,5.133923,0.060697733,-0.025274865,-0.030402646,-0.030402646,INFEASIBLE,0,7785.0226,1234.9535,0.032854902,0.293091,15,1.5,0.02,0.04,-0.05,40,40,40,40,40,10,0
5.785,52.349721,-5.1443633,-0.060599214,0.019660484,-52.349721,5.1443633,0.060599214,-0.019660484,-0.038277599,-0.038277599,INFEASIBLE,0,7798.725,1235.0859,0.032873264,0.29309294,15,1.5,0.02,0.04,-0.05,40,40,40,40,40,10,0
5.79,52.323879,-5.1800073,-0.060487952,0.021791603,-52.323879,5.1800073,0.060487952,-0.021791603,-0.035354602,-0.035354602,INFEASIBLE,0,7812.414,1235.22,0.032891558,0.29309531,15,1.5,0.02,0.04,-0.05,40,40,40,40,40,10,0
5.795,52.297954,-5.1962469,-0.060393821,0.019953488,-52.297954,5.1962469,0.060393821,-0.019953488,-0.037867887,-0.037867887,INFEASIBLE,0,7826.0894,1235.355,0.032909795,0.2930973,15,1.5,0.02,0.04,-0.05,40,40,40,40,40,10,0
5.8,52.271838,-5.2361343,-0.060275177,0.023478616,-52.271838,5.2361343,0.060275177,-0.023478616,-0.032918346,-0.032918346,INFEASIBLE,0,7839.7511,1235.4921,0.03292796,0.29310006,15,1.5,0.02,0.04,-0.05,40,40,40,40,40,10,0
5.805,52.245651,-5.2462712,-0.060182133,0.018919408,-52.245651,5.2462712,0.060182133,-0.018919408,-0.039290712,-0.039290712,INFEASIBLE,0,7853.3991,1235.6297,0.03294607,0.29310185,15,1.5,0.02,0.04,-0.05,40,40,40,40,40,10,0
5.81,52.219286,-5.2851642,-0.060067042,0.023058161,-52.219286,5.2851642,0.060067042,-0.023058161,-0.033439228,-0.033439228,INFEASIBLE,0,7867.0334,1235.7694,0.03296411,0.29310451,15,1.5,0.02,0.04,-0.05,40,40,40,40,40,10,0
5.815,52.192817,-5.3016004,-0.059966533,0.01978749,-52.192817,5.3016004,0.059966533,-0.01978749,-0.038024444,-0.038024444,INFEASIBLE,0,7880.6538,1235.9099,0.03298209,0.29310646,15,1.5,0.02,0.04,-0.05,40,40,40,40,40,10,0
5.82,52.166168,-5.3518058,-0.059844739,0.028137263,-52.166168,5.3518058,0.059844739,-0.028137263,-0.026214066,-0.026214066,INFEASIBLE,0,7894.2604,1236.0531,0.032999997,0.29311042,15,1.5,0.02,0.04,-0.05,40,40,40,40,40,10,0
5.825,52.139404,-5.3562876,-0.059739455,0.018637219,-52.139404,5.3562876,0.059739455,-0.018637219,-0.039599425,-0.039599425,INFEASIBLE,0,7907.853,1236.1966,0.033017841,0.29311216,15,1.5,0.02,0.04,-0.05,40,40,40,40,40,10,0
5.83,52.112488,-5.3959671,-0.05962494,0.023069901,-52.112488,5.3959671,0.05962494,-0.023069901,-0.033358176,-0.033358176,INFEASIBLE,0,7921.4315,1236.3422,0.033035616,0.29311482,15,1.5,0.02,0.04,-0.05,40,40,40,40,40,10,0
5.835,52.085468,-5.4118175,-0.059524167,0.020164115,-52.085468,5.4118175,0.059524167,-0.020164115,-0.037379689,-0.037379689,INFEASIBLE,0,7934.996,1236.4886,0.033053332,0.29311685,15,1.5,0.02,0.04,-0.05,40,40,40,40,40,10,0
5.84,52.058281,-5.4490939,-0.059406358,0.023021903,-52.058281,5.4490939,0.059406358,-0.023021903,-0.033360643,-0.033360643,INFEASIBLE,0,7948.5463,1236.6371,0.033070978,0.2931195,15,1.5,0.02,0.04,-0.05,40,40,40,40,40,10,0
5.845,52.030996,-5.4652806,-0.059303572,0.020567233,-52.030996,5.4652806,0.059303572,-0.020567233,-0.036694044,-0.036694044,INFEASIBLE,0,7962.0825,1236.7864,0.033088562,0.29312162,15,1.5,0.02,0.04,-0.05,40,40,40,40,40,10,0
5.85,52.003529,-5.5153386,-0.059178144,0.028765147,-52.003529,5.5153386,0.059178144,-0.028765147,-0.025067408,-0.025067408,INFEASIBLE,0,7975.6043,1236.9385,0.033106072,0.29312575,15,1.5,0.02,0.04,-0.05,40,40,40,40,40,10,0
5.855,51.976008,-5.5090845,-0.05908833,0.016781025,-51.976008,5.5090845,0.05908833,-0.016781025,-0.041996633,-0.041996633,INFEASIBLE,0,7989.1118,1237.0903,0.03312353,0.29312716,15,1.5,0.02,0.04,-0.05,40,40,40,40,40,10,0
5.86,51.948312,-5.5545123,-0.058977044,0.023389774,-51.948312,5.5545123,0.058977044,-0.023389774,-0.032785255,-0.032785255,INFEASIBLE,0,8002.605,1237.2445,0.033140921,0.2931299,15,1.5,0.02,0.04,-0.05,40,40,40,40,40,10,0
5.865,51.920529,-5.5664559,-0.058884186,0.019390264,-51.920529,5.5664559,0.058884186,-0.019390264,-0.038425063,-0.038425063,INFEASIBLE,0,8016.0837,1237.3995,0.033158258,0.29313178,15,1.5,0.02,0.04,-0.05,40,40,40,40,40,10,0
5.87,51.892574,-5.6032601,-0.058772089,0.022138445,-51.892574,5.6032601,0.058772089,-0.022138445,-0.034652598,-0.034652598,INFEASIBLE,0,8029.5479,1237.5564,0.033175529,0.29313423,15,1.5,0.02,0.04,-0.05,40,40,40,40,40,10,0
5.875,51.864531,-5.6210645,-0.058673727,0.021293967,-51.864531,5.6210645,0.058673727,-0.021293967,-0.035716921,-0.035716921,INFEASIBLE,0,8042.9975,1237.7144,0.033192742,0.2931365,15,1.5,0.02,0.04,-0.05,40,40,40,40,40,10,0
5.88,51.836308,-5.6557102,-0.058556129,0.022828364,-51.836308,5.6557102,0.058556129,-0.022828364,-0.033601628,-0.033601628,INFEASIBLE,0,8056.4325,1237.8744,0.033209886,0.2931391,15,1.5,0.02,0.04,-0.05,40,40,40,40,40,10,0
5.885,51.807994,-5.6755342,-0.05845382,0.022117851,-51.807994,5.6755342,0.05845382,-0.022117851,-0.034492011,-0.034492011,INFEASIBLE,0,8069.8529,1238.0354,0.03322697,0.29314155,15,1.5,0.02,0.04,-0.05,40,40,40,40,40,10,0
5.89,51.779504,-5.70031,-0.058335182,0.019268983,-51.779504,5.70031,0.058335182,-0.019268983,-0.038546564,-0.038546564,INFEASIBLE,0,8083.2584,1238.1979,0.033243985,0.2931434,15,1.5,0.02,0.04,-0.05,40,40,40,40,40,10,0
5.895,51.750904,-5.7372565,-0.05822166,0.025790376,-51.750904,5.7372565,0.05822166,-0.025790376,-0.029111514,-0.029111514,INFEASIBLE,0,8096.6492,1238.3625,0.033260934,0.29314673,15,1.5,0.02,0.04,-0.05,40,40,40,40,40,10,0
5.9,51.722143,-5.7526987,-0.058099774,0.019572591,-51.722143,5.7526987,0.058099774,-0.019572591,-0.037802822,-0.037802822,INFEASIBLE,0,8110.0251,1238.5279,0.033277812,0.29314865,15,1.5,0.02,0.04,-0.05,40,40,40,40,40,10,0
5.905,51.693273,-5.7921652,-0.057983205,0.026695509,-51.693273,5.7921652,0.057983205,-0.026695509,-0.027525965,-0.027525965,INFEASIBLE,0,8123.3861,1238.6957,0.033294622,0.29315221,15,1.5,0.02,0.04,-0.05,40,40,40,40,40,10,0
5.91,51.664269,-5.7995094,-0.057870352,0.018340616,-51.664269,5.7995094,0.057870352,-0.018340616,-0.039239337,-0.039239337,INFEASIBLE,0,8136.7321,1238.8639,0.033311367,0.29315389,15,1.5,0.02,0.04,-0.05,40,40,40,40,40,10,0
5.915,51.635147,-5.8449096,-0.057755064,0.026967936,-51.635147,5.8449096,0.057755064,-0.026967936,-0.02696751,-0.02696751,INFEASIBLE,0,8150.063,1239.0347,0.033328045,0.29315753,15,1.5,0.02,0.04,-0.05,40,40,40,40,40,10,0
5.92,51.605903,-5.8485792,-0.057648668,0.017792522,-51.605903,5.8485792,0.057648668,-0.017792522,-0.039866332,-0.039866332,INFEASIBLE,0,8163.3789,1239.2057,0.033344662,0.29315911,15,1.5,0.02,0.04,-0.05,40,40,40,40,40,10,0
5.925,51.576533,-5.8861555,-0.057536791,0.022886743,-51.576533,5.8861555,0.057536791,-0.022886743,-0.032637325,-0.032637325,INFEASIBLE,0,8176.6796,1239.3789,0.033361214,0.29316173,15,1.5,0.02,0.04,-0.05,40,40,40,40,40,10,0
5.93,51.547063,-5.901824,-0.057436701,0.020314671,-51.547063,5.901824,0.057436701,-0.020314671,-0.036210212,-0.036210212,INFEASIBLE,0,8189.9651,1239.5531,0.033377709,0.29316379,15,1.5,0.02,0.04,-0.05,40,40,40,40,40,10,0
5.935,51.517424,-5.939963,-0.057316367,0.023687951,-51.517424,5.939963,0.057316367,-0.023687951,-0.03146362,-0.03146362,INFEASIBLE,0,8203.2353,1239.7295,0.033394135,0.2931666,15,1.5,0.02,0.04,-0.05,40,40,40,40,40,10,0
5.94,51.487708,-5.9538166,-0.057216928,0.020928036,-51.487708,5.9538166,0.057216928,-0.020928036,-0.03526037,-0.03526037,INFEASIBLE,0,8216.4902,1239.9067,0.033410504,0.29316879,15,1.5,0.02,0.04,-0.05,40,40,40,40,40,10,0
5.945,51.457816,-5.9906009,-0.057097415,0.023493414,-51.457816,5.9906009,0.057097415,-0.023493414,-0.031688818,-0.031688818,INFEASIBLE,0,8229.7297,1240.0862,0.033426804,0.29317155,15,1.5,0.02,0.04,-0.05,40,40,40,40,40,10,0
5.95,51.427827,-6.0113984,-0.056991219,0.023014577,-51.427827,6.0113984,0.056991219,-0.023014577,-0.032245818,-0.032245818,INFEASIBLE,0,8242.9538,1240.2669,0.033443044,0.2931742,15,1.5,0.02,0.04,-0.05,40,40,40,40,40,10,0
5.955,51.397727,-6.0210697,-0.056892086,0.017051448,-51.397727,6.0210697,0.056892086,-0.017051448,-0.04069235,-0.04069235,INFEASIBLE,0,8256.1625,1240.4481,0.033459228,0.29317565,15,1.5,0.02,0.04,-0.05,40,40,40,40,40,10,0
5.96,51.367492,-6.06834,-0.056780401,0.026712273,-51.367492,6.06834,0.056780401,-0.026712273,-0.027021362,-0.027021362,INFEASIBLE,0,8269.3556,1240.6323,0.033475348,0.29317922,15,1.5,0.02,0.04,-0.05,40,40,40,40,40,10,0
5.965,51.337127,-6.0739168,-0.056674158,0.018256189,-51.337127,6.0739168,0.056674158,-0.018256189,-0.038942223,-0.038942223,INFEASIBLE,0,8282.5331,1240.8167,0.033491408,0.29318088,15,1.5,0.02,0.04,-0.05,40,40,40,40,40,10,0
5.97,51.30663,-6.110673,-0.056559911,0.023101313,-51.30663,6.110673,0.056559911,-0.023101313,-0.032041005,-0.032041005,INFEASIBLE,0,8295.6949,1241.0034,0.033507403,0.29318355,15,1.5,0.02,0.04,-0.05,40,40,40,40,40,10,0
5.975,51.276072,-6.121466,-0.05646764,0.019564038,-51.276072,6.121466,0.05646764,-0.019564038,-0.037005747,-0.037005747,INFEASIBLE,0,8308.8411,1241.1908,0.033523346,0.29318547,15,1.5,0.02,0.04,-0.05,40,40,40,40,40,10,0
5.98,51.245325,-6.1629183,-0.056345807,0.024764622,-51.245325,6.1629183,0.056345807,-0.024764622,-0.029650411,-0.029650411,INFEASIBLE,0,8321.9715,1241.3807,0.03353922,0.29318853,15,1.5,0.02,0.04,-0.05,40,40,40,40,40,10,0
5.985,51.214492,-6.177987,-0.056244344,0.021509304,-51.214492,6.177987,0.056244344,-0.021509304,-0.034230855,-0.034230855,INFEASIBLE,0,8335.0861,1241.5715,0.033555037,0.29319085,15,1.5,0.02,0.04,-0.05,40,40,40,40,40,10,0
5.99,51.183524,-6.1949468,-0.056139468,0.017792408,-51.183524,6.1949468,0.056139468,-0.017792408,-0.0395308,-0.0395308,INFEASIBLE,0,8348.1849,1241.7634,0.033570796,0.29319243,15,1.5,0.02,0.04,-0.05,40,40,40,40,40,10,0
5.995,51.152425,-6.2401523,-0.056024358,0.027172762,-51.152425,6.2401523,0.056024358,-0.027172762,-0.026163813,-0.026163813,INFEASIBLE,0,8361.2678,1241.9581,0.033586489,0.29319612,15,1.5,0.02,0.04,-0.05,40,40,40,40,40,10,0
6,51.121208,-6.243482,-0.055916696,0.018320726,-51.121208,6.243482,0.055916696,-0.018320726,-0.038584455,-0.038584455,INFEASIBLE,0,8374.3347,1242.153,0.033602123,0.2931978,15,1.5,0.02,0.04,-0.05,40,40,40,40,40,10,0
6.005,51.089859,-6.2825687,-0.055801517,0.023334677,-51.089859,6.2825687,0.055801517,-0.023334677,-0.031526306,-0.031526306,INFEASIBLE,0,8387.3855,1242.3504,0.033617692,0.29320052,15,1.5,0.02,0.04,-0.05,40,40,40,40,40,10,0
6.01,51.058433,-6.2958657,-0.055702751,0.021191724,-51.058433,6.2958657,0.055702751,-0.021191724,-0.034419647,-0.034419647,INFEASIBLE,0,8400.4203,1242.5486,0.033633206,0.29320277,15,1.5,0.02,0.04,-0.05,40,40,40,40,40,10,0
6.015,51.026846,-6.3193296,-0.055586994,0.018661244,-51.026846,6.3193296,0.055586994,-0.018661244,-0.03804929,-0.03804929,INFEASIBLE,0,8413.439,1242.7482,0.033648655,0.29320451,15,1.5,0.02,0.04,-0.05,40,40,40,40,40,10,0
6.02,50.995145,-6.3584211,-0.0554717,0.026728815,-50.995145,6.3584211,0.0554717,-0.026728815,-0.026416219,-0.026416219,INFEASIBLE,0,8426.4416,1242.9504,0.033664041,0.29320808,15,1.5,0.02,0.04,-0.05,40,40,40,40,40,10,0
6.025,50.963348,-6.3585333,-0.055368166,0.01734984,-50.963348,6.3585333,0.055368166,-0.01734984,-0.03957211,-0.03957211,INFEASIBLE,0,8439.4279,1243.1525,0.033679369,0.29320958,15,1.5,0.02,0.04,-0.05,40,40,40,40,40,10,0
6.03,50.931432,-6.3937961,-0.055257888,0.022332491,-50.931432,6.3937961,0.055257888,-0.022332491,-0.032492788,-0.032492788,INFEASIBLE,0,8452.3979,1243.3569,0.033694636,0.29321208,15,1.5,0.02,0.04,-0.05,40,40,40,40,40,10,0
6.035,50.89942,-6.4113435,-0.055157472,0.020857766,-50.89942,6.4113435,0.055157472,-0.020857766,-0.034540784,-0.034540784,INFEASIBLE,0,8465.3517,1243.5625,0.033709848,0.29321425,15,1.5,0.02,0.04,-0.05,40,40,40,40,40,10,0
6.04,50.867226,-6.4518044,-0.055030738,0.025542689,-50.867226,6.4518044,0.055030738,-0.025542689,-0.027874693,-0.027874693,INFEASIBLE,0,8478.2891,1243.7706,0.03372499,0.29321752,15,1.5,0.02,0.04,-0.05,40,40,40,40,40,10,0
6.045,50.834944,-6.4682363,-0.054923371,0.022788491,-50.834944,6.4682363,0.054923371,-0.022788491,-0.031698386,-0.031698386,INFEASIBLE,0,8491.21,1243.9798,0.033740073,0.29322011,15,1.5,0.02,0.04,-0.05,40,40,40,40,40,10,0
6.05,50.802575,-6.4761759,-0.054828938,0.016995287,-50.802575,6.4761759,0.054828938,-0.016995287,-0.039936676,-0.039936676,INFEASIBLE,0,8504.1145,1244.1895,0.033755104,0.29322156,15,1.5,0.02,0.04,-0.05,40,40,40,40,40,10,0
6.055,50.770054,-6.5272146,-0.054712888,0.028250557,-50.770054,6.5272146,0.054712888,-0.028250557,-0.024004989,-0.024004989,INFEASIBLE,0,8517.0025,1244.4025,0.033770071,0.29322555,15,1.5,0.02,0.04,-0.05,40,40,40,40,40,10,0
6.06,50.737461,-6.5228058,-0.054618638,0.017459906,-50.737461,6.5228058,0.054618638,-0.017459906,-0.039252729,-0.039252729,INFEASIBLE,0,8529.874,1244.6152,0.033784987,0.29322707,15,1.5,0.02,0.04,-0.05,40,40,40,40,40,10,0
6.065,50.704719,-6.553032,-0.054512406,0.018299452,-50.704719,6.553032,0.054512406,-0.018299452,-0.038263822,-0.038263822,INFEASIBLE,0,8542.7288,1244.83,0.033799845,0.29322875,15,1.5,0.02,0.04,-0.05,40,40,40,40,40,10,0
6.07,50.671848,-6.5926625,-0.054397699,0.02690616,-50.671848,6.5926625,0.054397699,-0.02690616,-0.025875791,-0.025875791,INFEASIBLE,0,8555.567,1245.0473,0.033814641,0.29323237,15,1.5,0.02,0.04,-0.05,40,40,40,40,40,10,0
6.075,50.638879,-6.5933511,-0.054291816,0.017943832,-50.638879,6.5933511,0.054291816,-0.017943832,-0.038417964,-0.038417964,INFEASIBLE,0,8568.3885,1245.2646,0.033829379,0.29323398,15,1.5,0.02,0.04,-0.05,40,40,40,40,40,10,0
6.08,50.605784,-6.630855,-0.054177164,0.023519685,-50.605784,6.630855,0.054177164,-0.023519685,-0.030496456,-0.030496456,INFEASIBLE,0,8581.1932,1245.4845,0.033844054,0.29323674,15,1.5,0.02,0.04,-0.05,40,40,40,40,40,10,0
6.085,50.57258,-6.6505647,-0.054069486,0.022544131,-50.57258,6.6505647,0.054069486,-0.022544131,-0.031797091,-0.031797091,INFEASIBLE,0,8593.9811,1245.7056,0.033858672,0.29323928,15,1.5,0.02,0.04,-0.05,40,40,40,40,40,10,0
6.09,50.539259,-6.6645685,-0.053962395,0.018013551,-50.539259,6.6645685,0.053962395,-0.018013551,-0.038213156,-0.038213156,INFEASIBLE,0,8606.7522,1245.9277,0.033873232,0.2932409,15,1.5,0.02,0.04,-0.05,40,40,40,40,40,10,0
6.095,50.505813,-6.70951,-0.05384541,0.027736971,-50.505813,6.70951,0.05384541,-0.027736971,-0.024339819,-0.024339819,INFEASIBLE,0,8619.5064,1246.1528,0.033887728,0.29324475,15,1.5,0.02,0.04,-0.05,40,40,40,40,40,10,0
6.1,50.472318,-6.7024163,-0.053754878,0.016884089,-50.472318,6.7024163,0.053754878,-0.016884089,-0.039647325,-0.039647325,INFEASIBLE,0,8632.2437,1246.3774,0.033902176,0.29324618,15,1.5,0.02,0.04,-0.05,40,40,40,40,40,10,0
6.105,50.438685,-6.7291294,-0.05365194,0.017000562,-50.438685,6.7291294,0.05365194,-0.017000562,-0.03966973,-0.03966973,INFEASIBLE,0,8644.964,1246.6038,0.033916569,0.29324762,15,1.5,0.02,0.04,-0.05,40,40,40,40,40,10,0
6.11,50.40493,-6.7697154,-0.053540263,0.026559209,-50.40493,6.7697154,0.053540263,-0.026559209,-0.025955135,-0.025955135,INFEASIBLE,0,8657.6673,1246.833,0.033930902,0.29325115,15,1.5,0.02,0.04,-0.05,40,40,40,40,40,10,0
6.115,50.371025,-6.7800195,-0.053419452,0.019709343,-50.371025,6.7800195,0.053419452,-0.019709343,-0.03550806,-0.03550806,INFEASIBLE,0,8670.3535,1247.0628,0.03394517,0.29325309,15,1.5,0.02,0.04,-0.05,40,40,40,40,40,10,0
6.12,50.337008,-6.813922,-0.053299476,0.024100506,-50.337008,6.813922,0.053299476,-0.024100506,-0.0291581,-0.0291581,INFEASIBLE,0,8683.0225,1247.2949,0.033959374,0.293256,15,1.5,0.02,0.04,-0.05,40,40,40,40,40,10,0
6.125,50.302934,-6.8251884,-0.053200789,0.021249918,-50.302934,6.8251884,0.053200789,-0.021249918,-0.033085805,-0.033085805,INFEASIBLE,0,8695.6745,1247.5279,0.033973526,0.29325825,15,1.5,0.02,0.04,-0.05,40,40,40,40,40,10,0
6.13,50.268738,-6.839802,-0.053097087,0.017524141,-50.268738,6.839802,0.053097087,-0.017524141,-0.038387419,-0.038387419,INFEASIBLE,0,8708.3092,1247.7618,0.033987622,0.29325979,15,1.5,0.02,0.04,-0.05,40,40,40,40,40,10,0
6.135,50.234408,-6.8874203,-0.052979451,0.028292906,-50.234408,6.8874203,0.052979451,-0.028292906,-0.023061056,-0.023061056,INFEASIBLE,0,8720.9267,1247.999,0.034001656,0.29326379,15,1.5,0.02,0.04,-0.05,40,40,40,40,40,10,0
6.14,50.200015,-6.8829284,-0.052883603,0.018063527,-50.200015,6.8829284,0.052883603,-0.018063527,-0.037475591,-0.037475591,INFEASIBLE,0,8733.5269,1248.2358,0.03401564,0.29326542,15,1.5,0.02,0.04,-0.05,40,40,40,40,40,10,0
6.145,50.165473,-6.9129399,-0.052774769,0.018649681,-50.165473,6.9129399,0.052774769,-0.018649681,-0.036855145,-0.036855145,INFEASIBLE,0,8746.1097,1248.4748,0.034029566,0.29326716,15,1.5,0.02,0.04,-0.05,40,40,40,40,40,10,0
6.15,50.130795,-6.9551053,-0.052655505,0.028018806,-50.130795,6.9551053,0.052655505,-0.028018806,-0.023392673,-0.023392673,INFEASIBLE,0,8758.6752,1248.7166,0.034043429,0.29327109,15,1.5,0.02,0.04,-0.05,40,40,40,40,40,10,0
6.155,50.096072,-6.9477432,-0.052562768,0.017486033,-50.096072,6.9477432,0.052562768,-0.017486033,-0.03820076,-0.03820076,INFEASIBLE,0,8771.2233,1248.958,0.034057243,0.29327262,15,1.5,0.02,0.04,-0.05,40,40,40,40,40,10,0
6.16,50.061197,-6.9798944,-0.052450175,0.018849657,-50.061197,6.9798944,0.052450175,-0.018849657,-0.036449985,-0.036449985,INFEASIBLE,0,8783.7539,1249.2016,0.034070998,0.29327439,15,1.5,0.02,0.04,-0.05,40,40,40,40,40,10,0
6.165,50.026196,-7.0182149,-0.052332536,0.027603842,-50.026196,7.0182149,0.052332536,-0.027603842,-0.023786961,-0.023786961,INFEASIBLE,0,8796.267,1249.4479,0.034084691,0.2932782,15,1.5,0.02,0.04,-0.05,40,40,40,40,40,10,0
6.17,49.991099,-7.0187099,-0.052223794,0.018679778,-49.991099,7.0187099,0.052223794,-0.018679778,-0.036263654,-0.036263654,INFEASIBLE,0,8808.7626,1249.6942,0.034098328,0.29327995,15,1.5,0.02,0.04,-0.05,40,40,40,40,40,10,0
6.175,49.955884,-7.0457122,-0.05211029,0.018544453,-49.955884,7.0457122,0.05211029,-0.018544453,-0.036548467,-0.036548467,INFEASIBLE,0,8821.2405,1249.9424,0.034111905,0.29328167,15,1.5,0.02,0.04,-0.05,40,40,40,40,40,10,0
6.18,49.920557,-7.0827416,-0.051993587,0.027179862,-49.920557,7.0827416,0.051993587,-0.027179862,-0.024032528,-0.024032528,INFEASIBLE,0,8833.7008,1250.1932,0.034125422,0.29328536,15,1.5,0.02,0.04,-0.05,40,40,40,40,40,10,0
6.185,49.885145,-7.0813313,-0.051887708,0.017889978,-49.885145,7.0813313,0.051887708,-0.017889978,-0.037031008,-0.037031008,INFEASIBLE,0,8846.1435,1250.4439,0.034138884,0.29328696,15,1.5,0.02,0.04,-0.05,40,40,40,40,40,10,0
6.19,49.849606,-7.1199021,-0.051770361,0.024433961,-49.849606,7.1199021,0.051770361,-0.024433961,-0.027708441,-0.027708441,INFEASIBLE,0,8858.5684,1250.6974,0.034152285,0.29328995,15,1.5,0.02,0.04,-0.05,40,40,40,40,40,10,0
6.195,49.81399,-7.1352255,-0.051668145,0.022256035,-49.81399,7.1352255,0.051668145,-0.022256035,-0.030767337,-0.030767337,INFEASIBLE,0,8870.9756,1250.952,0.034165633,0.29329242,15,1.5,0.02,0.04,-0.05,40,40,40,40,40,10,0
6.2,49.778284,-7.1443458,-0.051573891,0.017503555,-49.778284,7.1443458,0.051573891,-0.017503555,-0.037561194,-0.037561194,INFEASIBLE,0,8883.3649,1251.2072,0.034178932,0.29329395,15,1.5,0.02,0.04,-0.05,40,40,40,40,40,10,0
6.205,49.742427,-7.1841123,-0.05145763,0.02412013,-49.742427,7.1841123,0.05145763,-0.02412013,-0.028200206,-0.028200206,INFEASIBLE,0,8895.7365,1251.4652,0.034192171,0.29329686,15,1.5,0.02,0.04,-0.05,40,40,40,40,40,10,0
6.21,49.706492,-7.1993091,-0.051355324,0.022457608,-49.706492,7.1993091,0.051355324,-0.022457608,-0.030485978,-0.030485978,INFEASIBLE,0,8908.0902,1251.7244,0.034205358,0.29329938,15,1.5,0.02,0.04,-0.05,40,40,40,40,40,10,0
6.215,49.670415,-7.2177238,-0.051243287,0.019529586,-49.670415,7.2177238,0.051243287,-0.019529586,-0.034655581,-0.034655581,INFEASIBLE,0,8920.4259,1251.9849,0.034218488,0.29330129,15,1.5,0.02,0.04,-0.05,40,40,40,40,40,10,0
6.22,49.634233,-7.2359094,-0.051134109,0.017672597,-49.634233,7.2359094,0.051134109,-0.017672597,-0.037254446,-0.037254446,INFEASIBLE,0,8932.7437,1252.2467,0.034231561,0.29330285,15,1.5,0.02,0.04,-0.05,40,40,40,40,40,10,0
6.225,49.597953,-7.273958,-0.051019992,0.027092195,-49.597953,7.273958,0.051019992,-0.027092195,-0.023660844,-0.023660844,INFEASIBLE,0,8945.0435,1252.5112,0.034244576,0.29330652,15,1.5,0.02,0.04,-0.05,40,40,40,40,40,10,0
6.23,49.561556,-7.2797537,-0.050905458,0.019837065,-49.561556,7.2797537,0.050905458,-0.019837065,-0.033785304,-0.033785304,INFEASIBLE,0,8957.3252,1252.7762,0.034257533,0.29330849,15,1.5,0.02,0.04,-0.05,40,40,40,40,40,10,0
6.235,49.525041,-7.3047597,-0.05078796,0.018892028,-49.525041,7.3047597,0.05078796,-0.018892028,-0.035170912,-0.035170912,INFEASIBLE,0,8969.5889,1253.043,0.03427043,0.29331027,15,1.5,0.02,0.04,-0.05,40,40,40,40,40,10,0
6.24,49.488421,-7.3416906,-0.050669817,0.027685197,-49.488421,7.3416906,0.050669817,-0.027685197,-0.022418657,-0.022418657,INFEASIBLE,0,8981.8344,1253.3125,0.034283267,0.29331411,15,1.5,0.02,0.04,-0.05,40,40,40,40,40,10,0
6.245,49.451737,-7.3372681,-0.050568887,0.018142437,-49.451737,7.3372681,0.050568887,-0.018142437,-0.035775641,-0.035775641,INFEASIBLE,0,8994.0618,1253.5817,0.034296053,0.29331575,15,1.5,0.02,0.04,-0.05,40,40,40,40,40,10,0
6.25,49.414943,-7.3607429,-0.050462174,0.017509128,-49.414943,7.3607429,0.050462174,-0.017509128,-0.036799784,-0.036799784,INFEASIBLE,0,9006.271,1253.8526,0.034308786,0.29331729,15,1.5,0.02,0.04,-0.05,40,40,40,40,40,10,0
6.255,49.378028,-7.4025693,-0.050346553,0.027850576,-49.378028,7.4025693,0.050346553,-0.027850576,-0.021964655,-0.021964655,INFEASIBLE,0,9018.4619,1254.1265,0.034321459,0.29332116,15,1.5,0.02,0.04,-0.05,40,40,40,40,40,10,0
6.26,49.341032,-7.400609,-0.050243918,0.018570047,-49.341032,7.400609,0.050243918,-0.018570047,-0.035007418,-0.035007418,INFEASIBLE,0,9030.6346,1254.4004,0.034334082,0.29332289,15,1.5,0.02,0.04,-0.05,40,40,40,40,40,10,0
6.265,49.303899,-7.4410908,-0.050134679,0.017240722,-49.303899,7.4410908,0.050134679,-0.017240722,-0.037724744,-0.037724744,INFEASIBLE,0,9042.789,1254.6772,0.034346649,0.29332437,15,1.5,0.02,0.04,-0.05,40,40,40,40,40,10,0
6.27,49.266644,-7.4724694,-0.05001088,0.029832559,-49.266644,7.4724694,0.05001088,-0.029832559,-0.018980241,-0.018980241,INFEASIBLE,0,9054.925,1254.9564,0.034359155,0.29332882,15,1.5,0.02,0.04,-0.05,40,40,40,40,40,10,0
6.275,49.229345,-7.4627333,-0.04991158,0.018419348,-49.229345,7.4627333,0.04991158,-0.018419348,-0.034967105,-0.034967105,INFEASIBLE,0,9067.0426,1255.2349,0.03437161,0.29333052,15,1.5,0.02,0.04,-0.05,40,40,40,40,40,10,0
6.28,49.191943,-7.4845354,-0.049813281,0.017954809,-49.191943,7.4845354,0.049813281,-0.017954809,-0.035809573,-0.035809573,INFEASIBLE,0,9079.1418,1255.515,0.034384017,0.29333213,15,1.5,0.02,0.04,-0.05,40,40,40,40,40,10,0
6.285,49.154402,-7.5185603,-0.049697784,0.023483981,-49.154402,7.5185603,0.049697784,-0.023483981,-0.027895162,-0.027895162,INFEASIBLE,0,9091.2226,1255.7976,0.034396367,0.29333489,15,1.5,0.02,0.04,-0.05,40,40,40,40,40,10,0
6.29,49.116806,-7.5310784,-0.049598676,0.021999881,-49.116806,7.5310784,0.049598676,-0.021999881,-0.029887342,-0.029887342,INFEASIBLE,0,9103.2849,1256.0812,0.034408667,0.29333731,15,1.5,0.02,0.04,-0.05,40,40,40,40,40,10,0
6.295,49.079101,-7.5436973,-0.04949838,0.018409006,-49.079101,7.5436973,0.04949838,-0.018409006,-0.035028062,-0.035028062,INFEASIBLE,0,9115.3287,1256.3658,0.034420917,0.293339,15,1.5,0.02,0.04,-0.05,40,40,40,40,40,10,0
6.3,49.041284,-7.5638506,-0.049392559,0.017205671,-49.041284,7.5638506,0.049392559,-0.017205671,-0.036808221,-0.036808221,INFEASIBLE,0,9127.354,1256.6518,0.034433115,0.29334048,15,1.5,0.02,0.04,-0.05,40,40,40,40,40,10,0
6.305,49.003356,-7.6048546,-0.049277014,0.027889078,-49.003356,7.6048546,0.049277014,-0.027889078,-0.021448644,-0.021448644,INFEASIBLE,0,9139.3606,1256.941,0.034445256,0.29334437,15,1.5,0.02,0.04,-0.05,40,40,40,40,40,10,0
6.31,48.965352,-7.6018748,-0.04917414,0.018634143,-48.965352,7.6018748,0.04917414,-0.018634143,-0.034428831,-0.034428831,INFEASIBLE,0,9151.3486,1257.2299,0.034457347,0.29334611,15,1.5,0.02,0.04,-0.05,40,40,40,40,40,10,0
6.315,48.927229,-7.6273214,-0.049063974,0.018476375,-48.927229,7.6273214,0.049063974,-0.018476375,-0.034793312,-0.034793312,INFEASIBLE,0,9163.318,1257.5208,0.034469383,0.29334782,15,1.5,0.02,0.04,-0.05,40,40,40,40,40,10,0
6.32,48.888989,-7.6574079,-0.048948304,0.02305986,-48.888989,7.6574079,0.048948304,-0.02305986,-0.028151313,-0.028151313,INFEASIBLE,0,9175.2687,1257.814,0.034481363,0.29335048,15,1.5,0.02,0.04,-0.05,40,40,40,40,40,10,0
6.325,48.850665,-7.6743633,-0.048838607,0.023468877,-48.850665,7.6743633,0.048838607,-0.023468877,-0.027337033,-0.027337033,INFEASIBLE,0,9187.2006,1258.1085,0.034493289,0.29335323,15,1.5,0.02,0.04,-0.05,40,40,40,40,40,10,0
6.33,48.812253,-7.6822025,-0.048734949,0.018014254,-48.812253,7.6822025,0.048734949,-0.018014254,-0.035045897,-0.035045897,INFEASIBLE,0,9199.1138,1258.4035,0.034505164,0.29335485,15,1.5,0.02,0.04,-0.05,40,40,40,40,40,10,0
6.335,48.773728,-7.7065993,-0.048622877,0.018382207,-48.773728,7.7065993,0.048622877,-0.018382207,-0.034559249,-0.034559249,INFEASIBLE,0,9211.0082,1258.7005,0.034516985,0.29335654,15,1.5,0.02,0.04,-0.05,40,40,40,40,40,10,0
6.34,48.735097,-7.7439776,-0.048504325,0.027827987,-48.735097,7.7439776,0.048504325,-0.027827987,-0.020880067,-0.020880067,INFEASIBLE,0,9222.8837,1259.0003,0.034528749,0.29336041,15,1.5,0.02,0.04,-0.05,40,40,40,40,40,10,0
6.345,48.696377,-7.7436441,-0.048394153,0.019109589,-48.696377,7.7436441,0.048394153,-0.019109589,-0.033066129,-0.033066129,INFEASIBLE,0,9234.7404,1259.3002,0.034540459,0.29336224,15,1.5,0.02,0.04,-0.05,40,40,40,40,40,10,0
6.35,48.657574,-7.7634272,-0.04829059,0.018088646,-48.657574,7.7634272,0.04829059,-0.018088646,-0.03461149,-0.03461149,INFEASIBLE,0,9246.5782,1259.6015,0.034552119,0.29336388,15,1.5,0.02,0.04,-0.05,40,40,40,40,40,10,0
6.355,48.618635,-7.8092324,-0.04816888,0.029401758,-48.618635,7.8092324,0.04816888,-0.029401758,-0.018427168,-0.018427168,INFEASIBLE,0,9258.3971,1259.9064,0.03456372,0.2933682,15,1.5,0.02,0.04,-0.05,40,40,40,40,40,10,0
6.36,48.579627,-7.8044564,-0.048070832,0.01930925,-48.579627,7.8044564,0.048070832,-0.01930925,-0.032684313,-0.032684313,INFEASIBLE,0,9270.197,1260.211,0.034575274,0.29337006,15,1.5,0.02,0.04,-0.05,40,40,40,40,40,10,0
6.365,48.540556,-7.8156875,-0.047988298,0.016584408,-48.540556,7.8156875,0.047988298,-0.016584408,-0.036764253,-0.036764253,INFEASIBLE,0,9281.9779,1260.5164,0.034586788,0.29337144,15,1.5,0.02,0.04,-0.05,40,40,40,40,40,10,0
6.37,48.501364,-7.8406617,-0.047884592,0.017523409,-48.501364,7.8406617,0.047884592,-0.017523409,-0.035582954,-0.035582954,INFEASIBLE,0,9293.7398,1260.8238,0.034598253,0.29337297,15,1.5,0.02,0.04,-0.05,40,40,40,40,40,10,0
6.375,48.462046,-7.8837248,-0.047765917,0.028578505,-48.462046,7.8837248,0.047765917,-0.028578505,-0.019729079,-0.019729079,INFEASIBLE,0,9305.4826,1261.1346,0.034609661,0.29337706,15,1.5,0.02,0.04,-0.05,40,40,40,40,40,10,0
6.38,48.422683,-7.8766572,-0.047669314,0.018486268,-48.422683,7.8766572,0.047669314,-0.018486268,-0.033922927,-0.033922927,INFEASIBLE,0,9317.2064,1261.4448,0.034621023,0.29337877,15,1.5,0.02,0.04,-0.05,40,40,40,40,40,10,0
6.385,48.383215,-7.896613,-0.047570346,0.017960173,-48.383215,7.896613,0.047570346,-0.017960173,-0.034815139,-0.034815139,INFEASIBLE,0,9328.9111,1261.7565,0.034632337,0.29338038,15,1.5,0.02,0.04,-0.05,40,40,40,40,40,10,0
6.39,48.343639,-7.9148176,-0.047465218,0.017302619,-48.343639,7.9148176,0.047465218,-0.017302619,-0.035744274,-0.035744274,INFEASIBLE,0,9340.5966,1262.0698,0.034643602,0.29338187,15,1.5,0.02,0.04,-0.05,40,40,40,40,40,10,0
6.395,48.303959,-7.9551597,-0.047348317,0.028141993,-48.303959,7.9551597,0.047348317,-0.028141993,-0.020138986,-0.020138986,INFEASIBLE,0,9352.263,1262.3862,0.034654811,0.29338583,15,1.5,0.02,0.04,-0.05,40,40,40,40,40,10,0
6.4,48.264193,-7.9523911,-0.047246263,0.019369689,-48.264193,7.9523911,0.047246263,-0.019369689,-0.032451186,-0.032451186,INFEASIBLE,0,9363.9102,1262.7024,0.034665972,0.29338771,15,1.5,0.02,0.04,-0.05,40,40,40,40,40,10,0
6.405,48.224331,-7.9674458,-0.047150982,0.017568773,-48.224331,7.9674458,0.047150982,-0.017568773,-0.035122773,-0.035122773,INFEASIBLE,0,9375.5381,1263.0198,0.034677088,0.29338925,15,1.5,0.02,0.04,-0.05,40,40,40,40,40,10,0
6.41,48.184371,-8.0036519,-0.047035718,0.023492934,-48.184371,8.0036519,0.047035718,-0.023492934,-0.026755027,-0.026755027,INFEASIBLE,0,9387.1468,1263.3401,0.03468815,0.29339201,15,1.5,0.02,0.04,-0.05,40,40,40,40,40,10,0
6.415,48.144326,-8.022347,-0.046928026,0.024310672,-48.144326,8.022347,0.046928026,-0.024310672,-0.025461751,-0.025461751,INFEASIBLE,0,9398.7361,1263.6619,0.034699161,0.29339497,15,1.5,0.02,0.04,-0.05,40,40,40,40,40,10,0
6.42,48.104254,-8.0201377,-0.04684397,0.017353392,-48.104254,8.0201377,0.04684397,-0.017353392,-0.035349887,-0.035349887,INFEASIBLE,0,9410.3062,1263.9835,0.034710133,0.29339647,15,1.5,0.02,0.04,-0.05,40,40,40,40,40,10,0
6.425,48.064075,-8.0380179,-0.046751157,0.016723747,-48.064075,8.0380179,0.046751157,-0.016723747,-0.036420952,-0.036420952,INFEASIBLE,0,9421.857,1264.3065,0.034721062,0.29339787,15,1.5,0.02,0.04,-0.05,40,40,40,40,40,10,0
6.43,48.023742,-8.0920294,-0.046637259,0.022819092,-48.023742,8.0920294,0.046637259,-0.022819092,-0.028536594,-0.028536594,INFEASIBLE,0,9433.3884,1264.6339,0.034731937,0.29340048,15,1.5,0.02,0.04,-0.05,40,40,40,40,40,10,0
6.435,47.983349,-8.0928808,-0.046528885,0.024754238,-47.983349,8.0928808,0.046528885,-0.024754238,-0.024850177,-0.024850177,INFEASIBLE,0,9444.9004,1264.9614,0.034742761,0.29340354,15,1.5,0.02,0.04,-0.05,40,40,40,40,40,10,0
6.44,47.942864,-8.1000326,-0.046423931,0.01960231,-47.942864,8.1000326,0.046423931,-0.01960231,-0.032099522,-0.032099522,INFEASIBLE,0,9456.393,1265.2895,0.034753537,0.29340546,15,1.5,0.02,0.04,-0.05,40,40,40,40,40,10,0
6.445,47.902291,-8.1167106,-0.046322683,0.018358732,-47.902291,8.1167106,0.046322683,-0.018358732,-0.033924758,-0.033924758,INFEASIBLE,0,9467.8662,1265.6189,0.034764266,0.29340715,15,1.5,0.02,0.04,-0.05,40,40,40,40,40,10,0
6.45,47.861589,-8.1505305,-0.046202716,0.024477037,-47.861589,8.1505305,0.046202716,-0.024477037,-0.025114624,-0.025114624,INFEASIBLE,0,9479.3198,1265.951,0.03477494,0.29341014,15,1.5,0.02,0.04,-0.05,40,40,40,40,40,10,0
6.455,47.820826,-8.1656569,-0.046095862,0.023887307,-47.820826,8.1656569,0.046095862,-0.023887307,-0.025816735,-0.025816735,INFEASIBLE,0,9490.754,1266.2844,0.034785564,0.293413,15,1.5,0.02,0.04,-0.05,40,40,40,40,40,10,0
6.46,47.780025,-8.1675064,-0.046009281,0.018420118,-47.780025,8.1675064,0.046009281,-0.018420118,-0.033608807,-0.033608807,INFEASIBLE,0,9502.1686,1266.618,0.034796148,0.29341469,15,1.5,0.02,0.04,-0.05,40,40,40,40,40,10,0
6.465,47.739107,-8.185902,-0.045911492,0.017746745,-47.739107,8.185902,0.045911492,-0.017746745,-0.034706195,-0.034706195,INFEASIBLE,0,9513.5637,1266.953,0.034806688,0.29341627,15,1.5,0.02,0.04,-0.05,40,40,40,40,40,10,0
6.47,47.69807,-8.2177626,-0.045800327,0.022678868,-47.69807,8.2177626,0.045800327,-0.022678868,-0.027735702,-0.027735702,INFEASIBLE,0,9524.9393,1267.2907,0.034817176,0.29341884,15,1.5,0.02,0.04,-0.05,40,40,40,40,40,10,0
6.475,47.656932,-8.2414344,-0.045687879,0.02599202,-47.656932,8.2414344,0.045687879,-0.02599202,-0.022848886,-0.022848886,INFEASIBLE,0,9536.2952,1267.6303,0.034827613,0.29342222,15,1.5,0.02,0.04,-0.05,40,40,40,40,40,10,0
6.48,47.615764,-8.2401049,-0.045597167,0.018693293,-47.615764,8.2401049,0.045597167,-0.018693293,-0.033206482,-0.033206482,INFEASIBLE,0,9547.6315,1267.9698,0.034838008,0.29342396,15,1.5,0.02,0.04,-0.05,40,40,40,40,40,10,0
6.485,47.574472,-8.263275,-0.045494654,0.01938074,-47.574472,8.263275,0.045494654,-0.01938074,-0.032390268,-0.032390268,INFEASIBLE,0,9558.9481,1268.3112,0.034848357,0.29342584,15,1.5,0.02,0.04,-0.05,40,40,40,40,40,10,0
6.49,47.533059,-8.2829507,-0.045381603,0.01912997,-47.533059,8.2829507,0.045381603,-0.01912997,-0.03268594,-0.03268594,INFEASIBLE,0,9570.2451,1268.6542,0.034858655,0.29342767,15,1.5,0.02,0.04,-0.05,40,40,40,40,40,10,0
6.495,47.491533,-8.3248929,-0.045256108,0.029918461,-47.491533,8.3248929,0.045256108,-0.029918461,-0.017128997,-0.017128997,INFEASIBLE,0,9581.5223,1269.0007,0.034868895,0.29343215,15,1.5,0.02,0.04,-0.05,40,40,40,40,40,10,0
6.5,47.449959,-8.3184649,-0.045151476,0.019931894,-47.449959,8.3184649,0.045151476,-0.019931894,-0.031113733,-0.031113733,INFEASIBLE,0,9592.7798,1269.3467,0.034879088,0.29343413,15,1.5,0.02,0.04,-0.05,40,40,40,40,40,10,0
6.505,47.408318,-8.3330754,-0.045058649,0.018760425,-47.408318,8.3330754,0.045058649,-0.018760425,-0.032895752,-0.032895752,INFEASIBLE,0,9604.0176,1269.6939,0.03488924,0.29343589,15,1.5,0.02,0.04,-0.05,40,40,40,40,40,10,0
6.51,47.366596,-8.3528619,-0.044959936,0.020927077,-47.366596,8.3528619,0.044959936,-0.020927077,-0.029790984,-0.029790984,INFEASIBLE,0,9615.2355,1270.0428,0.034899347,0.29343808,15,1.5,0.02,0.04,-0.05,40,40,40,40,40,10,0
6.515,47.32474,-8.3855905,-0.044843966,0.025403044,-47.32474,8.3855905,0.044843966,-0.025403044,-0.023483741,-0.023483741,INFEASIBLE,0,9626.4337,1270.3944,0.034909402,0.29344131,15,1.5,0.02,0.04,-0.05,40,40,40,40,40,10,0
6.52,47.282799,-8.3961155,-0.044735766,0.021710099,-47.282799,8.3961155,0.044735766,-0.021710099,-0.028659968,-0.028659968,INFEASIBLE,0,9637.612,1270.7468,0.034919408,0.29344367,15,1.5,0.02,0.04,-0.05,40,40,40,40,40,10,0
6.525,47.24076,-8.418122,-0.044626828,0.023393658,-47.24076,8.418122,0.044626828,-0.023393658,-0.02622161,-0.02622161,INFEASIBLE,0,9648.7705,1271.1012,0.034929366,0.2934464,15,1.5,0.02,0.04,-0.05,40,40,40,40,40,10,0
6.53,47.198623,-8.4325361,-0.044517736,0.02107045,-47.198623,8.4325361,0.044517736,-0.02107045,-0.029489352,-0.029489352,INFEASIBLE,0,9659.909,1271.4567,0.034939275,0.29344862,15,1.5,0.02,0.04,-0.05,40,40,40,40,40,10,0
6.535,47.156391,-8.4563437,-0.044405751,0.024015809,-47.156391,8.4563437,0.044405751,-0.024015809,-0.025188472,-0.025188472,INFEASIBLE,0,9671.0276,1271.8142,0.034949134,0.29345151,15,1.5,0.02,0.04,-0.05,40,40,40,40,40,10,0
6.54,47.114056,-8.47391,-0.044291849,0.022005645,-47.114056,8.47391,0.044291849,-0.022005645,-0.028044547,-0.028044547,INFEASIBLE,0,9682.1263,1272.1733,0.034958943,0.29345393,15,1.5,0.02,0.04,-0.05,40,40,40,40,40,10,0
6.545,47.071649,-8.4921384,-0.044185905,0.023481708,-47.071649,8.4921384,0.044185905,-0.023481708,-0.025818565,-0.025818565,INFEASIBLE,0,9693.205,1272.5339,0.034968705,0.29345668,15,1.5,0.02,0.04,-0.05,40,40,40,40,40,10,0
6.55,47.029147,-8.5077246,-0.044077204,0.021284767,-47.029147,8.5077246,0.044077204,-0.021284767,-0.028956958,-0.028956958,INFEASIBLE,0,9704.2637,1272.8958,0.034978419,0.29345895,15,1.5,0.02,0.04,-0.05,40,40,40,40,40,10,0
6.555,46.986531,-8.5235558,-0.043968261,0.019853904,-46.986531,8.5235558,0.043968261,-0.019853904,-0.030954667,-0.030954667,INFEASIBLE,0,9715.3024,1273.259,0.034988085,0.29346092,15,1.5,0.02,0.04,-0.05,40,40,40,40,40,10,0
6.56,46.943817,-8.5493198,-0.043847873,0.023317458,-46.943817,8.5493198,0.043847873,-0.023317458,-0.025838357,-0.025838357,INFEASIBLE,0,9726.321,1273.6245,0.034997698,0.29346364,15,1.5,0.02,0.04,-0.05,40,40,40,40,40,10,0
6.565,46.900991,-8.5767372,-0.043721634,0.025959789,-46.900991,8.5767372,0.043721634,-0.025959789,-0.021934501,-0.021934501,INFEASIBLE,0,9737.3195,1273.9923,0.035007256,0.29346701,15,1.5,0.02,0.04,-0.05,40,40,40,40,40,10,0
6.57,46.858106,-8.5824934,-0.04361052,0.02116659,-46.858106,8.5824934,0.04361052,-0.02116659,-0.028545532,-0.028545532,INFEASIBLE,0,9748.2979,1274.3606,0.035016766,0.29346925,15,1.5,0.02,0.04,-0.05,40,40,40,40,40,10,0
6.575,46.81513,-8.6062353,-0.043497408,0.023240148,-46.81513,8.6062353,0.043497408,-0.023240148,-0.025547709,-0.025547709,INFEASIBLE,0,9759.2562,1274.7309,0.035026226,0.29347195,15,1.5,0.02,0.04,-0.05,40,40,40,40,40,10,0
6.58,46.772047,-8.6171317,-0.043383002,0.020498066,-46.772047,8.6171317,0.043383002,-0.020498066,-0.029242271,-0.029242271,INFEASIBLE,0,9770.1943,1275.1022,0.035035636,0.29347405,15,1.5,0.02,0.04,-0.05,40,40,40,40,40,10,0
6.585,46.728881,-8.6316716,-0.043269783,0.018560133,-46.728881,8.6316716,0.043269783,-0.018560133,-0.031895791,-0.031895791,INFEASIBLE,0,9781.1123,1275.4747,0.035044998,0.29347577,15,1.5,0.02,0.04,-0.05,40,40,40,40,40,10,0
6.59,46.685616,-8.6724508,-0.043145905,0.029752635,-46.685616,8.6724508,0.043145905,-0.029752635,-0.015745332,-0.015745332,INFEASIBLE,0,9792.01,1275.8508,0.035054306,0.2934802,15,1.5,0.02,0.04,-0.05,40,40,40,40,40,10,0
6.595,46.642329,-8.6638883,-0.043049277,0.019897191,-46.642329,8.6638883,0.043049277,-0.019897191,-0.029602318,-0.029602318,INFEASIBLE,0,9802.8875,1276.2261,0.035063572,0.29348218,15,1.5,0.02,0.04,-0.05,40,40,40,40,40,10,0
6.6,46.598994,-8.6741041,-0.042965468,0.017975163,-46.598994,8.6741041,0.042965468,-0.017975163,-0.032503571,-0.032503571,INFEASIBLE,0,9813.7449,1276.6023,0.035072802,0.29348379,15,1.5,0.02,0.04,-0.05,40,40,40,40,40,10,0
6.605,46.555531,-8.692218,-0.042868969,0.017933079,-46.555531,8.692218,0.042868969,-0.017933079,-0.032713014,-0.032713014,INFEASIBLE,0,9824.5819,1276.9801,0.035081991,0.2934854,15,1.5,0.02,0.04,-0.05,40,40,40,40,40,10,0
6.61,46.511972,-8.7132801,-0.042760221,0.018824655,-46.511972,8.7132801,0.042760221,-0.018824655,-0.031458103,-0.031458103,INFEASIBLE,0,9835.3988,1277.3597,0.035091133,0.29348717,15,1.5,0.02,0.04,-0.05,40,40,40,40,40,10,0
6.615,46.468294,-8.7557747,-0.042633984,0.030367342,-46.468294,8.7557747,0.042633984,-0.030367342,-0.014823853,-0.014823853,INFEASIBLE,0,9846.1953,1277.743,0.035100221,0.29349178,15,1.5,0.02,0.04,-0.05,40,40,40,40,40,10,0
6.62,46.424595,-8.746755,-0.042535821,0.020233602,-46.424595,8.746755,0.042535821,-0.020233602,-0.029065213,-0.029065213,INFEASIBLE,0,9856.9715,1278.1255,0.035109268,0.29349383,15,1.5,0.02,0.04,-0.05,40,40,40,40,40,10,0
6.625,46.380864,-8.7530985,-0.042460726,0.017538434,-46.380864,8.7530985,0.042460726,-0.017538434,-0.033109902,-0.033109902,INFEASIBLE,0,9867.7274,1278.5086,0.035118282,0.29349537,15,1.5,0.02,0.04,-0.05,40,40,40,40,40,10,0
6.63,46.337025,-8.7730552,-0.04236747,0.018619316,-46.337025,8.7730552,0.04236747,-0.018619316,-0.031764778,-0.031764778,INFEASIBLE,0,9878.463,1278.8934,0.035127257,0.2934971,15,1.5,0.02,0.04,-0.05,40,40,40,40,40,10,0
6.635,46.293075,-8.7910453,-0.042261989,0.018754001,-46.293075,8.7910453,0.042261989,-0.018754001,-0.031579134,-0.031579134,INFEASIBLE,0,9889.1783,1279.2798,0.035136188,0.29349886,15,1.5,0.02,0.04,-0.05,40,40,40,40,40,10,0
6.64,46.248996,-8.8369058,-0.042140802,0.024112557,-46.248996,8.8369058,0.042140802,-0.024112557,-0.024439511,-0.024439511,INFEASIBLE,0,9899.8731,1279.6703,0.035145067,0.29350177,15,1.5,0.02,0.04,-0.05,40,40,40,40,40,10,0
6.645,46.204868,-8.8399417,-0.042026532,0.025995627,-46.204868,8.8399417,0.042026532,-0.025995627,-0.020904849,-0.020904849,INFEASIBLE,0,9910.5476,1280.061,0.035153898,0.29350515,15,1.5,0.02,0.04,-0.05,40,40,40,40,40,10,0
6.65,46.160698,-8.841378,-0.041929675,0.020317068,-46.160698,8.841378,0.041929675,-0.020317068,-0.028910688,-0.028910688,INFEASIBLE,0,9921.2016,1280.4519,0.035162688,0.29350721,15,1.5,0.02,0.04,-0.05,40,40,40,40,40,10,0
6.655,46.116451,-8.8552911,-0.041835176,0.019271977,-46.116451,8.8552911,0.041835176,-0.019271977,-0.030502301,-0.030502301,INFEASIBLE,0,9931.8352,1280.844,0.035171439,0.29350907,15,1.5,0.02,0.04,-0.05,40,40,40,40,40,10,0
6.66,46.072098,-8.8731847,-0.041731905,0.019384072,-46.072098,8.8731847,0.041731905,-0.019384072,-0.030387882,-0.030387882,INFEASIBLE,0,9942.4484,1281.2376,0.035180147,0.29351095,15,1.5,0.02,0.04,-0.05,40,40,40,40,40,10,0
6.665,46.027644,-8.8900616,-0.041618679,0.019086564,-46.027644,8.8900616,0.041618679,-0.019086564,-0.030699916,-0.030699916,INFEASIBLE,0,9953.0412,1281.6328,0.035188808,0.29351277,15,1.5,0.02,0.04,-0.05,40,40,40,40,40,10,0
6.67,45.983095,-8.9190217,-0.041496949,0.024648936,-45.983095,8.9190217,0.041496949,-0.024648936,-0.022579789,-0.022579789,INFEASIBLE,0,9963.6134,1282.0305,0.035197418,0.29351581,15,1.5,0.02,0.04,-0.05,40,40,40,40,40,10,0
6.675,45.938492,-8.9333626,-0.041383761,0.025312218,-45.938492,8.9333626,0.041383761,-0.025312218,-0.021352753,-0.021352753,INFEASIBLE,0,9974.1651,1282.4296,0.035205981,0.29351901,15,1.5,0.02,0.04,-0.05,40,40,40,40,40,10,0
6.68,45.893868,-8.9317271,-0.041292721,0.019184774,-45.893868,8.9317271,0.041292721,-0.019184774,-0.030005378,-0.030005378,INFEASIBLE,0,9984.6963,1282.8284,0.035214506,0.29352085,15,1.5,0.02,0.04,-0.05,40,40,40,40,40,10,0
6.685,45.849133,-8.9529011,-0.041192703,0.019980093,-45.849133,8.9529011,0.041192703,-0.019980093,-0.029053789,-0.029053789,INFEASIBLE,0,9995.2071,1283.2292,0.03522299,0.29352285,15,1.5,0.02,0.04,-0.05,40,40,40,40,40,10,0
6.69,45.804297,-8.9642002,-0.041090391,0.018493448,-45.804297,8.9642002,0.041090391,-0.018493448,-0.031097759,-0.031097759,INFEASIBLE,0,10005.697,1283.631,0.035231432,0.29352456,15,1.5,0.02,0.04,-0.05,40,40,40,40,40,10,0
6.695,45.759384,-8.9831622,-0.040979703,0.019104287,-45.759384,8.9831622,0.040979703,-0.019104287,-0.030177924,-0.030177924,INFEASIBLE,0,10016.167,1284.0345,0.035239829,0.29352638,15,1.5,0.02,0.04,-0.05,40,40,40,40,40,10,0
6.7,45.714372,-9.0113259,-0.040858145,0.024530752,-45.714372,9.0113259,0.040858145,-0.024530752,-0.022241634,-0.022241634,INFEASIBLE,0,10026.616,1284.4405,0.035248176,0.29352939,15,1.5,0.02,0.04,-0.05,40,40,40,40,40,10,0
6.705,45.669305,-9.0261793,-0.040745127,0.025325874,-45.669305,9.0261793,0.040745127,-0.025325874,-0.020849168,-0.020849168,INFEASIBLE,0,10037.044,1284.8479,0.035256477,0.2935326,15,1.5,0.02,0.04,-0.05,40,40,40,40,40,10,0
6.71,45.624212,-9.0256417,-0.040652986,0.019515886,-45.624212,9.0256417,0.040652986,-0.019515886,-0.0290624,-0.0290624,INFEASIBLE,0,10047.452,1285.2552,0.03526474,0.2935345,15,1.5,0.02,0.04,-0.05,40,40,40,40,40,10,0
6.715,45.579074,-9.034324,-0.040570346,0.018005676,-45.579074,9.034324,0.040570346,-0.018005676,-0.031338169,-0.031338169,INFEASIBLE,0,10057.839,1285.6633,0.03527297,0.29353612,15,1.5,0.02,0.04,-0.05,40,40,40,40,40,10,0
6.72,45.533813,-9.051561,-0.040473258,0.018252041,-45.533813,9.051561,0.040473258,-0.018252041,-0.031106997,-0.031106997,INFEASIBLE,0,10068.206,1286.0729,0.03528116,0.29353779,15,1.5,0.02,0.04,-0.05,40,40,40,40,40,10,0
6.725,45.488457,-9.0725352,-0.040362159,0.019459409,-45.488457,9.0725352,0.040362159,-0.019459409,-0.029375535,-0.029375535,INFEASIBLE,0,10078.552,1286.4845,0.035289306,0.29353968,15,1.5,0.02,0.04,-0.05,40,40,40,40,40,10,0
6.73,45.442982,-9.1145898,-0.040240856,0.022651564,-45.442982,9.1145898,0.040240856,-0.022651564,-0.02535945,-0.02535945,INFEASIBLE,0,10088.877,1286.8998,0.035297403,0.29354225,15,1.5,0.02,0.04,-0.05,40,40,40,40,40,10,0
6.735,45.397435,-9.122804,-0.040119839,0.028096922,-45.397435,9.122804,0.040119839,-0.028096922,-0.016615655,-0.016615655,INFEASIBLE,0,10099.182,1287.316,0.035305451,0.29354619,15,1.5,0.02,0.04,-0.05,40,40,40,40,40,10,0
6.74,45.351887,-9.1170986,-0.040024876,0.020163605,-45.351887,9.1170986,0.040024876,-0.020163605,-0.027773925,-0.027773925,INFEASIBLE,0,10109.466,1287.7316,0.035313461,0.29354823,15,1.5,0.02,0.04,-0.05,40,40,40,40,40,10,0
6.745,45.306283,-9.1283726,-0.039936519,0.019011138,-45.306283,9.1283726,0.039936519,-0.019011138,-0.029540322,-0.029540322,INFEASIBLE,0,10119.729,1288.1482,0.035321435,0.29355003,15,1.5,0.02,0.04,-0.05,40,40,40,40,40,10,0
6.75,45.260605,-9.1363714,-0.039852155,0.017256392,-45.260605,9.1363714,0.039852155,-0.017256392,-0.03214049,-0.03214049,INFEASIBLE,0,10129.972,1288.5656,0.035329376,0.29355152,15,1.5,0.02,0.04,-0.05,40,40,40,40,40,10,0
6.755,45.214853,-9.1527034,-0.039756474,0.018275156,-45.214853,9.1527034,0.039756474,-0.018275156,-0.030745453,-0.030745453,INFEASIBLE,0,10140.194,1288.9844,0.035337279,0.29355319,15,1.5,0.02,0.04,-0.05,40,40,40,40,40,10,0
6.76,45.168989,-9.1689229,-0.039649332,0.017958985,-45.168989,9.1689229,0.039649332,-0.017958985,-0.031178639,-0.031178639,INFEASIBLE,0,10150.395,1289.4048,0.035345139,0.2935548,15,1.5,0.02,0.04,-0.05,40,40,40,40,40,10,0
6.765,45.123044,-9.1972767,-0.039529715,0.024429891,-45.123044,9.1972767,0.039529715,-0.024429891,-0.021731066,-0.021731066,INFEASIBLE,0,10160.575,1289.8277,0.035352952,0.29355779,15,1.5,0.02,0.04,-0.05,40,40,40,40,40,10,0
6.77,45.077052,-9.2112662,-0.039419323,0.024928676,-45.077052,9.2112662,0.039419323,-0.024928676,-0.02080644,-0.02080644,INFEASIBLE,0,10170.735,1290.252,0.035360722,0.2935609,15,1.5,0.02,0.04,-0.05,40,40,40,40,40,10,0
6.775,45.031007,-9.2129342,-0.039328948,0.020067449,-45.031007,9.2129342,0.039328948,-0.020067449,-0.027730271,-0.027730271,INFEASIBLE,0,10180.874,1290.6764,0.035368456,0.29356291,15,1.5,0.02,0.04,-0.05,40,40,40,40,40,10,0
6.78,44.984929,-9.222468,-0.039243345,0.018483663,-44.984929,9.222468,0.039243345,-0.018483663,-0.030124819,-0.030124819,INFEASIBLE,0,10190.992,1291.1016,0.035376156,0.29356462,15,1.5,0.02,0.04,-0.05,40,40,40,40,40,10,0
6.785,44.938751,-9.2402801,-0.039146136,0.019523479,-44.938751,9.2402801,0.039146136,-0.019523479,-0.028743004,-0.028743004,INFEASIBLE,0,10201.09,1291.5286,0.035383818,0.29356652,15,1.5,0.02,0.04,-0.05,40,40,40,40,40,10,0
6.79,44.892484,-9.249965,-0.039046527,0.017978333,-44.892484,9.249965,0.039046527,-0.017978333,-0.030879317,-0.030879317,INFEASIBLE,0,10211.166,1291.9564,0.035391441,0.29356814,15,1.5,0.02,0.04,-0.05,40,40,40,40,40,10,0
6.795,44.846144,-9.2680207,-0.038936869,0.018834063,-44.846144,9.2680207,0.038936869,-0.018834063,-0.029599879,-0.029599879,INFEASIBLE,0,10221.222,1292.3858,0.035399021,0.29356991,15,1.5,0.02,0.04,-0.05,40,40,40,40,40,10,0
6.8,44.799695,-9.3097058,-0.038815641,0.023530214,-44.799695,9.3097058,0.038815641,-0.023530214,-0.02333363,-0.02333363,INFEASIBLE,0,10231.257,1292.8192,0.035406555,0.29357268,15,1.5,0.02,0.04,-0.05,40,40,40,40,40,10,0
6.805,44.753203,-9.3125562,-0.03869985,0.026654594,-44.753203,9.3125562,0.03869985,-0.026654594,-0.017954054,-0.017954054,INFEASIBLE,0,10241.272,1293.2528,0.035414043,0.29357623,15,1.5,0.02,0.04,-0.05,40,40,40,40,40,10,0
6.81,44.706666,-9.3123997,-0.038601392,0.020630559,-44.706666,9.3123997,0.038601392,-0.020630559,-0.026437701,-0.026437701,INFEASIBLE,0,10251.265,1293.6864,0.035421493,0.29357836,15,1.5,0.02,0.04,-0.05,40,40,40,40,40,10,0
6.815,44.660088,-9.3228821,-0.038511823,0.019232733,-44.660088,9.3228821,0.038511823,-0.019232733,-0.028541769,-0.028541769,INFEASIBLE,0,10261.238,1294.121,0.035428909,0.29358021,15,1.5,0.02,0.04,-0.05,40,40,40,40,40,10,0
6.82,44.613435,-9.332226,-0.038423917,0.018396473,-44.613435,9.332226,0.038423917,-0.018396473,-0.029784383,-0.029784383,INFEASIBLE,0,10271.189,1294.5565,0.035436291,0.2935819,15,1.5,0.02,0.04,-0.05,40,40,40,40,40,10,0
6.825,44.566673,-9.3567287,-0.038314294,0.020705051,-44.566673,9.3567287,0.038314294,-0.020705051,-0.02659251,-0.02659251,INFEASIBLE,0,10281.12,1294.9942,0.035443631,0.29358405,15,1.5,0.02,0.04,-0.05,40,40,40,40,40,10,0
6.83,44.519827,-9.3675593,-0.038202488,0.019608783,-44.519827,9.3675593,0.038202488,-0.019608783,-0.027929973,-0.027929973,INFEASIBLE,0,10291.03,1295.4329,0.035450928,0.29358597,15,1.5,0.02,0.04,-0.05,40,40,40,40,40,10,0
6.835,44.472908,-9.3774475,-0.0380915,0.018165264,-44.472908,9.3774475,0.0380915,-0.018165264,-0.029764352,-0.029764352,INFEASIBLE,0,10300.92,1295.8726,0.035458183,0.29358762,15,1.5,0.02,0.04,-0.05,40,40,40,40,40,10,0
6.84,44.425917,-9.4183473,-0.037973588,0.023622912,-44.425917,9.4183473,0.037973588,-0.023622912,-0.022385001,-0.022385001,INFEASIBLE,0,10310.788,1296.3162,0.035465393,0.29359041,15,1.5,0.02,0.04,-0.05,40,40,40,40,40,10,0
6.845,44.378893,-9.4180517,-0.03786149,0.025450753,-44.378893,9.4180517,0.03786149,-0.025450753,-0.018890435,-0.018890435,INFEASIBLE,0,10320.635,1296.7597,0.035472561,0.29359365,15,1.5,0.02,0.04,-0.05,40,40,40,40,40,10,0
6.85,44.331835,-9.4167121,-0.037769363,0.019646288,-44.331835,9.4167121,0.037769363,-0.019646288,-0.027102793,-0.027102793,INFEASIBLE,0,10330.462,1297.203,0.035479693,0.29359558,15,1.5,0.02,0.04,-0.05,40,40,40,40,40,10,0
6.855,44.284729,-9.4291191,-0.037682005,0.01935229,-44.284729,9.4291191,0.037682005,-0.01935229,-0.027671819,-0.027671819,INFEASIBLE,0,10340.268,1297.6476,0.035486793,0.29359745,15,1.5,0.02,0.04,-0.05,40,40,40,40,40,10,0
6.86,44.237545,-9.4381795,-0.03759469,0.018139129,-44.237545,9.4381795,0.03759469,-0.018139129,-0.029487925,-0.029487925,INFEASIBLE,0,10350.052,1298.093,0.03549386,0.2935991,15,1.5,0.02,0.04,-0.05,40,40,40,40,40,10,0
6.865,44.190273,-9.4529554,-0.037497751,0.018446958,-44.190273,9.4529554,0.037497751,-0.018446958,-0.029108578,-0.029108578,INFEASIBLE,0,10359.816,1298.5398,0.03550089,0.2936008,15,1.5,0.02,0.04,-0.05,40,40,40,40,40,10,0
6.87,44.142931,-9.4688515,-0.037391666,0.019166506,-44.142931,9.4688515,0.037391666,-0.019166506,-0.02802067,-0.02802067,INFEASIBLE,0,10369.559,1298.9881,0.035507881,0.29360263,15,1.5,0.02,0.04,-0.05,40,40,40,40,40,10,0
6.875,44.095494,-9.4876496,-0.037273539,0.020029783,-44.095494,9.4876496,0.037273539,-0.020029783,-0.026654516,-0.026654516,INFEASIBLE,0,10379.281,1299.4381,0.035514827,0.29360464,15,1.5,0.02,0.04,-0.05,40,40,40,40,40,10,0
6.88,44.047986,-9.4971475,-0.037155169,0.018733166,-44.047986,9.4971475,0.037155169,-0.018733166,-0.028153959,-0.028153959,INFEASIBLE,0,10388.983,1299.8891,0.03552173,0.29360639,15,1.5,0.02,0.04,-0.05,40,40,40,40,40,10,0
6.885,44.000412,-9.5313135,-0.03703769,0.022681226,-44.000412,9.5313135,0.03703769,-0.022681226,-0.022787815,-0.022787815,INFEASIBLE,0,10398.663,1300.3433,0.035528589,0.29360897,15,1.5,0.02,0.04,-0.05,40,40,40,40,40,10,0
6.89,43.952822,-9.5300911,-0.036928239,0.025003337,-43.952822,9.5300911,0.036928239,-0.025003337,-0.018565787,-0.018565787,INFEASIBLE,0,10408.322,1300.7975,0.035535407,0.29361209,15,1.5,0.02,0.04,-0.05,40,40,40,40,40,10,0
6.895,43.905226,-9.5249509,-0.036840836,0.018561042,-43.905226,9.5249509,0.036840836,-0.018561042,-0.027664488,-0.027664488,INFEASIBLE,0,10417.96,1301.2511,0.035542193,0.29361382,15,1.5,0.02,0.04,-0.05,40,40,40,40,40,10,0
6.9,43.85752,-9.5369648,-0.036759314,0.018218045,-43.85752,9.5369648,0.036759314,-0.018218045,-0.028390838,-0.028390838,INFEASIBLE,0,10427.578,1301.7058,0.03554895,0.29361547,15,1.5,0.02,0.04,-0.05,40,40,40,40,40,10,0
6.905,43.809815,-9.5451772,-0.036677034,0.017261778,-43.809815,9.5451772,0.036677034,-0.017261778,-0.029873637,-0.029873637,INFEASIBLE,0,10437.174,1302.1614,0.035555676,0.29361696,15,1.5,0.02,0.04,-0.05,40,40,40,40,40,10,0
6.91,43.762012,-9.5606825,-0.036582697,0.018196913,-43.762012,9.5606825,0.036582697,-0.018196913,-0.028632146,-0.028632146,INFEASIBLE,0,10446.75,1302.6184,0.035562367,0.29361862,15,1.5,0.02,0.04,-0.05,40,40,40,40,40,10,0
6.915,43.714119,-9.5794617,-0.036473694,0.018988394,-43.714119,9.5794617,0.036473694,-0.018988394,-0.027518905,-0.027518905,INFEASIBLE,0,10456.304,1303.0773,0.035569019,0.29362042,15,1.5,0.02,0.04,-0.05,40,40,40,40,40,10,0
6.92,43.666141,-9.5901618,-0.036364454,0.018384847,-43.666141,9.5901618,0.036364454,-0.018384847,-0.028173192,-0.028173192,INFEASIBLE,0,10465.838,1303.5371,0.035575631,0.29362211,15,1.5,0.02,0.04,-0.05,40,40,40,40,40,10,0
6.925,43.618088,-9.6291414,-0.036246175,0.02304474,-43.618088,9.6291414,0.036246175,-0.02304474,-0.021929412,-0.021929412,INFEASIBLE,0,10475.351,1304.0007,0.0355822,0.29362477,15,1.5,0.02,0.04,-0.05,40,40,40,40,40,10,0
6.93,43.57,-9.6280579,-0.036139032,0.018148823,-43.57,9.6280579,0.036139032,-0.018148823,-0.028584566,-0.028584566,INFEASIBLE,0,10484.842,1304.4642,0.03558873,0.29362642,15,1.5,0.02,0.04,-0.05,40,40,40,40,40,10,0
6.935,43.521844,-9.6401303,-0.036034279,0.026198616,-43.521844,9.6401303,0.036034279,-0.026198616,-0.016384596,-0.016384596,INFEASIBLE,0,10494.313,1304.9289,0.035595222,0.29362985,15,1.5,0.02,0.04,-0.05,40,40,40,40,40,10,0
6.94,43.473703,-9.633247,-0.035942902,0.019054451,-43.473703,9.633247,0.035942902,-0.019054451,-0.026417678,-0.026417678,INFEASIBLE,0,10503.763,1305.3929,0.035601682,0.29363166,15,1.5,0.02,0.04,-0.05,40,40,40,40,40,10,0
6.945,43.425498,-9.6474642,-0.035852792,0.018939689,-43.425498,9.6474642,0.035852792,-0.018939689,-0.026770958,-0.026770958,INFEASIBLE,0,10513.192,1305.8582,0.035608109,0.29363346,15,1.5,0.02,0.04,-0.05,40,40,40,40,40,10,0
6.95,43.377198,-9.6643953,-0.03575438,0.019746245,-43.377198,9.6643953,0.03575438,-0.019746245,-0.025728187,-0.025728187,INFEASIBLE,0,10522.6,1306.3252,0.035614501,0.29363541,15,1.5,0.02,0.04,-0.05,40,40,40,40,40,10,0
6.955,43.328842,-9.6721172,-0.035657074,0.018735821,-43.328842,9.6721172,0.035657074,-0.018735821,-0.027060234,-0.027060234,INFEASIBLE,0,10531.987,1306.793,0.035620858,0.29363716,15,1.5,0.02,0.04,-0.05,40,40,40,40,40,10,0
6.96,43.280374,-9.6926933,-0.03554499,0.020054548,-43.280374,9.6926933,0.03554499,-0.020054548,-0.025193276,-0.025193276,INFEASIBLE,0,10541.353,1307.2627,0.035627175,0.29363917,15,1.5,0.02,0.04,-0.05,40,40,40,40,40,10,0
6.965,43.231828,-9.7048797,-0.035431371,0.019459769,-43.231828,9.7048797,0.035431371,-0.019459769,-0.025839554,-0.025839554,INFEASIBLE,0,10550.698,1307.7337,0.035633452,0.29364107,15,1.5,0.02,0.04,-0.05,40,40,40,40,40,10,0
6.97,43.183224,-9.7225911,-0.035324486,0.017174433,-43.183224,9.7225911,0.035324486,-0.017174433,-0.029344809,-0.029344809,INFEASIBLE,0,10560.022,1308.2063,0.035639691,0.29364254,15,1.5,0.02,0.04,-0.05,40,40,40,40,40,10,0
6.975,43.134562,-9.7510977,-0.035206628,0.02204625,-43.134562,9.7510977,0.035206628,-0.02204625,-0.022382709,-0.022382709,INFEASIBLE,0,10569.325,1308.6817,0.035645889,0.29364497,15,1.5,0.02,0.04,-0.05,40,40,40,40,40,10,0
6.98,43.085844,-9.7565646,-0.035086442,0.027827913,-43.085844,9.7565646,0.035086442,-0.027827913,-0.013100461,-0.013100461,INFEASIBLE,0,10578.607,1309.1577,0.035652044,0.29364884,15,1.5,0.02,0.04,-0.05,40,40,40,40,40,10,0
6.985,43.037139,-9.7484348,-0.034993769,0.019802638,-43.037139,9.7484348,0.034993769,-0.019802638,-0.024397174,-0.024397174,INFEASIBLE,0,10587.868,1309.6328,0.035658167,0.2936508,15,1.5,0.02,0.04,-0.05,40,40,40,40,40,10,0
6.99,42.988396,-9.7567421,-0.034915643,0.018450024,-42.988396,9.7567421,0.034915643,-0.018450024,-0.026561378,-0.026561378,INFEASIBLE,0,10597.108,1310.1088,0.035664262,0.2936525,15,1.5,0.02,0.04,-0.05,40,40,40,40,40,10,0
6.995,42.939621,-9.7624552,-0.034843741,0.017590978,-42.939621,9.7624552,0.034843741,-0.017590978,-0.027975445,-0.027975445,INFEASIBLE,0,10606.327,1310.5853,0.035670333,0.29365405,15,1.5,0.02,0.04,-0.05,40,40,40,40,40,10,0
7,42.890755,-9.7764549,-0.034759869,0.018275157,-42.890755,9.7764549,0.034759869,-0.018275157,-0.027228394,-0.027228394,INFEASIBLE,0,10615.525,1311.0632,0.035676374,0.29365572,15,1.5,0.02,0.04,-0.05,40,40,40,40,40,10,0
7.005,42.84182,-9.7903421,-0.034665581,0.018846602,-42.84182,9.7903421,0.034665581,-0.018846602,-0.026491106,-0.026491106,INFEASIBLE,0,10624.702,1311.5425,0.035682382,0.2936575,15,1.5,0.02,0.04,-0.05,40,40,40,40,40,10,0
7.01,42.792794,-9.8039448,-0.034565368,0.019186394,-42.792794,9.8039448,0.034565368,-0.019186394,-0.026002846,-0.026002846,INFEASIBLE,0,10633.858,1312.0231,0.035688356,0.29365934,15,1.5,0.02,0.04,-0.05,40,40,40,40,40,10,0
7.015,42.743721,-9.8107203,-0.034467093,0.018110021,-42.743721,9.8107203,0.034467093,-0.018110021,-0.027395761,-0.027395761,INFEASIBLE,0,10642.993,1312.5043,0.035694296,0.29366098,15,1.5,0.02,0.04,-0.05,40,40,40,40,40,10,0
7.02,42.694573,-9.8255326,-0.034358941,0.018764386,-42.694573,9.8255326,0.034358941,-0.018764386,-0.026367391,-0.026367391,INFEASIBLE,0,10652.107,1312.987,0.035700199,0.29366274,15,1.5,0.02,0.04,-0.05,40,40,40,40,40,10,0
7.025,42.645361,-9.8419963,-0.034242905,0.019704772,-42.645361,9.8419963,0.034242905,-0.019704772,-0.024859062,-0.024859062,INFEASIBLE,0,10661.2,1313.4714,0.035706062,0.29366468,15,1.5,0.02,0.04,-0.05,40,40,40,40,40,10,0
7.03,42.59606,-9.8758518,-0.034121877,0.023600899,-42.59606,9.8758518,0.034121877,-0.023600899,-0.019539666,-0.019539666,INFEASIBLE,0,10670.272,1313.959,0.035711883,0.29366747,15,1.5,0.02,0.04,-0.05,40,40,40,40,40,10,0
7.035,42.546727,-9.8803499,-0.034006183,0.026267009,-42.546727,9.8803499,0.034006183,-0.026267009,-0.014971674,-0.014971674,INFEASIBLE,0,10679.324,1314.4471,0.035717665,0.29367092,15,1.5,0.02,0.04,-0.05,40,40,40,40,40,10,0
7.04,42.497384,-9.8781044,-0.033911484,0.020804449,-42.497384,9.8781044,0.033911484,-0.020804449,-0.022642072,-0.022642072,INFEASIBLE,0,10688.354,1314.935,0.035723415,0.29367308,15,1.5,0.02,0.04,-0.05,40,40,40,40,40,10,0
7.045,42.448033,-9.8826572,-0.033834669,0.018867755,-42.448033,9.8826572,0.033834669,-0.018867755,-0.025564035,-0.025564035,INFEASIBLE,0,10697.363,1315.4233,0.035729139,0.29367486,15,1.5,0.02,0.04,-0.05,40,40,40,40,40,10,0
7.05,42.398593,-9.8908572,-0.033761776,0.018143986,-42.398593,9.8908572,0.033761776,-0.018143986,-0.026873082,-0.026873082,INFEASIBLE,0,10706.351,1315.9125,0.035734838,0.29367651,15,1.5,0.02,0.04,-0.05,40,40,40,40,40,10,0
7.055,42.349143,-9.8977742,-0.033688787,0.018024478,-42.349143,9.8977742,0.033688787,-0.018024478,-0.027223194,-0.027223194,INFEASIBLE,0,10715.318,1316.4023,0.035740513,0.29367813,15,1.5,0.02,0.04,-0.05,40,40,40,40,40,10,0
7.06,42.299617,-9.9111475,-0.033602642,0.018509473,-42.299617,9.9111475,0.033602642,-0.018509473,-0.026728979,-0.026728979,INFEASIBLE,0,10724.265,1316.8935,0.035746159,0.29367984,15,1.5,0.02,0.04,-0.05,40,40,40,40,40,10,0
7.065,42.250029,-9.9187682,-0.033517918,0.017935968,-42.250029,9.9187682,0.033517918,-0.017935968,-0.027614954,-0.027614954,INFEASIBLE,0,10733.19,1317.3854,0.035751776,0.29368145,15,1.5,0.02,0.04,-0.05,40,40,40,40,40,10,0
7.07,42.200387,-9.9315723,-0.033424987,0.018795616,-42.200387,9.9315723,0.033424987,-0.018795616,-0.026436539,-0.026436539,INFEASIBLE,0,10742.094,1317.8786,0.035757362,0.29368322,15,1.5,0.02,0.04,-0.05,40,40,40,40,40,10,0
7.075,42.150668,-9.9406933,-0.033327143,0.018320119,-42.150668,9.9406933,0.033327143,-0.018320119,-0.027041343,-0.027041343,INFEASIBLE,0,10750.978,1318.3726,0.035762916,0.2936849,15,1.5,0.02,0.04,-0.05,40,40,40,40,40,10,0
7.08,42.10089,-9.9561529,-0.033220975,0.019601887,-42.10089,9.9561529,0.033220975,-0.019601887,-0.025140094,-0.025140094,INFEASIBLE,0,10759.84,1318.8683,0.035768434,0.29368682,15,1.5,0.02,0.04,-0.05,40,40,40,40,40,10,0
7.085,42.051062,-9.9617148,-0.033114832,0.01845067,-42.051062,9.9617148,0.033114832,-0.01845067,-0.026493824,-0.026493824,INFEASIBLE,0,10768.682,1319.3644,0.035773917,0.29368852,15,1.5,0.02,0.04,-0.05,40,40,40,40,40,10,0
7.09,42.001168,-9.9784388,-0.032999083,0.01966282,-42.001168,9.9784388,0.032999083,-0.01966282,-0.024606208,-0.024606208,INFEASIBLE,0,10777.502,1319.8623,0.035779361,0.29369045,15,1.5,0.02,0.04,-0.05,40,40,40,40,40,10,0
7.095,41.951207,-9.9883791,-0.032881315,0.019133628,-41.951207,9.9883791,0.032881315,-0.019133628,-0.025030318,-0.025030318,INFEASIBLE,0,10786.302,1320.3611,0.035784767,0.29369228,15,1.5,0.02,0.04,-0.05,40,40,40,40,40,10,0
7.1,41.90118,-10.021468,-0.03276199,0.023251701,-41.90118,10.021468,0.03276199,-0.023251701,-0.01938744,-0.01938744,INFEASIBLE,0,10795.08,1320.8633,0.035790134,0.29369499,15,1.5,0.02,0.04,-0.05,40,40,40,40,40,10,0
7.105,41.851128,-10.022982,-0.032648734,0.025834863,-41.851128,10.022982,0.032648734,-0.025834863,-0.01487541,-0.01487541,INFEASIBLE,0,10803.838,1321.3656,0.035795464,0.29369832,15,1.5,0.02,0.04,-0.05,40,40,40,40,40,10,0
7.11,41.801089,-10.016574,-0.032561464,0.019400531,-41.801089,10.016574,0.032561464,-0.019400531,-0.02396233,-0.02396233,INFEASIBLE,0,10812.574,1321.8672,0.035800765,0.2937002,15,1.5,0.02,0.04,-0.05,40,40,40,40,40,10,0
7.115,41.751038,-10.02322,-0.032487027,0.018702561,-41.751038,10.02322,0.032487027,-0.018702561,-0.025159627,-0.025159627,INFEASIBLE,0,10821.29,1322.3696,0.035806042,0.29370195,15,1.5,0.02,0.04,-0.05,40,40,40,40,40,10,0
7.12,41.700927,-10.029742,-0.032413533,0.017838234,-41.700927,10.029742,0.032413533,-0.017838234,-0.026616759,-0.026616759,INFEASIBLE,0,10829.985,1322.8725,0.035811295,0.29370354,15,1.5,0.02,0.04,-0.05,40,40,40,40,40,10,0
7.125,41.65072,-10.046194,-0.032325453,0.019401489,-41.65072,10.046194,0.032325453,-0.019401489,-0.024612928,-0.024612928,INFEASIBLE,0,10838.659,1323.3772,0.03581652,0.29370543,15,1.5,0.02,0.04,-0.05,40,40,40,40,40,10,0
7.13,41.600459,-10.057441,-0.032232482,0.019567765,-41.600459,10.057441,0.032232482,-0.019567765,-0.024424027,-0.024424027,INFEASIBLE,0,10847.312,1323.8829,0.035821715,0.29370734,15,1.5,0.02,0.04,-0.05,40,40,40,40,40,10,0
7.135,41.550117,-10.062716,-0.032146323,0.019047482,-41.550117,10.062716,0.032146323,-0.019047482,-0.025129935,-0.025129935,INFEASIBLE,0,10855.944,1324.3892,0.035826882,0.29370916,15,1.5,0.02,0.04,-0.05,40,40,40,40,40,10,0
7.14,41.499757,-10.073967,-0.032050773,0.018789729,-41.499757,10.073967,0.032050773,-0.018789729,-0.025540545,-0.025540545,INFEASIBLE,0,10864.555,1324.8967,0.035832018,0.29371092,15,1.5,0.02,0.04,-0.05,40,40,40,40,40,10,0
7.145,41.449351,-10.082799,-0.031955088,0.018924893,-41.449351,10.082799,0.031955088,-0.018924893,-0.025263933,-0.025263933,INFEASIBLE,0,10873.145,1325.405,0.035837123,0.29371271,15,1.5,0.02,0.04,-0.05,40,40,40,40,40,10,0
7.15,41.398883,-10.089853,-0.031857578,0.018096398,-41.398883,10.089853,0.031857578,-0.018096398,-0.026335538,-0.026335538,INFEASIBLE,0,10881.715,1325.914,0.035842198,0.29371435,15,1.5,0.02,0.04,-0.05,40,40,40,40,40,10,0
7.155,41.348368,-10.101795,-0.031753184,0.018829615,-41.348368,10.101795,0.031753184,-0.018829615,-0.02515777,-0.02515777,INFEASIBLE,0,10890.263,1326.4242,0.035847239,0.29371612,15,1.5,0.02,0.04,-0.05,40,40,40,40,40,10,0
7.16,41.297774,-10.115802,-0.031642536,0.019227837,-41.297774,10.115802,0.031642536,-0.019227837,-0.024472912,-0.024472912,INFEASIBLE,0,10898.791,1326.9359,0.035852246,0.29371797,15,1.5,0.02,0.04,-0.05,40,40,40,40,40,10,0
7.165,41.247128,-10.123294,-0.031532625,0.018828743,-41.247128,10.123294,0.031532625,-0.018828743,-0.024735444,-0.024735444,INFEASIBLE,0,10907.297,1327.4483,0.035857217,0.29371974,15,1.5,0.02,0.04,-0.05,40,40,40,40,40,10,0
7.17,41.196441,-10.135743,-0.031416407,0.019624069,-41.196441,10.135743,0.031416407,-0.019624069,-0.023310921,-0.023310921,INFEASIBLE,0,10915.783,1327.9619,0.035862152,0.29372167,15,1.5,0.02,0.04,-0.05,40,40,40,40,40,10,0
7.175,41.145683,-10.166256,-0.031298057,0.022863684,-41.145683,10.166256,0.031298057,-0.022863684,-0.018911927,-0.018911927,INFEASIBLE,0,10924.248,1328.4787,0.03586705,0.29372428,15,1.5,0.02,0.04,-0.05,40,40,40,40,40,10,0
7.18,41.094887,-10.161605,-0.031188847,0.023121193,-41.094887,10.161605,0.031188847,-0.023121193,-0.017717385,-0.017717385,INFEASIBLE,0,10932.692,1328.995,0.035871914,0.29372695,15,1.5,0.02,0.04,-0.05,40,40,40,40,40,10,0
7.185,41.044066,-10.166999,-0.031089381,0.020978699,-41.044066,10.166999,0.031089381,-0.020978699,-0.020671308,-0.020671308,INFEASIBLE,0,10941.115,1329.5118,0.035876746,0.29372916,15,1.5,0.02,0.04,-0.05,40,40,40,40,40,10,0
7.19,40.993219,-10.174827,-0.03099647,0.020163412,-40.993219,10.174827,0.03099647,-0.020163412,-0.021830623,-0.021830623,INFEASIBLE,0,10949.517,1330.0295,0.03588155,0.29373119,15,1.5,0.02,0.04,-0.05,40,40,40,40,40,10,0
7.195,40.942309,-10.187619,-0.030902963,0.020334871,-40.942309,10.187619,0.030902963,-0.020334871,-0.021700719,-0.021700719,INFEASIBLE,0,10957.898,1330.5484,0.035886325,0.29373326,15,1.5,0.02,0.04,-0.05,40,40,40,40,40,10,0
7.2,40.891346,-10.197605,-0.03080907,0.020478261,-40.891346,10.197605,0.03080907,-0.020478261,-0.02149595,-0.02149595,INFEASIBLE,0,10966.259,1331.0684,0.035891071,0.29373535,15,1.5,0.02,0.04,-0.05,40,40,40,40,40,10,0
7.205,40.840301,-10.212778,-0.030710407,0.021422996,-40.840301,10.212778,0.030710407,-0.021422996,-0.020226721,-0.020226721,INFEASIBLE,0,10974.599,1331.5899,0.035895787,0.29373765,15,1.5,0.02,0.04,-0.05,40,40,40,40,40,10,0
7.21,40.789228,-10.220312,-0.030613897,0.020492253,-40.789228,10.220312,0.030613897,-0.020492253,-0.021497985,-0.021497985,INFEASIBLE,0,10982.917,1332.1121,0.035900473,0.29373975,15,1.5,0.02,0.04,-0.05,40,40,40,40,40,10,0
7.215,40.738057,-10.23598,-0.030514911,0.020974236,-40.738057,10.23598,0.030514911,-0.020974236,-0.020940364,-0.020940364,INFEASIBLE,0,10991.215,1332.636,0.035905129,0.29374195,15,1.5,0.02,0.04,-0.05,40,40,40,40,40,10,0
7.22,40.686846,-10.244963,-0.030412045,0.021196779,-40.686846,10.244963,0.030412045,-0.021196779,-0.020447088,-0.020447088,INFEASIBLE,0,10999.492,1333.1608,0.035909753,0.29374419,15,1.5,0.02,0.04,-0.05,40,40,40,40,40,10,0
7.225,40.635556,-10.257523,-0.030306832,0.021403913,-40.635556,10.257523,0.030306832,-0.021403913,-0.02008639,-0.02008639,INFEASIBLE,0,11007.749,1333.6869,0.035914346,0.29374648,15,1.5,0.02,0.04,-0.05,40,40,40,40,40,10,0
7.23,40.584212,-10.267377,-0.030201696,0.020843229,-40.584212,10.267377,0.030201696,-0.020843229,-0.020771447,-0.020771447,INFEASIBLE,0,11015.984,1334.214,0.035918906,0.29374866,15,1.5,0.02,0.04,-0.05,40,40,40,40,40,10,0
7.235,40.532805,-10.284806,-0.030098365,0.019929606,-40.532805,10.284806,0.030098365,-0.019929606,-0.022317206,-0.022317206,INFEASIBLE,0,11024.199,1334.7429,0.035923436,0.29375064,15,1.5,0.02,0.04,-0.05,40,40,40,40,40,10,0
7.24,40.481381,-10.286668,-0.029994819,0.020753153,-40.481381,10.286668,0.029994819,-0.020753153,-0.020631658,-0.020631658,INFEASIBLE,0,11032.392,1335.272,0.035927934,0.2937528,15,1.5,0.02,0.04,-0.05,40,40,40,40,40,10,0
7.245,40.429906,-10.290067,-0.02989362,0.018273151,-40.429906,10.290067,0.02989362,-0.018273151,-0.023999115,-0.023999115,INFEASIBLE,0,11040.565,1335.8014,0.035932403,0.29375446,15,1.5,0.02,0.04,-0.05,40,40,40,40,40,10,0
7.25,40.378386,-10.304673,-0.029788387,0.019571352,-40.378386,10.304673,0.029788387,-0.019571352,-0.022087984,-0.022087984,INFEASIBLE,0,11048.717,1336.3323,0.035936839,0.29375638,15,1.5,0.02,0.04,-0.05,40,40,40,40,40,10,0
7.255,40.326826,-10.306225,-0.029690793,0.017865881,-40.326826,10.306225,0.029690793,-0.017865881,-0.024275533,-0.024275533,INFEASIBLE,0,11056.849,1336.8634,0.035941247,0.29375798,15,1.5,0.02,0.04,-0.05,40,40,40,40,40,10,0
7.26,40.275236,-10.316873,-0.029588682,0.018541153,-40.275236,10.316873,0.029588682,-0.018541153,-0.023188707,-0.023188707,INFEASIBLE,0,11064.959,1337.3956,0.035945624,0.29375969,15,1.5,0.02,0.04,-0.05,40,40,40,40,40,10,0
7.265,40.223579,-10.326551,-0.029482927,0.017997223,-40.223579,10.326551,0.029482927,-0.017997223,-0.023838544,-0.023838544,INFEASIBLE,0,11073.049,1337.9288,0.035949971,0.29376131,15,1.5,0.02,0.04,-0.05,40,40,40,40,40,10,0
7.27,40.171871,-10.34409,-0.029379844,0.017372986,-40.171871,10.34409,0.029379844,-0.017372986,-0.024964354,-0.024964354,INFEASIBLE,0,11081.118,1338.4638,0.035954287,0.29376282,15,1.5,0.02,0.04,-0.05,40,40,40,40,40,10,0
7.275,40.120092,-10.34291,-0.029274793,0.018500412,-40.120092,10.34291,0.029274793,-0.018500412,-0.022685853,-0.022685853,INFEASIBLE,0,11089.166,1338.9987,0.035958572,0.29376453,15,1.5,0.02,0.04,-0.05,40,40,40,40,40,10,0
7.28,40.068315,-10.35273,-0.02916212,0.018744575,-40.068315,10.35273,0.02916212,-0.018744575,-0.022057852,-0.022057852,INFEASIBLE,0,11097.193,1339.5346,0.035962824,0.29376629,15,1.5,0.02,0.04,-0.05,40,40,40,40,40,10,0
7.285,40.016494,-10.35926,-0.029050666,0.018113232,-40.016494,10.35926,0.029050666,-0.018113232,-0.022630652,-0.022630652,INFEASIBLE,0,11105.2,1340.0711,0.035967043,0.29376793,15,1.5,0.02,0.04,-0.05,40,40,40,40,40,10,0
7.29,39.964641,-10.365675,-0.028941497,0.017891928,-39.964641,10.365675,0.028941497,-0.017891928,-0.022618717,-0.022618717,INFEASIBLE,0,11113.185,1340.6084,0.035971232,0.29376953,15,1.5,0.02,0.04,-0.05,40,40,40,40,40,10,0
7.295,39.912738,-10.395083,-0.028830617,0.02152339,-39.912738,10.395083,0.028830617,-0.02152339,-0.017722739,-0.017722739,INFEASIBLE,0,11121.151,1341.1487,0.035975388,0.29377185,15,1.5,0.02,0.04,-0.05,40,40,40,40,40,10,0
7.3,39.860822,-10.392092,-0.028732501,0.016774128,-39.860822,10.392092,0.028732501,-0.016774128,-0.024293576,-0.024293576,INFEASIBLE,0,11129.095,1341.6886,0.035979515,0.29377326,15,1.5,0.02,0.04,-0.05,40,40,40,40,40,10,0
7.305,39.808845,-10.405603,-0.02863322,0.024790595,-39.808845,10.405603,0.02863322,-0.024790595,-0.012359635,-0.012359635,INFEASIBLE,0,11137.019,1342.23,0.035983615,0.29377633,15,1.5,0.02,0.04,-0.05,40,40,40,40,40,10,0
7.31,39.756886,-10.393723,-0.028551234,0.013378978,-39.756886,10.393723,0.028551234,-0.013378978,-0.028811209,-0.028811209,INFEASIBLE,0,11144.922,1342.7702,0.03598769,0.29377722,15,1.5,0.02,0.04,-0.05,40,40,40,40,40,10,0
7.315,39.704914,-10.411904,-0.028470022,0.02187129,-39.704914,10.411904,0.028470022,-0.02187129,-0.016621277,-0.016621277,INFEASIBLE,0,11152.804,1343.3122,0.035991743,0.29377962,15,1.5,0.02,0.04,-0.05,40,40,40,40,40,10,0
7.32,39.652919,-10.409752,-0.028394302,0.017834637,-39.652919,10.409752,0.028394302,-0.017834637,-0.022494284,-0.022494284,INFEASIBLE,0,11160.666,1343.854,0.035995774,0.29378121,15,1.5,0.02,0.04,-0.05,40,40,40,40,40,10,0
7.325,39.600883,-10.415343,-0.028323094,0.017463333,-39.600883,10.415343,0.028323094,-0.017463333,-0.023247466,-0.023247466,INFEASIBLE,0,11168.507,1344.3964,0.035999785,0.29378273,15,1.5,0.02,0.04,-0.05,40,40,40,40,40,10,0
7.33,39.54877,-10.432206,-0.028238348,0.019405204,-39.54877,10.432206,0.028238348,-0.019405204,-0.020780246,-0.020780246,INFEASIBLE,0,11176.328,1344.9406,0.036003772,0.29378461,15,1.5,0.02,0.04,-0.05,40,40,40,40,40,10,0
7.335,39.496626,-10.43539,-0.028160898,0.018172489,-39.496626,10.43539,0.028160898,-0.018172489,-0.02263783,-0.02263783,INFEASIBLE,0,11184.128,1345.4851,0.036007738,0.29378626,15,1.5,0.02,0.04,-0.05,40,40,40,40,40,10,0
7.34,39.444468,-10.440726,-0.028086806,0.017991115,-39.444468,10.440726,0.028086806,-0.017991115,-0.023055103,-0.023055103,INFEASIBLE,0,11191.907,1346.0301,0.036011682,0.29378788,15,1.5,0.02,0.04,-0.05,40,40,40,40,40,10,0
7.345,39.392251,-10.450576,-0.02800509,0.01838276,-39.392251,10.450576,0.02800509,-0.01838276,-0.022680241,-0.022680241,INFEASIBLE,0,11199.666,1346.5762,0.036015603,0.29378957,15,1.5,0.02,0.04,-0.05,40,40,40,40,40,10,0
7.35,39.339991,-10.458835,-0.02792104,0.018841712,-39.339991,10.458835,0.02792104,-0.018841712,-0.022106605,-0.022106605,INFEASIBLE,0,11207.404,1347.1231,0.036019501,0.29379135,15,1.5,0.02,0.04,-0.05,40,40,40,40,40,10,0
7.355,39.287703,-10.463272,-0.027838166,0.018362179,-39.287703,10.463272,0.027838166,-0.018362179,-0.022806066,-0.022806066,INFEASIBLE,0,11215.121,1347.6705,0.036023376,0.29379303,15,1.5,0.02,0.04,-0.05,40,40,40,40,40,10,0
7.36,39.235351,-10.472604,-0.027750957,0.018610371,-39.235351,10.472604,0.027750957,-0.018610371,-0.022545945,-0.022545945,INFEASIBLE,0,11222.818,1348.2189,0.036027227,0.29379477,15,1.5,0.02,0.04,-0.05,40,40,40,40,40,10,0
7.365,39.18295,-10.479967,-0.027664989,0.018880642,-39.18295,10.479967,0.027664989,-0.018880642,-0.022193543,-0.022193543,INFEASIBLE,0,11230.495,1348.768,0.036031053,0.29379655,15,1.5,0.02,0.04,-0.05,40,40,40,40,40,10,0
7.37,39.130472,-10.513009,-0.027583298,0.016765955,-39.130472,10.513009,0.027583298,-0.016765955,-0.026511438,-0.026511438,INFEASIBLE,0,11238.151,1349.3207,0.036034858,0.29379795,15,1.5,0.02,0.04,-0.05,40,40,40,40,40,10,0
7.375,39.077981,-10.503538,-0.027480665,0.021565708,-39.077981,10.503538,0.027480665,-0.021565708,-0.018443321,-0.018443321,INFEASIBLE,0,11245.786,1349.8723,0.036038634,0.29380028,15,1.5,0.02,0.04,-0.05,40,40,40,40,40,10,0
7.38,39.025436,-10.509576,-0.027375274,0.020419653,-39.025436,10.509576,0.027375274,-0.020419653,-0.019873965,-0.019873965,INFEASIBLE,0,11253.401,1350.4245,0.036042381,0.29380236,15,1.5,0.02,0.04,-0.05,40,40,40,40,40,10,0
7.385,38.972885,-10.508244,-0.027285273,0.018089075,-38.972885,10.508244,0.027285273,-0.018089075,-0.023017539,-0.023017539,INFEASIBLE,0,11260.996,1350.9766,0.036046103,0.293804,15,1.5,0.02,0.04,-0.05,40,40,40,40,40,10,0
7.39,38.92031,-10.516757,-0.027192359,0.018852182,-38.92031,10.516757,0.027192359,-0.018852182,-0.021871176,-0.021871176,INFEASIBLE,0,11268.57,1351.5297,0.0360498,0.29380578,15,1.5,0.02,0.04,-0.05,40,40,40,40,40,10,0
7.395,38.867663,-10.527705,-0.027092422,0.019273278,-38.867663,10.527705,0.027092422,-0.019273278,-0.021231365,-0.021231365,INFEASIBLE,0,11276.123,1352.0838,0.03605347,0.29380763,15,1.5,0.02,0.04,-0.05,40,40,40,40,40,10,0
7.4,38.814999,-10.532927,-0.026996296,0.018912409,-38.814999,10.532927,0.026996296,-0.018912409,-0.021592926,-0.021592926,INFEASIBLE,0,11283.656,1352.6385,0.036057114,0.29380942,15,1.5,0.02,0.04,-0.05,40,40,40,40,40,10,0
7.405,38.762277,-10.541361,-0.026896599,0.019050351,-38.762277,10.541361,0.026896599,-0.019050351,-0.021282374,-0.021282374,INFEASIBLE,0,11291.169,1353.1941,0.036060731,0.29381124,15,1.5,0.02,0.04,-0.05,40,40,40,40,40,10,0
7.41,38.709553,-10.543499,-0.026803413,0.017963428,-38.709553,10.543499,0.026803413,-0.017963428,-0.022654955,-0.022654955,INFEASIBLE,0,11298.661,1353.75,0.036064323,0.29381285,15,1.5,0.02,0.04,-0.05,40,40,40,40,40,10,0
7.415,38.656778,-10.554464,-0.026707424,0.01832608,-38.656778,10.554464,0.026707424,-0.01832608,-0.022165249,-0.022165249,INFEASIBLE,0,11306.133,1354.3069,0.03606789,0.29381453,15,1.5,0.02,0.04,-0.05,40,40,40,40,40,10,0
7.42,38.603984,-10.556884,-0.026611079,0.018124317,-38.603984,10.556884,0.026611079,-0.018124317,-0.022175366,-0.022175366,INFEASIBLE,0,11313.584,1354.8642,0.036071431,0.29381617,15,1.5,0.02,0.04,-0.05,40,40,40,40,40,10,0
7.425,38.551139,-10.5681,-0.02650778,0.01916571,-38.551139,10.5681,0.02650778,-0.01916571,-0.020569369,-0.020569369,INFEASIBLE,0,11321.015,1355.4226,0.036074944,0.29381801,15,1.5,0.02,0.04,-0.05,40,40,40,40,40,10,0
7.43,38.498261,-10.57079,-0.026410438,0.018179448,-38.498261,10.57079,0.026410438,-0.018179448,-0.02175379,-0.02175379,INFEASIBLE,0,11328.426,1355.9813,0.036078431,0.29381966,15,1.5,0.02,0.04,-0.05,40,40,40,40,40,10,0
7.435,38.445348,-10.582193,-0.026307135,0.019084342,-38.445348,10.582193,0.026307135,-0.019084342,-0.020361265,-0.020361265,INFEASIBLE,0,11335.816,1356.5412,0.036081892,0.29382148,15,1.5,0.02,0.04,-0.05,40,40,40,40,40,10,0
7.44,38.39239,-10.588898,-0.026202428,0.018826886,-38.39239,10.588898,0.026202428,-0.018826886,-0.020504208,-0.020504208,INFEASIBLE,0,11343.186,1357.1019,0.036085325,0.29382325,15,1.5,0.02,0.04,-0.05,40,40,40,40,40,10,0
7.445,38.339418,-10.587724,-0.026108384,0.017149808,-38.339418,10.587724,0.026108384,-0.017149808,-0.022621635,-0.022621635,INFEASIBLE,0,11350.535,1357.6624,0.036088733,0.29382472,15,1.5,0.02,0.04,-0.05,40,40,40,40,40,10,0
7.45,38.286396,-10.602572,-0.02600557,0.018379534,-38.286396,10.602572,0.02600557,-0.018379534,-0.020889215,-0.020889215,INFEASIBLE,0,11357.864,1358.2244,0.036092114,0.29382641,15,1.5,0.02,0.04,-0.05,40,40,40,40,40,10,0
7.455,38.23335,-10.605489,-0.025903613,0.018209513,-38.23335,10.605489,0.025903613,-0.018209513,-0.020792477,-0.020792477,INFEASIBLE,0,11365.173,1358.7868,0.036095469,0.29382807,15,1.5,0.02,0.04,-0.05,40,40,40,40,40,10,0
7.46,38.18028,-10.610965,-0.025803109,0.018111234,-38.18028,10.610965,0.025803109,-0.018111234,-0.020712771,-0.020712771,INFEASIBLE,0,11372.462,1359.3498,0.036098798,0.29382971,15,1.5,0.02,0.04,-0.05,40,40,40,40,40,10,0
7.465,38.127181,-10.616867,-0.025702797,0.018024203,-38.127181,10.616867,0.025702797,-0.018024203,-0.020636701,-0.020636701,INFEASIBLE,0,11379.73,1359.9134,0.036102101,0.29383134,15,1.5,0.02,0.04,-0.05,40,40,40,40,40,10,0
7.47,38.074031,-10.625547,-0.025600505,0.017536442,-38.074031,10.625547,0.025600505,-0.017536442,-0.021244173,-0.021244173,INFEASIBLE,0,11386.979,1360.4779,0.036105378,0.29383287,15,1.5,0.02,0.04,-0.05,40,40,40,40,40,10,0
7.475,38.020838,-10.640581,-0.025500039,0.017271289,-38.020838,10.640581,0.025500039,-0.017271289,-0.021800119,-0.021800119,INFEASIBLE,0,11394.207,1361.044,0.03610863,0.29383437,15,1.5,0.02,0.04,-0.05,40,40,40,40,40,10,0
7.48,37.967597,-10.648,-0.025397872,0.017648576,-37.967597,10.648,0.025397872,-0.017648576,-0.021063273,-0.021063273,INFEASIBLE,0,11401.414,1361.6109,0.036111855,0.29383592,15,1.5,0.02,0.04,-0.05,40,40,40,40,40,10,0
7.485,37.914297,-10.652816,-0.025296627,0.017526002,-37.914297,10.652816,0.025296627,-0.017526002,-0.020987099,-0.020987099,INFEASIBLE,0,11408.602,1362.1783,0.036115054,0.29383746,15,1.5,0.02,0.04,-0.05,40,40,40,40,40,10,0
7.49,37.86101,-10.657803,-0.02519388,0.017388996,-37.86101,10.657803,0.02519388,-0.017388996,-0.020916606,-0.020916606,INFEASIBLE,0,11415.769,1362.7462,0.036118228,0.29383897,15,1.5,0.02,0.04,-0.05,40,40,40,40,40,10,0
7.495,37.807656,-10.663681,-0.025094646,0.017135396,-37.807656,10.663681,0.025094646,-0.017135396,-0.021110708,-0.021110708,INFEASIBLE,0,11422.916,1363.3148,0.036121377,0.29384044,15,1.5,0.02,0.04,-0.05,40,40,40,40,40,10,0
7.5,37.754308,-10.655688,-0.024999418,0.017104824,-37.754308,10.655688,0.024999418,-0.017104824,-0.020475399,-0.020475399,INFEASIBLE,0,11430.043,1363.8825,0.036124502,0.2938419,15,1.5,0.02,0.04,-0.05,40,40,40,40,40,10,0
7.505,37.700971,-10.661468,-0.024901157,0.016350889,-37.700971,10.661468,0.024901157,-0.016350889,-0.021430332,-0.021430332,INFEASIBLE,0,11437.15,1364.4509,0.036127602,0.29384324,15,1.5,0.02,0.04,-0.05,40,40,40,40,40,10,0
7.51,37.64761,-10.66614,-0.024805747,0.016518691,-37.64761,10.66614,0.024805747,-0.016518691,-0.021001571,-0.021001571,INFEASIBLE,0,11444.237,1365.0197,0.036130679,0.2938446,15,1.5,0.02,0.04,-0.05,40,40,40,40,40,10,0
7.515,37.594217,-10.67652,-0.02470194,0.017654949,-37.594217,10.67652,0.02470194,-0.017654949,-0.019223131,-0.019223131,INFEASIBLE,0,11451.303,1365.5896,0.03613373,0.29384616,15,1.5,0.02,0.04,-0.05,40,40,40,40,40,10,0
7.52,37.540785,-10.67997,-0.024603588,0.016593378,-37.540785,10.67997,0.024603588,-0.016593378,-0.020546871,-0.020546871,INFEASIBLE,0,11458.35,1366.1599,0.036136756,0.29384754,15,1.5,0.02,0.04,-0.05,40,40,40,40,40,10,0
7.525,37.487328,-10.68955,-0.024500291,0.017971644,-37.487328,10.68955,0.024500291,-0.017971644,-0.018382323,-0.018382323,INFEASIBLE,0,11465.376,1366.7313,0.036139758,0.29384915,15,1.5,0.02,0.04,-0.05,40,40,40,40,40,10,0
7.53,37.433833,-10.693202,-0.024401686,0.016535875,-37.433833,10.693202,0.024401686,-0.016535875,-0.020272881,-0.020272881,INFEASIBLE,0,11472.383,1367.303,0.036142735,0.29385052,15,1.5,0.02,0.04,-0.05,40,40,40,40,40,10,0
7.535,37.380322,-10.695707,-0.024307037,0.015770168,-37.380322,10.695707,0.024307037,-0.015770168,-0.021172155,-0.021172155,INFEASIBLE,0,11479.369,1367.875,0.036145689,0.29385176,15,1.5,0.02,0.04,-0.05,40,40,40,40,40,10,0
7.54,37.326803,-10.699272,-0.024213634,0.015619214,-37.326803,10.699272,0.024213634,-0.015619214,-0.021210519,-0.021210519,INFEASIBLE,0,11486.336,1368.4474,0.03614862,0.29385298,15,1.5,0.02,0.04,-0.05,40,40,40,40,40,10,0
7.545,37.273269,-10.702891,-0.024120826,0.015496997,-37.273269,10.702891,0.024120826,-0.015496997,-0.021217136,-0.021217136,INFEASIBLE,0,11493.282,1369.0201,0.03615153,0.29385418,15,1.5,0.02,0.04,-0.05,40,40,40,40,40,10,0
7.55,37.219695,-10.711324,-0.024021734,0.016771847,-37.219695,10.711324,0.024021734,-0.016771847,-0.019227291,-0.019227291,INFEASIBLE,0,11500.209,1369.5938,0.036154415,0.29385559,15,1.5,0.02,0.04,-0.05,40,40,40,40,40,10,0
7.555,37.166081,-10.719964,-0.023920472,0.017331018,-37.166081,10.719964,0.023920472,-0.017331018,-0.018287483,-0.018287483,INFEASIBLE,0,11507.115,1370.1684,0.036157276,0.29385709,15,1.5,0.02,0.04,-0.05,40,40,40,40,40,10,0
7.56,37.11243,-10.726554,-0.023817959,0.017010419,-37.11243,10.726554,0.023817959,-0.017010419,-0.018567325,-0.018567325,INFEASIBLE,0,11514.002,1370.7437,0.036160112,0.29385854,15,1.5,0.02,0.04,-0.05,40,40,40,40,40,10,0
7.565,37.058756,-10.72571,-0.023723594,0.015203288,-37.058756,10.72571,0.023723594,-0.015203288,-0.020902264,-0.020902264,INFEASIBLE,0,11520.869,1371.3189,0.036162926,0.29385969,15,1.5,0.02,0.04,-0.05,40,40,40,40,40,10,0
7.57,37.005067,-10.737023,-0.023626539,0.016941684,-37.005067,10.737023,0.023626539,-0.016941684,-0.018365155,-0.018365155,INFEASIBLE,0,11527.715,1371.8953,0.036165717,0.29386113,15,1.5,0.02,0.04,-0.05,40,40,40,40,40,10,0
7.575,36.951329,-10.743101,-0.023525294,0.016762909,-36.951329,10.743101,0.023525294,-0.016762909,-0.018432487,-0.018432487,INFEASIBLE,0,11534.542,1372.4724,0.036168484,0.29386253,15,1.5,0.02,0.04,-0.05,40,40,40,40,40,10,0
7.58,36.897571,-10.743755,-0.023432516,0.015321025,-36.897571,10.743755,0.023432516,-0.015321025,-0.020304987,-0.020304987,INFEASIBLE,0,11541.35,1373.0495,0.03617123,0.29386371,15,1.5,0.02,0.04,-0.05,40,40,40,40,40,10,0
7.585,36.843796,-10.752644,-0.023335966,0.016660829,-36.843796,10.752644,0.023335966,-0.016660829,-0.018278076,-0.018278076,INFEASIBLE,0,11548.137,1373.6276,0.036173953,0.2938651,15,1.5,0.02,0.04,-0.05,40,40,40,40,40,10,0
7.59,36.789982,-10.758266,-0.023236479,0.016470963,-36.789982,10.758266,0.023236479,-0.016470963,-0.018371754,-0.018371754,INFEASIBLE,0,11554.904,1374.2063,0.036176652,0.29386645,15,1.5,0.02,0.04,-0.05,40,40,40,40,40,10,0
7.595,36.736146,-10.761072,-0.023144879,0.01527371,-36.736146,10.761072,0.023144879,-0.01527371,-0.019982568,-0.019982568,INFEASIBLE,0,11561.652,1374.7853,0.036179331,0.29386762,15,1.5,0.02,0.04,-0.05,40,40,40,40,40,10,0
7.6,36.682295,-10.762657,-0.023056488,0.014457087,-36.682295,10.762657,0.023056488,-0.014457087,-0.021022079,-0.021022079,INFEASIBLE,0,11568.38,1375.3645,0.036181989,0.29386866,15,1.5,0.02,0.04,-0.05,40,40,40,40,40,10,0
7.605,36.628423,-10.772586,-0.022961858,0.01631736,-36.628423,10.772586,0.022961858,-0.01631736,-0.018286818,-0.018286818,INFEASIBLE,0,11575.088,1375.9447,0.036184625,0.29387,15,1.5,0.02,0.04,-0.05,40,40,40,40,40,10,0
7.61,36.574516,-10.774307,-0.022870591,0.015127991,-36.574516,10.774307,0.022870591,-0.015127991,-0.019848838,-0.019848838,INFEASIBLE,0,11581.777,1376.5251,0.03618724,0.29387114,15,1.5,0.02,0.04,-0.05,40,40,40,40,40,10,0
7.615,36.520588,-10.783286,-0.022775041,0.016488187,-36.520588,10.783286,0.022775041,-0.016488187,-0.017812999,-0.017812999,INFEASIBLE,0,11588.446,1377.1065,0.036189834,0.2938725,15,1.5,0.02,0.04,-0.05,40,40,40,40,40,10,0
7.62,36.466629,-10.784934,-0.022683781,0.01520434,-36.466629,10.784934,0.022683781,-0.01520434,-0.019515004,-0.019515004,INFEASIBLE,0,11595.095,1377.6881,0.036192407,0.29387366,15,1.5,0.02,0.04,-0.05,40,40,40,40,40,10,0
7.625,36.412656,-10.78854,-0.022595039,0.015064477,-36.412656,10.78854,0.022595039,-0.015064477,-0.019617358,-0.019617358,INFEASIBLE,0,11601.724,1378.2701,0.036194959,0.29387479,15,1.5,0.02,0.04,-0.05,40,40,40,40,40,10,0
7.63,36.358653,-10.799228,-0.022499062,0.01670654,-36.358653,10.799228,0.022499062,-0.01670654,-0.017222187,-0.017222187,INFEASIBLE,0,11608.334,1378.8532,0.03619749,0.29387619,15,1.5,0.02,0.04,-0.05,40,40,40,40,40,10,0
7.635,36.304613,-10.801262,-0.022407294,0.015356233,-36.304613,10.801262,0.022407294,-0.015356233,-0.019033303,-0.019033303,INFEASIBLE,0,11614.924,1379.4365,0.036200001,0.29387736,15,1.5,0.02,0.04,-0.05,40,40,40,40,40,10,0
7.64,36.250568,-10.805785,-0.022317536,0.01519482,-36.250568,10.805785,0.022317536,-0.01519482,-0.019190834,-0.019190834,INFEASIBLE,0,11621.494,1380.0204,0.036202491,0.29387852,15,1.5,0.02,0.04,-0.05,40,40,40,40,40,10,0
7.645,36.196497,-10.807022,-0.022228771,0.014973239,-36.196497,10.807022,0.022228771,-0.014973239,-0.019322659,-0.019322659,INFEASIBLE,0,11628.045,1380.6043,0.036204962,0.29387964,15,1.5,0.02,0.04,-0.05,40,40,40,40,40,10,0
7.65,36.142404,-10.817689,-0.022143973,0.014017202,-36.142404,10.817689,0.022143973,-0.014017202,-0.020993279,-0.020993279,INFEASIBLE,0,11634.577,1381.1894,0.036207414,0.29388062,15,1.5,0.02,0.04,-0.05,40,40,40,40,40,10,0
7.655,36.088264,-10.816815,-0.022056806,0.015559162,-36.088264,10.816815,0.022056806,-0.015559162,-0.018420651,-0.018420651,INFEASIBLE,0,11641.089,1381.7744,0.036209846,0.29388183,15,1.5,0.02,0.04,-0.05,40,40,40,40,40,10,0
7.66,36.034124,-10.828804,-0.021968731,0.01482877,-36.034124,10.828804,0.021968731,-0.01482877,-0.019757483,-0.019757483,INFEASIBLE,0,11647.581,1382.3608,0.036212259,0.29388293,15,1.5,0.02,0.04,-0.05,40,40,40,40,40,10,0
7.665,35.979917,-10.832382,-0.021882822,0.014744228,-35.979917,10.832382,0.021882822,-0.014744228,-0.019822913,-0.019822913,INFEASIBLE,0,11654.054,1382.9475,0.036214653,0.29388402,15,1.5,0.02,0.04,-0.05,40,40,40,40,40,10,0
7.67,35.925759,-10.827335,-0.021795614,0.015536379,-35.925759,10.827335,0.021795614,-0.015536379,-0.018207852,-0.018207852,INFEASIBLE,0,11660.507,1383.5336,0.036217029,0.29388523,15,1.5,0.02,0.04,-0.05,40,40,40,40,40,10,0
7.675,35.871568,-10.832573,-0.021706372,0.015209297,-35.871568,10.832573,0.021706372,-0.015209297,-0.018653197,-0.018653197,INFEASIBLE,0,11666.941,1384.1203,0.036219385,0.29388638,15,1.5,0.02,0.04,-0.05,40,40,40,40,40,10,0
7.68,35.817343,-10.846152,-0.021618636,0.015077315,-35.817343,10.846152,0.021618636,-0.015077315,-0.019162798,-0.019162798,INFEASIBLE,0,11673.355,1384.7085,0.036221721,0.29388752,15,1.5,0.02,0.04,-0.05,40,40,40,40,40,10,0
7.685,35.763109,-10.840781,-0.021530329,0.015832011,-35.763109,10.840781,0.021530329,-0.015832011,-0.017575965,-0.017575965,INFEASIBLE,0,11679.75,1385.2962,0.036224039,0.29388877,15,1.5,0.02,0.04,-0.05,40,40,40,40,40,10,0
7.69,35.708846,-10.849862,-0.021439231,0.016091823,-35.708846,10.849862,0.021439231,-0.016091823,-0.017268285,-0.017268285,INFEASIBLE,0,11686.126,1385.8847,0.036226337,0.29389007,15,1.5,0.02,0.04,-0.05,40,40,40,40,40,10,0
7.695,35.654572,-10.850996,-0.021350774,0.015703924,-35.654572,10.850996,0.021350774,-0.015703924,-0.017654116,-0.017654116,INFEASIBLE,0,11692.482,1386.4735,0.036228617,0.2938913,15,1.5,0.02,0.04,-0.05,40,40,40,40,40,10,0
7.7,35.600252,-10.862535,-0.02125959,0.016263582,-35.600252,10.862535,0.02125959,-0.016263582,-0.01699481,-0.01699481,INFEASIBLE,0,11698.819,1387.0634,0.036230877,0.29389262,15,1.5,0.02,0.04,-0.05,40,40,40,40,40,10,0
7.705,35.545919,-10.862576,-0.021170038,0.016035435,-35.545919,10.862576,0.021170038,-0.016035435,-0.017082077,-0.017082077,INFEASIBLE,0,11705.137,1387.6534,0.036233117,0.29389391,15,1.5,0.02,0.04,-0.05,40,40,40,40,40,10,0
7.71,35.491568,-10.866752,-0.021081758,0.015959924,-35.491568,10.866752,0.021081758,-0.015959924,-0.017125178,-0.017125178,INFEASIBLE,0,11711.435,1388.2439,0.03623534,0.29389518,15,1.5,0.02,0.04,-0.05,40,40,40,40,40,10,0
7.715,35.437195,-10.871725,-0.020993316,0.016069335,-35.437195,10.871725,0.020993316,-0.016069335,-0.016920842,-0.016920842,INFEASIBLE,0,11717.714,1388.8348,0.036237543,0.29389647,15,1.5,0.02,0.04,-0.05,40,40,40,40,40,10,0
7.72,35.382796,-10.877102,-0.020904968,0.015960581,-35.382796,10.877102,0.020904968,-0.015960581,-0.017061797,-0.017061797,INFEASIBLE,0,11723.973,1389.4264,0.036239728,0.29389775,15,1.5,0.02,0.04,-0.05,40,40,40,40,40,10,0
7.725,35.328367,-10.883154,-0.020815957,0.016116124,-35.328367,10.883154,0.020815957,-0.016116124,-0.016823985,-0.016823985,INFEASIBLE,0,11730.214,1390.0186,0.036241895,0.29389905,15,1.5,0.02,0.04,-0.05,40,40,40,40,40,10,0
7.73,35.273903,-10.897687,-0.020736849,0.013703476,-35.273903,10.897687,0.020736849,-0.013703476,-0.020926957,-0.020926957,INFEASIBLE,0,11736.435,1390.6124,0.036244045,0.29389998,15,1.5,0.02,0.04,-0.05,40,40,40,40,40,10,0
7.735,35.219437,-10.889246,-0.020655187,0.016324665,-35.219437,10.889246,0.020655187,-0.016324665,-0.016521921,-0.016521921,INFEASIBLE,0,11742.637,1391.2053,0.036246178,0.29390132,15,1.5,0.02,0.04,-0.05,40,40,40,40,40,10,0
7.74,35.164968,-10.893729,-0.02057232,0.015086077,-35.164968,10.893729,0.02057232,-0.015086077,-0.01840549,-0.01840549,INFEASIBLE,0,11748.82,1391.7986,0.036248294,0.29390245,15,1.5,0.02,0.04,-0.05,40,40,40,40,40,10,0
7.745,35.110488,-10.894012,-0.020491652,0.015259355,-35.110488,10.894012,0.020491652,-0.015259355,-0.018036447,-0.018036447,INFEASIBLE,0,11754.984,1392.392,0.036250394,0.29390362,15,1.5,0.02,0.04,-0.05,40,40,40,40,40,10,0
7.75,35.056005,-10.895353,-0.020415838,0.014888977,-35.056005,10.895353,0.020415838,-0.014888977,-0.018598131,-0.018598131,INFEASIBLE,0,11761.128,1392.9856,0.036252478,0.29390473,15,1.5,0.02,0.04,-0.05,40,40,40,40,40,10,0
7.755,35.00148,-10.901096,-0.020336209,0.015285945,-35.00148,10.901096,0.020336209,-0.015285945,-0.018128465,-0.018128465,INFEASIBLE,0,11767.254,1393.5797,0.036254546,0.2939059,15,1.5,0.02,0.04,-0.05,40,40,40,40,40,10,0
7.76,34.946962,-10.901736,-0.020260475,0.01483275,-34.946962,10.901736,0.020260475,-0.01483275,-0.018788205,-0.018788205,INFEASIBLE,0,11773.36,1394.174,0.036256598,0.293907,15,1.5,0.02,0.04,-0.05,40,40,40,40,40,10,0
7.765,34.89243,-10.906861,-0.020183337,0.015577224,-34.89243,10.906861,0.020183337,-0.015577224,-0.01781006,-0.01781006,INFEASIBLE,0,11779.448,1394.7688,0.036258635,0.29390821,15,1.5,0.02,0.04,-0.05,40,40,40,40,40,10,0
7.77,34.83785,-10.914068,-0.02010192,0.016012142,-34.83785,10.914068,0.02010192,-0.016012142,-0.017316279,-0.017316279,INFEASIBLE,0,11785.516,1395.3644,0.036260655,0.29390949,15,1.5,0.02,0.04,-0.05,40,40,40,40,40,10,0
7.775,34.783243,-10.918718,-0.020025967,0.016610632,-34.783243,10.918718,0.020025967,-0.016610632,-0.016557398,-0.016557398,INFEASIBLE,0,11791.566,1395.9605,0.03626266,0.29391087,15,1.5,0.02,0.04,-0.05,40,40,40,40,40,10,0
7.78,34.728623,-10.925514,-0.019940741,0.017125237,-34.728623,10.925514,0.019940741,-0.017125237,-0.015871372,-0.015871372,INFEASIBLE,0,11797.596,1396.5573,0.036264649,0.29391234,15,1.5,0.02,0.04,-0.05,40,40,40,40,40,10,0
7.785,34.673954,-10.933555,-0.019855206,0.018158897,-34.673954,10.933555,0.019855206,-0.018158897,-0.014452865,-0.014452865,INFEASIBLE,0,11803.607,1397.155,0.03626662,0.29391399,15,1.5,0.02,0.04,-0.05,40,40,40,40,40,10,0
7.79,34.619236,-10.951127,-0.019766974,0.016490382,-34.619236,10.951127,0.019766974,-0.016490382,-0.017429421,-0.017429421,INFEASIBLE,0,11809.6,1397.7546,0.036268573,0.29391535,15,1.5,0.02,0.04,-0.05,40,40,40,40,40,10,0
7.795,34.564479,-10.954667,-0.01967311,0.020203637,-34.564479,10.954667,0.01967311,-0.020203637,-0.011688284,-0.011688284,INFEASIBLE,0,11815.573,1398.3547,0.036270509,0.29391739,15,1.5,0.02,0.04,-0.05,40,40,40,40,40,10,0
7.8,34.509705,-10.953369,-0.019579546,0.018188372,-34.509705,10.953369,0.019579546,-0.018188372,-0.014351303,-0.014351303,INFEASIBLE,0,11821.528,1398.9546,0.036272425,0.29391904,15,1.5,0.02,0.04,-0.05,40,40,40,40,40,10,0
7.805,34.454907,-10.963656,-0.01948575,0.019038195,-34.454907,10.963656,0.01948575,-0.019038195,-0.013177061,-0.013177061,INFEASIBLE,0,11827.464,1399.5556,0.036274324,0.29392085,15,1.5,0.02,0.04,-0.05,40,40,40,40,40,10,0
7.81,34.400075,-10.966879,-0.019395349,0.018520245,-34.400075,10.966879,0.019395349,-0.018520245,-0.013823513,-0.013823513,INFEASIBLE,0,11833.38,1400.1569,0.036276205,0.29392257,15,1.5,0.02,0.04,-0.05,40,40,40,40,40,10,0
7.815,34.345211,-10.973746,-0.019312321,0.017962163,-34.345211,10.973746,0.019312321,-0.017962163,-0.014787186,-0.014787186,INFEASIBLE,0,11839.278,1400.759,0.03627807,0.29392418,15,1.5,0.02,0.04,-0.05,40,40,40,40,40,10,0
7.82,34.29034,-10.977524,-0.019233306,0.01548862,-34.29034,10.977524,0.019233306,-0.01548862,-0.018560813,-0.018560813,INFEASIBLE,0,11845.158,1401.3616,0.036279919,0.29392538,15,1.5,0.02,0.04,-0.05,40,40,40,40,40,10,0
7.825,34.235416,-10.986454,-0.019146254,0.019689251,-34.235416,10.986454,0.019146254,-0.019689251,-0.012409777,-0.012409777,INFEASIBLE,0,11851.018,1401.9651,0.036281752,0.29392732,15,1.5,0.02,0.04,-0.05,40,40,40,40,40,10,0
7.83,34.18052,-10.982028,-0.019068201,0.016976129,-34.18052,10.982028,0.019068201,-0.016976129,-0.016229519,-0.016229519,INFEASIBLE,0,11856.859,1402.5681,0.03628357,0.29392876,15,1.5,0.02,0.04,-0.05,40,40,40,40,40,10,0
7.835,34.125635,-10.980861,-0.019001358,0.015955059,-34.125635,10.980861,0.019001358,-0.015955059,-0.017809538,-0.017809538,INFEASIBLE,0,11862.682,1403.171,0.036285375,0.29393003,15,1.5,0.02,0.04,-0.05,40,40,40,40,40,10,0
7.84,34.070721,-10.989132,-0.018926312,0.016907157,-34.070721,10.989132,0.018926312,-0.016907157,-0.016684801,-0.016684801,INFEASIBLE,0,11868.486,1403.7748,0.036287166,0.29393146,15,1.5,0.02,0.04,-0.05,40,40,40,40,40,10,0
7.845,34.015799,-10.99027,-0.018856537,0.016578355,-34.015799,10.99027,0.018856537,-0.016578355,-0.017275339,-0.017275339,INFEASIBLE,0,11874.272,1404.3787,0.036288944,0.29393284,15,1.5,0.02,0.04,-0.05,40,40,40,40,40,10,0
7.85,33.960866,-10.994562,-0.018785479,0.016972451,-33.960866,10.994562,0.018785479,-0.016972451,-0.016888674,-0.016888674,INFEASIBLE,0,11880.038,1404.9831,0.036290709,0.29393428,15,1.5,0.02,0.04,-0.05,40,40,40,40,40,10,0
7.855,33.905908,-10.997498,-0.018718224,0.016559381,-33.905908,10.997498,0.018718224,-0.016559381,-0.017716061,-0.017716061,INFEASIBLE,0,11885.786,1405.5879,0.03629246,0.29393565,15,1.5,0.02,0.04,-0.05,40,40,40,40,40,10,0
7.86,33.850967,-10.999074,-0.0186521,0.016820797,-33.850967,10.999074,0.0186521,-0.016820797,-0.017493939,-0.017493939,INFEASIBLE,0,11891.516,1406.1928,0.0362942,0.29393706,15,1.5,0.02,0.04,-0.05,40,40,40,40,40,10,0
7.865,33.796016,-11.001883,-0.018585679,0.016805965,-33.796016,11.001883,0.018585679,-0.016805965,-0.017731245,-0.017731245,INFEASIBLE,0,11897.227,1406.798,0.036295927,0.29393847,15,1.5,0.02,0.04,-0.05,40,40,40,40,40,10,0
7.87,33.741038,-11.007787,-0.018516303,0.017519991,-33.741038,11.007787,0.018516303,-0.017519991,-0.01695526,-0.01695526,INFEASIBLE,0,11902.919,1407.4038,0.036297641,0.29394001,15,1.5,0.02,0.04,-0.05,40,40,40,40,40,10,0
7.875,33.686043,-11.007664,-0.018450248,0.012317085,-33.686043,11.007664,0.018450248,-0.012317085,-0.024863805,-0.024863805,INFEASIBLE,0,11908.593,1408.0097,0.036299343,0.29394077,15,1.5,0.02,0.04,-0.05,40,40,40,40,40,10,0
7.88,33.631012,-11.023223,-0.018372723,0.016580723,-33.631012,11.023223,0.018372723,-0.016580723,-0.019028451,-0.019028451,INFEASIBLE,0,11914.248,1408.6172,0.036301031,0.29394214,15,1.5,0.02,0.04,-0.05,40,40,40,40,40,10,0
7.885,33.575942,-11.024248,-0.018284889,0.01700714,-33.575942,11.024248,0.018284889,-0.01700714,-0.018213691,-0.018213691,INFEASIBLE,0,11919.885,1409.2249,0.036302703,0.29394359,15,1.5,0.02,0.04,-0.05,40,40,40,40,40,10,0
7.89,33.520852,-11.028944,-0.018193259,0.017754886,-33.520852,11.028944,0.018193259,-0.017754886,-0.017007301,-0.017007301,INFEASIBLE,0,11925.503,1409.8331,0.036304358,0.29394516,15,1.5,0.02,0.04,-0.05,40,40,40,40,40,10,0
7.895,33.465759,-11.00995,-0.018103011,0.01459363,-33.465759,11.00995,0.018103011,-0.01459363,-0.02073755,-0.02073755,INFEASIBLE,0,11931.103,1410.4392,0.036305996,0.29394623,15,1.5,0.02,0.04,-0.05,40,40,40,40,40,10,0
7.9,33.410657,-11.016385,-0.018008001,0.016634746,-33.410657,11.016385,0.018008001,-0.016634746,-0.017610168,-0.017610168,INFEASIBLE,0,11936.684,1411.046,0.036307618,0.29394761,15,1.5,0.02,0.04,-0.05,40,40,40,40,40,10,0
7.905,33.355534,-11.018403,-0.017907424,0.017080027,-33.355534,11.018403,0.017907424,-0.017080027,-0.016616762,-0.016616762,INFEASIBLE,0,11942.247,1411.653,0.036309221,0.29394907,15,1.5,0.02,0.04,-0.05,40,40,40,40,40,10,0
7.91,33.300396,-11.024402,-0.017805596,0.017689019,-33.300396,11.024402,0.017805596,-0.017689019,-0.015518568,-0.015518568,INFEASIBLE,0,11947.792,1412.2607,0.036310806,0.29395064,15,1.5,0.02,0.04,-0.05,40,40,40,40,40,10,0
7.915,33.245241,-11.023036,-0.017709044,0.016025917,-33.245241,11.023036,0.017709044,-0.016025917,-0.017613411,-0.017613411,INFEASIBLE,0,11953.318,1412.8682,0.036312375,0.29395192,15,1.5,0.02,0.04,-0.05,40,40,40,40,40,10,0
7.92,33.190101,-11.023221,-0.017615906,0.016102725,-33.190101,11.023221,0.017615906,-0.016102725,-0.017211326,-0.017211326,INFEASIBLE,0,11958.826,1413.4758,0.036313926,0.29395322,15,1.5,0.02,0.04,-0.05,40,40,40,40,40,10,0
7.925,33.134937,-11.03058,-0.017525545,0.015517456,-33.134937,11.03058,0.017525545,-0.015517456,-0.018131442,-0.018131442,INFEASIBLE,0,11964.315,1414.0842,0.036315462,0.29395442,15,1.5,0.02,0.04,-0.05,40,40,40,40,40,10,0
7.93,33.079704,-11.03058,-0.017436353,0.016272302,-33.079704,11.03058,0.017436353,-0.016272302,-0.016765939,-0.016765939,INFEASIBLE,0,11969.787,1414.6925,0.036316982,0.29395574,15,1.5,0.02,0.04,-0.05,40,40,40,40,40,10,0
7.935,33.02455,-11.024089,-0.017345779,0.016240037,-33.02455,11.024089,0.017345779,-0.016240037,-0.016299166,-0.016299166,INFEASIBLE,0,11975.24,1415.3002,0.036318486,0.29395706,15,1.5,0.02,0.04,-0.05,40,40,40,40,40,10,0
7.94,32.969371,-11.035584,-0.017252663,0.01677755,-32.969371,11.035584,0.017252663,-0.01677755,-0.015659569,-0.015659569,INFEASIBLE,0,11980.675,1415.9091,0.036319975,0.29395847,15,1.5,0.02,0.04,-0.05,40,40,40,40,40,10,0
7.945,32.914187,-11.033816,-0.017158142,0.017466995,-32.914187,11.033816,0.017158142,-0.017466995,-0.014240531,-0.014240531,INFEASIBLE,0,11986.091,1416.5178,0.036321447,0.29396,15,1.5,0.02,0.04,-0.05,40,40,40,40,40,10,0
7.95,32.858988,-11.036137,-0.017063967,0.017131728,-32.858988,11.036137,0.017063967,-0.017131728,-0.014527615,-0.014527615,INFEASIBLE,0,11991.49,1417.1268,0.036322903,0.29396146,15,1.5,0.02,0.04,-0.05,40,40,40,40,40,10,0
7.955,32.803774,-11.039385,-0.016971066,0.01702484,-32.803774,11.039385,0.016971066,-0.01702484,-0.014528659,-0.014528659,INFEASIBLE,0,11996.87,1417.7361,0.036324343,0.29396291,15,1.5,0.02,0.04,-0.05,40,40,40,40,40,10,0
7.96,32.748553,-11.039253,-0.016885029,0.016131634,-32.748553,11.039253,0.016885029,-0.016131634,-0.015677039,-0.015677039,INFEASIBLE,0,12002.233,1418.3455,0.036325768,0.29396421,15,1.5,0.02,0.04,-0.05,40,40,40,40,40,10,0
7.965,32.693354,-11.037496,-0.016805777,0.01567183,-32.693354,11.037496,0.016805777,-0.01567183,-0.016211658,-0.016211658,INFEASIBLE,0,12007.577,1418.9546,0.03632718,0.29396544,15,1.5,0.02,0.04,-0.05,40,40,40,40,40,10,0
7.97,32.638124,-11.040963,-0.016723879,0.015869826,-32.638124,11.040963,0.016723879,-0.015869826,-0.01592946,-0.01592946,INFEASIBLE,0,12012.903,1419.5641,0.036328579,0.2939667,15,1.5,0.02,0.04,-0.05,40,40,40,40,40,10,0
7.975,32.58287,-11.052564,-0.016642039,0.015800516,-32.58287,11.052564,0.016642039,-0.015800516,-0.016374975,-0.016374975,INFEASIBLE,0,12018.212,1420.1749,0.036329964,0.29396795,15,1.5,0.02,0.04,-0.05,40,40,40,40,40,10,0
7.98,32.527628,-11.047401,-0.016558972,0.016711009,-32.527628,11.047401,0.016558972,-0.016711009,-0.014661536,-0.014661536,INFEASIBLE,0,12023.502,1420.7851,0.036331335,0.29396935,15,1.5,0.02,0.04,-0.05,40,40,40,40,40,10,0
7.985,32.472371,-11.051311,-0.016474401,0.016810807,-32.472371,11.051311,0.016474401,-0.016810807,-0.014504839,-0.014504839,INFEASIBLE,0,12028.774,1421.3958,0.036332692,0.29397076,15,1.5,0.02,0.04,-0.05,40,40,40,40,40,10,0
7.99,32.417122,-11.047641,-0.016398985,0.015489497,-32.417122,11.047641,0.016398985,-0.015489497,-0.01631374,-0.01631374,INFEASIBLE,0,12034.028,1422.006,0.036334036,0.29397196,15,1.5,0.02,0.04,-0.05,40,40,40,40,40,10,0
7.995,32.361878,-11.049857,-0.016325563,0.015646076,-32.361878,11.049857,0.016325563,-0.015646076,-0.016171044,-0.016171044,INFEASIBLE,0,12039.265,1422.6165,0.036335369,0.29397318,15,1.5,0.02,0.04,-0.05,40,40,40,40,40,10,0
8,32.306618,-11.051767,-0.016251735,0.015812788,-32.306618,11.051767,0.016251735,-0.015812788,-0.015995178,-0.015995178,INFEASIBLE,0,12044.483,1423.2273,0.036336689,0.29397443,15,1.5,0.02,0.04,-0.05,40,40,40,40,40,10,0
8.005,32.25137,-11.053185,-0.016179808,0.016012424,-32.25137,11.053185,0.016179808,-0.016012424,-0.015778492,-0.015778492,INFEASIBLE,0,12049.684,1423.8381,0.036337998,0.29397571,15,1.5,0.02,0.04,-0.05,40,40,40,40,40,10,0
8.01,32.196123,-11.052979,-0.016109158,0.015650727,-32.196123,11.052979,0.016109158,-0.015650727,-0.01635797,-0.01635797,INFEASIBLE,0,12054.867,1424.449,0.036339296,0.29397694,15,1.5,0.02,0.04,-0.05,40,40,40,40,40,10,0
8.015,32.140857,-11.058238,-0.016035738,0.016372455,-32.140857,11.058238,0.016035738,-0.016372455,-0.015489757,-0.015489757,INFEASIBLE,0,12060.032,1425.0604,0.036340582,0.29397828,15,1.5,0.02,0.04,-0.05,40,40,40,40,40,10,0
8.02,32.085575,-11.060654,-0.015961456,0.016454667,-32.085575,11.060654,0.015961456,-0.016454667,-0.015454492,-0.015454492,INFEASIBLE,0,12065.18,1425.6721,0.036341855,0.29397963,15,1.5,0.02,0.04,-0.05,40,40,40,40,40,10,0
8.025,32.030307,-11.058348,-0.015894554,0.015776805,-32.030307,11.058348,0.015894554,-0.015776805,-0.016480858,-0.016480858,INFEASIBLE,0,12070.309,1426.2835,0.036343119,0.29398088,15,1.5,0.02,0.04,-0.05,40,40,40,40,40,10,0
8.03,31.975003,-11.06748,-0.015817402,0.017445762,-31.975003,11.06748,0.015817402,-0.017445762,-0.014291533,-0.014291533,INFEASIBLE,0,12075.421,1426.896,0.03634437,0.2939824,15,1.5,0.02,0.04,-0.05,40,40,40,40,40,10,0
8.035,31.91969,-11.067225,-0.015744509,0.016931455,-31.91969,11.067225,0.015744509,-0.016931455,-0.015065641,-0.015065641,INFEASIBLE,0,12080.516,1427.5084,0.036345609,0.29398383,15,1.5,0.02,0.04,-0.05,40,40,40,40,40,10,0
8.04,31.864368,-11.07007,-0.015671105,0.017335388,-31.864368,11.07007,0.015671105,-0.017335388,-0.014578926,-0.014578926,INFEASIBLE,0,12085.592,1428.1211,0.036346837,0.29398534,15,1.5,0.02,0.04,-0.05,40,40,40,40,40,10,0
8.045,31.809057,-11.07355,-0.015600683,0.016883231,-31.809057,11.07355,0.015600683,-0.016883231,-0.015446261,-0.015446261,INFEASIBLE,0,12090.652,1428.7342,0.036348054,0.29398676,15,1.5,0.02,0.04,-0.05,40,40,40,40,40,10,0
8.05,31.753739,-11.074776,-0.015529289,0.017548165,-31.753739,11.074776,0.015529289,-0.017548165,-0.014533343,-0.014533343,INFEASIBLE,0,12095.693,1429.3475,0.03634926,0.2939883,15,1.5,0.02,0.04,-0.05,40,40,40,40,40,10,0
8.055,31.698406,-11.077508,-0.01545696,0.017561794,-31.698406,11.077508,0.01545696,-0.017561794,-0.014643911,-0.014643911,INFEASIBLE,0,12100.717,1429.961,0.036350454,0.29398984,15,1.5,0.02,0.04,-0.05,40,40,40,40,40,10,0
8.06,31.643058,-11.077123,-0.015387791,0.012956424,-31.643058,11.077123,0.015387791,-0.012956424,-0.021605995,-0.021605995,INFEASIBLE,0,12105.723,1430.5745,0.036351638,0.29399068,15,1.5,0.02,0.04,-0.05,40,40,40,40,40,10,0
8.065,31.587703,-11.067272,-0.015311988,0.01336357,-31.587703,11.067272,0.015311988,-0.01336357,-0.020571271,-0.020571271,INFEASIBLE,0,12110.712,1431.187,0.03635281,0.29399158,15,1.5,0.02,0.04,-0.05,40,40,40,40,40,10,0
8.07,31.532285,-11.095632,-0.015218468,0.019244453,-31.532285,11.095632,0.015218468,-0.019244453,-0.012589899,-0.012589899,INFEASIBLE,0,12115.684,1431.8025,0.036353968,0.29399343,15,1.5,0.02,0.04,-0.05,40,40,40,40,40,10,0
8.075,31.476872,-11.072589,-0.015125783,0.014888709,-31.476872,11.072589,0.015125783,-0.014888709,-0.017919801,-0.017919801,INFEASIBLE,0,12120.638,1432.4155,0.036355112,0.29399454,15,1.5,0.02,0.04,-0.05,40,40,40,40,40,10,0
8.08,31.421462,-11.078665,-0.015031431,0.017054089,-31.421462,11.078665,0.015031431,-0.017054089,-0.014607704,-0.014607704,INFEASIBLE,0,12125.574,1433.0292,0.036356242,0.29399599,15,1.5,0.02,0.04,-0.05,40,40,40,40,40,10,0
8.085,31.366036,-11.080261,-0.014938167,0.015587861,-31.366036,11.080261,0.014938167,-0.015587861,-0.016580421,-0.016580421,INFEASIBLE,0,12130.493,1433.6431,0.036357358,0.2939972,15,1.5,0.02,0.04,-0.05,40,40,40,40,40,10,0
8.09,31.310604,-11.082557,-0.014840279,0.017590269,-31.310604,11.082557,0.014840279,-0.017590269,-0.013308986,-0.013308986,INFEASIBLE,0,12135.395,1434.2572,0.036358459,0.29399875,15,1.5,0.02,0.04,-0.05,40,40,40,40,40,10,0
8.095,31.25516,-11.082097,-0.014745221,0.016581567,-31.25516,11.082097,0.014745221,-0.016581567,-0.014486643,-0.014486643,INFEASIBLE,0,12140.28,1434.8713,0.036359546,0.29400013,15,1.5,0.02,0.04,-0.05,40,40,40,40,40,10,0
8.1,31.199741,-11.078725,-0.014654909,0.016254217,-31.199741,11.078725,0.014654909,-0.016254217,-0.014596506,-0.014596506,INFEASIBLE,0,12145.147,1435.485,0.03636062,0.29400145,15,1.5,0.02,0.04,-0.05,40,40,40,40,40,10,0
8.105,31.144299,-11.086906,-0.014563562,0.016062654,-31.144299,11.086906,0.014563562,-0.016062654,-0.014949721,-0.014949721,INFEASIBLE,0,12149.997,1436.0996,0.03636168,0.29400274,15,1.5,0.02,0.04,-0.05,40,40,40,40,40,10,0
8.11,31.088865,-11.082444,-0.014472915,0.016751808,-31.088865,11.082444,0.014472915,-0.016751808,-0.013486466,-0.013486466,INFEASIBLE,0,12154.829,1436.7137,0.036362728,0.29400414,15,1.5,0.02,0.04,-0.05,40,40,40,40,40,10,0
8.115,31.033427,-11.083136,-0.014382279,0.016670444,-31.033427,11.083136,0.014382279,-0.016670444,-0.013385405,-0.013385405,INFEASIBLE,0,12159.644,1437.3278,0.036363762,0.29400553,15,1.5,0.02,0.04,-0.05,40,40,40,40,40,10,0
8.12,30.977995,-11.079893,-0.014299197,0.015493164,-30.977995,11.079893,0.014299197,-0.015493164,-0.014884041,-0.014884041,INFEASIBLE,0,12164.443,1437.9417,0.036364784,0.29400673,15,1.5,0.02,0.04,-0.05,40,40,40,40,40,10,0
8.125,30.922565,-11.078585,-0.01421923,0.015377087,-30.922565,11.078585,0.01421923,-0.015377087,-0.014914935,-0.014914935,INFEASIBLE,0,12169.224,1438.5553,0.036365795,0.29400791,15,1.5,0.02,0.04,-0.05,40,40,40,40,40,10,0
8.13,30.867126,-11.092293,-0.014141933,0.014441698,-30.867126,11.092293,0.014141933,-0.014441698,-0.016815651,-0.016815651,INFEASIBLE,0,12173.988,1439.1705,0.036366795,0.29400896,15,1.5,0.02,0.04,-0.05,40,40,40,40,40,10,0
8.135,30.811671,-11.08441,-0.014059913,0.016637831,-30.811671,11.08441,0.014059913,-0.016637831,-0.013084907,-0.013084907,INFEASIBLE,0,12178.734,1439.7848,0.036367784,0.29401034,15,1.5,0.02,0.04,-0.05,40,40,40,40,40,10,0
8.14,30.756249,-11.081127,-0.013979204,0.015738509,-30.756249,11.081127,0.013979204,-0.015738509,-0.014200376,-0.014200376,INFEASIBLE,0,12183.464,1440.3988,0.036368761,0.29401158,15,1.5,0.02,0.04,-0.05,40,40,40,40,40,10,0
8.145,30.700795,-11.088865,-0.01389409,0.017072686,-30.700795,11.088865,0.01389409,-0.017072686,-0.012341028,-0.012341028,INFEASIBLE,0,12188.177,1441.0136,0.036369726,0.29401304,15,1.5,0.02,0.04,-0.05,40,40,40,40,40,10,0
8.15,30.645337,-11.090621,-0.013808335,0.016943533,-30.645337,11.090621,0.013808335,-0.016943533,-0.012427819,-0.012427819,INFEASIBLE,0,12192.872,1441.6286,0.036370679,0.29401447,15,1.5,0.02,0.04,-0.05,40,40,40,40,40,10,0
8.155,30.589895,-11.086036,-0.013731902,0.015671806,-30.589895,11.086036,0.013731902,-0.015671806,-0.014114339,-0.014114339,INFEASIBLE,0,12197.551,1442.2431,0.036371622,0.2940157,15,1.5,0.02,0.04,-0.05,40,40,40,40,40,10,0
8.16,30.534425,-11.10398,-0.013661693,0.014399614,-30.534425,11.10398,0.013661693,-0.014399614,-0.016796691,-0.016796691,INFEASIBLE,0,12202.213,1442.8596,0.036372555,0.29401674,15,1.5,0.02,0.04,-0.05,40,40,40,40,40,10,0
8.165,30.479003,-11.091314,-0.013589325,0.016048713,-30.479003,11.091314,0.013589325,-0.016048713,-0.013839306,-0.013839306,INFEASIBLE,0,12206.858,1443.4747,0.036373479,0.29401802,15,1.5,0.02,0.04,-0.05,40,40,40,40,40,10,0
8.17,30.423551,-11.090032,-0.01351197,0.016451266,-30.423551,11.090032,0.01351197,-0.016451266,-0.013132913,-0.013132913,INFEASIBLE,0,12211.486,1444.0897,0.036374392,0.29401938,15,1.5,0.02,0.04,-0.05,40,40,40,40,40,10,0
8.175,30.368118,-11.089511,-0.013437092,0.016197327,-30.368118,11.089511,0.013437092,-0.016197327,-0.013478452,-0.013478452,INFEASIBLE,0,12216.097,1444.7045,0.036375294,0.29402069,15,1.5,0.02,0.04,-0.05,40,40,40,40,40,10,0
8.18,30.312673,-11.093191,-0.013361049,0.016736905,-30.312673,11.093191,0.013361049,-0.016736905,-0.012784572,-0.012784572,INFEASIBLE,0,12220.691,1445.3198,0.036376187,0.29402209,15,1.5,0.02,0.04,-0.05,40,40,40,40,40,10,0
8.185,30.257242,-11.088375,-0.013294815,0.015262632,-30.257242,11.088375,0.013294815,-0.015262632,-0.014918436,-0.014918436,INFEASIBLE,0,12225.269,1445.9346,0.036377071,0.29402325,15,1.5,0.02,0.04,-0.05,40,40,40,40,40,10,0
8.19,30.201811,-11.090928,-0.013229401,0.015841961,-30.201811,11.090928,0.013229401,-0.015841961,-0.014278989,-0.014278989,INFEASIBLE,0,12229.829,1446.5496,0.036377946,0.29402451,15,1.5,0.02,0.04,-0.05,40,40,40,40,40,10,0
8.195,30.146383,-11.091257,-0.013162574,0.015953696,-30.146383,11.091257,0.013162574,-0.015953696,-0.014230672,-0.014230672,INFEASIBLE,0,12234.373,1447.1647,0.036378812,0.29402578,15,1.5,0.02,0.04,-0.05,40,40,40,40,40,10,0
8.2,30.090972,-11.091463,-0.013096973,0.016086664,-30.090972,11.091463,0.013096973,-0.016086664,-0.014163667,-0.014163667,INFEASIBLE,0,12238.901,1447.7798,0.03637967,0.29402707,15,1.5,0.02,0.04,-0.05,40,40,40,40,40,10,0
8.205,30.035549,-11.097718,-0.013030376,0.016106274,-30.035549,11.097718,0.013030376,-0.016106274,-0.014493956,-0.014493956,INFEASIBLE,0,12243.411,1448.3956,0.036380519,0.29402837,15,1.5,0.02,0.04,-0.05,40,40,40,40,40,10,0
8.21,29.980126,-11.095391,-0.012961837,0.016835928,-29.980126,11.095391,0.012961837,-0.016835928,-0.013386775,-0.013386775,INFEASIBLE,0,12247.905,1449.0112,0.036381359,0.29402979,15,1.5,0.02,0.04,-0.05,40,40,40,40,40,10,0
8.215,29.924696,-11.093109,-0.012894939,0.012501827,-29.924696,11.093109,0.012894939,-0.012501827,-0.019901796,-0.019901796,INFEASIBLE,0,12252.383,1449.6264,0.03638219,0.29403057,15,1.5,0.02,0.04,-0.05,40,40,40,40,40,10,0
8.22,29.869243,-11.103554,-0.01281918,0.015868424,-29.869243,11.103554,0.01281918,-0.015868424,-0.015242353,-0.015242353,INFEASIBLE,0,12256.844,1450.2429,0.036383012,0.29403183,15,1.5,0.02,0.04,-0.05,40,40,40,40,40,10,0
8.225,29.813765,-11.103154,-0.012733041,0.016801481,-29.813765,11.103154,0.012733041,-0.016801481,-0.013644246,-0.013644246,INFEASIBLE,0,12261.288,1450.8593,0.036383822,0.29403324,15,1.5,0.02,0.04,-0.05,40,40,40,40,40,10,0
8.23,29.758282,-11.104836,-0.012644208,0.016782661,-29.758282,11.104836,0.012644208,-0.016782661,-0.01351692,-0.01351692,INFEASIBLE,0,12265.716,1451.4759,0.036384622,0.29403465,15,1.5,0.02,0.04,-0.05,40,40,40,40,40,10,0
8.235,29.702778,-11.091448,-0.01255515,0.01557795,-29.702778,11.091448,0.01255515,-0.01557795,-0.014562698,-0.014562698,INFEASIBLE,0,12270.127,1452.091,0.03638541,0.29403586,15,1.5,0.02,0.04,-0.05,40,40,40,40,40,10,0
8.24,29.64728,-11.095702,-0.01246122,0.017010481,-29.64728,11.095702,0.01246122,-0.017010481,-0.012285069,-0.012285069,INFEASIBLE,0,12274.522,1452.7065,0.036386186,0.29403731,15,1.5,0.02,0.04,-0.05,40,40,40,40,40,10,0
8.245,29.591776,-11.093185,-0.01236945,0.015993032,-29.591776,11.093185,0.01236945,-0.015993032,-0.013444062,-0.013444062,INFEASIBLE,0,12278.9,1453.3218,0.036386951,0.29403859,15,1.5,0.02,0.04,-0.05,40,40,40,40,40,10,0
8.25,29.536274,-11.096994,-0.012280033,0.015932201,-29.536274,11.096994,0.012280033,-0.015932201,-0.0134565,-0.0134565,INFEASIBLE,0,12283.262,1453.9376,0.036387705,0.29403986,15,1.5,0.02,0.04,-0.05,40,40,40,40,40,10,0
8.255,29.480796,-11.087828,-0.012193249,0.015508515,-29.480796,11.087828,0.012193249,-0.015508515,-0.013533153,-0.013533153,INFEASIBLE,0,12287.608,1454.5523,0.036388449,0.29404106,15,1.5,0.02,0.04,-0.05,40,40,40,40,40,10,0
8.26,29.425308,-11.097323,-0.012105451,0.015759583,-29.425308,11.097323,0.012105451,-0.015759583,-0.013329133,-0.013329133,INFEASIBLE,0,12291.937,1455.168,0.036389181,0.2940423,15,1.5,0.02,0.04,-0.05,40,40,40,40,40,10,0
8.265,29.369827,-11.092519,-0.012016237,0.016695755,-29.369827,11.092519,0.012016237,-0.016695755,-0.01150413,-0.01150413,INFEASIBLE,0,12296.25,1455.7832,0.036389903,0.2940437,15,1.5,0.02,0.04,-0.05,40,40,40,40,40,10,0
8.27,29.31434,-11.093627,-0.011926948,0.016511753,-29.31434,11.093627,0.011926948,-0.016511753,-0.011594864,-0.011594864,INFEASIBLE,0,12300.547,1456.3986,0.036390615,0.29404506,15,1.5,0.02,0.04,-0.05,40,40,40,40,40,10,0
8.275,29.258854,-11.08706,-0.011846154,0.014956727,-29.258854,11.08706,0.011846154,-0.014956727,-0.013562517,-0.013562517,INFEASIBLE,0,12304.827,1457.0132,0.036391316,0.29404618,15,1.5,0.02,0.04,-0.05,40,40,40,40,40,10,0
8.28,29.2034,-11.086273,-0.011768025,0.015066675,-29.2034,11.086273,0.011768025,-0.015066675,-0.01330327,-0.01330327,INFEASIBLE,0,12309.091,1457.6277,0.036392009,0.29404731,15,1.5,0.02,0.04,-0.05,40,40,40,40,40,10,0
8.285,29.147936,-11.092759,-0.011692247,0.014403988,-29.147936,11.092759,0.011692247,-0.014403988,-0.014529359,-0.014529359,INFEASIBLE,0,12313.339,1458.243,0.036392692,0.29404835,15,1.5,0.02,0.04,-0.05,40,40,40,40,40,10,0
8.29,29.092461,-11.089064,-0.011612591,0.016113975,-29.092461,11.089064,0.011612591,-0.016113975,-0.011731241,-0.011731241,INFEASIBLE,0,12317.571,1458.8578,0.036393367,0.29404965,15,1.5,0.02,0.04,-0.05,40,40,40,40,40,10,0
8.295,29.037008,-11.088794,-0.011532308,0.015837759,-29.037008,11.088794,0.011532308,-0.015837759,-0.012039573,-0.012039573,INFEASIBLE,0,12321.787,1459.4726,0.036394032,0.2940509,15,1.5,0.02,0.04,-0.05,40,40,40,40,40,10,0
8.3,28.981556,-11.088876,-0.011452036,0.01598438,-28.981556,11.088876,0.011452036,-0.01598438,-0.011727894,-0.011727894,INFEASIBLE,0,12325.987,1460.0874,0.036394687,0.29405218,15,1.5,0.02,0.04,-0.05,40,40,40,40,40,10,0
8.305,28.92612,-11.084774,-0.011379653,0.01479649,-28.92612,11.084774,0.011379653,-0.01479649,-0.01336863,-0.01336863,INFEASIBLE,0,12330.17,1460.7018,0.036395335,0.29405327,15,1.5,0.02,0.04,-0.05,40,40,40,40,40,10,0
8.31,28.870677,-11.088533,-0.01130216,0.015916766,-28.870677,11.088533,0.01130216,-0.015916766,-0.011785021,-0.011785021,INFEASIBLE,0,12334.338,1461.3166,0.036395973,0.29405454,15,1.5,0.02,0.04,-0.05,40,40,40,40,40,10,0
8.315,28.815233,-11.087745,-0.01122733,0.01559745,-28.815233,11.087745,0.01122733,-0.01559745,-0.012218903,-0.012218903,INFEASIBLE,0,12338.489,1461.9312,0.036396604,0.29405576,15,1.5,0.02,0.04,-0.05,40,40,40,40,40,10,0
8.32,28.759818,-11.084797,-0.011157514,0.015087941,-28.759818,11.084797,0.011157514,-0.015087941,-0.012926313,-0.012926313,INFEASIBLE,0,12342.625,1462.5456,0.036397226,0.2940569,15,1.5,0.02,0.04,-0.05,40,40,40,40,40,10,0
8.325,28.704374,-11.088572,-0.011083622,0.015889876,-28.704374,11.088572,0.011083622,-0.015889876,-0.011874897,-0.011874897,INFEASIBLE,0,12346.745,1463.1604,0.03639784,0.29405816,15,1.5,0.02,0.04,-0.05,40,40,40,40,40,10,0
8.33,28.648946,-11.08843,-0.011009581,0.015995002,-28.648946,11.08843,0.011009581,-0.015995002,-0.011709498,-0.011709498,INFEASIBLE,0,12350.848,1463.7752,0.036398446,0.29405944,15,1.5,0.02,0.04,-0.05,40,40,40,40,40,10,0
8.335,28.593512,-11.089774,-0.01093463,0.016247924,-28.593512,11.089774,0.01093463,-0.016247924,-0.011368301,-0.011368301,INFEASIBLE,0,12354.936,1464.3901,0.036399044,0.29406076,15,1.5,0.02,0.04,-0.05,40,40,40,40,40,10,0
8.34,28.538064,-11.092887,-0.010857767,0.015013562,-28.538064,11.092887,0.010857767,-0.015013562,-0.013300362,-0.013300362,INFEASIBLE,0,12359.009,1465.0053,0.036399634,0.29406188,15,1.5,0.02,0.04,-0.05,40,40,40,40,40,10,0
8.345,28.482596,-11.093793,-0.010777803,0.017139067,-28.482596,11.093793,0.010777803,-0.017139067,-0.010058227,-0.010058227,INFEASIBLE,0,12363.065,1465.6207,0.036400215,0.29406335,15,1.5,0.02,0.04,-0.05,40,40,40,40,40,10,0
8.35,28.427146,-11.09287,-0.010699499,0.01686333,-28.427146,11.09287,0.010699499,-0.01686333,-0.010369362,-0.010369362,INFEASIBLE,0,12367.105,1466.236,0.036400787,0.29406477,15,1.5,0.02,0.04,-0.05,40,40,40,40,40,10,0
8.355,28.371694,-11.097421,-0.010619927,0.017580182,-28.371694,11.097421,0.010619927,-0.017580182,-0.0093915917,-0.0093915917,INFEASIBLE,0,12371.13,1466.8517,0.036401351,0.29406632,15,1.5,0.02,0.04,-0.05,40,40,40,40,40,10,0
8.36,28.316218,-11.097435,-0.010539676,0.014987548,-28.316218,11.097435,0.010539676,-0.014987548,-0.013186854,-0.013186854,INFEASIBLE,0,12375.139,1467.4675,0.036401906,0.29406744,15,1.5,0.02,0.04,-0.05,40,40,40,40,40,10,0
8.365,28.260711,-11.11045,-0.010449796,0.018464269,-28.260711,11.11045,0.010449796,-0.018464269,-0.0082543191,-0.0082543191,INFEASIBLE,0,12379.132,1468.0847,0.036402452,0.29406915,15,1.5,0.02,0.04,-0.05,40,40,40,40,40,10,0
8.37,28.205187,-11.109091,-0.010356665,0.01871413,-28.205187,11.109091,0.010356665,-0.01871413,-0.0075386864,-0.0075386864,INFEASIBLE,0,12383.11,1468.7018,0.036402989,0.2940709,15,1.5,0.02,0.04,-0.05,40,40,40,40,40,10,0
8.375,28.14964,-11.113842,-0.010268206,0.017853278,-28.14964,11.113842,0.010268206,-0.017853278,-0.0088040267,-0.0088040267,INFEASIBLE,0,12387.072,1469.3193,0.036403516,0.29407249,15,1.5,0.02,0.04,-0.05,40,40,40,40,40,10,0
8.38,28.094111,-11.105826,-0.010184439,0.015193796,-28.094111,11.105826,0.010184439,-0.015193796,-0.012326714,-0.012326714,INFEASIBLE,0,12391.019,1469.936,0.036404034,0.29407365,15,1.5,0.02,0.04,-0.05,40,40,40,40,40,10,0
8.385,28.03856,-11.112625,-0.010096855,0.016726032,-28.03856,11.112625,0.010096855,-0.016726032,-0.010097599,-0.010097599,INFEASIBLE,0,12394.949,1470.5535,0.036404544,0.29407505,15,1.5,0.02,0.04,-0.05,40,40,40,40,40,10,0
8.39,27.983013,-11.113222,-0.010013415,0.016035051,-27.983013,11.113222,0.010013415,-0.016035051,-0.011017266,-0.011017266,INFEASIBLE,0,12398.865,1471.171,0.036405045,0.29407633,15,1.5,0.02,0.04,-0.05,40,40,40,40,40,10,0
8.395,27.92745,-11.106533,-0.0099278927,0.015075602,-27.92745,11.106533,0.0099278927,-0.015075602,-0.012017323,-0.012017323,INFEASIBLE,0,12402.764,1471.7878,0.036405538,0.29407747,15,1.5,0.02,0.04,-0.05,40,40,40,40,40,10,0
8.4,27.871907,-11.098555,-0.0098436016,0.014970405,-27.871907,11.098555,0.0098436016,-0.014970405,-0.011702474,-0.011702474,INFEASIBLE,0,12406.649,1472.4037,0.036406023,0.29407859,15,1.5,0.02,0.04,-0.05,40,40,40,40,40,10,0
8.405,27.816384,-11.100615,-0.0097625189,0.014092998,-27.816384,11.100615,0.0097625189,-0.014092998,-0.012995196,-0.012995196,INFEASIBLE,0,12410.517,1473.0198,0.036406499,0.29407958,15,1.5,0.02,0.04,-0.05,40,40,40,40,40,10,0
8.41,27.760849,-11.091557,-0.0096856739,0.01440842,-27.760849,11.091557,0.0096856739,-0.01440842,-0.012117779,-0.012117779,INFEASIBLE,0,12414.371,1473.6349,0.036406968,0.29408062,15,1.5,0.02,0.04,-0.05,40,40,40,40,40,10,0
8.415,27.705374,-11.090094,-0.0096070958,0.01445387,-27.705374,11.090094,0.0096070958,-0.01445387,-0.011921917,-0.011921917,INFEASIBLE,0,12418.209,1474.2499,0.03640743,0.29408166,15,1.5,0.02,0.04,-0.05,40,40,40,40,40,10,0
8.42,27.649913,-11.083843,-0.0095350676,0.013382847,-27.649913,11.083843,0.0095350676,-0.013382847,-0.013307191,-0.013307191,INFEASIBLE,0,12422.031,1474.8641,0.036407884,0.29408256,15,1.5,0.02,0.04,-0.05,40,40,40,40,40,10,0
8.425,27.594459,-11.088043,-0.0094568116,0.015023395,-27.594459,11.088043,0.0094568116,-0.015023395,-0.010949617,-0.010949617,INFEASIBLE,0,12425.838,1475.4788,0.036408332,0.29408369,15,1.5,0.02,0.04,-0.05,40,40,40,40,40,10,0
8.43,27.539007,-11.084411,-0.0093808016,0.014380804,-27.539007,11.084411,0.0093808016,-0.014380804,-0.011737107,-0.011737107,INFEASIBLE,0,12429.63,1476.0932,0.036408772,0.29408472,15,1.5,0.02,0.04,-0.05,40,40,40,40,40,10,0
8.435,27.483569,-11.08432,-0.0093052905,0.014662921,-27.483569,11.08432,0.0093052905,-0.014662921,-0.011286404,-0.011286404,INFEASIBLE,0,12433.407,1476.7075,0.036409205,0.2940858,15,1.5,0.02,0.04,-0.05,40,40,40,40,40,10,0
8.44,27.428151,-11.080102,-0.0092335163,0.013933843,-27.428151,11.080102,0.0092335163,-0.013933843,-0.012243016,-0.012243016,INFEASIBLE,0,12437.169,1477.3213,0.036409631,0.29408677,15,1.5,0.02,0.04,-0.05,40,40,40,40,40,10,0
8.445,27.372753,-11.077035,-0.0091634568,0.013994013,-27.372753,11.077035,0.0091634568,-0.013994013,-0.01208717,-0.01208717,INFEASIBLE,0,12440.915,1477.9348,0.036410051,0.29408775,15,1.5,0.02,0.04,-0.05,40,40,40,40,40,10,0
8.45,27.317358,-11.077271,-0.0090915484,0.014425259,-27.317358,11.077271,0.0090915484,-0.014425259,-0.01147901,-0.01147901,INFEASIBLE,0,12444.646,1478.5483,0.036410464,0.29408879,15,1.5,0.02,0.04,-0.05,40,40,40,40,40,10,0
8.455,27.261961,-11.078267,-0.0090172809,0.0149473,-27.261961,11.078267,0.0090172809,-0.0149473,-0.010729719,-0.010729719,INFEASIBLE,0,12448.362,1479.162,0.036410871,0.2940899,15,1.5,0.02,0.04,-0.05,40,40,40,40,40,10,0
8.46,27.206556,-11.080178,-0.008940648,0.015379776,-27.206556,11.080178,0.008940648,-0.015379776,-0.010116062,-0.010116062,INFEASIBLE,0,12452.063,1479.7758,0.03641127,0.29409109,15,1.5,0.02,0.04,-0.05,40,40,40,40,40,10,0
8.465,27.151166,-11.076064,-0.0088696212,0.014606259,-27.151166,11.076064,0.0088696212,-0.014606259,-0.011154156,-0.011154156,INFEASIBLE,0,12455.749,1480.3892,0.036411664,0.29409215,15,1.5,0.02,0.04,-0.05,40,40,40,40,40,10,0
8.47,27.095814,-11.071715,-0.0088044435,0.014057677,-27.095814,11.071715,0.0088044435,-0.014057677,-0.011932447,-0.011932447,INFEASIBLE,0,12459.42,1481.0021,0.036412051,0.29409314,15,1.5,0.02,0.04,-0.05,40,40,40,40,40,10,0
8.475,27.040481,-11.068787,-0.008740383,0.01407813,-27.040481,11.068787,0.008740383,-0.01407813,-0.011930433,-0.011930433,INFEASIBLE,0,12463.076,1481.6147,0.036412433,0.29409413,15,1.5,0.02,0.04,-0.05,40,40,40,40,40,10,0
8.48,26.985112,-11.074025,-0.0086697789,0.015290261,-26.985112,11.074025,0.0086697789,-0.015290261,-0.010370044,-0.010370044,INFEASIBLE,0,12466.717,1482.2279,0.036412809,0.2940953,15,1.5,0.02,0.04,-0.05,40,40,40,40,40,10,0
8.485,26.929757,-11.073391,-0.0085981019,0.015454125,-26.929757,11.073391,0.0085981019,-0.015454125,-0.010130828,-0.010130828,INFEASIBLE,0,12470.343,1482.841,0.036413179,0.2940965,15,1.5,0.02,0.04,-0.05,40,40,40,40,40,10,0
8.49,26.874431,-11.067826,-0.008535071,0.014287262,-26.874431,11.067826,0.008535071,-0.014287262,-0.011819586,-0.011819586,INFEASIBLE,0,12473.954,1483.4535,0.036413543,0.29409752,15,1.5,0.02,0.04,-0.05,40,40,40,40,40,10,0
8.495,26.819091,-11.065891,-0.0084771472,0.014437475,-26.819091,11.065891,0.0084771472,-0.014437475,-0.011754804,-0.011754804,INFEASIBLE,0,12477.551,1484.0658,0.036413902,0.29409856,15,1.5,0.02,0.04,-0.05,40,40,40,40,40,10,0
8.5,26.763792,-11.065047,-0.0084162952,0.014249238,-26.763792,11.065047,0.0084162952,-0.014249238,-0.012196608,-0.012196608,INFEASIBLE,0,12481.132,1484.6779,0.036414256,0.29409957,15,1.5,0.02,0.04,-0.05,40,40,40,40,40,10,0
8.505,26.708535,-11.059497,-0.0083593757,0.014119674,-26.708535,11.059497,0.0083593757,-0.014119674,-0.012420293,-0.012420293,INFEASIBLE,0,12484.699,1485.2895,0.036414606,0.29410057,15,1.5,0.02,0.04,-0.05,40,40,40,40,40,10,0
8.51,26.653246,-11.063281,-0.0082943285,0.015571518,-26.653246,11.063281,0.0082943285,-0.015571518,-0.01052398,-0.01052398,INFEASIBLE,0,12488.251,1485.9015,0.03641495,0.29410178,15,1.5,0.02,0.04,-0.05,40,40,40,40,40,10,0
8.515,26.597975,-11.062635,-0.008227885,0.015677525,-26.597975,11.062635,0.008227885,-0.015677525,-0.010447891,-0.010447891,INFEASIBLE,0,12491.788,1486.5134,0.036415288,0.29410301,15,1.5,0.02,0.04,-0.05,40,40,40,40,40,10,0
8.52,26.542705,-11.063002,-0.008160192,0.015941544,-26.542705,11.063002,0.008160192,-0.015941544,-0.010156529,-0.010156529,INFEASIBLE,0,12495.311,1487.1253,0.036415621,0.29410428,15,1.5,0.02,0.04,-0.05,40,40,40,40,40,10,0
8.525,26.487439,-11.058213,-0.0080954855,0.012059392,-26.487439,11.058213,0.0080954855,-0.012059392,-0.015922935,-0.015922935,INFEASIBLE,0,12498.818,1487.7368,0.036415949,0.29410501,15,1.5,0.02,0.04,-0.05,40,40,40,40,40,10,0
8.53,26.432183,-11.045239,-0.0080270132,0.012134128,-26.432183,11.045239,0.0080270132,-0.012134128,-0.015369922,-0.015369922,INFEASIBLE,0,12502.312,1488.3467,0.036416271,0.29410575,15,1.5,0.02,0.04,-0.05,40,40,40,40,40,10,0
8.535,26.376903,-11.065633,-0.0079452136,0.016692331,-26.376903,11.065633,0.0079452136,-0.016692331,-0.0092269474,-0.0092269474,INFEASIBLE,0,12505.79,1488.959,0.036416587,0.29410714,15,1.5,0.02,0.04,-0.05,40,40,40,40,40,10,0
8.54,26.321624,-11.058758,-0.0078621935,0.015266165,-26.321624,11.058758,0.0078621935,-0.015266165,-0.010951514,-0.010951514,INFEASIBLE,0,12509.255,1489.5705,0.036416896,0.2941083,15,1.5,0.02,0.04,-0.05,40,40,40,40,40,10,0
8.545,26.266355,-11.043962,-0.0077810646,0.01424122,-26.266355,11.043962,0.0077810646,-0.01424122,-0.01178553,-0.01178553,INFEASIBLE,0,12512.704,1490.1803,0.036417198,0.29410932,15,1.5,0.02,0.04,-0.05,40,40,40,40,40,10,0
8.55,26.211104,-11.046447,-0.0076964944,0.015442044,-26.211104,11.046447,0.0076964944,-0.015442044,-0.0099201481,-0.0099201481,INFEASIBLE,0,12516.139,1490.7904,0.036417495,0.29411051,15,1.5,0.02,0.04,-0.05,40,40,40,40,40,10,0
8.555,26.155858,-11.040521,-0.0076143374,0.014193066,-26.155858,11.040521,0.0076143374,-0.014193066,-0.011429159,-0.011429159,INFEASIBLE,0,12519.56,1491.3999,0.036417784,0.29411152,15,1.5,0.02,0.04,-0.05,40,40,40,40,40,10,0
8.56,26.100637,-11.037248,-0.0075343535,0.014339479,-26.100637,11.037248,0.0075343535,-0.014339479,-0.010983261,-0.010983261,INFEASIBLE,0,12522.966,1492.009,0.036418068,0.29411255,15,1.5,0.02,0.04,-0.05,40,40,40,40,40,10,0
8.565,26.045424,-11.035322,-0.0074545321,0.01438958,-26.045424,11.035322,0.0074545321,-0.01438958,-0.010737991,-0.010737991,INFEASIBLE,0,12526.358,1492.6179,0.036418346,0.29411358,15,1.5,0.02,0.04,-0.05,40,40,40,40,40,10,0
8.57,25.990244,-11.030191,-0.007376531,0.01421496,-25.990244,11.030191,0.007376531,-0.01421496,-0.010728296,-0.010728296,INFEASIBLE,0,12529.735,1493.2262,0.036418618,0.29411459,15,1.5,0.02,0.04,-0.05,40,40,40,40,40,10,0
8.575,25.935086,-11.024673,-0.0073006472,0.013642076,-25.935086,11.024673,0.0073006472,-0.013642076,-0.011331802,-0.011331802,INFEASIBLE,0,12533.099,1493.8339,0.036418885,0.29411552,15,1.5,0.02,0.04,-0.05,40,40,40,40,40,10,0
8.58,25.87994,-11.025069,-0.0072246168,0.01428779,-25.87994,11.025069,0.0072246168,-0.01428779,-0.010341535,-0.010341535,INFEASIBLE,0,12536.447,1494.4417,0.036419146,0.29411654,15,1.5,0.02,0.04,-0.05,40,40,40,40,40,10,0
8.585,25.824799,-11.022332,-0.0071473095,0.014118719,-25.824799,11.022332,0.0071473095,-0.014118719,-0.010428869,-0.010428869,INFEASIBLE,0,12539.782,1495.0492,0.036419401,0.29411754,15,1.5,0.02,0.04,-0.05,40,40,40,40,40,10,0
8.59,25.769684,-11.01426,-0.0070774635,0.013163362,-25.769684,11.01426,0.0070774635,-0.013163362,-0.011593648,-0.011593648,INFEASIBLE,0,12543.102,1495.6557,0.036419652,0.29411841,15,1.5,0.02,0.04,-0.05,40,40,40,40,40,10,0
8.595,25.71458,-11.018051,-0.0070019945,0.014529947,-25.71458,11.018051,0.0070019945,-0.014529947,-0.0096654357,-0.0096654357,INFEASIBLE,0,12546.409,1496.2627,0.036419897,0.29411946,15,1.5,0.02,0.04,-0.05,40,40,40,40,40,10,0
8.6,25.659483,-11.012092,-0.0069292793,0.013795563,-25.659483,11.012092,0.0069292793,-0.013795563,-0.010539863,-0.010539863,INFEASIBLE,0,12549.701,1496.869,0.036420137,0.29412041,15,1.5,0.02,0.04,-0.05,40,40,40,40,40,10,0
8.605,25.604407,-11.009621,-0.006857479,0.013985883,-25.604407,11.009621,0.006857479,-0.013985883,-0.010180057,-0.010180057,INFEASIBLE,0,12552.979,1497.4751,0.036420372,0.29412139,15,1.5,0.02,0.04,-0.05,40,40,40,40,40,10,0
8.61,25.549361,-11.006155,-0.0067874793,0.01365955,-25.549361,11.006155,0.0067874793,-0.01365955,-0.010581865,-0.010581865,INFEASIBLE,0,12556.243,1498.0808,0.036420602,0.29412232,15,1.5,0.02,0.04,-0.05,40,40,40,40,40,10,0
8.615,25.494309,-11.005077,-0.0067162732,0.014048995,-25.494309,11.005077,0.0067162732,-0.014048995,-0.0099875255,-0.0099875255,INFEASIBLE,0,12559.492,1498.6863,0.036420828,0.29412331,15,1.5,0.02,0.04,-0.05,40,40,40,40,40,10,0
8.62,25.439281,-11.002937,-0.0066454402,0.014044781,-25.439281,11.002937,0.0066454402,-0.014044781,-0.0099463063,-0.0099463063,INFEASIBLE,0,12562.728,1499.2917,0.036421049,0.2941243,15,1.5,0.02,0.04,-0.05,40,40,40,40,40,10,0
8.625,25.384264,-11.001011,-0.0065743656,0.014107097,-25.384264,11.001011,0.0065743656,-0.014107097,-0.0098100028,-0.0098100028,INFEASIBLE,0,12565.95,1499.8968,0.036421265,0.29412529,15,1.5,0.02,0.04,-0.05,40,40,40,40,40,10,0
8.63,25.32928,-10.992526,-0.0065114354,0.012807329,-25.32928,10.992526,0.0065114354,-0.012807329,-0.011576,-0.011576,INFEASIBLE,0,12569.158,1500.501,0.036421477,0.29412611,15,1.5,0.02,0.04,-0.05,40,40,40,40,40,10,0
8.635,25.274307,-10.993263,-0.0064436357,0.014022043,-25.274307,10.993263,0.0064436357,-0.014022043,-0.0098658429,-0.0098658429,INFEASIBLE,0,12572.352,1501.1052,0.036421684,0.2941271,15,1.5,0.02,0.04,-0.05,40,40,40,40,40,10,0
8.64,25.219322,-10.99678,-0.0063690183,0.015242079,-25.219322,10.99678,0.0063690183,-0.015242079,-0.0081568985,-0.0081568985,INFEASIBLE,0,12575.532,1501.7099,0.036421887,0.29412826,15,1.5,0.02,0.04,-0.05,40,40,40,40,40,10,0
8.645,25.164382,-10.986976,-0.0063043577,0.013418367,-25.164382,10.986976,0.0063043577,-0.013418367,-0.01062922,-0.01062922,INFEASIBLE,0,12578.698,1502.3134,0.036422086,0.29412916,15,1.5,0.02,0.04,-0.05,40,40,40,40,40,10,0
8.65,25.109445,-10.985735,-0.0062394069,0.013850098,-25.109445,10.985735,0.0062394069,-0.013850098,-0.01005647,-0.01005647,INFEASIBLE,0,12581.85,1502.9169,0.03642228,0.29413012,15,1.5,0.02,0.04,-0.05,40,40,40,40,40,10,0
8.655,25.054512,-10.985958,-0.0061711514,0.014571101,-25.054512,10.985958,0.0061711514,-0.014571101,-0.0090587012,-0.0090587012,INFEASIBLE,0,12584.989,1503.5203,0.036422471,0.29413118,15,1.5,0.02,0.04,-0.05,40,40,40,40,40,10,0
8.66,24.9996,-10.983956,-0.0061041092,0.014269287,-24.9996,10.983956,0.0061041092,-0.014269287,-0.0095239245,-0.0095239245,INFEASIBLE,0,12588.114,1504.1236,0.036422657,0.2941322,15,1.5,0.02,0.04,-0.05,40,40,40,40,40,10,0
8.665,24.944711,-10.979225,-0.0060387609,0.014057718,-24.944711,10.979225,0.0060387609,-0.014057718,-0.0097696253,-0.0097696253,INFEASIBLE,0,12591.225,1504.7263,0.03642284,0.29413318,15,1.5,0.02,0.04,-0.05,40,40,40,40,40,10,0
8.67,24.889835,-10.97736,-0.0059733361,0.014204309,-24.889835,10.97736,0.0059733361,-0.014204309,-0.0095912959,-0.0095912959,INFEASIBLE,0,12594.323,1505.3288,0.036423018,0.29413419,15,1.5,0.02,0.04,-0.05,40,40,40,40,40,10,0
8.675,24.834963,-10.977051,-0.0059059892,0.014589443,-24.834963,10.977051,0.0059059892,-0.014589443,-0.00908843,-0.00908843,INFEASIBLE,0,12597.407,1505.9313,0.036423192,0.29413526,15,1.5,0.02,0.04,-0.05,40,40,40,40,40,10,0
8.68,24.780121,-10.970291,-0.0058470983,0.013420988,-24.780121,10.970291,0.0058470983,-0.013420988,-0.010784207,-0.010784207,INFEASIBLE,0,12600.477,1506.533,0.036423363,0.29413616,15,1.5,0.02,0.04,-0.05,40,40,40,40,40,10,0
8.685,24.725301,-10.967273,-0.0057887734,0.013771435,-24.725301,10.967273,0.0057887734,-0.013771435,-0.01035935,-0.01035935,INFEASIBLE,0,12603.534,1507.1344,0.036423531,0.29413711,15,1.5,0.02,0.04,-0.05,40,40,40,40,40,10,0
8.69,24.670508,-10.963737,-0.0057296982,0.013748545,-24.670508,10.963737,0.0057296982,-0.013748545,-0.010461984,-0.010461984,INFEASIBLE,0,12606.577,1507.7354,0.036423695,0.29413805,15,1.5,0.02,0.04,-0.05,40,40,40,40,40,10,0
8.695,24.615749,-10.958675,-0.005673868,0.013523704,-24.615749,10.958675,0.005673868,-0.013523704,-0.010854489,-0.010854489,INFEASIBLE,0,12609.606,1508.3359,0.036423856,0.29413897,15,1.5,0.02,0.04,-0.05,40,40,40,40,40,10,0
8.7,24.560981,-10.958146,-0.0056135335,0.014195906,-24.560981,10.958146,0.0056135335,-0.014195906,-0.010015359,-0.010015359,INFEASIBLE,0,12612.623,1508.9363,0.036424013,0.29413997,15,1.5,0.02,0.04,-0.05,40,40,40,40,40,10,0
8.705,24.506196,-10.957888,-0.0055525914,0.014714479,-24.506196,10.957888,0.0055525914,-0.014714479,-0.0094087323,-0.0094087323,INFEASIBLE,0,12615.625,1509.5367,0.036424168,0.29414106,15,1.5,0.02,0.04,-0.05,40,40,40,40,40,10,0
8.71,24.451468,-10.953143,-0.0054909456,0.014567045,-24.451468,10.953143,0.0054909456,-0.014567045,-0.0096099653,-0.0096099653,INFEASIBLE,0,12618.615,1510.1365,0.036424318,0.29414212,15,1.5,0.02,0.04,-0.05,40,40,40,40,40,10,0
8.715,24.396713,-10.956903,-0.0054224374,0.015812482,-24.396713,10.956903,0.0054224374,-0.015812482,-0.0079597142,-0.0079597142,INFEASIBLE,0,12621.591,1510.7368,0.036424465,0.29414337,15,1.5,0.02,0.04,-0.05,40,40,40,40,40,10,0
8.72,24.341985,-10.947706,-0.0053584871,0.011532763,-24.341985,10.947706,0.0053584871,-0.011532763,-0.014146687,-0.014146687,INFEASIBLE,0,12624.553,1511.336,0.036424609,0.29414403,15,1.5,0.02,0.04,-0.05,40,40,40,40,40,10,0
8.725,24.287272,-10.955421,-0.0052889066,0.017080836,-24.287272,10.955421,0.0052889066,-0.017080836,-0.0061837434,-0.0061837434,INFEASIBLE,0,12627.503,1511.9362,0.036424749,0.29414549,15,1.5,0.02,0.04,-0.05,40,40,40,40,40,10,0
8.73,24.232571,-10.942348,-0.0052198986,0.01237325,-24.232571,10.942348,0.0052198986,-0.01237325,-0.012781091,-0.012781091,INFEASIBLE,0,12630.439,1512.5348,0.036424885,0.29414626,15,1.5,0.02,0.04,-0.05,40,40,40,40,40,10,0
8.735,24.177885,-10.943663,-0.0051513766,0.013605705,-24.177885,10.943663,0.0051513766,-0.013605705,-0.011050908,-0.011050908,INFEASIBLE,0,12633.362,1513.1336,0.036425018,0.29414718,15,1.5,0.02,0.04,-0.05,40,40,40,40,40,10,0
8.74,24.123205,-10.940877,-0.0050778842,0.014267896,-24.123205,10.940877,0.0050778842,-0.014267896,-0.0099374061,-0.0099374061,INFEASIBLE,0,12636.271,1513.7322,0.036425147,0.2941482,15,1.5,0.02,0.04,-0.05,40,40,40,40,40,10,0
8.745,24.068544,-10.936866,-0.0050027051,0.014088407,-24.068544,10.936866,0.0050027051,-0.014088407,-0.010011721,-0.010011721,INFEASIBLE,0,12639.168,1514.3302,0.036425272,0.29414919,15,1.5,0.02,0.04,-0.05,40,40,40,40,40,10,0
8.75,24.013876,-10.917436,-0.0049304103,0.012501557,-24.013876,10.917436,0.0049304103,-0.012501557,-0.011623754,-0.011623754,INFEASIBLE,0,12642.051,1514.9262,0.036425393,0.29414997,15,1.5,0.02,0.04,-0.05,40,40,40,40,40,10,0
8.755,23.959252,-10.932292,-0.0048525463,0.015756684,-23.959252,10.932292,0.0048525463,-0.015756684,-0.0072598154,-0.0072598154,INFEASIBLE,0,12644.921,1515.5238,0.036425511,0.29415122,15,1.5,0.02,0.04,-0.05,40,40,40,40,40,10,0
8.76,23.904645,-10.912095,-0.0047745426,0.013083763,-23.904645,10.912095,0.0047745426,-0.013083763,-0.010383395,-0.010383395,INFEASIBLE,0,12647.779,1516.1191,0.036425625,0.29415207,15,1.5,0.02,0.04,-0.05,40,40,40,40,40,10,0
8.765,23.850065,-10.909377,-0.0046974845,0.013675869,-23.850065,10.909377,0.0046974845,-0.013675869,-0.0093222473,-0.0093222473,INFEASIBLE,0,12650.623,1516.7142,0.036425735,0.29415301,15,1.5,0.02,0.04,-0.05,40,40,40,40,40,10,0
8.77,23.7955,-10.907572,-0.0046187511,0.013939179,-23.7955,10.907572,0.0046187511,-0.013939179,-0.0087653895,-0.0087653895,INFEASIBLE,0,12653.454,1517.3091,0.036425842,0.29415398,15,1.5,0.02,0.04,-0.05,40,40,40,40,40,10,0
8.775,23.740953,-10.901283,-0.0045449574,0.012325852,-23.740953,10.901283,0.0045449574,-0.012325852,-0.010917852,-0.010917852,INFEASIBLE,0,12656.272,1517.9033,0.036425945,0.29415474,15,1.5,0.02,0.04,-0.05,40,40,40,40,40,10,0
8.78,23.686433,-10.898744,-0.0044685527,0.014124718,-23.686433,10.898744,0.0044685527,-0.014124718,-0.008062311,-0.008062311,INFEASIBLE,0,12659.077,1518.4972,0.036426045,0.29415574,15,1.5,0.02,0.04,-0.05,40,40,40,40,40,10,0
8.785,23.631931,-10.891464,-0.0043940627,0.012865481,-23.631931,10.891464,0.0043940627,-0.012865481,-0.0096326757,-0.0096326757,INFEASIBLE,0,12661.87,1519.0903,0.036426142,0.29415656,15,1.5,0.02,0.04,-0.05,40,40,40,40,40,10,0
8.79,23.577456,-10.89092,-0.004323351,0.012328343,-23.577456,10.89092,0.004323351,-0.012328343,-0.010445431,-0.010445431,INFEASIBLE,0,12664.649,1519.6834,0.036426235,0.29415732,15,1.5,0.02,0.04,-0.05,40,40,40,40,40,10,0
8.795,23.523005,-10.882623,-0.0042506927,0.013243651,-23.523005,10.882623,0.0042506927,-0.013243651,-0.008739715,-0.008739715,INFEASIBLE,0,12667.416,1520.2755,0.036426326,0.2941582,15,1.5,0.02,0.04,-0.05,40,40,40,40,40,10,0
8.8,23.468575,-10.881836,-0.0041797253,0.012378781,-23.468575,10.881836,0.0041797253,-0.012378781,-0.01002966,-0.01002966,INFEASIBLE,0,12670.17,1520.8676,0.036426413,0.29415897,15,1.5,0.02,0.04,-0.05,40,40,40,40,40,10,0
8.805,23.414151,-10.875352,-0.0041082429,0.013242183,-23.414151,10.875352,0.0041082429,-0.013242183,-0.0084914325,-0.0084914325,INFEASIBLE,0,12672.911,1521.459,0.036426497,0.29415984,15,1.5,0.02,0.04,-0.05,40,40,40,40,40,10,0
8.81,23.35978,-10.866635,-0.0040387485,0.012330207,-23.35978,10.866635,0.0040387485,-0.012330207,-0.0095557371,-0.0095557371,INFEASIBLE,0,12675.639,1522.0494,0.036426579,0.2941606,15,1.5,0.02,0.04,-0.05,40,40,40,40,40,10,0
8.815,23.305421,-10.865491,-0.0039693186,0.012662251,-23.305421,10.865491,0.0039693186,-0.012662251,-0.0090575955,-0.0090575955,INFEASIBLE,0,12678.355,1522.6397,0.036426658,0.2941614,15,1.5,0.02,0.04,-0.05,40,40,40,40,40,10,0
8.82,23.251073,-10.866416,-0.0038984444,0.012886344,-23.251073,10.866416,0.0038984444,-0.012886344,-0.0087823409,-0.0087823409,INFEASIBLE,0,12681.058,1523.2301,0.036426734,0.29416223,15,1.5,0.02,0.04,-0.05,40,40,40,40,40,10,0
8.825,23.196741,-10.855135,-0.0038289385,0.012966974,-23.196741,10.855135,0.0038289385,-0.012966974,-0.0082542133,-0.0082542133,INFEASIBLE,0,12683.748,1523.8192,0.036426807,0.29416308,15,1.5,0.02,0.04,-0.05,40,40,40,40,40,10,0
8.83,23.142439,-10.85544,-0.003756473,0.013482516,-23.142439,10.85544,0.003756473,-0.013482516,-0.0074921373,-0.0074921373,INFEASIBLE,0,12686.426,1524.4084,0.036426877,0.29416398,15,1.5,0.02,0.04,-0.05,40,40,40,40,40,10,0
8.835,23.088159,-10.849965,-0.0036847947,0.013113463,-23.088159,10.849965,0.0036847947,-0.013113463,-0.0078371369,-0.0078371369,INFEASIBLE,0,12689.091,1524.9971,0.036426945,0.29416484,15,1.5,0.02,0.04,-0.05,40,40,40,40,40,10,0
8.84,23.033881,-10.851117,-0.0036116534,0.013726557,-23.033881,10.851117,0.0036116534,-0.013726557,-0.0069520359,-0.0069520359,INFEASIBLE,0,12691.744,1525.5858,0.036427011,0.29416579,15,1.5,0.02,0.04,-0.05,40,40,40,40,40,10,0
8.845,22.979625,-10.844268,-0.0035397234,0.013207515,-22.979625,10.844268,0.0035397234,-0.013207515,-0.0074628051,-0.0074628051,INFEASIBLE,0,12694.385,1526.1738,0.036427073,0.29416666,15,1.5,0.02,0.04,-0.05,40,40,40,40,40,10,0
8.85,22.925395,-10.840097,-0.0034689803,0.013110185,-22.925395,10.840097,0.0034689803,-0.013110185,-0.0074654064,-0.0074654064,INFEASIBLE,0,12697.012,1526.7613,0.036427133,0.29416752,15,1.5,0.02,0.04,-0.05,40,40,40,40,40,10,0
8.855,22.871184,-10.83656,-0.0033984957,0.013153806,-22.871184,10.83656,0.0033984957,-0.013153806,-0.0072854465,-0.0072854465,INFEASIBLE,0,12699.628,1527.3485,0.036427191,0.29416838,15,1.5,0.02,0.04,-0.05,40,40,40,40,40,10,0
8.86,22.81699,-10.833307,-0.0033286114,0.012934454,-22.81699,10.833307,0.0033286114,-0.012934454,-0.007519993,-0.007519993,INFEASIBLE,0,12702.231,1527.9353,0.036427247,0.29416922,15,1.5,0.02,0.04,-0.05,40,40,40,40,40,10,0
8.865,22.762809,-10.830803,-0.0032584861,0.013060912,-22.762809,10.830803,0.0032584861,-0.013060912,-0.0072618726,-0.0072618726,INFEASIBLE,0,12704.822,1528.5218,0.0364273,0.29417007,15,1.5,0.02,0.04,-0.05,40,40,40,40,40,10,0
8.87,22.708648,-10.829775,-0.0031960693,0.010939354,-22.708648,10.829775,0.0031960693,-0.010939354,-0.010550037,-0.010550037,INFEASIBLE,0,12707.4,1529.1082,0.036427351,0.29417067,15,1.5,0.02,0.04,-0.05,40,40,40,40,40,10,0
8.875,22.65453,-10.81972,-0.0031349697,0.011956633,-22.65453,10.81972,0.0031349697,-0.011956633,-0.008787812,-0.008787812,INFEASIBLE,0,12709.966,1529.6936,0.0364274,0.29417139,15,1.5,0.02,0.04,-0.05,40,40,40,40,40,10,0
8.88,22.600421,-10.817576,-0.0030658977,0.013390409,-22.600421,10.817576,0.0030658977,-0.013390409,-0.0065974875,-0.0065974875,INFEASIBLE,0,12712.52,1530.2787,0.036427447,0.29417228,15,1.5,0.02,0.04,-0.05,40,40,40,40,40,10,0
8.885,22.546337,-10.809393,-0.0030006787,0.012054718,-22.546337,10.809393,0.0030006787,-0.012054718,-0.0083770775,-0.0083770775,INFEASIBLE,0,12715.062,1530.8629,0.036427492,0.29417301,15,1.5,0.02,0.04,-0.05,40,40,40,40,40,10,0
8.89,22.492284,-10.803507,-0.0029386577,0.011876895,-22.492284,10.803507,0.0029386577,-0.011876895,-0.0085591201,-0.0085591201,INFEASIBLE,0,12717.591,1531.4464,0.036427535,0.29417371,15,1.5,0.02,0.04,-0.05,40,40,40,40,40,10,0
8.895,22.438264,-10.800327,-0.0028778815,0.011522415,-22.438264,10.800327,0.0028778815,-0.011522415,-0.0091324143,-0.0091324143,INFEASIBLE,0,12720.109,1532.0297,0.036427576,0.29417438,15,1.5,0.02,0.04,-0.05,40,40,40,40,40,10,0
8.9,22.384287,-10.79028,-0.0028208646,0.011043978,-22.384287,10.79028,0.0028208646,-0.011043978,-0.0096724739,-0.0096724739,INFEASIBLE,0,12722.614,1532.6118,0.036427616,0.29417499,15,1.5,0.02,0.04,-0.05,40,40,40,40,40,10,0
8.905,22.330324,-10.786288,-0.002762306,0.011412187,-22.330324,10.786288,0.002762306,-0.011412187,-0.0091613294,-0.0091613294,INFEASIBLE,0,12725.107,1533.1936,0.036427654,0.29417564,15,1.5,0.02,0.04,-0.05,40,40,40,40,40,10,0
8.91,22.276374,-10.783829,-0.0027026083,0.012014603,-22.276374,10.783829,0.0027026083,-0.012014603,-0.0083429063,-0.0083429063,INFEASIBLE,0,12727.588,1533.775,0.036427691,0.29417636,15,1.5,0.02,0.04,-0.05,40,40,40,40,40,10,0
8.915,22.222438,-10.782423,-0.0026389844,0.013078487,-22.222438,10.782423,0.0026389844,-0.013078487,-0.0068151887,-0.0068151887,INFEASIBLE,0,12730.058,1534.3563,0.036427726,0.29417722,15,1.5,0.02,0.04,-0.05,40,40,40,40,40,10,0
8.92,22.168516,-10.781666,-0.0025703041,0.013808526,-22.168516,10.781666,0.0025703041,-0.013808526,-0.0057381014,-0.0057381014,INFEASIBLE,0,12732.515,1534.9375,0.036427759,0.29417817,15,1.5,0.02,0.04,-0.05,40,40,40,40,40,10,0
8.925,22.114606,-10.77787,-0.0025025908,0.013451571,-22.114606,10.77787,0.0025025908,-0.013451571,-0.0061841692,-0.0061841692,INFEASIBLE,0,12734.96,1535.5183,0.03642779,0.29417907,15,1.5,0.02,0.04,-0.05,40,40,40,40,40,10,0
8.93,22.060707,-10.778037,-0.0024330426,0.014142474,-22.060707,10.778037,0.0024330426,-0.014142474,-0.0051892937,-0.0051892937,INFEASIBLE,0,12737.393,1536.0992,0.03642782,0.29418007,15,1.5,0.02,0.04,-0.05,40,40,40,40,40,10,0
8.935,22.00682,-10.774899,-0.0023625876,0.014175433,-22.00682,10.774899,0.0023625876,-0.014175433,-0.0050352101,-0.0050352101,INFEASIBLE,0,12739.815,1536.6797,0.036427848,0.29418108,15,1.5,0.02,0.04,-0.05,40,40,40,40,40,10,0
8.94,21.952942,-10.771587,-0.0022914447,0.013649354,-21.952942,10.771587,0.0022914447,-0.013649354,-0.0057022569,-0.0057022569,INFEASIBLE,0,12742.225,1537.2598,0.036427874,0.29418201,15,1.5,0.02,0.04,-0.05,40,40,40,40,40,10,0
8.945,21.899074,-10.773814,-0.0022236598,0.013372752,-21.899074,10.773814,0.0022236598,-0.013372752,-0.0062668352,-0.0062668352,INFEASIBLE,0,12744.622,1537.8402,0.036427899,0.2941829,15,1.5,0.02,0.04,-0.05,40,40,40,40,40,10,0
8.95,21.845214,-10.767248,-0.0021529193,0.014252856,-21.845214,10.767248,0.0021529193,-0.014252856,-0.0047001398,-0.0047001398,INFEASIBLE,0,12747.009,1538.4198,0.036427922,0.29418392,15,1.5,0.02,0.04,-0.05,40,40,40,40,40,10,0
8.955,21.791369,-10.767501,-0.0020801606,0.014258222,-21.791369,10.767501,0.0020801606,-0.014258222,-0.0046877465,-0.0046877465,INFEASIBLE,0,12749.383,1538.9995,0.036427943,0.29418494,15,1.5,0.02,0.04,-0.05,40,40,40,40,40,10,0
8.96,21.737537,-10.761505,-0.0020110634,0.013443838,-21.737537,10.761505,0.0020110634,-0.013443838,-0.0057096436,-0.0057096436,INFEASIBLE,0,12751.745,1539.5786,0.036427964,0.29418584,15,1.5,0.02,0.04,-0.05,40,40,40,40,40,10,0
8.965,21.683728,-10.759584,-0.0019419511,0.013806608,-21.683728,10.759584,0.0019419511,-0.013806608,-0.0051281364,-0.0051281364,INFEASIBLE,0,12754.096,1540.1574,0.036427982,0.29418679,15,1.5,0.02,0.04,-0.05,40,40,40,40,40,10,0
8.97,21.629945,-10.752178,-0.0018751605,0.012908778,-21.629945,10.752178,0.0018751605,-0.012908778,-0.0062524695,-0.0062524695,INFEASIBLE,0,12756.436,1540.7355,0.036428,0.29418763,15,1.5,0.02,0.04,-0.05,40,40,40,40,40,10,0
8.975,21.576177,-10.747041,-0.0018095402,0.012495069,-21.576177,10.747041,0.0018095402,-0.012495069,-0.0067586006,-0.0067586006,INFEASIBLE,0,12758.763,1541.313,0.036428016,0.29418841,15,1.5,0.02,0.04,-0.05,40,40,40,40,40,10,0
8.98,21.52243,-10.744245,-0.001746505,0.012180305,-21.52243,10.744245,0.001746505,-0.012180305,-0.0072483218,-0.0072483218,INFEASIBLE,0,12761.079,1541.8902,0.036428032,0.29418915,15,1.5,0.02,0.04,-0.05,40,40,40,40,40,10,0
8.985,21.468731,-10.734714,-0.0016865321,0.011617403,-21.468731,10.734714,0.0016865321,-0.011617403,-0.0078858275,-0.0078858275,INFEASIBLE,0,12763.384,1542.4663,0.036428046,0.29418982,15,1.5,0.02,0.04,-0.05,40,40,40,40,40,10,0
8.99,21.415044,-10.732495,-0.0016244317,0.012287014,-21.415044,10.732495,0.0016244317,-0.012287014,-0.0069348677,-0.0069348677,INFEASIBLE,0,12765.677,1543.0423,0.036428059,0.29419058,15,1.5,0.02,0.04,-0.05,40,40,40,40,40,10,0
8.995,21.361375,-10.728138,-0.0015627451,0.011948437,-21.361375,10.728138,0.0015627451,-0.011948437,-0.0074165317,-0.0074165317,INFEASIBLE,0,12767.958,1543.6177,0.036428071,0.29419129,15,1.5,0.02,0.04,-0.05,40,40,40,40,40,10,0
9,21.30775,-10.720659,-0.0015026081,0.011774482,-21.30775,10.720659,0.0015026081,-0.011774482,-0.007548733,-0.007548733,INFEASIBLE,0,12770.229,1544.1924,0.036428083,0.29419199,15,1.5,0.02,0.04,-0.05,40,40,40,40,40,10,0
9.005,21.25414,-10.716257,-0.0014410035,0.012022644,-21.25414,10.716257,0.0014410035,-0.012022644,-0.007148576,-0.007148576,INFEASIBLE,0,12772.487,1544.7666,0.036428093,0.29419271,15,1.5,0.02,0.04,-0.05,40,40,40,40,40,10,0
9.01,21.200539,-10.719457,-0.0013800747,0.011630759,-21.200539,10.719457,0.0013800747,-0.011630759,-0.0080224763,-0.0080224763,INFEASIBLE,0,12774.735,1545.3411,0.036428102,0.29419338,15,1.5,0.02,0.04,-0.05,40,40,40,40,40,10,0
9.015,21.146988,-10.705797,-0.0013190901,0.011934121,-21.146988,10.705797,0.0013190901,-0.011934121,-0.0071772962,-0.0071772962,INFEASIBLE,0,12776.971,1545.9142,0.036428111,0.2941941,15,1.5,0.02,0.04,-0.05,40,40,40,40,40,10,0
9.02,21.093478,-10.696513,-0.0012615181,0.011105201,-21.093478,10.696513,0.0012615181,-0.011105201,-0.0082559372,-0.0082559372,INFEASIBLE,0,12779.195,1546.4863,0.036428119,0.29419471,15,1.5,0.02,0.04,-0.05,40,40,40,40,40,10,0
9.025,21.039982,-10.693444,-0.0012017082,0.011818524,-21.039982,10.693444,0.0012017082,-0.011818524,-0.007235984,-0.007235984,INFEASIBLE,0,12781.409,1547.058,0.036428126,0.29419541,15,1.5,0.02,0.04,-0.05,40,40,40,40,40,10,0
9.03,20.986499,-10.695283,-0.0011422909,0.011241743,-20.986499,10.695283,0.0011422909,-0.011241743,-0.0083530949,-0.0083530949,INFEASIBLE,0,12783.611,1547.63,0.036428133,0.29419604,15,1.5,0.02,0.04,-0.05,40,40,40,40,40,10,0
9.035,20.93303,-10.692733,-0.0010822685,0.011614285,-20.93303,10.692733,0.0010822685,-0.011614285,-0.0078613046,-0.0078613046,INFEASIBLE,0,12785.802,1548.2016,0.036428139,0.29419672,15,1.5,0.02,0.04,-0.05,40,40,40,40,40,10,0
9.04,20.879601,-10.678037,-0.0010199709,0.012121697,-20.879601,10.678037,0.0010199709,-0.012121697,-0.0066464641,-0.0066464641,INFEASIBLE,0,12787.982,1548.7717,0.036428144,0.29419745,15,1.5,0.02,0.04,-0.05,40,40,40,40,40,10,0
9.045,20.826227,-10.669675,-0.00096126828,0.011277595,-20.826227,10.669675,0.00096126828,-0.011277595,-0.0077650843,-0.0077650843,INFEASIBLE,0,12790.15,1549.341,0.036428149,0.29419809,15,1.5,0.02,0.04,-0.05,40,40,40,40,40,10,0
9.05,20.772877,-10.663259,-0.0009025316,0.011356589,-20.772877,10.663259,0.0009025316,-0.011356589,-0.0075759129,-1.2957292,OK,0,12792.308,1549.9095,0.036428153,0.29419873,15,1.5,0.02,0.04,-0.05,40,40,40,40,40,10,0
9.055,20.708086,-14.145318,0.00098756932,0.64540302,-20.708086,14.145318,-0.00098756932,-0.64540302,0.83126709,-0.0042220927,OK,0,12794.452,1550.9099,0.036428158,0.29628146,15,1.5,0.02,0.04,-0.05,40,40,40,40,40,10,0
9.06,20.643935,-12.503153,0.0046388981,0.75217753,-20.643935,12.503153,-0.0046388981,-0.75217753,1.1106024,-0.10050041,OK,0,12796.583,1551.6916,0.036428265,0.29911031,15,1.5,0.02,0.04,-0.05,40,40,40,40,40,10,0
9.065,20.580658,-12.786783,0.0085322121,0.79687715,-20.580658,12.786783,-0.0085322121,-0.79687715,1.2234407,0.31895894,OK,0,12798.701,1552.5091,0.036428629,0.30228538,15,1.5,0.02,0.04,-0.05,40,40,40,40,40,10,0
9.07,20.519397,-12.135727,0.012040878,0.62225171,-20.519397,12.135727,-0.012040878,-0.62225171,1.0389496,0.47489103,OK,0,12800.806,1553.2455,0.036429354,0.30422137,15,1.5,0.02,0.04,-0.05,40,40,40,40,40,10,0
9.075,20.462319,-11.234344,0.014435226,0.36203007,-20.462319,11.234344,-0.014435226,-0.36203007,0.71944612,0.54033837,OK,0,12802.899,1553.8765,0.036430396,0.30487669,15,1.5,0.02,0.04,-0.05,40,40,40,40,40,10,0
9.08,20.40951,-10.434254,0.015382295,0.051687166,-20.40951,10.434254,-0.015382295,-0.051687166,0.2990852,0.2990852,OK,0,12804.982,1554.4209,0.036431579,0.30489005,15,1.5,0.02,0.04,-0.05,40,40,40,40,40,10,0
9.085,20.358594,-10.224839,0.015128915,-0.13291377,-20.358594,10.224839,-0.015128915,0.13291377,0.025741383,0.025741383,OK,0,12807.054,1554.9436,0.036432723,0.30497838,15,1.5,0.02,0.04,-0.05,40,40,40,40,40,10,0
9.09,20.307582,-10.182801,0.014425707,-0.14649207,-20.307582,10.182801,-0.014425707,0.14649207,-0.0045128964,-0.0045128964,OK,0,12809.116,1555.4621,0.036433764,0.30508568,15,1.5,0.02,0.04,-0.05,40,40,40,40,40,10,0
9.095,20.256649,-10.191289,0.013704497,-0.14377157,-20.256649,10.191289,-0.013704497,0.14377157,-0.012608467,-0.012608467,OK,0,12811.168,1555.9814,0.036434703,0.30518903,15,1.5,0.02,0.04,-0.05,40,40,40,40,40,10,0
9.1,20.205693,-10.203501,0.013015779,-0.13357687,-20.205693,10.203501,-0.013015779,0.13357687,-0.0091548046,-0.0091548046,OK,0,12813.209,1556.5019,0.03643555,0.30527825,15,1.5,0.02,0.04,-0.05,40,40,40,40,40,10,0
9.105,20.15469,-10.210194,0.012366523,-0.12656348,-20.15469,10.210194,-0.012366523,0.12656348,-0.0096613225,-0.0096613225,OK,0,12815.24,1557.0232,0.036436315,0.30535834,15,1.5,0.02,0.04,-0.05,40,40,40,40,40,10,0
9.11,20.103665,-10.213871,0.011749385,-0.12009677,-20.103665,10.213871,-0.011749385,0.12009677,-0.010385917,-0.010385917,OK,0,12817.261,1557.5448,0.036437005,0.30543046,15,1.5,0.02,0.04,-0.05,40,40,40,40,40,10,0
9.115,20.052622,-10.216768,0.011162007,-0.11421448,-20.052622,10.216768,-0.011162007,0.11421448,-0.011509899,-0.011509899,OK,0,12819.272,1558.0667,0.036437628,0.30549568,15,1.5,0.02,0.04,-0.05,40,40,40,40,40,10,0
9.12,20.001542,-10.221675,0.010605375,-0.10789347,-20.001542,10.221675,-0.010605375,0.10789347,-0.011595739,-0.011595739,OK,0,12821.272,1558.5891,0.03643819,0.30555389,15,1.5,0.02,0.04,-0.05,40,40,40,40,40,10,0
9.125,19.95043,-10.22139,0.010073293,-0.10247267,-19.95043,10.22139,-0.010073293,0.10247267,-0.012456608,-0.012456608,OK,0,12823.262,1559.1115,0.036438698,0.30560639,15,1.5,0.02,0.04,-0.05,40,40,40,40,40,10,0
9.13,19.899303,-10.230186,0.009581272,-0.095369383,-19.899303,10.230186,-0.009581272,0.095369383,-0.010556363,-0.010556363,OK,0,12825.242,1559.6348,0.036439157,0.30565187,15,1.5,0.02,0.04,-0.05,40,40,40,40,40,10,0
9.135,19.84816,-10.231145,0.0091179921,-0.090148254,-19.84816,10.231145,-0.0091179921,0.090148254,-0.01073509,-0.01073509,OK,0,12827.212,1560.1582,0.036439572,0.3056925,15,1.5,0.02,0.04,-0.05,40,40,40,40,40,10,0
9.14,19.796967,-10.240802,0.008688595,-0.08332678,-19.796967,10.240802,-0.008688595,0.08332678,-0.008354009,-0.008354009,OK,0,12829.171,1560.6825,0.03643995,0.30572722,15,1.5,0.02,0.04,-0.05,40,40,40,40,40,10,0
9.145,19.745768,-10.237366,0.0082795624,-0.080064179,-19.745768,10.237366,-0.0082795624,0.080064179,-0.010482104,-0.010482104,OK,0,12831.121,1561.2066,0.036440292,0.30575927,15,1.5,0.02,0.04,-0.05,40,40,40,40,40,10,0
9.15,19.694557,-10.242332,0.0078970416,-0.074537907,-19.694557,10.242332,-0.0078970416,0.074537907,-0.0091533858,-0.0091533858,OK,0,12833.06,1561.7311,0.036440604,0.30578705,15,1.5,0.02,0.04,-0.05,40,40,40,40,40,10,0
9.155,19.643335,-10.242446,0.0075372781,-0.070534147,-19.643335,10.242446,-0.0075372781,0.070534147,-0.0095731838,-0.0095731838,OK,0,12834.99,1562.2556,0.036440888,0.30581192,15,1.5,0.02,0.04,-0.05,40,40,40,40,40,10,0
9.16,19.592076,-10.251764,0.0072044072,-0.064612266,-19.592076,10.251764,-0.0072044072,0.064612266,-0.0070813352,-0.0070813352,OK,0,12836.909,1562.7811,0.036441148,0.3058328,15,1.5,0.02,0.04,-0.05,40,40,40,40,40,10,0
9.165,19.540789,-10.254793,0.006895721,-0.06060479,-19.540789,10.254793,-0.006895721,0.06060479,-0.0068473048,-0.0068473048,OK,0,12838.818,1563.3069,0.036441386,0.30585116,15,1.5,0.02,0.04,-0.05,40,40,40,40,40,10,0
9.17,19.489519,-10.24615,0.0065985509,-0.059249505,-19.489519,10.24615,-0.0065985509,0.059249505,-0.0099516073,-0.0099516073,OK,0,12840.717,1563.8318,0.036441603,0.30586871,15,1.5,0.02,0.04,-0.05,40,40,40,40,40,10,0
9.175,19.438256,-10.250714,0.0063183694,-0.054964968,-19.438256,10.250714,-0.0063183694,0.054964968,-0.0089353415,-0.0089353415,OK,0,12842.607,1564.3572,0.036441803,0.30588382,15,1.5,0.02,0.04,-0.05,40,40,40,40,40,10,0
9.18,19.38699,-10.247355,0.0060563946,-0.052110229,-19.38699,10.247355,-0.0060563946,0.052110229,-0.0094738126,-0.0094738126,OK,0,12844.486,1564.8823,0.036441986,0.3058974,15,1.5,0.02,0.04,-0.05,40,40,40,40,40,10,0
9.185,19.335728,-10.245064,0.0058086986,-0.049224824,-19.335728,10.245064,-0.0058086986,0.049224824,-0.0097947535,-0.0097947535,OK,0,12846.355,1565.4071,0.036442155,0.30590951,15,1.5,0.02,0.04,-0.05,40,40,40,40,40,10,0
9.19,19.284468,-10.249996,0.0055810435,-0.044581675,-19.284468,10.249996,-0.0055810435,0.044581675,-0.0074673284,-0.0074673284,OK,0,12848.215,1565.9324,0.036442311,0.30591945,15,1.5,0.02,0.04,-0.05,40,40,40,40,40,10,0
9.195,19.233199,-10.249193,0.0053713264,-0.04200622,-19.233199,10.249193,-0.0053713264,0.04200622,-0.0077431786,-0.0077431786,OK,0,12850.064,1566.4576,0.036442455,0.30592827,15,1.5,0.02,0.04,-0.05,40,40,40,40,40,10,0
9.2,19.18194,-10.246265,0.0051735722,-0.040010925,-19.18194,10.246265,-0.0051735722,0.040010925,-0.0086246137,-0.0086246137,OK,0,12851.904,1566.9825,0.036442589,0.30593628,15,1.5,0.02,0.04,-0.05,40,40,40,40,40,10,0
9.205,19.130675,-10.26301,0.0049909877,-0.033571511,-19.130675,10.26301,-0.0049909877,0.033571511,-0.0033993258,-0.0033993258,OK,0,12853.734,1567.5092,0.036442713,0.30594191,15,1.5,0.02,0.04,-0.05,40,40,40,40,40,10,0
9.21,19.079421,-10.247194,0.0048186573,-0.035084052,-19.079421,10.247194,-0.0048186573,0.035084052,-0.008645562,-0.008645562,OK,0,12855.554,1568.0342,0.03644283,0.30594807,15,1.5,0.02,0.04,-0.05,40,40,40,40,40,10,0
9.215,19.028195,-10.253096,0.0046532863,-0.030521224,-19.028195,10.253096,-0.0046532863,0.030521224,-0.0055424701,-0.0055424701,OK,0,12857.364,1568.5598,0.036442938,0.30595272,15,1.5,0.02,0.04,-0.05,40,40,40,40,40,10,0
9.22,18.976988,-10.246701,0.0044964263,-0.029576452,-18.976988,10.246701,-0.0044964263,0.029576452,-0.0072465858,-0.0072465858,OK,0,12859.165,1569.0848,0.036443039,0.3059571,15,1.5,0.02,0.04,-0.05,40,40,40,40,40,10,0
9.225,18.925767,-10.244472,0.0043457008,-0.027606581,-18.925767,10.244472,-0.0043457008,0.027606581,-0.0074878841,-0.0074878841,OK,0,12860.956,1569.6096,0.036443133,0.30596091,15,1.5,0.02,0.04,-0.05,40,40,40,40,40,10,0
9.23,18.87461,-10.236484,0.0042015825,-0.026618004,-18.87461,10.236484,-0.0042015825,0.026618004,-0.0088704022,-0.0088704022,OK,0,12862.737,1570.1335,0.036443222,0.30596445,15,1.5,0.02,0.04,-0.05,40,40,40,40,40,10,0
9.235,18.823467,-10.231456,0.0040665277,-0.024780419,-18.823467,10.231456,-0.0040665277,0.024780419,-0.008961622,-0.008961622,OK,0,12864.509,1570.6569,0.036443304,0.30596752,15,1.5,0.02,0.04,-0.05,40,40,40,40,40,10,0
9.24,18.772319,-10.231515,0.0039489358,-0.02182837,-18.772319,10.231515,-0.0039489358,0.02182837,-0.0073227289,-0.0073227289,OK,0,12866.271,1571.1803,0.036443382,0.3059699,15,1.5,0.02,0.04,-0.05,40,40,40,40,40,10,0
9.245,18.721162,-10.230071,0.0038441855,-0.019752164,-18.721162,10.230071,-0.0038441855,0.019752164,-0.0067450509,-0.0067450509,OK,0,12868.023,1571.7036,0.036443456,0.30597185,15,1.5,0.02,0.04,-0.05,40,40,40,40,40,10,0
9.25,18.670053,-10.220618,0.0037425111,-0.019421656,-18.670053,10.220618,-0.0037425111,0.019421656,-0.0084184699,-0.0084184699,OK,0,12869.766,1572.2259,0.036443526,0.30597374,15,1.5,0.02,0.04,-0.05,40,40,40,40,40,10,0
9.255,18.618933,-10.222814,0.0036564432,-0.016169652,-18.618933,10.222814,-0.0036564432,0.016169652,-0.0059417352,-0.0059417352,OK,0,12871.499,1572.7484,0.036443593,0.30597505,15,1.5,0.02,0.04,-0.05,40,40,40,40,40,10,0
9.26,18.567817,-10.219894,0.0035803285,-0.014930761,-18.567817,10.219894,-0.0035803285,0.014930761,-0.0061306132,-0.0061306132,OK,0,12873.223,1573.2707,0.036443657,0.30597616,15,1.5,0.02,0.04,-0.05,40,40,40,40,40,10,0
9.265,18.51673,-10.212543,0.0035077467,-0.014494863,-18.51673,10.212543,-0.0035077467,0.014494863,-0.0072932328,-0.0072932328,OK,0,12874.937,1573.7921,0.036443719,0.30597721,15,1.5,0.02,0.04,-0.05,40,40,40,40,40,10,0
9.27,18.465682,-10.20455,0.003437191,-0.014043102,-18.465682,10.20455,-0.003437191,0.014043102,-0.0083751659,-0.0083751659,OK,0,12876.642,1574.3128,0.036443778,0.3059782,15,1.5,0.02,0.04,-0.05,40,40,40,40,40,10,0
9.275,18.414633,-10.206024,0.0033802949,-0.010961886,-18.414633,10.206024,-0.0033802949,0.010961886,-0.0056866934,-0.0056866934,OK,0,12878.338,1574.8336,0.036443835,0.3059788,15,1.5,0.02,0.04,-0.05,40,40,40,40,40,10,0
9.28,18.363595,-10.201535,0.0033323315,-0.0099726184,-18.363595,10.201535,-0.0033323315,0.0099726184,-0.005763437,-0.005763437,OK,0,12880.024,1575.354,0.03644389,0.3059793,15,1.5,0.02,0.04,-0.05,40,40,40,40,40,10,0
9.285,18.312585,-10.195906,0.0032879062,-0.0095370296,-18.312585,10.195906,-0.0032879062,0.0095370296,-0.0065714891,-0.0065714891,OK,0,12881.701,1575.8738,0.036443944,0.30597975,15,1.5,0.02,0.04,-0.05,40,40,40,40,40,10,0
9.29,18.261577,-10.198416,0.0032523321,-0.0070313565,-18.261577,10.198416,-0.0032523321,0.0070313565,-0.004467153,-0.004467153,OK,0,12883.368,1576.3938,0.036443997,0.30598,15,1.5,0.02,0.04,-0.05,40,40,40,40,40,10,0
9.295,18.210589,-10.188126,0.0032186513,-0.0085298717,-18.210589,10.188126,-0.0032186513,0.0085298717,-0.0078283153,-0.0078283153,OK,0,12885.026,1576.9128,0.036444049,0.30598036,15,1.5,0.02,0.04,-0.05,40,40,40,40,40,10,0
9.3,18.159623,-10.198131,0.0031906879,-0.004983376,-18.159623,10.198131,-0.0031906879,0.004983376,-0.0043475293,-0.0043475293,OK,0,12886.675,1577.4328,0.0364441,0.30598049,15,1.5,0.02,0.04,-0.05,40,40,40,40,40,10,0
9.305,18.108684,-10.179794,0.0031682746,-0.0060608547,-18.108684,10.179794,-0.0031682746,0.0060608547,-0.0065852334,-0.0065852334,OK,0,12888.315,1577.9509,0.03644415,0.30598067,15,1.5,0.02,0.04,-0.05,40,40,40,40,40,10,0
9.31,18.057787,-10.169837,0.0031454446,-0.0062659996,-18.057787,10.169837,-0.0031454446,0.0062659996,-0.0078550516,-0.0078550516,OK,0,12889.945,1578.4681,0.0364442,0.30598087,15,1.5,0.02,0.04,-0.05,40,40,40,40,40,10,0
9.315,18.006917,-10.182471,0.0031294315,-0.00072055226,-18.006917,10.182471,-0.0031294315,0.00072055226,-0.0012998402,-0.0012998402,OK,0,12891.566,1578.9865,0.036444249,0.30598087,15,1.5,0.02,0.04,-0.05,40,40,40,40,40,10,0
9.32,17.956079,-10.170774,0.0031126592,-0.0025399527,-17.956079,10.170774,-0.0031126592,0.0025399527,-0.0048294186,-0.0048294186,OK,0,12893.179,1579.5037,0.036444297,0.3059809,15,1.5,0.02,0.04,-0.05,40,40,40,40,40,10,0
9.325,17.905293,-10.161452,0.0030906684,-0.0029317296,-17.905293,10.161452,-0.0030906684,0.0029317296,-0.0063897917,-0.0063897917,OK,0,12894.782,1580.02,0.036444345,0.30598094,15,1.5,0.02,0.04,-0.05,40,40,40,40,40,10,0
9.33,17.85453,-10.154808,0.003069994,-0.0024481576,-17.85453,10.154808,-0.003069994,0.0024481576,-0.0067240649,-0.0067240649,OK,0,12896.375,1580.5356,0.036444392,0.30598097,15,1.5,0.02,0.04,-0.05,40,40,40,40,40,10,0
9.335,17.803772,-10.152617,0.0030612351,-0.0004552111,-17.803772,10.152617,-0.0030612351,0.0004552111,-0.0047935174,-0.0047935174,OK,0,12897.96,1581.051,0.036444439,0.30598098,15,1.5,0.02,0.04,-0.05,40,40,40,40,40,10,0
9.34,17.753035,-10.147068,0.0030566863,-0.00024769495,-17.753035,10.147068,-0.0030566863,0.00024769495,-0.0053432681,-0.0053432681,OK,0,12899.536,1581.5658,0.036444486,0.30598098,15,1.5,0.02,0.04,-0.05,40,40,40,40,40,10,0
9.345,17.702344,-10.136229,0.0030502027,-0.00074887319,-17.702344,10.136229,-0.0030502027,0.00074887319,-0.0067725758,-0.0067725758,OK,0,12901.103,1582.0795,0.036444532,0.30598098,15,1.5,0.02,0.04,-0.05,40,40,40,40,40,10,0
9.35,17.651652,-10.136526,0.0030539134,0.0014180278,-17.651652,10.136526,-0.0030539134,-0.0014180278,-0.0044922451,-0.0044922451,OK,0,12902.661,1582.5932,0.036444579,0.30598099,15,1.5,0.02,0.04,-0.05,40,40,40,40,40,10,0
9.355,17.600978,-10.130329,0.0030633529,0.0017952689,-17.600978,10.130329,-0.0030633529,-0.0017952689,-0.0045504215,-0.0045504215,OK,0,12904.21,1583.1064,0.036444626,0.305981,15,1.5,0.02,0.04,-0.05,40,40,40,40,40,10,0
9.36,17.550341,-10.121788,0.0030721174,0.0014178716,-17.550341,10.121788,-0.0030721174,-0.0014178716,-0.0056561423,-0.0056561423,OK,0,12905.75,1583.6186,0.036444673,0.30598101,15,1.5,0.02,0.04,-0.05,40,40,40,40,40,10,0
9.365,17.49971,-10.122509,0.003088042,0.0032783093,-17.49971,10.122509,-0.003088042,-0.0032783093,-0.0036680749,-0.0036680749,OK,0,12907.281,1584.1309,0.03644472,0.30598107,15,1.5,0.02,0.04,-0.05,40,40,40,40,40,10,0
9.37,17.449093,-10.116897,0.0031089495,0.0034820983,-17.449093,10.116897,-0.0031089495,-0.0034820983,-0.0038366453,-0.0038366453,OK,0,12908.804,1584.6427,0.036444769,0.30598113,15,1.5,0.02,0.04,-0.05,40,40,40,40,40,10,0
9.375,17.398512,-10.108567,0.0031291823,0.0029977019,-17.398512,10.108567,-0.0031291823,-0.0029977019,-0.0049381577,-0.0049381577,OK,0,12910.317,1585.1536,0.036444818,0.30598117,15,1.5,0.02,0.04,-0.05,40,40,40,40,40,10,0
9.38,17.347977,-10.098749,0.0031469721,0.0024044587,-17.347977,10.098749,-0.0031469721,-0.0024044587,-0.0061791492,-0.0061791492,OK,0,12911.822,1585.6635,0.036444867,0.3059812,15,1.5,0.02,0.04,-0.05,40,40,40,40,40,10,0
9.385,17.297463,-10.097832,0.0031699031,0.0042006817,-17.297463,10.097832,-0.0031699031,-0.0042006817,-0.0041144605,-0.0041144605,OK,0,12913.318,1586.1734,0.036444917,0.30598129,15,1.5,0.02,0.04,-0.05,40,40,40,40,40,10,0
9.39,17.24697,-10.091266,0.0031970462,0.0041538802,-17.24697,10.091266,-0.0031970462,-0.0041538802,-0.0045247392,-0.0045247392,OK,0,12914.805,1586.6825,0.036444969,0.30598138,15,1.5,0.02,0.04,-0.05,40,40,40,40,40,10,0
9.395,17.196497,-10.102615,0.0032272108,0.0079730801,-17.196497,10.102615,-0.0032272108,-0.0079730801,0.0001931459,0.0001931459,OK,0,12916.284,1587.1928,0.036445021,0.3059817,15,1.5,0.02,0.04,-0.05,40,40,40,40,40,10,0
9.4,17.146041,-10.095596,0.0032579812,0.0068839723,-17.146041,10.095596,-0.0032579812,-0.0068839723,-0.0017073454,-0.0017073454,OK,0,12917.754,1587.7024,0.036445074,0.30598193,15,1.5,0.02,0.04,-0.05,40,40,40,40,40,10,0
9.405,17.095627,-10.086915,0.0032834391,0.0061296333,-17.095627,10.086915,-0.0032834391,-0.0061296333,-0.0031180134,-0.0031180134,OK,0,12919.215,1588.2112,0.036445128,0.30598212,15,1.5,0.02,0.04,-0.05,40,40,40,40,40,10,0
9.41,17.045261,-10.07707,0.0033041789,0.0053711513,-17.045261,10.07707,-0.0033041789,-0.0053711513,-0.004558143,-0.004558143,OK,0,12920.668,1588.7189,0.036445182,0.30598226,15,1.5,0.02,0.04,-0.05,40,40,40,40,40,10,0
9.415,16.994923,-10.06911,0.0033243012,0.0052901764,-16.994923,10.06911,-0.0033243012,-0.0052901764,-0.0050661402,-0.0050661402,OK,0,12922.112,1589.2258,0.036445237,0.3059824,15,1.5,0.02,0.04,-0.05,40,40,40,40,40,10,0
9.42,16.944595,-10.066285,0.0033517933,0.0064514624,-16.944595,10.066285,-0.0033517933,-0.0064514624,-0.0038053871,-0.0038053871,OK,0,12923.547,1589.7325,0.036445294,0.30598261,15,1.5,0.02,0.04,-0.05,40,40,40,40,40,10,0
9.425,16.894304,-10.056606,0.0033807964,0.0062291504,-16.894304,10.056606,-0.0033807964,-0.0062291504,-0.0043224698,-0.0043224698,OK,0,12924.975,1590.2382,0.036445351,0.30598281,15,1.5,0.02,0.04,-0.05,40,40,40,40,40,10,0
9.43,16.84404,-10.050328,0.0034105259,0.0063285542,-16.84404,10.050328,-0.0034105259,-0.0063285542,-0.0044815953,-0.0044815953,OK,0,12926.393,1590.7432,0.036445409,0.30598301,15,1.5,0.02,0.04,-0.05,40,40,40,40,40,10,0
9.435,16.793791,-10.046179,0.0034452711,0.0070887941,-16.793791,10.046179,-0.0034452711,-0.0070887941,-0.003659082,-0.003659082,OK,0,12927.803,1591.2478,0.036445468,0.30598326,15,1.5,0.02,0.04,-0.05,40,40,40,40,40,10,0
9.44,16.74357,-10.039541,0.0034810182,0.0067790964,-16.74357,10.039541,-0.0034810182,-0.0067790964,-0.0043263157,-0.0043263157,OK,0,12929.205,1591.7518,0.036445529,0.30598349,15,1.5,0.02,0.04,-0.05,40,40,40,40,40,10,0
9.445,16.693402,-10.026416,0.0035118765,0.005479382,-16.693402,10.026416,-0.0035118765,-0.005479382,-0.006291388,-0.006291388,OK,0,12930.598,1592.2545,0.036445591,0.30598364,15,1.5,0.02,0.04,-0.05,40,40,40,40,40,10,0
9.45,16.643254,-10.024534,0.0035484636,0.0073241289,-16.643254,10.024534,-0.0035484636,-0.0073241289,-0.0039031523,-0.0039031523,OK,0,12931.983,1592.7569,0.036445654,0.30598391,15,1.5,0.02,0.04,-0.05,40,40,40,40,40,10,0
9.455,16.593133,-10.016863,0.0035888435,0.007103416,-16.593133,10.016863,-0.0035888435,-0.007103416,-0.004324093,-0.004324093,OK,0,12933.36,1593.2586,0.036445718,0.30598416,15,1.5,0.02,0.04,-0.05,40,40,40,40,40,10,0
9.46,16.54303,-10.015817,0.0036325919,0.0083630754,-16.54303,10.015817,-0.0036325919,-0.0083630754,-0.0027386133,-0.0027386133,OK,0,12934.728,1593.7602,0.036445784,0.30598451,15,1.5,0.02,0.04,-0.05,40,40,40,40,40,10,0
9.465,16.492946,-10.010405,0.003679375,0.0082515442,-16.492946,10.010405,-0.003679375,-0.0082515442,-0.0029893515,-0.0029893515,OK,0,12936.088,1594.2612,0.036445852,0.30598485,15,1.5,0.02,0.04,-0.05,40,40,40,40,40,10,0
9.47,16.442898,-10.000976,0.0037243886,0.0074336775,-16.442898,10.000976,-0.0037243886,-0.0074336775,-0.0041647229,-0.0041647229,OK,0,12937.44,1594.7613,0.036445921,0.30598512,15,1.5,0.02,0.04,-0.05,40,40,40,40,40,10,0
9.475,16.39289,-10.003118,0.0037674221,0.0077974203,-16.39289,10.003118,-0.0037674221,-0.0077974203,-0.0040594707,-0.0040594707,OK,0,12938.784,1595.2616,0.036445992,0.30598543,15,1.5,0.02,0.04,-0.05,40,40,40,40,40,10,0
9.48,16.342926,-9.9988639,0.0038094245,0.010112064,-16.342926,9.9988639,-0.0038094245,-0.010112064,-0.00078657269,-0.00078657269,OK,0,12940.119,1595.7615,0.036446064,0.30598594,15,1.5,0.02,0.04,-0.05,40,40,40,40,40,10,0
9.485,16.293008,-9.9865101,0.0038467826,0.0082947623,-16.293008,9.9865101,-0.0038467826,-0.0082947623,-0.0034563708,-0.0034563708,OK,0,12941.447,1596.2602,0.036446138,0.30598628,15,1.5,0.02,0.04,-0.05,40,40,40,40,40,10,0
9.49,16.243129,-9.9767059,0.0038803088,0.0077258796,-16.243129,9.9767059,-0.0038803088,-0.0077258796,-0.0044122,-0.0044122,OK,0,12942.766,1596.7578,0.036446214,0.30598658,15,1.5,0.02,0.04,-0.05,40,40,40,40,40,10,0
9.495,16.193271,-9.9718005,0.003919433,0.0086689911,-16.193271,9.9718005,-0.003919433,-0.0086689911,-0.0032116261,-0.0032116261,OK,0,12944.077,1597.255,0.036446291,0.30598696,15,1.5,0.02,0.04,-0.05,40,40,40,40,40,10,0
9.5,16.143444,-9.9635071,0.003957959,0.0081079351,-16.143444,9.9635071,-0.003957959,-0.0081079351,-0.0041401107,-0.0041401107,OK,0,12945.38,1597.7514,0.036446369,0.30598729,15,1.5,0.02,0.04,-0.05,40,40,40,40,40,10,0
9.505,16.093675,-9.9509968,0.0039923608,0.0070881009,-16.093675,9.9509968,-0.0039923608,-0.0070881009,-0.0056488004,-0.0056488004,OK,0,12946.675,1598.2465,0.036446449,0.30598754,15,1.5,0.02,0.04,-0.05,40,40,40,40,40,10,0
9.51,16.043921,-9.9465383,0.0040327442,0.0082659182,-16.043921,9.9465383,-0.0040327442,-0.0082659182,-0.0040930667,-0.0040930667,OK,0,12947.962,1598.7412,0.03644653,0.30598788,15,1.5,0.02,0.04,-0.05,40,40,40,40,40,10,0
9.515,15.99419,-9.9402931,0.0040758003,0.0083346392,-15.99419,9.9402931,-0.0040758003,-0.0083346392,-0.004088951,-0.004088951,OK,0,12949.241,1599.2352,0.036446613,0.30598823,15,1.5,0.02,0.04,-0.05,40,40,40,40,40,10,0
9.52,15.944496,-9.936267,0.0041199708,0.0089317622,-15.944496,9.936267,-0.0041199708,-0.0089317622,-0.0033635529,-0.0033635529,OK,0,12950.512,1599.7289,0.036446698,0.30598863,15,1.5,0.02,0.04,-0.05,40,40,40,40,40,10,0
9.525,15.894814,-9.9307065,0.004170206,0.0096862057,-15.894814,9.9307065,-0.004170206,-0.0096862057,-0.0022495924,-0.0022495924,OK,0,12951.776,1600.222,0.036446785,0.30598909,15,1.5,0.02,0.04,-0.05,40,40,40,40,40,10,0
9.53,15.845168,-9.9253115,0.0042205501,0.0098140116,-15.845168,9.9253115,-0.0042205501,-0.0098140116,-0.0020798258,-0.0020798258,OK,0,12953.031,1600.7145,0.036446874,0.30598958,15,1.5,0.02,0.04,-0.05,40,40,40,40,40,10,0
9.535,15.795543,-9.9234247,0.004273499,0.010698259,-15.795543,9.9234247,-0.004273499,-0.010698259,-0.00087625272,-0.00087625272,OK,0,12954.278,1601.2069,0.036446965,0.30599015,15,1.5,0.02,0.04,-0.05,40,40,40,40,40,10,0
9.54,15.745947,-9.9152844,0.0043263432,0.01018207,-15.745947,9.9152844,-0.0043263432,-0.01018207,-0.0015241916,-0.0015241916,OK,0,12955.518,1601.6984,0.036447059,0.30599067,15,1.5,0.02,0.04,-0.05,40,40,40,40,40,10,0
9.545,15.696361,-9.9160025,0.0043823929,0.011452847,-15.696361,9.9160025,-0.0043823929,-0.011452847,0.00020228663,0.00020228663,OK,0,12956.75,1602.1901,0.036447155,0.30599132,15,1.5,0.02,0.04,-0.05,40,40,40,40,40,10,0
9.55,15.646795,-9.9100127,0.0044400475,0.01117067,-15.646795,9.9100127,-0.0044400475,-0.01117067,-0.00010789107,-0.00010789107,OK,0,12957.974,1602.6811,0.036447253,0.30599195,15,1.5,0.02,0.04,-0.05,40,40,40,40,40,10,0
9.555,15.59725,-9.907366,0.0044968574,0.011284837,-15.59725,9.907366,-0.0044968574,-0.011284837,3.0469323e-05,3.0469323e-05,OK,0,12959.19,1603.1719,0.036447354,0.30599258,15,1.5,0.02,0.04,-0.05,40,40,40,40,40,10,0
9.56,15.547739,-9.900681,0.0045511291,0.010894679,-15.547739,9.900681,-0.0045511291,-0.010894679,-0.00046351152,-0.00046351152,OK,0,12960.399,1603.662,0.036447458,0.30599318,15,1.5,0.02,0.04,-0.05,40,40,40,40,40,10,0
9.565,15.498268,-9.8924448,0.0046004532,0.0098723041,-15.498268,9.8924448,-0.0046004532,-0.0098723041,-0.0019171783,-0.0019171783,OK,0,12961.6,1604.1513,0.036447564,0.30599366,15,1.5,0.02,0.04,-0.05,40,40,40,40,40,10,0
9.57,15.448831,-9.8830336,0.0046451178,0.0092197152,-15.448831,9.8830336,-0.0046451178,-0.0092197152,-0.0028383787,-0.0028383787,OK,0,12962.793,1604.6397,0.036447672,0.30599409,15,1.5,0.02,0.04,-0.05,40,40,40,40,40,10,0
9.575,15.399409,-9.8841387,0.0046962021,0.011096778,-15.399409,9.8841387,-0.0046962021,-0.011096778,-0.00028916806,-0.00028916806,OK,0,12963.979,1605.1282,0.036447782,0.30599471,15,1.5,0.02,0.04,-0.05,40,40,40,40,40,10,0
9.58,15.350012,-9.8732481,0.0047489005,0.00972858,-15.350012,9.8732481,-0.0047489005,-0.00972858,-0.0021033162,-0.0021033162,OK,0,12965.157,1605.6156,0.036447895,0.30599518,15,1.5,0.02,0.04,-0.05,40,40,40,40,40,10,0
9.585,15.300642,-9.8667916,0.0048011596,0.0097324611,-15.300642,9.8667916,-0.0048011596,-0.0097324611,-0.0020427297,-0.0020427297,OK,0,12966.328,1606.1024,0.03644801,0.30599565,15,1.5,0.02,0.04,-0.05,40,40,40,40,40,10,0
9.59,15.251315,-9.8578697,0.0048513153,0.0088029414,-15.251315,9.8578697,-0.0048513153,-0.0088029414,-0.0033143417,-0.0033143417,OK,0,12967.491,1606.5882,0.036448128,0.30599604,15,1.5,0.02,0.04,-0.05,40,40,40,40,40,10,0
9.595,15.20203,-9.8458348,0.0048971345,0.0078146083,-15.20203,9.8458348,-0.0048971345,-0.0078146083,-0.0046138663,-0.0046138663,OK,0,12968.646,1607.0729,0.036448248,0.30599634,15,1.5,0.02,0.04,-0.05,40,40,40,40,40,10,0
9.6,15.152792,-9.8416234,0.0049444461,0.0086522014,-15.152792,9.8416234,-0.0049444461,-0.0086522014,-0.0034641091,-0.0034641091,OK,0,12969.794,1607.5572,0.03644837,0.30599672,15,1.5,0.02,0.04,-0.05,40,40,40,40,40,10,0
9.605,15.103582,-9.8413308,0.0049923872,0.0083344724,-15.103582,9.8413308,-0.0049923872,-0.0083344724,-0.004194079,-0.004194079,OK,0,12970.935,1608.0415,0.036448494,0.30599707,15,1.5,0.02,0.04,-0.05,40,40,40,40,40,10,0
9.61,15.054409,-9.8394003,0.0050407932,0.011635747,-15.054409,9.8394003,-0.0050407932,-0.011635747,0.00057768838,0.00057768838,OK,0,12972.068,1608.5256,0.036448622,0.30599774,15,1.5,0.02,0.04,-0.05,40,40,40,40,40,10,0
9.615,15.005294,-9.8248012,0.0050848939,0.0093196792,-15.005294,9.8248012,-0.0050848939,-0.0093196792,-0.0026332459,-0.0026332459,OK,0,12973.194,1609.0082,0.036448751,0.30599818,15,1.5,0.02,0.04,-0.05,40,40,40,40,40,10,0
9.62,14.956232,-9.8133538,0.0051234828,0.0085599725,-14.956232,9.8133538,-0.0051234828,-0.0085599725,-0.0037173114,-0.0037173114,OK,0,12974.312,1609.4897,0.036448882,0.30599854,15,1.5,0.02,0.04,-0.05,40,40,40,40,40,10,0
9.625,14.907191,-9.8073706,0.0051656406,0.009106641,-14.907191,9.8073706,-0.0051656406,-0.009106641,-0.0030064318,-0.0030064318,OK,0,12975.423,1609.9706,0.036449015,0.30599896,15,1.5,0.02,0.04,-0.05,40,40,40,40,40,10,0
9.63,14.858202,-9.794712,0.0052045926,0.0079796672,-14.858202,9.794712,-0.0052045926,-0.0079796672,-0.0045860448,-0.0045860448,OK,0,12976.527,1610.4503,0.036449151,0.30599928,15,1.5,0.02,0.04,-0.05,40,40,40,40,40,10,0
9.635,14.809234,-9.7891647,0.0052496912,0.0091824663,-14.809234,9.7891647,-0.0052496912,-0.0091824663,-0.0028628376,-0.0028628376,OK,0,12977.624,1610.9294,0.036449289,0.3059997,15,1.5,0.02,0.04,-0.05,40,40,40,40,40,10,0
9.64,14.760308,-9.778828,0.0052941924,0.0083835141,-14.760308,9.778828,-0.0052941924,-0.0083835141,-0.0039587946,-0.0039587946,OK,0,12978.713,1611.4076,0.036449429,0.30600005,15,1.5,0.02,0.04,-0.05,40,40,40,40,40,10,0
9.645,14.711406,-9.774421,0.0053426635,0.0093508412,-14.711406,9.774421,-0.0053426635,-0.0093508412,-0.0025824975,-0.0025824975,OK,0,12979.795,1611.8853,0.036449572,0.30600049,15,1.5,0.02,0.04,-0.05,40,40,40,40,40,10,0
9.65,14.662515,-9.7738826,0.0053972042,0.010755687,-14.662515,9.7738826,-0.0053972042,-0.010755687,-0.00061340285,-0.00061340285,OK,0,12980.87,1612.3629,0.036449717,0.30600107,15,1.5,0.02,0.04,-0.05,40,40,40,40,40,10,0
9.655,14.613667,-9.7586857,0.0054494389,0.0085489942,-14.613667,9.7586857,-0.0054494389,-0.0085489942,-0.0035090176,-0.0035090176,OK,0,12981.938,1612.8391,0.036449866,0.30600143,15,1.5,0.02,0.04,-0.05,40,40,40,40,40,10,0
9.66,14.564876,-9.7503139,0.0054975042,0.0082654654,-14.564876,9.7503139,-0.0054975042,-0.0082654654,-0.0038542829,-0.0038542829,OK,0,12982.999,1613.3144,0.036450017,0.30600177,15,1.5,0.02,0.04,-0.05,40,40,40,40,40,10,0
9.665,14.516117,-9.7582214,0.0055476809,0.011839432,-14.516117,9.7582214,-0.0055476809,-0.011839432,0.00096783878,0.00096783878,OK,0,12984.052,1613.7905,0.036450171,0.30600247,15,1.5,0.02,0.04,-0.05,40,40,40,40,40,10,0
9.67,14.46741,-9.7434781,0.0055942938,0.0098558425,-14.46741,9.7434781,-0.0055942938,-0.0098558425,-0.0016927603,-0.0016927603,OK,0,12985.099,1614.2652,0.036450327,0.30600296,15,1.5,0.02,0.04,-0.05,40,40,40,40,40,10,0
9.675,14.418707,-9.7407379,0.0056447854,0.010694335,-14.418707,9.7407379,-0.0056447854,-0.010694335,-0.00054208656,-0.00054208656,OK,0,12986.138,1614.7396,0.036450486,0.30600353,15,1.5,0.02,0.04,-0.05,40,40,40,40,40,10,0
9.68,14.370045,-9.7296848,0.0056933392,0.0097527856,-14.370045,9.7296848,-0.0056933392,-0.0097527856,-0.0017572194,-0.0017572194,OK,0,12987.171,1615.2129,0.036450649,0.30600401,15,1.5,0.02,0.04,-0.05,40,40,40,40,40,10,0
9.685,14.321427,-9.7186296,0.0057381537,0.0089539437,-14.321427,9.7186296,-0.0057381537,-0.0089539437,-0.0028134142,-0.0028134142,OK,0,12988.196,1615.6852,0.036450813,0.30600441,15,1.5,0.02,0.04,-0.05,40,40,40,40,40,10,0
9.69,14.272842,-9.7124075,0.0057855385,0.0093900363,-14.272842,9.7124075,-0.0057855385,-0.0093900363,-0.0021713327,-0.0021713327,OK,0,12989.215,1616.1569,0.036450981,0.30600485,15,1.5,0.02,0.04,-0.05,40,40,40,40,40,10,0
9.695,14.224288,-9.7050189,0.0058307897,0.0081889649,-14.224288,9.7050189,-0.0058307897,-0.0081889649,-0.0039697151,-0.0039697151,OK,0,12990.227,1616.6278,0.036451151,0.30600518,15,1.5,0.02,0.04,-0.05,40,40,40,40,40,10,0
9.7,14.175775,-9.695684,0.0058802936,0.0095692471,-14.175775,9.695684,-0.0058802936,-0.0095692471,-0.0017535876,-0.0017535876,OK,0,12991.231,1617.0978,0.036451323,0.30600564,15,1.5,0.02,0.04,-0.05,40,40,40,40,40,10,0
9.705,14.127299,-9.6870739,0.0059289866,0.0083504337,-14.127299,9.6870739,-0.0059289866,-0.0083504337,-0.0034765324,-0.0034765324,OK,0,12992.229,1617.567,0.036451499,0.30600599,15,1.5,0.02,0.04,-0.05,40,40,40,40,40,10,0
9.71,14.078868,-9.6797116,0.0059789093,0.0091984294,-14.078868,9.6797116,-0.0059789093,-0.0091984294,-0.0021298251,-0.0021298251,OK,0,12993.22,1618.0355,0.036451678,0.30600641,15,1.5,0.02,0.04,-0.05,40,40,40,40,40,10,0
9.715,14.030463,-9.6866832,0.0060312626,0.011872318,-14.030463,9.6866832,-0.0060312626,-0.011872318,0.0014193558,0.0014193558,OK,0,12994.205,1618.5047,0.03645186,0.30600712,15,1.5,0.02,0.04,-0.05,40,40,40,40,40,10,0
9.72,13.982101,-9.6752419,0.0060809143,0.010448579,-13.982101,9.6752419,-0.0060809143,-0.010448579,-0.0004810786,-0.0004810786,OK,0,12995.182,1618.9727,0.036452045,0.30600766,15,1.5,0.02,0.04,-0.05,40,40,40,40,40,10,0
9.725,13.933801,-9.6618372,0.0061213035,0.0088520826,-13.933801,9.6618372,-0.0061213035,-0.0088520826,-0.002699798,-0.002699798,OK,0,12996.153,1619.4395,0.036452232,0.30600806,15,1.5,0.02,0.04,-0.05,40,40,40,40,40,10,0
9.73,13.885519,-9.655438,0.0061652221,0.0094851111,-13.885519,9.655438,-0.0061652221,-0.0094851111,-0.001801133,-0.001801133,OK,0,12997.117,1619.9056,0.036452422,0.30600851,15,1.5,0.02,0.04,-0.05,40,40,40,40,40,10,0
9.735,13.83729,-9.6424216,0.006207286,0.0085159618,-13.83729,9.6424216,-0.006207286,-0.0085159618,-0.003067827,-0.003067827,OK,0,12998.074,1620.3705,0.036452615,0.30600887,15,1.5,0.02,0.04,-0.05,40,40,40,40,40,10,0
9.74,13.789086,-9.6361688,0.0062530551,0.0091678584,-13.789086,9.6361688,-0.0062530551,-0.0091678584,-0.0021174105,-0.0021174105,OK,0,12999.025,1620.8348,0.03645281,0.30600929,15,1.5,0.02,0.04,-0.05,40,40,40,40,40,10,0
9.745,13.740912,-9.6274773,0.0062996402,0.0088353345,-13.740912,9.6274773,-0.0062996402,-0.0088353345,-0.0025332539,-0.0025332539,OK,0,12999.969,1621.2982,0.036453009,0.30600968,15,1.5,0.02,0.04,-0.05,40,40,40,40,40,10,0
9.75,13.692774,-9.6200355,0.0063485484,0.0091815951,-13.692774,9.6200355,-0.0063485484,-0.0091815951,-0.0019453125,-0.0019453125,OK,0,13000.906,1621.7609,0.03645321,0.3060101,15,1.5,0.02,0.04,-0.05,40,40,40,40,40,10,0
9.755,13.644659,-9.6188774,0.0064016573,0.010483525,-13.644659,9.6188774,-0.0064016573,-0.010483525,-0.00011176577,-0.00011176577,OK,0,13001.837,1622.2236,0.036453415,0.30601065,15,1.5,0.02,0.04,-0.05,40,40,40,40,40,10,0
9.76,13.596575,-9.6076147,0.0064555264,0.0092788021,-13.596575,9.6076147,-0.0064555264,-0.0092788021,-0.0016219944,-0.0016219944,OK,0,13002.762,1622.6851,0.036453623,0.30601108,15,1.5,0.02,0.04,-0.05,40,40,40,40,40,10,0
9.765,13.548535,-9.6138213,0.0065077934,0.011925673,-13.548535,9.6138213,-0.0065077934,-0.011925673,0.0019232607,0.0019232607,OK,0,13003.679,1623.1472,0.036453835,0.30601179,15,1.5,0.02,0.04,-0.05,40,40,40,40,40,10,0
9.77,13.500538,-9.6012645,0.0065562643,0.010096462,-13.500538,9.6012645,-0.0065562643,-0.010096462,-0.00055116317,-0.00055116317,OK,0,13004.591,1623.6081,0.03645405,0.3060123,15,1.5,0.02,0.04,-0.05,40,40,40,40,40,10,0
9.775,13.452615,-9.5859489,0.0065941816,0.0083541452,-13.452615,9.5859489,-0.0065941816,-0.0083541452,-0.0029417162,-0.0029417162,OK,0,13005.496,1624.0676,0.036454268,0.30601265,15,1.5,0.02,0.04,-0.05,40,40,40,40,40,10,0
9.78,13.404719,-9.5777459,0.006635322,0.0088091229,-13.404719,9.5777459,-0.006635322,-0.0088091229,-0.0022719441,-0.0022719441,OK,0,13006.394,1624.5263,0.036454488,0.30601304,15,1.5,0.02,0.04,-0.05,40,40,40,40,40,10,0
9.785,13.35688,-9.5640127,0.0066728395,0.007617986,-13.35688,9.5640127,-0.0066728395,-0.007617986,-0.0039033366,-0.0039033366,OK,0,13007.286,1624.9836,0.03645471,0.30601333,15,1.5,0.02,0.04,-0.05,40,40,40,40,40,10,0
9.79,13.309067,-9.5579625,0.0067146521,0.0083373091,-13.309067,9.5579625,-0.0067146521,-0.0083373091,-0.0029114175,-0.0029114175,OK,0,13008.172,1625.4404,0.036454936,0.30601368,15,1.5,0.02,0.04,-0.05,40,40,40,40,40,10,0
9.795,13.261268,-9.5536279,0.0067635461,0.0095993454,-13.261268,9.5536279,-0.0067635461,-0.0095993454,-0.0010675504,-0.0010675504,OK,0,13009.051,1625.8967,0.036455164,0.30601414,15,1.5,0.02,0.04,-0.05,40,40,40,40,40,10,0
9.8,13.213517,-9.5401867,0.0068119329,0.0083608509,-13.213517,9.5401867,-0.0068119329,-0.0083608509,-0.0026168542,-0.0026168542,OK,0,13009.924,1626.3518,0.036455397,0.30601449,15,1.5,0.02,0.04,-0.05,40,40,40,40,40,10,0
9.805,13.16581,-9.5359828,0.0068600574,0.0088990423,-13.16581,9.5359828,-0.0068600574,-0.0088990423,-0.0018736947,-0.0018736947,OK,0,13010.791,1626.8065,0.036455632,0.30601488,15,1.5,0.02,0.04,-0.05,40,40,40,40,40,10,0
9.81,13.118136,-9.5309841,0.0069086613,0.0091684096,-13.118136,9.5309841,-0.0069086613,-0.0091684096,-0.0014941158,-0.0014941158,OK,0,13011.651,1627.2607,0.03645587,0.3060153,15,1.5,0.02,0.04,-0.05,40,40,40,40,40,10,0
9.815,13.070524,-9.5266252,0.0069541205,0.010339433,-13.070524,9.5266252,-0.0069541205,-0.010339433,0.00016641908,0.00016641908,OK,0,13012.505,1627.7145,0.036456112,0.30601584,15,1.5,0.02,0.04,-0.05,40,40,40,40,40,10,0
9.82,13.022979,-9.509507,0.0069918942,0.008077833,-13.022979,9.509507,-0.0069918942,-0.008077833,-0.0029255293,-0.0029255293,OK,0,13013.353,1628.1666,0.036456357,0.30601616,15,1.5,0.02,0.04,-0.05,40,40,40,40,40,10,0
9.825,12.975464,-9.5014429,0.0070314344,0.0085582456,-12.975464,9.5014429,-0.0070314344,-0.0085582456,-0.0022395461,-0.0022395461,OK,0,13014.195,1628.618,0.036456604,0.30601653,15,1.5,0.02,0.04,-0.05,40,40,40,40,40,10,0
9.83,12.927992,-9.4891094,0.0070702761,0.0077718092,-12.927992,9.4891094,-0.0070702761,-0.0077718092,-0.0032926831,-0.0032926831,OK,0,13015.031,1629.0682,0.036456854,0.30601683,15,1.5,0.02,0.04,-0.05,40,40,40,40,40,10,0
9.835,12.880559,-9.4809392,0.0071113378,0.0080579312,-12.880559,9.4809392,-0.0071113378,-0.0080579312,-0.0028694293,-0.0028694293,OK,0,13015.86,1629.5177,0.036457107,0.30601716,15,1.5,0.02,0.04,-0.05,40,40,40,40,40,10,0
9.84,12.833148,-9.4759239,0.0071585455,0.0091008039,-12.833148,9.4759239,-0.0071585455,-0.0091008039,-0.0013446147,-0.0013446147,OK,0,13016.684,1629.9666,0.036457363,0.30601757,15,1.5,0.02,0.04,-0.05,40,40,40,40,40,10,0
9.845,12.785773,-9.4642725,0.00720597,0.008357914,-12.785773,9.4642725,-0.00720597,-0.008357914,-0.0022290109,-0.0022290109,OK,0,13017.501,1630.4145,0.036457623,0.30601792,15,1.5,0.02,0.04,-0.05,40,40,40,40,40,10,0
9.85,12.738454,-9.4556524,0.0072526866,0.0082403511,-12.738454,9.4556524,-0.0072526866,-0.0082403511,-0.0023061834,-0.0023061834,OK,0,13018.313,1630.8615,0.036457886,0.30601826,15,1.5,0.02,0.04,-0.05,40,40,40,40,40,10,0
9.855,12.691174,-9.4620098,0.0073008387,0.011304833,-12.691174,9.4620098,-0.0073008387,-0.011304833,0.0018129166,0.0018129166,OK,0,13019.118,1631.3092,0.036458152,0.3060189,15,1.5,0.02,0.04,-0.05,40,40,40,40,40,10,0
9.86,12.643943,-9.4471647,0.0073446702,0.009021977,-12.643943,9.4471647,-0.0073446702,-0.009021977,-0.001304713,-0.001304713,OK,0,13019.917,1631.7554,0.036458422,0.3060193,15,1.5,0.02,0.04,-0.05,40,40,40,40,40,10,0
9.865,12.596785,-9.4301287,0.0073775693,0.007439548,-12.596785,9.4301287,-0.0073775693,-0.007439548,-0.0034465891,-0.0034465891,OK,0,13020.711,1632.2001,0.036458694,0.30601958,15,1.5,0.02,0.04,-0.05,40,40,40,40,40,10,0
9.87,12.549653,-9.4225908,0.0074163916,0.0083654658,-12.549653,9.4225908,-0.0074163916,-0.0083654658,-0.0021164992,-0.0021164992,OK,0,13021.498,1632.644,0.036458969,0.30601993,15,1.5,0.02,0.04,-0.05,40,40,40,40,40,10,0
9.875,12.50255,-9.4154668,0.0074612401,0.0088495028,-12.50255,9.4154668,-0.0074612401,-0.0088495028,-0.0013748227,-0.0013748227,OK,0,13022.28,1633.0873,0.036459247,0.30602032,15,1.5,0.02,0.04,-0.05,40,40,40,40,40,10,0
9.88,12.455465,-9.4111674,0.0075108912,0.0096577096,-12.455465,9.4111674,-0.0075108912,-0.0096577096,-0.00018747004,-0.00018747004,OK,0,13023.055,1633.5301,0.036459529,0.30602079,15,1.5,0.02,0.04,-0.05,40,40,40,40,40,10,0
9.885,12.408428,-9.3972396,0.0075589459,0.0081786379,-12.408428,9.3972396,-0.0075589459,-0.0081786379,-0.0020688803,-0.0020688803,OK,0,13023.825,1633.9716,0.036459815,0.30602112,15,1.5,0.02,0.04,-0.05,40,40,40,40,40,10,0
9.89,12.361441,-9.3898988,0.0076050589,0.0083341088,-12.361441,9.3898988,-0.0076050589,-0.0083341088,-0.0017900928,-0.0017900928,OK,0,13024.589,1634.4125,0.036460104,0.30602147,15,1.5,0.02,0.04,-0.05,40,40,40,40,40,10,0
9.895,12.31449,-9.3959603,0.0076532866,0.011163959,-12.31449,9.3959603,-0.0076532866,-0.011163959,0.0019966189,0.0019966189,OK,0,13025.347,1634.8539,0.036460397,0.30602209,15,1.5,0.02,0.04,-0.05,40,40,40,40,40,10,0
9.9,12.267589,-9.3814005,0.0076972813,0.0091806761,-12.267589,9.3814005,-0.0076972813,-0.0091806761,-0.00067400555,-0.00067400555,OK,0,13026.1,1635.294,0.036460693,0.30602252,15,1.5,0.02,0.04,-0.05,40,40,40,40,40,10,0
9.905,12.220752,-9.3660781,0.0077330858,0.0077915578,-12.220752,9.3660781,-0.0077330858,-0.0077915578,-0.0025444654,-0.0025444654,OK,0,13026.847,1635.7326,0.036460992,0.30602282,15,1.5,0.02,0.04,-0.05,40,40,40,40,40,10,0
9.91,12.173963,-9.3547407,0.0077696824,0.0076419036,-12.173963,9.3547407,-0.0077696824,-0.0076419036,-0.0027022767,-0.0027022767,OK,0,13027.588,1636.1701,0.036461294,0.30602311,15,1.5,0.02,0.04,-0.05,40,40,40,40,40,10,0
9.915,12.1272,-9.3472394,0.0078117527,0.0083872958,-12.1272,9.3472394,-0.0078117527,-0.0083872958,-0.0015883441,-0.0015883441,OK,0,13028.323,1636.607,0.036461599,0.30602346,15,1.5,0.02,0.04,-0.05,40,40,40,40,40,10,0
9.92,12.080458,-9.341912,0.0078597089,0.0094218308,-12.080458,9.341912,-0.0078597089,-0.0094218308,-3.8938694e-05,-3.8938694e-05,OK,0,13029.053,1637.0434,0.036461908,0.30602391,15,1.5,0.02,0.04,-0.05,40,40,40,40,40,10,0
9.925,12.033738,-9.3390334,0.0079126515,0.010400454,-12.033738,9.3390334,-0.0079126515,-0.010400454,0.0014038744,0.0014038744,OK,0,13029.777,1637.4794,0.036462221,0.30602445,15,1.5,0.02,0.04,-0.05,40,40,40,40,40,10,0
9.93,11.987048,-9.3365443,0.0079652176,0.0096573815,-11.987048,9.3365443,-0.0079652176,-0.0096573815,0.00024353036,0.00024353036,OK,0,13030.495,1637.9153,0.036462538,0.30602491,15,1.5,0.02,0.04,-0.05,40,40,40,40,40,10,0
9.935,11.940409,-9.3316815,0.0080143758,0.010807648,-11.940409,9.3316815,-0.0080143758,-0.010807648,0.0019680288,0.0019680288,OK,0,13031.208,1638.3507,0.03646286,0.3060255,15,1.5,0.02,0.04,-0.05,40,40,40,40,40,10,0
9.94,11.893843,-9.3139025,0.0080560285,0.0087027167,-11.893843,9.3139025,-0.0080560285,-0.0087027167,-0.00078473741,-0.00078473741,OK,0,13031.915,1638.7844,0.036463184,0.30602588,15,1.5,0.02,0.04,-0.05,40,40,40,40,40,10,0
9.945,11.8473,-9.3068718,0.0080989387,0.0089669874,-11.8473,9.3068718,-0.0080989387,-0.0089669874,-0.00039431599,-0.00039431599,OK,0,13032.617,1639.2175,0.036463512,0.30602628,15,1.5,0.02,0.04,-0.05,40,40,40,40,40,10,0
9.95,11.800773,-9.3005271,0.0081472409,0.0096405866,-11.800773,9.3005271,-0.0081472409,-0.0096405866,0.00066386123,0.00066386123,OK,0,13033.314,1639.65,0.036463844,0.30602674,15,1.5,0.02,0.04,-0.05,40,40,40,40,40,10,0
9.955,11.754304,-9.2852183,0.0081921742,0.0079574489,-11.754304,9.2852183,-0.0081921742,-0.0079574489,-0.0015038684,-0.0015038684,OK,0,13034.004,1640.0811,0.03646418,0.30602706,15,1.5,0.02,0.04,-0.05,40,40,40,40,40,10,0
9.96,11.70788,-9.277494,0.0082363484,0.0081646675,-11.70788,9.277494,-0.0082363484,-0.0081646675,-0.0011499371,-0.0011499371,OK,0,13034.69,1640.5115,0.036464519,0.30602739,15,1.5,0.02,0.04,-0.05,40,40,40,40,40,10,0
9.965,11.661488,-9.2713624,0.0082826261,0.0087138387,-11.661488,9.2713624,-0.0082826261,-0.0087138387,-0.00031458881,-0.00031458881,OK,0,13035.37,1640.9413,0.036464862,0.30602777,15,1.5,0.02,0.04,-0.05,40,40,40,40,40,10,0
9.97,11.615131,-9.2767651,0.0083311896,0.01101793,-11.615131,9.2767651,-0.0083311896,-0.01101793,0.0027267491,0.0027267491,OK,0,13036.044,1641.3715,0.036465209,0.30602838,15,1.5,0.02,0.04,-0.05,40,40,40,40,40,10,0
9.975,11.568823,-9.2626597,0.0083761144,0.0092573289,-11.568823,9.2626597,-0.0083761144,-0.0092573289,0.00039778307,0.00039778307,OK,0,13036.713,1641.8005,0.03646556,0.30602881,15,1.5,0.02,0.04,-0.05,40,40,40,40,40,10,0
9.98,11.522603,-9.2439579,0.0084083047,0.007013521,-11.522603,9.2439579,-0.0084083047,-0.007013521,-0.0026613962,-0.0026613962,OK,0,13037.377,1642.2278,0.036465913,0.30602905,15,1.5,0.02,0.04,-0.05,40,40,40,40,40,10,0
9.985,11.476371,-9.2442429,0.0084533226,0.009787137,-11.476371,9.2442429,-0.0084533226,-0.009787137,0.0012382505,0.0012382505,OK,0,13038.036,1642.6551,0.03646627,0.30602953,15,1.5,0.02,0.04,-0.05,40,40,40,40,40,10,0
9.99,11.430179,-9.2303396,0.0084996883,0.0084313729,-11.430179,9.2303396,-0.0084996883,-0.0084313729,-0.00046761463,-0.00046761463,OK,0,13038.689,1643.0811,0.036466632,0.30602989,15,1.5,0.02,0.04,-0.05,40,40,40,40,40,10,0
9.995,11.384027,-9.2235502,0.0085458856,0.0086667681,-11.384027,9.2235502,-0.0085458856,-0.0086667681,-7.3030079e-05,-7.3030079e-05,OK,0,13039.337,1643.5064,0.036466997,0.30603026,15,1.5,0.02,0.04,-0.05,40,40,40,40,40,10,0
10,11.337923,-9.2091795,0.0085895143,0.0072125451,-11.337923,9.2091795,-0.0085895143,-0.0072125451,-0.0019471929,-0.0019471929,OK,0,13039.98,1643.9305,0.036467366,0.30603052,15,1.5,0.02,0.04,-0.05,40,40,40,40,40,10,0
10.005,11.291863,-9.2190986,0.0086341285,0.010863854,-11.291863,9.2190986,-0.0086341285,-0.010863854,0.0028810342,0.0028810342,OK,0,13040.617,1644.3554,0.036467738,0.30603111,15,1.5,0.02,0.04,-0.05,40,40,40,40,40,10,0
10.01,11.245844,-9.2054329,0.0086798213,0.0095298388,-11.245844,9.2054329,-0.0086798213,-0.0095298388,0.0011916433,0.0011916433,OK,0,13041.25,1644.7791,0.036468115,0.30603157,15,1.5,0.02,0.04,-0.05,40,40,40,40,40,10,0
10.015,11.199842,-9.1986437,0.0087276193,0.0098317347,-11.199842,9.1986437,-0.0087276193,-0.0098317347,0.0017129845,0.0017129845,OK,0,13041.877,1645.2022,0.036468496,0.30603205,15,1.5,0.02,0.04,-0.05,40,40,40,40,40,10,0
10.02,11.153906,-9.1820395,0.0087687567,0.0077157199,-11.153906,9.1820395,-0.0087687567,-0.0077157199,-0.0010985378,-0.0010985378,OK,0,13042.499,1645.6238,0.03646888,0.30603235,15,1.5,0.02,0.04,-0.05,40,40,40,40,40,10,0
10.025,11.108016,-9.1713511,0.0088084608,0.0075921715,-11.108016,9.1713511,-0.0088084608,-0.0075921715,-0.0011785656,-0.0011785656,OK,0,13043.116,1646.0443,0.036469268,0.30603264,15,1.5,0.02,0.04,-0.05,40,40,40,40,40,10,0
10.03,11.062161,-9.163272,0.0088512911,0.0081006049,-11.062161,9.163272,-0.0088512911,-0.0081006049,-0.00036739252,-0.00036739252,OK,0,13043.728,1646.4642,0.03646966,0.30603297,15,1.5,0.02,0.04,-0.05,40,40,40,40,40,10,0
10.035,11.016339,-9.1580047,0.0088975697,0.0088628357,-11.016339,9.1580047,-0.0088975697,-0.0088628357,0.00076439338,0.00076439338,OK,0,13044.334,1646.8835,0.036470056,0.30603336,15,1.5,0.02,0.04,-0.05,40,40,40,40,40,10,0
10.04,10.97056,-9.1537687,0.0089429691,0.0081400563,-10.97056,9.1537687,-0.0089429691,-0.0081400563,-0.00038493769,-0.00038493769,OK,0,13044.936,1647.3025,0.036470456,0.30603369,15,1.5,0.02,0.04,-0.05,40,40,40,40,40,10,0
10.045,10.924847,-9.1455358,0.0089838675,0.0092878283,-10.924847,9.1455358,-0.0089838675,-0.0092878283,0.0013652694,0.0013652694,OK,0,13045.533,1647.7207,0.036470859,0.30603412,15,1.5,0.02,0.04,-0.05,40,40,40,40,40,10,0
10.05,10.879148,-9.1375166,0.0090295616,0.0093004586,-10.879148,9.1375166,-0.0090295616,-0.0093004586,0.0014764146,0.0014764146,OK,0,13046.125,1648.1381,0.036471267,0.30603455,15,1.5,0.02,0.04,-0.05,40,40,40,40,40,10,0
10.055,10.833518,-9.1205176,0.0090676614,0.0070698026,-10.833518,9.1205176,-0.0090676614,-0.0070698026,-0.0015307158,-0.0015307158,OK,0,13046.712,1648.5541,0.036471678,0.3060348,15,1.5,0.02,0.04,-0.05,40,40,40,40,40,10,0
10.06,10.787937,-9.1093472,0.0091045076,0.006975469,-10.787937,9.1093472,-0.0091045076,-0.006975469,-0.0015843352,-0.0015843352,OK,0,13047.294,1648.969,0.036472093,0.30603505,15,1.5,0.02,0.04,-0.05,40,40,40,40,40,10,0
10.065,10.742394,-9.1009516,0.0091441275,0.0073422145,-10.742394,9.1009516,-0.0091441275,-0.0073422145,-0.0010149591,-0.0010149591,OK,0,13047.87,1649.3831,0.036472511,0.30603532,15,1.5,0.02,0.04,-0.05,40,40,40,40,40,10,0
10.07,10.696887,-9.0943241,0.0091864392,0.0078077942,-10.696887,9.0943241,-0.0091864392,-0.0078077942,-0.00032694959,-0.00032694959,OK,0,13048.443,1649.7966,0.036472933,0.30603562,15,1.5,0.02,0.04,-0.05,40,40,40,40,40,10,0
10.075,10.651419,-9.0984629,0.0092301077,0.010133935,-10.651419,9.0984629,-0.0092301077,-0.010133935,0.00274239,0.00274239,OK,0,13049.01,1650.2105,0.036473359,0.30603613,15,1.5,0.02,0.04,-0.05,40,40,40,40,40,10,0
10.08,10.606024,-9.0791958,0.0092685492,0.0079744549,-10.606024,9.0791958,-0.0092685492,-0.0079744549,-5.7426077e-05,-5.7426077e-05,OK,0,13049.572,1650.6227,0.036473788,0.30603645,15,1.5,0.02,0.04,-0.05,40,40,40,40,40,10,0
10.085,10.560663,-9.0694028,0.0093071521,0.0078504906,-10.560663,9.0694028,-0.0093071521,-0.0078504906,-0.00017984142,-0.00017984142,OK,0,13050.13,1651.034,0.036474221,0.30603676,15,1.5,0.02,0.04,-0.05,40,40,40,40,40,10,0
10.09,10.515328,-9.0612001,0.0093493819,0.0082938938,-10.515328,9.0612001,-0.0093493819,-0.0082938938,0.00054011564,0.00054011564,OK,0,13050.683,1651.4445,0.036474658,0.3060371,15,1.5,0.02,0.04,-0.05,40,40,40,40,40,10,0
10.095,10.470019,-9.055252,0.0093954118,0.0087452519,-10.470019,9.055252,-0.0093954118,-0.0087452519,0.0012393503,0.0012393503,OK,0,13051.231,1651.8545,0.0364751,0.30603749,15,1.5,0.02,0.04,-0.05,40,40,40,40,40,10,0
10.1,10.42476,-9.040686,0.0094375023,0.006776472,-10.42476,9.040686,-0.0094375023,-0.006776472,-0.0014050052,-0.0014050052,OK,0,13051.774,1652.2631,0.036475545,0.30603772,15,1.5,0.02,0.04,-0.05,40,40,40,40,40,10,0
10.105,10.379551,-9.0486227,0.0094802189,0.010450323,-10.379551,9.0486227,-0.0094802189,-0.010450323,0.0035248823,0.0035248823,OK,0,13052.313,1652.6725,0.036475994,0.30603826,15,1.5,0.02,0.04,-0.05,40,40,40,40,40,10,0
10.11,10.334388,-9.0335058,0.009523296,0.0088948897,-10.334388,9.0335058,-0.009523296,-0.0088948897,0.0015393086,0.0015393086,OK,0,13052.847,1653.0806,0.036476448,0.30603866,15,1.5,0.02,0.04,-0.05,40,40,40,40,40,10,0
10.115,10.289256,-9.0237549,0.0095671298,0.0089039553,-10.289256,9.0237549,-0.0095671298,-0.0089039553,0.0016977934,0.0016977934,OK,0,13053.376,1653.4877,0.036476905,0.30603905,15,1.5,0.02,0.04,-0.05,40,40,40,40,40,10,0
10.12,10.244145,-9.0166626,0.0096141656,0.0091322405,-10.244145,9.0166626,-0.0096141656,-0.0091322405,0.0021272463,0.0021272463,OK,0,13053.901,1653.8942,0.036477368,0.30603947,15,1.5,0.02,0.04,-0.05,40,40,40,40,40,10,0
10.125,10.19906,-9.0105397,0.0096634765,0.0094787591,-10.19906,9.0105397,-0.0096634765,-0.0094787591,0.0027298887,0.0027298887,OK,0,13054.421,1654.3001,0.036477835,0.30603992,15,1.5,0.02,0.04,-0.05,40,40,40,40,40,10,0
10.13,10.154033,-8.9943095,0.0097078159,0.0071746128,-10.154033,8.9943095,-0.0097078159,-0.0071746128,-0.00031255783,-0.00031255783,OK,0,13054.937,1654.7046,0.036478306,0.30604018,15,1.5,0.02,0.04,-0.05,40,40,40,40,40,10,0
10.135,10.109059,-8.9944092,0.0097483244,0.0077198927,-10.109059,8.9944092,-0.0097483244,-0.0077198927,0.00020951999,0.00020951999,OK,0,13055.448,1655.1091,0.036478781,0.30604048,15,1.5,0.02,0.04,-0.05,40,40,40,40,40,10,0
10.14,10.06414,-8.9870627,0.0097883796,0.0091082509,-10.06414,8.9870627,-0.0097883796,-0.0091082509,0.002288371,0.002288371,OK,0,13055.954,1655.513,0.03647926,0.30604089,15,1.5,0.02,0.04,-0.05,40,40,40,40,40,10,0
10.145,10.019281,-8.9699618,0.0098234851,0.0072167488,-10.019281,8.9699618,-0.0098234851,-0.0072167488,-0.0002354537,-0.0002354537,OK,0,13056.456,1655.9153,0.036479742,0.30604115,15,1.5,0.02,0.04,-0.05,40,40,40,40,40,10,0
10.15,9.9744617,-8.9586124,0.0098583519,0.0070265711,-9.9744617,8.9586124,-0.0098583519,-0.0070265711,-0.000440128,-0.000440128,OK,0,13056.953,1656.3166,0.036480228,0.3060414,15,1.5,0.02,0.04,-0.05,40,40,40,40,40,10,0
10.155,9.9296923,-8.9463947,0.0098940983,0.0066234994,-9.9296923,8.9463947,-0.0098940983,-0.0066234994,-0.00091521653,-0.00091521653,OK,0,13057.446,1656.7167,0.036480718,0.30604162,15,1.5,0.02,0.04,-0.05,40,40,40,40,40,10,0
10.16,9.884957,-8.9397983,0.0099327654,0.0073838691,-9.884957,8.9397983,-0.0099327654,-0.0073838691,0.00017449291,0.00017449291,OK,0,13057.935,1657.1163,0.036481211,0.30604189,15,1.5,0.02,0.04,-0.05,40,40,40,40,40,10,0
10.165,9.8402655,-8.9293577,0.0099729941,0.007021665,-9.8402655,8.9293577,-0.0099729941,-0.007021665,-0.00024158589,-0.00024158589,OK,0,13058.419,1657.515,0.036481708,0.30604214,15,1.5,0.02,0.04,-0.05,40,40,40,40,40,10,0
10.17,9.7956294,-8.9311873,0.010012293,0.0092222879,-9.7956294,8.9311873,-0.010012293,-0.0092222879,0.0026829184,0.0026829184,OK,0,13058.899,1657.9138,0.03648221,0.30604256,15,1.5,0.02,0.04,-0.05,40,40,40,40,40,10,0
10.175,9.7510527,-8.9122322,0.010046844,0.0068815846,-9.7510527,8.9122322,-0.010046844,-0.0068815846,-0.000443198,-0.000443198,OK,0,13059.374,1658.311,0.036482714,0.3060428,15,1.5,0.02,0.04,-0.05,40,40,40,40,40,10,0
10.18,9.7064853,-8.9099433,0.010089431,0.0089952332,-9.7064853,8.9099433,-0.010089431,-0.0089952332,0.0025662897,0.0025662897,OK,0,13059.845,1658.7079,0.036483223,0.3060432,15,1.5,0.02,0.04,-0.05,40,40,40,40,40,10,0
10.185,9.6619542,-8.9021338,0.010134936,0.008924033,-9.6619542,8.9021338,-0.010134936,-0.008924033,0.0025638275,0.0025638275,OK,0,13060.312,1659.1042,0.036483737,0.3060436,15,1.5,0.02,0.04,-0.05,40,40,40,40,40,10,0
10.19,9.6174605,-8.8928338,0.010180545,0.0083872087,-9.6174605,8.8928338,-0.010180545,-0.0083872087,0.0019248497,0.0019248497,OK,0,13060.775,1659.4996,0.036484255,0.30604395,15,1.5,0.02,0.04,-0.05,40,40,40,40,40,10,0
10.195,9.5730168,-8.8828865,0.010223697,0.0081344612,-9.5730168,8.8828865,-0.010223697,-0.0081344612,0.0017020244,0.0017020244,OK,0,13061.233,1659.8941,0.036484778,0.30604428,15,1.5,0.02,0.04,-0.05,40,40,40,40,40,10,0
10.2,9.5286095,-8.8833629,0.010267685,0.0098405943,-9.5286095,8.8833629,-0.010267685,-0.0098405943,0.0040138428,0.0040138428,OK,0,13061.687,1660.2887,0.036485305,0.30604477,15,1.5,0.02,0.04,-0.05,40,40,40,40,40,10,0
10.205,9.4842328,-8.872841,0.010313038,0.0091128919,-9.4842328,8.872841,-0.010313038,-0.0091128919,0.0031359166,0.0031359166,OK,0,13062.137,1660.6823,0.036485837,0.30604518,15,1.5,0.02,0.04,-0.05,40,40,40,40,40,10,0
10.21,9.4399142,-8.8620643,0.010353176,0.0081207011,-9.4399142,8.8620643,-0.010353176,-0.0081207011,0.0017944057,0.0017944057,OK,0,13062.582,1661.075,0.036486373,0.30604551,15,1.5,0.02,0.04,-0.05,40,40,40,40,40,10,0
10.215,9.395598,-8.8608475,0.010401484,0.010040073,-9.395598,8.8608475,-0.010401484,-0.010040073,0.0045604268,0.0045604268,OK,0,13063.024,1661.4676,0.036486914,0.30604602,15,1.5,0.02,0.04,-0.05,40,40,40,40,40,10,0
10.22,9.3513271,-8.8516925,0.010448291,0.0090584029,-9.3513271,8.8516925,-0.010448291,-0.0090584029,0.0032708038,0.0032708038,OK,0,13063.461,1661.8593,0.036487459,0.30604643,15,1.5,0.02,0.04,-0.05,40,40,40,40,40,10,0
10.225,9.3070861,-8.8467971,0.010494642,0.0095837466,-9.3070861,8.8467971,-0.010494642,-0.0095837466,0.0040650907,0.0040650907,OK,0,13063.894,1662.2507,0.03648801,0.30604689,15,1.5,0.02,0.04,-0.05,40,40,40,40,40,10,0
10.23,9.2629048,-8.8348176,0.010535324,0.0080962821,-9.2629048,8.8348176,-0.010535324,-0.0080962821,0.0020396796,0.0020396796,OK,0,13064.323,1662.6409,0.036488565,0.30604721,15,1.5,0.02,0.04,-0.05,40,40,40,40,40,10,0
10.235,9.2187683,-8.8246288,0.010574198,0.0077747554,-9.2187683,8.8246288,-0.010574198,-0.0077747554,0.0016653237,0.0016653237,OK,0,13064.748,1663.0303,0.036489124,0.30604752,15,1.5,0.02,0.04,-0.05,40,40,40,40,40,10,0
10.24,9.1746647,-8.8148785,0.010614248,0.0077689692,-9.1746647,8.8148785,-0.010614248,-0.0077689692,0.0017653257,0.0017653257,OK,0,13065.169,1663.4188,0.036489687,0.30604782,15,1.5,0.02,0.04,-0.05,40,40,40,40,40,10,0
10.245,9.1306022,-8.8081878,0.010654694,0.0078459515,-9.1306022,8.8081878,-0.010654694,-0.0078459515,0.0018738611,0.0018738611,OK,0,13065.586,1663.8067,0.036490255,0.30604813,15,1.5,0.02,0.04,-0.05,40,40,40,40,40,10,0
10.25,9.0865637,-8.8011578,0.010699548,0.0086121613,-9.0865637,8.8011578,-0.010699548,-0.0086121613,0.0030964264,0.0030964264,OK,0,13065.998,1664.194,0.036490827,0.3060485,15,1.5,0.02,0.04,-0.05,40,40,40,40,40,10,0
10.255,9.0425711,-8.8013191,0.010743474,0.0094954532,-9.0425711,8.8013191,-0.010743474,-0.0094954532,0.0041939499,0.0041939499,OK,0,13066.407,1664.5813,0.036491405,0.30604895,15,1.5,0.02,0.04,-0.05,40,40,40,40,40,10,0
10.26,8.9986628,-8.780229,0.010775918,0.0064458241,-8.9986628,8.780229,-0.010775918,-0.0064458241,7.1594741e-05,7.1594741e-05,OK,0,13066.812,1664.9668,0.036491985,0.30604916,15,1.5,0.02,0.04,-0.05,40,40,40,40,40,10,0
10.265,8.9547888,-8.7701991,0.010809067,0.0067270221,-8.9547888,8.7701991,-0.010809067,-0.0067270221,0.00051435169,0.00051435169,OK,0,13067.213,1665.3514,0.036492569,0.30604938,15,1.5,0.02,0.04,-0.05,40,40,40,40,40,10,0
10.27,8.9109683,-8.7555774,0.01084193,0.0058332693,-8.9109683,8.7555774,-0.01084193,-0.0058332693,-0.00062487821,-0.00062487821,OK,0,13067.61,1665.7347,0.036493157,0.30604955,15,1.5,0.02,0.04,-0.05,40,40,40,40,40,10,0
10.275,8.8671737,-8.75427,0.010880616,0.008157742,-8.8671737,8.75427,-0.010880616,-0.008157742,0.0026185228,0.0026185228,OK,0,13068.003,1666.1179,0.036493749,0.30604989,15,1.5,0.02,0.04,-0.05,40,40,40,40,40,10,0
10.28,8.8234083,-8.7576734,0.010923946,0.0097162234,-8.8234083,8.7576734,-0.010923946,-0.0097162234,0.0045947634,0.0045947634,OK,0,13068.392,1666.5014,0.036494346,0.30605036,15,1.5,0.02,0.04,-0.05,40,40,40,40,40,10,0
10.285,8.7797028,-8.7408381,0.010961959,0.0077956368,-8.7797028,8.7408381,-0.010961959,-0.0077956368,0.0020833751,0.0020833751,OK,0,13068.778,1666.8834,0.036494947,0.30605066,15,1.5,0.02,0.04,-0.05,40,40,40,40,40,10,0
10.29,8.7360413,-8.7282856,0.010998884,0.0072874873,-8.7360413,8.7282856,-0.010998884,-0.0072874873,0.0015038985,0.0015038985,OK,0,13069.159,1667.2643,0.036495551,0.30605093,15,1.5,0.02,0.04,-0.05,40,40,40,40,40,10,0
10.295,8.6924207,-8.7168034,0.011036314,0.0069782162,-8.6924207,8.7168034,-0.011036314,-0.0069782162,0.0011883103,0.0011883103,OK,0,13069.537,1667.6442,0.03649616,0.30605117,15,1.5,0.02,0.04,-0.05,40,40,40,40,40,10,0
10.3,8.6488468,-8.7062651,0.01107357,0.0065266024,-8.6488468,8.7062651,-0.01107357,-0.0065266024,0.00061978288,0.00061978288,OK,0,13069.911,1668.0232,0.036496774,0.30605138,15,1.5,0.02,0.04,-0.05,40,40,40,40,40,10,0
10.305,8.605322,-8.6962394,0.011110071,0.0064321878,-8.605322,8.6962394,-0.011110071,-0.0064321878,0.00055620485,0.00055620485,OK,0,13070.282,1668.4013,0.036497391,0.30605159,15,1.5,0.02,0.04,-0.05,40,40,40,40,40,10,0
10.31,8.5618556,-8.6966617,0.011145392,0.0083204642,-8.5618556,8.6966617,-0.011145392,-0.0083204642,0.0030322229,0.0030322229,OK,0,13070.648,1668.7795,0.036498012,0.30605194,15,1.5,0.02,0.04,-0.05,40,40,40,40,40,10,0
10.315,8.5184605,-8.675635,0.011174954,0.0059220243,-8.5184605,8.675635,-0.011174954,-0.0059220243,-0.00014884543,-0.00014884543,OK,0,13071.011,1669.1558,0.036498636,0.30605211,15,1.5,0.02,0.04,-0.05,40,40,40,40,40,10,0
10.32,8.4750883,-8.6692245,0.011210285,0.007279373,-8.4750883,8.6692245,-0.011210285,-0.007279373,0.0018061242,0.0018061242,OK,0,13071.37,1669.5316,0.036499265,0.30605238,15,1.5,0.02,0.04,-0.05,40,40,40,40,40,10,0
10.325,8.4317458,-8.6609064,0.011250669,0.0074696564,-8.4317458,8.6609064,-0.011250669,-0.0074696564,0.0021631749,0.0021631749,OK,0,13071.725,1669.9066,0.036499897,0.30605266,15,1.5,0.02,0.04,-0.05,40,40,40,40,40,10,0
10.33,8.3884467,-8.6527092,0.011290882,0.007222817,-8.3884467,8.6527092,-0.011290882,-0.007222817,0.0018580174,0.0018580174,OK,0,13072.077,1670.281,0.036500535,0.30605292,15,1.5,0.02,0.04,-0.05,40,40,40,40,40,10,0
10.335,8.3451972,-8.6531317,0.011328655,0.0086795553,-8.3451972,8.6531317,-0.011328655,-0.0086795553,0.0037278329,0.0037278329,OK,0,13072.426,1670.6554,0.036501177,0.30605329,15,1.5,0.02,0.04,-0.05,40,40,40,40,40,10,0
10.34,8.302035,-8.6309796,0.011357729,0.0058838696,-8.302035,8.6309796,-0.011357729,-0.0058838696,-6.7524892e-06,-6.7524892e-06,OK,0,13072.77,1671.0278,0.036501822,0.30605347,15,1.5,0.02,0.04,-0.05,40,40,40,40,40,10,0
10.345,8.2589184,-8.6175138,0.011386163,0.0056509769,-8.2589184,8.6175138,-0.011386163,-0.0056509769,-0.00025326713,-0.00025326713,OK,0,13073.111,1671.3991,0.03650247,0.30605363,15,1.5,0.02,0.04,-0.05,40,40,40,40,40,10,0
10.35,8.2158518,-8.6041138,0.01141647,0.0054102176,-8.2158518,8.6041138,-0.01141647,-0.0054102176,-0.00048514191,-0.00048514191,OK,0,13073.449,1671.7693,0.036503121,0.30605377,15,1.5,0.02,0.04,-0.05,40,40,40,40,40,10,0
10.355,8.1728149,-8.6081415,0.011451265,0.0071376434,-8.1728149,8.6081415,-0.011451265,-0.0071376434,0.0016060799,0.0016060799,OK,0,13073.783,1672.1398,0.036503777,0.30605403,15,1.5,0.02,0.04,-0.05,40,40,40,40,40,10,0
10.36,8.1298138,-8.603989,0.01149074,0.0090908552,-8.1298138,8.603989,-0.01149074,-0.0090908552,0.0044340971,0.0044340971,OK,0,13074.113,1672.5099,0.036504437,0.30605444,15,1.5,0.02,0.04,-0.05,40,40,40,40,40,10,0
10.365,8.0868943,-8.5818483,0.011521517,0.0060228967,-8.0868943,8.5818483,-0.011521517,-0.0060228967,0.00032105552,0.00032105552,OK,0,13074.44,1672.8782,0.036505101,0.30605462,15,1.5,0.02,0.04,-0.05,40,40,40,40,40,10,0
10.37,8.0440209,-8.5692204,0.01155176,0.0060222316,-8.0440209,8.5692204,-0.01155176,-0.0060222316,0.00042134898,0.00042134898,OK,0,13074.764,1673.2453,0.036505768,0.3060548,15,1.5,0.02,0.04,-0.05,40,40,40,40,40,10,0
10.375,8.0011685,-8.5639946,0.011589372,0.0074885107,-8.0011685,8.5639946,-0.011589372,-0.0074885107,0.0025369291,0.0025369291,OK,0,13075.084,1673.6121,0.03650644,0.30605508,15,1.5,0.02,0.04,-0.05,40,40,40,40,40,10,0
10.38,7.9583536,-8.5553606,0.011629673,0.007358474,-7.9583536,8.5553606,-0.011629673,-0.007358474,0.0024354451,0.0024354451,OK,0,13075.4,1673.978,0.036507116,0.30605535,15,1.5,0.02,0.04,-0.05,40,40,40,40,40,10,0
10.385,7.9155941,-8.5544075,0.011667526,0.0083913694,-7.9155941,8.5544075,-0.011667526,-0.0083913694,0.003735527,0.003735527,OK,0,13075.714,1674.3439,0.036507797,0.30605571,15,1.5,0.02,0.04,-0.05,40,40,40,40,40,10,0
10.39,7.872925,-8.5318961,0.011695513,0.0056088141,-7.872925,8.5318961,-0.011695513,-0.0056088141,2.8565624e-05,2.8565624e-05,OK,0,13076.024,1674.7079,0.036508481,0.30605586,15,1.5,0.02,0.04,-0.05,40,40,40,40,40,10,0
10.395,7.8303067,-8.5178138,0.011722041,0.0051880997,-7.8303067,8.5178138,-0.011722041,-0.0051880997,-0.00049366083,-0.00049366083,OK,0,13076.33,1675.0706,0.036509168,0.306056,15,1.5,0.02,0.04,-0.05,40,40,40,40,40,10,0
10.4,7.7877101,-8.5128003,0.011756613,0.006996099,-7.7877101,8.5128003,-0.011756613,-0.006996099,0.0020855295,0.0020855295,OK,0,13076.633,1675.433,0.036509859,0.30605624,15,1.5,0.02,0.04,-0.05,40,40,40,40,40,10,0
10.405,7.745152,-8.5041586,0.011794801,0.0068673257,-7.745152,8.5041586,-0.011794801,-0.0068673257,0.0019597044,0.0019597044,OK,0,13076.933,1675.7946,0.036510554,0.30605648,15,1.5,0.02,0.04,-0.05,40,40,40,40,40,10,0
10.41,7.7026485,-8.5035674,0.01183088,0.0082632213,-7.7026485,8.5035674,-0.01183088,-0.0082632213,0.0037683008,0.0037683008,OK,0,13077.23,1676.1561,0.036511254,0.30605682,15,1.5,0.02,0.04,-0.05,40,40,40,40,40,10,0
10.415,7.6602162,-8.4831093,0.011860072,0.005735304,-7.6602162,8.4831093,-0.011860072,-0.005735304,0.00038399132,0.00038399132,OK,0,13077.523,1676.516,0.036511957,0.30605698,15,1.5,0.02,0.04,-0.05,40,40,40,40,40,10,0
10.42,7.6178094,-8.4754297,0.011894205,0.0068405407,-7.6178094,8.4754297,-0.011894205,-0.0068405407,0.0020128855,0.0020128855,OK,0,13077.814,1676.8751,0.036512665,0.30605722,15,1.5,0.02,0.04,-0.05,40,40,40,40,40,10,0
10.425,7.5754462,-8.4630181,0.011930785,0.0064082983,-7.5754462,8.4630181,-0.011930785,-0.0064082983,0.0015624234,0.0015624234,OK,0,13078.101,1677.2332,0.036513377,0.30605742,15,1.5,0.02,0.04,-0.05,40,40,40,40,40,10,0
10.43,7.5331245,-8.4700077,0.011968464,0.0090445313,-7.5331245,8.4700077,-0.011968464,-0.0090445313,0.0049559333,0.0049559333,OK,0,13078.384,1677.5919,0.036514093,0.30605783,15,1.5,0.02,0.04,-0.05,40,40,40,40,40,10,0
10.435,7.4908547,-8.453968,0.012005976,0.0076626138,-7.4908547,8.453968,-0.012005976,-0.0076626138,0.0032419397,0.0032419397,OK,0,13078.665,1677.9493,0.036514813,0.30605813,15,1.5,0.02,0.04,-0.05,40,40,40,40,40,10,0
10.44,7.4486285,-8.440473,0.012041127,0.006781361,-7.4486285,8.440473,-0.012041127,-0.006781361,0.0021425915,0.0021425915,OK,0,13078.942,1678.3055,0.036515538,0.30605836,15,1.5,0.02,0.04,-0.05,40,40,40,40,40,10,0
10.445,7.4064577,-8.4254153,0.012074251,0.005824988,-7.4064577,8.4254153,-0.012074251,-0.005824988,0.00096379154,0.00096379154,OK,0,13079.216,1678.6604,0.036516267,0.30605853,15,1.5,0.02,0.04,-0.05,40,40,40,40,40,10,0
10.45,7.364317,-8.4235199,0.012111506,0.007825201,-7.364317,8.4235199,-0.012111506,-0.007825201,0.0037559277,0.0037559277,OK,0,13079.488,1679.0152,0.036517001,0.30605883,15,1.5,0.02,0.04,-0.05,40,40,40,40,40,10,0
10.455,7.3222118,-8.4244563,0.012151551,0.00887941,-7.3222118,8.4244563,-0.012151551,-0.00887941,0.0050583669,0.0050583669,OK,0,13079.756,1679.3701,0.036517739,0.30605923,15,1.5,0.02,0.04,-0.05,40,40,40,40,40,10,0
10.46,7.2801857,-8.4036871,0.012183924,0.0064414201,-7.2801857,8.4036871,-0.012183924,-0.0064414201,0.0018772146,0.0018772146,OK,0,13080.021,1679.7232,0.036518481,0.30605943,15,1.5,0.02,0.04,-0.05,40,40,40,40,40,10,0
10.465,7.2381679,-8.3986939,0.012222787,0.007970952,-7.2381679,8.3986939,-0.012222787,-0.007970952,0.004113832,0.004113832,OK,0,13080.283,1680.0759,0.036519228,0.30605975,15,1.5,0.02,0.04,-0.05,40,40,40,40,40,10,0
10.47,7.1962119,-8.3799802,0.012258161,0.0055886883,-7.1962119,8.3799802,-0.012258161,-0.0055886883,0.00098047251,0.00098047251,OK,0,13080.542,1680.427,0.03651998,0.30605991,15,1.5,0.02,0.04,-0.05,40,40,40,40,40,10,0
10.475,7.1543127,-8.3724391,0.012291891,0.0062556901,-7.1543127,8.3724391,-0.012291891,-0.0062556901,0.0019505935,0.0019505935,OK,0,13080.798,1680.7775,0.036520735,0.3060601,15,1.5,0.02,0.04,-0.05,40,40,40,40,40,10,0
10.48,7.112468,-8.37176,0.01232495,0.0077334781,-7.112468,8.37176,-0.01232495,-0.0077334781,0.0038534194,0.0038534194,OK,0,13081.05,1681.1279,0.036521495,0.3060604,15,1.5,0.02,0.04,-0.05,40,40,40,40,40,10,0
10.485,7.0706936,-8.3513103,0.012352924,0.0054429823,-7.0706936,8.3513103,-0.012352924,-0.0054429823,0.00081979058,0.00081979058,OK,0,13081.3,1681.4766,0.036522258,0.30606055,15,1.5,0.02,0.04,-0.05,40,40,40,40,40,10,0
10.49,7.0289481,-8.3427844,0.012384378,0.0060941451,-7.0289481,8.3427844,-0.012384378,-0.0060941451,0.0017744656,0.0017744656,OK,0,13081.547,1681.8246,0.036523024,0.30606074,15,1.5,0.02,0.04,-0.05,40,40,40,40,40,10,0
10.495,6.9872404,-8.3320189,0.012418409,0.0061276928,-6.9872404,8.3320189,-0.012418409,-0.0061276928,0.0019317223,0.0019317223,OK,0,13081.792,1682.1718,0.036523796,0.30606092,15,1.5,0.02,0.04,-0.05,40,40,40,40,40,10,0
10.5,6.9455925,-8.3253649,0.012450599,0.0053079516,-6.9455925,8.3253649,-0.012450599,-0.0053079516,0.00061817231,0.00061817231,OK,0,13082.033,1682.5183,0.036524571,0.30606106,15,1.5,0.02,0.04,-0.05,40,40,40,40,40,10,0
10.505,6.9040292,-8.313687,0.012478102,0.0066005216,-6.9040292,8.313687,-0.012478102,-0.0066005216,0.0026054148,0.0026054148,OK,0,13082.271,1682.8639,0.036525349,0.30606128,15,1.5,0.02,0.04,-0.05,40,40,40,40,40,10,0
10.51,6.8624612,-8.3085748,0.012516973,0.0078825559,-6.8624612,8.3085748,-0.012516973,-0.0078825559,0.004484662,0.004484662,OK,0,13082.507,1683.2091,0.036526133,0.30606159,15,1.5,0.02,0.04,-0.05,40,40,40,40,40,10,0
10.515,6.8209304,-8.2968655,0.012558368,0.0073674588,-6.8209304,8.2968655,-0.012558368,-0.0073674588,0.0039706936,0.0039706936,OK,0,13082.739,1683.5533,0.036526921,0.30606186,15,1.5,0.02,0.04,-0.05,40,40,40,40,40,10,0
10.52,6.7794607,-8.2847769,0.01259563,0.0063784266,-6.7794607,8.2847769,-0.01259563,-0.0063784266,0.0027002266,0.0027002266,OK,0,13082.969,1683.8964,0.036527714,0.30606207,15,1.5,0.02,0.04,-0.05,40,40,40,40,40,10,0
10.525,6.7380614,-8.2814246,0.012627576,0.0071893653,-6.7380614,8.2814246,-0.012627576,-0.0071893653,0.0037019321,0.0037019321,OK,0,13083.196,1684.2394,0.036528512,0.30606233,15,1.5,0.02,0.04,-0.05,40,40,40,40,40,10,0
10.53,6.6967003,-8.2673751,0.012661213,0.0064374868,-6.6967003,8.2673751,-0.012661213,-0.0064374868,0.002813423,0.002813423,OK,0,13083.42,1684.5811,0.036529313,0.30606253,15,1.5,0.02,0.04,-0.05,40,40,40,40,40,10,0
10.535,6.6553814,-8.2546318,0.012694146,0.0059652752,-6.6553814,8.2546318,-0.012694146,-0.0059652752,0.0022824619,0.0022824619,OK,0,13083.642,1684.9218,0.036530119,0.30606271,15,1.5,0.02,0.04,-0.05,40,40,40,40,40,10,0
10.54,6.6141033,-8.2495099,0.012730069,0.0070821939,-6.6141033,8.2495099,-0.012730069,-0.0070821939,0.0038760028,0.0038760028,OK,0,13083.86,1685.2621,0.036530929,0.30606296,15,1.5,0.02,0.04,-0.05,40,40,40,40,40,10,0
10.545,6.5728733,-8.2487698,0.012765816,0.0080213287,-6.5728733,8.2487698,-0.012765816,-0.0080213287,0.0050259075,0.0050259075,OK,0,13084.076,1685.6023,0.036531744,0.30606328,15,1.5,0.02,0.04,-0.05,40,40,40,40,40,10,0
10.55,6.5317246,-8.2272698,0.012791785,0.0050605382,-6.5317246,8.2272698,-0.012791785,-0.0050605382,0.0010112776,0.0010112776,OK,0,13084.29,1685.9407,0.036532562,0.30606341,15,1.5,0.02,0.04,-0.05,40,40,40,40,40,10,0
10.555,6.4906326,-8.2113613,0.012815787,0.0045608463,-6.4906326,8.2113613,-0.012815787,-0.0045608463,0.00043627635,0.00043627635,OK,0,13084.5,1686.2778,0.036533383,0.30606352,15,1.5,0.02,0.04,-0.05,40,40,40,40,40,10,0
10.56,6.4495804,-8.2021025,0.012844632,0.005284358,-6.4495804,8.2021025,-0.012844632,-0.005284358,0.0015035194,0.0015035194,OK,0,13084.708,1686.6142,0.036534208,0.30606366,15,1.5,0.02,0.04,-0.05,40,40,40,40,40,10,0
10.565,6.4085681,-8.2078806,0.01287718,0.008095763,-6.4085681,8.2078806,-0.01287718,-0.008095763,0.0051574748,0.0051574748,OK,0,13084.914,1686.9511,0.036535037,0.30606398,15,1.5,0.02,0.04,-0.05,40,40,40,40,40,10,0
10.57,6.3676167,-8.1886734,0.012906342,0.0058044388,-6.3676167,8.1886734,-0.012906342,-0.0058044388,0.002107192,0.002107192,OK,0,13085.116,1687.2863,0.03653587,0.30606415,15,1.5,0.02,0.04,-0.05,40,40,40,40,40,10,0
10.575,6.3267336,-8.1701899,0.012930549,0.0045085199,-6.3267336,8.1701899,-0.012930549,-0.0045085199,0.00044809142,0.00044809142,OK,0,13085.317,1687.6201,0.036536706,0.30606425,15,1.5,0.02,0.04,-0.05,40,40,40,40,40,10,0
10.58,6.2858815,-8.1628951,0.012960814,0.0059264594,-6.2858815,8.1628951,-0.012960814,-0.0059264594,0.0025037309,0.0025037309,OK,0,13085.514,1687.9533,0.036537546,0.30606443,15,1.5,0.02,0.04,-0.05,40,40,40,40,40,10,0
10.585,6.2450731,-8.1583756,0.012993391,0.0063674291,-6.2450731,8.1583756,-0.012993391,-0.0063674291,0.0030184485,0.0030184485,OK,0,13085.709,1688.2861,0.03653839,0.30606463,15,1.5,0.02,0.04,-0.05,40,40,40,40,40,10,0
10.59,6.2043367,-8.1479866,0.013022487,0.0064030359,-6.2043367,8.1479866,-0.013022487,-0.0064030359,0.0031091295,0.0031091295,OK,0,13085.902,1688.618,0.036539238,0.30606484,15,1.5,0.02,0.04,-0.05,40,40,40,40,40,10,0
10.595,6.1636302,-8.1352491,0.013053545,0.0060556225,-6.1636302,8.1352491,-0.013053545,-0.0060556225,0.0027492417,0.0027492417,OK,0,13086.092,1688.9489,0.03654009,0.30606502,15,1.5,0.02,0.04,-0.05,40,40,40,40,40,10,0
10.6,6.1229848,-8.1184861,0.013082928,0.0048014018,-6.1229848,8.1184861,-0.013082928,-0.0048014018,0.0011662769,0.0011662769,OK,0,13086.279,1689.2785,0.036540946,0.30606514,15,1.5,0.02,0.04,-0.05,40,40,40,40,40,10,0
10.605,6.0823878,-8.1176247,0.01311349,0.0063138337,-6.0823878,8.1176247,-0.01311349,-0.0063138337,0.0031158629,0.0031158629,OK,0,13086.464,1689.6079,0.036541806,0.30606533,15,1.5,0.02,0.04,-0.05,40,40,40,40,40,10,0
10.61,6.0418508,-8.1083849,0.013143662,0.0067496488,-6.0418508,8.1083849,-0.013143662,-0.0067496488,0.0037810267,0.0037810267,OK,0,13086.647,1689.9367,0.03654267,0.30606556,15,1.5,0.02,0.04,-0.05,40,40,40,40,40,10,0
10.615,6.0013574,-8.0931175,0.013173404,0.0055653881,-6.0013574,8.0931175,-0.013173404,-0.0055653881,0.0022515962,0.0022515962,OK,0,13086.827,1690.2642,0.036543537,0.30606572,15,1.5,0.02,0.04,-0.05,40,40,40,40,40,10,0
10.62,5.9608868,-8.0870498,0.013208888,0.0070933729,-5.9608868,8.0870498,-0.013208888,-0.0070933729,0.0045091291,0.0045091291,OK,0,13087.004,1690.5912,0.03654441,0.30606597,15,1.5,0.02,0.04,-0.05,40,40,40,40,40,10,0
10.625,5.9204654,-8.0752738,0.013244968,0.006220013,-5.9204654,8.0752738,-0.013244968,-0.006220013,0.0034029005,0.0034029005,OK,0,13087.18,1690.9172,0.036545287,0.30606616,15,1.5,0.02,0.04,-0.05,40,40,40,40,40,10,0
10.63,5.8801175,-8.0707011,0.013275483,0.0067561315,-5.8801175,8.0707011,-0.013275483,-0.0067561315,0.0040407499,0.0040407499,OK,0,13087.352,1691.2429,0.036546168,0.30606639,15,1.5,0.02,0.04,-0.05,40,40,40,40,40,10,0
10.635,5.8398177,-8.0541599,0.013305405,0.0055715603,-5.8398177,8.0541599,-0.013305405,-0.0055715603,0.0025683782,0.0025683782,OK,0,13087.523,1691.5672,0.036547053,0.30606655,15,1.5,0.02,0.04,-0.05,40,40,40,40,40,10,0
10.64,5.7995679,-8.0410187,0.013334761,0.0052567162,-5.7995679,8.0410187,-0.013334761,-0.0052567162,0.0022571034,0.0022571034,OK,0,13087.691,1691.8905,0.036547942,0.30606668,15,1.5,0.02,0.04,-0.05,40,40,40,40,40,10,0
10.645,5.7593585,-8.0403117,0.013366833,0.0066161583,-5.7593585,8.0403117,-0.013366833,-0.0066161583,0.0040014357,0.0040014357,OK,0,13087.857,1692.2138,0.036548836,0.3060669,15,1.5,0.02,0.04,-0.05,40,40,40,40,40,10,0
10.65,5.7192093,-8.0308088,0.013397949,0.0068394212,-5.7192093,8.0308088,-0.013397949,-0.0068394212,0.0043801962,0.0043801962,OK,0,13088.021,1692.5362,0.036549733,0.30606714,15,1.5,0.02,0.04,-0.05,40,40,40,40,40,10,0
10.655,5.6791059,-8.0148847,0.013427545,0.005416395,-5.6791059,8.0148847,-0.013427545,-0.005416395,0.002524497,0.002524497,OK,0,13088.182,1692.8574,0.036550635,0.30606728,15,1.5,0.02,0.04,-0.05,40,40,40,40,40,10,0
10.66,5.6390726,-7.9963157,0.013452337,0.0039316086,-5.6390726,7.9963157,-0.013452337,-0.0039316086,0.00061128561,0.00061128561,OK,0,13088.341,1693.1771,0.036551539,0.30606736,15,1.5,0.02,0.04,-0.05,40,40,40,40,40,10,0
10.665,5.599071,-8.0081295,0.013482602,0.008286201,-5.599071,8.0081295,-0.013482602,-0.008286201,0.0063245742,0.0063245742,OK,0,13088.498,1693.4978,0.036552448,0.3060677,15,1.5,0.02,0.04,-0.05,40,40,40,40,40,10,0
10.67,5.5591064,-7.9921561,0.013516572,0.0068668709,-5.5591064,7.9921561,-0.013516572,-0.0068668709,0.0045447632,0.0045447632,OK,0,13088.652,1693.8172,0.036553362,0.30606794,15,1.5,0.02,0.04,-0.05,40,40,40,40,40,10,0
10.675,5.5192028,-7.9742216,0.013545484,0.0051691116,-5.5192028,7.9742216,-0.013545484,-0.0051691116,0.0023511189,0.0023511189,OK,0,13088.804,1694.1351,0.036554279,0.30606807,15,1.5,0.02,0.04,-0.05,40,40,40,40,40,10,0
10.68,5.4793335,-7.9657568,0.013577767,0.006267676,-5.4793335,7.9657568,-0.013577767,-0.006267676,0.0040244257,0.0040244257,OK,0,13088.954,1694.4524,0.036555201,0.30606827,15,1.5,0.02,0.04,-0.05,40,40,40,40,40,10,0
10.685,5.4395033,-7.9711791,0.01361309,0.0084100891,-5.4395033,7.9711791,-0.01361309,-0.0084100891,0.0067543839,0.0067543839,OK,0,13089.102,1694.7701,0.036556128,0.30606862,15,1.5,0.02,0.04,-0.05,40,40,40,40,40,10,0
10.69,5.3997319,-7.9526795,0.013645631,0.0063814226,-5.3997319,7.9526795,-0.013645631,-0.0063814226,0.0041440583,0.0041440583,OK,0,13089.248,1695.0863,0.036557059,0.30606883,15,1.5,0.02,0.04,-0.05,40,40,40,40,40,10,0
10.695,5.3600264,-7.9341549,0.0136716,0.004542126,-5.3600264,7.9341549,-0.0136716,-0.004542126,0.0017215176,0.0017215176,OK,0,13089.392,1695.401,0.036557993,0.30606893,15,1.5,0.02,0.04,-0.05,40,40,40,40,40,10,0
10.7,5.3203495,-7.9281972,0.01370175,0.00610935,-5.3203495,7.9281972,-0.01370175,-0.00610935,0.0039693757,0.0039693757,OK,0,13089.533,1695.7153,0.036558932,0.30606912,15,1.5,0.02,0.04,-0.05,40,40,40,40,40,10,0
10.705,5.2807124,-7.9316369,0.013735308,0.0079054715,-5.2807124,7.9316369,-0.013735308,-0.0079054715,0.0062365976,0.0062365976,OK,0,13089.673,1696.0299,0.036559875,0.30606943,15,1.5,0.02,0.04,-0.05,40,40,40,40,40,10,0
10.71,5.2411494,-7.9104196,0.013763975,0.0055755723,-5.2411494,7.9104196,-0.013763975,-0.0055755723,0.0032291816,0.0032291816,OK,0,13089.81,1696.3428,0.036560822,0.30606958,15,1.5,0.02,0.04,-0.05,40,40,40,40,40,10,0
10.715,5.2016067,-7.90218,0.013796684,0.0063410908,-5.2016067,7.90218,-0.013796684,-0.0063410908,0.0044068338,0.0044068338,OK,0,13089.945,1696.655,0.036561774,0.30606979,15,1.5,0.02,0.04,-0.05,40,40,40,40,40,10,0
10.72,5.1621175,-7.8869564,0.013828723,0.0051077168,-5.1621175,7.8869564,-0.013828723,-0.0051077168,0.0028565164,0.0028565164,OK,0,13090.079,1696.966,0.03656273,0.30606992,15,1.5,0.02,0.04,-0.05,40,40,40,40,40,10,0
10.725,5.122691,-7.8890125,0.013857729,0.0070645714,-5.122691,7.8890125,-0.013857729,-0.0070645714,0.0053561117,0.0053561117,OK,0,13090.21,1697.2772,0.03656369,0.30607017,15,1.5,0.02,0.04,-0.05,40,40,40,40,40,10,0
10.73,5.0833268,-7.8691764,0.013883165,0.0049178023,-5.0833268,7.8691764,-0.013883165,-0.0049178023,0.0025236559,0.0025236559,OK,0,13090.339,1697.5868,0.036564654,0.30607029,15,1.5,0.02,0.04,-0.05,40,40,40,40,40,10,0
10.735,5.0440019,-7.8570457,0.013911583,0.0052196983,-5.0440019,7.8570457,-0.013911583,-0.0052196983,0.0031015092,0.0031015092,OK,0,13090.466,1697.8955,0.036565622,0.30607042,15,1.5,0.02,0.04,-0.05,40,40,40,40,40,10,0
10.74,5.0047127,-7.8513421,0.013943617,0.0064588232,-5.0047127,7.8513421,-0.013943617,-0.0064588232,0.0048830587,0.0048830587,OK,0,13090.592,1698.2037,0.036566594,0.30607063,15,1.5,0.02,0.04,-0.05,40,40,40,40,40,10,0
10.745,4.9654829,-7.8472481,0.013974386,0.0068214595,-4.9654829,7.8472481,-0.013974386,-0.0068214595,0.0052677167,0.0052677167,OK,0,13090.715,1698.5116,0.03656757,0.30607086,15,1.5,0.02,0.04,-0.05,40,40,40,40,40,10,0
10.75,4.9262951,-7.8319422,0.014005071,0.0056339283,-4.9262951,7.8319422,-0.014005071,-0.0056339283,0.0037751775,0.0037751775,OK,0,13090.836,1698.8183,0.036568551,0.30607102,15,1.5,0.02,0.04,-0.05,40,40,40,40,40,10,0
10.755,4.8871646,-7.8156058,0.014032187,0.004471681,-4.8871646,7.8156058,-0.014032187,-0.004471681,0.0023093802,0.0023093802,OK,0,13090.956,1699.1237,0.036569536,0.30607112,15,1.5,0.02,0.04,-0.05,40,40,40,40,40,10,0
10.76,4.8480846,-7.8136887,0.014060308,0.0058448656,-4.8480846,7.8136887,-0.014060308,-0.0058448656,0.0040860579,0.0040860579,OK,0,13091.073,1699.429,0.036570524,0.30607129,15,1.5,0.02,0.04,-0.05,40,40,40,40,40,10,0
10.765,4.8090742,-7.802241,0.014087112,0.0058495784,-4.8090742,7.802241,-0.014087112,-0.0058495784,0.0041728971,0.0041728971,OK,0,13091.189,1699.7333,0.036571516,0.30607146,15,1.5,0.02,0.04,-0.05,40,40,40,40,40,10,0
10.77,4.7701244,-7.782804,0.014110372,0.0040009404,-4.7701244,7.782804,-0.014110372,-0.0040009404,0.0017473194,0.0017473194,OK,0,13091.303,1700.0362,0.036572512,0.30607154,15,1.5,0.02,0.04,-0.05,40,40,40,40,40,10,0
10.775,4.7312149,-7.7734272,0.014136753,0.0048040831,-4.7312149,7.7734272,-0.014136753,-0.0048040831,0.002944633,0.002944633,OK,0,13091.414,1700.3383,0.036573511,0.30607166,15,1.5,0.02,0.04,-0.05,40,40,40,40,40,10,0
10.78,4.6923511,-7.7771201,0.014164824,0.0071514243,-4.6923511,7.7771201,-0.014164824,-0.0071514243,0.005961707,0.005961707,OK,0,13091.525,1700.6408,0.036574514,0.30607192,15,1.5,0.02,0.04,-0.05,40,40,40,40,40,10,0
10.785,4.6535664,-7.7540826,0.014187911,0.0043798082,-4.6535664,7.7540826,-0.014187911,-0.0043798082,0.0022963988,0.0022963988,OK,0,13091.633,1700.9414,0.036575521,0.30607201,15,1.5,0.02,0.04,-0.05,40,40,40,40,40,10,0
10.79,4.6148089,-7.744497,0.014214291,0.0049590808,-4.6148089,7.744497,-0.014214291,-0.0049590808,0.0031692851,0.0031692851,OK,0,13091.739,1701.2413,0.036576531,0.30607213,15,1.5,0.02,0.04,-0.05,40,40,40,40,40,10,0
10.795,4.5760835,-7.7382208,0.014245653,0.0062255687,-4.5760835,7.7382208,-0.014245653,-0.0062255687,0.005015985,0.005015985,OK,0,13091.844,1701.5407,0.036577546,0.30607233,15,1.5,0.02,0.04,-0.05,40,40,40,40,40,10,0
10.8,4.5374224,-7.7329336,0.014274988,0.0063771349,-4.5374224,7.7329336,-0.014274988,-0.0063771349,0.0051216313,0.0051216313,OK,0,13091.947,1701.8397,0.036578565,0.30607253,15,1.5,0.02,0.04,-0.05,40,40,40,40,40,10,0
10.805,4.498813,-7.7154332,0.014302726,0.0050239158,-4.498813,7.7154332,-0.014302726,-0.0050239158,0.0034356918,0.0034356918,OK,0,13092.048,1702.1373,0.036579587,0.30607266,15,1.5,0.02,0.04,-0.05,40,40,40,40,40,10,0
10.81,4.4602386,-7.706808,0.014333414,0.0057374361,-4.4602386,7.706808,-0.014333414,-0.0057374361,0.0045398199,0.0045398199,OK,0,13092.148,1702.4343,0.036580615,0.30607282,15,1.5,0.02,0.04,-0.05,40,40,40,40,40,10,0
10.815,4.4217089,-7.7102042,0.014364936,0.0075477879,-4.4217089,7.7102042,-0.014364936,-0.0075477879,0.0068217365,0.0068217365,OK,0,13092.245,1702.7315,0.036581646,0.30607311,15,1.5,0.02,0.04,-0.05,40,40,40,40,40,10,0
10.82,4.3832505,-7.6889745,0.014391155,0.0050038687,-4.3832505,7.6889745,-0.014391155,-0.0050038687,0.0034791619,0.0034791619,OK,0,13092.341,1703.0271,0.036582682,0.30607323,15,1.5,0.02,0.04,-0.05,40,40,40,40,40,10,0
10.825,4.3448794,-7.6658621,0.014408097,0.0025870586,-4.3448794,7.6658621,-0.014408097,-0.0025870586,0.00026514007,0.00026514007,OK,0,13092.436,1703.3209,0.03658372,0.30607327,15,1.5,0.02,0.04,-0.05,40,40,40,40,40,10,0
10.83,4.3065301,-7.6657136,0.014433304,0.0059213178,-4.3065301,7.6657136,-0.014433304,-0.0059213178,0.0048835882,0.0048835882,OK,0,13092.529,1703.6148,0.036584761,0.30607344,15,1.5,0.02,0.04,-0.05,40,40,40,40,40,10,0
10.835,4.2682278,-7.6619405,0.014462125,0.0064432304,-4.2682278,7.6619405,-0.014462125,-0.0064432304,0.0054836602,0.0054836602,OK,0,13092.62,1703.9083,0.036585807,0.30607365,15,1.5,0.02,0.04,-0.05,40,40,40,40,40,10,0
10.84,4.2299696,-7.6453194,0.014491211,0.0052708539,-4.2299696,7.6453194,-0.014491211,-0.0052708539,0.0040610674,0.0040610674,OK,0,13092.709,1704.2005,0.036586857,0.30607379,15,1.5,0.02,0.04,-0.05,40,40,40,40,40,10,0
10.845,4.1917453,-7.6369085,0.014522155,0.0057742443,-4.1917453,7.6369085,-0.014522155,-0.0057742443,0.0048522606,0.0048522606,OK,0,13092.797,1704.4921,0.036587912,0.30607395,15,1.5,0.02,0.04,-0.05,40,40,40,40,40,10,0
10.85,4.1535659,-7.6400129,0.014553843,0.0075045139,-4.1535659,7.6400129,-0.014553843,-0.0075045139,0.0070352209,0.0070352209,OK,0,13092.883,1704.784,0.036588971,0.30607424,15,1.5,0.02,0.04,-0.05,40,40,40,40,40,10,0
10.855,4.1154668,-7.6167992,0.014579557,0.0048261821,-4.1154668,7.6167992,-0.014579557,-0.0048261821,0.0035700018,0.0035700018,OK,0,13092.968,1705.0741,0.036590034,0.30607435,15,1.5,0.02,0.04,-0.05,40,40,40,40,40,10,0
10.86,4.0774023,-7.6049029,0.014607041,0.0050640378,-4.0774023,7.6049029,-0.014607041,-0.0050640378,0.0040535974,0.0040535974,OK,0,13093.051,1705.3632,0.0365911,0.30607448,15,1.5,0.02,0.04,-0.05,40,40,40,40,40,10,0
10.865,4.0393782,-7.5978652,0.014637814,0.005946805,-4.0393782,7.5978652,-0.014637814,-0.005946805,0.0053603662,0.0053603662,OK,0,13093.133,1705.6519,0.036592172,0.30607466,15,1.5,0.02,0.04,-0.05,40,40,40,40,40,10,0
10.87,4.0014214,-7.5917929,0.014665212,0.0059786477,-4.0014214,7.5917929,-0.014665212,-0.0059786477,0.0053028588,0.0053028588,OK,0,13093.213,1705.9401,0.036593247,0.30607484,15,1.5,0.02,0.04,-0.05,40,40,40,40,40,10,0
10.875,3.9635056,-7.5760682,0.01469216,0.0049359291,-3.9635056,7.5760682,-0.01469216,-0.0049359291,0.0040136711,0.0040136711,OK,0,13093.291,1706.227,0.036594326,0.30607496,15,1.5,0.02,0.04,-0.05,40,40,40,40,40,10,0
10.88,3.9256354,-7.5649767,0.01472058,0.0048514161,-3.9256354,7.5649767,-0.01472058,-0.0048514161,0.0039994595,0.0039994595,OK,0,13093.368,1706.5132,0.03659541,0.30607508,15,1.5,0.02,0.04,-0.05,40,40,40,40,40,10,0
10.885,3.8878187,-7.5666632,0.014747564,0.0066554103,-3.8878187,7.5666632,-0.014747564,-0.0066554103,0.0062864248,0.0062864248,OK,0,13093.444,1706.7995,0.036596497,0.3060753,15,1.5,0.02,0.04,-0.05,40,40,40,40,40,10,0
10.89,3.8500912,-7.5416739,0.014767037,0.0035159382,-3.8500912,7.5416739,-0.014767037,-0.0035159382,0.0021143278,0.0021143278,OK,0,13093.518,1707.0838,0.036597588,0.30607536,15,1.5,0.02,0.04,-0.05,40,40,40,40,40,10,0
10.895,3.8123949,-7.5310415,0.014790192,0.0043765626,-3.8123949,7.5310415,-0.014790192,-0.0043765626,0.0034239581,0.0034239581,OK,0,13093.591,1707.3674,0.036598681,0.30607545,15,1.5,0.02,0.04,-0.05,40,40,40,40,40,10,0
10.9,3.7747417,-7.5272048,0.014816793,0.0052412956,-3.7747417,7.5272048,-0.014816793,-0.0052412956,0.0045204721,0.0045204721,OK,0,13093.662,1707.6507,0.036599779,0.30607559,15,1.5,0.02,0.04,-0.05,40,40,40,40,40,10,0
10.905,3.7371648,-7.5148006,0.014839722,0.0050529151,-3.7371648,7.5148006,-0.014839722,-0.0050529151,0.0043264663,0.0043264663,OK,0,13093.732,1707.9331,0.03660088,0.30607572,15,1.5,0.02,0.04,-0.05,40,40,40,40,40,10,0
10.91,3.6996418,-7.4963379,0.014860935,0.0034901952,-3.6996418,7.4963379,-0.014860935,-0.0034901952,0.0022886352,0.0022886352,OK,0,13093.8,1708.2141,0.036601984,0.30607578,15,1.5,0.02,0.04,-0.05,40,40,40,40,40,10,0
10.915,3.6621473,-7.493147,0.014887667,0.0059557998,-3.6621473,7.493147,-0.014887667,-0.0059557998,0.0057657712,0.0057657712,OK,0,13093.867,1708.4948,0.036603093,0.30607596,15,1.5,0.02,0.04,-0.05,40,40,40,40,40,10,0
10.92,3.6247119,-7.4877102,0.014915064,0.0060400057,-3.6247119,7.4877102,-0.014915064,-0.0060400057,0.0057718013,0.0057718013,OK,0,13093.933,1708.7751,0.036604205,0.30607614,15,1.5,0.02,0.04,-0.05,40,40,40,40,40,10,0
10.925,3.5873258,-7.4704471,0.014941111,0.0044516748,-3.5873258,7.4704471,-0.014941111,-0.0044516748,0.0037228033,0.0037228033,OK,0,13093.997,1709.0542,0.036605321,0.30607624,15,1.5,0.02,0.04,-0.05,40,40,40,40,40,10,0
10.93,3.5499833,-7.4588594,0.014968002,0.0047303216,-3.5499833,7.4588594,-0.014968002,-0.0047303216,0.0042607995,0.0042607995,OK,0,13094.06,1709.3323,0.036606441,0.30607635,15,1.5,0.02,0.04,-0.05,40,40,40,40,40,10,0
10.935,3.5127003,-7.4597187,0.014994311,0.0063935372,-3.5127003,7.4597187,-0.014994311,-0.0063935372,0.0063702378,0.0063702378,OK,0,13094.122,1709.6106,0.036607565,0.30607656,15,1.5,0.02,0.04,-0.05,40,40,40,40,40,10,0
10.94,3.4754927,-7.4361082,0.015014441,0.0036001769,-3.4754927,7.4361082,-0.015014441,-0.0036001769,0.0026824018,0.0026824018,OK,0,13094.182,1709.887,0.036608693,0.30607662,15,1.5,0.02,0.04,-0.05,40,40,40,40,40,10,0
10.945,3.4383042,-7.4317514,0.015041773,0.0056911374,-3.4383042,7.4317514,-0.015041773,-0.0056911374,0.0056593286,0.0056593286,OK,0,13094.241,1710.1632,0.036609824,0.30607678,15,1.5,0.02,0.04,-0.05,40,40,40,40,40,10,0
10.95,3.4011672,-7.4250552,0.015070652,0.0059688668,-3.4011672,7.4250552,-0.015070652,-0.0059688668,0.0060342114,0.0060342114,OK,0,13094.299,1710.4389,0.03661096,0.30607696,15,1.5,0.02,0.04,-0.05,40,40,40,40,40,10,0
10.955,3.3640952,-7.4124977,0.015095287,0.0051396891,-3.3640952,7.4124977,-0.015095287,-0.0051396891,0.0049208361,0.0049208361,OK,0,13094.356,1710.7136,0.036612099,0.30607709,15,1.5,0.02,0.04,-0.05,40,40,40,40,40,10,0
10.96,3.327055,-7.4019427,0.015123618,0.0055323481,-3.327055,7.4019427,-0.015123618,-0.0055323481,0.0056161761,0.0056161761,OK,0,13094.411,1710.9875,0.036613242,0.30607725,15,1.5,0.02,0.04,-0.05,40,40,40,40,40,10,0
10.965,3.2900645,-7.3924034,0.015152262,0.0054909347,-3.2900645,7.3924034,-0.015152262,-0.0054909347,0.0056254808,0.0056254808,OK,0,13094.465,1711.2608,0.03661439,0.3060774,15,1.5,0.02,0.04,-0.05,40,40,40,40,40,10,0
10.97,3.2531222,-7.3887155,0.015180931,0.0063866273,-3.2531222,7.3887155,-0.015180931,-0.0063866273,0.0068077279,0.0068077279,OK,0,13094.518,1711.5337,0.036615543,0.3060776,15,1.5,0.02,0.04,-0.05,40,40,40,40,40,10,0
10.975,3.2162163,-7.3762156,0.01521145,0.0057372663,-3.2162163,7.3762156,-0.01521145,-0.0057372663,0.0060533543,0.0060533543,OK,0,13094.57,1711.8058,0.0366167,0.30607777,15,1.5,0.02,0.04,-0.05,40,40,40,40,40,10,0
10.98,3.1793672,-7.3647112,0.015239453,0.005303345,-3.1793672,7.3647112,-0.015239453,-0.005303345,0.0055457094,0.0055457094,OK,0,13094.621,1712.077,0.036617861,0.30607791,15,1.5,0.02,0.04,-0.05,40,40,40,40,40,10,0
10.985,3.1425472,-7.3646897,0.015271551,0.0074064256,-3.1425472,7.3646897,-0.015271551,-0.0074064256,0.0084462657,0.0084462657,OK,0,13094.67,1712.3482,0.036619027,0.30607818,15,1.5,0.02,0.04,-0.05,40,40,40,40,40,10,0
10.99,3.1057748,-7.3491194,0.015302744,0.0056555935,-3.1057748,7.3491194,-0.015302744,-0.0056555935,0.0061752691,0.0061752691,OK,0,13094.718,1712.6182,0.036620198,0.30607834,15,1.5,0.02,0.04,-0.05,40,40,40,40,40,10,0
10.995,3.0690503,-7.3432982,0.015331765,0.0061537303,-3.0690503,7.3432982,-0.015331765,-0.0061537303,0.0068561443,0.0068561443,OK,0,13094.765,1712.8878,0.036621373,0.30607853,15,1.5,0.02,0.04,-0.05,40,40,40,40,40,10,0
11,3.0323587,-7.3352916,0.015364029,0.0065482577,-3.0323587,7.3352916,-0.015364029,-0.0065482577,0.0075183254,0.0075183254,OK,0,13094.811,1713.1569,0.036622553,0.30607874,15,1.5,0.02,0.04,-0.05,40,40,40,40,40,10,0
11.005,2.9957293,-7.3193727,0.015391495,0.0048256561,-2.9957293,7.3193727,-0.015391495,-0.0048256561,0.0052505862,0.0052505862,OK,0,13094.856,1713.4247,0.036623738,0.30607886,15,1.5,0.02,0.04,-0.05,40,40,40,40,40,10,0
11.01,2.9591315,-7.3169634,0.015421267,0.006589081,-2.9591315,7.3169634,-0.015421267,-0.006589081,0.0077067157,0.0077067157,OK,0,13094.9,1713.6924,0.036624927,0.30607908,15,1.5,0.02,0.04,-0.05,40,40,40,40,40,10,0
11.015,2.9225761,-7.3101188,0.015452386,0.006608531,-2.9225761,7.3101188,-0.015452386,-0.006608531,0.0077453609,0.0077453609,OK,0,13094.943,1713.9596,0.036626121,0.3060793,15,1.5,0.02,0.04,-0.05,40,40,40,40,40,10,0
11.02,2.8860709,-7.2953059,0.015481548,0.0051978544,-2.8860709,7.2953059,-0.015481548,-0.0051978544,0.0059291833,0.0059291833,OK,0,13094.984,1714.2257,0.036627319,0.30607943,15,1.5,0.02,0.04,-0.05,40,40,40,40,40,10,0
11.025,2.8496153,-7.2878082,0.015508858,0.0054956742,-2.8496153,7.2878082,-0.015508858,-0.0054956742,0.0063563659,0.0063563659,OK,0,13095.025,1714.4913,0.036628522,0.30607958,15,1.5,0.02,0.04,-0.05,40,40,40,40,40,10,0
11.03,2.8131875,-7.2885805,0.01553937,0.0070412227,-2.8131875,7.2885805,-0.01553937,-0.0070412227,0.0083729136,0.0083729136,OK,0,13095.064,1714.7569,0.036629729,0.30607983,15,1.5,0.02,0.04,-0.05,40,40,40,40,40,10,0
11.035,2.7768436,-7.2647934,0.01556214,0.004048576,-2.7768436,7.2647934,-0.01556214,-0.004048576,0.0044500962,0.0044500962,OK,0,13095.103,1715.0208,0.03663094,0.30607991,15,1.5,0.02,0.04,-0.05,40,40,40,40,40,10,0
11.04,2.7405425,-7.2504094,0.01558411,0.0036246812,-2.7405425,7.2504094,-0.01558411,-0.0036246812,0.0039931414,0.0039931414,OK,0,13095.14,1715.2836,0.036632154,0.30607998,15,1.5,0.02,0.04,-0.05,40,40,40,40,40,10,0
11.045,2.7042885,-7.2555062,0.015607891,0.0063128746,-2.7042885,7.2555062,-0.015607891,-0.0063128746,0.0074531987,0.0074531987,OK,0,13095.177,1715.5468,0.036633373,0.30608018,15,1.5,0.02,0.04,-0.05,40,40,40,40,40,10,0
11.05,2.6681067,-7.2326873,0.015627375,0.0034764624,-2.6681067,7.2326873,-0.015627375,-0.0034764624,0.0036799517,0.0036799517,OK,0,13095.213,1715.8084,0.036634594,0.30608024,15,1.5,0.02,0.04,-0.05,40,40,40,40,40,10,0
11.055,2.631972,-7.2173691,0.015646849,0.0031572146,-2.631972,7.2173691,-0.015646849,-0.0031572146,0.0033832395,0.0033832395,OK,0,13095.247,1716.0688,0.036635818,0.30608029,15,1.5,0.02,0.04,-0.05,40,40,40,40,40,10,0
11.06,2.5958773,-7.2245578,0.01567003,0.0064887298,-2.5958773,7.2245578,-0.01567003,-0.0064887298,0.0077187822,0.0077187822,OK,0,13095.281,1716.3298,0.036637045,0.3060805,15,1.5,0.02,0.04,-0.05,40,40,40,40,40,10,0
11.065,2.5598507,-7.201815,0.01569119,0.0038544044,-2.5598507,7.201815,-0.01569119,-0.0038544044,0.0042738686,0.0042738686,OK,0,13095.314,1716.5891,0.036638277,0.30608057,15,1.5,0.02,0.04,-0.05,40,40,40,40,40,10,0
11.07,2.5238567,-7.190209,0.015714515,0.0042875535,-2.5238567,7.190209,-0.015714515,-0.0042875535,0.0050178213,0.0050178213,OK,0,13095.346,1716.8476,0.036639511,0.30608066,15,1.5,0.02,0.04,-0.05,40,40,40,40,40,10,0
11.075,2.4879029,-7.1955448,0.015741159,0.0067546353,-2.4879029,7.1955448,-0.015741159,-0.0067546353,0.008185597,0.008185597,OK,0,13095.377,1717.1065,0.03664075,0.30608089,15,1.5,0.02,0.04,-0.05,40,40,40,40,40,10,0
11.08,2.4520214,-7.1727335,0.015763762,0.0040836731,-2.4520214,7.1727335,-0.015763762,-0.0040836731,0.0047130198,0.0047130198,OK,0,13095.407,1717.3638,0.036641993,0.30608097,15,1.5,0.02,0.04,-0.05,40,40,40,40,40,10,0
11.085,2.4161864,-7.1575421,0.015785179,0.0034594746,-2.4161864,7.1575421,-0.015785179,-0.0034594746,0.0039889433,0.0039889433,OK,0,13095.436,1717.6199,0.036643239,0.30608103,15,1.5,0.02,0.04,-0.05,40,40,40,40,40,10,0
11.09,2.3803917,-7.1644859,0.015809374,0.0065567396,-2.3803917,7.1644859,-0.015809374,-0.0065567396,0.0080041114,0.0080041114,OK,0,13095.464,1717.8766,0.036644488,0.30608125,15,1.5,0.02,0.04,-0.05,40,40,40,40,40,10,0
11.095,2.3446627,-7.1423354,0.015831124,0.0040329165,-2.3446627,7.1423354,-0.015831124,-0.0040329165,0.0047160696,0.0047160696,OK,0,13095.492,1718.1316,0.036645741,0.30608133,15,1.5,0.02,0.04,-0.05,40,40,40,40,40,10,0
11.1,2.3089811,-7.126773,0.015852621,0.003392247,-2.3089811,7.126773,-0.015852621,-0.003392247,0.0039863837,0.0039863837,OK,0,13095.518,1718.3856,0.036646998,0.30608139,15,1.5,0.02,0.04,-0.05,40,40,40,40,40,10,0
11.105,2.2733515,-7.1223301,0.015874003,0.0043990445,-2.2733515,7.1223301,-0.015874003,-0.0043990445,0.0052824325,0.0052824325,OK,0,13095.544,1718.6392,0.036648258,0.30608149,15,1.5,0.02,0.04,-0.05,40,40,40,40,40,10,0
11.11,2.2378123,-7.105845,0.015890201,0.0034309632,-2.2378123,7.105845,-0.015890201,-0.0034309632,0.0040219048,0.0040219048,OK,0,13095.569,1718.8917,0.03664952,0.30608154,15,1.5,0.02,0.04,-0.05,40,40,40,40,40,10,0
11.115,2.2023076,-7.0920278,0.015910104,0.0031953228,-2.2023076,7.0920278,-0.015910104,-0.0031953228,0.0038095755,0.0038095755,OK,0,13095.593,1719.1432,0.036650786,0.3060816,15,1.5,0.02,0.04,-0.05,40,40,40,40,40,10,0
11.12,2.1668406,-7.0988572,0.015933457,0.0065299727,-2.1668406,7.0988572,-0.015933457,-0.0065299727,0.0081793399,0.0081793399,OK,0,13095.617,1719.3951,0.036652055,0.30608181,15,1.5,0.02,0.04,-0.05,40,40,40,40,40,10,0
11.125,2.1314465,-7.0747315,0.015953692,0.0035301914,-2.1314465,7.0747315,-0.015953692,-0.0035301914,0.00424033,0.00424033,OK,0,13095.64,1719.6454,0.036653328,0.30608187,15,1.5,0.02,0.04,-0.05,40,40,40,40,40,10,0
11.13,2.0960644,-7.0698254,0.015980077,0.0054594536,-2.0960644,7.0698254,-0.015980077,-0.0054594536,0.0070186074,0.0070186074,OK,0,13095.662,1719.8953,0.036654605,0.30608202,15,1.5,0.02,0.04,-0.05,40,40,40,40,40,10,0
11.135,2.0607261,-7.070706,0.01600849,0.0066576524,-2.0607261,7.070706,-0.01600849,-0.0066576524,0.0085001093,0.0085001093,OK,0,13095.683,1720.1453,0.036655886,0.30608224,15,1.5,0.02,0.04,-0.05,40,40,40,40,40,10,0
11.14,2.025481,-7.044195,0.016027624,0.0031304736,-2.025481,7.044195,-0.016027624,-0.0031304736,0.0038518962,0.0038518962,OK,0,13095.703,1720.3934,0.03665717,0.30608229,15,1.5,0.02,0.04,-0.05,40,40,40,40,40,10,0
11.145,1.9902544,-7.0381051,0.016052237,0.0050035719,-1.9902544,7.0381051,-0.016052237,-0.0050035719,0.0065698011,0.0065698011,OK,0,13095.723,1720.6411,0.036658459,0.30608242,15,1.5,0.02,0.04,-0.05,40,40,40,40,40,10,0
11.15,1.9550776,-7.0380091,0.01607829,0.006178066,-1.9550776,7.0380091,-0.01607829,-0.006178066,0.00802264,0.00802264,OK,0,13095.742,1720.8887,0.036659751,0.30608261,15,1.5,0.02,0.04,-0.05,40,40,40,40,40,10,0
11.155,1.9199987,-7.0104637,0.016093799,0.0023663686,-1.9199987,7.0104637,-0.016093799,-0.0023663686,0.0029379688,0.0029379688,OK,0,13095.761,1721.1345,0.036661046,0.30608263,15,1.5,0.02,0.04,-0.05,40,40,40,40,40,10,0
11.16,1.8849334,-7.006772,0.01611569,0.0046786512,-1.8849334,7.006772,-0.01611569,-0.0046786512,0.0061811124,0.0061811124,OK,0,13095.778,1721.3799,0.036662345,0.30608274,15,1.5,0.02,0.04,-0.05,40,40,40,40,40,10,0
11.165,1.8499168,-7.0054382,0.016139562,0.0057606588,-1.8499168,7.0054382,-0.016139562,-0.0057606588,0.0075152205,0.0075152205,OK,0,13095.796,1721.6253,0.036663647,0.30608291,15,1.5,0.02,0.04,-0.05,40,40,40,40,40,10,0
11.17,1.8149444,-6.9872031,0.016165701,0.0044303864,-1.8149444,6.9872031,-0.016165701,-0.0044303864,0.0059418574,0.0059418574,OK,0,13095.812,1721.8694,0.036664954,0.30608301,15,1.5,0.02,0.04,-0.05,40,40,40,40,40,10,0
11.175,1.7800139,-6.976742,0.016191977,0.0047848975,-1.7800139,6.976742,-0.016191977,-0.0047848975,0.0065875939,0.0065875939,OK,0,13095.828,1722.1128,0.036666265,0.30608312,15,1.5,0.02,0.04,-0.05,40,40,40,40,40,10,0
11.18,1.7451554,-6.9726229,0.01621441,0.0051517914,-1.7451554,6.9726229,-0.01621441,-0.0051517914,0.0069420225,0.0069420225,OK,0,13095.843,1722.3559,0.03666758,0.30608326,15,1.5,0.02,0.04,-0.05,40,40,40,40,40,10,0
11.185,1.7103493,-6.9533515,0.016235576,0.0033437221,-1.7103493,6.9533515,-0.016235576,-0.0033437221,0.0046221572,0.0046221572,OK,0,13095.858,1722.5976,0.036668898,0.30608331,15,1.5,0.02,0.04,-0.05,40,40,40,40,40,10,0
11.19,1.6755716,-6.950204,0.016260962,0.0055895817,-1.6755716,6.950204,-0.016260962,-0.0055895817,0.0078020691,0.0078020691,OK,0,13095.872,1722.8392,0.03667022,0.30608347,15,1.5,0.02,0.04,-0.05,40,40,40,40,40,10,0
11.195,1.6408618,-6.9409278,0.016283811,0.00472751,-1.6408618,6.9409278,-0.016283811,-0.00472751,0.0065285494,0.0065285494,OK,0,13095.885,1723.08,0.036671545,0.30608358,15,1.5,0.02,0.04,-0.05,40,40,40,40,40,10,0
11.2,1.6062265,-6.9179279,0.016300586,0.0022709636,-1.6062265,6.9179279,-0.016300586,-0.0022709636,0.0033226534,0.0033226534,OK,0,13095.898,1723.3193,0.036672874,0.3060836,15,1.5,0.02,0.04,-0.05,40,40,40,40,40,10,0
11.205,1.5716252,-6.9190509,0.016320955,0.0048427814,-1.5716252,6.9190509,-0.016320955,-0.0048427814,0.0067489637,0.0067489637,OK,0,13095.91,1723.5587,0.036674206,0.30608372,15,1.5,0.02,0.04,-0.05,40,40,40,40,40,10,0
11.21,1.5370937,-6.9046633,0.016340518,0.0040699327,-1.5370937,6.9046633,-0.016340518,-0.0040699327,0.0057680123,0.0057680123,OK,0,13095.922,1723.7971,0.036675541,0.3060838,15,1.5,0.02,0.04,-0.05,40,40,40,40,40,10,0
11.215,1.5025961,-6.8902568,0.016362443,0.0036318982,-1.5025961,6.8902568,-0.016362443,-0.0036318982,0.005326138,0.005326138,OK,0,13095.934,1724.0344,0.03667688,0.30608387,15,1.5,0.02,0.04,-0.05,40,40,40,40,40,10,0
11.22,1.468141,-6.8957268,0.016386555,0.0062461054,-1.468141,6.8957268,-0.016386555,-0.0062461054,0.0087012353,0.0087012353,OK,0,13095.944,1724.2722,0.036678222,0.30608407,15,1.5,0.02,0.04,-0.05,40,40,40,40,40,10,0
11.225,1.4337608,-6.8717306,0.016405693,0.0032867389,-1.4337608,6.8717306,-0.016405693,-0.0032867389,0.0048214915,0.0048214915,OK,0,13095.955,1724.5083,0.036679568,0.30608412,15,1.5,0.02,0.04,-0.05,40,40,40,40,40,10,0
11.23,1.3993976,-6.8651233,0.01643014,0.0048899359,-1.3993976,6.8651233,-0.01643014,-0.0048899359,0.0071700221,0.0071700221,OK,0,13095.964,1724.744,0.036680918,0.30608424,15,1.5,0.02,0.04,-0.05,40,40,40,40,40,10,0
11.235,1.3650874,-6.864382,0.016455183,0.0058731132,-1.3650874,6.864382,-0.016455183,-0.0058731132,0.008363889,0.008363889,OK,0,13095.974,1724.9796,0.036682271,0.30608441,15,1.5,0.02,0.04,-0.05,40,40,40,40,40,10,0
11.24,1.3308516,-6.8408505,0.016474222,0.0028989134,-1.3308516,6.8408505,-0.016474222,-0.0028989134,0.0044447158,0.0044447158,OK,0,13095.983,1725.2135,0.036683628,0.30608445,15,1.5,0.02,0.04,-0.05,40,40,40,40,40,10,0
11.245,1.2966536,-6.8301036,0.016494716,0.0036644769,-1.2966536,6.8301036,-0.016494716,-0.0036644769,0.005646381,0.005646381,OK,0,13095.991,1725.4468,0.036684989,0.30608452,15,1.5,0.02,0.04,-0.05,40,40,40,40,40,10,0
11.25,1.2625252,-6.8269626,0.016513688,0.004689817,-1.2625252,6.8269626,-0.016513688,-0.004689817,0.0069120529,0.0069120529,OK,0,13095.999,1725.6798,0.036686352,0.30608463,15,1.5,0.02,0.04,-0.05,40,40,40,40,40,10,0
11.255,1.228452,-6.8063448,0.016531814,0.002634375,-1.228452,6.8063448,-0.016531814,-0.002634375,0.0042440164,0.0042440164,OK,0,13096.006,1725.9115,0.036687719,0.30608467,15,1.5,0.02,0.04,-0.05,40,40,40,40,40,10,0
11.26,1.1944119,-6.80228,0.016553393,0.0046615265,-1.1944119,6.80228,-0.016553393,-0.0046615265,0.0070902282,0.0070902282,OK,0,13096.014,1726.1428,0.036689089,0.30608477,15,1.5,0.02,0.04,-0.05,40,40,40,40,40,10,0
11.265,1.1604436,-6.7921257,0.016572016,0.0039053607,-1.1604436,6.7921257,-0.016572016,-0.0039053607,0.0059621214,0.0059621214,OK,0,13096.02,1726.3735,0.036690462,0.30608485,15,1.5,0.02,0.04,-0.05,40,40,40,40,40,10,0
11.27,1.1265081,-6.7777164,0.016594441,0.0037749924,-1.1265081,6.7777164,-0.016594441,-0.0037749924,0.0060006032,0.0060006032,OK,0,13096.027,1726.6032,0.036691839,0.30608492,15,1.5,0.02,0.04,-0.05,40,40,40,40,40,10,0
11.275,1.0926175,-6.7825733,0.016618211,0.0062346694,-1.0926175,6.7825733,-0.016618211,-0.0062346694,0.0091745914,0.0091745914,OK,0,13096.033,1726.8332,0.03669322,0.30608512,15,1.5,0.02,0.04,-0.05,40,40,40,40,40,10,0
11.28,1.0588032,-6.7581249,0.016636508,0.0029477704,-1.0588032,6.7581249,-0.016636508,-0.0029477704,0.0048203475,0.0048203475,OK,0,13096.038,1727.0615,0.036694604,0.30608516,15,1.5,0.02,0.04,-0.05,40,40,40,40,40,10,0
11.285,1.0250367,-6.7429599,0.01665377,0.002673559,-1.0250367,6.7429599,-0.01665377,-0.002673559,0.0045992308,0.0045992308,OK,0,13096.044,1727.2889,0.03669599,0.3060852,15,1.5,0.02,0.04,-0.05,40,40,40,40,40,10,0
11.29,0.99133019,-6.744496,0.016671237,0.0049526077,-0.99133019,6.744496,-0.016671237,-0.0049526077,0.0075442301,0.0075442301,OK,0,13096.048,1727.5163,0.03669738,0.30608532,15,1.5,0.02,0.04,-0.05,40,40,40,40,40,10,0
11.295,0.9576603,-6.7265035,0.016693328,0.0035299447,-0.9576603,6.7265035,-0.016693328,-0.0035299447,0.0057879091,0.0057879091,OK,0,13096.053,1727.7426,0.036698773,0.30608538,15,1.5,0.02,0.04,-0.05,40,40,40,40,40,10,0
11.3,0.92403939,-6.7134911,0.016714206,0.0033954932,-0.92403939,6.7134911,-0.016714206,-0.0033954932,0.0057474767,0.0057474767,OK,0,13096.057,1727.9679,0.03670017,0.30608544,15,1.5,0.02,0.04,-0.05,40,40,40,40,40,10,0
11.305,0.89050332,-6.707175,0.016729727,0.0037328661,-0.89050332,6.707175,-0.016729727,-0.0037328661,0.0060682664,0.0060682664,OK,0,13096.061,1728.1928,0.03670157,0.30608551,15,1.5,0.02,0.04,-0.05,40,40,40,40,40,10,0
11.31,0.85698616,-6.6948605,0.016753,0.004031738,-0.85698616,6.6948605,-0.016753,-0.004031738,0.0066879126,0.0066879126,OK,0,13096.065,1728.4169,0.036702973,0.30608559,15,1.5,0.02,0.04,-0.05,40,40,40,40,40,10,0
11.315,0.82350989,-6.6996507,0.016777537,0.0063287868,-0.82350989,6.6996507,-0.016777537,-0.0063287868,0.0096403981,0.0096403981,OK,0,13096.068,1728.6414,0.03670438,0.30608579,15,1.5,0.02,0.04,-0.05,40,40,40,40,40,10,0
11.32,0.79011487,-6.6741292,0.016796507,0.0030407595,-0.79011487,6.6741292,-0.016796507,-0.0030407595,0.0053458709,0.0053458709,OK,0,13096.071,1728.8641,0.036705791,0.30608584,15,1.5,0.02,0.04,-0.05,40,40,40,40,40,10,0
11.325,0.75674029,-6.6673897,0.016819354,0.0043677085,-0.75674029,6.6673897,-0.016819354,-0.0043677085,0.0072810941,0.0072810941,OK,0,13096.074,1729.0864,0.036707205,0.30608593,15,1.5,0.02,0.04,-0.05,40,40,40,40,40,10,0
11.33,0.72342526,-6.6641358,0.016840513,0.0048994625,-0.72342526,6.6641358,-0.016840513,-0.0048994625,0.0078599689,0.0078599689,OK,0,13096.077,1729.3084,0.036708623,0.30608605,15,1.5,0.02,0.04,-0.05,40,40,40,40,40,10,0
11.335,0.69016356,-6.6442111,0.016861423,0.0031568021,-0.69016356,6.6442111,-0.016861423,-0.0031568021,0.0056913748,0.0056913748,OK,0,13096.079,1729.5291,0.036710045,0.3060861,15,1.5,0.02,0.04,-0.05,40,40,40,40,40,10,0
11.34,0.65695726,-6.6298304,0.016880111,0.0028358722,-0.65695726,6.6298304,-0.016880111,-0.0028358722,0.0054014086,0.0054014086,OK,0,13096.081,1729.7489,0.03671147,0.30608614,15,1.5,0.02,0.04,-0.05,40,40,40,40,40,10,0
11.345,0.62384253,-6.6224492,0.016892766,0.0031299826,-0.62384253,6.6224492,-0.016892766,-0.0031299826,0.0056653437,0.0056653437,OK,0,13096.083,1729.9682,0.036712897,0.30608619,15,1.5,0.02,0.04,-0.05,40,40,40,40,40,10,0
11.35,0.5907113,-6.6209164,0.016920171,0.0059325049,-0.5907113,6.6209164,-0.016920171,-0.0059325049,0.0096788928,0.0096788928,OK,0,13096.085,1730.1874,0.036714328,0.30608637,15,1.5,0.02,0.04,-0.05,40,40,40,40,40,10,0
11.355,0.55762388,-6.619414,0.016948076,0.0062203142,-0.55762388,6.619414,-0.016948076,-0.0062203142,0.0099275347,0.0099275347,OK,0,13096.087,1730.4065,0.036715764,0.30608656,15,1.5,0.02,0.04,-0.05,40,40,40,40,40,10,0
11.36,0.52464187,-6.5901612,0.016962915,0.0019540966,-0.52464187,6.5901612,-0.016962915,-0.0019540966,0.0042612568,0.0042612568,OK,0,13096.088,1730.6236,0.036717203,0.30608658,15,1.5,0.02,0.04,-0.05,40,40,40,40,40,10,0
11.365,0.49169467,-6.5806116,0.016980283,0.003024971,-0.49169467,6.5806116,-0.016980283,-0.003024971,0.0058511253,0.0058511253,OK,0,13096.089,1730.8401,0.036718645,0.30608662,15,1.5,0.02,0.04,-0.05,40,40,40,40,40,10,0
11.37,0.45881709,-6.5763635,0.016995366,0.0039075852,-0.45881709,6.5763635,-0.016995366,-0.0039075852,0.0069136671,0.0069136671,OK,0,13096.09,1731.0564,0.036720089,0.3060867,15,1.5,0.02,0.04,-0.05,40,40,40,40,40,10,0
11.375,0.42595191,-6.5647448,0.017019478,0.0042881601,-0.42595191,6.5647448,-0.017019478,-0.0042881601,0.0076536526,0.0076536526,OK,0,13096.091,1731.2719,0.036721537,0.30608679,15,1.5,0.02,0.04,-0.05,40,40,40,40,40,10,0
11.38,0.39313687,-6.5592396,0.017042891,0.0045209032,-0.39313687,6.5592396,-0.017042891,-0.0045209032,0.0079178725,0.0079178725,OK,0,13096.092,1731.487,0.036722989,0.30608689,15,1.5,0.02,0.04,-0.05,40,40,40,40,40,10,0
11.385,0.36041833,-6.5399698,0.017056726,0.0024260895,-0.36041833,6.5399698,-0.017056726,-0.0024260895,0.0050996001,0.0050996001,OK,0,13096.093,1731.7008,0.036724444,0.30608692,15,1.5,0.02,0.04,-0.05,40,40,40,40,40,10,0
11.39,0.32771447,-6.5329569,0.017077554,0.0040247585,-0.32771447,6.5329569,-0.017077554,-0.0040247585,0.0074364633,0.0074364633,OK,0,13096.093,1731.9142,0.036725902,0.30608701,15,1.5,0.02,0.04,-0.05,40,40,40,40,40,10,0
11.395,0.29507373,-6.5290932,0.01709686,0.0045469491,-0.29507373,6.5290932,-0.01709686,-0.0045469491,0.0080110626,0.0080110626,OK,0,13096.094,1732.1274,0.036727364,0.30608711,15,1.5,0.02,0.04,-0.05,40,40,40,40,40,10,0
11.4,0.26249035,-6.5079398,0.017114057,0.0023417115,-0.26249035,6.5079398,-0.017114057,-0.0023417115,0.005155643,0.005155643,OK,0,13096.094,1732.3391,0.036728828,0.30608714,15,1.5,0.02,0.04,-0.05,40,40,40,40,40,10,0
11.405,0.22994996,-6.5006046,0.017132689,0.0037219384,-0.22994996,6.5006046,-0.017132689,-0.0037219384,0.0071480537,0.0071480537,OK,0,13096.094,1732.5504,0.036730296,0.30608721,15,1.5,0.02,0.04,-0.05,40,40,40,40,40,10,0
11.41,0.19749706,-6.487972,0.017145158,0.0026380796,-0.19749706,6.487972,-0.017145158,-0.0026380796,0.0055655534,0.0055655534,OK,0,13096.094,1732.7609,0.036731766,0.30608724,15,1.5,0.02,0.04,-0.05,40,40,40,40,40,10,0
11.415,0.16507797,-6.473589,0.017161787,0.0025144842,-0.16507797,6.473589,-0.017161787,-0.0025144842,0.0055565308,0.0055565308,OK,0,13096.095,1732.9704,0.036733238,0.30608727,15,1.5,0.02,0.04,-0.05,40,40,40,40,40,10,0
11.42,0.13272175,-6.4738679,0.017177457,0.0044334554,-0.13272175,6.4738679,-0.017177457,-0.0044334554,0.0080117607,0.0080117607,OK,0,13096.095,1733.18,0.036734714,0.30608737,15,1.5,0.02,0.04,-0.05,40,40,40,40,40,10,0
11.425,0.10040785,-6.4546362,0.017195746,0.0025899994,-0.10040785,6.4546362,-0.017195746,-0.0025899994,0.0056438914,0.0056438914,OK,0,13096.095,1733.3883,0.036736192,0.3060874,15,1.5,0.02,0.04,-0.05,40,40,40,40,40,10,0
11.43,0.068133129,-6.4473876,0.017215641,0.0040038914,-0.068133129,6.4473876,-0.017215641,-0.0040038914,0.0077076112,0.0077076112,OK,0,13096.095,1733.5962,0.036737674,0.30608748,15,1.5,0.02,0.04,-0.05,40,40,40,40,40,10,0
11.435,0.035947887,-6.4342117,0.01722905,0.0026552406,-0.035947887,6.4342117,-0.01722905,-0.0026552406,0.0057690951,0.0057690951,OK,0,13096.095,1733.8031,0.036739158,0.30608752,15,1.5,0.02,0.04,-0.05,40,40,40,40,40,10,0
11.44,0.0037967966,-6.4203102,0.017245975,0.002601617,-0.0037967966,6.4203102,-0.017245975,-0.002601617,0.005855575,0.005855575,OK,0,13096.095,1734.0092,0.036740645,0.30608755,15,1.5,0.02,0.04,-0.05,40,40,40,40,40,10,0
11.445,-0.028292573,-6.420352,0.017261831,0.0044093354,0.028292573,6.420352,-0.017261831,-0.0044093354,0.008161535,0.008161535,OK,0,13096.095,1734.2154,0.036742135,0.30608765,15,1.5,0.02,0.04,-0.05,40,40,40,40,40,10,0
11.45,-0.060336538,-6.4003758,0.017279954,0.0025862755,0.060336538,6.4003758,-0.017279954,-0.0025862755,0.0058569641,0.0058569641,OK,0,13096.095,1734.4202,0.036743628,0.30608768,15,1.5,0.02,0.04,-0.05,40,40,40,40,40,10,0
11.455,-0.092346873,-6.4007836,0.01730046,0.0046246251,0.092346873,6.4007836,-0.01730046,-0.0046246251,0.0085655505,0.0085655505,OK,0,13096.095,1734.625,0.036745125,0.30608779,15,1.5,0.02,0.04,-0.05,40,40,40,40,40,10,0
11.46,-0.12427853,-6.3828964,0.017315878,0.0028650173,0.12427853,6.3828964,-0.017315878,-0.0028650173,0.0062342688,0.0062342688,OK,0,13096.095,1734.8287,0.036746624,0.30608783,15,1.5,0.02,0.04,-0.05,40,40,40,40,40,10,0
11.465,-0.15615528,-6.3640768,0.017330202,0.001544304,0.15615528,6.3640768,-0.017330202,-0.001544304,0.0045833084,0.0045833084,OK,0,13096.095,1735.0312,0.036748126,0.30608784,15,1.5,0.02,0.04,-0.05,40,40,40,40,40,10,0
11.47,-0.18796575,-6.3648782,0.017342591,0.0039504716,0.18796575,6.3648782,-0.017342591,-0.0039504716,0.0077101261,0.0077101261,OK,0,13096.095,1735.2338,0.036749629,0.30608792,15,1.5,0.02,0.04,-0.05,40,40,40,40,40,10,0
11.475,-0.21972904,-6.3437845,0.017357603,0.0019313713,0.21972904,6.3437845,-0.017357603,-0.0019313713,0.005115147,0.005115147,OK,0,13096.095,1735.435,0.036751136,0.30608794,15,1.5,0.02,0.04,-0.05,40,40,40,40,40,10,0
11.48,-0.25146377,-6.35326,0.017376745,0.0059302911,0.25146377,6.35326,-0.017376745,-0.0059302911,0.010386932,0.010386932,OK,0,13096.096,1735.6368,0.036752646,0.30608812,15,1.5,0.02,0.04,-0.05,40,40,40,40,40,10,0
11.485,-0.28312981,-6.3279284,0.01739377,0.0025618669,0.28312981,6.3279284,-0.01739377,-0.0025618669,0.0059696152,0.0059696152,OK,0,13096.096,1735.8371,0.036754158,0.30608815,15,1.5,0.02,0.04,-0.05,40,40,40,40,40,10,0
11.49,-0.31476515,-6.3179569,0.017412816,0.003364282,0.31476515,6.3179569,-0.017412816,-0.003364282,0.0072250923,0.0072250923,OK,0,13096.097,1736.0366,0.036755674,0.30608821,15,1.5,0.02,0.04,-0.05,40,40,40,40,40,10,0
11.495,-0.34632601,-6.3123892,0.017428328,0.00375963,0.34632601,6.3123892,-0.017428328,-0.00375963,0.0076422806,0.0076422806,OK,0,13096.097,1736.2359,0.036757193,0.30608828,15,1.5,0.02,0.04,-0.05,40,40,40,40,40,10,0
11.5,-0.37783385,-6.2916126,0.017443312,0.0018577539,0.37783385,6.2916126,-0.017443312,-0.0018577539,0.0052151261,0.0052151261,OK,0,13096.098,1736.4338,0.036758714,0.30608829,15,1.5,0.02,0.04,-0.05,40,40,40,40,40,10,0
11.505,-0.40929953,-6.2983346,0.017460354,0.0052767149,0.40929953,6.2983346,-0.017460354,-0.0052767149,0.0097010145,0.0097010145,OK,0,13096.099,1736.6321,0.036760239,0.30608843,15,1.5,0.02,0.04,-0.05,40,40,40,40,40,10,0
11.51,-0.44068171,-6.2702379,0.017471819,0.0013798671,0.44068171,6.2702379,-0.017471819,-0.0013798671,0.0045239288,0.0045239288,OK,0,13096.1,1736.8287,0.036761765,0.30608844,15,1.5,0.02,0.04,-0.05,40,40,40,40,40,10,0
11.515,-0.47203434,-6.2617648,0.017486845,0.0028283744,0.47203434,6.2617648,-0.017486845,-0.0028283744,0.0066339649,0.0066339649,OK,0,13096.101,1737.0248,0.036763294,0.30608848,15,1.5,0.02,0.04,-0.05,40,40,40,40,40,10,0
11.52,-0.50330575,-6.2533483,0.017498386,0.0028149581,0.50330575,6.2533483,-0.017498386,-0.0028149581,0.0064981818,0.0064981818,OK,0,13096.102,1737.2203,0.036764825,0.30608852,15,1.5,0.02,0.04,-0.05,40,40,40,40,40,10,0
11.525,-0.53455898,-6.2413998,0.017517325,0.003166037,0.53455898,6.2413998,-0.017517325,-0.003166037,0.0071617604,0.0071617604,OK,0,13096.104,1737.4151,0.036766359,0.30608857,15,1.5,0.02,0.04,-0.05,40,40,40,40,40,10,0
11.53,-0.56575233,-6.2406598,0.017534699,0.0045383558,0.56575233,6.2406598,-0.017534699,-0.0045383558,0.0088865754,0.0088865754,OK,0,13096.105,1737.6098,0.036767897,0.30608867,15,1.5,0.02,0.04,-0.05,40,40,40,40,40,10,0
11.535,-0.59689823,-6.2205389,0.017552997,0.0024726184,0.59689823,6.2205389,-0.017552997,-0.0024726184,0.0062443611,0.0062443611,OK,0,13096.107,1737.8033,0.036769437,0.30608871,15,1.5,0.02,0.04,-0.05,40,40,40,40,40,10,0
11.54,-0.62799725,-6.2112312,0.017570786,0.0033401575,0.62799725,6.2112312,-0.017570786,-0.0033401575,0.0075628261,0.0075628261,OK,0,13096.109,1737.9962,0.036770981,0.30608876,15,1.5,0.02,0.04,-0.05,40,40,40,40,40,10,0
11.545,-0.65899673,-6.1964388,0.017580569,0.0018462475,0.65899673,6.1964388,-0.017580569,-0.0018462475,0.0054404202,0.0054404202,OK,0,13096.111,1738.1881,0.036772526,0.30608878,15,1.5,0.02,0.04,-0.05,40,40,40,40,40,10,0
11.55,-0.68998721,-6.1910438,0.017598924,0.0037821293,0.68998721,6.1910438,-0.017598924,-0.0037821293,0.0082155499,0.0082155499,OK,0,13096.113,1738.3798,0.036774075,0.30608885,15,1.5,0.02,0.04,-0.05,40,40,40,40,40,10,0
11.555,-0.72090849,-6.1836078,0.017614444,0.0034870129,0.72090849,6.1836078,-0.017614444,-0.0034870129,0.007684697,0.007684697,OK,0,13096.116,1738.571,0.036775626,0.30608891,15,1.5,0.02,0.04,-0.05,40,40,40,40,40,10,0
11.56,-0.75180316,-6.1692407,0.017634766,0.0031554708,0.75180316,6.1692407,-0.017634766,-0.0031554708,0.0074490007,0.0074490007,OK,0,13096.119,1738.7613,0.036777181,0.30608896,15,1.5,0.02,0.04,-0.05,40,40,40,40,40,10,0
11.565,-0.78264067,-6.1705074,0.017653904,0.0049647413,0.78264067,6.1705074,-0.017653904,-0.0049647413,0.0097825663,0.0097825663,OK,0,13096.122,1738.9516,0.036778739,0.30608908,15,1.5,0.02,0.04,-0.05,40,40,40,40,40,10,0
11.57,-0.81337376,-6.1391414,0.017660649,0.00030652967,0.81337376,6.1391414,-0.017660649,-0.00030652967,0.0035363998,0.0035363998,OK,0,13096.125,1739.1401,0.036780299,0.30608908,15,1.5,0.02,0.04,-0.05,40,40,40,40,40,10,0
11.575,-0.84408359,-6.1369103,0.017673801,0.003254287,0.84408359,6.1369103,-0.017673801,-0.003254287,0.007630359,0.007630359,OK,0,13096.129,1739.3284,0.036781861,0.30608914,15,1.5,0.02,0.04,-0.05,40,40,40,40,40,10,0
11.58,-0.87471535,-6.123203,0.017683581,0.0019622055,0.87471535,6.123203,-0.017683581,-0.0019622055,0.0057745988,0.0057745988,OK,0,13096.133,1739.5159,0.036783424,0.30608916,15,1.5,0.02,0.04,-0.05,40,40,40,40,40,10,0
11.585,-0.90533164,-6.1146294,0.017701878,0.0032917253,0.90533164,6.1146294,-0.017701878,-0.0032917253,0.0077739463,0.0077739463,OK,0,13096.137,1739.7028,0.036784991,0.30608921,15,1.5,0.02,0.04,-0.05,40,40,40,40,40,10,0
11.59,-0.9358724,-6.1077864,0.017716046,0.0033683588,0.9358724,6.1077864,-0.017716046,-0.0033683588,0.0077643161,0.0077643161,OK,0,13096.141,1739.8893,0.03678656,0.30608927,15,1.5,0.02,0.04,-0.05,40,40,40,40,40,10,0
11.595,-0.96638711,-6.0932415,0.01773518,0.0028683904,0.96638711,6.0932415,-0.01773518,-0.0028683904,0.0072728889,0.0072728889,OK,0,13096.146,1740.075,0.036788133,0.30608931,15,1.5,0.02,0.04,-0.05,40,40,40,40,40,10,0
11.6,-0.99684495,-6.0944988,0.017752876,0.0047697739,0.99684495,6.0944988,-0.017752876,-0.0047697739,0.0097309543,0.0097309543,OK,0,13096.151,1740.2607,0.036789709,0.30608942,15,1.5,0.02,0.04,-0.05,40,40,40,40,40,10,0
11.605,-1.0271962,-6.0625975,0.017758517,-5.7013915e-05,1.0271962,6.0625975,-0.017758517,5.7013915e-05,0.0032444168,0.0032444168,OK,0,13096.156,1740.4445,0.036791286,0.30608942,15,1.5,0.02,0.04,-0.05,40,40,40,40,40,10,0
11.61,-1.0575393,-6.0766267,0.017772428,0.005610885,1.0575393,6.0766267,-0.017772428,-0.005610885,0.010786895,0.010786895,OK,0,13096.162,1740.6291,0.036792865,0.30608958,15,1.5,0.02,0.04,-0.05,40,40,40,40,40,10,0
11.615,-1.0878233,-6.0512961,0.017788448,0.0022778588,1.0878233,6.0512961,-0.017788448,-0.0022778588,0.0064351981,0.0064351981,OK,0,13096.168,1740.8122,0.036794447,0.30608961,15,1.5,0.02,0.04,-0.05,40,40,40,40,40,10,0
11.62,-1.1180713,-6.0395907,0.017805394,0.0026995947,1.1180713,6.0395907,-0.017805394,-0.0026995947,0.007185243,0.007185243,OK,0,13096.174,1740.9946,0.036796032,0.30608964,15,1.5,0.02,0.04,-0.05,40,40,40,40,40,10,0
11.625,-1.1482331,-6.0314236,0.017816612,0.0027018612,1.1482331,6.0314236,-0.017816612,-0.0027018612,0.0070803645,0.0070803645,OK,0,13096.18,1741.1765,0.036797619,0.30608968,15,1.5,0.02,0.04,-0.05,40,40,40,40,40,10,0
11.63,-1.1783749,-6.0188883,0.017834292,0.0027971739,1.1783749,6.0188883,-0.017834292,-0.0027971739,0.0073871178,0.0073871178,OK,0,13096.187,1741.3576,0.03679921,0.30608972,15,1.5,0.02,0.04,-0.05,40,40,40,40,40,10,0
11.635,-1.2084522,-6.017144,0.017849563,0.0040645295,1.2084522,6.017144,-0.017849563,-0.0040645295,0.0089854325,0.0089854325,OK,0,13096.195,1741.5386,0.036800803,0.3060898,15,1.5,0.02,0.04,-0.05,40,40,40,40,40,10,0
11.64,-1.2384702,-5.9937259,0.017863896,0.0014827831,1.2384702,5.9937259,-0.017863896,-0.0014827831,0.0056641707,0.0056641707,OK,0,13096.202,1741.7182,0.036802398,0.30608981,15,1.5,0.02,0.04,-0.05,40,40,40,40,40,10,0
11.645,-1.2684471,-6.0003831,0.01787949,0.0049612437,1.2684471,6.0003831,-0.01787949,-0.0049612437,0.01024995,0.01024995,OK,0,13096.21,1741.8983,0.036803997,0.30608993,15,1.5,0.02,0.04,-0.05,40,40,40,40,40,10,0
11.65,-1.2983363,-5.9709335,0.017888427,0.00073041338,1.2983363,5.9709335,-0.017888427,-0.00073041338,0.0046179561,0.0046179561,OK,0,13096.219,1742.0765,0.036805597,0.30608994,15,1.5,0.02,0.04,-0.05,40,40,40,40,40,10,0
11.655,-1.3282059,-5.9691129,0.017902755,0.0035335631,1.3282059,5.9691129,-0.017902755,-0.0035335631,0.0085130295,0.0085130295,OK,0,13096.228,1742.2547,0.036807199,0.30609,15,1.5,0.02,0.04,-0.05,40,40,40,40,40,10,0
11.66,-1.3579967,-5.9547183,0.017913294,0.0019438285,1.3579967,5.9547183,-0.017913294,-0.0019438285,0.0062664849,0.0062664849,OK,0,13096.237,1742.432,0.036808804,0.30609002,15,1.5,0.02,0.04,-0.05,40,40,40,40,40,10,0
11.665,-1.3877679,-5.9450322,0.01793066,0.003004217,1.3877679,5.9450322,-0.01793066,-0.003004217,0.0079095746,0.0079095746,OK,0,13096.246,1742.6087,0.036810411,0.30609006,15,1.5,0.02,0.04,-0.05,40,40,40,40,40,10,0
11.67,-1.4174571,-5.9369944,0.017942881,0.0028774308,1.4174571,5.9369944,-0.017942881,-0.0028774308,0.0076304405,0.0076304405,OK,0,13096.257,1742.7849,0.036812021,0.3060901,15,1.5,0.02,0.04,-0.05,40,40,40,40,40,10,0
11.675,-1.4471133,-5.9207601,0.017959405,0.0021351424,1.4471133,5.9207601,-0.017959405,-0.0021351424,0.0068211197,0.0068211197,OK,0,13096.267,1742.9602,0.036813634,0.30609013,15,1.5,0.02,0.04,-0.05,40,40,40,40,40,10,0
11.68,-1.4767029,-5.9198299,0.017972481,0.0038212138,1.4767029,5.9198299,-0.017972481,-0.0038212138,0.0089917754,0.0089917754,OK,0,13096.278,1743.1354,0.036815249,0.3060902,15,1.5,0.02,0.04,-0.05,40,40,40,40,40,10,0
11.685,-1.5062336,-5.8960454,0.017985128,0.0011262806,1.5062336,5.8960454,-0.017985128,-0.0011262806,0.0054998445,0.0054998445,OK,0,13096.289,1743.3092,0.036816866,0.30609021,15,1.5,0.02,0.04,-0.05,40,40,40,40,40,10,0
11.69,-1.5357203,-5.9020537,0.017998615,0.0045689196,1.5357203,5.9020537,-0.017998615,-0.0045689196,0.010036052,0.010036052,OK,0,13096.301,1743.4834,0.036818486,0.30609031,15,1.5,0.02,0.04,-0.05,40,40,40,40,40,10,0
11.695,-1.5651163,-5.8719816,0.018004936,0.00011655171,1.5651163,5.8719816,-0.018004936,-0.00011655171,0.0040672752,0.0040672752,OK,0,13096.313,1743.6558,0.036820107,0.30609031,15,1.5,0.02,0.04,-0.05,40,40,40,40,40,10,0
11.7,-1.5944955,-5.8752483,0.01801764,0.0038416714,1.5944955,5.8752483,-0.01801764,-0.0038416714,0.0091272665,0.0091272665,OK,0,13096.326,1743.8284,0.03682173,0.30609038,15,1.5,0.02,0.04,-0.05,40,40,40,40,40,10,0
11.705,-1.6237909,-5.8545226,0.018027844,0.0015045035,1.6237909,5.8545226,-0.018027844,-0.0015045035,0.0060176957,0.0060176957,OK,0,13096.339,1743.9998,0.036823355,0.3060904,15,1.5,0.02,0.04,-0.05,40,40,40,40,40,10,0
11.71,-1.6530828,-5.8543242,0.018046649,0.0045991537,1.6530828,5.8543242,-0.018046649,-0.0045991537,0.01036384,0.01036384,OK,0,13096.353,1744.1711,0.036824983,0.3060905,15,1.5,0.02,0.04,-0.05,40,40,40,40,40,10,0
11.715,-1.6822997,-5.8398557,0.018060814,0.0025197659,1.6822997,5.8398557,-0.018060814,-0.0025197659,0.0074516319,0.0074516319,OK,0,13096.367,1744.3417,0.036826614,0.30609053,15,1.5,0.02,0.04,-0.05,40,40,40,40,40,10,0
11.72,-1.7114973,-5.8305745,0.018080457,0.0034330924,1.7114973,5.8305745,-0.018080457,-0.0034330924,0.0089035672,0.0089035672,OK,0,13096.382,1744.5116,0.036828249,0.30609059,15,1.5,0.02,0.04,-0.05,40,40,40,40,40,10,0
11.725,-1.7406149,-5.8226909,0.018094535,0.0031416456,1.7406149,5.8226909,-0.018094535,-0.0031416456,0.0084105594,0.0084105594,OK,0,13096.397,1744.6812,0.036829886,0.30609064,15,1.5,0.02,0.04,-0.05,40,40,40,40,40,10,0
11.73,-1.7696999,-5.806381,0.018111397,0.0022253615,1.7696999,5.806381,-0.018111397,-0.0022253615,0.0073597563,0.0073597563,OK,0,13096.412,1744.8497,0.036831526,0.30609067,15,1.5,0.02,0.04,-0.05,40,40,40,40,40,10,0
11.735,-1.7987161,-5.8050053,0.018124721,0.0037489319,1.7987161,5.8050053,-0.018124721,-0.0037489319,0.0093196727,0.0093196727,OK,0,13096.429,1745.0182,0.036833168,0.30609074,15,1.5,0.02,0.04,-0.05,40,40,40,40,40,10,0
11.74,-1.8276884,-5.7843138,0.018139624,0.0016837135,1.8276884,5.7843138,-0.018139624,-0.0016837135,0.0066936079,0.0066936079,OK,0,13096.445,1745.1855,0.036834814,0.30609075,15,1.5,0.02,0.04,-0.05,40,40,40,40,40,10,0
11.745,-1.8566102,-5.7881374,0.018154046,0.0044217832,1.8566102,5.7881374,-0.018154046,-0.0044217832,0.01028566,0.01028566,OK,0,13096.463,1745.353,0.036836461,0.30609085,15,1.5,0.02,0.04,-0.05,40,40,40,40,40,10,0
11.75,-1.8854944,-5.7677933,0.018172007,0.0023519442,1.8854944,5.7677933,-0.018172007,-0.0023519442,0.0076863984,0.0076863984,OK,0,13096.48,1745.5194,0.036838113,0.30609088,15,1.5,0.02,0.04,-0.05,40,40,40,40,40,10,0
11.755,-1.9143243,-5.7568226,0.018187855,0.0025963755,1.9143243,5.7568226,-0.018187855,-0.0025963755,0.0081530046,0.0081530046,OK,0,13096.499,1745.6851,0.036839767,0.30609091,15,1.5,0.02,0.04,-0.05,40,40,40,40,40,10,0
11.76,-1.9430404,-5.737944,0.018191567,0.00023733344,1.9430404,5.737944,-0.018191567,-0.00023733344,0.0048509399,0.0048509399,OK,0,13096.518,1745.8497,0.036841421,0.30609091,15,1.5,0.02,0.04,-0.05,40,40,40,40,40,10,0
11.765,-1.9717513,-5.7423778,0.018204948,0.0039739745,1.9717513,5.7423778,-0.018204948,-0.0039739745,0.009905046,0.009905046,OK,0,13096.537,1746.0146,0.036843078,0.30609099,15,1.5,0.02,0.04,-0.05,40,40,40,40,40,10,0
11.77,-2.0003846,-5.7219046,0.018215153,0.0015326744,2.0003846,5.7219046,-0.018215153,-0.0015326744,0.0066424364,0.0066424364,OK,0,13096.557,1746.1783,0.036844737,0.306091,15,1.5,0.02,0.04,-0.05,40,40,40,40,40,10,0
11.775,-2.0289952,-5.7136975,0.018230358,0.002738892,2.0289952,5.7136975,-0.018230358,-0.002738892,0.0084358962,0.0084358962,OK,0,13096.578,1746.3415,0.036846399,0.30609104,15,1.5,0.02,0.04,-0.05,40,40,40,40,40,10,0
11.78,-2.057516,-5.7014969,0.018238615,0.0016774159,2.057516,5.7014969,-0.018238615,-0.0016774159,0.006885159,0.006885159,OK,0,13096.599,1746.504,0.036848062,0.30609105,15,1.5,0.02,0.04,-0.05,40,40,40,40,40,10,0
11.785,-2.0860352,-5.6969711,0.018256799,0.00386764,2.0860352,5.6969711,-0.018256799,-0.00386764,0.010053888,0.010053888,OK,0,13096.62,1746.6663,0.036849729,0.30609113,15,1.5,0.02,0.04,-0.05,40,40,40,40,40,10,0
11.79,-2.1144772,-5.6862582,0.018270038,0.0026670897,2.1144772,5.6862582,-0.018270038,-0.0026670897,0.0083113282,0.0083113282,OK,0,13096.643,1746.828,0.036851398,0.30609116,15,1.5,0.02,0.04,-0.05,40,40,40,40,40,10,0
11.795,-2.1428725,-5.6674368,0.018283362,0.0012116641,2.1428725,5.6674368,-0.018283362,-0.0012116641,0.0065130092,0.0065130092,OK,0,13096.666,1746.9886,0.036853069,0.30609117,15,1.5,0.02,0.04,-0.05,40,40,40,40,40,10,0
11.8,-2.1711897,-5.6644733,0.018291292,0.0026702879,2.1711897,5.6644733,-0.018291292,-0.0026702879,0.0083720884,0.0083720884,OK,0,13096.689,1747.149,0.036854742,0.30609121,15,1.5,0.02,0.04,-0.05,40,40,40,40,40,10,0
11.805,-2.1994852,-5.6486424,0.018307228,0.002061343,2.1994852,5.6486424,-0.018307228,-0.002061343,0.0077650436,0.0077650436,OK,0,13096.714,1747.3085,0.036856418,0.30609123,15,1.5,0.02,0.04,-0.05,40,40,40,40,40,10,0
11.81,-2.2277112,-5.6466751,0.018319368,0.0034204183,2.2277112,5.6466751,-0.018319368,-0.0034204183,0.00949992,0.00949992,OK,0,13096.738,1747.468,0.036858096,0.30609129,15,1.5,0.02,0.04,-0.05,40,40,40,40,40,10,0
11.815,-2.2558743,-5.6218773,0.01832881,0.00027583432,2.2558743,5.6218773,-0.01832881,-0.00027583432,0.0053533193,0.0053533193,OK,0,13096.764,1747.626,0.036859776,0.30609129,15,1.5,0.02,0.04,-0.05,40,40,40,40,40,10,0
11.82,-2.2839851,-5.6260737,0.018337748,0.0036185815,2.2839851,5.6260737,-0.018337748,-0.0036185815,0.0097714383,0.0097714383,OK,0,13096.79,1747.7843,0.036861457,0.30609135,15,1.5,0.02,0.04,-0.05,40,40,40,40,40,10,0
11.825,-2.3120539,-5.6038936,0.018350219,0.0010985302,2.3120539,5.6038936,-0.018350219,-0.0010985302,0.0065042562,0.0065042562,OK,0,13096.817,1747.9413,0.036863141,0.30609136,15,1.5,0.02,0.04,-0.05,40,40,40,40,40,10,0
11.83,-2.340077,-5.608674,0.018362776,0.004242065,2.340077,5.608674,-0.018362776,-0.004242065,0.010656236,0.010656236,OK,0,13096.844,1748.0986,0.036864826,0.30609145,15,1.5,0.02,0.04,-0.05,40,40,40,40,40,10,0
11.835,-2.3680606,-5.5872505,0.018379554,0.0019601176,2.3680606,5.5872505,-0.018379554,-0.0019601176,0.0077822478,0.0077822478,OK,0,13096.872,1748.2547,0.036866516,0.30609147,15,1.5,0.02,0.04,-0.05,40,40,40,40,40,10,0
11.84,-2.3960016,-5.5925242,0.018395741,0.0048777583,2.3960016,5.5925242,-0.018395741,-0.0048777583,0.011631745,0.011631745,OK,0,13096.901,1748.411,0.036868208,0.30609159,15,1.5,0.02,0.04,-0.05,40,40,40,40,40,10,0
11.845,-2.4238466,-5.5609102,0.018402316,-4.3890491e-05,2.4238466,5.5609102,-0.018402316,4.3890491e-05,0.005055567,0.005055567,OK,0,13096.93,1748.5657,0.036869901,0.30609159,15,1.5,0.02,0.04,-0.05,40,40,40,40,40,10,0
11.85,-2.4516737,-5.5719929,0.018414624,0.0048157346,2.4516737,5.5719929,-0.018414624,-0.0048157346,0.011529776,0.011529776,OK,0,13096.96,1748.7209,0.036871596,0.3060917,15,1.5,0.02,0.04,-0.05,40,40,40,40,40,10,0
11.855,-2.4794231,-5.5426096,0.018423305,0.00049752317,2.4794231,5.5426096,-0.018423305,-0.00049752317,0.0058030157,0.0058030157,OK,0,13096.991,1748.8745,0.036873293,0.3060917,15,1.5,0.02,0.04,-0.05,40,40,40,40,40,10,0
11.86,-2.5071487,-5.5424964,0.018435717,0.0031154434,2.5071487,5.5424964,-0.018435717,-0.0031154434,0.0093660897,0.0093660897,OK,0,13097.022,1749.0281,0.036874993,0.30609175,15,1.5,0.02,0.04,-0.05,40,40,40,40,40,10,0
11.865,-2.534781,-5.5211383,0.018441702,0.00057252288,2.534781,5.5211383,-0.018441702,-0.00057252288,0.0059431657,0.0059431657,OK,0,13097.054,1749.1805,0.036876693,0.30609175,15,1.5,0.02,0.04,-0.05,40,40,40,40,40,10,0
11.87,-2.5624066,-5.52497,0.018455919,0.0040993626,2.5624066,5.52497,-0.018455919,-0.0040993626,0.010740903,0.010740903,OK,0,13097.087,1749.3331,0.036878396,0.30609184,15,1.5,0.02,0.04,-0.05,40,40,40,40,40,10,0
11.875,-2.5899488,-5.5030755,0.018465618,0.0011963528,2.5899488,5.5030755,-0.018465618,-0.0011963528,0.0068567935,0.0068567935,OK,0,13097.121,1749.4845,0.036880101,0.30609184,15,1.5,0.02,0.04,-0.05,40,40,40,40,40,10,0
11.88,-2.6174787,-5.5004389,0.018481889,0.0038458641,2.6174787,5.5004389,-0.018481889,-0.0038458641,0.010630007,0.010630007,OK,0,13097.155,1749.6358,0.036881809,0.30609192,15,1.5,0.02,0.04,-0.05,40,40,40,40,40,10,0
11.885,-2.6449164,-5.4826235,0.018490743,0.0011273448,2.6449164,5.4826235,-0.018490743,-0.0011273448,0.006848889,0.006848889,OK,0,13097.19,1749.7861,0.036883519,0.30609192,15,1.5,0.02,0.04,-0.05,40,40,40,40,40,10,0
11.89,-2.6723475,-5.4818236,0.018507606,0.0040800221,2.6723475,5.4818236,-0.018507606,-0.0040800221,0.011014227,0.011014227,OK,0,13097.226,1749.9364,0.036885231,0.30609201,15,1.5,0.02,0.04,-0.05,40,40,40,40,40,10,0
11.895,-2.699694,-5.4645908,0.018517636,0.0013853919,2.699694,5.4645908,-0.018517636,-0.0013853919,0.007265121,0.007265121,OK,0,13097.262,1750.0857,0.036886946,0.30609202,15,1.5,0.02,0.04,-0.05,40,40,40,40,40,10,0
11.9,-2.7270071,-5.4522438,0.018530195,0.0016240042,2.7270071,5.4522438,-0.018530195,-0.0016240042,0.0077590428,0.0077590428,OK,0,13097.299,1750.2343,0.036888663,0.30609203,15,1.5,0.02,0.04,-0.05,40,40,40,40,40,10,0
11.905,-2.7542225,-5.4405175,0.018534079,0.00097568285,2.7542225,5.4405175,-0.018534079,-0.00097568285,0.0067695662,0.0067695662,OK,0,13097.337,1750.3823,0.03689038,0.30609204,15,1.5,0.02,0.04,-0.05,40,40,40,40,40,10,0
11.91,-2.7814317,-5.433854,0.018548307,0.0028131951,2.7814317,5.433854,-0.018548307,-0.0028131951,0.0094615996,0.0094615996,OK,0,13097.376,1750.5299,0.0368921,0.30609208,15,1.5,0.02,0.04,-0.05,40,40,40,40,40,10,0
11.915,-2.8085499,-5.4196471,0.0185554,0.001160072,2.8085499,5.4196471,-0.0185554,-0.001160072,0.0071142291,0.0071142291,OK,0,13097.415,1750.6768,0.036893822,0.30609208,15,1.5,0.02,0.04,-0.05,40,40,40,40,40,10,0
11.92,-2.8356488,-5.4126275,0.018569056,0.0025663345,2.8356488,5.4126275,-0.018569056,-0.0025663345,0.0091672599,0.0091672599,OK,0,13097.456,1750.8233,0.036895546,0.30609211,15,1.5,0.02,0.04,-0.05,40,40,40,40,40,10,0
11.925,-2.8626623,-5.3991751,0.018575728,0.0012089547,2.8626623,5.3991751,-0.018575728,-0.0012089547,0.0072291009,0.0072291009,OK,0,13097.497,1750.969,0.036897271,0.30609212,15,1.5,0.02,0.04,-0.05,40,40,40,40,40,10,0
11.93,-2.8896146,-5.383689,0.018580675,0.00060433262,2.8896146,5.383689,-0.018580675,-0.00060433262,0.0064767715,0.0064767715,OK,0,13097.538,1751.114,0.036898997,0.30609212,15,1.5,0.02,0.04,-0.05,40,40,40,40,40,10,0
11.935,-2.9165188,-5.3802831,0.018588361,0.002422713,2.9165188,5.3802831,-0.018588361,-0.002422713,0.0089177782,0.0089177782,OK,0,13097.581,1751.2587,0.036900725,0.30609215,15,1.5,0.02,0.04,-0.05,40,40,40,40,40,10,0
11.94,-2.9434014,-5.3700243,0.018603695,0.0026007678,2.9434014,5.3700243,-0.018603695,-0.0026007678,0.0092875747,0.0092875747,OK,0,13097.624,1751.4029,0.036902456,0.30609219,15,1.5,0.02,0.04,-0.05,40,40,40,40,40,10,0
11.945,-2.970215,-5.3599254,0.018614748,0.0022644154,2.970215,5.3599254,-0.018614748,-0.0022644154,0.0088165326,0.0088165326,OK,0,13097.668,1751.5465,0.036904188,0.30609221,15,1.5,0.02,0.04,-0.05,40,40,40,40,40,10,0
11.95,-2.9969831,-5.3465793,0.018626646,0.0017833804,2.9969831,5.3465793,-0.018626646,-0.0017833804,0.0082719295,0.0082719295,OK,0,13097.713,1751.6895,0.036905923,0.30609223,15,1.5,0.02,0.04,-0.05,40,40,40,40,40,10,0
11.955,-3.0236814,-5.3388745,0.018634301,0.0020642561,3.0236814,5.3388745,-0.018634301,-0.0020642561,0.0085822941,0.0085822941,OK,0,13097.759,1751.832,0.036907659,0.30609225,15,1.5,0.02,0.04,-0.05,40,40,40,40,40,10,0
11.96,-3.0503566,-5.3299689,0.018648648,0.0026826311,3.0503566,5.3299689,-0.018648648,-0.0026826311,0.0095477708,0.0095477708,OK,0,13097.805,1751.974,0.036909398,0.30609229,15,1.5,0.02,0.04,-0.05,40,40,40,40,40,10,0
11.965,-3.0769665,-5.318056,0.018658906,0.0022310453,3.0769665,5.318056,-0.018658906,-0.0022310453,0.0089685897,0.0089685897,OK,0,13097.853,1752.1154,0.036911139,0.30609231,15,1.5,0.02,0.04,-0.05,40,40,40,40,40,10,0
11.97,-3.1035108,-5.3044158,0.018666182,0.0012527126,3.1035108,5.3044158,-0.018666182,-0.0012527126,0.0076249561,0.0076249561,OK,0,13097.901,1752.2561,0.036912881,0.30609232,15,1.5,0.02,0.04,-0.05,40,40,40,40,40,10,0
11.975,-3.1300212,-5.3020308,0.018677719,0.0032940169,3.1300212,5.3020308,-0.018677719,-0.0032940169,0.010425153,0.010425153,OK,0,13097.95,1752.3967,0.036914625,0.30609237,15,1.5,0.02,0.04,-0.05,40,40,40,40,40,10,0
11.98,-3.1565045,-5.2926592,0.018694169,0.0031270005,3.1565045,5.2926592,-0.018694169,-0.0031270005,0.010266569,0.010266569,OK,0,13098,1752.5367,0.036916373,0.30609242,15,1.5,0.02,0.04,-0.05,40,40,40,40,40,10,0
11.985,-3.1829163,-5.2766191,0.018704852,0.0016102382,3.1829163,5.2766191,-0.018704852,-0.0016102382,0.0082650475,0.0082650475,OK,0,13098.05,1752.6759,0.036918122,0.30609243,15,1.5,0.02,0.04,-0.05,40,40,40,40,40,10,0
11.99,-3.2092713,-5.2686986,0.01871331,0.0020000806,3.2092713,5.2686986,-0.01871331,-0.0020000806,0.0087663966,0.0087663966,OK,0,13098.102,1752.8147,0.036919873,0.30609245,15,1.5,0.02,0.04,-0.05,40,40,40,40,40,10,0
11.995,-3.2355994,-5.2621807,0.018727537,0.0030680343,3.2355994,5.2621807,-0.018727537,-0.0030680343,0.010315887,0.010315887,OK,0,13098.154,1752.9532,0.036921626,0.3060925,15,1.5,0.02,0.04,-0.05,40,40,40,40,40,10,0
12,-3.2618938,-5.2572669,0.018744412,0.0037777488,3.2618938,5.2572669,-0.018744412,-0.0037777488,0.011304255,0.011304255,OK,0,13098.207,1753.0914,0.036923383,0.30609257,15,1.5,0.02,0.04,-0.05,40,40,40,40,40,10,0
12.005,-3.2881092,-5.2364358,0.01875468,0.0010106427,3.2881092,5.2364358,-0.01875468,-0.0010106427,0.0076165514,0.0076165514,OK,0,13098.262,1753.2285,0.036925142,0.30609258,15,1.5,0.02,0.04,-0.05,40,40,40,40,40,10,0
12.01,-3.3142898,-5.2364485,0.018766334,0.0034149851,3.3142898,5.2364485,-0.018766334,-0.0034149851,0.010873744,0.010873744,OK,0,13098.316,1753.3656,0.036926903,0.30609264,15,1.5,0.02,0.04,-0.05,40,40,40,40,40,10,0
12.015,-3.3404152,-5.2197191,0.018777443,0.0016684453,3.3404152,5.2197191,-0.018777443,-0.0016684453,0.0085672408,0.0085672408,OK,0,13098.372,1753.5018,0.036928666,0.30609265,15,1.5,0.02,0.04,-0.05,40,40,40,40,40,10,0
12.02,-3.3665058,-5.2122206,0.018790601,0.002454798,3.3665058,5.2122206,-0.018790601,-0.002454798,0.0097222661,0.0097222661,OK,0,13098.429,1753.6377,0.036930431,0.30609268,15,1.5,0.02,0.04,-0.05,40,40,40,40,40,10,0
12.025,-3.3925125,-5.1954002,0.018796411,0.00054732339,3.3925125,5.1954002,-0.018796411,-0.00054732339,0.0071008943,0.0071008943,OK,0,13098.486,1753.7726,0.036932198,0.30609268,15,1.5,0.02,0.04,-0.05,40,40,40,40,40,10,0
12.03,-3.4184752,-5.187731,0.018804353,0.0016916417,3.4184752,5.187731,-0.018804353,-0.0016916417,0.0087240173,0.0087240173,OK,0,13098.545,1753.9072,0.036933966,0.3060927,15,1.5,0.02,0.04,-0.05,40,40,40,40,40,10,0
12.035,-3.444391,-5.1799449,0.018813932,0.0021629346,3.444391,5.1799449,-0.018813932,-0.0021629346,0.0093677725,0.0093677725,OK,0,13098.604,1754.0413,0.036935735,0.30609272,15,1.5,0.02,0.04,-0.05,40,40,40,40,40,10,0
12.04,-3.4702883,-5.1756815,0.018829683,0.0033119612,3.4702883,5.1756815,-0.018829683,-0.0033119612,0.010980161,0.010980161,OK,0,13098.664,1754.1753,0.036937508,0.30609277,15,1.5,0.02,0.04,-0.05,40,40,40,40,40,10,0
12.045,-3.4960774,-5.1514239,0.018832819,-0.00029868111,3.4960774,5.1514239,-0.018832819,0.00029868111,0.0060657582,0.0060657582,OK,0,13098.726,1754.308,0.036939282,0.30609278,15,1.5,0.02,0.04,-0.05,40,40,40,40,40,10,0
12.05,-3.521852,-5.160029,0.018842941,0.0041148637,3.521852,5.160029,-0.018842941,-0.0041148637,0.011978214,0.011978214,OK,0,13098.788,1754.4411,0.036941057,0.30609286,15,1.5,0.02,0.04,-0.05,40,40,40,40,40,10,0
12.055,-3.5475401,-5.127858,0.018846466,-0.00097584773,3.5475401,5.127858,-0.018846466,0.00097584773,0.0051681002,0.0051681002,OK,0,13098.85,1754.5726,0.036942833,0.30609286,15,1.5,0.02,0.04,-0.05,40,40,40,40,40,10,0
12.06,-3.5731893,-5.1346596,0.018851955,0.003218784,3.5731893,5.1346596,-0.018851955,-0.003218784,0.010757325,0.010757325,OK,0,13098.914,1754.7044,0.03694461,0.30609292,15,1.5,0.02,0.04,-0.05,40,40,40,40,40,10,0
12.065,-3.5987994,-5.1113885,0.018861486,0.00030491753,3.5987994,5.1113885,-0.018861486,-0.00030491753,0.0069481417,0.0069481417,OK,0,13098.979,1754.835,0.036946389,0.30609292,15,1.5,0.02,0.04,-0.05,40,40,40,40,40,10,0
12.07,-3.6243514,-5.1131123,0.018868995,0.0029834855,3.6243514,5.1131123,-0.018868995,-0.0029834855,0.010498628,0.010498628,OK,0,13099.045,1754.9657,0.036948169,0.30609296,15,1.5,0.02,0.04,-0.05,40,40,40,40,40,10,0
12.075,-3.6498418,-5.0862768,0.018875232,-0.00058407138,3.6498418,5.0862768,-0.018875232,0.00058407138,0.005804458,0.005804458,OK,0,13099.111,1755.0951,0.03694995,0.30609296,15,1.5,0.02,0.04,-0.05,40,40,40,40,40,10,0
12.08,-3.675265,-5.0869572,0.018878179,0.0021413317,3.675265,5.0869572,-0.018878179,-0.0021413317,0.0094010933,0.0094010933,OK,0,13099.179,1755.2245,0.036951732,0.30609299,15,1.5,0.02,0.04,-0.05,40,40,40,40,40,10,0
12.085,-3.7006723,-5.0704596,0.018890403,0.0011276134,3.7006723,5.0704596,-0.018890403,-0.0011276134,0.0082156364,0.0082156364,OK,0,13099.247,1755.353,0.036953516,0.30609299,15,1.5,0.02,0.04,-0.05,40,40,40,40,40,10,0
