t_s,theta_rad,dtheta_rad_s,psi_rad,dpsi_rad_s,error_theta,error_dtheta,error_psi,error_dpsi,u_PD_Nm,u_Nm,status_cbf,ISE_theta,ISE_dtheta,ISE_psi,ISE_dpsi
0.005,0.0,0.0,-2.220446049250313e-16,0.0,0.0,0.0,2.220446049250313e-16,0.0,-3.3306690738754696e-15,-3.3306690738754696e-15,-,0.0,0.0,2.465190328815662e-34,0.0
0.01,-5.821546567903082e-17,-1.810146235801879e-14,-2.220446049250313e-16,1.3036928680424785e-15,5.821546567903082e-17,1.810146235801879e-14,2.220446049250313e-16,-1.3036928680424785e-15,1.5860366080974172e-14,1.5860366080974172e-14,-,1.6945202221132078e-35,1.638314697493856e-30,4.930380657631324e-34,8.498075470924116e-33
0.015,1.2197591131032336e-16,6.809617938640573e-14,-2.220446049250313e-16,-4.904383091827757e-15,-1.2197591131032336e-16,-6.809617938640573e-14,2.220446049250313e-16,4.904383091827757e-15,-7.55296128271113e-14,-7.55296128271113e-14,-,9.133581692105143e-35,2.4823762932621592e-29,7.395570986446985e-34,1.2876294302795407e-31
0.02,-1.0540015835073484e-10,-1.0540000752817364e-07,9.325262781620032e-11,9.325253455976421e-08,1.0540015835073484e-10,1.0540000752817364e-07,-9.325262781620032e-11,-9.325253455976421e-08,1.3980745916568087e-06,1.3980745916568087e-06,-,5.554596690189123e-23,5.554580793472014e-17,4.348026297387345e-23,4.3480176009100226e-17
0.025,7.099568644507779e-09,2.471819894258021e-06,-2.4838666686609463e-09,-9.213697287862131e-07,-7.099568644507779e-09,-2.471819894258021e-06,2.4838666686609463e-09,9.213697287862131e-07,-1.3808083551192172e-05,-1.3808083551192172e-05,-,2.5207492065729206e-19,3.060501375618339e-14,3.089144840139801e-20,4.288091061627e-15
0.030000000000000002,-5.800571645032693e-08,-2.3350812987259522e-05,2.3965377911732283e-08,9.431741421539818e-06,5.800571645032693e-08,2.3350812987259522e-05,-2.3965377911732283e-08,-9.431741421539818e-06,0.00014136626550337005,0.00014136626550337005,-,1.7075390625235937e-17,2.756907349586024e-12,2.9025881406621265e-18,4.490768222755768e-13
0.035,6.171589213555322e-07,0.00024063390923877333,-2.4579706189974505e-07,-9.621954631853438e-05,-6.171589213555322e-07,-0.00024063390923877333,2.4579706189974505e-07,9.621954631853438e-05,-0.001442142786164882,-0.001442142786164882,-,1.921501061668856e-15,2.9228029872725704e-10,3.049835663333977e-16,4.67400822909985e-11
0.04,-6.2595574254669915e-06,-0.0024527823108330066,2.507193441329185e-06,0.0009819214151856653,6.2595574254669915e-06,0.0024527823108330066,-2.507193441329185e-06,-0.0009819214151856653,0.014717123100891238,0.014717123100891238,-,1.9783179687526352e-13,3.037298562040376e-08,3.173507832755379e-14,4.867588410292095e-09
0.045,6.393092288230346e-05,0.025033250124291452,-2.5586165703479345e-05,-0.010020206707583223,-6.393092288230346e-05,-0.025033250124291452,2.5586165703479345e-05,0.010020206707583223,-0.15018367085989945,-0.15018367085989945,-,2.0633646299790415e-11,3.163691044547092e-06,3.3049944553570654e-12,5.068903007237708e-07
0.049999999999999996,-0.0006523254546536889,-0.25545357059973406,0.0002610988599314077,0.10225344692832364,0.0006523254546536889,0.25545357059973406,-0.0002610988599314077,-0.10225344692832364,1.532583022393645,1.35,-,2.1482761402454986e-09,0.00032944632470531353,3.4416806774276116e-10,5.278572734434124e-05
0.05499999999999999,0.007478007240925279,2.8838255879221375,-0.00207085213741678,-0.845248954031585,-0.007478007240925279,-2.8838255879221375,0.00207085213741678,0.845248954031585,-12.651821460486946,-1.35,-,2.817512376168999e-07,0.04191169643247761,2.178631094296098e-08,0.003625014698801782
0.05999999999999999,0.010040847767721897,-0.733730415337805,-0.003701894008711223,0.053088338933930196,-0.010040847767721897,0.733730415337805,0.003701894008711223,-0.053088338933930196,0.7265236994822374,0.7265236994822374,-,7.858443570897286e-07,0.04460349804443654,9.03064072016212e-08,0.0036391065574556012
0.06499999999999999,0.012845996289363306,1.1044332622490647,-0.004830516288803082,-0.44356211149821395,-0.012845996289363306,-1.1044332622490647,0.004830516288803082,0.44356211149821395,-6.7032869117087,-1.35,-,1.6109424604214073e-06,0.05070236219824709,2.0697584528358063e-07,0.004622843291239371
0.06999999999999999,0.009053667058268055,-1.9999462414492561,-0.0042021970202465704,0.5052014641507082,-0.009053667058268055,1.9999462414492561,0.0042021970202465704,-0.5052014641507082,7.475352228810271,1.35,-,2.0207868964312483e-06,0.07070128704168215,2.9526814426842645e-07,0.005898985888139469
0.075,0.010809409510442208,1.6119240897740184,-0.004289904714273827,-0.39661874720610624,-0.010809409510442208,-1.6119240897740184,0.004289904714273827,0.39661874720610624,-5.980958920629804,-1.35,-,2.6050035662534412e-06,0.08369278339765114,3.872845565561706e-07,0.006685518041316176
0.08,0.007620529679249696,-1.8803599221700111,-0.003619188699054647,0.5136672592009479,-0.007620529679249696,1.8803599221700111,0.003619188699054647,-0.5136672592009479,7.613418680272169,1.35,-,2.8953659292150687e-06,0.10137155058216721,4.52777190752995e-07,0.008004788307191247
0.085,0.009382969497095802,1.6116732703038021,-0.0037228563077330314,-0.39987446997510157,-0.009382969497095802,-1.6116732703038021,0.0037228563077330314,0.39987446997510157,-6.0213511100565595,-1.35,-,3.33556651213222e-06,0.11435900423322598,5.220754861931332e-07,0.00880428626588059
0.09000000000000001,0.0062054016248231265,-1.8793761807335265,-0.0030664458333955927,0.5107737249877893,-0.0062054016248231265,1.8793761807335265,0.0030664458333955927,-0.5107737249877893,7.578269879766228,1.35,-,3.5281015587590077e-06,0.1320192783767687,5.690909364388792e-07,0.0101087352565701
0.09500000000000001,0.007976373842248596,1.612134208963097,-0.0031835373878551535,-0.40259307259613947,-0.007976373842248596,-1.612134208963097,0.0031835373878551535,0.40259307259613947,-6.054087410626968,-1.35,-,3.846214257115546e-06,0.14501416191531405,6.197654879382374e-07,0.010919141167082102
0.10000000000000002,0.004806719376395652,-1.878954754380045,-0.0025394770828456896,0.5082782600072812,-0.004806719376395652,1.878954754380045,0.0025394770828456896,-0.5082782600072812,7.548694917553987,1.35,-,3.961737012932634e-06,0.16266651676035093,6.520102072097296e-07,0.01221087511506225
0.10500000000000002,0.006584372684687142,1.6122944447483762,-0.002667935461246284,-0.4048972105377517,-0.006584372684687142,-1.6122944447483762,0.002667935461246284,0.4048972105377517,-6.080967926182614,-1.35,-,4.178506831186904e-06,0.1756639836431833,6.875996053366068e-07,0.013030583870568511
0.11000000000000003,0.003420582143610141,-1.8789070477241276,-0.0020342381212278657,0.5061798587040863,-0.003420582143610141,1.8789070477241276,0.0020342381212278657,-0.5061798587040863,7.524742991074139,1.35,-,4.237008742192827e-06,0.19331544211312032,7.082902290058902e-07,0.014311674117356957
0.11500000000000003,0.005203180773426059,1.6121163235989788,-0.0021720900404657477,-0.40680908113989944,-0.005203180773426059,-1.6121163235989788,0.0021720900404657477,0.40680908113989944,-6.102267114002562,-1.35,-,4.372374192997581e-06,0.20631003731719177,7.318801047253428e-07,0.015139142259846404
0.12000000000000004,0.0020432885591166686,-1.8792026701390645,-0.001546847159545555,0.5044648157215569,-0.0020432885591166686,1.8792026701390645,0.001546847159545555,-0.5044648157215569,7.506267206569753,1.35,-,4.393249333676666e-06,0.22396705069448075,7.438437854003136e-07,0.01641156601135133
0.12500000000000003,0.0038285392835774954,1.6115494418605956,-0.0016922540753883002,-0.408348908865168,-0.0038285392835774954,-1.6115494418605956,0.0016922540753883002,0.408348908865168,-6.118233313699789,-1.35,-,4.466537898906146e-06,0.2369525087122867,7.581624046786551e-07,0.017245310168208194
0.13000000000000003,0.0006705788680455035,-1.8798853349528823,-0.0010736283995034877,0.5031151887893113,-0.0006705788680455035,1.8798853349528823,0.0010736283995034877,-0.5031151887893113,7.493052522302781,1.35,-,4.468786278997492e-06,0.25462235307514125,7.639257943797571e-07,0.018510934634160717
0.13500000000000004,0.0024567254336248824,1.61067070885861,-0.0012247615622838655,-0.4095211000267714,-0.0024567254336248824,-1.61067070885861,0.0012247615622838655,0.4095211000267714,-6.128876240641311,-1.35,-,4.498963778278589e-06,0.26759365373701677,7.714259988019973e-07,0.019349472290996404
0.14000000000000004,-0.0007011177131004206,-1.8809065698359584,-0.000610956357585704,0.5021252967888606,0.0007011177131004206,1.8809065698359584,0.000610956357585704,-0.5021252967888606,7.48506893036388,1.35,-,4.501421608516705e-06,0.28528270135927714,7.732923371563692e-07,0.020610121359372912
0.14500000000000005,0.0010840557270660372,1.6094382981463022,-0.0007660463960061941,-0.41033886506748896,-0.0010840557270660372,-1.6094382981463022,0.0007660463960061941,0.41033886506748896,-6.134341543760419,-1.35,-,4.507297492613628e-06,0.29823415953697746,7.762264725605396e-07,0.02145201128029729
0.15000000000000005,-0.00207554557605165,-1.8822874069827125,-0.0001553116261009044,0.5014855223969314,0.00207554557605165,1.8822874069827125,0.0001553116261009044,-0.5014855223969314,7.482224391599761,1.35,-,4.528836939804966e-06,0.315949188949406,7.763470810665501e-07,0.022709449926165907
0.15500000000000005,-0.0002932215236638888,1.6078426477149963,-0.000312623128584473,-0.41080922427235556,0.0002932215236638888,-1.6078426477149963,0.000312623128584473,0.41080922427235556,-6.134682586920747,-1.35,-,4.529266834114665e-06,0.32887497884846184,7.768357471691798e-07,0.02355327101990218
0.16000000000000006,-0.0034564852533141956,-1.884036255687358,0.00029676246882238163,0.5011904364395421,0.0034564852533141956,1.884036255687358,-0.00029676246882238163,-0.5011904364395421,7.484488999101589,1.35,-,4.589003285646558e-06,0.34662294191218407,7.772760869836876e-07,0.024809230287794477
0.16500000000000006,-0.001678827594506771,1.6058920867382651,0.00013895219072830234,-0.41093449819831146,0.001678827594506771,-1.6058920867382651,-0.00013895219072830234,0.41093449819831146,-6.129882501482762,-1.35,-,4.603095596106944e-06,0.359517388883427,7.773726255402285e-07,0.025653566096841968
0.17000000000000007,-0.00484766468070449,-1.8861666384178146,0.0007486978128456446,0.5012369905531735,0.00484766468070449,1.8861666384178146,-0.0007486978128456446,-0.5012369905531735,7.491868086134703,1.35,-,4.720594860389693e-06,0.3773055118228288,7.801753676150277e-07,0.02690975870033598
0.17500000000000007,-0.0030765922057590356,1.6035546497140167,0.0005920971092337455,-0.41071813763539383,0.0030765922057590356,-1.6035546497140167,-0.0005920971092337455,0.41071813763539383,-6.119942578586351,-1.35,-,4.7679219583923795e-06,0.39016244939592604,7.819282625488425e-07,0.02775320564324941
0.18000000000000008,-0.0062529501769666394,-1.8886940036665554,0.0012039113036830021,0.50162481691075,0.0062529501769666394,1.8886940036665554,-0.0012039113036830021,-0.50162481691075,7.5044069251360845,1.35,-,4.963418887970515e-06,0.4079982745933561,7.891752746845211e-07,0.02901134292795313
0.18500000000000008,-0.00449043081307194,1.600812618717106,0.0010502338145454446,-0.41015929331692874,0.00449043081307194,-1.600812618717106,-0.0010502338145454446,0.41015929331692874,-6.10479925739393,-1.35,-,5.064238732405445e-06,0.42081127979457567,7.946902300105945e-07,0.029852496157424344
0.19000000000000009,-0.007676310093698475,-1.8916366546752326,0.0016658372268780574,0.5023561357384174,0.007676310093698475,1.8916366546752326,-0.0016658372268780574,-0.5023561357384174,7.522189808982179,1.35,-,5.358867415678531e-06,0.4387027259611302,8.085652983428584e-07,0.03111430459299452
0.1950000000000001,-0.00592437210407025,1.5976461695189634,0.0015168151817916736,-0.40925443453446675,0.00592437210407025,-1.5976461695189634,-0.0015168151817916736,0.40925443453446675,-6.084348341783909,-1.35,-,5.53435833981596e-06,0.4514650923760233,8.200689398214269e-07,0.03195175055392515
0.2000000000000001,-0.009121841078466794,-1.8950160115422003,0.0021379535262805883,0.503435753506986,0.009121841078466794,1.8950160115422003,-0.0021379535262805883,-0.503435753506986,7.545340411625016,1.35,-,5.950398263119981e-06,0.46942052079602986,8.429231662241049e-07,0.03321898834347088
0.2050000000000001,-0.007382588373466165,1.594032285946195,0.00199535078967858,-0.40799742167803105,0.007382588373466165,-1.594032285946195,-0.00199535078967858,0.40799742167803105,-6.058445721141302,-1.35,-,6.222911318580171e-06,0.48212521543922415,8.628302900934596e-07,0.034051297823950485
0.2100000000000001,-0.010593798934804258,-1.8988567679795532,0.0026238079819474805,0.5048710934636375,0.010593798934804258,1.8988567679795532,-0.0026238079819474805,-0.5048710934636375,7.574022634366791,1.35,-,6.7840541979354706e-06,0.5001535005657329,8.972521317241162e-07,0.035325771929026334
0.2150000000000001,-0.008869426753545876,1.5899446362369154,0.002489433327228486,-0.4063794606571168,0.008869426753545876,-1.5899446362369154,-0.002489433327228486,0.4063794606571168,-6.026906294293728,-1.35,-,7.177387852618047e-06,0.5127931202972257,9.282385231776956e-07,0.03615149325924618
0.2200000000000001,-0.012096630457184836,-1.9031870726656506,0.0031270448769777316,0.5066722456904869,0.012096630457184836,1.9031870726656506,-0.0031270448769777316,-0.5066722456904869,7.608441751840369,1.35,-,7.909030194706507e-06,0.530903725465034,9.77130571490859e-07,0.03743507708201139
0.22500000000000012,-0.010389441705289637,1.5853533811802527,0.003002765572352491,-0.4043890416190901,0.010389441705289637,-1.5853533811802527,-0.003002765572352491,0.4043890416190901,-5.98950265074567,-1.35,-,8.448732689444565e-06,0.5434704521811322,1.0222135769033859e-06,0.03825272956691942
0.23000000000000012,-0.013634996478432537,-1.9080285684704226,0.003651433354581808,0.5088530550413798,0.013634996478432537,1.9080285684704226,-0.003651433354581808,-0.5088530550413798,7.648861354710879,1.35,-,9.378298334278904e-06,0.5616733172716287,1.0888784046181486e-06,0.03954738672504415
0.23500000000000013,-0.011947446565193552,1.580213593811635,0.0035391863854253927,-0.40201299102415367,0.011947446565193552,-1.580213593811635,-0.0035391863854253927,0.40201299102415367,-5.945980695567299,-1.35,-,1.009200573141968e-05,0.5741586922819641,1.151507605972051e-06,0.04035545894980508
0.24000000000000013,-0.015213767712591288,-1.9133503066286561,0.004200899541949137,0.5114358537080806,0.015213767712591288,1.9133503066286561,-0.004200899541949137,-0.5114358537080806,7.69567574190937,1.35,-,1.1249299371483107e-05,0.592463239261344,1.2397453907797934e-06,0.04166329211209564
0.24500000000000013,-0.01354875236375228,1.5744205579720736,0.004102679179158889,-0.3992408098618971,0.01354875236375228,-1.5744205579720736,-0.004102679179158889,0.3992408098618971,-5.896125499176182,-1.35,-,1.2167142824554523e-05,0.6048572397281695,1.3239052730153128e-06,0.042460258233391564
0.2500000000000001,-0.01683847762703003,-1.9193707688709334,0.0047795142001882,0.514421329700816,0.01683847762703003,1.9193707688709334,-0.0047795142001882,-0.514421329700816,7.748951704032562,1.35,-,1.3584814468534471e-05,0.6232771604701505,1.4381240529643155e-06,0.043783404755647334
0.2550000000000001,-0.01519881964729639,1.5679881103322089,0.00469744024952993,-0.396046730677316,0.01519881964729639,-1.5679881103322089,-0.00469744024952993,0.396046730677316,-5.839487546996038,-1.35,-,1.4739835061889687e-05,0.6355700940408663,1.5484537774538348e-06,0.04456766982004829
0.2600000000000001,-0.01851498016510094,-1.9260106179007592,0.005391561225289611,0.5178435072398946,0.01851498016510094,1.9260106179007592,-0.005391561225289611,-0.5178435072398946,7.809265215413144,1.35,-,1.6453857514460095e-05,0.6541176785421986,1.693798439684067e-06,0.04590847931000087
0.2650000000000001,-0.016902688040991626,1.5611243501567895,0.005327970930445512,-0.39238199222041326,0.016902688040991626,-1.5611243501567895,-0.005327970930445512,0.39238199222041326,-5.775263939868021,-1.35,-,1.7882361829515503e-05,0.6663032247254609,1.8357348108624292e-06,0.04667829744909517
0.27000000000000013,-0.020248169759419746,-1.9333685661166187,0.006041701960766798,0.5217223100696661,0.020248169759419746,1.9333685661166187,-0.006041701960766798,-0.5217223100696661,7.876982882343784,1.35,-,1.9932303722546907e-05,0.6849927947877,2.018245623776096e-06,0.048039268293217315
0.27500000000000013,-0.01866714577071884,1.5533462480151747,0.005998898609702591,-0.38826289992715585,0.01866714577071884,-1.5533462480151747,-0.005998898609702591,0.38826289992715585,-5.703639780632325,-1.35,-,2.167461537867324e-05,0.6970572176188141,2.1981795464235547e-06,0.04879300869051654
0.28000000000000014,-0.02204525679185893,-1.9414579018441254,0.006734686489867701,0.5260901389118428,0.02204525679185893,1.9414579018441254,-0.006734686489867701,-0.5260901389118428,7.9526614127171,1.35,-,2.410458211376825e-05,0.7159035115419791,2.4249595570075875e-06,0.05017686286181795
0.28500000000000014,-0.020498434441893768,1.544902780035369,0.006715245254038756,-0.38362870950514877,0.020498434441893768,-1.544902780035369,-0.006715245254038756,0.38362870950514877,-5.6236238455436185,-1.35,-,2.6205511186611335e-05,0.7278371345407841,2.650432151117038e-06,0.05091271779560088
0.29000000000000015,-0.02391265439450771,-1.950351928174917,0.007475705065234193,0.5309775330057385,0.02391265439450771,1.950351928174917,-0.007475705065234193,-0.5309775330057385,8.03683502632531,1.35,-,2.9064586387567184e-05,0.7468564977594623,2.9298629822288788e-06,0.052322403498385184
0.29500000000000015,-0.022403644366797967,1.5356230101295236,0.007482329902692967,-0.3784562223078854,0.022403644366797967,-1.5356230101295236,-0.007482329902692967,0.3784562223078854,-5.534792071649968,-1.35,-,3.157420279213698e-05,0.7586471879056585,3.2097892860925456e-06,0.05303854905940296
0.30000000000000016,-0.025857719869297476,-1.960116641107176,0.008270257533742114,0.5364202185187134,0.025857719869297476,1.960116641107176,-0.008270257533742114,-0.5364202185187134,8.130120499169918,1.35,-,3.4917311176332285e-05,0.777857474139385,3.551775084464637e-06,0.05447728231358128
0.30500000000000016,-0.02439039113985938,1.525443697080639,0.008305845811976817,-0.37270686852288665,0.02439039113985938,-1.525443697080639,-0.008305845811976817,0.37270686852288665,-5.43648208236763,-1.35,-,3.7891767076108944e-05,0.7894923665042003,3.8967104577263016e-06,0.055171834362801965
0.31000000000000016,-0.0278883633337113,-1.970824380060194,0.009124238684867789,0.5424580308282348,0.0278883633337113,1.970824380060194,-0.009124238684867789,-0.5424580308282348,8.23320202056199,1.35,-,4.1780571123274416e-05,0.8089131101893986,4.3129691156184915e-06,0.0566431379388522
0.31500000000000017,-0.026466891493915262,1.5142899282169833,0.009191900690471086,-0.36633828837136106,0.026466891493915262,-1.5142899282169833,-0.009191900690471086,0.36633828837136106,-5.327968692308766,-1.35,-,4.528305285002784e-05,0.8203784801228956,4.735424307135906e-06,0.057314156646486494
0.3200000000000002,-0.03001312613579572,-1.9825545195567187,0.01004397992000686,0.5491351870707997,0.03001312613579572,1.9825545195567187,-0.01004397992000686,-0.5491351870707997,8.346835889425533,1.35,-,4.978699155224377e-05,0.8400310922379695,5.239831970303412e-06,0.05882190391488291
0.3250000000000002,-0.028642342926110363,1.5020589056834752,0.010147030432680886,-0.3593055593235913,0.028642342926110363,-1.5020589056834752,-0.010147030432680886,0.3593055593235913,-5.208482448967032,-1.35,-,5.388891059372829e-05,0.8513119970186847,5.754643103312173e-06,0.059467406339687105
0.3300000000000002,-0.03224153865776428,-1.9953849573923017,0.011036266891903868,0.556501484444883,0.03224153865776428,1.9953849573923017,-0.011036266891903868,-0.556501484444883,8.471868909357646,1.35,-,5.908649466882884e-05,0.8712198026596221,6.363639037858841e-06,0.0610158758506339
0.3350000000000002,-0.03092738024557861,1.4882407336310817,0.011178207867246173,-0.3515984661773283,0.03092738024557861,-1.4882407336310817,-0.011178207867246173,0.3515984661773283,-5.077776155188434,-1.35,-,6.386900891310187e-05,0.882294105065816,6.988400693475663e-06,0.06163398325772515
0.3400000000000002,-0.03458633257646447,-2.0100515091173907,0.012108174844979516,0.5645464923609154,0.03458633257646447,2.0100515091173907,-0.012108174844979516,-0.5645464923609154,8.60823552460302,1.35,-,6.985008091855092e-05,0.9024956404123414,7.721440183858637e-06,0.06322754696791022
0.3450000000000002,-0.03333319139134442,1.473518447615313,0.012292989122345261,-0.34308245586372405,0.03333319139134442,-1.473518447615313,-0.012292989122345261,0.34308245586372405,-4.933704959824029,-1.35,-,7.540558916021091e-05,0.9133519234896547,8.477028091669131e-06,0.06381607482551764
0.3500000000000002,-0.03705587191081014,-2.025442190913135,0.013267885119005295,0.5734515792433992,0.03705587191081014,2.025442190913135,-0.013267885119005295,-0.5734515792433992,8.758800886741373,1.35,-,8.227127737556276e-05,0.9338640038333097,9.357211969324743e-06,0.06546030839420139
0.3550000000000002,-0.035869178686286335,1.4575211328835356,0.013499812212693276,-0.333720696642946,0.035869178686286335,-1.4575211328835356,-0.013499812212693276,0.333720696642946,-4.775597610943572,-1.35,-,8.870426727370645e-05,0.9444858430973202,1.0268436618214657e-05,0.06601715591104065
0.3600000000000002,-0.039661574337010896,-2.0422509242026288,0.014524011180644877,0.5832237100686822,0.039661574337010896,2.0422509242026288,-0.014524011180644877,-0.5832237100686822,8.923784337282376,1.35,-,9.656946966815765e-05,0.9653397872843527,1.1323171122092145e-05,0.06771790539097204
0.3650000000000002,-0.03854755355558473,1.4400542205653282,0.014807607068049311,-0.32345168661702506,0.03854755355558473,-1.4400542205653282,-0.014807607068049311,0.32345168661702506,-4.602402010965553,-1.35,-,0.00010399903909376103,0.9757085680751927,1.2419497257500866e-05,0.06824101035884904
0.3700000000000002,-0.04241620020776782,-2.060609342518338,0.01588584204762895,0.5939337516226214,0.04241620020776782,2.060609342518338,-0.01588584204762895,-0.5939337516226214,9.104385070195079,1.35,-,0.00011299470929408825,0.996939122387562,1.3681297145311947e-05,0.07000479686543165
0.3750000000000002,-0.0413816064766577,1.4209905238029377,0.016226043714234646,-0.31219939766474036,0.0413816064766577,-1.4209905238029377,-0.016226043714234646,0.31219939766474036,-4.412835763040594,-1.35,-,0.00012155689606703305,1.0070351927312506,1.4997719618393216e-05,0.07049213918494278
0.3800000000000002,-0.045333604764970364,-2.0806536179314263,0.017363444802882485,0.6056601008306521,0.045333604764970364,2.0806536179314263,-0.017363444802882485,-0.6056601008306521,9.301926767953791,1.35,-,0.00013183257467196577,1.0286807901203063,1.6505165695506952e-05,0.07232625997363376
0.38500000000000023,-0.04438577134750757,1.4001914459724636,0.01776560667910929,-0.299880486309095,0.04438577134750757,-1.4001914459724636,-0.01776560667910929,0.299880486309095,-4.205494796384236,-1.35,-,0.0001416830581625319,1.0384834705471786,1.8083249598891017e-05,0.07277590150397865
0.39000000000000024,-0.04842883928998512,-2.1025324327593657,0.018967738601380315,0.6184885426846214,0.04842883928998512,2.1025324327593657,-0.018967738601380315,-0.6184885426846214,9.517856417063237,1.35,-,0.00015340982053740795,1.0605866837012037,1.9882125137142483e-05,0.0746885418911394
0.39500000000000024,-0.04757573053121919,1.3775060640395245,0.019437672037551538,-0.28640367522817106,0.04757573053121919,-1.3775060640395245,-0.019437672037551538,0.28640367522817106,-3.9788429557997516,-1.35,-,0.00016472707121530387,1.070074298483532,2.177124060833955e-05,0.07509867721706041
0.40000000000000024,-0.05171826057145483,-2.126408061588017,0.020710574828728418,0.6325128541782237,0.05171826057145483,2.126408061588017,-0.020710574828728418,-0.6325128541782237,9.753754543449663,1.35,-,0.0001781009635979884,1.0926823547054647,2.3915880157021346e-05,0.07709903977056383
0.40500000000000025,-0.0509685285418929,1.3527701346288494,0.02125459088688588,-0.2716690769861202,0.0509685285418929,-1.3527701346288494,-0.02125459088688588,0.2716690769861202,-3.731200629937614,-1.35,-,0.00019108991810661715,1.1018322898911834,2.617466832586581e-05,0.07746806020751629
0.41000000000000025,-0.05521964943648716,-2.1524575337020218,0.02260482396272116,0.6478354620086465,0.05521964943648716,2.1524575337020218,-0.02260482396272116,-0.6478354620086465,10.011346352919016,1.35,-,0.00020633596652605985,1.1249976570631364,2.8729558657793876e-05,0.07956651413669608
0.41500000000000026,-0.05458269509262478,1.3258050326706738,0.0232297798252776,-0.2555674547450509,0.05458269509262478,-1.3258050326706738,-0.0232297798252776,0.2555674547450509,-3.4607323309468905,-1.35,-,0.00022123231954393208,1.1337864519864107,3.142767201144825e-05,0.0798930877563204
0.42000000000000026,-0.05895233900633186,-2.1808738938143977,0.024664469736386568,0.664568155031068,0.05895233900633186,2.1808738938143977,-0.024664469736386568,-0.664568155031068,10.292513800075278,1.35,-,0.00023860921091551948,1.1575675066900166,3.446935234833389e-05,0.08210134191972739
0.42500000000000027,-0.05843837065149419,1.2964160838794085,0.02537781977939487,-0.23797946815278348,0.05843837065149419,-1.2964160838794085,-0.02537781977939487,0.23797946815278348,-3.1654339387493007,-1.35,-,0.0002556844267375266,1.1659709800027227,3.7689521032111124e-05,0.08238451305603879
0.43000000000000027,-0.06293734155350497,-2.211868165879978,0.026904712412840606,0.6828327973638222,0.06293734155350497,2.211868165879978,-0.026904712412840606,-0.6828327973638222,10.599307789670203,1.35,-,0.0002754899715466393,1.190432783918889,4.130883878219942e-05,0.08471581620181731
0.4350000000000003,-0.06255745651628626,1.2643926597687323,0.027714561798875725,-0.21877466699138307,0.06255745651628626,-1.2643926597687323,-0.027714561798875725,0.21877466699138307,-2.8431160229528865,-1.35,-,0.00029505714837557457,1.1984262279092743,4.514932346071794e-05,0.08495512797640327
0.4400000000000003,-0.06719751540320254,-2.245669433468837,0.029342077796774967,0.7027623011715429,0.06719751540320254,2.245669433468837,-0.029342077796774967,-0.7027623011715429,10.933964395239265,1.35,-,0.0003176346787573928,1.2236413839313556,4.9454111107877914e-05,0.08742450223614288
0.4450000000000003,-0.0669637753744233,1.2295060804537379,0.030257241857334242,-0.1978106157090009,0.0669637753744233,-1.2295060804537379,-0.030257241857334242,0.1978106157090009,-2.491389037180902,-1.35,-,0.0003400554148193739,1.231199809940719,5.4031614531944014e-05,0.08762014743457876
0.4500000000000003,-0.07175772496042743,-2.2825273097915124,0.031994537436754025,0.7245014352064862,0.07175772496042743,2.2825273097915124,-0.031994537436754025,-0.7245014352064862,11.298918734454357,1.35,-,0.0003658012702768557,1.2572494645404395,5.914986666090329e-05,0.09024465908266005
0.4550000000000003,-0.07168323590418572,1.1915082271223985,0.0330246061793049,-0.17493186062467045,0.07168323590418572,-1.1915082271223985,-0.0330246061793049,0.17493186062467045,-2.1076459815742026,-1.35,-,0.00039149370182533144,1.2643479238169413,6.460298972739421e-05,0.0903976648619681
0.4600000000000003,-0.07664501166432379,-2.322713708623943,0.034881639053183644,0.7482077818687908,0.07664501166432379,2.322713708623943,-0.034881639053183644,-0.7482077818687908,11.696821239190564,1.35,-,0.0004208659908904531,1.2913229186780892,7.068663344257715e-05,0.09319673928621318
0.4650000000000003,-0.0767440118910597,1.1501303478467182,0.036037046873694294,-0.14996878499684776,0.0767440118910597,-1.1501303478467182,-0.036037046873694294,0.14996878499684776,-1.68904322536601,-1.35,-,0.0004503142076961287,1.2979369177632794,7.717997717946136e-05,0.09330919246858033
0.4700000000000003,-0.08188878184036127,-2.366524459639919,0.038024647448972416,0.7740527899551328,0.08188878184036127,2.366524459639919,-0.038024647448972416,-0.7740527899551328,12.130555520595166,1.35,-,0.0004838430706526201,1.3259391078536493,8.440934624755459e-05,0.09630498107676695
0.4750000000000003,-0.08217673616199142,1.1050816783765318,0.03931674869106979,-0.12273638542638327,0.08217673616199142,-1.1050816783765318,-0.03931674869106979,0.12273638542638327,-1.2324799869086513,-1.2324799869086513,-,0.0005176081504838078,1.3320451354330667,9.213837988573828e-05,0.09638030217830462
0.4800000000000003,-0.08600126350133028,-1.8498360751827359,0.04126930500534928,0.7488522778360643,0.08600126350133028,1.8498360751827359,-0.04126930500534928,-0.7488522778360643,11.811386970577495,1.35,-,0.000554589237102934,1.3491546029583041,0.00010065415756386102,0.09918420084840593
0.4850000000000003,-0.08539837224216333,1.2761393332356694,0.042271296885538726,-0.18087252918962501,0.08539837224216333,-1.2761393332356694,-0.042271296885538726,0.18087252918962501,-2.0569116327862678,-1.35,-,0.0005910536470109895,1.35729726094746,0.00010958847026578781,0.09934777520748318
0.4900000000000003,-0.08985004530965823,-2.2411000431964383,0.044117393164785634,0.7453202665241102,0.08985004530965823,2.2411000431964383,-0.044117393164785634,-0.7453202665241102,11.793148892657122,1.35,-,0.0006314188002217278,1.3824099079655354,0.00011932019216406919,0.10212528670594104
0.49500000000000033,-0.08945775740147603,1.2274460596254082,0.04527976589968684,-0.14887668584735703,0.08945775740147603,-1.2274460596254082,-0.04527976589968684,0.14887668584735703,-1.5329831883186038,-1.35,-,0.0006714322520182345,1.389943027111985,0.0001295714781637214,0.1022361080438855
0.5000000000000003,-0.0941317702222795,-2.2928653068625833,0.047291191440607006,0.7780940782564995,0.0941317702222795,2.2928653068625833,-0.047291191440607006,-0.7780940782564995,12.331156468510454,1.35,-,0.0007157362028441347,1.4162291836890553,0.00014075376210308214,0.10526326001697466
0.5050000000000003,-0.09396749790834512,1.1744951734376607,0.04862513517044974,-0.11464854770593634,0.09396749790834512,-1.1744951734376607,-0.04862513517044974,0.11464854770593634,-0.9706199844798797,-0.9706199844798797,-,0.000759885656159909,1.4231263782511971,0.00015257578095480469,0.10532898146443005
0.5100000000000003,-0.09502301132853247,-0.9435140423846385,0.050137106809836934,0.5995156561394265,0.09502301132853247,0.9435140423846385,-0.050137106809836934,-0.5995156561394265,9.722120242938118,1.35,-,0.0008050325195696211,1.4275774719920822,0.00016514442835110967,0.10712607657421148
0.5150000000000003,-0.09119507006060946,1.9022652291266118,0.0502750232827162,-0.35392438243556507,0.09119507006060946,-1.9022652291266118,-0.0502750232827162,0.35392438243556507,-4.520342885512625,-1.35,-,0.0008466152235864185,1.4456705370018028,0.00017778231818149797,0.10775238891662346
0.5200000000000004,-0.09278831646361285,-1.6838335062943859,0.05123696011806549,0.5681039316707217,0.09278831646361285,1.6838335062943859,-0.05123696011806549,-0.5681039316707217,9.252725174047377,1.35,-,0.0008896635819471764,1.459847013386401,0.00019090844859219914,0.10936609930252213
0.5250000000000004,-0.08955041672724717,1.781617926710572,0.051529184969662474,-0.32308734938495676,0.08955041672724717,-1.781617926710572,-0.051529184969662474,0.32308734938495676,-4.041322124364292,-1.35,-,0.0009297599676272945,1.4757178255702834,0.0002041847331103876,0.10988802647918511
0.5300000000000004,-0.09137532717717113,-1.7334422790047335,0.052683641230831815,0.6064677202806628,0.09137532717717113,1.7334422790047335,-0.052683641230831815,-0.6064677202806628,9.848946564005237,1.35,-,0.0009715072197109699,1.490741936243489,0.00021806256337708263,0.11172704195789723
0.5350000000000004,-0.08837328218287105,1.7308416037328302,0.053171083256147424,-0.2840885283790455,0.08837328218287105,-1.7308416037328302,-0.053171083256147424,0.2840885283790455,-3.4326797760561294,-1.35,-,0.0010105564047298368,1.5057209995295513,0.00023219838385024345,0.1121305734176801
0.5400000000000004,-0.09044076950643129,-1.7861823385784623,0.05452339757714519,0.6458561153341829,0.09044076950643129,1.7861823385784623,-0.05452339757714519,-0.6458561153341829,10.466351416118094,1.35,-,0.001051454068674414,1.5216732362627994,0.0002470623882670207,0.11421622402625291
0.5450000000000004,-0.08768564810593672,1.6769684449733893,0.055212224693677134,-0.24386219168801046,0.08768564810593672,-1.6769684449733893,-0.055212224693677134,0.24386219168801046,-2.79971756193977,-1.35,-,0.001089897933093205,1.5357343520899818,0.0002623043370451462,0.1145135678689273
0.5500000000000004,-0.09000830789677794,-1.8423141685082463,0.05676921244940303,0.6865730142418516,0.09000830789677794,1.8423141685082463,-0.05676921244940303,-0.6865730142418516,11.109686784682783,1.35,-,0.001130405410545411,1.552704959567413,0.00027841805445577344,0.11687048038835302
0.5550000000000004,-0.08751296134083351,1.6196565904269384,0.05766708993947446,-0.20210333910194425,0.08751296134083351,-1.6196565904269384,-0.05766708993947446,0.20210333910194425,-2.137651124082141,-1.35,-,0.001168698002558622,1.56582139692198,0.00029504552076621066,0.1170747091867338
0.5600000000000004,-0.09010511796446007,-1.9024071058444454,0.05943709264377546,0.7289007585232299,0.09010511796446007,1.9024071058444454,-0.05943709264377546,-0.7289007585232299,11.783415420669613,1.35,-,0.0012092926639755684,1.5839171609038174,0.0003127093606759344,0.11973119076561249
0.5650000000000004,-0.08788444971280943,1.5584304697033247,0.060553214008344035,-0.15850731009309402,0.08788444971280943,-1.5584304697033247,-0.060553214008344035,0.15850731009309402,-1.4416582098656956,-1.35,-,0.001247911046482185,1.596060688548316,0.000331042819309636,0.11985681360237724
0.5700000000000004,-0.09076248174769418,-1.96685628098663,0.06254613028097096,0.7731530510646771,0.09076248174769418,1.96685628098663,-0.06254613028097096,-0.7731530510646771,12.492520095295081,1.35,-,0.0012891001869471876,1.6154033066985987,0.000350602911375257,0.12284564180423034
0.5750000000000004,-0.0888330072596853,1.492946883126753,0.0638913331056598,-0.11274103539000971,0.0888330072596853,-1.492946883126753,-0.0638913331056598,0.11274103539000971,-0.7064399168931009,-0.7064399168931009,-,0.0013285567028411842,1.6265477586777881,0.0003710134236053489,0.1229091945095344
0.5800000000000004,-0.08652314186431255,-0.07540371467679391,0.06486777650239116,0.415566832323389,0.08652314186431255,0.07540371467679391,-0.06486777650239116,-0.415566832323389,7.2015501324185935,1.35,-,0.001365987973231544,1.6265761872787234,0.00039205256574716975,0.12377267347017087
0.5850000000000004,-0.07861305232211788,2.687810081357939,0.06408244500540664,-0.5387631014489613,0.07861305232211788,-2.687810081357939,-0.06408244500540664,0.5387631014489613,-7.069598167119047,-1.35,-,0.0013968880332085442,1.6626978024459702,0.0004125853645365246,0.1252240018675854
0.5900000000000004,-0.07605771663213433,-0.8824965547610075,0.06415579135149031,0.3893367496945994,0.07605771663213433,0.8824965547610075,-0.06415579135149031,-0.3893367496945994,6.78169587593084,1.35,-,0.0014258119145050144,1.6665918032917955,0.00043316519235620443,0.12598191739089917
0.5950000000000004,-0.06868818838457236,2.5804955693161395,0.06358551142114116,-0.4957914799669281,0.06868818838457236,-2.5804955693161395,-0.06358551142114116,0.4957914799669281,-6.434227144335864,-1.35,-,0.0014494022506227869,1.6998865902080966,0.0004533807786696448,0.12721096334893817
0.6000000000000004,-0.06639849935974008,-0.934953412891924,0.06390022796367713,0.43763138612399166,0.06639849935974008,0.934953412891924,-0.06390022796367713,-0.43763138612399166,7.501619203082804,1.35,-,0.001471446054208914,1.704257279629488,0.0004737969743386943,0.1281685694995422
0.6050000000000004,-0.05929593662685516,2.5271770824187882,0.06357066041463574,-0.44766360100936303,0.05929593662685516,-2.5271770824187882,-0.06357066041463574,0.44766360100936303,-5.713222404737608,-1.35,-,0.001489026094711194,1.7361903996590016,0.0004940031186664591,0.12917058299788556
0.6100000000000004,-0.05727663067734397,-0.9895118148505035,0.06412569837613448,0.48566323057702093,0.05727663067734397,0.9895118148505035,-0.06412569837613448,-0.48566323057702093,8.224752632773226,1.35,-,0.0015054291568199383,1.7410860678176452,0.0005145636446275939,0.1303499268655581
0.6150000000000004,-0.05044812747208556,2.471608249996912,0.06403659685230416,-0.3995692738687876,0.05044812747208556,-2.471608249996912,-0.06403659685230416,0.3995692738687876,-4.985575915346196,-1.35,-,0.0015181542246471373,1.771630304524909,0.0005350670733097166,0.13114820488865825
0.6200000000000004,-0.04870577586688016,-1.0465115342440627,0.06483271858768914,0.5337972223490624,0.04870577586688016,1.0465115342440627,-0.06483271858768914,-0.5337972223490624,8.956570652331719,1.35,-,0.0015300154876611112,1.7771062364814385,0.000556083480307069,0.13257290226159613
0.6250000000000004,-0.04215899095053058,2.412802493858382,0.06498575827598002,-0.3512047799231654,0.04215899095053058,-2.412802493858382,-0.06498575827598002,0.3512047799231654,-4.246715634468634,-1.35,-,0.0015389023902509457,1.8062143158532846,0.0005771992242005895,0.1331896262488005
0.6300000000000004,-0.040702483856788874,-1.1063722666992084,0.06602550321743884,0.5823934009503994,0.040702483856788874,1.1063722666992084,-0.06602550321743884,-0.5823934009503994,9.702528017829318,1.35,-,0.0015471858512115064,1.8123346138158904,0.0005989960595761697,0.13488553661615338
0.6350000000000005,-0.034442480852793333,2.35243916568998,0.06642465800332124,-0.30200051514183546,0.034442480852793333,-2.35243916568998,-0.06642465800332124,0.30200051514183546,-3.4879667729980253,-1.35,-,0.0015531172736479816,1.8400044639572513,0.0006210572355304606,0.13534155817188304
0.6400000000000005,-0.03328252622529927,-1.1695246805264143,0.06771239886812234,0.6318114249584913,0.03328252622529927,1.1695246805264143,-0.06771239886812234,-0.6318114249584913,10.468135562739667,1.35,-,0.0015586559064076702,1.8468434038490533,0.0006439820803328391,0.13733748655542344
0.6450000000000005,-0.0273236133362961,2.2880054952360322,0.06836274527703946,-0.2517946702927241,0.0273236133362961,-2.2880054952360322,-0.06836274527703946,0.2517946702927241,-2.706811709864001,-1.35,-,0.0015623888056364272,1.8730182495802048,0.0006673494050419061,0.13765448933536253
0.6500000000000005,-0.026473219611972923,-1.2364223133127,0.06990468147014013,0.6824174065117051,0.026473219611972923,1.2364223133127,-0.06990468147014013,-0.6824174065117051,11.259043944676947,1.35,-,0.001565892962419546,1.8806619502644923,0.0006917827274991148,0.13998295691891335
0.6550000000000005,-0.020830636921863308,2.219135522989444,0.07081329833053446,-0.2001992594952104,0.020830636921863308,-2.219135522989444,-0.07081329833053446,0.2001992594952104,-1.897239932487225,-1.35,-,0.0015680625395923984,1.9052847626114606,0.0007168553436013612,0.1401833556364255
0.6600000000000005,-0.02031311979760249,-1.3097276479488786,0.07261669499174646,0.7343604683640862,0.02031311979760249,1.3097276479488786,-0.07261669499174646,-0.7343604683640862,12.077650372586607,1.35,-,0.001570125653771957,1.9138616951704692,0.0007432212655589829,0.14287978212390512
0.6650000000000005,-0.015002182421275392,2.146240268149096,0.07379275781202328,-0.14674970472443288,0.015002182421275392,-2.146240268149096,-0.07379275781202328,0.14674970472443288,-1.0520294856200132,-1.0520294856200132,-,0.0015712509811589633,1.9368934316135928,0.0007704481210865026,0.14298745950308867
0.6700000000000005,-0.011159192454657227,-0.027445790521764213,0.07540150150339685,0.6462636922546658,0.011159192454657227,0.027445790521764213,-0.07540150150339685,-0.6462636922546658,10.823982622862319,1.35,-,0.0015718736190401636,1.9368971979706797,0.0007988750532313363,0.14507574330272183
0.6750000000000005,-0.0031810541617386945,2.6743877127458093,0.07576971995876208,-0.30834975129565123,0.0031810541617386945,-2.6743877127458093,-0.07576971995876208,0.30834975129565123,-3.4353399579648904,-1.35,-,0.0015719242145680631,1.9726589461611086,0.0008275803055444825,0.14555114114834228
0.6800000000000005,-0.0005572169186369019,-0.8973039312636513,0.07701996693394993,0.6234324658953596,0.0005572169186369019,0.8973039312636513,-0.07701996693394993,-0.6234324658953596,10.488818125137625,1.35,-,0.001571925767021535,1.9766847178864146,0.0008572406820770162,0.14749448134600412
0.6850000000000005,0.006845563997966306,2.5553512215556284,0.07765098134592348,-0.25580080501230673,-0.006845563997966306,-2.5553512215556284,-0.07765098134592348,0.25580080501230673,-2.6208665080047173,-1.35,-,0.0015721600757537865,2.009333817213944,0.000887389056596941,0.14782165160522884
0.6900000000000005,0.00893542640320552,-1.0090930742438533,0.07917182491868362,0.6772998491623373,-0.00893542640320552,1.0090930742438533,-0.07917182491868362,-0.6772998491623373,11.327250666786565,1.35,-,0.001572559284978822,2.0144251613763786,0.0009187299459017146,0.15011532703360547
0.6950000000000005,0.01598578902449939,2.4795920623165735,0.08009609881911543,-0.1971666104424188,-0.01598578902449939,-2.4795920623165735,-0.08009609881911543,0.1971666104424188,-1.7058264015422393,-1.35,-,0.001573837012232501,2.0451670453538955,0.0009508068711319221,0.15030970039497224
0.7000000000000005,0.017655178694127624,-1.099529630830451,0.08190825079474305,0.7352413255072677,-0.017655178694127624,1.099529630830451,-0.08190825079474305,-0.7352413255072677,12.235959259061318,1.35,-,0.001575395538906109,2.051211872399266,0.0009843516788731947,0.15301259942864065
0.7050000000000005,0.02433749973189528,2.3994455229533727,0.08313494098113394,-0.13669368079820668,-0.02433749973189528,-2.3994455229533727,-0.08313494098113394,0.13669368079820668,-0.7544186868077476,-0.7544186868077476,-,0.001578357108372109,2.079998566487371,0.0010189087709328779,0.15310602524049147
0.7100000000000005,0.03128757971795599,0.8145273841522995,0.08415647914220804,0.44132602319467107,-0.03128757971795599,-0.8145273841522995,-0.08415647914220804,-0.44132602319467107,7.899779585924951,1.35,-,0.0015832516715951464,2.083315840785041,0.0010543203358409424,0.15407986853423558
0.7150000000000005,0.043320775409163854,3.46802435347138,0.08349858040889763,-0.5135314515428303,-0.043320775409163854,-3.46802435347138,-0.08349858040889763,0.5135314515428303,-6.379399748923196,-1.35,-,0.0015926351195054025,2.143451805366394,0.0010891804004924482,0.15539844129285402
0.7200000000000005,0.049880037222380796,-0.12410424294741479,0.0837263445885241,0.41842531131464283,-0.049880037222380796,0.12410424294741479,-0.0837263445885241,-0.41842531131464283,7.531787955177451,1.35,-,0.001605075210071933,2.1435288146819818,0.0011242309043832295,0.15627383999859779
0.7250000000000005,0.061381583547607386,3.3618018892738055,0.08336553103474663,-0.45415536492078545,-0.061381583547607386,-3.3618018892738055,-0.08336553103474663,0.45415536492078545,-5.492156207163202,-1.35,-,0.0016239137040659926,2.2000373743956065,0.001158979963206756,0.15730512547602946
0.7300000000000005,0.06741292704515403,-0.23015360058546275,0.0838904638635688,0.4778150359152402,-0.06741292704515403,0.23015360058546275,-0.0838904638635688,-0.4778150359152402,8.423675941752233,1.35,-,0.001646636217729969,2.2003022277949187,0.0011941680128429797,0.15844666151876285
0.7350000000000005,0.07855868010985508,3.2896279251170744,0.08384425686200651,-0.3912552097640963,-0.07855868010985508,-3.2896279251170744,-0.08384425686200651,0.3912552097640963,-4.542229387824611,-1.35,-,0.0016774935488329816,2.254410487223469,0.0012293173098866905,0.1592120647146006
0.7400000000000005,0.08422162244344876,-0.3057191256630515,0.08468345455911938,0.5405558530211755,-0.08422162244344876,0.3057191256630515,-0.08468345455911938,-0.5405558530211755,9.375844096088901,1.35,-,0.0017129599572680157,2.25487780814245,0.0012651737472670226,0.16067306786577784
0.7450000000000006,0.09500351174335839,3.21444885783978,0.08495369661299335,-0.327985410970213,-0.09500351174335839,-3.21444885783978,-0.08495369661299335,0.327985410970213,-3.5773865977317643,-1.35,-,0.0017580882934858679,2.306541215440787,0.0013012594001080853,0.16121094001482433
0.7500000000000006,0.10027213746822625,-0.3879278076261472,0.08610847529223654,0.6034878833248275,-0.10027213746822625,0.3879278076261472,-0.08610847529223654,-0.6034878833248275,10.340197708602167,1.35,-,0.0018083608012481023,2.3072936553604353,0.001338332747693854,0.16303192814142373
0.7550000000000006,0.11067898419965973,3.135686778790037,0.08669929826773708,-0.26388197425570986,-0.11067898419965973,-3.135686778790037,-0.08669929826773708,0.26388197425570986,-2.5905992448758046,-1.35,-,0.001869609988965445,2.3564563132338283,0.0013759165892944442,0.16338009662310918
0.7600000000000006,0.11552430455455179,-0.47739646440647066,0.0881732708581479,0.6670696869103098,-0.11552430455455179,0.47739646440647066,-0.0881732708581479,-0.6670696869103098,11.323717409420919,1.35,-,0.0019363393136795093,2.357595850154967,0.001414789217763566,0.16560500645908227
0.7650000000000006,0.1255424452112085,3.052831687948093,0.08909117811369102,-0.19846789226465808,-0.1255424452112085,-3.052831687948093,-0.08909117811369102,0.19846789226465808,-1.5745723806970955,-1.35,-,0.0020151438414275557,2.4041947567296673,0.001454475407851993,0.16580195398038214
0.7700000000000006,0.12993275410935218,-0.5746945389532345,0.09089032045487626,0.7317703767665362,-0.12993275410935218,0.5746945389532345,-0.09089032045487626,-0.7317703767665362,12.333613877706497,1.35,-,0.002099556444379763,2.405846125795181,0.0014957806596139435,0.16847939340194734
0.7750000000000006,0.13954593374885907,2.965328606239537,0.09214421359769659,-0.13126113620675242,-0.13954593374885907,-2.965328606239537,-0.09214421359769659,0.13126113620675242,-0.5218654296610925,-0.5218654296610925,-,0.002196921782508968,2.4498119945100933,0.0015382334401116333,0.1685655408313388
0.7800000000000006,0.15079408839343894,1.8460649813105239,0.09270052030068271,0.28023427028062575,-0.15079408839343894,-1.8460649813105239,-0.09270052030068271,-0.28023427028062575,5.636974921881575,1.35,-,0.0023106160679810094,2.4668517740861984,0.0015812003724317198,0.16895819706253737
0.7850000000000006,0.1678393879362535,4.453363652419923,0.09123670794606728,-0.6746202055976985,-0.1678393879362535,-4.453363652419923,-0.09123670794606728,0.6746202055976985,-8.654971616208622,-1.35,-,0.0024514663686950903,2.566014013189673,0.0016228210568158998,0.17123375917154077
0.7900000000000006,0.17919411808140834,0.819703973835934,0.09065246219883095,0.2553528951048742,-0.17919411808140834,-0.819703973835934,-0.09065246219883095,-0.2553528951048742,5.213642203755552,1.35,-,0.002612019028469959,2.569373586213285,0.0016639104013294523,0.17155978467673297
0.7950000000000006,0.19574285562990143,4.357824363992253,0.0895194141048008,-0.6085055894703377,-0.19574285562990143,-4.357824363992253,-0.0895194141048008,0.6085055894703377,-7.689806428978012,-1.35,-,0.0028035953561207014,2.664326752150308,0.0017039790288377863,0.1734111799388162
0.8000000000000006,0.20665185486470308,0.7338473662349583,0.08926756833321578,0.32198532687898535,-0.20665185486470308,-0.7338473662349583,-0.08926756833321578,-0.32198532687898535,6.191736449702304,1.35,-,0.0030171203017158132,2.6670194119349575,0.001743822522618413,0.17392955269244303
0.8050000000000006,0.22283545759600942,4.286842131705826,0.08847197276183731,-0.5410718207849101,-0.22283545759600942,-4.286842131705826,-0.08847197276183731,0.5410718207849101,-6.694347459408135,-1.35,-,0.003265398507525928,2.7589044892457983,0.0017829589724402694,0.17539334626868053
0.8100000000000006,0.23340799836549964,0.6681384797136343,0.08855832777726884,0.3896829666396404,-0.23340799836549964,-0.6681384797136343,-0.08855832777726884,-0.3896829666396404,7.196318505782532,1.35,-,0.0035377949760308737,2.7611365343861687,0.0018221718595338005,0.1761526103411259
0.8150000000000006,0.249223865114318,4.214021661141622,0.08809635375922252,-0.47438561648134037,-0.249223865114318,-4.214021661141622,-0.08809635375922252,0.47438561648134037,-5.7000895530043625,-1.35,-,0.0038483576507434727,2.849926427189023,0.0018609766972621509,0.1772778189067478
0.8200000000000006,0.25943959872504446,0.5967988739919146,0.08851663962840295,0.4564478422999195,-0.25943959872504446,-0.5967988739919146,-0.08851663962840295,-0.4564478422999195,8.196780790353676,1.35,-,0.004184902177676533,2.851707271669013,0.0019001526747176737,0.17831954207044906
0.8250000000000006,0.27488235641942305,4.138758517013151,0.088386928840363,-0.40795888672098346,-0.27488235641942305,-4.138758517013151,-0.088386928840363,0.40795888672098346,-4.699808903612268,-1.35,-,0.004562703727030007,2.9373538819797576,0.0019392139206668307,0.17915169433672218
0.8300000000000006,0.2847176124942354,0.5191940091850547,0.08913928151121413,0.522763925297163,-0.2847176124942354,-0.5191940091850547,-0.08913928151121413,-0.522763925297163,9.200320686809127,1.35,-,0.004968024321352095,2.938701694075626,0.001978942978208508,0.18051810494468268
0.8350000000000006,0.299779300133695,4.060475766103958,0.08934294904325389,-0.341302408307988,-0.299779300133695,-4.060475766103958,-0.08934294904325389,0.341302408307988,-3.686191201643585,-1.35,-,0.0054173624652953355,3.0211390113112135,0.0020188537909272353,0.18110054161426684
0.8400000000000006,0.30920741751482106,0.43472980866893385,0.09042793614438857,0.5891174572165464,-0.30920741751482106,-0.43472980866893385,-0.09042793614438857,-0.5891174572165464,10.214243793287997,1.35,-,0.00589540860052626,3.0220839613439403,0.0020597398491039036,0.1828358385062533
0.8450000000000006,0.32387733573928035,3.978637165506241,0.09096855729653357,-0.2739213470535291,-0.32387733573928035,-3.978637165506241,-0.09096855729653357,0.2739213470535291,-2.6517640096152375,-1.35,-,0.006419891243554133,3.101231729817678,0.002101116241186967,0.18321100302811139
0.8500000000000006,0.33286888125469083,0.34284416404600276,0.09238920696228022,0.6559990550046425,-0.33286888125469083,-0.34284416404600276,-0.09238920696228022,-0.6559990550046425,11.245995568034948,1.35,-,0.006973899704092881,3.1018194404217803,0.0021437950690025623,0.1853626768289463
0.8550000000000006,0.3471335894603488,3.892690126812563,0.09327283377640938,-0.20531711493446722,-0.3471335894603488,-3.892690126812563,-0.09327283377640938,0.20531711493446722,-1.5889250712562026,-1.35,-,0.007576408348751011,3.1775846225387006,0.002187294176605971,0.18557345241737136
0.8600000000000007,0.35565620579067575,0.24292742434846437,0.0950346447472294,0.7238993614292922,-0.35565620579067575,-0.24292742434846437,-0.0950346447472294,-0.7238993614292922,12.30309488936642,1.35,-,0.008208865032338109,3.1778796912062033,0.0022324520951171314,0.18819360384476005
0.8650000000000007,0.36949956618110624,3.8020599082787747,0.09626984305297781,-0.1349845638805699,-0.36949956618110624,-3.8020599082787747,-0.09626984305297781,0.1349845638805699,-0.4898996316010614,-0.4898996316010614,-,0.008891514679378237,3.250157988936907,0.0022787915085243564,0.1882847080071902
0.8700000000000007,0.38518789712016077,2.7573446855496484,0.09674844172933769,0.2557223541507631,-0.38518789712016077,-2.7573446855496484,-0.09674844172933769,-0.2557223541507631,5.357616347797312,1.35,-,0.009633363259817496,3.2881727375115517,0.0023255928134096318,0.18861167761925224
0.8750000000000007,0.4067219679692916,5.342409101593936,0.09516220606411385,-0.6990691090414628,-0.4067219679692916,-5.342409101593936,-0.09516220606411385,0.6990691090414628,-8.935486483909584,-1.35,-,0.010460477055961565,3.4308794125555204,0.002370872040724576,0.19105516571533238
0.8800000000000007,0.4224573083151989,1.687607096149763,0.09445257929870363,0.2298979679868465,-0.4224573083151989,-1.687607096149763,-0.09445257929870363,-0.2298979679868465,4.915908643538855,1.35,-,0.01135282794270618,3.4451195011103954,0.002415478489405466,0.1913194310937548
0.8850000000000007,0.44350169768502296,5.248820643504326,0.09321371140345869,-0.6296357486524538,-0.44350169768502296,-5.248820643504326,-0.09321371140345869,0.6296357486524538,-7.923614077957439,-1.35,-,0.012336296721953669,3.5828700918487812,0.0024589224693735024,0.19330163697366048
0.8900000000000007,0.45880584643464756,1.605118368519347,0.09285340067685714,0.29993731447825794,-0.45880584643464756,-1.605118368519347,-0.09285340067685714,-0.29993731447825794,5.942315328554499,1.35,-,0.013388810745566736,3.595752116733572,0.002502031239459787,0.19375144893674262
0.8950000000000007,0.4794719481719618,5.175576101766604,0.09196570502316995,-0.5594698679862488,-0.4794719481719618,-5.175576101766604,-0.09196570502316995,0.5594698679862488,-6.889872044483972,-1.35,-,0.014538277490985818,3.72968505665946,0.002544319693961831,0.19531648160266538
0.9000000000000007,0.4944316698657248,1.5382587612812648,0.0919574369397884,0.3704273031483629,-0.4944316698657248,-1.5382587612812648,-0.0919574369397884,-0.3704273031483629,6.986313543342526,1.35,-,0.015760590871816867,3.741516256742753,0.002586600545004507,0.19600256353725423
0.9050000000000007,0.5147173868304147,5.100530944483959,0.09141634930742365,-0.4901966305515232,-0.5147173868304147,-5.100530944483959,-0.09141634930742365,0.4901966305515232,-5.859104904298597,-1.35,-,0.01708526081334452,3.871593336320945,0.0026283852896079912,0.19720402722027455
0.9100000000000007,0.5293119192088502,1.4656190883969948,0.09175507895197348,0.4398244113571433,-0.5293119192088502,-1.4656190883969948,-0.09175507895197348,-0.4398244113571433,8.024177213173044,1.35,-,0.018486116352427306,3.8823335328823134,0.0026704802621754058,0.19817125478440284
0.9150000000000007,0.5492124546260206,5.023156277466331,0.09155861616962623,-0.4213012854242151,-0.5492124546260206,-5.023156277466331,-0.09155861616962623,0.4213012854242151,-4.8237084150844645,-1.35,-,0.019994287954009003,4.008494027821561,0.0027123951631498906,0.19905872864990332
0.9200000000000007,0.5634185889028275,1.3867440701674694,0.09224189199944458,0.5086506141219708,-0.5634185889028275,-1.3867440701674694,-0.09224189199944458,-0.5086506141219708,9.063659216780692,1.35,-,0.021581490485615272,4.018109323402284,0.002754937996348077,0.20035235588613662
0.9250000000000007,0.5829263213263234,4.94279695379239,0.09239061979552227,-0.35228270062444456,-0.5829263213263234,-4.94279695379239,-0.09239061979552227,0.35228270062444456,-3.776208220504934,-1.35,-,0.023280505966090475,4.140265532034381,0.0027976181294790806,0.20097287139193287
0.9300000000000007,0.5967171161953089,1.3008897613601353,0.0934184434895008,0.5773962890646147,-0.5967171161953089,-1.3008897613601353,-0.0934184434895008,-0.5773962890646147,10.112107468186748,1.35,-,0.025060862549892704,4.148727102890439,0.002841253157399086,0.20263980376506083
0.9350000000000007,0.6158216630489282,4.858897341823379,0.09391547900010913,-0.28262948463102194,-0.6158216630489282,-4.858897341823379,-0.09391547900010913,0.28262948463102194,-2.7088992711052677,-1.35,-,0.026957044153294443,4.266771519782331,0.002885353743378186,0.2030392008929748
0.9400000000000007,0.6291673577637381,1.207502702953546,0.09529040066357741,0.6465715615332976,-0.6291673577637381,-1.207502702953546,-0.09529040066357741,-0.6465715615332976,11.177246181322745,1.35,-,0.02893630197367146,4.274061833670532,0.0029307550456713115,0.20512947481389285
0.9450000000000007,0.6478555055104124,4.770892545736245,0.0961414192272304,-0.21182648931502768,-0.6478555055104124,-4.770892545736245,-0.0961414192272304,0.21182648931502768,-1.6139439801818174,-1.35,-,0.031034885753772223,4.387868912085341,0.002976970908126442,0.2053538271217705
0.9500000000000007,0.6607233631868772,1.1059500757231022,0.0978685429037929,0.7166822694763432,-0.6607233631868772,-1.1059500757231022,-0.0978685429037929,-0.7166822694763432,12.266810121743976,1.35,-,0.033217662567077116,4.393984539935301,0.0030248621665769997,0.20792199449867932
0.9550000000000007,0.6789791172032709,4.678196089130594,0.09908181222575077,-0.1393525358576842,-0.6789791172032709,-4.678196089130594,-0.09908181222575077,0.1393525358576842,-0.4833377680082589,-0.4833377680082589,-,0.035522725775067786,4.503412133177084,0.0030739481941466943,0.20801909014492914
0.9600000000000007,0.699138044345504,3.6559858984569162,0.09953222403200607,0.24849673147189405,-0.699138044345504,-3.6559858984569162,-0.09953222403200607,-0.24849673147189405,5.32151957230146,1.35,-,0.037966695800324066,4.570243297625663,0.0031234815122504816,0.20832784327269022
0.9650000000000007,0.7251185089143835,6.225544351572,0.09790999338867419,-0.7062453307833382,-0.7251185089143835,-6.225544351572,-0.09790999338867419,0.7062453307833382,-8.971514433531947,-1.35,-,0.04059568006017516,4.764030309992614,0.003171413346277333,0.21082175560895655
0.9700000000000008,0.7452249846644187,2.5559898854231924,0.09716234074669314,0.2220168822619738,-0.7452249846644187,-2.5559898854231924,-0.09716234074669314,-0.2220168822619738,4.868617142225045,1.35,-,0.04337248144901558,4.796695731464542,0.0032186159485742155,0.2110682130890032
0.9750000000000008,0.770719102206577,6.132799989087837,0.09589905496371412,-0.6344982553511208,-0.770719102206577,-6.132799989087837,-0.09589905496371412,0.6344982553511208,-7.925503241941082,-1.35,-,0.046342521121546146,4.984751909995321,0.0032645990922888827,0.21308115326922128
0.9800000000000008,0.7904000581221255,2.4747631205608815,0.09551240882471396,0.2944034651416681,-0.7904000581221255,-2.4747631205608815,-0.09551240882471396,-0.2944034651416681,5.929849374231833,1.35,-,0.04946618238094345,5.0153741725097625,0.003310212193486379,0.2135145202706584
0.9850000000000008,0.8155052307009588,6.057479948189032,0.09461026662675263,-0.5623445948429417,-0.8155052307009588,-6.057479948189032,-0.09461026662675263,0.5623445948429417,-6.862245115051017,-1.35,-,0.05279142628744657,5.198839489123324,0.0033549677062423055,0.21509567748740377
0.9900000000000008,0.8348320362528454,2.4060319146961358,0.09458564873822438,0.3668953668932991,-0.8348320362528454,-2.4060319146961358,-0.09458564873822438,-0.3668953668932991,7.003729154216889,1.35,-,0.056276148931216935,5.227784436996005,0.003399699930978459,0.21576873853864262
0.9950000000000008,0.8595461596741585,5.980329849110927,0.09403994729502715,-0.49110849735643025,-0.8595461596741585,-5.980329849110927,-0.09403994729502715,0.49110849735643025,-5.8020398075518615,-1.35,-,0.05997024693426991,5.406606162516841,0.0034439174894147166,0.21697467631952108
1.0000000000000007,0.8784975804355764,2.3313815297948803,0.09437216455704464,0.43826145650993265,-0.8784975804355764,-2.3313815297948803,-0.09437216455704464,-0.43826145650993265,8.07127184981798,1.35,-,0.06382903692842563,5.433782861704184,0.003488448016630625,0.2179350418408321
1.0050000000000006,0.90281579523948,5.90078777190661,0.09418085249036647,-0.4202632112560857,-0.90281579523948,-5.90078777190661,-0.09418085249036647,0.4202632112560857,-4.737106994238077,-1.35,-,0.06790441872909501,5.607879343349594,0.003532798181509685,0.21881814767450847
1.0100000000000005,0.9213679565198591,2.250311497041297,0.09486736224554385,0.5090344376660096,-0.9213679565198591,-2.250311497041297,-0.09486736224554385,-0.5090344376660096,9.140387946874924,1.35,-,0.07214901328560283,5.633198852518174,0.00357779726360682,0.2201137279681582
1.0150000000000003,0.9452824620729221,5.818213854553563,0.0950310018374179,-0.3492911864900695,-0.9452824620729221,-5.818213854553563,-0.0950310018374179,0.3492911864900695,-3.6597271942157854,-1.35,-,0.07661680795111596,5.8024569148047656,0.003622951720157936,0.22072374963295638
1.0200000000000002,0.9634079151640851,2.1621196405985623,0.09607180544290216,0.5797239169727042,-0.9634079151640851,-2.1621196405985623,-0.09607180544290216,-0.5797239169727042,10.218714545652631,1.35,-,0.0812575820061199,5.825830721506075,0.0036691006791632294,0.22240414873250722
1.0250000000000001,0.9869081037217937,5.732018153198491,0.09659358113618899,-0.27766907782318495,-0.9869081037217937,-5.732018153198491,-0.09659358113618899,0.27766907782318495,-2.562015763092098,-1.35,-,0.08612752003207853,5.9901108820490565,0.003715752278746796,0.2227896493164031
1.03,1.0045763371911818,2.0661922442589553,0.09799128001072166,0.6508490299094456,-1.0045763371911818,-2.0661922442589553,-0.09799128001072166,-0.6508490299094456,11.314111547175337,1.35,-,0.09117338811830068,6.011456634000235,0.0037637637335374936,0.22490767161507338
1.035,1.0276487015342501,5.641623062042927,0.09887700317289284,-0.20486776068075127,-1.0276487015342501,-5.641623062042927,-0.09887700317289284,0.20486776068075127,-1.435922953315648,-1.35,-,0.09645369738712573,6.170596187871105,0.0038126470423197538,0.2251175256119051
1.0399999999999998,1.044826160974446,1.9619076625241343,0.10063682157959353,0.722931973319375,-1.044826160974446,-1.9619076625241343,-0.10063682157959353,-0.722931973319375,12.434563123173989,1.35,-,0.10191200592040861,6.189841596252459,0.0038632858916079673,0.22773067880214226
1.0449999999999997,1.067454356499957,5.546429843251416,0.10189496583826535,-0.13035192384043856,-1.067454356499957,-5.546429843251416,-0.10189496583826535,0.13035192384043856,-0.2732275989075716,-0.2732275989075716,-,0.10760929993646218,6.343656016283005,0.003915198811923873,0.22781563692238677
1.0499999999999996,1.09317708211428,4.924491539078849,0.10193069659887868,0.10353215330380741,-1.09317708211428,-4.924491539078849,-0.10193069659887868,-0.10353215330380741,3.22415966260644,1.35,-,0.11358448060076151,6.464909100875299,0.003967148146469535,0.22786923145622537
1.0549999999999995,1.1254698725691445,7.4864280997981005,0.0995844024490417,-0.8507899934984952,-1.1254698725691445,-7.4864280997981005,-0.0995844024490417,0.8507899934984952,-11.073336508843074,-1.35,-,0.1199178927710654,6.7451421293425255,0.004016733412525197,0.23148844952141115
1.0599999999999994,1.1518492341167972,3.807879095546259,0.0981120405259901,0.07694494627873931,-1.1518492341167972,-3.807879095546259,-0.0981120405259901,-0.07694494627873931,2.748086353346538,1.35,-,0.12655167606174253,6.817641845374015,0.004064863275006063,0.23151805214520033
1.0649999999999993,1.1836751228795748,7.399876053649624,0.09613171828672452,-0.7777331115071111,-1.1836751228795748,-7.399876053649624,-0.09613171828672452,0.7777331115071111,-10.028676372317623,-1.35,-,0.13355711004436227,7.091432673420895,0.004111069811309853,0.23454239610887292
1.0699999999999992,1.2096817068447752,3.7403729883844408,0.09502787619015007,0.15099078299932223,-1.2096817068447752,-3.7403729883844408,-0.09502787619015007,-0.15099078299932223,3.813474615883564,1.35,-,0.14087375920373657,7.161384623882073,0.004156221297575904,0.23465638719162665
1.074999999999999,1.241132862103408,7.330408385403038,0.09340934345438878,-0.7054759466290095,-1.241132862103408,-7.330408385403038,-0.09340934345438878,0.7054759466290095,-8.984745565427112,-1.35,-,0.1485758131107014,7.430059059366004,0.004199847824798803,0.2371448687479871
1.079999999999999,1.266839487559813,3.685767131747209,0.0926693320859323,0.2240095505540038,-1.266839487559813,-3.685767131747209,-0.0926693320859323,-0.2240095505540038,4.874572161736378,1.35,-,0.15660022454690528,7.497983456113342,0.004242785850345066,0.23739577014168411
1.0849999999999989,1.2979195514908153,7.260071890162994,0.0914025988881094,-0.6352083477608549,-1.2979195514908153,-7.260071890162994,-0.0914025988881094,0.6352083477608549,-7.959968013228289,-1.35,-,0.1650232003576157,7.761526675365011,0.004284558025762568,0.23941321836700946
1.0899999999999987,1.3233089136991403,3.6260955128173906,0.09101574967588219,0.29481232765815624,-1.3233089136991403,-3.6260955128173906,-0.09101574967588219,-0.29481232765815624,5.91287542681489,1.35,-,0.1737789327629935,7.827269518705382,0.004325977359207881,0.23984778990970554
1.0949999999999986,1.3540188084027118,7.188562536659137,0.09009344706800813,-0.5663911723238007,-1.3540188084027118,-7.188562536659137,-0.09009344706800813,0.5663911723238007,-6.946533875767597,-1.35,-,0.1829457674305348,8.085646675422673,0.00436656150523086,0.24145178471013715
1.0999999999999985,1.3790733612429988,3.561319242017108,0.09005192658347656,0.363967081241228,-1.3790733612429988,-3.561319242017108,-0.09005192658347656,-0.363967081241228,6.93667443666063,1.35,-,0.19245498410898493,8.149061649140478,0.0044071082526378385,0.24211414489127342
1.1049999999999984,1.4094113576170677,7.115376450554596,0.08946925684856985,-0.4985123321050126,-1.4094113576170677,-7.115376450554596,-0.08946925684856985,0.4985123321050126,-5.936962145530867,-1.35,-,0.20238718598388464,8.402204559306007,0.004447131992243014,0.2433567176175773
1.1099999999999983,1.4341113192262482,3.4909863067307056,0.08976782196622744,0.431991109946106,-1.4341113192262482,-3.4909863067307056,-0.08976782196622744,-0.431991109946106,7.953568157588666,1.35,-,0.21267056236354867,8.463139486274912,0.004487423301545815,0.2442897992129396
1.1149999999999982,1.4640730194375113,7.039976477747053,0.08952251798219256,-0.43106862974640675,-1.4640730194375113,-7.039976477747053,-0.08952251798219256,0.43106862974640675,-4.9238292261307715,-1.35,-,0.2233881113947728,8.710945830311065,0.0045274947076751745,0.24521890003069682
1.119999999999998,1.4883959738398767,3.414617965936079,0.09015844532636183,0.4993931946085639,-1.4883959738398767,-3.414617965936079,-0.09015844532636183,-0.4993931946085639,8.971102797296203,1.35,-,0.23446472426948634,8.769243909577531,0.004568137433993507,0.24646586784480354
1.124999999999998,1.5179742663842541,6.961713049040195,0.09025074345863561,-0.36356976748902525,-1.5179742663842541,-6.961713049040195,-0.09025074345863561,0.36356976748902525,-3.899832128819671,-1.35,-,0.24598595363651016,9.011571152463409,0.004608863417467688,0.24712678272396366
1.129999999999998,1.5418941522284548,3.331469990664521,0.09122371540419687,0.5666523349520465,-1.5418941522284548,-3.331469990664521,-0.09122371540419687,-0.5666523349520465,9.99644592124608,1.35,-,0.25787314151989144,9.0670646139569,0.004650472248728417,0.24873225706749666
1.1349999999999978,1.571079195863483,6.880044555993082,0.0916563489521262,-0.29551484339335465,-1.571079195863483,-6.880044555993082,-0.0916563489521262,0.29551484339335465,-2.857433357664026,-1.35,-,0.2702145907182664,9.303739679419145,0.0046924766802445865,0.24916890218082566
1.1399999999999977,1.594567201508483,3.2410168039640146,0.09296854413783003,0.6342698028414671,-1.594567201508483,-3.2410168039640146,-0.09296854413783003,-0.6342698028414671,11.037178228829076,1.35,-,0.2829278135188991,9.35626062903703,0.004735692431240124,0.2511803930948084
1.1449999999999976,1.6233463745298355,6.794418100555743,0.09374674965636987,-0.22639988981582937,-1.6233463745298355,-6.794418100555743,-0.09374674965636987,0.22639988981582937,-1.7889748853995844,-1.35,-,0.29610408077739464,9.587081215662822,0.004779634696595794,0.2514366776453515
1.1499999999999975,1.6463707833040504,3.1426477847723264,0.09540284658163406,0.7027415838617894,-1.6463707833040504,-3.1426477847723264,-0.09540284658163406,-0.7027415838617894,12.10087424367896,1.35,-,0.3096567645579803,9.636462391158494,0.004825143212275187,0.25390590631379434
1.1549999999999974,1.6747287242813496,6.70426001464215,0.09653439498457078,-0.15571536916010448,-1.6747287242813496,-6.70426001464215,-0.09653439498457078,0.15571536916010448,-0.6866402633689084,-0.6866402633689084,-,0.3236803460576452,9.861197902878137,0.004871737659350371,0.2540271426947577
1.1599999999999973,1.7038381299190515,5.295288234698744,0.09734866294128271,0.38134582017923735,-1.7038381299190515,-5.295288234698744,-0.09734866294128271,-0.38134582017923735,7.354476536698538,1.35,-,0.33819566792247513,10.001398290320829,0.004919121470232647,0.25475426586759853
1.1649999999999971,1.7380518641759914,7.875266577058575,0.09639083758118312,-0.5734604476146841,-1.7380518641759914,-7.875266577058575,-0.09639083758118312,0.5734604476146841,-6.9290167443943025,-1.35,-,0.353299789335303,10.311497408619502,0.0049655774380806565,0.25639855029249065
1.169999999999997,1.7664386176187947,4.21431265970602,0.09630923679132034,0.35532652796583675,-1.7664386176187947,-4.21431265970602,-0.09630923679132034,-0.35532652796583675,6.929480269256229,1.35,-,0.36890131628437767,10.400299564588293,0.005011954783537289,0.2570298349998719
1.174999999999997,1.8001413078817612,7.774308353944499,0.0957032077348027,-0.5031604932932965,-1.8001413078817612,-7.774308353944499,-0.0957032077348027,0.5031604932932965,-5.884367463983247,-1.35,-,0.3851038599260886,10.702498916499342,0.0050577503033909415,0.25829568740992764
1.1799999999999968,1.8280356796649364,4.116551465996533,0.09597387008763661,0.4257940357157534,-1.8280356796649364,-4.116551465996533,-0.09597387008763661,-0.4257940357157534,7.981971043557378,1.35,-,0.40181243215672846,10.787228896360332,0.0051038052220889335,0.25920219021418317
1.1849999999999967,1.861336822527708,7.693889309834266,0.09572840603744295,-0.4310819983362311,-1.861336822527708,-7.693889309834266,-0.09572840603744295,0.4310819983362311,-4.801972625384029,-1.35,-,0.4191353059912158,11.083208559920235,0.00514962486070128,0.2601313486606309
1.1899999999999966,1.8888296044987893,4.035271651046912,0.09635963636880093,0.4978348470108556,-1.8888296044987893,-4.035271651046912,-0.09635963636880093,-0.4978348470108556,9.069175867895739,1.35,-,0.43697369236537065,11.164625646408949,0.005196050758306917,0.2613705463351225
1.1949999999999965,1.9217217617723112,7.610481867990987,0.09647487511911838,-0.3589610738181304,-1.9217217617723112,-7.610481867990987,-0.09647487511911838,0.3589610738181304,-3.708214472654469,-1.35,-,0.4554387650137166,11.454222817724041,0.005242587765953164,0.26201481159770584
1.1999999999999964,1.9487854864443914,3.9468304895208304,0.0974662352010129,0.5697013879916879,-1.9487854864443914,-3.9468304895208304,-0.0974662352010129,-0.5697013879916879,10.164402377138703,1.35,-,0.4744275893745977,11.532110172289096,0.005290086100974458,0.2636376099551041
1.2049999999999963,1.9812583798597345,7.523495025947017,0.09794497936672338,-0.2862656414393241,-1.9812583798597345,-7.523495025947017,-0.09794497936672338,0.2862656414393241,-2.595089695375681,-1.35,-,0.4940545132134194,11.815125059316337,0.005338052195890197,0.26404735004244745
1.2099999999999962,2.007862552946402,3.8506352489901445,0.09929867920141244,0.6419239270566245,-2.007862552946402,-3.8506352489901445,-0.09929867920141244,-0.6419239270566245,11.275666300968213,1.35,-,0.5142120733710412,11.889262018420162,0.005387353334345921,0.2661076816830864
1.214999999999996,2.039902960241246,7.432346103055404,0.10014639710607282,-0.21245872640435223,-2.039902960241246,-7.432346103055404,-0.10014639710607282,0.21245872640435223,-1.4544418990034336,-1.35,-,0.5350180938070458,12.16546086139817,0.005437499838612556,0.2663333752352132
1.219999999999996,2.066014028014478,3.7460602497940836,0.1018673096562264,0.7150325835919645,-2.066014028014478,-3.7460602497940836,-0.1018673096562264,-0.7150325835919645,12.411060164839324,1.35,-,0.5563601636268084,12.235625698373605,0.005489384582495543,0.26888973321320414
1.2249999999999959,2.0976058461128986,7.336432013543817,0.1030921681341108,-0.1369975822188776,-2.0976058461128986,-7.336432013543817,-0.1030921681341108,0.1369975822188776,-0.2779483371561095,-0.2779483371561095,-,0.578359915055043,12.504741871820352,0.005542524558148501,0.2689835749008732
1.2299999999999958,2.1322751855735813,6.710140058365418,0.10310879185728418,0.10127372128795102,-2.1322751855735813,-6.710140058365418,-0.10310879185728418,-0.10127372128795102,3.2852315057687793,1.35,-,0.6010929023901068,12.729871769834748,0.0055956816729398435,0.26903485673399075
1.2349999999999957,2.173476433322227,9.265540795248224,0.10075128956758164,-0.8530169003123441,-2.173476433322227,-9.265540795248224,-0.10075128956758164,0.8530169003123441,-11.011734287933583,-1.35,-,0.6247129014211419,13.159123000976784,0.0056464357846874955,0.27267304589508307
1.2399999999999956,2.2087325403386346,5.580742773377759,0.09926687679754857,0.07441553300532171,-2.2087325403386346,-5.580742773377759,-0.09926687679754857,-0.07441553300532171,2.8052003041241544,1.35,-,0.6491053985948951,13.31484645048982,0.005695705348833193,0.2727007342528454
1.2449999999999954,2.249468156321173,9.179252092477752,0.09728024580697418,-0.7789861524270755,-2.249468156321173,-9.179252092477752,-0.09728024580697418,0.7789861524270755,-9.952024831199118,-1.35,-,0.6744059335264094,13.736139795376097,0.005743022579954519,0.275734831381211
1.2499999999999953,2.284353127510749,5.513597888128315,0.0961692573940187,0.1494458734994557,-2.284353127510749,-5.513597888128315,-0.0961692573940187,-0.1494458734994557,3.8858730462651123,1.35,-,0.7004972795822496,13.888138603735959,0.005789265210293103,0.2758465017267411
1.2549999999999952,2.324709352691394,9.108875806600315,0.09454867364540102,-0.7058797058505087,-2.324709352691394,-9.108875806600315,-0.09454867364540102,0.7058797058505087,-8.894799592836955,-1.35,-,0.7275186474547032,14.302996696036292,0.005833962468733625,0.278337832522399
1.2599999999999951,2.3592900523609917,5.458140595927608,0.09380579224269872,0.22332179636774518,-2.3592900523609917,-5.458140595927608,-0.09380579224269872,-0.22332179636774518,4.960448243169651,1.35,-,0.7553498952105503,14.451953189860854,0.005877960102025025,0.2785871956460636
1.264999999999995,2.399270484874271,9.037589915657827,0.09254124011528918,-0.6347685049025233,-2.399270484874271,-9.037589915657827,-0.09254124011528918,0.6347685049025233,-7.856686354100386,-1.35,-,0.7841323895084937,14.860343347278846,0.005920779507635403,0.2806018509201445
1.269999999999995,2.4335291817284803,5.397513184293393,0.09215574942100026,0.29497078699791507,-2.4335291817284803,-5.397513184293393,-0.09215574942100026,-0.29497078699791507,6.012189477238737,1.35,-,0.8137427109001135,15.006009090151949,0.005963242918392133,0.28103688974605534
1.2749999999999948,2.473134662123578,8.965101513560953,0.09123986318775472,-0.5651060467191612,-2.473134662123578,-8.965101513560953,-0.09123986318775472,0.5651060467191612,-6.829765336214934,-1.35,-,0.8443246861850984,15.407874315894205,0.006004866481564733,0.2826336139662481
1.2799999999999947,2.507053523880159,5.331703826056629,0.09120392842573076,0.3649700037744303,-2.507053523880159,-5.331703826056629,-0.09120392842573076,-0.3649700037744303,7.0495252004787545,1.35,-,0.8757512730430973,15.550009644338136,0.006046457264366161,0.2832996294845236
1.2849999999999946,2.546282209274268,8.890895300804207,0.09063194328133532,-0.49637477191387,-2.546282209274268,-8.890895300804207,-0.09063194328133532,0.49637477191387,-5.806473235100966,-1.35,-,0.9081690384894299,15.945249740587439,0.006087528010080916,0.28453156905548627
1.2899999999999945,2.579841077364401,5.260243819754881,0.09094034386182663,0.43384168685056435,-2.579841077364401,-5.260243819754881,-0.09094034386182663,-0.43384168685056435,8.08012898017554,1.35,-,0.9414469384117128,16.083600565803785,0.006128878740789451,0.28547266210173294
1.2949999999999944,2.618688447008113,8.814434062537453,0.09071005758144622,-0.42806490596146773,-2.618688447008113,-8.814434062537453,-0.09071005758144622,0.42806490596146773,-4.779286506569249,-1.35,-,0.9757345843241809,16.47207180501788,0.006170020313521597,0.28638885992031193
1.2999999999999943,2.6518645873317936,5.182661998554143,0.09136013196888507,0.50210203306374,-2.6518645873317936,-5.182661998554143,-0.09136013196888507,-0.50210203306374,9.11166029895373,1.35,-,1.0108965132719023,16.606371731974164,0.0062117536820884564,0.2876493921783456
1.3049999999999942,2.6903233410029657,8.735059479710994,0.09147187320056376,-0.3596802039464258,-2.6903233410029657,-8.735059479710994,-0.09147187320056376,0.3596802039464258,-3.7408108379535916,-1.35,-,1.0470857116676284,16.987878052544602,0.006253589200022555,0.2882962414239003
1.309999999999994,2.723090281419415,5.0982010607721895,0.09246338992896327,0.5702354815772167,-2.723090281419415,-5.0982010607721895,-0.09246338992896327,-0.5702354815772167,10.151370705064918,1.35,-,1.084161815071432,17.117836322824893,0.006296336592408332,0.28992208394614827
1.314999999999994,2.761150370652282,8.652222190879613,0.09292001640391842,-0.2907136056965712,-2.761150370652282,-8.652222190879613,-0.09292001640391842,0.2907136056965712,-2.6834133807461074,-1.35,-,1.1222815719181973,17.492141067026633,0.006339507239650853,0.29034465594883374
1.3199999999999938,2.7934788537033635,5.006325169128957,0.09425527128681072,0.638749128899067,-2.7934788537033635,-5.006325169128957,-0.09425527128681072,-0.638749128899067,11.20693166031888,1.35,-,1.1612991924486358,17.6174575255219,0.006383927520477604,0.2923846581971803
1.3249999999999937,2.8311274192297464,8.565362825944993,0.09506217569718606,-0.22065470543804624,-2.8311274192297464,-8.565362825944993,-0.09506217569718606,0.22065470543804624,-1.5993355928248132,-1.35,-,1.2013756047682074,17.984284727222295,0.0064291116067190165,0.29262810069234
1.3299999999999936,2.862985246258538,4.906416118895753,0.09674599588151066,0.7081451704983149,-2.862985246258538,-4.906416118895753,-0.09674599588151066,-0.7081451704983149,12.286015227925642,1.35,-,1.2423590273696767,18.104649322881095,0.006475910545314542,0.2951354486048404
1.3349999999999935,2.90020666333971,8.473901042186512,0.09791113807371037,-0.1489873636421844,-2.90020666333971,-8.473901042186512,-0.09791113807371037,0.1489873636421844,-0.4806570961497919,-0.4806570961497919,-,1.2844150208200762,18.463684317244937,0.006523843500108987,0.29524643477746565
1.3399999999999934,2.9393379071721863,7.452592971880739,0.09830404875484038,0.23604553257517918,-2.9393379071721863,-7.452592971880739,-0.09830404875484038,-0.23604553257517918,5.281869095674795,1.35,-,1.327613557482772,18.741390027267563,0.006572161930116956,0.29552502224470917
1.3449999999999933,2.9843226513371865,10.029386728588069,0.09661951918634021,-0.7187007821067298,-2.9843226513371865,-10.029386728588069,-0.09661951918634021,0.7187007821067298,-9.011258303180595,-1.35,-,1.3721444659191921,19.244333018025443,0.006618838587555953,0.2981076763157132
1.3499999999999932,3.023468248382689,6.366676852477869,0.09581046945895584,0.20987410550424826,-3.023468248382689,-6.366676852477869,-0.09581046945895584,-0.20987410550424826,4.833540891432926,1.35,-,1.4178512671640826,19.447005888744826,0.006664736817845679,0.29832791201651926
1.354999999999993,3.067967468019469,9.93709627478921,0.0944794941430163,-0.6480302683483959,-3.067967468019469,-9.93709627478921,-0.0944794941430163,0.6480302683483959,-7.981800988864133,-1.35,-,1.4649133890882104,19.940735300616964,0.0067093686919132796,0.3004276281599977
1.359999999999993,3.10669220827197,6.286669581026189,0.09402618776976067,0.2812203655527463,-3.10669220827197,-6.286669581026189,-0.09402618776976067,-0.2812203655527463,5.8786993797890075,1.35,-,1.5131710714728983,20.13834637272196,0.00675357331184585,0.30082305263000575
1.3649999999999929,3.1508097903559404,9.863520422775197,0.09305106458804709,-0.5769365658232262,-3.1508097903559404,-9.863520422775197,-0.09305106458804709,0.5769365658232262,-6.934979718457945,-1.35,-,1.5628090831479116,20.624791548374464,0.006796865814950694,0.3024873316349252
1.3699999999999928,3.1891914435280393,6.220491802411281,0.09295459301109933,0.35269072381025673,-3.1891914435280393,-6.220491802411281,-0.09295459301109933,-0.35269072381025673,6.936657246109688,1.35,-,1.6136637934652727,20.818264139693788,0.006840068596759988,0.30310928536823417
1.3749999999999927,3.232925933394503,9.788261762208814,0.0923300968308871,-0.5068660698980606,-3.232925933394503,-9.788261762208814,-0.0923300968308871,0.5068660698980606,-5.892957323427647,-1.35,-,1.6659228439193452,21.297314481321372,0.006882692830663992,0.3043938514323037
1.3799999999999926,3.270944174576365,6.148598780296208,0.09258474992692922,0.4229332749970559,-3.270944174576365,-6.148598780296208,-0.09258474992692922,-0.4229332749970559,7.9865801164487555,1.35,-,1.7194182228853194,21.486340816126667,0.006925552510259151,0.30528821420780233
1.3849999999999925,3.314291409766522,9.710805351325893,0.09230826772395259,-0.4372969143358184,-3.314291409766522,-9.710805351325893,-0.09230826772395259,0.4372969143358184,-4.848041935760809,-1.35,-,1.774340860629579,21.957839518983356,0.0069681565917101345,0.3062443571642405
1.3899999999999924,3.35192363816833,6.070574979328683,0.09291097559186073,0.4924800193954759,-3.35192363816833,-6.070574979328683,-0.09291097559186073,-0.4924800193954759,9.036353369923356,1.35,-,1.8305178210101358,22.142098921881608,0.007011318838637291,0.3074570400117593
1.3949999999999922,3.39487660248456,9.63048801334534,0.09298246809568493,-0.36772365363709336,-3.39487660248456,-9.63048801334534,-0.09298246809568493,0.36772365363709336,-3.7927129587548367,-1.35,-,1.88814375674062,22.605830418757538,0.007054547535503115,0.30813314343898035
1.3999999999999921,3.4320964558850102,5.985663124976776,0.09393263704360272,0.561825141751264,-3.4320964558850102,-5.985663124976776,-0.09393263704360272,-0.561825141751264,10.093363802657937,1.35,-,1.9470401871531111,22.784971233986067,0.007098664237012941,0.3097113808884995
1.404999999999992,3.47464536092742,9.54673579846112,0.09435463895597887,-0.2976322793216229,-3.47464536092742,-9.54673579846112,-0.09435463895597887,0.2976322793216229,-2.719244075078341,-1.35,-,2.007405989074182,23.24067205601415,0.007143178226475505,0.3101543057569704
1.409999999999992,3.5114235181315214,5.893300154711663,0.0956542317895153,0.6314823904945408,-3.5114235181315214,-5.893300154711663,-0.0956542317895153,-0.6314823904945408,11.165372278080337,1.35,-,2.0690564646926166,23.41432698958177,0.007188926886771716,0.31214815580449384
1.4149999999999918,3.553555719592997,9.45898366003461,0.09643185338191772,-0.22650416216655522,-3.553555719592997,-9.45898366003461,-0.09643185338191772,0.22650416216655522,-1.6197627297851505,-1.35,-,2.1321952559538757,23.861688848985768,0.007235422398505074,0.3124046764818877
1.4199999999999917,3.5898598973344544,5.792853946534402,0.09808540600574714,0.7019612219657169,-3.5898598973344544,-5.792853946534402,-0.09808540600574714,-0.7019612219657169,12.260150894396025,1.35,-,2.196630726366325,24.02947463321516,0.007283526132861634,0.31486842426760564
1.4249999999999916,3.6315599413426662,9.366645929822889,0.09922636312491347,-0.153815314886381,-3.6315599413426662,-9.366645929822889,-0.09922636312491347,0.153815314886381,-0.4862389601718489,-0.4862389601718489,-,2.2625718644041477,24.468144913088487,0.0073327554885566195,0.3149867200230736
1.4299999999999915,3.6751489679026683,8.339836024208818,0.09961145256161326,0.23630748291375525,-3.6751489679026683,-8.339836024208818,-0.09961145256161326,-0.23630748291375525,5.35258671133081,1.35,-,2.3301054640855265,24.815909237641936,0.007382367695963791,0.31526592615547877
1.4349999999999914,3.724547759245306,10.90924629566308,0.09792829169504903,-0.7184192089586201,-3.724547759245306,-10.90924629566308,-0.09792829169504903,0.7184192089586201,-8.940196922670491,-1.35,-,2.399466744140021,25.410967511339116,0.007430317447535343,0.3178465569544824
1.4399999999999913,3.768071702675197,7.239531181600279,0.09711965792664576,0.20982345112285128,-3.768071702675197,-7.239531181600279,-0.09711965792664576,-0.20982345112285128,4.89966012748147,1.35,-,2.4704585659225273,25.673021569985924,0.007477478587314285,0.3180666863576879
1.4449999999999912,3.8169860446677184,10.817167825365214,0.0957955573548553,-0.64664863978673,-3.8169860446677184,-10.817167825365214,-0.0957955573548553,0.64664863978673,-7.893773438184109,-1.35,-,2.5433054782484663,26.258077168796493,0.007523362531358921,0.320157458674378
1.449999999999991,3.860090135072544,7.1597085956932,0.09534818162849203,0.2822736858749795,-3.860090135072544,-7.1597085956932,-0.09534818162849203,-0.2822736858749795,5.961925789868838,1.35,-,2.6178069575028866,26.514384304672703,0.0075688189100582195,0.3205558508430652
1.454999999999991,3.9086172277788824,10.742424204661278,0.09438482403445407,-0.5745788562196286,-3.9086172277788824,-10.742424204661278,-0.09438482403445407,0.5745788562196286,-6.831717309573235,-1.35,-,2.6941934006693344,27.091382693637154,0.007613361385098293,0.32220655515313845
1.4599999999999909,3.9513720868142626,7.092249119633135,0.09429915676191614,0.3547166273607655,-3.9513720868142626,-7.092249119633135,-0.09429915676191614,-0.3547166273607655,7.035136627705457,1.35,-,2.7722601075116073,27.342882681511835,0.0076578230399283334,0.3228356745817694
1.4649999999999908,3.999510318565105,10.665952880680607,0.09369138844667728,-0.5035166103113305,-3.999510318565105,-10.665952880680607,-0.09369138844667728,0.5035166103113305,-5.774078857613582,-1.35,-,2.852240521453149,27.911695435776316,0.007701713421273663,0.32410331946606646
1.4699999999999906,4.041895245617143,7.0189765302863245,0.09396178747834681,0.4259436866008698,-4.041895245617143,-7.0189765302863245,-0.09396178747834681,-0.4259436866008698,8.100637451618661,1.35,-,2.9339251073358596,28.158025593439863,0.007745857508804292,0.32501045958684216
1.4749999999999905,4.089640263174242,10.587212486487875,0.09370710166632931,-0.43293479689764397,-4.089640263174242,-10.587212486487875,-0.09370710166632931,0.43293479689764397,-4.713085568212993,-1.35,-,3.017550894746737,28.718470934610075,0.00778976261331781,0.32594762227866614
1.4799999999999904,4.131632083695531,6.939434278956825,0.09433058416606696,0.49649053095189616,-4.131632083695531,-6.939434278956825,-0.09433058416606696,-0.49649053095189616,9.166370695696404,1.35,-,3.1029028131218466,28.959249675169875,0.007834253908863366,0.3271801365152906
1.4849999999999903,4.178976623024533,10.50555477335926,0.09442908144083353,-0.36231877825244874,-4.178976623024533,-10.50555477335926,-0.09442908144083353,0.36231877825244874,-3.6410752917860623,-1.35,-,3.1902220412007725,29.51108308065012,0.007878838165972162,0.3278365110006623
1.4899999999999902,4.2205485454773966,6.852897413694902,0.0954051941689443,0.566862375995448,-4.2205485454773966,-6.852897413694902,-0.0954051941689443,-0.566862375995448,10.239893442558875,1.35,-,3.2792871913244275,29.745894095463246,0.007924348921344231,0.3294431757672583
1.4949999999999901,4.267482543114995,10.420388379676107,0.09585958610075168,-0.29114807872989207,-4.267482543114995,-10.420388379676107,-0.09585958610075168,0.29114807872989207,-2.550220320118984,-1.35,-,3.3703442276033817,30.28881656537968,0.007970294222581267,0.3298670117859988
1.49999999999999,4.308604691651903,6.758773883968594,0.09719046025922426,0.637578101022689,-4.308604691651903,-6.758773883968594,-0.09719046025922426,-0.637578101022689,11.329048084574147,1.35,-,3.4631645995480036,30.517221687452754,0.008017524150408266,0.33189954096051727
1.50499999999999,4.355115193036827,10.331140676688223,0.09800607124050456,-0.2188964853771171,-4.355115193036827,-10.331140676688223,-0.09800607124050456,0.2188964853771171,-1.4325287907939503,-1.35,-,3.5579997412711024,31.050884025860352,0.00806555010040826,0.3321391193170695
1.5099999999999898,4.395754686352499,6.656422165822556,0.09969644806870624,0.7091544102481925,-4.395754686352499,-6.656422165822556,-0.09969644806870624,-0.7091544102481925,12.441721505524033,1.35,-,3.65461303758405,31.272423806108616,0.00811524700919584,0.3346536192049418
1.5149999999999897,4.441825898357894,10.23721810692095,0.10088124683723987,-0.14503220512552392,-4.441825898357894,-10.23721810692095,-0.10088124683723987,0.14503220512552392,-0.2798469762515261,-0.2798469762515261,-,3.7532621241406625,31.796426978951956,0.00816613213901302,0.33475879090755967
1.5199999999999896,4.490948144271327,9.599627337486359,0.10085540536018056,0.09303880118664895,-4.490948144271327,-9.599627337486359,-0.10085540536018056,-0.09303880118664895,3.2800435707230227,1.35,-,3.854105200313331,32.25719120404502,0.00821699120296485,0.3348020720001909
1.5249999999999895,4.546635424317051,12.167987123482975,0.09845661493303834,-0.861282241891926,-4.546635424317051,-12.167987123482975,-0.09845661493303834,0.861282241891926,-11.017159244940974,-1.35,-,3.957464668721602,32.99749075723124,0.008265459728085211,0.33851110750118274
1.5299999999999894,4.59643989224016,8.495351141368252,0.09693255980914983,0.06672115135374053,-4.59643989224016,-8.495351141368252,-0.09693255980914983,-0.06672115135374053,2.8085702859603265,1.35,-,4.063100967136483,33.35834571230696,0.008312439333840982,0.3385333660613726
1.5349999999999893,4.651660922434117,12.081799257500865,0.09489502569679903,-0.7891670578929706,-4.651660922434117,-12.081799257500865,-0.09489502569679903,0.7891670578929706,-9.986378060895191,-1.35,-,4.171290713822984,34.08819507879969,0.008357464663350961,0.3416472892876897
1.5399999999999892,4.701096306516415,8.428845996612466,0.09373486030062485,0.13985258545564885,-4.701096306516415,-8.428845996612466,-0.09373486030062485,-0.13985258545564885,3.860432458537012,1.35,-,4.281792246238693,34.443422302972735,0.008401395783528848,0.3417450830159829
1.544999999999989,4.755948982837257,12.0138731655256,0.09205450514677134,-0.7178297520819591,-4.755948982837257,-12.0138731655256,-0.09205450514677134,0.7178297520819591,-8.956113281403812,-1.35,-,4.394887499875444,35.1650880451594,0.008443765943117932,0.34432148078085306
1.549999999999989,4.805094191290923,8.376476917704004,0.09125366312672112,0.21198236343937843,-4.805094191290923,-8.376476917704004,-0.09125366312672112,-0.21198236343937843,4.90827370449721,1.35,-,4.5103321508113305,35.51591487292353,0.008485402098288157,0.3445461633928998
1.5549999999999888,4.859582750073173,11.945195861112653,0.08992005544251923,-0.6485726257247774,-4.859582750073173,-11.945195861112653,-0.08992005544251923,0.6485726257247774,-7.946501327008693,-1.35,-,4.628409873335372,36.22935339372523,0.008525830180142085,0.3466493956470974
1.5599999999999887,4.908421136411507,8.319194721181164,0.08946741468418686,0.28180664043207326,-4.908421136411507,-8.319194721181164,-0.08946741468418686,-0.28180664043207326,5.931831566623985,1.35,-,4.748872863597225,36.57539839776987,0.008565852271593446,0.34704647056005544
1.5649999999999886,4.9625471024398164,11.875483923137924,0.08847270534519085,-0.5808628351425323,-4.9625471024398164,-11.875483923137924,-0.08847270534519085,0.5808628351425323,-6.949840384399771,-1.35,-,4.872007232316892,37.280533989813385,0.00860498936954893,0.3487334787263045
1.5699999999999885,5.011061985245392,8.257017315378668,0.08835995837661371,0.34989095319594465,-5.011061985245392,-8.257017315378668,-0.08835995837661371,-0.34989095319594465,6.939346499305765,1.35,-,4.9975609434167465,37.6214256645457,0.008644026780770513,0.34934559712194635
1.5749999999999884,5.064824217105795,11.80434910874496,0.08769882524607614,-0.5141867312579605,-5.064824217105795,-11.80434910874496,-0.08769882524607614,0.5141867312579605,-5.958638639319136,-1.35,-,5.125823165167651,38.31813895395132,0.008682482200518222,0.3506675370949551
1.5799999999999883,5.112997773432521,8.189703308611792,0.08792031847322775,0.4167644378971726,-5.112997773432521,-8.189703308611792,-0.08792031847322775,-0.4167644378971726,7.938585322665542,1.35,-,5.2565368963232775,38.65349515536675,0.00872113211252039,0.3515360000784338
1.5849999999999882,5.166392745701272,11.73097917085977,0.08758995134039889,-0.4480752599236819,-5.166392745701272,-11.73097917085977,-0.08758995134039889,0.4480752599236819,-4.966004335503999,-1.35,-,5.389994966337448,39.34157451690246,0.008759492110399456,0.3525398572712121
1.589999999999988,5.214201748299829,8.116208250679385,0.08814222948307485,0.4828703335119944,-5.214201748299829,-8.116208250679385,-0.08814222948307485,-0.4828703335119944,8.93608067987162,1.35,-,5.52593446569731,39.670938698744436,0.00879833737349069,0.353705676066142
1.594999999999988,5.267223009665469,11.655038156679506,0.08814225133850385,-0.3820204314450029,-5.267223009665469,-11.655038156679506,-0.08814225133850385,0.3820204314450029,-3.9643830180772777,-1.35,-,5.664652656865054,40.350138270912694,0.008837182655845788,0.3544353741163491
1.5999999999999879,5.314643583438754,8.036411599765913,0.08902450808658394,0.5487389365643732,-5.314643583438754,-8.036411599765913,-0.08902450808658394,-0.5487389365643732,9.939765645097227,1.35,-,5.805879838959985,40.67305782791695,0.008876809471046078,0.3559409462188581
1.6049999999999878,5.367282155234227,11.575879026450874,0.08935700342909865,-0.31554210702368063,-5.367282155234227,-11.575879026450874,-0.08935700342909865,0.31554210702368063,-2.9465676871803432,-1.35,-,5.949918427629461,41.34306270409206,0.008916732841355217,0.3564387803253828
1.6099999999999877,5.414286706270025,7.949583949164679,0.09057077768985135,0.6148402791770955,-5.414286706270025,-7.949583949164679,-0.09057077768985135,-0.6148402791770955,10.956729000238298,1.35,-,6.09649093031792,41.65904212891614,0.008957748170211938,0.3583289231698756
1.6149999999999876,5.466530850523093,11.492966371973807,0.09124027840152207,-0.2481468442919412,-5.466530850523093,-11.492966371973807,-0.09124027840152207,0.2481468442919412,-1.905077926895887,-1.35,-,6.24590572801652,42.31948350905273,0.008999372112225873,0.3586368074515358
1.6199999999999875,5.513088969125402,7.855138733574748,0.0927895571553045,0.6816607560781677,-5.513088969125402,-7.855138733574748,-0.0927895571553045,-0.6816607560781677,11.994381031938593,1.35,-,6.397876477923978,42.62799953167126,0.009042421621811259,0.36096011438342107
1.6249999999999873,5.564924242591787,11.405741493682703,0.09380307063956536,-0.17933678158550748,-5.564924242591787,-11.405741493682703,-0.09380307063956536,0.17933678158550748,-0.832293864611806,-0.832293864611806,-,6.552718387052903,43.27845422677482,0.009086416702118315,0.3611209227895683
1.6299999999999872,5.61667905313572,9.716388245141692,0.09481618439252162,0.4640698546554001,-5.61667905313572,-9.716388245141692,-0.09481618439252162,-0.4640698546554001,8.80228551274709,1.35,-,6.710453804982568,43.75049522942645,0.009131367246232097,0.3621977269395677
1.6349999999999871,5.673040941202113,12.30937882987801,0.09427204608088208,-0.49079363185183117,-5.673040941202113,-12.30937882987801,-0.09427204608088208,0.49079363185183117,-5.474714572318592,-1.35,-,6.871370772585341,44.508099265313675,0.009175803339593476,0.3634021188848992
1.639999999999987,5.723633621536366,8.659132909265521,0.09460563603930972,0.43851251625582066,-5.723633621536366,-8.659132909265521,-0.09460563603930972,-0.43851251625582066,8.398900287473722,1.35,-,7.035170681753245,44.88300217901529,0.009220554471445487,0.36436358501946425
1.644999999999987,5.779469475894841,12.203811598427574,0.0944039773628149,-0.42233089384536265,-5.779469475894841,-12.203811598427574,-0.0944039773628149,0.42233089384536265,-4.443648736233871,-1.35,-,7.2021820188672425,45.62766726666485,0.00926511502615508,0.36525540193894535
1.6499999999999868,5.8295331644773585,8.552168480521134,0.095079977296865,0.5069124657084395,-5.8295331644773585,-8.552168480521134,-0.095079977296865,-0.5069124657084395,9.434111341269086,1.35,-,7.372099303445946,45.993365195260935,0.009310316036568941,0.36654020317839836
1.6549999999999867,5.8849646049452025,12.121141948021718,0.09523410010085046,-0.3511929472242278,-5.8849646049452025,-12.121141948021718,-0.09523410010085046,0.3511929472242278,-3.361561283692417,-1.35,-,7.545263345453232,46.727975605881376,0.009355663705679034,0.36715688560929854
1.6599999999999866,5.934601457261932,8.46399369420106,0.0962652411787152,0.5777733345621353,-5.934601457261932,-8.46399369420106,-0.0962652411787152,-0.5777733345621353,10.517242568287255,1.35,-,7.721360817735905,47.086171552158746,0.009401998688975014,0.3688259957399538
1.6649999999999865,5.989617939174504,12.034857243022604,0.09677825549299068,-0.27941992044723174,-5.989617939174504,-12.034857243022604,-0.09677825549299068,0.27941992044723174,-2.2593431118861833,-1.35,-,7.9007384330223065,47.8103604964584,0.009448828842656347,0.36921637319966744
1.6699999999999864,6.038797449510181,8.368082099953956,0.09816706224589171,0.6490543565625176,-6.038797449510181,-8.368082099953956,-0.09816706224589171,-0.6490543565625176,11.617234822105628,1.35,-,8.083073806203355,48.16048448661624,0.00949701270320629,0.3713227309885313
1.6749999999999863,6.093385527365926,11.944382736335628,0.09904471119558284,-0.20648122561624116,-6.093385527365926,-11.944382736335628,-0.09904471119558284,0.20648122561624116,-1.1289246404885251,-1.1289246404885251,-,8.268720542128914,48.87382588137659,0.00954606197728537,0.3715359034711912
1.6799999999999862,6.1457037601302416,9.490441620060494,0.10054069989449257,0.6377200315180884,-6.1457037601302416,-9.490441620060494,-0.10054069989449257,-0.6377200315180884,11.509547953995133,1.35,-,8.457568915665306,49.324168292095464,0.009596604138961741,0.3735693376641883
1.684999999999986,6.201900542036698,12.261327720415387,0.10097018710610828,-0.2961022592579255,-6.201900542036698,-12.261327720415387,-0.10097018710610828,0.2961022592579255,-2.433678506187482,-1.35,-,8.649886767331877,50.075869079432586,0.009647579032382952,0.37400772040387653
1.689999999999986,6.252145747571837,8.572541458638275,0.10227240105718374,0.6313295421747107,-6.252145747571837,-8.572541458638275,-0.10227240105718374,-0.6313295421747107,11.425565807554056,1.35,-,8.845333399576276,50.44331141473294,0.009699877252472958,0.3760006053579891
1.6949999999999859,6.3079006966198286,12.168638811324001,0.10308230698241683,-0.21999259950858585,-6.3079006966198286,-12.168638811324001,-0.10308230698241683,0.21999259950858585,-1.2579655838012622,-1.2579655838012622,-,9.044281455568356,51.18369026733523,0.009753007062537043,0.37624258907718183
1.6999999999999857,6.359209993714004,8.988339198013339,0.1046620971163634,0.673051656579676,-6.359209993714004,-8.988339198013339,-0.1046620971163634,-0.673051656579676,12.099841489149417,1.35,-,9.246479214289112,51.58764147502794,0.009807777835401018,0.378507581739305
1.7049999999999856,6.415359774530094,12.24214464128723,0.10551840476849254,-0.21068814229076058,-6.415359774530094,-12.24214464128723,-0.10551840476849254,0.21068814229076058,-1.076088779027072,-1.076088779027072,-,9.452263419472402,52.33699200211891,0.009863448504125454,0.37872952920581465
1.7099999999999855,6.469927843915142,10.047809992928057,0.10692718514738984,0.6120357006895092,-6.469927843915142,-10.047809992928057,-0.10692718514738984,-0.6120357006895092,11.244196601168653,1.35,-,9.66156325099974,52.84178443038883,0.009920615618743174,0.3806024677004071
1.7149999999999854,6.528150697436861,12.652492231106013,0.10716414493378953,-0.33453517893926116,-6.528150697436861,-12.652492231106013,-0.10716414493378953,0.33453517893926116,-2.8963896375624794,-1.35,-,9.874647008641961,53.6422122286798,0.009978036388540125,0.38116203663014675
1.7199999999999853,6.5802537870942,8.9315999732207,0.1082694083355414,0.5913508453667653,-6.5802537870942,-8.9315999732207,-0.1082694083355414,-0.5913508453667653,10.936145956482784,1.35,-,10.091145708154794,54.041079619087974,0.010036647712446764,0.38291051574172663
1.7249999999999852,6.638013340917601,12.556390740679365,0.10890975614093872,-0.2538256354220575,-6.638013340917601,-12.556390740679365,-0.10890975614093872,0.2538256354220575,-1.65708984076649,-1.35,-,10.31146181372579,54.82939436125105,0.010095954387360157,0.3832326530077137
1.729999999999985,6.689606418969862,8.824574787122506,0.11041709827075577,0.671467574397213,-6.689606418969862,-8.824574787122506,-0.11041709827075577,-0.671467574397213,12.172345842520778,1.35,-,10.5352159839294,55.21875996211863,0.010156914065312824,0.38548699652504803
1.734999999999985,6.746885887258792,12.455060575120282,0.11146709901286671,-0.17185353861207298,-6.746885887258792,-12.455060575120282,-0.11146709901286671,0.17185353861207298,-0.38681994699533706,-0.38681994699533706,-,10.762818329807853,55.994402631768196,0.010219038636124543,0.3856346647187155
1.739999999999985,6.806700620161787,11.657258356942299,0.11157648967761033,0.15323744781487172,-6.806700620161787,-11.657258356942299,-0.11157648967761033,-0.15323744781487172,4.477622254332549,1.35,-,10.994474196470403,56.67386099377069,0.010281285201368432,0.38575207329577954
1.7449999999999848,6.872489824678794,14.16232261574558,0.10947928097713516,-0.8009827287374989,-6.872489824678794,-14.16232261574558,-0.10947928097713516,0.8009827287374989,-9.814405671103394,-1.35,-,11.230629778421966,57.67671790313296,0.010341213766184782,0.3889599399544583
1.7499999999999847,6.932090063550355,10.430760717255428,0.10824820565887629,0.12417037171688568,-6.932090063550355,-10.430760717255428,-0.10824820565887629,-0.12417037171688568,3.9721774775235525,1.35,-,11.470899141667829,58.22072174883614,0.010399802136326613,0.38903703136051987
1.7549999999999846,6.997414902444938,14.075770359589729,0.10655850220283133,-0.7195778738442903,-6.997414902444938,-14.075770359589729,-0.10655850220283133,0.7195778738442903,-8.633878571332293,-1.35,-,11.715718218252617,59.21135830491564,0.010456575708285166,0.39162599294315115
1.7599999999999845,7.056637365979875,10.360934834338657,0.10573780196707186,0.20653178817012435,-7.056637365979875,-10.360934834338657,-0.10573780196707186,-0.20653178817012435,5.173528043383912,1.35,-,11.964698872827329,59.74810315812269,0.010512478122109304,0.3918392698407749
1.7649999999999844,7.121538044268907,13.995033652368628,0.10444861978582105,-0.6395902890710573,-7.121538044268907,-13.995033652368628,-0.10444861978582105,0.6395902890710573,-7.462362844460415,-1.35,-,12.21828039340717,60.72740799277732,0.010567025692985118,0.3938846485301448
1.7699999999999843,7.180393540026906,10.291448130949941,0.10402995284651637,0.2871257328157568,-7.180393540026906,-10.291448130949941,-0.10402995284651637,-0.2871257328157568,6.360379989154173,1.35,-,12.476070650355465,61.25697751593748,0.01062113684843136,0.39429685446236973
1.7749999999999841,7.244870423031112,13.912704850724054,0.10313361458979091,-0.5611156447713005,-7.244870423031112,-13.912704850724054,-0.10313361458979091,0.5611156447713005,-6.3016815387869185,-1.35,-,12.738511387588016,62.22479429725426,0.010674319560723136,0.39587110829640526
1.779999999999984,7.303337015888637,10.215758483437018,0.10310863936928866,0.3659533337177863,-7.303337015888637,-10.215758483437018,-0.10310863936928866,-0.3659533337177863,7.532378246610411,1.35,-,13.005205045426257,62.74660290421383,0.010727476518286065,0.39654071750870107
1.784999999999984,7.367387577062129,13.82837414269387,0.10260038629535462,-0.48356029191227773,-7.367387577062129,-13.82837414269387,-0.10260038629535462,0.48356029191227773,-5.143135598317484,-1.35,-,13.276597043979498,63.702722561365434,0.010780110714625844,0.3977098702882725
1.7899999999999838,7.425442254321518,10.133642972671552,0.10296383663953235,0.44362877375851856,-7.425442254321518,-10.133642972671552,-0.10296383663953235,-0.44362877375851856,8.698579705597055,1.35,-,13.55228300734081,64.2161761608533,0.010833118472903504,0.3986939027328049
1.7949999999999837,7.48906092697407,13.741439949224132,0.1028417762371406,-0.40635302668465934,-7.48906092697407,-13.741439949224132,-0.1028417762371406,0.40635302668465934,-3.9782775206493355,-1.35,-,13.832713175180452,65.16031202024394,0.010886000627601554,0.3995195166442838
1.7999999999999836,7.546677801825981,10.044552371058106,0.10359125515284771,0.5207282969221486,-7.546677801825981,-10.044552371058106,-0.10359125515284771,-0.5207282969221486,9.867551440619147,1.35,-,14.117474904403311,65.66477718191857,0.010939656368322264,0.400875306440361
1.8049999999999835,7.609855857883135,13.651159145362543,0.10385633033255627,-0.3289369383991798,-7.609855857883135,-13.651159145362543,-0.10385633033255627,0.3289369383991798,-2.7987917037767773,-1.35,-,14.407024435292096,66.59654791197862,0.010993587055072989,0.4014163039875781
1.8099999999999834,7.667004694109265,9.947652392215744,0.10499215240151659,0.5977974258483703,-7.667004694109265,-9.947652392215744,-0.10499215240151659,-0.5977974258483703,11.04747690935699,1.35,-,14.700939240189557,67.09132685256039,0.011048703815402504,0.40320311279933274
1.8149999999999833,7.729730393722885,13.556916399665763,0.10564815284395784,-0.25074184199437044,-7.729730393722885,-13.556916399665763,-0.10564815284395784,0.25074184199437044,-1.5960777935139583,-1.35,-,14.999682899987768,68.01027676389799,0.011104511476399204,0.4035174701559664
1.8199999999999832,7.786377841518964,9.842306528553125,0.10717347366149019,0.6754018670606726,-7.786377841518964,-9.842306528553125,-0.10717347366149019,-0.6754018670606726,12.246931355064262,1.35,-,15.302821299442249,68.49463175290798,0.011161942243682553,0.40579830856611154
1.824999999999983,7.848636336262941,13.458093079542646,0.10822704213874272,-0.17119249489066898,-7.848636336262941,-13.458093079542646,-0.10822704213874272,0.17119249489066898,-0.36137447623752345,-0.36137447623752345,-,15.610826761136776,69.40023309959612,0.011220507706933057,0.405944842917646
1.829999999999983,7.91354779274855,12.695914950374434,0.10827371857877305,0.13272229810255018,-7.91354779274855,-12.695914950374434,-0.10827371857877305,-0.13272229810255018,4.185400460937279,1.35,-,15.923947954477347,70.20616438173181,0.011279123697607432,0.4060329189597141
1.8349999999999829,7.984587476441928,15.220510040495116,0.1060736695031946,-0.821549898392712,-7.984587476441928,-15.220510040495116,-0.1060736695031946,0.821549898392712,-10.10834973347518,-1.35,-,16.242716140322106,71.36448401119584,0.011335381814416796,0.4094076401374594
1.8399999999999828,8.0495329735446,11.507145543669047,0.10474243721002,0.10449938408064409,-8.0495329735446,-11.507145543669047,-0.10474243721002,-0.10449938408064409,3.6907515491751264,1.35,-,16.566691045783006,72.02655600401174,0.01139023670518027,0.4094622407438256
1.8449999999999827,8.12010810325492,15.13413365991097,0.10293564178587082,-0.7430138936623271,-8.12010810325492,-15.13413365991097,-0.10293564178587082,0.7430138936623271,-8.973686780818428,-1.35,-,16.89637182382573,73.17176601219197,0.011443215436929614,0.41222258897470176
1.8499999999999825,8.184678972015986,11.438475607413295,0.10200043189187816,0.1840135476906645,-8.184678972015986,-11.438475607413295,-0.10200043189187816,-0.1840135476906645,4.846366364767045,1.35,-,17.231316673200528,73.8259596332989,0.01149523587746026,0.4123918939033703
1.8549999999999824,8.254847415990728,15.057473320570542,0.10058071047638799,-0.6657089559604209,-8.254847415990728,-15.057473320570542,-0.10058071047638799,0.6657089559604209,-7.845580319209454,-1.35,-,17.572029202506965,74.95959714729734,0.011545818274059934,0.4146077359735998
1.8599999999999823,8.31907612992177,11.374536811673869,0.1000343310914185,0.2619941184418027,-8.31907612992177,-11.374536811673869,-0.1000343310914185,-0.2619941184418027,5.990680524428666,1.35,-,17.918064340784127,75.60649758569795,0.01159585261104447,0.41495094056409026
1.8649999999999822,8.388839466429763,14.979455965170004,0.09899308187521301,-0.5901096163465065,-8.388839466429763,-14.979455965170004,-0.09899308187521301,0.5901096163465065,-6.731605319108811,-1.35,-,18.269927478751768,76.72841809076026,0.011644850762340233,0.4166920873606133
1.8699999999999821,8.45270548923797,11.304760938350901,0.0988262341710238,0.33802387721989496,-8.45270548923797,-11.304760938350901,-0.0988262341710238,-0.33802387721989496,7.116955109200319,1.35,-,18.627168629190727,77.36740619012656,0.011693683885142362,0.41726338806846713
1.874999999999982,8.522062496588333,14.899712902811284,0.09815767423875874,-0.5156407760805483,-8.522062496588333,-14.899712902811284,-0.09815767423875874,0.5156407760805483,-5.623369769707084,-1.35,-,18.990296375169507,78.47741341305755,0.011741858530202173,0.41859281511825186
1.879999999999982,8.585544456396715,11.228956127653726,0.0983640459442432,0.41269738035724546,-8.585544456396715,-11.228956127653726,-0.0983640459442432,-0.41269738035724546,8.233922295331272,1.35,-,19.35885424323332,79.10786069164139,0.011790235957874777,0.4194444107570205
1.8849999999999818,8.654491070783669,14.817733187787606,0.09806516112701096,-0.44174696426966237,-8.654491070783669,-14.817733187787606,-0.09806516112701096,0.44174696426966237,-4.512692740552673,-1.35,-,19.733355321704686,80.20568677576368,0.01183831983700911,0.4204201126592278
1.8899999999999817,8.717565552624981,11.146750235073076,0.09864127214628747,0.48658474987979405,-8.717565552624981,-11.146750235073076,-0.09864127214628747,-0.48658474987979405,9.350027957197684,1.35,-,20.113335067526247,80.82693697977918,0.011886970339862298,0.42160393625330567
1.8949999999999816,8.786094653477438,14.732833224614858,0.09871177037711903,-0.367891465250196,-8.786094653477438,-14.732833224614858,-0.09871177037711903,0.367891465250196,-3.3915949724647603,-1.35,-,20.499312363825563,81.91221885390073,0.011935690407917223,0.4222806569043253
1.8999999999999815,8.848734376533377,11.057374089253,0.09965677271498564,0.5602123076635821,-8.848734376533377,-11.057374089253,-0.09965677271498564,-0.5602123076635821,10.473133062524912,1.35,-,20.890812864157773,82.52354646264914,0.011985347769657054,0.42384984605261405
1.9049999999999814,8.916835948194677,14.644374121156579,0.1000990893377042,-0.29353326184182577,-8.916835948194677,-14.644374121156579,-0.1000990893377042,0.29353326184182577,-2.251951667210905,-1.35,-,21.28836268079285,83.59583492965112,0.012035446908088242,0.42428065493165157
1.9099999999999813,8.979010218607526,10.96017818950669,0.10141481190846198,0.63411828606077,-8.979010218607526,-10.96017818950669,-0.10141481190846198,-0.63411828606077,11.611360442072915,1.35,-,21.691475803322135,84.1964624593798,0.012086871728460385,0.42629118493523477
1.9149999999999812,9.046671246799546,14.551763959680956,0.10223410799378184,-0.21812344306695175,-9.046671246799546,-14.551763959680956,-0.10223410799378184,0.21812344306695175,-1.0854378970319476,-1.0854378970319476,-,22.100687106560475,85.25523163107113,0.012139130792646806,0.42652907411731167
1.919999999999981,9.112631980884755,12.311800809039184,0.10361358265902795,0.6078386602588008,-9.112631980884755,-12.311800809039184,-0.10361358265902795,-0.6078386602588008,11.282524939183606,1.35,-,22.515887414655683,86.0131338268784,0.012192809665204,0.4283764133018377
1.924999999999981,9.182294103992403,14.947793249190772,0.10383554465293658,-0.33757618492721986,-9.182294103992403,-14.947793249190772,-0.10383554465293658,0.33757618492721986,-2.839861974970738,-1.35,-,22.937460039716743,87.13031644198115,0.012246718766870859,0.42894620170498776
1.9299999999999808,9.245926704760736,11.24458162961737,0.10492820428052776,0.5891782416578178,-9.245926704760736,-11.24458162961737,-0.10492820428052776,-0.5891782416578178,11.006325389857961,1.35,-,23.364895842865774,87.76251952210679,0.012301768407138538,0.4306818567072027
1.9349999999999807,9.315139310754153,14.854504848876717,0.10554121064675036,-0.25934122973698376,-9.315139310754153,-14.854504848876717,-0.10554121064675036,0.25934122973698376,-1.637304616945801,-1.35,-,23.79875494475955,88.86580109363327,0.012357463142862445,0.43101814607441014
1.9399999999999806,9.378276641712556,11.140654883035257,0.1070236333841268,0.6668460352188613,-9.378276641712556,-11.140654883035257,-0.1070236333841268,-0.6668460352188613,12.205989192374027,1.35,-,24.238515308601997,89.48637204974774,0.012414733433376143,0.43324156424784566
1.9449999999999805,9.447023290816817,14.75610762042576,0.1080338116526635,-0.17987392553168052,-9.447023290816817,-14.75610762042576,-0.1080338116526635,0.17987392553168052,-0.4045986241440676,-0.4045986241440676,-,24.684746553888164,90.57508561027565,0.012473089955677157,0.4334033373932765
1.9499999999999804,9.518181304052316,13.913162827461266,0.10813273082205684,0.15596646241416096,-9.518181304052316,-13.913162827461266,-0.10813273082205684,-0.15596646241416096,4.620478407254585,1.35,-,25.13772543057221,91.54296610959288,0.012531553393052333,0.43352496508026644
1.9549999999999803,9.595307493518394,16.437298740022833,0.10604875099786376,-0.7983965313918235,-9.595307493518394,-16.437298740022833,-0.10604875099786376,0.7983965313918235,-9.672658431368204,-1.35,-,25.598075060048053,92.89389005893663,0.012587785080993365,0.43671215018695886
1.9599999999999802,9.666337072257669,12.723901549025548,0.10483330652698021,0.12765608496315523,-9.666337072257669,-12.723901549025548,-0.10483330652698021,-0.12765608496315523,4.12847238622285,1.35,-,26.06526542202056,93.7033784120831,0.012642735191780264,0.43679363056709947
1.96499999999998,9.742996193296054,16.350272755395387,0.10314252162190103,-0.7198366504419113,-9.742996193296054,-16.350272755395387,-0.10314252162190103,0.7198366504419113,-8.533686629460403,-1.35,-,26.539895296133455,95.04003550796219,0.012695927090612884,0.43938445458369657
1.96999999999998,9.813645610800428,12.653596860250275,0.10232319413253768,0.20716155685931656,-9.813645610800428,-12.653596860250275,-0.10232319413253768,-0.20716155685931656,5.2878890265148355,1.35,-,27.021433497005358,95.84060307547085,0.012748277270900308,0.43959903413689844
1.9749999999999799,9.889894731471614,16.27243909977619,0.10102028968051528,-0.642367608527787,-9.889894731471614,-16.27243909977619,-0.10102028968051528,0.642367608527787,-7.399165211454687,-1.35,-,27.510483586003296,97.16456444675045,0.012799302765535984,0.44166221485932694
1.9799999999999798,9.960191974673892,12.587125182171768,0.10059038880349055,0.28523430439531106,-9.960191974673892,-12.587125182171768,-0.10059038880349055,-0.28523430439531106,6.437520580612415,1.35,-,28.006510706865075,97.95674304850874,0.01284989489713417,0.4420690079013463
1.9849999999999797,10.036031755708004,16.193099497285207,0.09966762206725736,-0.5664292057694986,-10.036031755708004,-16.193099497285207,-0.09966762206725736,0.5664292057694986,-6.276120495359595,-1.35,-,28.51012037387296,99.2678254051536,0.012899563071576877,0.4436732181270896
1.9899999999999796,10.10595568411534,12.51467051403187,0.09961874374925105,0.3615330221768689,-10.10595568411534,-12.51467051403187,-0.09961874374925105,-0.3615330221768689,7.57180812653705,1.35,-,29.020772075319467,100.05091029552747,0.012949182542107772,0.4443267487577113
1.9949999999999795,10.18138392786619,16.111834981579626,0.09907119777245059,-0.49144771754166816,-10.18138392786619,-16.111834981579626,-0.09907119777245059,0.49144771754166816,-5.156155739792023,-1.35,-,29.539074968752516,101.34886642789571,0.012998258053248111,0.4455343530530958
1.9999999999999793,10.25091214329662,12.43597393894799,0.09939789848428365,0.4366488880856375,-10.25091214329662,-12.43597393894799,-0.09939789848428365,-0.4366488880856375,8.699457763059641,1.35,-,30.064480967600435,102.12213366694667,0.01304765776436357,0.4464876643104279
2.0049999999999795,10.325923799859613,16.028145338951898,0.09922344248387621,-0.4168623718149681,-10.325923799859613,-16.028145338951898,-0.09922344248387621,0.4168623718149681,-4.030984081192956,-1.35,-,30.59760447920298,103.40664088197953,0.013096884222055327,0.44735653549560395
2.0099999999999794,10.395031961840049,12.350672108740115,0.09992314207203024,0.5111569521811593,-10.395031961840049,-12.350672108740115,-0.09992314207203024,-0.5111569521811593,9.829016134446247,1.35,-,31.13788792664135,104.16933638966756,0.013146807393663062,0.4486629426444196
2.0149999999999793,10.46961885575633,15.941268479082966,0.10012238516465695,-0.3421379634852419,-10.46961885575633,-15.941268479082966,-0.10012238516465695,0.3421379634852419,-2.892623550996861,-1.35,-,31.685952521565383,105.43995659327855,0.013196929853718361,0.4492482345747087
2.019999999999979,10.538277984658013,12.257861823278814,0.10119508584188976,0.5855757562012421,-10.538277984658013,-12.257861823278814,-0.10119508584188976,-0.5855757562012421,10.968250986498877,1.35,-,32.24122903597501,106.19123247567151,0.013248132080711097,0.45096272940596194
2.024999999999979,10.612429030256314,15.850606251617066,0.10177139279925652,-0.266723173916801,-10.612429030256314,-15.850606251617066,-0.10177139279925652,0.266723173916801,-1.7327674305205738,-1.35,-,32.80434728558613,107.44744106839049,0.013299919162672598,0.4513184356634832
2.029999999999979,10.680607136587751,12.15694375764962,0.10321984618657708,0.6604546057559073,-10.680607136587751,-12.15694375764962,-0.10321984618657708,-0.6604546057559073,12.125479939753767,1.35,-,33.374724129616766,108.18639747602376,0.0133531908459065,0.45349943709480406
2.034999999999979,10.754308223032998,15.755557470495994,0.10417934027877787,-0.19006209955144016,-10.754308223032998,-15.755557470495994,-0.10417934027877787,0.19006209955144016,-0.5429579107586944,-0.5429579107586944,-,33.95299985639673,109.42758543205424,0.013407457520611106,0.45368005510323356
2.0399999999999787,10.82962183382629,14.642015566496028,0.1045241261685704,0.2457067455426091,-10.82962183382629,-14.642015566496028,-0.1045241261685704,-0.2457067455426091,5.979488260350665,1.35,-,34.539403401715155,110.49952853130178,0.01346208398536762,0.45398191412725925
2.0449999999999786,10.910451417771435,17.18473756182971,0.10288856184244345,-0.7088177777832136,-10.910451417771435,-17.18473756182971,-0.10288856184244345,0.7088177777832136,-8.3088254311641,-1.35,-,35.1345931524129,111.97610455664655,0.01351501426615765,0.45649402733776684
2.0499999999999785,10.985276583339761,13.489213722833652,0.10212447121661561,0.2182313655081593,-10.985276583339761,-13.489213722833652,-0.10212447121661561,-0.2182313655081593,5.514532888661887,1.35,-,35.737974660475246,112.88589899094795,0.013567161304264016,0.4567321519822246
2.0549999999999784,11.065621144219655,17.091772365190945,0.10086846080407944,-0.6330026559658999,-11.065621144219655,-17.091772365190945,-0.10086846080407944,0.6330026559658999,-7.197552634354703,-1.35,-,36.35021451701224,114.34654240386544,0.013618033536188935,0.458735613794524
2.0599999999999783,11.140017638886553,13.407224539440843,0.10048553117370836,0.29463962060334214,-11.140017638886553,-13.407224539440843,-0.10048553117370836,-0.29463962060334214,6.640622473000036,1.35,-,36.970714481985745,115.24531075312035,0.013668520246065246,0.4591696763246704
2.064999999999978,11.219952505451316,17.012200159299415,0.09960910759653557,-0.5571692038145059,-11.219952505451316,-17.012200159299415,-0.09960910759653557,0.5571692038145059,-6.074359339865512,-1.35,-,37.60015115310865,116.69238552442066,0.013718130117646136,0.4607218639330668
2.069999999999978,11.293973037277235,13.334021856521893,0.09960660420149549,0.3708073336081597,-11.293973037277235,-13.334021856521893,-0.09960660420149549,-0.3708073336081597,7.774648425766355,1.35,-,38.23792028794236,117.58136621877166,0.013767737495648903,0.46140935432635477
2.074999999999978,11.373495682388498,16.93062835423409,0.0991051963809424,-0.4822246097158243,-11.373495682388498,-16.93062835423409,-0.0991051963809424,0.4822246097158243,-4.953238805643007,-1.35,-,38.884702308128894,119.01459710111762,0.013816846695397428,0.46257205719743266
2.079999999999978,11.447117483778477,13.254507808612033,0.09947801655660568,0.44586085151104254,-11.447117483778477,-13.254507808612033,-0.09947801655660568,-0.44586085151104254,8.903057876538103,1.35,-,39.53988480156602,119.89300698736038,0.013866326074287609,0.4635660166919834
2.0849999999999778,11.526222460017873,16.846531036982,0.09934983133477897,-0.4076105686823663,-11.526222460017873,-16.846531036982,-0.09934983133477897,0.4076105686823663,-3.825931541073455,-1.35,-,40.20415382255511,121.31203502726034,0.013915678019218853,0.4643967485704912
2.0899999999999777,11.599420553960757,13.168257831540876,0.10009570811312275,0.5203688041120657,-11.599420553960757,-13.168257831540876,-0.10009570811312275,-0.5203688041120657,10.034309662167074,1.35,-,40.87688660849333,122.17905009885001,0.01396577377313219,0.4657506670319563
2.0949999999999775,11.678099327635607,16.75917131182665,0.10034169596181919,-0.3327893159658813,-11.678099327635607,-16.75917131182665,-0.10034169596181919,0.3327893159658813,-2.6844069007189746,-1.35,-,41.55877662802393,123.58339921414574,0.014016116052874658,0.4663044106760615
2.0999999999999774,11.750844356239778,13.074431500508092,0.10146097175054797,0.5948563192954571,-11.750844356239778,-13.074431500508092,-0.10146097175054797,-0.5948563192954571,11.176281769949828,1.35,-,42.249188343446775,124.43810300945312,0.014067587696817485,0.4680736808790901
2.1049999999999773,11.829085462733325,16.667950891676703,0.10208483919621618,-0.2572088191662801,-11.829085462733325,-16.667950891676703,-0.10208483919621618,0.2572088191662801,-1.5203372632080914,-1.35,-,42.948824657870006,125.82720594408981,0.01411969426878607,0.4684044627623747
2.1099999999999772,11.901345037026013,12.97241092233084,0.10358060688911912,0.669871320335543,-11.901345037026013,-12.97241092233084,-0.10358060688911912,-0.669871320335543,12.337280928297586,1.35,-,43.65703472632171,126.66862316977884,0.01417333897940366,0.47064810069141505
2.114999999999977,11.979133988606675,16.572266358291944,0.10458882351599902,-0.18031221538061457,-11.979133988606675,-16.572266358291944,-0.10458882351599902,0.18031221538061457,-0.32524019125912745,-0.32524019125912745,-,44.374532981906654,128.0418232310297,0.014228033089425962,0.4708106631664924
2.119999999999977,12.05975071474972,15.86429686976976,0.10449887849545013,0.09418589659770055,-12.05975071474972,-15.86429686976976,-0.10449887849545013,-0.09418589659770055,3.779947592382644,1.35,-,45.10172091841617,129.3002028068906,0.014282633167459995,0.47085501808208197
2.124999999999977,12.146699087018105,18.411982427349965,0.10210600807460582,-0.8600694518302884,-12.146699087018105,-18.411982427349965,-0.10210600807460582,0.8600694518302884,-10.515344044307515,-1.35,-,45.839432411968986,130.9952082914158,0.014334761351884651,0.47455361539194013
2.129999999999977,12.227664773493494,14.7197918809717,0.10058517037968011,0.06699148122650506,-12.227664773493494,-14.7197918809717,-0.10058517037968011,-0.06699148122650506,3.2971522026519513,1.35,-,46.58701134103364,132.07856965651138,0.014385348234386197,0.47457605468472475
2.1349999999999767,12.314150241538558,18.326387470489106,0.0985689189109071,-0.7848932533577758,-12.314150241538558,-18.326387470489106,-0.0985689189109071,0.7848932533577758,-9.435771257631707,-1.35,-,47.34520282188954,133.75785204510385,0.01443392739326252,0.47765634178055744
2.1399999999999766,12.394749896947472,14.653809666900164,0.0974273674802101,0.1432037975333709,-12.394749896947472,-14.653809666900164,-0.0974273674802101,-0.1432037975333709,4.398333664419617,1.35,-,48.11335194692892,134.8315227338725,0.014481387852933139,0.47775887841869735
2.1449999999999765,12.480851228984003,18.2551671510086,0.09578192942824364,-0.7108383568949834,-12.480851228984003,-18.2551671510086,-0.09578192942824364,0.7108383568949834,-8.361509019821565,-1.35,-,48.892210183929066,136.4977783724288,0.014527258742958123,0.4802853342668631
2.1499999999999764,12.561143369029935,14.597818998335972,0.09501329437701433,0.21804893034740463,-12.561143369029935,-14.597818998335972,-0.09501329437701433,-0.21804893034740463,5.490335485594201,1.35,-,49.681121797615674,137.56325996996966,0.014572396373499987,0.4805230609469913
2.1549999999999763,12.64686430654203,18.183057790939852,0.0937284605566664,-0.638815427239575,-12.64686430654203,-18.183057790939852,-0.0937284605566664,0.638815427239575,-7.306768772163151,-1.35,-,50.48083768155609,139.21637792311293,0.0146163214950916,0.4825634866973877
2.159999999999976,12.726831174141195,14.536631937576525,0.09332183240725736,0.29062682655864225,-12.726831174141195,-14.536631937576525,-0.09332183240725736,-0.29062682655864225,6.559035770205672,1.35,-,51.290698840231535,140.27294626355575,0.01465986631711084,0.48298580645896544
2.164999999999976,12.81217264709847,18.10973215728416,0.09239007311124289,-0.5682743833161265,-12.81217264709847,-18.10973215728416,-0.09239007311124289,0.5682743833161265,-6.263583104043632,-1.35,-,52.11145767992681,141.91275825759857,0.014702545945158343,0.484600485332632
2.169999999999976,12.891796115503707,14.470187300114942,0.09233743174344053,0.36151672416518293,-12.891796115503707,-14.470187300114942,-0.09233743174344053,-0.36151672416518293,7.6128879292518,1.35,-,52.942449715345376,142.95968986010058,0.014745176951663216,0.4852539570418876
2.174999999999976,12.976756340220945,18.03468208915978,0.09175384941224651,-0.4986903867590433,-12.976756340220945,-18.03468208915978,-0.09175384941224651,0.4986903867590433,-5.2242841648099185,-1.35,-,53.78443074091268,144.58593865038586,0.01478727079607304,0.48649741755111703
2.1799999999999757,13.056016041317099,14.39803015829827,0.09204983086632483,0.4312489297475587,-13.056016041317099,-14.39803015829827,-0.09204983086632483,-0.4312489297475587,8.6596826540269,1.35,-,54.63672851526831,145.62245501258218,0.014829636652885635,0.4874272957481591
2.1849999999999756,13.140590555478946,17.9573810135492,0.09181212360245163,-0.42954617725020294,-13.140590555478946,-17.9573810135492,-0.09181212360245163,0.42954617725020294,-4.181239562226128,-1.35,-,55.50010411600201,147.23479267691104,0.014871783983087594,0.4883498453401104
2.1899999999999755,13.219463690890732,14.319716183468872,0.09245397049454063,0.5003489176517901,-13.219463690890732,-14.319716183468872,-0.09245397049454063,-0.5003489176517901,9.707216193499967,1.35,-,56.37387521737588,148.26006403478652,0.01491452266638862,0.48960159053708696
2.1949999999999754,13.30364519398127,17.877153584277835,0.09256239436569423,-0.3603406196369226,-13.30364519398127,-17.877153584277835,-0.09256239436569423,0.3603406196369226,-3.126984499623618,-1.35,-,57.25881009461257,149.8580271361658,0.01495736165064217,0.49025081734788856
2.1999999999999753,13.382105075133168,14.234459919828149,0.09354979651262925,0.5693047939446334,-13.382105075133168,-14.234459919828149,-0.09354979651262925,-0.5693047939446334,10.76279225826083,1.35,-,58.15421377582208,150.87112638221174,0.01500111947277994,0.49187135708993024
2.204999999999975,13.465883500065779,17.793444135630793,0.09400716688327711,-0.29056088132351976,-13.465883500065779,-17.793444135630793,-0.09400716688327711,0.29056088132351976,-2.0538014938883924,-1.35,-,59.06086386800878,152.45415965325077,0.015045306209907041,0.49229348521870775
2.209999999999975,13.54390062936485,14.141723728082718,0.0953423709880834,0.6386298794046691,-13.54390062936485,-14.141723728082718,-0.0953423709880834,-0.6386298794046691,11.834174255627536,1.35,-,59.97805008929931,153.45410140325782,0.015090757048435186,0.4943327258330498
2.214999999999975,13.627263069218996,17.705688257978284,0.09615406695400164,-0.21969073036942752,-13.627263069218996,-17.705688257978284,-0.09615406695400164,0.21969073036942752,-0.9538456633030626,-0.9538456633030626,-,60.906561583087786,155.02155838670134,0.015136985071394158,0.49457404591810106
2.219999999999975,13.709887989723324,15.799828138042972,0.09724319988045775,0.5156529187836564,-13.709887989723324,-15.799828138042972,-0.09724319988045775,-0.5156529187836564,10.057833862311504,1.35,-,61.84636672654157,156.26973123265978,0.015184266271009111,0.49590353558135153
2.2249999999999748,13.796626626205647,18.37859980477894,0.09695722236130686,-0.4391767580143579,-13.796626626205647,-18.37859980477894,-0.09695722236130686,0.4391767580143579,-4.213855973651961,-1.35,-,62.79810125785618,157.95859588658084,0.015231269785849209,0.49686791670525154
2.2299999999999747,13.877522548126894,14.71338102143044,0.09754696053549539,0.489420935702476,-13.877522548126894,-14.71338102143044,-0.09754696053549539,-0.489420935702476,9.653886965923256,1.35,-,63.761029418225014,159.04101379198977,0.015278846833397775,0.49806558096677095
2.2349999999999746,13.963729045180136,18.270774455260373,0.09761449239415643,-0.36849256738102387,-13.963729045180136,-18.270774455260373,-0.09761449239415643,0.36849256738102387,-3.139206473890599,-1.35,-,64.73595806246104,160.71011978796471,0.015326489779024618,0.4987445148278462
2.2399999999999745,14.04407603890411,14.601189690688033,0.09855732451616114,0.559891788732982,-14.04407603890411,-14.601189690688033,-0.09855732451616114,-0.559891788732982,10.730523534107071,1.35,-,65.72213842139362,161.77609348988196,0.015375057510103537,0.5003119089032992
2.2449999999999743,14.129859566502235,18.183245295793867,0.09899259776693702,-0.29495066102840484,-14.129859566502235,-18.183245295793867,-0.09899259776693702,0.29495066102840484,-2.010511660346051,-1.35,-,66.72040307823897,163.42924553731697,0.015424055182166769,0.5007468883655047
2.2499999999999742,14.209745909783415,14.50497507794091,0.10030208173540783,0.6329858681693801,-14.209745909783415,-14.50497507794091,-0.10030208173540783,-0.6329858681693801,11.857808586521974,1.35,-,67.72998747234199,164.4812170473754,0.01547435772016905,0.5027502439120154
2.254999999999974,14.295093538243396,18.091594065689694,0.10111022338998069,-0.22036513514717834,-14.295093538243396,-18.091594065689694,-0.10111022338998069,0.22036513514717834,-0.8551880535144349,-0.8551880535144349,-,68.75173596867761,166.11774592656386,0.015525474106538909,0.5029930478759576
2.259999999999974,14.380292327543682,16.387452689283528,0.10199009497318245,0.44504863666555977,-14.380292327543682,-16.387452689283528,-0.10199009497318245,-0.44504863666555977,9.108541721468551,1.35,-,69.78570000580564,167.46048895478137,0.015577484003902102,0.5039833893209469
2.264999999999974,14.469888008079092,18.940059510607888,0.10135112874793921,-0.5097174084022594,-14.469888008079092,-18.940059510607888,-0.10135112874793921,0.5097174084022594,-5.167897484279482,-1.35,-,70.83258830063737,169.25411822610818,0.015628844260394507,0.5052824485030885
2.269999999999974,14.553519266895048,15.251932600830438,0.1015845286134163,0.41777135457140463,-14.553519266895048,-15.251932600830438,-0.1015845286134163,-0.41777135457140463,8.677517670464725,1.35,-,71.89161291589677,170.41722546640952,0.015680441342662558,0.5061551130265906
2.2749999999999737,14.642598314063987,18.836919111758142,0.10131795702849648,-0.43525971466500935,-14.642598314063987,-18.836919111758142,-0.10131795702849648,0.43525971466500935,-4.046684049749971,-1.35,-,72.96364134283189,172.19137307452408,0.0157317679847447,0.5071023681226419
2.2799999999999736,14.725716771586542,15.148516210498627,0.1019240274039123,0.49223661990583994,-14.725716771586542,-15.148516210498627,-0.1019240274039123,-0.49223661990583994,9.804408704719718,1.35,-,74.0478750150168,173.33876079142274,0.015783710521555867,0.5083138525725235
2.2849999999999735,14.814364309864635,18.749071960465024,0.10203892145433917,-0.3589851305962459,-14.814364309864635,-18.749071960465024,-0.10203892145433917,0.3589851305962459,-2.886637125524716,-1.35,-,75.14520196454373,175.09639928831618,0.01583577022901369,0.5089582041924695
2.2899999999999734,14.897032002135434,15.05574370048959,0.10302590574403521,0.5682562284455726,-14.897032002135434,-15.05574370048959,-0.10302590574403521,-0.5682562284455726,10.966228166939326,1.35,-,76.25480977690694,176.22977638019032,0.01588884191528558,0.5105727798983054
2.2949999999999733,14.98523754121108,18.657525003618346,0.10352497619941299,-0.2821500310866447,-14.98523754121108,-18.657525003618346,-0.10352497619941299,0.2821500310866447,-1.7068158215876656,-1.35,-,77.37759649773952,177.9702925764935,0.015942429018771024,0.5109708230985164
2.299999999999973,15.067422645859619,14.95486861305698,0.10489495846797321,0.6446006930673844,-15.067422645859619,-14.95486861305698,-0.10489495846797321,-0.6446006930673844,12.144229051125889,1.35,-,78.51273262368431,179.08853305266246,0.01599744378033101,0.5130483733660312
2.304999999999973,15.155172611099246,18.56167311096869,0.1057837263421794,-0.20418792286532392,-15.155172611099246,-18.56167311096869,-0.1057837263421794,0.20418792286532392,-0.4986225811838242,-0.4986225811838242,-,79.66112890804536,180.8112115960547,0.016053394764125196,0.5132568369052515
2.309999999999973,15.244794916143082,17.53649468177734,0.10596391154894143,0.19982256981269605,-15.244794916143082,-17.53649468177734,-0.10596391154894143,-0.19982256981269605,5.547318910705833,1.35,-,80.82314776822165,182.3488548246747,0.016109536516878954,0.5134564822022842
2.314999999999973,15.340071118904442,20.071120460913495,0.1040988178636465,-0.7547108731514766,-15.340071118904442,-20.071120460913495,-0.1040988178636465,0.7547108731514766,-8.744155575343003,-1.35,-,81.99973667788684,184.36310420745716,0.016163719336281995,0.5163044247125494
2.3199999999999728,15.429303367801097,16.368237611895548,0.10310365608047403,0.1718942880722289,-15.429303367801097,-16.368237611895548,-0.10310365608047403,-0.1718942880722289,5.069506049240499,1.35,-,83.19005368996501,185.70270022005448,0.0162168711557678,0.5164521629439087
2.3249999999999726,15.524105653210382,19.981987801606525,0.10162361709185776,-0.677749843530161,-15.524105653210382,-19.981987801606525,-0.10162361709185776,0.677749843530161,-7.6212894144140035,-1.35,-,84.39504297162517,187.6990994025722,0.01626850795352196,0.5187488871959345
2.3299999999999725,15.612939783023489,16.293484169468453,0.10101616052691897,0.24967669348367205,-15.612939783023489,-16.293484169468453,-0.10101616052691897,-0.24967669348367205,6.2107800848691745,1.35,-,85.61386241496673,189.02648753447576,0.01631952927695996,0.5190605794522791
2.3349999999999724,15.7073339051384,19.90361416415396,0.09991844151101535,-0.6013841921848122,-15.7073339051384,-19.90361416415396,-0.09991844151101535,0.6013841921848122,-6.495620620618338,-1.35,-,86.84746410700426,191.00725681845327,0.01636944775172991,0.520868894185328
2.3399999999999723,15.795805684416365,16.22404016805723,0.09969447245433011,0.3265120704510757,-15.795805684416365,-16.22404016805723,-0.09969447245433011,-0.3265120704510757,7.349411174318886,1.35,-,88.09500149310344,192.3233542153269,0.016419142690919646,0.5214019448460793
2.344999999999972,15.889790802277517,19.82354257518548,0.09897286139970515,-0.5262369657642347,-15.889790802277517,-19.82354257518548,-0.09897286139970515,0.5262369657642347,-5.376899081873134,-1.35,-,89.35742875180412,194.2882184164778,0.01646812082738787,0.522786571566763
2.349999999999972,15.977878710793258,16.148524059446267,0.09912559964337425,0.4018965610951454,-15.977878710793258,-16.148524059446267,-0.09912559964337425,-0.4018965610951454,8.47741804069845,1.35,-,90.6338917922882,195.59209256297035,0.016517250249911162,0.5235941757958635
2.354999999999972,16.071451145708142,19.74130302244742,0.0987766803875003,-0.45174405782319366,-16.071451145708142,-19.74130302244742,-0.0987766803875003,0.45174405782319366,-4.256826555258126,-1.35,-,91.92534950193259,197.54068778809076,0.016566034412853033,0.5246145392647563
2.359999999999972,16.159131992555537,16.066635267766134,0.09930223974785121,0.4764123805553495,-16.159131992555537,-16.066635267766134,-0.09930223974785121,-0.4764123805553495,9.603417289605556,1.35,-,93.23093723569671,198.83137163222787,0.01661533908694773,0.5257493830464883
2.364999999999972,16.252285006333615,19.656225380820427,0.09932534158215955,-0.3773631332260405,-16.252285006333615,-19.656225380820427,-0.09932534158215955,0.3773631332260405,-3.12735096678846,-1.35,-,94.55162107533216,200.76320761333588,0.016664666704349792,0.5264613977180792
2.3699999999999717,16.339531924599747,15.97764011417664,0.10022250963689312,0.5505939424021484,-16.339531924599747,-15.97764011417664,-0.10022250963689312,-0.5505939424021484,10.735380859853148,1.35,-,95.88652259290721,202.03963253142658,0.016714889461539376,0.5279771661651289
2.3749999999999716,16.432255835615976,19.56764946574858,0.10061970621761544,-0.302551103784041,-16.432255835615976,-19.56764946574858,-0.10061970621761544,0.302551103784041,-1.9803277407567723,-1.35,-,97.23661775214286,203.9540970594986,0.01676551108793597,0.5284348520171336
2.3799999999999715,16.519038339621083,15.880860478792767,0.1018899471385513,0.6249808044993361,-16.519038339621083,-15.880860478792767,-0.1018899471385513,-0.6249808044993361,11.88144001772901,1.35,-,98.6010108904722,205.21510570723296,0.016817418894575453,0.5303878570470967
2.3849999999999714,16.611320473669725,19.47497951312276,0.10266605729507806,-0.22675589007905858,-16.611320473669725,-19.47497951312276,-0.10266605729507806,0.22675589007905858,-0.8073950825504634,-0.8073950825504634,-,99.98069072986696,207.1114798424157,0.01687012049117803,0.5306449482155244
2.3899999999999713,16.703732440381934,17.865442547725557,0.10341196018500642,0.40423906735087334,-16.703732440381934,-17.865442547725557,-0.10341196018500642,-0.40423906735087334,8.640223561607986,1.35,-,101.37576411706627,208.70735002954606,0.016923590658724556,0.5314619943333879
2.394999999999971,16.80069410243878,20.41063394536706,0.10256896459411824,-0.5504840570345981,-16.80069410243878,-20.41063394536706,-0.10256896459411824,0.5504840570345981,-5.638485943602306,-1.35,-,102.78708072868484,210.79031991980486,0.016976192621214102,0.5329771578186342
2.399999999999971,16.89165793395061,16.71630057896956,0.1025974435873448,0.3766948229989145,-16.89165793395061,-16.71630057896956,-0.1025974435873448,-0.3766948229989145,8.199376327731304,1.35,-,104.21372126747279,212.18749344503712,0.01702882379836739,0.5336866527670051
2.404999999999971,16.98811047061401,20.309810209069976,0.10213214780261057,-0.4749780911209116,-16.98811047061401,-20.309810209069976,-0.10213214780261057,0.4749780911209116,-4.5069685267685555,-1.35,-,105.65670075428169,214.2499353986793,0.01708097867644126,0.5348146737022295
2.409999999999971,17.078579935594586,16.61749426936729,0.1025388971928241,0.4523289502605663,-17.078579935594586,-16.61749426936729,-0.1025388971928241,-0.4523289502605663,9.338510794611985,1.35,-,107.11509021736413,215.63064097764155,0.017133549803628863,0.5358376810984485
2.4149999999999707,17.17460163392129,20.222913197337427,0.1024580634733267,-0.39811448758300266,-17.17460163392129,-20.222913197337427,-0.1024580634733267,0.39811448758300266,-3.343404032341539,-1.35,-,108.58992492378356,217.67547206857674,0.017186038077482382,0.5366301568245659
2.4199999999999706,17.26463199941925,16.52794951607793,0.10324904313145522,0.5290584516328146,-17.26463199941925,-16.52794951607793,-0.10324904313145522,-0.5290584516328146,10.505756691762375,1.35,-,110.08026251416038,219.0413376446068,0.017239339902020187,0.5380296710507865
2.4249999999999705,17.360213836560536,20.13261224472582,0.10355392565363922,-0.3209805024001878,-17.360213836560536,-20.13261224472582,-0.10355392565363922,0.3209805024001878,-2.1643378528412907,-1.35,-,111.58714763641589,221.0679480235892,0.017292956979611585,0.5385448134653918
2.4299999999999704,17.449774643231695,16.430566473804152,0.10472976257248584,0.6058214281666489,-17.449774643231695,-16.430566473804152,-0.10472976257248584,-0.6058214281666489,11.68487017629237,1.35,-,113.10962081191371,222.41776559683964,0.01734779859545403,0.5403799114795212
2.4349999999999703,17.54490457494036,20.03829584462267,0.10542444951573603,-0.24300774942973988,-17.54490457494036,-20.03829584462267,-0.10542444951573603,0.24300774942973988,-0.9611873988199899,-0.9611873988199899,-,114.6487391946325,224.4254320986227,0.01740337016823251,0.5406751753109358
2.43999999999997,17.639329945056538,18.15365797788579,0.1064391463860638,0.5039459439032447,-17.639329945056538,-18.15365797788579,-0.1064391463860638,-0.5039459439032447,10.224422711699605,1.35,-,116.20446899918531,226.07320858851295,0.017460016627649476,0.5419449828828184
2.44499999999997,17.73768231483279,20.680704138712734,0.10609520966231474,-0.45068760471661395,-17.73768231483279,-20.680704138712734,-0.10609520966231474,0.45068760471661395,-4.045764550446921,-1.35,-,117.77759586869493,228.21166620687777,0.01751629759521593,0.5429605794680444
2.44999999999997,17.8299419687584,16.96679286765396,0.1066202363281654,0.4755479829241516,-17.8299419687584,-16.96679286765396,-0.1066202363281654,-0.4755479829241516,9.785056824888171,1.35,-,119.36713002174136,229.6510265079471,0.017573136969189298,0.5440913088883605
2.45499999999997,17.92777217817839,20.57522415793063,0.10666829520341632,-0.37229282881635184,-17.92777217817839,-20.57522415793063,-0.10666829520341632,0.37229282881635184,-2.8557526339082844,-1.35,-,120.97415509810466,231.76772575369253,0.01763002759519731,0.544784318640301
2.4599999999999698,18.01949697129723,16.857516813573824,0.10758512901479916,0.5537601305207762,-18.01949697129723,-16.857516813573824,-0.10758512901479916,-0.5537601305207762,10.978109108156994,1.35,-,122.59766645359757,233.18860511929213,0.017687900395122965,0.5463175700510728
2.4649999999999697,18.116867631266167,20.480437585036633,0.1080345262033622,-0.29202410181928085,-18.116867631266167,-20.480437585036633,-0.1080345262033622,0.29202410181928085,-1.6255601772874004,-1.35,-,124.23877091744163,235.285846737665,0.01774625768938289,0.5467439604312896
2.4699999999999696,18.2080957607192,16.754065716136356,0.10935161981852241,0.633564809803624,-18.2080957607192,-16.754065716136356,-0.10935161981852241,-0.633564809803624,12.207151589083692,1.35,-,125.89644467359919,236.68934032776804,0.01780604657316756,0.548750982272397
2.4749999999999694,18.304993541752154,20.381330364254385,0.11020743242190323,-0.21071357213372538,-18.304993541752154,-20.381330364254385,-0.11020743242190323,0.21071357213372538,-0.3677657467221582,-0.3677657467221582,-,127.5718086164171,238.76633346485238,0.017866774963972702,0.5489729833198038
2.4799999999999693,18.404525519938645,19.61502876368848,0.11007674191869403,0.09939049012682868,-18.404525519938645,-19.61502876368848,-0.11007674191869403,-0.09939049012682868,4.270490076754156,1.35,-,129.26544141448744,240.69008023185398,0.017927359409529876,0.549022375667442
2.4849999999999692,18.510132591529914,22.13079160551838,0.10771034563464403,-0.8547412163638379,-18.510132591529914,-22.13079160551838,-0.10771034563464403,0.8547412163638379,-10.022441925166344,-1.35,-,130.9785664572675,243.13893991728835,0.017985367002313547,0.5526752884021976
2.489999999999969,18.609601475250923,18.408478818301507,0.1062116092154901,0.07082930879913986,-18.609601475250923,-18.408478818301507,-0.1062116092154901,-0.07082930879913986,3.7681674055955163,1.35,-,132.71015279260578,244.8333003793076,0.018041771531974265,0.5527003723571224
2.494999999999969,18.71474985052623,22.046145532751098,0.10424533176288706,-0.7748554986498071,-18.71474985052623,-22.046145532751098,-0.10424533176288706,0.7748554986498071,-8.86963959862773,-1.35,-,134.4613621024446,247.26346304356375,0.018096106977946037,0.5557023775760616
2.499999999999969,18.813858153145997,18.343358531467743,0.10314966445184576,0.15179451892500187,-18.813858153145997,-18.343358531467743,-0.10314966445184576,-0.15179451892500187,4.94358424740791,1.35,-,136.23116839547805,248.94585705463356,0.01814930624432868,0.55581758545594
2.504999999999969,18.91859775374393,21.969699911865433,0.10157524364677716,-0.6966062396511087,-18.91859775374393,-21.969699911865433,-0.10157524364677716,0.6966062396511087,-7.729327031677908,-1.35,-,138.02073510031784,251.35919562572062,0.01820089389493819,0.5582438867215442
2.5099999999999687,19.017370411832903,18.281428615984858,0.10087342970052895,0.2308176263536192,-19.017370411832903,-18.281428615984858,-0.10087342970052895,-0.2308176263536192,6.101689229605236,1.35,-,139.82903698722208,253.03024878692733,0.018251771139035925,0.5585102706047218
2.5149999999999686,19.121704044622724,21.892164214747478,0.0996811215045333,-0.6202858516126313,-19.121704044622724,-21.892164214747478,-0.0996811215045333,0.6202858516126313,-6.606359505541611,-1.35,-,141.65723481507274,255.42658305695463,0.01830145276895793,0.5604340432932758
2.5199999999999685,19.220121848562883,18.213916573459603,0.09936274430398688,0.3076652502112403,-19.220121848562883,-18.213916573459603,-0.09936274430398688,-0.3076652502112403,7.238503123140116,1.35,-,143.50430023444073,257.08531684167934,0.018350817543736027,0.5609073328242136
2.5249999999999684,19.324049398024673,21.813073263217603,0.09854563814167489,-0.5453237178637763,-19.324049398024673,-21.813073263217603,-0.09854563814167489,0.5453237178637763,-5.492447754646181,-1.35,-,145.37139466012718,259.4643676676118,0.018399373757719776,0.5623942226105374
2.5299999999999683,19.42209153698779,18.14050002970728,0.09860321531562498,0.38292406442980786,-19.42209153698779,-18.14050002970728,-0.09860321531562498,-0.38292406442980786,8.36260285825515,1.35,-,147.2574828584828,261.1097563742508,0.01844798672807267,0.5631273768061346
2.534999999999968,19.525610065444887,21.731924529576727,0.09815719180590979,-0.4711604016761765,-19.525610065444887,-21.731924529576727,-0.09815719180590979,0.4711604016761765,-4.379385254844672,-1.35,-,149.16373010062176,263.4711390930469,0.01849616089958878,0.5642373374266728
2.539999999999968,19.62325368826153,18.060770937686442,0.09858608946078314,0.45716356818874104,-19.62325368826153,-18.060770937686442,-0.09858608946078314,-0.45716356818874104,9.482390431027053,1.35,-,151.08909052719108,265.10209632736473,0.018544756984764627,0.5652823300670681
2.544999999999968,19.726357318008883,21.64815731191887,0.0985097746515347,-0.3972464903001023,-19.726357318008883,-21.64815731191887,-0.0985097746515347,0.3972464903001023,-3.2590332957697816,-1.35,-,153.03473639237984,267.4453099023726,0.018593277863274107,0.5660713539373468
2.549999999999968,19.82357698731298,17.974217212909466,0.09930812767776206,0.5309376418543517,-19.82357698731298,-17.974217212909466,-0.09930812767776206,-0.5309376418543517,10.606113966732414,1.35,-,154.9996074152394,269.06067232445685,0.01864258838438842,0.5674808278350361
2.5549999999999677,19.926256825399083,21.561064593740642,0.09960286987555579,-0.3230467867453224,-19.926256825399083,-21.561064593740642,-0.09960286987555579,0.3230467867453224,-2.1233871881557222,-1.35,-,156.98488597059819,271.3850698565341,0.018692192042825653,0.5680026239671684
2.5599999999999676,20.023022994767036,17.880084341518035,0.10077142290699694,0.6047749042275777,-20.023022994767036,-17.880084341518035,-0.10077142290699694,-0.6047749042275777,11.741717513639664,1.35,-,158.98949321984298,272.98355693683305,0.018742966441199157,0.5698313873910857
2.5649999999999675,20.12526721664572,21.470053251937436,0.10144130116178952,-0.2480135526677481,-20.12526721664572,-21.470053251937436,-0.10144130116178952,0.2480135526677481,-0.9641720188848009,-0.9641720188848009,-,161.01462512254992,275.28837287003813,0.01879441812910614,0.5701389410026201
2.5699999999999674,20.22675934119417,19.565129486092772,0.10242668548665534,0.49854101578420223,-20.22675934119417,-19.565129486092772,-0.10242668548665534,-0.49854101578420223,10.214888482432487,1.35,-,163.0602340897828,277.20234432907597,0.01884687425860505,0.5713816567247157
2.5749999999999673,20.33223652180052,22.114713683955944,0.10205536676982041,-0.45620929279261246,-20.33223652180052,-22.114713683955944,-0.10205536676982041,0.45620929279261246,-4.0567251557907404,-1.35,-,165.12723329967494,279.64764713569264,0.01889895074803766,0.5724222913188673
2.579999999999967,20.431730530184616,18.422334633270022,0.10255591267641676,0.4710781088744739,-20.431730530184616,-18.422334633270022,-0.10255591267641676,-0.4710781088744739,9.790226237136144,1.35,-,167.2145113619653,281.3445592023935,0.018951539324162124,0.5735318642421711
2.584999999999967,20.53668301977178,22.008860776075206,0.10255966696234792,-0.3812014040992616,-20.53668301977178,-22.008860776075206,-0.10255966696234792,0.3812014040992616,-2.91798152074133,-1.35,-,169.32328810923815,283.76650896569674,0.01900413175059926,0.5742584367946073
2.589999999999967,20.63564147169014,18.31310765836704,0.10343515206231808,0.5459290200587116,-20.63564147169014,-18.31310765836704,-0.10343515206231808,-0.5459290200587116,10.93215039385039,1.35,-,171.45243660397878,285.4433585262314,0.019057625904010035,0.5757486292693186
2.594999999999967,20.740152024672135,21.9177922220075,0.10382500779087062,-0.3039860251793827,-20.740152024672135,-21.9177922220075,-0.10382500779087062,0.3039860251793827,-1.7344533354006462,-1.35,-,173.6032061340113,287.8453066056668,0.019111524065223907,0.5762106667868404
2.599999999999967,20.838634128701784,18.21398265842395,0.10508559752465686,0.6227211297816339,-20.838634128701784,-18.21398265842395,-0.10508559752465686,-0.6227211297816339,12.11492592791091,1.35,-,175.7744494957607,289.5040524270736,0.019166738979259478,0.5781495748142229
2.6049999999999667,20.942690015572246,21.822572716605773,0.10586626436123486,-0.22580679136196308,-20.942690015572246,-21.822572716605773,-0.10586626436123486,0.22580679136196308,-0.5249488500559181,-0.5249488500559181,-,177.9674308212024,291.8851758269313,0.019222777308908492,0.5784045183493488
2.6099999999999666,21.04847336960719,20.749149137138026,0.10599732180341832,0.19781423083471733,-21.04847336960719,-20.749149137138026,-0.10599732180341832,-0.19781423083471733,5.814095207099083,1.35,-,180.18262197715768,294.0378117765072,0.019278954470055978,0.5786001706989524
2.6149999999999665,21.15981595029894,23.285098758636966,0.10412251104587457,-0.7565860795668748,-21.15981595029894,-23.285098758636966,-0.10412251104587457,0.7565860795668748,-8.474858914630307,-1.35,-,182.42131103241027,296.74879089750453,0.01933316195658847,0.5814622831779243
2.6199999999999664,21.265121305983445,19.582925672406642,0.10311834628660449,0.17010337300638012,-21.265121305983445,-19.582925672406642,-0.10311834628660449,-0.17010337300638012,5.340589155082239,1.35,-,184.68233795320117,298.6662457869595,0.019386328923292888,0.581606958965465
2.6249999999999662,21.375986742287846,23.194622948254835,0.10162835657724566,-0.6797377026207653,-21.375986742287846,-23.194622948254835,-0.10162835657724566,0.6797377026207653,-7.3527082619961845,-1.35,-,186.96700199923345,301.356198455518,0.019437970537595845,0.5839171756872857
2.629999999999966,21.480883890297278,19.506092273560697,0.10101094550404431,0.24768611901662896,-21.480883890297278,-19.506092273560697,-0.10101094550404431,-0.24768611901662896,6.479813168893204,1.35,-,189.27414386277556,303.25863663444125,0.01948898659315395,0.5842239177550533
2.634999999999966,21.591341334995676,23.1163207829322,0.09990328859853236,-0.6033703381313893,-21.591341334995676,-23.1163207829322,-0.09990328859853236,0.6033703381313893,-6.226025673934384,-1.35,-,191.60507396599698,305.9304580671383,0.019538889928517957,0.5860441965797373
2.639999999999966,21.69587681825321,19.43683142713745,0.0996693900148177,0.32452891129390343,-21.69587681825321,-19.43683142713745,-0.0996693900148177,-0.32452891129390343,7.619546220903694,1.35,-,193.95862932056102,307.81941014677307,0.019588559865047584,0.5865707916510653
2.644999999999966,21.805925521200777,23.036347864674646,0.09893778187381326,-0.5282349671046089,-21.805925521200777,-23.036347864674646,-0.09893778187381326,0.5282349671046089,-5.106493800320411,-1.35,-,196.33612125974173,310.4727767614845,0.019637503288458133,0.5879659525534253
2.6499999999999657,21.91007799471398,19.361534284175978,0.09908055179769623,0.39990812176603685,-21.91007799471398,-19.361534284175978,-0.09908055179769623,-0.39990812176603685,8.748463908928075,1.35,-,198.73637884841392,312.34712181067107,0.01968658806718081,0.5887655850826975
2.6549999999999656,22.019714358729022,22.954214309101843,0.09872150296943702,-0.4537694028931217,-22.019714358729022,-22.954214309101843,-0.09872150296943702,0.4537694028931217,-3.985845638324072,-1.35,-,201.16071795061396,314.9816015834119,0.019735317742923534,0.5897951184377074
2.6599999999999655,22.12346062181792,19.279863036487143,0.09923697253964409,0.47440216578677513,-22.12346062181792,-19.279863036487143,-0.09923697253964409,-0.47440216578677513,9.875122760498748,1.35,-,203.60795550003954,316.8401671769403,0.019784557626517704,0.5909204055122232
2.6649999999999654,22.2326779970838,22.86926541375494,0.09924973874254199,-0.3794301724335935,-22.2326779970838,-22.86926541375494,-0.09924973874254199,0.3794301724335935,-2.8560140772073215,-1.35,-,206.07941535464957,319.4551836797641,0.019833810179720017,0.5916402417909882
2.6699999999999653,22.335991331943248,19.191114467432506,0.10013662751764077,0.5485482518361866,-22.335991331943248,-19.191114467432506,-0.10013662751764077,-0.5485482518361866,11.007535132933791,1.35,-,208.57389789855273,321.29667805227456,0.01988394690057305,0.5931447677139509
2.674999999999965,22.444780118653725,22.78083602133165,0.10052320690925547,-0.30467495910823866,-22.444780118653725,-22.78083602133165,-0.10052320690925547,0.30467495910823866,-1.708868357811966,-1.35,-,211.09273867142625,323.8915105014285,0.019934471476209654,0.5936089018674889
2.679999999999965,22.547630135150087,19.094602547314913,0.1017829041096619,0.6228848644383799,-22.547630135150087,-19.094602547314913,-0.1017829041096619,-0.6228848644383799,12.153813784572929,1.35,-,213.63471679498383,325.7145297336281,0.019986270274054637,0.595548829639221
2.684999999999965,22.65597774654308,22.688330578816995,0.10254803872864313,-0.22895208607044437,-22.65597774654308,-22.688330578816995,-0.10254803872864313,0.22895208607044437,-0.5360549886889553,-0.5360549886889553,-,216.20118343324305,328.28833145589647,0.020038850775290093,0.595810924927801
2.689999999999965,22.765966084174625,21.58229641992043,0.10267853547715855,0.20058092755245568,-22.765966084174625,-21.58229641992043,-0.10267853547715855,-0.20058092755245568,5.8911765172096064,1.35,-,218.79262949197192,330.61730904968294,0.020091565183528764,0.59601208847029
2.6949999999999648,22.881530118471463,24.136769689351407,0.10081727888661351,-0.7539138845271735,-22.881530118471463,-24.136769689351407,-0.10081727888661351,0.7539138845271735,-8.398452486082512,-1.35,-,221.41045159478446,333.53022730486686,0.02014238580213927,0.5988540191967042
2.6999999999999647,22.99114677930579,20.45221862241862,0.09982905767334219,0.1736321099033228,-22.99114677930579,-20.45221862241862,-0.09982905767334219,-0.1736321099033228,5.430607757270578,1.35,-,224.0534157459223,335.62169353776284,0.020192215005919008,0.5990047597446516
2.7049999999999645,23.10623078384284,24.04568060883452,0.09833877334613479,-0.6798286084979615,-23.10623078384284,-24.04568060883452,-0.09833877334613479,0.6798286084979615,-7.317184683746995,-1.35,-,226.72290525110327,338.5126673174732,0.020240567577635118,0.6013155944293129
2.7099999999999644,23.215435678753764,20.374678270493316,0.0977234146006943,0.24843405872646981,-23.215435678753764,-20.374678270493316,-0.0977234146006943,-0.24843405872646981,6.528473092467478,1.35,-,229.417687519875,340.5883048906037,0.020288316906441214,0.6016241918369895
2.7149999999999643,23.330125328868938,23.970140481553166,0.09660326456403977,-0.6058952214328737,-23.330125328868938,-23.970140481553166,-0.09660326456403977,0.6058952214328737,-6.226771530246688,-1.35,-,232.1391612591786,343.4611430641306,0.02033497786006336,0.6034597369337654
2.7199999999999642,23.438982494325938,20.308255015405745,0.09635922571179001,0.3228388563347815,-23.438982494325938,-20.308255015405745,-0.09635922571179001,-0.3228388563347815,7.631695630779725,1.35,-,234.88609076102512,345.5232691729843,0.020381403361962237,0.6039808615695632
2.724999999999964,23.553277323932093,23.89306745435865,0.09560287221899545,-0.5332039466415309,-23.553277323932093,-23.89306745435865,-0.09560287221899545,0.5332039466415309,-5.144023674293575,-1.35,-,237.65987512451534,348.37766253487695,0.020427102907844844,0.6054023938131337
2.729999999999964,23.661766695182877,20.23610955821885,0.09572330904126114,0.3957844840107629,-23.661766695182877,-20.23610955821885,-0.09572330904126114,-0.3957844840107629,8.723809754752052,1.35,-,240.4592711402016,350.4251631851381,0.020472917667313885,0.6061856206020519
2.734999999999964,23.77566342726271,23.813919623277613,0.09532711889299189,-0.461215889856881,-23.77566342726271,-23.813919623277613,-0.09532711889299189,0.461215889856881,-4.061026634902276,-1.35,-,243.28568199723392,353.2606770242577,0.020518353965296075,0.6072492210873343
2.739999999999964,23.883762506596526,20.157790826747828,0.09580791092672744,0.46781930048335474,-23.883762506596526,-20.157790826747828,-0.09580791092672744,-0.46781930048335474,9.812914487950051,1.35,-,246.1378525545914,355.29235967933226,0.020564249744276793,0.608343495576858
2.7449999999999637,23.99725497235545,23.732087823220564,0.09577091643847586,-0.38940245575162413,-23.99725497235545,-23.732087823220564,-0.09577091643847586,0.38940245575162413,-2.969941134338594,-1.35,-,249.01719378563254,358.1084196415775,0.02061011008645412,0.6091016669395849
2.7499999999999636,24.104938154863287,20.07266902927298,0.09661057727552125,0.5394687404707692,-24.104938154863287,-20.07266902927298,-0.09661057727552125,-0.5394687404707692,10.906840672974349,1.35,-,251.9224340028814,360.1229798513711,0.020656778104661665,0.6105567995493104
2.7549999999999635,24.21801728107841,23.64692908923493,0.09693446182099465,-0.3172386910461794,-24.21801728107841,-23.64692908923493,-0.09693446182099465,0.3172386910461794,-1.8629041653499367,-1.35,-,254.8549958080144,362.91886612812755,0.020703759554104292,0.6110600014847939
2.7599999999999634,24.325255386581684,19.980085920300738,0.09813408693294072,0.6112547027534228,-24.325255386581684,-19.980085920300738,-0.09813408693294072,-0.6112547027534228,12.013443779164733,1.35,-,257.81358605612644,364.9148852950405,0.0207519110491951,0.6129281630429847
2.7649999999999633,24.437909213365344,23.557864044473472,0.09882318976479344,-0.24419121668287552,-24.437909213365344,-23.557864044473472,-0.09882318976479344,0.24419121668287552,-0.7318467543471479,-0.7318467543471479,-,260.7996430897298,367.68975008672993,0.020800741163371543,0.61322630979451
2.769999999999963,24.551085027712677,22.07474117681644,0.09930291015109166,0.3281133849444808,-24.551085027712677,-22.07474117681644,-0.09930291015109166,-0.3281133849444808,7.834782651078423,1.35,-,263.8134219699196,370.12622107684706,0.02085004650319392,0.6137646017614086
2.774999999999963,24.66916353359656,24.64456321446069,0.09807895194722135,-0.6266415628650029,-24.66916353359656,-24.64456321446069,-0.09807895194722135,0.6266415628650029,-6.448781358133647,-1.35,-,266.8562601171562,373.1629935570047,0.020898143907269247,0.615728000002958
2.779999999999963,24.78136733951195,20.974593515790026,0.0977298335156199,0.30168345847961886,-24.78136733951195,-20.974593515790026,-0.0977298335156199,-0.30168345847961886,7.40194594382486,1.35,-,269.9268409532353,375.36266142276776,0.0209458995090642,0.6161830645485591
2.784999999999963,24.898944857795428,24.54683986165907,0.09686501820645799,-0.5548734863668462,-24.898944857795428,-24.54683986165907,-0.09686501820645799,0.5548734863668462,-5.383232430860825,-1.35,-,273.0266282283929,378.37539815873737,0.020992813667824888,0.6177224874779236
2.7899999999999627,25.01068239055904,20.883272574971137,0.0968760733050857,0.37379740282652024,-25.01068239055904,-20.883272574971137,-0.0968760733050857,-0.37379740282652024,8.478194889095873,1.35,-,276.1542993965999,380.55595352594,0.02103973853571995,0.6184211099697228
2.7949999999999626,25.12785875470906,24.46750430944166,0.0963760845244742,-0.48195972997754016,-25.12785875470906,-24.46750430944166,-0.0963760845244742,0.48195972997754016,-4.289290245418793,-1.35,-,279.3113458245829,383.5492473616027,0.02108618028406129,0.6195825358763228
2.7999999999999625,25.239208635110167,20.80596486696445,0.0967523047477025,0.44681906902786395,-25.239208635110167,-20.80596486696445,-0.0967523047477025,-0.44681906902786395,9.579258249377194,1.35,-,282.4964340872159,385.71368823182945,0.021132985326431254,0.6205807722785575
2.8049999999999624,25.355978536415655,24.385658973567388,0.0966153995024577,-0.40937307406620266,-25.355978536415655,-24.385658973567388,-0.0966153995024577,0.40937307406620266,-3.1894127975282,-1.35,-,285.71106232491167,388.686990049705,0.02117965800353635,0.6214187038474095
2.8099999999999623,25.466916036803344,20.72201609013228,0.09735454208563883,0.5193033803070637,-25.466916036803344,-20.72201609013228,-0.09735454208563883,-0.5193033803070637,10.682985799165317,1.35,-,288.95388138703953,390.83399980390345,0.02122704753785987,0.6227670838514012
2.814999999999962,25.583271128430447,24.30062489551836,0.0975816480281322,-0.33658606221325443,-25.583271128430447,-24.30062489551836,-0.0975816480281322,0.33658606221325443,-2.075722869729248,-1.35,-,292.2264001951934,393.7866016554668,0.0212746584280193,0.6233335347377823
2.819999999999962,25.693767616911387,20.630680482292743,0.09868404870371868,0.5917692378889952,-25.693767616911387,-20.630680482292743,-0.09868404870371868,-0.5917692378889952,11.797163613213018,1.35,-,295.5272486669525,395.91472654127904,0.021323351135362087,0.6250844888923409
2.824999999999962,25.809696686106747,24.211817386309,0.09927877821460421,-0.2630609632451021,-25.809696686106747,-24.211817386309,-0.09927877821460421,0.2630609632451021,-0.9401085602870183,-0.9401085602870183,-,298.8579508820966,398.84578704701886,0.02137263251438101,0.6254304942442581
2.829999999999962,25.924991515302708,22.343741216079774,0.10012942087201414,0.4642065952475787,-25.924991515302708,-22.343741216079774,-0.10012942087201414,-0.4642065952475787,9.948914726727597,1.35,-,302.2184768074391,401.34200090467453,0.021422762019001833,0.6265079330596148
2.8349999999999618,26.044400036063124,24.90651723164918,0.09958616644512545,-0.4906052734294138,-26.044400036063124,-24.90651723164918,-0.09958616644512545,0.4906052734294138,-4.325380258688817,-1.35,-,305.61003067363146,404.44367390772663,0.021472349041738014,0.6277114007311986
2.8399999999999617,26.157891906951722,21.22759125116702,0.09991652070113265,0.4373257411950907,-26.157891906951722,-21.22759125116702,-0.09991652070113265,-0.4373257411950907,9.529501429744759,1.35,-,309.0312072187102,406.6967270593597,0.02152226559728311,0.6286676697507577
2.8449999999999616,26.276779313353554,24.80214002405674,0.09973815460036081,-0.41763981001092615,-26.276779313353554,-24.80214002405674,-0.09973815460036081,0.41763981001092615,-3.2214108581432033,-1.35,-,312.4835528741236,409.77245780822426,0.021572004094698536,0.6295397848052875
2.8499999999999615,26.38974921282161,21.121932771292446,0.10043357146340015,0.5102487105361555,-26.38974921282161,-21.121932771292446,-0.10043357146340015,-0.5102487105361555,10.638262853932048,1.35,-,315.9656471917016,412.0031380281992,0.021622438606083004,0.6308415535383065
2.8549999999999613,26.508209830328642,24.714874148921115,0.10063081635060875,-0.342532776494349,-26.508209830328642,-24.714874148921115,-0.10063081635060875,0.342532776494349,-2.0739035259645355,-1.35,-,319.47907313374515,415.0572630491842,0.021673071412079952,0.6314281970531711
2.8599999999999612,26.6207288654954,21.028765486108238,0.10170115221304092,0.5850511006186266,-26.6207288654954,-21.028765486108238,-0.10170115221304092,-0.5850511006186266,11.786688256816996,1.35,-,323.0223891603962,417.2683079385328,0.021724787033887253,0.6331396210048464
2.864999999999961,26.738751600379434,24.62381245467679,0.10227734922255706,-0.2667398368831339,-26.738751600379434,-24.62381245467679,-0.10227734922255706,0.2667398368831339,-0.9049110017999394,-0.9049110017999394,-,326.5971933461301,420.2999686375482,0.021777090314707218,0.6334953717077486
2.869999999999961,26.85635984261704,22.832303878786355,0.10303957058365462,0.43639923343558706,-26.85635984261704,-22.832303878786355,-0.10303957058365462,-0.43639923343558706,9.622482531569032,1.35,-,330.20351366611067,422.9065391396144,0.021830176080237535,0.6344475931624645
2.874999999999961,26.97816191208718,25.379025327883,0.10235739954712214,-0.5183495214634017,-26.97816191208718,-25.379025327883,-0.10235739954712214,0.5183495214634017,-4.653174845703046,-1.35,-,333.8426197668845,426.12701377258094,0.02188256126644778,0.6357910242944711
2.879999999999961,27.093971389288747,21.685520683377465,0.10254679097925318,0.40887231557703724,-27.093971389288747,-21.685520683377465,-0.10254679097925318,-0.40887231557703724,9.188755867583456,1.35,-,337.5130361951024,428.47832280912684,0.02193514048814849,0.6366269071466977
2.8849999999999607,27.215259213992397,25.276607616087777,0.10224129762357087,-0.4430312700936109,-27.215259213992397,-25.276607616087777,-0.10224129762357087,0.4430312700936109,-3.517707066169148,-1.35,-,341.2163878655263,431.6728572720151,0.021987406902847246,0.6376082906781014
2.8899999999999606,27.330561309625807,21.583380511290567,0.10280778057021044,0.4842322613969079,-27.330561309625807,-21.583380511290567,-0.10280778057021044,-0.4842322613969079,10.330490692117618,1.35,-,344.9511857730223,434.00206884349086,0.022040254101576107,0.6387806950929892
2.8949999999999605,27.451414624737627,25.188317194144055,0.10288717465310515,-0.366074055274041,-27.451414624737627,-25.188317194144055,-0.10288717465310515,0.366074055274041,-2.345980280441652,-1.35,-,348.7190865975185,437.17432545885487,0.0220931829551166,0.639450746162713
2.8999999999999604,27.566265058512602,21.490590222353042,0.1038380542123843,0.5609561451342907,-27.566265058512602,-21.490590222353042,-0.1038380542123843,-0.5609561451342907,11.504375396987689,1.35,-,352.51858144389934,439.4835527993803,0.02214709466262967,0.6410241051465326
2.9049999999999603,27.68667361258072,25.09636409326247,0.10430477023343258,-0.288610769451661,-27.68667361258072,-25.09636409326247,-0.10430477023343258,0.288610769451661,-1.1551957619049475,-1.1551957619049475,-,356.35134092254714,442.63269025288815,0.022201492088096915,0.64144058602775
2.90999999999996,27.804350334439906,22.493514946977175,0.1054277159344238,0.5666259455176548,-27.804350334439906,-22.493514946977175,-0.1054277159344238,-0.5666259455176548,11.642849234098318,1.35,-,360.2167504101484,445.1624813262375,0.022257067104532662,0.6430459108384189
2.91499999999996,27.926110600793244,25.36359708230809,0.10556405056358338,-0.3546693904578448,-27.926110600793244,-25.36359708230809,-0.10556405056358338,0.3546693904578448,-2.112263732736029,-1.35,-,364.11608867658697,448.3790416110058,0.022312785948389615,0.6436748627210576
2.91999999999996,28.041794790453974,21.65145461063285,0.10656988532849401,0.5716514355788626,-28.041794790453974,-21.65145461063285,-0.10656988532849401,-0.5716514355788626,11.728020697441163,1.35,-,368.04779995193655,450.7229690447872,0.022369571650684254,0.6453087895400544
2.92499999999996,28.163099639573176,25.26940911917073,0.10710361301428997,-0.2751737918254363,-28.163099639573176,-25.26940911917073,-0.10710361301428997,0.2751737918254363,-0.8891405142008532,-0.8891405142008532,-,372.0136008584791,453.91568423094725,0.022426927570287827,0.6456873926185924
2.9299999999999597,28.28411571396165,23.525152936613253,0.1078019445563748,0.41946714242299676,-28.28411571396165,-23.525152936613253,-0.1078019445563748,-0.41946714242299676,9.510903991981303,1.35,-,376.01355686708285,456.6828483344024,0.022485033866538506,0.646567156036455
2.9349999999999596,28.409301832703328,26.045365322990975,0.10703549855177436,-0.5351394073789763,-28.409301832703328,-26.045365322990975,-0.10703549855177436,0.5351394073789763,-4.764279252640077,-1.35,-,380.048999020191,460.07465360844265,0.02254231685628964,0.6479990269631045
2.9399999999999595,28.528367897992986,22.3270691039191,0.10713720677072236,0.3908619888594013,-28.528367897992986,-22.3270691039191,-0.10713720677072236,-0.3908619888594013,9.057664032449956,1.35,-,384.1183378948071,462.5671436822985,0.022599708761662802,0.6487628924347801
2.9449999999999594,28.653046371851943,25.944616523255515,0.1067671385878274,-0.45588490897315037,-28.653046371851943,-25.944616523255515,-0.1067671385878274,0.45588490897315037,-3.571752370440656,-1.35,-,388.2233232267445,465.9327593149923,0.022656704871073963,0.6498020476859274
2.9499999999999593,28.771616285757368,22.227486453776905,0.10726579741941915,0.4702095156623572,-28.771616285757368,-22.227486453776905,-0.10726579741941915,-0.4702095156623572,10.25754407673248,1.35,-,392.36235274521874,468.40306508525646,0.02271423462755408,0.6509075326290246
2.954999999999959,28.895843030314538,25.853124717493788,0.10729738452109508,-0.375576968359409,-28.895843030314538,-25.853124717493788,-0.10729738452109508,0.375576968359409,-2.3512975420122517,-1.35,-,396.5372014673815,471.7449853735478,0.02277179827117942,0.6516128229248348
2.959999999999959,29.013947338304387,22.132132433390634,0.10819730068678164,0.5503144375298752,-29.013947338304387,-22.132132433390634,-0.10819730068678164,-0.5503144375298752,11.480876615449839,1.35,-,400.74624716813094,474.19414180379346,0.022830331550558948,0.6531270528256039
2.964999999999959,29.137712292483354,25.75795555020781,0.10863255473014502,-0.29484299366077116,-29.137712292483354,-25.75795555020781,-0.10863255473014502,0.29484299366077116,-1.1124889812559013,-1.1124889812559013,-,404.9912785563285,477.5115031744258,0.022889336710294937,0.6535617147801581
2.969999999999959,29.259359810461312,23.376264858468872,0.109674725921937,0.5438751809097142,-29.259359810461312,-23.376264858468872,-0.109674725921937,-0.5438751809097142,11.441148292062598,1.35,-,409.2718292389186,480.24375196809217,0.022949479437825195,0.6550407158422059
2.974999999999959,29.38485591729972,26.101558173986554,0.10963775719597127,-0.3892653654589173,-29.38485591729972,-26.101558173986554,-0.10963775719597127,0.3892653654589173,-2.496988723772471,-1.35,-,413.58917802532085,483.6502086636421,0.023009581626840008,0.6557983534659352
2.9799999999999587,29.50416544319926,22.368403957235838,0.11046738991732657,0.5360260501503659,-29.50416544319926,-22.368403957235838,-0.11046738991732657,-0.5360260501503659,11.324936297888074,1.35,-,417.9416569178191,486.15193614161245,0.02307059684801574,0.6572349730981342
2.9849999999999586,29.629192916368677,26.00550021134449,0.11084288671007593,-0.30675604831558445,-29.629192916368677,-26.00550021134449,-0.11084288671007593,0.30675604831558445,-1.233419703200991,-1.233419703200991,-,422.33110228219596,489.5333663478236,0.023132027575686852,0.6577054694640251
2.9899999999999585,29.74998752603724,22.926702464675905,0.1119565285639254,0.5756177974810132,-29.74998752603724,-22.926702464675905,-0.1119565285639254,-0.5756177974810132,11.962148441009086,1.35,-,426.7564110711927,492.1615347773424,0.023194698897127275,0.6593621487079095
2.9949999999999584,29.87561518865099,26.1221245892661,0.11231667099707582,-0.30981088924363187,-29.87561518865099,-26.1221245892661,-0.11231667099707582,0.30981088924363187,-1.2449461743669787,-1.2449461743669787,-,431.2191729856944,495.57336174262804,0.0232577740700466,0.6598420626433792
2.9999999999999583,29.996774380088542,22.97052862333143,0.11342660508436794,0.5764232945484384,-29.996774380088542,-22.97052862333143,-0.11342660508436794,-0.5764232945484384,12.007030042162265,1.35,-,435.71820535174396,498.21158766880444,0.023322102043751423,0.6615033817158695
3.004999999999958,30.12288844025851,26.216153848729277,0.11381958267104282,-0.3032099681598985,-30.12288844025851,-26.216153848729277,-0.11381958267104282,0.3032099681598985,-1.1116171677479083,-1.1116171677479083,-,440.25514739166516,501.6480212819056,0.023386876530748474,0.6619630631398271
3.009999999999958,30.246767338337886,23.81465549594452,0.11481574939831278,0.5341228576918072,-30.246767338337886,-23.81465549594452,-0.11481574939831278,-0.5341228576918072,11.420242909804205,1.35,-,444.8294820637628,504.4837103638581,0.023452789812297953,0.6633894992753714
3.014999999999958,30.374599871150288,26.557486995696117,0.11475323478837086,-0.39427552412020583,-30.374599871150288,-26.557486995696117,-0.11475323478837086,0.39427552412020583,-2.446700605217591,-1.35,-,449.4425636504251,508.01021094149087,0.023518631336769926,0.6641667652199726
3.019999999999958,30.49610800116801,22.797372980968003,0.11555371728141475,0.5296537557890508,-30.49610800116801,-22.797372980968003,-0.11555371728141475,-0.5296537557890508,11.353903875723063,1.35,-,454.0926266665195,510.6088120156577,0.02358539464465769,0.6655694307250799
3.0249999999999577,30.623451586612255,26.457435161168,0.11592256817124492,-0.30798593464503904,-30.623451586612255,-26.457435161168,-0.11592256817124492,0.30798593464503904,-1.1268637304190614,-1.1268637304190614,-,458.7816056019073,514.1087913921947,0.023652584853714773,0.6660437074047758
3.0299999999999576,30.74824675404787,23.959229733484094,0.11691016836773926,0.5344513365740449,-30.74824675404787,-23.959229733484094,-0.11691016836773926,-0.5344513365740449,11.479537038958359,1.35,-,463.5088789941463,516.979014839304,0.023720924791053637,0.6674718985606047
3.0349999999999575,30.877158261982878,26.76859690690382,0.11688802242930617,-0.3861547802072145,-30.877158261982878,-26.76859690690382,-0.11688802242930617,0.3861547802072145,-2.268543098051234,-1.35,-,468.2758735058239,520.5618037411255,0.023789238839990807,0.6682174761319891
3.0399999999999574,30.999688182700776,22.997114284209836,0.11772738667645126,0.5371891810739058,-30.999688182700776,-22.997114284209836,-0.11772738667645126,-0.5371891810739058,11.523678329247582,1.35,-,473.08077684294716,523.2061400681305,0.023858537527859137,0.6696603372133033
3.0449999999999573,31.128100826961415,26.66629368906215,0.1181444420450864,-0.2983019529626018,-31.128100826961415,-26.66629368906215,-0.1181444420450864,0.2983019529626018,-0.9239127569030318,-0.9239127569030318,-,477.9255701484144,526.7615961636869,0.02392832807378986,0.6701052574890098
3.049999999999957,31.25611741297253,24.898554085314668,0.11883448894325759,0.4292808653012401,-31.25611741297253,-24.898554085314668,-0.11883448894325759,-0.4292808653012401,9.96994609189266,1.35,-,482.8102945270819,529.8612861413835,0.023998936252601882,0.6710266677955787
3.054999999999957,31.387986190938594,27.357425646347785,0.11811867489938098,-0.5247915492996554,-31.387986190938594,-27.357425646347785,-0.11811867489938098,0.5247915492996554,-4.297425155439618,-1.35,-,487.73632291269456,533.6034298313607,0.024068696359401807,0.6724036986466604
3.059999999999957,31.513438580676542,23.580713503073213,0.11826343036758966,0.3982697739627178,-31.513438580676542,-23.580713503073213,-0.11826343036758966,-0.3982697739627178,9.480149878243138,1.35,-,492.70180696858483,536.3836800779308,0.024138627554213355,0.6731967927109219
3.064999999999957,31.6448067003257,27.257503393920462,0.1179901987872677,-0.4363228138483818,-31.6448067003257,-27.257503393920462,-0.1179901987872677,0.4363228138483818,-2.9640468900252737,-1.35,-,497.7087759240896,540.0985375342786,0.02420823598926265,0.6741486807003447
3.0699999999999568,31.769762973859837,23.480805226510242,0.11857767580442811,0.48675521505509034,-31.769762973859837,-23.480805226510242,-0.11857767580442811,-0.48675521505509034,10.820399986377376,1.35,-,502.75536512116565,542.8552786047052,0.024278539315258547,0.6753333338972614
3.0749999999999567,31.900632596168585,27.15637792618931,0.11874766413749076,-0.34767706560553496,-31.900632596168585,-27.15637792618931,-0.11874766413749076,0.34767706560553496,-1.6147881596501328,-1.35,-,507.8436169213442,546.5426229150552,0.024349044353949096,0.6759377306070017
3.0799999999999566,32.025071781696006,23.37457048509273,0.11977791537601062,0.5751247687050145,-32.025071781696006,-23.37457048509273,-0.11977791537601062,-0.5751247687050145,12.172034542185072,1.35,-,512.971643034458,549.274475641868,0.02442077809900821,0.6775915731048916
3.0849999999999564,32.15543514814358,27.052824217035223,0.12039434170626766,-0.25825866438426887,-32.15543514814358,-27.052824217035223,-0.12039434170626766,0.25825866438426887,-0.2406909499035702,-0.2406909499035702,-,518.1415030822902,552.9337521324569,0.024493252086582634,0.6779250607935393
3.0899999999999563,32.28921076805738,26.556675778736786,0.11977230699745568,-0.03520153853452157,-32.28921076805738,-26.556675778736786,-0.11977230699745568,0.03520153853452157,3.091263473241043,1.35,-,523.3544687424103,556.4600372745416,0.024564979114200095,0.6779312565351153
3.0949999999999562,32.42937923531273,29.025200084892454,0.11673541070228848,-0.9884222632024462,-32.42937923531273,-29.025200084892454,-0.11673541070228848,0.9884222632024462,-11.197623616392008,-1.35,-,528.6127919303489,560.6723484743817,0.024633114894759254,0.6828161493870865
3.099999999999956,32.5631687532355,25.253778685450612,0.11455994599124768,-0.06549689129822554,-32.5631687532355,-25.253778685450612,-0.11455994599124768,0.06549689129822554,2.543548144233764,1.35,-,533.9145917266072,563.8611151638502,0.02469873480088684,0.6828375986009351
3.104999999999956,32.702898130737516,28.94655414542899,0.11196023273076468,-0.901245656701786,-32.702898130737516,-28.94655414542899,-0.11196023273076468,0.901245656701786,-9.95223435142724,-1.35,-,539.261989457354,568.0506301483214,0.024761410269452472,0.6868988172695542
3.109999999999956,32.83637732999689,25.2016709973294,0.11022542571351003,0.023164204266970738,-32.83637732999689,-25.2016709973294,-0.11022542571351003,-0.023164204266970738,3.8183329628536753,1.35,-,544.6531278381436,571.2262512536095,0.024822158491821095,0.6869015001713508
3.114999999999956,32.975679193260035,28.86878549558366,0.10804572545709955,-0.8174316085543214,-32.975679193260035,-28.86878549558366,-0.10804572545709955,0.8174316085543214,-8.744385368816253,-1.35,-,550.0901049294275,575.3932851335595,0.024880527885768847,0.6902424723446692
3.1199999999999557,33.10883761796517,25.145520571047044,0.1067338597723725,0.10816575412700799,-33.10883761796517,-25.145520571047044,-0.1067338597723725,-0.10816575412700799,5.050758124630255,1.35,-,555.5710805714914,578.5547711575042,0.024937488469878387,0.6903009714964985
3.1249999999999556,33.24771943080016,28.79088621556117,0.10495996702583776,-0.7364167836419725,-33.24771943080016,-28.79088621556117,-0.10495996702583776,0.7364167836419725,-7.566125747698791,-1.35,-,561.0981348082373,582.6993468028911,0.02499257144326871,0.6930125198926463
3.1299999999999555,33.380542109492055,25.084485179232388,0.10405621205320902,0.19009282842867567,-33.380542109492055,-25.084485179232388,-0.10405621205320902,-0.19009282842867567,6.249146995192601,1.35,-,566.669437765855,585.8455037864267,0.025046709919603023,0.6931931963097464
3.1349999999999554,33.51900815627557,28.71223820829806,0.10267689793594657,-0.6576149168920076,-33.51900815627557,-28.71223820829806,-0.10267689793594657,0.6576149168920076,-6.40906519392393,-1.35,-,572.2870573047572,589.9674669010768,0.025099422646451767,0.6953554832043408
3.1399999999999553,33.65147748265113,25.018127245881722,0.10216941145627058,0.26955359806164286,-33.65147748265113,-25.018127245881722,-0.10216941145627058,-0.26955359806164286,7.422266786992381,1.35,-,577.949166988584,593.0970003555324,0.025151615589638368,0.6957187789154807
3.144999999999955,33.7895289083208,28.632122185022286,0.10117635090367501,-0.5804614093742492,-33.7895289083208,-28.632122185022286,-0.10117635090367501,0.5804614093742492,-5.265052277025335,-1.35,-,583.6578283078152,597.1959924596225,0.025202798859549284,0.6974034561543444
3.149999999999955,33.92162353922112,24.945729621918854,0.10105610211440824,0.34711391364297356,-33.92162353922112,-24.945729621918854,-0.10105610211440824,-0.34711391364297356,8.578329770367949,1.35,-,589.4112110254982,600.3074395914718,0.02525386053842207,0.6980058964995671
3.154999999999955,34.05925862930119,28.550155740857175,0.10044384232076696,-0.5043705156706402,-34.05925862930119,-28.550155740857175,-0.10044384232076696,0.5043705156706402,-4.125526640258907,-1.35,-,595.2113765173863,604.3829965556077,0.025304305365722864,0.6992778445849565
3.159999999999955,34.19095630658886,24.867087835862748,0.10070483928236872,0.42337914684213634,-34.19095630658886,-24.867087835862748,-0.10070483928236872,-0.42337914684213634,9.726239800848386,1.35,-,601.0564839831815,607.4748568427902,0.025355012688997303,0.7001740940948603
3.1649999999999547,34.328170471519336,28.46584765267459,0.10047075435066015,-0.4287725504632833,-34.328170471519336,-28.46584765267459,-0.10047075435066015,0.4287725504632833,-2.982083169775082,-1.35,-,606.9486004227898,611.5263792557165,0.025405484551396254,0.7010933235950142
3.1699999999999546,34.459447144143994,24.78187875461534,0.10110992494086463,0.49893681971447973,-34.459447144143994,-24.78187875461534,-0.10110992494086463,-0.49893681971447973,10.874716630688232,1.35,-,612.88586791019,614.5970868287587,0.02545660063600399,0.7023380133453482
3.1749999999999545,34.59623262353285,28.37843096678325,0.10125416457537419,-0.35312515234749,-34.59623262353285,-28.37843096678325,-0.10125416457537419,0.35312515234749,-1.8266468923047579,-1.35,-,618.8703644688978,618.623763549441,0.02550786266522327,0.7029615002114503
3.1799999999999544,34.7270595878972,24.68918259904012,0.10227105617280467,0.5743114139719286,-34.7270595878972,-24.68918259904012,-0.10227105617280467,-0.5743114139719286,12.03160308766769,1.35,-,624.9002078070046,621.6715422364847,0.025560159509876775,0.7046106682125425
3.1849999999999543,34.86340568966884,28.28728875574807,0.102796560546963,-0.27687166823141335,-34.86340568966884,-28.28728875574807,-0.102796560546963,0.27687166823141335,-0.6508446125650406,-0.6508446125650406,-,630.9774930884166,625.67239576224,0.025612995174178203,0.7049939578158887
3.189999999999954,35.00075723392421,26.96964881241487,0.10294398728288509,0.23806328598710674,-35.00075723392421,-26.96964881241487,-0.10294398728288509,-0.23806328598710674,7.054532364655144,1.35,-,637.102758123157,629.3092055475648,0.025665982496766694,0.7052773284565635
3.194999999999954,35.143251697831545,29.521449255496755,0.10127007482189788,-0.7164912689862308,-35.143251697831545,-29.521449255496755,-0.10127007482189788,0.7164912689862308,-7.232158859441798,-1.35,-,643.2779988226425,633.6667853782891,0.025717260637038858,0.707844127149231
3.199999999999954,35.27978624993441,25.83459403201996,0.10046885606389432,0.21097502248582953,-35.27978624993441,-25.83459403201996,-0.10046885606389432,-0.21097502248582953,6.599541508883634,1.35,-,649.5013154118477,637.0039166222854,0.025767730592232793,0.7080666794497954
3.204999999999954,35.42179578281741,29.428617518090043,0.09916775501638303,-0.6420287578139434,-35.42179578281741,-29.428617518090043,-0.09916775501638303,0.6420287578139434,-6.137470860288908,-1.35,-,655.7748334942457,641.3341342674155,0.025816901810407737,0.7101276840790959
3.209999999999954,35.55790329352898,25.753142258794288,0.09874094327649607,0.2860426624618912,-35.55790329352898,-25.753142258794288,-0.09874094327649607,-0.2860426624618912,7.709133062992854,1.35,-,662.0966559274054,644.6502559484239,0.025865650679803398,0.7105367861028373
3.2149999999999537,35.69951109916282,29.350856798140935,0.09781310794332246,-0.5674578748694,-35.69951109916282,-29.350856798140935,-0.09781310794332246,0.5674578748694,-5.029673923961832,-1.35,-,668.4689313910015,648.9576199223487,0.025913487700231056,0.7121468283015938
3.2199999999999536,35.83525340111472,25.682327511985797,0.09776049056146188,0.3609758834306798,-35.83525340111472,-25.682327511985797,-0.09776049056146188,-0.3609758834306798,8.828102296166431,1.35,-,674.8897583226119,652.2555296545132,0.025961273267805143,0.7127983462436867
3.2249999999999535,35.9764574293327,29.271207774907477,0.09720099017921772,-0.4938497574561933,-35.9764574293327,-29.271207774907477,-0.09720099017921772,0.4938497574561933,-3.925249056483176,-1.35,-,681.3612857684348,656.5395476775221,0.026008513430264245,0.7140177841583843
3.2299999999999534,36.111812457612764,25.60537087735765,0.09751710293580547,0.43472472178564875,-36.111812457612764,-25.60537087735765,-0.09751710293580547,-0.43472472178564875,9.940207286673475,1.35,-,687.8816007633036,659.8177227663573,0.026056061357089207,0.7149627120770424
3.2349999999999532,36.25260783181623,29.189157037960552,0.09732374284835402,-0.42065529534611806,-36.25260783181623,-29.189157037960552,-0.09732374284835402,0.42065529534611806,-2.8160858334346006,-1.35,-,694.4528586363408,664.0777572092908,0.02610342091169927,0.7158474664645561
3.239999999999953,36.38755143678573,25.521882295939832,0.09800591813294138,0.5078510632513927,-36.38755143678573,-25.521882295939832,-0.09800591813294138,-0.5078510632513927,11.053794424155239,1.35,-,701.0731281341643,667.3345895889297,0.026151446711644672,0.717137029976784
3.244999999999953,36.52793022356345,29.104002322540246,0.09817919708927249,-0.34734456173285433,-36.52793022356345,-29.104002322540246,-0.09817919708927249,0.34734456173285433,-1.694283214260384,-1.35,-,707.7445765662518,671.5698043448817,0.02619964248535014,0.7177402711996109
3.249999999999953,36.66243414923025,25.43105572969338,0.0992273489990671,0.5808723157225463,-36.66243414923025,-25.43105572969338,-0.0992273489990671,-0.5808723157225463,12.17661345138728,1.35,-,714.4652469549849,674.8034973225156,0.026248872819297053,0.7194273344354752
3.254999999999953,36.802385541334864,29.015143247841035,0.09977047141310212,-0.2733772201921571,-36.802385541334864,-29.015143247841035,-0.09977047141310212,0.2733772201921571,-0.5517029450756095,-0.5517029450756095,-,721.23732486265,679.0128900109792,0.026298643554127015,0.7198010099580752
3.2599999999999527,36.943871584348464,27.87056126959919,0.09970587326318185,0.1658432659440101,-36.943871584348464,-27.87056126959919,-0.09970587326318185,-0.1658432659440101,6.018403176873802,1.35,-,728.0615731008539,682.8967309383914,0.02634834985994288,0.7199385299023701
3.2649999999999526,37.090928819619656,30.442904484495802,0.09767082379854512,-0.7886449468105458,-37.090928819619656,-30.442904484495802,-0.09767082379854512,0.7886449468105458,-8.272116602705308,-1.35,-,734.9402581043643,687.530583105652,0.02639604780905031,0.7230483341630191
3.2699999999999525,37.232124997396156,26.77505453796979,0.0965111448779809,0.13966999640639846,-37.232124997396156,-26.77505453796979,-0.0965111448779809,-0.13966999640639846,5.567503209920932,1.35,-,741.8714137634728,691.1151008332082,0.026442619814478603,0.7231458727024999
3.2749999999999524,37.37870480663474,30.353031297881188,0.09483393239697493,-0.7171921656189976,-37.37870480663474,-30.353031297881188,-0.09483393239697493,0.7171921656189976,-7.2331646801073255,-1.35,-,748.8572516285803,695.7216333780589,0.026487587188147973,0.7257176957146262
3.2799999999999523,37.51950111092651,26.70072580540473,0.09403419446179764,0.21192563597339545,-37.51950111092651,-26.70072580540473,-0.09403419446179764,-0.21192563597339545,6.624192017073052,1.35,-,755.8958164466443,699.2862771707358,0.026531799336788366,0.7259422580905398
3.284999999999952,37.665705123512694,30.281992566984385,0.09271405422389783,-0.645874143413165,-37.665705123512694,-30.281992566984385,-0.09271405422389783,0.645874143413165,-6.185133281558811,-1.35,-,762.9893431589012,703.8712725398702,0.026574778816041526,0.7280280251361883
3.289999999999952,37.80618267666915,26.641001657409923,0.0922728503314788,0.2838160713115315,-37.80618267666915,-26.641001657409923,-0.0922728503314788,-0.2838160713115315,7.68640116486012,1.35,-,770.1358804018095,707.4199873864208,0.026617350210583004,0.7284307829478618
3.294999999999952,37.952012180882235,30.209809988939597,0.0913020045764626,-0.5760893236622597,-37.952012180882235,-30.209809988939597,-0.0913020045764626,0.5760893236622597,-5.149533099272876,-1.35,-,777.3376565446985,711.9831504842598,0.026659030490781405,0.73009017749205
3.299999999999952,38.09215328978674,26.576130676629123,0.09121106046999863,0.35396959001691014,-38.09215328978674,-26.576130676629123,-0.09121106046999863,-0.35396959001691014,8.732918502427683,1.35,-,784.5927172559614,715.514604092966,0.026700627778541715,0.7307166498453337
3.3049999999999518,38.23760686710941,30.135993707367486,0.09058433504258558,-0.5073172268894738,-38.23760686710941,-30.135993707367486,-0.09058433504258558,0.5073172268894738,-4.118769228871597,-1.35,-,791.9032901505793,720.0554946766184,0.02674165538731725,0.7320035036888278
3.3099999999999516,38.3773917770408,26.505685514829448,0.09083802036991544,0.42291314270143543,-38.3773917770408,-26.505685514829448,-0.09083802036991544,-0.42291314270143543,9.771476827448483,1.35,-,799.2674111486216,723.5682514996736,0.026782913117040875,0.7328977813201758
3.3149999999999515,38.52246532155498,30.060025619467154,0.09055280516691779,-0.43904619953051444,-38.52246532155498,-30.060025619467154,-0.09055280516691779,0.43904619953051444,-3.085301790202408,-1.35,-,806.6873128208734,728.0862772008886,0.02682391216965886,0.7338615891467867
3.3199999999999514,38.661871869635426,26.429234071537174,0.09114806595910993,0.49116702194575557,-38.661871869635426,-26.429234071537174,-0.09114806595910993,-0.49116702194575557,10.809785874789144,1.35,-,814.1610145031938,731.5787992689291,0.026865452019299293,0.7350678143640219
3.3249999999999513,38.80655858755909,29.981243023170705,0.09120428994529083,-0.37078069087497795,-38.80655858755909,-29.981243023170705,-0.09120428994529083,0.37078069087497795,-2.04175880997953,-1.35,-,821.6907594502419,736.073173935001,0.026907043131821417,0.7357552059676505
3.329999999999951,38.94556081833676,26.345998765635947,0.09214049547149078,0.5592133081005939,-38.94556081833676,-26.345998765635947,-0.09214049547149078,-0.5592133081005939,11.855049461627459,1.35,-,829.2745429875156,739.5437321897954,0.026949492486350077,0.7373188035874345
3.334999999999951,39.08985109951541,29.89908563408602,0.09254060692696396,-0.3020156795062569,-39.08985109951541,-29.89908563408602,-0.09254060692696396,0.3020156795062569,-0.9805503320270579,-0.9805503320270579,-,836.9146252824269,744.0135087985673,0.02699231130600213,0.7377748709407727
3.339999999999951,39.233230349929684,27.93118526075482,0.09326793240117669,0.4508037324798515,-39.233230349929684,-27.93118526075482,-0.09326793240117669,-0.4508037324798515,10.289027892427706,1.35,-,844.6108571008799,747.9142643489203,0.027035805842074084,0.7387909909668614
3.344999999999951,39.380691982214145,30.532800685596676,0.09265735932403392,-0.5040955949033774,-39.380691982214145,-30.532800685596676,-0.09265735932403392,0.5040955949033774,-3.985689840689653,-1.35,-,852.3650516058699,752.575523937452,0.027078732773258597,0.7400615528108663
3.349999999999951,39.52242649443515,26.89110730142191,0.09292549838398796,0.42559426010026635,-39.52242649443515,-26.89110730142191,-0.09292549838398796,-0.42559426010026635,9.89651558306966,1.35,-,860.1751625859099,756.1911821969348,0.02712190851450816,0.7409672051820178
3.3549999999999507,39.669363246209535,30.427935804918675,0.09265070099320617,-0.4369592089505391,-39.669363246209535,-30.427935804918675,-0.09265070099320617,0.4369592089505391,-2.969294373413239,-1.35,-,868.0434544877083,760.820478583676,0.02716482927648082,0.7419218719334512
3.3599999999999506,39.81057562659949,26.78586650714999,0.09325484285062652,0.4927323603580066,-39.81057562659949,-26.78586650714999,-0.09325484285062652,-0.4927323603580066,10.917948403336476,1.35,-,875.9678641463141,764.4078918063702,0.027208311605056292,0.743135797828171
3.3649999999999505,39.95711666212961,30.347325927507182,0.09332929532113911,-0.3671302978482956,-39.95711666212961,-30.347325927507182,-0.09332929532113911,0.3671302978482956,-1.901783852872019,-1.35,-,883.9507200060691,769.0126927611219,0.027251863391881993,0.7438097211061618
3.3699999999999504,40.09791512617232,26.700633577924346,0.09428217165590383,0.5623312730185748,-40.09791512617232,-26.700633577924346,-0.09428217165590383,-0.5623312730185748,11.987130946722559,1.35,-,891.9899339933975,772.5773119284347,0.02729630903134276,0.7453908034092352
3.3749999999999503,40.244050619542584,30.2632637865942,0.09470842490134843,-0.29678022764568174,-40.244050619542584,-30.2632637865942,-0.09470842490134843,0.29678022764568174,-0.8160497406514117,-0.8160497406514117,-,900.0878520447388,777.1566376035196,0.02734115746007923,0.7458311959268423
3.37999999999995,40.39020921682958,28.60915375052559,0.09510135484588157,0.33527391988267086,-40.39020921682958,-28.60915375052559,-0.09510135484588157,-0.33527391988267086,8.643420564611983,1.35,-,908.244697047635,781.2490559951256,0.02738637879854684,0.7463932389336098
3.38499999999995,40.54103045052197,31.202378332752417,0.0939130100508106,-0.6195541690446104,-40.54103045052197,-31.202378332752417,-0.0939130100508106,0.6195541690446104,-5.638928600231069,-1.35,-,916.4625727975856,786.1169980632266,0.027430477065830856,0.7483124757755125
3.38999999999995,40.686090051224205,27.554623722151437,0.09360247726024347,0.3098178618071945,-40.686090051224205,-27.554623722151437,-0.09360247726024347,-0.3098178618071945,8.229841162503567,1.35,-,924.739362415867,789.9132845055732,0.027474284184577126,0.7487924113129865
3.39499999999995,40.836405969936145,31.10369407597416,0.09275573715594641,-0.5512857534897303,-40.836405969936145,-31.10369407597416,-0.09275573715594641,0.5512857534897303,-4.622420124689828,-1.35,-,933.0774226785741,794.750483431432,0.02751730231845384,0.7503119912229901
3.3999999999999497,40.980993582128505,27.462056052340323,0.09278781189204986,0.3784113246547473,-40.980993582128505,-27.462056052340323,-0.09278781189204986,-0.3784113246547473,9.256467912533905,1.35,-,941.4746318534661,798.5213060445413,0.02756035020863241,0.7510279668761248
3.4049999999999496,41.13092500262919,31.02769811166696,0.09229062741473357,-0.48141777029479393,-41.13092500262919,-31.02769811166696,-0.09229062741473357,0.48141777029479393,-3.571116180862399,-1.35,-,949.9333968113255,803.334896295085,0.027602938008175436,0.7521867822239029
3.4099999999999495,41.27514145875058,27.388023423925294,0.09267262870010237,0.448384138422261,-41.27514145875058,-27.388023423925294,-0.09267262870010237,-0.448384138422261,10.31461763366398,1.35,-,958.4515833235246,807.0854154304322,0.02764587908872637,0.7531920239018463
3.4149999999999494,41.42468317924534,30.94922968299864,0.09252332879774389,-0.41186922954311633,-41.42468317924534,-30.94922968299864,-0.09252332879774389,0.41186922954311633,-2.5142165903507996,-1.35,-,967.0316052060286,811.8746895202871,0.027688681920585448,0.7540402052130685
3.4199999999999493,41.568504197767474,27.307520298228777,0.09325306227697788,0.5178357285376033,-41.568504197767474,-27.307520298228777,-0.09325306227697788,-0.5178357285376033,11.375222436093992,1.35,-,975.6713079122276,815.6031928444779,0.027732162588705617,0.7553809744218188
3.424999999999949,41.71764818827791,30.86768039898951,0.09345254890263342,-0.34212965986869853,-41.71764818827791,-30.86768039898951,-0.09345254890263342,0.34212965986869853,-1.4440971289800704,-1.35,-,984.373118764032,820.3672613105487,0.02777582948318761,0.7559662379426282
3.429999999999949,41.861046232733635,27.219909802325127,0.09453034636142144,0.5872722809059598,-41.861046232733635,-27.219909802325127,-0.09453034636142144,-0.5872722809059598,12.445879454366567,1.35,-,993.1348547225272,824.0718787587822,0.02782050941510366,0.7576906816022306
3.434999999999949,42.00978166035986,30.782489894167355,0.09508209548725655,-0.27168254166225897,-42.00978166035986,-30.782489894167355,-0.09508209548725655,0.27168254166225897,-0.3529656283272943,-0.3529656283272943,-,1001.9589634982825,828.8096871792046,0.027865712439514898,0.758059738619451
3.439999999999949,42.16112402295338,29.99016878547393,0.09456936918578178,0.016547894297300032,-42.16112402295338,-29.99016878547393,-0.09456936918578178,-0.016547894297300032,3.9530072888738412,1.35,-,1010.8467653926766,833.3067382981106,0.02791042926745588,0.7580611077834793
3.4449999999999488,42.318875486358884,32.59685607170588,0.09178817710820568,-0.9376709122234568,-42.318875486358884,-32.59685607170588,-0.09178817710820568,0.9376709122234568,-10.343548885840294,-1.35,-,1019.8012015048262,838.619513426908,0.027952554614740117,0.7624572414816291
3.4499999999999487,42.47092536506459,28.958954834620766,0.08988645595980221,-0.008150322266938953,-42.47092536506459,-28.958954834620766,-0.08988645595980221,0.008150322266938953,3.5040581166879474,1.35,-,1028.8200990116504,842.8126187524759,0.027992952489565185,0.7624575736203943
3.4549999999999486,42.62821658343462,32.51353932311921,0.08743861504865129,-0.8711282133424588,-42.62821658343462,-32.51353932311921,-0.08743861504865129,0.8711282133424588,-9.399944524607344,-1.35,-,1037.9059232570712,848.098269949056,0.028031180046573314,0.7662518954408004
3.4599999999999485,42.77992528864872,28.899913333758672,0.08587348474770429,0.05960300797753297,-42.77992528864872,-28.899913333758672,-0.08587348474770429,-0.05960300797753297,4.471342669099681,1.35,-,1047.0565332955828,852.2742949025497,0.028068051323486883,0.7662696580336003
3.4649999999999483,42.936888186717525,32.45546103517415,0.08375496281458081,-0.8053497313493487,-42.936888186717525,-32.45546103517415,-0.08375496281458081,0.8053497313493487,-8.457336779849335,-1.35,-,1056.274415131376,857.5410796575782,0.02810312579246724,0.7695125989825226
3.4699999999999482,43.08837051763108,28.862307417516174,0.08252197553520157,0.12638385343347802,-43.08837051763108,-28.862307417516174,-0.08252197553520157,-0.12638385343347802,5.4343684035857605,1.35,-,1065.557453500699,861.7062436048941,0.028137175174698402,0.769592463374566
3.474999999999948,43.245013428343256,32.39772924272242,0.08071918268710573,-0.7422699426067798,-43.245013428343256,-32.39772924272242,-0.08071918268710573,0.7422699426067798,-7.545506276806932,-1.35,-,1074.9081094327867,866.9543079053177,0.028169753106966774,0.7723472867130533
3.479999999999948,43.39625990162083,28.821343098711253,0.07980424687824661,0.19027083157155242,-43.39625990162083,-28.821343098711253,-0.07980424687824661,-0.19027083157155242,6.3634034347860435,1.35,-,1084.3242863000316,871.1076569953858,0.028201596696065794,0.7725283016597879
3.484999999999948,43.5525889038574,32.339691572084995,0.07830597546340665,-0.681439812292452,-43.5525889038574,-32.339691572084995,-0.07830597546340665,0.681439812292452,-6.658110164839684,-1.35,-,1093.8084263011735,876.3369352502737,0.028232255825032172,0.7748501027486737
3.489999999999948,43.70358615326223,28.776308246974814,0.07769717762342847,0.25170623217699917,-43.70358615326223,-28.776308246974814,-0.07769717762342847,-0.25170623217699917,7.2647207580764,1.35,-,1103.3584435144514,880.4773148318981,0.028262440082085404,0.7751668828852574
3.4949999999999477,43.85960443814032,32.281399434488954,0.07649445484369581,-0.622362051148362,-43.85960443814032,-32.281399434488954,-0.07649445484369581,0.622362051148362,-5.7880017783546,-1.35,-,1112.976768021802,885.6877585791431,0.028291697090194575,0.7771035554988053
3.4999999999999476,44.010342481209726,28.72792045952424,0.07618270159567293,0.31125811072743,-44.010342481209726,-28.72792045952424,-0.07618270159567293,-0.31125811072743,8.146584293285418,1.35,-,1122.6613192483685,889.8142256487868,0.028320716110306652,0.7775879635562734
3.5049999999999475,44.16605167127849,32.22179432907467,0.07526885063594178,-0.5646511192060301,-44.16605167127849,-32.22179432907467,-0.07526885063594178,0.5646511192060301,-4.929656075118691,-1.35,-,1132.4145198495185,895.0054457977126,0.02834904310968693,0.7791821179883764
3.5099999999999474,44.31651193954486,28.67447279422046,0.07524662102996614,0.369241628285589,-44.31651193954486,-28.67447279422046,-0.07524662102996614,-0.369241628285589,9.013473673199531,1.35,-,1142.2342860019573,899.1165727478449,0.028377353379569068,0.7798638148886714
3.5149999999999473,44.47191067505144,32.16123578373933,0.0746170671331342,-0.5078027785511217,-44.47191067505144,-32.16123578373933,-0.0746170671331342,0.5078027785511217,-4.0756845285929675,-1.35,-,1152.123040197406,904.2882981835312,0.02840519191310682,0.7811531331981926
3.519999999999947,44.62208093923343,28.617250415702856,0.0748798447486363,0.426259129949301,-44.62208093923343,-28.617250415702856,-0.0748798447486363,-0.426259129949301,9.874312866352454,1.35,-,1162.0786907341433,908.3830332903063,0.028433226868854716,0.7820616174275182
3.524999999999947,44.77716613654752,32.09862586501001,0.0745322006229526,-0.45145104514010514,-44.77716613654752,-32.09862586501001,-0.0745322006229526,0.45145104514010514,-3.2207235049951866,-1.35,-,1172.103663770243,913.5346422024156,0.028461002113503216,0.7830806576583087
3.529999999999947,44.92702529156871,28.554507062283278,0.07507693446411486,0.4826063818253963,-44.92702529156871,-28.554507062283278,-0.07507693446411486,-0.4826063818253963,10.73342089725108,1.35,-,1182.195851777989,917.6114415702655,0.028489184843945862,0.7842452022572016
3.534999999999947,45.081791706381324,32.03371089154747,0.07501093397580247,-0.3951562628617719,-45.081791706381324,-32.03371089154747,-0.07501093397580247,0.3951562628617719,-2.35823404720334,-1.35,-,1192.3576914952766,922.7422347376815,0.028517318045025473,0.785025944617596
3.5399999999999467,45.23131839450933,28.48619149803,0.07583687751923647,0.5387437993994725,-45.23131839450933,-28.48619149803,-0.07583687751923647,-0.5387437993994725,11.597686719521606,1.35,-,1202.5870523138037,926.7995502679936,0.02854607420498481,0.7864771690245529
3.5449999999999466,45.385757536214946,31.96600285503052,0.07605426167594118,-0.3385017159733748,-45.385757536214946,-31.96600285503052,-0.07605426167594118,0.3385017159733748,-1.481961455912296,-1.35,-,1212.886387249484,931.9086769606325,0.028574995458580173,0.7870500860831374
3.5499999999999465,45.534928293221775,28.41190877691618,0.07716278546189234,0.5950972381580233,-45.534928293221775,-28.41190877691618,-0.07716278546189234,-0.5950972381580233,12.47353566156593,1.35,-,1223.253535722828,935.9448597623715,0.028604765935881363,0.788820789697454
3.5549999999999464,45.689030512082056,31.89511884672476,0.07766751308198054,-0.28105576906818375,-45.689030512082056,-31.89511884672476,-0.07766751308198054,0.28105576906818375,-0.5853602423752707,-0.5853602423752707,-,1233.6909732684976,941.0313527936049,0.02863492714882306,0.7892157514240865
3.5599999999999463,45.84430932046704,30.606855019063644,0.07757450961542588,0.1673319406643472,-45.84430932046704,-30.606855019063644,-0.07757450961542588,-0.1673319406643472,6.119506227396551,1.35,-,1244.1994767538506,945.7152506643947,0.028665016171533428,0.789355751315919
3.564999999999946,46.005419748856056,33.30264773116859,0.07554675366712434,-0.7872327197400671,-46.005419748856056,-33.30264773116859,-0.07554675366712434,0.7872327197400671,-8.169019746516527,-1.35,-,1254.7819699851925,951.2605823939261,0.028693552731481633,0.7924544280910656
3.569999999999946,46.161224282005605,29.74443406908619,0.07440551042112817,0.14550243379489505,-46.161224282005605,-29.74443406908619,-0.07440551042112817,-0.14550243379489505,5.739956815902296,1.35,-,1265.4362631212605,955.6842391843771,0.028721233631386775,0.7925602828822668
3.574999999999946,46.32184268996541,33.21085427436753,0.0726425706055779,-0.7342575302495988,-46.32184268996541,-33.21085427436753,-0.0726425706055779,0.7342575302495988,-7.407133601574347,-1.35,-,1276.1648286722298,961.1990433925434,0.028747618346707707,0.7952559534859079
3.579999999999946,46.47728563705478,29.67812992258625,0.07177330974601737,0.2001564942273254,-46.47728563705478,-29.67812992258625,-0.07177330974601737,-0.2001564942273254,6.531601083534057,1.35,-,1286.9655190731714,965.6030003710529,0.028773375386667195,0.7954562665968148
3.584999999999946,46.63762284209402,33.15969735159216,0.07028470386142693,-0.6794077435383459,-46.63762284209402,-33.15969735159216,-0.07028470386142693,0.6794077435383459,-6.608146734438181,-1.35,-,1297.8408583949783,971.1008280132987,0.028798075084651636,0.7977642410067141
3.5899999999999457,46.79285179790617,29.640081512162443,0.06969173637287145,0.25561181215788537,-46.79285179790617,-29.640081512162443,-0.06969173637287145,-0.25561181215788537,7.344068930120848,1.35,-,1308.7887132918822,975.4935001735367,0.028822359775244964,0.7980909279992873
3.5949999999999456,46.95291415014318,33.10823624738275,0.06846892145691566,-0.6263017795703248,-46.95291415014318,-33.10823624738275,-0.06846892145691566,0.6263017795703248,-5.827211580747756,-1.35,-,1319.8115940278356,980.9742767105992,0.02884579974127233,0.800052197594752
3.5999999999999455,47.10788872564896,29.592472272178657,0.06814015986813299,0.3085653916404466,-47.10788872564896,-29.592472272178657,-0.06814015986813299,-0.3085653916404466,8.126748267098225,1.35,-,1330.907359928776,985.3528487864974,0.028869015148206605,0.8005282605993431
3.6049999999999454,47.26767638637149,33.05615655122184,0.06717621443451734,-0.5745359658901678,-47.26767638637149,-33.05615655122184,-0.06717621443451734,0.5745359658901678,-5.058566085355461,-1.35,-,1342.0785260836094,990.8163962161917,0.028891578367135365,0.8021787184798498
3.6099999999999453,47.422378147901775,29.540320103584957,0.0671039030907042,0.35994943929854273,-47.422378147901775,-29.540320103584957,-0.0671039030907042,-0.35994943929854273,8.893501663826473,1.35,-,1353.322935829622,995.1795487753029,0.028914093036185397,0.8028265364741064
3.614999999999945,47.581890864812614,33.002828575587024,0.06639399213080363,-0.5237473836666251,-47.581890864812614,-33.002828575587024,-0.06639399213080363,0.5237473836666251,-4.296968666933077,-1.35,-,1364.6431175209766,1000.6254822452507,0.02893613384714072,0.8041980930835946
3.619999999999945,47.736317953182485,29.486644006109195,0.06657415757300908,0.41048841077648107,-47.736317953182485,-29.486644006109195,-0.06657415757300908,-0.41048841077648107,9.655124123491836,1.35,-,1376.0368977796131,1004.9727931189657,0.0289582944394235,0.8050405967605035
3.624999999999945,47.89555419555545,32.948148872987645,0.06611542857220315,-0.47352773152183925,-47.89555419555545,-32.948148872987645,-0.06611542857220315,0.47352773152183925,-3.536399398962571,-1.35,-,1387.5068183381097,1010.4006956897483,0.02898015068889993,0.8061617393231046
3.629999999999945,48.049702800877384,29.43105079643931,0.06654599714172825,0.460561671618517,-48.049702800877384,-29.43105079643931,-0.06654599714172825,-0.460561671618517,10.41722415936756,1.35,-,1399.0506880343728,1014.7316294446612,0.029002292537577863,0.8072223245899248
3.6349999999999447,48.20865811716041,32.89147511045626,0.06633738938485766,-0.42352512278552934,-48.20865811716041,-32.89147511045626,-0.06633738938485766,0.42352512278552934,-2.771640174114533,-1.35,-,1410.6710616216587,1020.1408751193699,0.029024295783729854,0.8081191922380773
3.6399999999999446,48.362522384517206,29.373134812410587,0.06701816230626993,0.5105443547850499,-48.362522384517206,-29.373134812410587,-0.06701816230626993,-0.5105443547850499,11.185401347998697,1.35,-,1422.365729478623,1024.45478036291,0.0290467529541244,0.8094224699290916
3.6449999999999445,48.52118935088491,32.83249181245723,0.06706040253664054,-0.37335608548060034,-48.52118935088491,-32.83249181245723,-0.06706040253664054,0.37335608548060034,-1.9969378338748554,-1.35,-,1434.1372585587449,1029.8446429559854,0.02906923844206628,0.8101194437619186
3.6499999999999444,48.67476141995338,29.312501368078195,0.06799305531389346,0.5608118731192421,-48.67476141995338,-29.312501368078195,-0.06799305531389346,-0.5608118731192421,11.965314410656731,1.35,-,1445.9834205551915,1034.1407566382532,0.02909235371992087,0.8116919935470761
3.6549999999999443,48.83313134226218,32.77001152718889,0.06828880245707453,-0.32271938148183626,-48.83313134226218,-32.77001152718889,-0.06828880245707453,0.32271938148183626,-1.2077332011371609,-1.2077332011371609,-,1457.9067941386445,1039.5101249157135,0.029115670522625977,0.8122127325429962
3.659999999999944,48.98825682007833,29.93835083638453,0.0692641888152061,0.5478933018316233,-48.98825682007833,-29.93835083638453,-0.0692641888152061,-0.5478933018316233,11.815659649233265,1.35,-,1469.906040669994,1043.9916491697256,0.02913965816188712,0.8137136678939559
3.664999999999944,49.147650530275676,32.972479808226666,0.0692881396778054,-0.3770737055934339,-49.147650530275676,-32.972479808226666,-0.0692881396778054,0.3770737055934339,-1.9914278713588676,-1.35,-,1481.9834984332242,1049.4275712932451,0.029163662393387177,0.8144245907912058
3.669999999999944,49.301944035695804,29.451972326793474,0.07020645317802332,0.5577467446289875,-49.301944035695804,-29.451972326793474,-0.07020645317802332,-0.5577467446289875,11.980415175068863,1.35,-,1494.1369068617184,1053.7646646629362,0.029188307123726366,0.8159799979469269
3.674999999999944,49.46103372774489,32.90857223353984,0.07049248588499568,-0.3247287751357688,-49.46103372774489,-32.90857223353984,-0.07049248588499568,0.3247287751357688,-1.1769315449810038,-1.1769315449810038,-,1506.3688761488038,1059.1795352951867,0.029213153076557596,0.8165072418339328
3.6799999999999438,49.617272581841114,30.225366732568062,0.07141575671356774,0.5326789475312333,-49.617272581841114,-30.225366732568062,-0.07141575671356774,-0.5326789475312333,11.650618801597021,1.35,-,1518.6782448411072,1063.7473992657779,0.029238654128092453,0.8179259761396477
3.6849999999999437,49.777657017221806,33.165599975254466,0.07132286730058547,-0.40049753259624016,-49.777657017221806,-33.165599975254466,-0.07132286730058547,0.40049753259624016,-2.283201699240858,-1.35,-,1531.0673205317278,1069.2471843743708,0.029264088885092337,0.818727967507726
3.6899999999999435,49.93290320627738,29.638183935650908,0.07212463507580202,0.5342541323487797,-49.93290320627738,-29.638183935650908,-0.07212463507580202,-0.5342541323487797,11.685761318332839,1.35,-,1543.5337946447648,1073.6392941093882,0.029290098700016424,0.8201551048973847
3.6949999999999434,50.09297770465663,33.1015580255867,0.07230146356578396,-0.346571978220167,-50.09297770465663,-33.1015580255867,-0.07230146356578396,0.346571978220167,-1.448307451117746,-1.35,-,1556.0803267213607,1079.1178598279944,0.029316236208185194,0.820755665577822
3.6999999999999433,50.24788737909339,29.56796837270481,0.07337222773091248,0.5879028883692278,-50.24788737909339,-29.56796837270481,-0.07337222773091248,-0.5879028883692278,12.520401604119934,1.35,-,1568.7045776516707,1083.4891835964406,0.029343153627196177,0.8224838146085863
3.7049999999999432,50.407641420691824,33.034154689685494,0.07382235450998746,-0.2919386893414635,-50.407641420691824,-33.034154689685494,-0.07382235450998746,0.2919386893414635,-0.5947562718507567,-0.5947562718507567,-,1581.4092292196556,1088.945460476751,0.02937040232732317,0.8229099556002584
3.709999999999943,50.56848990732229,31.714301022439688,0.07368445593741928,0.16064318455527096,-50.56848990732229,-31.714301022439688,-0.07368445593741928,-0.16064318455527096,6.171940224132039,1.35,-,1594.1950900771901,1093.9744449234604,0.029397549322557136,0.8230389867639787
3.714999999999943,50.73520422415928,34.432406128467505,0.07162358677951362,-0.7938024504105208,-50.73520422415928,-34.432406128467505,-0.07162358677951362,0.7938024504105208,-8.114626662929386,-1.35,-,1607.0653948155257,1099.902397882439,0.02942319901347295,0.8261895984153673
3.719999999999943,50.89660183144313,30.871652054271692,0.0704403124572843,0.13745965357735992,-50.89660183144313,-30.871652054271692,-0.0704403124572843,-0.13745965357735992,5.771796604862822,1.35,-,1620.0177152054678,1104.667692385239,0.029448008201568347,0.8262840741971753
3.724999999999943,51.06282187707714,34.34035912226601,0.0686276213602811,-0.7441456478021564,-51.06282187707714,-34.34035912226601,-0.0686276213602811,0.7441456478021564,-7.403450339099725,-1.35,-,1633.0547740957181,1110.5639937084698,0.029471556953636197,0.8290528379228898
3.7299999999999427,51.2239509526043,30.82417793765327,0.06770896124899034,0.1906435572840796,-51.2239509526043,-30.82417793765327,-0.06770896124899034,-0.1906435572840796,6.540729374853287,1.35,-,1646.174239851692,1115.3146434361302,0.029494479470803282,0.8292345627525594
3.7349999999999426,51.38990910669867,34.29303927853545,0.06615569435513279,-0.6922948824037755,-51.38990910669867,-34.29303927853545,-0.06615569435513279,0.6922948824037755,-6.650630670890985,-1.35,-,1659.3788536416655,1121.1947061509259,0.02951636235028133,0.8316309237735716
3.7399999999999425,51.5507847099743,30.778317184217652,0.06549235355196951,0.2418898127856823,-51.5507847099743,-30.778317184217652,-0.06549235355196951,-0.2418898127856823,7.288330227148103,1.35,-,1672.6662706627358,1125.9312301943874,0.02953780859215021,0.8319234771812191
3.7449999999999424,51.71648490345208,34.24563793784533,0.06418921313050173,-0.6422818475146701,-51.71648490345208,-34.24563793784533,-0.06418921313050173,0.6422818475146701,-5.917817360867536,-1.35,-,1686.0392447165805,1131.7950487832372,0.029558409867561773,0.8339861070394533
3.7499999999999423,51.877107250995444,30.731560320864283,0.06377251298798761,0.29136986565954615,-51.877107250995444,-30.731560320864283,-0.06377251298798761,-0.29136986565954615,8.01685117617011,1.35,-,1699.4954160002367,1136.5171927820118,0.02957874453462579,0.8344105890325256
3.754999999999942,52.04255231880911,34.19776198525017,0.0627121525004397,-0.5937374993885389,-52.04255231880911,-34.19776198525017,-0.0627121525004397,0.5937374993885389,-5.199722870864122,-1.35,-,1713.0375522595164,1142.3646274060106,0.02959840860498198,0.8361732101234264
3.759999999999942,52.20292261497323,30.683958762606892,0.06253555933881147,0.3394965844527736,-52.20292261497323,-30.683958762606892,-0.06253555933881147,-0.3394965844527736,8.732278236724841,1.35,-,1726.6632779072404,1147.0721540327374,0.02961796208589107,0.8367494997777019
3.764999999999942,52.368113627183156,34.14908324482117,0.061712468154351115,-0.5462962228426543,-52.368113627183156,-34.14908324482117,-0.061712468154351115,0.5462962228426543,-4.491050110340798,-1.35,-,1740.375374531588,1152.902953465046,0.02963700422951958,0.8382416975931626
3.769999999999942,52.52823106563501,30.635181328978586,0.06177123837612282,0.38663500392894795,-52.52823106563501,-30.635181328978586,-0.06177123837612282,-0.38663500392894795,9.439926503781034,1.35,-,1754.1714498260114,1157.595525140343,0.029656082658972176,0.8389891307244782
3.7749999999999417,52.693167945502765,34.099423552231585,0.061181762303615723,-0.4995846606485634,-52.693167945502765,-34.099423552231585,-0.061181762303615723,0.4995846606485634,-3.7863282863094727,-1.35,-,1768.054299566676,1163.4093785733153,0.029674798699165054,0.8402370548902549
3.7799999999999416,52.85303012392552,30.58485026072555,0.06147295018863314,0.4331381346095283,-52.85303012392552,-30.58485026072555,-0.06147295018863314,-0.4331381346095283,10.144984482143954,1.35,-,1782.0215135330786,1168.0865439006702,0.029693693317189525,0.84117509810852
3.7849999999999415,53.01770982901413,34.04813762790475,0.0611150795797882,-0.45328037006668453,-53.01770982901413,-34.04813762790475,-0.0611150795797882,0.45328037006668453,-3.0808082115847855,-1.35,-,1796.075901310646,1173.8829222803138,0.029712368581949745,0.8422024135779589
3.7899999999999414,53.177312466626944,30.532598205943035,0.061637484930498296,0.47935569872454564,-53.177312466626944,-30.532598205943035,-0.061637484930498296,-0.47935569872454564,10.852642217609597,1.35,-,1810.215034116512,1178.5441200463415,0.029731364479692532,0.8433513230074573
3.7949999999999413,53.34173014149281,33.99486239499059,0.061510955762707174,-0.40703479956079275,-53.34173014149281,-33.99486239499059,-0.061510955762707174,0.40703479956079275,-2.3692912034117586,-1.35,-,1824.4417349889509,1184.3223733926131,0.02975028246808674,0.8441797096477247
3.799999999999941,53.501067044953295,30.47804243254246,0.062265110924471526,0.5256340381873085,-53.501067044953295,-30.47804243254246,-0.062265110924471526,-0.5256340381873085,11.568090767125682,1.35,-,1838.7535558636935,1188.9669287452123,0.029769667188278923,0.8455611653582301
3.804999999999941,53.665215936309565,33.939226745785085,0.06237139463812032,-0.3604995171548114,-53.665215936309565,-33.939226745785085,-0.06237139463812032,0.3604995171548114,-1.6465286653822817,-1.35,-,1853.1533328711469,1194.7262843057213,0.029789118142624443,0.8462109648675744
3.809999999999941,53.82427895845119,30.420784469096795,0.06335956393067722,0.5723187058135499,-53.82427895845119,-30.420784469096795,-0.06335956393067722,-0.5723187058135499,12.29656089388339,1.35,-,1867.6385978981325,1199.3534049442974,0.029809190314331872,0.8478487083726949
3.814999999999941,53.98815060109473,33.880862142730436,0.06370189645091022,-0.3133224232795737,-53.98815060109473,-33.880862142730436,-0.06370189645091022,0.3133224232795737,-0.9071646355315546,-0.9071646355315546,-,1882.2121999247647,1205.0929690419707,0.029829479972389085,0.8483395630773438
3.8199999999999408,54.151287313171615,31.940419515388026,0.0641247717071887,0.3646254367859001,-54.151287313171615,-31.940419515388026,-0.0641247717071887,-0.3646254367859001,9.236113010230957,1.35,-,1896.8740095131327,1210.1939210360656,0.02985003990412158,0.8490043216231004
3.8249999999999407,54.319294669179094,34.70945975444822,0.06308524490628221,-0.5895710888762838,-54.319294669179094,-34.70945975444822,-0.06308524490628221,0.5895710888762838,-5.030326677693897,-1.35,-,1911.6269383799179,1216.2176540182938,0.02986993864474601,0.8507422919672941
3.8299999999999406,54.481942874343446,31.138721315657026,0.06290196268627979,0.3381253120626305,-54.481942874343446,-31.138721315657026,-0.06290196268627979,-0.3381253120626305,8.817461262520533,1.35,-,1926.4683488767337,1221.0657538441644,0.02988972192929494,0.8513139356005813
3.8349999999999405,54.649411467738595,34.60378359130539,0.06207293942560005,-0.5474887242596953,-54.649411467738595,-34.60378359130539,-0.06207293942560005,0.5474887242596953,-4.403184641975778,-1.35,-,1941.4011397455843,1227.0528630383337,0.029908987178339612,0.8528126551165388
3.8399999999999403,54.81180571104112,31.089761626850237,0.0621264273890049,0.38554764756005255,-54.81180571104112,-31.089761626850237,-0.0621264273890049,-0.38554764756005255,9.529378585214511,1.35,-,1956.4228099721086,1231.8857294284055,0.029928285643240217,0.8535558900592343
3.8449999999999402,54.97901878061836,34.553867828885906,0.06153237321299855,-0.5005064367916714,-54.97901878061836,-34.553867828885906,-0.06153237321299855,0.5005064367916714,-3.6943728458776395,-1.35,-,1971.536272502506,1237.855578338086,0.029947216808006334,0.8548084235255837
3.84999999999994,55.14115638642353,31.039174994566597,0.061819614511390154,0.4323187851082817,-55.14115638642353,-31.039174994566597,-0.061819614511390154,-0.4323187851082817,10.23850574964335,1.35,-,1986.7390081406659,1242.6727302598024,0.02996632513169802,0.8557429211853712
3.85499999999994,55.308110892649474,34.50231988005166,0.06145848226140736,-0.45393890899079486,-55.308110892649474,-34.50231988005166,-0.06145848226140736,0.45393890899079486,-2.9848355676338008,-1.35,-,2002.0339437932337,1248.6247806453293,0.029985210856907397,0.85677322385085
3.85999999999994,55.469987582857506,30.9866618220837,0.06197824422015151,0.47879750191213805,-55.469987582857506,-30.9866618220837,-0.06197824422015151,-0.47879750191213805,10.950168931740317,1.35,-,2017.4185414054452,1253.4256466997101,0.03000441737069046,0.8579194590900364
3.86499999999994,55.63667867782755,34.44877848659817,0.06184974353520231,-0.4074352917019628,-55.63667867782755,-34.44877848659817,-0.06184974353520231,0.4074352917019628,-2.2693405056563423,-1.35,-,2032.895741476944,1259.3592383958035,0.03002354432456731,0.8587494766746577
3.8699999999999397,55.79828825212143,30.931837549142443,0.06260253564928861,0.5253320732981647,-55.79828825212143,-30.931837549142443,-0.06260253564928861,-0.5253320732981647,11.669587415279507,1.35,-,2048.462986336278,1264.1431312666361,0.03004313971191591,0.8601293456108364
3.8749999999999396,55.96470917841647,34.39287074107087,0.06270812096721858,-0.36064524713093765,-55.96470917841647,-34.39287074107087,-0.06270812096721858,0.36064524713093765,-1.5426111104977096,-1.35,-,2064.123229703401,1270.0574790556961,0.03006280125409211,0.860779670582227
3.8799999999999395,56.12604347303808,30.87430187832557,0.06369619414941252,0.5722699461326107,-56.12604347303808,-30.87430187832557,-0.06369619414941252,-0.5722699461326107,12.402019880718383,1.35,-,2079.8738934830876,1274.8235916380659,0.030083087279837707,0.8624171350384601
3.8849999999999394,56.29218574857953,34.33422507328115,0.06403909344966843,-0.31321491080188596,-56.29218574857953,-34.33422507328115,-0.06403909344966843,0.31321491080188596,-0.7992653288744588,-0.7992653288744588,-,2095.71794436485,1280.7177866949794,0.030103592307286983,0.8629076529402032
3.8899999999999393,56.45819898872493,32.59612190350945,0.06422219629131413,0.2845289738420904,-56.45819898872493,-32.59612190350945,-0.06422219629131413,-0.2845289738420904,8.141517949620255,1.35,-,2111.655585530102,1286.0303225107216,0.030124214759769383,0.8633124366249814
3.894999999999939,56.6294784139402,35.364725951637666,0.06278157300221208,-0.6697385837996782,-56.6294784139402,-35.364725951637666,-0.06278157300221208,0.6697385837996782,-6.131881506371631,-1.35,-,2127.6900746572765,1292.2836417188937,0.030143922389312544,0.8655551854781313
3.899999999999939,56.795408302247886,31.796463377854966,0.062197531766103195,0.25804371609141047,-56.795408302247886,-31.796463377854966,-0.062197531766103195,-0.25804371609141047,7.7113643175097195,1.35,-,2143.8186666783713,1297.33871713559,0.03016326505410152,0.8658881182752026
3.904999999999939,56.96616798361748,35.264767188848246,0.06096711773814141,-0.6276909775430665,-56.96616798361748,-35.264767188848246,-0.06096711773814141,0.6276909775430665,-5.516915833952212,-1.35,-,2160.0443881520596,1303.5567361600083,0.030181850001328003,0.8678580980916474
3.909999999999939,57.13185683600549,31.751819969678355,0.060617347160421706,0.30503239135206334,-57.13185683600549,-31.751819969678355,-0.060617347160421706,-0.30503239135206334,8.405056750521062,1.35,-,2176.3646334797086,1308.5976265169425,0.030200222315211838,0.8683233218905172
3.9149999999999388,57.30237352418871,35.219056670182376,0.059617633565433044,-0.5815583514659148,-57.30237352418871,-35.219056670182376,-0.059617633565433044,0.5815583514659148,-4.83263469413603,-1.35,-,2192.7824435372363,1314.7995362806298,0.03021799362637155,0.870014372471316
3.9199999999999386,57.46782202514661,31.706272666302834,0.059496096701999,0.35076943027106955,-57.46782202514661,-31.706272666302834,-0.059496096701999,-0.35076943027106955,9.086821238927948,1.35,-,2209.2951963788055,1319.8259749125793,0.030235692553985418,0.8706295684373794
3.9249999999999385,57.638096489435355,35.17252798655904,0.0587220399941657,-0.5364368711888048,-57.638096489435355,-35.17252798655904,-0.0587220399941657,0.5364368711888048,-4.156748048610991,-1.35,-,2225.9059472134322,1326.0115085374057,0.030252933943890798,0.8720683910212336
3.9299999999999384,57.803303713844564,31.65961756595431,0.05882443493290251,0.39561377570057227,-57.803303713844564,-31.65961756595431,-0.05882443493290251,-0.39561377570057227,9.761897659374991,1.35,-,2242.6120568146066,1331.023165459518,0.030270235514616675,0.8728509423188539
3.9349999999999383,57.97333543840672,35.12496432794323,0.05827274018325423,-0.4919754467965996,-57.97333543840672,-35.12496432794323,-0.05827274018325423,0.4919754467965996,-3.4841078951050473,-1.35,-,2259.4165949238763,1337.1919810547142,0.030287214075859,0.8740611415201074
3.939999999999938,58.13829884758218,31.611411317299854,0.05859646785416296,0.4398928905464089,-58.13829884758218,-31.611411317299854,-0.05859646785416296,-0.4398928905464089,10.435100556257863,1.35,-,2276.3169038883298,1342.1883876820716,0.03030438180608392,0.8750286702958737
3.944999999999938,58.30808485554004,35.07583756273003,0.058265444280205955,-0.44785798031619933,-58.30808485554004,-35.07583756273003,-0.058265444280205955,0.44785798031619933,-2.810047895063698,-1.35,-,2293.316067685934,1348.3399595857065,0.03032135611606977,0.8760315541485382
3.949999999999938,58.47280014553313,31.56132987364818,0.05880957250432821,0.48394296326356645,-58.47280014553313,-31.56132987364818,-0.05880957250432821,-0.48394296326356645,11.11142663981271,1.35,-,2310.411409470231,1353.3205473026726,0.030338648945160477,0.8772025581069998
3.954999999999938,58.642335589283704,35.0247725829884,0.05869918024540631,-0.4037547441898608,-58.642335589283704,-35.0247725829884,-0.05869918024540631,0.4037547441898608,-2.1296445839357014,-1.35,-,2327.606027087061,1359.4542207751228,0.03035587691396789,0.8780176475742788
3.959999999999938,58.80679662539894,31.50900609658707,0.0594644294208015,0.528094288599883,-58.80679662539894,-31.50900609658707,-0.0594644294208015,-0.528094288599883,11.795832757257966,1.35,-,2344.897223733766,1364.4183081010965,0.0303735570057996,0.8794120654625378
3.9649999999999377,58.976074793994265,34.97139850703015,0.05957628014641255,-0.3593346275554149,-58.976074793994265,-34.97139850703015,-0.05957628014641255,0.3593346275554149,-1.4379042492346614,-1.35,-,2362.2881107242997,1370.533301668784,0.03039130367158002,0.8800576723353397
3.9699999999999376,59.140273568115035,31.454056824409903,0.06056502414621188,0.572676680971299,-59.140273568115035,-31.454056824409903,-0.06056502414621188,-0.572676680971299,12.493317655975462,1.35,-,2379.775970512857,1375.4800901223498,0.030409644282329173,0.8816974652399812
3.9749999999999375,59.30928614655387,34.91537028378861,0.06090241882118833,-0.31426037992807365,-59.30928614655387,-34.91537028378861,-0.06090241882118833,0.31426037992807365,-0.7296905650653526,-0.7296905650653526,-,2397.3639276289255,1381.57550553262,0.03042818980542053,0.8821912631719439
3.9799999999999374,59.47853411250675,33.295345622772025,0.06091529682608496,0.22932049677019745,-59.47853411250675,-33.295345622772025,-0.06091529682608496,-0.22932049677019745,7.398585180899946,1.35,-,2415.0524077297882,1387.118405733319,0.03044674317235758,0.8824542026231385
3.9849999999999373,59.65336848156137,36.08447828789808,0.05919922859867689,-0.7246780967114893,-59.65336848156137,-36.08447828789808,-0.05919922859867689,0.7246780967114893,-6.87435871667177,-1.35,-,2432.8450295857724,1393.6288535998676,0.030464265915690972,0.8850799943424054
3.989999999999937,59.82284544223714,32.514215962865386,0.05833171526784532,0.20168550554563666,-59.82284544223714,-32.514215962865386,-0.05833171526784532,-0.20168550554563666,6.943456449149023,1.35,-,2450.738893769801,1398.9147247982667,0.030481278860721415,0.8852833795581414
3.994999999999937,59.99716489294067,35.98642581276454,0.05681072922783919,-0.6856718446435256,-59.99716489294067,-35.98642581276454,-0.05681072922783919,0.6856718446435256,-6.313301619262377,-1.35,-,2468.7371927457543,1405.3898390121547,0.03049741615549841,0.8876341089508256
3.999999999999937,60.16642235979605,32.47522515776838,0.05616286443646777,0.24580226647592177,-60.16642235979605,-32.47522515776838,-0.05616286443646777,-0.24580226647592177,7.585638361233053,1.35,-,2486.8371846436407,1410.6630402573933,0.030513187492206953,0.8879362027218491
4.004999999999937,60.34052294635313,35.94686309907754,0.054856952865397365,-0.6426502365852478,-60.34052294635313,-35.94686309907754,-0.054856952865397365,0.6426502365852478,-5.684341075962082,-1.35,-,2505.0420781908374,1417.1239250907122,0.030528233918595334,0.8900011993547645
4.009999999999937,60.50956595816159,32.43628371837618,0.05442064320023667,0.2882601084576145,-60.50956595816159,-32.43628371837618,-0.05442064320023667,-0.2882601084576145,8.209319587561755,1.35,-,2523.3491160530625,1422.3844875980071,0.03054304195062697,0.8904166688054045
4.014999999999937,60.68345123814893,35.90711021264871,0.05332247997428608,-0.6010963009690957,-60.68345123814893,-35.90711021264871,-0.05332247997428608,0.6010963009690957,-5.071127061143214,-1.35,-,2541.7615223239263,1428.8310904171235,0.03055725838498001,0.8922232526205981
4.0199999999999365,60.85228224532943,32.39690496821489,0.05309113153910272,0.32936139657315805,-60.85228224532943,-32.39690496821489,-0.05309113153910272,-0.32936139657315805,8.818817310861387,1.35,-,2560.276523596252,1434.078887674721,0.03057135172622052,0.8927656472683612
4.024999999999936,61.02595414604435,35.86686177521424,0.052194955037275156,-0.5606988938979856,-61.02595414604435,-35.86686177521424,-0.052194955037275156,0.5606988938979856,-4.469183681564597,-1.35,-,2578.897358993427,1440.5110465427326,0.030584973292877238,0.8943375635164532
4.029999999999936,61.194573804909695,32.356711325623685,0.05216350033116131,0.3694087599890091,-61.194573804909695,-32.356711325623685,-0.05216350033116131,-0.3694087599890091,9.418501083511417,1.35,-,2597.6212383092493,1445.7458303817812,0.030598578446711232,0.8950198776762363
4.034999999999936,61.368032819991086,35.825858361006425,0.05146508841588057,-0.5211503133971132,-61.368032819991086,-35.825858361006425,-0.05146508841588057,0.5211503133971132,-3.874039894698717,-1.35,-,2616.4514155702263,1452.1632910182955,0.030611821723339504,0.8963778659220057
4.039999999999936,61.53644025464325,32.31552190907569,0.05162997293821232,0.40871741700552994,-61.53644025464325,-32.31552190907569,-0.05162997293821232,-0.40871741700552994,10.012978897523379,1.35,-,2635.3850829662924,1457.384755799575,0.030625149993867506,0.897213115556824
4.044999999999936,61.70968515517935,35.783759955783204,0.05112658056510379,-0.48215659662168986,-61.70968515517935,-35.783759955783204,-0.05112658056510379,0.48215659662168986,-3.2813876355259533,-1.35,-,2654.4255091760488,1463.7871431824406,0.030638219630068908,0.8983754904751531
4.049999999999936,61.8778778369775,32.272935029437434,0.05148572216282621,0.44757398493787737,-61.8778778369775,-32.272935029437434,-0.05148572216282621,-0.44757398493787737,10.606469420578403,1.35,-,2673.5698680040878,1468.9948548595119,0.030651473528002047,0.899377102835119
4.054999999999936,62.05090620222463,35.74033921919908,0.051176113043027084,-0.4434159754639651,-62.05090620222463,-35.74033921919908,-0.051176113043027084,0.4434159754639651,-2.686754903841103,-1.35,-,2692.8214428066735,1475.3817140970289,0.03066456850073301,0.9003601914716023
4.059999999999936,62.21888012995646,32.22865318086535,0.051728904528653266,0.48627292153587154,-62.21888012995646,-32.22865318086535,-0.051728904528653266,-0.48627292153587154,11.203355659783439,1.35,-,2712.1773880298024,1480.5751445262913,0.03067794789855168,0.9015424982426974
4.0649999999999356,62.39168750692903,35.695180097960254,0.051613256988331246,-0.4046466204355928,-62.39168750692903,-35.695180097960254,-0.051613256988331246,0.4046466204355928,-2.085929349472557,-1.35,-,2731.6410013796135,1486.9458739374202,0.0306912675400364,0.9023611926798472
4.0699999999999354,62.55943704090876,32.18233173865929,0.05236054383677011,0.5251029179195441,-62.55943704090876,-32.18233173865929,-0.05236054383677011,-0.5251029179195441,11.80797604275425,1.35,-,2751.2094171939902,1492.1243863181057,0.03070497567279081,0.9037398580518852
4.074999999999935,62.73201733721525,35.64795102050516,0.052440491666347934,-0.3655571437973054,-62.73201733721525,-35.64795102050516,-0.052440491666347934,0.3655571437973054,-1.4745100680656489,-1.35,-,2770.885947189973,1498.4782683779072,0.030718725698621854,0.9044080181787914
4.079999999999935,62.899535226288144,32.13367954154318,0.05338458154977311,0.5643597689611883,-62.899535226288144,-32.13367954154318,-0.05338458154977311,-0.5643597689611883,12.424820257546813,1.35,-,2790.667704848388,1503.6411351823,0.030732975266358074,0.906000527922901
4.084999999999935,63.071880793945255,35.59830731885314,0.053663234658173006,-0.3258539913145104,-63.071880793945255,-35.59830731885314,-0.053663234658173006,0.3258539913145104,-0.8480199717101886,-0.8480199717101886,-,2810.5580155828156,1509.9773326021375,0.030747373980127963,0.9065314320411789
4.089999999999935,63.24374315173283,33.73093176867136,0.05386117031066965,0.30068957620273973,-63.24374315173283,-33.73093176867136,-0.05386117031066965,-0.30068957620273973,8.522629559143882,1.35,-,2830.556870822027,1515.666211392051,0.030761879108464136,0.9069835031473639
4.094999999999935,63.42087835912342,36.5591531347462,0.05250352619758466,-0.6529340143103222,-63.42087835912342,-36.5591531347462,-0.05250352619758466,0.6529340143103222,-5.738439124631202,-1.35,-,2850.66790988124,1522.3490697817,0.03077566220978004,0.9091151172825808
4.099999999999935,63.59262716220151,32.982781393407635,0.05197797522546785,0.27061658947539663,-63.59262716220151,-32.982781393407635,-0.05197797522546785,-0.27061658947539663,8.04227918486918,1.35,-,2870.8880210281936,1527.7883891239267,0.030789170759322734,0.9094812839750772
4.104999999999935,63.769225239481926,36.455485916438825,0.05078600718624923,-0.619780918285292,-63.769225239481926,-36.455485916438825,-0.05078600718624923,0.619780918285292,-5.25504493857759,-1.35,-,2891.2205914664123,1534.433401390945,0.03080206685195234,0.9114019259084299
4.109999999999935,63.940774689417594,32.94638813413359,0.05045626272713974,0.3099045846437531,-63.940774689417594,-32.94638813413359,-0.05045626272713974,-0.3099045846437531,8.621971460822767,1.35,-,2911.6627048058263,1539.8607238463696,0.03081479602419429,0.911882130166346
4.1149999999999345,64.11717236012572,36.41828344745207,0.04945674862248609,-0.5812826839387928,-64.11717236012572,-36.41828344745207,-0.04945674862248609,0.5812826839387928,-4.684336466390531,-1.35,-,2932.217763763116,1546.4921806926643,0.03082702587411583,0.9135715779595814
4.119999999999934,64.28852400189629,32.90945461969211,0.049317008036351494,0.3479992421657478,-64.28852400189629,-32.90945461969211,-0.049317008036351494,-0.3479992421657478,9.189473805501184,1.35,-,2952.882835354828,1551.9073417094921,0.030839186710524116,0.914177095322321
4.124999999999934,64.46472273981962,36.38055846427463,0.048504956411417804,-0.5437878351079033,-64.46472273981962,-36.38055846427463,-0.048504956411417804,0.5437878351079033,-4.123043101569005,-1.35,-,2973.6613377444364,1558.5250668803544,0.030850950364506483,0.9156556213703777
4.129999999999934,64.63587686021468,32.87157540407731,0.048550874541102136,0.3851753027350281,-64.63587686021468,-32.87157540407731,-0.048550874541102136,-0.3851753027350281,9.748759241632085,1.35,-,2994.5503206318804,1563.9277692280841,0.03086273630160001,0.9163974214395628
4.134999999999934,64.81187659360401,36.342016449715686,0.0479227036249221,-0.5070153516145556,-64.81187659360401,-36.342016449715686,-0.0479227036249221,0.5070153516145556,-3.5670743271060283,-1.35,-,3015.5532173698025,1570.531480026241,0.03087421922921362,0.917682744273427
4.139999999999934,64.98283198137348,32.83274153782787,0.04815133529676181,0.42174263940128526,-64.98283198137348,-32.83274153782787,-0.04815133529676181,-0.42174263940128526,10.304377730482202,1.35,-,3036.6670596313993,1575.9214246106899,0.030885811984667926,0.9185720785428728
4.144999999999934,65.1586311578909,36.302367572014674,0.04770485101532616,-0.4706886005385298,-65.1586311578909,-36.302367572014674,-0.04770485101532616,0.4706886005385298,-3.0123636450921243,-1.35,-,3057.8952957032493,1582.510734067358,0.030897190748719897,0.9196798173362574
4.149999999999934,65.32938515005992,32.792635750260224,0.04811463218908235,0.45797429477918483,-65.32938515005992,-32.792635750260224,-0.04811463218908235,-0.45797429477918483,10.86036202553161,1.35,-,3079.234938523673,1587.887518864604,0.03090876583787335,0.9207285196096499
4.154999999999934,65.50498075128993,36.26131421690528,0.04784901210561543,-0.43453440106303376,-65.50498075128993,-36.26131421690528,-0.04784901210561543,0.43453440106303376,-2.454855319971572,-1.35,-,3100.689451039807,1594.4619334082897,0.030920213477670766,0.9216726203381859
4.1599999999999335,65.67552915747659,32.75081300346211,0.04843973960576399,0.49412768998196294,-65.67552915747659,-32.75081300346211,-0.04843973960576399,-0.49412768998196294,11.42054887018421,1.35,-,3122.2558266903793,1599.8250121702283,0.030931945519536135,0.9228934312082204
4.164999999999933,65.85091682816238,36.218608437880356,0.04835553979914697,-0.3982751772092352,-65.85091682816238,-36.218608437880356,-0.04835553979914697,0.3982751772092352,-1.8903857192672202,-1.35,-,3143.9375429259267,1606.3839501561106,0.03094363681068247,0.9236865467921257
4.169999999999933,66.02125397401053,32.70700601009503,0.04912837416869523,0.5304786467027122,-66.02125397401053,-32.70700601009503,-0.04912837416869523,-0.5304786467027122,11.989095592233433,1.35,-,3165.73157280743,1611.7326913668323,0.030955704796424767,0.9250935847651633
4.174999999999933,66.19642756007343,36.17387077177794,0.04922748679650792,-0.361644791438114,-66.19642756007343,-36.17387077177794,-0.04922748679650792,0.361644791438114,-1.3149250517855946,-1.3149250517855946,-,3187.64140791601,1618.2754359998987,0.03096782152370627,0.925747519541035
4.179999999999933,66.36700096360411,32.829761762612286,0.050132157348456635,0.5514192299748876,-66.36700096360411,-32.829761762612286,-0.050132157348456635,-0.5514192299748876,12.334546083646572,1.35,-,3209.6643020005245,1623.664402286848,0.03098038768970832,0.9272678353769654
4.184999999999933,66.54228046210795,36.192658026948315,0.05028690440861287,-0.35054956300177026,-66.54228046210795,-36.192658026948315,-0.05028690440861287,0.35054956300177026,-1.118395499874076,-1.118395499874076,-,3231.8036774460134,1630.213944762126,0.030993031553483326,0.927882260357569
4.189999999999933,66.71550574448062,33.794608621442784,0.050953352441727974,0.4739041461557789,-66.71550574448062,-33.794608621442784,-0.050953352441727974,-0.4739041461557789,11.217374881170684,1.35,-,3254.058470979722,1635.9243226215083,0.03100601277410858,0.9290051860562872
4.194999999999933,66.89300900663443,36.63683936307746,0.05046267963649396,-0.4796058509982752,-66.89300900663443,-36.63683936307746,-0.05046267963649396,0.4796058509982752,-3.028690422899792,-1.35,-,3276.43184424953,1642.635612614088,0.031018745184289057,0.9301552949178461
4.199999999999933,67.06517696234268,33.06947968316421,0.05080500710898668,0.4442670341687385,-67.06517696234268,-33.06947968316421,-0.05080500710898668,-0.4442670341687385,10.770077291322867,1.35,-,3298.9205340544813,1648.1035650466638,0.03103165092802578,0.9311421609060915
4.204999999999933,67.24218259938152,36.5373884276733,0.05047731851209399,-0.44701151076248896,-67.24218259938152,-36.5373884276733,-0.05047731851209399,0.44701151076248896,-2.5275778112271974,-1.35,-,3321.5280896581235,1654.778468812237,0.031044390726446634,0.9321412573598623
4.2099999999999325,67.414135293278,33.02598951604497,0.051010759338508675,0.48246308829970125,-67.414135293278,-33.02598951604497,-0.051010759338508675,-0.48246308829970125,11.359192916625169,1.35,-,3344.251417844825,1660.2320487298064,0.03105740121428809,0.9333051105177207
4.214999999999932,67.5909229577621,36.49290187003742,0.05087436764120918,-0.40877606076674405,-67.5909229577621,-36.49290187003742,-0.05087436764120918,0.40877606076674405,-1.935030441171791,-1.35,-,3367.094082176235,1666.8907081642872,0.031070342220702554,0.9341405998570006
4.219999999999932,67.76265479652997,32.98049417569923,0.05159961139001163,0.5207610510535778,-67.76265479652997,-32.98049417569923,-0.05159961139001163,-0.5207610510535778,11.955526012029027,1.35,-,3390.052969101603,1672.3292731446536,0.031083654820180554,0.9354965602184727
4.224999999999932,67.93921887483172,36.44646582175091,0.051656025637915146,-0.3702443382505502,-67.93921887483172,-36.44646582175091,-0.051656025637915146,0.3702443382505502,-1.3323266177612387,-1.3323266177612387,-,3413.131656408214,1678.9709974991338,0.031096996545104078,0.9361819645685057
4.229999999999932,68.11095220398751,33.017864289896075,0.052548644417110484,0.5514589772488213,-68.11095220398751,-33.017864289896075,-0.052548644417110484,-0.5514589772488213,12.444909698946399,1.35,-,3436.327165458883,1684.4218943104636,0.031110803345254456,0.9377024995864472
4.234999999999932,68.28744997486244,36.43078928146629,0.05273479268053502,-0.3443313670423418,-68.28744997486244,-36.43078928146629,-0.05273479268053502,0.3443313670423418,-0.913834830803278,-0.913834830803278,-,3459.6430445792294,1691.0579063488165,0.03112470813704975,0.9382953200380935
4.239999999999932,68.46309050041492,34.43759761726034,0.05298501433162529,0.3306649151399839,-68.46309050041492,-34.43759761726034,-0.05298501433162529,-0.3306649151399839,9.182024514435941,1.35,-,3483.079018383569,1696.987646997058,0.031138745195768362,0.9388420164686161
4.244999999999932,68.64377300533037,37.27011903106349,0.05177737734964154,-0.6229391465269719,-68.64377300533037,-37.27011903106349,-0.05177737734964154,0.6229391465269719,-5.07627323682547,-1.35,-,3506.638856245605,1703.932955860006,0.0311521496797944,0.9407822823699948
4.249999999999932,68.81906576605134,33.69291720772373,0.05140002202223165,0.30030209838852145,-68.81906576605134,-33.69291720772373,-0.05140002202223165,-0.30030209838852145,8.702152780957825,1.35,-,3530.319175310165,1709.6090192098384,0.031165359491113827,0.9412331891214776
4.2549999999999315,68.99920591525618,37.164768641160045,0.05035483595318996,-0.5904347918191997,-68.99920591525618,-37.164768641160045,-0.05035483595318996,0.5904347918191997,-4.597935728556699,-1.35,-,3554.1236273948443,1716.515119350593,0.03117803753863319,0.9429762553384304
4.259999999999931,69.17429818489535,33.655674878349316,0.05017106815663376,0.33912443160367706,-69.17429818489535,-33.655674878349316,-0.05017106815663376,-0.33912443160367706,9.279517921367463,1.35,-,3578.049045041708,1722.1786416081786,0.031190623219033077,0.943551282238983
4.264999999999931,69.35423657382081,37.12666440460641,0.04931672252600767,-0.5522637772591094,-69.35423657382081,-37.12666440460641,-0.04931672252600767,0.5522637772591094,-4.027503069951566,-1.35,-,3602.0990956953947,1729.07058765724,0.031202783914636614,0.9450762586373455
4.269999999999931,69.52912875306879,33.61748371274558,0.04932184298358028,0.37695532187590325,-69.52912875306879,-33.61748371274558,-0.04932184298358028,-0.37695532187590325,9.847672297269916,1.35,-,3626.2705944211984,1734.7212637131233,0.0312149471356131,0.9457867352107983
4.274999999999931,69.7088656065264,37.087789290980886,0.048654433475564605,-0.5148793934351936,-69.7088656065264,-37.087789290980886,-0.048654433475564605,0.5148793934351936,-3.463263989313761,-1.35,-,3650.5672241419416,1741.598784285584,0.03122678340509724,0.9471122391597192
4.279999999999931,69.88355675353058,33.578339927487804,0.048845183822964655,0.414110114854043,-69.88355675353058,-33.578339927487804,-0.048845183822964655,-0.414110114854043,10.411238548846095,1.35,-,3674.985781664561,1747.2363088470136,0.031238712665010736,0.9479696750958413
4.284999999999931,70.06309078559286,37.04785140015975,0.04836221580629478,-0.4780004180115124,-70.06309078559286,-37.04785140015975,-0.04836221580629478,0.4780004180115124,-2.901092373651354,-1.35,-,3699.5299651167115,1754.099025313855,0.03125040718459921,0.9491120970939372
4.289999999999931,70.2375784853907,33.537991542495,0.04873674051807586,0.45087342942707,-70.2375784853907,-33.537991542495,-0.04873674051807586,-0.45087342942707,10.974415519442715,1.35,-,3724.196552274168,1759.7230096973772,0.03126228353398084,0.9501285313407538
4.294999999999931,70.41690694072621,37.006549294793714,0.04843711316862762,-0.4413496994372582,-70.41690694072621,-37.006549294793714,-0.04843711316862762,0.4413496994372582,-2.3368815305045363,-1.35,-,3748.989256189662,1766.570433150917,0.03127401430364139,0.9511024791267206
4.2999999999999305,70.59118724831104,33.49596870722718,0.048994938982908874,0.4875043842121624,-70.59118724831104,-33.49596870722718,-0.048994938982908874,-0.4875043842121624,11.541056712003055,1.35,-,3773.904834775292,1772.1803327490948,0.03128601682387109,0.952290781749851
4.30499999999993,70.77030600131943,36.96362993376773,0.04887894705970011,-0.4046462473027308,-70.77030600131943,-36.96362993376773,-0.04887894705970011,0.4046462473027308,-1.7664246649173283,-1.35,-,3798.947015832893,1779.0118824384972,0.031297962581199414,0.9531094746771319
4.30999999999993,70.94437345976483,33.45198771466285,0.04962098100449389,0.5242809502987382,-70.94437345976483,-33.45198771466285,-0.04962098100449389,-0.5242809502987382,12.115343662232332,1.35,-,3824.1125364608856,1784.6070598488068,0.03131027378997866,0.9544838272513626
4.31499999999993,71.12327662281648,36.918725378161575,0.04969027739202462,-0.36761925387322225,-71.12327662281648,-36.918725378161575,-0.04969027739202462,0.36761925387322225,-1.1856290747420737,-1.1856290747420737,-,3849.4051388487132,1791.4220212665473,0.03132261940831514,0.9551595468304541
4.31999999999993,71.29925529847654,34.19730911192091,0.050371396321959985,0.48708456527279814,-71.29925529847654,-34.19730911192091,-0.050371396321959985,-0.48708456527279814,11.597755818098852,1.35,-,3874.8230578792995,1797.2693010190285,0.03133530579615226,0.9563458036990891
4.32499999999993,71.47947234925968,37.180623226429276,0.05001550569364186,-0.4526467049227726,-71.47947234925968,-37.180623226429276,-0.05001550569364186,0.4526467049227726,-2.4366766299379883,-1.35,-,3900.369632715942,1804.1812947365568,0.03134781355020121,0.9573702488964763
4.32999999999993,71.65463894960706,33.66986314776919,0.05052005761493291,0.4767283840282194,-71.65463894960706,-33.66986314776919,-0.05052005761493291,-0.4767283840282194,11.44830944558695,1.35,-,3926.041569130934,1809.8495931585041,0.0313605749313083,0.958506598657167
4.33499999999993,71.83464177170048,37.1371086087341,0.050353845039846176,-0.4147249580332971,-71.83464177170048,-37.1371086087341,-0.050353845039846176,0.4147249580332971,-1.8494388518590632,-1.35,-,3951.842647923276,1816.7454173375886,0.03137325247985978,0.9593665826112456
4.33999999999993,72.00959025108529,33.62504326550367,0.051048359450290105,0.5146629900956379,-72.00959025108529,-33.62504326550367,-0.051048359450290105,-0.5146629900956379,12.038554718542406,1.35,-,3977.7695533639217,1822.3986350106234,0.03138628215487261,0.9606909725781165
4.34499999999993,72.1893722549757,37.091357665041485,0.051072985824559165,-0.3765860898246138,-72.1893722549757,-37.091357665041485,-0.051072985824559165,0.3765860898246138,-1.253294516500962,-1.253294516500962,-,4003.8260806967583,1829.2774790778035,0.031399324404277784,0.9614000579933635
4.3499999999999295,72.3653503399378,34.04394307694941,0.051813901818605575,0.5092040805885613,-72.3653503399378,-34.04394307694941,-0.051813901818605575,-0.5092040805885613,11.990762611244003,1.35,-,4030.0098003458675,1835.0724293789362,0.03141274780638612,0.9626965019718037
4.354999999999929,72.54580818978255,37.225095262004466,0.05167111331577917,-0.41007877772485246,-72.54580818978255,-37.225095262004466,-0.05167111331577917,0.41007877772485246,-1.7297807333047093,-1.35,-,4056.3242717754106,1842.0009679652626,0.031426097326142585,0.9635373249915052
4.359999999999929,72.72120916430654,33.71257755189085,0.05239147631802511,0.519719895319744,-72.72120916430654,-33.71257755189085,-0.05239147631802511,-0.519719895319744,12.164770492176615,1.35,-,4082.766143087004,1847.6836573912237,0.0314398216600965,0.9648878688394611
4.364999999999929,72.90144087847877,37.17820480497086,0.05244456333494704,-0.370929314309936,-72.90144087847877,-37.17820480497086,-0.05244456333494704,0.370929314309936,-1.117649533386267,-1.117649533386267,-,4109.339243497795,1854.5947519538254,0.031453573821213464,0.9655758116205333
4.369999999999929,73.07962591801304,34.78409128899516,0.053012462864394864,0.4539623429563456,-73.07962591801304,-34.78409128899516,-0.053012462864394864,-0.4539623429563456,11.223488949811532,1.35,-,4136.042402119378,1860.644416987831,0.03146762542730821,0.9666062206646453
4.374999999999929,73.26204120881727,37.61482732469458,0.05242161565889328,-0.4996805284986063,-73.26204120881727,-37.61482732469458,-0.05242161565889328,0.4996805284986063,-3.0261054977491124,-1.35,-,4162.879035529789,1867.7187931611638,0.031481365556249655,0.9678546238174485
4.379999999999929,73.43915730475595,34.054979054487376,0.0526713567651938,0.425599555787097,-73.43915730475595,-34.054979054487376,-0.0526713567651938,-0.425599555787097,10.792729561564347,1.35,-,4189.845584657952,1873.5175011531717,0.031495236915367084,0.9687602987268793
4.384999999999929,73.62110843686978,37.52246243887343,0.05225482474270481,-0.4648181682936208,-73.62110843686978,-37.52246243887343,-0.05225482474270481,0.4648181682936208,-2.4931565670114804,-1.35,-,4216.945922695318,1880.557177090555,0.031508889748911535,0.9698405783747585
4.389999999999929,73.79800351247106,34.01073814143289,0.05270273087311724,0.4652216024308208,-73.79800351247106,-34.01073814143289,-0.05270273087311724,-0.4652216024308208,11.400999902886571,1.35,-,4244.17664930745,1886.3408286351803,0.031522777638118955,0.9709227340715999
4.3949999999999285,73.97973101014726,37.47720646148928,0.05248418420434523,-0.425242622834207,-73.97973101014726,-37.47720646148928,-0.05248418420434523,0.425242622834207,-1.88264320981225,-1.35,-,4271.541652309118,1893.3635336559655,0.031536550586076934,0.9718268905129744
4.399999999999928,74.15640005497748,33.96457856352567,0.053130288689222906,0.504812794944642,-74.15640005497748,-33.96457856352567,-0.053130288689222906,-0.504812794944642,12.014693827977586,1.35,-,4299.037510654687,1899.131496640955,0.031550664723957934,0.9731010703026736
4.404999999999928,74.3378989918185,37.43011847111255,0.05311061879512341,-0.38549350418698414,-74.3378989918185,-37.43011847111255,-0.05311061879512341,0.38549350418698414,-1.2636249517829192,-1.2636249517829192,-,4326.6681267872755,1906.1365654847625,0.03156476841310194,0.9738440965115254
4.409999999999928,74.51545665688481,34.33265142461481,0.05382660757181878,0.5056377674389237,-74.51545665688481,-34.33265142461481,-0.05382660757181878,-0.5056377674389237,12.059236919928827,1.35,-,4354.4308931911955,1912.0302202539829,0.031579254931515394,0.9751224442708284
4.414999999999928,74.69752712952199,37.543062631402776,0.05368580150947298,-0.40973098745426934,-74.69752712952199,-37.543062631402776,-0.05368580150947298,0.40973098745426934,-1.6019154513630098,-1.35,-,4382.329495987523,1919.07762801271,0.031593665757933966,0.9759618416812297
4.419999999999928,74.87453602422252,34.02971319980443,0.0544117684379655,0.5206721645979994,-74.87453602422252,-34.02971319980443,-0.0544117684379655,-0.5206721645979994,12.301834700504463,1.35,-,4410.360476711735,1924.8677349150146,0.0316084689606567,0.9773173391961655
4.424999999999928,75.05637171742428,37.49440879105079,0.054474414062748944,-0.36906632311552107,-75.05637171742428,-37.49440879105079,-0.054474414062748944,0.36906632311552107,-0.9667355912735941,-0.9667355912735941,-,4438.527771388655,1931.8968883679665,0.0316233062695941,0.9779983889504555
4.429999999999928,75.23706867806757,35.409209487758034,0.05472462023544211,0.3466690299136297,-75.23706867806757,-35.409209487758034,-0.05472462023544211,-0.3466690299136297,9.738571689113941,1.35,-,4466.830853904996,1938.165948950706,0.03163828018989367,0.9785992860319618
4.434999999999928,75.4225787988397,38.23146445060902,0.05359663620067788,-0.6070640871959574,-75.4225787988397,-38.23146445060902,-0.05359663620067788,0.6070640871959574,-4.520479323963423,-1.35,-,4495.273680868331,1945.4741733208969,0.03165264318695381,0.980441920061777
4.439999999999928,75.60270422061726,34.6552761798345,0.05330313683944591,0.31691251980296054,-75.60270422061726,-34.6552761798345,-0.05330313683944591,-0.31691251980296054,9.270448542057478,1.35,-,4523.8525252956815,1951.4791141563996,0.031666849308938434,0.9809440877878163
4.4449999999999275,75.787671484695,38.125620942757465,0.05234535296619082,-0.5730168303717863,-75.787671484695,-38.125620942757465,-0.05234535296619082,0.5730168303717863,-4.016052882840983,-1.35,-,4552.571381041042,1958.7469290177537,0.03168054948882421,0.9825858292272629
4.449999999999927,75.96758633433667,34.615558285392126,0.052252580808386954,0.35714205633376955,-75.96758633433667,-34.615558285392126,-0.052252580808386954,-0.35714205633376955,9.871934176213657,1.35,-,4581.426751908365,1964.7381133948004,0.0316942011498299,0.9832235814692745
4.454999999999927,76.15234142214655,38.08502562854406,0.051493125870746954,-0.5333534734777919,-76.15234142214655,-38.08502562854406,-0.051493125870746954,0.5333534734777919,-3.420111044648931,-1.35,-,4610.422647428741,1971.9904592804346,0.0317074588598896,0.9846459111076286
4.459999999999927,76.33204514176053,34.57475769599877,0.051597047794250096,0.3965214098212111,-76.33204514176053,-34.57475769599877,-0.051597047794250096,-0.3965214098212111,10.466553823822315,1.35,-,4639.555553006359,1977.9675286291197,0.03172077013659501,0.9854320572498615
4.464999999999927,76.51658733850428,38.04343570627305,0.05103271862290826,-0.4943366051410483,-76.51658733850428,-38.04343570627305,-0.05103271862290826,0.4943366051410483,-2.8280260901064684,-1.35,-,4668.829493696014,1985.2040436308062,0.03173379182844523,0.9866539006457733
4.469999999999927,76.69607799337854,34.53286382862033,0.05133080353177304,0.4353782767336621,-76.69607799337854,-34.53286382862033,-0.05133080353177304,-0.4353782767336621,11.059136600289076,1.35,-,4698.240935593845,1991.1666370518362,0.03174696608540132,0.9876016718650311
4.474999999999927,76.88040500537801,38.00053911198642,0.050959867496256264,-0.45567305691212384,-76.88040500537801,-38.00053911198642,-0.050959867496256264,0.45567305691212384,-2.235470858783165,-1.35,-,4727.7939189628,1998.3868419158441,0.0317599506258775,0.9886398615390093
4.479999999999927,77.05967901958121,34.48929228220033,0.051451040443881435,0.4739767687809648,-77.05967901958121,-34.48929228220033,-0.051451040443881435,-0.4739767687809648,11.65359014479995,1.35,-,4757.484889615804,2004.3343983264792,0.031773186673691285,0.9897631314257295
4.484999999999927,77.24378726659191,37.95609294499888,0.05127325133236798,-0.4170646323763154,-77.24378726659191,-37.95609294499888,-0.05127325133236798,0.4170646323763154,-1.6379973660955574,-1.35,-,4787.317902972236,2011.537723284726,0.03178633140520225,0.9906328459636254
4.4899999999999265,77.42283955071908,34.44380954488866,0.051957898508323226,0.5126162500736015,-77.42283955071908,-34.44380954488866,-0.051957898508323226,-0.5126162500736015,12.254402001655407,1.35,-,4817.289383392717,2017.4696033645487,0.031799829521289256,0.991946723062823
4.494999999999926,77.60672344483649,37.9096807271985,0.05197442194449851,-0.37822999575736,-77.60672344483649,-37.9096807271985,-0.05197442194449851,0.37822999575736,-1.031371054855493,-1.031371054855493,-,4847.403401011933,2024.6553228287391,0.03181333622397158,0.9926620127112761
4.499999999999926,77.78908750998562,35.6947303010482,0.052316050734867704,0.38392469095780335,-77.78908750998562,-35.6947303010482,-0.052316050734867704,-0.38392469095780335,10.369069231810455,1.35,-,4877.659111690114,2031.0258916850619,0.03182702106979405,0.9933990035529113
4.504999999999926,77.9760676208542,38.530302365490385,0.05137499260695161,-0.5696570256184107,-77.9760676208542,-38.530302365490385,-0.05137499260695161,0.5696570256184107,-3.884581743027911,-1.35,-,4908.060447298173,2038.4488126869423,0.03184021801912087,0.9950215491870934
4.509999999999926,78.15765214713258,34.9517082030032,0.051262811511009844,0.3533467041450609,-78.15765214713258,-34.9517082030032,-0.051262811511009844,-0.3533467041450609,9.89448298478643,1.35,-,4938.603540243934,2044.5569222184815,0.031853357398340935,0.9956458186537442
4.514999999999926,78.34407949094091,38.42177658152215,0.050482074913675457,-0.5375816198440496,-78.34407949094091,-38.42177658152215,-0.050482074913675457,0.5375816198440496,-3.404294462687533,-1.35,-,4969.292514200348,2051.9380867968835,0.031866099597778884,0.9970907886437149
4.519999999999926,78.52545774868145,34.91195557845495,0.05056288707939064,0.39198701853864704,-78.52545774868145,-34.91195557845495,-0.05056288707939064,-0.39198701853864704,10.477506005786923,1.35,-,5000.123751773547,2058.0323100084433,0.0318788826255279,0.9978590577572289
4.524999999999926,78.71167696975122,38.381247927155606,0.04997347162715736,-0.49932395640309296,-78.71167696975122,-38.381247927155606,-0.04997347162715736,0.49932395640309296,-2.8241652343058727,-1.35,-,5031.101392230499,2065.397910970672,0.03189136936486025,0.9991056798244191
4.529999999999926,78.89284710761778,34.87111698520791,0.05024456154523326,0.4300660508361179,-78.89284710761778,-34.87111698520791,-0.05024456154523326,-0.4300660508361179,11.057795409729136,1.35,-,5062.221798854228,2071.477884969652,0.031903991944684615,1.0000304638648279
4.5349999999999255,79.07885619484254,38.33948608399718,0.04984455261318518,-0.4614561142304694,-79.07885619484254,-38.33948608399718,-0.04984455261318518,0.4614561142304694,-2.2442294547856174,-1.35,-,5093.48912633965,2078.827465935577,0.03191641434181066,1.0010951725916313
4.539999999999925,79.25981499331081,34.8287763155203,0.05030465563230404,0.46785873931697874,-79.25981499331081,-34.8287763155203,-0.05030465563230404,-0.46785873931697874,11.639419050282081,1.35,-,5124.899717703519,2084.8926842337596,0.03192906713370208,1.0021896315914076
4.544999999999925,79.44561051665228,38.296211827924374,0.05009357877103561,-0.42369018755044696,-79.44561051665228,-38.296211827924374,-0.05009357877103561,0.42369018755044696,-1.660200474466591,-1.35,-,5156.457742855337,2092.225683435606,0.031941613966872534,1.0030871984665402
4.549999999999925,79.62635319760183,34.784573191772594,0.05074285293132379,0.5056443960070032,-79.62635319760183,-34.784573191772594,-0.05074285293132379,-0.5056443960070032,12.22655432581443,1.35,-,5188.159523473082,2098.2755160962747,0.031954488152490586,1.0043655797426065
4.554999999999925,79.81193011957953,38.25110986491427,0.05072165133087931,-0.38574181709537964,-79.81193011957953,-38.25110986491427,-0.05072165133087931,0.38574181709537964,-1.0678030843860387,-1.0678030843860387,-,5220.009244420145,2105.591253125763,0.03196735158205924,1.0051095634898868
4.559999999999925,79.9957735971985,35.96359258226949,0.05110354908818096,0.4026919772613292,-79.9957735971985,-35.96359258226949,-0.05110354908818096,-0.4026919772613292,10.726035690775982,1.35,-,5252.005863387215,2112.0581530828804,0.03198040944570628,1.00592036763264
4.564999999999925,80.18411844192592,38.80573129834646,0.05025657749856728,-0.5508231603470107,-80.18411844192592,-38.80573129834646,-0.05025657749856728,0.5508231603470107,-3.525019379082685,-1.35,-,5284.153327638758,2119.5875769908776,0.03199303806361563,1.0074373984025133
4.569999999999925,80.3670630437282,35.22599195080889,0.050235737115901326,0.37169421145976067,-80.3670630437282,-35.22599195080889,-0.050235737115901326,-0.37169421145976067,10.248151589400237,1.35,-,5316.447651750131,2125.7919295354695,0.03200565621003352,1.0081281813366767
4.574999999999925,80.55485108240579,38.696010131000804,0.04954420400056053,-0.5197260591617235,-80.55485108240579,-38.696010131000804,-0.04954420400056053,0.5197260591617235,-3.056613581501197,-1.35,-,5348.893071914673,2133.278835535762,0.032017929350783764,1.0094787572195356
4.579999999999925,80.73759157416198,35.186362943787685,0.04971246039180304,0.40954913578347063,-80.73759157416198,-35.186362943787685,-0.04971246039180304,-0.40954913578347063,10.822154864471338,1.35,-,5381.485865380653,2139.4692362218216,0.032030285994374796,1.0103174096926406
4.5849999999999245,80.92517352882592,38.6555132107375,0.04920871823944651,-0.4821769119863315,-80.92517352882592,-38.6555132107375,-0.04920871823944651,0.4821769119863315,-2.484405700835488,-1.35,-,5414.2302839340055,2146.940479729749,0.03204239348412864,1.011479882564904
4.589999999999924,81.10770742268859,35.1453449068559,0.04956402182388982,0.44695680770195273,-81.10770742268859,-35.1453449068559,-0.04956402182388982,-0.44695680770195273,11.3950276379323,1.35,-,5447.122584950827,2153.116456072858,0.03205467644542544,1.0124787345046597
4.594999999999924,81.29508064259437,38.61366243238358,0.04924680715492789,-0.44488811693961594,-81.29508064259437,-38.61366243238358,-0.04924680715492789,0.44488811693961594,-1.910543172418874,-1.35,-,5480.1670356342565,2160.571530705068,0.03206680268550021,1.01346836168763
4.599999999999924,81.47740412216662,35.102812357701175,0.04978853712976736,0.4842174140214965,-81.47740412216662,-35.102812357701175,-0.04978853712976736,-0.4842174140214965,11.971241679309648,1.35,-,5513.35987254669,2166.732567882168,0.032079197177647824,1.0146406942078383
4.604999999999924,81.66456438688826,38.57014941448812,0.04965798805463049,-0.40757903102844256,-81.66456438688826,-38.57014941448812,-0.04965798805463049,0.40757903102844256,-1.3308300808418887,-1.3308300808418887,-,5546.70537792919,2174.170850011448,0.032091526756535996,1.0154712975405087
4.609999999999924,81.84692051138056,35.150633820132356,0.050358058887655315,0.5129202803971754,-81.84692051138056,-35.150633820132356,-0.050358058887655315,-0.5129202803971754,12.42606458613033,1.35,-,5580.19996991517,2180.3486853012328,0.03210420642701066,1.0167867336107221
4.614999999999924,82.03404161446922,38.56079553859599,0.050344197890537484,-0.38426503274325235,-82.03404161446922,-38.56079553859599,-0.050344197890537484,0.38426503274325235,-0.9562349474400338,-0.9562349474400338,-,5613.847889833191,2187.7833600640797,0.032116879118316864,1.017525031687668
4.619999999999924,82.22005056850527,36.47997678824206,0.05048258045484455,0.32062796932667215,-82.22005056850527,-36.47997678824206,-0.05048258045484455,-0.32062796932667215,9.585059805227802,1.35,-,5647.648573410628,2194.437303596433,0.032129621572963764,1.0180390431612407
4.624999999999924,82.41098679044993,39.32668668187545,0.0492251520231655,-0.6328241115895845,-82.41098679044993,-39.32668668187545,-0.0492251520231655,0.6328241115895845,-4.6710111882407785,-1.35,-,5681.606427129506,2202.170245023305,0.032141737150922285,1.0200413749422863
4.6299999999999235,82.59652718451751,35.74820263746948,0.048792196951181734,0.28939978393458543,-82.59652718451751,-35.74820263746948,-0.048792196951181734,-0.28939978393458543,9.091704853416596,1.35,-,5715.7173586442195,2208.559914982353,0.0321536405433389,1.0204601361169932
4.634999999999923,82.78692140929975,39.22167257037893,0.04768644767457139,-0.6024676047757682,-82.78692140929975,-39.22167257037893,-0.04768644767457139,0.6024676047757682,-4.225807048738384,-1.35,-,5749.985730426367,2216.2516129784426,0.032165010529798,1.0222749721910143
4.639999999999923,82.97227357317291,35.713652182808836,0.04743726161558097,0.32626317039588476,-82.97227357317291,-35.713652182808836,-0.04743726161558097,-0.32626317039588476,9.638670466755078,1.35,-,5784.407721335873,2222.6289377396156,0.032176261998745924,1.022807210472798
4.644999999999923,83.16247876694624,39.18641810020872,0.04651231151320616,-0.5662988197507894,-83.16247876694624,-39.18641810020872,-0.04651231151320616,0.5662988197507894,-3.686570110881725,-1.35,-,5818.987710709186,2230.3068145572374,0.03218707897435743,1.0244106822390537
4.649999999999923,83.3476440032211,35.67852445465211,0.046441735119486786,0.36206051139169926,-83.3476440032211,-35.67852445465211,-0.046441735119486786,-0.36206051139169926,10.175009946889677,1.35,-,5853.721859513624,2236.6716000935435,0.03219786314816197,1.0250661213085999
4.654999999999923,83.53766118553285,39.150595009682,0.04569316531009053,-0.5310198153660312,-83.53766118553285,-39.150595009682,-0.04569316531009053,0.5310198153660312,-3.1553814032241556,-1.35,-,5888.614563695367,2244.335445541604,0.032208302474942246,1.0264760315301567
4.659999999999923,83.72263944499296,35.642580335930795,0.04579739448025304,0.3970654693473754,-83.72263944499296,-35.642580335930795,-0.04579739448025304,-0.3970654693473754,10.704700141932761,1.35,-,5923.661965473548,2250.68741320662,0.03221878948164814,1.0272643364648968
4.664999999999923,83.91246821967287,39.11393342675961,0.04522211796589789,-0.4963649124354702,-83.91246821967287,-39.11393342675961,-0.04522211796589789,0.4963649124354702,-2.6283645197214773,-1.35,-,5958.868477087135,2258.3369121471846,0.03222901468141475,1.0284962270963822
4.669999999999923,84.09725806515071,35.60554821734111,0.04549867050464903,0.43154256398836155,-84.09725806515071,-35.60554821734111,-0.04549867050464903,-0.43154256398836155,11.231619804348009,1.35,-,5994.230221157517,2264.6756874664716,0.032239365326503205,1.0294273720190505
4.6749999999999226,84.28689664077218,39.07615749167116,0.04509490950179816,-0.4620731916832648,-84.28689664077218,-39.07615749167116,-0.04509490950179816,0.4620731916832648,-2.1016752172576876,-1.35,-,6029.751625884177,2272.310417888041,0.032249533080818085,1.0304949301914124
4.6799999999999224,84.47149524473244,35.56715435378372,0.045542605003632844,0.46575229019532605,-84.47149524473244,-35.56715435378372,-0.045542605003632844,-0.46575229019532605,11.759626324849355,1.35,-,6065.42879342858,2278.63553023217,0.03225990372517067,1.0315795561705232
4.684999999999922,84.66094042141047,39.03698534434575,0.045309875430137425,-0.42788644457349606,-84.66094042141047,-39.03698534434575,-0.045309875430137425,0.42788644457349606,-1.5714712134070454,-1.35,-,6101.266167593768,2286.254961356043,0.032270168649228145,1.032494990217772
4.689999999999922,84.84534354099785,35.527200077415785,0.04592882319752154,0.4999612477930179,-84.84534354099785,-35.527200077415785,-0.04592882319752154,-0.4999612477930179,12.29270880804632,1.35,-,6137.259829196717,2292.5658710827465,0.03228071593322969,1.0337447964642457
4.694999999999922,85.03459065819133,38.99612956650527,0.04586792572068903,-0.3935470866631791,-85.03459065819133,-38.99612956650527,-0.04586792572068903,0.3935470866631791,-1.0338811964795926,-1.0338811964795926,-,6173.414237238747,2300.1693616885846,0.032291235266279285,1.034519193011351
4.699999999999922,85.22225526021163,36.75375360479366,0.04612024264184884,0.36601370528207344,-85.22225526021163,-36.75375360479366,-0.04612024264184884,-0.36601370528207344,10.325974501363172,1.35,-,6209.72840119693,2306.923553708794,0.032301870650186,1.0351890231736227
4.704999999999922,85.41463538927516,39.62460444212698,0.04509081927883484,-0.5871468414597809,-85.41463538927516,-39.62460444212698,-0.04509081927883484,0.5871468414597809,-3.921762828300645,-1.35,-,6246.206700890343,2314.774100094769,0.03231203656010218,1.0369127302408037
4.709999999999922,85.6016030268005,36.04240983867435,0.04487575967392674,0.3332916125388065,-85.6016030268005,-36.04240983867435,-0.04487575967392674,-0.3332916125388065,9.817422901036506,1.35,-,6282.844873094132,2321.269376629664,0.03232210572913374,1.0374681467357472
4.714999999999922,85.79342860307352,39.51622418457163,0.04397993325002795,-0.5604032551477457,-85.79342860307352,-39.51622418457163,-0.04397993325002795,0.5604032551477457,-3.5242882006513927,-1.35,-,6319.6474350514845,2329.07703649869,0.032331776901777125,1.039038405777648
4.719999999999922,85.98021957737015,36.009232251933604,0.04393384054077002,0.3671568204088712,-85.98021957737015,-36.009232251933604,-0.04393384054077002,-0.3671568204088712,10.325753342378098,1.35,-,6356.610425844347,2335.5603605355586,0.03234142781350043,1.0397124264315118
4.7249999999999215,86.1718673135706,39.48234405166831,0.04320485782653979,-0.5270300007239882,-86.1718673135706,-39.48234405166831,-0.04320485782653979,0.5270300007239882,-3.020855569885536,-1.35,-,6393.738379425885,2343.35463799463,0.03235076111219949,1.0411012295398274
4.729999999999921,86.35848139165594,35.975224009851274,0.04332411249159943,0.40026659042263457,-86.35848139165594,-35.975224009851274,-0.04332411249159943,-0.40026659042263457,10.827704279576773,1.35,-,6431.027315967249,2349.8257217074247,0.03236014600581542,1.0419022962568703
4.734999999999921,86.54995090927487,39.44766818549105,0.04275904956761874,-0.49424858261072846,-86.54995090927487,-39.44766818549105,-0.04275904956761874,0.49424858261072846,-2.52139159556583,-1.35,-,6468.481785979237,2357.6063143337874,0.032369287687415045,1.0431237045639339
4.739999999999921,86.73638674375614,35.94019025727188,0.043041302782829076,0.4328774921196579,-86.73638674375614,-35.94019025727188,-0.043041302782829076,-0.4328774921196579,11.327041198432989,1.35,-,6506.097789906049,2364.064800712432,0.03237855045614126,1.044060619179853
4.744999999999921,86.92767634675035,39.41193503121659,0.042638475321881614,-0.46181203613325894,-86.92767634675035,-39.41193503121659,-0.042638475321881614,0.46181203613325894,-2.022257657676313,-1.35,-,6543.879894481275,2371.8313038269557,0.03238764065403014,1.0451269709634405
4.749999999999921,87.11393127503766,35.903870131441856,0.0430826105518528,0.46523589844345137,-87.11393127503766,-35.903870131441856,-0.0430826105518528,-0.46523589844345137,11.827412288559907,1.35,-,6581.824079592235,2378.276743279033,0.032396921210689954,1.046209193169443
4.754999999999921,87.30503792357831,39.37487856644859,0.04284155772902343,-0.42947588094733447,-87.30503792357831,-39.37487856644859,-0.04284155772902343,0.42947588094733447,-1.5198157600025608,-1.35,-,6619.934927826421,2386.0286485896454,0.0324060982060332,1.0471314408310204
4.759999999999921,87.49110793677215,35.86602444511231,0.04344767845126482,0.4975888058972871,-87.49110793677215,-35.86602444511231,-0.04344767845126482,-0.4975888058972871,12.33251207160141,1.35,-,6658.20839766644,2392.460507137132,0.032415536709847224,1.0483694139297919
4.764999999999921,87.68202721258929,39.336226184524726,0.04336915583693761,-0.396996374601932,-87.68202721258929,-39.336226184524726,-0.04336915583693761,0.396996374601932,-1.010402669280849,-1.010402669280849,-,6696.649087146985,2400.197200589332,0.03242494112823727,1.0491574445370273
4.7699999999999205,87.87147512905004,37.12827324551543,0.043544047498765066,0.34318473633904895,-87.87147512905004,-37.12827324551543,-0.043544047498765066,-0.34318473633904895,10.05835622763952,1.35,-,6735.25606785376,2407.0897439603004,0.03243442154860014,1.0497463233533078
4.77499999999992,88.06577129971737,40.014009760346724,0.04240098345198112,-0.6097758730009735,-88.06577129971737,-40.014009760346724,-0.04240098345198112,0.6097758730009735,-4.1877122960392565,-1.35,-,6774.03396822683,2415.095348845806,0.03244341076558862,1.0516054564297783
4.77999999999992,88.25465002314057,36.43083099617871,0.04206628018086769,0.30959004361840126,-88.25465002314057,-36.43083099617871,-0.04206628018086769,-0.30959004361840126,9.533647477838231,1.35,-,6812.978384480365,2421.731376081166,0.03245225862522989,1.0520846864053166
4.78499999999992,88.44839376911877,39.90658606252733,0.041045486096452755,-0.5852893380136214,-88.44839376911877,-39.90658606252733,-0.041045486096452755,0.5852893380136214,-3.827590306742231,-1.35,-,6852.09397628205,2429.6940541369954,0.032460682284874365,1.0537975044512786
4.78999999999992,88.63711021433032,36.401097845230936,0.04086914994523194,0.34135431901116003,-88.63711021433032,-36.401097845230936,-0.04086914994523194,-0.34135431901116003,10.006858399823713,1.35,-,6891.3766628177855,2436.3192537586856,0.0324690337219606,1.0543801183068164
4.79499999999992,88.83069143992068,39.8763593033627,0.040004147903076034,-0.5541167871629342,-88.83069143992068,-39.8763593033627,-0.040004147903076034,0.5541167871629342,-3.3609347452337914,-1.35,-,6930.8311215262565,2444.2698739151397,0.03247703538120785,1.0559153453758954
4.79999999999992,89.01924660123339,36.370839654795034,0.03998158914389287,0.37217227822056553,-89.01924660123339,-36.370839654795034,-0.03998158914389287,-0.37217227822056553,10.470494667612112,1.35,-,6970.453252853512,2450.8840638011134,0.03248502801856021,1.0566079063992748
4.80499999999992,89.21266630090307,39.84566233690419,0.03926845072965034,-0.5237367727065333,-89.21266630090307,-39.84566233690419,-0.03926845072965034,0.5237367727065333,-2.9016049308790386,-1.35,-,7010.247751996092,2458.822447836446,0.03249273807467374,1.0579794074347
4.80999999999992,89.40106074179013,36.34001009540439,0.03939632249298444,0.40229595340371443,-89.40106074179013,-36.34001009540439,-0.03939632249298444,-0.40229595340371443,10.928226770030175,1.35,-,7050.210500304877,2465.4254295051164,0.032500498425803596,1.058788617605325
4.81499999999992,89.594318689574,39.81426328190036,0.03883226816260078,-0.49392000635887934,-89.594318689574,-39.81426328190036,-0.03883226816260078,0.49392000635887934,-2.446258059723212,-1.35,-,7090.346210012121,2473.3513073085187,0.03250803815105686,1.0600084024687326
4.8199999999999195,89.78255143086369,36.30830209365016,0.039108328757041295,0.431946033168723,-89.78255143086369,-36.30830209365016,-0.039108328757041295,-0.431946033168723,11.383283527994017,1.35,-,7130.650742719299,2479.942771313137,0.0325156854579477,1.0609412893465835
4.824999999999919,89.97564621008914,39.7819245955182,0.03869170834917389,-0.4644416180395624,-89.97564621008914,-39.7819245955182,-0.03869170834917389,0.4644416180395624,-1.991584305041898,-1.35,-,7171.128827273914,2487.8557789357546,0.03252317069942259,1.0620198194294195
4.829999999999919,90.16371496329539,36.27544891077484,0.03911482633672334,0.4613437425403506,-90.16371496329539,-36.27544891077484,-0.03911482633672334,-0.4613437425403506,11.838936109903422,1.35,-,7211.776304753825,2494.4353199041457,0.032530820547619355,1.0630840096733252
4.834999999999919,90.35664392375166,39.748405807689714,0.03884510159249985,-0.43507911650282965,-90.35664392375166,-39.748405807689714,-0.03884510159249985,0.43507911650282965,-1.534276350551086,-1.35,-,7252.597920259642,2502.3349987254096,0.03253836525720801,1.0640304788614097
4.839999999999919,90.54454518495896,36.241214230938134,0.03941525574724865,0.49071168444216495,-90.54454518495896,-36.241214230938134,-0.03941525574724865,-0.49071168444216495,12.298510194858325,1.35,-,7293.589493573396,2508.902126770073,0.03254613306913612,1.06523446864765
4.844999999999919,90.73730443023868,39.71345934378575,0.03929299465966544,-0.4056110071836578,-90.73730443023868,-39.71345934378575,-0.03929299465966544,0.4056110071836578,-1.0710088237746225,-1.0710088237746225,-,7334.755785649724,2516.787921035326,0.03255385276628274,1.0660570700933927
4.849999999999919,90.92822002745955,37.37712126130218,0.03954814209329231,0.3767966864629181,-90.92822002745955,-37.37712126130218,-0.03954814209329231,-0.3767966864629181,10.629843654667582,1.35,-,7376.095491636534,2523.7731670042363,0.032561673043997895,1.0667669488080398
4.854999999999919,91.12382810768071,40.284943243565756,0.03857413778917481,-0.575864693752111,-91.12382810768071,-40.284943243565756,-0.03857413778917481,0.575864693752111,-3.6087063502655004,-1.35,-,7417.613251881523,2531.8875502649225,0.032569112864528786,1.068425049535591
4.859999999999919,91.31400489697975,36.69864084823855,0.0383992546109136,0.34183462000432824,-91.31400489697975,-36.69864084823855,-0.0383992546109136,-0.34183462000432824,10.090041132072589,1.35,-,7459.30448933315,2538.621501465462,0.032576485378302156,1.0690093040727584
4.8649999999999185,91.50905148743188,40.17504445370475,0.037530920020551216,-0.5546998973665308,-91.50905148743188,-40.17504445370475,-0.037530920020551216,0.5546998973665308,-3.293671711618324,-1.35,-,7501.174021853796,2546.691672449748,0.0325835282280901,1.0705477639534506
4.869999999999918,91.69907782786818,36.67058355818918,0.03750053267378036,0.37079726886482517,-91.69907782786818,-36.67058355818918,-0.03750053267378036,-0.37079726886482517,10.525841807357594,1.35,-,7543.217626226203,2553.415330942238,0.03259055967784419,1.0712352170264388
4.874999999999918,91.89397354753825,40.14652762525618,0.03677473918272996,-0.5261815292083705,-91.89397354753825,-40.14652762525618,-0.03677473918272996,0.5261815292083705,-2.8624123559779537,-1.35,-,7585.44013809798,2561.4740493440654,0.032597321585053976,1.072619552034839
4.879999999999918,92.08384956610637,36.64190431748835,0.036885390146616695,0.39904486154802504,-92.08384956610637,-36.64190431748835,-0.036885390146616695,-0.39904486154802504,10.955145844413648,1.35,-,7627.837314852545,2568.1871951041253,0.03260412424508532,1.0734157360424783
4.884999999999918,92.27859447877512,40.11740673574691,0.03629927922612463,-0.4982422432563701,-92.27859447877512,-40.11740673574691,-0.03629927922612463,0.4982422432563701,-2.435652546587739,-1.35,-,7670.414009847435,2576.234226720132,0.032610712433447,1.074656962707304
4.889999999999918,92.46831978587666,36.612503981629644,0.036548640319056684,0.4268031625859158,-92.46831978587666,-36.612503981629644,-0.036548640319056684,-0.4268031625859158,11.381259914642246,1.35,-,7713.16596066755,2582.936603959156,0.03261739144899286,1.0755677674052706
4.894999999999918,92.66291283987961,40.08746096562372,0.03610041215482023,-0.47067117865589375,-92.66291283987961,-40.08746096562372,-0.03610041215482023,0.47067117865589375,-2.0102957646084443,-1.35,-,7756.098037747405,2590.9716265925076,0.0326239076477816,1.0766754241973573
4.899999999999918,92.85248571019036,36.5821201047068,0.036487184132250196,0.45427809072646885,-92.85248571019036,-36.5821201047068,-0.036487184132250196,-0.45427809072646885,11.807220953382537,1.35,-,7799.20595826021,2597.6628841492834,0.032630564220811106,1.0777072671159278
4.904999999999918,93.04692470788287,40.056467037731984,0.03617608012964495,-0.4432600959164204,-93.04692470788287,-40.056467037731984,-0.03617608012964495,0.4432600959164204,-1.5832539077316778,-1.35,-,7842.4946092481805,2605.685486907008,0.03263710776467884,1.078689664679087
4.9099999999999175,93.23634216168725,36.550506220401374,0.03669998999023661,0.48167517384118425,-93.23634216168725,-36.550506220401374,-0.03669998999023661,-0.48167517384118425,12.236091268346831,1.35,-,7885.959686746635,2612.365184431846,0.032643842211005254,1.0798497195445615
4.914999999999917,93.43062374319422,40.024195506314264,0.03652628500933159,-0.4158020689526711,-93.43062374319422,-40.024195506314264,-0.03652628500933159,0.4158020689526711,-1.1514278992960376,-1.1514278992960376,-,7929.606094011846,2620.374865561484,0.03265051305848817,1.080714176347288
4.919999999999917,93.62244452596228,37.468987852648304,0.03688779746859814,0.41878485013549055,-93.62244452596228,-37.468987852648304,-0.03688779746859814,-0.41878485013549055,11.329367252152787,1.35,-,7973.4319046069295,2627.3944908149933,0.03265731660649859,1.081591080100803
4.924999999999917,93.81855718685262,40.39132778884939,0.03612449639476753,-0.533663574792678,-93.81855718685262,-40.39132778884939,-0.03612449639476753,0.533663574792678,-2.9025173327175646,-1.35,-,8017.441512970042,2635.5517876177246,0.03266384150269747,1.0830150641561056
4.929999999999917,94.00951915824079,36.86062899754547,0.036183246491320036,0.38871824237840236,-94.00951915824079,-36.86062899754547,-0.036183246491320036,-0.38871824237840236,10.871115679326378,1.35,-,8061.630461431859,2642.3453174681977,0.03267038763933073,1.0837705735158945
4.934999999999917,94.20535234542379,40.336787352063325,0.03554396180822823,-0.50884518617684,-94.20535234542379,-40.336787352063325,-0.03554396180822823,0.50884518617684,-2.5245685246709595,-1.35,-,8106.003703484485,2650.4805995376255,0.032676704505435854,1.085065190633371
4.939999999999917,94.39616792223278,36.832362466771066,0.03573879686650955,0.4159628221295168,-94.39616792223278,-36.832362466771066,-0.03573879686650955,-0.4159628221295168,11.288018251165129,1.35,-,8150.556886076496,2657.2637141620435,0.03268309081344318,1.0859303159803408
4.944999999999917,94.59185365258811,40.30796911688049,0.03523454860489528,-0.48183945812966267,-94.59185365258811,-40.30796911688049,-0.03523454860489528,0.48183945812966267,-2.109240114430376,-1.35,-,8195.294979963659,2665.38737603368,0.03268929818052013,1.0870911622973942
4.949999999999917,94.78252149408127,36.80318315309509,0.03556375097747263,0.44283892305668104,-94.78252149408127,-36.80318315309509,-0.03556375097747263,-0.44283892305668104,11.703404633337458,1.35,-,8240.213611867537,2672.1597474846812,0.03269562208243807,1.0880716938562642
4.954999999999917,94.97805811016086,40.278221928872334,0.03519336455995637,-0.45507708133077746,-94.97805811016086,-40.278221928872334,-0.03519336455995637,0.45507708133077746,-1.6935689885784346,-1.35,-,8285.317769479421,2680.2714232934386,0.03270181494698332,1.0891071696060268
4.9599999999999165,95.16857583762042,36.772907920686286,0.03565623883624351,0.46955326737531855,-95.16857583762042,-36.772907920686286,-0.03565623883624351,-0.46955326737531855,12.120343785091974,1.35,-,8330.603058614224,2687.032657078155,0.032708171783823056,1.090209570960541
4.964999999999916,95.3639605457211,40.247325834039174,0.035419548590527046,-0.4283558408957606,-95.3639605457211,-40.247325834039174,-0.035419548590527046,0.4283558408957606,-1.2745394460688755,-1.2745394460688755,-,8376.074483469052,2695.131893262111,0.03271444450593484,1.0911270145926886
4.969999999999916,95.55529811582826,37.10280538422725,0.03590223640299586,0.4619348171604382,-95.55529811582826,-37.10280538422725,-0.03590223640299586,-0.4619348171604382,12.031823835769188,1.35,-,8421.728558459075,2702.0149840990102,0.03272088935882852,1.092193933469214
4.974999999999916,95.75123340709862,40.35719733462335,0.03551822012878331,-0.4578158705144202,-95.75123340709862,-40.35719733462335,-0.03551822012878331,0.4578158705144202,-1.6972714728081417,-1.35,-,8467.570051953979,2710.1585009825385,0.0327271970786341,1.0932419103256883
4.979999999999916,95.94214967960617,36.85192820442448,0.03596812072376637,0.46693636088024154,-95.94214967960617,-36.85192820442448,-0.03596812072376637,-0.46693636088024154,12.118291775332855,1.35,-,8513.594532379697,2716.9488240444584,0.032733665607176096,1.0943320581512488
4.984999999999916,96.13793242768165,40.32625375921722,0.03571907273376822,-0.4308372356062137,-96.13793242768165,-40.32625375921722,-0.03571907273376822,0.4308372356062137,-1.2747300707950715,-1.2747300707950715,-,8559.807042637043,2725.079857755722,0.0327400448679609,1.0952601617691728
4.989999999999916,96.32966514550391,37.18079859030652,0.036190266228309,0.45964677430584816,-96.32966514550391,-37.18079859030652,-0.036190266228309,-0.45964677430584816,12.034358185638645,1.35,-,8606.204064572266,2731.991916674787,0.03274659354480928,1.0963165375548216
4.994999999999916,96.52599569450074,40.435620364069656,0.03579574085507723,-0.4599267052350275,-96.52599569450074,-40.435620364069656,-0.03579574085507723,0.4599267052350275,-1.6922122306378309,-1.35,-,8652.79040379634,2740.1671136459227,0.032753000220126095,1.0973742004257634
4.999999999999916,96.71730671176068,36.93028632952408,0.036235652318841835,0.46491939604321136,-96.71730671176068,-36.93028632952408,-0.036235652318841835,-0.46491939604321136,12.124623720491707,1.35,-,8699.561590884223,2746.9863438878256,0.032759565332620956,1.0984549506498493
5.0049999999999155,96.91348376201772,40.404528363076835,0.035977142726655864,-0.43273806777832796,-96.91348376201772,-40.404528363076835,-0.035977142726655864,0.43273806777832796,-1.2667839580328355,-1.2667839580328355,-,8746.522707558675,2755.1489734490387,0.032766037106614826,1.099391261826372
5.009999999999915,97.10571292068698,37.297119754454485,0.03642734833468011,0.4542183176140904,-97.10571292068698,-37.297119754454485,-0.03642734833468011,-0.4542183176140904,11.989855901148127,1.35,-,8793.670304967849,2762.1043491589294,0.0327726718651483,1.1004228332266528
5.014999999999915,97.30251131008704,40.52873577880398,0.03599466413170517,-0.4675628713964278,-97.30251131008704,-40.52873577880398,-0.03599466413170517,0.4675628713964278,-1.770847940991278,-1.35,-,8841.009198504096,2770.3172412780696,0.032779149944378076,1.101515908420195
5.019999999999915,97.4942900918673,37.02349259442255,0.03639681994983136,0.45735963376308686,-97.4942900918673,-37.02349259442255,-0.03639681994983136,-0.45735963376308686,12.046588261256916,1.35,-,8888.53488150668,2777.1709362975157,0.03278577358689038,1.1025617975931745
5.024999999999915,97.69093500662292,40.497819892042585,0.036100907757458896,-0.44022029346619723,-97.69093500662292,-40.497819892042585,-0.036100907757458896,0.44022029346619723,-1.3441969875253064,-1.3441969875253064,-,8936.252475419022,2785.371303377557,0.03279228996459494,1.1035307671270718
5.029999999999915,97.8826332657591,37.01962150561493,0.03663107730531098,0.48204274085411825,-97.8826332657591,-37.01962150561493,-0.03663107730531098,-0.48204274085411825,12.435805033134102,1.35,-,8984.157524894215,2792.223565259652,0.03279899914371768,1.1046925931471225
5.034999999999915,98.07917506257333,40.47640668963077,0.0364506034183937,-0.4171530397376758,-98.07917506257333,-40.47640668963077,-0.0364506034183937,0.4171530397376758,-0.9778414084936831,-0.9778414084936831,-,9032.25514779899,2800.4152627521735,0.032805642376165504,1.1055626764399344
5.039999999999915,98.2743719880772,38.303339921720244,0.03643059174842614,0.2935370440564405,-98.2743719880772,-38.303339921720244,-0.03643059174842614,-0.2935370440564405,9.646556215030493,1.35,-,9080.544408747242,2807.7509919979675,0.03281227831624121,1.1059934964211013
5.044999999999915,98.47466492753775,41.23029347637363,0.035041015262481455,-0.6587909452620142,-98.47466492753775,-41.23029347637363,-0.035041015262481455,0.6587909452620142,-4.59265648336401,-1.35,-,9129.030706910196,2816.250677498707,0.032818417679994334,1.1081635239688974
5.049999999999915,98.6695241890811,37.64380016584937,0.034443050833695664,0.257530382500809,-98.6695241890811,-37.64380016584937,-0.034443050833695664,-0.257530382500809,9.079258470897802,1.35,-,9177.709081928693,2823.3359559533387,0.032824349298747994,1.1084951334584525
5.0549999999999145,98.86926700273409,41.12453061733671,0.033144520800815064,-0.6405228907605852,-98.86926700273409,-41.12453061733671,-0.033144520800815064,0.6405228907605852,-4.333414256940453,-1.35,-,9226.584741716983,2831.7920910458197,0.032829842095043575,1.1105464813263939
5.059999999999914,99.06400269615601,37.623103036634284,0.03267622827584634,0.2835966084462668,-99.06400269615601,-37.623103036634284,-0.03267622827584634,-0.2835966084462668,9.459114719410623,1.35,-,9275.653124867902,2838.8695804563454,0.03283518077451525,1.110948616508005
5.064999999999914,99.26362304939968,41.103655383214786,0.031503719035981904,-0.6152762678889789,-99.26362304939968,-41.103655383214786,-0.031503719035981904,0.6152762678889789,-3.9639702031546724,-1.35,-,9324.919459172368,2847.3171328856556,0.03284014319608074,1.1128414409371419
5.069999999999914,99.45823932657302,37.6026494707964,0.03115836761054727,0.30829366618821474,-99.45823932657302,-37.6026494707964,-0.03115836761054727,-0.30829366618821474,9.822163069460279,1.35,-,9374.379166022076,2854.3869291217734,0.03284499741544151,1.1133166658602007
5.074999999999914,99.65774144019701,41.08309322064089,0.03010568664559476,-0.5912735608764337,-99.65774144019701,-41.08309322064089,-0.03010568664559476,0.5912735608764337,-3.6095465914418843,-1.35,-,9424.037493166881,2862.8260318646526,0.032849529177283524,1.1150646879791581
5.079999999999914,99.8522419067885,37.58237670893647,0.02987751947396582,0.3318199005157344,-99.8522419067885,-37.58237670893647,-0.02987751947396582,-0.3318199005157344,10.171198510295774,1.35,-,9473.889844235939,2869.8882070601144,0.03285399250813311,1.1156152102110495
5.084999999999914,100.05162908965727,41.06268371486248,0.02893938607457325,-0.5683329836139964,-100.05162908965727,-41.06268371486248,-0.02893938607457325,0.5683329836139964,-3.2675851252078054,-1.35,-,9523.94148665341,2878.3189270294483,0.032858179948464974,1.1172302221123673
5.089999999999914,100.24601647878296,37.56213427891237,0.028823540802288772,0.35435559346836276,-100.24601647878296,-37.56213427891237,-0.028823540802288772,-0.35435559346836276,10.50877035878934,1.35,-,9574.18780575273,2885.3734966873835,0.03286233393098688,1.117858061545479
5.094999999999914,100.44529116296677,41.04227048830819,0.0279955462941625,-0.5462805366028028,-100.44529116296677,-41.04227048830819,-0.0279955462941625,0.5462805366028028,-2.935617798344771,-1.35,-,9624.634088336796,2893.7958365215604,0.03286625268404842,1.119350173668834
5.0999999999999135,100.6395673563863,37.54177440605117,0.027988017169534404,0.37607344158543016,-100.6395673563863,-37.54177440605117,-0.027988017169534404,-0.37607344158543016,10.837340063700942,1.35,-,9675.275700925198,2900.8427606493347,0.03287016932957383,1.1200573298361636
5.104999999999913,100.83873111778037,41.021697894219294,0.027266590740267042,-0.5249489590421966,-100.83873111778037,-41.021697894219294,-0.027266590740267042,0.5249489590421966,-2.611252321933343,-1.35,-,9726.117949392417,2909.2566591399573,0.03287388666442682,1.121435186884161
5.109999999999913,101.03289716018904,37.5211384708034,0.02736419700630173,0.39713857143764303,-101.03289716018904,-37.5211384708034,-0.02736419700630173,-0.39713857143764303,11.159280182482801,1.35,-,9777.156180935322,2916.295838300683,0.03287763066081582,1.1222237821087786
5.114999999999913,101.23195073728432,41.00080945011072,0.026746578164640118,-0.5041765452347574,-101.23195073728432,-41.00080945011072,-0.026746578164640118,0.5041765452347574,-2.292155287558172,-1.35,-,9828.395720185701,2924.7011701785045,0.0328812075580334,1.1234947520526029
5.119999999999913,101.42600682717558,37.50006830736219,0.026946936880222025,0.41771106975877603,-101.42600682717558,-37.50006830736219,-0.026946936880222025,-0.41771106975877603,11.476911738819238,1.35,-,9879.831894490231,2931.7324457937884,0.032884838245069534,1.124367164741598
5.124999999999913,101.6249501391589,40.979446149124094,0.026431154469042983,-0.483806005957979,-101.6249501391589,-40.979446149124094,-0.026431154469042983,0.483806005957979,-1.9760358437852013,-1.35,-,9931.470046944163,2940.129020827233,0.032888331274702365,1.125537505998603
5.129999999999913,101.81889559153491,37.47839260117417,0.026732657105906336,0.43794592289477874,-101.81889559153491,-37.47839260117417,-0.026732657105906336,-0.43794592289477874,11.792502375695156,1.35,-,9983.305484441562,2947.1521703870717,0.032891904449482076,1.1264964891555038
5.134999999999913,102.01772770787174,40.95744895327276,0.026317510061877304,-0.46368295201577636,-102.01772770787174,-40.95744895327276,-0.026317510061877304,0.46368295201577636,-1.6606235419281608,-1.35,-,10035.343568274948,2955.5397335108714,0.032895367506161365,1.1275714985554541
5.139999999999913,102.21156107768066,37.45597348453595,0.026719321422823548,0.4579989621697757,-102.21156107768066,-37.45597348453595,-0.026719321422823548,-0.4579989621697757,12.108356166686933,1.35,-,10087.579584364628,2962.5544832592427,0.03289893711684785,1.128620313802197
5.1449999999999125,102.41028023168371,40.93465317667164,0.026404370138493928,-0.4436551795249364,-102.41028023168371,-40.93465317667164,-0.026404370138493928,0.4436551795249364,-1.3436578679958546,-1.3436578679958546,-,10140.018911850288,2970.9327124127144,0.0329024230706599,1.1296044633937936
5.149999999999912,102.60408079799649,37.46291751030234,0.026896789027291382,0.475121041849401,-102.60408079799649,-37.46291751030234,-0.026896789027291382,-0.475121041849401,12.383689045276293,1.35,-,10192.656898832296,2977.9500633546327,0.03290604025695979,1.130733163415834
5.154999999999912,102.80274376395407,40.92283841262635,0.026658651952868505,-0.4283083981242702,-102.80274376395407,-40.92283841262635,-0.026658651952868505,0.4283083981242702,-1.0941796737603358,-1.0941796737603358,-,10245.498919459282,2986.323456873362,0.03290959367557951,1.1316504038353528
5.159999999999912,102.99933040028279,38.49581671154953,0.026813291331872373,0.36189037640691774,-102.99933040028279,-38.49581671154953,-0.026813291331872373,-0.36189037640691774,10.720444566324153,1.35,-,10298.543229773813,2993.733096394808,0.03291318843853975,1.1323052270580325
5.164999999999912,103.20074823919741,41.476009728288254,0.02576828620401404,-0.5895701217301152,-103.20074823919741,-41.476009728288254,-0.02576828620401404,0.5895701217301152,-3.4994774087578566,-1.35,-,10351.795201959463,3002.334393309713,0.03291650846140921,1.1340431917002167
5.169999999999912,103.39670018946089,37.88247159683637,0.025492510108485935,0.3226151106704838,-103.39670018946089,-37.88247159683637,-0.025492510108485935,-0.3226151106704838,10.115131751199709,1.35,-,10405.249590009807,3009.5098015811386,0.03291975780176736,1.1345635942483814
5.174999999999912,103.59754809597827,41.36492663088972,0.024498347407712104,-0.5793494546395709,-103.59754809597827,-41.36492663088972,-0.024498347407712104,0.5793494546395709,-3.351566152020956,-1.35,-,10458.9118498673,3018.065087357033,0.03292275864689591,1.1362418232013372
5.179999999999912,103.79340680737488,37.86648827315449,0.024318340927158486,0.3418492459086019,-103.79340680737488,-37.86648827315449,-0.024318340927158486,-0.3418492459086019,10.401579840294492,1.35,-,10512.777206350705,3025.2344420277377,0.03292571555542315,1.1368261277359786
5.184999999999912,103.99416253338823,41.34888919850308,0.02341755998357247,-0.5606384655225805,-103.99416253338823,-41.34888919850308,-0.02341755998357247,0.5606384655225805,-3.0715692977795284,-1.35,-,10566.851135555808,3033.783095217488,0.03292845746600107,1.138397705181096
5.189999999999912,104.18993084506224,37.85064252246469,0.02332887124168357,0.3601778984467681,-104.18993084506224,-37.85064252246469,-0.02332887124168357,-0.3601778984467681,10.67721162957856,1.35,-,10621.1288440033,3040.946450914305,0.03293117864716813,1.1390463457737436
5.1949999999999115,104.39059692785297,41.33295944879101,0.02251738311439887,-0.5427511852602103,-104.39059692785297,-41.33295944879101,-0.02251738311439887,0.5427511852602103,-2.8012239660972327,-1.35,-,10675.615827638067,3049.4885185982816,0.032933713809879736,1.1405192400192505
5.199999999999911,104.58627694245612,37.834812626399234,0.022516252928735294,0.37774126567703603,-104.58627694245612,-37.834812626399234,-0.022516252928735294,-0.37774126567703603,10.9440101093128,1.35,-,10730.307274261486,3056.6458838306553,0.03293624871810949,1.141232682338227
5.204999999999911,104.7868552333216,41.31701551612554,0.021790649531216847,-0.5255515769395461,-104.7868552333216,-41.31701551612554,-0.021790649531216847,0.5255515769395461,-2.538599391469564,-1.35,-,10785.20869940993,3065.181362686454,0.03293862288014445,1.1426137046383453
5.209999999999911,104.98244838996276,37.81888114261378,0.02187398759546598,0.39467386942777183,-104.98244838996276,-37.81888114261378,-0.02187398759546598,-0.39467386942777183,11.203893413799353,1.35,-,10840.315271759684,3072.3327015408495,0.03294101523681108,1.1433925419543907
5.214999999999911,105.18294008535726,41.30093485431924,0.0212315165031919,-0.5089090082154474,-105.18294008535726,-41.30093485431924,-0.0212315165031919,0.5089090082154474,-2.281826075183157,-1.35,-,10895.632526184681,3080.861537640053,0.032943269123276206,1.1446874838476049
5.219999999999911,105.37844711356226,37.80271547123561,0.021396871138586564,0.4111037188392654,-105.37844711356226,-37.80271547123561,-0.021396871138586564,-0.4111037188392654,11.458701043634981,1.35,-,10951.155611765009,3088.006764125049,0.03294555825374881,1.1455325151858222
5.224999999999911,105.57885274339482,41.2845963719548,0.020835411604042012,-0.4926969854750724,-105.57885274339482,-41.2845963719548,-0.020835411604042012,0.4926969854750724,-2.029077570890567,-1.35,-,11006.890082498065,3096.5288536130247,0.032947728825632364,1.1467462667833033
5.229999999999911,105.77427375875475,37.786203693217836,0.021080958871196268,0.4271569478479447,-105.77427375875475,-37.786203693217836,-0.021080958871196268,-0.4271569478479447,11.710263625001662,1.35,-,11062.831067444024,3103.6678395607514,0.032949950859767006,1.147658582073777
5.234999999999911,105.97459319667531,41.26787711574427,0.020599005192269152,-0.47679244718081004,-105.97459319667531,-41.26787711574427,-0.020599005192269152,0.47679244718081004,-1.7785603596462143,-1.35,-,11118.984139460026,3112.183027968952,0.03295207245484156,1.1487952372622203
5.2399999999999105,106.16992768479177,37.76922690182422,0.020923532108009152,0.44295609400271474,-106.16992768479177,-37.76922690182422,-0.020923532108009152,-0.44295609400271474,11.960376037089013,1.35,-,11175.344407182994,3119.3156004727593,0.03295426142582093,1.149776287768291
5.24499999999991,106.37016015369109,41.25065136610488,0.02052018164037847,-0.46107484094350504,-106.37016015369109,-41.25065136610488,-0.02052018164037847,0.46107484094350504,-1.5285004560771567,-1.35,-,11231.917462038602,3127.823681663399,0.0329563668150937,1.1508392378130465
5.24999999999991,106.56540694935704,37.75165831051399,0.02092307398924767,0.45862102375463126,-106.56540694935704,-37.75165831051399,-0.02092307398924767,-0.45862102375463126,12.210810910342746,1.35,-,11288.698391830012,3134.9496201893676,0.0329585556902195,1.1518909040301952
5.25499999999991,106.76555101752885,41.2327900845094,0.0205980192562619,-0.4454251828878723,-106.76555101752885,-41.2327900845094,-0.0205980192562619,0.4454251828878723,-1.2771296120828142,-1.2771296120828142,-,11345.692806250394,3143.4503350801333,0.03296067708220591,1.1528829219979486
5.25999999999991,106.9616435272651,38.08044637758147,0.02096845714345053,0.44085791586187045,-106.9616435272651,-38.08044637758147,-0.02096845714345053,-0.44085791586187045,11.967470263722047,1.35,-,11402.896772180662,3150.7009370617125,0.032962875463180795,1.153854700507839
5.26499999999991,107.1623797925746,41.351566567404326,0.020449657802829434,-0.48415367533024345,-107.1623797925746,-41.351566567404326,-0.020449657802829434,0.48415367533024345,-1.84203373986014,-1.35,-,11460.315650394701,3159.2506973496047,0.03296496640570206,1.1550267244145178
5.26999999999991,107.35813227001454,37.85325627186975,0.020737145804587815,0.43556477507462665,-107.35813227001454,-37.85325627186975,-0.020737145804587815,-0.43556477507462665,11.895919229426193,1.35,-,11517.94449321723,3166.415042401524,0.032967116551782666,1.155975307780947
5.27499999999991,107.5587834494751,41.33490432816417,0.020296431467360702,-0.4685345266237165,-107.5587834494751,-41.33490432816417,-0.020296431467360702,0.4685345266237165,-1.5945220028030493,-1.35,-,11575.788952702884,3174.957913980616,0.03296917627743421,1.1570729307941394
5.27999999999991,107.7544499017064,37.836193306055485,0.020661590438275795,0.45109635476418086,-107.7544499017064,-37.836193306055485,-0.020661590438275795,-0.45109635476418086,12.143271040226217,1.35,-,11633.84406007098,3182.115801600082,0.032971310784031406,1.158090370400547
5.2849999999999095,107.95501448030687,41.317572406655835,0.02029833110121078,-0.45304980240829074,-107.95501448030687,-41.317572406655835,-0.02029833110121078,0.45304980240829074,-1.346720042260808,-1.346720042260808,-,11692.115485828195,3190.651510547978,0.032973370895258876,1.159116641017858
5.289999999999909,108.15063550942243,37.834099389564265,0.02073586836295129,0.46505162091549246,-108.15063550942243,-37.834099389564265,-0.02073586836295129,-0.46505162091549246,12.369519747344839,1.35,-,11750.598285633654,3197.808605931075,0.0329755207764427,1.1601980060684385
5.294999999999909,108.35114245803037,41.30572747653074,0.020437803260634758,-0.44002212349080516,-108.35114245803037,-41.30572747653074,-0.020437803260634758,0.44002212349080516,-1.1336045556007268,-1.1336045556007268,-,11809.298135993455,3206.339421542902,0.032977609295453306,1.1611661034142453
5.299999999999909,108.5493013351963,38.78174871451409,0.0206028445828054,0.3748811160430135,-108.5493013351963,-38.78174871451409,-0.0206028445828054,-0.3748811160430135,11.049866437085418,1.35,-,11868.21289009525,3213.8595417096803,0.032979731681477824,1.1618687826700735
5.304999999999909,108.75225419540676,41.796972131106045,0.019624820130661667,-0.5759077554984179,-108.75225419540676,-41.796972131106045,-0.019624820130661667,0.5759077554984179,-3.158214420077951,-1.35,-,11927.348154058162,3222.5944761063224,0.032981657349303625,1.1635271313842896
5.309999999999909,108.94972164578243,38.19922420517799,0.01940131493410088,0.3334872129858888,-108.94972164578243,-38.19922420517799,-0.01940131493410088,-0.3334872129858888,10.415301268734702,1.35,-,11986.698363291627,3229.8903797557095,0.032983539404409484,1.164083199990415
5.314999999999909,109.15209700103779,41.68414920062372,0.018447673350054743,-0.5709778959888174,-109.15209700103779,-41.68414920062372,-0.018447673350054743,0.5709778959888174,-3.088186475527454,-1.35,-,12046.269264690245,3238.5782212286085,0.03298524098766963,1.1657132787789541
5.319999999999909,109.34949624286202,38.18809553060394,0.01829692949092967,0.3481125932925641,-109.34949624286202,-38.18809553060394,-0.01829692949092967,-0.3481125932925641,10.633884602078966,1.35,-,12106.055826333082,3245.869874429881,0.032986914875813615,1.1663191906669985
5.324999999999909,109.55180448577912,41.673029210168586,0.017413818032655307,-0.5568326411985501,-109.55180448577912,-41.673029210168586,-0.017413818032655307,0.5568326411985501,-2.875749583853885,-1.35,-,12166.063815663532,3254.5530812476386,0.03298843108110599,1.1678695036185192
5.329999999999909,109.7491384552195,38.17722484143299,0.01733163577516856,0.36188657188022416,-109.7491384552195,-38.17722484143299,-0.01733163577516856,-0.36188657188022416,10.84178314986833,1.35,-,12226.288182621845,3261.840583730605,0.03298993300909921,1.1685243130730552
5.3349999999999085,109.95138242725145,41.66217785896863,0.016515140740385653,-0.543474931481381,-109.95138242725145,-41.66217785896863,-0.016515140740385653,0.543474931481381,-2.673098006845501,-1.35,-,12286.734715110162,3270.5192690503663,0.032991296758467584,1.1700011380787987
5.339999999999908,110.14865366162284,38.166562896586264,0.016497856235635617,0.37491841692131744,-110.14865366162284,-38.166562896586264,-0.016497856235635617,-0.37491841692131744,11.040521501750934,1.35,-,12347.398344627502,3277.8027016670617,0.03299265765476944,1.1707039571755327
5.344999999999908,110.35083570795146,41.6515039604677,0.0157445738735449,-0.5308034857638458,-110.35083570795146,-41.6515039604677,-0.0157445738735449,0.5308034857638458,-2.478820170827102,-1.35,-,12408.284879334717,3286.4769405779057,0.03299389711280174,1.1721127188780278
5.349999999999908,110.54804626955718,38.15602982650587,0.01578902109565282,0.3873083359420442,-110.54804626955718,-38.15602982650587,-0.01578902109565282,-0.3873083359420442,11.231502802877861,1.35,-,12469.389232004796,3293.7563536385114,0.032995143578737535,1.1728627576134787
5.354999999999908,110.75016826145854,41.640924947606415,0.015096031440200892,-0.5187216319679361,-110.75016826145854,-41.640924947606415,-0.015096031440200892,0.5187216319679361,-2.291558778505558,-1.35,-,12530.717230854501,3302.426186790972,0.032996283029563755,1.1742081182708362
5.359999999999908,110.94731975329205,38.145546684327066,0.015199517294195398,0.3991514485162419,-110.94731975329205,-38.145546684327066,-0.015199517294195398,-0.3991514485162419,11.416068210974784,1.35,-,12592.263769656696,3309.701600450203,0.03299743815619364,1.1750047276650992
5.364999999999908,111.14938310347623,41.63036810700374,0.014564361307117763,-0.5071363989508128,-111.14938310347623,-41.63036810700374,-0.014564361307117763,0.5071363989508128,-2.1099978783763014,-1.35,-,12654.034696478111,3318.367038193826,0.03299849875929506,1.176290664300803
5.369999999999908,111.34647667701562,38.13503034494987,0.014724643870757044,0.41053805578565766,-111.34647667701562,-38.13503034494987,-0.014724643870757044,-0.41053805578565766,11.595500168825843,1.35,-,12716.024885820036,3325.638440890877,0.03299958283498066,1.1771333717770445
5.374999999999908,111.54848236980668,41.61975778401607,0.014145305904329821,-0.4959590132985683,-111.54848236980668,-41.61975778401607,-0.014145305904329821,0.4959590132985683,-1.9328711604409885,-1.35,-,12778.24020541507,3334.2994620808777,0.033000583283376295,1.1783632484914048
5.3799999999999075,111.74551873603497,38.12439940715841,0.014360576771718021,0.42155499251544254,-111.74551873603497,-38.12439940715841,-0.014360576771718021,-0.42155499251544254,11.771042276891976,1.35,-,12840.675510202997,3341.5668112316603,0.03300161441420238,1.1792517915499783
5.384999999999907,111.94746733669714,41.60902492843731,0.013835468617736695,-0.48510324570835595,-111.94746733669714,-41.60902492843731,-0.013835468617736695,0.48510324570835595,-1.7589374643226574,-1.35,-,12903.3366874185,3350.2233660091365,0.03300257151516174,1.1804284173449622
5.389999999999907,112.14444674548629,38.11357117630154,0.014104335731426275,0.4322860576791744,-112.14444674548629,-38.11357117630154,-0.014104335731426275,-0.4322860576791744,11.943905194504492,1.35,-,12966.218572097754,3357.4865875481914,0.03300356617659386,1.1813627735232812
5.394999999999907,112.34633835836198,41.598077343765894,0.013632279139132756,-0.4744876456646079,-112.34633835836198,-41.598077343765894,-0.013632279139132756,0.4744876456646079,-1.5870154166723298,-1.35,-,13029.32707081041,3366.138587741681,0.0330044953717665,1.1824884661527229
5.399999999999907,112.54326065080943,38.10247717770921,0.013953760346619581,0.44281425035235006,-112.54326065080943,-38.10247717770921,-0.013953760346619581,-0.44281425035235006,12.115300130071105,1.35,-,13092.656998399989,3373.39758157707,0.03300546890890556,1.1834688884542983
5.404999999999907,112.74509494556247,41.586829059436994,0.01353397977302375,-0.46403195261083974,-112.74509494556247,-41.586829059436994,-0.01353397977302375,0.46403195261083974,-1.4159292135560015,-1.35,-,13156.214280571407,3382.044903333164,0.03300638475194804,1.1845455167195174
5.409999999999907,112.9419595461585,38.09102927687247,0.013907493819318032,0.45321904764335835,-112.9419595461585,-38.09102927687247,-0.013907493819318032,-0.45321904764335835,12.286397089323936,1.35,-,13219.993711702036,3389.2995358900216,0.03300735184386971,1.185572554245251
5.414999999999907,113.14373576010017,41.57519564802375,0.013539610164417846,-0.45365689288946437,-113.14373576010017,-41.57519564802375,-0.013539610164417846,0.45365689288946437,-1.2445058975112167,-1.2445058975112167,-,13284.001236410792,3397.942020355879,0.033008268449086726,1.1866015771275817
5.419999999999907,113.34189225891089,38.5802355898058,0.013804207197090025,0.41506307037307216,-113.34189225891089,-38.5802355898058,-0.013804207197090025,-0.41506307037307216,11.738289565704985,1.35,-,13348.233159114943,3405.3841932467035,0.033009221229768425,1.1874629638895193
5.424999999999907,113.54459800861626,41.76221730671141,0.013093961520091315,-0.5220731748244998,-113.54459800861626,-41.76221730671141,-0.013093961520091315,0.5220731748244998,-2.2576599330872478,-1.35,-,13412.695037799633,3414.104607218568,0.033010078488909876,1.188825765888876
5.4299999999999065,113.74233828903441,38.26783830555017,0.013176518143198002,0.3950965809387435,-113.74233828903441,-38.26783830555017,-0.013176518143198002,-0.3950965809387435,11.439146783901501,1.35,-,13477.381635396918,3421.4267444614666,0.03301094659206177,1.1896062724302232
5.434999999999906,113.9449950855094,41.753740251435914,0.01251661354114206,-0.5119791833428964,-113.9449950855094,-41.753740251435914,-0.01251661354114206,0.5119791833428964,-2.099063938577219,-1.35,-,13542.2989449221,3430.143618586388,0.03301172992013446,1.1909168858511054
5.439999999999906,114.14268660742412,38.259278089910765,0.012648324753246929,0.40495850001342837,-114.14268660742412,-38.259278089910765,-0.012648324753246929,-0.40495850001342837,11.59499539759531,1.35,-,13607.441709451903,3437.4624803861934,0.033012529820729775,1.191736842784771
5.444999999999906,114.3452950964489,41.74514047110794,0.012036502904782902,-0.5023444790497069,-114.3452950964489,-41.74514047110794,-0.012036502904782902,0.5023444790497069,-1.9459050288937445,-1.35,-,13672.81594200537,3446.1757641509557,0.03301325420774066,1.1929985926629296
5.449999999999906,114.54293898593791,38.2507274416192,0.012215361257363822,0.4144126744594929,-114.54293898593791,-38.2507274416192,-0.012215361257363822,-0.4144126744594929,11.746152644022752,1.35,-,13738.416366363052,3453.4913549000207,0.033014000282993894,1.193857281986693
5.454999999999906,114.74550013288051,41.736524882077696,0.011649800284496312,-0.49307832342321434,-114.74550013288051,-41.736524882077696,-0.011649800284496312,0.49307832342321434,-1.7968773441239956,-1.35,-,13804.249015366775,3462.201042446182,0.03301467887222724,1.1950729131518423
5.459999999999906,114.94309714768502,38.24212259791911,0.011874158016323648,0.42353152861312965,-114.94309714768502,-38.24212259791911,-0.011874158016323648,-0.42353152861312965,11.893651637307583,1.35,-,13870.308593276284,3469.513342150153,0.03301538385037022,1.1959698079304892
5.464999999999906,115.14561158695331,41.7278355778961,0.011353392043601931,-0.4841093307576869,-115.14561158695331,-41.7278355778961,-0.011353392043601931,0.4841093307576869,-1.6509579056752202,-1.35,-,13936.60115261495,3478.2194034602326,0.0330160283479247,1.1971416171511224
5.469999999999906,115.34316213766509,38.23339840662822,0.011621949398177941,0.4323846792710422,-115.34316213766509,-38.23339840662822,-0.011621949398177941,-0.4323846792710422,12.03849388367747,1.35,-,14003.121377874528,3485.5283672288324,0.03301670369646377,1.198076399705464
5.4749999999999055,115.54563011864876,41.718999043729944,0.01114485084101324,-0.4753699926590181,-115.54563011864876,-41.718999043729944,-0.01114485084101324,0.4753699926590181,-1.507171941649524,-1.35,-,14069.875341072104,3494.230741634886,0.03301732473496511,1.1992062828550671
5.479999999999905,115.74313426505667,38.22448885757076,0.011456644793886804,0.4410395704866173,-115.74313426505667,-38.22448885757076,-0.011456644793886804,-0.4410395704866173,12.181658376961243,1.35,-,14136.857706719597,3501.5362993769986,0.033017981008514774,1.2001788623687422
5.484999999999905,115.94555568442578,41.70994841195411,0.011022418142455389,-0.46679389374640473,-115.94555568442578,-41.70994841195411,-0.011022418142455389,0.46679389374640473,-1.3645509384431256,-1.35,-,14204.074566134446,3510.234898359638,0.03301858847702331,1.2012683450649368
5.489999999999905,116.14301312942122,38.215320444192784,0.011376813699866772,0.4495613663079194,-116.14301312942122,-38.215320444192784,-0.011376813699866772,-0.4495613663079194,12.324099634177497,1.35,-,14271.52056362835,3517.5369519428996,0.03301923563647312,1.2022788721753201
5.494999999999905,116.34538770880506,41.700635988416614,0.010985006563108838,-0.4583138934106754,-116.34538770880506,-41.700635988416614,-0.010985006563108838,0.4583138934106754,-1.222105074592963,-1.222105074592963,-,14339.201809833909,3526.2316671520916,0.033019838988319075,1.2033291302997864
5.499999999999905,116.54443346457612,38.81264389765174,0.011186610991101954,0.39912608439286407,-116.54443346457612,-38.81264389765174,-0.011186610991101954,-0.39912608439286407,11.592720647295568,1.35,-,14407.114834691802,3533.7637737837213,0.03302046468964641,1.2041256384560002
5.504999999999905,116.7479593216802,41.9325610855298,0.010359071510987897,-0.545373499992197,-116.7479593216802,-41.9325610855298,-0.010359071510987897,0.545373499992197,-2.5166468326403324,-1.35,-,14475.265264720683,3542.5554721796793,0.03302100124145926,1.205612799728469
5.509999999999905,116.94652632220246,38.43957070630109,0.010319282848878394,0.37081285273330195,-116.94652632220246,-38.43957070630109,-0.010319282848878394,-0.37081285273330195,11.163634500746825,1.35,-,14543.64771481483,3549.943475160103,0.033021533679451834,1.2063003105872299
5.514999999999905,117.15001781855518,41.92757466109475,0.009531784403530159,-0.5373242926578139,-117.15001781855518,-41.92757466109475,-0.009531784403530159,0.5373242926578139,-2.392335417850153,-1.35,-,14612.268348189267,3558.733082744911,0.03302198795402141,1.2077438975646309
5.5199999999999045,117.34855113532029,38.43461484523194,0.009530373955795634,0.37853577479027045,-117.34855113532029,-38.43461484523194,-0.009530373955795634,-0.37853577479027045,11.283626573508442,1.35,-,14681.121760457061,3566.1191808364174,0.0330224420941601,1.2084603442286113
5.524999999999904,117.55201020383309,41.92271040870425,0.008779712689529548,-0.5299284195748715,-117.55201020383309,-41.92271040870425,-0.008779712689529548,0.5299284195748715,-2.2766959869527192,-1.35,-,14750.21413597187,3574.906749076478,0.03302282751093465,1.2098644648779768
5.529999999999904,117.75051184988335,38.42987354720946,0.008813641692719568,0.38564372129378527,-117.75051184988335,-38.42987354720946,-0.008813641692719568,-0.38564372129378527,11.395478389737097,1.35,-,14819.540051176416,3582.29102498075,0.03302321591233409,1.2106080702768434
5.534999999999904,117.95394090481835,41.918208487954224,0.00809697172266103,-0.5231012201867274,-117.95394090481835,-41.918208487954224,-0.00809697172266103,0.5231012201867274,-2.1685419210091776,-1.35,-,14889.105712051301,3591.076705994948,0.03302354371708948,1.2119762447096476
5.539999999999904,118.15241303169014,38.425406970852436,0.008163512530900393,0.39220134196758966,-118.15241303169014,-38.425406970852436,-0.008163512530900393,-0.39220134196758966,11.500077478162007,1.35,-,14958.905675577356,3598.459265499326,0.033023876931773694,1.2127453541728535
5.544999999999904,118.35581406062106,41.9139865086702,0.007478231048888991,-0.5167947913395716,-118.35581406062106,-41.9139865086702,-0.007478231048888991,0.5167947913395716,-2.0672361117619933,-1.35,-,15028.946169187117,3607.243176824571,0.0330241565514718,1.214080738454632
5.549999999999904,118.55425939011087,38.42138143513619,0.007574987325677802,0.39827938507342797,-118.55425939011087,-38.42138143513619,-0.007574987325677802,-0.39827938507342797,11.598413590293745,1.35,-,15099.221731284804,3614.624189581492,0.03302444345363672,1.2148738707975042
5.554999999999904,118.7576343568639,41.91002615561071,0.006918752831350888,-0.5109591176767655,-118.7576343568639,-41.91002615561071,-0.006918752831350888,0.5109591176767655,-1.9720995752944481,-1.35,-,15169.738609874996,3623.4064410433116,0.03302468279934043,1.2161792668971894
5.559999999999904,118.95605470150824,38.417589935131026,0.007043491688614107,0.4039073088601966,-118.95605470150824,-38.417589935131026,-0.007043491688614107,-0.4039073088601966,11.690855994995111,1.35,-,15240.491324625735,3630.7859971254306,0.03302493085321626,1.2169949724679427
5.564999999999904,119.15940536376013,41.906295538822825,0.006414186433632737,-0.5055493442449359,-119.15940536376013,-41.906295538822825,-0.006414186433632737,0.5055493442449359,-1.8825252418426859,-1.35,-,15311.486144058958,3639.566685154366,0.03302513656215429,1.2182728731652752
5.5699999999999035,119.35780234861195,38.41400318317978,0.0065648916018630505,0.4091286195067535,-119.35780234861195,-38.41400318317978,-0.0065648916018630505,-0.4091286195067535,11.777994824237322,1.35,-,15382.717568966407,3646.944863357153,0.03302535205116301,1.2191098043017727
5.574999999999903,119.5611302582992,41.9027612244212,0.005960603828939876,-0.5005242446175684,-119.5611302582992,-41.9027612244212,-0.005960603828939876,0.5005242446175684,-1.7979541770090357,-1.35,-,15454.191888309615,3655.724070348307,0.03302552969515304,1.2203624268990227
5.579999999999903,119.75950532810607,38.410593589139246,0.006135459434629758,0.4139836630761847,-119.75950532810607,-38.410593589139246,-0.006135459434629758,-0.4139836630761847,11.860378922569247,1.35,-,15525.903583891777,3663.1009388476573,0.03302571791446541,1.2212193392654926
5.584999999999903,119.96281186158551,41.89939594232003,0.005554470326740859,-0.4958451120606798,-119.96281186158551,-41.89939594232003,-0.005554470326740859,0.4958451120606798,-1.7178592326992634,-1.35,-,15597.858965040467,3671.878735749314,0.03302587217516846,1.2224486511412649
5.589999999999903,120.16116629314774,38.40733522252997,0.005751846866242386,0.4185099539697928,-120.16116629314774,-38.40733522252997,-0.005751846866242386,-0.4185099539697928,11.938520368717036,1.35,-,15670.052494465113,3679.2543527437924,0.03302603759388032,1.2233244040491238
5.594999999999903,120.36445266204102,41.89617378576428,0.005192617181157561,-0.49147592150204567,-120.36445266204102,-41.89617378576428,-0.005192617181157561,0.49147592150204567,-1.641747982616395,-1.35,-,15742.490501788276,3688.030799633227,0.033026172410246274,1.2245321469562052
5.599999999999903,120.5627876111416,38.40421293847106,0.005411062505485954,0.4227433963269953,-120.5627876111416,-38.40421293847106,-0.005411062505485954,-0.4227433963269953,12.012912645702306,1.35,-,15815.16743057112,3695.405217490344,0.033026318808233465,1.2254257068518954
5.604999999999903,120.76605489440517,41.89307575587836,0.004872222843888739,-0.48738247872485435,-120.76605489440517,-41.89307575587836,-0.004872222843888739,0.48738247872485435,-1.5691501273207096,-1.35,-,15888.08963064491,3704.1803664717827,0.03302643750101067,1.2266134152547354
5.609999999999903,120.96437129031337,38.40118312765985,0.005110439419204506,0.42671465703364525,-120.96437129031337,-38.40118312765985,-0.005110439419204506,-0.42671465703364525,12.083974960958479,1.35,-,15961.251526253212,3711.553620799803,0.03302656808396596,1.2275238422473722
5.6149999999999025,121.16762037506302,41.890066580589504,0.004590772788469069,-0.48353445797242384,-121.16762037506302,-41.890066580589504,-0.004590772788469069,0.48353445797242384,-1.4996491311450093,-1.35,-,16034.659487389988,3720.327509190434,0.03302667345993993,1.2286928701076056
5.619999999999902,121.36591887798309,38.398239993606516,0.0048476024878906015,0.4304560524185122,-121.36591887798309,-38.398239993606516,-0.0048476024878906015,-0.4304560524185122,12.152156378587497,1.35,-,16108.307918715473,3727.6996333634665,0.033026790956189336,1.2296193321729243
5.624999999999902,121.56915118902984,41.887296205239714,0.0043461069598441536,-0.4798850392968305,-121.56915118902984,-41.887296205239714,-0.0043461069598441536,0.4798850392968305,-1.4325720133888078,-1.35,-,16182.203211319576,3736.4723612803937,0.033026885399417866,1.2307707804276289
5.629999999999902,121.76743251060228,38.395374381730186,0.004620553625141732,0.433997694367353,-121.76743251060228,-38.395374381730186,-0.004620553625141732,-0.433997694367353,12.217878507946116,1.35,-,16256.339749420695,3743.8433851499594,0.03302699214699688,1.2317125504212099
5.634999999999902,121.97064857096831,41.884556098630235,0.004136289682108238,-0.4764248855518357,-121.97064857096831,-41.884556098630235,-0.004136289682108238,0.4764248855518357,-1.367811873234574,-1.35,-,16330.723944984806,3752.6149653478556,0.03302707769145855,1.2328474537790752
5.639999999999902,122.16891323943624,38.392328367124485,0.004427487358620049,0.43734316561397374,-122.16891323943624,-38.392328367124485,-0.004427487358620049,-0.43734316561397374,12.281162891508847,1.35,-,16405.35016179533,3759.984819735101,0.033027175704680105,1.2338037990016215
5.644999999999902,122.37211296535506,41.88170526931448,0.003959599648805462,-0.4731394252441607,-122.37211296535506,-41.88170526931448,-0.003959599648805462,0.4731394252441607,-1.305178759929837,-1.305178759929837,-,16480.224831953357,3768.7552059164295,0.033027254096827,1.2349231035802233
5.649999999999902,122.57093304221853,38.60147349981961,0.004198282805601477,0.4198521788874194,-122.57093304221853,-38.60147349981961,-0.004198282805601477,-0.4198521788874194,12.035623717080446,1.35,-,16555.343000087556,3776.205574698216,0.03302734222471958,1.235804482840806
5.654999999999902,122.77453680975087,41.963377872663365,0.003578551596195564,-0.5034765994303325,-122.77453680975087,-41.963377872663365,-0.003578551596195564,0.5034765994303325,-1.748221687668752,-1.35,-,16630.7109345318,3785.0102001106357,0.03302740625487721,1.2370719262716756
5.6599999999999016,122.97319174517104,38.47190328490867,0.0037333679228778904,0.4101127430285023,-122.97319174517104,-38.47190328490867,-0.0037333679228778904,-0.4101127430285023,11.896057399775717,1.35,-,16706.32296397177,3792.4106368224525,0.03302747594505745,1.2379128885816475
5.6649999999999014,123.17678397951306,41.96204437273339,0.00312785934466906,-0.5006127156708252,-123.17678397951306,-41.96204437273339,-0.00312785934466906,0.5006127156708252,-1.6959605982571522,-1.35,-,16782.185564529445,3801.2147026621487,0.03302752486257785,1.239165954037104
5.669999999999901,123.3754282776798,38.47072409551116,0.0032960419533566675,0.4128070840207818,-123.3754282776798,-38.47072409551116,-0.0032960419533566675,-0.4128070840207818,11.945978502629492,1.35,-,16858.29304604295,3808.6146857243134,0.03302757918204064,1.2400180024801928
5.674999999999901,123.57901129911937,41.961155449697515,0.002703120761137327,-0.4980731925662677,-123.57901129911937,-41.961155449697515,-0.002703120761137327,0.4980731925662677,-1.6481675161182308,-1.35,-,16934.651906211286,3817.4183785576815,0.033027615716349885,1.2412583870059586
5.679999999999901,123.77764725824889,38.46998933265127,0.0028830863085494603,0.41518729366196067,-123.77764725824889,-38.46998933265127,-0.0028830863085494603,-0.41518729366196067,11.991561376540632,1.35,-,17011.25643601522,3824.818078953953,0.0330276572772832,1.2421202894500503
5.684999999999901,123.98122260479148,41.96052331869438,0.00230114481634135,-0.49585619098414946,-123.98122260479148,-41.96052331869438,-0.00230114481634135,0.49585619098414946,-1.6048663219515742,-1.35,-,17088.113153808114,3833.621506539846,0.03302768375362053,1.2433496562607367
5.689999999999901,124.17985169461899,38.46949895783374,0.0024913264113497133,0.41725271137829284,-124.17985169461899,-38.46949895783374,-0.0024913264113497133,-0.41725271137829284,12.032744613786072,1.35,-,17165.2163316426,3841.0210182901797,0.03302771478715697,1.2442201553864993
5.694999999999901,124.383420842472,41.96014235534049,0.0019188431601949087,-0.4939443401196629,-124.383420842472,-41.96014235534049,-0.0019188431601949087,0.4939443401196629,-1.5658427735863292,-1.35,-,17242.572508544978,3849.824286022582,0.03302773319695234,1.2454400604421805
5.699999999999901,124.5820445172671,38.46924821312787,0.0021177583083456957,0.4190195578763663,-124.5820445172671,-38.46924821312787,-0.0021177583083456957,-0.4190195578763663,12.06972648772392,1.35,-,17320.17593762549,3857.223701312998,0.0330277556214536,1.246317947391595
5.704999999999901,124.78560888714541,41.96000759383203,0.00155328589535711,-0.4923227320124556,-124.78560888714541,-41.96000759383203,-0.00155328589535711,0.4923227320124556,-1.5309171843940192,-1.35,-,17398.033178552167,3866.02691249937,0.033027767684938966,1.247529855753876
5.7099999999999005,124.98422858634362,38.46926308727528,0.0017595240757092966,0.4205046511827669,-124.98422858634362,-38.46926308727528,-0.0017595240757092966,-0.4205046511827669,12.102717034076393,1.35,-,17476.13846552878,3873.42633351176,0.03302778316456383,1.2484139765622078
5.7149999999999,125.18778956967063,41.960120233801696,0.0012016795992666042,-0.49097825064177975,-125.18778956967063,-41.960120233801696,-0.0012016795992666042,0.49097825064177975,-1.4999345781748388,-1.35,-,17554.49837881548,3882.229591961935,0.03302779038473313,1.249619274775224
5.7199999999999,125.38640661263379,38.46951069188042,0.001413879888375805,0.42171657063595724,-125.38640661263379,-38.46951069188042,-0.001413879888375805,-0.42171657063595724,12.131803236207956,1.35,-,17633.10713363162,3889.6291082262983,0.03302780038001482,1.2505084991049686
5.7249999999999,125.5899655676018,41.96047926369521,0.0008613329220664377,-0.4899003059683873,-125.5899655676018,-41.96047926369521,-0.0008613329220664377,0.4899003059683873,-1.472776387716837,-1.35,-,17711.971330887976,3898.432517326493,0.033027804089486835,1.2517085106539083
5.7299999999999,125.78858130005996,38.470004986739724,0.001078187178202082,0.42266630227703555,-125.78858130005996,-38.470004986739724,-0.001078187178202082,-0.42266630227703555,12.157110693565757,1.35,-,17791.085166815385,3905.8322237448915,0.03302780990192479,1.252601744669311
5.7349999999999,125.99213956665264,41.96108687147914,0.0005296500661842935,-0.4890802101858742,-125.99213956665264,-41.96108687147914,-0.0005296500661842935,0.4890802101858742,-1.44935108169966,-1.35,-,17870.455262978296,3914.6358878020706,0.033027811304570755,1.2537977419292883
5.7399999999999,126.19075531961445,38.4707486831038,0.0007498878219662737,0.4233615199283399,-126.19075531961445,-38.4707486831038,-0.0007498878219662737,-0.4233615199283399,12.178716302701247,1.35,-,17950.075796618967,3922.035880323263,0.03302781411622948,1.2546939168120683
5.7449999999999,126.39431422976686,41.96194711024515,0.0002041058598440519,-0.48851124107805655,-126.39431422976686,-41.96194711024515,-0.0002041058598440519,0.48851124107805655,-1.4295955168776104,-1.35,-,18029.95340996703,3930.839905349678,0.03302781432452549,1.2558871329753665
5.7499999999999,126.59293133180054,38.471746930286805,0.00042648485910767945,0.42380801167431353,-126.59293133180054,-38.471746930286805,-0.00042648485910767945,-0.42380801167431353,12.196669639879076,1.35,-,18110.082261282918,3938.240281909018,0.03302781523397217,1.2567851991291632
5.7549999999998995,126.79649221951722,41.96306594493766,-0.00011777325277260455,-0.4881885854545097,-126.79649221951722,-41.96306594493766,0.00011777325277260455,0.4881885854545097,-1.4134743729297918,-1.35,-,18190.469013478785,3947.0447764265136,0.03302781530332487,1.2579768396040036
5.759999999999899,126.99511200668053,38.473006759591414,0.00010552348424201914,0.4240096687193217,-126.99511200668053,-38.473006759591414,-0.00010552348424201914,-0.4240096687193217,12.210992498512505,1.35,-,18271.107805846732,3954.4456376721314,0.033027815359000894,1.2588757605998409
5.764999999999899,127.1986762181447,41.96445129227115,-0.00043842802301833803,-0.4881092990981133,-127.1986762181447,-41.96445129227115,0.00043842802301833803,0.4881092990981133,-1.4009798322457638,-1.35,-,18352.005322004974,3963.250713533438,0.03302781632009655,1.260067014039171
5.769999999999899,127.39730004404805,38.47453715926603,-0.0002154275934804809,0.4239685213324341,-127.39730004404805,-38.47453715926603,0.0002154275934804809,-0.4239685213324341,12.221679151031546,1.35,-,18433.15568229754,3970.6521635815366,0.033027816552141785,1.260965760574575
5.774999999999899,127.60086894779924,41.96611307548156,-0.0007602849132899447,-0.4882722808378524,-127.60086894779924,-41.96611307548156,0.0007602849132899447,0.4882722808378524,-1.3921314668455336,-1.35,-,18514.565591078706,3979.457936814857,0.03302781944230753,1.262157809675748
5.779999999999899,127.79949819377954,38.47634913742131,-0.0005387945753869477,0.42368475795175053,-127.79949819377954,-38.47634913742131,0.0005387945753869477,-0.42368475795175053,12.22869636114506,1.35,-,18596.229149771614,3986.860084029581,0.0330278208938055,1.2630553535463511
5.784999999999899,128.00307319104107,41.96806329559747,-0.00108577446635364,-0.4886782603933228,-128.00307319104107,-41.96806329559747,0.00108577446635364,0.4886782603933228,-1.386976329341554,-1.35,-,18678.153083503366,3995.666675713497,0.03302782678833646,1.2642493857572563
5.789999999999899,128.201709276525,38.47845580156172,-0.0008670169216065439,0.42315673043799207,-128.201709276525,-38.47845580156172,0.0008670169216065439,-0.42315673043799207,12.231983189838019,1.35,-,18760.33147481048,4003.069633517861,0.03302783054692817,1.2651446938498312
5.794999999999899,128.40529181167383,41.97031588879626,-0.001417349675766805,-0.48932982287739574,-128.40529181167383,-41.97031588879626,0.001417349675766805,0.48932982287739574,-1.3855895980545592,-1.35,-,18842.77106963668,4011.8771705968875,0.03302784059132869,1.2663419122276174
5.799999999999899,128.60393620511414,38.48087253129438,-0.0012025657389615335,0.42238095320179864,-128.60393620511414,-38.48087253129438,0.0012025657389615335,-0.42238095320179864,12.231450710773009,1.35,-,18925.465931673923,4019.2810583507357,0.03302784782215047,1.2672339405757556
5.8049999999998985,128.80752777651793,41.97288698913529,-0.0017575044502719389,-0.4902314082580286,-128.80752777651793,-41.97288698913529,0.0017575044502719389,0.4902314082580286,-1.3880748397810843,-1.35,-,19008.422827733415,4028.0896745617492,0.033027863266259935,1.2684355747439688
5.809999999999898,129.0061820064505,38.48361703221458,-0.0015479623857681643,0.4213520748373099,-129.0061820064505,-38.48361703221458,0.0015479623857681643,-0.4213520748373099,12.226981307675437,1.35,-,19091.63580271282,4035.49461846116,0.03302787524719768,1.2693232625988173
5.814999999999898,129.20978417821914,41.97579170530334,-0.0021087923187457017,-0.4913896751683644,-129.20978417821914,-41.97579170530334,0.0021087923187457017,0.4913896751683644,-1.3945698110718188,-1.35,-,19175.111644349727,4044.304453907595,0.033027897482222894,1.2705305816631276
5.819999999999898,129.408449842605,38.48670893752088,-0.0019057975797685998,0.4200627886299103,-129.408449842605,-38.48670893752088,0.0019057975797685998,-0.4200627886299103,12.218427038206743,1.35,-,19258.844378803056,4051.710587731802,0.03302791564254497,1.2714128453950853
5.824999999999898,129.61206425624056,41.9790453022189,-0.0024738458193262337,-0.49281344023797263,-129.61206425624056,-41.9790453022189,0.0024738458193262337,0.49281344023797263,-1.4052458145654825,-1.35,-,19342.840814806874,4060.521788954231,0.03302794624211065,1.2726271708294812
5.829999999999898,129.81074303455168,38.49017051140802,-0.0022787508240691137,0.4185038370773878,-129.81074303455168,-38.49017051140802,0.0022787508240691137,-0.4185038370773878,12.205609425410007,1.35,-,19427.094959842783,4067.929255084217,0.033027972205637246,1.2735028981377237
5.834999999999898,130.01437141465564,41.98267578833411,-0.002855396870056041,-0.49451249226000876,-130.01437141465564,-41.98267578833411,0.002855396870056041,0.49451249226000876,-1.4202899645980638,-1.35,-,19511.61364371452,4076.7419804159586,0.03302801297209367,1.2747256111627296
5.839999999999898,130.21306510898503,38.4940332641497,-0.002669608275635768,0.416664589358081,-130.21306510898503,-38.4940332641497,0.002669608275635768,-0.416664589358081,12.188327985879074,1.35,-,19596.390855339905,4084.1509334006655,0.033028048606135396,1.2755936580628544
5.844999999999898,130.41670931217666,41.986745508948644,-0.0032562907492428377,-0.4964955192073988,-130.41670931217666,-41.986745508948644,0.0032562907492428377,0.4964955192073988,-1.4398738666835849,-1.35,-,19681.433445678987,4092.9653673928315,0.03302810162328262,1.2768261970658195
5.8499999999998975,130.61541972024037,38.498297670422325,-0.0030812939877438252,0.4145289221863097,-130.61541972024037,-38.498297670422325,0.0030812939877438252,-0.4145289221863097,12.16629716519655,1.35,-,19766.735385022457,4100.375962010434,0.033028149095145815,1.2776853682024643
5.854999999999897,130.8190817526642,41.99129989653072,-0.0036795210071836606,-0.49877534469675266,-130.8190817526642,-41.99129989653072,0.0036795210071836606,0.49877534469675266,-1.4642337175218612,-1.35,-,19852.303545775507,4109.192308345436,0.033028216789520025,1.278929252424851
5.859999999999897,131.0178106618276,38.50296072606529,-0.003516893336702685,0.41207784581626145,-131.0178106618276,-38.50296072606529,0.003516893336702685,-0.41207784581626145,12.139185928187791,1.35,-,19938.131879328597,4116.6046982688,0.033028278632213734,1.2797782931799138
5.864999999999897,131.22149254413992,41.99628116705474,-0.004128268811601023,-0.5013777060037374,-131.22149254413992,-41.99628116705474,0.004128268811601023,0.5013777060037374,-1.4938042971233858,-1.35,-,20024.227279856153,4125.423136428111,0.03302836384523064,1.2810351912003015
5.869999999999897,131.42024234881092,38.50817734802323,-0.003979630769157445,0.4093054714649565,-131.42024234881092,-38.50817734802323,0.003979630769157445,-0.4093054714649565,12.106860851349886,1.35,-,20110.583680351254,4132.837535041445,0.03302844303253594,1.2818728460451572
5.874999999999897,131.62394630716784,42.00177287522493,-0.004605848740656856,-0.504316905679925,-131.62394630716784,-42.00177287522493,0.004605848740656856,0.504316905679925,-1.5288480065175163,-1.35,-,20197.207996558613,4141.658279664755,0.033028549101749044,1.28314452375193
5.879999999999897,131.82271929319367,38.51391883344484,-0.004472949421628447,0.40618479255439066,-131.82271929319367,-38.51391883344484,0.004472949421628447,-0.40618479255439066,12.068864795388075,1.35,-,20284.094143167873,4149.074889384301,0.03302864913813169,1.2839694541804423
5.884999999999897,132.02644771617435,42.007815499218296,-0.005115812574203588,-0.5076144293907566,-132.02644771617435,-42.007815499218296,0.005115812574203588,0.5076144293907566,-1.5697394108430625,-1.35,-,20371.249057650628,4157.898172199382,0.03302877999582316,1.2852578162250707
5.889999999999897,132.22524635162947,38.52023047387894,-0.005000515276590985,0.4026932033299568,-132.22524635162947,-38.52023047387894,0.005000515276590985,-0.4026932033299568,12.024804784343244,1.35,-,20458.666636514372,4165.317212978186,0.03302890502158832,1.2860686253051115
5.8949999999998965,132.4290018082939,42.014453732618065,-0.005661948296509011,-0.5112944061404295,-132.4290018082939,-42.014453732618065,0.005661948296509011,0.5112944061404295,-1.6168961695699617,-1.35,-,20546.353839114076,4174.143284590437,0.03302906530988088,1.287375735153864
5.899999999999896,132.62782874908183,38.52715853406428,-0.005566245632549157,0.3988050125269462,-132.62782874908183,-38.52715853406428,0.005566245632549157,-0.3988050125269462,11.974237824060516,1.35,-,20634.304543907554,4181.5649943139815,0.03302922022533309,1.288170962343947
5.904999999999896,132.83161400808322,42.0217366433298,-0.006248309480519576,-0.5153837999711619,-132.83161400808322,-42.0217366433298,0.006248309480519576,0.5153837999711619,-1.6707823485852966,-1.35,-,20722.525732307513,4190.394126066588,0.033029415432189915,1.2894990646503106
5.909999999999896,133.0304721180813,38.53475395505001,-0.006174338119599831,0.39449158980257365,-133.0304721180813,-38.53475395505001,0.006174338119599831,-0.39449158980257365,11.916672739068858,1.35,-,20811.01126486731,4197.818762378469,0.03302960604444599,1.2902771827224353
5.914999999999896,133.23429016831466,42.029714221560425,-0.0068792452928435575,-0.5199129890414098,-133.23429016831466,-42.029714221560425,0.0068792452928435575,0.5199129890414098,-1.7319176238500056,-1.35,-,20899.768145250582,4206.651246766199,0.03302984266452499,1.2916287303033052
5.919999999999896,133.43318254024538,38.543072531402935,-0.006829301839632141,0.3897211350909126,-133.43318254024538,-38.543072531402935,0.006829301839632141,-0.3897211350909126,11.851566251007082,1.35,-,20988.79021626467,4214.079088967003,0.03303007586134307,1.2923881431189879
5.924999999999896,133.63703661299292,42.03844964573483,-0.007559432753116667,-0.5249147915028778,-133.63703661299292,-42.03844964573483,0.007559432753116667,0.5249147915028778,-1.8008629064055033,-1.35,-,21078.084504038183,4222.915245210088,0.03303036158646082,1.2937658208106804
5.929999999999896,133.8359665915642,38.55217544703536,-0.007535990740706039,0.3844584562920605,-133.8359665915642,-38.55217544703536,0.007535990740706039,-0.3844584562920605,11.778319155873591,1.35,-,21167.644833805673,4230.346596368583,0.03303064554224304,1.2945048623337527
5.934999999999896,134.03986018456976,42.04800774853901,-0.008293911323348639,-0.5304259085525732,-134.03986018456976,-42.04800774853901,0.008293911323348639,0.5304259085525732,-1.878242735785257,-1.35,-,21257.478254397167,4239.186771146688,0.03303098948706824,1.295911620556072
5.939999999999896,134.23883139091663,38.56212960739123,-0.008299639557969163,0.37866469783977025,-134.23883139091663,-38.56212960739123,0.008299639557969163,-0.37866469783977025,11.696271722011506,1.35,-,21347.57857366316,4246.621960345975,0.0330313339071522,1.2966285553230223
5.9449999999998955,134.44276829439642,42.05845950759432,-0.009088120206741714,-0.5364867880061654,-134.44276829439642,-42.05845950759432,0.009088120206741714,0.5364867880061654,-1.9647437012658648,-1.35,-,21437.952863396462,4255.466530426735,0.03303174687679666,1.298067645691548
5.949999999999895,134.6417846526213,38.57300813957069,-0.009125902537344716,0.372297054582791,-134.6417846526213,-38.57300813957069,0.009125902537344716,-0.372297054582791,11.60469882957796,1.35,-,21528.594914268673,4262.905915211411,0.033032163287282264,1.298760671175803
5.954999999999895,134.84576897744154,42.06988257664071,-0.009947938563814327,-0.5431419167040773,-134.84576897744154,-42.06988257664071,0.009947938563814327,0.5431419167040773,-2.061119418387899,-1.35,-,21619.51182132426,4271.755290311473,0.03303265809469061,1.300235686884208
5.959999999999895,135.04483474337246,38.58489092578749,-0.010020895228119043,0.36530845522892175,-135.04483474337246,-38.58489092578749,0.010020895228119043,-0.36530845522892175,11.502804608262688,1.35,-,21710.697358278583,4279.199259350247,0.033033160186396474,1.3009029382215167
5.964999999999895,135.24887095160085,42.08236186805037,-0.010879728945546008,-0.5504401414968999,-135.24887095160085,-42.08236186805037,0.010879728945546008,0.5504401414968999,-2.168195981211647,-1.35,-,21802.158643746996,4288.053885252215,0.03303375202890611,1.3024178599683722
5.969999999999895,135.44799074392867,38.597865174560184,-0.010991239652718528,0.35764721314945297,-135.44799074392867,-38.597865174560184,0.010991239652718528,-0.35764721314945297,11.38971653569937,1.35,-,21893.88943472983,4295.502861232382,0.03303435606565163,1.3030574176137402
5.974999999999895,135.6520836819866,42.09599018930188,-0.011890384262479703,-0.5584350210631378,-135.6520836819866,-42.09599018930188,0.011890384262479703,0.5584350210631378,-2.286877928818761,-1.35,-,21985.896873766153,4304.363223182471,0.03303506297184118,1.3046166659774892
5.979999999999895,135.851263026725,38.61208957261534,-0.01204406285228191,0.349262901585499,-135.851263026725,-38.61208957261534,0.01204406285228191,-0.349262901585499,11.264574893519564,1.35,-,22078.174702095934,4311.817690488289,0.03303578826909113,1.3052265888496088
5.984999999999895,136.0554197104465,42.1113138309464,-0.012987153889373146,-0.5671407044497,-136.0554197104465,-42.1113138309464,0.012987153889373146,0.5671407044497,-2.417474810049308,-1.35,-,22170.73008825886,4320.684504251131,0.03303663159992186,1.3068348317428273
5.9899999999998945,136.25466678860653,38.62852401688171,-0.013186702599409472,0.34017866284631526,-136.25466678860653,-38.62852401688171,0.013186702599409472,-0.34017866284631526,11.127636555585482,1.35,-,22263.55675936723,4328.145318589745,0.03303750104554908,1.3074134393561068
5.994999999999894,136.45889158678622,42.12795114228834,-0.014178007896861697,-0.5766697467807824,-136.45889158678622,-42.12795114228834,0.014178007896861697,0.5766697467807824,-2.5618016338474456,-1.35,-,22356.6619048327,4337.019139926981,0.0330385061250887,1.3090761793403678
5.999999999999894,136.65820938669972,38.64544863778006,-0.014428033933116563,0.3301447081052769,-136.65820938669972,-38.64544863778006,0.014428033933116563,-0.3301447081052769,10.974987460805995,1.35,-,22450.039235796594,4344.486493429057,0.033039546965904575,1.3096211569818175
6.004999999999894,136.86250829695783,42.145726629708676,-0.01547206478363823,-0.5871227804284691,-136.86250829695783,-42.145726629708676,0.01547206478363823,0.5871227804284691,-2.721507813709123,-1.35,-,22543.695966683266,4353.367804794788,0.03304074388984792,1.3113447227783077
6.009999999999894,137.061902996279,38.6638562644261,-0.015777280714928874,0.3191731095182887,-137.061902996279,-38.6638562644261,0.015777280714928874,-0.3191731095182887,10.80669067719008,1.35,-,22637.62579294807,4360.842273700969,0.03304198850278171,1.3118540801475056
6.014999999999894,137.26628267782968,42.16509886526086,-0.01687892399120935,-0.5985432382425961,-137.26628267782968,-42.16509886526086,0.01687892399120935,0.5985432382425961,-2.8973791490886787,-1.35,-,22731.835954749018,4369.731751512554,0.03304341299315722,1.3136453501877352
6.019999999999894,137.46576142115583,38.68395058385123,-0.017244409250277187,0.3071895177753395,-137.46576142115583,-38.68395058385123,0.017244409250277187,-0.3071895177753395,10.621486096399192,1.35,-,22826.320132564506,4377.213991676424,0.033044899841409174,1.3141171771868905
6.024999999999894,137.6702292570669,42.186230582125795,-0.01840896290393844,-0.6110128685843313,-137.6702292570669,-42.186230582125795,0.01840896290393844,0.6110128685843313,-3.090793690398854,-1.35,-,22921.08559268297,4386.112381930065,0.033046594290985165,1.3159838608147687
6.029999999999894,137.86979966380605,38.70585409624193,-0.018840255362992823,0.29410275382574935,-137.86979966380605,-38.70585409624193,0.018840255362992823,-0.29410275382574935,10.41784654541843,1.35,-,23016.12600097966,4393.603097636662,0.03304836906709588,1.316416342963808
6.034999999999894,138.0743636843338,42.209277812581966,-0.020073480288868406,-0.6246229983429743,-138.0743636843338,-42.209277812581966,0.020073480288868406,0.6246229983429743,-3.3032870758526474,-1.35,-,23111.448650513827,4402.51121330396,0.03305038379015041,1.3183671124141028
6.0399999999998935,138.274034040344,38.72972560394568,-0.02057660333936871,0.2798157865359591,-138.274034040344,-38.72972560394568,0.02057660333936871,-0.2798157865359591,10.19414362164153,1.35,-,23207.047192962775,4410.011171530745,0.03305250077317534,1.3187585967860764
