t_s,theta_rad,dtheta_rad_s,psi_rad,dpsi_rad_s,error_theta,error_dtheta,error_psi,error_dpsi,u_PD_Nm,u_Nm,status_cbf,ISE_theta,ISE_dtheta,ISE_psi,ISE_dpsi
0.005,0.0,0.0,-2.220446049250313e-16,0.0,0.0,0.0,2.220446049250313e-16,0.0,-3.3306690738754696e-15,-3.3306690738754696e-15,-,0.0,0.0,2.465190328815662e-34,0.0
0.01,-5.821546567903082e-17,-1.810146235801879e-14,-2.220446049250313e-16,1.3036928680424785e-15,5.821546567903082e-17,1.810146235801879e-14,2.220446049250313e-16,-1.3036928680424785e-15,1.5860366080974172e-14,1.5860366080974172e-14,-,1.6945202221132078e-35,1.638314697493856e-30,4.930380657631324e-34,8.498075470924116e-33
0.015,1.2197591131032336e-16,6.809617938640573e-14,-2.220446049250313e-16,-4.904383091827757e-15,-1.2197591131032336e-16,-6.809617938640573e-14,2.220446049250313e-16,4.904383091827757e-15,-7.55296128271113e-14,-7.55296128271113e-14,-,9.133581692105143e-35,2.4823762932621592e-29,7.395570986446985e-34,1.2876294302795407e-31
0.02,-1.0540015835073484e-10,-1.0540000752817364e-07,9.325262781620032e-11,9.325253455976421e-08,1.0540015835073484e-10,1.0540000752817364e-07,-9.325262781620032e-11,-9.325253455976421e-08,1.3980745916568087e-06,1.3980745916568087e-06,-,5.554596690189123e-23,5.554580793472014e-17,4.348026297387345e-23,4.3480176009100226e-17
0.025,7.099568644507779e-09,2.471819894258021e-06,-2.4838666686609463e-09,-9.213697287862131e-07,-7.099568644507779e-09,-2.471819894258021e-06,2.4838666686609463e-09,9.213697287862131e-07,-1.3808083551192172e-05,-1.3808083551192172e-05,-,2.5207492065729206e-19,3.060501375618339e-14,3.089144840139801e-20,4.288091061627e-15
0.030000000000000002,-5.800571645032693e-08,-2.3350812987259522e-05,2.3965377911732283e-08,9.431741421539818e-06,5.800571645032693e-08,2.3350812987259522e-05,-2.3965377911732283e-08,-9.431741421539818e-06,0.00014136626550337005,0.00014136626550337005,-,1.7075390625235937e-17,2.756907349586024e-12,2.9025881406621265e-18,4.490768222755768e-13
0.035,6.171589213555322e-07,0.00024063390923877333,-2.4579706189974505e-07,-9.621954631853438e-05,-6.171589213555322e-07,-0.00024063390923877333,2.4579706189974505e-07,9.621954631853438e-05,-0.001442142786164882,-0.001442142786164882,-,1.921501061668856e-15,2.9228029872725704e-10,3.049835663333977e-16,4.67400822909985e-11
0.04,-6.2595574254669915e-06,-0.0024527823108330066,2.507193441329185e-06,0.0009819214151856653,6.2595574254669915e-06,0.0024527823108330066,-2.507193441329185e-06,-0.0009819214151856653,0.014717123100891238,0.014717123100891238,-,1.9783179687526352e-13,3.037298562040376e-08,3.173507832755379e-14,4.867588410292095e-09
0.045,6.393092288230346e-05,0.025033250124291452,-2.5586165703479345e-05,-0.010020206707583223,-6.393092288230346e-05,-0.025033250124291452,2.5586165703479345e-05,0.010020206707583223,-0.15018367085989945,-0.15018367085989945,-,2.0633646299790415e-11,3.163691044547092e-06,3.3049944553570654e-12,5.068903007237708e-07
0.049999999999999996,-0.0006523254546536889,-0.25545357059973406,0.0002610988599314077,0.10225344692832364,0.0006523254546536889,0.25545357059973406,-0.0002610988599314077,-0.10225344692832364,1.532583022393645,1.35,-,2.1482761402454986e-09,0.00032944632470531353,3.4416806774276116e-10,5.278572734434124e-05
0.05499999999999999,0.007478007240925279,2.8838255879221375,-0.00207085213741678,-0.845248954031585,-0.007478007240925279,-2.8838255879221375,0.00207085213741678,0.845248954031585,-12.651821460486946,-1.35,-,2.817512376168999e-07,0.04191169643247761,2.178631094296098e-08,0.003625014698801782
0.05999999999999999,0.010040847767721897,-0.733730415337805,-0.003701894008711223,0.053088338933930196,-0.010040847767721897,0.733730415337805,0.003701894008711223,-0.053088338933930196,0.7265236994822374,0.7265236994822374,-,7.858443570897286e-07,0.04460349804443654,9.03064072016212e-08,0.0036391065574556012
0.06499999999999999,0.012845996289363306,1.1044332622490647,-0.004830516288803082,-0.44356211149821395,-0.012845996289363306,-1.1044332622490647,0.004830516288803082,0.44356211149821395,-6.7032869117087,-1.35,-,1.6109424604214073e-06,0.05070236219824709,2.0697584528358063e-07,0.004622843291239371
0.06999999999999999,0.009053667058268055,-1.9999462414492561,-0.0042021970202465704,0.5052014641507082,-0.009053667058268055,1.9999462414492561,0.0042021970202465704,-0.5052014641507082,7.475352228810271,1.35,-,2.0207868964312483e-06,0.07070128704168215,2.9526814426842645e-07,0.005898985888139469
0.075,0.010809409510442208,1.6119240897740184,-0.004289904714273827,-0.39661874720610624,-0.010809409510442208,-1.6119240897740184,0.004289904714273827,0.39661874720610624,-5.980958920629804,-1.35,-,2.6050035662534412e-06,0.08369278339765114,3.872845565561706e-07,0.006685518041316176
0.08,0.007620529679249696,-1.8803599221700111,-0.003619188699054647,0.5136672592009479,-0.007620529679249696,1.8803599221700111,0.003619188699054647,-0.5136672592009479,7.613418680272169,1.35,-,2.8953659292150687e-06,0.10137155058216721,4.52777190752995e-07,0.008004788307191247
0.085,0.009382969497095802,1.6116732703038021,-0.0037228563077330314,-0.39987446997510157,-0.009382969497095802,-1.6116732703038021,0.0037228563077330314,0.39987446997510157,-6.0213511100565595,-1.35,-,3.33556651213222e-06,0.11435900423322598,5.220754861931332e-07,0.00880428626588059
0.09000000000000001,0.0062054016248231265,-1.8793761807335265,-0.0030664458333955927,0.5107737249877893,-0.0062054016248231265,1.8793761807335265,0.0030664458333955927,-0.5107737249877893,7.578269879766228,1.35,-,3.5281015587590077e-06,0.1320192783767687,5.690909364388792e-07,0.0101087352565701
0.09500000000000001,0.007976373842248596,1.612134208963097,-0.0031835373878551535,-0.40259307259613947,-0.007976373842248596,-1.612134208963097,0.0031835373878551535,0.40259307259613947,-6.054087410626968,-1.35,-,3.846214257115546e-06,0.14501416191531405,6.197654879382374e-07,0.010919141167082102
0.10000000000000002,0.004806719376395652,-1.878954754380045,-0.0025394770828456896,0.5082782600072812,-0.004806719376395652,1.878954754380045,0.0025394770828456896,-0.5082782600072812,7.548694917553987,1.35,-,3.961737012932634e-06,0.16266651676035093,6.520102072097296e-07,0.01221087511506225
0.10500000000000002,0.006584372684687142,1.6122944447483762,-0.002667935461246284,-0.4048972105377517,-0.006584372684687142,-1.6122944447483762,0.002667935461246284,0.4048972105377517,-6.080967926182614,-1.35,-,4.178506831186904e-06,0.1756639836431833,6.875996053366068e-07,0.013030583870568511
0.11000000000000003,0.003420582143610141,-1.8789070477241276,-0.0020342381212278657,0.5061798587040863,-0.003420582143610141,1.8789070477241276,0.0020342381212278657,-0.5061798587040863,7.524742991074139,1.35,-,4.237008742192827e-06,0.19331544211312032,7.082902290058902e-07,0.014311674117356957
0.11500000000000003,0.005203180773426059,1.6121163235989788,-0.0021720900404657477,-0.40680908113989944,-0.005203180773426059,-1.6121163235989788,0.0021720900404657477,0.40680908113989944,-6.102267114002562,-1.35,-,4.372374192997581e-06,0.20631003731719177,7.318801047253428e-07,0.015139142259846404
0.12000000000000004,0.0020432885591166686,-1.8792026701390645,-0.001546847159545555,0.5044648157215569,-0.0020432885591166686,1.8792026701390645,0.001546847159545555,-0.5044648157215569,7.506267206569753,1.35,-,4.393249333676666e-06,0.22396705069448075,7.438437854003136e-07,0.01641156601135133
0.12500000000000003,0.0038285392835774954,1.6115494418605956,-0.0016922540753883002,-0.408348908865168,-0.0038285392835774954,-1.6115494418605956,0.0016922540753883002,0.408348908865168,-6.118233313699789,-1.35,-,4.466537898906146e-06,0.2369525087122867,7.581624046786551e-07,0.017245310168208194
0.13000000000000003,0.0006705788680455035,-1.8798853349528823,-0.0010736283995034877,0.5031151887893113,-0.0006705788680455035,1.8798853349528823,0.0010736283995034877,-0.5031151887893113,7.493052522302781,1.35,-,4.468786278997492e-06,0.25462235307514125,7.639257943797571e-07,0.018510934634160717
0.13500000000000004,0.0024567254336248824,1.61067070885861,-0.0012247615622838655,-0.4095211000267714,-0.0024567254336248824,-1.61067070885861,0.0012247615622838655,0.4095211000267714,-6.128876240641311,-1.35,-,4.498963778278589e-06,0.26759365373701677,7.714259988019973e-07,0.019349472290996404
0.14000000000000004,-0.0007011177131004206,-1.8809065698359584,-0.000610956357585704,0.5021252967888606,0.0007011177131004206,1.8809065698359584,0.000610956357585704,-0.5021252967888606,7.48506893036388,1.35,-,4.501421608516705e-06,0.28528270135927714,7.732923371563692e-07,0.020610121359372912
0.14500000000000005,0.0010840557270660372,1.6094382981463022,-0.0007660463960061941,-0.41033886506748896,-0.0010840557270660372,-1.6094382981463022,0.0007660463960061941,0.41033886506748896,-6.134341543760419,-1.35,-,4.507297492613628e-06,0.29823415953697746,7.762264725605396e-07,0.02145201128029729
0.15000000000000005,-0.00207554557605165,-1.8822874069827125,-0.0001553116261009044,0.5014855223969314,0.00207554557605165,1.8822874069827125,0.0001553116261009044,-0.5014855223969314,7.482224391599761,1.35,-,4.528836939804966e-06,0.315949188949406,7.763470810665501e-07,0.022709449926165907
0.15500000000000005,-0.0002932215236638888,1.6078426477149963,-0.000312623128584473,-0.41080922427235556,0.0002932215236638888,-1.6078426477149963,0.000312623128584473,0.41080922427235556,-6.134682586920747,-1.35,-,4.529266834114665e-06,0.32887497884846184,7.768357471691798e-07,0.02355327101990218
0.16000000000000006,-0.0034564852533141956,-1.884036255687358,0.00029676246882238163,0.5011904364395421,0.0034564852533141956,1.884036255687358,-0.00029676246882238163,-0.5011904364395421,7.484488999101589,1.35,-,4.589003285646558e-06,0.34662294191218407,7.772760869836876e-07,0.024809230287794477
0.16500000000000006,-0.001678827594506771,1.6058920867382651,0.00013895219072830234,-0.41093449819831146,0.001678827594506771,-1.6058920867382651,-0.00013895219072830234,0.41093449819831146,-6.129882501482762,-1.35,-,4.603095596106944e-06,0.359517388883427,7.773726255402285e-07,0.025653566096841968
0.17000000000000007,-0.00484766468070449,-1.8861666384178146,0.0007486978128456446,0.5012369905531735,0.00484766468070449,1.8861666384178146,-0.0007486978128456446,-0.5012369905531735,7.491868086134703,1.35,-,4.720594860389693e-06,0.3773055118228288,7.801753676150277e-07,0.02690975870033598
0.17500000000000007,-0.0030765922057590356,1.6035546497140167,0.0005920971092337455,-0.41071813763539383,0.0030765922057590356,-1.6035546497140167,-0.0005920971092337455,0.41071813763539383,-6.119942578586351,-1.35,-,4.7679219583923795e-06,0.39016244939592604,7.819282625488425e-07,0.02775320564324941
0.18000000000000008,-0.0062529501769666394,-1.8886940036665554,0.0012039113036830021,0.50162481691075,0.0062529501769666394,1.8886940036665554,-0.0012039113036830021,-0.50162481691075,7.5044069251360845,1.35,-,4.963418887970515e-06,0.4079982745933561,7.891752746845211e-07,0.02901134292795313
0.18500000000000008,-0.00449043081307194,1.600812618717106,0.0010502338145454446,-0.41015929331692874,0.00449043081307194,-1.600812618717106,-0.0010502338145454446,0.41015929331692874,-6.10479925739393,-1.35,-,5.064238732405445e-06,0.42081127979457567,7.946902300105945e-07,0.029852496157424344
0.19000000000000009,-0.007676310093698475,-1.8916366546752326,0.0016658372268780574,0.5023561357384174,0.007676310093698475,1.8916366546752326,-0.0016658372268780574,-0.5023561357384174,7.522189808982179,1.35,-,5.358867415678531e-06,0.4387027259611302,8.085652983428584e-07,0.03111430459299452
0.1950000000000001,-0.00592437210407025,1.5976461695189634,0.0015168151817916736,-0.40925443453446675,0.00592437210407025,-1.5976461695189634,-0.0015168151817916736,0.40925443453446675,-6.084348341783909,-1.35,-,5.53435833981596e-06,0.4514650923760233,8.200689398214269e-07,0.03195175055392515
0.2000000000000001,-0.009121841078466794,-1.8950160115422003,0.0021379535262805883,0.503435753506986,0.009121841078466794,1.8950160115422003,-0.0021379535262805883,-0.503435753506986,7.545340411625016,1.35,-,5.950398263119981e-06,0.46942052079602986,8.429231662241049e-07,0.03321898834347088
0.2050000000000001,-0.007382588373466165,1.594032285946195,0.00199535078967858,-0.40799742167803105,0.007382588373466165,-1.594032285946195,-0.00199535078967858,0.40799742167803105,-6.058445721141302,-1.35,-,6.222911318580171e-06,0.48212521543922415,8.628302900934596e-07,0.034051297823950485
0.2100000000000001,-0.010593798934804258,-1.8988567679795532,0.0026238079819474805,0.5048710934636375,0.010593798934804258,1.8988567679795532,-0.0026238079819474805,-0.5048710934636375,7.574022634366791,1.35,-,6.7840541979354706e-06,0.5001535005657329,8.972521317241162e-07,0.035325771929026334
0.2150000000000001,-0.008869426753545876,1.5899446362369154,0.002489433327228486,-0.4063794606571168,0.008869426753545876,-1.5899446362369154,-0.002489433327228486,0.4063794606571168,-6.026906294293728,-1.35,-,7.177387852618047e-06,0.5127931202972257,9.282385231776956e-07,0.03615149325924618
0.2200000000000001,-0.012096630457184836,-1.9031870726656506,0.0031270448769777316,0.5066722456904869,0.012096630457184836,1.9031870726656506,-0.0031270448769777316,-0.5066722456904869,7.608441751840369,1.35,-,7.909030194706507e-06,0.530903725465034,9.77130571490859e-07,0.03743507708201139
0.22500000000000012,-0.010389441705289637,1.5853533811802527,0.003002765572352491,-0.4043890416190901,0.010389441705289637,-1.5853533811802527,-0.003002765572352491,0.4043890416190901,-5.98950265074567,-1.35,-,8.448732689444565e-06,0.5434704521811322,1.0222135769033859e-06,0.03825272956691942
0.23000000000000012,-0.013634996478432537,-1.9080285684704226,0.003651433354581808,0.5088530550413798,0.013634996478432537,1.9080285684704226,-0.003651433354581808,-0.5088530550413798,7.648861354710879,1.35,-,9.378298334278904e-06,0.5616733172716287,1.0888784046181486e-06,0.03954738672504415
0.23500000000000013,-0.011947446565193552,1.580213593811635,0.0035391863854253927,-0.40201299102415367,0.011947446565193552,-1.580213593811635,-0.0035391863854253927,0.40201299102415367,-5.945980695567299,-1.35,-,1.009200573141968e-05,0.5741586922819641,1.151507605972051e-06,0.04035545894980508
0.24000000000000013,-0.015213767712591288,-1.9133503066286561,0.004200899541949137,0.5114358537080806,0.015213767712591288,1.9133503066286561,-0.004200899541949137,-0.5114358537080806,7.69567574190937,1.35,-,1.1249299371483107e-05,0.592463239261344,1.2397453907797934e-06,0.04166329211209564
0.24500000000000013,-0.01354875236375228,1.5744205579720736,0.004102679179158889,-0.3992408098618971,0.01354875236375228,-1.5744205579720736,-0.004102679179158889,0.3992408098618971,-5.896125499176182,-1.35,-,1.2167142824554523e-05,0.6048572397281695,1.3239052730153128e-06,0.042460258233391564
0.2500000000000001,-0.01683847762703003,-1.9193707688709334,0.0047795142001882,0.514421329700816,0.01683847762703003,1.9193707688709334,-0.0047795142001882,-0.514421329700816,7.748951704032562,1.35,-,1.3584814468534471e-05,0.6232771604701505,1.4381240529643155e-06,0.043783404755647334
0.2550000000000001,-0.01519881964729639,1.5679881103322089,0.00469744024952993,-0.396046730677316,0.01519881964729639,-1.5679881103322089,-0.00469744024952993,0.396046730677316,-5.839487546996038,-1.35,-,1.4739835061889687e-05,0.6355700940408663,1.5484537774538348e-06,0.04456766982004829
0.2600000000000001,-0.01851498016510094,-1.9260106179007592,0.005391561225289611,0.5178435072398946,0.01851498016510094,1.9260106179007592,-0.005391561225289611,-0.5178435072398946,7.809265215413144,1.35,-,1.6453857514460095e-05,0.6541176785421986,1.693798439684067e-06,0.04590847931000087
0.2650000000000001,-0.016902688040991626,1.5611243501567895,0.005327970930445512,-0.39238199222041326,0.016902688040991626,-1.5611243501567895,-0.005327970930445512,0.39238199222041326,-5.775263939868021,-1.35,-,1.7882361829515503e-05,0.6663032247254609,1.8357348108624292e-06,0.04667829744909517
0.27000000000000013,-0.020248169759419746,-1.9333685661166187,0.006041701960766798,0.5217223100696661,0.020248169759419746,1.9333685661166187,-0.006041701960766798,-0.5217223100696661,7.876982882343784,1.35,-,1.9932303722546907e-05,0.6849927947877,2.018245623776096e-06,0.048039268293217315
0.27500000000000013,-0.01866714577071884,1.5533462480151747,0.005998898609702591,-0.38826289992715585,0.01866714577071884,-1.5533462480151747,-0.005998898609702591,0.38826289992715585,-5.703639780632325,-1.35,-,2.167461537867324e-05,0.6970572176188141,2.1981795464235547e-06,0.04879300869051654
0.28000000000000014,-0.02204525679185893,-1.9414579018441254,0.006734686489867701,0.5260901389118428,0.02204525679185893,1.9414579018441254,-0.006734686489867701,-0.5260901389118428,7.9526614127171,1.35,-,2.410458211376825e-05,0.7159035115419791,2.4249595570075875e-06,0.05017686286181795
0.28500000000000014,-0.020498434441893768,1.544902780035369,0.006715245254038756,-0.38362870950514877,0.020498434441893768,-1.544902780035369,-0.006715245254038756,0.38362870950514877,-5.6236238455436185,-1.35,-,2.6205511186611335e-05,0.7278371345407841,2.650432151117038e-06,0.05091271779560088
0.29000000000000015,-0.02391265439450771,-1.950351928174917,0.007475705065234193,0.5309775330057385,0.02391265439450771,1.950351928174917,-0.007475705065234193,-0.5309775330057385,8.03683502632531,1.35,-,2.9064586387567184e-05,0.7468564977594623,2.9298629822288788e-06,0.052322403498385184
0.29500000000000015,-0.022403644366797967,1.5356230101295236,0.007482329902692967,-0.3784562223078854,0.022403644366797967,-1.5356230101295236,-0.007482329902692967,0.3784562223078854,-5.534792071649968,-1.35,-,3.157420279213698e-05,0.7586471879056585,3.2097892860925456e-06,0.05303854905940296
0.30000000000000016,-0.025857719869297476,-1.960116641107176,0.008270257533742114,0.5364202185187134,0.025857719869297476,1.960116641107176,-0.008270257533742114,-0.5364202185187134,8.130120499169918,1.35,-,3.4917311176332285e-05,0.777857474139385,3.551775084464637e-06,0.05447728231358128
0.30500000000000016,-0.02439039113985938,1.525443697080639,0.008305845811976817,-0.37270686852288665,0.02439039113985938,-1.525443697080639,-0.008305845811976817,0.37270686852288665,-5.43648208236763,-1.35,-,3.7891767076108944e-05,0.7894923665042003,3.8967104577263016e-06,0.055171834362801965
0.31000000000000016,-0.0278883633337113,-1.970824380060194,0.009124238684867789,0.5424580308282348,0.0278883633337113,1.970824380060194,-0.009124238684867789,-0.5424580308282348,8.23320202056199,1.35,-,4.1780571123274416e-05,0.8089131101893986,4.3129691156184915e-06,0.0566431379388522
0.31500000000000017,-0.026466891493915262,1.5142899282169833,0.009191900690471086,-0.36633828837136106,0.026466891493915262,-1.5142899282169833,-0.009191900690471086,0.36633828837136106,-5.327968692308766,-1.35,-,4.528305285002784e-05,0.8203784801228956,4.735424307135906e-06,0.057314156646486494
0.3200000000000002,-0.03001312613579572,-1.9825545195567187,0.01004397992000686,0.5491351870707997,0.03001312613579572,1.9825545195567187,-0.01004397992000686,-0.5491351870707997,8.346835889425533,1.35,-,4.978699155224377e-05,0.8400310922379695,5.239831970303412e-06,0.05882190391488291
0.3250000000000002,-0.028642342926110363,1.5020589056834752,0.010147030432680886,-0.3593055593235913,0.028642342926110363,-1.5020589056834752,-0.010147030432680886,0.3593055593235913,-5.208482448967032,-1.35,-,5.388891059372829e-05,0.8513119970186847,5.754643103312173e-06,0.059467406339687105
0.3300000000000002,-0.03224153865776428,-1.9953849573923017,0.011036266891903868,0.556501484444883,0.03224153865776428,1.9953849573923017,-0.011036266891903868,-0.556501484444883,8.471868909357646,1.35,-,5.908649466882884e-05,0.8712198026596221,6.363639037858841e-06,0.0610158758506339
0.3350000000000002,-0.03092738024557861,1.4882407336310817,0.011178207867246173,-0.3515984661773283,0.03092738024557861,-1.4882407336310817,-0.011178207867246173,0.3515984661773283,-5.077776155188434,-1.35,-,6.386900891310187e-05,0.882294105065816,6.988400693475663e-06,0.06163398325772515
0.3400000000000002,-0.03458633257646447,-2.0100515091173907,0.012108174844979516,0.5645464923609154,0.03458633257646447,2.0100515091173907,-0.012108174844979516,-0.5645464923609154,8.60823552460302,1.35,-,6.985008091855092e-05,0.9024956404123414,7.721440183858637e-06,0.06322754696791022
0.3450000000000002,-0.03333319139134442,1.473518447615313,0.012292989122345261,-0.34308245586372405,0.03333319139134442,-1.473518447615313,-0.012292989122345261,0.34308245586372405,-4.933704959824029,-1.35,-,7.540558916021091e-05,0.9133519234896547,8.477028091669131e-06,0.06381607482551764
0.3500000000000002,-0.03705587191081014,-2.025442190913135,0.013267885119005295,0.5734515792433992,0.03705587191081014,2.025442190913135,-0.013267885119005295,-0.5734515792433992,8.758800886741373,1.35,-,8.227127737556276e-05,0.9338640038333097,9.357211969324743e-06,0.06546030839420139
0.3550000000000002,-0.035869178686286335,1.4575211328835356,0.013499812212693276,-0.333720696642946,0.035869178686286335,-1.4575211328835356,-0.013499812212693276,0.333720696642946,-4.775597610943572,-1.35,-,8.870426727370645e-05,0.9444858430973202,1.0268436618214657e-05,0.06601715591104065
0.3600000000000002,-0.039661574337010896,-2.0422509242026288,0.014524011180644877,0.5832237100686822,0.039661574337010896,2.0422509242026288,-0.014524011180644877,-0.5832237100686822,8.923784337282376,1.35,-,9.656946966815765e-05,0.9653397872843527,1.1323171122092145e-05,0.06771790539097204
0.3650000000000002,-0.03854755355558473,1.4400542205653282,0.014807607068049311,-0.32345168661702506,0.03854755355558473,-1.4400542205653282,-0.014807607068049311,0.32345168661702506,-4.602402010965553,-1.35,-,0.00010399903909376103,0.9757085680751927,1.2419497257500866e-05,0.06824101035884904
0.3700000000000002,-0.04241620020776782,-2.060609342518338,0.01588584204762895,0.5939337516226214,0.04241620020776782,2.060609342518338,-0.01588584204762895,-0.5939337516226214,9.104385070195079,1.35,-,0.00011299470929408825,0.996939122387562,1.3681297145311947e-05,0.07000479686543165
0.3750000000000002,-0.0413816064766577,1.4209905238029377,0.016226043714234646,-0.31219939766474036,0.0413816064766577,-1.4209905238029377,-0.016226043714234646,0.31219939766474036,-4.412835763040594,-1.35,-,0.00012155689606703305,1.0070351927312506,1.4997719618393216e-05,0.07049213918494278
0.3800000000000002,-0.045333604764970364,-2.0806536179314263,0.017363444802882485,0.6056601008306521,0.045333604764970364,2.0806536179314263,-0.017363444802882485,-0.6056601008306521,9.301926767953791,1.35,-,0.00013183257467196577,1.0286807901203063,1.6505165695506952e-05,0.07232625997363376
0.38500000000000023,-0.04438577134750757,1.4001914459724636,0.01776560667910929,-0.299880486309095,0.04438577134750757,-1.4001914459724636,-0.01776560667910929,0.299880486309095,-4.205494796384236,-1.35,-,0.0001416830581625319,1.0384834705471786,1.8083249598891017e-05,0.07277590150397865
0.39000000000000024,-0.04842883928998512,-2.1025324327593657,0.018967738601380315,0.6184885426846214,0.04842883928998512,2.1025324327593657,-0.018967738601380315,-0.6184885426846214,9.517856417063237,1.35,-,0.00015340982053740795,1.0605866837012037,1.9882125137142483e-05,0.0746885418911394
0.39500000000000024,-0.04757573053121919,1.3775060640395245,0.019437672037551538,-0.28640367522817106,0.04757573053121919,-1.3775060640395245,-0.019437672037551538,0.28640367522817106,-3.9788429557997516,-1.35,-,0.00016472707121530387,1.070074298483532,2.177124060833955e-05,0.07509867721706041
0.40000000000000024,-0.05171826057145483,-2.126408061588017,0.020710574828728418,0.6325128541782237,0.05171826057145483,2.126408061588017,-0.020710574828728418,-0.6325128541782237,9.753754543449663,1.35,-,0.0001781009635979884,1.0926823547054647,2.3915880157021346e-05,0.07709903977056383
0.40500000000000025,-0.0509685285418929,1.3527701346288494,0.02125459088688588,-0.2716690769861202,0.0509685285418929,-1.3527701346288494,-0.02125459088688588,0.2716690769861202,-3.731200629937614,-1.35,-,0.00019108991810661715,1.1018322898911834,2.617466832586581e-05,0.07746806020751629
0.41000000000000025,-0.05521964943648716,-2.1524575337020218,0.02260482396272116,0.6478354620086465,0.05521964943648716,2.1524575337020218,-0.02260482396272116,-0.6478354620086465,10.011346352919016,1.35,-,0.00020633596652605985,1.1249976570631364,2.8729558657793876e-05,0.07956651413669608
0.41500000000000026,-0.05458269509262478,1.3258050326706738,0.0232297798252776,-0.2555674547450509,0.05458269509262478,-1.3258050326706738,-0.0232297798252776,0.2555674547450509,-3.4607323309468905,-1.35,-,0.00022123231954393208,1.1337864519864107,3.142767201144825e-05,0.0798930877563204
0.42000000000000026,-0.05895233900633186,-2.1808738938143977,0.024664469736386568,0.664568155031068,0.05895233900633186,2.1808738938143977,-0.024664469736386568,-0.664568155031068,10.292513800075278,1.35,-,0.00023860921091551948,1.1575675066900166,3.446935234833389e-05,0.08210134191972739
0.42500000000000027,-0.05843837065149419,1.2964160838794085,0.02537781977939487,-0.23797946815278348,0.05843837065149419,-1.2964160838794085,-0.02537781977939487,0.23797946815278348,-3.1654339387493007,-1.35,-,0.0002556844267375266,1.1659709800027227,3.7689521032111124e-05,0.08238451305603879
0.43000000000000027,-0.06293734155350497,-2.211868165879978,0.026904712412840606,0.6828327973638222,0.06293734155350497,2.211868165879978,-0.026904712412840606,-0.6828327973638222,10.599307789670203,1.35,-,0.0002754899715466393,1.190432783918889,4.130883878219942e-05,0.08471581620181731
0.4350000000000003,-0.06255745651628626,1.2643926597687323,0.027714561798875725,-0.21877466699138307,0.06255745651628626,-1.2643926597687323,-0.027714561798875725,0.21877466699138307,-2.8431160229528865,-1.35,-,0.00029505714837557457,1.1984262279092743,4.514932346071794e-05,0.08495512797640327
0.4400000000000003,-0.06719751540320254,-2.245669433468837,0.029342077796774967,0.7027623011715429,0.06719751540320254,2.245669433468837,-0.029342077796774967,-0.7027623011715429,10.933964395239265,1.35,-,0.0003176346787573928,1.2236413839313556,4.9454111107877914e-05,0.08742450223614288
0.4450000000000003,-0.0669637753744233,1.2295060804537379,0.030257241857334242,-0.1978106157090009,0.0669637753744233,-1.2295060804537379,-0.030257241857334242,0.1978106157090009,-2.491389037180902,-1.35,-,0.0003400554148193739,1.231199809940719,5.4031614531944014e-05,0.08762014743457876
0.4500000000000003,-0.07175772496042743,-2.2825273097915124,0.031994537436754025,0.7245014352064862,0.07175772496042743,2.2825273097915124,-0.031994537436754025,-0.7245014352064862,11.298918734454357,1.35,-,0.0003658012702768557,1.2572494645404395,5.914986666090329e-05,0.09024465908266005
0.4550000000000003,-0.07168323590418572,1.1915082271223985,0.0330246061793049,-0.17493186062467045,0.07168323590418572,-1.1915082271223985,-0.0330246061793049,0.17493186062467045,-2.1076459815742026,-1.35,-,0.00039149370182533144,1.2643479238169413,6.460298972739421e-05,0.0903976648619681
0.4600000000000003,-0.07664501166432379,-2.322713708623943,0.034881639053183644,0.7482077818687908,0.07664501166432379,2.322713708623943,-0.034881639053183644,-0.7482077818687908,11.696821239190564,1.35,-,0.0004208659908904531,1.2913229186780892,7.068663344257715e-05,0.09319673928621318
0.4650000000000003,-0.0767440118910597,1.1501303478467182,0.036037046873694294,-0.14996878499684776,0.0767440118910597,-1.1501303478467182,-0.036037046873694294,0.14996878499684776,-1.68904322536601,-1.35,-,0.0004503142076961287,1.2979369177632794,7.717997717946136e-05,0.09330919246858033
0.4700000000000003,-0.08188878184036127,-2.366524459639919,0.038024647448972416,0.7740527899551328,0.08188878184036127,2.366524459639919,-0.038024647448972416,-0.7740527899551328,12.130555520595166,1.35,-,0.0004838430706526201,1.3259391078536493,8.440934624755459e-05,0.09630498107676695
0.4750000000000003,-0.08217673616199142,1.1050816783765318,0.03931674869106979,-0.12273638542638327,0.08217673616199142,-1.1050816783765318,-0.03931674869106979,0.12273638542638327,-1.2324799869086513,-1.2324799869086513,-,0.0005176081504838078,1.3320451354330667,9.213837988573828e-05,0.09638030217830462
0.4800000000000003,-0.08600126350133028,-1.8498360751827359,0.04126930500534928,0.7488522778360643,0.08600126350133028,1.8498360751827359,-0.04126930500534928,-0.7488522778360643,11.811386970577495,1.35,-,0.000554589237102934,1.3491546029583041,0.00010065415756386102,0.09918420084840593
0.4850000000000003,-0.08539837224216333,1.2761393332356694,0.042271296885538726,-0.18087252918962501,0.08539837224216333,-1.2761393332356694,-0.042271296885538726,0.18087252918962501,-2.0569116327862678,-1.35,-,0.0005910536470109895,1.35729726094746,0.00010958847026578781,0.09934777520748318
0.4900000000000003,-0.08985004530965823,-2.2411000431964383,0.044117393164785634,0.7453202665241102,0.08985004530965823,2.2411000431964383,-0.044117393164785634,-0.7453202665241102,11.793148892657122,1.35,-,0.0006314188002217278,1.3824099079655354,0.00011932019216406919,0.10212528670594104
0.49500000000000033,-0.08945775740147603,1.2274460596254082,0.04527976589968684,-0.14887668584735703,0.08945775740147603,-1.2274460596254082,-0.04527976589968684,0.14887668584735703,-1.5329831883186038,-1.35,-,0.0006714322520182345,1.389943027111985,0.0001295714781637214,0.1022361080438855
0.5000000000000003,-0.0941317702222795,-2.2928653068625833,0.047291191440607006,0.7780940782564995,0.0941317702222795,2.2928653068625833,-0.047291191440607006,-0.7780940782564995,12.331156468510454,1.35,-,0.0007157362028441347,1.4162291836890553,0.00014075376210308214,0.10526326001697466
0.5050000000000003,-0.09396749790834512,1.1744951734376607,0.04862513517044974,-0.11464854770593634,0.09396749790834512,-1.1744951734376607,-0.04862513517044974,0.11464854770593634,-0.9706199844798797,-0.9706199844798797,-,0.000759885656159909,1.4231263782511971,0.00015257578095480469,0.10532898146443005
0.5100000000000003,-0.09502301132853247,-0.9435140423846385,0.050137106809836934,0.5995156561394265,0.09502301132853247,0.9435140423846385,-0.050137106809836934,-0.5995156561394265,9.722120242938118,1.35,-,0.0008050325195696211,1.4275774719920822,0.00016514442835110967,0.10712607657421148
0.5150000000000003,-0.09119507006060946,1.9022652291266118,0.0502750232827162,-0.35392438243556507,0.09119507006060946,-1.9022652291266118,-0.0502750232827162,0.35392438243556507,-4.520342885512625,-1.35,-,0.0008466152235864185,1.4456705370018028,0.00017778231818149797,0.10775238891662346
0.5200000000000004,-0.09278831646361285,-1.6838335062943859,0.05123696011806549,0.5681039316707217,0.09278831646361285,1.6838335062943859,-0.05123696011806549,-0.5681039316707217,9.252725174047377,1.35,-,0.0008896635819471764,1.459847013386401,0.00019090844859219914,0.10936609930252213
0.5250000000000004,-0.08955041672724717,1.781617926710572,0.051529184969662474,-0.32308734938495676,0.08955041672724717,-1.781617926710572,-0.051529184969662474,0.32308734938495676,-4.041322124364292,-1.35,-,0.0009297599676272945,1.4757178255702834,0.0002041847331103876,0.10988802647918511
0.5300000000000004,-0.09137532717717113,-1.7334422790047335,0.052683641230831815,0.6064677202806628,0.09137532717717113,1.7334422790047335,-0.052683641230831815,-0.6064677202806628,9.848946564005237,1.35,-,0.0009715072197109699,1.490741936243489,0.00021806256337708263,0.11172704195789723
0.5350000000000004,-0.08837328218287105,1.7308416037328302,0.053171083256147424,-0.2840885283790455,0.08837328218287105,-1.7308416037328302,-0.053171083256147424,0.2840885283790455,-3.4326797760561294,-1.35,-,0.0010105564047298368,1.5057209995295513,0.00023219838385024345,0.1121305734176801
0.5400000000000004,-0.09044076950643129,-1.7861823385784623,0.05452339757714519,0.6458561153341829,0.09044076950643129,1.7861823385784623,-0.05452339757714519,-0.6458561153341829,10.466351416118094,1.35,-,0.001051454068674414,1.5216732362627994,0.0002470623882670207,0.11421622402625291
0.5450000000000004,-0.08768564810593672,1.6769684449733893,0.055212224693677134,-0.24386219168801046,0.08768564810593672,-1.6769684449733893,-0.055212224693677134,0.24386219168801046,-2.79971756193977,-1.35,-,0.001089897933093205,1.5357343520899818,0.0002623043370451462,0.1145135678689273
0.5500000000000004,-0.09000830789677794,-1.8423141685082463,0.05676921244940303,0.6865730142418516,0.09000830789677794,1.8423141685082463,-0.05676921244940303,-0.6865730142418516,11.109686784682783,1.35,-,0.001130405410545411,1.552704959567413,0.00027841805445577344,0.11687048038835302
0.5550000000000004,-0.08751296134083351,1.6196565904269384,0.05766708993947446,-0.20210333910194425,0.08751296134083351,-1.6196565904269384,-0.05766708993947446,0.20210333910194425,-2.137651124082141,-1.35,-,0.001168698002558622,1.56582139692198,0.00029504552076621066,0.1170747091867338
0.5600000000000004,-0.09010511796446007,-1.9024071058444454,0.05943709264377546,0.7289007585232299,0.09010511796446007,1.9024071058444454,-0.05943709264377546,-0.7289007585232299,11.783415420669613,1.35,-,0.0012092926639755684,1.5839171609038174,0.0003127093606759344,0.11973119076561249
0.5650000000000004,-0.08788444971280943,1.5584304697033247,0.060553214008344035,-0.15850731009309402,0.08788444971280943,-1.5584304697033247,-0.060553214008344035,0.15850731009309402,-1.4416582098656956,-1.35,-,0.001247911046482185,1.596060688548316,0.000331042819309636,0.11985681360237724
0.5700000000000004,-0.09076248174769418,-1.96685628098663,0.06254613028097096,0.7731530510646771,0.09076248174769418,1.96685628098663,-0.06254613028097096,-0.7731530510646771,12.492520095295081,1.35,-,0.0012891001869471876,1.6154033066985987,0.000350602911375257,0.12284564180423034
0.5750000000000004,-0.0888330072596853,1.492946883126753,0.0638913331056598,-0.11274103539000971,0.0888330072596853,-1.492946883126753,-0.0638913331056598,0.11274103539000971,-0.7064399168931009,-0.7064399168931009,-,0.0013285567028411842,1.6265477586777881,0.0003710134236053489,0.1229091945095344
0.5800000000000004,-0.08652314186431255,-0.07540371467679391,0.06486777650239116,0.415566832323389,0.08652314186431255,0.07540371467679391,-0.06486777650239116,-0.415566832323389,7.2015501324185935,1.35,-,0.001365987973231544,1.6265761872787234,0.00039205256574716975,0.12377267347017087
0.5850000000000004,-0.07861305232211788,2.687810081357939,0.06408244500540664,-0.5387631014489613,0.07861305232211788,-2.687810081357939,-0.06408244500540664,0.5387631014489613,-7.069598167119047,-1.35,-,0.0013968880332085442,1.6626978024459702,0.0004125853645365246,0.1252240018675854
0.5900000000000004,-0.07605771663213433,-0.8824965547610075,0.06415579135149031,0.3893367496945994,0.07605771663213433,0.8824965547610075,-0.06415579135149031,-0.3893367496945994,6.78169587593084,1.35,-,0.0014258119145050144,1.6665918032917955,0.00043316519235620443,0.12598191739089917
0.5950000000000004,-0.06868818838457236,2.5804955693161395,0.06358551142114116,-0.4957914799669281,0.06868818838457236,-2.5804955693161395,-0.06358551142114116,0.4957914799669281,-6.434227144335864,-1.35,-,0.0014494022506227869,1.6998865902080966,0.0004533807786696448,0.12721096334893817
0.6000000000000004,-0.06639849935974008,-0.934953412891924,0.06390022796367713,0.43763138612399166,0.06639849935974008,0.934953412891924,-0.06390022796367713,-0.43763138612399166,7.501619203082804,1.35,-,0.001471446054208914,1.704257279629488,0.0004737969743386943,0.1281685694995422
0.6050000000000004,-0.05929593662685516,2.5271770824187882,0.06357066041463574,-0.44766360100936303,0.05929593662685516,-2.5271770824187882,-0.06357066041463574,0.44766360100936303,-5.713222404737608,-1.35,-,0.001489026094711194,1.7361903996590016,0.0004940031186664591,0.12917058299788556
0.6100000000000004,-0.05727663067734397,-0.9895118148505035,0.06412569837613448,0.48566323057702093,0.05727663067734397,0.9895118148505035,-0.06412569837613448,-0.48566323057702093,8.224752632773226,1.35,-,0.0015054291568199383,1.7410860678176452,0.0005145636446275939,0.1303499268655581
0.6150000000000004,-0.05044812747208556,2.471608249996912,0.06403659685230416,-0.3995692738687876,0.05044812747208556,-2.471608249996912,-0.06403659685230416,0.3995692738687876,-4.985575915346196,-1.35,-,0.0015181542246471373,1.771630304524909,0.0005350670733097166,0.13114820488865825
0.6200000000000004,-0.04870577586688016,-1.0465115342440627,0.06483271858768914,0.5337972223490624,0.04870577586688016,1.0465115342440627,-0.06483271858768914,-0.5337972223490624,8.956570652331719,1.35,-,0.0015300154876611112,1.7771062364814385,0.000556083480307069,0.13257290226159613
0.6250000000000004,-0.04215899095053058,2.412802493858382,0.06498575827598002,-0.3512047799231654,0.04215899095053058,-2.412802493858382,-0.06498575827598002,0.3512047799231654,-4.246715634468634,-1.35,-,0.0015389023902509457,1.8062143158532846,0.0005771992242005895,0.1331896262488005
0.6300000000000004,-0.040702483856788874,-1.1063722666992084,0.06602550321743884,0.5823934009503994,0.040702483856788874,1.1063722666992084,-0.06602550321743884,-0.5823934009503994,9.702528017829318,1.35,-,0.0015471858512115064,1.8123346138158904,0.0005989960595761697,0.13488553661615338
0.6350000000000005,-0.034442480852793333,2.35243916568998,0.06642465800332124,-0.30200051514183546,0.034442480852793333,-2.35243916568998,-0.06642465800332124,0.30200051514183546,-3.4879667729980253,-1.35,-,0.0015531172736479816,1.8400044639572513,0.0006210572355304606,0.13534155817188304
0.6400000000000005,-0.03328252622529927,-1.1695246805264143,0.06771239886812234,0.6318114249584913,0.03328252622529927,1.1695246805264143,-0.06771239886812234,-0.6318114249584913,10.468135562739667,1.35,-,0.0015586559064076702,1.8468434038490533,0.0006439820803328391,0.13733748655542344
0.6450000000000005,-0.0273236133362961,2.2880054952360322,0.06836274527703946,-0.2517946702927241,0.0273236133362961,-2.2880054952360322,-0.06836274527703946,0.2517946702927241,-2.706811709864001,-1.35,-,0.0015623888056364272,1.8730182495802048,0.0006673494050419061,0.13765448933536253
0.6500000000000005,-0.026473219611972923,-1.2364223133127,0.06990468147014013,0.6824174065117051,0.026473219611972923,1.2364223133127,-0.06990468147014013,-0.6824174065117051,11.259043944676947,1.35,-,0.001565892962419546,1.8806619502644923,0.0006917827274991148,0.13998295691891335
0.6550000000000005,-0.020830636921863308,2.219135522989444,0.07081329833053446,-0.2001992594952104,0.020830636921863308,-2.219135522989444,-0.07081329833053446,0.2001992594952104,-1.897239932487225,-1.35,-,0.0015680625395923984,1.9052847626114606,0.0007168553436013612,0.1401833556364255
0.6600000000000005,-0.02031311979760249,-1.3097276479488786,0.07261669499174646,0.7343604683640862,0.02031311979760249,1.3097276479488786,-0.07261669499174646,-0.7343604683640862,12.077650372586607,1.35,-,0.001570125653771957,1.9138616951704692,0.0007432212655589829,0.14287978212390512
0.6650000000000005,-0.015002182421275392,2.146240268149096,0.07379275781202328,-0.14674970472443288,0.015002182421275392,-2.146240268149096,-0.07379275781202328,0.14674970472443288,-1.0520294856200132,-1.0520294856200132,-,0.0015712509811589633,1.9368934316135928,0.0007704481210865026,0.14298745950308867
0.6700000000000005,-0.011159192454657227,-0.027445790521764213,0.07540150150339685,0.6462636922546658,0.011159192454657227,0.027445790521764213,-0.07540150150339685,-0.6462636922546658,10.823982622862319,1.35,-,0.0015718736190401636,1.9368971979706797,0.0007988750532313363,0.14507574330272183
0.6750000000000005,-0.0031810541617386945,2.6743877127458093,0.07576971995876208,-0.30834975129565123,0.0031810541617386945,-2.6743877127458093,-0.07576971995876208,0.30834975129565123,-3.4353399579648904,-1.35,-,0.0015719242145680631,1.9726589461611086,0.0008275803055444825,0.14555114114834228
0.6800000000000005,-0.0005572169186369019,-0.8973039312636513,0.07701996693394993,0.6234324658953596,0.0005572169186369019,0.8973039312636513,-0.07701996693394993,-0.6234324658953596,10.488818125137625,1.35,-,0.001571925767021535,1.9766847178864146,0.0008572406820770162,0.14749448134600412
0.6850000000000005,0.006845563997966306,2.5553512215556284,0.07765098134592348,-0.25580080501230673,-0.006845563997966306,-2.5553512215556284,-0.07765098134592348,0.25580080501230673,-2.6208665080047173,-1.35,-,0.0015721600757537865,2.009333817213944,0.000887389056596941,0.14782165160522884
0.6900000000000005,0.00893542640320552,-1.0090930742438533,0.07917182491868362,0.6772998491623373,-0.00893542640320552,1.0090930742438533,-0.07917182491868362,-0.6772998491623373,11.327250666786565,1.35,-,0.001572559284978822,2.0144251613763786,0.0009187299459017146,0.15011532703360547
0.6950000000000005,0.01598578902449939,2.4795920623165735,0.08009609881911543,-0.1971666104424188,-0.01598578902449939,-2.4795920623165735,-0.08009609881911543,0.1971666104424188,-1.7058264015422393,-1.35,-,0.001573837012232501,2.0451670453538955,0.0009508068711319221,0.15030970039497224
0.7000000000000005,0.017655178694127624,-1.099529630830451,0.08190825079474305,0.7352413255072677,-0.017655178694127624,1.099529630830451,-0.08190825079474305,-0.7352413255072677,12.235959259061318,1.35,-,0.001575395538906109,2.051211872399266,0.0009843516788731947,0.15301259942864065
0.7050000000000005,0.02433749973189528,2.3994455229533727,0.08313494098113394,-0.13669368079820668,-0.02433749973189528,-2.3994455229533727,-0.08313494098113394,0.13669368079820668,-0.7544186868077476,-0.7544186868077476,-,0.001578357108372109,2.079998566487371,0.0010189087709328779,0.15310602524049147
0.7100000000000005,0.03128757971795599,0.8145273841522995,0.08415647914220804,0.44132602319467107,-0.03128757971795599,-0.8145273841522995,-0.08415647914220804,-0.44132602319467107,7.899779585924951,1.35,-,0.0015832516715951464,2.083315840785041,0.0010543203358409424,0.15407986853423558
0.7150000000000005,0.043320775409163854,3.46802435347138,0.08349858040889763,-0.5135314515428303,-0.043320775409163854,-3.46802435347138,-0.08349858040889763,0.5135314515428303,-6.379399748923196,-1.35,-,0.0015926351195054025,2.143451805366394,0.0010891804004924482,0.15539844129285402
0.7200000000000005,0.049880037222380796,-0.12410424294741479,0.0837263445885241,0.41842531131464283,-0.049880037222380796,0.12410424294741479,-0.0837263445885241,-0.41842531131464283,7.531787955177451,1.35,-,0.001605075210071933,2.1435288146819818,0.0011242309043832295,0.15627383999859779
0.7250000000000005,0.061381583547607386,3.3618018892738055,0.08336553103474663,-0.45415536492078545,-0.061381583547607386,-3.3618018892738055,-0.08336553103474663,0.45415536492078545,-5.492156207163202,-1.35,-,0.0016239137040659926,2.2000373743956065,0.001158979963206756,0.15730512547602946
0.7300000000000005,0.06741292704515403,-0.23015360058546275,0.0838904638635688,0.4778150359152402,-0.06741292704515403,0.23015360058546275,-0.0838904638635688,-0.4778150359152402,8.423675941752233,1.35,-,0.001646636217729969,2.2003022277949187,0.0011941680128429797,0.15844666151876285
0.7350000000000005,0.07855868010985508,3.2896279251170744,0.08384425686200651,-0.3912552097640963,-0.07855868010985508,-3.2896279251170744,-0.08384425686200651,0.3912552097640963,-4.542229387824611,-1.35,-,0.0016774935488329816,2.254410487223469,0.0012293173098866905,0.1592120647146006
0.7400000000000005,0.08422162244344876,-0.3057191256630515,0.08468345455911938,0.5405558530211755,-0.08422162244344876,0.3057191256630515,-0.08468345455911938,-0.5405558530211755,9.375844096088901,1.35,-,0.0017129599572680157,2.25487780814245,0.0012651737472670226,0.16067306786577784
0.7450000000000006,0.09500351174335839,3.21444885783978,0.08495369661299335,-0.327985410970213,-0.09500351174335839,-3.21444885783978,-0.08495369661299335,0.327985410970213,-3.5773865977317643,-1.35,-,0.0017580882934858679,2.306541215440787,0.0013012594001080853,0.16121094001482433
0.7500000000000006,0.10027213746822625,-0.3879278076261472,0.08610847529223654,0.6034878833248275,-0.10027213746822625,0.3879278076261472,-0.08610847529223654,-0.6034878833248275,10.340197708602167,1.35,-,0.0018083608012481023,2.3072936553604353,0.001338332747693854,0.16303192814142373
0.7550000000000006,0.11067898419965973,3.135686778790037,0.08669929826773708,-0.26388197425570986,-0.11067898419965973,-3.135686778790037,-0.08669929826773708,0.26388197425570986,-2.5905992448758046,-1.35,-,0.001869609988965445,2.3564563132338283,0.0013759165892944442,0.16338009662310918
0.7600000000000006,0.11552430455455179,-0.47739646440647066,0.0881732708581479,0.6670696869103098,-0.11552430455455179,0.47739646440647066,-0.0881732708581479,-0.6670696869103098,11.323717409420919,1.35,-,0.0019363393136795093,2.357595850154967,0.001414789217763566,0.16560500645908227
0.7650000000000006,0.1255424452112085,3.052831687948093,0.08909117811369102,-0.19846789226465808,-0.1255424452112085,-3.052831687948093,-0.08909117811369102,0.19846789226465808,-1.5745723806970955,-1.35,-,0.0020151438414275557,2.4041947567296673,0.001454475407851993,0.16580195398038214
0.7700000000000006,0.12993275410935218,-0.5746945389532345,0.09089032045487626,0.7317703767665362,-0.12993275410935218,0.5746945389532345,-0.09089032045487626,-0.7317703767665362,12.333613877706497,1.35,-,0.002099556444379763,2.405846125795181,0.0014957806596139435,0.16847939340194734
0.7750000000000006,0.13954593374885907,2.965328606239537,0.09214421359769659,-0.13126113620675242,-0.13954593374885907,-2.965328606239537,-0.09214421359769659,0.13126113620675242,-0.5218654296610925,-0.5218654296610925,-,0.002196921782508968,2.4498119945100933,0.0015382334401116333,0.1685655408313388
0.7800000000000006,0.15079408839343894,1.8460649813105239,0.09270052030068271,0.28023427028062575,-0.15079408839343894,-1.8460649813105239,-0.09270052030068271,-0.28023427028062575,5.636974921881575,1.35,-,0.0023106160679810094,2.4668517740861984,0.0015812003724317198,0.16895819706253737
0.7850000000000006,0.1678393879362535,4.453363652419923,0.09123670794606728,-0.6746202055976985,-0.1678393879362535,-4.453363652419923,-0.09123670794606728,0.6746202055976985,-8.654971616208622,-1.35,-,0.0024514663686950903,2.566014013189673,0.0016228210568158998,0.17123375917154077
0.7900000000000006,0.17919411808140834,0.819703973835934,0.09065246219883095,0.2553528951048742,-0.17919411808140834,-0.819703973835934,-0.09065246219883095,-0.2553528951048742,5.213642203755552,1.35,-,0.002612019028469959,2.569373586213285,0.0016639104013294523,0.17155978467673297
0.7950000000000006,0.19574285562990143,4.357824363992253,0.0895194141048008,-0.6085055894703377,-0.19574285562990143,-4.357824363992253,-0.0895194141048008,0.6085055894703377,-7.689806428978012,-1.35,-,0.0028035953561207014,2.664326752150308,0.0017039790288377863,0.1734111799388162
0.8000000000000006,0.20665185486470308,0.7338473662349583,0.08926756833321578,0.32198532687898535,-0.20665185486470308,-0.7338473662349583,-0.08926756833321578,-0.32198532687898535,6.191736449702304,1.35,-,0.0030171203017158132,2.6670194119349575,0.001743822522618413,0.17392955269244303
0.8050000000000006,0.22283545759600942,4.286842131705826,0.08847197276183731,-0.5410718207849101,-0.22283545759600942,-4.286842131705826,-0.08847197276183731,0.5410718207849101,-6.694347459408135,-1.35,-,0.003265398507525928,2.7589044892457983,0.0017829589724402694,0.17539334626868053
0.8100000000000006,0.23340799836549964,0.6681384797136343,0.08855832777726884,0.3896829666396404,-0.23340799836549964,-0.6681384797136343,-0.08855832777726884,-0.3896829666396404,7.196318505782532,1.35,-,0.0035377949760308737,2.7611365343861687,0.0018221718595338005,0.1761526103411259
0.8150000000000006,0.249223865114318,4.214021661141622,0.08809635375922252,-0.47438561648134037,-0.249223865114318,-4.214021661141622,-0.08809635375922252,0.47438561648134037,-5.7000895530043625,-1.35,-,0.0038483576507434727,2.849926427189023,0.0018609766972621509,0.1772778189067478
0.8200000000000006,0.25943959872504446,0.5967988739919146,0.08851663962840295,0.4564478422999195,-0.25943959872504446,-0.5967988739919146,-0.08851663962840295,-0.4564478422999195,8.196780790353676,1.35,-,0.004184902177676533,2.851707271669013,0.0019001526747176737,0.17831954207044906
0.8250000000000006,0.27488235641942305,4.138758517013151,0.088386928840363,-0.40795888672098346,-0.27488235641942305,-4.138758517013151,-0.088386928840363,0.40795888672098346,-4.699808903612268,-1.35,-,0.004562703727030007,2.9373538819797576,0.0019392139206668307,0.17915169433672218
0.8300000000000006,0.2847176124942354,0.5191940091850547,0.08913928151121413,0.522763925297163,-0.2847176124942354,-0.5191940091850547,-0.08913928151121413,-0.522763925297163,9.200320686809127,1.35,-,0.004968024321352095,2.938701694075626,0.001978942978208508,0.18051810494468268
0.8350000000000006,0.299779300133695,4.060475766103958,0.08934294904325389,-0.341302408307988,-0.299779300133695,-4.060475766103958,-0.08934294904325389,0.341302408307988,-3.686191201643585,-1.35,-,0.0054173624652953355,3.0211390113112135,0.0020188537909272353,0.18110054161426684
0.8400000000000006,0.30920741751482106,0.43472980866893385,0.09042793614438857,0.5891174572165464,-0.30920741751482106,-0.43472980866893385,-0.09042793614438857,-0.5891174572165464,10.214243793287997,1.35,-,0.00589540860052626,3.0220839613439403,0.0020597398491039036,0.1828358385062533
0.8450000000000006,0.32387733573928035,3.978637165506241,0.09096855729653357,-0.2739213470535291,-0.32387733573928035,-3.978637165506241,-0.09096855729653357,0.2739213470535291,-2.6517640096152375,-1.35,-,0.006419891243554133,3.101231729817678,0.002101116241186967,0.18321100302811139
0.8500000000000006,0.33286888125469083,0.34284416404600276,0.09238920696228022,0.6559990550046425,-0.33286888125469083,-0.34284416404600276,-0.09238920696228022,-0.6559990550046425,11.245995568034948,1.35,-,0.006973899704092881,3.1018194404217803,0.0021437950690025623,0.1853626768289463
0.8550000000000006,0.3471335894603488,3.892690126812563,0.09327283377640938,-0.20531711493446722,-0.3471335894603488,-3.892690126812563,-0.09327283377640938,0.20531711493446722,-1.5889250712562026,-1.35,-,0.007576408348751011,3.1775846225387006,0.002187294176605971,0.18557345241737136
0.8600000000000007,0.35565620579067575,0.24292742434846437,0.0950346447472294,0.7238993614292922,-0.35565620579067575,-0.24292742434846437,-0.0950346447472294,-0.7238993614292922,12.30309488936642,1.35,-,0.008208865032338109,3.1778796912062033,0.0022324520951171314,0.18819360384476005
0.8650000000000007,0.36949956618110624,3.8020599082787747,0.09626984305297781,-0.1349845638805699,-0.36949956618110624,-3.8020599082787747,-0.09626984305297781,0.1349845638805699,-0.4898996316010614,-0.4898996316010614,-,0.008891514679378237,3.250157988936907,0.0022787915085243564,0.1882847080071902
0.8700000000000007,0.38518789712016077,2.7573446855496484,0.09674844172933769,0.2557223541507631,-0.38518789712016077,-2.7573446855496484,-0.09674844172933769,-0.2557223541507631,5.357616347797312,1.35,-,0.009633363259817496,3.2881727375115517,0.0023255928134096318,0.18861167761925224
0.8750000000000007,0.4067219679692916,5.342409101593936,0.09516220606411385,-0.6990691090414628,-0.4067219679692916,-5.342409101593936,-0.09516220606411385,0.6990691090414628,-8.935486483909584,-1.35,-,0.010460477055961565,3.4308794125555204,0.002370872040724576,0.19105516571533238
0.8800000000000007,0.4224573083151989,1.687607096149763,0.09445257929870363,0.2298979679868465,-0.4224573083151989,-1.687607096149763,-0.09445257929870363,-0.2298979679868465,4.915908643538855,1.35,-,0.01135282794270618,3.4451195011103954,0.002415478489405466,0.1913194310937548
0.8850000000000007,0.44350169768502296,5.248820643504326,0.09321371140345869,-0.6296357486524538,-0.44350169768502296,-5.248820643504326,-0.09321371140345869,0.6296357486524538,-7.923614077957439,-1.35,-,0.012336296721953669,3.5828700918487812,0.0024589224693735024,0.19330163697366048
0.8900000000000007,0.45880584643464756,1.605118368519347,0.09285340067685714,0.29993731447825794,-0.45880584643464756,-1.605118368519347,-0.09285340067685714,-0.29993731447825794,5.942315328554499,1.35,-,0.013388810745566736,3.595752116733572,0.002502031239459787,0.19375144893674262
0.8950000000000007,0.4794719481719618,5.175576101766604,0.09196570502316995,-0.5594698679862488,-0.4794719481719618,-5.175576101766604,-0.09196570502316995,0.5594698679862488,-6.889872044483972,-1.35,-,0.014538277490985818,3.72968505665946,0.002544319693961831,0.19531648160266538
0.9000000000000007,0.4944316698657248,1.5382587612812648,0.0919574369397884,0.3704273031483629,-0.4944316698657248,-1.5382587612812648,-0.0919574369397884,-0.3704273031483629,6.986313543342526,1.35,-,0.015760590871816867,3.741516256742753,0.002586600545004507,0.19600256353725423
0.9050000000000007,0.5147173868304147,5.100530944483959,0.09141634930742365,-0.4901966305515232,-0.5147173868304147,-5.100530944483959,-0.09141634930742365,0.4901966305515232,-5.859104904298597,-1.35,-,0.01708526081334452,3.871593336320945,0.0026283852896079912,0.19720402722027455
0.9100000000000007,0.5293119192088502,1.4656190883969948,0.09175507895197348,0.4398244113571433,-0.5293119192088502,-1.4656190883969948,-0.09175507895197348,-0.4398244113571433,8.024177213173044,1.35,-,0.018486116352427306,3.8823335328823134,0.0026704802621754058,0.19817125478440284
0.9150000000000007,0.5492124546260206,5.023156277466331,0.09155861616962623,-0.4213012854242151,-0.5492124546260206,-5.023156277466331,-0.09155861616962623,0.4213012854242151,-4.8237084150844645,-1.35,-,0.019994287954009003,4.008494027821561,0.0027123951631498906,0.19905872864990332
0.9200000000000007,0.5634185889028275,1.3867440701674694,0.09224189199944458,0.5086506141219708,-0.5634185889028275,-1.3867440701674694,-0.09224189199944458,-0.5086506141219708,9.063659216780692,1.35,-,0.021581490485615272,4.018109323402284,0.002754937996348077,0.20035235588613662
0.9250000000000007,0.5829263213263234,4.94279695379239,0.09239061979552227,-0.35228270062444456,-0.5829263213263234,-4.94279695379239,-0.09239061979552227,0.35228270062444456,-3.776208220504934,-1.35,-,0.023280505966090475,4.140265532034381,0.0027976181294790806,0.20097287139193287
0.9300000000000007,0.5967171161953089,1.3008897613601353,0.0934184434895008,0.5773962890646147,-0.5967171161953089,-1.3008897613601353,-0.0934184434895008,-0.5773962890646147,10.112107468186748,1.35,-,0.025060862549892704,4.148727102890439,0.002841253157399086,0.20263980376506083
0.9350000000000007,0.6158216630489282,4.858897341823379,0.09391547900010913,-0.28262948463102194,-0.6158216630489282,-4.858897341823379,-0.09391547900010913,0.28262948463102194,-2.7088992711052677,-1.35,-,0.026957044153294443,4.266771519782331,0.002885353743378186,0.2030392008929748
0.9400000000000007,0.6291673577637381,1.207502702953546,0.09529040066357741,0.6465715615332976,-0.6291673577637381,-1.207502702953546,-0.09529040066357741,-0.6465715615332976,11.177246181322745,1.35,-,0.02893630197367146,4.274061833670532,0.0029307550456713115,0.20512947481389285
0.9450000000000007,0.6478555055104124,4.770892545736245,0.0961414192272304,-0.21182648931502768,-0.6478555055104124,-4.770892545736245,-0.0961414192272304,0.21182648931502768,-1.6139439801818174,-1.35,-,0.031034885753772223,4.387868912085341,0.002976970908126442,0.2053538271217705
0.9500000000000007,0.6607233631868772,1.1059500757231022,0.0978685429037929,0.7166822694763432,-0.6607233631868772,-1.1059500757231022,-0.0978685429037929,-0.7166822694763432,12.266810121743976,1.35,-,0.033217662567077116,4.393984539935301,0.0030248621665769997,0.20792199449867932
0.9550000000000007,0.6789791172032709,4.678196089130594,0.09908181222575077,-0.1393525358576842,-0.6789791172032709,-4.678196089130594,-0.09908181222575077,0.1393525358576842,-0.4833377680082589,-0.4833377680082589,-,0.035522725775067786,4.503412133177084,0.0030739481941466943,0.20801909014492914
0.9600000000000007,0.699138044345504,3.6559858984569162,0.09953222403200607,0.24849673147189405,-0.699138044345504,-3.6559858984569162,-0.09953222403200607,-0.24849673147189405,5.32151957230146,1.35,-,0.037966695800324066,4.570243297625663,0.0031234815122504816,0.20832784327269022
0.9650000000000007,0.7251185089143835,6.225544351572,0.09790999338867419,-0.7062453307833382,-0.7251185089143835,-6.225544351572,-0.09790999338867419,0.7062453307833382,-8.971514433531947,-1.35,-,0.04059568006017516,4.764030309992614,0.003171413346277333,0.21082175560895655
0.9700000000000008,0.7452249846644187,2.5559898854231924,0.09716234074669314,0.2220168822619738,-0.7452249846644187,-2.5559898854231924,-0.09716234074669314,-0.2220168822619738,4.868617142225045,1.35,-,0.04337248144901558,4.796695731464542,0.0032186159485742155,0.2110682130890032
0.9750000000000008,0.770719102206577,6.132799989087837,0.09589905496371412,-0.6344982553511208,-0.770719102206577,-6.132799989087837,-0.09589905496371412,0.6344982553511208,-7.925503241941082,-1.35,-,0.046342521121546146,4.984751909995321,0.0032645990922888827,0.21308115326922128
0.9800000000000008,0.7904000581221255,2.4747631205608815,0.09551240882471396,0.2944034651416681,-0.7904000581221255,-2.4747631205608815,-0.09551240882471396,-0.2944034651416681,5.929849374231833,1.35,-,0.04946618238094345,5.0153741725097625,0.003310212193486379,0.2135145202706584
0.9850000000000008,0.8155052307009588,6.057479948189032,0.09461026662675263,-0.5623445948429417,-0.8155052307009588,-6.057479948189032,-0.09461026662675263,0.5623445948429417,-6.862245115051017,-1.35,-,0.05279142628744657,5.198839489123324,0.0033549677062423055,0.21509567748740377
0.9900000000000008,0.8348320362528454,2.4060319146961358,0.09458564873822438,0.3668953668932991,-0.8348320362528454,-2.4060319146961358,-0.09458564873822438,-0.3668953668932991,7.003729154216889,1.35,-,0.056276148931216935,5.227784436996005,0.003399699930978459,0.21576873853864262
0.9950000000000008,0.8595461596741585,5.980329849110927,0.09403994729502715,-0.49110849735643025,-0.8595461596741585,-5.980329849110927,-0.09403994729502715,0.49110849735643025,-5.8020398075518615,-1.35,-,0.05997024693426991,5.406606162516841,0.0034439174894147166,0.21697467631952108
1.0000000000000007,0.8784975804355764,2.3313815297948803,0.09437216455704464,0.43826145650993265,-0.8784975804355764,-2.3313815297948803,-0.09437216455704464,-0.43826145650993265,8.07127184981798,1.35,-,0.06382903692842563,5.433782861704184,0.003488448016630625,0.2179350418408321
1.0050000000000006,0.90281579523948,5.90078777190661,0.09418085249036647,-0.4202632112560857,-0.90281579523948,-5.90078777190661,-0.09418085249036647,0.4202632112560857,-4.737106994238077,-1.35,-,0.06790441872909501,5.607879343349594,0.003532798181509685,0.21881814767450847
1.0100000000000005,0.9213679565198591,2.250311497041297,0.09486736224554385,0.5090344376660096,-0.9213679565198591,-2.250311497041297,-0.09486736224554385,-0.5090344376660096,9.140387946874924,1.35,-,0.07214901328560283,5.633198852518174,0.00357779726360682,0.2201137279681582
1.0150000000000003,0.9452824620729221,5.818213854553563,0.0950310018374179,-0.3492911864900695,-0.9452824620729221,-5.818213854553563,-0.0950310018374179,0.3492911864900695,-3.6597271942157854,-1.35,-,0.07661680795111596,5.8024569148047656,0.003622951720157936,0.22072374963295638
1.0200000000000002,0.9634079151640851,2.1621196405985623,0.09607180544290216,0.5797239169727042,-0.9634079151640851,-2.1621196405985623,-0.09607180544290216,-0.5797239169727042,10.218714545652631,1.35,-,0.0812575820061199,5.825830721506075,0.0036691006791632294,0.22240414873250722
1.0250000000000001,0.9869081037217937,5.732018153198491,0.09659358113618899,-0.27766907782318495,-0.9869081037217937,-5.732018153198491,-0.09659358113618899,0.27766907782318495,-2.562015763092098,-1.35,-,0.08612752003207853,5.9901108820490565,0.003715752278746796,0.2227896493164031
1.03,1.0045763371911818,2.0661922442589553,0.09799128001072166,0.6508490299094456,-1.0045763371911818,-2.0661922442589553,-0.09799128001072166,-0.6508490299094456,11.314111547175337,1.35,-,0.09117338811830068,6.011456634000235,0.0037637637335374936,0.22490767161507338
1.035,1.0276487015342501,5.641623062042927,0.09887700317289284,-0.20486776068075127,-1.0276487015342501,-5.641623062042927,-0.09887700317289284,0.20486776068075127,-1.435922953315648,-1.35,-,0.09645369738712573,6.170596187871105,0.0038126470423197538,0.2251175256119051
1.0399999999999998,1.044826160974446,1.9619076625241343,0.10063682157959353,0.722931973319375,-1.044826160974446,-1.9619076625241343,-0.10063682157959353,-0.722931973319375,12.434563123173989,1.35,-,0.10191200592040861,6.189841596252459,0.0038632858916079673,0.22773067880214226
1.0449999999999997,1.067454356499957,5.546429843251416,0.10189496583826535,-0.13035192384043856,-1.067454356499957,-5.546429843251416,-0.10189496583826535,0.13035192384043856,-0.2732275989075716,-0.2732275989075716,-,0.10760929993646218,6.343656016283005,0.003915198811923873,0.22781563692238677
1.0499999999999996,1.09317708211428,4.924491539078849,0.10193069659887868,0.10353215330380741,-1.09317708211428,-4.924491539078849,-0.10193069659887868,-0.10353215330380741,3.22415966260644,1.35,-,0.11358448060076151,6.464909100875299,0.003967148146469535,0.22786923145622537
1.0549999999999995,1.1254698725691445,7.4864280997981005,0.0995844024490417,-0.8507899934984952,-1.1254698725691445,-7.4864280997981005,-0.0995844024490417,0.8507899934984952,-11.073336508843074,-1.35,-,0.1199178927710654,6.7451421293425255,0.004016733412525197,0.23148844952141115
1.0599999999999994,1.1518492341167972,3.807879095546259,0.0981120405259901,0.07694494627873931,-1.1518492341167972,-3.807879095546259,-0.0981120405259901,-0.07694494627873931,2.748086353346538,1.35,-,0.12655167606174253,6.817641845374015,0.004064863275006063,0.23151805214520033
1.0649999999999993,1.1836751228795748,7.399876053649624,0.09613171828672452,-0.7777331115071111,-1.1836751228795748,-7.399876053649624,-0.09613171828672452,0.7777331115071111,-10.028676372317623,-1.35,-,0.13355711004436227,7.091432673420895,0.004111069811309853,0.23454239610887292
1.0699999999999992,1.2096817068447752,3.7403729883844408,0.09502787619015007,0.15099078299932223,-1.2096817068447752,-3.7403729883844408,-0.09502787619015007,-0.15099078299932223,3.813474615883564,1.35,-,0.14087375920373657,7.161384623882073,0.004156221297575904,0.23465638719162665
1.074999999999999,1.241132862103408,7.330408385403038,0.09340934345438878,-0.7054759466290095,-1.241132862103408,-7.330408385403038,-0.09340934345438878,0.7054759466290095,-8.984745565427112,-1.35,-,0.1485758131107014,7.430059059366004,0.004199847824798803,0.2371448687479871
1.079999999999999,1.266839487559813,3.685767131747209,0.0926693320859323,0.2240095505540038,-1.266839487559813,-3.685767131747209,-0.0926693320859323,-0.2240095505540038,4.874572161736378,1.35,-,0.15660022454690528,7.497983456113342,0.004242785850345066,0.23739577014168411
1.0849999999999989,1.2979195514908153,7.260071890162994,0.0914025988881094,-0.6352083477608549,-1.2979195514908153,-7.260071890162994,-0.0914025988881094,0.6352083477608549,-7.959968013228289,-1.35,-,0.1650232003576157,7.761526675365011,0.004284558025762568,0.23941321836700946
1.0899999999999987,1.3233089136991403,3.6260955128173906,0.09101574967588219,0.29481232765815624,-1.3233089136991403,-3.6260955128173906,-0.09101574967588219,-0.29481232765815624,5.91287542681489,1.35,-,0.1737789327629935,7.827269518705382,0.004325977359207881,0.23984778990970554
1.0949999999999986,1.3540188084027118,7.188562536659137,0.09009344706800813,-0.5663911723238007,-1.3540188084027118,-7.188562536659137,-0.09009344706800813,0.5663911723238007,-6.946533875767597,-1.35,-,0.1829457674305348,8.085646675422673,0.00436656150523086,0.24145178471013715
1.0999999999999985,1.3790733612429988,3.561319242017108,0.09005192658347656,0.363967081241228,-1.3790733612429988,-3.561319242017108,-0.09005192658347656,-0.363967081241228,6.93667443666063,1.35,-,0.19245498410898493,8.149061649140478,0.0044071082526378385,0.24211414489127342
1.1049999999999984,1.4094113576170677,7.115376450554596,0.08946925684856985,-0.4985123321050126,-1.4094113576170677,-7.115376450554596,-0.08946925684856985,0.4985123321050126,-5.936962145530867,-1.35,-,0.20238718598388464,8.402204559306007,0.004447131992243014,0.2433567176175773
1.1099999999999983,1.4341113192262482,3.4909863067307056,0.08976782196622744,0.431991109946106,-1.4341113192262482,-3.4909863067307056,-0.08976782196622744,-0.431991109946106,7.953568157588666,1.35,-,0.21267056236354867,8.463139486274912,0.004487423301545815,0.2442897992129396
1.1149999999999982,1.4640730194375113,7.039976477747053,0.08952251798219256,-0.43106862974640675,-1.4640730194375113,-7.039976477747053,-0.08952251798219256,0.43106862974640675,-4.9238292261307715,-1.35,-,0.2233881113947728,8.710945830311065,0.0045274947076751745,0.24521890003069682
1.119999999999998,1.4883959738398767,3.414617965936079,0.09015844532636183,0.4993931946085639,-1.4883959738398767,-3.414617965936079,-0.09015844532636183,-0.4993931946085639,8.971102797296203,1.35,-,0.23446472426948634,8.769243909577531,0.004568137433993507,0.24646586784480354
1.124999999999998,1.5179742663842541,6.961713049040195,0.09025074345863561,-0.36356976748902525,-1.5179742663842541,-6.961713049040195,-0.09025074345863561,0.36356976748902525,-3.899832128819671,-1.35,-,0.24598595363651016,9.011571152463409,0.004608863417467688,0.24712678272396366
1.129999999999998,1.5418941522284548,3.331469990664521,0.09122371540419687,0.5666523349520465,-1.5418941522284548,-3.331469990664521,-0.09122371540419687,-0.5666523349520465,9.99644592124608,1.35,-,0.25787314151989144,9.0670646139569,0.004650472248728417,0.24873225706749666
1.1349999999999978,1.571079195863483,6.880044555993082,0.0916563489521262,-0.29551484339335465,-1.571079195863483,-6.880044555993082,-0.0916563489521262,0.29551484339335465,-2.857433357664026,-1.35,-,0.2702145907182664,9.303739679419145,0.0046924766802445865,0.24916890218082566
1.1399999999999977,1.594567201508483,3.2410168039640146,0.09296854413783003,0.6342698028414671,-1.594567201508483,-3.2410168039640146,-0.09296854413783003,-0.6342698028414671,11.037178228829076,1.35,-,0.2829278135188991,9.35626062903703,0.004735692431240124,0.2511803930948084
1.1449999999999976,1.6233463745298355,6.794418100555743,0.09374674965636987,-0.22639988981582937,-1.6233463745298355,-6.794418100555743,-0.09374674965636987,0.22639988981582937,-1.7889748853995844,-1.35,-,0.29610408077739464,9.587081215662822,0.004779634696595794,0.2514366776453515
1.1499999999999975,1.6463707833040504,3.1426477847723264,0.09540284658163406,0.7027415838617894,-1.6463707833040504,-3.1426477847723264,-0.09540284658163406,-0.7027415838617894,12.10087424367896,1.35,-,0.3096567645579803,9.636462391158494,0.004825143212275187,0.25390590631379434
1.1549999999999974,1.6747287242813496,6.70426001464215,0.09653439498457078,-0.15571536916010448,-1.6747287242813496,-6.70426001464215,-0.09653439498457078,0.15571536916010448,-0.6866402633689084,-0.6866402633689084,-,0.3236803460576452,9.861197902878137,0.004871737659350371,0.2540271426947577
1.1599999999999973,1.7038381299190515,5.295288234698744,0.09734866294128271,0.38134582017923735,-1.7038381299190515,-5.295288234698744,-0.09734866294128271,-0.38134582017923735,7.354476536698538,1.35,-,0.33819566792247513,10.001398290320829,0.004919121470232647,0.25475426586759853
1.1649999999999971,1.7380518641759914,7.875266577058575,0.09639083758118312,-0.5734604476146841,-1.7380518641759914,-7.875266577058575,-0.09639083758118312,0.5734604476146841,-6.9290167443943025,-1.35,-,0.353299789335303,10.311497408619502,0.0049655774380806565,0.25639855029249065
1.169999999999997,1.7664386176187947,4.21431265970602,0.09630923679132034,0.35532652796583675,-1.7664386176187947,-4.21431265970602,-0.09630923679132034,-0.35532652796583675,6.929480269256229,1.35,-,0.36890131628437767,10.400299564588293,0.005011954783537289,0.2570298349998719
1.174999999999997,1.8001413078817612,7.774308353944499,0.0957032077348027,-0.5031604932932965,-1.8001413078817612,-7.774308353944499,-0.0957032077348027,0.5031604932932965,-5.884367463983247,-1.35,-,0.3851038599260886,10.702498916499342,0.0050577503033909415,0.25829568740992764
1.1799999999999968,1.8280356796649364,4.116551465996533,0.09597387008763661,0.4257940357157534,-1.8280356796649364,-4.116551465996533,-0.09597387008763661,-0.4257940357157534,7.981971043557378,1.35,-,0.40181243215672846,10.787228896360332,0.0051038052220889335,0.25920219021418317
1.1849999999999967,1.861336822527708,7.693889309834266,0.09572840603744295,-0.4310819983362311,-1.861336822527708,-7.693889309834266,-0.09572840603744295,0.4310819983362311,-4.801972625384029,-1.35,-,0.4191353059912158,11.083208559920235,0.00514962486070128,0.2601313486606309
1.1899999999999966,1.8888296044987893,4.035271651046912,0.09635963636880093,0.4978348470108556,-1.8888296044987893,-4.035271651046912,-0.09635963636880093,-0.4978348470108556,9.069175867895739,1.35,-,0.43697369236537065,11.164625646408949,0.005196050758306917,0.2613705463351225
1.1949999999999965,1.9217217617723112,7.610481867990987,0.09647487511911838,-0.3589610738181304,-1.9217217617723112,-7.610481867990987,-0.09647487511911838,0.3589610738181304,-3.708214472654469,-1.35,-,0.4554387650137166,11.454222817724041,0.005242587765953164,0.26201481159770584
1.1999999999999964,1.9487854864443914,3.9468304895208304,0.0974662352010129,0.5697013879916879,-1.9487854864443914,-3.9468304895208304,-0.0974662352010129,-0.5697013879916879,10.164402377138703,1.35,-,0.4744275893745977,11.532110172289096,0.005290086100974458,0.2636376099551041
1.2049999999999963,1.9812583798597345,7.523495025947017,0.09794497936672338,-0.2862656414393241,-1.9812583798597345,-7.523495025947017,-0.09794497936672338,0.2862656414393241,-2.595089695375681,-1.35,-,0.4940545132134194,11.815125059316337,0.005338052195890197,0.26404735004244745
1.2099999999999962,2.007862552946402,3.8506352489901445,0.09929867920141244,0.6419239270566245,-2.007862552946402,-3.8506352489901445,-0.09929867920141244,-0.6419239270566245,11.275666300968213,1.35,-,0.5142120733710412,11.889262018420162,0.005387353334345921,0.2661076816830864
1.214999999999996,2.039902960241246,7.432346103055404,0.10014639710607282,-0.21245872640435223,-2.039902960241246,-7.432346103055404,-0.10014639710607282,0.21245872640435223,-1.4544418990034336,-1.35,-,0.5350180938070458,12.16546086139817,0.005437499838612556,0.2663333752352132
1.219999999999996,2.066014028014478,3.7460602497940836,0.1018673096562264,0.7150325835919645,-2.066014028014478,-3.7460602497940836,-0.1018673096562264,-0.7150325835919645,12.411060164839324,1.35,-,0.5563601636268084,12.235625698373605,0.005489384582495543,0.26888973321320414
1.2249999999999959,2.0976058461128986,7.336432013543817,0.1030921681341108,-0.1369975822188776,-2.0976058461128986,-7.336432013543817,-0.1030921681341108,0.1369975822188776,-0.2779483371561095,-0.2779483371561095,-,0.578359915055043,12.504741871820352,0.005542524558148501,0.2689835749008732
1.2299999999999958,2.1322751855735813,6.710140058365418,0.10310879185728418,0.10127372128795102,-2.1322751855735813,-6.710140058365418,-0.10310879185728418,-0.10127372128795102,3.2852315057687793,1.35,-,0.6010929023901068,12.729871769834748,0.0055956816729398435,0.26903485673399075
1.2349999999999957,2.173476433322227,9.265540795248224,0.10075128956758164,-0.8530169003123441,-2.173476433322227,-9.265540795248224,-0.10075128956758164,0.8530169003123441,-11.011734287933583,-1.35,-,0.6247129014211419,13.159123000976784,0.0056464357846874955,0.27267304589508307
1.2399999999999956,2.2087325403386346,5.580742773377759,0.09926687679754857,0.07441553300532171,-2.2087325403386346,-5.580742773377759,-0.09926687679754857,-0.07441553300532171,2.8052003041241544,1.35,-,0.6491053985948951,13.31484645048982,0.005695705348833193,0.2727007342528454
1.2449999999999954,2.249468156321173,9.179252092477752,0.09728024580697418,-0.7789861524270755,-2.249468156321173,-9.179252092477752,-0.09728024580697418,0.7789861524270755,-9.952024831199118,-1.35,-,0.6744059335264094,13.736139795376097,0.005743022579954519,0.275734831381211
1.2499999999999953,2.284353127510749,5.513597888128315,0.0961692573940187,0.1494458734994557,-2.284353127510749,-5.513597888128315,-0.0961692573940187,-0.1494458734994557,3.8858730462651123,1.35,-,0.7004972795822496,13.888138603735959,0.005789265210293103,0.2758465017267411
1.2549999999999952,2.324709352691394,9.108875806600315,0.09454867364540102,-0.7058797058505087,-2.324709352691394,-9.108875806600315,-0.09454867364540102,0.7058797058505087,-8.894799592836955,-1.35,-,0.7275186474547032,14.302996696036292,0.005833962468733625,0.278337832522399
1.2599999999999951,2.3592900523609917,5.458140595927608,0.09380579224269872,0.22332179636774518,-2.3592900523609917,-5.458140595927608,-0.09380579224269872,-0.22332179636774518,4.960448243169651,1.35,-,0.7553498952105503,14.451953189860854,0.005877960102025025,0.2785871956460636
1.264999999999995,2.399270484874271,9.037589915657827,0.09254124011528918,-0.6347685049025233,-2.399270484874271,-9.037589915657827,-0.09254124011528918,0.6347685049025233,-7.856686354100386,-1.35,-,0.7841323895084937,14.860343347278846,0.005920779507635403,0.2806018509201445
1.269999999999995,2.4335291817284803,5.397513184293393,0.09215574942100026,0.29497078699791507,-2.4335291817284803,-5.397513184293393,-0.09215574942100026,-0.29497078699791507,6.012189477238737,1.35,-,0.8137427109001135,15.006009090151949,0.005963242918392133,0.28103688974605534
1.2749999999999948,2.473134662123578,8.965101513560953,0.09123986318775472,-0.5651060467191612,-2.473134662123578,-8.965101513560953,-0.09123986318775472,0.5651060467191612,-6.829765336214934,-1.35,-,0.8443246861850984,15.407874315894205,0.006004866481564733,0.2826336139662481
1.2799999999999947,2.507053523880159,5.331703826056629,0.09120392842573076,0.3649700037744303,-2.507053523880159,-5.331703826056629,-0.09120392842573076,-0.3649700037744303,7.0495252004787545,1.35,-,0.8757512730430973,15.550009644338136,0.006046457264366161,0.2832996294845236
1.2849999999999946,2.546282209274268,8.890895300804207,0.09063194328133532,-0.49637477191387,-2.546282209274268,-8.890895300804207,-0.09063194328133532,0.49637477191387,-5.806473235100966,-1.35,-,0.9081690384894299,15.945249740587439,0.006087528010080916,0.28453156905548627
1.2899999999999945,2.579841077364401,5.260243819754881,0.09094034386182663,0.43384168685056435,-2.579841077364401,-5.260243819754881,-0.09094034386182663,-0.43384168685056435,8.08012898017554,1.35,-,0.9414469384117128,16.083600565803785,0.006128878740789451,0.28547266210173294
1.2949999999999944,2.618688447008113,8.814434062537453,0.09071005758144622,-0.42806490596146773,-2.618688447008113,-8.814434062537453,-0.09071005758144622,0.42806490596146773,-4.779286506569249,-1.35,-,0.9757345843241809,16.47207180501788,0.006170020313521597,0.28638885992031193
1.2999999999999943,2.6518645873317936,5.182661998554143,0.09136013196888507,0.50210203306374,-2.6518645873317936,-5.182661998554143,-0.09136013196888507,-0.50210203306374,9.11166029895373,1.35,-,1.0108965132719023,16.606371731974164,0.0062117536820884564,0.2876493921783456
1.3049999999999942,2.6903233410029657,8.735059479710994,0.09147187320056376,-0.3596802039464258,-2.6903233410029657,-8.735059479710994,-0.09147187320056376,0.3596802039464258,-3.7408108379535916,-1.35,-,1.0470857116676284,16.987878052544602,0.006253589200022555,0.2882962414239003
1.309999999999994,2.723090281419415,5.0982010607721895,0.09246338992896327,0.5702354815772167,-2.723090281419415,-5.0982010607721895,-0.09246338992896327,-0.5702354815772167,10.151370705064918,1.35,-,1.084161815071432,17.117836322824893,0.006296336592408332,0.28992208394614827
1.314999999999994,2.761150370652282,8.652222190879613,0.09292001640391842,-0.2907136056965712,-2.761150370652282,-8.652222190879613,-0.09292001640391842,0.2907136056965712,-2.6834133807461074,-1.35,-,1.1222815719181973,17.492141067026633,0.006339507239650853,0.29034465594883374
1.3199999999999938,2.7934788537033635,5.006325169128957,0.09425527128681072,0.638749128899067,-2.7934788537033635,-5.006325169128957,-0.09425527128681072,-0.638749128899067,11.20693166031888,1.35,-,1.1612991924486358,17.6174575255219,0.006383927520477604,0.2923846581971803
1.3249999999999937,2.8311274192297464,8.565362825944993,0.09506217569718606,-0.22065470543804624,-2.8311274192297464,-8.565362825944993,-0.09506217569718606,0.22065470543804624,-1.5993355928248132,-1.35,-,1.2013756047682074,17.984284727222295,0.0064291116067190165,0.29262810069234
1.3299999999999936,2.862985246258538,4.906416118895753,0.09674599588151066,0.7081451704983149,-2.862985246258538,-4.906416118895753,-0.09674599588151066,-0.7081451704983149,12.286015227925642,1.35,-,1.2423590273696767,18.104649322881095,0.006475910545314542,0.2951354486048404
1.3349999999999935,2.90020666333971,8.473901042186512,0.09791113807371037,-0.1489873636421844,-2.90020666333971,-8.473901042186512,-0.09791113807371037,0.1489873636421844,-0.4806570961497919,-0.4806570961497919,-,1.2844150208200762,18.463684317244937,0.006523843500108987,0.29524643477746565
1.3399999999999934,2.9393379071721863,7.452592971880739,0.09830404875484038,0.23604553257517918,-2.9393379071721863,-7.452592971880739,-0.09830404875484038,-0.23604553257517918,5.281869095674795,1.35,-,1.327613557482772,18.741390027267563,0.006572161930116956,0.29552502224470917
1.3449999999999933,2.9843226513371865,10.029386728588069,0.09661951918634021,-0.7187007821067298,-2.9843226513371865,-10.029386728588069,-0.09661951918634021,0.7187007821067298,-9.011258303180595,-1.35,-,1.3721444659191921,19.244333018025443,0.006618838587555953,0.2981076763157132
1.3499999999999932,3.023468248382689,6.366676852477869,0.09581046945895584,0.20987410550424826,-3.023468248382689,-6.366676852477869,-0.09581046945895584,-0.20987410550424826,4.833540891432926,1.35,-,1.4178512671640826,19.447005888744826,0.006664736817845679,0.29832791201651926
1.354999999999993,3.067967468019469,9.93709627478921,0.0944794941430163,-0.6480302683483959,-3.067967468019469,-9.93709627478921,-0.0944794941430163,0.6480302683483959,-7.981800988864133,-1.35,-,1.4649133890882104,19.940735300616964,0.0067093686919132796,0.3004276281599977
1.359999999999993,3.10669220827197,6.286669581026189,0.09402618776976067,0.2812203655527463,-3.10669220827197,-6.286669581026189,-0.09402618776976067,-0.2812203655527463,5.8786993797890075,1.35,-,1.5131710714728983,20.13834637272196,0.00675357331184585,0.30082305263000575
1.3649999999999929,3.1508097903559404,9.863520422775197,0.09305106458804709,-0.5769365658232262,-3.1508097903559404,-9.863520422775197,-0.09305106458804709,0.5769365658232262,-6.934979718457945,-1.35,-,1.5628090831479116,20.624791548374464,0.006796865814950694,0.3024873316349252
1.3699999999999928,3.1891914435280393,6.220491802411281,0.09295459301109933,0.35269072381025673,-3.1891914435280393,-6.220491802411281,-0.09295459301109933,-0.35269072381025673,6.936657246109688,1.35,-,1.6136637934652727,20.818264139693788,0.006840068596759988,0.30310928536823417
1.3749999999999927,3.232925933394503,9.788261762208814,0.0923300968308871,-0.5068660698980606,-3.232925933394503,-9.788261762208814,-0.0923300968308871,0.5068660698980606,-5.892957323427647,-1.35,-,1.6659228439193452,21.297314481321372,0.006882692830663992,0.3043938514323037
1.3799999999999926,3.270944174576365,6.148598780296208,0.09258474992692922,0.4229332749970559,-3.270944174576365,-6.148598780296208,-0.09258474992692922,-0.4229332749970559,7.9865801164487555,1.35,-,1.7194182228853194,21.486340816126667,0.006925552510259151,0.30528821420780233
1.3849999999999925,3.314291409766522,9.710805351325893,0.09230826772395259,-0.4372969143358184,-3.314291409766522,-9.710805351325893,-0.09230826772395259,0.4372969143358184,-4.848041935760809,-1.35,-,1.774340860629579,21.957839518983356,0.0069681565917101345,0.3062443571642405
1.3899999999999924,3.35192363816833,6.070574979328683,0.09291097559186073,0.4924800193954759,-3.35192363816833,-6.070574979328683,-0.09291097559186073,-0.4924800193954759,9.036353369923356,1.35,-,1.8305178210101358,22.142098921881608,0.007011318838637291,0.3074570400117593
1.3949999999999922,3.39487660248456,9.63048801334534,0.09298246809568493,-0.36772365363709336,-3.39487660248456,-9.63048801334534,-0.09298246809568493,0.36772365363709336,-3.7927129587548367,-1.35,-,1.88814375674062,22.605830418757538,0.007054547535503115,0.30813314343898035
1.3999999999999921,3.4320964558850102,5.985663124976776,0.09393263704360272,0.561825141751264,-3.4320964558850102,-5.985663124976776,-0.09393263704360272,-0.561825141751264,10.093363802657937,1.35,-,1.9470401871531111,22.784971233986067,0.007098664237012941,0.3097113808884995
1.404999999999992,3.47464536092742,9.54673579846112,0.09435463895597887,-0.2976322793216229,-3.47464536092742,-9.54673579846112,-0.09435463895597887,0.2976322793216229,-2.719244075078341,-1.35,-,2.007405989074182,23.24067205601415,0.007143178226475505,0.3101543057569704
1.409999999999992,3.5114235181315214,5.893300154711663,0.0956542317895153,0.6314823904945408,-3.5114235181315214,-5.893300154711663,-0.0956542317895153,-0.6314823904945408,11.165372278080337,1.35,-,2.0690564646926166,23.41432698958177,0.007188926886771716,0.31214815580449384
1.4149999999999918,3.553555719592997,9.45898366003461,0.09643185338191772,-0.22650416216655522,-3.553555719592997,-9.45898366003461,-0.09643185338191772,0.22650416216655522,-1.6197627297851505,-1.35,-,2.1321952559538757,23.861688848985768,0.007235422398505074,0.3124046764818877
1.4199999999999917,3.5898598973344544,5.792853946534402,0.09808540600574714,0.7019612219657169,-3.5898598973344544,-5.792853946534402,-0.09808540600574714,-0.7019612219657169,12.260150894396025,1.35,-,2.196630726366325,24.02947463321516,0.007283526132861634,0.31486842426760564
1.4249999999999916,3.6315599413426662,9.366645929822889,0.09922636312491347,-0.153815314886381,-3.6315599413426662,-9.366645929822889,-0.09922636312491347,0.153815314886381,-0.4862389601718489,-0.4862389601718489,-,2.2625718644041477,24.468144913088487,0.0073327554885566195,0.3149867200230736
1.4299999999999915,3.6751489679026683,8.339836024208818,0.09961145256161326,0.23630748291375525,-3.6751489679026683,-8.339836024208818,-0.09961145256161326,-0.23630748291375525,5.35258671133081,1.35,-,2.3301054640855265,24.815909237641936,0.007382367695963791,0.31526592615547877
1.4349999999999914,3.724547759245306,10.90924629566308,0.09792829169504903,-0.7184192089586201,-3.724547759245306,-10.90924629566308,-0.09792829169504903,0.7184192089586201,-8.940196922670491,-1.35,-,2.399466744140021,25.410967511339116,0.007430317447535343,0.3178465569544824
1.4399999999999913,3.768071702675197,7.239531181600279,0.09711965792664576,0.20982345112285128,-3.768071702675197,-7.239531181600279,-0.09711965792664576,-0.20982345112285128,4.89966012748147,1.35,-,2.4704585659225273,25.673021569985924,0.007477478587314285,0.3180666863576879
1.4449999999999912,3.8169860446677184,10.817167825365214,0.0957955573548553,-0.64664863978673,-3.8169860446677184,-10.817167825365214,-0.0957955573548553,0.64664863978673,-7.893773438184109,-1.35,-,2.5433054782484663,26.258077168796493,0.007523362531358921,0.320157458674378
1.449999999999991,3.860090135072544,7.1597085956932,0.09534818162849203,0.2822736858749795,-3.860090135072544,-7.1597085956932,-0.09534818162849203,-0.2822736858749795,5.961925789868838,1.35,-,2.6178069575028866,26.514384304672703,0.0075688189100582195,0.3205558508430652
1.454999999999991,3.9086172277788824,10.742424204661278,0.09438482403445407,-0.5745788562196286,-3.9086172277788824,-10.742424204661278,-0.09438482403445407,0.5745788562196286,-6.831717309573235,-1.35,-,2.6941934006693344,27.091382693637154,0.007613361385098293,0.32220655515313845
1.4599999999999909,3.9513720868142626,7.092249119633135,0.09429915676191614,0.3547166273607655,-3.9513720868142626,-7.092249119633135,-0.09429915676191614,-0.3547166273607655,7.035136627705457,1.35,-,2.7722601075116073,27.342882681511835,0.0076578230399283334,0.3228356745817694
1.4649999999999908,3.999510318565105,10.665952880680607,0.09369138844667728,-0.5035166103113305,-3.999510318565105,-10.665952880680607,-0.09369138844667728,0.5035166103113305,-5.774078857613582,-1.35,-,2.852240521453149,27.911695435776316,0.007701713421273663,0.32410331946606646
1.4699999999999906,4.041895245617143,7.0189765302863245,0.09396178747834681,0.4259436866008698,-4.041895245617143,-7.0189765302863245,-0.09396178747834681,-0.4259436866008698,8.100637451618661,1.35,-,2.9339251073358596,28.158025593439863,0.007745857508804292,0.32501045958684216
1.4749999999999905,4.089640263174242,10.587212486487875,0.09370710166632931,-0.43293479689764397,-4.089640263174242,-10.587212486487875,-0.09370710166632931,0.43293479689764397,-4.713085568212993,-1.35,-,3.017550894746737,28.718470934610075,0.00778976261331781,0.32594762227866614
1.4799999999999904,4.131632083695531,6.939434278956825,0.09433058416606696,0.49649053095189616,-4.131632083695531,-6.939434278956825,-0.09433058416606696,-0.49649053095189616,9.166370695696404,1.35,-,3.1029028131218466,28.959249675169875,0.007834253908863366,0.3271801365152906
1.4849999999999903,4.178976623024533,10.50555477335926,0.09442908144083353,-0.36231877825244874,-4.178976623024533,-10.50555477335926,-0.09442908144083353,0.36231877825244874,-3.6410752917860623,-1.35,-,3.1902220412007725,29.51108308065012,0.007878838165972162,0.3278365110006623
1.4899999999999902,4.2205485454773966,6.852897413694902,0.0954051941689443,0.566862375995448,-4.2205485454773966,-6.852897413694902,-0.0954051941689443,-0.566862375995448,10.239893442558875,1.35,-,3.2792871913244275,29.745894095463246,0.007924348921344231,0.3294431757672583
1.4949999999999901,4.267482543114995,10.420388379676107,0.09585958610075168,-0.29114807872989207,-4.267482543114995,-10.420388379676107,-0.09585958610075168,0.29114807872989207,-2.550220320118984,-1.35,-,3.3703442276033817,30.28881656537968,0.007970294222581267,0.3298670117859988
1.49999999999999,4.308604691651903,6.758773883968594,0.09719046025922426,0.637578101022689,-4.308604691651903,-6.758773883968594,-0.09719046025922426,-0.637578101022689,11.329048084574147,1.35,-,3.4631645995480036,30.517221687452754,0.008017524150408266,0.33189954096051727
1.50499999999999,4.355115193036827,10.331140676688223,0.09800607124050456,-0.2188964853771171,-4.355115193036827,-10.331140676688223,-0.09800607124050456,0.2188964853771171,-1.4325287907939503,-1.35,-,3.5579997412711024,31.050884025860352,0.00806555010040826,0.3321391193170695
1.5099999999999898,4.395754686352499,6.656422165822556,0.09969644806870624,0.7091544102481925,-4.395754686352499,-6.656422165822556,-0.09969644806870624,-0.7091544102481925,12.441721505524033,1.35,-,3.65461303758405,31.272423806108616,0.00811524700919584,0.3346536192049418
1.5149999999999897,4.441825898357894,10.23721810692095,0.10088124683723987,-0.14503220512552392,-4.441825898357894,-10.23721810692095,-0.10088124683723987,0.14503220512552392,-0.2798469762515261,-0.2798469762515261,-,3.7532621241406625,31.796426978951956,0.00816613213901302,0.33475879090755967
1.5199999999999896,4.490948144271327,9.599627337486359,0.10085540536018056,0.09303880118664895,-4.490948144271327,-9.599627337486359,-0.10085540536018056,-0.09303880118664895,3.2800435707230227,1.35,-,3.854105200313331,32.25719120404502,0.00821699120296485,0.3348020720001909
1.5249999999999895,4.546635424317051,12.167987123482975,0.09845661493303834,-0.861282241891926,-4.546635424317051,-12.167987123482975,-0.09845661493303834,0.861282241891926,-11.017159244940974,-1.35,-,3.957464668721602,32.99749075723124,0.008265459728085211,0.33851110750118274
1.5299999999999894,4.59643989224016,8.495351141368252,0.09693255980914983,0.06672115135374053,-4.59643989224016,-8.495351141368252,-0.09693255980914983,-0.06672115135374053,2.8085702859603265,1.35,-,4.063100967136483,33.35834571230696,0.008312439333840982,0.3385333660613726
1.5349999999999893,4.651660922434117,12.081799257500865,0.09489502569679903,-0.7891670578929706,-4.651660922434117,-12.081799257500865,-0.09489502569679903,0.7891670578929706,-9.986378060895191,-1.35,-,4.171290713822984,34.08819507879969,0.008357464663350961,0.3416472892876897
1.5399999999999892,4.701096306516415,8.428845996612466,0.09373486030062485,0.13985258545564885,-4.701096306516415,-8.428845996612466,-0.09373486030062485,-0.13985258545564885,3.860432458537012,1.35,-,4.281792246238693,34.443422302972735,0.008401395783528848,0.3417450830159829
1.544999999999989,4.755948982837257,12.0138731655256,0.09205450514677134,-0.7178297520819591,-4.755948982837257,-12.0138731655256,-0.09205450514677134,0.7178297520819591,-8.956113281403812,-1.35,-,4.394887499875444,35.1650880451594,0.008443765943117932,0.34432148078085306
1.549999999999989,4.805094191290923,8.376476917704004,0.09125366312672112,0.21198236343937843,-4.805094191290923,-8.376476917704004,-0.09125366312672112,-0.21198236343937843,4.90827370449721,1.35,-,4.5103321508113305,35.51591487292353,0.008485402098288157,0.3445461633928998
1.5549999999999888,4.859582750073173,11.945195861112653,0.08992005544251923,-0.6485726257247774,-4.859582750073173,-11.945195861112653,-0.08992005544251923,0.6485726257247774,-7.946501327008693,-1.35,-,4.628409873335372,36.22935339372523,0.008525830180142085,0.3466493956470974
1.5599999999999887,4.908421136411507,8.319194721181164,0.08946741468418686,0.28180664043207326,-4.908421136411507,-8.319194721181164,-0.08946741468418686,-0.28180664043207326,5.931831566623985,1.35,-,4.748872863597225,36.57539839776987,0.008565852271593446,0.34704647056005544
1.5649999999999886,4.9625471024398164,11.875483923137924,0.08847270534519085,-0.5808628351425323,-4.9625471024398164,-11.875483923137924,-0.08847270534519085,0.5808628351425323,-6.949840384399771,-1.35,-,4.872007232316892,37.280533989813385,0.00860498936954893,0.3487334787263045
1.5699999999999885,5.011061985245392,8.257017315378668,0.08835995837661371,0.34989095319594465,-5.011061985245392,-8.257017315378668,-0.08835995837661371,-0.34989095319594465,6.939346499305765,1.35,-,4.9975609434167465,37.6214256645457,0.008644026780770513,0.34934559712194635
1.5749999999999884,5.064824217105795,11.80434910874496,0.08769882524607614,-0.5141867312579605,-5.064824217105795,-11.80434910874496,-0.08769882524607614,0.5141867312579605,-5.958638639319136,-1.35,-,5.125823165167651,38.31813895395132,0.008682482200518222,0.3506675370949551
1.5799999999999883,5.112997773432521,8.189703308611792,0.08792031847322775,0.4167644378971726,-5.112997773432521,-8.189703308611792,-0.08792031847322775,-0.4167644378971726,7.938585322665542,1.35,-,5.2565368963232775,38.65349515536675,0.00872113211252039,0.3515360000784338
1.5849999999999882,5.166392745701272,11.73097917085977,0.08758995134039889,-0.4480752599236819,-5.166392745701272,-11.73097917085977,-0.08758995134039889,0.4480752599236819,-4.966004335503999,-1.35,-,5.389994966337448,39.34157451690246,0.008759492110399456,0.3525398572712121
1.589999999999988,5.214201748299829,8.116208250679385,0.08814222948307485,0.4828703335119944,-5.214201748299829,-8.116208250679385,-0.08814222948307485,-0.4828703335119944,8.93608067987162,1.35,-,5.52593446569731,39.670938698744436,0.00879833737349069,0.353705676066142
1.594999999999988,5.267223009665469,11.655038156679506,0.08814225133850385,-0.3820204314450029,-5.267223009665469,-11.655038156679506,-0.08814225133850385,0.3820204314450029,-3.9643830180772777,-1.35,-,5.664652656865054,40.350138270912694,0.008837182655845788,0.3544353741163491
1.5999999999999879,5.314643583438754,8.036411599765913,0.08902450808658394,0.5487389365643732,-5.314643583438754,-8.036411599765913,-0.08902450808658394,-0.5487389365643732,9.939765645097227,1.35,-,5.805879838959985,40.67305782791695,0.008876809471046078,0.3559409462188581
1.6049999999999878,5.367282155234227,11.575879026450874,0.08935700342909865,-0.31554210702368063,-5.367282155234227,-11.575879026450874,-0.08935700342909865,0.31554210702368063,-2.9465676871803432,-1.35,-,5.949918427629461,41.34306270409206,0.008916732841355217,0.3564387803253828
1.6099999999999877,5.414286706270025,7.949583949164679,0.09057077768985135,0.6148402791770955,-5.414286706270025,-7.949583949164679,-0.09057077768985135,-0.6148402791770955,10.956729000238298,1.35,-,6.09649093031792,41.65904212891614,0.008957748170211938,0.3583289231698756
1.6149999999999876,5.466530850523093,11.492966371973807,0.09124027840152207,-0.2481468442919412,-5.466530850523093,-11.492966371973807,-0.09124027840152207,0.2481468442919412,-1.905077926895887,-1.35,-,6.24590572801652,42.31948350905273,0.008999372112225873,0.3586368074515358
1.6199999999999875,5.513088969125402,7.855138733574748,0.0927895571553045,0.6816607560781677,-5.513088969125402,-7.855138733574748,-0.0927895571553045,-0.6816607560781677,11.994381031938593,1.35,-,6.397876477923978,42.62799953167126,0.009042421621811259,0.36096011438342107
1.6249999999999873,5.564924242591787,11.405741493682703,0.09380307063956536,-0.17933678158550748,-5.564924242591787,-11.405741493682703,-0.09380307063956536,0.17933678158550748,-0.832293864611806,-0.832293864611806,-,6.552718387052903,43.27845422677482,0.009086416702118315,0.3611209227895683
1.6299999999999872,5.61667905313572,9.716388245141692,0.09481618439252162,0.4640698546554001,-5.61667905313572,-9.716388245141692,-0.09481618439252162,-0.4640698546554001,8.80228551274709,1.35,-,6.710453804982568,43.75049522942645,0.009131367246232097,0.3621977269395677
1.6349999999999871,5.673040941202113,12.30937882987801,0.09427204608088208,-0.49079363185183117,-5.673040941202113,-12.30937882987801,-0.09427204608088208,0.49079363185183117,-5.474714572318592,-1.35,-,6.871370772585341,44.508099265313675,0.009175803339593476,0.3634021188848992
1.639999999999987,5.723633621536366,8.659132909265521,0.09460563603930972,0.43851251625582066,-5.723633621536366,-8.659132909265521,-0.09460563603930972,-0.43851251625582066,8.398900287473722,1.35,-,7.035170681753245,44.88300217901529,0.009220554471445487,0.36436358501946425
1.644999999999987,5.779469475894841,12.203811598427574,0.0944039773628149,-0.42233089384536265,-5.779469475894841,-12.203811598427574,-0.0944039773628149,0.42233089384536265,-4.443648736233871,-1.35,-,7.2021820188672425,45.62766726666485,0.00926511502615508,0.36525540193894535
1.6499999999999868,5.8295331644773585,8.552168480521134,0.095079977296865,0.5069124657084395,-5.8295331644773585,-8.552168480521134,-0.095079977296865,-0.5069124657084395,9.434111341269086,1.35,-,7.372099303445946,45.993365195260935,0.009310316036568941,0.36654020317839836
1.6549999999999867,5.8849646049452025,12.121141948021718,0.09523410010085046,-0.3511929472242278,-5.8849646049452025,-12.121141948021718,-0.09523410010085046,0.3511929472242278,-3.361561283692417,-1.35,-,7.545263345453232,46.727975605881376,0.009355663705679034,0.36715688560929854
1.6599999999999866,5.934601457261932,8.46399369420106,0.0962652411787152,0.5777733345621353,-5.934601457261932,-8.46399369420106,-0.0962652411787152,-0.5777733345621353,10.517242568287255,1.35,-,7.721360817735905,47.086171552158746,0.009401998688975014,0.3688259957399538
1.6649999999999865,5.989617939174504,12.034857243022604,0.09677825549299068,-0.27941992044723174,-5.989617939174504,-12.034857243022604,-0.09677825549299068,0.27941992044723174,-2.2593431118861833,-1.35,-,7.9007384330223065,47.8103604964584,0.009448828842656347,0.36921637319966744
1.6699999999999864,6.038797449510181,8.368082099953956,0.09816706224589171,0.6490543565625176,-6.038797449510181,-8.368082099953956,-0.09816706224589171,-0.6490543565625176,11.617234822105628,1.35,-,8.083073806203355,48.16048448661624,0.00949701270320629,0.3713227309885313
1.6749999999999863,6.093385527365926,11.944382736335628,0.09904471119558284,-0.20648122561624116,-6.093385527365926,-11.944382736335628,-0.09904471119558284,0.20648122561624116,-1.1289246404885251,-1.1289246404885251,-,8.268720542128914,48.87382588137659,0.00954606197728537,0.3715359034711912
1.6799999999999862,6.1457037601302416,9.490441620060494,0.10054069989449257,0.6377200315180884,-6.1457037601302416,-9.490441620060494,-0.10054069989449257,-0.6377200315180884,11.509547953995133,1.35,-,8.457568915665306,49.324168292095464,0.009596604138961741,0.3735693376641883
1.684999999999986,6.201900542036698,12.261327720415387,0.10097018710610828,-0.2961022592579255,-6.201900542036698,-12.261327720415387,-0.10097018710610828,0.2961022592579255,-2.433678506187482,-1.35,-,8.649886767331877,50.075869079432586,0.009647579032382952,0.37400772040387653
1.689999999999986,6.252145747571837,8.572541458638275,0.10227240105718374,0.6313295421747107,-6.252145747571837,-8.572541458638275,-0.10227240105718374,-0.6313295421747107,11.425565807554056,1.35,-,8.845333399576276,50.44331141473294,0.009699877252472958,0.3760006053579891
1.6949999999999859,6.3079006966198286,12.168638811324001,0.10308230698241683,-0.21999259950858585,-6.3079006966198286,-12.168638811324001,-0.10308230698241683,0.21999259950858585,-1.2579655838012622,-1.2579655838012622,-,9.044281455568356,51.18369026733523,0.009753007062537043,0.37624258907718183
1.6999999999999857,6.359209993714004,8.988339198013339,0.1046620971163634,0.673051656579676,-6.359209993714004,-8.988339198013339,-0.1046620971163634,-0.673051656579676,12.099841489149417,1.35,-,9.246479214289112,51.58764147502794,0.009807777835401018,0.378507581739305
1.7049999999999856,6.415359774530094,12.24214464128723,0.10551840476849254,-0.21068814229076058,-6.415359774530094,-12.24214464128723,-0.10551840476849254,0.21068814229076058,-1.076088779027072,-1.076088779027072,-,9.452263419472402,52.33699200211891,0.009863448504125454,0.37872952920581465
1.7099999999999855,6.469927843915142,10.047809992928057,0.10692718514738984,0.6120357006895092,-6.469927843915142,-10.047809992928057,-0.10692718514738984,-0.6120357006895092,11.244196601168653,1.35,-,9.66156325099974,52.84178443038883,0.009920615618743174,0.3806024677004071
1.7149999999999854,6.528150697436861,12.652492231106013,0.10716414493378953,-0.33453517893926116,-6.528150697436861,-12.652492231106013,-0.10716414493378953,0.33453517893926116,-2.8963896375624794,-1.35,-,9.874647008641961,53.6422122286798,0.009978036388540125,0.38116203663014675
1.7199999999999853,6.5802537870942,8.9315999732207,0.1082694083355414,0.5913508453667653,-6.5802537870942,-8.9315999732207,-0.1082694083355414,-0.5913508453667653,10.936145956482784,1.35,-,10.091145708154794,54.041079619087974,0.010036647712446764,0.38291051574172663
1.7249999999999852,6.638013340917601,12.556390740679365,0.10890975614093872,-0.2538256354220575,-6.638013340917601,-12.556390740679365,-0.10890975614093872,0.2538256354220575,-1.65708984076649,-1.35,-,10.31146181372579,54.82939436125105,0.010095954387360157,0.3832326530077137
1.729999999999985,6.689606418969862,8.824574787122506,0.11041709827075577,0.671467574397213,-6.689606418969862,-8.824574787122506,-0.11041709827075577,-0.671467574397213,12.172345842520778,1.35,-,10.5352159839294,55.21875996211863,0.010156914065312824,0.38548699652504803
1.734999999999985,6.746885887258792,12.455060575120282,0.11146709901286671,-0.17185353861207298,-6.746885887258792,-12.455060575120282,-0.11146709901286671,0.17185353861207298,-0.38681994699533706,-0.38681994699533706,-,10.762818329807853,55.994402631768196,0.010219038636124543,0.3856346647187155
1.739999999999985,6.806700620161787,11.657258356942299,0.11157648967761033,0.15323744781487172,-6.806700620161787,-11.657258356942299,-0.11157648967761033,-0.15323744781487172,4.477622254332549,1.35,-,10.994474196470403,56.67386099377069,0.010281285201368432,0.38575207329577954
1.7449999999999848,6.872489824678794,14.16232261574558,0.10947928097713516,-0.8009827287374989,-6.872489824678794,-14.16232261574558,-0.10947928097713516,0.8009827287374989,-9.814405671103394,-1.35,-,11.230629778421966,57.67671790313296,0.010341213766184782,0.3889599399544583
1.7499999999999847,6.932090063550355,10.430760717255428,0.10824820565887629,0.12417037171688568,-6.932090063550355,-10.430760717255428,-0.10824820565887629,-0.12417037171688568,3.9721774775235525,1.35,-,11.470899141667829,58.22072174883614,0.010399802136326613,0.38903703136051987
1.7549999999999846,6.997414902444938,14.075770359589729,0.10655850220283133,-0.7195778738442903,-6.997414902444938,-14.075770359589729,-0.10655850220283133,0.7195778738442903,-8.633878571332293,-1.35,-,11.715718218252617,59.21135830491564,0.010456575708285166,0.39162599294315115
1.7599999999999845,7.056637365979875,10.360934834338657,0.10573780196707186,0.20653178817012435,-7.056637365979875,-10.360934834338657,-0.10573780196707186,-0.20653178817012435,5.173528043383912,1.35,-,11.964698872827329,59.74810315812269,0.010512478122109304,0.3918392698407749
1.7649999999999844,7.121538044268907,13.995033652368628,0.10444861978582105,-0.6395902890710573,-7.121538044268907,-13.995033652368628,-0.10444861978582105,0.6395902890710573,-7.462362844460415,-1.35,-,12.21828039340717,60.72740799277732,0.010567025692985118,0.3938846485301448
1.7699999999999843,7.180393540026906,10.291448130949941,0.10402995284651637,0.2871257328157568,-7.180393540026906,-10.291448130949941,-0.10402995284651637,-0.2871257328157568,6.360379989154173,1.35,-,12.476070650355465,61.25697751593748,0.01062113684843136,0.39429685446236973
1.7749999999999841,7.244870423031112,13.912704850724054,0.10313361458979091,-0.5611156447713005,-7.244870423031112,-13.912704850724054,-0.10313361458979091,0.5611156447713005,-6.3016815387869185,-1.35,-,12.738511387588016,62.22479429725426,0.010674319560723136,0.39587110829640526
1.779999999999984,7.303337015888637,10.215758483437018,0.10310863936928866,0.3659533337177863,-7.303337015888637,-10.215758483437018,-0.10310863936928866,-0.3659533337177863,7.532378246610411,1.35,-,13.005205045426257,62.74660290421383,0.010727476518286065,0.39654071750870107
1.784999999999984,7.367387577062129,13.82837414269387,0.10260038629535462,-0.48356029191227773,-7.367387577062129,-13.82837414269387,-0.10260038629535462,0.48356029191227773,-5.143135598317484,-1.35,-,13.276597043979498,63.702722561365434,0.010780110714625844,0.3977098702882725
1.7899999999999838,7.425442254321518,10.133642972671552,0.10296383663953235,0.44362877375851856,-7.425442254321518,-10.133642972671552,-0.10296383663953235,-0.44362877375851856,8.698579705597055,1.35,-,13.55228300734081,64.2161761608533,0.010833118472903504,0.3986939027328049
1.7949999999999837,7.48906092697407,13.741439949224132,0.1028417762371406,-0.40635302668465934,-7.48906092697407,-13.741439949224132,-0.1028417762371406,0.40635302668465934,-3.9782775206493355,-1.35,-,13.832713175180452,65.16031202024394,0.010886000627601554,0.3995195166442838
1.7999999999999836,7.546677801825981,10.044552371058106,0.10359125515284771,0.5207282969221486,-7.546677801825981,-10.044552371058106,-0.10359125515284771,-0.5207282969221486,9.867551440619147,1.35,-,14.117474904403311,65.66477718191857,0.010939656368322264,0.400875306440361
1.8049999999999835,7.609855857883135,13.651159145362543,0.10385633033255627,-0.3289369383991798,-7.609855857883135,-13.651159145362543,-0.10385633033255627,0.3289369383991798,-2.7987917037767773,-1.35,-,14.407024435292096,66.59654791197862,0.010993587055072989,0.4014163039875781
1.8099999999999834,7.667004694109265,9.947652392215744,0.10499215240151659,0.5977974258483703,-7.667004694109265,-9.947652392215744,-0.10499215240151659,-0.5977974258483703,11.04747690935699,1.35,-,14.700939240189557,67.09132685256039,0.011048703815402504,0.40320311279933274
1.8149999999999833,7.729730393722885,13.556916399665763,0.10564815284395784,-0.25074184199437044,-7.729730393722885,-13.556916399665763,-0.10564815284395784,0.25074184199437044,-1.5960777935139583,-1.35,-,14.999682899987768,68.01027676389799,0.011104511476399204,0.4035174701559664
1.8199999999999832,7.786377841518964,9.842306528553125,0.10717347366149019,0.6754018670606726,-7.786377841518964,-9.842306528553125,-0.10717347366149019,-0.6754018670606726,12.246931355064262,1.35,-,15.302821299442249,68.49463175290798,0.011161942243682553,0.40579830856611154
1.824999999999983,7.848636336262941,13.458093079542646,0.10822704213874272,-0.17119249489066898,-7.848636336262941,-13.458093079542646,-0.10822704213874272,0.17119249489066898,-0.36137447623752345,-0.36137447623752345,-,15.610826761136776,69.40023309959612,0.011220507706933057,0.405944842917646
1.829999999999983,7.91354779274855,12.695914950374434,0.10827371857877305,0.13272229810255018,-7.91354779274855,-12.695914950374434,-0.10827371857877305,-0.13272229810255018,4.185400460937279,1.35,-,15.923947954477347,70.20616438173181,0.011279123697607432,0.4060329189597141
1.8349999999999829,7.984587476441928,15.220510040495116,0.1060736695031946,-0.821549898392712,-7.984587476441928,-15.220510040495116,-0.1060736695031946,0.821549898392712,-10.10834973347518,-1.35,-,16.242716140322106,71.36448401119584,0.011335381814416796,0.4094076401374594
1.8399999999999828,8.0495329735446,11.507145543669047,0.10474243721002,0.10449938408064409,-8.0495329735446,-11.507145543669047,-0.10474243721002,-0.10449938408064409,3.6907515491751264,1.35,-,16.566691045783006,72.02655600401174,0.01139023670518027,0.4094622407438256
1.8449999999999827,8.12010810325492,15.13413365991097,0.10293564178587082,-0.7430138936623271,-8.12010810325492,-15.13413365991097,-0.10293564178587082,0.7430138936623271,-8.973686780818428,-1.35,-,16.89637182382573,73.17176601219197,0.011443215436929614,0.41222258897470176
1.8499999999999825,8.184678972015986,11.438475607413295,0.10200043189187816,0.1840135476906645,-8.184678972015986,-11.438475607413295,-0.10200043189187816,-0.1840135476906645,4.846366364767045,1.35,-,17.231316673200528,73.8259596332989,0.01149523587746026,0.4123918939033703
1.8549999999999824,8.254847415990728,15.057473320570542,0.10058071047638799,-0.6657089559604209,-8.254847415990728,-15.057473320570542,-0.10058071047638799,0.6657089559604209,-7.845580319209454,-1.35,-,17.572029202506965,74.95959714729734,0.011545818274059934,0.4146077359735998
1.8599999999999823,8.31907612992177,11.374536811673869,0.1000343310914185,0.2619941184418027,-8.31907612992177,-11.374536811673869,-0.1000343310914185,-0.2619941184418027,5.990680524428666,1.35,-,17.918064340784127,75.60649758569795,0.01159585261104447,0.41495094056409026
1.8649999999999822,8.388839466429763,14.979455965170004,0.09899308187521301,-0.5901096163465065,-8.388839466429763,-14.979455965170004,-0.09899308187521301,0.5901096163465065,-6.731605319108811,-1.35,-,18.269927478751768,76.72841809076026,0.011644850762340233,0.4166920873606133
1.8699999999999821,8.45270548923797,11.304760938350901,0.0988262341710238,0.33802387721989496,-8.45270548923797,-11.304760938350901,-0.0988262341710238,-0.33802387721989496,7.116955109200319,1.35,-,18.627168629190727,77.36740619012656,0.011693683885142362,0.41726338806846713
1.874999999999982,8.522062496588333,14.899712902811284,0.09815767423875874,-0.5156407760805483,-8.522062496588333,-14.899712902811284,-0.09815767423875874,0.5156407760805483,-5.623369769707084,-1.35,-,18.990296375169507,78.47741341305755,0.011741858530202173,0.41859281511825186
1.879999999999982,8.585544456396715,11.228956127653726,0.0983640459442432,0.41269738035724546,-8.585544456396715,-11.228956127653726,-0.0983640459442432,-0.41269738035724546,8.233922295331272,1.35,-,19.35885424323332,79.10786069164139,0.011790235957874777,0.4194444107570205
1.8849999999999818,8.654491070783669,14.817733187787606,0.09806516112701096,-0.44174696426966237,-8.654491070783669,-14.817733187787606,-0.09806516112701096,0.44174696426966237,-4.512692740552673,-1.35,-,19.733355321704686,80.20568677576368,0.01183831983700911,0.4204201126592278
1.8899999999999817,8.717565552624981,11.146750235073076,0.09864127214628747,0.48658474987979405,-8.717565552624981,-11.146750235073076,-0.09864127214628747,-0.48658474987979405,9.350027957197684,1.35,-,20.113335067526247,80.82693697977918,0.011886970339862298,0.42160393625330567
1.8949999999999816,8.786094653477438,14.732833224614858,0.09871177037711903,-0.367891465250196,-8.786094653477438,-14.732833224614858,-0.09871177037711903,0.367891465250196,-3.3915949724647603,-1.35,-,20.499312363825563,81.91221885390073,0.011935690407917223,0.4222806569043253
1.8999999999999815,8.848734376533377,11.057374089253,0.09965677271498564,0.5602123076635821,-8.848734376533377,-11.057374089253,-0.09965677271498564,-0.5602123076635821,10.473133062524912,1.35,-,20.890812864157773,82.52354646264914,0.011985347769657054,0.42384984605261405
1.9049999999999814,8.916835948194677,14.644374121156579,0.1000990893377042,-0.29353326184182577,-8.916835948194677,-14.644374121156579,-0.1000990893377042,0.29353326184182577,-2.251951667210905,-1.35,-,21.28836268079285,83.59583492965112,0.012035446908088242,0.42428065493165157
1.9099999999999813,8.979010218607526,10.96017818950669,0.10141481190846198,0.63411828606077,-8.979010218607526,-10.96017818950669,-0.10141481190846198,-0.63411828606077,11.611360442072915,1.35,-,21.691475803322135,84.1964624593798,0.012086871728460385,0.42629118493523477
1.9149999999999812,9.046671246799546,14.551763959680956,0.10223410799378184,-0.21812344306695175,-9.046671246799546,-14.551763959680956,-0.10223410799378184,0.21812344306695175,-1.0854378970319476,-1.0854378970319476,-,22.100687106560475,85.25523163107113,0.012139130792646806,0.42652907411731167
1.919999999999981,9.112631980884755,12.311800809039184,0.10361358265902795,0.6078386602588008,-9.112631980884755,-12.311800809039184,-0.10361358265902795,-0.6078386602588008,11.282524939183606,1.35,-,22.515887414655683,86.0131338268784,0.012192809665204,0.4283764133018377
1.924999999999981,9.182294103992403,14.947793249190772,0.10383554465293658,-0.33757618492721986,-9.182294103992403,-14.947793249190772,-0.10383554465293658,0.33757618492721986,-2.839861974970738,-1.35,-,22.937460039716743,87.13031644198115,0.012246718766870859,0.42894620170498776
1.9299999999999808,9.245926704760736,11.24458162961737,0.10492820428052776,0.5891782416578178,-9.245926704760736,-11.24458162961737,-0.10492820428052776,-0.5891782416578178,11.006325389857961,1.35,-,23.364895842865774,87.76251952210679,0.012301768407138538,0.4306818567072027
1.9349999999999807,9.315139310754153,14.854504848876717,0.10554121064675036,-0.25934122973698376,-9.315139310754153,-14.854504848876717,-0.10554121064675036,0.25934122973698376,-1.637304616945801,-1.35,-,23.79875494475955,88.86580109363327,0.012357463142862445,0.43101814607441014
1.9399999999999806,9.378276641712556,11.140654883035257,0.1070236333841268,0.6668460352188613,-9.378276641712556,-11.140654883035257,-0.1070236333841268,-0.6668460352188613,12.205989192374027,1.35,-,24.238515308601997,89.48637204974774,0.012414733433376143,0.43324156424784566
1.9449999999999805,9.447023290816817,14.75610762042576,0.1080338116526635,-0.17987392553168052,-9.447023290816817,-14.75610762042576,-0.1080338116526635,0.17987392553168052,-0.4045986241440676,-0.4045986241440676,-,24.684746553888164,90.57508561027565,0.012473089955677157,0.4334033373932765
1.9499999999999804,9.518181304052316,13.913162827461266,0.10813273082205684,0.15596646241416096,-9.518181304052316,-13.913162827461266,-0.10813273082205684,-0.15596646241416096,4.620478407254585,1.35,-,25.13772543057221,91.54296610959288,0.012531553393052333,0.43352496508026644
1.9549999999999803,9.595307493518394,16.437298740022833,0.10604875099786376,-0.7983965313918235,-9.595307493518394,-16.437298740022833,-0.10604875099786376,0.7983965313918235,-9.672658431368204,-1.35,-,25.598075060048053,92.89389005893663,0.012587785080993365,0.43671215018695886
1.9599999999999802,9.666337072257669,12.723901549025548,0.10483330652698021,0.12765608496315523,-9.666337072257669,-12.723901549025548,-0.10483330652698021,-0.12765608496315523,4.12847238622285,1.35,-,26.06526542202056,93.7033784120831,0.012642735191780264,0.43679363056709947
1.96499999999998,9.742996193296054,16.350272755395387,0.10314252162190103,-0.7198366504419113,-9.742996193296054,-16.350272755395387,-0.10314252162190103,0.7198366504419113,-8.533686629460403,-1.35,-,26.539895296133455,95.04003550796219,0.012695927090612884,0.43938445458369657
1.96999999999998,9.813645610800428,12.653596860250275,0.10232319413253768,0.20716155685931656,-9.813645610800428,-12.653596860250275,-0.10232319413253768,-0.20716155685931656,5.2878890265148355,1.35,-,27.021433497005358,95.84060307547085,0.012748277270900308,0.43959903413689844
1.9749999999999799,9.889894731471614,16.27243909977619,0.10102028968051528,-0.642367608527787,-9.889894731471614,-16.27243909977619,-0.10102028968051528,0.642367608527787,-7.399165211454687,-1.35,-,27.510483586003296,97.16456444675045,0.012799302765535984,0.44166221485932694
1.9799999999999798,9.960191974673892,12.587125182171768,0.10059038880349055,0.28523430439531106,-9.960191974673892,-12.587125182171768,-0.10059038880349055,-0.28523430439531106,6.437520580612415,1.35,-,28.006510706865075,97.95674304850874,0.01284989489713417,0.4420690079013463
1.9849999999999797,10.036031755708004,16.193099497285207,0.09966762206725736,-0.5664292057694986,-10.036031755708004,-16.193099497285207,-0.09966762206725736,0.5664292057694986,-6.276120495359595,-1.35,-,28.51012037387296,99.2678254051536,0.012899563071576877,0.4436732181270896
1.9899999999999796,10.10595568411534,12.51467051403187,0.09961874374925105,0.3615330221768689,-10.10595568411534,-12.51467051403187,-0.09961874374925105,-0.3615330221768689,7.57180812653705,1.35,-,29.020772075319467,100.05091029552747,0.012949182542107772,0.4443267487577113
1.9949999999999795,10.18138392786619,16.111834981579626,0.09907119777245059,-0.49144771754166816,-10.18138392786619,-16.111834981579626,-0.09907119777245059,0.49144771754166816,-5.156155739792023,-1.35,-,29.539074968752516,101.34886642789571,0.012998258053248111,0.4455343530530958
1.9999999999999793,10.25091214329662,12.43597393894799,0.09939789848428365,0.4366488880856375,-10.25091214329662,-12.43597393894799,-0.09939789848428365,-0.4366488880856375,8.699457763059641,1.35,-,30.064480967600435,102.12213366694667,0.01304765776436357,0.4464876643104279
2.0049999999999795,10.325923799859613,16.028145338951898,0.09922344248387621,-0.4168623718149681,-10.325923799859613,-16.028145338951898,-0.09922344248387621,0.4168623718149681,-4.030984081192956,-1.35,-,30.59760447920298,103.40664088197953,0.013096884222055327,0.44735653549560395
2.0099999999999794,10.395031961840049,12.350672108740115,0.09992314207203024,0.5111569521811593,-10.395031961840049,-12.350672108740115,-0.09992314207203024,-0.5111569521811593,9.829016134446247,1.35,-,31.13788792664135,104.16933638966756,0.013146807393663062,0.4486629426444196
2.0149999999999793,10.46961885575633,15.941268479082966,0.10012238516465695,-0.3421379634852419,-10.46961885575633,-15.941268479082966,-0.10012238516465695,0.3421379634852419,-2.892623550996861,-1.35,-,31.685952521565383,105.43995659327855,0.013196929853718361,0.4492482345747087
2.019999999999979,10.538277984658013,12.257861823278814,0.10119508584188976,0.5855757562012421,-10.538277984658013,-12.257861823278814,-0.10119508584188976,-0.5855757562012421,10.968250986498877,1.35,-,32.24122903597501,106.19123247567151,0.013248132080711097,0.45096272940596194
2.024999999999979,10.612429030256314,15.850606251617066,0.10177139279925652,-0.266723173916801,-10.612429030256314,-15.850606251617066,-0.10177139279925652,0.266723173916801,-1.7327674305205738,-1.35,-,32.80434728558613,107.44744106839049,0.013299919162672598,0.4513184356634832
2.029999999999979,10.680607136587751,12.15694375764962,0.10321984618657708,0.6604546057559073,-10.680607136587751,-12.15694375764962,-0.10321984618657708,-0.6604546057559073,12.125479939753767,1.35,-,33.374724129616766,108.18639747602376,0.0133531908459065,0.45349943709480406
2.034999999999979,10.754308223032998,15.755557470495994,0.10417934027877787,-0.19006209955144016,-10.754308223032998,-15.755557470495994,-0.10417934027877787,0.19006209955144016,-0.5429579107586944,-0.5429579107586944,-,33.95299985639673,109.42758543205424,0.013407457520611106,0.45368005510323356
2.0399999999999787,10.82962183382629,14.642015566496028,0.1045241261685704,0.2457067455426091,-10.82962183382629,-14.642015566496028,-0.1045241261685704,-0.2457067455426091,5.979488260350665,1.35,-,34.539403401715155,110.49952853130178,0.01346208398536762,0.45398191412725925
2.0449999999999786,10.910451417771435,17.18473756182971,0.10288856184244345,-0.7088177777832136,-10.910451417771435,-17.18473756182971,-0.10288856184244345,0.7088177777832136,-8.3088254311641,-1.35,-,35.1345931524129,111.97610455664655,0.01351501426615765,0.45649402733776684
2.0499999999999785,10.985276583339761,13.489213722833652,0.10212447121661561,0.2182313655081593,-10.985276583339761,-13.489213722833652,-0.10212447121661561,-0.2182313655081593,5.514532888661887,1.35,-,35.737974660475246,112.88589899094795,0.013567161304264016,0.4567321519822246
2.0549999999999784,11.065621144219655,17.091772365190945,0.10086846080407944,-0.6330026559658999,-11.065621144219655,-17.091772365190945,-0.10086846080407944,0.6330026559658999,-7.197552634354703,-1.35,-,36.35021451701224,114.34654240386544,0.013618033536188935,0.458735613794524
2.0599999999999783,11.140017638886553,13.407224539440843,0.10048553117370836,0.29463962060334214,-11.140017638886553,-13.407224539440843,-0.10048553117370836,-0.29463962060334214,6.640622473000036,1.35,-,36.970714481985745,115.24531075312035,0.013668520246065246,0.4591696763246704
2.064999999999978,11.219952505451316,17.012200159299415,0.09960910759653557,-0.5571692038145059,-11.219952505451316,-17.012200159299415,-0.09960910759653557,0.5571692038145059,-6.074359339865512,-1.35,-,37.60015115310865,116.69238552442066,0.013718130117646136,0.4607218639330668
2.069999999999978,11.293973037277235,13.334021856521893,0.09960660420149549,0.3708073336081597,-11.293973037277235,-13.334021856521893,-0.09960660420149549,-0.3708073336081597,7.774648425766355,1.35,-,38.23792028794236,117.58136621877166,0.013767737495648903,0.46140935432635477
2.074999999999978,11.373495682388498,16.93062835423409,0.0991051963809424,-0.4822246097158243,-11.373495682388498,-16.93062835423409,-0.0991051963809424,0.4822246097158243,-4.953238805643007,-1.35,-,38.884702308128894,119.01459710111762,0.013816846695397428,0.46257205719743266
2.079999999999978,11.447117483778477,13.254507808612033,0.09947801655660568,0.44586085151104254,-11.447117483778477,-13.254507808612033,-0.09947801655660568,-0.44586085151104254,8.903057876538103,1.35,-,39.53988480156602,119.89300698736038,0.013866326074287609,0.4635660166919834
2.0849999999999778,11.526222460017873,16.846531036982,0.09934983133477897,-0.4076105686823663,-11.526222460017873,-16.846531036982,-0.09934983133477897,0.4076105686823663,-3.825931541073455,-1.35,-,40.20415382255511,121.31203502726034,0.013915678019218853,0.4643967485704912
2.0899999999999777,11.599420553960757,13.168257831540876,0.10009570811312275,0.5203688041120657,-11.599420553960757,-13.168257831540876,-0.10009570811312275,-0.5203688041120657,10.034309662167074,1.35,-,40.87688660849333,122.17905009885001,0.01396577377313219,0.4657506670319563
2.0949999999999775,11.678099327635607,16.75917131182665,0.10034169596181919,-0.3327893159658813,-11.678099327635607,-16.75917131182665,-0.10034169596181919,0.3327893159658813,-2.6844069007189746,-1.35,-,41.55877662802393,123.58339921414574,0.014016116052874658,0.4663044106760615
2.0999999999999774,11.750844356239778,13.074431500508092,0.10146097175054797,0.5948563192954571,-11.750844356239778,-13.074431500508092,-0.10146097175054797,-0.5948563192954571,11.176281769949828,1.35,-,42.249188343446775,124.43810300945312,0.014067587696817485,0.4680736808790901
2.1049999999999773,11.829085462733325,16.667950891676703,0.10208483919621618,-0.2572088191662801,-11.829085462733325,-16.667950891676703,-0.10208483919621618,0.2572088191662801,-1.5203372632080914,-1.35,-,42.948824657870006,125.82720594408981,0.01411969426878607,0.4684044627623747
2.1099999999999772,11.901345037026013,12.97241092233084,0.10358060688911912,0.669871320335543,-11.901345037026013,-12.97241092233084,-0.10358060688911912,-0.669871320335543,12.337280928297586,1.35,-,43.65703472632171,126.66862316977884,0.01417333897940366,0.47064810069141505
2.114999999999977,11.979133988606675,16.572266358291944,0.10458882351599902,-0.18031221538061457,-11.979133988606675,-16.572266358291944,-0.10458882351599902,0.18031221538061457,-0.32524019125912745,-0.32524019125912745,-,44.374532981906654,128.0418232310297,0.014228033089425962,0.4708106631664924
2.119999999999977,12.05975071474972,15.86429686976976,0.10449887849545013,0.09418589659770055,-12.05975071474972,-15.86429686976976,-0.10449887849545013,-0.09418589659770055,3.779947592382644,1.35,-,45.10172091841617,129.3002028068906,0.014282633167459995,0.47085501808208197
2.124999999999977,12.146699087018105,18.411982427349965,0.10210600807460582,-0.8600694518302884,-12.146699087018105,-18.411982427349965,-0.10210600807460582,0.8600694518302884,-10.515344044307515,-1.35,-,45.839432411968986,130.9952082914158,0.014334761351884651,0.47455361539194013
2.129999999999977,12.227664773493494,14.7197918809717,0.10058517037968011,0.06699148122650506,-12.227664773493494,-14.7197918809717,-0.10058517037968011,-0.06699148122650506,3.2971522026519513,1.35,-,46.58701134103364,132.07856965651138,0.014385348234386197,0.47457605468472475
2.1349999999999767,12.314150241538558,18.326387470489106,0.0985689189109071,-0.7848932533577758,-12.314150241538558,-18.326387470489106,-0.0985689189109071,0.7848932533577758,-9.435771257631707,-1.35,-,47.34520282188954,133.75785204510385,0.01443392739326252,0.47765634178055744
2.1399999999999766,12.394749896947472,14.653809666900164,0.0974273674802101,0.1432037975333709,-12.394749896947472,-14.653809666900164,-0.0974273674802101,-0.1432037975333709,4.398333664419617,1.35,-,48.11335194692892,134.8315227338725,0.014481387852933139,0.47775887841869735
2.1449999999999765,12.480851228984003,18.2551671510086,0.09578192942824364,-0.7108383568949834,-12.480851228984003,-18.2551671510086,-0.09578192942824364,0.7108383568949834,-8.361509019821565,-1.35,-,48.892210183929066,136.4977783724288,0.014527258742958123,0.4802853342668631
2.1499999999999764,12.561143369029935,14.597818998335972,0.09501329437701433,0.21804893034740463,-12.561143369029935,-14.597818998335972,-0.09501329437701433,-0.21804893034740463,5.490335485594201,1.35,-,49.681121797615674,137.56325996996966,0.014572396373499987,0.4805230609469913
2.1549999999999763,12.64686430654203,18.183057790939852,0.0937284605566664,-0.638815427239575,-12.64686430654203,-18.183057790939852,-0.0937284605566664,0.638815427239575,-7.306768772163151,-1.35,-,50.48083768155609,139.21637792311293,0.0146163214950916,0.4825634866973877
2.159999999999976,12.726831174141195,14.536631937576525,0.09332183240725736,0.29062682655864225,-12.726831174141195,-14.536631937576525,-0.09332183240725736,-0.29062682655864225,6.559035770205672,1.35,-,51.290698840231535,140.27294626355575,0.01465986631711084,0.48298580645896544
2.164999999999976,12.81217264709847,18.10973215728416,0.09239007311124289,-0.5682743833161265,-12.81217264709847,-18.10973215728416,-0.09239007311124289,0.5682743833161265,-6.263583104043632,-1.35,-,52.11145767992681,141.91275825759857,0.014702545945158343,0.484600485332632
2.169999999999976,12.891796115503707,14.470187300114942,0.09233743174344053,0.36151672416518293,-12.891796115503707,-14.470187300114942,-0.09233743174344053,-0.36151672416518293,7.6128879292518,1.35,-,52.942449715345376,142.95968986010058,0.014745176951663216,0.4852539570418876
2.174999999999976,12.976756340220945,18.03468208915978,0.09175384941224651,-0.4986903867590433,-12.976756340220945,-18.03468208915978,-0.09175384941224651,0.4986903867590433,-5.2242841648099185,-1.35,-,53.78443074091268,144.58593865038586,0.01478727079607304,0.48649741755111703
2.1799999999999757,13.056016041317099,14.39803015829827,0.09204983086632483,0.4312489297475587,-13.056016041317099,-14.39803015829827,-0.09204983086632483,-0.4312489297475587,8.6596826540269,1.35,-,54.63672851526831,145.62245501258218,0.014829636652885635,0.4874272957481591
2.1849999999999756,13.140590555478946,17.9573810135492,0.09181212360245163,-0.42954617725020294,-13.140590555478946,-17.9573810135492,-0.09181212360245163,0.42954617725020294,-4.181239562226128,-1.35,-,55.50010411600201,147.23479267691104,0.014871783983087594,0.4883498453401104
2.1899999999999755,13.219463690890732,14.319716183468872,0.09245397049454063,0.5003489176517901,-13.219463690890732,-14.319716183468872,-0.09245397049454063,-0.5003489176517901,9.707216193499967,1.35,-,56.37387521737588,148.26006403478652,0.01491452266638862,0.48960159053708696
2.1949999999999754,13.30364519398127,17.877153584277835,0.09256239436569423,-0.3603406196369226,-13.30364519398127,-17.877153584277835,-0.09256239436569423,0.3603406196369226,-3.126984499623618,-1.35,-,57.25881009461257,149.8580271361658,0.01495736165064217,0.49025081734788856
2.1999999999999753,13.382105075133168,14.234459919828149,0.09354979651262925,0.5693047939446334,-13.382105075133168,-14.234459919828149,-0.09354979651262925,-0.5693047939446334,10.76279225826083,1.35,-,58.15421377582208,150.87112638221174,0.01500111947277994,0.49187135708993024
2.204999999999975,13.465883500065779,17.793444135630793,0.09400716688327711,-0.29056088132351976,-13.465883500065779,-17.793444135630793,-0.09400716688327711,0.29056088132351976,-2.0538014938883924,-1.35,-,59.06086386800878,152.45415965325077,0.015045306209907041,0.49229348521870775
2.209999999999975,13.54390062936485,14.141723728082718,0.0953423709880834,0.6386298794046691,-13.54390062936485,-14.141723728082718,-0.0953423709880834,-0.6386298794046691,11.834174255627536,1.35,-,59.97805008929931,153.45410140325782,0.015090757048435186,0.4943327258330498
2.214999999999975,13.627263069218996,17.705688257978284,0.09615406695400164,-0.21969073036942752,-13.627263069218996,-17.705688257978284,-0.09615406695400164,0.21969073036942752,-0.9538456633030626,-0.9538456633030626,-,60.906561583087786,155.02155838670134,0.015136985071394158,0.49457404591810106
2.219999999999975,13.709887989723324,15.799828138042972,0.09724319988045775,0.5156529187836564,-13.709887989723324,-15.799828138042972,-0.09724319988045775,-0.5156529187836564,10.057833862311504,1.35,-,61.84636672654157,156.26973123265978,0.015184266271009111,0.49590353558135153
2.2249999999999748,13.796626626205647,18.37859980477894,0.09695722236130686,-0.4391767580143579,-13.796626626205647,-18.37859980477894,-0.09695722236130686,0.4391767580143579,-4.213855973651961,-1.35,-,62.79810125785618,157.95859588658084,0.015231269785849209,0.49686791670525154
2.2299999999999747,13.877522548126894,14.71338102143044,0.09754696053549539,0.489420935702476,-13.877522548126894,-14.71338102143044,-0.09754696053549539,-0.489420935702476,9.653886965923256,1.35,-,63.761029418225014,159.04101379198977,0.015278846833397775,0.49806558096677095
2.2349999999999746,13.963729045180136,18.270774455260373,0.09761449239415643,-0.36849256738102387,-13.963729045180136,-18.270774455260373,-0.09761449239415643,0.36849256738102387,-3.139206473890599,-1.35,-,64.73595806246104,160.71011978796471,0.015326489779024618,0.4987445148278462
2.2399999999999745,14.04407603890411,14.601189690688033,0.09855732451616114,0.559891788732982,-14.04407603890411,-14.601189690688033,-0.09855732451616114,-0.559891788732982,10.730523534107071,1.35,-,65.72213842139362,161.77609348988196,0.015375057510103537,0.5003119089032992
2.2449999999999743,14.129859566502235,18.183245295793867,0.09899259776693702,-0.29495066102840484,-14.129859566502235,-18.183245295793867,-0.09899259776693702,0.29495066102840484,-2.010511660346051,-1.35,-,66.72040307823897,163.42924553731697,0.015424055182166769,0.5007468883655047
2.2499999999999742,14.209745909783415,14.50497507794091,0.10030208173540783,0.6329858681693801,-14.209745909783415,-14.50497507794091,-0.10030208173540783,-0.6329858681693801,11.857808586521974,1.35,-,67.72998747234199,164.4812170473754,0.01547435772016905,0.5027502439120154
2.254999999999974,14.295093538243396,18.091594065689694,0.10111022338998069,-0.22036513514717834,-14.295093538243396,-18.091594065689694,-0.10111022338998069,0.22036513514717834,-0.8551880535144349,-0.8551880535144349,-,68.75173596867761,166.11774592656386,0.015525474106538909,0.5029930478759576
2.259999999999974,14.380292327543682,16.387452689283528,0.10199009497318245,0.44504863666555977,-14.380292327543682,-16.387452689283528,-0.10199009497318245,-0.44504863666555977,9.108541721468551,1.35,-,69.78570000580564,167.46048895478137,0.015577484003902102,0.5039833893209469
2.264999999999974,14.469888008079092,18.940059510607888,0.10135112874793921,-0.5097174084022594,-14.469888008079092,-18.940059510607888,-0.10135112874793921,0.5097174084022594,-5.167897484279482,-1.35,-,70.83258830063737,169.25411822610818,0.015628844260394507,0.5052824485030885
2.269999999999974,14.553519266895048,15.251932600830438,0.1015845286134163,0.41777135457140463,-14.553519266895048,-15.251932600830438,-0.1015845286134163,-0.41777135457140463,8.677517670464725,1.35,-,71.89161291589677,170.41722546640952,0.015680441342662558,0.5061551130265906
2.2749999999999737,14.642598314063987,18.836919111758142,0.10131795702849648,-0.43525971466500935,-14.642598314063987,-18.836919111758142,-0.10131795702849648,0.43525971466500935,-4.046684049749971,-1.35,-,72.96364134283189,172.19137307452408,0.0157317679847447,0.5071023681226419
2.2799999999999736,14.725716771586542,15.148516210498627,0.1019240274039123,0.49223661990583994,-14.725716771586542,-15.148516210498627,-0.1019240274039123,-0.49223661990583994,9.804408704719718,1.35,-,74.0478750150168,173.33876079142274,0.015783710521555867,0.5083138525725235
2.2849999999999735,14.814364309864635,18.749071960465024,0.10203892145433917,-0.3589851305962459,-14.814364309864635,-18.749071960465024,-0.10203892145433917,0.3589851305962459,-2.886637125524716,-1.35,-,75.14520196454373,175.09639928831618,0.01583577022901369,0.5089582041924695
2.2899999999999734,14.897032002135434,15.05574370048959,0.10302590574403521,0.5682562284455726,-14.897032002135434,-15.05574370048959,-0.10302590574403521,-0.5682562284455726,10.966228166939326,1.35,-,76.25480977690694,176.22977638019032,0.01588884191528558,0.5105727798983054
2.2949999999999733,14.98523754121108,18.657525003618346,0.10352497619941299,-0.2821500310866447,-14.98523754121108,-18.657525003618346,-0.10352497619941299,0.2821500310866447,-1.7068158215876656,-1.35,-,77.37759649773952,177.9702925764935,0.015942429018771024,0.5109708230985164
2.299999999999973,15.067422645859619,14.95486861305698,0.10489495846797321,0.6446006930673844,-15.067422645859619,-14.95486861305698,-0.10489495846797321,-0.6446006930673844,12.144229051125889,1.35,-,78.51273262368431,179.08853305266246,0.01599744378033101,0.5130483733660312
2.304999999999973,15.155172611099246,18.56167311096869,0.1057837263421794,-0.20418792286532392,-15.155172611099246,-18.56167311096869,-0.1057837263421794,0.20418792286532392,-0.4986225811838242,-0.4986225811838242,-,79.66112890804536,180.8112115960547,0.016053394764125196,0.5132568369052515
2.309999999999973,15.244794916143082,17.53649468177734,0.10596391154894143,0.19982256981269605,-15.244794916143082,-17.53649468177734,-0.10596391154894143,-0.19982256981269605,5.547318910705833,1.35,-,80.82314776822165,182.3488548246747,0.016109536516878954,0.5134564822022842
2.314999999999973,15.340071118904442,20.071120460913495,0.1040988178636465,-0.7547108731514766,-15.340071118904442,-20.071120460913495,-0.1040988178636465,0.7547108731514766,-8.744155575343003,-1.35,-,81.99973667788684,184.36310420745716,0.016163719336281995,0.5163044247125494
2.3199999999999728,15.429303367801097,16.368237611895548,0.10310365608047403,0.1718942880722289,-15.429303367801097,-16.368237611895548,-0.10310365608047403,-0.1718942880722289,5.069506049240499,1.35,-,83.19005368996501,185.70270022005448,0.0162168711557678,0.5164521629439087
2.3249999999999726,15.524105653210382,19.981987801606525,0.10162361709185776,-0.677749843530161,-15.524105653210382,-19.981987801606525,-0.10162361709185776,0.677749843530161,-7.6212894144140035,-1.35,-,84.39504297162517,187.6990994025722,0.01626850795352196,0.5187488871959345
2.3299999999999725,15.612939783023489,16.293484169468453,0.10101616052691897,0.24967669348367205,-15.612939783023489,-16.293484169468453,-0.10101616052691897,-0.24967669348367205,6.2107800848691745,1.35,-,85.61386241496673,189.02648753447576,0.01631952927695996,0.5190605794522791
2.3349999999999724,15.7073339051384,19.90361416415396,0.09991844151101535,-0.6013841921848122,-15.7073339051384,-19.90361416415396,-0.09991844151101535,0.6013841921848122,-6.495620620618338,-1.35,-,86.84746410700426,191.00725681845327,0.01636944775172991,0.520868894185328
2.3399999999999723,15.795805684416365,16.22404016805723,0.09969447245433011,0.3265120704510757,-15.795805684416365,-16.22404016805723,-0.09969447245433011,-0.3265120704510757,7.349411174318886,1.35,-,88.09500149310344,192.3233542153269,0.016419142690919646,0.5214019448460793
2.344999999999972,15.889790802277517,19.82354257518548,0.09897286139970515,-0.5262369657642347,-15.889790802277517,-19.82354257518548,-0.09897286139970515,0.5262369657642347,-5.376899081873134,-1.35,-,89.35742875180412,194.2882184164778,0.01646812082738787,0.522786571566763
2.349999999999972,15.977878710793258,16.148524059446267,0.09912559964337425,0.4018965610951454,-15.977878710793258,-16.148524059446267,-0.09912559964337425,-0.4018965610951454,8.47741804069845,1.35,-,90.6338917922882,195.59209256297035,0.016517250249911162,0.5235941757958635
2.354999999999972,16.071451145708142,19.74130302244742,0.0987766803875003,-0.45174405782319366,-16.071451145708142,-19.74130302244742,-0.0987766803875003,0.45174405782319366,-4.256826555258126,-1.35,-,91.92534950193259,197.54068778809076,0.016566034412853033,0.5246145392647563
2.359999999999972,16.159131992555537,16.066635267766134,0.09930223974785121,0.4764123805553495,-16.159131992555537,-16.066635267766134,-0.09930223974785121,-0.4764123805553495,9.603417289605556,1.35,-,93.23093723569671,198.83137163222787,0.01661533908694773,0.5257493830464883
2.364999999999972,16.252285006333615,19.656225380820427,0.09932534158215955,-0.3773631332260405,-16.252285006333615,-19.656225380820427,-0.09932534158215955,0.3773631332260405,-3.12735096678846,-1.35,-,94.55162107533216,200.76320761333588,0.016664666704349792,0.5264613977180792
2.3699999999999717,16.339531924599747,15.97764011417664,0.10022250963689312,0.5505939424021484,-16.339531924599747,-15.97764011417664,-0.10022250963689312,-0.5505939424021484,10.735380859853148,1.35,-,95.88652259290721,202.03963253142658,0.016714889461539376,0.5279771661651289
2.3749999999999716,16.432255835615976,19.56764946574858,0.10061970621761544,-0.302551103784041,-16.432255835615976,-19.56764946574858,-0.10061970621761544,0.302551103784041,-1.9803277407567723,-1.35,-,97.23661775214286,203.9540970594986,0.01676551108793597,0.5284348520171336
2.3799999999999715,16.519038339621083,15.880860478792767,0.1018899471385513,0.6249808044993361,-16.519038339621083,-15.880860478792767,-0.1018899471385513,-0.6249808044993361,11.88144001772901,1.35,-,98.6010108904722,205.21510570723296,0.016817418894575453,0.5303878570470967
2.3849999999999714,16.611320473669725,19.47497951312276,0.10266605729507806,-0.22675589007905858,-16.611320473669725,-19.47497951312276,-0.10266605729507806,0.22675589007905858,-0.8073950825504634,-0.8073950825504634,-,99.98069072986696,207.1114798424157,0.01687012049117803,0.5306449482155244
2.3899999999999713,16.703732440381934,17.865442547725557,0.10341196018500642,0.40423906735087334,-16.703732440381934,-17.865442547725557,-0.10341196018500642,-0.40423906735087334,8.640223561607986,1.35,-,101.37576411706627,208.70735002954606,0.016923590658724556,0.5314619943333879
2.394999999999971,16.80069410243878,20.41063394536706,0.10256896459411824,-0.5504840570345981,-16.80069410243878,-20.41063394536706,-0.10256896459411824,0.5504840570345981,-5.638485943602306,-1.35,-,102.78708072868484,210.79031991980486,0.016976192621214102,0.5329771578186342
2.399999999999971,16.89165793395061,16.71630057896956,0.1025974435873448,0.3766948229989145,-16.89165793395061,-16.71630057896956,-0.1025974435873448,-0.3766948229989145,8.199376327731304,1.35,-,104.21372126747279,212.18749344503712,0.01702882379836739,0.5336866527670051
2.404999999999971,16.98811047061401,20.309810209069976,0.10213214780261057,-0.4749780911209116,-16.98811047061401,-20.309810209069976,-0.10213214780261057,0.4749780911209116,-4.5069685267685555,-1.35,-,105.65670075428169,214.2499353986793,0.01708097867644126,0.5348146737022295
2.409999999999971,17.078579935594586,16.61749426936729,0.1025388971928241,0.4523289502605663,-17.078579935594586,-16.61749426936729,-0.1025388971928241,-0.4523289502605663,9.338510794611985,1.35,-,107.11509021736413,215.63064097764155,0.017133549803628863,0.5358376810984485
2.4149999999999707,17.17460163392129,20.222913197337427,0.1024580634733267,-0.39811448758300266,-17.17460163392129,-20.222913197337427,-0.1024580634733267,0.39811448758300266,-3.343404032341539,-1.35,-,108.58992492378356,217.67547206857674,0.017186038077482382,0.5366301568245659
2.4199999999999706,17.26463199941925,16.52794951607793,0.10324904313145522,0.5290584516328146,-17.26463199941925,-16.52794951607793,-0.10324904313145522,-0.5290584516328146,10.505756691762375,1.35,-,110.08026251416038,219.0413376446068,0.017239339902020187,0.5380296710507865
2.4249999999999705,17.360213836560536,20.13261224472582,0.10355392565363922,-0.3209805024001878,-17.360213836560536,-20.13261224472582,-0.10355392565363922,0.3209805024001878,-2.1643378528412907,-1.35,-,111.58714763641589,221.0679480235892,0.017292956979611585,0.5385448134653918
2.4299999999999704,17.449774643231695,16.430566473804152,0.10472976257248584,0.6058214281666489,-17.449774643231695,-16.430566473804152,-0.10472976257248584,-0.6058214281666489,11.68487017629237,1.35,-,113.10962081191371,222.41776559683964,0.01734779859545403,0.5403799114795212
2.4349999999999703,17.54490457494036,20.03829584462267,0.10542444951573603,-0.24300774942973988,-17.54490457494036,-20.03829584462267,-0.10542444951573603,0.24300774942973988,-0.9611873988199899,-0.9611873988199899,-,114.6487391946325,224.4254320986227,0.01740337016823251,0.5406751753109358
2.43999999999997,17.639329945056538,18.15365797788579,0.1064391463860638,0.5039459439032447,-17.639329945056538,-18.15365797788579,-0.1064391463860638,-0.5039459439032447,10.224422711699605,1.35,-,116.20446899918531,226.07320858851295,0.017460016627649476,0.5419449828828184
2.44499999999997,17.73768231483279,20.680704138712734,0.10609520966231474,-0.45068760471661395,-17.73768231483279,-20.680704138712734,-0.10609520966231474,0.45068760471661395,-4.045764550446921,-1.35,-,117.77759586869493,228.21166620687777,0.01751629759521593,0.5429605794680444
2.44999999999997,17.8299419687584,16.96679286765396,0.1066202363281654,0.4755479829241516,-17.8299419687584,-16.96679286765396,-0.1066202363281654,-0.4755479829241516,9.785056824888171,1.35,-,119.36713002174136,229.6510265079471,0.017573136969189298,0.5440913088883605
2.45499999999997,17.92777217817839,20.57522415793063,0.10666829520341632,-0.37229282881635184,-17.92777217817839,-20.57522415793063,-0.10666829520341632,0.37229282881635184,-2.8557526339082844,-1.35,-,120.97415509810466,231.76772575369253,0.01763002759519731,0.544784318640301
2.4599999999999698,18.01949697129723,16.857516813573824,0.10758512901479916,0.5537601305207762,-18.01949697129723,-16.857516813573824,-0.10758512901479916,-0.5537601305207762,10.978109108156994,1.35,-,122.59766645359757,233.18860511929213,0.017687900395122965,0.5463175700510728
2.4649999999999697,18.116867631266167,20.480437585036633,0.1080345262033622,-0.29202410181928085,-18.116867631266167,-20.480437585036633,-0.1080345262033622,0.29202410181928085,-1.6255601772874004,-1.35,-,124.23877091744163,235.285846737665,0.01774625768938289,0.5467439604312896
2.4699999999999696,18.2080957607192,16.754065716136356,0.10935161981852241,0.633564809803624,-18.2080957607192,-16.754065716136356,-0.10935161981852241,-0.633564809803624,12.207151589083692,1.35,-,125.89644467359919,236.68934032776804,0.01780604657316756,0.548750982272397
2.4749999999999694,18.304993541752154,20.381330364254385,0.11020743242190323,-0.21071357213372538,-18.304993541752154,-20.381330364254385,-0.11020743242190323,0.21071357213372538,-0.3677657467221582,-0.3677657467221582,-,127.5718086164171,238.76633346485238,0.017866774963972702,0.5489729833198038
2.4799999999999693,18.404525519938645,19.61502876368848,0.11007674191869403,0.09939049012682868,-18.404525519938645,-19.61502876368848,-0.11007674191869403,-0.09939049012682868,4.270490076754156,1.35,-,129.26544141448744,240.69008023185398,0.017927359409529876,0.549022375667442
2.4849999999999692,18.510132591529914,22.13079160551838,0.10771034563464403,-0.8547412163638379,-18.510132591529914,-22.13079160551838,-0.10771034563464403,0.8547412163638379,-10.022441925166344,-1.35,-,130.9785664572675,243.13893991728835,0.017985367002313547,0.5526752884021976
2.489999999999969,18.609601475250923,18.408478818301507,0.1062116092154901,0.07082930879913986,-18.609601475250923,-18.408478818301507,-0.1062116092154901,-0.07082930879913986,3.7681674055955163,1.35,-,132.71015279260578,244.8333003793076,0.018041771531974265,0.5527003723571224
2.494999999999969,18.71474985052623,22.046145532751098,0.10424533176288706,-0.7748554986498071,-18.71474985052623,-22.046145532751098,-0.10424533176288706,0.7748554986498071,-8.86963959862773,-1.35,-,134.4613621024446,247.26346304356375,0.018096106977946037,0.5557023775760616
2.499999999999969,18.813858153145997,18.343358531467743,0.10314966445184576,0.15179451892500187,-18.813858153145997,-18.343358531467743,-0.10314966445184576,-0.15179451892500187,4.94358424740791,1.35,-,136.23116839547805,248.94585705463356,0.01814930624432868,0.55581758545594
2.504999999999969,18.91859775374393,21.969699911865433,0.10157524364677716,-0.6966062396511087,-18.91859775374393,-21.969699911865433,-0.10157524364677716,0.6966062396511087,-7.729327031677908,-1.35,-,138.02073510031784,251.35919562572062,0.01820089389493819,0.5582438867215442
2.5099999999999687,19.017370411832903,18.281428615984858,0.10087342970052895,0.2308176263536192,-19.017370411832903,-18.281428615984858,-0.10087342970052895,-0.2308176263536192,6.101689229605236,1.35,-,139.82903698722208,253.03024878692733,0.018251771139035925,0.5585102706047218
2.5149999999999686,19.121704044622724,21.892164214747478,0.0996811215045333,-0.6202858516126313,-19.121704044622724,-21.892164214747478,-0.0996811215045333,0.6202858516126313,-6.606359505541611,-1.35,-,141.65723481507274,255.42658305695463,0.01830145276895793,0.5604340432932758
2.5199999999999685,19.220121848562883,18.213916573459603,0.09936274430398688,0.3076652502112403,-19.220121848562883,-18.213916573459603,-0.09936274430398688,-0.3076652502112403,7.238503123140116,1.35,-,143.50430023444073,257.08531684167934,0.018350817543736027,0.5609073328242136
2.5249999999999684,19.324049398024673,21.813073263217603,0.09854563814167489,-0.5453237178637763,-19.324049398024673,-21.813073263217603,-0.09854563814167489,0.5453237178637763,-5.492447754646181,-1.35,-,145.37139466012718,259.4643676676118,0.018399373757719776,0.5623942226105374
2.5299999999999683,19.42209153698779,18.14050002970728,0.09860321531562498,0.38292406442980786,-19.42209153698779,-18.14050002970728,-0.09860321531562498,-0.38292406442980786,8.36260285825515,1.35,-,147.2574828584828,261.1097563742508,0.01844798672807267,0.5631273768061346
2.534999999999968,19.525610065444887,21.731924529576727,0.09815719180590979,-0.4711604016761765,-19.525610065444887,-21.731924529576727,-0.09815719180590979,0.4711604016761765,-4.379385254844672,-1.35,-,149.16373010062176,263.4711390930469,0.01849616089958878,0.5642373374266728
2.539999999999968,19.62325368826153,18.060770937686442,0.09858608946078314,0.45716356818874104,-19.62325368826153,-18.060770937686442,-0.09858608946078314,-0.45716356818874104,9.482390431027053,1.35,-,151.08909052719108,265.10209632736473,0.018544756984764627,0.5652823300670681
2.544999999999968,19.726357318008883,21.64815731191887,0.0985097746515347,-0.3972464903001023,-19.726357318008883,-21.64815731191887,-0.0985097746515347,0.3972464903001023,-3.2590332957697816,-1.35,-,153.03473639237984,267.4453099023726,0.018593277863274107,0.5660713539373468
2.549999999999968,19.82357698731298,17.974217212909466,0.09930812767776206,0.5309376418543517,-19.82357698731298,-17.974217212909466,-0.09930812767776206,-0.5309376418543517,10.606113966732414,1.35,-,154.9996074152394,269.06067232445685,0.01864258838438842,0.5674808278350361
2.5549999999999677,19.926256825399083,21.561064593740642,0.09960286987555579,-0.3230467867453224,-19.926256825399083,-21.561064593740642,-0.09960286987555579,0.3230467867453224,-2.1233871881557222,-1.35,-,156.98488597059819,271.3850698565341,0.018692192042825653,0.5680026239671684
2.5599999999999676,20.023022994767036,17.880084341518035,0.10077142290699694,0.6047749042275777,-20.023022994767036,-17.880084341518035,-0.10077142290699694,-0.6047749042275777,11.741717513639664,1.35,-,158.98949321984298,272.98355693683305,0.018742966441199157,0.5698313873910857
2.5649999999999675,20.12526721664572,21.470053251937436,0.10144130116178952,-0.2480135526677481,-20.12526721664572,-21.470053251937436,-0.10144130116178952,0.2480135526677481,-0.9641720188848009,-0.9641720188848009,-,161.01462512254992,275.28837287003813,0.01879441812910614,0.5701389410026201
2.5699999999999674,20.22675934119417,19.565129486092772,0.10242668548665534,0.49854101578420223,-20.22675934119417,-19.565129486092772,-0.10242668548665534,-0.49854101578420223,10.214888482432487,1.35,-,163.0602340897828,277.20234432907597,0.01884687425860505,0.5713816567247157
2.5749999999999673,20.33223652180052,22.114713683955944,0.10205536676982041,-0.45620929279261246,-20.33223652180052,-22.114713683955944,-0.10205536676982041,0.45620929279261246,-4.0567251557907404,-1.35,-,165.12723329967494,279.64764713569264,0.01889895074803766,0.5724222913188673
2.579999999999967,20.431730530184616,18.422334633270022,0.10255591267641676,0.4710781088744739,-20.431730530184616,-18.422334633270022,-0.10255591267641676,-0.4710781088744739,9.790226237136144,1.35,-,167.2145113619653,281.3445592023935,0.018951539324162124,0.5735318642421711
2.584999999999967,20.53668301977178,22.008860776075206,0.10255966696234792,-0.3812014040992616,-20.53668301977178,-22.008860776075206,-0.10255966696234792,0.3812014040992616,-2.91798152074133,-1.35,-,169.32328810923815,283.76650896569674,0.01900413175059926,0.5742584367946073
2.589999999999967,20.63564147169014,18.31310765836704,0.10343515206231808,0.5459290200587116,-20.63564147169014,-18.31310765836704,-0.10343515206231808,-0.5459290200587116,10.93215039385039,1.35,-,171.45243660397878,285.4433585262314,0.019057625904010035,0.5757486292693186
2.594999999999967,20.740152024672135,21.9177922220075,0.10382500779087062,-0.3039860251793827,-20.740152024672135,-21.9177922220075,-0.10382500779087062,0.3039860251793827,-1.7344533354006462,-1.35,-,173.6032061340113,287.8453066056668,0.019111524065223907,0.5762106667868404
2.599999999999967,20.838634128701784,18.21398265842395,0.10508559752465686,0.6227211297816339,-20.838634128701784,-18.21398265842395,-0.10508559752465686,-0.6227211297816339,12.11492592791091,1.35,-,175.7744494957607,289.5040524270736,0.019166738979259478,0.5781495748142229
2.6049999999999667,20.942690015572246,21.822572716605773,0.10586626436123486,-0.22580679136196308,-20.942690015572246,-21.822572716605773,-0.10586626436123486,0.22580679136196308,-0.5249488500559181,-0.5249488500559181,-,177.9674308212024,291.8851758269313,0.019222777308908492,0.5784045183493488
2.6099999999999666,21.04847336960719,20.749149137138026,0.10599732180341832,0.19781423083471733,-21.04847336960719,-20.749149137138026,-0.10599732180341832,-0.19781423083471733,5.814095207099083,1.35,-,180.18262197715768,294.0378117765072,0.019278954470055978,0.5786001706989524
2.6149999999999665,21.15981595029894,23.285098758636966,0.10412251104587457,-0.7565860795668748,-21.15981595029894,-23.285098758636966,-0.10412251104587457,0.7565860795668748,-8.474858914630307,-1.35,-,182.42131103241027,296.74879089750453,0.01933316195658847,0.5814622831779243
2.6199999999999664,21.265121305983445,19.582925672406642,0.10311834628660449,0.17010337300638012,-21.265121305983445,-19.582925672406642,-0.10311834628660449,-0.17010337300638012,5.340589155082239,1.35,-,184.68233795320117,298.6662457869595,0.019386328923292888,0.581606958965465
2.6249999999999662,21.375986742287846,23.194622948254835,0.10162835657724566,-0.6797377026207653,-21.375986742287846,-23.194622948254835,-0.10162835657724566,0.6797377026207653,-7.3527082619961845,-1.35,-,186.96700199923345,301.356198455518,0.019437970537595845,0.5839171756872857
2.629999999999966,21.480883890297278,19.506092273560697,0.10101094550404431,0.24768611901662896,-21.480883890297278,-19.506092273560697,-0.10101094550404431,-0.24768611901662896,6.479813168893204,1.35,-,189.27414386277556,303.25863663444125,0.01948898659315395,0.5842239177550533
2.634999999999966,21.591341334995676,23.1163207829322,0.09990328859853236,-0.6033703381313893,-21.591341334995676,-23.1163207829322,-0.09990328859853236,0.6033703381313893,-6.226025673934384,-1.35,-,191.60507396599698,305.9304580671383,0.019538889928517957,0.5860441965797373
2.639999999999966,21.69587681825321,19.43683142713745,0.0996693900148177,0.32452891129390343,-21.69587681825321,-19.43683142713745,-0.0996693900148177,-0.32452891129390343,7.619546220903694,1.35,-,193.95862932056102,307.81941014677307,0.019588559865047584,0.5865707916510653
2.644999999999966,21.805925521200777,23.036347864674646,0.09893778187381326,-0.5282349671046089,-21.805925521200777,-23.036347864674646,-0.09893778187381326,0.5282349671046089,-5.106493800320411,-1.35,-,196.33612125974173,310.4727767614845,0.019637503288458133,0.5879659525534253
2.6499999999999657,21.91007799471398,19.361534284175978,0.09908055179769623,0.39990812176603685,-21.91007799471398,-19.361534284175978,-0.09908055179769623,-0.39990812176603685,8.748463908928075,1.35,-,198.73637884841392,312.34712181067107,0.01968658806718081,0.5887655850826975
2.6549999999999656,22.019714358729022,22.954214309101843,0.09872150296943702,-0.4537694028931217,-22.019714358729022,-22.954214309101843,-0.09872150296943702,0.4537694028931217,-3.985845638324072,-1.35,-,201.16071795061396,314.9816015834119,0.019735317742923534,0.5897951184377074
2.6599999999999655,22.12346062181792,19.279863036487143,0.09923697253964409,0.47440216578677513,-22.12346062181792,-19.279863036487143,-0.09923697253964409,-0.47440216578677513,9.875122760498748,1.35,-,203.60795550003954,316.8401671769403,0.019784557626517704,0.5909204055122232
2.6649999999999654,22.2326779970838,22.86926541375494,0.09924973874254199,-0.3794301724335935,-22.2326779970838,-22.86926541375494,-0.09924973874254199,0.3794301724335935,-2.8560140772073215,-1.35,-,206.07941535464957,319.4551836797641,0.019833810179720017,0.5916402417909882
2.6699999999999653,22.335991331943248,19.191114467432506,0.10013662751764077,0.5485482518361866,-22.335991331943248,-19.191114467432506,-0.10013662751764077,-0.5485482518361866,11.007535132933791,1.35,-,208.57389789855273,321.29667805227456,0.01988394690057305,0.5931447677139509
2.674999999999965,22.444780118653725,22.78083602133165,0.10052320690925547,-0.30467495910823866,-22.444780118653725,-22.78083602133165,-0.10052320690925547,0.30467495910823866,-1.708868357811966,-1.35,-,211.09273867142625,323.8915105014285,0.019934471476209654,0.5936089018674889
2.679999999999965,22.547630135150087,19.094602547314913,0.1017829041096619,0.6228848644383799,-22.547630135150087,-19.094602547314913,-0.1017829041096619,-0.6228848644383799,12.153813784572929,1.35,-,213.63471679498383,325.7145297336281,0.019986270274054637,0.595548829639221
2.684999999999965,22.65597774654308,22.688330578816995,0.10254803872864313,-0.22895208607044437,-22.65597774654308,-22.688330578816995,-0.10254803872864313,0.22895208607044437,-0.5360549886889553,-0.5360549886889553,-,216.20118343324305,328.28833145589647,0.020038850775290093,0.595810924927801
2.689999999999965,22.765966084174625,21.58229641992043,0.10267853547715855,0.20058092755245568,-22.765966084174625,-21.58229641992043,-0.10267853547715855,-0.20058092755245568,5.8911765172096064,1.35,-,218.79262949197192,330.61730904968294,0.020091565183528764,0.59601208847029
2.6949999999999648,22.881530118471463,24.136769689351407,0.10081727888661351,-0.7539138845271735,-22.881530118471463,-24.136769689351407,-0.10081727888661351,0.7539138845271735,-8.398452486082512,-1.35,-,221.41045159478446,333.53022730486686,0.02014238580213927,0.5988540191967042
2.6999999999999647,22.99114677930579,20.45221862241862,0.09982905767334219,0.1736321099033228,-22.99114677930579,-20.45221862241862,-0.09982905767334219,-0.1736321099033228,5.430607757270578,1.35,-,224.0534157459223,335.62169353776284,0.020192215005919008,0.5990047597446516
2.7049999999999645,23.10623078384284,24.04568060883452,0.09833877334613479,-0.6798286084979615,-23.10623078384284,-24.04568060883452,-0.09833877334613479,0.6798286084979615,-7.317184683746995,-1.35,-,226.72290525110327,338.5126673174732,0.020240567577635118,0.6013155944293129
2.7099999999999644,23.215435678753764,20.374678270493316,0.0977234146006943,0.24843405872646981,-23.215435678753764,-20.374678270493316,-0.0977234146006943,-0.24843405872646981,6.528473092467478,1.35,-,229.417687519875,340.5883048906037,0.020288316906441214,0.6016241918369895
2.7149999999999643,23.330125328868938,23.970140481553166,0.09660326456403977,-0.6058952214328737,-23.330125328868938,-23.970140481553166,-0.09660326456403977,0.6058952214328737,-6.226771530246688,-1.35,-,232.1391612591786,343.4611430641306,0.02033497786006336,0.6034597369337654
2.7199999999999642,23.438982494325938,20.308255015405745,0.09635922571179001,0.3228388563347815,-23.438982494325938,-20.308255015405745,-0.09635922571179001,-0.3228388563347815,7.631695630779725,1.35,-,234.88609076102512,345.5232691729843,0.020381403361962237,0.6039808615695632
2.724999999999964,23.553277323932093,23.89306745435865,0.09560287221899545,-0.5332039466415309,-23.553277323932093,-23.89306745435865,-0.09560287221899545,0.5332039466415309,-5.144023674293575,-1.35,-,237.65987512451534,348.37766253487695,0.020427102907844844,0.6054023938131337
2.729999999999964,23.661766695182877,20.23610955821885,0.09572330904126114,0.3957844840107629,-23.661766695182877,-20.23610955821885,-0.09572330904126114,-0.3957844840107629,8.723809754752052,1.35,-,240.4592711402016,350.4251631851381,0.020472917667313885,0.6061856206020519
2.734999999999964,23.77566342726271,23.813919623277613,0.09532711889299189,-0.461215889856881,-23.77566342726271,-23.813919623277613,-0.09532711889299189,0.461215889856881,-4.061026634902276,-1.35,-,243.28568199723392,353.2606770242577,0.020518353965296075,0.6072492210873343
2.739999999999964,23.883762506596526,20.157790826747828,0.09580791092672744,0.46781930048335474,-23.883762506596526,-20.157790826747828,-0.09580791092672744,-0.46781930048335474,9.812914487950051,1.35,-,246.1378525545914,355.29235967933226,0.020564249744276793,0.608343495576858
2.7449999999999637,23.99725497235545,23.732087823220564,0.09577091643847586,-0.38940245575162413,-23.99725497235545,-23.732087823220564,-0.09577091643847586,0.38940245575162413,-2.969941134338594,-1.35,-,249.01719378563254,358.1084196415775,0.02061011008645412,0.6091016669395849
2.7499999999999636,24.104938154863287,20.07266902927298,0.09661057727552125,0.5394687404707692,-24.104938154863287,-20.07266902927298,-0.09661057727552125,-0.5394687404707692,10.906840672974349,1.35,-,251.9224340028814,360.1229798513711,0.020656778104661665,0.6105567995493104
2.7549999999999635,24.21801728107841,23.64692908923493,0.09693446182099465,-0.3172386910461794,-24.21801728107841,-23.64692908923493,-0.09693446182099465,0.3172386910461794,-1.8629041653499367,-1.35,-,254.8549958080144,362.91886612812755,0.020703759554104292,0.6110600014847939
2.7599999999999634,24.325255386581684,19.980085920300738,0.09813408693294072,0.6112547027534228,-24.325255386581684,-19.980085920300738,-0.09813408693294072,-0.6112547027534228,12.013443779164733,1.35,-,257.81358605612644,364.9148852950405,0.0207519110491951,0.6129281630429847
2.7649999999999633,24.437909213365344,23.557864044473472,0.09882318976479344,-0.24419121668287552,-24.437909213365344,-23.557864044473472,-0.09882318976479344,0.24419121668287552,-0.7318467543471479,-0.7318467543471479,-,260.7996430897298,367.68975008672993,0.020800741163371543,0.61322630979451
2.769999999999963,24.551085027712677,22.07474117681644,0.09930291015109166,0.3281133849444808,-24.551085027712677,-22.07474117681644,-0.09930291015109166,-0.3281133849444808,7.834782651078423,1.35,-,263.8134219699196,370.12622107684706,0.02085004650319392,0.6137646017614086
2.774999999999963,24.66916353359656,24.64456321446069,0.09807895194722135,-0.6266415628650029,-24.66916353359656,-24.64456321446069,-0.09807895194722135,0.6266415628650029,-6.448781358133647,-1.35,-,266.8562601171562,373.1629935570047,0.020898143907269247,0.615728000002958
2.779999999999963,24.78136733951195,20.974593515790026,0.0977298335156199,0.30168345847961886,-24.78136733951195,-20.974593515790026,-0.0977298335156199,-0.30168345847961886,7.40194594382486,1.35,-,269.9268409532353,375.36266142276776,0.0209458995090642,0.6161830645485591
2.784999999999963,24.898944857795428,24.54683986165907,0.09686501820645799,-0.5548734863668462,-24.898944857795428,-24.54683986165907,-0.09686501820645799,0.5548734863668462,-5.383232430860825,-1.35,-,273.0266282283929,378.37539815873737,0.020992813667824888,0.6177224874779236
2.7899999999999627,25.01068239055904,20.883272574971137,0.0968760733050857,0.37379740282652024,-25.01068239055904,-20.883272574971137,-0.0968760733050857,-0.37379740282652024,8.478194889095873,1.35,-,276.1542993965999,380.55595352594,0.02103973853571995,0.6184211099697228
2.7949999999999626,25.12785875470906,24.46750430944166,0.0963760845244742,-0.48195972997754016,-25.12785875470906,-24.46750430944166,-0.0963760845244742,0.48195972997754016,-4.289290245418793,-1.35,-,279.3113458245829,383.5492473616027,0.02108618028406129,0.6195825358763228
2.7999999999999625,25.239208635110167,20.80596486696445,0.0967523047477025,0.44681906902786395,-25.239208635110167,-20.80596486696445,-0.0967523047477025,-0.44681906902786395,9.579258249377194,1.35,-,282.4964340872159,385.71368823182945,0.021132985326431254,0.6205807722785575
2.8049999999999624,25.355978536415655,24.385658973567388,0.0966153995024577,-0.40937307406620266,-25.355978536415655,-24.385658973567388,-0.0966153995024577,0.40937307406620266,-3.1894127975282,-1.35,-,285.71106232491167,388.686990049705,0.02117965800353635,0.6214187038474095
2.8099999999999623,25.466916036803344,20.72201609013228,0.09735454208563883,0.5193033803070637,-25.466916036803344,-20.72201609013228,-0.09735454208563883,-0.5193033803070637,10.682985799165317,1.35,-,288.95388138703953,390.83399980390345,0.02122704753785987,0.6227670838514012
2.814999999999962,25.583271128430447,24.30062489551836,0.0975816480281322,-0.33658606221325443,-25.583271128430447,-24.30062489551836,-0.0975816480281322,0.33658606221325443,-2.075722869729248,-1.35,-,292.2264001951934,393.7866016554668,0.0212746584280193,0.6233335347377823
2.819999999999962,25.693767616911387,20.630680482292743,0.09868404870371868,0.5917692378889952,-25.693767616911387,-20.630680482292743,-0.09868404870371868,-0.5917692378889952,11.797163613213018,1.35,-,295.5272486669525,395.91472654127904,0.021323351135362087,0.6250844888923409
2.824999999999962,25.809696686106747,24.211817386309,0.09927877821460421,-0.2630609632451021,-25.809696686106747,-24.211817386309,-0.09927877821460421,0.2630609632451021,-0.9401085602870183,-0.9401085602870183,-,298.8579508820966,398.84578704701886,0.02137263251438101,0.6254304942442581
2.829999999999962,25.924991515302708,22.343741216079774,0.10012942087201414,0.4642065952475787,-25.924991515302708,-22.343741216079774,-0.10012942087201414,-0.4642065952475787,9.948914726727597,1.35,-,302.2184768074391,401.34200090467453,0.021422762019001833,0.6265079330596148
2.8349999999999618,26.044400036063124,24.90651723164918,0.09958616644512545,-0.4906052734294138,-26.044400036063124,-24.90651723164918,-0.09958616644512545,0.4906052734294138,-4.325380258688817,-1.35,-,305.61003067363146,404.44367390772663,0.021472349041738014,0.6277114007311986
2.8399999999999617,26.157891906951722,21.22759125116702,0.09991652070113265,0.4373257411950907,-26.157891906951722,-21.22759125116702,-0.09991652070113265,-0.4373257411950907,9.529501429744759,1.35,-,309.0312072187102,406.6967270593597,0.02152226559728311,0.6286676697507577
2.8449999999999616,26.276779313353554,24.80214002405674,0.09973815460036081,-0.41763981001092615,-26.276779313353554,-24.80214002405674,-0.09973815460036081,0.41763981001092615,-3.2214108581432033,-1.35,-,312.4835528741236,409.77245780822426,0.021572004094698536,0.6295397848052875
2.8499999999999615,26.38974921282161,21.121932771292446,0.10043357146340015,0.5102487105361555,-26.38974921282161,-21.121932771292446,-0.10043357146340015,-0.5102487105361555,10.638262853932048,1.35,-,315.9656471917016,412.0031380281992,0.021622438606083004,0.6308415535383065
2.8549999999999613,26.508209830328642,24.714874148921115,0.10063081635060875,-0.342532776494349,-26.508209830328642,-24.714874148921115,-0.10063081635060875,0.342532776494349,-2.0739035259645355,-1.35,-,319.47907313374515,415.0572630491842,0.021673071412079952,0.6314281970531711
2.8599999999999612,26.6207288654954,21.028765486108238,0.10170115221304092,0.5850511006186266,-26.6207288654954,-21.028765486108238,-0.10170115221304092,-0.5850511006186266,11.786688256816996,1.35,-,323.0223891603962,417.2683079385328,0.021724787033887253,0.6331396210048464
2.864999999999961,26.738751600379434,24.62381245467679,0.10227734922255706,-0.2667398368831339,-26.738751600379434,-24.62381245467679,-0.10227734922255706,0.2667398368831339,-0.9049110017999394,-0.9049110017999394,-,326.5971933461301,420.2999686375482,0.021777090314707218,0.6334953717077486
2.869999999999961,26.85635984261704,22.832303878786355,0.10303957058365462,0.43639923343558706,-26.85635984261704,-22.832303878786355,-0.10303957058365462,-0.43639923343558706,9.622482531569032,1.35,-,330.20351366611067,422.9065391396144,0.021830176080237535,0.6344475931624645
2.874999999999961,26.97816191208718,25.379025327883,0.10235739954712214,-0.5183495214634017,-26.97816191208718,-25.379025327883,-0.10235739954712214,0.5183495214634017,-4.653174845703046,-1.35,-,333.8426197668845,426.12701377258094,0.02188256126644778,0.6357910242944711
2.879999999999961,27.093971389288747,21.685520683377465,0.10254679097925318,0.40887231557703724,-27.093971389288747,-21.685520683377465,-0.10254679097925318,-0.40887231557703724,9.188755867583456,1.35,-,337.5130361951024,428.47832280912684,0.02193514048814849,0.6366269071466977
2.8849999999999607,27.215259213992397,25.276607616087777,0.10224129762357087,-0.4430312700936109,-27.215259213992397,-25.276607616087777,-0.10224129762357087,0.4430312700936109,-3.517707066169148,-1.35,-,341.2163878655263,431.6728572720151,0.021987406902847246,0.6376082906781014
2.8899999999999606,27.330561309625807,21.583380511290567,0.10280778057021044,0.4842322613969079,-27.330561309625807,-21.583380511290567,-0.10280778057021044,-0.4842322613969079,10.330490692117618,1.35,-,344.9511857730223,434.00206884349086,0.022040254101576107,0.6387806950929892
2.8949999999999605,27.451414624737627,25.188317194144055,0.10288717465310515,-0.366074055274041,-27.451414624737627,-25.188317194144055,-0.10288717465310515,0.366074055274041,-2.345980280441652,-1.35,-,348.7190865975185,437.17432545885487,0.0220931829551166,0.639450746162713
2.8999999999999604,27.566265058512602,21.490590222353042,0.1038380542123843,0.5609561451342907,-27.566265058512602,-21.490590222353042,-0.1038380542123843,-0.5609561451342907,11.504375396987689,1.35,-,352.51858144389934,439.4835527993803,0.02214709466262967,0.6410241051465326
2.9049999999999603,27.68667361258072,25.09636409326247,0.10430477023343258,-0.288610769451661,-27.68667361258072,-25.09636409326247,-0.10430477023343258,0.288610769451661,-1.1551957619049475,-1.1551957619049475,-,356.35134092254714,442.63269025288815,0.022201492088096915,0.64144058602775
2.90999999999996,27.804350334439906,22.493514946977175,0.1054277159344238,0.5666259455176548,-27.804350334439906,-22.493514946977175,-0.1054277159344238,-0.5666259455176548,11.642849234098318,1.35,-,360.2167504101484,445.1624813262375,0.022257067104532662,0.6430459108384189
2.91499999999996,27.926110600793244,25.36359708230809,0.10556405056358338,-0.3546693904578448,-27.926110600793244,-25.36359708230809,-0.10556405056358338,0.3546693904578448,-2.112263732736029,-1.35,-,364.11608867658697,448.3790416110058,0.022312785948389615,0.6436748627210576
2.91999999999996,28.041794790453974,21.65145461063285,0.10656988532849401,0.5716514355788626,-28.041794790453974,-21.65145461063285,-0.10656988532849401,-0.5716514355788626,11.728020697441163,1.35,-,368.04779995193655,450.7229690447872,0.022369571650684254,0.6453087895400544
2.92499999999996,28.163099639573176,25.26940911917073,0.10710361301428997,-0.2751737918254363,-28.163099639573176,-25.26940911917073,-0.10710361301428997,0.2751737918254363,-0.8891405142008532,-0.8891405142008532,-,372.0136008584791,453.91568423094725,0.022426927570287827,0.6456873926185924
2.9299999999999597,28.28411571396165,23.525152936613253,0.1078019445563748,0.41946714242299676,-28.28411571396165,-23.525152936613253,-0.1078019445563748,-0.41946714242299676,9.510903991981303,1.35,-,376.01355686708285,456.6828483344024,0.022485033866538506,0.646567156036455
2.9349999999999596,28.409301832703328,26.045365322990975,0.10703549855177436,-0.5351394073789763,-28.409301832703328,-26.045365322990975,-0.10703549855177436,0.5351394073789763,-4.764279252640077,-1.35,-,380.048999020191,460.07465360844265,0.02254231685628964,0.6479990269631045
2.9399999999999595,28.528367897992986,22.3270691039191,0.10713720677072236,0.3908619888594013,-28.528367897992986,-22.3270691039191,-0.10713720677072236,-0.3908619888594013,9.057664032449956,1.35,-,384.1183378948071,462.5671436822985,0.022599708761662802,0.6487628924347801
2.9449999999999594,28.653046371851943,25.944616523255515,0.1067671385878274,-0.45588490897315037,-28.653046371851943,-25.944616523255515,-0.1067671385878274,0.45588490897315037,-3.571752370440656,-1.35,-,388.2233232267445,465.9327593149923,0.022656704871073963,0.6498020476859274
2.9499999999999593,28.771616285757368,22.227486453776905,0.10726579741941915,0.4702095156623572,-28.771616285757368,-22.227486453776905,-0.10726579741941915,-0.4702095156623572,10.25754407673248,1.35,-,392.36235274521874,468.40306508525646,0.02271423462755408,0.6509075326290246
2.954999999999959,28.895843030314538,25.853124717493788,0.10729738452109508,-0.375576968359409,-28.895843030314538,-25.853124717493788,-0.10729738452109508,0.375576968359409,-2.3512975420122517,-1.35,-,396.5372014673815,471.7449853735478,0.02277179827117942,0.6516128229248348
2.959999999999959,29.013947338304387,22.132132433390634,0.10819730068678164,0.5503144375298752,-29.013947338304387,-22.132132433390634,-0.10819730068678164,-0.5503144375298752,11.480876615449839,1.35,-,400.74624716813094,474.19414180379346,0.022830331550558948,0.6531270528256039
2.964999999999959,29.137712292483354,25.75795555020781,0.10863255473014502,-0.29484299366077116,-29.137712292483354,-25.75795555020781,-0.10863255473014502,0.29484299366077116,-1.1124889812559013,-1.1124889812559013,-,404.9912785563285,477.5115031744258,0.022889336710294937,0.6535617147801581
2.969999999999959,29.259359810461312,23.376264858468872,0.109674725921937,0.5438751809097142,-29.259359810461312,-23.376264858468872,-0.109674725921937,-0.5438751809097142,11.441148292062598,1.35,-,409.2718292389186,480.24375196809217,0.022949479437825195,0.6550407158422059
2.974999999999959,29.38485591729972,26.101558173986554,0.10963775719597127,-0.3892653654589173,-29.38485591729972,-26.101558173986554,-0.10963775719597127,0.3892653654589173,-2.496988723772471,-1.35,-,413.58917802532085,483.6502086636421,0.023009581626840008,0.6557983534659352
2.9799999999999587,29.50416544319926,22.368403957235838,0.11046738991732657,0.5360260501503659,-29.50416544319926,-22.368403957235838,-0.11046738991732657,-0.5360260501503659,11.324936297888074,1.35,-,417.9416569178191,486.15193614161245,0.02307059684801574,0.6572349730981342
2.9849999999999586,29.629192916368677,26.00550021134449,0.11084288671007593,-0.30675604831558445,-29.629192916368677,-26.00550021134449,-0.11084288671007593,0.30675604831558445,-1.233419703200991,-1.233419703200991,-,422.33110228219596,489.5333663478236,0.023132027575686852,0.6577054694640251
2.9899999999999585,29.74998752603724,22.926702464675905,0.1119565285639254,0.5756177974810132,-29.74998752603724,-22.926702464675905,-0.1119565285639254,-0.5756177974810132,11.962148441009086,1.35,-,426.7564110711927,492.1615347773424,0.023194698897127275,0.6593621487079095
2.9949999999999584,29.87561518865099,26.1221245892661,0.11231667099707582,-0.30981088924363187,-29.87561518865099,-26.1221245892661,-0.11231667099707582,0.30981088924363187,-1.2449461743669787,-1.2449461743669787,-,431.2191729856944,495.57336174262804,0.0232577740700466,0.6598420626433792
2.9999999999999583,29.996774380088542,22.97052862333143,0.11342660508436794,0.5764232945484384,-29.996774380088542,-22.97052862333143,-0.11342660508436794,-0.5764232945484384,12.007030042162265,1.35,-,435.71820535174396,498.21158766880444,0.023322102043751423,0.6615033817158695
3.004999999999958,30.12288844025851,26.216153848729277,0.11381958267104282,-0.3032099681598985,-30.12288844025851,-26.216153848729277,-0.11381958267104282,0.3032099681598985,-1.1116171677479083,-1.1116171677479083,-,440.25514739166516,501.6480212819056,0.023386876530748474,0.6619630631398271
3.009999999999958,30.246767338337886,23.81465549594452,0.11481574939831278,0.5341228576918072,-30.246767338337886,-23.81465549594452,-0.11481574939831278,-0.5341228576918072,11.420242909804205,1.35,-,444.8294820637628,504.4837103638581,0.023452789812297953,0.6633894992753714
3.014999999999958,30.374599871150288,26.557486995696117,0.11475323478837086,-0.39427552412020583,-30.374599871150288,-26.557486995696117,-0.11475323478837086,0.39427552412020583,-2.446700605217591,-1.35,-,449.4425636504251,508.01021094149087,0.023518631336769926,0.6641667652199726
3.019999999999958,30.49610800116801,22.797372980968003,0.11555371728141475,0.5296537557890508,-30.49610800116801,-22.797372980968003,-0.11555371728141475,-0.5296537557890508,11.353903875723063,1.35,-,454.0926266665195,510.6088120156577,0.02358539464465769,0.6655694307250799
3.0249999999999577,30.623451586612255,26.457435161168,0.11592256817124492,-0.30798593464503904,-30.623451586612255,-26.457435161168,-0.11592256817124492,0.30798593464503904,-1.1268637304190614,-1.1268637304190614,-,458.7816056019073,514.1087913921947,0.023652584853714773,0.6660437074047758
3.0299999999999576,30.74824675404787,23.959229733484094,0.11691016836773926,0.5344513365740449,-30.74824675404787,-23.959229733484094,-0.11691016836773926,-0.5344513365740449,11.479537038958359,1.35,-,463.5088789941463,516.979014839304,0.023720924791053637,0.6674718985606047
3.0349999999999575,30.877158261982878,26.76859690690382,0.11688802242930617,-0.3861547802072145,-30.877158261982878,-26.76859690690382,-0.11688802242930617,0.3861547802072145,-2.268543098051234,-1.35,-,468.2758735058239,520.5618037411255,0.023789238839990807,0.6682174761319891
3.0399999999999574,30.999688182700776,22.997114284209836,0.11772738667645126,0.5371891810739058,-30.999688182700776,-22.997114284209836,-0.11772738667645126,-0.5371891810739058,11.523678329247582,1.35,-,473.08077684294716,523.2061400681305,0.023858537527859137,0.6696603372133033
3.0449999999999573,31.128100826961415,26.66629368906215,0.1181444420450864,-0.2983019529626018,-31.128100826961415,-26.66629368906215,-0.1181444420450864,0.2983019529626018,-0.9239127569030318,-0.9239127569030318,-,477.9255701484144,526.7615961636869,0.02392832807378986,0.6701052574890098
3.049999999999957,31.25611741297253,24.898554085314668,0.11883448894325759,0.4292808653012401,-31.25611741297253,-24.898554085314668,-0.11883448894325759,-0.4292808653012401,9.96994609189266,1.35,-,482.8102945270819,529.8612861413835,0.023998936252601882,0.6710266677955787
3.054999999999957,31.387986190938594,27.357425646347785,0.11811867489938098,-0.5247915492996554,-31.387986190938594,-27.357425646347785,-0.11811867489938098,0.5247915492996554,-4.297425155439618,-1.35,-,487.73632291269456,533.6034298313607,0.024068696359401807,0.6724036986466604
3.059999999999957,31.513438580676542,23.580713503073213,0.11826343036758966,0.3982697739627178,-31.513438580676542,-23.580713503073213,-0.11826343036758966,-0.3982697739627178,9.480149878243138,1.35,-,492.70180696858483,536.3836800779308,0.024138627554213355,0.6731967927109219
3.064999999999957,31.6448067003257,27.257503393920462,0.1179901987872677,-0.4363228138483818,-31.6448067003257,-27.257503393920462,-0.1179901987872677,0.4363228138483818,-2.9640468900252737,-1.35,-,497.7087759240896,540.0985375342786,0.02420823598926265,0.6741486807003447
3.0699999999999568,31.769762973859837,23.480805226510242,0.11857767580442811,0.48675521505509034,-31.769762973859837,-23.480805226510242,-0.11857767580442811,-0.48675521505509034,10.820399986377376,1.35,-,502.75536512116565,542.8552786047052,0.024278539315258547,0.6753333338972614
3.0749999999999567,31.900632596168585,27.15637792618931,0.11874766413749076,-0.34767706560553496,-31.900632596168585,-27.15637792618931,-0.11874766413749076,0.34767706560553496,-1.6147881596501328,-1.35,-,507.8436169213442,546.5426229150552,0.024349044353949096,0.6759377306070017
3.0799999999999566,32.025071781696006,23.37457048509273,0.11977791537601062,0.5751247687050145,-32.025071781696006,-23.37457048509273,-0.11977791537601062,-0.5751247687050145,12.172034542185072,1.35,-,512.971643034458,549.274475641868,0.02442077809900821,0.6775915731048916
3.0849999999999564,32.15543514814358,27.052824217035223,0.12039434170626766,-0.25825866438426887,-32.15543514814358,-27.052824217035223,-0.12039434170626766,0.25825866438426887,-0.2406909499035702,-0.2406909499035702,-,518.1415030822902,552.9337521324569,0.024493252086582634,0.6779250607935393
3.0899999999999563,32.28921076805738,26.556675778736786,0.11977230699745568,-0.03520153853452157,-32.28921076805738,-26.556675778736786,-0.11977230699745568,0.03520153853452157,3.091263473241043,1.35,-,523.3544687424103,556.4600372745416,0.024564979114200095,0.6779312565351153
3.0949999999999562,32.42937923531273,29.025200084892454,0.11673541070228848,-0.9884222632024462,-32.42937923531273,-29.025200084892454,-0.11673541070228848,0.9884222632024462,-11.197623616392008,-1.35,-,528.6127919303489,560.6723484743817,0.024633114894759254,0.6828161493870865
3.099999999999956,32.5631687532355,25.253778685450612,0.11455994599124768,-0.06549689129822554,-32.5631687532355,-25.253778685450612,-0.11455994599124768,0.06549689129822554,2.543548144233764,1.35,-,533.9145917266072,563.8611151638502,0.02469873480088684,0.6828375986009351
3.104999999999956,32.702898130737516,28.94655414542899,0.11196023273076468,-0.901245656701786,-32.702898130737516,-28.94655414542899,-0.11196023273076468,0.901245656701786,-9.95223435142724,-1.35,-,539.261989457354,568.0506301483214,0.024761410269452472,0.6868988172695542
3.109999999999956,32.83637732999689,25.2016709973294,0.11022542571351003,0.023164204266970738,-32.83637732999689,-25.2016709973294,-0.11022542571351003,-0.023164204266970738,3.8183329628536753,1.35,-,544.6531278381436,571.2262512536095,0.024822158491821095,0.6869015001713508
3.114999999999956,32.975679193260035,28.86878549558366,0.10804572545709955,-0.8174316085543214,-32.975679193260035,-28.86878549558366,-0.10804572545709955,0.8174316085543214,-8.744385368816253,-1.35,-,550.0901049294275,575.3932851335595,0.024880527885768847,0.6902424723446692
3.1199999999999557,33.10883761796517,25.145520571047044,0.1067338597723725,0.10816575412700799,-33.10883761796517,-25.145520571047044,-0.1067338597723725,-0.10816575412700799,5.050758124630255,1.35,-,555.5710805714914,578.5547711575042,0.024937488469878387,0.6903009714964985
3.1249999999999556,33.24771943080016,28.79088621556117,0.10495996702583776,-0.7364167836419725,-33.24771943080016,-28.79088621556117,-0.10495996702583776,0.7364167836419725,-7.566125747698791,-1.35,-,561.0981348082373,582.6993468028911,0.02499257144326871,0.6930125198926463
3.1299999999999555,33.380542109492055,25.084485179232388,0.10405621205320902,0.19009282842867567,-33.380542109492055,-25.084485179232388,-0.10405621205320902,-0.19009282842867567,6.249146995192601,1.35,-,566.669437765855,585.8455037864267,0.025046709919603023,0.6931931963097464
3.1349999999999554,33.51900815627557,28.71223820829806,0.10267689793594657,-0.6576149168920076,-33.51900815627557,-28.71223820829806,-0.10267689793594657,0.6576149168920076,-6.40906519392393,-1.35,-,572.2870573047572,589.9674669010768,0.025099422646451767,0.6953554832043408
3.1399999999999553,33.65147748265113,25.018127245881722,0.10216941145627058,0.26955359806164286,-33.65147748265113,-25.018127245881722,-0.10216941145627058,-0.26955359806164286,7.422266786992381,1.35,-,577.949166988584,593.0970003555324,0.025151615589638368,0.6957187789154807
3.144999999999955,33.7895289083208,28.632122185022286,0.10117635090367501,-0.5804614093742492,-33.7895289083208,-28.632122185022286,-0.10117635090367501,0.5804614093742492,-5.265052277025335,-1.35,-,583.6578283078152,597.1959924596225,0.025202798859549284,0.6974034561543444
3.149999999999955,33.92162353922112,24.945729621918854,0.10105610211440824,0.34711391364297356,-33.92162353922112,-24.945729621918854,-0.10105610211440824,-0.34711391364297356,8.578329770367949,1.35,-,589.4112110254982,600.3074395914718,0.02525386053842207,0.6980058964995671
3.154999999999955,34.05925862930119,28.550155740857175,0.10044384232076696,-0.5043705156706402,-34.05925862930119,-28.550155740857175,-0.10044384232076696,0.5043705156706402,-4.125526640258907,-1.35,-,595.2113765173863,604.3829965556077,0.025304305365722864,0.6992778445849565
3.159999999999955,34.19095630658886,24.867087835862748,0.10070483928236872,0.42337914684213634,-34.19095630658886,-24.867087835862748,-0.10070483928236872,-0.42337914684213634,9.726239800848386,1.35,-,601.0564839831815,607.4748568427902,0.025355012688997303,0.7001740940948603
3.1649999999999547,34.328170471519336,28.46584765267459,0.10047075435066015,-0.4287725504632833,-34.328170471519336,-28.46584765267459,-0.10047075435066015,0.4287725504632833,-2.982083169775082,-1.35,-,606.9486004227898,611.5263792557165,0.025405484551396254,0.7010933235950142
3.1699999999999546,34.459447144143994,24.78187875461534,0.10110992494086463,0.49893681971447973,-34.459447144143994,-24.78187875461534,-0.10110992494086463,-0.49893681971447973,10.874716630688232,1.35,-,612.88586791019,614.5970868287587,0.02545660063600399,0.7023380133453482
3.1749999999999545,34.59623262353285,28.37843096678325,0.10125416457537419,-0.35312515234749,-34.59623262353285,-28.37843096678325,-0.10125416457537419,0.35312515234749,-1.8266468923047579,-1.35,-,618.8703644688978,618.623763549441,0.02550786266522327,0.7029615002114503
3.1799999999999544,34.7270595878972,24.68918259904012,0.10227105617280467,0.5743114139719286,-34.7270595878972,-24.68918259904012,-0.10227105617280467,-0.5743114139719286,12.03160308766769,1.35,-,624.9002078070046,621.6715422364847,0.025560159509876775,0.7046106682125425
3.1849999999999543,34.86340568966884,28.28728875574807,0.102796560546963,-0.27687166823141335,-34.86340568966884,-28.28728875574807,-0.102796560546963,0.27687166823141335,-0.6508446125650406,-0.6508446125650406,-,630.9774930884166,625.67239576224,0.025612995174178203,0.7049939578158887
3.189999999999954,35.00075723392421,26.96964881241487,0.10294398728288509,0.23806328598710674,-35.00075723392421,-26.96964881241487,-0.10294398728288509,-0.23806328598710674,7.054532364655144,1.35,-,637.102758123157,629.3092055475648,0.025665982496766694,0.7052773284565635
3.194999999999954,35.143251697831545,29.521449255496755,0.10127007482189788,-0.7164912689862308,-35.143251697831545,-29.521449255496755,-0.10127007482189788,0.7164912689862308,-7.232158859441798,-1.35,-,643.2779988226425,633.6667853782891,0.025717260637038858,0.707844127149231
3.199999999999954,35.27978624993441,25.83459403201996,0.10046885606389432,0.21097502248582953,-35.27978624993441,-25.83459403201996,-0.10046885606389432,-0.21097502248582953,6.599541508883634,1.35,-,649.5013154118477,637.0039166222854,0.025767730592232793,0.7080666794497954
3.204999999999954,35.42179578281741,29.428617518090043,0.09916775501638303,-0.6420287578139434,-35.42179578281741,-29.428617518090043,-0.09916775501638303,0.6420287578139434,-6.137470860288908,-1.35,-,655.7748334942457,641.3341342674155,0.025816901810407737,0.7101276840790959
3.209999999999954,35.55790329352898,25.753142258794288,0.09874094327649607,0.2860426624618912,-35.55790329352898,-25.753142258794288,-0.09874094327649607,-0.2860426624618912,7.709133062992854,1.35,-,662.0966559274054,644.6502559484239,0.025865650679803398,0.7105367861028373
3.2149999999999537,35.69951109916282,29.350856798140935,0.09781310794332246,-0.5674578748694,-35.69951109916282,-29.350856798140935,-0.09781310794332246,0.5674578748694,-5.029673923961832,-1.35,-,668.4689313910015,648.9576199223487,0.025913487700231056,0.7121468283015938
3.2199999999999536,35.83525340111472,25.682327511985797,0.09776049056146188,0.3609758834306798,-35.83525340111472,-25.682327511985797,-0.09776049056146188,-0.3609758834306798,8.828102296166431,1.35,-,674.8897583226119,652.2555296545132,0.025961273267805143,0.7127983462436867
3.2249999999999535,35.9764574293327,29.271207774907477,0.09720099017921772,-0.4938497574561933,-35.9764574293327,-29.271207774907477,-0.09720099017921772,0.4938497574561933,-3.925249056483176,-1.35,-,681.3612857684348,656.5395476775221,0.026008513430264245,0.7140177841583843
3.2299999999999534,36.111812457612764,25.60537087735765,0.09751710293580547,0.43472472178564875,-36.111812457612764,-25.60537087735765,-0.09751710293580547,-0.43472472178564875,9.940207286673475,1.35,-,687.8816007633036,659.8177227663573,0.026056061357089207,0.7149627120770424
3.2349999999999532,36.25260783181623,29.189157037960552,0.09732374284835402,-0.42065529534611806,-36.25260783181623,-29.189157037960552,-0.09732374284835402,0.42065529534611806,-2.8160858334346006,-1.35,-,694.4528586363408,664.0777572092908,0.02610342091169927,0.7158474664645561
3.239999999999953,36.38755143678573,25.521882295939832,0.09800591813294138,0.5078510632513927,-36.38755143678573,-25.521882295939832,-0.09800591813294138,-0.5078510632513927,11.053794424155239,1.35,-,701.0731281341643,667.3345895889297,0.026151446711644672,0.717137029976784
3.244999999999953,36.52793022356345,29.104002322540246,0.09817919708927249,-0.34734456173285433,-36.52793022356345,-29.104002322540246,-0.09817919708927249,0.34734456173285433,-1.694283214260384,-1.35,-,707.7445765662518,671.5698043448817,0.02619964248535014,0.7177402711996109
3.249999999999953,36.66243414923025,25.43105572969338,0.0992273489990671,0.5808723157225463,-36.66243414923025,-25.43105572969338,-0.0992273489990671,-0.5808723157225463,12.17661345138728,1.35,-,714.4652469549849,674.8034973225156,0.026248872819297053,0.7194273344354752
3.254999999999953,36.802385541334864,29.015143247841035,0.09977047141310212,-0.2733772201921571,-36.802385541334864,-29.015143247841035,-0.09977047141310212,0.2733772201921571,-0.5517029450756095,-0.5517029450756095,-,721.23732486265,679.0128900109792,0.026298643554127015,0.7198010099580752
3.2599999999999527,36.943871584348464,27.87056126959919,0.09970587326318185,0.1658432659440101,-36.943871584348464,-27.87056126959919,-0.09970587326318185,-0.1658432659440101,6.018403176873802,1.35,-,728.0615731008539,682.8967309383914,0.02634834985994288,0.7199385299023701
3.2649999999999526,37.090928819619656,30.442904484495802,0.09767082379854512,-0.7886449468105458,-37.090928819619656,-30.442904484495802,-0.09767082379854512,0.7886449468105458,-8.272116602705308,-1.35,-,734.9402581043643,687.530583105652,0.02639604780905031,0.7230483341630191
3.2699999999999525,37.232124997396156,26.77505453796979,0.0965111448779809,0.13966999640639846,-37.232124997396156,-26.77505453796979,-0.0965111448779809,-0.13966999640639846,5.567503209920932,1.35,-,741.8714137634728,691.1151008332082,0.026442619814478603,0.7231458727024999
3.2749999999999524,37.37870480663474,30.353031297881188,0.09483393239697493,-0.7171921656189976,-37.37870480663474,-30.353031297881188,-0.09483393239697493,0.7171921656189976,-7.2331646801073255,-1.35,-,748.8572516285803,695.7216333780589,0.026487587188147973,0.7257176957146262
3.2799999999999523,37.51950111092651,26.70072580540473,0.09403419446179764,0.21192563597339545,-37.51950111092651,-26.70072580540473,-0.09403419446179764,-0.21192563597339545,6.624192017073052,1.35,-,755.8958164466443,699.2862771707358,0.026531799336788366,0.7259422580905398
3.284999999999952,37.665705123512694,30.281992566984385,0.09271405422389783,-0.645874143413165,-37.665705123512694,-30.281992566984385,-0.09271405422389783,0.645874143413165,-6.185133281558811,-1.35,-,762.9893431589012,703.8712725398702,0.026574778816041526,0.7280280251361883
3.289999999999952,37.80618267666915,26.641001657409923,0.0922728503314788,0.2838160713115315,-37.80618267666915,-26.641001657409923,-0.0922728503314788,-0.2838160713115315,7.68640116486012,1.35,-,770.1358804018095,707.4199873864208,0.026617350210583004,0.7284307829478618
3.294999999999952,37.952012180882235,30.209809988939597,0.0913020045764626,-0.5760893236622597,-37.952012180882235,-30.209809988939597,-0.0913020045764626,0.5760893236622597,-5.149533099272876,-1.35,-,777.3376565446985,711.9831504842598,0.026659030490781405,0.73009017749205
3.299999999999952,38.09215328978674,26.576130676629123,0.09121106046999863,0.35396959001691014,-38.09215328978674,-26.576130676629123,-0.09121106046999863,-0.35396959001691014,8.732918502427683,1.35,-,784.5927172559614,715.514604092966,0.026700627778541715,0.7307166498453337
3.3049999999999518,38.23760686710941,30.135993707367486,0.09058433504258558,-0.5073172268894738,-38.23760686710941,-30.135993707367486,-0.09058433504258558,0.5073172268894738,-4.118769228871597,-1.35,-,791.9032901505793,720.0554946766184,0.02674165538731725,0.7320035036888278
3.3099999999999516,38.3773917770408,26.505685514829448,0.09083802036991544,0.42291314270143543,-38.3773917770408,-26.505685514829448,-0.09083802036991544,-0.42291314270143543,9.771476827448483,1.35,-,799.2674111486216,723.5682514996736,0.026782913117040875,0.7328977813201758
3.3149999999999515,38.52246532155498,30.060025619467154,0.09055280516691779,-0.43904619953051444,-38.52246532155498,-30.060025619467154,-0.09055280516691779,0.43904619953051444,-3.085301790202408,-1.35,-,806.6873128208734,728.0862772008886,0.02682391216965886,0.7338615891467867
3.3199999999999514,38.661871869635426,26.429234071537174,0.09114806595910993,0.49116702194575557,-38.661871869635426,-26.429234071537174,-0.09114806595910993,-0.49116702194575557,10.809785874789144,1.35,-,814.1610145031938,731.5787992689291,0.026865452019299293,0.7350678143640219
3.3249999999999513,38.80655858755909,29.981243023170705,0.09120428994529083,-0.37078069087497795,-38.80655858755909,-29.981243023170705,-0.09120428994529083,0.37078069087497795,-2.04175880997953,-1.35,-,821.6907594502419,736.073173935001,0.026907043131821417,0.7357552059676505
3.329999999999951,38.94556081833676,26.345998765635947,0.09214049547149078,0.5592133081005939,-38.94556081833676,-26.345998765635947,-0.09214049547149078,-0.5592133081005939,11.855049461627459,1.35,-,829.2745429875156,739.5437321897954,0.026949492486350077,0.7373188035874345
3.334999999999951,39.08985109951541,29.89908563408602,0.09254060692696396,-0.3020156795062569,-39.08985109951541,-29.89908563408602,-0.09254060692696396,0.3020156795062569,-0.9805503320270579,-0.9805503320270579,-,836.9146252824269,744.0135087985673,0.02699231130600213,0.7377748709407727
3.339999999999951,39.233230349929684,27.93118526075482,0.09326793240117669,0.4508037324798515,-39.233230349929684,-27.93118526075482,-0.09326793240117669,-0.4508037324798515,10.289027892427706,1.35,-,844.6108571008799,747.9142643489203,0.027035805842074084,0.7387909909668614
3.344999999999951,39.380691982214145,30.532800685596676,0.09265735932403392,-0.5040955949033774,-39.380691982214145,-30.532800685596676,-0.09265735932403392,0.5040955949033774,-3.985689840689653,-1.35,-,852.3650516058699,752.575523937452,0.027078732773258597,0.7400615528108663
3.349999999999951,39.52242649443515,26.89110730142191,0.09292549838398796,0.42559426010026635,-39.52242649443515,-26.89110730142191,-0.09292549838398796,-0.42559426010026635,9.89651558306966,1.35,-,860.1751625859099,756.1911821969348,0.02712190851450816,0.7409672051820178
3.3549999999999507,39.669363246209535,30.427935804918675,0.09265070099320617,-0.4369592089505391,-39.669363246209535,-30.427935804918675,-0.09265070099320617,0.4369592089505391,-2.969294373413239,-1.35,-,868.0434544877083,760.820478583676,0.02716482927648082,0.7419218719334512
3.3599999999999506,39.81057562659949,26.78586650714999,0.09325484285062652,0.4927323603580066,-39.81057562659949,-26.78586650714999,-0.09325484285062652,-0.4927323603580066,10.917948403336476,1.35,-,875.9678641463141,764.4078918063702,0.027208311605056292,0.743135797828171
3.3649999999999505,39.95711666212961,30.347325927507182,0.09332929532113911,-0.3671302978482956,-39.95711666212961,-30.347325927507182,-0.09332929532113911,0.3671302978482956,-1.901783852872019,-1.35,-,883.9507200060691,769.0126927611219,0.027251863391881993,0.7438097211061618
3.3699999999999504,40.09791512617232,26.700633577924346,0.09428217165590383,0.5623312730185748,-40.09791512617232,-26.700633577924346,-0.09428217165590383,-0.5623312730185748,11.987130946722559,1.35,-,891.9899339933975,772.5773119284347,0.02729630903134276,0.7453908034092352
3.3749999999999503,40.244050619542584,30.2632637865942,0.09470842490134843,-0.29678022764568174,-40.244050619542584,-30.2632637865942,-0.09470842490134843,0.29678022764568174,-0.8160497406514117,-0.8160497406514117,-,900.0878520447388,777.1566376035196,0.02734115746007923,0.7458311959268423
3.37999999999995,40.39020921682958,28.60915375052559,0.09510135484588157,0.33527391988267086,-40.39020921682958,-28.60915375052559,-0.09510135484588157,-0.33527391988267086,8.643420564611983,1.35,-,908.244697047635,781.2490559951256,0.02738637879854684,0.7463932389336098
3.38499999999995,40.54103045052197,31.202378332752417,0.0939130100508106,-0.6195541690446104,-40.54103045052197,-31.202378332752417,-0.0939130100508106,0.6195541690446104,-5.638928600231069,-1.35,-,916.4625727975856,786.1169980632266,0.027430477065830856,0.7483124757755125
3.38999999999995,40.686090051224205,27.554623722151437,0.09360247726024347,0.3098178618071945,-40.686090051224205,-27.554623722151437,-0.09360247726024347,-0.3098178618071945,8.229841162503567,1.35,-,924.739362415867,789.9132845055732,0.027474284184577126,0.7487924113129865
3.39499999999995,40.836405969936145,31.10369407597416,0.09275573715594641,-0.5512857534897303,-40.836405969936145,-31.10369407597416,-0.09275573715594641,0.5512857534897303,-4.622420124689828,-1.35,-,933.0774226785741,794.750483431432,0.02751730231845384,0.7503119912229901
3.3999999999999497,40.980993582128505,27.462056052340323,0.09278781189204986,0.3784113246547473,-40.980993582128505,-27.462056052340323,-0.09278781189204986,-0.3784113246547473,9.256467912533905,1.35,-,941.4746318534661,798.5213060445413,0.02756035020863241,0.7510279668761248
3.4049999999999496,41.13092500262919,31.02769811166696,0.09229062741473357,-0.48141777029479393,-41.13092500262919,-31.02769811166696,-0.09229062741473357,0.48141777029479393,-3.571116180862399,-1.35,-,949.9333968113255,803.334896295085,0.027602938008175436,0.7521867822239029
3.4099999999999495,41.27514145875058,27.388023423925294,0.09267262870010237,0.448384138422261,-41.27514145875058,-27.388023423925294,-0.09267262870010237,-0.448384138422261,10.31461763366398,1.35,-,958.4515833235246,807.0854154304322,0.02764587908872637,0.7531920239018463
3.4149999999999494,41.42468317924534,30.94922968299864,0.09252332879774389,-0.41186922954311633,-41.42468317924534,-30.94922968299864,-0.09252332879774389,0.41186922954311633,-2.5142165903507996,-1.35,-,967.0316052060286,811.8746895202871,0.027688681920585448,0.7540402052130685
3.4199999999999493,41.568504197767474,27.307520298228777,0.09325306227697788,0.5178357285376033,-41.568504197767474,-27.307520298228777,-0.09325306227697788,-0.5178357285376033,11.375222436093992,1.35,-,975.6713079122276,815.6031928444779,0.027732162588705617,0.7553809744218188
3.424999999999949,41.71764818827791,30.86768039898951,0.09345254890263342,-0.34212965986869853,-41.71764818827791,-30.86768039898951,-0.09345254890263342,0.34212965986869853,-1.4440971289800704,-1.35,-,984.373118764032,820.3672613105487,0.02777582948318761,0.7559662379426282
3.429999999999949,41.861046232733635,27.219909802325127,0.09453034636142144,0.5872722809059598,-41.861046232733635,-27.219909802325127,-0.09453034636142144,-0.5872722809059598,12.445879454366567,1.35,-,993.1348547225272,824.0718787587822,0.02782050941510366,0.7576906816022306
3.434999999999949,42.00978166035986,30.782489894167355,0.09508209548725655,-0.27168254166225897,-42.00978166035986,-30.782489894167355,-0.09508209548725655,0.27168254166225897,-0.3529656283272943,-0.3529656283272943,-,1001.9589634982825,828.8096871792046,0.027865712439514898,0.758059738619451
3.439999999999949,42.16112402295338,29.99016878547393,0.09456936918578178,0.016547894297300032,-42.16112402295338,-29.99016878547393,-0.09456936918578178,-0.016547894297300032,3.9530072888738412,1.35,-,1010.8467653926766,833.3067382981106,0.02791042926745588,0.7580611077834793
3.4449999999999488,42.318875486358884,32.59685607170588,0.09178817710820568,-0.9376709122234568,-42.318875486358884,-32.59685607170588,-0.09178817710820568,0.9376709122234568,-10.343548885840294,-1.35,-,1019.8012015048262,838.619513426908,0.027952554614740117,0.7624572414816291
3.4499999999999487,42.47092536506459,28.958954834620766,0.08988645595980221,-0.008150322266938953,-42.47092536506459,-28.958954834620766,-0.08988645595980221,0.008150322266938953,3.5040581166879474,1.35,-,1028.8200990116504,842.8126187524759,0.027992952489565185,0.7624575736203943
3.4549999999999486,42.62821658343462,32.51353932311921,0.08743861504865129,-0.8711282133424588,-42.62821658343462,-32.51353932311921,-0.08743861504865129,0.8711282133424588,-9.399944524607344,-1.35,-,1037.9059232570712,848.098269949056,0.028031180046573314,0.7662518954408004
3.4599999999999485,42.77992528864872,28.899913333758672,0.08587348474770429,0.05960300797753297,-42.77992528864872,-28.899913333758672,-0.08587348474770429,-0.05960300797753297,4.471342669099681,1.35,-,1047.0565332955828,852.2742949025497,0.028068051323486883,0.7662696580336003
3.4649999999999483,42.936888186717525,32.45546103517415,0.08375496281458081,-0.8053497313493487,-42.936888186717525,-32.45546103517415,-0.08375496281458081,0.8053497313493487,-8.457336779849335,-1.35,-,1056.274415131376,857.5410796575782,0.02810312579246724,0.7695125989825226
3.4699999999999482,43.08837051763108,28.862307417516174,0.08252197553520157,0.12638385343347802,-43.08837051763108,-28.862307417516174,-0.08252197553520157,-0.12638385343347802,5.4343684035857605,1.35,-,1065.557453500699,861.7062436048941,0.028137175174698402,0.769592463374566
3.474999999999948,43.245013428343256,32.39772924272242,0.08071918268710573,-0.7422699426067798,-43.245013428343256,-32.39772924272242,-0.08071918268710573,0.7422699426067798,-7.545506276806932,-1.35,-,1074.9081094327867,866.9543079053177,0.028169753106966774,0.7723472867130533
3.479999999999948,43.39625990162083,28.821343098711253,0.07980424687824661,0.19027083157155242,-43.39625990162083,-28.821343098711253,-0.07980424687824661,-0.19027083157155242,6.3634034347860435,1.35,-,1084.3242863000316,871.1076569953858,0.028201596696065794,0.7725283016597879
3.484999999999948,43.5525889038574,32.339691572084995,0.07830597546340665,-0.681439812292452,-43.5525889038574,-32.339691572084995,-0.07830597546340665,0.681439812292452,-6.658110164839684,-1.35,-,1093.8084263011735,876.3369352502737,0.028232255825032172,0.7748501027486737
3.489999999999948,43.70358615326223,28.776308246974814,0.07769717762342847,0.25170623217699917,-43.70358615326223,-28.776308246974814,-0.07769717762342847,-0.25170623217699917,7.2647207580764,1.35,-,1103.3584435144514,880.4773148318981,0.028262440082085404,0.7751668828852574
3.4949999999999477,43.85960443814032,32.281399434488954,0.07649445484369581,-0.622362051148362,-43.85960443814032,-32.281399434488954,-0.07649445484369581,0.622362051148362,-5.7880017783546,-1.35,-,1112.976768021802,885.6877585791431,0.028291697090194575,0.7771035554988053
3.4999999999999476,44.010342481209726,28.72792045952424,0.07618270159567293,0.31125811072743,-44.010342481209726,-28.72792045952424,-0.07618270159567293,-0.31125811072743,8.146584293285418,1.35,-,1122.6613192483685,889.8142256487868,0.028320716110306652,0.7775879635562734
3.5049999999999475,44.16605167127849,32.22179432907467,0.07526885063594178,-0.5646511192060301,-44.16605167127849,-32.22179432907467,-0.07526885063594178,0.5646511192060301,-4.929656075118691,-1.35,-,1132.4145198495185,895.0054457977126,0.02834904310968693,0.7791821179883764
3.5099999999999474,44.31651193954486,28.67447279422046,0.07524662102996614,0.369241628285589,-44.31651193954486,-28.67447279422046,-0.07524662102996614,-0.369241628285589,9.013473673199531,1.35,-,1142.2342860019573,899.1165727478449,0.028377353379569068,0.7798638148886714
3.5149999999999473,44.47191067505144,32.16123578373933,0.0746170671331342,-0.5078027785511217,-44.47191067505144,-32.16123578373933,-0.0746170671331342,0.5078027785511217,-4.0756845285929675,-1.35,-,1152.123040197406,904.2882981835312,0.02840519191310682,0.7811531331981926
3.519999999999947,44.62208093923343,28.617250415702856,0.0748798447486363,0.426259129949301,-44.62208093923343,-28.617250415702856,-0.0748798447486363,-0.426259129949301,9.874312866352454,1.35,-,1162.0786907341433,908.3830332903063,0.028433226868854716,0.7820616174275182
3.524999999999947,44.77716613654752,32.09862586501001,0.0745322006229526,-0.45145104514010514,-44.77716613654752,-32.09862586501001,-0.0745322006229526,0.45145104514010514,-3.2207235049951866,-1.35,-,1172.103663770243,913.5346422024156,0.028461002113503216,0.7830806576583087
3.529999999999947,44.92702529156871,28.554507062283278,0.07507693446411486,0.4826063818253963,-44.92702529156871,-28.554507062283278,-0.07507693446411486,-0.4826063818253963,10.73342089725108,1.35,-,1182.195851777989,917.6114415702655,0.028489184843945862,0.7842452022572016
3.534999999999947,45.081791706381324,32.03371089154747,0.07501093397580247,-0.3951562628617719,-45.081791706381324,-32.03371089154747,-0.07501093397580247,0.3951562628617719,-2.35823404720334,-1.35,-,1192.3576914952766,922.7422347376815,0.028517318045025473,0.785025944617596
3.5399999999999467,45.23131839450933,28.48619149803,0.07583687751923647,0.5387437993994725,-45.23131839450933,-28.48619149803,-0.07583687751923647,-0.5387437993994725,11.597686719521606,1.35,-,1202.5870523138037,926.7995502679936,0.02854607420498481,0.7864771690245529
3.5449999999999466,45.385757536214946,31.96600285503052,0.07605426167594118,-0.3385017159733748,-45.385757536214946,-31.96600285503052,-0.07605426167594118,0.3385017159733748,-1.481961455912296,-1.35,-,1212.886387249484,931.9086769606325,0.028574995458580173,0.7870500860831374
3.5499999999999465,45.534928293221775,28.41190877691618,0.07716278546189234,0.5950972381580233,-45.534928293221775,-28.41190877691618,-0.07716278546189234,-0.5950972381580233,12.47353566156593,1.35,-,1223.253535722828,935.9448597623715,0.028604765935881363,0.788820789697454
3.5549999999999464,45.689030512082056,31.89511884672476,0.07766751308198054,-0.28105576906818375,-45.689030512082056,-31.89511884672476,-0.07766751308198054,0.28105576906818375,-0.5853602423752707,-0.5853602423752707,-,1233.6909732684976,941.0313527936049,0.02863492714882306,0.7892157514240865
3.5599999999999463,45.84430932046704,30.606855019063644,0.07757450961542588,0.1673319406643472,-45.84430932046704,-30.606855019063644,-0.07757450961542588,-0.1673319406643472,6.119506227396551,1.35,-,1244.1994767538506,945.7152506643947,0.028665016171533428,0.789355751315919
3.564999999999946,46.005419748856056,33.30264773116859,0.07554675366712434,-0.7872327197400671,-46.005419748856056,-33.30264773116859,-0.07554675366712434,0.7872327197400671,-8.169019746516527,-1.35,-,1254.7819699851925,951.2605823939261,0.028693552731481633,0.7924544280910656
3.569999999999946,46.161224282005605,29.74443406908619,0.07440551042112817,0.14550243379489505,-46.161224282005605,-29.74443406908619,-0.07440551042112817,-0.14550243379489505,5.739956815902296,1.35,-,1265.4362631212605,955.6842391843771,0.028721233631386775,0.7925602828822668
3.574999999999946,46.32184268996541,33.21085427436753,0.0726425706055779,-0.7342575302495988,-46.32184268996541,-33.21085427436753,-0.0726425706055779,0.7342575302495988,-7.407133601574347,-1.35,-,1276.1648286722298,961.1990433925434,0.028747618346707707,0.7952559534859079
3.579999999999946,46.47728563705478,29.67812992258625,0.07177330974601737,0.2001564942273254,-46.47728563705478,-29.67812992258625,-0.07177330974601737,-0.2001564942273254,6.531601083534057,1.35,-,1286.9655190731714,965.6030003710529,0.028773375386667195,0.7954562665968148
3.584999999999946,46.63762284209402,33.15969735159216,0.07028470386142693,-0.6794077435383459,-46.63762284209402,-33.15969735159216,-0.07028470386142693,0.6794077435383459,-6.608146734438181,-1.35,-,1297.8408583949783,971.1008280132987,0.028798075084651636,0.7977642410067141
3.5899999999999457,46.79285179790617,29.640081512162443,0.06969173637287145,0.25561181215788537,-46.79285179790617,-29.640081512162443,-0.06969173637287145,-0.25561181215788537,7.344068930120848,1.35,-,1308.7887132918822,975.4935001735367,0.028822359775244964,0.7980909279992873
3.5949999999999456,46.95291415014318,33.10823624738275,0.06846892145691566,-0.6263017795703248,-46.95291415014318,-33.10823624738275,-0.06846892145691566,0.6263017795703248,-5.827211580747756,-1.35,-,1319.8115940278356,980.9742767105992,0.02884579974127233,0.800052197594752
3.5999999999999455,47.10788872564896,29.592472272178657,0.06814015986813299,0.3085653916404466,-47.10788872564896,-29.592472272178657,-0.06814015986813299,-0.3085653916404466,8.126748267098225,1.35,-,1330.907359928776,985.3528487864974,0.028869015148206605,0.8005282605993431
3.6049999999999454,47.26767638637149,33.05615655122184,0.06717621443451734,-0.5745359658901678,-47.26767638637149,-33.05615655122184,-0.06717621443451734,0.5745359658901678,-5.058566085355461,-1.35,-,1342.0785260836094,990.8163962161917,0.028891578367135365,0.8021787184798498
3.6099999999999453,47.422378147901775,29.540320103584957,0.0671039030907042,0.35994943929854273,-47.422378147901775,-29.540320103584957,-0.0671039030907042,-0.35994943929854273,8.893501663826473,1.35,-,1353.322935829622,995.1795487753029,0.028914093036185397,0.8028265364741064
3.614999999999945,47.581890864812614,33.002828575587024,0.06639399213080363,-0.5237473836666251,-47.581890864812614,-33.002828575587024,-0.06639399213080363,0.5237473836666251,-4.296968666933077,-1.35,-,1364.6431175209766,1000.6254822452507,0.02893613384714072,0.8041980930835946
3.619999999999945,47.736317953182485,29.486644006109195,0.06657415757300908,0.41048841077648107,-47.736317953182485,-29.486644006109195,-0.06657415757300908,-0.41048841077648107,9.655124123491836,1.35,-,1376.0368977796131,1004.9727931189657,0.0289582944394235,0.8050405967605035
3.624999999999945,47.89555419555545,32.948148872987645,0.06611542857220315,-0.47352773152183925,-47.89555419555545,-32.948148872987645,-0.06611542857220315,0.47352773152183925,-3.536399398962571,-1.35,-,1387.5068183381097,1010.4006956897483,0.02898015068889993,0.8061617393231046
3.629999999999945,48.049702800877384,29.43105079643931,0.06654599714172825,0.460561671618517,-48.049702800877384,-29.43105079643931,-0.06654599714172825,-0.460561671618517,10.41722415936756,1.35,-,1399.0506880343728,1014.7316294446612,0.029002292537577863,0.8072223245899248
3.6349999999999447,48.20865811716041,32.89147511045626,0.06633738938485766,-0.42352512278552934,-48.20865811716041,-32.89147511045626,-0.06633738938485766,0.42352512278552934,-2.771640174114533,-1.35,-,1410.6710616216587,1020.1408751193699,0.029024295783729854,0.8081191922380773
3.6399999999999446,48.362522384517206,29.373134812410587,0.06701816230626993,0.5105443547850499,-48.362522384517206,-29.373134812410587,-0.06701816230626993,-0.5105443547850499,11.185401347998697,1.35,-,1422.365729478623,1024.45478036291,0.0290467529541244,0.8094224699290916
3.6449999999999445,48.52118935088491,32.83249181245723,0.06706040253664054,-0.37335608548060034,-48.52118935088491,-32.83249181245723,-0.06706040253664054,0.37335608548060034,-1.9969378338748554,-1.35,-,1434.1372585587449,1029.8446429559854,0.02906923844206628,0.8101194437619186
3.6499999999999444,48.67476141995338,29.312501368078195,0.06799305531389346,0.5608118731192421,-48.67476141995338,-29.312501368078195,-0.06799305531389346,-0.5608118731192421,11.965314410656731,1.35,-,1445.9834205551915,1034.1407566382532,0.02909235371992087,0.8116919935470761
3.6549999999999443,48.83313134226218,32.77001152718889,0.06828880245707453,-0.32271938148183626,-48.83313134226218,-32.77001152718889,-0.06828880245707453,0.32271938148183626,-1.2077332011371609,-1.2077332011371609,-,1457.9067941386445,1039.5101249157135,0.029115670522625977,0.8122127325429962
3.659999999999944,48.98825682007833,29.93835083638453,0.0692641888152061,0.5478933018316233,-48.98825682007833,-29.93835083638453,-0.0692641888152061,-0.5478933018316233,11.815659649233265,1.35,-,1469.906040669994,1043.9916491697256,0.02913965816188712,0.8137136678939559
3.664999999999944,49.147650530275676,32.972479808226666,0.0692881396778054,-0.3770737055934339,-49.147650530275676,-32.972479808226666,-0.0692881396778054,0.3770737055934339,-1.9914278713588676,-1.35,-,1481.9834984332242,1049.4275712932451,0.029163662393387177,0.8144245907912058
3.669999999999944,49.301944035695804,29.451972326793474,0.07020645317802332,0.5577467446289875,-49.301944035695804,-29.451972326793474,-0.07020645317802332,-0.5577467446289875,11.980415175068863,1.35,-,1494.1369068617184,1053.7646646629362,0.029188307123726366,0.8159799979469269
3.674999999999944,49.46103372774489,32.90857223353984,0.07049248588499568,-0.3247287751357688,-49.46103372774489,-32.90857223353984,-0.07049248588499568,0.3247287751357688,-1.1769315449810038,-1.1769315449810038,-,1506.3688761488038,1059.1795352951867,0.029213153076557596,0.8165072418339328
3.6799999999999438,49.617272581841114,30.225366732568062,0.07141575671356774,0.5326789475312333,-49.617272581841114,-30.225366732568062,-0.07141575671356774,-0.5326789475312333,11.650618801597021,1.35,-,1518.6782448411072,1063.7473992657779,0.029238654128092453,0.8179259761396477
3.6849999999999437,49.777657017221806,33.165599975254466,0.07132286730058547,-0.40049753259624016,-49.777657017221806,-33.165599975254466,-0.07132286730058547,0.40049753259624016,-2.283201699240858,-1.35,-,1531.0673205317278,1069.2471843743708,0.029264088885092337,0.818727967507726
3.6899999999999435,49.93290320627738,29.638183935650908,0.07212463507580202,0.5342541323487797,-49.93290320627738,-29.638183935650908,-0.07212463507580202,-0.5342541323487797,11.685761318332839,1.35,-,1543.5337946447648,1073.6392941093882,0.029290098700016424,0.8201551048973847
3.6949999999999434,50.09297770465663,33.1015580255867,0.07230146356578396,-0.346571978220167,-50.09297770465663,-33.1015580255867,-0.07230146356578396,0.346571978220167,-1.448307451117746,-1.35,-,1556.0803267213607,1079.1178598279944,0.029316236208185194,0.820755665577822
3.6999999999999433,50.24788737909339,29.56796837270481,0.07337222773091248,0.5879028883692278,-50.24788737909339,-29.56796837270481,-0.07337222773091248,-0.5879028883692278,12.520401604119934,1.35,-,1568.7045776516707,1083.4891835964406,0.029343153627196177,0.8224838146085863
3.7049999999999432,50.407641420691824,33.034154689685494,0.07382235450998746,-0.2919386893414635,-50.407641420691824,-33.034154689685494,-0.07382235450998746,0.2919386893414635,-0.5947562718507567,-0.5947562718507567,-,1581.4092292196556,1088.945460476751,0.02937040232732317,0.8229099556002584
3.709999999999943,50.56848990732229,31.714301022439688,0.07368445593741928,0.16064318455527096,-50.56848990732229,-31.714301022439688,-0.07368445593741928,-0.16064318455527096,6.171940224132039,1.35,-,1594.1950900771901,1093.9744449234604,0.029397549322557136,0.8230389867639787
3.714999999999943,50.73520422415928,34.432406128467505,0.07162358677951362,-0.7938024504105208,-50.73520422415928,-34.432406128467505,-0.07162358677951362,0.7938024504105208,-8.114626662929386,-1.35,-,1607.0653948155257,1099.902397882439,0.02942319901347295,0.8261895984153673
3.719999999999943,50.89660183144313,30.871652054271692,0.0704403124572843,0.13745965357735992,-50.89660183144313,-30.871652054271692,-0.0704403124572843,-0.13745965357735992,5.771796604862822,1.35,-,1620.0177152054678,1104.667692385239,0.029448008201568347,0.8262840741971753
3.724999999999943,51.06282187707714,34.34035912226601,0.0686276213602811,-0.7441456478021564,-51.06282187707714,-34.34035912226601,-0.0686276213602811,0.7441456478021564,-7.403450339099725,-1.35,-,1633.0547740957181,1110.5639937084698,0.029471556953636197,0.8290528379228898
3.7299999999999427,51.2239509526043,30.82417793765327,0.06770896124899034,0.1906435572840796,-51.2239509526043,-30.82417793765327,-0.06770896124899034,-0.1906435572840796,6.540729374853287,1.35,-,1646.174239851692,1115.3146434361302,0.029494479470803282,0.8292345627525594
3.7349999999999426,51.38990910669867,34.29303927853545,0.06615569435513279,-0.6922948824037755,-51.38990910669867,-34.29303927853545,-0.06615569435513279,0.6922948824037755,-6.650630670890985,-1.35,-,1659.3788536416655,1121.1947061509259,0.02951636235028133,0.8316309237735716
3.7399999999999425,51.5507847099743,30.778317184217652,0.06549235355196951,0.2418898127856823,-51.5507847099743,-30.778317184217652,-0.06549235355196951,-0.2418898127856823,7.288330227148103,1.35,-,1672.6662706627358,1125.9312301943874,0.02953780859215021,0.8319234771812191
3.7449999999999424,51.71648490345208,34.24563793784533,0.06418921313050173,-0.6422818475146701,-51.71648490345208,-34.24563793784533,-0.06418921313050173,0.6422818475146701,-5.917817360867536,-1.35,-,1686.0392447165805,1131.7950487832372,0.029558409867561773,0.8339861070394533
3.7499999999999423,51.877107250995444,30.731560320864283,0.06377251298798761,0.29136986565954615,-51.877107250995444,-30.731560320864283,-0.06377251298798761,-0.29136986565954615,8.01685117617011,1.35,-,1699.4954160002367,1136.5171927820118,0.02957874453462579,0.8344105890325256
3.754999999999942,52.04255231880911,34.19776198525017,0.0627121525004397,-0.5937374993885389,-52.04255231880911,-34.19776198525017,-0.0627121525004397,0.5937374993885389,-5.199722870864122,-1.35,-,1713.0375522595164,1142.3646274060106,0.02959840860498198,0.8361732101234264
3.759999999999942,52.20292261497323,30.683958762606892,0.06253555933881147,0.3394965844527736,-52.20292261497323,-30.683958762606892,-0.06253555933881147,-0.3394965844527736,8.732278236724841,1.35,-,1726.6632779072404,1147.0721540327374,0.02961796208589107,0.8367494997777019
3.764999999999942,52.368113627183156,34.14908324482117,0.061712468154351115,-0.5462962228426543,-52.368113627183156,-34.14908324482117,-0.061712468154351115,0.5462962228426543,-4.491050110340798,-1.35,-,1740.375374531588,1152.902953465046,0.02963700422951958,0.8382416975931626
3.769999999999942,52.52823106563501,30.635181328978586,0.06177123837612282,0.38663500392894795,-52.52823106563501,-30.635181328978586,-0.06177123837612282,-0.38663500392894795,9.439926503781034,1.35,-,1754.1714498260114,1157.595525140343,0.029656082658972176,0.8389891307244782
3.7749999999999417,52.693167945502765,34.099423552231585,0.061181762303615723,-0.4995846606485634,-52.693167945502765,-34.099423552231585,-0.061181762303615723,0.4995846606485634,-3.7863282863094727,-1.35,-,1768.054299566676,1163.4093785733153,0.029674798699165054,0.8402370548902549
3.7799999999999416,52.85303012392552,30.58485026072555,0.06147295018863314,0.4331381346095283,-52.85303012392552,-30.58485026072555,-0.06147295018863314,-0.4331381346095283,10.144984482143954,1.35,-,1782.0215135330786,1168.0865439006702,0.029693693317189525,0.84117509810852
3.7849999999999415,53.01770982901413,34.04813762790475,0.0611150795797882,-0.45328037006668453,-53.01770982901413,-34.04813762790475,-0.0611150795797882,0.45328037006668453,-3.0808082115847855,-1.35,-,1796.075901310646,1173.8829222803138,0.029712368581949745,0.8422024135779589
3.7899999999999414,53.177312466626944,30.532598205943035,0.061637484930498296,0.47935569872454564,-53.177312466626944,-30.532598205943035,-0.061637484930498296,-0.47935569872454564,10.852642217609597,1.35,-,1810.215034116512,1178.5441200463415,0.029731364479692532,0.8433513230074573
3.7949999999999413,53.34173014149281,33.99486239499059,0.061510955762707174,-0.40703479956079275,-53.34173014149281,-33.99486239499059,-0.061510955762707174,0.40703479956079275,-2.3692912034117586,-1.35,-,1824.4417349889509,1184.3223733926131,0.02975028246808674,0.8441797096477247
3.799999999999941,53.501067044953295,30.47804243254246,0.062265110924471526,0.5256340381873085,-53.501067044953295,-30.47804243254246,-0.062265110924471526,-0.5256340381873085,11.568090767125682,1.35,-,1838.7535558636935,1188.9669287452123,0.029769667188278923,0.8455611653582301
3.804999999999941,53.665215936309565,33.939226745785085,0.06237139463812032,-0.3604995171548114,-53.665215936309565,-33.939226745785085,-0.06237139463812032,0.3604995171548114,-1.6465286653822817,-1.35,-,1853.1533328711469,1194.7262843057213,0.029789118142624443,0.8462109648675744
3.809999999999941,53.82427895845119,30.420784469096795,0.06335956393067722,0.5723187058135499,-53.82427895845119,-30.420784469096795,-0.06335956393067722,-0.5723187058135499,12.29656089388339,1.35,-,1867.6385978981325,1199.3534049442974,0.029809190314331872,0.8478487083726949
3.814999999999941,53.98815060109473,33.880862142730436,0.06370189645091022,-0.3133224232795737,-53.98815060109473,-33.880862142730436,-0.06370189645091022,0.3133224232795737,-0.9071646355315546,-0.9071646355315546,-,1882.2121999247647,1205.0929690419707,0.029829479972389085,0.8483395630773438
3.8199999999999408,54.151287313171615,31.940419515388026,0.0641247717071887,0.3646254367859001,-54.151287313171615,-31.940419515388026,-0.0641247717071887,-0.3646254367859001,9.236113010230957,1.35,-,1896.8740095131327,1210.1939210360656,0.02985003990412158,0.8490043216231004
3.8249999999999407,54.319294669179094,34.70945975444822,0.06308524490628221,-0.5895710888762838,-54.319294669179094,-34.70945975444822,-0.06308524490628221,0.5895710888762838,-5.030326677693897,-1.35,-,1911.6269383799179,1216.2176540182938,0.02986993864474601,0.8507422919672941
3.8299999999999406,54.481942874343446,31.138721315657026,0.06290196268627979,0.3381253120626305,-54.481942874343446,-31.138721315657026,-0.06290196268627979,-0.3381253120626305,8.817461262520533,1.35,-,1926.4683488767337,1221.0657538441644,0.02988972192929494,0.8513139356005813
3.8349999999999405,54.649411467738595,34.60378359130539,0.06207293942560005,-0.5474887242596953,-54.649411467738595,-34.60378359130539,-0.06207293942560005,0.5474887242596953,-4.403184641975778,-1.35,-,1941.4011397455843,1227.0528630383337,0.029908987178339612,0.8528126551165388
3.8399999999999403,54.81180571104112,31.089761626850237,0.0621264273890049,0.38554764756005255,-54.81180571104112,-31.089761626850237,-0.0621264273890049,-0.38554764756005255,9.529378585214511,1.35,-,1956.4228099721086,1231.8857294284055,0.029928285643240217,0.8535558900592343
3.8449999999999402,54.97901878061836,34.553867828885906,0.06153237321299855,-0.5005064367916714,-54.97901878061836,-34.553867828885906,-0.06153237321299855,0.5005064367916714,-3.6943728458776395,-1.35,-,1971.536272502506,1237.855578338086,0.029947216808006334,0.8548084235255837
3.84999999999994,55.14115638642353,31.039174994566597,0.061819614511390154,0.4323187851082817,-55.14115638642353,-31.039174994566597,-0.061819614511390154,-0.4323187851082817,10.23850574964335,1.35,-,1986.7390081406659,1242.6727302598024,0.02996632513169802,0.8557429211853712
3.85499999999994,55.308110892649474,34.50231988005166,0.06145848226140736,-0.45393890899079486,-55.308110892649474,-34.50231988005166,-0.06145848226140736,0.45393890899079486,-2.9848355676338008,-1.35,-,2002.0339437932337,1248.6247806453293,0.029985210856907397,0.85677322385085
3.85999999999994,55.469987582857506,30.9866618220837,0.06197824422015151,0.47879750191213805,-55.469987582857506,-30.9866618220837,-0.06197824422015151,-0.47879750191213805,10.950168931740317,1.35,-,2017.4185414054452,1253.4256466997101,0.03000441737069046,0.8579194590900364
3.86499999999994,55.63667867782755,34.44877848659817,0.06184974353520231,-0.4074352917019628,-55.63667867782755,-34.44877848659817,-0.06184974353520231,0.4074352917019628,-2.2693405056563423,-1.35,-,2032.895741476944,1259.3592383958035,0.03002354432456731,0.8587494766746577
3.8699999999999397,55.79828825212143,30.931837549142443,0.06260253564928861,0.5253320732981647,-55.79828825212143,-30.931837549142443,-0.06260253564928861,-0.5253320732981647,11.669587415279507,1.35,-,2048.462986336278,1264.1431312666361,0.03004313971191591,0.8601293456108364
3.8749999999999396,55.96470917841647,34.39287074107087,0.06270812096721858,-0.36064524713093765,-55.96470917841647,-34.39287074107087,-0.06270812096721858,0.36064524713093765,-1.5426111104977096,-1.35,-,2064.123229703401,1270.0574790556961,0.03006280125409211,0.860779670582227
3.8799999999999395,56.12604347303808,30.87430187832557,0.06369619414941252,0.5722699461326107,-56.12604347303808,-30.87430187832557,-0.06369619414941252,-0.5722699461326107,12.402019880718383,1.35,-,2079.8738934830876,1274.8235916380659,0.030083087279837707,0.8624171350384601
3.8849999999999394,56.29218574857953,34.33422507328115,0.06403909344966843,-0.31321491080188596,-56.29218574857953,-34.33422507328115,-0.06403909344966843,0.31321491080188596,-0.7992653288744588,-0.7992653288744588,-,2095.71794436485,1280.7177866949794,0.030103592307286983,0.8629076529402032
3.8899999999999393,56.45819898872493,32.59612190350945,0.06422219629131413,0.2845289738420904,-56.45819898872493,-32.59612190350945,-0.06422219629131413,-0.2845289738420904,8.141517949620255,1.35,-,2111.655585530102,1286.0303225107216,0.030124214759769383,0.8633124366249814
3.894999999999939,56.6294784139402,35.364725951637666,0.06278157300221208,-0.6697385837996782,-56.6294784139402,-35.364725951637666,-0.06278157300221208,0.6697385837996782,-6.131881506371631,-1.35,-,2127.6900746572765,1292.2836417188937,0.030143922389312544,0.8655551854781313
3.899999999999939,56.795408302247886,31.796463377854966,0.062197531766103195,0.25804371609141047,-56.795408302247886,-31.796463377854966,-0.062197531766103195,-0.25804371609141047,7.7113643175097195,1.35,-,2143.8186666783713,1297.33871713559,0.03016326505410152,0.8658881182752026
3.904999999999939,56.96616798361748,35.264767188848246,0.06096711773814141,-0.6276909775430665,-56.96616798361748,-35.264767188848246,-0.06096711773814141,0.6276909775430665,-5.516915833952212,-1.35,-,2160.0443881520596,1303.5567361600083,0.030181850001328003,0.8678580980916474
3.909999999999939,57.13185683600549,31.751819969678355,0.060617347160421706,0.30503239135206334,-57.13185683600549,-31.751819969678355,-0.060617347160421706,-0.30503239135206334,8.405056750521062,1.35,-,2176.3646334797086,1308.5976265169425,0.030200222315211838,0.8683233218905172
3.9149999999999388,57.30237352418871,35.219056670182376,0.059617633565433044,-0.5815583514659148,-57.30237352418871,-35.219056670182376,-0.059617633565433044,0.5815583514659148,-4.83263469413603,-1.35,-,2192.7824435372363,1314.7995362806298,0.03021799362637155,0.870014372471316
3.9199999999999386,57.46782202514661,31.706272666302834,0.059496096701999,0.35076943027106955,-57.46782202514661,-31.706272666302834,-0.059496096701999,-0.35076943027106955,9.086821238927948,1.35,-,2209.2951963788055,1319.8259749125793,0.030235692553985418,0.8706295684373794
3.9249999999999385,57.638096489435355,35.17252798655904,0.0587220399941657,-0.5364368711888048,-57.638096489435355,-35.17252798655904,-0.0587220399941657,0.5364368711888048,-4.156748048610991,-1.35,-,2225.9059472134322,1326.0115085374057,0.030252933943890798,0.8720683910212336
3.9299999999999384,57.803303713844564,31.65961756595431,0.05882443493290251,0.39561377570057227,-57.803303713844564,-31.65961756595431,-0.05882443493290251,-0.39561377570057227,9.761897659374991,1.35,-,2242.6120568146066,1331.023165459518,0.030270235514616675,0.8728509423188539
3.9349999999999383,57.97333543840672,35.12496432794323,0.05827274018325423,-0.4919754467965996,-57.97333543840672,-35.12496432794323,-0.05827274018325423,0.4919754467965996,-3.4841078951050473,-1.35,-,2259.4165949238763,1337.1919810547142,0.030287214075859,0.8740611415201074
3.939999999999938,58.13829884758218,31.611411317299854,0.05859646785416296,0.4398928905464089,-58.13829884758218,-31.611411317299854,-0.05859646785416296,-0.4398928905464089,10.435100556257863,1.35,-,2276.3169038883298,1342.1883876820716,0.03030438180608392,0.8750286702958737
3.944999999999938,58.30808485554004,35.07583756273003,0.058265444280205955,-0.44785798031619933,-58.30808485554004,-35.07583756273003,-0.058265444280205955,0.44785798031619933,-2.810047895063698,-1.35,-,2293.316067685934,1348.3399595857065,0.03032135611606977,0.8760315541485382
3.949999999999938,58.47280014553313,31.56132987364818,0.05880957250432821,0.48394296326356645,-58.47280014553313,-31.56132987364818,-0.05880957250432821,-0.48394296326356645,11.11142663981271,1.35,-,2310.411409470231,1353.3205473026726,0.030338648945160477,0.8772025581069998
3.954999999999938,58.642335589283704,35.0247725829884,0.05869918024540631,-0.4037547441898608,-58.642335589283704,-35.0247725829884,-0.05869918024540631,0.4037547441898608,-2.1296445839357014,-1.35,-,2327.606027087061,1359.4542207751228,0.03035587691396789,0.8780176475742788
3.959999999999938,58.80679662539894,31.50900609658707,0.0594644294208015,0.528094288599883,-58.80679662539894,-31.50900609658707,-0.0594644294208015,-0.528094288599883,11.795832757257966,1.35,-,2344.897223733766,1364.4183081010965,0.0303735570057996,0.8794120654625378
3.9649999999999377,58.976074793994265,34.97139850703015,0.05957628014641255,-0.3593346275554149,-58.976074793994265,-34.97139850703015,-0.05957628014641255,0.3593346275554149,-1.4379042492346614,-1.35,-,2362.2881107242997,1370.533301668784,0.03039130367158002,0.8800576723353397
3.9699999999999376,59.140273568115035,31.454056824409903,0.06056502414621188,0.572676680971299,-59.140273568115035,-31.454056824409903,-0.06056502414621188,-0.572676680971299,12.493317655975462,1.35,-,2379.775970512857,1375.4800901223498,0.030409644282329173,0.8816974652399812
3.9749999999999375,59.30928614655387,34.91537028378861,0.06090241882118833,-0.31426037992807365,-59.30928614655387,-34.91537028378861,-0.06090241882118833,0.31426037992807365,-0.7296905650653526,-0.7296905650653526,-,2397.3639276289255,1381.57550553262,0.03042818980542053,0.8821912631719439
3.9799999999999374,59.47853411250675,33.295345622772025,0.06091529682608496,0.22932049677019745,-59.47853411250675,-33.295345622772025,-0.06091529682608496,-0.22932049677019745,7.398585180899946,1.35,-,2415.0524077297882,1387.118405733319,0.03044674317235758,0.8824542026231385
3.9849999999999373,59.65336848156137,36.08447828789808,0.05919922859867689,-0.7246780967114893,-59.65336848156137,-36.08447828789808,-0.05919922859867689,0.7246780967114893,-6.87435871667177,-1.35,-,2432.8450295857724,1393.6288535998676,0.030464265915690972,0.8850799943424054
3.989999999999937,59.82284544223714,32.514215962865386,0.05833171526784532,0.20168550554563666,-59.82284544223714,-32.514215962865386,-0.05833171526784532,-0.20168550554563666,6.943456449149023,1.35,-,2450.738893769801,1398.9147247982667,0.030481278860721415,0.8852833795581414
3.994999999999937,59.99716489294067,35.98642581276454,0.05681072922783919,-0.6856718446435256,-59.99716489294067,-35.98642581276454,-0.05681072922783919,0.6856718446435256,-6.313301619262377,-1.35,-,2468.7371927457543,1405.3898390121547,0.03049741615549841,0.8876341089508256
3.999999999999937,60.16642235979605,32.47522515776838,0.05616286443646777,0.24580226647592177,-60.16642235979605,-32.47522515776838,-0.05616286443646777,-0.24580226647592177,7.585638361233053,1.35,-,2486.8371846436407,1410.6630402573933,0.030513187492206953,0.8879362027218491
4.004999999999937,60.34052294635313,35.94686309907754,0.054856952865397365,-0.6426502365852478,-60.34052294635313,-35.94686309907754,-0.054856952865397365,0.6426502365852478,-5.684341075962082,-1.35,-,2505.0420781908374,1417.1239250907122,0.030528233918595334,0.8900011993547645
4.009999999999937,60.50956595816159,32.43628371837618,0.05442064320023667,0.2882601084576145,-60.50956595816159,-32.43628371837618,-0.05442064320023667,-0.2882601084576145,8.209319587561755,1.35,-,2523.3491160530625,1422.3844875980071,0.03054304195062697,0.8904166688054045
4.014999999999937,60.68345123814893,35.90711021264871,0.05332247997428608,-0.6010963009690957,-60.68345123814893,-35.90711021264871,-0.05332247997428608,0.6010963009690957,-5.071127061143214,-1.35,-,2541.7615223239263,1428.8310904171235,0.03055725838498001,0.8922232526205981
4.0199999999999365,60.85228224532943,32.39690496821489,0.05309113153910272,0.32936139657315805,-60.85228224532943,-32.39690496821489,-0.05309113153910272,-0.32936139657315805,8.818817310861387,1.35,-,2560.276523596252,1434.078887674721,0.03057135172622052,0.8927656472683612
4.024999999999936,61.02595414604435,35.86686177521424,0.052194955037275156,-0.5606988938979856,-61.02595414604435,-35.86686177521424,-0.052194955037275156,0.5606988938979856,-4.469183681564597,-1.35,-,2578.897358993427,1440.5110465427326,0.030584973292877238,0.8943375635164532
4.029999999999936,61.194573804909695,32.356711325623685,0.05216350033116131,0.3694087599890091,-61.194573804909695,-32.356711325623685,-0.05216350033116131,-0.3694087599890091,9.418501083511417,1.35,-,2597.6212383092493,1445.7458303817812,0.030598578446711232,0.8950198776762363
4.034999999999936,61.368032819991086,35.825858361006425,0.05146508841588057,-0.5211503133971132,-61.368032819991086,-35.825858361006425,-0.05146508841588057,0.5211503133971132,-3.874039894698717,-1.35,-,2616.4514155702263,1452.1632910182955,0.030611821723339504,0.8963778659220057
4.039999999999936,61.53644025464325,32.31552190907569,0.05162997293821232,0.40871741700552994,-61.53644025464325,-32.31552190907569,-0.05162997293821232,-0.40871741700552994,10.012978897523379,1.35,-,2635.3850829662924,1457.384755799575,0.030625149993867506,0.897213115556824
4.044999999999936,61.70968515517935,35.783759955783204,0.05112658056510379,-0.48215659662168986,-61.70968515517935,-35.783759955783204,-0.05112658056510379,0.48215659662168986,-3.2813876355259533,-1.35,-,2654.4255091760488,1463.7871431824406,0.030638219630068908,0.8983754904751531
4.049999999999936,61.8778778369775,32.272935029437434,0.05148572216282621,0.44757398493787737,-61.8778778369775,-32.272935029437434,-0.05148572216282621,-0.44757398493787737,10.606469420578403,1.35,-,2673.5698680040878,1468.9948548595119,0.030651473528002047,0.899377102835119
4.054999999999936,62.05090620222463,35.74033921919908,0.051176113043027084,-0.4434159754639651,-62.05090620222463,-35.74033921919908,-0.051176113043027084,0.4434159754639651,-2.686754903841103,-1.35,-,2692.8214428066735,1475.3817140970289,0.03066456850073301,0.9003601914716023
4.059999999999936,62.21888012995646,32.22865318086535,0.051728904528653266,0.48627292153587154,-62.21888012995646,-32.22865318086535,-0.051728904528653266,-0.48627292153587154,11.203355659783439,1.35,-,2712.1773880298024,1480.5751445262913,0.03067794789855168,0.9015424982426974
4.0649999999999356,62.39168750692903,35.695180097960254,0.051613256988331246,-0.4046466204355928,-62.39168750692903,-35.695180097960254,-0.051613256988331246,0.4046466204355928,-2.085929349472557,-1.35,-,2731.6410013796135,1486.9458739374202,0.0306912675400364,0.9023611926798472
4.0699999999999354,62.55943704090876,32.18233173865929,0.05236054383677011,0.5251029179195441,-62.55943704090876,-32.18233173865929,-0.05236054383677011,-0.5251029179195441,11.80797604275425,1.35,-,2751.2094171939902,1492.1243863181057,0.03070497567279081,0.9037398580518852
4.074999999999935,62.73201733721525,35.64795102050516,0.052440491666347934,-0.3655571437973054,-62.73201733721525,-35.64795102050516,-0.052440491666347934,0.3655571437973054,-1.4745100680656489,-1.35,-,2770.885947189973,1498.4782683779072,0.030718725698621854,0.9044080181787914
4.079999999999935,62.899535226288144,32.13367954154318,0.05338458154977311,0.5643597689611883,-62.899535226288144,-32.13367954154318,-0.05338458154977311,-0.5643597689611883,12.424820257546813,1.35,-,2790.667704848388,1503.6411351823,0.030732975266358074,0.906000527922901
4.084999999999935,63.071880793945255,35.59830731885314,0.053663234658173006,-0.3258539913145104,-63.071880793945255,-35.59830731885314,-0.053663234658173006,0.3258539913145104,-0.8480199717101886,-0.8480199717101886,-,2810.5580155828156,1509.9773326021375,0.030747373980127963,0.9065314320411789
4.089999999999935,63.24374315173283,33.73093176867136,0.05386117031066965,0.30068957620273973,-63.24374315173283,-33.73093176867136,-0.05386117031066965,-0.30068957620273973,8.522629559143882,1.35,-,2830.556870822027,1515.666211392051,0.030761879108464136,0.9069835031473639
4.094999999999935,63.42087835912342,36.5591531347462,0.05250352619758466,-0.6529340143103222,-63.42087835912342,-36.5591531347462,-0.05250352619758466,0.6529340143103222,-5.738439124631202,-1.35,-,2850.66790988124,1522.3490697817,0.03077566220978004,0.9091151172825808
4.099999999999935,63.59262716220151,32.982781393407635,0.05197797522546785,0.27061658947539663,-63.59262716220151,-32.982781393407635,-0.05197797522546785,-0.27061658947539663,8.04227918486918,1.35,-,2870.8880210281936,1527.7883891239267,0.030789170759322734,0.9094812839750772
4.104999999999935,63.769225239481926,36.455485916438825,0.05078600718624923,-0.619780918285292,-63.769225239481926,-36.455485916438825,-0.05078600718624923,0.619780918285292,-5.25504493857759,-1.35,-,2891.2205914664123,1534.433401390945,0.03080206685195234,0.9114019259084299
4.109999999999935,63.940774689417594,32.94638813413359,0.05045626272713974,0.3099045846437531,-63.940774689417594,-32.94638813413359,-0.05045626272713974,-0.3099045846437531,8.621971460822767,1.35,-,2911.6627048058263,1539.8607238463696,0.03081479602419429,0.911882130166346
4.1149999999999345,64.11717236012572,36.41828344745207,0.04945674862248609,-0.5812826839387928,-64.11717236012572,-36.41828344745207,-0.04945674862248609,0.5812826839387928,-4.684336466390531,-1.35,-,2932.217763763116,1546.4921806926643,0.03082702587411583,0.9135715779595814
4.119999999999934,64.28852400189629,32.90945461969211,0.049317008036351494,0.3479992421657478,-64.28852400189629,-32.90945461969211,-0.049317008036351494,-0.3479992421657478,9.189473805501184,1.35,-,2952.882835354828,1551.9073417094921,0.030839186710524116,0.914177095322321
4.124999999999934,64.46472273981962,36.38055846427463,0.048504956411417804,-0.5437878351079033,-64.46472273981962,-36.38055846427463,-0.048504956411417804,0.5437878351079033,-4.123043101569005,-1.35,-,2973.6613377444364,1558.5250668803544,0.030850950364506483,0.9156556213703777
4.129999999999934,64.63587686021468,32.87157540407731,0.048550874541102136,0.3851753027350281,-64.63587686021468,-32.87157540407731,-0.048550874541102136,-0.3851753027350281,9.748759241632085,1.35,-,2994.5503206318804,1563.9277692280841,0.03086273630160001,0.9163974214395628
4.134999999999934,64.81187659360401,36.342016449715686,0.0479227036249221,-0.5070153516145556,-64.81187659360401,-36.342016449715686,-0.0479227036249221,0.5070153516145556,-3.5670743271060283,-1.35,-,3015.5532173698025,1570.531480026241,0.03087421922921362,0.917682744273427
4.139999999999934,64.98283198137348,32.83274153782787,0.04815133529676181,0.42174263940128526,-64.98283198137348,-32.83274153782787,-0.04815133529676181,-0.42174263940128526,10.304377730482202,1.35,-,3036.6670596313993,1575.9214246106899,0.030885811984667926,0.9185720785428728
4.144999999999934,65.1586311578909,36.302367572014674,0.04770485101532616,-0.4706886005385298,-65.1586311578909,-36.302367572014674,-0.04770485101532616,0.4706886005385298,-3.0123636450921243,-1.35,-,3057.8952957032493,1582.510734067358,0.030897190748719897,0.9196798173362574
4.149999999999934,65.32938515005992,32.792635750260224,0.04811463218908235,0.45797429477918483,-65.32938515005992,-32.792635750260224,-0.04811463218908235,-0.45797429477918483,10.86036202553161,1.35,-,3079.234938523673,1587.887518864604,0.03090876583787335,0.9207285196096499
4.154999999999934,65.50498075128993,36.26131421690528,0.04784901210561543,-0.43453440106303376,-65.50498075128993,-36.26131421690528,-0.04784901210561543,0.43453440106303376,-2.454855319971572,-1.35,-,3100.689451039807,1594.4619334082897,0.030920213477670766,0.9216726203381859
4.1599999999999335,65.67552915747659,32.75081300346211,0.04843973960576399,0.49412768998196294,-65.67552915747659,-32.75081300346211,-0.04843973960576399,-0.49412768998196294,11.42054887018421,1.35,-,3122.2558266903793,1599.8250121702283,0.030931945519536135,0.9228934312082204
4.164999999999933,65.85091682816238,36.218608437880356,0.04835553979914697,-0.3982751772092352,-65.85091682816238,-36.218608437880356,-0.04835553979914697,0.3982751772092352,-1.8903857192672202,-1.35,-,3143.9375429259267,1606.3839501561106,0.03094363681068247,0.9236865467921257
4.169999999999933,66.02125397401053,32.70700601009503,0.04912837416869523,0.5304786467027122,-66.02125397401053,-32.70700601009503,-0.04912837416869523,-0.5304786467027122,11.989095592233433,1.35,-,3165.73157280743,1611.7326913668323,0.030955704796424767,0.9250935847651633
4.174999999999933,66.19642756007343,36.17387077177794,0.04922748679650792,-0.361644791438114,-66.19642756007343,-36.17387077177794,-0.04922748679650792,0.361644791438114,-1.3149250517855946,-1.3149250517855946,-,3187.64140791601,1618.2754359998987,0.03096782152370627,0.925747519541035
4.179999999999933,66.36700096360411,32.829761762612286,0.050132157348456635,0.5514192299748876,-66.36700096360411,-32.829761762612286,-0.050132157348456635,-0.5514192299748876,12.334546083646572,1.35,-,3209.6643020005245,1623.664402286848,0.03098038768970832,0.9272678353769654
4.184999999999933,66.54228046210795,36.192658026948315,0.05028690440861287,-0.35054956300177026,-66.54228046210795,-36.192658026948315,-0.05028690440861287,0.35054956300177026,-1.118395499874076,-1.118395499874076,-,3231.8036774460134,1630.213944762126,0.030993031553483326,0.927882260357569
4.189999999999933,66.71550574448062,33.794608621442784,0.050953352441727974,0.4739041461557789,-66.71550574448062,-33.794608621442784,-0.050953352441727974,-0.4739041461557789,11.217374881170684,1.35,-,3254.058470979722,1635.9243226215083,0.03100601277410858,0.9290051860562872
4.194999999999933,66.89300900663443,36.63683936307746,0.05046267963649396,-0.4796058509982752,-66.89300900663443,-36.63683936307746,-0.05046267963649396,0.4796058509982752,-3.028690422899792,-1.35,-,3276.43184424953,1642.635612614088,0.031018745184289057,0.9301552949178461
4.199999999999933,67.06517696234268,33.06947968316421,0.05080500710898668,0.4442670341687385,-67.06517696234268,-33.06947968316421,-0.05080500710898668,-0.4442670341687385,10.770077291322867,1.35,-,3298.9205340544813,1648.1035650466638,0.03103165092802578,0.9311421609060915
4.204999999999933,67.24218259938152,36.5373884276733,0.05047731851209399,-0.44701151076248896,-67.24218259938152,-36.5373884276733,-0.05047731851209399,0.44701151076248896,-2.5275778112271974,-1.35,-,3321.5280896581235,1654.778468812237,0.031044390726446634,0.9321412573598623
4.2099999999999325,67.414135293278,33.02598951604497,0.051010759338508675,0.48246308829970125,-67.414135293278,-33.02598951604497,-0.051010759338508675,-0.48246308829970125,11.359192916625169,1.35,-,3344.251417844825,1660.2320487298064,0.03105740121428809,0.9333051105177207
4.214999999999932,67.5909229577621,36.49290187003742,0.05087436764120918,-0.40877606076674405,-67.5909229577621,-36.49290187003742,-0.05087436764120918,0.40877606076674405,-1.935030441171791,-1.35,-,3367.094082176235,1666.8907081642872,0.031070342220702554,0.9341405998570006
4.219999999999932,67.76265479652997,32.98049417569923,0.05159961139001163,0.5207610510535778,-67.76265479652997,-32.98049417569923,-0.05159961139001163,-0.5207610510535778,11.955526012029027,1.35,-,3390.052969101603,1672.3292731446536,0.031083654820180554,0.9354965602184727
4.224999999999932,67.93921887483172,36.44646582175091,0.051656025637915146,-0.3702443382505502,-67.93921887483172,-36.44646582175091,-0.051656025637915146,0.3702443382505502,-1.3323266177612387,-1.3323266177612387,-,3413.131656408214,1678.9709974991338,0.031096996545104078,0.9361819645685057
4.229999999999932,68.11095220398751,33.017864289896075,0.052548644417110484,0.5514589772488213,-68.11095220398751,-33.017864289896075,-0.052548644417110484,-0.5514589772488213,12.444909698946399,1.35,-,3436.327165458883,1684.4218943104636,0.031110803345254456,0.9377024995864472
4.234999999999932,68.28744997486244,36.43078928146629,0.05273479268053502,-0.3443313670423418,-68.28744997486244,-36.43078928146629,-0.05273479268053502,0.3443313670423418,-0.913834830803278,-0.913834830803278,-,3459.6430445792294,1691.0579063488165,0.03112470813704975,0.9382953200380935
4.239999999999932,68.46309050041492,34.43759761726034,0.05298501433162529,0.3306649151399839,-68.46309050041492,-34.43759761726034,-0.05298501433162529,-0.3306649151399839,9.182024514435941,1.35,-,3483.079018383569,1696.987646997058,0.031138745195768362,0.9388420164686161
4.244999999999932,68.64377300533037,37.27011903106349,0.05177737734964154,-0.6229391465269719,-68.64377300533037,-37.27011903106349,-0.05177737734964154,0.6229391465269719,-5.07627323682547,-1.35,-,3506.638856245605,1703.932955860006,0.0311521496797944,0.9407822823699948
4.249999999999932,68.81906576605134,33.69291720772373,0.05140002202223165,0.30030209838852145,-68.81906576605134,-33.69291720772373,-0.05140002202223165,-0.30030209838852145,8.702152780957825,1.35,-,3530.319175310165,1709.6090192098384,0.031165359491113827,0.9412331891214776
4.2549999999999315,68.99920591525618,37.164768641160045,0.05035483595318996,-0.5904347918191997,-68.99920591525618,-37.164768641160045,-0.05035483595318996,0.5904347918191997,-4.597935728556699,-1.35,-,3554.1236273948443,1716.515119350593,0.03117803753863319,0.9429762553384304
4.259999999999931,69.17429818489535,33.655674878349316,0.05017106815663376,0.33912443160367706,-69.17429818489535,-33.655674878349316,-0.05017106815663376,-0.33912443160367706,9.279517921367463,1.35,-,3578.049045041708,1722.1786416081786,0.031190623219033077,0.943551282238983
4.264999999999931,69.35423657382081,37.12666440460641,0.04931672252600767,-0.5522637772591094,-69.35423657382081,-37.12666440460641,-0.04931672252600767,0.5522637772591094,-4.027503069951566,-1.35,-,3602.0990956953947,1729.07058765724,0.031202783914636614,0.9450762586373455
4.269999999999931,69.52912875306879,33.61748371274558,0.04932184298358028,0.37695532187590325,-69.52912875306879,-33.61748371274558,-0.04932184298358028,-0.37695532187590325,9.847672297269916,1.35,-,3626.2705944211984,1734.7212637131233,0.0312149471356131,0.9457867352107983
4.274999999999931,69.7088656065264,37.087789290980886,0.048654433475564605,-0.5148793934351936,-69.7088656065264,-37.087789290980886,-0.048654433475564605,0.5148793934351936,-3.463263989313761,-1.35,-,3650.5672241419416,1741.598784285584,0.03122678340509724,0.9471122391597192
4.279999999999931,69.88355675353058,33.578339927487804,0.048845183822964655,0.414110114854043,-69.88355675353058,-33.578339927487804,-0.048845183822964655,-0.414110114854043,10.411238548846095,1.35,-,3674.985781664561,1747.2363088470136,0.031238712665010736,0.9479696750958413
4.284999999999931,70.06309078559286,37.04785140015975,0.04836221580629478,-0.4780004180115124,-70.06309078559286,-37.04785140015975,-0.04836221580629478,0.4780004180115124,-2.901092373651354,-1.35,-,3699.5299651167115,1754.099025313855,0.03125040718459921,0.9491120970939372
4.289999999999931,70.2375784853907,33.537991542495,0.04873674051807586,0.45087342942707,-70.2375784853907,-33.537991542495,-0.04873674051807586,-0.45087342942707,10.974415519442715,1.35,-,3724.196552274168,1759.7230096973772,0.03126228353398084,0.9501285313407538
4.294999999999931,70.41690694072621,37.006549294793714,0.04843711316862762,-0.4413496994372582,-70.41690694072621,-37.006549294793714,-0.04843711316862762,0.4413496994372582,-2.3368815305045363,-1.35,-,3748.989256189662,1766.570433150917,0.03127401430364139,0.9511024791267206
4.2999999999999305,70.59118724831104,33.49596870722718,0.048994938982908874,0.4875043842121624,-70.59118724831104,-33.49596870722718,-0.048994938982908874,-0.4875043842121624,11.541056712003055,1.35,-,3773.904834775292,1772.1803327490948,0.03128601682387109,0.952290781749851
4.30499999999993,70.77030600131943,36.96362993376773,0.04887894705970011,-0.4046462473027308,-70.77030600131943,-36.96362993376773,-0.04887894705970011,0.4046462473027308,-1.7664246649173283,-1.35,-,3798.947015832893,1779.0118824384972,0.031297962581199414,0.9531094746771319
4.30999999999993,70.94437345976483,33.45198771466285,0.04962098100449389,0.5242809502987382,-70.94437345976483,-33.45198771466285,-0.04962098100449389,-0.5242809502987382,12.115343662232332,1.35,-,3824.1125364608856,1784.6070598488068,0.03131027378997866,0.9544838272513626
4.31499999999993,71.12327662281648,36.918725378161575,0.04969027739202462,-0.36761925387322225,-71.12327662281648,-36.918725378161575,-0.04969027739202462,0.36761925387322225,-1.1856290747420737,-1.1856290747420737,-,3849.4051388487132,1791.4220212665473,0.03132261940831514,0.9551595468304541
4.31999999999993,71.29925529847654,34.19730911192091,0.050371396321959985,0.48708456527279814,-71.29925529847654,-34.19730911192091,-0.050371396321959985,-0.48708456527279814,11.597755818098852,1.35,-,3874.8230578792995,1797.2693010190285,0.03133530579615226,0.9563458036990891
4.32499999999993,71.47947234925968,37.180623226429276,0.05001550569364186,-0.4526467049227726,-71.47947234925968,-37.180623226429276,-0.05001550569364186,0.4526467049227726,-2.4366766299379883,-1.35,-,3900.369632715942,1804.1812947365568,0.03134781355020121,0.9573702488964763
4.32999999999993,71.65463894960706,33.66986314776919,0.05052005761493291,0.4767283840282194,-71.65463894960706,-33.66986314776919,-0.05052005761493291,-0.4767283840282194,11.44830944558695,1.35,-,3926.041569130934,1809.8495931585041,0.0313605749313083,0.958506598657167
4.33499999999993,71.83464177170048,37.1371086087341,0.050353845039846176,-0.4147249580332971,-71.83464177170048,-37.1371086087341,-0.050353845039846176,0.4147249580332971,-1.8494388518590632,-1.35,-,3951.842647923276,1816.7454173375886,0.03137325247985978,0.9593665826112456
4.33999999999993,72.00959025108529,33.62504326550367,0.051048359450290105,0.5146629900956379,-72.00959025108529,-33.62504326550367,-0.051048359450290105,-0.5146629900956379,12.038554718542406,1.35,-,3977.7695533639217,1822.3986350106234,0.03138628215487261,0.9606909725781165
4.34499999999993,72.1893722549757,37.091357665041485,0.051072985824559165,-0.3765860898246138,-72.1893722549757,-37.091357665041485,-0.051072985824559165,0.3765860898246138,-1.253294516500962,-1.253294516500962,-,4003.8260806967583,1829.2774790778035,0.031399324404277784,0.9614000579933635
4.3499999999999295,72.3653503399378,34.04394307694941,0.051813901818605575,0.5092040805885613,-72.3653503399378,-34.04394307694941,-0.051813901818605575,-0.5092040805885613,11.990762611244003,1.35,-,4030.0098003458675,1835.0724293789362,0.03141274780638612,0.9626965019718037
4.354999999999929,72.54580818978255,37.225095262004466,0.05167111331577917,-0.41007877772485246,-72.54580818978255,-37.225095262004466,-0.05167111331577917,0.41007877772485246,-1.7297807333047093,-1.35,-,4056.3242717754106,1842.0009679652626,0.031426097326142585,0.9635373249915052
4.359999999999929,72.72120916430654,33.71257755189085,0.05239147631802511,0.519719895319744,-72.72120916430654,-33.71257755189085,-0.05239147631802511,-0.519719895319744,12.164770492176615,1.35,-,4082.766143087004,1847.6836573912237,0.0314398216600965,0.9648878688394611
4.364999999999929,72.90144087847877,37.17820480497086,0.05244456333494704,-0.370929314309936,-72.90144087847877,-37.17820480497086,-0.05244456333494704,0.370929314309936,-1.117649533386267,-1.117649533386267,-,4109.339243497795,1854.5947519538254,0.031453573821213464,0.9655758116205333
4.369999999999929,73.07962591801304,34.78409128899516,0.053012462864394864,0.4539623429563456,-73.07962591801304,-34.78409128899516,-0.053012462864394864,-0.4539623429563456,11.223488949811532,1.35,-,4136.042402119378,1860.644416987831,0.03146762542730821,0.9666062206646453
4.374999999999929,73.26204120881727,37.61482732469458,0.05242161565889328,-0.4996805284986063,-73.26204120881727,-37.61482732469458,-0.05242161565889328,0.4996805284986063,-3.0261054977491124,-1.35,-,4162.879035529789,1867.7187931611638,0.031481365556249655,0.9678546238174485
4.379999999999929,73.43915730475595,34.054979054487376,0.0526713567651938,0.425599555787097,-73.43915730475595,-34.054979054487376,-0.0526713567651938,-0.425599555787097,10.792729561564347,1.35,-,4189.845584657952,1873.5175011531717,0.031495236915367084,0.9687602987268793
4.384999999999929,73.62110843686978,37.52246243887343,0.05225482474270481,-0.4648181682936208,-73.62110843686978,-37.52246243887343,-0.05225482474270481,0.4648181682936208,-2.4931565670114804,-1.35,-,4216.945922695318,1880.557177090555,0.031508889748911535,0.9698405783747585
4.389999999999929,73.79800351247106,34.01073814143289,0.05270273087311724,0.4652216024308208,-73.79800351247106,-34.01073814143289,-0.05270273087311724,-0.4652216024308208,11.400999902886571,1.35,-,4244.17664930745,1886.3408286351803,0.031522777638118955,0.9709227340715999
4.3949999999999285,73.97973101014726,37.47720646148928,0.05248418420434523,-0.425242622834207,-73.97973101014726,-37.47720646148928,-0.05248418420434523,0.425242622834207,-1.88264320981225,-1.35,-,4271.541652309118,1893.3635336559655,0.031536550586076934,0.9718268905129744
4.399999999999928,74.15640005497748,33.96457856352567,0.053130288689222906,0.504812794944642,-74.15640005497748,-33.96457856352567,-0.053130288689222906,-0.504812794944642,12.014693827977586,1.35,-,4299.037510654687,1899.131496640955,0.031550664723957934,0.9731010703026736
4.404999999999928,74.3378989918185,37.43011847111255,0.05311061879512341,-0.38549350418698414,-74.3378989918185,-37.43011847111255,-0.05311061879512341,0.38549350418698414,-1.2636249517829192,-1.2636249517829192,-,4326.6681267872755,1906.1365654847625,0.03156476841310194,0.9738440965115254
4.409999999999928,74.51545665688481,34.33265142461481,0.05382660757181878,0.5056377674389237,-74.51545665688481,-34.33265142461481,-0.05382660757181878,-0.5056377674389237,12.059236919928827,1.35,-,4354.4308931911955,1912.0302202539829,0.031579254931515394,0.9751224442708284
4.414999999999928,74.69752712952199,37.543062631402776,0.05368580150947298,-0.40973098745426934,-74.69752712952199,-37.543062631402776,-0.05368580150947298,0.40973098745426934,-1.6019154513630098,-1.35,-,4382.329495987523,1919.07762801271,0.031593665757933966,0.9759618416812297
4.419999999999928,74.87453602422252,34.02971319980443,0.0544117684379655,0.5206721645979994,-74.87453602422252,-34.02971319980443,-0.0544117684379655,-0.5206721645979994,12.301834700504463,1.35,-,4410.360476711735,1924.8677349150146,0.0316084689606567,0.9773173391961655
4.424999999999928,75.05637171742428,37.49440879105079,0.054474414062748944,-0.36906632311552107,-75.05637171742428,-37.49440879105079,-0.054474414062748944,0.36906632311552107,-0.9667355912735941,-0.9667355912735941,-,4438.527771388655,1931.8968883679665,0.0316233062695941,0.9779983889504555
4.429999999999928,75.23706867806757,35.409209487758034,0.05472462023544211,0.3466690299136297,-75.23706867806757,-35.409209487758034,-0.05472462023544211,-0.3466690299136297,9.738571689113941,1.35,-,4466.830853904996,1938.165948950706,0.03163828018989367,0.9785992860319618
4.434999999999928,75.4225787988397,38.23146445060902,0.05359663620067788,-0.6070640871959574,-75.4225787988397,-38.23146445060902,-0.05359663620067788,0.6070640871959574,-4.520479323963423,-1.35,-,4495.273680868331,1945.4741733208969,0.03165264318695381,0.980441920061777
4.439999999999928,75.60270422061726,34.6552761798345,0.05330313683944591,0.31691251980296054,-75.60270422061726,-34.6552761798345,-0.05330313683944591,-0.31691251980296054,9.270448542057478,1.35,-,4523.8525252956815,1951.4791141563996,0.031666849308938434,0.9809440877878163
4.4449999999999275,75.787671484695,38.125620942757465,0.05234535296619082,-0.5730168303717863,-75.787671484695,-38.125620942757465,-0.05234535296619082,0.5730168303717863,-4.016052882840983,-1.35,-,4552.571381041042,1958.7469290177537,0.03168054948882421,0.9825858292272629
4.449999999999927,75.96758633433667,34.615558285392126,0.052252580808386954,0.35714205633376955,-75.96758633433667,-34.615558285392126,-0.052252580808386954,-0.35714205633376955,9.871934176213657,1.35,-,4581.426751908365,1964.7381133948004,0.0316942011498299,0.9832235814692745
4.454999999999927,76.15234142214655,38.08502562854406,0.051493125870746954,-0.5333534734777919,-76.15234142214655,-38.08502562854406,-0.051493125870746954,0.5333534734777919,-3.420111044648931,-1.35,-,4610.422647428741,1971.9904592804346,0.0317074588598896,0.9846459111076286
4.459999999999927,76.33204514176053,34.57475769599877,0.051597047794250096,0.3965214098212111,-76.33204514176053,-34.57475769599877,-0.051597047794250096,-0.3965214098212111,10.466553823822315,1.35,-,4639.555553006359,1977.9675286291197,0.03172077013659501,0.9854320572498615
4.464999999999927,76.51658733850428,38.04343570627305,0.05103271862290826,-0.4943366051410483,-76.51658733850428,-38.04343570627305,-0.05103271862290826,0.4943366051410483,-2.8280260901064684,-1.35,-,4668.829493696014,1985.2040436308062,0.03173379182844523,0.9866539006457733
4.469999999999927,76.69607799337854,34.53286382862033,0.05133080353177304,0.4353782767336621,-76.69607799337854,-34.53286382862033,-0.05133080353177304,-0.4353782767336621,11.059136600289076,1.35,-,4698.240935593845,1991.1666370518362,0.03174696608540132,0.9876016718650311
4.474999999999927,76.88040500537801,38.00053911198642,0.050959867496256264,-0.45567305691212384,-76.88040500537801,-38.00053911198642,-0.050959867496256264,0.45567305691212384,-2.235470858783165,-1.35,-,4727.7939189628,1998.3868419158441,0.0317599506258775,0.9886398615390093
4.479999999999927,77.05967901958121,34.48929228220033,0.051451040443881435,0.4739767687809648,-77.05967901958121,-34.48929228220033,-0.051451040443881435,-0.4739767687809648,11.65359014479995,1.35,-,4757.484889615804,2004.3343983264792,0.031773186673691285,0.9897631314257295
4.484999999999927,77.24378726659191,37.95609294499888,0.05127325133236798,-0.4170646323763154,-77.24378726659191,-37.95609294499888,-0.05127325133236798,0.4170646323763154,-1.6379973660955574,-1.35,-,4787.317902972236,2011.537723284726,0.03178633140520225,0.9906328459636254
4.4899999999999265,77.42283955071908,34.44380954488866,0.051957898508323226,0.5126162500736015,-77.42283955071908,-34.44380954488866,-0.051957898508323226,-0.5126162500736015,12.254402001655407,1.35,-,4817.289383392717,2017.4696033645487,0.031799829521289256,0.991946723062823
4.494999999999926,77.60672344483649,37.9096807271985,0.05197442194449851,-0.37822999575736,-77.60672344483649,-37.9096807271985,-0.05197442194449851,0.37822999575736,-1.031371054855493,-1.031371054855493,-,4847.403401011933,2024.6553228287391,0.03181333622397158,0.9926620127112761
4.499999999999926,77.78908750998562,35.6947303010482,0.052316050734867704,0.38392469095780335,-77.78908750998562,-35.6947303010482,-0.052316050734867704,-0.38392469095780335,10.369069231810455,1.35,-,4877.659111690114,2031.0258916850619,0.03182702106979405,0.9933990035529113
4.504999999999926,77.9760676208542,38.530302365490385,0.05137499260695161,-0.5696570256184107,-77.9760676208542,-38.530302365490385,-0.05137499260695161,0.5696570256184107,-3.884581743027911,-1.35,-,4908.060447298173,2038.4488126869423,0.03184021801912087,0.9950215491870934
4.509999999999926,78.15765214713258,34.9517082030032,0.051262811511009844,0.3533467041450609,-78.15765214713258,-34.9517082030032,-0.051262811511009844,-0.3533467041450609,9.89448298478643,1.35,-,4938.603540243934,2044.5569222184815,0.031853357398340935,0.9956458186537442
4.514999999999926,78.34407949094091,38.42177658152215,0.050482074913675457,-0.5375816198440496,-78.34407949094091,-38.42177658152215,-0.050482074913675457,0.5375816198440496,-3.404294462687533,-1.35,-,4969.292514200348,2051.9380867968835,0.031866099597778884,0.9970907886437149
4.519999999999926,78.52545774868145,34.91195557845495,0.05056288707939064,0.39198701853864704,-78.52545774868145,-34.91195557845495,-0.05056288707939064,-0.39198701853864704,10.477506005786923,1.35,-,5000.123751773547,2058.0323100084433,0.0318788826255279,0.9978590577572289
4.524999999999926,78.71167696975122,38.381247927155606,0.04997347162715736,-0.49932395640309296,-78.71167696975122,-38.381247927155606,-0.04997347162715736,0.49932395640309296,-2.8241652343058727,-1.35,-,5031.101392230499,2065.397910970672,0.03189136936486025,0.9991056798244191
4.529999999999926,78.89284710761778,34.87111698520791,0.05024456154523326,0.4300660508361179,-78.89284710761778,-34.87111698520791,-0.05024456154523326,-0.4300660508361179,11.057795409729136,1.35,-,5062.221798854228,2071.477884969652,0.031903991944684615,1.0000304638648279
4.5349999999999255,79.07885619484254,38.33948608399718,0.04984455261318518,-0.4614561142304694,-79.07885619484254,-38.33948608399718,-0.04984455261318518,0.4614561142304694,-2.2442294547856174,-1.35,-,5093.48912633965,2078.827465935577,0.03191641434181066,1.0010951725916313
4.539999999999925,79.25981499331081,34.8287763155203,0.05030465563230404,0.46785873931697874,-79.25981499331081,-34.8287763155203,-0.05030465563230404,-0.46785873931697874,11.639419050282081,1.35,-,5124.899717703519,2084.8926842337596,0.03192906713370208,1.0021896315914076
4.544999999999925,79.44561051665228,38.296211827924374,0.05009357877103561,-0.42369018755044696,-79.44561051665228,-38.296211827924374,-0.05009357877103561,0.42369018755044696,-1.660200474466591,-1.35,-,5156.457742855337,2092.225683435606,0.031941613966872534,1.0030871984665402
4.549999999999925,79.62635319760183,34.784573191772594,0.05074285293132379,0.5056443960070032,-79.62635319760183,-34.784573191772594,-0.05074285293132379,-0.5056443960070032,12.22655432581443,1.35,-,5188.159523473082,2098.2755160962747,0.031954488152490586,1.0043655797426065
4.554999999999925,79.81193011957953,38.25110986491427,0.05072165133087931,-0.38574181709537964,-79.81193011957953,-38.25110986491427,-0.05072165133087931,0.38574181709537964,-1.0678030843860387,-1.0678030843860387,-,5220.009244420145,2105.591253125763,0.03196735158205924,1.0051095634898868
4.559999999999925,79.9957735971985,35.96359258226949,0.05110354908818096,0.4026919772613292,-79.9957735971985,-35.96359258226949,-0.05110354908818096,-0.4026919772613292,10.726035690775982,1.35,-,5252.005863387215,2112.0581530828804,0.03198040944570628,1.00592036763264
4.564999999999925,80.18411844192592,38.80573129834646,0.05025657749856728,-0.5508231603470107,-80.18411844192592,-38.80573129834646,-0.05025657749856728,0.5508231603470107,-3.525019379082685,-1.35,-,5284.153327638758,2119.5875769908776,0.03199303806361563,1.0074373984025133
4.569999999999925,80.3670630437282,35.22599195080889,0.050235737115901326,0.37169421145976067,-80.3670630437282,-35.22599195080889,-0.050235737115901326,-0.37169421145976067,10.248151589400237,1.35,-,5316.447651750131,2125.7919295354695,0.03200565621003352,1.0081281813366767
4.574999999999925,80.55485108240579,38.696010131000804,0.04954420400056053,-0.5197260591617235,-80.55485108240579,-38.696010131000804,-0.04954420400056053,0.5197260591617235,-3.056613581501197,-1.35,-,5348.893071914673,2133.278835535762,0.032017929350783764,1.0094787572195356
4.579999999999925,80.73759157416198,35.186362943787685,0.04971246039180304,0.40954913578347063,-80.73759157416198,-35.186362943787685,-0.04971246039180304,-0.40954913578347063,10.822154864471338,1.35,-,5381.485865380653,2139.4692362218216,0.032030285994374796,1.0103174096926406
4.5849999999999245,80.92517352882592,38.6555132107375,0.04920871823944651,-0.4821769119863315,-80.92517352882592,-38.6555132107375,-0.04920871823944651,0.4821769119863315,-2.484405700835488,-1.35,-,5414.2302839340055,2146.940479729749,0.03204239348412864,1.011479882564904
4.589999999999924,81.10770742268859,35.1453449068559,0.04956402182388982,0.44695680770195273,-81.10770742268859,-35.1453449068559,-0.04956402182388982,-0.44695680770195273,11.3950276379323,1.35,-,5447.122584950827,2153.116456072858,0.03205467644542544,1.0124787345046597
4.594999999999924,81.29508064259437,38.61366243238358,0.04924680715492789,-0.44488811693961594,-81.29508064259437,-38.61366243238358,-0.04924680715492789,0.44488811693961594,-1.910543172418874,-1.35,-,5480.1670356342565,2160.571530705068,0.03206680268550021,1.01346836168763
4.599999999999924,81.47740412216662,35.102812357701175,0.04978853712976736,0.4842174140214965,-81.47740412216662,-35.102812357701175,-0.04978853712976736,-0.4842174140214965,11.971241679309648,1.35,-,5513.35987254669,2166.732567882168,0.032079197177647824,1.0146406942078383
4.604999999999924,81.66456438688826,38.57014941448812,0.04965798805463049,-0.40757903102844256,-81.66456438688826,-38.57014941448812,-0.04965798805463049,0.40757903102844256,-1.3308300808418887,-1.3308300808418887,-,5546.70537792919,2174.170850011448,0.032091526756535996,1.0154712975405087
4.609999999999924,81.84692051138056,35.150633820132356,0.050358058887655315,0.5129202803971754,-81.84692051138056,-35.150633820132356,-0.050358058887655315,-0.5129202803971754,12.42606458613033,1.35,-,5580.19996991517,2180.3486853012328,0.03210420642701066,1.0167867336107221
4.614999999999924,82.03404161446922,38.56079553859599,0.050344197890537484,-0.38426503274325235,-82.03404161446922,-38.56079553859599,-0.050344197890537484,0.38426503274325235,-0.9562349474400338,-0.9562349474400338,-,5613.847889833191,2187.7833600640797,0.032116879118316864,1.017525031687668
4.619999999999924,82.22005056850527,36.47997678824206,0.05048258045484455,0.32062796932667215,-82.22005056850527,-36.47997678824206,-0.05048258045484455,-0.32062796932667215,9.585059805227802,1.35,-,5647.648573410628,2194.437303596433,0.032129621572963764,1.0180390431612407
4.624999999999924,82.41098679044993,39.32668668187545,0.0492251520231655,-0.6328241115895845,-82.41098679044993,-39.32668668187545,-0.0492251520231655,0.6328241115895845,-4.6710111882407785,-1.35,-,5681.606427129506,2202.170245023305,0.032141737150922285,1.0200413749422863
4.6299999999999235,82.59652718451751,35.74820263746948,0.048792196951181734,0.28939978393458543,-82.59652718451751,-35.74820263746948,-0.048792196951181734,-0.28939978393458543,9.091704853416596,1.35,-,5715.7173586442195,2208.559914982353,0.0321536405433389,1.0204601361169932
4.634999999999923,82.78692140929975,39.22167257037893,0.04768644767457139,-0.6024676047757682,-82.78692140929975,-39.22167257037893,-0.04768644767457139,0.6024676047757682,-4.225807048738384,-1.35,-,5749.985730426367,2216.2516129784426,0.032165010529798,1.0222749721910143
4.639999999999923,82.97227357317291,35.713652182808836,0.04743726161558097,0.32626317039588476,-82.97227357317291,-35.713652182808836,-0.04743726161558097,-0.32626317039588476,9.638670466755078,1.35,-,5784.407721335873,2222.6289377396156,0.032176261998745924,1.022807210472798
4.644999999999923,83.16247876694624,39.18641810020872,0.04651231151320616,-0.5662988197507894,-83.16247876694624,-39.18641810020872,-0.04651231151320616,0.5662988197507894,-3.686570110881725,-1.35,-,5818.987710709186,2230.3068145572374,0.03218707897435743,1.0244106822390537
4.649999999999923,83.3476440032211,35.67852445465211,0.046441735119486786,0.36206051139169926,-83.3476440032211,-35.67852445465211,-0.046441735119486786,-0.36206051139169926,10.175009946889677,1.35,-,5853.721859513624,2236.6716000935435,0.03219786314816197,1.0250661213085999
4.654999999999923,83.53766118553285,39.150595009682,0.04569316531009053,-0.5310198153660312,-83.53766118553285,-39.150595009682,-0.04569316531009053,0.5310198153660312,-3.1553814032241556,-1.35,-,5888.614563695367,2244.335445541604,0.032208302474942246,1.0264760315301567
4.659999999999923,83.72263944499296,35.642580335930795,0.04579739448025304,0.3970654693473754,-83.72263944499296,-35.642580335930795,-0.04579739448025304,-0.3970654693473754,10.704700141932761,1.35,-,5923.661965473548,2250.68741320662,0.03221878948164814,1.0272643364648968
4.664999999999923,83.91246821967287,39.11393342675961,0.04522211796589789,-0.4963649124354702,-83.91246821967287,-39.11393342675961,-0.04522211796589789,0.4963649124354702,-2.6283645197214773,-1.35,-,5958.868477087135,2258.3369121471846,0.03222901468141475,1.0284962270963822
4.669999999999923,84.09725806515071,35.60554821734111,0.04549867050464903,0.43154256398836155,-84.09725806515071,-35.60554821734111,-0.04549867050464903,-0.43154256398836155,11.231619804348009,1.35,-,5994.230221157517,2264.6756874664716,0.032239365326503205,1.0294273720190505
4.6749999999999226,84.28689664077218,39.07615749167116,0.04509490950179816,-0.4620731916832648,-84.28689664077218,-39.07615749167116,-0.04509490950179816,0.4620731916832648,-2.1016752172576876,-1.35,-,6029.751625884177,2272.310417888041,0.032249533080818085,1.0304949301914124
4.6799999999999224,84.47149524473244,35.56715435378372,0.045542605003632844,0.46575229019532605,-84.47149524473244,-35.56715435378372,-0.045542605003632844,-0.46575229019532605,11.759626324849355,1.35,-,6065.42879342858,2278.63553023217,0.03225990372517067,1.0315795561705232
4.684999999999922,84.66094042141047,39.03698534434575,0.045309875430137425,-0.42788644457349606,-84.66094042141047,-39.03698534434575,-0.045309875430137425,0.42788644457349606,-1.5714712134070454,-1.35,-,6101.266167593768,2286.254961356043,0.032270168649228145,1.032494990217772
4.689999999999922,84.84534354099785,35.527200077415785,0.04592882319752154,0.4999612477930179,-84.84534354099785,-35.527200077415785,-0.04592882319752154,-0.4999612477930179,12.29270880804632,1.35,-,6137.259829196717,2292.5658710827465,0.03228071593322969,1.0337447964642457
4.694999999999922,85.03459065819133,38.99612956650527,0.04586792572068903,-0.3935470866631791,-85.03459065819133,-38.99612956650527,-0.04586792572068903,0.3935470866631791,-1.0338811964795926,-1.0338811964795926,-,6173.414237238747,2300.1693616885846,0.032291235266279285,1.034519193011351
4.699999999999922,85.22225526021163,36.75375360479366,0.04612024264184884,0.36601370528207344,-85.22225526021163,-36.75375360479366,-0.04612024264184884,-0.36601370528207344,10.325974501363172,1.35,-,6209.72840119693,2306.923553708794,0.032301870650186,1.0351890231736227
4.704999999999922,85.41463538927516,39.62460444212698,0.04509081927883484,-0.5871468414597809,-85.41463538927516,-39.62460444212698,-0.04509081927883484,0.5871468414597809,-3.921762828300645,-1.35,-,6246.206700890343,2314.774100094769,0.03231203656010218,1.0369127302408037
4.709999999999922,85.6016030268005,36.04240983867435,0.04487575967392674,0.3332916125388065,-85.6016030268005,-36.04240983867435,-0.04487575967392674,-0.3332916125388065,9.817422901036506,1.35,-,6282.844873094132,2321.269376629664,0.03232210572913374,1.0374681467357472
4.714999999999922,85.79342860307352,39.51622418457163,0.04397993325002795,-0.5604032551477457,-85.79342860307352,-39.51622418457163,-0.04397993325002795,0.5604032551477457,-3.5242882006513927,-1.35,-,6319.6474350514845,2329.07703649869,0.032331776901777125,1.039038405777648
4.719999999999922,85.98021957737015,36.009232251933604,0.04393384054077002,0.3671568204088712,-85.98021957737015,-36.009232251933604,-0.04393384054077002,-0.3671568204088712,10.325753342378098,1.35,-,6356.610425844347,2335.5603605355586,0.03234142781350043,1.0397124264315118
4.7249999999999215,86.1718673135706,39.48234405166831,0.04320485782653979,-0.5270300007239882,-86.1718673135706,-39.48234405166831,-0.04320485782653979,0.5270300007239882,-3.020855569885536,-1.35,-,6393.738379425885,2343.35463799463,0.03235076111219949,1.0411012295398274
4.729999999999921,86.35848139165594,35.975224009851274,0.04332411249159943,0.40026659042263457,-86.35848139165594,-35.975224009851274,-0.04332411249159943,-0.40026659042263457,10.827704279576773,1.35,-,6431.027315967249,2349.8257217074247,0.03236014600581542,1.0419022962568703
4.734999999999921,86.54995090927487,39.44766818549105,0.04275904956761874,-0.49424858261072846,-86.54995090927487,-39.44766818549105,-0.04275904956761874,0.49424858261072846,-2.52139159556583,-1.35,-,6468.481785979237,2357.6063143337874,0.032369287687415045,1.0431237045639339
4.739999999999921,86.73638674375614,35.94019025727188,0.043041302782829076,0.4328774921196579,-86.73638674375614,-35.94019025727188,-0.043041302782829076,-0.4328774921196579,11.327041198432989,1.35,-,6506.097789906049,2364.064800712432,0.03237855045614126,1.044060619179853
4.744999999999921,86.92767634675035,39.41193503121659,0.042638475321881614,-0.46181203613325894,-86.92767634675035,-39.41193503121659,-0.042638475321881614,0.46181203613325894,-2.022257657676313,-1.35,-,6543.879894481275,2371.8313038269557,0.03238764065403014,1.0451269709634405
4.749999999999921,87.11393127503766,35.903870131441856,0.0430826105518528,0.46523589844345137,-87.11393127503766,-35.903870131441856,-0.0430826105518528,-0.46523589844345137,11.827412288559907,1.35,-,6581.824079592235,2378.276743279033,0.032396921210689954,1.046209193169443
4.754999999999921,87.30503792357831,39.37487856644859,0.04284155772902343,-0.42947588094733447,-87.30503792357831,-39.37487856644859,-0.04284155772902343,0.42947588094733447,-1.5198157600025608,-1.35,-,6619.934927826421,2386.0286485896454,0.0324060982060332,1.0471314408310204
4.759999999999921,87.49110793677215,35.86602444511231,0.04344767845126482,0.4975888058972871,-87.49110793677215,-35.86602444511231,-0.04344767845126482,-0.4975888058972871,12.33251207160141,1.35,-,6658.20839766644,2392.460507137132,0.032415536709847224,1.0483694139297919
4.764999999999921,87.68202721258929,39.336226184524726,0.04336915583693761,-0.396996374601932,-87.68202721258929,-39.336226184524726,-0.04336915583693761,0.396996374601932,-1.010402669280849,-1.010402669280849,-,6696.649087146985,2400.197200589332,0.03242494112823727,1.0491574445370273
4.7699999999999205,87.87147512905004,37.12827324551543,0.043544047498765066,0.34318473633904895,-87.87147512905004,-37.12827324551543,-0.043544047498765066,-0.34318473633904895,10.05835622763952,1.35,-,6735.25606785376,2407.0897439603004,0.03243442154860014,1.0497463233533078
4.77499999999992,88.06577129971737,40.014009760346724,0.04240098345198112,-0.6097758730009735,-88.06577129971737,-40.014009760346724,-0.04240098345198112,0.6097758730009735,-4.1877122960392565,-1.35,-,6774.03396822683,2415.095348845806,0.03244341076558862,1.0516054564297783
4.77999999999992,88.25465002314057,36.43083099617871,0.04206628018086769,0.30959004361840126,-88.25465002314057,-36.43083099617871,-0.04206628018086769,-0.30959004361840126,9.533647477838231,1.35,-,6812.978384480365,2421.731376081166,0.03245225862522989,1.0520846864053166
4.78499999999992,88.44839376911877,39.90658606252733,0.041045486096452755,-0.5852893380136214,-88.44839376911877,-39.90658606252733,-0.041045486096452755,0.5852893380136214,-3.827590306742231,-1.35,-,6852.09397628205,2429.6940541369954,0.032460682284874365,1.0537975044512786
4.78999999999992,88.63711021433032,36.401097845230936,0.04086914994523194,0.34135431901116003,-88.63711021433032,-36.401097845230936,-0.04086914994523194,-0.34135431901116003,10.006858399823713,1.35,-,6891.3766628177855,2436.3192537586856,0.0324690337219606,1.0543801183068164
4.79499999999992,88.83069143992068,39.8763593033627,0.040004147903076034,-0.5541167871629342,-88.83069143992068,-39.8763593033627,-0.040004147903076034,0.5541167871629342,-3.3609347452337914,-1.35,-,6930.8311215262565,2444.2698739151397,0.03247703538120785,1.0559153453758954
4.79999999999992,89.01924660123339,36.370839654795034,0.03998158914389287,0.37217227822056553,-89.01924660123339,-36.370839654795034,-0.03998158914389287,-0.37217227822056553,10.470494667612112,1.35,-,6970.453252853512,2450.8840638011134,0.03248502801856021,1.0566079063992748
4.80499999999992,89.21266630090307,39.84566233690419,0.03926845072965034,-0.5237367727065333,-89.21266630090307,-39.84566233690419,-0.03926845072965034,0.5237367727065333,-2.9016049308790386,-1.35,-,7010.247751996092,2458.822447836446,0.03249273807467374,1.0579794074347
4.80999999999992,89.40106074179013,36.34001009540439,0.03939632249298444,0.40229595340371443,-89.40106074179013,-36.34001009540439,-0.03939632249298444,-0.40229595340371443,10.928226770030175,1.35,-,7050.210500304877,2465.4254295051164,0.032500498425803596,1.058788617605325
4.81499999999992,89.594318689574,39.81426328190036,0.03883226816260078,-0.49392000635887934,-89.594318689574,-39.81426328190036,-0.03883226816260078,0.49392000635887934,-2.446258059723212,-1.35,-,7090.346210012121,2473.3513073085187,0.03250803815105686,1.0600084024687326
4.8199999999999195,89.78255143086369,36.30830209365016,0.039108328757041295,0.431946033168723,-89.78255143086369,-36.30830209365016,-0.039108328757041295,-0.431946033168723,11.383283527994017,1.35,-,7130.650742719299,2479.942771313137,0.0325156854579477,1.0609412893465835
4.824999999999919,89.97564621008914,39.7819245955182,0.03869170834917389,-0.4644416180395624,-89.97564621008914,-39.7819245955182,-0.03869170834917389,0.4644416180395624,-1.991584305041898,-1.35,-,7171.128827273914,2487.8557789357546,0.03252317069942259,1.0620198194294195
4.829999999999919,90.16371496329539,36.27544891077484,0.03911482633672334,0.4613437425403506,-90.16371496329539,-36.27544891077484,-0.03911482633672334,-0.4613437425403506,11.838936109903422,1.35,-,7211.776304753825,2494.4353199041457,0.032530820547619355,1.0630840096733252
4.834999999999919,90.35664392375166,39.748405807689714,0.03884510159249985,-0.43507911650282965,-90.35664392375166,-39.748405807689714,-0.03884510159249985,0.43507911650282965,-1.534276350551086,-1.35,-,7252.597920259642,2502.3349987254096,0.03253836525720801,1.0640304788614097
4.839999999999919,90.54454518495896,36.241214230938134,0.03941525574724865,0.49071168444216495,-90.54454518495896,-36.241214230938134,-0.03941525574724865,-0.49071168444216495,12.298510194858325,1.35,-,7293.589493573396,2508.902126770073,0.03254613306913612,1.06523446864765
4.844999999999919,90.73730443023868,39.71345934378575,0.03929299465966544,-0.4056110071836578,-90.73730443023868,-39.71345934378575,-0.03929299465966544,0.4056110071836578,-1.0710088237746225,-1.0710088237746225,-,7334.755785649724,2516.787921035326,0.03255385276628274,1.0660570700933927
4.849999999999919,90.92822002745955,37.37712126130218,0.03954814209329231,0.3767966864629181,-90.92822002745955,-37.37712126130218,-0.03954814209329231,-0.3767966864629181,10.629843654667582,1.35,-,7376.095491636534,2523.7731670042363,0.032561673043997895,1.0667669488080398
4.854999999999919,91.12382810768071,40.284943243565756,0.03857413778917481,-0.575864693752111,-91.12382810768071,-40.284943243565756,-0.03857413778917481,0.575864693752111,-3.6087063502655004,-1.35,-,7417.613251881523,2531.8875502649225,0.032569112864528786,1.068425049535591
4.859999999999919,91.31400489697975,36.69864084823855,0.0383992546109136,0.34183462000432824,-91.31400489697975,-36.69864084823855,-0.0383992546109136,-0.34183462000432824,10.090041132072589,1.35,-,7459.30448933315,2538.621501465462,0.032576485378302156,1.0690093040727584
4.8649999999999185,91.50905148743188,40.17504445370475,0.037530920020551216,-0.5546998973665308,-91.50905148743188,-40.17504445370475,-0.037530920020551216,0.5546998973665308,-3.293671711618324,-1.35,-,7501.174021853796,2546.691672449748,0.0325835282280901,1.0705477639534506
4.869999999999918,91.69907782786818,36.67058355818918,0.03750053267378036,0.37079726886482517,-91.69907782786818,-36.67058355818918,-0.03750053267378036,-0.37079726886482517,10.525841807357594,1.35,-,7543.217626226203,2553.415330942238,0.03259055967784419,1.0712352170264388
4.874999999999918,91.89397354753825,40.14652762525618,0.03677473918272996,-0.5261815292083705,-91.89397354753825,-40.14652762525618,-0.03677473918272996,0.5261815292083705,-2.8624123559779537,-1.35,-,7585.44013809798,2561.4740493440654,0.032597321585053976,1.072619552034839
4.879999999999918,92.08384956610637,36.64190431748835,0.036885390146616695,0.39904486154802504,-92.08384956610637,-36.64190431748835,-0.036885390146616695,-0.39904486154802504,10.955145844413648,1.35,-,7627.837314852545,2568.1871951041253,0.03260412424508532,1.0734157360424783
4.884999999999918,92.27859447877512,40.11740673574691,0.03629927922612463,-0.4982422432563701,-92.27859447877512,-40.11740673574691,-0.03629927922612463,0.4982422432563701,-2.435652546587739,-1.35,-,7670.414009847435,2576.234226720132,0.032610712433447,1.074656962707304
4.889999999999918,92.46831978587666,36.612503981629644,0.036548640319056684,0.4268031625859158,-92.46831978587666,-36.612503981629644,-0.036548640319056684,-0.4268031625859158,11.381259914642246,1.35,-,7713.16596066755,2582.936603959156,0.03261739144899286,1.0755677674052706
4.894999999999918,92.66291283987961,40.08746096562372,0.03610041215482023,-0.47067117865589375,-92.66291283987961,-40.08746096562372,-0.03610041215482023,0.47067117865589375,-2.0102957646084443,-1.35,-,7756.098037747405,2590.9716265925076,0.0326239076477816,1.0766754241973573
4.899999999999918,92.85248571019036,36.5821201047068,0.036487184132250196,0.45427809072646885,-92.85248571019036,-36.5821201047068,-0.036487184132250196,-0.45427809072646885,11.807220953382537,1.35,-,7799.20595826021,2597.6628841492834,0.032630564220811106,1.0777072671159278
4.904999999999918,93.04692470788287,40.056467037731984,0.03617608012964495,-0.4432600959164204,-93.04692470788287,-40.056467037731984,-0.03617608012964495,0.4432600959164204,-1.5832539077316778,-1.35,-,7842.4946092481805,2605.685486907008,0.03263710776467884,1.078689664679087
4.9099999999999175,93.23634216168725,36.550506220401374,0.03669998999023661,0.48167517384118425,-93.23634216168725,-36.550506220401374,-0.03669998999023661,-0.48167517384118425,12.236091268346831,1.35,-,7885.959686746635,2612.365184431846,0.032643842211005254,1.0798497195445615
4.914999999999917,93.43062374319422,40.024195506314264,0.03652628500933159,-0.4158020689526711,-93.43062374319422,-40.024195506314264,-0.03652628500933159,0.4158020689526711,-1.1514278992960376,-1.1514278992960376,-,7929.606094011846,2620.374865561484,0.03265051305848817,1.080714176347288
4.919999999999917,93.62244452596228,37.468987852648304,0.03688779746859814,0.41878485013549055,-93.62244452596228,-37.468987852648304,-0.03688779746859814,-0.41878485013549055,11.329367252152787,1.35,-,7973.4319046069295,2627.3944908149933,0.03265731660649859,1.081591080100803
4.924999999999917,93.81855718685262,40.39132778884939,0.03612449639476753,-0.533663574792678,-93.81855718685262,-40.39132778884939,-0.03612449639476753,0.533663574792678,-2.9025173327175646,-1.35,-,8017.441512970042,2635.5517876177246,0.03266384150269747,1.0830150641561056
4.929999999999917,94.00951915824079,36.86062899754547,0.036183246491320036,0.38871824237840236,-94.00951915824079,-36.86062899754547,-0.036183246491320036,-0.38871824237840236,10.871115679326378,1.35,-,8061.630461431859,2642.3453174681977,0.03267038763933073,1.0837705735158945
4.934999999999917,94.20535234542379,40.336787352063325,0.03554396180822823,-0.50884518617684,-94.20535234542379,-40.336787352063325,-0.03554396180822823,0.50884518617684,-2.5245685246709595,-1.35,-,8106.003703484485,2650.4805995376255,0.032676704505435854,1.085065190633371
4.939999999999917,94.39616792223278,36.832362466771066,0.03573879686650955,0.4159628221295168,-94.39616792223278,-36.832362466771066,-0.03573879686650955,-0.4159628221295168,11.288018251165129,1.35,-,8150.556886076496,2657.2637141620435,0.03268309081344318,1.0859303159803408
4.944999999999917,94.59185365258811,40.30796911688049,0.03523454860489528,-0.48183945812966267,-94.59185365258811,-40.30796911688049,-0.03523454860489528,0.48183945812966267,-2.109240114430376,-1.35,-,8195.294979963659,2665.38737603368,0.03268929818052013,1.0870911622973942
4.949999999999917,94.78252149408127,36.80318315309509,0.03556375097747263,0.44283892305668104,-94.78252149408127,-36.80318315309509,-0.03556375097747263,-0.44283892305668104,11.703404633337458,1.35,-,8240.213611867537,2672.1597474846812,0.03269562208243807,1.0880716938562642
4.954999999999917,94.97805811016086,40.278221928872334,0.03519336455995637,-0.45507708133077746,-94.97805811016086,-40.278221928872334,-0.03519336455995637,0.45507708133077746,-1.6935689885784346,-1.35,-,8285.317769479421,2680.2714232934386,0.03270181494698332,1.0891071696060268
4.9599999999999165,95.16857583762042,36.772907920686286,0.03565623883624351,0.46955326737531855,-95.16857583762042,-36.772907920686286,-0.03565623883624351,-0.46955326737531855,12.120343785091974,1.35,-,8330.603058614224,2687.032657078155,0.032708171783823056,1.090209570960541
4.964999999999916,95.3639605457211,40.247325834039174,0.035419548590527046,-0.4283558408957606,-95.3639605457211,-40.247325834039174,-0.035419548590527046,0.4283558408957606,-1.2745394460688755,-1.2745394460688755,-,8376.074483469052,2695.131893262111,0.03271444450593484,1.0911270145926886
4.969999999999916,95.55529811582826,37.10280538422725,0.03590223640299586,0.4619348171604382,-95.55529811582826,-37.10280538422725,-0.03590223640299586,-0.4619348171604382,12.031823835769188,1.35,-,8421.728558459075,2702.0149840990102,0.03272088935882852,1.092193933469214
4.974999999999916,95.75123340709862,40.35719733462335,0.03551822012878331,-0.4578158705144202,-95.75123340709862,-40.35719733462335,-0.03551822012878331,0.4578158705144202,-1.6972714728081417,-1.35,-,8467.570051953979,2710.1585009825385,0.0327271970786341,1.0932419103256883
4.979999999999916,95.94214967960617,36.85192820442448,0.03596812072376637,0.46693636088024154,-95.94214967960617,-36.85192820442448,-0.03596812072376637,-0.46693636088024154,12.118291775332855,1.35,-,8513.594532379697,2716.9488240444584,0.032733665607176096,1.0943320581512488
4.984999999999916,96.13793242768165,40.32625375921722,0.03571907273376822,-0.4308372356062137,-96.13793242768165,-40.32625375921722,-0.03571907273376822,0.4308372356062137,-1.2747300707950715,-1.2747300707950715,-,8559.807042637043,2725.079857755722,0.0327400448679609,1.0952601617691728
4.989999999999916,96.32966514550391,37.18079859030652,0.036190266228309,0.45964677430584816,-96.32966514550391,-37.18079859030652,-0.036190266228309,-0.45964677430584816,12.034358185638645,1.35,-,8606.204064572266,2731.991916674787,0.03274659354480928,1.0963165375548216
4.994999999999916,96.52599569450074,40.435620364069656,0.03579574085507723,-0.4599267052350275,-96.52599569450074,-40.435620364069656,-0.03579574085507723,0.4599267052350275,-1.6922122306378309,-1.35,-,8652.79040379634,2740.1671136459227,0.032753000220126095,1.0973742004257634
4.999999999999916,96.71730671176068,36.93028632952408,0.036235652318841835,0.46491939604321136,-96.71730671176068,-36.93028632952408,-0.036235652318841835,-0.46491939604321136,12.124623720491707,1.35,-,8699.561590884223,2746.9863438878256,0.032759565332620956,1.0984549506498493
5.0049999999999155,96.91348376201772,40.404528363076835,0.035977142726655864,-0.43273806777832796,-96.91348376201772,-40.404528363076835,-0.035977142726655864,0.43273806777832796,-1.2667839580328355,-1.2667839580328355,-,8746.522707558675,2755.1489734490387,0.032766037106614826,1.099391261826372
5.009999999999915,97.10571292068698,37.297119754454485,0.03642734833468011,0.4542183176140904,-97.10571292068698,-37.297119754454485,-0.03642734833468011,-0.4542183176140904,11.989855901148127,1.35,-,8793.670304967849,2762.1043491589294,0.0327726718651483,1.1004228332266528
5.014999999999915,97.30251131008704,40.52873577880398,0.03599466413170517,-0.4675628713964278,-97.30251131008704,-40.52873577880398,-0.03599466413170517,0.4675628713964278,-1.770847940991278,-1.35,-,8841.009198504096,2770.3172412780696,0.032779149944378076,1.101515908420195
5.019999999999915,97.4942900918673,37.02349259442255,0.03639681994983136,0.45735963376308686,-97.4942900918673,-37.02349259442255,-0.03639681994983136,-0.45735963376308686,12.046588261256916,1.35,-,8888.53488150668,2777.1709362975157,0.03278577358689038,1.1025617975931745
5.024999999999915,97.69093500662292,40.497819892042585,0.036100907757458896,-0.44022029346619723,-97.69093500662292,-40.497819892042585,-0.036100907757458896,0.44022029346619723,-1.3441969875253064,-1.3441969875253064,-,8936.252475419022,2785.371303377557,0.03279228996459494,1.1035307671270718
5.029999999999915,97.8826332657591,37.01962150561493,0.03663107730531098,0.48204274085411825,-97.8826332657591,-37.01962150561493,-0.03663107730531098,-0.48204274085411825,12.435805033134102,1.35,-,8984.157524894215,2792.223565259652,0.03279899914371768,1.1046925931471225
5.034999999999915,98.07917506257333,40.47640668963077,0.0364506034183937,-0.4171530397376758,-98.07917506257333,-40.47640668963077,-0.0364506034183937,0.4171530397376758,-0.9778414084936831,-0.9778414084936831,-,9032.25514779899,2800.4152627521735,0.032805642376165504,1.1055626764399344
5.039999999999915,98.2743719880772,38.303339921720244,0.03643059174842614,0.2935370440564405,-98.2743719880772,-38.303339921720244,-0.03643059174842614,-0.2935370440564405,9.646556215030493,1.35,-,9080.544408747242,2807.7509919979675,0.03281227831624121,1.1059934964211013
5.044999999999915,98.47466492753775,41.23029347637363,0.035041015262481455,-0.6587909452620142,-98.47466492753775,-41.23029347637363,-0.035041015262481455,0.6587909452620142,-4.59265648336401,-1.35,-,9129.030706910196,2816.250677498707,0.032818417679994334,1.1081635239688974
5.049999999999915,98.6695241890811,37.64380016584937,0.034443050833695664,0.257530382500809,-98.6695241890811,-37.64380016584937,-0.034443050833695664,-0.257530382500809,9.079258470897802,1.35,-,9177.709081928693,2823.3359559533387,0.032824349298747994,1.1084951334584525
5.0549999999999145,98.86926700273409,41.12453061733671,0.033144520800815064,-0.6405228907605852,-98.86926700273409,-41.12453061733671,-0.033144520800815064,0.6405228907605852,-4.333414256940453,-1.35,-,9226.584741716983,2831.7920910458197,0.032829842095043575,1.1105464813263939
5.059999999999914,99.06400269615601,37.623103036634284,0.03267622827584634,0.2835966084462668,-99.06400269615601,-37.623103036634284,-0.03267622827584634,-0.2835966084462668,9.459114719410623,1.35,-,9275.653124867902,2838.8695804563454,0.03283518077451525,1.110948616508005
5.064999999999914,99.26362304939968,41.103655383214786,0.031503719035981904,-0.6152762678889789,-99.26362304939968,-41.103655383214786,-0.031503719035981904,0.6152762678889789,-3.9639702031546724,-1.35,-,9324.919459172368,2847.3171328856556,0.03284014319608074,1.1128414409371419
5.069999999999914,99.45823932657302,37.6026494707964,0.03115836761054727,0.30829366618821474,-99.45823932657302,-37.6026494707964,-0.03115836761054727,-0.30829366618821474,9.822163069460279,1.35,-,9374.379166022076,2854.3869291217734,0.03284499741544151,1.1133166658602007
5.074999999999914,99.65774144019701,41.08309322064089,0.03010568664559476,-0.5912735608764337,-99.65774144019701,-41.08309322064089,-0.03010568664559476,0.5912735608764337,-3.6095465914418843,-1.35,-,9424.037493166881,2862.8260318646526,0.032849529177283524,1.1150646879791581
5.079999999999914,99.8522419067885,37.58237670893647,0.02987751947396582,0.3318199005157344,-99.8522419067885,-37.58237670893647,-0.02987751947396582,-0.3318199005157344,10.171198510295774,1.35,-,9473.889844235939,2869.8882070601144,0.03285399250813311,1.1156152102110495
5.084999999999914,100.05162908965727,41.06268371486248,0.02893938607457325,-0.5683329836139964,-100.05162908965727,-41.06268371486248,-0.02893938607457325,0.5683329836139964,-3.2675851252078054,-1.35,-,9523.94148665341,2878.3189270294483,0.032858179948464974,1.1172302221123673
5.089999999999914,100.24601647878296,37.56213427891237,0.028823540802288772,0.35435559346836276,-100.24601647878296,-37.56213427891237,-0.028823540802288772,-0.35435559346836276,10.50877035878934,1.35,-,9574.18780575273,2885.3734966873835,0.03286233393098688,1.117858061545479
5.094999999999914,100.44529116296677,41.04227048830819,0.0279955462941625,-0.5462805366028028,-100.44529116296677,-41.04227048830819,-0.0279955462941625,0.5462805366028028,-2.935617798344771,-1.35,-,9624.634088336796,2893.7958365215604,0.03286625268404842,1.119350173668834
5.0999999999999135,100.6395673563863,37.54177440605117,0.027988017169534404,0.37607344158543016,-100.6395673563863,-37.54177440605117,-0.027988017169534404,-0.37607344158543016,10.837340063700942,1.35,-,9675.275700925198,2900.8427606493347,0.03287016932957383,1.1200573298361636
5.104999999999913,100.83873111778037,41.021697894219294,0.027266590740267042,-0.5249489590421966,-100.83873111778037,-41.021697894219294,-0.027266590740267042,0.5249489590421966,-2.611252321933343,-1.35,-,9726.117949392417,2909.2566591399573,0.03287388666442682,1.121435186884161
5.109999999999913,101.03289716018904,37.5211384708034,0.02736419700630173,0.39713857143764303,-101.03289716018904,-37.5211384708034,-0.02736419700630173,-0.39713857143764303,11.159280182482801,1.35,-,9777.156180935322,2916.295838300683,0.03287763066081582,1.1222237821087786
5.114999999999913,101.23195073728432,41.00080945011072,0.026746578164640118,-0.5041765452347574,-101.23195073728432,-41.00080945011072,-0.026746578164640118,0.5041765452347574,-2.292155287558172,-1.35,-,9828.395720185701,2924.7011701785045,0.0328812075580334,1.1234947520526029
5.119999999999913,101.42600682717558,37.50006830736219,0.026946936880222025,0.41771106975877603,-101.42600682717558,-37.50006830736219,-0.026946936880222025,-0.41771106975877603,11.476911738819238,1.35,-,9879.831894490231,2931.7324457937884,0.032884838245069534,1.124367164741598
5.124999999999913,101.6249501391589,40.979446149124094,0.026431154469042983,-0.483806005957979,-101.6249501391589,-40.979446149124094,-0.026431154469042983,0.483806005957979,-1.9760358437852013,-1.35,-,9931.470046944163,2940.129020827233,0.032888331274702365,1.125537505998603
5.129999999999913,101.81889559153491,37.47839260117417,0.026732657105906336,0.43794592289477874,-101.81889559153491,-37.47839260117417,-0.026732657105906336,-0.43794592289477874,11.792502375695156,1.35,-,9983.305484441562,2947.1521703870717,0.032891904449482076,1.1264964891555038
5.134999999999913,102.01772770787174,40.95744895327276,0.026317510061877304,-0.46368295201577636,-102.01772770787174,-40.95744895327276,-0.026317510061877304,0.46368295201577636,-1.6606235419281608,-1.35,-,10035.343568274948,2955.5397335108714,0.032895367506161365,1.1275714985554541
5.139999999999913,102.21156107768066,37.45597348453595,0.026719321422823548,0.4579989621697757,-102.21156107768066,-37.45597348453595,-0.026719321422823548,-0.4579989621697757,12.108356166686933,1.35,-,10087.579584364628,2962.5544832592427,0.03289893711684785,1.128620313802197
5.1449999999999125,102.41028023168371,40.93465317667164,0.026404370138493928,-0.4436551795249364,-102.41028023168371,-40.93465317667164,-0.026404370138493928,0.4436551795249364,-1.3436578679958546,-1.3436578679958546,-,10140.018911850288,2970.9327124127144,0.0329024230706599,1.1296044633937936
5.149999999999912,102.60408079799649,37.46291751030234,0.026896789027291382,0.475121041849401,-102.60408079799649,-37.46291751030234,-0.026896789027291382,-0.475121041849401,12.383689045276293,1.35,-,10192.656898832296,2977.9500633546327,0.03290604025695979,1.130733163415834
5.154999999999912,102.80274376395407,40.92283841262635,0.026658651952868505,-0.4283083981242702,-102.80274376395407,-40.92283841262635,-0.026658651952868505,0.4283083981242702,-1.0941796737603358,-1.0941796737603358,-,10245.498919459282,2986.323456873362,0.03290959367557951,1.1316504038353528
5.159999999999912,102.99933040028279,38.49581671154953,0.026813291331872373,0.36189037640691774,-102.99933040028279,-38.49581671154953,-0.026813291331872373,-0.36189037640691774,10.720444566324153,1.35,-,10298.543229773813,2993.733096394808,0.03291318843853975,1.1323052270580325
5.164999999999912,103.20074823919741,41.476009728288254,0.02576828620401404,-0.5895701217301152,-103.20074823919741,-41.476009728288254,-0.02576828620401404,0.5895701217301152,-3.4994774087578566,-1.35,-,10351.795201959463,3002.334393309713,0.03291650846140921,1.1340431917002167
5.169999999999912,103.39670018946089,37.88247159683637,0.025492510108485935,0.3226151106704838,-103.39670018946089,-37.88247159683637,-0.025492510108485935,-0.3226151106704838,10.115131751199709,1.35,-,10405.249590009807,3009.5098015811386,0.03291975780176736,1.1345635942483814
5.174999999999912,103.59754809597827,41.36492663088972,0.024498347407712104,-0.5793494546395709,-103.59754809597827,-41.36492663088972,-0.024498347407712104,0.5793494546395709,-3.351566152020956,-1.35,-,10458.9118498673,3018.065087357033,0.03292275864689591,1.1362418232013372
5.179999999999912,103.79340680737488,37.86648827315449,0.024318340927158486,0.3418492459086019,-103.79340680737488,-37.86648827315449,-0.024318340927158486,-0.3418492459086019,10.401579840294492,1.35,-,10512.777206350705,3025.2344420277377,0.03292571555542315,1.1368261277359786
5.184999999999912,103.99416253338823,41.34888919850308,0.02341755998357247,-0.5606384655225805,-103.99416253338823,-41.34888919850308,-0.02341755998357247,0.5606384655225805,-3.0715692977795284,-1.35,-,10566.851135555808,3033.783095217488,0.03292845746600107,1.138397705181096
5.189999999999912,104.18993084506224,37.85064252246469,0.02332887124168357,0.3601778984467681,-104.18993084506224,-37.85064252246469,-0.02332887124168357,-0.3601778984467681,10.67721162957856,1.35,-,10621.1288440033,3040.946450914305,0.03293117864716813,1.1390463457737436
5.1949999999999115,104.39059692785297,41.33295944879101,0.02251738311439887,-0.5427511852602103,-104.39059692785297,-41.33295944879101,-0.02251738311439887,0.5427511852602103,-2.8012239660972327,-1.35,-,10675.615827638067,3049.4885185982816,0.032933713809879736,1.1405192400192505
5.199999999999911,104.58627694245612,37.834812626399234,0.022516252928735294,0.37774126567703603,-104.58627694245612,-37.834812626399234,-0.022516252928735294,-0.37774126567703603,10.9440101093128,1.35,-,10730.307274261486,3056.6458838306553,0.03293624871810949,1.141232682338227
5.204999999999911,104.7868552333216,41.31701551612554,0.021790649531216847,-0.5255515769395461,-104.7868552333216,-41.31701551612554,-0.021790649531216847,0.5255515769395461,-2.538599391469564,-1.35,-,10785.20869940993,3065.181362686454,0.03293862288014445,1.1426137046383453
5.209999999999911,104.98244838996276,37.81888114261378,0.02187398759546598,0.39467386942777183,-104.98244838996276,-37.81888114261378,-0.02187398759546598,-0.39467386942777183,11.203893413799353,1.35,-,10840.315271759684,3072.3327015408495,0.03294101523681108,1.1433925419543907
5.214999999999911,105.18294008535726,41.30093485431924,0.0212315165031919,-0.5089090082154474,-105.18294008535726,-41.30093485431924,-0.0212315165031919,0.5089090082154474,-2.281826075183157,-1.35,-,10895.632526184681,3080.861537640053,0.032943269123276206,1.1446874838476049
5.219999999999911,105.37844711356226,37.80271547123561,0.021396871138586564,0.4111037188392654,-105.37844711356226,-37.80271547123561,-0.021396871138586564,-0.4111037188392654,11.458701043634981,1.35,-,10951.155611765009,3088.006764125049,0.03294555825374881,1.1455325151858222
5.224999999999911,105.57885274339482,41.2845963719548,0.020835411604042012,-0.4926969854750724,-105.57885274339482,-41.2845963719548,-0.020835411604042012,0.4926969854750724,-2.029077570890567,-1.35,-,11006.890082498065,3096.5288536130247,0.032947728825632364,1.1467462667833033
5.229999999999911,105.77427375875475,37.786203693217836,0.021080958871196268,0.4271569478479447,-105.77427375875475,-37.786203693217836,-0.021080958871196268,-0.4271569478479447,11.710263625001662,1.35,-,11062.831067444024,3103.6678395607514,0.032949950859767006,1.147658582073777
5.234999999999911,105.97459319667531,41.26787711574427,0.020599005192269152,-0.47679244718081004,-105.97459319667531,-41.26787711574427,-0.020599005192269152,0.47679244718081004,-1.7785603596462143,-1.35,-,11118.984139460026,3112.183027968952,0.03295207245484156,1.1487952372622203
5.2399999999999105,106.16992768479177,37.76922690182422,0.020923532108009152,0.44295609400271474,-106.16992768479177,-37.76922690182422,-0.020923532108009152,-0.44295609400271474,11.960376037089013,1.35,-,11175.344407182994,3119.3156004727593,0.03295426142582093,1.149776287768291
5.24499999999991,106.37016015369109,41.25065136610488,0.02052018164037847,-0.46107484094350504,-106.37016015369109,-41.25065136610488,-0.02052018164037847,0.46107484094350504,-1.5285004560771567,-1.35,-,11231.917462038602,3127.823681663399,0.0329563668150937,1.1508392378130465
5.24999999999991,106.56540694935704,37.75165831051399,0.02092307398924767,0.45862102375463126,-106.56540694935704,-37.75165831051399,-0.02092307398924767,-0.45862102375463126,12.210810910342746,1.35,-,11288.698391830012,3134.9496201893676,0.0329585556902195,1.1518909040301952
5.25499999999991,106.76555101752885,41.2327900845094,0.0205980192562619,-0.4454251828878723,-106.76555101752885,-41.2327900845094,-0.0205980192562619,0.4454251828878723,-1.2771296120828142,-1.2771296120828142,-,11345.692806250394,3143.4503350801333,0.03296067708220591,1.1528829219979486
5.25999999999991,106.9616435272651,38.08044637758147,0.02096845714345053,0.44085791586187045,-106.9616435272651,-38.08044637758147,-0.02096845714345053,-0.44085791586187045,11.967470263722047,1.35,-,11402.896772180662,3150.7009370617125,0.032962875463180795,1.153854700507839
5.26499999999991,107.1623797925746,41.351566567404326,0.020449657802829434,-0.48415367533024345,-107.1623797925746,-41.351566567404326,-0.020449657802829434,0.48415367533024345,-1.84203373986014,-1.35,-,11460.315650394701,3159.2506973496047,0.03296496640570206,1.1550267244145178
5.26999999999991,107.35813227001454,37.85325627186975,0.020737145804587815,0.43556477507462665,-107.35813227001454,-37.85325627186975,-0.020737145804587815,-0.43556477507462665,11.895919229426193,1.35,-,11517.94449321723,3166.415042401524,0.032967116551782666,1.155975307780947
5.27499999999991,107.5587834494751,41.33490432816417,0.020296431467360702,-0.4685345266237165,-107.5587834494751,-41.33490432816417,-0.020296431467360702,0.4685345266237165,-1.5945220028030493,-1.35,-,11575.788952702884,3174.957913980616,0.03296917627743421,1.1570729307941394
5.27999999999991,107.7544499017064,37.836193306055485,0.020661590438275795,0.45109635476418086,-107.7544499017064,-37.836193306055485,-0.020661590438275795,-0.45109635476418086,12.143271040226217,1.35,-,11633.84406007098,3182.115801600082,0.032971310784031406,1.158090370400547
5.2849999999999095,107.95501448030687,41.317572406655835,0.02029833110121078,-0.45304980240829074,-107.95501448030687,-41.317572406655835,-0.02029833110121078,0.45304980240829074,-1.346720042260808,-1.346720042260808,-,11692.115485828195,3190.651510547978,0.032973370895258876,1.159116641017858
5.289999999999909,108.15063550942243,37.834099389564265,0.02073586836295129,0.46505162091549246,-108.15063550942243,-37.834099389564265,-0.02073586836295129,-0.46505162091549246,12.369519747344839,1.35,-,11750.598285633654,3197.808605931075,0.0329755207764427,1.1601980060684385
5.294999999999909,108.35114245803037,41.30572747653074,0.020437803260634758,-0.44002212349080516,-108.35114245803037,-41.30572747653074,-0.020437803260634758,0.44002212349080516,-1.1336045556007268,-1.1336045556007268,-,11809.298135993455,3206.339421542902,0.032977609295453306,1.1611661034142453
5.299999999999909,108.5493013351963,38.78174871451409,0.0206028445828054,0.3748811160430135,-108.5493013351963,-38.78174871451409,-0.0206028445828054,-0.3748811160430135,11.049866437085418,1.35,-,11868.21289009525,3213.8595417096803,0.032979731681477824,1.1618687826700735
5.304999999999909,108.75225419540676,41.796972131106045,0.019624820130661667,-0.5759077554984179,-108.75225419540676,-41.796972131106045,-0.019624820130661667,0.5759077554984179,-3.158214420077951,-1.35,-,11927.348154058162,3222.5944761063224,0.032981657349303625,1.1635271313842896
5.309999999999909,108.94972164578243,38.19922420517799,0.01940131493410088,0.3334872129858888,-108.94972164578243,-38.19922420517799,-0.01940131493410088,-0.3334872129858888,10.415301268734702,1.35,-,11986.698363291627,3229.8903797557095,0.032983539404409484,1.164083199990415
5.314999999999909,109.15209700103779,41.68414920062372,0.018447673350054743,-0.5709778959888174,-109.15209700103779,-41.68414920062372,-0.018447673350054743,0.5709778959888174,-3.088186475527454,-1.35,-,12046.269264690245,3238.5782212286085,0.03298524098766963,1.1657132787789541
5.319999999999909,109.34949624286202,38.18809553060394,0.01829692949092967,0.3481125932925641,-109.34949624286202,-38.18809553060394,-0.01829692949092967,-0.3481125932925641,10.633884602078966,1.35,-,12106.055826333082,3245.869874429881,0.032986914875813615,1.1663191906669985
5.324999999999909,109.55180448577912,41.673029210168586,0.017413818032655307,-0.5568326411985501,-109.55180448577912,-41.673029210168586,-0.017413818032655307,0.5568326411985501,-2.875749583853885,-1.35,-,12166.063815663532,3254.5530812476386,0.03298843108110599,1.1678695036185192
5.329999999999909,109.7491384552195,38.17722484143299,0.01733163577516856,0.36188657188022416,-109.7491384552195,-38.17722484143299,-0.01733163577516856,-0.36188657188022416,10.84178314986833,1.35,-,12226.288182621845,3261.840583730605,0.03298993300909921,1.1685243130730552
5.3349999999999085,109.95138242725145,41.66217785896863,0.016515140740385653,-0.543474931481381,-109.95138242725145,-41.66217785896863,-0.016515140740385653,0.543474931481381,-2.673098006845501,-1.35,-,12286.734715110162,3270.5192690503663,0.032991296758467584,1.1700011380787987
5.339999999999908,110.14865366162284,38.166562896586264,0.016497856235635617,0.37491841692131744,-110.14865366162284,-38.166562896586264,-0.016497856235635617,-0.37491841692131744,11.040521501750934,1.35,-,12347.398344627502,3277.8027016670617,0.03299265765476944,1.1707039571755327
5.344999999999908,110.35083570795146,41.6515039604677,0.0157445738735449,-0.5308034857638458,-110.35083570795146,-41.6515039604677,-0.0157445738735449,0.5308034857638458,-2.478820170827102,-1.35,-,12408.284879334717,3286.4769405779057,0.03299389711280174,1.1721127188780278
5.349999999999908,110.54804626955718,38.15602982650587,0.01578902109565282,0.3873083359420442,-110.54804626955718,-38.15602982650587,-0.01578902109565282,-0.3873083359420442,11.231502802877861,1.35,-,12469.389232004796,3293.7563536385114,0.032995143578737535,1.1728627576134787
5.354999999999908,110.75016826145854,41.640924947606415,0.015096031440200892,-0.5187216319679361,-110.75016826145854,-41.640924947606415,-0.015096031440200892,0.5187216319679361,-2.291558778505558,-1.35,-,12530.717230854501,3302.426186790972,0.032996283029563755,1.1742081182708362
5.359999999999908,110.94731975329205,38.145546684327066,0.015199517294195398,0.3991514485162419,-110.94731975329205,-38.145546684327066,-0.015199517294195398,-0.3991514485162419,11.416068210974784,1.35,-,12592.263769656696,3309.701600450203,0.03299743815619364,1.1750047276650992
5.364999999999908,111.14938310347623,41.63036810700374,0.014564361307117763,-0.5071363989508128,-111.14938310347623,-41.63036810700374,-0.014564361307117763,0.5071363989508128,-2.1099978783763014,-1.35,-,12654.034696478111,3318.367038193826,0.03299849875929506,1.176290664300803
5.369999999999908,111.34647667701562,38.13503034494987,0.014724643870757044,0.41053805578565766,-111.34647667701562,-38.13503034494987,-0.014724643870757044,-0.41053805578565766,11.595500168825843,1.35,-,12716.024885820036,3325.638440890877,0.03299958283498066,1.1771333717770445
5.374999999999908,111.54848236980668,41.61975778401607,0.014145305904329821,-0.4959590132985683,-111.54848236980668,-41.61975778401607,-0.014145305904329821,0.4959590132985683,-1.9328711604409885,-1.35,-,12778.24020541507,3334.2994620808777,0.033000583283376295,1.1783632484914048
5.3799999999999075,111.74551873603497,38.12439940715841,0.014360576771718021,0.42155499251544254,-111.74551873603497,-38.12439940715841,-0.014360576771718021,-0.42155499251544254,11.771042276891976,1.35,-,12840.675510202997,3341.5668112316603,0.03300161441420238,1.1792517915499783
5.384999999999907,111.94746733669714,41.60902492843731,0.013835468617736695,-0.48510324570835595,-111.94746733669714,-41.60902492843731,-0.013835468617736695,0.48510324570835595,-1.7589374643226574,-1.35,-,12903.3366874185,3350.2233660091365,0.03300257151516174,1.1804284173449622
5.389999999999907,112.14444674548629,38.11357117630154,0.014104335731426275,0.4322860576791744,-112.14444674548629,-38.11357117630154,-0.014104335731426275,-0.4322860576791744,11.943905194504492,1.35,-,12966.218572097754,3357.4865875481914,0.03300356617659386,1.1813627735232812
5.394999999999907,112.34633835836198,41.598077343765894,0.013632279139132756,-0.4744876456646079,-112.34633835836198,-41.598077343765894,-0.013632279139132756,0.4744876456646079,-1.5870154166723298,-1.35,-,13029.32707081041,3366.138587741681,0.0330044953717665,1.1824884661527229
5.399999999999907,112.54326065080943,38.10247717770921,0.013953760346619581,0.44281425035235006,-112.54326065080943,-38.10247717770921,-0.013953760346619581,-0.44281425035235006,12.115300130071105,1.35,-,13092.656998399989,3373.39758157707,0.03300546890890556,1.1834688884542983
5.404999999999907,112.74509494556247,41.586829059436994,0.01353397977302375,-0.46403195261083974,-112.74509494556247,-41.586829059436994,-0.01353397977302375,0.46403195261083974,-1.4159292135560015,-1.35,-,13156.214280571407,3382.044903333164,0.03300638475194804,1.1845455167195174
5.409999999999907,112.9419595461585,38.09102927687247,0.013907493819318032,0.45321904764335835,-112.9419595461585,-38.09102927687247,-0.013907493819318032,-0.45321904764335835,12.286397089323936,1.35,-,13219.993711702036,3389.2995358900216,0.03300735184386971,1.185572554245251
5.414999999999907,113.14373576010017,41.57519564802375,0.013539610164417846,-0.45365689288946437,-113.14373576010017,-41.57519564802375,-0.013539610164417846,0.45365689288946437,-1.2445058975112167,-1.2445058975112167,-,13284.001236410792,3397.942020355879,0.033008268449086726,1.1866015771275817
5.419999999999907,113.34189225891089,38.5802355898058,0.013804207197090025,0.41506307037307216,-113.34189225891089,-38.5802355898058,-0.013804207197090025,-0.41506307037307216,11.738289565704985,1.35,-,13348.233159114943,3405.3841932467035,0.033009221229768425,1.1874629638895193
5.424999999999907,113.54459800861626,41.76221730671141,0.013093961520091315,-0.5220731748244998,-113.54459800861626,-41.76221730671141,-0.013093961520091315,0.5220731748244998,-2.2576599330872478,-1.35,-,13412.695037799633,3414.104607218568,0.033010078488909876,1.188825765888876
5.4299999999999065,113.74233828903441,38.26783830555017,0.013176518143198002,0.3950965809387435,-113.74233828903441,-38.26783830555017,-0.013176518143198002,-0.3950965809387435,11.439146783901501,1.35,-,13477.381635396918,3421.4267444614666,0.03301094659206177,1.1896062724302232
5.434999999999906,113.9449950855094,41.753740251435914,0.01251661354114206,-0.5119791833428964,-113.9449950855094,-41.753740251435914,-0.01251661354114206,0.5119791833428964,-2.099063938577219,-1.35,-,13542.2989449221,3430.143618586388,0.03301172992013446,1.1909168858511054
5.439999999999906,114.14268660742412,38.259278089910765,0.012648324753246929,0.40495850001342837,-114.14268660742412,-38.259278089910765,-0.012648324753246929,-0.40495850001342837,11.59499539759531,1.35,-,13607.441709451903,3437.4624803861934,0.033012529820729775,1.191736842784771
5.444999999999906,114.3452950964489,41.74514047110794,0.012036502904782902,-0.5023444790497069,-114.3452950964489,-41.74514047110794,-0.012036502904782902,0.5023444790497069,-1.9459050288937445,-1.35,-,13672.81594200537,3446.1757641509557,0.03301325420774066,1.1929985926629296
5.449999999999906,114.54293898593791,38.2507274416192,0.012215361257363822,0.4144126744594929,-114.54293898593791,-38.2507274416192,-0.012215361257363822,-0.4144126744594929,11.746152644022752,1.35,-,13738.416366363052,3453.4913549000207,0.033014000282993894,1.193857281986693
5.454999999999906,114.74550013288051,41.736524882077696,0.011649800284496312,-0.49307832342321434,-114.74550013288051,-41.736524882077696,-0.011649800284496312,0.49307832342321434,-1.7968773441239956,-1.35,-,13804.249015366775,3462.201042446182,0.03301467887222724,1.1950729131518423
5.459999999999906,114.94309714768502,38.24212259791911,0.011874158016323648,0.42353152861312965,-114.94309714768502,-38.24212259791911,-0.011874158016323648,-0.42353152861312965,11.893651637307583,1.35,-,13870.308593276284,3469.513342150153,0.03301538385037022,1.1959698079304892
5.464999999999906,115.14561158695331,41.7278355778961,0.011353392043601931,-0.4841093307576869,-115.14561158695331,-41.7278355778961,-0.011353392043601931,0.4841093307576869,-1.6509579056752202,-1.35,-,13936.60115261495,3478.2194034602326,0.0330160283479247,1.1971416171511224
5.469999999999906,115.34316213766509,38.23339840662822,0.011621949398177941,0.4323846792710422,-115.34316213766509,-38.23339840662822,-0.011621949398177941,-0.4323846792710422,12.03849388367747,1.35,-,14003.121377874528,3485.5283672288324,0.03301670369646377,1.198076399705464
5.4749999999999055,115.54563011864876,41.718999043729944,0.01114485084101324,-0.4753699926590181,-115.54563011864876,-41.718999043729944,-0.01114485084101324,0.4753699926590181,-1.507171941649524,-1.35,-,14069.875341072104,3494.230741634886,0.03301732473496511,1.1992062828550671
5.479999999999905,115.74313426505667,38.22448885757076,0.011456644793886804,0.4410395704866173,-115.74313426505667,-38.22448885757076,-0.011456644793886804,-0.4410395704866173,12.181658376961243,1.35,-,14136.857706719597,3501.5362993769986,0.033017981008514774,1.2001788623687422
5.484999999999905,115.94555568442578,41.70994841195411,0.011022418142455389,-0.46679389374640473,-115.94555568442578,-41.70994841195411,-0.011022418142455389,0.46679389374640473,-1.3645509384431256,-1.35,-,14204.074566134446,3510.234898359638,0.03301858847702331,1.2012683450649368
5.489999999999905,116.14301312942122,38.215320444192784,0.011376813699866772,0.4495613663079194,-116.14301312942122,-38.215320444192784,-0.011376813699866772,-0.4495613663079194,12.324099634177497,1.35,-,14271.52056362835,3517.5369519428996,0.03301923563647312,1.2022788721753201
5.494999999999905,116.34538770880506,41.700635988416614,0.010985006563108838,-0.4583138934106754,-116.34538770880506,-41.700635988416614,-0.010985006563108838,0.4583138934106754,-1.222105074592963,-1.222105074592963,-,14339.201809833909,3526.2316671520916,0.033019838988319075,1.2033291302997864
5.499999999999905,116.54443346457612,38.81264389765174,0.011186610991101954,0.39912608439286407,-116.54443346457612,-38.81264389765174,-0.011186610991101954,-0.39912608439286407,11.592720647295568,1.35,-,14407.114834691802,3533.7637737837213,0.03302046468964641,1.2041256384560002
5.504999999999905,116.7479593216802,41.9325610855298,0.010359071510987897,-0.545373499992197,-116.7479593216802,-41.9325610855298,-0.010359071510987897,0.545373499992197,-2.5166468326403324,-1.35,-,14475.265264720683,3542.5554721796793,0.03302100124145926,1.205612799728469
5.509999999999905,116.94652632220246,38.43957070630109,0.010319282848878394,0.37081285273330195,-116.94652632220246,-38.43957070630109,-0.010319282848878394,-0.37081285273330195,11.163634500746825,1.35,-,14543.64771481483,3549.943475160103,0.033021533679451834,1.2063003105872299
5.514999999999905,117.15001781855518,41.92757466109475,0.009531784403530159,-0.5373242926578139,-117.15001781855518,-41.92757466109475,-0.009531784403530159,0.5373242926578139,-2.392335417850153,-1.35,-,14612.268348189267,3558.733082744911,0.03302198795402141,1.2077438975646309
5.5199999999999045,117.34855113532029,38.43461484523194,0.009530373955795634,0.37853577479027045,-117.34855113532029,-38.43461484523194,-0.009530373955795634,-0.37853577479027045,11.283626573508442,1.35,-,14681.121760457061,3566.1191808364174,0.0330224420941601,1.2084603442286113
5.524999999999904,117.55201020383309,41.92271040870425,0.008779712689529548,-0.5299284195748715,-117.55201020383309,-41.92271040870425,-0.008779712689529548,0.5299284195748715,-2.2766959869527192,-1.35,-,14750.21413597187,3574.906749076478,0.03302282751093465,1.2098644648779768
5.529999999999904,117.75051184988335,38.42987354720946,0.008813641692719568,0.38564372129378527,-117.75051184988335,-38.42987354720946,-0.008813641692719568,-0.38564372129378527,11.395478389737097,1.35,-,14819.540051176416,3582.29102498075,0.03302321591233409,1.2106080702768434
5.534999999999904,117.95394090481835,41.918208487954224,0.00809697172266103,-0.5231012201867274,-117.95394090481835,-41.918208487954224,-0.00809697172266103,0.5231012201867274,-2.1685419210091776,-1.35,-,14889.105712051301,3591.076705994948,0.03302354371708948,1.2119762447096476
5.539999999999904,118.15241303169014,38.425406970852436,0.008163512530900393,0.39220134196758966,-118.15241303169014,-38.425406970852436,-0.008163512530900393,-0.39220134196758966,11.500077478162007,1.35,-,14958.905675577356,3598.459265499326,0.033023876931773694,1.2127453541728535
5.544999999999904,118.35581406062106,41.9139865086702,0.007478231048888991,-0.5167947913395716,-118.35581406062106,-41.9139865086702,-0.007478231048888991,0.5167947913395716,-2.0672361117619933,-1.35,-,15028.946169187117,3607.243176824571,0.0330241565514718,1.214080738454632
5.549999999999904,118.55425939011087,38.42138143513619,0.007574987325677802,0.39827938507342797,-118.55425939011087,-38.42138143513619,-0.007574987325677802,-0.39827938507342797,11.598413590293745,1.35,-,15099.221731284804,3614.624189581492,0.03302444345363672,1.2148738707975042
5.554999999999904,118.7576343568639,41.91002615561071,0.006918752831350888,-0.5109591176767655,-118.7576343568639,-41.91002615561071,-0.006918752831350888,0.5109591176767655,-1.9720995752944481,-1.35,-,15169.738609874996,3623.4064410433116,0.03302468279934043,1.2161792668971894
5.559999999999904,118.95605470150824,38.417589935131026,0.007043491688614107,0.4039073088601966,-118.95605470150824,-38.417589935131026,-0.007043491688614107,-0.4039073088601966,11.690855994995111,1.35,-,15240.491324625735,3630.7859971254306,0.03302493085321626,1.2169949724679427
5.564999999999904,119.15940536376013,41.906295538822825,0.006414186433632737,-0.5055493442449359,-119.15940536376013,-41.906295538822825,-0.006414186433632737,0.5055493442449359,-1.8825252418426859,-1.35,-,15311.486144058958,3639.566685154366,0.03302513656215429,1.2182728731652752
5.5699999999999035,119.35780234861195,38.41400318317978,0.0065648916018630505,0.4091286195067535,-119.35780234861195,-38.41400318317978,-0.0065648916018630505,-0.4091286195067535,11.777994824237322,1.35,-,15382.717568966407,3646.944863357153,0.03302535205116301,1.2191098043017727
5.574999999999903,119.5611302582992,41.9027612244212,0.005960603828939876,-0.5005242446175684,-119.5611302582992,-41.9027612244212,-0.005960603828939876,0.5005242446175684,-1.7979541770090357,-1.35,-,15454.191888309615,3655.724070348307,0.03302552969515304,1.2203624268990227
5.579999999999903,119.75950532810607,38.410593589139246,0.006135459434629758,0.4139836630761847,-119.75950532810607,-38.410593589139246,-0.006135459434629758,-0.4139836630761847,11.860378922569247,1.35,-,15525.903583891777,3663.1009388476573,0.03302571791446541,1.2212193392654926
5.584999999999903,119.96281186158551,41.89939594232003,0.005554470326740859,-0.4958451120606798,-119.96281186158551,-41.89939594232003,-0.005554470326740859,0.4958451120606798,-1.7178592326992634,-1.35,-,15597.858965040467,3671.878735749314,0.03302587217516846,1.2224486511412649
5.589999999999903,120.16116629314774,38.40733522252997,0.005751846866242386,0.4185099539697928,-120.16116629314774,-38.40733522252997,-0.005751846866242386,-0.4185099539697928,11.938520368717036,1.35,-,15670.052494465113,3679.2543527437924,0.03302603759388032,1.2233244040491238
5.594999999999903,120.36445266204102,41.89617378576428,0.005192617181157561,-0.49147592150204567,-120.36445266204102,-41.89617378576428,-0.005192617181157561,0.49147592150204567,-1.641747982616395,-1.35,-,15742.490501788276,3688.030799633227,0.033026172410246274,1.2245321469562052
5.599999999999903,120.5627876111416,38.40421293847106,0.005411062505485954,0.4227433963269953,-120.5627876111416,-38.40421293847106,-0.005411062505485954,-0.4227433963269953,12.012912645702306,1.35,-,15815.16743057112,3695.405217490344,0.033026318808233465,1.2254257068518954
5.604999999999903,120.76605489440517,41.89307575587836,0.004872222843888739,-0.48738247872485435,-120.76605489440517,-41.89307575587836,-0.004872222843888739,0.48738247872485435,-1.5691501273207096,-1.35,-,15888.08963064491,3704.1803664717827,0.03302643750101067,1.2266134152547354
5.609999999999903,120.96437129031337,38.40118312765985,0.005110439419204506,0.42671465703364525,-120.96437129031337,-38.40118312765985,-0.005110439419204506,-0.42671465703364525,12.083974960958479,1.35,-,15961.251526253212,3711.553620799803,0.03302656808396596,1.2275238422473722
5.6149999999999025,121.16762037506302,41.890066580589504,0.004590772788469069,-0.48353445797242384,-121.16762037506302,-41.890066580589504,-0.004590772788469069,0.48353445797242384,-1.4996491311450093,-1.35,-,16034.659487389988,3720.327509190434,0.03302667345993993,1.2286928701076056
5.619999999999902,121.36591887798309,38.398239993606516,0.0048476024878906015,0.4304560524185122,-121.36591887798309,-38.398239993606516,-0.0048476024878906015,-0.4304560524185122,12.152156378587497,1.35,-,16108.307918715473,3727.6996333634665,0.033026790956189336,1.2296193321729243
5.624999999999902,121.56915118902984,41.887296205239714,0.0043461069598441536,-0.4798850392968305,-121.56915118902984,-41.887296205239714,-0.0043461069598441536,0.4798850392968305,-1.4325720133888078,-1.35,-,16182.203211319576,3736.4723612803937,0.033026885399417866,1.2307707804276289
5.629999999999902,121.76743251060228,38.395374381730186,0.004620553625141732,0.433997694367353,-121.76743251060228,-38.395374381730186,-0.004620553625141732,-0.433997694367353,12.217878507946116,1.35,-,16256.339749420695,3743.8433851499594,0.03302699214699688,1.2317125504212099
5.634999999999902,121.97064857096831,41.884556098630235,0.004136289682108238,-0.4764248855518357,-121.97064857096831,-41.884556098630235,-0.004136289682108238,0.4764248855518357,-1.367811873234574,-1.35,-,16330.723944984806,3752.6149653478556,0.03302707769145855,1.2328474537790752
5.639999999999902,122.16891323943624,38.392328367124485,0.004427487358620049,0.43734316561397374,-122.16891323943624,-38.392328367124485,-0.004427487358620049,-0.43734316561397374,12.281162891508847,1.35,-,16405.35016179533,3759.984819735101,0.033027175704680105,1.2338037990016215
5.644999999999902,122.37211296535506,41.88170526931448,0.003959599648805462,-0.4731394252441607,-122.37211296535506,-41.88170526931448,-0.003959599648805462,0.4731394252441607,-1.305178759929837,-1.305178759929837,-,16480.224831953357,3768.7552059164295,0.033027254096827,1.2349231035802233
5.649999999999902,122.57093304221853,38.60147349981961,0.004198282805601477,0.4198521788874194,-122.57093304221853,-38.60147349981961,-0.004198282805601477,-0.4198521788874194,12.035623717080446,1.35,-,16555.343000087556,3776.205574698216,0.03302734222471958,1.235804482840806
5.654999999999902,122.77453680975087,41.963377872663365,0.003578551596195564,-0.5034765994303325,-122.77453680975087,-41.963377872663365,-0.003578551596195564,0.5034765994303325,-1.748221687668752,-1.35,-,16630.7109345318,3785.0102001106357,0.03302740625487721,1.2370719262716756
5.6599999999999016,122.97319174517104,38.47190328490867,0.0037333679228778904,0.4101127430285023,-122.97319174517104,-38.47190328490867,-0.0037333679228778904,-0.4101127430285023,11.896057399775717,1.35,-,16706.32296397177,3792.4106368224525,0.03302747594505745,1.2379128885816475
5.6649999999999014,123.17678397951306,41.96204437273339,0.00312785934466906,-0.5006127156708252,-123.17678397951306,-41.96204437273339,-0.00312785934466906,0.5006127156708252,-1.6959605982571522,-1.35,-,16782.185564529445,3801.2147026621487,0.03302752486257785,1.239165954037104
5.669999999999901,123.3754282776798,38.47072409551116,0.0032960419533566675,0.4128070840207818,-123.3754282776798,-38.47072409551116,-0.0032960419533566675,-0.4128070840207818,11.945978502629492,1.35,-,16858.29304604295,3808.6146857243134,0.03302757918204064,1.2400180024801928
5.674999999999901,123.57901129911937,41.961155449697515,0.002703120761137327,-0.4980731925662677,-123.57901129911937,-41.961155449697515,-0.002703120761137327,0.4980731925662677,-1.6481675161182308,-1.35,-,16934.651906211286,3817.4183785576815,0.033027615716349885,1.2412583870059586
5.679999999999901,123.77764725824889,38.46998933265127,0.0028830863085494603,0.41518729366196067,-123.77764725824889,-38.46998933265127,-0.0028830863085494603,-0.41518729366196067,11.991561376540632,1.35,-,17011.25643601522,3824.818078953953,0.0330276572772832,1.2421202894500503
5.684999999999901,123.98122260479148,41.96052331869438,0.00230114481634135,-0.49585619098414946,-123.98122260479148,-41.96052331869438,-0.00230114481634135,0.49585619098414946,-1.6048663219515742,-1.35,-,17088.113153808114,3833.621506539846,0.03302768375362053,1.2433496562607367
5.689999999999901,124.17985169461899,38.46949895783374,0.0024913264113497133,0.41725271137829284,-124.17985169461899,-38.46949895783374,-0.0024913264113497133,-0.41725271137829284,12.032744613786072,1.35,-,17165.2163316426,3841.0210182901797,0.03302771478715697,1.2442201553864993
5.694999999999901,124.383420842472,41.96014235534049,0.0019188431601949087,-0.4939443401196629,-124.383420842472,-41.96014235534049,-0.0019188431601949087,0.4939443401196629,-1.5658427735863292,-1.35,-,17242.572508544978,3849.824286022582,0.03302773319695234,1.2454400604421805
5.699999999999901,124.5820445172671,38.46924821312787,0.0021177583083456957,0.4190195578763663,-124.5820445172671,-38.46924821312787,-0.0021177583083456957,-0.4190195578763663,12.06972648772392,1.35,-,17320.17593762549,3857.223701312998,0.0330277556214536,1.246317947391595
5.704999999999901,124.78560888714541,41.96000759383203,0.00155328589535711,-0.4923227320124556,-124.78560888714541,-41.96000759383203,-0.00155328589535711,0.4923227320124556,-1.5309171843940192,-1.35,-,17398.033178552167,3866.02691249937,0.033027767684938966,1.247529855753876
5.7099999999999005,124.98422858634362,38.46926308727528,0.0017595240757092966,0.4205046511827669,-124.98422858634362,-38.46926308727528,-0.0017595240757092966,-0.4205046511827669,12.102717034076393,1.35,-,17476.13846552878,3873.42633351176,0.03302778316456383,1.2484139765622078
5.7149999999999,125.18778956967063,41.960120233801696,0.0012016795992666042,-0.49097825064177975,-125.18778956967063,-41.960120233801696,-0.0012016795992666042,0.49097825064177975,-1.4999345781748388,-1.35,-,17554.49837881548,3882.229591961935,0.03302779038473313,1.249619274775224
5.7199999999999,125.38640661263379,38.46951069188042,0.001413879888375805,0.42171657063595724,-125.38640661263379,-38.46951069188042,-0.001413879888375805,-0.42171657063595724,12.131803236207956,1.35,-,17633.10713363162,3889.6291082262983,0.03302780038001482,1.2505084991049686
5.7249999999999,125.5899655676018,41.96047926369521,0.0008613329220664377,-0.4899003059683873,-125.5899655676018,-41.96047926369521,-0.0008613329220664377,0.4899003059683873,-1.472776387716837,-1.35,-,17711.971330887976,3898.432517326493,0.033027804089486835,1.2517085106539083
5.7299999999999,125.78858130005996,38.470004986739724,0.001078187178202082,0.42266630227703555,-125.78858130005996,-38.470004986739724,-0.001078187178202082,-0.42266630227703555,12.157110693565757,1.35,-,17791.085166815385,3905.8322237448915,0.03302780990192479,1.252601744669311
5.7349999999999,125.99213956665264,41.96108687147914,0.0005296500661842935,-0.4890802101858742,-125.99213956665264,-41.96108687147914,-0.0005296500661842935,0.4890802101858742,-1.44935108169966,-1.35,-,17870.455262978296,3914.6358878020706,0.033027811304570755,1.2537977419292883
5.7399999999999,126.19075531961445,38.4707486831038,0.0007498878219662737,0.4233615199283399,-126.19075531961445,-38.4707486831038,-0.0007498878219662737,-0.4233615199283399,12.178716302701247,1.35,-,17950.075796618967,3922.035880323263,0.03302781411622948,1.2546939168120683
5.7449999999999,126.39431422976686,41.96194711024515,0.0002041058598440519,-0.48851124107805655,-126.39431422976686,-41.96194711024515,-0.0002041058598440519,0.48851124107805655,-1.4295955168776104,-1.35,-,18029.95340996703,3930.839905349678,0.03302781432452549,1.2558871329753665
5.7499999999999,126.59293133180054,38.471746930286805,0.00042648485910767945,0.42380801167431353,-126.59293133180054,-38.471746930286805,-0.00042648485910767945,-0.42380801167431353,12.196669639879076,1.35,-,18110.082261282918,3938.240281909018,0.03302781523397217,1.2567851991291632
5.7549999999998995,126.79649221951722,41.96306594493766,-0.00011777325277260455,-0.4881885854545097,-126.79649221951722,-41.96306594493766,0.00011777325277260455,0.4881885854545097,-1.4134743729297918,-1.35,-,18190.469013478785,3947.0447764265136,0.03302781530332487,1.2579768396040036
5.759999999999899,126.99511200668053,38.473006759591414,0.00010552348424201914,0.4240096687193217,-126.99511200668053,-38.473006759591414,-0.00010552348424201914,-0.4240096687193217,12.210992498512505,1.35,-,18271.107805846732,3954.4456376721314,0.033027815359000894,1.2588757605998409
5.764999999999899,127.1986762181447,41.96445129227115,-0.00043842802301833803,-0.4881092990981133,-127.1986762181447,-41.96445129227115,0.00043842802301833803,0.4881092990981133,-1.4009798322457638,-1.35,-,18352.005322004974,3963.250713533438,0.03302781632009655,1.260067014039171
5.769999999999899,127.39730004404805,38.47453715926603,-0.0002154275934804809,0.4239685213324341,-127.39730004404805,-38.47453715926603,0.0002154275934804809,-0.4239685213324341,12.221679151031546,1.35,-,18433.15568229754,3970.6521635815366,0.033027816552141785,1.260965760574575
5.774999999999899,127.60086894779924,41.96611307548156,-0.0007602849132899447,-0.4882722808378524,-127.60086894779924,-41.96611307548156,0.0007602849132899447,0.4882722808378524,-1.3921314668455336,-1.35,-,18514.565591078706,3979.457936814857,0.03302781944230753,1.262157809675748
5.779999999999899,127.79949819377954,38.47634913742131,-0.0005387945753869477,0.42368475795175053,-127.79949819377954,-38.47634913742131,0.0005387945753869477,-0.42368475795175053,12.22869636114506,1.35,-,18596.229149771614,3986.860084029581,0.0330278208938055,1.2630553535463511
5.784999999999899,128.00307319104107,41.96806329559747,-0.00108577446635364,-0.4886782603933228,-128.00307319104107,-41.96806329559747,0.00108577446635364,0.4886782603933228,-1.386976329341554,-1.35,-,18678.153083503366,3995.666675713497,0.03302782678833646,1.2642493857572563
5.789999999999899,128.201709276525,38.47845580156172,-0.0008670169216065439,0.42315673043799207,-128.201709276525,-38.47845580156172,0.0008670169216065439,-0.42315673043799207,12.231983189838019,1.35,-,18760.33147481048,4003.069633517861,0.03302783054692817,1.2651446938498312
5.794999999999899,128.40529181167383,41.97031588879626,-0.001417349675766805,-0.48932982287739574,-128.40529181167383,-41.97031588879626,0.001417349675766805,0.48932982287739574,-1.3855895980545592,-1.35,-,18842.77106963668,4011.8771705968875,0.03302784059132869,1.2663419122276174
5.799999999999899,128.60393620511414,38.48087253129438,-0.0012025657389615335,0.42238095320179864,-128.60393620511414,-38.48087253129438,0.0012025657389615335,-0.42238095320179864,12.231450710773009,1.35,-,18925.465931673923,4019.2810583507357,0.03302784782215047,1.2672339405757556
5.8049999999998985,128.80752777651793,41.97288698913529,-0.0017575044502719389,-0.4902314082580286,-128.80752777651793,-41.97288698913529,0.0017575044502719389,0.4902314082580286,-1.3880748397810843,-1.35,-,19008.422827733415,4028.0896745617492,0.033027863266259935,1.2684355747439688
5.809999999999898,129.0061820064505,38.48361703221458,-0.0015479623857681643,0.4213520748373099,-129.0061820064505,-38.48361703221458,0.0015479623857681643,-0.4213520748373099,12.226981307675437,1.35,-,19091.63580271282,4035.49461846116,0.03302787524719768,1.2693232625988173
5.814999999999898,129.20978417821914,41.97579170530334,-0.0021087923187457017,-0.4913896751683644,-129.20978417821914,-41.97579170530334,0.0021087923187457017,0.4913896751683644,-1.3945698110718188,-1.35,-,19175.111644349727,4044.304453907595,0.033027897482222894,1.2705305816631276
5.819999999999898,129.408449842605,38.48670893752088,-0.0019057975797685998,0.4200627886299103,-129.408449842605,-38.48670893752088,0.0019057975797685998,-0.4200627886299103,12.218427038206743,1.35,-,19258.844378803056,4051.710587731802,0.03302791564254497,1.2714128453950853
5.824999999999898,129.61206425624056,41.9790453022189,-0.0024738458193262337,-0.49281344023797263,-129.61206425624056,-41.9790453022189,0.0024738458193262337,0.49281344023797263,-1.4052458145654825,-1.35,-,19342.840814806874,4060.521788954231,0.03302794624211065,1.2726271708294812
5.829999999999898,129.81074303455168,38.49017051140802,-0.0022787508240691137,0.4185038370773878,-129.81074303455168,-38.49017051140802,0.0022787508240691137,-0.4185038370773878,12.205609425410007,1.35,-,19427.094959842783,4067.929255084217,0.033027972205637246,1.2735028981377237
5.834999999999898,130.01437141465564,41.98267578833411,-0.002855396870056041,-0.49451249226000876,-130.01437141465564,-41.98267578833411,0.002855396870056041,0.49451249226000876,-1.4202899645980638,-1.35,-,19511.61364371452,4076.7419804159586,0.03302801297209367,1.2747256111627296
5.839999999999898,130.21306510898503,38.4940332641497,-0.002669608275635768,0.416664589358081,-130.21306510898503,-38.4940332641497,0.002669608275635768,-0.416664589358081,12.188327985879074,1.35,-,19596.390855339905,4084.1509334006655,0.033028048606135396,1.2755936580628544
5.844999999999898,130.41670931217666,41.986745508948644,-0.0032562907492428377,-0.4964955192073988,-130.41670931217666,-41.986745508948644,0.0032562907492428377,0.4964955192073988,-1.4398738666835849,-1.35,-,19681.433445678987,4092.9653673928315,0.03302810162328262,1.2768261970658195
5.8499999999998975,130.61541972024037,38.498297670422325,-0.0030812939877438252,0.4145289221863097,-130.61541972024037,-38.498297670422325,0.0030812939877438252,-0.4145289221863097,12.16629716519655,1.35,-,19766.735385022457,4100.375962010434,0.033028149095145815,1.2776853682024643
5.854999999999897,130.8190817526642,41.99129989653072,-0.0036795210071836606,-0.49877534469675266,-130.8190817526642,-41.99129989653072,0.0036795210071836606,0.49877534469675266,-1.4642337175218612,-1.35,-,19852.303545775507,4109.192308345436,0.033028216789520025,1.278929252424851
5.859999999999897,131.0178106618276,38.50296072606529,-0.003516893336702685,0.41207784581626145,-131.0178106618276,-38.50296072606529,0.003516893336702685,-0.41207784581626145,12.139185928187791,1.35,-,19938.131879328597,4116.6046982688,0.033028278632213734,1.2797782931799138
5.864999999999897,131.22149254413992,41.99628116705474,-0.004128268811601023,-0.5013777060037374,-131.22149254413992,-41.99628116705474,0.004128268811601023,0.5013777060037374,-1.4938042971233858,-1.35,-,20024.227279856153,4125.423136428111,0.03302836384523064,1.2810351912003015
5.869999999999897,131.42024234881092,38.50817734802323,-0.003979630769157445,0.4093054714649565,-131.42024234881092,-38.50817734802323,0.003979630769157445,-0.4093054714649565,12.106860851349886,1.35,-,20110.583680351254,4132.837535041445,0.03302844303253594,1.2818728460451572
5.874999999999897,131.62394630716784,42.00177287522493,-0.004605848740656856,-0.504316905679925,-131.62394630716784,-42.00177287522493,0.004605848740656856,0.504316905679925,-1.5288480065175163,-1.35,-,20197.207996558613,4141.658279664755,0.033028549101749044,1.28314452375193
5.879999999999897,131.82271929319367,38.51391883344484,-0.004472949421628447,0.40618479255439066,-131.82271929319367,-38.51391883344484,0.004472949421628447,-0.40618479255439066,12.068864795388075,1.35,-,20284.094143167873,4149.074889384301,0.03302864913813169,1.2839694541804423
5.884999999999897,132.02644771617435,42.007815499218296,-0.005115812574203588,-0.5076144293907566,-132.02644771617435,-42.007815499218296,0.005115812574203588,0.5076144293907566,-1.5697394108430625,-1.35,-,20371.249057650628,4157.898172199382,0.03302877999582316,1.2852578162250707
5.889999999999897,132.22524635162947,38.52023047387894,-0.005000515276590985,0.4026932033299568,-132.22524635162947,-38.52023047387894,0.005000515276590985,-0.4026932033299568,12.024804784343244,1.35,-,20458.666636514372,4165.317212978186,0.03302890502158832,1.2860686253051115
5.8949999999998965,132.4290018082939,42.014453732618065,-0.005661948296509011,-0.5112944061404295,-132.4290018082939,-42.014453732618065,0.005661948296509011,0.5112944061404295,-1.6168961695699617,-1.35,-,20546.353839114076,4174.143284590437,0.03302906530988088,1.287375735153864
5.899999999999896,132.62782874908183,38.52715853406428,-0.005566245632549157,0.3988050125269462,-132.62782874908183,-38.52715853406428,0.005566245632549157,-0.3988050125269462,11.974237824060516,1.35,-,20634.304543907554,4181.5649943139815,0.03302922022533309,1.288170962343947
5.904999999999896,132.83161400808322,42.0217366433298,-0.006248309480519576,-0.5153837999711619,-132.83161400808322,-42.0217366433298,0.006248309480519576,0.5153837999711619,-1.6707823485852966,-1.35,-,20722.525732307513,4190.394126066588,0.033029415432189915,1.2894990646503106
5.909999999999896,133.0304721180813,38.53475395505001,-0.006174338119599831,0.39449158980257365,-133.0304721180813,-38.53475395505001,0.006174338119599831,-0.39449158980257365,11.916672739068858,1.35,-,20811.01126486731,4197.818762378469,0.03302960604444599,1.2902771827224353
5.914999999999896,133.23429016831466,42.029714221560425,-0.0068792452928435575,-0.5199129890414098,-133.23429016831466,-42.029714221560425,0.0068792452928435575,0.5199129890414098,-1.7319176238500056,-1.35,-,20899.768145250582,4206.651246766199,0.03302984266452499,1.2916287303033052
5.919999999999896,133.43318254024538,38.543072531402935,-0.006829301839632141,0.3897211350909126,-133.43318254024538,-38.543072531402935,0.006829301839632141,-0.3897211350909126,11.851566251007082,1.35,-,20988.79021626467,4214.079088967003,0.03303007586134307,1.2923881431189879
5.924999999999896,133.63703661299292,42.03844964573483,-0.007559432753116667,-0.5249147915028778,-133.63703661299292,-42.03844964573483,0.007559432753116667,0.5249147915028778,-1.8008629064055033,-1.35,-,21078.084504038183,4222.915245210088,0.03303036158646082,1.2937658208106804
5.929999999999896,133.8359665915642,38.55217544703536,-0.007535990740706039,0.3844584562920605,-133.8359665915642,-38.55217544703536,0.007535990740706039,-0.3844584562920605,11.778319155873591,1.35,-,21167.644833805673,4230.346596368583,0.03303064554224304,1.2945048623337527
5.934999999999896,134.03986018456976,42.04800774853901,-0.008293911323348639,-0.5304259085525732,-134.03986018456976,-42.04800774853901,0.008293911323348639,0.5304259085525732,-1.878242735785257,-1.35,-,21257.478254397167,4239.186771146688,0.03303098948706824,1.295911620556072
5.939999999999896,134.23883139091663,38.56212960739123,-0.008299639557969163,0.37866469783977025,-134.23883139091663,-38.56212960739123,0.008299639557969163,-0.37866469783977025,11.696271722011506,1.35,-,21347.57857366316,4246.621960345975,0.0330313339071522,1.2966285553230223
5.9449999999998955,134.44276829439642,42.05845950759432,-0.009088120206741714,-0.5364867880061654,-134.44276829439642,-42.05845950759432,0.009088120206741714,0.5364867880061654,-1.9647437012658648,-1.35,-,21437.952863396462,4255.466530426735,0.03303174687679666,1.298067645691548
5.949999999999895,134.6417846526213,38.57300813957069,-0.009125902537344716,0.372297054582791,-134.6417846526213,-38.57300813957069,0.009125902537344716,-0.372297054582791,11.60469882957796,1.35,-,21528.594914268673,4262.905915211411,0.033032163287282264,1.298760671175803
5.954999999999895,134.84576897744154,42.06988257664071,-0.009947938563814327,-0.5431419167040773,-134.84576897744154,-42.06988257664071,0.009947938563814327,0.5431419167040773,-2.061119418387899,-1.35,-,21619.51182132426,4271.755290311473,0.03303265809469061,1.300235686884208
5.959999999999895,135.04483474337246,38.58489092578749,-0.010020895228119043,0.36530845522892175,-135.04483474337246,-38.58489092578749,0.010020895228119043,-0.36530845522892175,11.502804608262688,1.35,-,21710.697358278583,4279.199259350247,0.033033160186396474,1.3009029382215167
5.964999999999895,135.24887095160085,42.08236186805037,-0.010879728945546008,-0.5504401414968999,-135.24887095160085,-42.08236186805037,0.010879728945546008,0.5504401414968999,-2.168195981211647,-1.35,-,21802.158643746996,4288.053885252215,0.03303375202890611,1.3024178599683722
5.969999999999895,135.44799074392867,38.597865174560184,-0.010991239652718528,0.35764721314945297,-135.44799074392867,-38.597865174560184,0.010991239652718528,-0.35764721314945297,11.38971653569937,1.35,-,21893.88943472983,4295.502861232382,0.03303435606565163,1.3030574176137402
5.974999999999895,135.6520836819866,42.09599018930188,-0.011890384262479703,-0.5584350210631378,-135.6520836819866,-42.09599018930188,0.011890384262479703,0.5584350210631378,-2.286877928818761,-1.35,-,21985.896873766153,4304.363223182471,0.03303506297184118,1.3046166659774892
5.979999999999895,135.851263026725,38.61208957261534,-0.01204406285228191,0.349262901585499,-135.851263026725,-38.61208957261534,0.01204406285228191,-0.349262901585499,11.264574893519564,1.35,-,22078.174702095934,4311.817690488289,0.03303578826909113,1.3052265888496088
5.984999999999895,136.0554197104465,42.1113138309464,-0.012987153889373146,-0.5671407044497,-136.0554197104465,-42.1113138309464,0.012987153889373146,0.5671407044497,-2.417474810049308,-1.35,-,22170.73008825886,4320.684504251131,0.03303663159992186,1.3068348317428273
5.9899999999998945,136.25466678860653,38.62852401688171,-0.013186702599409472,0.34017866284631526,-136.25466678860653,-38.62852401688171,0.013186702599409472,-0.34017866284631526,11.127636555585482,1.35,-,22263.55675936723,4328.145318589745,0.03303750104554908,1.3074134393561068
5.994999999999894,136.45889158678622,42.12795114228834,-0.014178007896861697,-0.5766697467807824,-136.45889158678622,-42.12795114228834,0.014178007896861697,0.5766697467807824,-2.5618016338474456,-1.35,-,22356.6619048327,4337.019139926981,0.0330385061250887,1.3090761793403678
5.999999999999894,136.65820938669972,38.64544863778006,-0.014428033933116563,0.3301447081052769,-136.65820938669972,-38.64544863778006,0.014428033933116563,-0.3301447081052769,10.974987460805995,1.35,-,22450.039235796594,4344.486493429057,0.033039546965904575,1.3096211569818175
6.004999999999894,136.86250829695783,42.145726629708676,-0.01547206478363823,-0.5871227804284691,-136.86250829695783,-42.145726629708676,0.01547206478363823,0.5871227804284691,-2.721507813709123,-1.35,-,22543.695966683266,4353.367804794788,0.03304074388984792,1.3113447227783077
6.009999999999894,137.061902996279,38.6638562644261,-0.015777280714928874,0.3191731095182887,-137.061902996279,-38.6638562644261,0.015777280714928874,-0.3191731095182887,10.80669067719008,1.35,-,22637.62579294807,4360.842273700969,0.03304198850278171,1.3118540801475056
6.014999999999894,137.26628267782968,42.16509886526086,-0.01687892399120935,-0.5985432382425961,-137.26628267782968,-42.16509886526086,0.01687892399120935,0.5985432382425961,-2.8973791490886787,-1.35,-,22731.835954749018,4369.731751512554,0.03304341299315722,1.3136453501877352
6.019999999999894,137.46576142115583,38.68395058385123,-0.017244409250277187,0.3071895177753395,-137.46576142115583,-38.68395058385123,0.017244409250277187,-0.3071895177753395,10.621486096399192,1.35,-,22826.320132564506,4377.213991676424,0.033044899841409174,1.3141171771868905
6.024999999999894,137.6702292570669,42.186230582125795,-0.01840896290393844,-0.6110128685843313,-137.6702292570669,-42.186230582125795,0.01840896290393844,0.6110128685843313,-3.090793690398854,-1.35,-,22921.08559268297,4386.112381930065,0.033046594290985165,1.3159838608147687
6.029999999999894,137.86979966380605,38.70585409624193,-0.018840255362992823,0.29410275382574935,-137.86979966380605,-38.70585409624193,0.018840255362992823,-0.29410275382574935,10.41784654541843,1.35,-,23016.12600097966,4393.603097636662,0.03304836906709588,1.316416342963808
6.034999999999894,138.0743636843338,42.209277812581966,-0.020073480288868406,-0.6246229983429743,-138.0743636843338,-42.209277812581966,0.020073480288868406,0.6246229983429743,-3.3032870758526474,-1.35,-,23111.448650513827,4402.51121330396,0.03305038379015041,1.3183671124141028
6.0399999999998935,138.274034040344,38.72972560394568,-0.02057660333936871,0.2798157865359591,-138.274034040344,-38.72972560394568,0.02057660333936871,-0.2798157865359591,10.19414362164153,1.35,-,23207.047192962775,4410.011171530745,0.03305250077317534,1.3187585967860764
6.044999999999893,138.47870298810605,42.23440488543453,-0.02188476481362129,-0.6394738044608878,-138.47870298810605,-42.23440488543453,0.02188476481362129,0.6394738044608878,-3.5365423218847027,-1.35,-,23302.928948869114,4418.929896310879,0.03305489548783008,1.3208032305190347
6.049999999999893,138.6784823043473,38.755737750344444,-0.02246627166663969,0.2642226661099819,-138.6784823043473,-38.755737750344444,0.02246627166663969,-0.2642226661099819,9.948599963830915,1.35,-,23399.087556140297,4426.4399323537455,0.03305741915464308,1.321152298605466
6.054999999999893,138.8832656951809,42.26166035958658,-0.023856185336126132,-0.6556878110460688,-138.8832656951809,-42.26166035958658,0.023856185336126132,0.6556878110460688,-3.7925961107339567,-1.35,-,23495.530363591086,4435.37017203549,0.03306026474253704,1.323301931133238
6.059999999999893,139.08316377605206,38.784078751985746,-0.024523206642864403,0.24720780671294587,-139.08316377605206,-38.784078751985746,0.024523206642864403,-0.24720780671294587,9.679277127133018,1.35,-,23592.250995820865,4442.891195858691,0.03306327168085728,1.3236074896317371
6.064999999999893,139.28807197913767,42.29153366179347,-0.026002286966049382,-0.6733539526556991,-139.28807197913767,-42.29153366179347,0.026002286966049382,0.6733539526556991,-4.072990041924851,-1.35,-,23689.25683079919,4451.834064956024,0.0330666522754946,1.3258745173595223
6.069999999999893,139.48809947674522,38.81495109155593,-0.02676258455040206,0.22864487226473248,-139.48809947674522,-38.81495109155593,0.02676258455040206,-0.22864487226473248,9.384057316615884,1.35,-,23786.54148027736,4459.367067097223,0.03307023345515369,1.326135909747587
6.074999999999893,139.69314378300237,42.32411389240799,-0.02833889933423041,-0.6926143571352844,-139.69314378300237,-42.32411389240799,0.02833889933423041,0.6926143571352844,-4.380090817874469,-1.35,-,23884.11235237725,4468.323720181111,0.03307424892123107,1.3285344829861367
6.079999999999893,139.8933122731832,38.84857295229318,-0.029200922758947218,0.208395882999524,-139.8933122731832,-38.84857295229318,0.029200922758947218,-0.208395882999524,9.060628353581844,1.35,-,23981.96304647106,4475.869778283259,0.03307851239068094,1.3287516272063924
6.0849999999998925,140.09850497453,42.3596407588056,-0.03088325170380855,-0.7136091908106643,-140.09850497453,-42.3596407588056,0.03088325170380855,0.7136091908106643,-4.716253623559781,-1.35,-,24080.101001951552,4484.841474109334,0.03308328126685995,1.3312978175924397
6.089999999999892,140.2988270623011,38.88518986175632,-0.031856197297614824,0.18631123154524237,-140.2988270623011,-38.88518986175632,0.031856197297614824,-0.18631123154524237,8.706482393441583,1.35,-,24178.519806326836,4492.401764062258,0.033088355353391274,1.3314713769674391
6.094999999999892,140.5041815442689,42.39837887324632,-0.0336540948036879,-0.7364905801505394,-140.5041815442689,-42.39837887324632,0.0336540948036879,0.7364905801505394,-5.084035285077727,-1.35,-,24277.226931483958,4501.389876717654,0.033094018343876555,1.3341834688406915
6.099999999999892,140.7046709217761,38.92505886776254,-0.03474797534924244,0.16222688086760617,-140.7046709217761,-38.92505886776254,0.03474797534924244,-0.16222688086760617,8.318871597001753,1.35,-,24376.215953579984,4508.965677756948,0.033100055452830915,1.3343150566450717
6.104999999999892,140.91020176106503,42.4406181334989,-0.03667183881168559,-0.7614237548774441,-140.91020176106503,-42.4406181334989,0.03667183881168559,0.7614237548774441,-5.486213472224365,-1.35,-,24475.494378381703,4517.971708094715,0.033106779571640065,1.3372138873175299
6.109999999999892,141.11087330697288,38.96846092941741,-0.037897555338509,0.13596427515078927,-141.11087330697288,-38.96846092941741,0.037897555338509,-0.13596427515078927,7.894804948051467,1.35,-,24575.055771208983,4525.564412830752,0.03311396069514324,1.3373063187381162
6.114999999999892,141.31659637404314,42.48663792821404,-0.039958699376036876,-0.7885920271709937,-141.31659637404314,-42.48663792821404,0.039958699376036876,0.7885920271709937,-5.925864284679451,-1.35,-,24674.907673262704,4534.589984842968,0.03312194418342236,1.3404157056647044
6.119999999999892,141.5174662269067,39.015701501034094,-0.04132812217937615,0.10732897084317904,-141.5174662269067,-39.015701501034094,0.04132812217937615,-0.10732897084317904,7.4310254090539924,1.35,-,24775.04363949912,4542.201109661057,0.03313048425183673,1.3404733032046157
6.124999999999892,141.72339878369422,42.536756828011754,-0.043538860283668095,-0.8181930406499214,-141.72339878369422,-42.536756828011754,0.043538860283668095,0.8181930406499214,-6.406307426095837,-1.35,-,24875.471248313126,4551.247988068284,0.03313996241361073,1.3438205024634553
6.1299999999998915,141.92448448461283,39.067107382387874,-0.045064910443664875,0.07610881921088994,-141.92448448461283,-39.067107382387874,0.045064910443664875,-0.07610881921088994,6.923980158540647,1.35,-,24976.184044794238,4558.879182464419,0.03315011664437721,1.3438494652252637
6.134999999999891,142.13064532783847,42.59137378216924,-0.04743863910488705,-0.8504358676553772,-142.13064532783847,-42.59137378216924,0.04743863910488705,0.8504358676553772,-6.931064312647038,-1.35,-,25077.189646500774,4567.94930806768,0.03316136876677783,1.3474656710502375
6.139999999999891,142.33196591725286,39.12303145992518,-0.04913538200749409,0.042072805110985545,-142.33196591725286,-39.12303145992518,0.04913538200749409,-0.042072805110985545,6.36980061244099,1.35,-,25178.48158911012,4575.602366020752,0.03317344019560294,1.3474745216548871
6.144999999999891,142.53837550001876,42.6508853094683,-0.051686674871045925,-0.8855511080296823,-142.53837550001876,-42.6508853094683,0.051686674871045925,0.8855511080296823,-7.504014017320806,-1.35,-,25280.06753156104,4584.697856109159,0.03318679775739907,1.35139552547955
6.149999999999891,142.73995162947472,39.1838535189962,-0.05356942025030472,0.004969416390567789,-142.73995162947472,-39.1838535189962,0.05356942025030472,-0.004969416390567789,5.764275077662859,1.35,-,25381.94100051696,4592.37472799215,0.03320114617132884,1.3513956489550463
6.154999999999891,142.94663221940476,42.71572581031589,-0.05631412664398838,-0.9237882974282584,-142.94663221940476,-42.71572581031589,0.05631412664398838,0.9237882974282584,-8.129356556101195,-1.35,-,25484.109698831307,4601.49789414966,0.033217002575627215,1.3556625730473733
6.159999999999891,143.14848627572295,39.2499817649272,-0.05839953574634767,-0.03547500384192886,-143.14848627572295,-39.2499817649272,0.05839953574634767,0.03547500384192886,5.102820992503313,1.35,-,25586.56714444646,4609.200699492396,0.03323405510450416,1.3556688654268612
6.164999999999891,143.35546203419966,42.786351322545556,-0.06135489532555167,-0.965419145438828,-143.35546203419966,-42.786351322545556,0.06135489532555167,0.965419145438828,-8.8116651036468,-1.35,-,25689.321086921653,4618.354058789877,0.03325287722040621,1.3603290360587603
6.169999999999891,143.55761900936702,39.322562997092206,-0.06366102716150042,-0.07949183195673282,-143.55761900936702,-39.322562997092206,0.06366102716150042,0.07949183195673282,4.3814631335430265,1.35,-,25792.36503679984,4626.085378593179,0.03327314085230249,1.3603606308154994
6.174999999999891,143.76491951804363,42.86379163846428,-0.06684544610838529,-1.0106843000446326,-143.76491951804363,-42.86379163846428,0.06684544610838529,1.0106843000446326,-9.555073578804238,-1.35,-,25895.706797219987,4635.271901761307,0.03329548242062964,1.3654680445872829
6.1799999999998905,143.96740494387925,39.40048347631238,-0.06939208588135226,-0.12755208428912992,-143.96740494387925,-39.40048347631238,0.06939208588135226,0.12755208428912992,3.592543314724185,1.35,-,25999.33986565136,4643.033892252143,0.03331955872854446,1.3655493922583153
6.18499999999989,144.1750555724029,42.94757387904951,-0.07282624604000927,-1.0600009916304816,-144.1750555724029,-42.94757387904951,0.07282624604000927,1.0600009916304816,-10.366454864580255,-1.35,-,26103.272098897884,4652.256362762625,0.03334607703910586,1.3711674027696032
6.18999999999989,144.37789768383286,39.48526463263263,-0.07563484843867936,-0.17991132309851574,-144.37789768383286,-39.48526463263263,0.07563484843867936,0.17991132309851574,2.7316286269480403,1.35,-,26207.4969855959,4660.05179337817,0.03337468019059757,1.3713292431904986
6.19499999999989,144.58600755134145,43.054363850693015,-0.07933311627969586,-1.1121153118500269,-144.58600755134145,-43.054363850693015,0.07933311627969586,1.1121153118500269,-11.227198842878321,-1.35,-,26312.02255349408,4669.32018461111,0.03340614890729081,1.377513245524755
6.19999999999989,144.7892367347414,39.57720104800506,-0.08242699295230789,-0.2369669377448767,-144.7892367347414,-39.57720104800506,0.08242699295230789,0.2369669377448767,1.792204529891988,1.35,-,26416.842168865223,4677.15195882508,0.03344011995312661,1.377794012172676
6.20499999999989,144.99792252171434,43.18575747186274,-0.08640513332888895,-1.1672974310318527,-144.99792252171434,-43.18575747186274,0.08640513332888895,1.1672974310318527,-12.141906415105296,-1.35,-,26521.964156543287,4686.477007067173,0.03347744918845452,1.3846069286351437
6.20999999999989,145.20157138014457,39.67678763113759,-0.08980957461762869,-0.29912504139607626,-145.20157138014457,-39.67678763113759,0.08980957461762869,0.29912504139607626,0.7675793676229609,0.7675793676229609,-,26627.3816381996,4694.3482444508045,0.03351777798691952,1.3850543075870947
6.21499999999989,145.40501156464308,41.274090970860314,-0.09305308895781507,-0.8905655183335163,-145.40501156464308,-41.274090970860314,0.09305308895781507,0.8905655183335163,-8.11259682736704,-1.35,-,26733.094725140167,4702.865997378159,0.03356107237374247,1.3890198422993179
6.21999999999989,145.60355371538722,38.67111872949639,-0.09464393677947142,0.06386807823086346,-145.60355371538722,-38.67111872949639,0.09464393677947142,-0.06386807823086346,6.135926644976298,1.35,-,26839.096699412912,4710.343274497112,0.033605859747588056,1.3890402379564024
6.2249999999998895,145.80787952435227,42.332473672963815,-0.0971113484236415,-0.8646347567545346,-145.80787952435227,-42.332473672963815,0.0971113484236415,0.8646347567545346,-7.747226923239275,-1.35,-,26945.39638806985,4719.303466133473,0.03365301281755134,1.3927782042693422
6.229999999999889,146.0070200546399,38.79988217195761,-0.0990431828005136,-0.004398106406841754,-146.0070200546399,-38.79988217195761,0.0990431828005136,0.004398106406841754,5.064659107514418,1.35,-,27051.986637596026,4726.830620416262,0.03370206057784762,1.392778300986042
6.234999999999889,146.21206483915475,42.48713988071595,-0.10184815879704197,-0.9315643410698384,-146.21206483915475,-42.48713988071595,0.10184815879704197,0.9315643410698384,-8.802962106822697,-1.35,-,27158.87647711867,4735.856405692479,0.03375392581509936,1.3971173615938062
6.239999999999889,146.41166984508192,38.90343476348372,-0.10415287023880004,-0.07906060515866725,-146.41166984508192,-38.90343476348372,0.10415287023880004,0.07906060515866725,3.886333358110942,1.35,-,27266.058362452794,4743.423791874462,0.03380816491699426,1.3971486144902465
6.244999999999889,146.6173198292144,42.620770105409065,-0.1073266568888117,-1.0046357483485011,-146.6173198292144,-42.620770105409065,0.1073266568888117,1.0046357483485011,-9.962327883282935,-1.35,-,27373.541554822303,4752.506442096353,0.0338657599733889,1.4021950794245452
6.249999999999889,146.8174165625915,39.013937227478316,-0.11002310270557017,-0.15753774964395384,-146.8174165625915,-39.013937227478316,0.11002310270557017,0.15753774964395384,2.639562621810366,1.35,-,27481.31832385287,4760.116878586301,0.0339262853890337,1.4023191701373596
6.254999999999889,147.02371943472656,42.76569715494204,-0.11358396240428792,-1.081246469356347,-147.02371943472656,-42.76569715494204,0.11358396240428792,1.081246469356347,-11.18619375592162,-1.35,-,27589.39819423497,4769.261402852042,0.03399079197161099,1.4081646397748373
6.259999999999889,147.2243378082908,39.131890081237245,-0.1166937659030463,-0.24040270182040355,-147.2243378082908,-39.131890081237245,0.1166937659030463,0.24040270182040355,1.3151642981046296,1.3151642981046296,-,27697.773222450418,4776.917926958692,0.034058879146614165,1.40845360707005
6.264999999999889,147.4307492926597,42.724088417925316,-0.12062483276151552,-1.1493234235398835,-147.4307492926597,-42.724088417925316,0.12062483276151552,1.1493234235398835,-12.297512104456091,-1.35,-,27806.45235163539,4786.044665614405,0.03413163089800788,1.415058328729537
6.2699999999998886,147.63159937623067,39.19204383529121,-0.12404349982516932,-0.3025536940523917,-147.63159937623067,-39.19204383529121,0.12404349982516932,0.3025536940523917,0.29014694359163606,0.29014694359163606,-,27915.427797307308,4793.724747114342,0.034208564847252265,1.4155160224184609
6.2749999999998884,147.82932718613242,39.78130533020109,-0.12633965935312344,-0.5637647883479111,-147.82932718613242,-39.78130533020109,0.12633965935312344,0.5637647883479111,-3.6427675214662,-1.35,-,28024.695347188826,4801.637508383215,0.03428837339487958,1.4171051761013655
6.279999999999888,148.02089298032053,37.33447462005387,-0.12630675472793068,0.3867667203069546,-148.02089298032053,-37.33447462005387,0.12630675472793068,-0.3867667203069546,10.574424695299257,1.35,-,28134.246270982283,4808.606823358992,0.034368140376329084,1.4178531185810506
6.284999999999888,148.2190244647016,41.15465387744785,-0.12713552498819328,-0.5340630841268329,-148.2190244647016,-41.15465387744785,0.12713552498819328,0.5340630841268329,-3.166125080588372,-1.35,-,28244.09066704862,4817.0753510378545,0.0344489575848992,1.4192792354701858
6.289999999999888,148.4111193448756,37.44061340193785,-0.1275772358623817,0.29160760300584715,-148.4111193448756,-37.44061340193785,0.1275772358623817,-0.29160760300584715,9.145712548985763,1.35,-,28354.21996877461,4824.084348697421,0.03453033734045063,1.4197044104408398
6.294999999999888,148.60980237207258,41.26879337391322,-0.12888074624532112,-0.6287719893342343,-148.60980237207258,-41.26879337391322,0.12888074624532112,0.6287719893342343,-4.595023071332164,-1.35,-,28464.644335579942,4832.599915230115,0.03461338857421438,1.4216811815136965
6.299999999999888,148.80243219223007,37.54819401858155,-0.12980256311890284,0.1951529538810412,-148.80243219223007,-37.54819401858155,0.12980256311890284,-0.1951529538810412,7.68331702949291,1.35,-,28575.355154711557,4839.649249600399,0.03469763210117556,1.421871604890739
6.304999999999888,149.00168665501522,41.389002738531865,-0.131586729976407,-0.72454398848033,-149.00168665501522,-41.389002738531865,0.131586729976407,0.72454398848033,-6.054113255879808,-1.35,-,28686.36266784175,4848.21449733885,0.03478420743870498,1.4244964248469538
6.309999999999888,149.19486090800223,37.65796003852457,-0.13299762303983267,0.09668486817358343,-149.19486090800223,-37.65796003852457,0.13299762303983267,-0.09668486817358343,6.176262314096842,1.35,-,28797.65820044854,4855.305107110165,0.034872649277376204,1.4245431646656226
6.314999999999888,149.39471817669573,41.51787408401861,-0.13527107166696672,-0.8218856216879736,-149.39471817669573,-41.51787408401861,0.13527107166696672,0.8218856216879736,-7.551204191575903,-1.35,-,28909.25210954401,4863.923776452448,0.03496414059152585,1.4279206445413097
6.3199999999998875,149.5884499909928,37.770656230608566,-0.13718346708403875,-0.0044910691462221215,-149.5884499909928,-37.770656230608566,0.13718346708403875,0.0044910691462221215,4.613833080797971,1.35,-,29021.135631397545,4871.056888812902,0.035058237109731834,1.4279207453898202
6.324999999999887,149.78894143379839,41.655297247822865,-0.13995869158143504,-0.9215799478171441,-149.78894143379839,-41.655297247822865,0.13995869158143504,0.9215799478171441,-9.098415988670293,-1.35,-,29133.31926627683,4879.732707756924,0.03515617928647777,1.4321672933909133
6.329999999999887,149.98324763067785,37.8870248828552,-0.14238858219136893,-0.10909721694027313,-149.98324763067785,-37.8870248828552,0.14238858219136893,0.10909721694027313,2.984783415909587,1.35,-,29245.794139126054,4886.9098410292945,0.03525755182817011,1.4322268044046338
6.334999999999887,150.1844109991998,41.803642795812834,-0.1456813607574346,-1.0241561837351736,-150.1844109991998,-41.803642795812834,0.1456813607574346,1.0241561837351736,-10.704113871504873,-1.35,-,29358.570925661934,4895.647563784294,0.03536366712253079,1.4374712838480486
6.339999999999887,150.3793119736657,38.00781155439668,-0.148648353544126,-0.21786696824781587,-150.3793119736657,-38.00781155439668,0.148648353544126,0.21786696824781587,1.277598883155433,1.277598883155433,-,29471.640613010295,4902.870532480067,0.035474148787587687,1.437708613927316
6.344999999999887,150.57993654337204,41.54463301482763,-0.1524012136440315,-1.1048896955269965,-150.57993654337204,-41.54463301482763,0.1524012136440315,1.1048896955269965,-12.005273515533986,-1.35,-,29585.012199457324,4911.50031514175,0.03559027943718855,1.4438125201237246
6.349999999999887,150.77478861542403,38.00017429120563,-0.15566215183965024,-0.27821929887728436,-150.77478861542403,-38.00017429120563,0.15566215183965024,0.27821929887728436,0.2827732696870555,0.2827732696870555,-,29698.67738386745,4918.72038137256,0.035711432964765304,1.4441995500150635
6.354999999999887,150.9665463782252,38.58584433861553,-0.1578510732879908,-0.544217325056865,-150.9665463782252,-38.58584433861553,0.1578510732879908,0.544217325056865,-3.7206472332715195,-1.35,-,29812.63187449429,4926.164718289179,0.035836017771456154,1.4456804124995237
6.359999999999887,151.15220777065318,36.16331228461804,-0.15777320344656745,0.388726094365713,-151.15220777065318,-36.16331228461804,0.15777320344656745,-0.388726094365713,10.233647920305671,1.35,-,29926.866824064004,4932.703644066153,0.03596047969008511,1.4464359523817278
6.3649999999998865,151.34496488059136,40.14422228448908,-0.15856528652580457,-0.5231077599045123,-151.34496488059136,-40.14422228448908,0.15856528652580457,0.5231077599045123,-3.3684126555413165,-1.35,-,30041.393316037538,4940.761436980285,0.03608619444054016,1.4478041610240895
6.369999999999886,151.53128018914086,36.294433209954924,-0.1590767140831243,0.2706282600953264,-151.53128018914086,-36.294433209954924,0.1590767140831243,-0.2706282600953264,8.460413061947765,1.35,-,30156.201960416336,4947.347866390444,0.03621272144535758,1.4481703592999007
6.374999999999886,151.7247138677046,40.283672929303656,-0.16045810701389823,-0.6406806163678558,-151.7247138677046,-40.283672929303656,0.16045810701389823,0.6406806163678558,-5.142418837432052,-1.35,-,30271.30390440752,4955.46173791382,0.036341455465889995,1.4502227175608482
6.379999999999886,151.91168895930406,36.427101575221045,-0.16156448224154218,0.15112040356110443,-151.91168895930406,-36.427101575221045,0.16156448224154218,-0.15112040356110443,6.648348409670017,1.35,-,30386.68971061986,4962.096406559677,0.03647197087549988,1.4503369044427106
6.384999999999886,152.10582715543316,40.431408010519206,-0.16354089261462956,-0.75921515666276,-152.10582715543316,-40.431408010519206,0.16354089261462956,0.75921515666276,-6.948479492733131,-1.35,-,30502.37062389305,4970.269900328242,0.03660569899328583,1.4532189427132427
6.389999999999886,152.2934721221417,36.56217282758506,-0.16525206958877917,0.029360099016327742,-152.2934721221417,-36.56217282758506,0.16525206958877917,-0.029360099016327742,4.784602782850599,1.35,-,30618.337132148135,4976.953862737613,0.0367422402258027,1.453223252790314
6.394999999999886,152.48834722834926,40.58835738374391,-0.1678333755519443,-0.8795372822232255,-152.48834722834926,-40.58835738374391,0.1678333755519443,0.8795372822232255,-8.799258829818697,-1.35,-,30734.6006123503,4985.190936513166,0.0368830804355485,1.457091181944417
6.399999999999886,152.67667638209676,36.70052092169661,-0.17016344070319836,-0.09551902121780735,-152.67667638209676,-36.70052092169661,0.17016344070319836,0.09551902121780735,2.8558405449027173,1.35,-,30851.151449905716,4991.925577692786,0.03702785841830825,1.457136801361489
6.404999999999886,152.87233150025264,40.75738472833271,-0.17336308829044197,-1.002272276336056,-152.87233150025264,-40.75738472833271,0.17336308829044197,1.002272276336056,-10.704489514820711,-1.35,-,30968.00119859733,5000.2313997422525,0.03717813222021625,1.462159549941048
6.409999999999886,153.06136327541003,36.842951672887615,-0.17633033984798094,-0.22434654207552523,-153.06136327541003,-36.842951672887615,0.17633033984798094,0.22434654207552523,0.8491603356215613,0.8491603356215613,-,31085.14010323596,5007.018415182106,0.03733359416397077,1.4624112067957542
6.4149999999998855,153.25047366621692,38.474735468432485,-0.17951207518547108,-0.911034820157904,-153.25047366621692,-38.474735468432485,0.17951207518547108,0.911034820157904,-9.458689774133303,-1.35,-,31202.568641630558,5014.419941528935,0.037494717089657736,1.4665611290134548
6.419999999999885,153.4356329562509,36.07037507564929,-0.18130696303348448,0.008816689461997696,-153.4356329562509,-36.07037507564929,0.18130696303348448,-0.008816689461997696,4.27147871619072,1.35,-,31320.28110893398,5020.925301319425,0.03765907816387986,1.46656151768352
6.424999999999885,153.62829002374946,40.17703109966913,-0.18397595177546924,-0.8950445839075478,-153.62829002374946,-40.17703109966913,0.18397595177546924,0.8950445839075478,-9.236635812301895,-1.35,-,31438.289366412086,5028.996270459344,0.03782831391803831,1.4705670417194312
6.429999999999885,153.81419478054744,36.221090445671116,-0.18644729580790903,-0.12764227286361626,-153.81419478054744,-36.221090445671116,0.18644729580790903,0.12764227286361626,2.1656460700624414,1.35,-,31556.583398992025,5035.556107424711,0.03800212688860871,1.4706485044685402
6.434999999999885,154.00769731534288,40.359755491433944,-0.18979198424483404,-1.029163670904446,-154.00769731534288,-40.359755491433944,0.18979198424483404,1.029163670904446,-11.316831824796807,-1.35,-,31675.175253153895,5043.700656741352,0.038182231875026666,1.4759443937760877
6.439999999999885,154.19436607656414,36.37596466610937,-0.19295861621341773,-0.26820467906270645,-154.19436607656414,-36.37596466610937,0.19295861621341773,0.26820467906270645,-0.02215549275711004,-0.02215549275711004,-,31794.05476580266,5050.316710768302,0.038368397012881646,1.4763040625254433
6.444999999999885,154.37636007772636,36.41410516144794,-0.19446542471306372,-0.32353366491972696,-154.37636007772636,-36.41410516144794,0.19446542471306372,0.32353366491972696,-0.8666498381538466,-0.8666498381538466,-,31913.215068556896,5056.946646041847,0.0385574810199258,1.4768274326871254
6.449999999999885,154.55390918015246,34.90700322451274,-0.19440529954770333,0.2357042414761224,-154.55390918015246,-34.90700322451274,0.19440529954770333,-0.2357042414761224,7.499780560622639,1.35,-,32032.649622771227,5063.0391404124275,0.03874644812238696,1.4771052151343744
6.454999999999885,154.74093515509614,39.072845379134506,-0.1959279331894396,-0.664459647304625,-154.74093515509614,-39.072845379134506,0.1959279331894396,0.664459647304625,-5.934719393624433,-1.35,-,32152.37340783459,5070.672576642536,0.038938386897406384,1.4793127482488553
6.4599999999998845,154.9210486936533,35.06684191820089,-0.19729329259037037,0.09079552640290216,-154.9210486936533,-35.06684191820089,0.19729329259037037,-0.09079552640290216,5.300712293298126,1.35,-,32272.376064476295,5076.820993653117,0.039133010113912126,1.4793539673869291
6.464999999999884,155.10892384524203,39.25039912223139,-0.19953689986084738,-0.8080772733577135,-155.10892384524203,-39.25039912223139,0.19953689986084738,0.8080772733577135,-8.124847662024104,-1.35,-,32392.66995575844,5084.523962809389,0.03933208498594251,1.4826189117855153
6.469999999999884,155.28984285361003,35.229318081570895,-0.20163468816353877,-0.056689001082401144,-155.28984285361003,-35.229318081570895,0.20163468816353877,0.056689001082401144,3.0413247370867205,1.35,-,32513.24463222593,5090.729487071851,0.03953536772329654,1.4826349799997338
6.474999999999884,155.4786020226671,39.43831495454753,-0.20461062946416547,-0.9537033464307337,-155.4786020226671,-39.43831495454753,0.20461062946416547,0.9537033464307337,-10.366799258425855,-1.35,-,32634.112610660544,5098.506390504121,0.03974469527174515,1.4871827303646996
6.479999999999884,155.66034185232797,35.3953301404616,-0.20745687460520382,-0.2077240740164102,-155.66034185232797,-35.3953301404616,0.20745687460520382,0.2077240740164102,0.7066060475781412,0.7066060475781412,-,32755.26332078846,5104.770537482882,0.03995988704584994,1.4873984768193296
6.484999999999884,155.8414396535446,36.76893496344054,-0.21026319950153788,-0.796955707332579,-155.8414396535446,-36.76893496344054,0.21026319950153788,0.796955707332579,-8.139247317101159,-1.35,-,32876.696092354905,5111.53031037461,0.040180940111173055,1.4905741688165794
6.489999999999884,156.0181507101011,34.39142630972592,-0.2115441569781774,0.1041171377246763,-156.0181507101011,-34.39142630972592,0.2115441569781774,-0.1041171377246763,5.317149265796047,1.35,-,32998.4044091099,5117.4441613926965,0.04040469476293109,1.4906283707084194
6.494999999999884,156.20284815935574,38.6420097555318,-0.2137079534723898,-0.7902789611144561,-156.20284815935574,-38.6420097555318,0.2137079534723898,0.7902789611144561,-8.038849597317821,-1.35,-,33120.40105797537,5124.9101859824295,0.040633050209817875,1.49375107489032
6.499999999999884,156.3804171319859,34.564385830269444,-0.21577131986171144,-0.053341097335274715,-156.3804171319859,-34.564385830269444,0.21577131986171144,0.053341097335274715,2.9098181439300324,1.35,-,33242.675232287234,5130.883669821548,0.040865836522192195,1.4937653012536447
6.5049999999998835,156.56605458083104,38.84088538728525,-0.21871660491630668,-0.9457240947728739,-156.56605458083104,-38.84088538728525,0.21871660491630668,0.9457240947728739,-10.427150604358761,-1.35,-,33365.23987952227,5138.426741709889,0.04110502128852277,1.4982372715708145
6.509999999999883,156.74449576488738,34.74070583199408,-0.22157767136419546,-0.2142449520234728,-156.74449576488738,-34.74070583199408,0.22157767136419546,0.2142449520234728,0.42725459642035246,0.42725459642035246,-,33488.08406428521,5144.461324918415,0.041350504610758655,1.4984667760681523
6.514999999999883,156.92079902448805,35.60723036437976,-0.22381952216840348,-0.6044595379886434,-156.92079902448805,-35.60723036437976,0.22381952216840348,0.6044595379886434,-5.435209334088585,-1.35,-,33611.20475011763,5150.8006991895245,0.04160098050327711,1.5002936327334795
6.519999999999883,157.09173880355627,33.24198442878003,-0.22416352621429253,0.2881847569473395,-157.09173880355627,-33.24198442878003,0.22416352621429253,-0.2881847569473395,7.908827701713556,1.35,-,33734.59382211925,5156.325846833341,0.04185222693570123,1.5007088850041634
6.524999999999883,157.2708693022935,37.549872020299894,-0.2253941450364932,-0.6022301549156979,-157.2708693022935,-37.549872020299894,0.2253941450364932,0.6022301549156979,-5.372532286785127,-1.35,-,33858.26445377474,5163.375811277045,0.04210623953878488,1.5025222908016123
6.529999999999883,157.4427124376823,33.423381172408405,-0.22656313664503908,0.12268397686205432,-157.4427124376823,-33.423381172408405,0.22656313664503908,-0.12268397686205432,5.407988724210689,1.35,-,33982.20549227341,5168.961423322025,0.04236289381321707,1.5025975475925057
6.534999999999883,157.62278819179915,37.74575516835791,-0.22861846345085576,-0.7666162942462891,-157.62278819179915,-37.74575516835791,0.22861846345085576,0.7666162942462891,-7.868694734418049,-1.35,-,34106.43020906019,5176.085133488174,0.042624225822370215,1.5055360503055253
6.539999999999883,157.7955431608487,33.607077611845604,-0.23062162114008403,-0.045104424102284144,-157.7955431608487,-33.607077611845604,0.23062162114008403,0.045104424102284144,2.848072600035337,1.35,-,34230.927376267326,5181.732311816217,0.042890157483056614,1.5055462223508933
6.544999999999883,157.9766033168326,37.95313573819785,-0.23351086727263617,-0.9325481537844675,-157.9766033168326,-37.95313573819785,0.23351086727263617,0.9325481537844675,-10.412758468419295,-1.35,-,34355.710412244945,5188.9345143780265,0.043162794108728704,1.5098944526465272
6.549999999999883,158.1502834150772,33.7939795580715,-0.23636291734343898,-0.2162432722363524,-158.1502834150772,-33.7939795580715,0.23636291734343898,0.2162432722363524,0.2127980840676481,0.2127980840676481,-,34480.76797296629,5194.644679649883,0.043442131252204204,1.5101282584104647
6.5549999999998825,158.32069416429354,34.27425088804021,-0.2381630294258477,-0.4558857597566197,-158.32069416429354,-34.27425088804021,0.2381630294258477,0.4558857597566197,-3.3924190534044643,-1.35,-,34606.095183969606,5200.518301019564,0.043725739395130685,1.511167417540209
6.559999999999882,158.48500921870905,31.9222381527469,-0.23779171494601087,0.42765987151277157,-158.48500921870905,-31.9222381527469,0.23779171494601087,-0.42765987151277157,9.82586748030471,1.35,-,34731.682674704876,5205.613447462968,0.044008463893615506,1.5120818823687205
6.564999999999882,158.65773144229206,36.29214327407598,-0.23831108804600687,-0.45828592678733426,-158.65773144229206,-36.29214327407598,0.23831108804600687,0.45828592678733426,-3.3768030993269154,-1.35,-,34857.54405343695,5212.1990457800985,0.044292424767043856,1.5131320123221772
6.569999999999882,158.82299724709407,32.11259120927489,-0.23881042123856278,0.253383974352524,-158.82299724709407,-32.11259120927489,0.23881042123856278,-0.253383974352524,7.213775010778679,1.35,-,34983.6677757097,5217.355138350968,0.044577576853504546,1.5134530295144706
6.574999999999882,158.99667957148736,36.488247359435015,-0.2402009851493103,-0.6321658396891409,-158.99667957148736,-36.488247359435015,0.2402009851493103,0.6321658396891409,-5.995870242528572,-1.35,-,35110.06749628349,5224.012099327785,0.04486605941983803,1.5154511977588199
6.579999999999882,159.16290048110116,32.30448647159086,-0.2415757046025026,0.07768198275949288,-159.16290048110116,-32.30448647159086,0.2415757046025026,-0.07768198275949288,4.554199921030718,1.35,-,35236.73164073127,5229.229998558751,0.045157853525109,1.515481370211047
6.584999999999882,159.3375863658258,36.69662401887328,-0.2438414035134291,-0.8065511604778062,-159.3375863658258,-36.69662401887328,0.2438414035134291,0.8065511604778062,-8.648452524858032,-1.35,-,35363.6739728757,5235.963209630663,0.04545514667544599,1.5187339940833875
6.589999999999882,159.5047835355228,32.49891246994462,-0.2461008248319675,-0.10058176779620553,-159.5047835355228,-32.49891246994462,0.2461008248319675,0.10058176779620553,1.8299307013972088,1.35,-,35490.88285272927,5241.244106189309,0.04575797475536086,1.5187845775434525
6.594999999999882,159.68052151426858,36.91828954477036,-0.24925121812667916,-0.9825581870425033,-159.68052151426858,-36.91828954477036,0.24925121812667916,0.9825581870425033,-11.351554426071587,-1.35,-,35618.37219748461,5248.058906703866,0.04606860560404902,1.5236116804980737
6.5999999999998815,159.84872836531937,32.69671479342721,-0.25240945177372265,-0.28249097508532667,-159.84872836531937,-32.69671479342721,0.25240945177372265,0.28249097508532667,-0.9756229724044206,-0.9756229724044206,-,35746.13027728466,5253.404282495279,0.04638715826077257,1.524010686253097
6.604999999999881,160.00722507513677,31.034443493962048,-0.25200295659636945,0.3238224660330684,-160.00722507513677,-31.034443493962048,0.25200295659636945,-0.3238224660330684,8.098270514435196,1.35,-,35874.141837665884,5258.219965910179,0.04670468571143912,1.5245349912006358
6.609999999999881,160.17570026991393,35.4700461864545,-0.25302746261864134,-0.557244568419966,-160.17570026991393,-35.4700461864545,0.25302746261864134,0.557244568419966,-5.037651531053462,-1.35,-,36002.42311245067,5264.510586792525,0.04702480019563525,1.5260875987458036
6.614999999999881,160.3366043590961,31.23513067691427,-0.25407158647659345,0.13945592004043528,-160.3366043590961,-31.23513067691427,0.25407158647659345,-0.13945592004043528,5.3189317913597565,1.35,-,36130.96224593769,5269.3887537345445,0.047347562050908905,1.5261848385139751
6.619999999999881,160.5061121883932,35.682871906776136,-0.25601581425471465,-0.7406396543513646,-160.5061121883932,-35.682871906776136,0.25601581425471465,0.7406396543513646,-7.815930103419938,-1.35,-,36259.77330618686,5275.755090472121,0.04767528253665142,1.5289275740019637
6.624999999999881,160.66803765808814,31.437910600811797,-0.2579863858171231,-0.047019380454580866,-160.66803765808814,-31.437910600811797,0.2579863858171231,0.047019380454580866,2.480393224264203,1.35,-,36388.84439781136,5280.696801586844,0.04800806741298632,1.5289386281126554
6.629999999999881,160.83862170309064,35.908271425471305,-0.26085796011139567,-0.9252362483323345,-160.83862170309064,-35.908271425471305,0.26085796011139567,0.9252362483323345,-10.639702830022902,-1.35,-,36518.1897089681,5287.143821370671,0.0483483017897537,1.5332189386887958
6.634999999999881,161.0015917431105,31.643714656796494,-0.2637677852183017,-0.23676584537878798,-161.0015917431105,-31.643714656796494,0.2637677852183017,0.23676584537878798,-0.43506649609599446,-0.43506649609599446,-,36647.79727168717,5292.150444757074,0.048696169012348536,1.5334992290164855
6.639999999999881,161.15777154890884,30.964157385233776,-0.2643086497813254,-0.022457028457346217,-161.15777154890884,-30.964157385233776,0.2643086497813254,0.022457028457346217,2.764108836080955,1.35,-,36777.65640834022,5296.944339969962,0.049045464324094665,1.5335017506071211
6.644999999999881,161.32607798907057,35.46365609934306,-0.26705007560119737,-0.8983740303057387,-161.32607798907057,-35.46365609934306,0.26705007560119737,0.8983740303057387,-10.319045347054358,-1.35,-,36907.78692553689,5303.232694489624,0.049402043038487685,1.53753713009876
6.6499999999998805,161.48671757340136,31.174104957129313,-0.2698466465892751,-0.21630807830690563,-161.48671757340136,-31.174104957129313,0.2698466465892751,0.21630807830690563,-0.2093700713640705,-0.2093700713640705,-,37038.17672530005,5308.091818589014,0.049766129101865064,1.537771076022464
6.65499999999988,161.64177654260266,30.90361083614837,-0.2707748618177091,-0.1652239544064253,-161.64177654260266,-30.90361083614837,0.2707748618177091,0.1652239544064253,0.5437610350650576,0.5437610350650576,-,37168.81704491929,5312.866984402574,0.050132724230827055,1.5379075707980125
6.65999999999988,161.79954440367283,31.98681167882994,-0.2730550907855819,-0.649933246404519,-161.79954440367283,-31.98681167882994,0.2730550907855819,0.649933246404519,-6.733107048128,-1.35,-,37299.71250776547,5317.982765009459,0.05050551964384666,1.5400196369219221
6.66499999999988,161.95252391969825,29.668942361863873,-0.27372395466261384,0.21015429895471696,-161.95252391969825,-29.668942361863873,0.27372395466261384,-0.21015429895471696,6.117934968406754,1.35,-,37430.85560778527,5322.383995713817,0.05088014366062736,1.5402404610687679
6.66999999999988,162.11447028814862,34.204455502367445,-0.275293454143464,-0.6630979915468869,-162.11447028814862,-34.204455502367445,0.275293454143464,0.6630979915468869,-6.907203763781969,-1.35,-,37562.261115169305,5328.233719594884,0.05125907609009855,1.5424389558007354
6.67499999999988,162.26868165932876,29.88461616138765,-0.276940659319612,0.01082010173014226,-162.26868165932876,-29.88461616138765,0.276940659319612,-0.01082010173014226,3.096631225758858,1.35,-,37693.91674040659,5332.699171010451,0.05164255673402045,1.5424395411737426
6.67999999999988,162.43175685381752,34.43887693222352,-0.27950262379491725,-0.8608167731502238,-162.43175685381752,-34.43887693222352,0.27950262379491725,0.8608167731502238,-9.918743141379943,-1.35,-,37825.83711857967,5338.629352232215,0.05203316531756166,1.5461445687584263
6.68499999999988,162.58707193156832,30.102774544045413,-0.28215222225696973,-0.19129977189156666,-162.58707193156832,-30.102774544045413,0.28215222225696973,0.19129977189156666,0.0037584559155953157,0.0037584559155953157,-,37958.009898376076,5343.160237408463,0.05243121470018438,1.5463275467720552
6.68999999999988,162.73793566899107,30.219399241072363,-0.28342241823211123,-0.29587502457915715,-162.73793566899107,-30.219399241072363,0.28342241823211123,0.29587502457915715,-1.5755562305879345,-1.35,-,38090.4280769051,5347.72629786092,0.05283285603596706,1.5467652569229038
6.6949999999998795,162.88210894839602,27.91140419744999,-0.28234165576452375,0.5575428741033708,-162.88210894839602,-27.91140419744999,0.28234165576452375,-0.5575428741033708,11.201530716967547,1.35,-,38223.08098398248,5351.621530282287,0.053231440088866315,1.548319527205221
6.699999999999879,163.0353819575376,32.481615200431776,-0.2821647790477627,-0.3129414844050173,-163.0353819575376,-32.481615200431776,0.2821647790477627,0.3129414844050173,-1.7555463694815607,-1.35,-,38355.98366283268,5356.896806912431,0.05362952490154167,1.5488091890685292
6.704999999999879,163.1808476175275,28.130961329299872,-0.28208508697599316,0.35400590374297813,-163.1808476175275,-28.130961329299872,0.28208508697599316,-0.35400590374297813,8.168665382791872,1.35,-,38489.12360797855,5360.853561838984,0.05402738488301293,1.5494357899679536
6.709999999999879,163.33520446263725,32.69990202286529,-0.2829276272654834,-0.5166637521573283,-163.33520446263725,-32.69990202286529,0.2829276272654834,0.5166637521573283,-4.80646447237938,-1.35,-,38622.5155530628,5366.199979800509,0.0544276250943633,1.55077049713192
6.714999999999879,163.48176990933138,28.35151196740851,-0.28386747900706066,0.14972655408085728,-163.48176990933138,-28.35151196740851,0.28386747900706066,-0.14972655408085728,5.0941871618283745,1.35,-,38756.14699852624,5370.2190209547,0.05483052882255241,1.5508825873369048
6.719999999999879,163.63725664015274,32.93146200483351,-0.28572921733197215,-0.7199919996430558,-163.63725664015274,-32.93146200483351,0.28572921733197215,0.7199919996430558,-7.88169874892264,-1.35,-,38890.03275732981,5375.641426903579,0.05523873475073811,1.5534745297346548
6.724999999999879,163.78494087136323,28.573924175248013,-0.28769443496403896,-0.05650037690845451,-163.78494087136323,-28.573924175248013,0.28769443496403896,0.05650037690845451,1.9599539402720882,1.35,-,39024.16029161099,5379.723772617443,0.055652575190284485,1.5534904911976088
6.729999999999879,163.94159940123654,33.17574989140284,-0.2905821915112341,-0.9242934942087762,-163.94159940123654,-33.17574989140284,0.2905821915112341,0.9242934942087762,-11.001956311922637,-1.35,-,39158.544531682164,5385.226924521727,0.056074765240401836,1.557762083514792
6.734999999999879,164.09042447540094,28.799115617115653,-0.2935848633414286,-0.26591573215825665,-164.09042447540094,-28.799115617115653,0.2935848633414286,0.26591573215825665,-1.2529096411369278,-1.2529096411369278,-,39293.17286870475,5389.3738698233665,0.05650572560031785,1.5581156393978384
6.7399999999998785,164.22804782076227,26.67488441002455,-0.2925809731941888,0.5119930699171996,-164.22804782076227,-26.67488441002455,0.2925809731941888,-0.5119930699171996,10.393801051876144,1.35,-,39428.02712715984,5392.9316171148075,0.05693374372969413,1.5594263239160546
6.744999999999878,164.37526391755196,31.288417037803548,-0.29262198027421676,-0.3550327003848962,-164.37526391755196,-31.288417037803548,0.29262198027421676,0.3550327003848962,-2.514041312428544,-1.35,-,39563.12326409966,5397.826442318465,0.05736188184639215,1.5600565650077676
6.749999999999878,164.51460562925038,26.901276442584376,-0.29278596290528713,0.30153311914288045,-164.51460562925038,-26.901276442584376,0.29278596290528713,-0.30153311914288045,7.249817097585602,1.35,-,39698.4485414264,5401.444835689666,0.057790499946764017,1.5605111761174677
6.754999999999878,164.6629538482155,31.517335826476696,-0.2938795135364696,-0.5652920126958841,-164.6629538482155,-31.517335826476696,0.2938795135364696,0.5652920126958841,-5.670708023027152,-1.35,-,39834.01798327649,5406.411547977661,0.05822232578914617,1.5621089514155564
6.759999999999878,164.80343365320644,27.128857831044982,-0.2950979228548642,0.09006259075524693,-164.80343365320644,-27.128857831044982,0.2950979228548642,-0.09006259075524693,4.059184521254898,1.35,-,39969.818841995926,5410.0914226137465,0.058657739709512435,1.5621495077668242
6.764999999999878,164.95295509093387,31.758689731000757,-0.29724583875847793,-0.7755421228541418,-164.95295509093387,-31.758689731000757,0.29724583875847793,0.7755421228541418,-8.858527425931925,-1.35,-,40105.866228962084,5415.134494480896,0.059099515152808584,1.5651568356884296
6.769999999999878,165.09459200362005,27.35850656120454,-0.29952610419372616,-0.12368130976514843,-165.09459200362005,-27.35850656120454,0.29952610419372616,0.12368130976514843,0.8028426019857734,0.8028426019857734,-,40242.14735050629,5418.876933887193,0.05954809458827593,1.5652333210203557
6.774999999999878,165.23602329471595,28.904503923327937,-0.3021609953492525,-0.7957412900307254,-165.23602329471595,-28.904503923327937,0.3021609953492525,0.7957412900307254,-9.28100327044447,-1.35,-,40378.66206747755,5423.054285622462,0.06000460092382818,1.5683993420236544
6.779999999999878,165.3736796872846,26.616278126334866,-0.3036195059354822,0.04407456015482986,-165.3736796872846,-26.616278126334866,0.3036195059354822,-0.04407456015482986,3.2540985633082964,1.35,-,40515.40433714411,5426.596416928954,0.0604655249457507,1.5684090548579186
6.784999999999878,165.52075765978208,31.284866338660724,-0.30598702150586926,-0.8182165724005058,-165.52075765978208,-31.284866338660724,0.30598702150586926,0.8182165724005058,-9.61652627543113,-1.35,-,40652.38994322545,5431.4901312380925,0.060933665232400853,1.5717564466546727
6.7899999999998775,165.6598816312322,26.851283412756203,-0.30850925465233403,-0.175320950119614,-165.6598816312322,-26.851283412756203,0.30850925465233403,0.175320950119614,-0.0940321380748087,-0.0940321380748087,-,40789.60592513582,5435.095088342653,0.06140955503343154,1.571910133832427
6.794999999999877,165.79399055765646,26.802197270968605,-0.30951918722005894,-0.21981639307451045,-165.79399055765646,-26.802197270968605,0.30951918722005894,0.21981639307451045,-0.7722301366929101,-0.7722301366929101,-,40927.044161660975,5438.686877235413,0.06188856566971836,1.5721517300657486
6.799999999999877,165.92423913835725,25.548073303161992,-0.30932713147822727,0.2105513682518688,-165.92423913835725,-25.548073303161992,0.30932713147822727,-0.2105513682518688,5.666294583202152,1.35,-,41064.69842732919,5441.950397482931,0.062366982041061086,1.5723733894591123
6.804999999999877,166.06603986009594,30.237017300934216,-0.310857118740843,-0.6501174389522113,-166.06603986009594,-30.237017300934216,0.310857118740843,0.6501174389522113,-7.167236424973292,-1.35,-,41202.58807530326,5446.521783559217,0.06285014278242036,1.574486652881261
6.809999999999877,166.1998491003732,25.786128299070416,-0.3125543178461055,-0.011872730531751866,-166.1998491003732,-25.786128299070416,0.3125543178461055,0.011872730531751866,2.297310804328476,1.35,-,41340.700024508194,5449.8464056224975,0.06333859379044157,1.5744873576899125
6.814999999999877,166.34288367774036,30.492524554123545,-0.31519275214169035,-0.8709734876119539,-166.34288367774036,-30.492524554123545,0.31519275214169035,0.8709734876119539,-10.528927758112582,-1.35,-,41479.04979925932,5454.495375890917,0.06383532614545483,1.5782803317705272
6.819999999999877,166.47790648141205,26.02658929784787,-0.31800763378742747,-0.23713663489023273,-166.47790648141205,-26.02658929784787,0.31800763378742747,0.23713663489023273,-1.1475159849514638,-1.1475159849514638,-,41617.624265991486,5457.882292643311,0.0643409704211902,1.5785615006885625
6.824999999999877,166.60229977294887,24.113230793854605,-0.3171300138597994,0.4507111610464564,-166.60229977294887,-24.113230793854605,0.3171300138597994,-0.4507111610464564,9.150073814594903,1.35,-,41756.40589743966,5460.7895321399,0.06484382764964378,1.5795772034420217
6.829999999999877,166.73701979522798,28.831397406683838,-0.3174512444822272,-0.4075219021487359,-166.73701979522798,-28.831397406683838,0.3174512444822272,0.4075219021487359,-3.62848845952165,-1.35,-,41895.41206629063,5464.9457795220105,0.06534770411276034,1.5804075739456762
6.8349999999998765,166.8636906004688,24.355006487613,-0.3179568616705785,0.22425599853434217,-166.8636906004688,-24.355006487613,0.3179568616705785,-0.22425599853434217,5.7561348067274665,1.35,-,42034.62952249467,5467.9116112270685,0.06585318694217734,1.5806590277100694
6.839999999999876,166.99962830963386,29.078813673802383,-0.3194098214614365,-0.6334792242186659,-166.99962830963386,-29.078813673802383,0.3194098214614365,0.6334792242186659,-7.031774279340134,-1.35,-,42174.07390177245,5472.139498250447,0.06636330011240747,1.5826655073476528
6.844999999999876,167.12751770117333,24.59824930822321,-0.32105057205539084,-0.0036289070988224786,-167.12751770117333,-24.59824930822321,0.32105057205539084,0.0036289070988224786,2.3068735068981985,1.35,-,42313.731937637225,5475.164867595595,0.06687866746149293,1.5826655731924864
6.849999999999876,167.26471845808763,29.339744334034158,-0.32363873347559274,-0.8597181636262323,-167.26471845808763,-29.339744334034158,0.32363873347559274,0.8597181636262323,-10.472969831523189,-1.35,-,42453.61936784154,5479.468970583527,0.06740237761052134,1.5863611497968306
6.854999999999876,167.39384703628423,24.843739971377644,-0.3264239673843558,-0.2342370173781143,-167.39384703628423,-24.843739971377644,0.3264239673843558,0.2342370173781143,-1.2172860905581293,-1.2172860905581293,-,42593.72286796957,5482.555027662354,0.06793514064293604,1.5866354846983817
6.859999999999876,167.51197964375154,22.814867756522506,-0.3254026336509189,0.4966986103771675,-167.51197964375154,-22.814867756522506,0.3254026336509189,-0.4966986103771675,9.72621619177424,1.35,-,42734.02418459041,5485.157618616093,0.0684645750128708,1.5878690322461346
6.864999999999876,167.64031073105085,27.56702644680306,-0.3254849945060947,-0.3585898563682785,-167.64031073105085,-27.56702644680306,0.3254849945060947,0.3585898563682785,-3.004169804937502,-1.35,-,42874.540553500425,5488.957323351687,0.06899427742111396,1.5885119656715858
6.869999999999876,167.76053274399268,23.061273110648397,-0.32577144893567034,0.26522841780412937,-167.76053274399268,-23.061273110648397,0.32577144893567034,-0.26522841780412937,6.263501304999561,1.35,-,43015.258535233166,5491.6164349391065,0.06952491260582218,1.5888636962396403
6.874999999999876,167.8900978949665,27.8168097923316,-0.32701123084166117,-0.5897670774693564,-167.8900978949665,-27.8168097923316,0.32701123084166117,0.5897670774693564,-6.479734513019971,-1.35,-,43156.19396008907,5495.48530947422,0.07005959433130506,1.590602822267974
6.8799999999998755,168.01155906471274,23.308981948626972,-0.32845740679829055,0.03258073280877474,-168.01155906471274,-23.308981948626972,0.32845740679829055,-0.03258073280877474,2.748491891718312,1.35,-,43297.333379985845,5498.201852671627,0.07059901567170833,1.5906081297887258
6.884999999999875,168.1424029897922,28.08002982642453,-0.33085677930918883,-0.8209565295661162,-168.1424029897922,-28.08002982642453,0.33085677930918883,0.8209565295661162,-9.989902917009397,-1.35,-,43438.69271840175,5502.144293046892,0.07114634671378256,1.593977977905912
6.889999999999875,168.26512304771498,23.558748560961803,-0.3334707627456428,-0.20255348860043426,-168.26512304771498,-23.558748560961803,0.3334707627456428,0.20255348860043426,-0.8385838770633205,-0.8385838770633205,-,43580.25847657306,5504.919366215685,0.07170236046181336,1.594183117484633
6.894999999999875,168.3788558501226,22.205038431313994,-0.3330935018136619,0.26083525903373805,-168.3788558501226,-22.205038431313994,0.3330935018136619,-0.26083525903373805,6.0953813609323255,1.35,-,43722.015672060035,5507.384684874365,0.07225711686656579,1.594523292646409
6.899999999999875,168.50423513234884,26.991515480507523,-0.33434668008529395,-0.5914074236233275,-168.50423513234884,-26.991515480507523,0.33434668008529395,0.5914074236233275,-6.606311840725219,-1.35,-,43863.98405834772,5511.027394414037,0.07281605537898607,1.596272106349993
6.904999999999875,168.6214540970547,22.45693235744215,-0.33582427956350175,0.023634415853265256,-168.6214540970547,-22.45693235744215,0.33582427956350175,-0.023634415853265256,2.5111488553774843,1.35,-,44006.150032256744,5513.548963468571,0.07337994511270778,1.5962748992780567
6.909999999999875,168.7481281895925,27.25819155648769,-0.3382604016221409,-0.8272304269082492,-168.7481281895925,-27.25819155648769,0.3382604016221409,0.8272304269082492,-10.187273469242397,-1.35,-,44148.529686094196,5517.264008503222,0.07395204560923563,1.5996964501740707
6.914999999999875,168.8666262733753,22.71091127813782,-0.3409287633815596,-0.21610381948046406,-168.8666262733753,-22.71091127813782,0.3409287633815596,0.21610381948046406,-1.1466054664325864,-1.1466054664325864,-,44291.10937343895,5519.842935958639,0.07453320771774001,1.599929954478041
6.919999999999875,168.97451084499832,20.820752872843965,-0.3399928620852402,0.45612790840731104,-168.97451084499832,-20.820752872843965,0.3399928620852402,-0.45612790840731104,8.917421186087875,1.35,-,44433.87130001548,5522.010454709599,0.07511118344908456,1.6009702178221812
6.924999999999875,169.0930497973935,25.63275089067226,-0.34026236220877604,-0.39388104040181265,-169.0930497973935,-25.63275089067226,0.34026236220877604,0.39388104040181265,-3.7357740294496447,-1.35,-,44576.8335974644,5525.295644300715,0.07569007582476403,1.6017459291921212
6.9299999999998745,169.2033778638373,21.075854499355028,-0.34077111540048816,0.21536035158202071,-169.2033778638373,-21.075854499355028,0.34077111540048816,-0.21536035158202071,5.308490747263582,1.35,-,44719.982512867056,5527.516602515105,0.07627070059022048,1.6019778295972888
6.934999999999874,169.32320964901604,25.89482950242262,-0.34224275275616467,-0.6339528307522628,-169.32320964901604,-25.89482950242262,0.34224275275616467,0.6339528307522628,-7.352108776617318,-1.35,-,44863.334259496274,5530.869313489902,0.07685635109929105,1.6039873105553828
6.939999999999874,169.4348236606874,21.33228794509719,-0.3439577055549859,-0.02678720293394382,-169.4348236606874,-21.33228794509719,0.3439577055549859,0.02678720293394382,1.642865077995495,1.35,-,45006.875056840916,5533.144646034765,0.07744788561534428,1.6039908983265878
6.944999999999874,169.55598512981524,26.169227105216923,-0.3466356187861234,-0.8743653075779123,-169.55598512981524,-26.169227105216923,0.3466356187861234,0.8743653075779123,-11.009389948163587,-1.35,-,45150.62121730762,5536.568788271187,0.07804866687640047,1.607813471782067
6.949999999999874,169.66890384795178,21.590838284081244,-0.3495661317336427,-0.2716854829324418,-169.66890384795178,-21.590838284081244,0.3495661317336427,0.2716854829324418,-2.100201300391571,-1.35,-,45294.55890197244,5538.899609760234,0.07865964927867657,1.608182536790248
6.954999999999874,169.77014140418626,19.351820944336225,-0.34850481277807815,0.5349826887499133,-169.77014140418626,-19.351820944336225,0.34850481277807815,-0.5349826887499133,9.975010214631702,1.35,-,45438.66840653442,5540.772074629542,0.07926692730132397,1.6096135691765585
6.959999999999874,169.88143666414143,24.197462208806858,-0.34837096650695937,-0.31199586301300236,-169.88143666414143,-24.197462208806858,0.34837096650695937,0.31199586301300236,-2.626295732057633,-1.35,-,45582.96691914978,5543.699660516275,0.07987373895284892,1.6101002762692447
6.964999999999874,169.98446133267188,19.611154769987202,-0.3484955309613342,0.28938608229382,-169.98446133267188,-19.611154769987202,0.3484955309613342,-0.28938608229382,6.304959818693907,1.35,-,45727.44050462257,5545.622647473337,0.08048098462834902,1.6105189977923715
6.969999999999874,170.0970513867011,24.458358086232842,-0.34959004963309875,-0.5574643913146449,-170.0970513867011,-24.458358086232842,0.34959004963309875,0.5574643913146449,-6.312767397023455,-1.35,-,45872.10553907482,5548.613703874708,0.08109205064236137,1.6120728305302905
6.9749999999998735,170.2013776641025,19.871646008999583,-0.3509446468192232,0.04277829678517932,-170.2013776641025,-19.871646008999583,0.3509446468192232,-0.04277829678517932,2.5829927762334335,1.35,-,46016.948083868614,5550.588115450243,0.08170786136801671,1.6120819804436697
6.979999999999873,170.31530612896344,24.732990507082825,-0.3532688361227335,-0.8026967468142283,-170.31530612896344,-24.732990507082825,0.3532688361227335,0.8026967468142283,-10.032211688754233,-1.35,-,46161.984601377626,5553.646719547361,0.08233185572089424,1.6153035907804003
6.984999999999873,170.42095317482645,20.134114121352415,-0.3558605716070041,-0.206232955472248,-170.42095317482645,-20.134114121352415,0.3558605716070041,0.206232955472248,-1.2118824967686743,-1.2118824967686743,-,46307.201107782705,5555.673632304619,0.08296503945301655,1.6155162509400145
6.989999999999873,170.51565292397459,18.14373563865315,-0.35477005836424536,0.5010435313214191,-170.51565292397459,-18.14373563865315,0.35477005836424536,-0.5010435313214191,9.377602924089654,1.35,-,46452.57904724315,5557.319608019246,0.08359434842457539,1.6167714740414096
6.994999999999873,170.62098399289493,23.014504392171013,-0.3547989320585924,-0.34364932903533507,-170.62098399289493,-23.014504392171013,0.3547989320585924,0.34364932903533507,-3.1915944688496936,-1.35,-,46598.136648136664,5559.967945081332,0.08422375983552496,1.6173619483481418
6.999999999999873,170.7179998961798,18.406750024758928,-0.3551012564039105,0.25143147632969504,-170.7179998961798,-18.406750024758928,0.3551012564039105,-0.25143147632969504,5.64180829522914,1.35,-,46743.85982557942,5561.6619873137015,0.08485424434702313,1.6176780372845885
7.004999999999873,170.8246571480573,23.282370618835877,-0.3563770555117421,-0.5927597212113587,-170.8246571480573,-23.282370618835877,0.3563770555117421,0.5927597212113587,-6.9384179525475025,-1.35,-,46889.76514302818,5564.372331221865,0.08548926737549921,1.6194348577200413
7.009999999999873,170.92299616970104,18.67095585793394,-0.3579293557987016,0.0006696949005046383,-170.92299616970104,-18.67095585793394,0.3579293557987016,-0.0006696949005046383,1.851444050473766,1.35,-,47035.838496126315,5566.11535418511,0.08612983449421156,1.6194348599624975
7.014999999999873,171.03101595760728,23.562572176437072,-0.36045500136264,-0.8419464685729772,-171.03101595760728,-23.562572176437072,0.36045500136264,0.8419464685729772,-10.723529967201225,-1.35,-,47182.09653822377,5568.891328222959,0.08677947353424825,1.6229792292422098
7.019999999999873,171.1306960086793,18.937075243119526,-0.36326544566844593,-0.2526329567229094,-171.1306960086793,-18.937075243119526,0.36326544566844593,0.2526329567229094,-2.014506690660766,-1.35,-,47328.525113805845,5570.684392316776,0.08743928245433172,1.6232983462963226
7.0249999999998725,171.21870911250267,16.712824919931133,-0.362138747928043,0.5440838976139744,-171.21870911250267,-16.712824919931133,0.362138747928043,-0.5440838976139744,9.912182108187698,1.35,-,47475.1043455566,5572.080984900797,0.08809500481808616,1.6247784827345366
7.029999999999872,171.31697091271607,21.612299630179816,-0.3619446073659817,-0.2979653551444872,-171.31697091271607,-21.612299630179816,0.3619446073659817,0.2979653551444872,-2.613724608544794,-1.35,-,47621.85186817014,5574.416442377321,0.08875002431209272,1.6252223994988686
7.034999999999872,171.40686729098343,16.979592739350693,-0.3620402921671977,0.2902094684403772,-171.40686729098343,-16.979592739350693,0.3620402921671977,-0.2902094684403772,6.118404190524044,1.35,-,47768.75343894268,5575.857975225292,0.08940539017785526,1.6256435071767308
7.039999999999872,171.5064699259304,21.881924171711475,-0.36311472819953455,-0.5515305299740094,-171.5064699259304,-21.881924171711475,0.36311472819953455,0.5515305299740094,-6.4217815921317145,-1.35,-,47915.82578507495,5578.252068252575,0.09006465170703236,1.6271644368041978
7.044999999999872,171.59770586118788,17.247384293891628,-0.3644813288593551,0.035406815806790885,-171.59770586118788,-17.247384293891628,0.3644813288593551,-0.035406815806790885,2.272738224536885,1.35,-,48063.05464835906,5579.73942957748,0.09072888490246775,1.6271707050172257
7.049999999999872,171.69868297916665,22.163732849162376,-0.36682637472153695,-0.8049416771560772,-171.69868297916665,-22.163732849162376,0.36682637472153695,0.8049416771560772,-10.265298802014298,-1.35,-,48210.456837042955,5582.195584846525,0.09140169284842446,1.63041036053534
7.054999999999872,171.791275619386,17.516945848331538,-0.36947092927766545,-0.22172367084432776,-171.791275619386,-17.516945848331538,0.36947092927766545,0.22172367084432776,-1.6459290600878274,-1.35,-,48358.01804893763,5583.729801805792,0.09208423668633095,1.6306561674664033
7.059999999999872,171.87220820531164,15.299366569903155,-0.3682032304675026,0.5704968341585467,-171.87220820531164,-15.299366569903155,0.3682032304675026,-0.5704968341585467,10.21527971497619,1.35,-,48505.718328704475,5584.900154892993,0.09276210478096446,1.6322835006553278
7.064999999999872,171.96347410190344,20.22244425495172,-0.3678703551857994,-0.2693516259193609,-171.96347410190344,-20.22244425495172,0.3678703551857994,0.2693516259193609,-2.275341867402232,-1.35,-,48653.57551083045,5586.944891151215,0.09343874777208708,1.632646252147255
7.0699999999998715,172.04633170502217,15.569156777499044,-0.3678409194570877,0.31311201995976295,-172.04633170502217,-15.569156777499044,0.3678409194570877,-0.31311201995976295,6.372302911290997,1.35,-,48801.57521209622,5588.1568843650275,0.09411528248222224,1.6331364478324712
7.074999999999871,172.13894970751974,20.493799942778146,-0.3687945562931049,-0.5265560907464112,-172.13894970751974,-20.493799942778146,0.3687945562931049,0.5265560907464112,-6.134825718436388,-1.35,-,48949.73430212826,5590.256863545501,0.09479532960597938,1.634522754415982
7.079999999999871,172.22316063861635,15.839911359875831,-0.37005339202592685,0.05492724041266239,-172.22316063861635,-15.839911359875831,0.37005339202592685,-0.05492724041266239,2.478832378543204,1.35,-,49098.03838743003,5591.511377504945,0.09548002717072883,1.6345378394246788
7.084999999999871,172.3171643383903,20.777383737390455,-0.3722948851218704,-0.7834589054955746,-172.3171643383903,-20.777383737390455,0.3722948851218704,0.7834589054955746,-10.028072610978253,-1.35,-,49246.504413058145,5593.669875879798,0.09617304457816835,1.6376068787076803
7.089999999999871,172.40274542072027,16.112348675482032,-0.3748483534562017,-0.20546185084245255,-172.40274542072027,-16.112348675482032,0.3748483534562017,0.20546185084245255,-1.4862962741413623,-1.35,-,49395.11794620115,5594.967914779,0.09687560101861246,1.6378179515684383
7.094999999999871,172.47667256665216,13.900598082290184,-0.3735111547712161,0.582831872091489,-172.47667256665216,-13.900598082290184,0.3735111547712161,-0.582831872091489,10.316889624115984,1.35,-,49543.85895909947,5595.934047914227,0.09757315393230509,1.6395164165240668
7.099999999999871,172.5610063254141,18.844169891133543,-0.373110804464288,-0.2550919528088872,-172.5610063254141,-18.844169891133543,0.373110804464288,0.2550919528088872,-2.143717708258392,-1.35,-,49692.74546361966,5597.709561608657,0.09826921229434502,1.639841776046006
7.104999999999871,172.63689485910038,14.173052463439683,-0.3730257741464813,0.322348776544084,-172.63689485910038,-14.173052463439683,0.3730257741464813,-0.322348776544084,6.428781879596849,1.35,-,49841.76295095262,5598.713938689314,0.09896495343523291,1.6403613197147033
7.109999999999871,172.722592340373,19.117611398825208,-0.37392759877196596,-0.5154528107733375,-172.722592340373,-19.117611398825208,0.37392759877196596,0.5154528107733375,-6.049450221588128,-1.35,-,49990.92842047651,5600.541354017297,0.09966406268084974,1.641689777715374
7.1149999999998705,172.79984693336647,14.44644965800706,-0.37514624931321444,0.06111970117862463,-172.79984693336647,-14.44644965800706,0.37514624931321444,-0.06111970117862463,2.4905246484759527,1.35,-,50140.227355977484,5601.5848535559035,0.10036773622271858,1.6417084558047348
7.11999999999987,172.8869418112257,19.403342786979852,-0.3773512819542359,-0.775441326626396,-172.8869418112257,-19.403342786979852,0.3773512819542359,0.775441326626396,-9.988344600520852,-1.35,-,50289.67682922167,5603.467302112449,0.10107970617268108,1.6447150020599353
7.12499999999987,172.96557913403555,14.721480458784608,-0.37987966967237524,-0.2022630821037132,-172.96557913403555,-14.721480458784608,0.37987966967237524,0.2022630821037132,-1.5190885021042124,-1.35,-,50439.26228704753,5604.5509120469405,0.10180124898983303,1.6449195538318457
7.12999999999987,173.0325684626363,12.515234925629702,-0.3785375981222281,0.5823249510378895,-173.0325684626363,-12.515234925629702,0.3785375981222281,-0.5823249510378895,10.228417730752966,1.35,-,50588.96363579141,5605.334067573159,0.10251770255579375,1.6466150655748522
7.13499999999987,173.11003303021045,17.47804912035463,-0.37813434332671353,-0.2537816677296656,-173.11003303021045,-17.47804912035463,0.37813434332671353,0.2537816677296656,-2.2047778622301757,-1.35,-,50738.799053470015,5606.861478578427,0.10323263046380936,1.6469370912492305
7.13999999999987,173.17901808468014,12.790251312631696,-0.37805764600410086,0.31887141322129203,-173.17901808468014,-12.790251312631696,0.37805764600410086,-0.31887141322129203,6.295172257897708,1.35,-,50888.75391499388,5607.679431221628,0.10394726838232016,1.6474454861400791
7.14499999999987,173.2578594185744,17.75412032551997,-0.3789713925400181,-0.5171053436927198,-173.2578594185744,-17.75412032551997,0.3789713925400181,0.5171053436927198,-6.155754260237693,-1.35,-,51038.84534424541,5609.255475164293,0.10466536496413874,1.648782475822457
7.14999999999987,173.3282234112485,13.066217980031992,-0.38021324045242655,0.05465956527164003,-173.3282234112485,-13.066217980031992,0.38021324045242655,-0.05465956527164003,2.3111481683387813,1.35,-,51189.058709399906,5610.109105425801,0.1053881755052154,1.6487974141628354
7.15499999999987,173.40847538253274,18.042560131550246,-0.3824450451385334,-0.7800535466705285,-173.40847538253274,-18.042560131550246,0.3824450451385334,0.7800535466705285,-10.140288659203614,-1.35,-,51339.41120607238,5611.7367753063045,0.10611949656797046,1.6518398318412018
7.15999999999987,173.48023495777136,13.343796592305303,-0.385011520072564,-0.2117208991808452,-173.48023495777136,-13.343796592305303,0.385011520072564,0.2117208991808452,-1.7449009586441775,-1.35,-,51489.888165677396,5612.627059843789,0.10686066592091337,1.6520639605369514
7.1649999999998695,173.54035283075243,11.14321967264588,-0.38372815439377106,0.5690546340157081,-173.54035283075243,-11.14321967264588,0.38372815439377106,-0.5690546340157081,9.944375701012069,1.35,-,51640.4694359805,5613.247916567153,0.1075969024032856,1.653683076419425
7.169999999999869,173.61101600082088,16.125735329764552,-0.3833856901534268,-0.26518123795994747,-173.61101600082088,-16.125735329764552,0.3833856901534268,0.26518123795994747,-2.4615485750724875,-1.35,-,51791.173360364686,5614.548113266781,0.10833182534035768,1.6540346818642548
7.174999999999869,173.67316495354424,11.42092304382958,-0.38338137508155623,0.3024954213712814,-173.67316495354424,-11.42092304382958,0.38338137508155623,-0.3024954213712814,5.962055753364239,1.35,-,51941.98520148959,5615.200300682646,0.10906673173415479,1.6544921992640078
7.179999999999869,173.7452204719431,16.40519809624927,-0.3843712158087809,-0.5315367474975285,-173.7452204719431,-16.40519809624927,0.3843712158087809,0.5315367474975285,-6.460706668791931,-1.35,-,52092.92220967381,5616.545953305532,0.10980543789186638,1.655904855833709
7.184999999999869,173.8087624938578,11.699607845225499,-0.3857010710773581,0.03510091408800056,-173.8087624938578,-11.699607845225499,0.3857010710773581,-0.03510091408800056,1.9273403018184596,1.35,-,52243.969639272036,5617.230357424192,0.11054926447301747,1.655911016204558
7.189999999999869,173.8822443373174,16.69714666940954,-0.3880246455833438,-0.7975755062132533,-173.8822443373174,-16.69714666940954,0.3880246455833438,0.7975755062132533,-10.494769570068073,-1.35,-,52395.14481375094,5618.624330958691,0.11130208010091786,1.6590916496451147
7.194999999999869,173.94719615223914,11.979901815950218,-0.39069509308898154,-0.23454067379108073,-173.94719615223914,-11.979901815950218,0.39069509308898154,0.23454067379108073,-2.1810506207923637,-1.35,-,52546.43294899707,5619.34192119629,0.11206529337973688,1.6593666962834266
7.199999999999869,174.00051344591796,9.785655341341936,-0.38953854575193997,0.5419793218054126,-174.00051344591796,-9.785655341341936,0.38953854575193997,-0.5419793218054126,9.442345285465647,1.35,-,52697.81384239428,5619.8207164485875,0.11282399477286954,1.6608354042097497
7.204999999999869,174.06445363937897,14.790044261997203,-0.3893252791586631,-0.29016573969807846,-174.06445363937897,-14.790044261997203,0.3893252791586631,0.29016573969807846,-2.9339862520360214,-1.35,-,52849.30601249816,5620.914443494947,0.11358186563782938,1.6612563849922224
7.2099999999998685,174.11984140585184,10.066389479024064,-0.3894630999911423,0.27191361262546526,-174.11984140585184,-10.066389479024064,0.3894630999911423,-0.27191361262546526,5.402879135329399,1.35,-,53000.894608354145,5621.421104480663,0.11434027316910292,1.6616260700558776
7.214999999999868,174.18519310819477,15.073856331639211,-0.3905992529100482,-0.5598902049844183,-174.18519310819477,-15.073856331639211,0.3905992529100482,0.5598902049844183,-6.988457017456422,-1.35,-,53152.59701584484,5622.557210204198,0.11510311205097234,1.663193455264065
7.219999999999868,174.24199045136254,10.348154664246973,-0.3920889489542194,0.0008680564521758208,-174.24199045136254,-10.348154664246973,0.3920889489542194,-0.0008680564521758208,1.3083293238087872,1.3083293238087872,-,53304.3983720271,5623.092631728974,0.11587178077043245,1.663193459031675
7.224999999999868,174.30802288348747,15.115146204907225,-0.39453887546589256,-0.8168497911463876,-174.30802288348747,-15.115146204907225,0.39453887546589256,0.8168497911463876,-10.89620615974656,-1.35,-,53456.31480623485,5624.234969952952,0.11665008539170188,1.6665296769381543
7.229999999999868,174.36570356940135,10.559606551257124,-0.39726262089874426,-0.24446308200476488,-174.36570356940135,-10.559606551257124,0.39726262089874426,0.24446308200476488,-2.4400652697514413,-1.35,-,53608.33179914111,5624.792496405539,0.11743917334151856,1.6668284879304707
7.234999999999868,174.41194120253982,8.372647809174916,-0.3961703676063305,0.5271551555627165,-174.41194120253982,-8.372647809174916,0.3961703676063305,-0.5271551555627165,9.10870242363088,1.35,-,53760.4294253113,5625.143002562221,0.11822392814236522,1.6682179507206525
7.239999999999868,174.46889013672555,13.401787191343882,-0.39602410349508155,-0.30259778942442234,-174.46889013672555,-13.401787191343882,0.39602410349508155,0.30259778942442234,-3.2325370444966586,-1.35,-,53912.626393439,5626.041042061832,0.11900810359511062,1.6686757778314751
7.244999999999868,174.5172424807601,8.656672044581642,-0.3962434363797232,0.2531925581451081,-174.5172424807601,-8.656672044581642,0.3962434363797232,-0.2531925581451081,5.0080599666028105,1.35,-,54064.90773305444,5626.415731916269,0.11979314789948066,1.6689963101889755
7.249999999999868,174.57562172190106,13.689668255987721,-0.39746582097336525,-0.5761340429880148,-174.57562172190106,-13.689668255987721,0.39746582097336525,0.5761340429880148,-7.347179725424906,-1.35,-,54217.29097155238,5627.3527670010635,0.1205830432936908,1.670655962366424
7.2549999999998676,174.62540079420475,8.941747702424474,-0.3990565979491238,-0.021831529593781818,-174.62540079420475,-8.941747702424474,0.3990565979491238,0.021831529593781818,0.8505290726730952,0.8505290726730952,-,54369.761124565055,5627.752541260933,0.12137927413552442,1.670658345444846
7.2599999999998674,174.67605886778009,10.926743201290716,-0.4011999488571117,-0.699675897374429,-174.67605886778009,-10.926743201290716,0.4011999488571117,0.699675897374429,-9.307560474736091,-1.35,-,54522.31975227295,5628.349509845868,0.12218408113033914,1.6731060772516795
7.264999999999867,174.72226111516062,8.368064122356312,-0.4025519896332401,0.03663590680725036,-174.72226111516062,-8.368064122356312,0.4025519896332401,-0.03663590680725036,1.6675104846637052,1.35,-,54674.95909491892,5628.699632331647,0.12299432165212752,1.6731127882000174
7.269999999999867,174.77927326481534,13.428184878551518,-0.40484963471566854,-0.789962671201439,-174.77927326481534,-13.428184878551518,0.40484963471566854,0.789962671201439,-10.662449960592971,-1.35,-,54827.69806673381,5629.60121307731,0.12381383778577455,1.676232993309476
7.274999999999867,174.8276411462501,8.656378044661853,-0.4075306076783442,-0.24269143582094244,-174.8276411462501,-8.656378044661853,0.4075306076783442,0.24269143582094244,-2.5870974457460583,-1.35,-,54980.52158727761,5629.97587748157,0.12464424376674793,1.67652748897458
7.279999999999867,174.86439680350236,6.480809359415978,-0.40645248446213705,0.5212634100195371,-174.86439680350236,-6.480809359415978,0.40645248446213705,-0.5212634100195371,8.846355942689415,1.35,-,55133.40937362487,5630.185881931336,0.12547026187737514,1.677886066687706
7.284999999999867,174.91199960486867,11.547680194373733,-0.4063246260032026,-0.30479966146666293,-174.91199960486867,-11.547680194373733,0.4063246260032026,0.30479966146666293,-3.4394307239657627,-1.35,-,55286.380411653736,5630.852626520693,0.12629576038585835,1.678350580855857
7.289999999999867,174.9509372232096,6.769654875433049,-0.4065844377497292,0.24136124822920277,-174.9509372232096,-6.769654875433049,0.4065844377497292,-0.24136124822920277,4.6550827436291495,1.35,-,55439.41956383013,5631.081767656356,0.12712231491095966,1.6786418571165909
7.294999999999867,174.99999838228976,11.841746578537212,-0.40785441714551274,-0.5840991125436518,-174.99999838228976,-11.841746578537212,0.40785441714551274,0.5840991125436518,-7.642468078475133,-1.35,-,55592.54456099914,5631.782902466507,0.12795404103888516,1.6803477159829623
7.299999999999867,175.04038810785096,7.059583614816778,-0.40951508005327053,-0.03959744496391067,-175.04038810785096,-7.059583614816778,0.40951508005327053,0.03959744496391067,0.4061193213526564,0.4061193213526564,-,55745.74024834387,5632.03209107058,0.12879255404284032,1.6803555557712007
7.3049999999998665,175.0782125613483,7.901727787801129,-0.41095026740402485,-0.4519954924093517,-175.0782125613483,-7.901727787801129,0.41095026740402485,0.4519954924093517,-5.783023338990695,-1.35,-,55899.00215091225,5632.3442775807425,0.1296369546542375,1.6813770553969924
7.309999999999866,175.11120736851527,5.7306012811541445,-0.4109266912557895,0.30910898135353226,-175.11120736851527,-5.7306012811541445,0.4109266912557895,-0.30910898135353226,5.591794671829835,1.35,-,56052.321825642546,5632.508476535961,0.13048125838216965,1.6818547972087596
7.314999999999866,175.1551184480266,10.816906270811694,-0.41185349947726885,-0.5149792586039307,-175.1551184480266,-10.816906270811694,0.41185349947726885,0.5149792586039307,-6.679948507880694,-1.35,-,56205.71840323525,5633.093503842319,0.131329374907328,1.6831808153927208
7.319999999999866,175.1903289955602,6.022283883076692,-0.4131798198066513,0.02589901946771619,-175.1903289955602,-6.022283883076692,0.4131798198066513,-0.02589901946771619,1.3188468323999165,1.3188468323999165,-,56359.17666010311,5633.27484335816,0.13218296272480526,1.6831841691887677
7.324999999999866,175.23515650307073,10.930536457458627,-0.4154914826857261,-0.7874694857385315,-175.23515650307073,-10.930536457458627,0.4154914826857261,0.7874694857385315,-10.81639753709186,-1.35,-,56512.713460476385,5633.872226494399,0.13304612858572715,1.6862847101436143
7.329999999999866,175.27143629293508,6.262033584404254,-0.41814455814247153,-0.23863224486225354,-175.27143629293508,-6.262033584404254,0.41814455814247153,0.23863224486225354,-2.715553921665388,-1.35,-,56666.31384237733,5634.06829181746,0.13392035294324794,1.6865694368850543
7.334999999999866,175.29625613009472,4.098431951842026,-0.41707019372604626,0.5173037078888212,-175.29625613009472,-4.098431951842026,0.41707019372604626,-0.5173037078888212,8.597321596682253,1.35,-,56819.957729443464,5634.152277539779,0.13479009067572134,1.687907452516032
7.339999999999866,175.33207185292463,9.205632555328513,-0.41694943143786317,-0.30469298027374525,-175.33207185292463,-9.205632555328513,0.41694943143786317,0.30469298027374525,-3.6272406504505703,-1.35,-,56973.66440654466,5634.575995893498,0.13565932481760312,1.6883716415771726
7.344999999999866,175.35914362230105,4.3918704063740845,-0.417239375642115,0.23160804216025202,-175.35914362230105,-4.3918704063740845,0.417239375642115,-0.23160804216025202,4.317733150791579,1.35,-,57127.41855280439,5634.6724385218295,0.1365297683005342,1.688639853003139
7.3499999999998655,175.39641630859262,9.49961562316954,-0.418548625093874,-0.5904007041260748,-175.39641630859262,-9.49961562316954,0.418548625093874,0.5904007041260748,-7.928390973492137,-1.35,-,57281.23806707387,5635.12365200677,0.13740568305837406,1.6903827179603017
7.354999999999865,175.42495944435774,4.686746183267111,-0.42026994623392583,-0.05547121904856714,-175.42495944435774,-4.686746183267111,0.42026994623392583,0.05547121904856714,-0.025384177797742352,-0.025384177797742352,-,57435.10764905414,5635.233479955701,0.13828881719691138,1.6903981032410154
7.359999999999865,175.44870542380468,4.790834393607304,-0.42092804512280096,-0.18239442345205312,-175.44870542380468,-4.790834393607304,0.42092804512280096,0.18239442345205312,-1.9360721237984775,-1.35,-,57589.01889022858,5635.348240426636,0.13917471929276587,1.6905644418695474
7.364999999999865,175.4661782488119,2.63015588070217,-0.4195784322293532,0.5715843036991203,-175.4661782488119,-2.63015588070217,0.4195784322293532,-0.5715843036991203,9.351338319613026,1.35,-,57742.9607887748,5635.38282902642,0.14005494959672607,1.6921979849507234
7.369999999999865,175.49468107791594,7.7464712673317,-0.4191833383494742,-0.24948242862324851,-175.49468107791594,-7.7464712673317,0.4191833383494742,0.24948242862324851,-2.8552698361275692,-1.35,-,57896.95270420799,5635.682868111898,0.1409335229524751,1.6925091923616822
7.374999999999865,175.51442099831092,2.9244901432176182,-0.4192039167724726,0.2846449686659001,-175.51442099831092,-2.9244901432176182,0.4192039167724726,-0.2846449686659001,5.060682421198202,1.35,-,58050.97926409985,5635.725631324886,0.141812182571662,1.6929143061526162
7.379999999999865,175.5443886698551,8.040755284864057,-0.4202444224925903,-0.5364508145709398,-175.5443886698551,-8.040755284864057,0.4202444224925903,0.5364508145709398,-7.167837903461467,-1.35,-,58205.05842606721,5636.048900052641,0.14269520944484265,1.6943532035348852
7.384999999999865,175.5656035881714,3.2199749949898413,-0.42170161445619225,-0.0032488397076211556,-175.5656035881714,-3.2199749949898413,0.42170161445619225,0.0032488397076211556,0.7127668309694516,0.7127668309694516,-,58359.1748318836,5636.100741247483,0.14358437070301744,1.6943532563096824
7.389999999999865,175.5858001094859,4.585351967222991,-0.4235715794470732,-0.6210694384174446,-175.5858001094859,-4.585351967222991,0.4235715794470732,0.6210694384174446,-8.55447622424387,-1.35,-,58513.32669788404,5636.2058685107995,0.14448143511759387,1.6962818925463632
7.394999999999865,175.60225529227958,2.428439035083909,-0.42442230811731557,0.1303247899901789,-175.60225529227958,-2.428439035083909,0.42442230811731557,-0.1303247899901789,2.661196220485811,1.35,-,58667.50745820271,5636.235355091535,0.145382106595732,1.6963668153007931
7.3999999999998645,175.62980110916808,7.565552211036454,-0.4262285160846142,-0.688632993923555,-175.62980110916808,-7.565552211036454,0.4262285160846142,0.688632993923555,-9.546419561535085,-1.35,-,58821.73659339093,5636.521542992825,0.14629046033535045,1.6987378923023937
7.404999999999864,175.64855971153324,2.7264725886050405,-0.4284631199454762,-0.16098364151594002,-175.64855971153324,-2.7264725886050405,0.4284631199454762,0.16098364151594002,-1.761229581687813,-1.35,-,58975.99867603461,5636.558711256707,0.1472083635611175,1.6988674709665723
7.409999999999864,175.6557359910739,0.5741839320066199,-0.4270235538439794,0.5873214008235484,-175.6557359910739,-0.5741839320066199,0.4270235538439794,-0.5873214008235484,9.442180822976624,1.35,-,59130.27336396743,5636.560359692646,0.1481201091388052,1.7005922031058989
7.414999999999864,175.6740385811042,5.716955755106555,-0.4265417255825898,-0.2310729539022393,-175.6740385811042,-5.716955755106555,0.4265417255825898,0.2310729539022393,-2.7229195339261376,-1.35,-,59284.58020312441,5636.723777608175,0.14902979835712005,1.7008591766560244
7.419999999999864,175.68352846219204,0.8716534806236516,-0.426490823647381,0.2963216377728887,-175.68352846219204,-0.8716534806236516,0.426490823647381,-0.2963216377728887,5.09223641998277,1.35,-,59438.903713989035,5636.727576507126,0.14993927047039712,1.7012982092210864
7.424999999999864,175.70330951155924,6.0136653454473015,-0.4274651218984495,-0.5221785796772795,-175.70330951155924,-6.0136653454473015,0.4274651218984495,0.5221785796772795,-7.096249836264619,-1.35,-,59593.261978855604,5636.908397361562,0.15085290262259538,1.7026615615664553
7.429999999999864,175.71428945169876,1.1702641696666416,-0.42887105270290327,0.004431859764188144,-175.71428945169876,-1.1702641696666416,0.42887105270290327,-0.004431859764188144,0.6853889673805563,0.6853889673805563,-,59747.63953644318,5636.9152449526955,0.15177255452182783,1.7026616597733601
7.434999999999864,175.72409190107732,2.4871475458588983,-0.4306487901982986,-0.5954479641432618,-175.72409190107732,-2.4871475458588983,0.4306487901982986,0.5954479641432618,-8.312744688163137,-1.35,-,59902.034318815466,5636.94617446727,0.1526998464243241,1.7044344511633718
7.439999999999864,175.73007990897517,0.3381486627541583,-0.43138739541804466,0.15063711505370847,-175.73007990897517,-0.3381486627541583,0.43138739541804466,-0.15063711505370847,2.824711964149048,1.35,-,60056.439623739534,5636.94674618986,0.1536303218489519,1.7045479088655302
7.4449999999998635,175.74724744091742,5.499443197815952,-0.4330846167230823,-0.6658701442468606,-175.74724744091742,-5.499443197815952,0.4330846167230823,0.6658701442468606,-9.344442652956127,-1.35,-,60210.875098654826,5637.09796556729,0.15456813327516278,1.7067648241105269
7.449999999999863,175.7555818461118,0.6391128780504315,-0.435224320979749,-0.14443393474476862,-175.7555818461118,-0.6391128780504315,0.435224320979749,0.14443393474476862,-1.6518683044622833,-1.35,-,60365.325221405146,5637.100007893644,0.15551523432302417,1.706869129918056
7.454999999999863,175.7523439730008,-1.5056475217419374,-0.43371725612747547,0.5987975112976526,-175.7523439730008,1.5056475217419374,0.43371725612747547,-0.5987975112976526,9.476184636037848,1.35,-,60519.76965346516,5637.111342765943,0.15645578761433787,1.7086619222157373
7.459999999999863,175.7603183875554,3.6607260224225615,-0.4331708008184666,-0.2171889812274219,-175.7603183875554,-3.6607260224225615,0.4331708008184666,0.2171889812274219,-2.651769474737661,-1.35,-,60674.228101063636,5637.178347340999,0.1573939723277464,1.7088977774835703
7.464999999999863,175.75943545098167,-1.205425889596922,-0.4330688271105801,0.30417823189473,-175.75943545098167,1.205425889596922,0.4330688271105801,-0.30417823189473,5.072909972009577,1.35,-,60828.68499681387,5637.185612598875,0.15833171537282106,1.7093603994673634
7.469999999999863,175.7689004943932,3.959642325791706,-0.4339967757448263,-0.5119750156543956,-175.7689004943932,-3.959642325791706,0.4339967757448263,0.5119750156543956,-7.079628004696767,-1.35,-,60983.15852871891,5637.2640064356165,0.15927348137960556,1.710670991550635
7.474999999999863,175.7695209212612,-0.9040620819808686,-0.4353696964269363,0.008709800616433628,-175.7695209212612,0.9040620819808686,0.4353696964269363,-0.008709800616433628,0.6128011580532914,0.6128011580532914,-,61137.63315114335,5637.2680930768565,0.16022121524243996,1.7106713708537689
7.479999999999863,175.76857685718068,0.2879121528997749,-0.4369830172620973,-0.5435244262525475,-175.76857685718068,-0.2879121528997749,0.4369830172620973,0.5435244262525475,-7.67111033537445,-1.35,-,61292.10611419534,5637.268507543896,0.16117598602931738,1.7121484648634346
7.484999999999863,175.76358990288227,-1.8540552044021852,-0.4374761045156983,0.19786978968392127,-175.76358990288227,1.8540552044021852,0.4374761045156983,-0.19786978968392127,3.3993677695505924,1.35,-,61446.57031187308,5637.2856951474005,0.1621329127394285,1.7123442271317824
7.4899999999998625,175.76985908278618,3.327677056838564,-0.43893075626924843,-0.6165574904142468,-175.76985908278618,-3.327677056838564,0.43893075626924843,0.6165574904142468,-8.734975795804209,-1.35,-,61601.04552868299,5637.341062320374,0.16309621378342395,1.714244942826712
7.494999999999862,175.7672552918095,-1.5506332512252732,-0.4408398843226282,-0.1003648890641425,-175.7672552918095,1.5506332512252732,0.4408398843226282,0.1003648890641425,-1.1183940541536856,-1.1183940541536856,-,61755.51616884707,5637.353084637773,0.16406791280147187,1.7142953083814962
7.499999999999862,175.7542663651675,-3.2961039465184587,-0.4395820989974016,0.4862548000052593,-175.7542663651675,3.2961039465184587,0.4395820989974016,-0.4862548000052593,7.664339090794196,1.35,-,61909.96397957486,5637.407406143904,0.16503407491026667,1.715477527034137
7.504999999999862,175.75334028244765,1.88895825830536,-0.4395933727947844,-0.3278888506330949,-175.75334028244765,-1.88895825830536,0.4395933727947844,0.3278888506330949,-4.444320574954176,-1.35,-,62064.41016267704,5637.425246960413,0.16600028657729213,1.7160150825259843
7.509999999999862,175.74352803844215,-2.9927895329138576,-0.44006123914921136,0.18788113576335913,-175.74352803844215,2.9927895329138576,0.44006123914921136,-0.18788113576335913,3.1871837800916256,1.35,-,62218.83910091403,5637.470030906354,0.1669685560482998,1.716191579131863
7.514999999999862,175.74413118913205,2.1982227391974853,-0.44156296853113347,-0.6255824286497629,-175.74413118913205,-2.1982227391974853,0.44156296853113347,0.6255824286497629,-8.933451255364211,-1.35,-,62373.26909915114,5637.494191822409,0.16794344532418992,1.7181483460070395
7.519999999999862,175.7358439679413,-2.688315478241103,-0.4435244038262157,-0.11177140395072178,-175.7358439679413,2.688315478241103,0.4435244038262157,0.11177140395072178,-1.3537696675012334,-1.35,-,62527.684533426764,5637.530327022962,0.1689270148081369,1.718210810240745
7.524999999999862,175.715996706708,-4.823866651109731,-0.4418727294097141,0.6252455615163947,-175.715996706708,4.823866651109731,0.4418727294097141,-0.6252455615163947,9.682755016846334,1.35,-,62682.06509091992,5637.646675470301,0.16990327235311684,1.7201654703017246
7.529999999999862,175.70746605616543,0.37101749529047146,-0.4411851456473528,-0.18779931476390768,-175.70746605616543,-0.37101749529047146,0.4411851456473528,0.18779931476390768,-2.39904791401648,-1.35,-,62836.430659059304,5637.64736374021,0.1708764940168162,1.7203418132148536
7.534999999999862,175.69002321951862,-4.520481281184586,-0.44095825492640994,0.326324686994495,-175.69002321951862,4.520481281184586,0.44095825492640994,-0.326324686994495,5.21768778417833,1.35,-,62990.765580353676,5637.749537495277,0.1718487149297549,1.7208742522215639
7.5399999999998615,175.68299526389535,0.6718277584612724,-0.44176700885702874,-0.4870301140937215,-175.68299526389535,-0.6718277584612724,0.44176700885702874,0.4870301140937215,-6.891200478536215,-1.35,-,63145.088154478144,5637.7517942579625,0.17282450538032731,1.7220602438817345
7.544999999999861,175.6670705597424,-4.215947987042599,-0.4430364456355803,0.02665646443125558,-175.6670705597424,4.215947987042599,0.4430364456355803,-0.02665646443125558,0.6966641445839732,0.6966641445839732,-,63299.382752873345,5637.840665345109,0.17380591184113434,1.7220637967172143
7.549999999999861,175.64998835571038,-2.8835809012016167,-0.4447264561197632,-0.5810253902326413,-175.64998835571038,2.8835809012016167,0.4447264561197632,0.5810253902326413,-8.417949779081686,-1.35,-,63453.64734492015,5637.882240539178,0.17479481994499854,1.7237517492376893
7.554999999999861,175.62917011514065,-5.0167964584494795,-0.4454248030458754,0.154445822431424,-175.62917011514065,5.0167964584494795,0.4454248030458754,-0.154445822431424,2.5601461662198655,1.35,-,63607.875371896815,5638.008081772706,0.1757868362208408,1.7238710167980218
7.559999999999861,175.61970897482604,0.19308588935668547,-0.44708794247458294,-0.6570584079893701,-175.61970897482604,-0.19308588935668547,0.44708794247458294,0.6570584079893701,-9.53354518017912,-1.35,-,63762.086782798826,5638.008268183509,0.17678627436237154,1.7260296455555695
7.564999999999861,175.60132247741058,-4.71013041710501,-0.4492216315441141,-0.14820789730827189,-175.60132247741058,4.71013041710501,0.4492216315441141,0.14820789730827189,-2.031592642031467,-1.35,-,63916.265905077904,5638.11919482624,0.1777952747336073,1.7261394734596922
7.569999999999861,175.57138560392258,-6.839141710461506,-0.4477652421047132,0.5844164429802452,-175.57138560392258,6.839141710461506,0.4477652421047132,-0.5844164429802452,8.935840603080655,1.35,-,64070.39246229231,5638.353064122919,0.17879774329379272,1.7278471863538205
7.574999999999861,175.55283790937133,-1.6241876316104475,-0.447275705979354,-0.22656017937289086,-175.55283790937133,1.6241876316104475,0.447275705979354,0.22656017937289086,-3.1179085165410294,-1.35,-,64224.48645678248,5638.366254050233,0.17979802107958934,1.728103833928208
7.579999999999861,175.52534156274825,-6.533126378045965,-0.44725879359967025,0.28214081474609687,-175.52534156274825,6.533126378045965,0.44725879359967025,-0.28214081474609687,4.413581452145411,1.35,-,64378.53218443607,5638.57966275159,0.1807982232218505,1.728501851124936
7.5849999999998605,175.5083156051373,-1.318736787468103,-0.4482817155217157,-0.5289207783702424,-175.5083156051373,1.318736787468103,0.4482817155217157,0.5289207783702424,-7.664079519923241,-1.35,-,64532.54802866883,5638.588358085163,0.18180300570420593,1.7299006370738947
7.58999999999986,175.48235220620296,-6.225954717982473,-0.4497780640410161,-0.021070442161699246,-175.48235220620296,6.225954717982473,0.4497780640410161,0.021070442161699246,-0.16795259915226102,-0.16795259915226102,-,64686.518308347935,5638.782170645915,0.18281450723866832,1.729902856891559
7.59499999999986,175.45083180472662,-6.356154619984249,-0.4500091424270098,-0.06297044325687814,-175.45083180472662,6.356154619984249,0.4500091424270098,0.06297044325687814,-0.8037836054689397,-0.8037836054689397,-,64840.433280252786,5638.984174153681,0.18382704838000777,1.7299226832751788
7.59999999999986,175.415436986948,-7.5609431185899965,-0.44920075837786977,0.31146651768313466,-175.415436986948,7.5609431185899965,0.44920075837786977,-0.31146651768313466,4.799385006685094,1.35,-,64994.28615791939,5639.270013457894,0.184835954986644,1.730407740233367
7.60499999999986,175.39328834284987,-2.3409957732345728,-0.45007543373382114,-0.49904125511200126,-175.39328834284987,2.3409957732345728,0.45007543373382114,0.49904125511200126,-7.2678387144380325,-1.35,-,65148.10018589798,5639.297414763945,0.18584879446689742,1.731652951104886
7.60999999999986,175.36219184725505,-7.253092284587071,-0.45142699315798146,0.0072872727119915395,-175.36219184725505,7.253092284587071,0.45142699315798146,-0.0072872727119915395,0.2073300215086118,0.2073300215086118,-,65301.85967754534,5639.560451502389,0.18686772611765567,1.7316532166266039
7.61499999999986,175.327438461727,-6.749075124015897,-0.4522543235565201,-0.28061344795220117,-175.327438461727,6.749075124015897,0.4522543235565201,0.28061344795220117,-4.114900536642055,-1.35,-,65455.55823093309,5639.788201577537,0.1878903959835335,1.732046936162462
7.61999999999986,175.2873176474484,-8.874324303749066,-0.4514668954564569,0.4495809458584468,-175.2873176474484,8.874324303749066,0.4514668954564569,-0.4495809458584468,6.805716975852804,1.35,-,65609.18644957327,5640.181969736777,0.18890950777199894,1.733057551296857
7.62499999999986,175.25862924985515,-3.646708151144084,-0.45164799151154383,-0.3600996309361173,-175.25862924985515,3.646708151144084,0.45164799151154383,0.3600996309361173,-5.238803329743592,-1.35,-,65762.76438520596,5640.248462138476,0.189929437313181,1.7337059100178585
7.62999999999986,175.22097286068896,-8.566113175965596,-0.4523097931824474,0.1447601810645909,-175.22097286068896,8.566113175965596,0.4523097931824474,-0.1447601810645909,2.2242724691403986,1.35,-,65916.27633185718,5640.615353613192,0.19095235805822472,1.7338106875679677
7.6349999999998595,175.19383599922935,-3.3325413862578395,-0.4540139601125957,-0.6642673019803279,-175.19383599922935,3.3325413862578395,0.4540139601125957,0.6642673019803279,-9.833116319149836,-1.35,-,66069.74073271781,5640.670882773648,0.1919830014381103,1.736016942810369
7.639999999999859,175.15772867846812,-8.256763424761546,-0.4562022288331933,-0.1615860746730588,-175.15772867846812,8.256763424761546,0.4562022288331933,0.1615860746730588,-2.4256506739502877,-1.35,-,66223.1418822968,5641.0117534849105,0.19302360380607217,1.73614749310801
7.644999999999859,175.11008229296672,-10.377868947539866,-0.45482867207701194,0.5657139306325762,-175.11008229296672,10.377868947539866,0.45482867207701194,-0.5657139306325762,8.460124791101336,1.35,-,66376.45958690005,5641.550254304372,0.19405794941078883,1.737747654364569
7.649999999999859,175.0739125621905,-5.138913383411848,-0.45442518025872247,-0.24275710525602257,-175.0739125621905,5.138913383411848,0.45442518025872247,0.24275710525602257,-3.557556047901794,-1.35,-,66529.71396119922,5641.682296458183,0.19509046063305466,1.7380423094253303
7.654999999999859,175.0287490256693,-10.068992389665349,-0.4545082503191828,0.2595985752284114,-175.0287490256693,10.068992389665349,0.4545082503191828,-0.2595985752284114,3.8761249868718934,1.35,-,66682.88927612666,5642.189219496899,0.19612334938109566,1.7383792665266333
7.659999999999859,174.99411795893965,-4.829694031699821,-0.455636124173313,-0.548854805918483,-174.99411795893965,4.829694031699821,0.455636124173313,0.548854805918483,-8.16419311365335,-1.35,-,66836.0039827278,5642.305849219098,0.19716137076935403,1.7398854745165324
7.664999999999859,174.95050238068941,-9.75896039691145,-0.45725172997415026,-0.047543456912874045,-174.95050238068941,9.75896039691145,0.45725172997415026,0.047543456912874045,-0.7690869160160175,-0.7690869160160175,-,66989.04237414408,5642.78203575924,0.19820676649217578,1.7398967764180084
7.669999999999859,174.89828520489627,-10.899854866148411,-0.45644641647074247,0.30017695890370877,-174.89828520489627,10.899854866148411,0.45644641647074247,-0.30017695890370877,4.433892447367377,1.35,-,67141.98942498214,5643.376069939755,0.19924848314772067,1.7403473074512918
7.674999999999859,174.8595160426737,-5.6551740175713325,-0.4573697752601907,-0.5077355955553451,-174.8595160426737,5.6551740175713325,0.4573697752601907,0.5077355955553451,-7.595303400877514,-1.35,-,67294.86867673552,5643.535974905601,0.20029441870432843,1.7416362846262616
7.6799999999998585,174.8117518314366,-10.589185428546157,-0.45878422254941104,-0.007882092716231743,-174.8117518314366,10.589185428546157,0.45878422254941104,0.007882092716231743,-0.2193083642981007,-0.2193083642981007,-,67447.6644196274,5644.096629145802,0.20134683351862975,1.7416365952631896
7.684999999999858,174.75816417108922,-10.803091870399347,-0.4588577782955646,-0.019251789463251824,-174.75816417108922,10.803091870399347,0.4588577782955646,0.019251789463251824,-0.3973787869466647,-0.3973787869466647,-,67600.36649934965,5644.680163115603,0.20239958582214143,1.7416384484201772
7.689999999999858,174.70260752919629,-11.316836121734775,-0.45864004202897424,0.08541407575638828,-174.70260752919629,11.316836121734775,0.45864004202897424,-0.08541407575638828,1.1633780846443664,1.1633780846443664,-,67752.97150473714,5645.320517014634,0.2034513392629031,1.7416749262418638
7.694999999999858,174.6583136081392,-7.217910734013497,-0.4604718613866992,-0.6672781223334014,-174.6583136081392,7.217910734013497,0.4604718613866992,0.6672781223334014,-10.074275426156213,-1.35,-,67905.49913729934,5645.581008191455,0.20451151093854772,1.7439012267045877
7.699999999999858,174.60606364151948,-11.319024362386594,-0.46242260224461385,-0.10288931970480265,-174.60606364151948,11.319024362386594,0.46242260224461385,0.10288931970480265,-1.7218167708282002,-1.35,-,68057.93552460127,5646.221609754037,0.2055806842538811,1.7439541577651343
7.704999999999858,174.5431265659221,-13.433331742478385,-0.46076947178426864,0.6198059269239306,-174.5431265659221,13.433331742478385,0.46076947178426864,-0.6198059269239306,9.098605254882244,1.35,-,68210.26203975831,5647.123881762554,0.20664222678452285,1.7458749547003845
7.709999999999858,174.4917412505212,-8.174125858442064,-0.4600889418147051,-0.18651307855451102,-174.4917412505212,8.174125858442064,0.4600889418147051,0.18651307855451102,-2.8828431726862362,-1.35,-,68362.4988785815,5647.457963430303,0.2077006359564237,1.7460488903427438
7.714999999999858,174.43132117315363,-13.122564791966337,-0.4599060936104075,0.3108037453795483,-174.43132117315363,13.122564791966337,0.4599060936104075,-0.3108037453795483,4.47826632762393,1.35,-,68514.63030761255,5648.3189719638995,0.2087582040311236,1.7465318851834535
7.719999999999858,174.38147652052675,-7.865596214732152,-0.46077220958347015,-0.4957915692787112,-174.38147652052675,7.865596214732152,0.46077220958347015,0.4957915692787112,-7.530509546406294,-1.35,-,68666.67480437995,5648.628309982965,0.20981975917674575,1.7477609315842928
7.7249999999998575,174.32261182676504,-12.810625792079893,-0.46213619779208603,0.0010003926610571172,-174.32261182676504,12.810625792079893,0.46213619779208603,-0.0010003926610571172,-0.20034511973642954,-0.20034511973642954,-,68818.61666935046,5649.448870648889,0.21088760850329435,1.74776093658822
7.729999999999857,174.25801603742863,-12.99150811445301,-0.46220579057162403,-0.02385068748235087,-174.25801603742863,12.99150811445301,0.46220579057162403,0.02385068748235087,-0.5803566916015386,-0.5803566916015386,-,68970.44595011696,5650.2927670643285,0.21195577946748403,1.7477637808646869
7.734999999999857,174.19059890621764,-13.811428995558902,-0.4616581475356751,0.19846062361486722,-174.19059890621764,13.811428995558902,0.4616581475356751,-0.19846062361486722,2.74343251752541,1.35,-,69122.1577738535,5651.246544918825,0.21302142069341437,1.7479607139603148
7.739999999999857,174.13732772779653,-8.547487226507528,-0.46308413232132445,-0.607386474283337,-174.13732772779653,8.547487226507528,0.46308413232132445,0.607386474283337,-9.26251573448821,-1.35,-,69273.77681839438,5651.611842608261,0.21409365526145333,1.7498053056060265
7.744999999999857,174.07502650118232,-13.498619707418605,-0.4650119009597138,-0.11264682149197106,-174.07502650118232,13.498619707418605,0.4650119009597138,0.11264682149197106,-1.9718521708763526,-1.35,-,69425.28739265131,5652.522906278289,0.21517483560162415,1.7498687521379876
7.749999999999857,174.0012003160026,-15.609962432410407,-0.46341354939899226,0.608049921266863,-174.0012003160026,15.609962432410407,0.46341354939899226,-0.608049921266863,8.817394342009957,1.35,-,69576.66948120836,5653.741260913996,0.216248596190457,1.7517173756717508
7.754999999999857,173.9389579495939,-10.341976307349626,-0.4627890488654083,-0.19734259339933768,-173.9389579495939,10.341976307349626,0.4627890488654083,0.19734259339933768,-3.1512558421344257,-1.35,-,69727.9432866713,5654.276043283705,0.2173194647092057,1.7519120961675987
7.759999999999857,173.8676643270611,-15.298134031581426,-0.46266737173715733,0.29760957432912893,-173.8676643270611,15.298134031581426,0.46266737173715733,-0.29760957432912893,4.17287693133039,1.35,-,69879.09311016403,5655.446207807946,0.21838977019355654,1.7523549534612606
7.764999999999857,173.80696959050823,-10.031813560775548,-0.4635965220123244,-0.5079943910087846,-173.80696959050823,10.031813560775548,0.4635965220123244,0.5079943910087846,-7.822221182911817,-1.35,-,70030.1374235552,5655.949394224537,0.21946437886966613,1.7536452449677424
7.769999999999857,173.7372371054023,-14.985135819396657,-0.46502891142047437,-0.01368590346479972,-173.7372371054023,14.985135819396657,0.46502891142047437,0.01368590346479972,-0.5309354554509522,-0.5309354554509522,-,70181.0605613403,5657.072165702166,0.22054563831195068,1.7536461814875106
7.7749999999998565,173.66010588279414,-15.720363940008829,-0.4645309166393834,0.17514973744771592,-173.66010588279414,15.720363940008829,0.4645309166393834,-0.17514973744771592,2.2912792686365764,1.35,-,70331.84972321641,5658.3078149141975,0.22162458317451977,1.7537995686401506
7.779999999999856,173.59731969625673,-10.446392929112427,-0.4660702895299404,-0.6296240974589653,-173.59731969625673,10.446392929112427,0.4660702895299404,0.6296240974589653,-9.700450875565563,-1.35,-,70482.52987024502,5658.853450540345,0.22271069074843236,1.7557817011606556
7.784999999999856,173.52548443443777,-15.406475724734955,-0.46811708479442043,-0.13752416911044665,-173.52548443443777,15.406475724734955,0.46811708479442043,0.13752416911044665,-2.4517289456901943,-1.35,-,70633.08533898606,5660.040248011629,0.22380635877381447,1.755876265646103
7.789999999999856,173.44212963497264,-17.514227227098495,-0.4666503091396351,0.580758985899174,-173.44212963497264,17.514227227098495,0.4666503091396351,-0.580758985899174,8.29903079225002,1.35,-,70783.49620064763,5661.573988788441,0.22489517132891504,1.7575626706446164
7.794999999999856,173.3703973841496,-12.235585304577128,-0.4661589532821653,-0.22350859498585585,-173.3703973841496,12.235585304577128,0.4661589532821653,0.22350859498585585,-3.654909034745875,-1.35,-,70933.78267409331,5662.322536527169,0.22598169217754063,1.757812451104779
7.799999999999856,173.28959425924782,-17.201036948302754,-0.4661767833923948,0.26851156577222207,-173.28959425924782,17.201036948302754,0.4661767833923948,-0.26851156577222207,3.622584767101266,1.35,-,71083.92909148597,5663.801914887654,0.227068296144411,1.7581729434095463
7.804999999999856,173.21942014332802,-11.922774348166296,-0.46724769676008837,-0.5358206637950726,-173.21942014332802,11.922774348166296,0.46724769676008837,0.5358206637950726,-8.355704089557621,-1.35,-,71233.95392905992,5664.5126776284405,0.22815989819504903,1.7596084623282953
7.809999999999856,173.14018594977134,-16.88668555590207,-0.4688286919871747,-0.04471428105106857,-173.14018594977134,16.88668555590207,0.4688286919871747,0.04471428105106857,-1.1152708687008368,-1.1152708687008368,-,71383.84154901352,5665.9384783737605,0.22925889990720102,1.759618459162945
7.814999999999856,173.0506132634608,-18.59996424088237,-0.4673553254608854,0.5210134279135432,-173.0506132634608,18.59996424088237,0.4673553254608854,-0.5210134279135432,7.354896782510653,1.35,-,71533.57412276782,5667.668271722571,0.23035100490838425,1.760975734123276
7.8199999999998555,172.97346034263566,-13.3188663332398,-0.4671618397243933,-0.28300053688965804,-172.97346034263566,13.3188663332398,0.4671618397243933,0.28300053688965804,-4.5998745621701405,-1.35,-,71683.17321268235,5668.555232724585,0.23144220583085762,1.761376180642675
7.824999999999855,172.88723180322233,-18.286241748983027,-0.4674795088881142,0.2081502295541573,-172.88723180322233,18.286241748983027,0.4674795088881142,-0.2081502295541573,2.6598252471398793,1.35,-,71832.62318728525,5670.227165911097,0.23253489128700897,1.7615928132329923
7.829999999999855,172.81164555974826,-13.002858718218297,-0.46885074341658417,-0.5956248444176371,-172.81164555974826,13.002858718218297,0.46885074341658417,0.5956248444176371,-9.314725169487755,-1.35,-,71981.94251149059,5671.072537585326,0.23363399638502036,1.76336665800943
7.834999999999855,172.72699086556094,-17.971319300612024,-0.47073485705476653,-0.10594593672639,-172.72699086556094,17.971319300612024,0.47073485705476653,0.10594593672639,-2.10055865810715,-1.35,-,72131.11557835795,5672.687379172349,0.2347419529132522,1.7634227807169742
7.839999999999855,172.6308205106712,-20.076226434775723,-0.46911605490879277,0.6104028990605486,-172.6308205106712,20.076226434775723,0.46911605490879277,-0.6104028990605486,8.623010954007672,1.35,-,72280.12257930888,5674.702653511651,0.23584230227811812,1.7652857392128818
7.844999999999855,172.54630356806337,-14.789323077536897,-0.4684737460427755,-0.1929751991142595,-172.54630356806337,14.789323077536897,0.4684737460427755,0.1929751991142595,-3.3156684961837275,-1.35,-,72428.98371368389,5675.79627389711,0.23693964053177485,1.7654719363502478
7.849999999999855,172.45269863731528,-19.762335098168435,-0.46834509180968237,0.2970043363762076,-172.45269863731528,19.762335098168435,0.46834509180968237,-0.2970043363762076,3.9327499120271217,1.35,-,72577.68338002035,5677.749023339771,0.23803637615688594,1.7659129942293792
7.854999999999855,172.36973940245608,-14.47717971293363,-0.4692712562504144,-0.5065952720140763,-172.36973940245608,14.47717971293363,0.4692712562504144,0.5065952720140763,-8.032751942127788,-1.35,-,72726.2400153287,5678.796967001974,0.23913745371660014,1.7671961880775142
7.859999999999855,172.27770586886385,-19.447268613898256,-0.4707114546354302,-0.017247506311913633,-172.27770586886385,19.447268613898256,0.4707114546354302,0.017247506311913633,-0.8172215517335678,-0.8172215517335678,-,72874.63805502589,5680.687948284679,0.24024530008422512,1.7671976754598842
7.8649999999998546,172.17683415665877,-20.659203187547902,-0.4696831348208497,0.35433315840356805,-172.17683415665877,20.659203187547902,0.4696831348208497,-0.35433315840356805,4.743639656256168,1.35,-,73022.86236612694,5682.821961666401,0.2413483113199008,1.7678254353956053
7.8699999999998544,172.08939984484593,-15.371011254470918,-0.4703217543498951,-0.44896943098695075,-172.08939984484593,15.371011254470918,0.4703217543498951,0.44896943098695075,-7.213212011348269,-1.35,-,73170.93617382173,5684.003301601327,0.2424543240829746,1.768833303145409
7.874999999999854,171.99288487786194,-20.343823037763293,-0.4714764014811542,0.0395496464188271,-171.99288487786194,20.343823037763293,0.4714764014811542,-0.0395496464188271,-0.0060623915756949365,-0.0060623915756949365,-,73318.84393606478,5686.072657280286,0.24356577406874266,1.7688411240180684
7.879999999999854,171.89160830929856,-20.196304447532874,-0.47173946931676686,-0.11404733618560371,-171.89160830929856,20.196304447532874,0.47173946931676686,0.11404733618560371,-2.3150638391142735,-1.35,-,73466.57756110055,5688.112110846973,0.24467846470329896,1.7689061579925236
7.884999999999854,171.7843164005721,-22.300074334749368,-0.4701632963907947,0.6015704692369968,-171.7843164005721,22.300074334749368,0.4701632963907947,-0.6015704692369968,8.396478762020928,1.35,-,73614.12681790661,5690.59857742365,0.24578373232966422,1.7707155931398137
7.889999999999854,171.68869054018094,-17.009678787529026,-0.4695640504124015,-0.20143491600086386,-171.68869054018094,17.009678787529026,0.4695640504124015,0.20143491600086386,-3.5376304503423244,-1.35,-,73761.51185020362,5692.045223285924,0.24688618431686268,1.7709184732667351
7.894999999999854,171.58397020268706,-21.985754458159313,-0.46948048839476336,0.28759627268331545,-171.58397020268706,21.985754458159313,0.46948048839476336,-0.28759627268331545,3.695380483272577,1.35,-,73908.7171443562,5694.462090281397,0.2479882439617796,1.7713320313470418
7.899999999999854,171.4899052820385,-16.696726825473256,-0.470452472727346,-0.515587790791449,-171.4899052820385,16.696726825473256,0.470452472727346,0.515587790791449,-8.26494227800985,-1.35,-,74055.7610824244,5695.855993714819,0.24909487160725594,1.7726611851971077
7.904999999999854,171.38675876593317,-21.670261028084884,-0.4719406853374464,-0.02727282707401905,-171.38675876593317,21.670261028084884,0.4719406853374464,0.02727282707401905,-1.0661375560963526,-1.0661375560963526,-,74202.62818782586,5698.203994779946,0.2502085116596398,1.7726649042325908
7.909999999999854,171.27352401190493,-23.298261790051434,-0.4704816953788813,0.5045920500486363,-171.27352401190493,23.298261790051434,0.4704816953788813,-0.5045920500486363,6.896631044721493,1.35,-,74349.30128796314,5700.918039792135,0.2513152767880727,1.7739379699174522
7.9149999999998535,171.1729104247195,-18.00677529089196,-0.47036703344128894,-0.2983133852155702,-171.1729104247195,18.00677529089196,0.47036703344128894,0.2983133852155702,-5.0434253686819455,-1.35,-,74495.80211427949,5702.539259574018,0.25242150251881446,1.7743829242964462
7.919999999999853,171.06320159813274,-22.9833248345194,-0.47076953239776703,0.19004423288542732,-171.06320159813274,22.9833248345194,0.47076953239776703,-0.19004423288542732,2.1719820745498266,1.35,-,74642.1152089845,5705.1804256762625,0.2535296222819845,1.7745635083487112
7.924999999999853,170.9641628431199,-17.68882897319702,-0.47222777701440677,-0.6125387009443072,-170.9641628431199,17.68882897319702,0.47222777701440677,0.6125387009443072,-9.786707235119852,-1.35,-,74788.25893386774,5706.744899028477,0.25464461764890434,1.776439526649484
7.929999999999853,170.8560344141058,-22.667207294690677,-0.4742052019465807,-0.1258091267060911,-170.8560344141058,22.667207294690677,0.4742052019465807,0.1258091267060911,-2.6193176991196583,-1.35,-,74934.21785634631,5709.31391046118,0.2557689705166703,1.7765186663312966
7.934999999999853,170.736396494528,-24.7681267759254,-0.47269372598914516,0.5878556275493018,-170.736396494528,24.7681267759254,0.47269372598914516,-0.5878556275493018,8.061521847664961,1.35,-,75079.97244178598,5712.3812109811215,0.2568861673096178,1.7782465375255034
7.939999999999853,170.62845471020225,-19.46952493073079,-0.47216046850288823,-0.21427633643712723,-170.62845471020225,19.46952493073079,0.47216046850288823,0.21427633643712723,-3.860804384306758,-1.35,-,75225.54278956994,5714.276522986263,0.2580008448497021,1.778476109267288
7.944999999999853,170.511402995451,-24.452811232381436,-0.472147742247195,0.2725082810409615,-170.511402995451,24.452811232381436,0.472147742247195,-0.2725082810409615,3.336807977076908,1.35,-,75370.91348232732,5717.266222872096,0.2591154623022477,1.7788474130834675
7.949999999999853,170.4050291518417,-19.154881737560768,-0.47319234812531696,-0.5297215308535396,-170.4050291518417,19.154881737560768,0.47319234812531696,0.5297215308535396,-8.610604653360397,-1.35,-,75516.10285212852,5719.1007703439955,0.26023501729386944,1.7802504375847166
7.954999999999853,170.28955675555525,-24.136334440158198,-0.4747582815420043,-0.043790685954014974,-170.28955675555525,24.136334440158198,0.4747582815420043,0.043790685954014974,-1.4493789310212422,-1.35,-,75661.09551782854,5722.013583545031,0.261361994423333,1.7802600257055983
7.9599999999998525,170.16257449223963,-26.236937843084142,-0.472837651387983,0.6696160555613211,-170.16257449223963,26.236937843084142,0.472837651387983,-0.6696160555613211,9.233440285427974,1.35,-,75805.87202661767,5725.45546808194,0.2624798716461835,1.7825019540149258
7.964999999999852,170.04729278313806,-20.93747761110312,-0.47189504619556216,-0.1323988496996112,-170.04729278313806,20.93747761110312,0.47189504619556216,0.1323988496996112,-2.68126627932414,-1.35,-,75950.45243553203,5727.647357925517,0.26359329631930306,1.7825896012919347
7.969999999999852,169.92289631478656,-25.922142332669004,-0.47147274870900174,0.3545672623985788,-169.92289631478656,25.922142332669004,0.47147274870900174,-0.3545672623985788,4.5248907112817385,1.35,-,76094.82138899206,5731.007145241093,0.26470472908317916,1.7832181910097589
7.974999999999852,169.80916875828848,-20.62717054748131,-0.4721077980909735,-0.44798515921168797,-169.80916875828848,20.62717054748131,0.4721077980909735,0.44798515921168797,-7.421571020158009,-1.35,-,76238.99715796395,5733.134546065067,0.26581915794827066,1.7842216445241283
7.979999999999852,169.6863461401656,-25.606124911288497,-0.4732624541773707,0.03890332070948016,-169.6863461401656,25.606124911288497,0.4732624541773707,-0.03890332070948016,-0.24005565463750345,-0.24005565463750345,-,76382.96443829595,5736.41291422993,0.2669390447009406,1.7842292118659395
7.984999999999852,169.5575841366431,-25.849924254358772,-0.47307665372023383,0.03602092997266458,-169.5575841366431,25.849924254358772,0.47307665372023383,-0.03602092997266458,-0.29053097583498977,-0.29053097583498977,-,76526.71330998723,5739.754007149711,0.26805805230241625,1.78423569940292
7.989999999999852,169.42734943845477,-26.178299062238683,-0.4728070437817672,0.0658663847607636,-169.42734943845477,26.178299062238683,0.4728070437817672,-0.0658663847607636,0.14941811097836344,0.14941811097836344,-,76670.24144367593,5743.18052385867,0.2691757848056645,1.7842573913061273
7.994999999999852,169.29768188609233,-25.77031184577561,-0.4732409854303755,-0.18854136775042482,-169.29768188609233,25.77031184577561,0.4732409854303755,0.18854136775042482,-3.670234259183824,-1.35,-,76813.54996913594,5746.501068721813,0.27029556995712006,1.7844351305428932
7.999999999999852,169.16252546639032,-27.872148402410243,-0.4720407688834099,0.5258465177118348,-169.16252546639032,27.872148402410243,0.4720407688834099,-0.5258465177118348,7.016144283033781,1.35,-,76956.62976924678,5750.385352004642,0.27140968239456026,1.7858177033438414
8.004999999999852,169.03905559221346,-22.575818063976037,-0.47181847702543517,-0.2765435282808747,-169.03905559221346,22.575818063976037,0.47181847702543517,0.2765435282808747,-4.915384217185631,-1.35,-,77099.50078082431,5752.933689810931,0.27252274577087326,1.7862000849590116
8.009999999999852,168.9064824176526,-27.556693293602155,-0.47211588034936874,0.2105695514199405,-168.9064824176526,27.556693293602155,0.47211588034936874,-0.2105695514199405,2.2819304968926377,1.35,-,77242.14777983786,5756.73054653732,0.27363721279326375,1.7864217826389377
8.014999999999853,168.78458957985754,-22.258119163986418,-0.473470137457909,-0.5915818240567335,-168.78458957985754,22.258119163986418,0.473470137457909,0.5915818240567335,-9.669558222805064,-1.35,-,77384.58896823609,5759.207665880912,0.274758082648586,1.7881716279117095
8.019999999999854,168.6535985839123,-27.240120176310402,-0.4753459943049198,-0.10591691443461863,-168.6535985839123,27.240120176310402,0.4753459943049198,0.10591691443461863,-2.517602091262791,-1.35,-,77526.80914981263,5762.917786617012,0.27588785172009483,1.7882277198755263
8.024999999999855,168.51109983636815,-29.339821594936236,-0.47373759274855454,0.6069157726739555,-168.51109983636815,29.339821594936236,0.47373759274855454,-0.6069157726739555,8.151320260437014,1.35,-,77668.78910365296,5767.221912273126,0.27700998825401096,1.7900694536511288
8.029999999999855,168.38031037508543,-24.037731854609582,-0.47310785428977487,-0.1948366719476413,-168.38031037508543,24.037731854609582,0.47310785428977487,0.1948366719476413,-3.7647101156500167,-1.35,-,77810.54874826304,5770.110975036697,0.2781291434629645,1.790259260294807
8.034999999999856,168.24040348354654,-29.024261878510515,-0.4730004910892323,0.2911151363328824,-168.24040348354654,29.024261878510515,0.4730004910892323,-0.2911151363328824,3.4208505804264027,1.35,-,77952.0729150846,5774.323013924659,0.27924779078581796,1.7906830004078178
8.039999999999857,168.11118060314905,-23.723736918216655,-0.47395117918372104,-0.5108382535117945,-168.11118060314905,23.723736918216655,0.47395117918372104,0.5108382535117945,-8.521869004671105,-1.35,-,78093.37976030355,5777.137092391483,0.2803709393870663,1.7919877790140728
8.044999999999858,167.9728535912292,-28.707526322019312,-0.4754246910424351,-0.025559800971136006,-167.9728535912292,28.707526322019312,0.4754246910424351,0.025559800971136006,-1.3700037629947848,-1.35,-,78234.45415802147,5781.257702729131,0.28150108257133044,1.7919910455312011
8.049999999999859,167.82301747685108,-30.8074522010824,-0.47341435332686,0.6873766844505,-167.82301747685108,30.8074522010824,0.47341435332686,-0.6873766844505,9.306206621906997,1.35,-,78375.27698399666,5786.003198284741,0.28262168832101003,1.7943534790628324
8.05499999999986,167.6848895642635,-25.505983873540067,-0.4723822363049122,-0.11441641977417032,-167.6848895642635,25.505983873540067,0.4723822363049122,0.11441641977417032,-2.604703936086499,-1.35,-,78515.86809493758,5789.2559743515285,0.28373741320689233,1.794418934648402
8.05999999999986,167.5376422483389,-30.4925891177629,-0.471871400438931,0.37211480719276835,-167.5376422483389,30.4925891177629,0.471871400438931,-0.37211480719276835,4.595305008885858,1.35,-,78656.21240278827,5793.904964307053,0.28485072629965347,1.7951112817970627
8.064999999999861,167.40106640327068,-25.196424985836643,-0.4724182825607145,-0.4303098629185299,-167.40106640327068,25.196424985836643,0.4724182825607145,0.4303098629185299,-7.348808025774572,-1.35,-,78796.32798795305,5797.079263467388,0.2859666214681417,1.7960371146876877
8.069999999999862,167.25539265832757,-30.1764895225733,-0.47348542155746454,0.05630967948847166,-167.25539265832757,30.1764895225733,0.47348542155746454,-0.05630967948847166,-0.17095021515325637,-0.17095021515325637,-,78936.19981981952,5801.632366066919,0.28708756369027916,1.7960529685877082
8.074999999999863,167.10412598790364,-30.304564366151247,-0.47334675067675896,0.008708163302365202,-167.10412598790364,30.304564366151247,0.47334675067675896,-0.008708163302365202,-0.8915050584227852,-0.8915050584227852,-,79075.81876443046,5806.22419917403,0.28820784942216054,1.7960533477482488
8.079999999999863,166.9486004886975,-31.638996053163982,-0.4720487656937866,0.4269238426205916,-166.9486004886975,31.638996053163982,0.4720487656937866,-0.4269238426205916,5.368290252386695,1.35,-,79215.17794045615,5811.229329530292,0.2893219996081259,1.7969646675852387
8.084999999999864,166.80629006491512,-26.343619587351508,-0.4723219731099985,-0.37561283459727945,-166.80629006491512,26.343619587351508,0.4723219731099985,0.37561283459727945,-6.573642904759595,-1.35,-,79354.29963248227,5814.699260995108,0.2904374398395387,1.7976700925928097
8.089999999999865,166.6548830440915,-31.323047460800964,-0.4731151938474215,0.11118426633195501,-166.6548830440915,31.323047460800964,0.4731151938474215,-0.11118426633195501,0.6107704598156422,0.6107704598156422,-,79493.16888269449,5819.604927506266,0.2915566297727853,1.7977319022982086
8.094999999999866,166.5018078309796,-30.14307404859012,-0.4742168980753742,-0.44131270779958565,-166.5018078309796,30.14307404859012,0.4742168980753742,0.44131270779958565,-7.675733255857017,-1.35,-,79631.78314274944,5824.14795207176,0.2926810381048866,1.7987056868285358
8.099999999999866,166.34479185210586,-32.24323798568775,-0.47428355303372277,0.27196411076443594,-166.34479185210586,32.24323798568775,0.47428355303372277,-0.27196411076443594,2.9741352803311765,1.35,-,79770.13609163107,5829.34608405077,0.2938057625482782,1.7990755092162554
8.104999999999867,166.19948674644834,-26.938357493859836,-0.4753286420429859,-0.5295204454467951,-166.19948674644834,26.938357493859836,0.4753286420429859,0.5295204454467951,-8.96352399236598,-1.35,-,79908.247438605,5832.974459573105,0.29493544913801056,1.8004774687269864
8.109999999999868,166.0450694800543,-31.926006420581125,-0.4768990661596482,-0.045439094873572554,-166.0450694800543,31.926006420581125,0.4768990661596482,0.045439094873572554,-1.8317897647077617,-1.35,-,80046.1022640982,5838.070809002941,0.29607261273453045,1.800487792283701
8.114999999999869,165.87914612142927,-34.02418521072776,-0.4749915856707356,0.6663302916209045,-165.87914612142927,34.02418521072776,0.4749915856707356,-0.6663302916209045,8.824762729895149,1.35,-,80183.68171968809,5843.859034899211,0.2972006977668206,1.8027077725713594
8.11999999999987,165.72494916349908,-28.717697546902247,-0.4740631600001925,-0.1349310959448789,-165.72494916349908,28.717697546902247,0.4740631600001925,0.1349310959448789,-3.0802698235741524,-1.35,-,80321.00551356433,5847.982565661188,0.29832437716516763,1.802798804574624
8.12499999999987,165.5616238745288,-33.708606041040255,-0.4736590976193302,0.35015698903258646,-165.5616238745288,33.708606041040255,0.4736590976193302,-0.35015698903258646,4.0957612053591905,1.35,-,80458.0587700642,5853.663916267339,0.2994461418689556,1.803411854159466
8.129999999999871,165.40898549891773,-28.406436911085585,-0.47431389370983884,-0.4516232161146533,-165.40898549891773,28.406436911085585,0.47431389370983884,0.4516232161146533,-7.840825965632385,-1.35,-,80594.85943248314,5857.698544557257,0.3005710102177867,1.8044316718061348
8.134999999999872,165.2472381270466,-33.391802657442476,-0.47549242004698306,0.03335108183011253,-165.2472381270466,33.391802657442476,0.47549242004698306,-0.03335108183011253,-0.6900666013200437,-0.6900666013200437,-,80731.39268102623,5863.273606980826,0.30170147542539755,1.804437233279431
8.139999999999873,165.0772923086875,-34.38753245403973,-0.47446529242127183,0.3202043199258023,-165.0772923086875,34.38753245403973,0.47446529242127183,-0.3202043199258023,3.6014264558346616,1.35,-,80867.64524320609,5869.186118922215,0.30282706199395976,1.8049498873119267
8.144999999999873,164.9212649411732,-29.08303529730422,-0.475269317802042,-0.48133932037357086,-164.9212649411732,29.08303529730422,0.475269317802042,0.48133932037357086,-8.33393968093335,-1.35,-,81003.6403613551,5873.415233632737,0.30395646661618003,1.8061083250186154
8.149999999999874,164.7561255859485,-34.070360693482364,-0.47659861636285866,0.0028513038580660756,-164.7561255859485,34.070360693482364,0.47659861636285866,-0.0028513038580660756,-1.1973718780035965,-1.1973718780035965,-,81139.36326594558,5879.219181021658,0.30509219782177516,1.806108365668284
8.154999999999875,164.58024469736793,-35.91374786220057,-0.47474421397279615,0.6164280276668215,-164.58024469736793,35.91374786220057,0.47474421397279615,-0.6164280276668215,7.990192036061087,1.35,-,81274.79655066882,5885.668167449207,0.3062191081652786,1.8080082832347502
8.159999999999876,164.41659650130924,-30.60812073210316,-0.4740657121650038,-0.1849360298717158,-164.41659650130924,30.60812073210316,0.4740657121650038,0.1849360298717158,-3.9205246851404887,-1.35,-,81409.96063669422,5890.352452722963,0.3073427996625313,1.8081792899104738
8.164999999999877,164.24382347154702,-35.59790249955223,-0.47391143496931304,0.30016478098806093,-164.24382347154702,35.59790249955223,0.47391143496931304,-0.30016478098806093,3.2515950791520556,1.35,-,81544.840804437,5896.688506034802,0.30846575990350483,1.8086297843892019
8.169999999999877,164.0817413240375,-30.2944686875276,-0.474815912230708,-0.5014765115327608,-164.0817413240375,30.2944686875276,0.474815912230708,0.5014765115327608,-8.687006077241083,-1.35,-,81679.45489361667,5901.277280200101,0.3095930106560424,1.8098871778472974
8.174999999999878,163.9105490991775,-35.28087068168671,-0.4762448670865931,-0.01694583568656876,-163.9105490991775,35.28087068168671,0.4762448670865931,0.01694583568656876,-1.5470559912640618,-1.35,-,81813.78823414666,5907.500979380391,0.31072705652317417,1.8098886136540329
8.179999999999879,163.72784896631228,-37.379907178303014,-0.4741932972661059,0.6953836339080802,-163.72784896631228,37.379907178303014,0.4741932972661059,-0.6953836339080802,9.119370864716046,1.35,-,81947.82227678236,5914.4872666836845,0.3118513529390349,1.8123064056455693
8.18499999999988,163.55686677323058,-32.07582319317695,-0.4731202746331168,-0.10612542129715574,-163.55686677323058,32.07582319317695,0.4731202746331168,0.10612542129715574,-2.7879272318884043,-1.35,-,82081.57652012576,5919.631558851285,0.3129705669103796,1.812362718670797
8.18999999999988,163.3767597412854,-37.06483310549027,-0.4725699434870474,0.37975961666424424,-163.3767597412854,37.06483310549027,0.4725699434870474,-0.37975961666424424,4.401618825199564,1.35,-,82215.0363482436,5926.500568116976,0.31408717866781655,1.8130838055030418
8.194999999999881,163.20732958004652,-31.766424212720302,-0.47307785778268724,-0.4224242360554287,-163.20732958004652,31.766424212720302,0.47307785778268724,0.4224242360554287,-7.539566708624284,-1.35,-,82348.21951038686,5931.546096653289,0.315206191965438,1.813976016679077
8.199999999999882,163.02879690271675,-36.74851377136294,-0.4741072964055654,0.06362318265325688,-163.02879690271675,36.74851377136294,0.4741072964055654,-0.06362318265325688,-0.37108010560321725,-0.37108010560321725,-,82481.11145348461,5938.298362975311,0.31633008060796314,1.8139962562259317
8.204999999999883,162.843666047287,-37.21131447134239,-0.47354481981713786,0.14511321349652875,-162.843666047287,37.21131447134239,0.47354481981713786,-0.14511321349652875,0.8430462576554956,0.8430462576554956,-,82613.70175134324,5945.2217725987375,0.31745130408984157,1.8141015454495881
8.209999999999884,162.6640663532639,-35.05780195008707,-0.47478839678090573,-0.5111157531587919,-162.6640663532639,35.05780195008707,0.47478839678090573,0.5111157531587919,-8.983155633966648,-1.35,-,82745.99974375615,5951.3670199865965,0.31857842419843063,1.8154077420152237
8.214999999999884,162.47955290225298,-37.742279538703315,-0.4754364184316779,0.15535195653051023,-162.47955290225298,37.742279538703315,0.4754364184316779,-0.15535195653051023,0.9430695967985374,0.9430695967985374,-,82877.99776931276,5958.489418310485,0.3197086231382865,1.815528413167213
8.219999999999885,162.29917788156362,-34.96215939363221,-0.47671341419496466,-0.5290670879402801,-162.29917788156362,34.96215939363221,0.47671341419496466,0.5290670879402801,-9.293983604638772,-1.35,-,83009.70288501793,5964.601181257815,0.3208449015346538,1.8169279730849213
8.224999999999886,162.11284794893126,-38.104661653175675,-0.4776367127542849,0.0996797377849029,-162.11284794893126,38.104661653175675,0.4776367127542849,-0.0996797377849029,0.05306606035300643,0.05306606035300643,-,83141.10576236852,5971.861007456331,0.32198558568150754,1.8169776533355455
8.229999999999887,161.92306674760727,-37.85728009800341,-0.4777182414331252,-0.09360843142049687,-161.92306674760727,37.85728009800341,0.4777182414331252,0.09360843142049687,-2.8501230248601077,-1.35,-,83272.20116009329,5979.026875738426,0.3231266592724975,1.8170214660277106
8.234999999999888,161.72749007826283,-39.9543758169621,-0.47605336578688323,0.6175146069903493,-161.72749007826283,39.9543758169621,0.47605336578688323,-0.6175146069903493,7.7919307048432636,1.35,-,83402.98006532839,5987.008636473042,0.3242597933078828,1.8189280874769431
8.239999999999888,161.54365099368155,-34.64462779934952,-0.4753681277346294,-0.18341004942339517,-161.54365099368155,34.64462779934952,0.4753681277346294,0.18341004942339517,-4.112819173610096,-1.35,-,83533.46182121025,5993.0098876498205,0.3253896675922126,1.8190962837080906
8.244999999999889,161.35067910998737,-39.63807975067661,-0.47520952918148907,0.3005754329781034,-161.35067910998737,39.63807975067661,0.47520952918148907,-0.3005754329781034,3.041754126335178,1.35,-,83663.63202945654,6000.865774481426,0.32651878807533724,1.8195480116626406
8.24999999999989,161.16840880059283,-34.33040846123973,-0.4761105847556578,-0.5006101226276183,-161.16840880059283,34.33040846123973,0.4761105847556578,0.5006101226276183,-8.890682427950223,-1.35,-,83793.50830943313,6006.758659207005,0.3276521945199193,1.820801064137027
8.25499999999989,160.97702010197062,-39.3205957396725,-0.4775385385683851,-0.017199795702356097,-160.97702010197062,39.3205957396725,0.4775385385683851,0.017199795702356097,-1.7684061247757414,-1.35,-,83923.07631443771,6014.489205453619,0.3287924097990096,1.820802543301888
8.259999999999891,160.77412572592118,-41.418170681282355,-0.4754911993060789,0.6941423158328387,-160.77412572592118,41.418170681282355,0.4754911993060789,-0.6941423158328387,8.882368363312597,1.35,-,84052.3179119524,6023.06652976654,0.32992286920209746,1.8232117110750372
8.264999999999892,160.5829648942199,-36.109846513987925,-0.474423021315594,-0.10691114939185767,-160.5829648942199,36.109846513987925,0.474423021315594,0.10691114939185767,-3.018890895122736,-1.35,-,84181.2523550235,6029.58613484286,0.33104825521786874,1.8232688610443586
8.269999999999893,160.38267099628604,-41.102632235834584,-0.47387996949028105,0.3778457315289796,-160.38267099628604,41.102632235834584,0.47387996949028105,-0.3778457315289796,4.152740625715229,1.35,-,84309.86536080304,6038.033266726433,0.3321710663452895,1.823982698028532
8.274999999999894,160.19306471346894,-35.79991720437147,-0.47439607172913073,-0.42387570750560066,-160.19306471346894,35.79991720437147,0.47439607172913073,0.42387570750560066,-7.782352444069642,-1.35,-,84438.17445071453,6044.441437085633,0.3332963245096498,1.824881051105599
8.279999999999895,159.99434755663222,-40.785845115572165,-0.47543616204117184,0.06102844328309732,-159.99434755663222,40.785845115572165,0.47543616204117184,-0.06102844328309732,-0.6320587814172719,-0.6320587814172719,-,84566.16540696492,6052.758862894591,0.33442652223053215,1.824899673460047
8.284999999999895,159.78772234005322,-41.684631314011526,-0.47438282770526785,0.31049050641924086,-159.78772234005322,41.684631314011526,0.47438282770526785,-0.31049050641924086,3.0994314480314946,1.35,-,84693.82598801806,6061.446905333518,0.33555171756664054,1.8253816952329294
8.289999999999896,159.59520926218076,-36.38015681138744,-0.47523543290027764,-0.49105064815849253,-159.59520926218076,36.38015681138744,0.47523543290027764,0.49105064815849253,-8.838085981622072,-1.35,-,84821.17914211527,6068.064484381624,0.3366809611500603,1.8265873489282138
8.294999999999897,159.39358442653077,-41.3674630717762,-0.47661323115285553,-0.006846254867656942,-159.39358442653077,41.3674630717762,0.47661323115285553,0.006846254867656942,-1.70349817468198,-1.35,-,84948.21071589699,6076.6208193866,0.3378167620106103,1.8265875832842424
8.299999999999898,159.18045248341718,-43.46612951803507,-0.47451195324434625,0.7052264595801073,-159.18045248341718,43.46612951803507,0.47451195324434625,-0.7052264595801073,8.958613104012402,1.35,-,85074.90279816113,6086.067341462994,0.33894256997946925,1.8290743050807023
8.304999999999898,158.97904283000884,-38.16089280020531,-0.47338930642191274,-0.09615402745410419,-158.97904283000884,38.16089280020531,0.47338930642191274,0.09615402745410419,-2.9472061509440066,-1.35,-,85201.27447845688,6093.348610159539,0.34006305715664253,1.8291205330656806
8.3099999999999,158.7685056647097,-43.1510249687547,-0.47278988582380443,0.389488909801821,-158.7685056647097,43.1510249687547,0.47278988582380443,-0.389488909801821,4.238205086883543,1.35,-,85327.31167041192,6102.658664938811,0.3411807085373291,1.8298790411199737
8.3149999999999,158.568646789323,-37.85193984494497,-0.47324890711542356,-0.41262187375689685,-158.568646789323,37.85193984494497,0.47324890711542356,0.41262187375689685,-7.702354638410785,-1.35,-,85453.03174913493,6109.822511688939,0.342300531177759,1.830730325173487
8.3199999999999,158.35968377397057,-42.83466485450461,-0.47422980950340154,0.073276897865214,-158.35968377397057,42.83466485450461,0.47422980950340154,-0.073276897865214,-0.536599620704082,-0.536599620704082,-,85578.42069635991,6118.996554254929,0.34342500073886734,1.8307571726922907
8.324999999999902,158.14329137746589,-43.57444869290258,-0.47329841875371137,0.2616686042365487,-158.14329137746589,43.57444869290258,0.47329841875371137,-0.2616686042365487,2.2797954634831443,1.35,-,85703.46719939842,6128.490217149382,0.34454505770484134,1.8310995249845061
8.329999999999902,157.94131998768972,-38.27278421304772,-0.47439610332588206,-0.5401632283069788,-157.94131998768972,38.27278421304772,0.47439610332588206,0.5401632283069788,-9.666192859246282,-1.35,-,85828.1945021957,6135.814247206476,0.3456703160190954,1.8325584065505813
8.334999999999903,157.73024334696308,-43.25754956888448,-0.4760172700843332,-0.05526420307473523,-157.73024334696308,43.25754956888448,0.4760172700843332,0.05526420307473523,-2.525163354885193,-1.35,-,85952.58865052719,6145.170325179999,0.3468032782261883,1.8325736772112888
8.339999999999904,157.50765935271392,-45.35668805543221,-0.47415692785882574,0.6571610428701067,-157.50765935271392,45.35668805543221,0.47415692785882574,-0.6571610428701067,8.138234338169127,1.35,-,86076.63196430106,6155.45647093679,0.34792740218737106,1.8347329803926198
8.344999999999905,157.29679148502254,-40.052943196961316,-0.47327525994334,-0.14439713159820033,-157.29679148502254,40.052943196961316,0.47327525994334,0.14439713159820033,-3.77427307766143,-1.35,-,86200.3433673585,6163.477662230486,0.3490473495457434,1.8348372330506888
8.349999999999905,157.07680099830253,-45.04133725055491,-0.47291644792357285,0.3413775943828384,-157.07680099830253,45.04133725055491,0.47291644792357285,-0.3413775943828384,3.409162491809985,1.35,-,86323.70897441782,6173.621272537079,0.35016559937932684,1.835419926360422
8.354999999999906,156.86749173169468,-39.7415181093516,-0.4736159192548012,-0.4606543055180006,-156.86749173169468,39.7415181093516,0.4736159192548012,0.4606543055180006,-8.53418406451127,-1.35,-,86446.7460242288,6181.518213845259,0.3512871595741849,1.8364809383063836
8.359999999999907,156.6490783096317,-44.72476920702811,-0.4748377785629641,0.02492352860687018,-156.6490783096317,44.72476920702811,0.4748377785629641,-0.02492352860687018,-1.3772460010967027,-1.35,-,86569.44069290512,6191.51973874837,0.3524145141539381,1.8364840442177748
8.364999999999908,156.41915354776353,-46.82557694687188,-0.4725734574328615,0.7384160578320509,-156.41915354776353,46.82557694687188,0.4725734574328615,-0.7384160578320509,9.307893608960944,1.35,-,86691.77545088813,6202.482912030409,0.3535311425172885,1.8392103355900964
8.369999999999909,156.20092896176268,-41.526459397179686,-0.47128671475267786,-0.06360917816780458,-156.20092896176268,41.526459397179686,0.47128671475267786,0.06360917816780458,-2.605930423280322,-1.35,-,86813.76910193074,6211.105146180739,0.3546416983548005,1.8392305662278323
8.37499999999991,155.9735873974842,-46.511426232787,-0.4705193594297227,0.4238348219695948,-155.9735873974842,46.511426232787,0.4705193594297227,-0.4238348219695948,4.60844690934171,1.35,-,86935.40790175895,6221.921710031781,0.3557486406927915,1.8401287460094025
8.37999999999991,155.75690428876447,-41.21999917640438,-0.4708090168420704,-0.3790959671264796,-155.75690428876447,41.21999917640438,0.4708090168420704,0.3790959671264796,-7.342698571505759,-1.35,-,87056.70896792707,6230.417151692296,0.35685694634449067,1.8408473147708604
8.384999999999911,155.53113091138508,-46.19600583502166,-0.47161609467699417,0.10892305396185424,-155.53113091138508,46.19600583502166,0.47161609467699417,-0.10892305396185424,-0.14307049097212854,-0.14307049097212854,-,87177.65863133996,6241.087506467845,0.35796905504828275,1.8409066359292823
8.389999999999912,155.2999049416792,-46.27798944537195,-0.47126656370363806,0.04392772735956907,-155.2999049416792,46.27798944537195,0.47126656370363806,-0.04392772735956907,-1.1236461364013057,-1.1236461364013057,-,87298.24893371445,6251.795768003376,0.3590795159186081,1.8409162841554372
8.394999999999913,155.06333999065788,-48.003293630123835,-0.4693380989115121,0.6136508684836146,-155.06333999065788,48.003293630123835,0.4693380989115121,-0.6136508684836146,7.407159270605377,1.35,-,87418.47213075976,6263.317349000077,0.36018090717405765,1.8427991210973909
8.399999999999913,154.8391924884347,-42.715421250252774,-0.46867897084560944,-0.18961719310995348,-154.8391924884347,42.715421250252774,0.46867897084560944,0.18961719310995348,-4.535183184801112,-1.35,-,87538.34800841214,6272.4403850630115,0.36127920706262234,1.8429788944970054
8.404999999999914,154.60595285300036,-47.689428860556006,-0.4685341957236445,0.30016439160790515,-154.60595285300036,47.689428860556006,0.4685341957236445,-0.30016439160790515,2.704902475172804,1.35,-,87657.86301170009,6283.811793188243,0.3623768285254345,1.843429387806952
8.409999999999915,154.38336004704573,-42.403658132342365,-0.46944435546823476,-0.5033691820348365,-154.38336004704573,42.403658132342365,0.46944435546823476,0.5033691820348365,-9.264941823311085,-1.35,-,87777.03412099718,6292.802144303268,0.3634787185398396,1.8446962904740645
8.414999999999916,154.15169167382334,-47.37430498005996,-0.4708688829770367,-0.014171958321596751,-154.15169167382334,47.37430498005996,0.4708688829770367,0.014171958321596751,-2.0570310521277677,-1.35,-,87895.84784122671,6304.023768164988,0.36458730606462,1.8446972946960778
8.419999999999916,153.90850614580413,-49.47942190381132,-0.4687911375007337,0.7022625290058726,-153.90850614580413,49.47942190381132,0.4687911375007337,-0.7022625290058726,8.66882268033302,1.35,-,88014.2869825469,6316.264834124667,0.3656861317176163,1.8471631579943069
8.424999999999917,153.6769733935469,-44.19306775116988,-0.46768938686513134,-0.10114326909756022,-153.6769733935469,44.19306775116988,0.46768938686513134,0.10114326909756022,-3.2692722587218954,-1.35,-,88132.37004330392,6326.029970310966,0.36677979853054793,1.8472143077987255
8.429999999999918,153.4363500191187,-49.166324694467676,-0.4671001146454762,0.38946115599872044,-153.4363500191187,49.166324694467676,0.4671001146454762,-0.38946115599872044,3.989543127174059,1.35,-,88250.08361083988,6338.116607730777,0.3678707111160572,1.847972707758885
8.434999999999919,153.20635834830057,-43.88600636390389,-0.46756529751990367,-0.41465755992300163,-153.20635834830057,43.88600636390389,0.46756529751990367,0.41465755992300163,-7.982808654989635,-1.35,-,88367.44455203164,6347.746515503642,0.36896379765328174,1.8488324122188917
8.43999999999992,152.9672991032392,-48.85199646778951,-0.46854163650118263,0.0761892179414704,-152.9672991032392,48.85199646778951,0.46854163650118263,-0.0761892179414704,-0.743634243621906,-0.743634243621906,-,88484.43952500635,6359.679103298088,0.37006145397895795,1.8488614362035445
8.44499999999992,152.71976864493456,-49.94233974404076,-0.46718527196940196,0.4014186591287591,-152.71976864493456,49.94233974404076,0.46718527196940196,-0.4014186591287591,4.123444758306926,1.35,-,88601.05616368118,6372.150289793636,0.37115276437068373,1.8496671209030282
8.449999999999921,152.4858947645684,-44.662541068578264,-0.4675909729149428,-0.4027754125041663,-152.4858947645684,44.662541068578264,0.4675909729149428,0.4027754125041663,-7.849310812075467,-1.35,-,88717.31590419194,6382.12400266715,0.3722459709604416,1.8504782610676178
8.454999999999922,152.24295486079626,-49.628026915502836,-0.468507753106451,0.08811373029074801,-152.24295486079626,49.628026915502836,0.468507753106451,-0.08811373029074801,-0.6087526861137512,-0.6087526861137512,-,88833.2054907157,6394.4387079447815,0.37334346853404604,1.8505170812149465
8.459999999999923,151.9922229136897,-50.492095061343896,-0.46735395361756255,0.3259293289321219,-151.9922229136897,50.492095061343896,0.46735395361756255,-0.3259293289321219,2.948477645039101,1.35,-,88948.71366984694,6407.185966263202,0.37443556712385606,1.8510482308522374
8.464999999999923,151.75560338762165,-45.210792434317916,-0.4681367546802001,-0.47809208801164127,-151.75560338762165,45.210792434317916,0.4681367546802001,0.47809208801164127,-9.027424353559113,-1.35,-,89063.86248564467,6417.4060450258985,0.3755313272292688,1.852191091075334
8.469999999999924,151.50991683449,-50.17746988647151,-0.4694314467250192,0.012280433434482535,-151.50991683449,50.17746988647151,0.4694314467250192,-0.012280433434482535,-1.8004179237078795,-1.35,-,89178.63876014066,6429.994937446939,0.3766331566451407,1.8521918451205608
8.474999999999925,151.25271037527062,-52.28432635578349,-0.46721802834560083,0.7298696738225106,-151.25271037527062,52.28432635578349,0.46721802834560083,-0.7298696738225106,8.944196570048803,1.35,-,89293.02567212001,6443.663191359331,0.37772462007519664,1.8548553938243901
8.479999999999926,151.00713882502816,-47.002920201513525,-0.46597971879398936,-0.07405186707589877,-151.00713882502816,47.002920201513525,0.46597971879398936,0.07405186707589877,-3.0002466390774667,-1.35,-,89407.04145200063,6454.709563896682,0.3788103055668334,1.8548828122194774
8.484999999999927,150.7524850563473,-51.97202644200536,-0.4652507330176213,0.4180222032519242,-150.7524850563473,51.97202644200536,0.4652507330176213,-0.4180222032519242,4.282230926928328,1.35,-,89520.67301075396,6468.215021559126,0.3798925967897008,1.8557565250315355
8.489999999999927,150.50844669028928,-46.69798144259246,-0.4655750309661296,-0.3867632180612102,-150.50844669028928,46.69798144259246,0.4655750309661296,0.3867632180612102,-7.698695496650376,-1.35,-,89633.9369733796,6479.118528913192,0.3809763973369965,1.856504453965761
8.494999999999928,150.2553520162437,-51.658484878588496,-0.4664068077457372,0.10582224071721338,-150.2553520162437,51.658484878588496,0.4664068077457372,-0.10582224071721338,-0.43172412234987845,-0.43172412234987845,-,89746.82032742725,6492.46152421295,0.3820640738885545,1.8565604456989129
8.499999999999929,149.9953555240612,-52.22658095801348,-0.4655060056540461,0.22977381599620242,-149.9953555240612,52.22658095801348,0.4655060056540461,-0.22977381599620242,1.4192997569345238,1.35,-,89859.31336082122,6506.099603005772,0.3831475530950546,1.8568244257315003
8.50499999999993,149.750047882703,-46.94995152832614,-0.4667712159066312,-0.5747230974284406,-149.750047882703,46.94995152832614,0.4667712159066312,0.5747230974284406,-10.57141181528448,-1.35,-,89971.4387450256,6517.121092748334,0.38423692993504954,1.8584759589250892
8.50999999999993,149.49568432908578,-51.912406934947,-0.46854544845691726,-0.08322289676351828,-149.49568432908578,51.912406934947,0.46854544845691726,0.08322289676351828,-3.334945943842042,-1.35,-,90083.18354319072,6530.595582717234,0.3853346041213982,1.8585105891778178
8.514999999999931,149.22980096709458,-54.01986963418041,-0.46680793587992564,0.6348399248200896,-149.22980096709458,54.01986963418041,0.46680793587992564,-0.6348399248200896,7.409274480102633,1.35,-,90194.53121067413,6545.186314293705,0.38642415236640076,1.860525697828546
8.519999999999932,148.97554372368893,-48.74048928579851,-0.46604576714286666,-0.16933317581815385,-148.97554372368893,48.74048928579851,0.46604576714286666,0.16933317581815385,-4.54647218118372,-1.35,-,90305.49977381299,6557.064490772803,0.38751014565175984,1.8606690664507093
8.524999999999933,148.71221215098836,-53.7069823359153,-0.46579272915066094,0.322751281640422,-148.71221215098836,53.7069823359153,0.46579272915066094,-0.322751281640422,2.7287271266676445,1.35,-,90416.07638402721,6571.486690530956,0.38859495998440813,1.861189908399712
8.529999999999934,148.45950419114513,-48.43051241488807,-0.4665928706717265,-0.48177626992928535,-148.45950419114513,48.43051241488807,0.4665928706717265,0.48177626992928535,-9.255767189667134,-1.35,-,90526.27750595064,6583.214263194802,0.3896835045192167,1.862350450271047
8.534999999999934,148.19773810160933,-53.39290772361488,-0.46790206489872926,0.00991467595700859,-148.19773810160933,53.39290772361488,0.46790206489872926,-0.00991467595700859,-2.009759464533733,-1.35,-,90636.09035384282,6597.468276170716,0.39077816623089934,1.8623509417750437
8.539999999999935,147.92444931063423,-55.50147581388066,-0.4656970032968939,0.7286601776455813,-147.92444931063423,55.50147581388066,0.4656970032968939,-0.7286601776455813,8.751396071378068,1.35,-,90745.49856736211,6612.870345258312,0.39186253472529803,1.8650056700474766
8.544999999999936,147.6627766771572,-50.22517797715357,-0.46446638082906416,-0.07580722443816422,-147.6627766771572,50.22517797715357,0.46446638082906416,0.07580722443816422,-3.2020965714652085,-1.35,-,90854.52004544217,6625.483187772498,0.39294117981990045,1.8650344037238618
8.549999999999937,147.3920317866323,-55.189715348822745,-0.46374219844018655,0.4175942133534142,-147.3920317866323,55.189715348822745,0.46374219844018655,-0.4175942133534142,4.099667188187252,1.35,-,90963.14210061314,6640.712711173921,0.3940164639529713,1.8659063283589932
8.554999999999938,147.13188985580976,-49.92070713798943,-0.4640702453004304,-0.387727133271231,-147.13188985580976,49.92070713798943,0.4640702453004304,0.387727133271231,-7.890099227102318,-1.35,-,91071.38106567587,6653.1730961797075,0.3950932699158375,1.8666579900083669
8.559999999999938,146.8627013954971,-54.87672304409831,-0.46490289891319514,0.10617733693904367,-146.8627013954971,54.87672304409831,0.46490289891319514,-0.10617733693904367,-0.6039098346743539,-0.6039098346743539,-,91179.2243309818,6668.230369840003,0.3961739434429271,1.866714358142764
8.564999999999939,146.5857436997106,-55.73489025893024,-0.463662919212101,0.34262017699934927,-146.5857436997106,55.73489025893024,0.463662919212101,-0.34262017699934927,2.933090809618543,1.35,-,91286.6612322618,6683.76225980088,0.3972488599561887,1.8673013010711994
8.56999999999994,146.3228732397706,-50.46602506011946,-0.4643661978384815,-0.4627269220486778,-146.3228732397706,50.46602506011946,0.4643661978384815,0.4627269220486778,-9.062802369918955,-1.35,-,91393.71314842753,6696.496358227725,0.3983270397846637,1.8683718820931428
8.57499999999994,146.05095943280915,-55.42165487046481,-0.4655742569511607,0.030947619238321192,-146.05095943280915,55.42165487046481,0.4655742569511607,-0.030947619238321192,-1.7857942857895235,-1.35,-,91500.36756218376,6711.8541573706325,0.399410836728342,1.8683766708688254
8.579999999999941,145.76751882853804,-57.53294549961227,-0.4632586115502233,0.7515138221897962,-145.76751882853804,57.53294549961227,0.4632586115502233,-0.7515138221897962,9.003870002742872,1.35,-,91606.60840991091,6728.4043564599415,0.40048387943421937,1.8712005359935375
8.584999999999942,145.4956656864243,-52.26452948123698,-0.46191614098436024,-0.05378011477833212,-145.4956656864243,52.26452948123698,0.46191614098436024,0.05378011477833212,-2.960907798608152,-1.35,-,91712.4533535786,6742.062261669419,0.40155071204072895,1.8712149974972654
8.589999999999943,145.21475450672622,-57.222276953275376,-0.46107531145700764,0.4418360731993806,-145.21475450672622,57.222276953275376,0.46107531145700764,-0.4418360731993806,4.3755560673391365,1.35,-,91817.88997821086,6758.434206568008,0.402613664254905,1.8721910930751668
8.594999999999944,144.94442332310854,-51.962261501131024,-0.4612849362321187,-0.3644366616534464,-144.94442332310854,51.962261501131024,0.4612849362321187,0.3644366616534464,-7.627292265381755,-1.35,-,91922.93440747322,6771.93458966957,0.4036775832168785,1.8728551634769526
8.599999999999945,144.66506219851652,-56.91037711854575,-0.46199392215113205,0.13191001395428892,-144.66506219851652,56.91037711854575,0.46199392215113205,-0.13191001395428892,-0.30286367738290054,-0.30286367738290054,-,92027.57430857774,6788.128544788448,0.40474477513740165,1.8729421647358597
8.604999999999945,144.37944989742664,-57.26389299427586,-0.46120852623844316,0.1739070094396665,-144.37944989742664,57.26389299427586,0.46120852623844316,-0.1739070094396665,0.3203773840298987,0.3203773840298987,-,92131.80143634116,6804.52431199275,0.405808341660777,1.873093382975521
8.609999999999946,144.09521420131452,-56.56927156148474,-0.46142867030120605,-0.18929889021983368,-144.09521420131452,56.56927156148474,0.46142867030120605,0.18929889021983368,-5.1284902709927085,-1.35,-,92235.61859011979,6820.524724417737,0.4068729237496569,1.8732725533247132
8.614999999999947,143.80602318299967,-58.684419729902565,-0.4602053500076766,0.5340853630094345,-143.80602318299967,58.684419729902565,0.4602053500076766,-0.5340853630094345,5.686752727748304,1.35,-,92339.01945163835,6837.7440300129165,0.4079318685705355,1.874698789199618
8.619999999999948,143.5283740182379,-53.42745707307333,-0.45995442130985054,-0.27249689356921386,-143.5283740182379,53.42745707307333,0.45995442130985054,0.27249689356921386,-6.314183903917915,-1.35,-,92442.02142237996,6852.016495859394,0.40898965891894806,1.8750700619846425
8.624999999999948,143.24169765103258,-58.373316793730986,-0.46020063395075983,0.22499537063044772,-143.24169765103258,58.373316793730986,0.46020063395075983,-0.22499537063044772,1.0341226203620018,1.0341226203620018,-,92544.61234210971,6869.0537164269035,0.4100485820363916,1.8753231765686682
8.62999999999995,142.95972804056828,-55.07327903162289,-0.46122141170168124,-0.49012524369526106,-142.95972804056828,55.07327903162289,0.46122141170168124,0.49012524369526106,-9.65327628996386,-1.35,-,92646.7997613169,6884.219046743381,0.41111220798945225,1.8765242903412052
8.63499999999995,142.67099367908858,-58.59254847417695,-0.46206442597370456,0.12048328689855978,-142.67099367908858,58.59254847417695,0.46206442597370456,-0.12048328689855978,-0.5887283084471682,-0.5887283084471682,-,92748.5748235038,6901.384480426877,0.4121797256582045,1.8765968714533146
8.63999999999995,142.37552821619184,-59.426931454178245,-0.460778378791558,0.34844187343115796,-142.37552821619184,59.426931454178245,0.460778378791558,-0.34844187343115796,2.821434919158108,1.35,-,92849.92877867802,6919.042281337178,0.4132413092300135,1.8772039301491157
8.644999999999952,142.09416873346623,-54.16772496069894,-0.4614555990063429,-0.4579288599333412,-142.09416873346623,54.16772496069894,0.4614555990063429,0.4579288599333412,-9.190354633970593,-1.35,-,92950.8825426183,6933.71299347427,0.4143060155792852,1.878252424352915
8.649999999999952,141.80378438457106,-59.11477924325833,-0.462632053305004,0.03829916224932015,-141.80378438457106,59.11477924325833,0.462632053305004,-0.03829916224932015,-1.8751375753175814,-1.35,-,93051.42410894725,6951.185779099168,0.4153761576630114,1.8782597584820602
8.654999999999953,141.50186813795665,-61.22942127199861,-0.46027290193085113,0.7611202701406325,-141.50186813795665,61.22942127199861,0.46027290193085113,-0.7611202701406325,8.948196823225015,1.35,-,93151.53800237992,6969.93098924569,0.4164354133842708,1.8811562788101555
8.659999999999954,141.2115031382283,-55.97090791028771,-0.4588855053364427,-0.04521813815920116,-141.2115031382283,55.97090791028771,0.4588855053364427,0.04521813815920116,-3.0325126851112794,-1.35,-,93251.24144547273,6985.594701907203,0.4174882929193104,1.8811665022102484
8.664999999999955,140.9120987594935,-60.9199450716131,-0.4579939586993982,0.4530546884393118,-140.9120987594935,60.9199450716131,0.4579939586993982,-0.4530546884393118,4.343995995046182,1.35,-,93350.52254335677,7004.150900444847,0.4185370852503363,1.8821927949638328
8.669999999999956,140.62324835039573,-55.67030763905913,-0.45815074573658815,-0.35431354520547126,-140.62324835039573,55.67030763905913,0.45815074573658815,0.35431354520547126,-7.675440582896244,-1.35,-,93449.39703323987,7019.646816207987,0.4195865957794314,1.8828204854054134
8.674999999999956,140.32538762913603,-60.609250943361744,-0.45880089676521946,0.14479180354903962,-140.32538762913603,60.609250943361744,0.45880089676521946,-0.14479180354903962,-0.309305911944491,-0.309305911944491,-,93547.85310530623,7038.014222707568,0.42063908709379444,1.8829253087372884
8.679999999999957,140.0212445340255,-60.97491460543012,-0.4579348779890414,0.1921973438412774,-140.0212445340255,60.97491460543012,0.4579348779890414,-0.1921973438412774,0.3952884770359568,0.3952884770359568,-,93645.88284991053,7056.603923763268,0.4216876088561888,1.8831100078321865
8.684999999999958,139.71883254004294,-60.15401801998197,-0.4582085865101679,-0.21934746522509954,-139.71883254004294,60.15401801998197,0.4582085865101679,0.21934746522509954,-5.777667834826934,-1.35,-,93743.48961074231,7074.696453183012,0.4227373843999472,1.88335057438469
8.689999999999959,139.41170710069753,-62.27270493367193,-0.4571282886729543,0.5064358355918746,-139.41170710069753,62.27270493367193,0.4571282886729543,-0.5064358355918746,5.070627389138266,1.35,-,93840.66773112598,7094.085902081795,0.4237822157614727,1.8846329606625483
8.69499999999996,139.1160847857855,-57.02612377193799,-0.4570189861616232,-0.3012483738117875,-139.1160847857855,57.02612377193799,0.4570189861616232,0.3012483738117875,-6.9498894836085,-1.35,-,93937.43415635663,7110.34579604406,0.42482654753003385,1.8850867135761695
8.69999999999996,138.81145627415236,-61.96260396003326,-0.4574010488733445,0.19884541487083726,-138.81145627415236,61.96260396003326,0.4574010488733445,-0.19884541487083726,0.434871661727821,0.434871661727821,-,94033.7772583214,7129.542617491603,0.4258726261275862,1.8852844110712452
8.704999999999961,138.5043060156254,-61.07497591736324,-0.45771882585873663,-0.23846178384293906,-138.5043060156254,61.07497591736324,0.45771882585873663,0.23846178384293906,-6.124036423247384,-1.35,-,94129.69447224576,7148.193380908138,0.42692015874531386,1.8855687311830132
8.709999999999962,138.19257424760931,-63.194157900800924,-0.4567330601442037,0.4876610052228884,-138.19257424760931,63.194157900800924,0.4567330601442037,-0.4876610052228884,4.727738988068626,1.35,-,94225.18041013168,7168.160888872098,0.42796318418645746,1.8867577974630882
8.714999999999963,137.89234019116736,-57.94893407895027,-0.456718124064656,-0.3201704565716466,-137.89234019116736,57.94893407895027,0.456718124064656,0.3201704565716466,-7.29661378347685,-1.35,-,94320.25189754867,7184.951283676533,0.4290061414107033,1.887270343069395
8.719999999999963,137.58310322955947,-62.8841045511079,-0.45719389886705564,0.18019753028225988,-137.58310322955947,62.8841045511079,0.45719389886705564,-0.18019753028225988,0.09069650938828455,0.09069650938828455,-,94414.89744902006,7204.72333670251,0.4300512727165098,1.887432698818994
8.724999999999964,137.2696059947492,-62.5763184165618,-0.4569316408319484,-0.03268129820451816,-137.2696059947492,62.5763184165618,0.4569316408319484,0.03268129820451816,-3.1049362140882657,-1.35,-,94509.11217266985,7224.302314835368,0.43109520533847684,1.8874380391552557
8.729999999999965,136.9503633663827,-64.69709967287731,-0.4549143838883956,0.6943995872449416,-136.9503633663827,64.69709967287731,0.4549143838883956,-0.6943995872449416,7.776350591545951,1.35,-,94602.88918280078,7245.230888365782,0.43212994082181977,1.8898489930890858
8.734999999999966,136.64260264680604,-59.457275619506675,-0.45386674936160315,-0.11393891796402089,-136.64260264680604,59.457275619506675,0.45386674936160315,0.11393891796402089,-4.240526416402252,-1.35,-,94696.24518709126,7262.906726486255,0.43315991595270026,1.8899139034742198
8.739999999999966,136.32584135506127,-64.38909058717275,-0.45330501524480754,0.38882655161802926,-136.32584135506127,64.38909058717275,0.45330501524480754,-0.38882655161802926,3.1980748880573215,1.35,-,94789.1688621971,7283.636501419474,0.4341873431369309,1.8906698339104357
8.744999999999967,136.01959717496172,-59.15499724621075,-0.4537880355953,-0.42018056457089265,-136.01959717496172,59.15499724621075,0.4537880355953,0.42018056457089265,-8.851845060418636,-1.35,-,94881.67551627531,7301.133069915473,0.4352169610431783,1.8915525924446515
8.749999999999968,135.7043746396543,-64.07990729118082,-0.45475570530647913,0.0827882655335201,-135.7043746396543,64.07990729118082,0.45475570530647913,-0.0827882655335201,-1.432934756831829,-1.35,-,94973.75390275702,7321.664242507708,0.43625097480072245,1.8915868619292018
8.754999999999969,135.3776056906084,-66.20363439991435,-0.45215594695586747,0.8116943315110273,-135.3776056906084,66.20363439991435,0.45215594695586747,-0.8116943315110273,9.484107307953446,1.35,-,95065.38938336963,7343.578848546499,0.4372731998025604,1.894881100368238
8.75999999999997,135.06229010188872,-60.97204792942322,-0.45052395414366053,0.0025468588262217194,-135.06229010188872,60.97204792942322,0.45052395414366053,-0.0025468588262217194,-2.5366057842744976,-1.35,-,95156.59849440749,7362.166801690041,0.43828805896884676,1.8948811328006874
8.76499999999997,134.73798433397184,-65.89770393423699,-0.44937174138398445,0.5081740523886722,-134.73798433397184,65.89770393423699,0.44937174138398445,-0.5081740523886722,4.95359995974445,1.35,-,95247.3701165194,7383.8793386090665,0.4392977337786193,1.8961723371382933
8.769999999999971,134.4241583330793,-60.67739620209696,-0.44926199219158075,-0.3022636086519418,-134.4241583330793,60.67739620209696,0.44926199219158075,0.3022636086519418,-7.109465603371605,-1.35,-,95337.71938823721,7402.288070658401,0.4403069154667592,1.8966291535838697
8.774999999999972,134.1013763113333,-65.59060128899205,-0.4496284884345716,0.2047063799148233,-134.1013763113333,65.59060128899205,0.4496284884345716,-0.2047063799148233,0.3784113988772664,0.3784113988772664,-,95427.6352838802,7423.798705545662,0.44131774435481913,1.8968386770937589
8.779999999999973,133.7758023352585,-64.79754717213598,-0.44980356504667346,-0.19480334675874617,-133.7758023352585,64.79754717213598,0.44980356504667346,0.19480334675874617,-5.614022527113674,-1.35,-,95517.11511033242,7444.792316143292,0.4423293605904628,1.8970284188133009
8.784999999999973,133.44543072898304,-66.92577302243939,-0.44858133507431414,0.5373996406641085,-133.44543072898304,66.92577302243939,0.44858133507431414,-0.5373996406641085,5.331576352557449,1.35,-,95606.15352524466,7467.18761161655,0.4433354866613482,1.8984724106822306
8.789999999999974,133.1264566882614,-61.70821115324179,-0.44832623729959414,-0.27331996249324897,-133.1264566882614,61.70821115324179,0.44832623729959414,0.27331996249324897,-6.733798952427026,-1.35,-,95694.76679259654,7486.2271282352185,0.44434046873660443,1.8988459296917173
8.794999999999975,132.79853088005092,-66.61914194154458,-0.4485456455889971,0.23447538641958038,-132.79853088005092,66.61914194154458,0.4485456455889971,-0.23447538641958038,0.7685045088298932,0.7685045088298932,-,95782.94404161605,7508.41767860036,0.44534643471748886,1.8991208232259005
8.799999999999976,132.4703005916109,-64.99711818935964,-0.4492969877702663,-0.40671430980997775,-132.4703005916109,64.99711818935964,0.4492969877702663,0.40671430980997775,-8.841299803826416,-1.35,-,95870.68594431023,7529.5408054649715,0.4463557736335862,1.8999479058749216
8.804999999999977,132.13808280505577,-67.29481445378254,-0.4492021064273722,0.3118126691803253,-132.13808280505577,67.29481445378254,0.4492021064273722,-0.3118126691803253,1.878785464420877,1.35,-,95957.98830894723,7552.18376572682,0.44736468629568027,1.9004340415782284
8.809999999999977,131.8172682989377,-62.074040751665066,-0.4500745849318408,-0.4985849131321851,-131.8172682989377,62.074040751665066,0.4500745849318408,0.4985849131321851,-10.198682554036182,-1.35,-,96044.86727005622,7571.449698403019,0.44837752195568825,1.9016769761562438
8.814999999999978,131.48750325876287,-66.98696484852776,-0.4514241405688914,0.007673058227886937,-131.48750325876287,66.98696484852776,0.4514241405688914,-0.007673058227886937,-2.7365054017351076,-1.35,-,96131.31208762234,7593.885965701113,0.4493964407291302,1.9016772705353566
8.819999999999979,131.14618849147794,-69.11409874511268,-0.4491927170317803,0.7389435118773392,-131.14618849147794,69.11409874511268,0.4491927170317803,-0.7389435118773392,8.209827487440247,1.35,-,96217.30870140156,7617.769758927862,0.45040531121430233,1.904407458104085
8.82499999999998,130.81628659754824,-63.89332817211841,-0.4479281659364597,-0.07136910375404117,-130.81628659754824,63.89332817211841,0.4479281659364597,0.07136910375404117,-3.8346741448979516,-1.35,-,96302.87320559744,7638.181545852415,0.45140850942349847,1.9044329258489383
8.82999999999998,130.47741855469388,-68.80867310119912,-0.4471380447820296,0.4366332173079399,-130.47741855469388,68.80867310119912,0.4471380447820296,-0.4366332173079399,3.685350868052427,1.35,-,96387.99498936093,7661.854713322157,0.45240817157895613,1.905386168681222
8.834999999999981,130.14901384329264,-63.59581483398144,-0.44738854303900544,-0.3745895634696071,-130.14901384329264,63.59581483398144,0.44738854303900544,0.3745895634696071,-8.395627340577109,-1.35,-,96472.68881838286,7682.07685164415,0.4534089541211691,1.9060877553865239
8.839999999999982,129.8116697735525,-68.5020939232106,-0.4481113221604224,0.13406696818426797,-129.8116697735525,68.5020939232106,0.4481113221604224,-0.13406696818426797,-0.8882403971644279,-0.8882403971644279,-,96556.94416642986,7705.539536003475,0.4544129729064111,1.9061776251463145
8.844999999999983,129.46511117060072,-69.85179060438608,-0.4461479802351291,0.5652204503868103,-129.46511117060072,69.85179060438608,0.4461479802351291,-0.5652204503868103,5.567655687011527,1.35,-,96640.75024148196,7729.935899256674,0.45540821300775064,1.907774995933992
8.849999999999984,129.1314783554575,-64.6435539966117,-0.44575686154422506,-0.24649320691017207,-129.1314783554575,64.6435539966117,0.44575686154422506,0.24649320691017207,-6.511362972529892,-1.35,-,96724.1249349933,7750.829844623241,0.4564017089058196,1.9080787904392564
8.854999999999984,128.7889119204393,-69.54628834456834,-0.4458350226756636,0.26367376694335515,-128.7889119204393,69.54628834456834,0.4458350226756636,-0.26367376694335515,1.0282118739415778,1.0282118739415778,-,96807.05785416157,7775.013275735774,0.4573955532430408,1.908426409716127
8.859999999999985,128.45083647056393,-66.32682798033787,-0.4466700903533078,-0.4540393160746968,-128.45083647056393,66.32682798033787,0.4466700903533078,0.4540393160746968,-9.69914419720427,-1.35,-,96889.55594111152,7797.009516285444,0.45839312409112215,1.909457168218835
8.864999999999986,128.106175984259,-69.78437051246702,-0.44727529569686975,0.17249812888646388,-128.106175984259,69.78437051246702,0.44727529569686975,-0.17249812888646388,-0.3930978730350678,-0.3930978730350678,-,96971.61190273809,7821.358808124554,0.45939340004182594,1.9096059462411816
8.869999999999987,127.75571768290503,-70.29661028539381,-0.44609268136748803,0.27927631697013,-127.75571768290503,70.29661028539381,0.44609268136748803,-0.27927631697013,1.202051035647955,1.202051035647955,-,97053.21951974147,7846.066875212641,0.46038839344367427,1.9099959225472838
8.874999999999988,127.41711835079455,-66.0011890919217,-0.4470015943948719,-0.489049572035558,-127.41711835079455,66.0011890919217,0.4470015943948719,0.489049572035558,-10.264106544263102,-1.35,-,97134.39512998558,7867.847660020383,0.4613874455706322,1.9111917699668248
8.879999999999988,127.0704163359441,-70.24026884365827,-0.4480798943210464,0.07380529916681905,-127.0704163359441,70.24026884365827,0.4480798943210464,-0.07380529916681905,-1.9361076507488104,-1.35,-,97215.12958352454,7892.516136856534,0.46239132352910617,1.9112190060777503
8.88499999999999,126.71282308478185,-72.37147835678118,-0.44550985443141505,0.8077670822256077,-126.71282308478185,72.37147835678118,0.44550985443141505,-0.8077670822256077,9.054941773168538,1.35,-,97295.41028119513,7918.704291254268,0.4633837186810838,1.914481444373387
8.88999999999999,126.36660013083323,-67.16261963750489,-0.4439046076678344,-0.00375074290910765,-126.36660013083323,67.16261963750489,0.4439046076678344,0.00375074290910765,-3.0034186461709,-1.35,-,97375.25286933828,7941.258378637132,0.4643689751846276,1.9144815147137488
8.89499999999999,126.01143040821236,-72.06812188140013,-0.44276608486546837,0.5077801368844551,-126.01143040821236,72.06812188140013,0.44276608486546837,-0.5077801368844551,4.574305558985293,1.35,-,97454.64727230591,7967.227449594699,0.4653491842141632,1.915770718050821
8.899999999999991,125.66668442767768,-66.8704540206798,-0.44266535852530287,-0.30500967602895623,-125.66668442767768,66.8704540206798,0.44266535852530287,0.30500967602895623,-7.525867221620375,-1.35,-,97533.60785018116,7989.585737699362,0.466328947312355,1.9162358725631776
8.904999999999992,125.31302547633398,-71.76364030509208,-0.44302782596859636,0.20785356827340085,-125.31302547633398,71.76364030509208,0.44302782596859636,-0.20785356827340085,0.0496343475235852,0.0496343475235852,-,97612.12462195133,8015.335838048559,0.4673103155852675,1.9164518880923975
8.909999999999993,124.95491603079833,-71.52737127152956,-0.4425362737773938,0.025312346154099084,-124.95491603079833,71.52737127152956,0.4425362737773938,-0.025312346154099084,-2.690709698548078,-1.35,-,97690.19327715266,8040.916662253639,0.46828950735331154,1.9164550916667367
8.914999999999994,124.59086903829356,-73.6646015895318,-0.44019612638547834,0.7634172562835133,-124.59086903829356,73.6646015895318,0.44019612638547834,-0.7634172562835133,8.35865967821163,1.35,-,97767.80770039126,8068.049029890365,0.4692583705017356,1.9193691212026944
8.919999999999995,124.23812307070789,-68.4745660388804,-0.4388186596077781,-0.05007159933097511,-124.23812307070789,68.4745660388804,0.4388186596077781,0.05007159933097511,-3.733320282030591,-1.35,-,97844.98325651194,8091.492860861434,0.47022117958183557,1.9193816570279922
8.924999999999995,123.87646808862156,-73.36298244836784,-0.4378976670999399,0.46606890234225484,-123.87646808862156,73.36298244836784,0.4378976670999399,-0.46606890234225484,3.9103676032122303,1.35,-,97921.71015324251,8118.403496830036,0.4711799514160936,1.920467758136645
8.929999999999996,123.52519639935898,-68.18214595080656,-0.4380108433555525,-0.34846539364855655,-123.52519639935898,68.18214595080656,0.4380108433555525,0.34846539364855655,-8.219778618103408,-1.35,-,97998.00252397003,8141.647521962324,0.472139218910579,1.9210748987894983
8.934999999999997,123.16504510390858,-73.0602576703826,-0.43857773745700623,0.1685968911851203,-123.16504510390858,73.0602576703826,0.43857773745700623,-0.1685968911851203,-0.5843160433295984,-0.5843160433295984,-,98073.85066564729,8168.336528216642,0.47310097106954363,1.9212170233480848
8.939999999999998,122.79722089697864,-73.90140407764845,-0.43702578789960583,0.4050198438833298,-122.79722089697864,73.90140407764845,0.43702578789960583,-0.4050198438833298,2.9537715940820366,1.35,-,98149.24645294741,8195.643615839886,0.4740559287659901,1.9220372287177812
8.944999999999999,122.44324595293797,-68.72365294709658,-0.43744544234918664,-0.40984600677336575,-122.44324595293797,68.72365294709658,0.43744544234918664,0.40984600677336575,-9.186114957662697,-1.35,-,98224.20819534488,8219.258318211854,0.47501272134115063,1.9228770974641216
8.95,122.08039988067284,-73.5987608278448,-0.4383173335997931,0.1077640646898183,-122.08039988067284,73.5987608278448,0.4383173335997931,-0.1077640646898183,-1.547058254979604,-1.35,-,98298.72631552002,8246.34220618883,0.47597333176582096,1.922935162932314
8.955,121.70598093348595,-75.74110297724364,-0.43555519411461013,0.849189856539404,-121.70598093348595,75.74110297724364,0.43555519411461013,-0.849189856539404,9.557937114166474,1.35,-,98372.78804449494,8275.025779589881,0.47692187340142217,1.9265407799945615
8.96,121.34280901172552,-70.5662404455178,-0.43375315020362143,0.03418780760237473,-121.34280901172552,70.5662404455178,0.43375315020362143,-0.03418780760237473,-2.551092587460036,-1.35,-,98446.40843098924,8299.92375104296,0.4778625823779801,1.926546624025505
8.965000000000002,120.97075238722556,-75.44218770027405,-0.4323977088176073,0.5548089679623106,-120.97075238722556,75.44218770027405,0.4323977088176073,-0.5548089679623106,5.166155228654091,1.35,-,98519.5780456549,8328.381369467981,0.47879742127093383,1.928085688980162
8.970000000000002,120.60902877700839,-70.2806159139497,-0.43207282561287874,-0.26168308758488484,-120.60902877700839,70.2806159139497,0.43207282561287874,0.26168308758488484,-6.987589865165113,-1.35,-,98592.31073476757,8353.078194334206,0.4797308559040995,1.928428079171802
8.975000000000003,120.23845858897623,-75.14223319758084,-0.43219001759636777,0.2607100084051514,-120.23845858897623,75.14223319758084,0.43219001759636777,-0.2607100084051514,0.7344935417391869,0.7344935417391869,-,98664.59716938685,8381.309970383809,0.48066479696064934,1.9287679277142151
8.980000000000004,119.86694754988484,-73.74226366077082,-0.4327841253749347,-0.3718175158554986,-119.86694754988484,73.74226366077082,0.4327841253749347,0.3718175158554986,-8.749191989676522,-1.35,-,98736.43759496149,8408.499577632887,0.48160130745653223,1.9294591690397
8.985000000000005,119.49179558554314,-75.88917660257061,-0.43240870898560857,0.3730021480597333,-119.49179558554314,75.88917660257061,0.43240870898560857,-0.3730021480597333,2.370789877482185,1.35,-,98807.8290410228,8437.295413259972,0.48253619391456537,1.930154822051986
8.990000000000006,119.12783452106365,-70.72709037748355,-0.43299327318359515,-0.4434616205245523,-119.12783452106365,70.72709037748355,0.43299327318359515,0.4434616205245523,-9.796251832329336,-1.35,-,98878.78624581119,8462.3070198263,0.48347360978767673,1.9311381130963774
8.995000000000006,118.75503236006955,-75.5883143211074,-0.434021051615045,0.07814512576347685,-118.75503236006955,75.5883143211074,0.434021051615045,-0.07814512576347685,-2.099703879792888,-1.35,-,98949.30003436541,8490.874986135837,0.48441548115390204,1.9311686463997804
9.000000000000007,118.37065150354907,-77.73533065130378,-0.4313974206057975,0.8227475414745105,-118.37065150354907,77.73533065130378,0.4313974206057975,-0.8227475414745105,9.050371260146582,1.35,-,99019.3580900523,8521.08889429318,0.48534599982642884,1.9345532139847927
9.005000000000008,117.997463078329,-72.57540924377541,-0.42973229139961905,0.00620090705702335,-117.997463078329,72.57540924377541,0.42973229139961905,-0.00620090705702335,-3.084580426881284,-1.35,-,99088.97509651691,8547.424844427691,0.48626934903778685,1.9345534062410343
9.010000000000009,117.61541932339001,-77.43789062605427,-0.4285055154148709,0.5304948799770852,-117.61541932339001,77.43789062605427,0.4285055154148709,-0.5304948799770852,4.68569942884773,1.35,-,99158.14203083,8577.40797895076,0.48718743392149183,1.935960530329444
9.01500000000001,117.24367552924126,-72.29004824695194,-0.428306476885168,-0.2874021793326093,-117.24367552924126,72.29004824695194,0.428306476885168,0.2874021793326093,-7.491683787036048,-1.35,-,99226.87242808804,8603.537234328496,0.4881046661122009,1.9363735303928697
9.02000000000001,116.86311179354291,-77.13943386714837,-0.4285417441613961,0.23842316995720736,-116.86311179354291,77.13943386714837,0.4285417441613961,-0.23842316995720736,0.2799571813359183,0.2799571813359183,-,99295.15736257841,8633.289695615222,0.4890229062446455,1.936657758432732
9.025000000000011,116.47929352011963,-76.51308764204379,-0.4283439880452974,-0.09300223563146763,-116.47929352011963,76.51308764204379,0.4283439880452974,0.09300223563146763,-4.691283367187566,-1.35,-,99362.99449167315,8662.56095851782,0.4899402991051184,1.9367010055118943
9.030000000000012,116.09027123294766,-78.66576334729305,-0.42656370073335775,0.6556104860814992,-116.09027123294766,78.66576334729305,0.42656370073335775,-0.6556104860814992,6.505997362594166,1.35,-,99430.37924704785,8693.502470132888,0.4908500820590352,1.9388501310591948
9.035000000000013,115.71237129575684,-73.52440658843359,-0.4257406159810872,-0.1629058839262313,-115.71237129575684,73.52440658843359,0.4257406159810872,0.1629058839262313,-5.671690778548177,-1.35,-,99497.3260114023,8720.531661953799,0.4917563574195151,1.9389828226942838
9.040000000000013,115.32565850575916,-78.36896236303691,-0.4253470788603527,0.36517700083130344,-115.32565850575916,78.36896236303691,0.4253470788603527,-0.36517700083130344,2.1430959225338895,1.35,-,99563.82604895125,8751.2401332631,0.49266095810699045,1.9396495939039646
9.045000000000014,114.94922399470178,-73.23165806380253,-0.4259783448712027,-0.45380546555340484,-114.94922399470178,73.23165806380253,0.4259783448712027,0.45380546555340484,-10.063421357857093,-1.35,-,99629.89266943617,8778.054511976972,0.49356824585848663,1.9406792909067956
9.050000000000015,114.56399503860794,-78.07106765794161,-0.4270384748265619,0.07417187285365993,-114.56399503860794,78.07106765794161,0.4270384748265619,-0.07417187285365993,-2.2718605812080437,-1.35,-,99695.51721423221,8808.529970003232,0.49448005515339777,1.9407067982404087
9.055000000000016,114.16717697969288,-80.2258916489853,-0.424418923275608,0.8240348401203794,-114.16717697969288,80.2258916489853,0.424418923275608,-0.8240348401203794,8.95640799887958,1.35,-,99760.68793572979,8840.71093845761,0.49538071226557007,1.9441019653290703
9.060000000000016,113.7814619732486,-75.09061772370653,-0.42275484454075923,0.004987104849829798,-113.7814619732486,75.09061772370653,0.42275484454075923,-0.004987104849829798,-3.217069970908127,-1.35,-,99825.41904117365,8868.903942808254,0.49627432055848364,1.9441020896851442
9.065000000000017,113.38693753687251,-79.93143862867193,-0.4215148331195577,0.5356329158666847,-113.38693753687251,79.93143862867193,0.4215148331195577,-0.5356329158666847,4.648619970108366,1.35,-,99889.7020291936,8900.849117214504,0.4971626943311828,1.9455366027879437
9.070000000000018,113.00265174186576,-74.80839928839389,-0.4212976104323053,-0.28477187327837866,-113.00265174186576,74.80839928839389,0.4212976104323053,0.28477187327837866,-7.567104171753506,-1.35,-,99953.55002569708,8928.830600234967,0.4980501527139628,1.9459420778869962
9.075000000000019,112.60959204308955,-79.6360253656407,-0.4215002924534083,0.24744733500787433,-112.60959204308955,79.6360253656407,0.4215002924534083,-0.24744733500787433,0.3008688127277581,0.3008688127277581,-,100016.95462679765,8960.540082915157,0.49893846519665447,1.9462482288050087
9.08000000000002,112.21339740533723,-78.97414535863945,-0.4212953452825061,-0.09662261355552501,-112.21339740533723,78.97414535863945,0.4212953452825061,0.09662261355552501,-4.859716393529766,-1.35,-,100079.9138595839,8991.724661090799,0.4998259140364381,1.9462949084522603
9.08500000000002,111.812046203161,-81.13469649445558,-0.4195172628305437,0.6572910020819217,-111.812046203161,81.13469649445558,0.4195172628305437,-0.6572910020819217,6.416394007008,1.35,-,100142.42352796461,9024.638855967041,0.5007058877055024,1.9484550657593498
9.090000000000021,111.42172641240359,-76.01843871500516,-0.4186933599098997,-0.16375716168742477,-111.42172641240359,76.01843871500516,0.4186933599098997,0.16375716168742477,-5.800257541763826,-1.35,-,100204.49753354822,9053.532871090381,0.5015824083536657,1.9485891477993693
9.095000000000022,111.0226403619659,-80.8409679963928,-0.41828445099619754,0.3707713612131453,-111.0226403619659,80.8409679963928,0.41828445099619754,-0.3707713612131453,2.1113899078049965,1.35,-,100266.12766691294,9086.209181623355,0.5024572177633918,1.9492765048108487
9.100000000000023,110.63377029886834,-75.72888176424266,-0.41889535185430143,-0.4507523470942901,-110.63377029886834,75.72888176424266,0.41889535185430143,0.4507523470942901,-10.133942307558995,-1.35,-,100327.32682256566,9114.883499289674,0.5033345843424176,1.950292393202904
9.105000000000024,110.23615254888445,-80.54616923328804,-0.41992049203953946,0.08370579342359663,-110.23615254888445,80.54616923328804,0.41992049203953946,-0.08370579342359663,-2.244697761949525,-1.35,-,100388.08686920958,9147.321926180466,0.5042162504405914,1.9503274265021673
9.110000000000024,109.82693500541691,-82.70899953621044,-0.41723715316106713,0.8389484802058986,-109.82693500541691,82.70899953621044,0.41723715316106713,-0.8389484802058986,9.06456731516494,1.35,-,100448.39664747301,9181.525819201875,0.5050866846504812,1.9538465992643668
9.115000000000025,109.42872846135104,-77.59922337454283,-0.4155061166720373,0.017345212034958816,-109.42872846135104,77.59922337454283,0.4155061166720373,-0.017345212034958816,-3.1472488985929923,-1.35,-,100508.26988053636,9211.634016543541,0.5059499113154408,1.9538481035462694
9.120000000000026,109.02175892887831,-82.41794939366777,-0.41418407781532013,0.554707965268519,-109.02175892887831,82.41794939366777,0.41418407781532013,-0.554707965268519,4.820369681079758,1.35,-,100567.69860013611,9245.597608454833,0.5068076535670195,1.9553866081799314
9.125000000000027,108.62495073912905,-77.32330590596656,-0.41388081597550896,-0.26860303271174046,-108.62495073912905,77.32330590596656,0.41388081597550896,0.26860303271174046,-7.43872581886291,-1.35,-,100626.69549975151,9275.492076635976,0.5076641402161824,1.9557473461258412
9.130000000000027,108.21942639142402,-82.12573509611137,-0.4139811569175829,0.2705689815412213,-108.21942639142402,82.12573509611137,0.4139811569175829,-0.2705689815412213,0.5350797230893087,0.5350797230893087,-,100685.25272099397,9309.215258461365,0.5085210422075966,1.9561133839947025
9.135000000000028,107.81198685136071,-81.06260615992879,-0.4141254321413986,-0.2284730306983245,-107.81198685136071,81.06260615992879,0.4141254321413986,0.2284730306983245,-6.947749591739994,-1.35,-,100743.36984353817,9342.070989048569,0.5093785415753282,1.9563743836234848
9.140000000000029,107.40017017278494,-83.23084283859603,-0.4129908217299804,0.5306763281604318,-107.40017017278494,83.23084283859603,0.4129908217299804,-0.5306763281604318,4.396672546596247,1.35,-,100801.0438263039,9376.707855046689,0.5102313486694944,1.9577824704498343
9.14500000000003,106.99928461829133,-78.14040613508948,-0.4128090125660896,-0.29305588305767294,-106.99928461829133,78.14040613508948,0.4128090125660896,0.29305588305767294,-7.870810172326575,-1.35,-,100858.28806084803,9407.237470401476,0.5110834050737735,1.958211879202808
9.15000000000003,106.58969132116547,-82.9390272706402,-0.4130284943852683,0.2471079581891355,-106.58969132116547,82.9390272706402,0.4130284943852683,-0.2471079581891355,0.1159990644918234,0.1159990644918234,-,100915.09487232775,9441.631881624482,0.5119363677596445,1.95851719091781
9.155000000000031,106.17602983227674,-82.59443000440136,-0.4124502212107723,0.028033016908911336,-106.17602983227674,82.59443000440136,0.4124502212107723,-0.028033016908911336,-3.171105471324872,-1.35,-,100971.46161888249,9475.741080963247,0.5127869436845287,1.958521120167995
9.160000000000032,105.7565464586408,-84.76547614485125,-0.410028258895691,0.7889186303148957,-105.7565464586408,84.76547614485125,0.410028258895691,-0.7889186303148957,8.218307906736678,1.35,-,101027.3838544768,9511.667010693569,0.513627559549994,1.9616330831942852
9.165000000000033,105.34796523530322,-79.68442301583809,-0.40855704133807846,-0.03564171587921902,-105.34796523530322,79.68442301583809,0.40855704133807846,0.03564171587921902,-4.042751209164094,-1.35,-,101082.8748233729,9543.415047050408,0.5144621538301287,1.9616394348538393
9.170000000000034,104.93068237327198,-84.47692178587417,-0.4074791885107501,0.5082516026955458,-104.93068237327198,84.47692178587417,0.4074791885107501,-0.5082516026955458,4.019275071985333,1.35,-,101137.92706388951,9579.096798622497,0.5152923502754757,1.9629310333120524
9.175000000000034,104.52352062822236,-79.40369371748271,-0.40741359811612354,-0.3171023315056824,-104.52352062822236,79.40369371748271,0.40741359811612354,0.3171023315056824,-8.274871993547848,-1.35,-,101192.55289571211,9610.6215315024,0.5161222794751255,1.9634338027552842
9.180000000000035,104.10767630683436,-84.18763825401834,-0.40773889018448184,0.22781985197208604,-104.10767630683436,84.18763825401834,0.40773889018448184,-0.22781985197208604,-0.21823128599292874,-0.21823128599292874,-,101246.74493704217,9646.059323676353,0.51695353448797,1.9636933121800473
9.185000000000036,103.68604619659506,-84.41831157797216,-0.4065815821579293,0.23393228033674512,-103.68604619659506,84.41831157797216,0.4065815821579293,-0.23393228033674512,-0.1306639110134038,-0.1306639110134038,-,101300.49891792159,9681.691580324736,0.5177800774027204,1.9639669337389651
9.190000000000037,103.26371329770316,-84.49880079173515,-0.4055684416143772,0.18178778226279016,-103.26371329770316,84.49880079173515,0.4055684416143772,-0.18178778226279016,-0.9161373742003818,-0.9161373742003818,-,101353.81589034175,9717.391817000947,0.5186025062068881,1.9641321677278654
9.195000000000038,102.83692338126173,-85.93115610108582,-0.403234935228991,0.6568405518142921,-102.83692338126173,85.93115610108582,0.403234935228991,-0.6568405518142921,6.198938062008269,1.35,-,101406.69305439437,9754.3126349453,0.5194154982718339,1.9662893652804043
9.200000000000038,102.42244007682984,-80.87495508926187,-0.4024314182725324,-0.17020405533682623,-102.42244007682984,80.87495508926187,0.4024314182725324,0.17020405533682623,-6.110133602852424,-1.35,-,101459.14483555085,9787.016426748756,0.5202252535038983,1.96643421238267
9.20500000000004,101.99930242872628,-85.6447675904483,-0.40200827498342034,0.3794196031982871,-101.99930242872628,85.6447675904483,0.40200827498342034,-0.3794196031982871,2.0282466685630864,1.35,-,101511.16412403059,9823.69155782687,0.5210333067696741,1.9671540085591257
9.21000000000004,101.58624027248645,-80.59092042860053,-0.40259296621406904,-0.4478522277837572,-101.58624027248645,80.59092042860053,0.40259296621406904,0.4478522277837572,-10.305046707639947,-1.35,-,101562.7629450941,9856.166040104521,0.5218437122518994,1.9681568666487803
9.21500000000004,101.16453569498687,-85.3574031122357,-0.403557711455666,0.10157396989988873,-101.16453569498687,85.3574031122357,0.403557711455666,-0.10157396989988873,-2.1903227577818987,-1.35,-,101613.93426150602,9892.59547143485,0.5226580063842762,1.9682084530055863
9.220000000000041,100.73120692521219,-87.53869017547278,-0.400747864345126,0.8692376145375473,-100.73120692521219,87.53869017547278,0.400747864345126,-0.8692376145375473,9.305820726385353,1.35,-,101664.66814174908,9930.910582823042,0.5234610006381621,1.9719863231582215
9.225000000000042,100.30866315587704,-82.49054552899315,-0.3988843398683687,0.04149121074660468,-100.30866315587704,82.49054552899315,0.3988843398683687,-0.04149121074660468,-2.998361321171241,-1.35,-,101714.97728126968,9964.934033331401,0.5242565442211234,1.9719949307610676
9.230000000000043,99.8774736379651,-87.25511734571992,-0.39739391087707016,0.5942812513784596,-99.8774736379651,87.25511734571992,0.39739391087707016,-0.5942812513784596,5.203306706125046,1.35,-,101764.8548299712,10003.001310846485,0.5250461538231345,1.9737607817897675
9.235000000000044,99.4563136395203,-82.21892460416828,-0.39690853494078526,-0.23468549381351128,-99.4563136395203,82.21892460416828,0.39690853494078526,0.23468549381351128,-7.140036377817003,-1.35,-,101814.31262158502,10036.80106866182,0.5258338357486788,1.9740361681948
9.240000000000045,99.02653324031256,-86.97107050322217,-0.39679217657275884,0.31998101053492295,-99.02653324031256,86.97107050322217,0.39679217657275884,-0.31998101053492295,1.069472428980521,1.069472428980521,-,101863.343893013,10074.620904184208,0.5266210559056257,1.9745481074303148
9.245000000000045,98.60162702588967,-83.65533510666096,-0.397426199623457,-0.42474968694345466,-98.60162702588967,83.65533510666096,0.397426199623457,0.42474968694345466,-10.061679919601307,-1.35,-,101911.95529727377,10109.611979643252,0.5274107938263616,1.9754501689131079
9.250000000000046,98.17014757077993,-87.17011501028769,-0.3977978481220341,0.23400797129822307,-98.17014757077993,87.17011501028769,0.3977978481220341,-0.23400797129822307,-0.27344454973172283,-0.27344454973172283,-,101960.14218664412,10147.605124397793,0.5282020094662143,1.9757239675662635
9.255000000000047,97.73330763423783,-87.49988294852118,-0.3964872746306856,0.28088218692089,-97.73330763423783,87.49988294852118,0.3964872746306856,-0.28088218692089,0.42525833075215536,0.42525833075215536,-,102007.90118374977,10185.886271977823,0.5289880202609348,1.9761184415809108
9.260000000000048,97.29843514435817,-86.62418232691817,-0.3963528772853008,-0.14244083475099326,-97.29843514435817,86.62418232691817,0.3963528772853008,0.14244083475099326,-5.922451921308448,-1.35,-,102055.23611115747,10223.405016796863,0.5297734982775967,1.9762198885379336
9.265000000000049,96.85875080585008,-88.8124370645443,-0.39474793226482074,0.6301350507697911,-96.85875080585008,88.8124370645443,0.39474793226482074,-0.6301350507697911,5.628908068517673,1.35,-,102102.14419919583,10262.843261683587,0.5305526279277336,1.978205239448977
9.27000000000005,96.42975958706151,-83.78869781261109,-0.3940881103408036,-0.2001206227688268,-96.42975958706151,83.78869781261109,0.3940881103408036,0.2001206227688268,-6.731714569414217,-1.35,-,102148.63769186592,10297.945991089258,0.5313291551212936,1.978405480767264
9.27500000000005,95.99217851388657,-88.52968199311145,-0.3937899983428337,0.3574136994244993,-95.99217851388657,88.52968199311145,0.3937899983428337,-0.3574136994244993,1.5234490169182189,1.35,-,102194.71018354513,10337.133514058272,0.532104507935268,1.9790442035299456
9.28000000000005,95.56460199931414,-83.50618460748571,-0.39449344410570847,-0.4728229768063478,-95.56460199931414,83.50618460748571,0.39449344410570847,0.4728229768063478,-10.857285925857992,-1.35,-,102240.37314932157,10371.999928396775,0.53288263332248,1.9801620113669258
9.285000000000052,95.12843714226015,-88.24611205849209,-0.3955596411201668,0.08418507685033183,-95.12843714226015,88.24611205849209,0.3955596411201668,-0.08418507685033183,-2.6304032195269595,-1.35,-,102285.62024708722,10410.93680986398,0.5336649704708957,1.9801974470027472
9.290000000000052,94.68063799106393,-90.43624215756373,-0.3928189278439063,0.8577563948549273,-94.68063799106393,90.43624215756373,0.3928189278439063,-0.8577563948549273,8.952562681656596,1.35,-,102330.4423631392,10451.830379341895,0.534436504021258,1.9838761771673203
9.295000000000053,94.2435186474841,-85.41747433282166,-0.3910213490154964,0.02715059480407985,-94.2435186474841,85.41747433282166,0.3910213490154964,-0.02715059480407985,-3.3966700539283172,-1.35,-,102374.8515671745,10488.311103948892,0.5352009924981875,1.9838798629413115
9.300000000000054,93.79780694014134,-90.15634223699439,-0.3895798774816935,0.5873070908938294,-93.79780694014134,90.15634223699439,0.3895798774816935,-0.5873070908938294,4.914693634047804,1.35,-,102418.8417101084,10528.951934176668,0.5359598549028809,1.9856045110363827
9.305000000000055,93.36205316006665,-85.14931936258203,-0.38913788281866263,-0.2444893427290375,-93.36205316006665,85.14931936258203,0.38913788281866263,0.2444893427290375,-7.472912644064476,-1.35,-,102462.42407495972,10565.20396711623,0.536716996362104,1.9859033862299231
9.310000000000056,92.91773219633065,-89.87601034220428,-0.3890479658594404,0.3174846119529109,-92.91773219633065,89.87601034220428,0.3890479658594404,-0.3174846119529109,0.8457387724111973,0.8457387724111973,-,102505.59259974227,10605.592453291396,0.537473787960801,1.9864073686240578
9.315000000000056,92.47411821712008,-87.95506287952001,-0.3894983652544225,-0.361922436730375,-92.47411821712008,87.95506287952001,0.3894983652544225,0.361922436730375,-9.33144855867756,-1.35,-,102548.34991244246,10644.272918722103,0.5382323328434805,1.9870623078751022
9.320000000000057,92.02616960607251,-90.46768822738565,-0.38911127660250583,0.3882514150184302,-92.02616960607251,90.46768822738565,0.38911127660250583,-0.3882514150184302,1.8587950959340527,1.35,-,102590.69399190429,10685.194931788146,0.5389893707713768,1.9878160036814214
9.325000000000058,91.58884650778693,-85.46273846093676,-0.3896661220933006,-0.44380605800711387,-91.58884650778693,85.46273846093676,0.3896661220933006,0.44380605800711387,-10.547783610413473,-1.35,-,102632.63657592743,10721.714330114364,0.539748569204913,1.9888008227670406
9.330000000000059,91.142969614484,-90.18647183230922,-0.39057301705986147,0.11781896760943213,-91.142969614484,90.18647183230922,0.39057301705986147,-0.11781896760943213,-2.249321393823264,-1.35,-,102674.17178047818,10762.38232862217,0.5405113056131893,1.9888702293126834
9.33500000000006,90.68545179843416,-92.38226873747328,-0.3876528542284426,0.8951723209131892,-90.68545179843416,92.38226873747328,0.3876528542284426,-0.8951723209131892,9.3925646974591,1.35,-,102715.29103631762,10805.05474650759,0.5412626792901467,1.9928768967333297
9.34000000000006,90.23854702456727,-87.38229898243864,-0.3856734162515351,0.06278322263571601,-90.23854702456727,87.38229898243864,0.3856734162515351,-0.06278322263571601,-2.981457002903368,-1.35,-,102756.00601316315,10843.233077384879,0.5420063992101625,1.9928966053985524
9.345000000000061,89.783081677304,-92.10525558706246,-0.3840385632978123,0.6279247614276764,-89.783081677304,92.10525558706246,0.3840385632978123,-0.6279247614276764,5.407511127298872,1.35,-,102796.31102194052,10885.649967918676,0.5427438273006618,1.9948680529286227
9.350000000000062,89.33752197864676,-87.11901180252029,-0.38339930785666754,-0.2058524262946133,-89.33752197864676,87.11901180252029,0.38339930785666754,0.2058524262946133,-7.00765536917375,-1.35,-,102836.21698610696,10923.59857900592,0.5434788024469868,1.9950799290356795
9.355000000000063,88.8834308126987,-91.82792526857183,-0.38309968453201815,0.3615165895562776,-88.8834308126987,91.82792526857183,0.38309968453201815,-0.3615165895562776,1.3950323025004032,1.35,-,102875.71830747214,10965.76041830158,0.5442126292884295,1.9957334002583016
9.360000000000063,88.43924251519302,-86.84462271022277,-0.38379422411112607,-0.4725900552307768,-88.43924251519302,86.84462271022277,0.38379422411112607,0.4725900552307768,-11.045086943725277,-1.35,-,102914.82580555545,11003.47036076999,0.544949119320735,1.9968501070598168
9.365000000000064,87.98653848772221,-91.54963025490378,-0.38482804004346116,0.09454339219126054,-87.98653848772221,91.54963025490378,0.38482804004346116,-0.09454339219126054,-2.6658007833721973,-1.35,-,102953.53396033071,11045.377034769044,0.5456895824227536,1.996894799324852
9.370000000000065,87.52218634948674,-93.75157362867037,-0.38201170879985763,0.8760648346093489,-87.52218634948674,93.75157362867037,0.38201170879985763,-0.8760648346093489,9.036652868548432,1.35,-,102991.83462584768,11089.323822558312,0.5464192471510546,2.0007322472970483
9.375000000000066,87.06837032287449,-88.77328627886367,-0.38013404013734614,0.041584519195609466,-87.06837032287449,88.77328627886367,0.38013404013734614,-0.041584519195609466,-3.3709737267883444,-1.35,-,103029.73913140109,11128.727304342063,0.5471417565934105,2.000740893658232
9.380000000000067,86.60603296765204,-93.47718237551753,-0.37858872522710707,0.6120045867579949,-86.60603296765204,93.47718237551753,0.37858872522710707,-0.6120045867579949,5.095935594159049,1.35,-,103067.24215613307,11172.417222466398,0.547858403707756,2.002613641729296
9.385000000000067,86.15355104100203,-88.51168537189909,-0.3780350591544015,-0.22375380700620276,-86.15355104100203,88.51168537189909,0.3780350591544015,0.22375380700620276,-7.3509246582069645,-1.35,-,103104.35432791794,11211.588814703275,0.5485729562375055,2.002863970560045
9.390000000000068,85.6925755704484,-93.20250657802627,-0.3778090075503064,0.34875151850989744,-85.6925755704484,93.20250657802627,0.3778090075503064,-0.34875151850989744,1.1277905556512764,1.1277905556512764,-,103141.07041545743,11255.022350865416,0.5492866544684363,2.0034721086683596
9.395000000000069,85.23738088974504,-89.59675331182201,-0.3783705085251909,-0.4196963350833377,-85.23738088974504,89.59675331182201,0.3783705085251909,0.4196963350833377,-10.353442484774568,-1.35,-,103177.39747096215,11295.16024188552,0.5500024756770444,2.0043528337367715
9.40000000000007,84.77522917693696,-93.312971861191,-0.37876049938162276,0.2359935840312557,-84.77522917693696,93.312971861191,0.37876049938162276,-0.2359935840312557,-0.6167540004018477,-0.6167540004018477,-,103213.33166837216,11338.696795473365,0.5507197732565036,2.004631298595291
9.40500000000007,84.30586159145736,-94.2473689504753,-0.3767180952895931,0.5235737995852477,-84.30586159145736,94.2473689504753,0.3767180952895931,-0.5235737995852477,3.6901226490836088,1.35,-,103248.86905986557,11383.109628243807,0.5514293558730967,2.006001946213352
9.410000000000071,83.8494976337662,-89.29026529805824,-0.3766099103452429,-0.3130461102952959,-83.8494976337662,89.29026529805824,0.3766099103452429,0.3130461102952959,-8.776665710218598,-1.35,-,103284.02275113275,11422.9733856288,0.5521385309959481,2.006491935549207
9.415000000000072,83.3846633410509,-93.97297687201701,-0.37682511534436564,0.26098076163860495,-83.3846633410509,93.97297687201701,0.37682511534436564,-0.26098076163860495,-0.2817383093847148,-0.2817383093847148,-,103318.78776153526,11467.12798753975,0.5528485168337197,2.0068324903389345
9.420000000000073,82.91373953081639,-94.32598319144819,-0.37533878899695483,0.3215202844476071,-82.91373953081639,94.32598319144819,0.37533878899695483,-0.3215202844476071,0.6227523491634759,0.6227523491634759,-,103353.16120255018,11511.614943064924,0.5535529128663483,2.007349366805491
9.425000000000074,82.44576812050994,-93.10640902226802,-0.3753947917398391,-0.2330052434863076,-82.44576812050994,93.10640902226802,0.3753947917398391,0.2330052434863076,-7.690297984017163,-1.35,-,103387.14772595509,11554.95896007004,0.5542575191146755,2.0076208240229514
9.430000000000074,81.97360402856171,-95.31730337691111,-0.3741965101344316,0.5548684945261024,-81.97360402856171,95.31730337691111,0.3741965101344316,-0.5548684945261024,4.0826778594793085,1.35,-,103420.74608474225,11600.385901685278,0.5549576342556595,2.00916021925404
9.435000000000075,81.51186561509346,-90.36952273321832,-0.37393403051001767,-0.28261173350702395,-81.51186561509346,90.36952273321832,0.37393403051001767,0.28261173350702395,-8.395102290316252,-1.35,-,103453.96700592252,11641.219154880433,0.5556567675515269,2.009559566213619
9.440000000000076,81.04166947584987,-95.04444466486243,-0.37398946999998367,0.2939115716695607,-81.04166947584987,95.04444466486243,0.37398946999998367,-0.2939115716695607,0.139609410780402,0.139609410780402,-,103486.80576687968,11686.3863871887,0.5563561081698813,2.0099914862734254
9.445000000000077,80.5675842159766,-94.6653678982241,-0.37319618727896314,0.06850797492730916,-80.5675842159766,94.6653678982241,0.37319618727896314,-0.06850797492730916,-3.240927174600228,-1.35,-,103519.26144501168,11731.194046585239,0.5570524851408792,2.0100149529865687
9.450000000000077,80.08761582088002,-96.87977000795722,-0.370484201995619,0.8585618845574662,-80.08761582088002,96.87977000795722,0.370484201995619,-0.8585618845574662,8.587074471103763,1.35,-,103551.33157605104,11778.12249576922,0.557738777860521,2.013700595534644
9.455000000000078,79.61803573511808,-91.94419745846442,-0.36870536978946744,0.020091492418440254,-79.61803573511808,91.94419745846442,0.36870536978946744,-0.020091492418440254,-3.883370680329973,-1.35,-,103583.02673412264,11820.391173000631,0.558418496109079,2.013702613874982
9.460000000000079,79.14000532283316,-96.61122604669755,-0.3672340768891261,0.6013057187838071,-79.14000532283316,96.61122604669755,0.3672340768891261,-0.6013057187838071,4.74445032039959,1.35,-,103614.34243633514,11867.059817991869,0.5590928004452221,2.015510456712193
9.46500000000008,78.67171742424827,-91.69036089746923,-0.3667468480711248,-0.2386859776477461,-78.67171742424827,91.69036089746923,0.3667468480711248,0.2386859776477461,-7.768430906762517,-1.35,-,103645.28863194755,11909.095429399416,0.5597653166980727,2.015795311691821
9.47000000000008,78.1950180608996,-96.34226455284924,-0.3665614738592666,0.3446958544213044,-78.1950180608996,96.34226455284924,0.3665614738592666,-0.3446958544213044,0.8729711398095668,0.8729711398095668,-,103675.86093619528,11955.504589095279,0.5604371532686622,2.0163893878520973
9.475000000000081,77.71935033272848,-94.32835029336061,-0.36691912861791093,-0.3490884136500698,-77.71935033272848,94.32835029336061,0.36691912861791093,0.3490884136500698,-9.517906126577785,-1.35,-,103706.062423276,11999.99377744062,0.5611103015033909,2.016998701454821
9.480000000000082,77.23926482606315,-96.90500220751386,-0.3664372463587799,0.4138924456392818,-77.23926482606315,96.90500220751386,0.3664372463587799,-0.4138924456392818,1.8632985380997775,1.35,-,103735.89194343035,12046.946674704819,0.5617816827809861,2.017855236237607
9.485000000000083,76.76949553656385,-91.98678811153565,-0.3668884698717831,-0.426382652614391,-76.76949553656385,91.98678811153565,0.3668884698717831,0.426382652614391,-10.66802277806077,-1.35,-,103765.35972065505,12089.254520640208,0.5624547185276104,2.0187642470698597
9.490000000000084,76.29132700645447,-96.63539453779129,-0.36764100244014064,0.1569454458946706,-76.29132700645447,96.63539453779129,0.36764100244014064,-0.1569454458946706,-2.0414881586796976,-1.35,-,103794.46155353708,12135.94651802759,0.5631305180609865,2.018887406434795
9.495000000000084,75.80176323107405,-98.62674305829066,-0.3645432035049979,0.8936202270662346,-75.80176323107405,98.62674305829066,0.3645432035049979,-0.8936202270662346,8.995691021495698,1.35,-,103823.19109008179,12184.582690259027,0.563794976797095,2.022880191985905
9.500000000000085,75.32337339588554,-93.71507211428631,-0.36259625046764016,0.05290118156692519,-75.32337339588554,93.71507211428631,0.36259625046764016,-0.05290118156692519,-3.506792539961029,-1.35,-,103851.55914298048,12228.495263965964,0.5644523570013611,2.022894184660961
9.505000000000086,74.83657845632676,-98.36166681682707,-0.36094243941294396,0.6401158525772838,-74.83657845632676,98.36166681682707,0.36094243941294396,-0.6401158525772838,5.213830999381627,1.35,-,103879.56171035573,12276.870351460893,0.565103754224208,2.0249429261845653
9.510000000000087,74.35945579584521,-93.46694124316195,-0.36026911972882725,-0.20234741219191427,-74.35945579584521,93.46694124316195,0.36026911972882725,0.20234741219191427,-7.334208571840553,-1.35,-,103907.208353687,12320.550696987664,0.565752723417359,2.025147648560669
9.515000000000088,73.87397214042578,-98.0962904205886,-0.3598821954510742,0.3874594129100694,-73.87397214042578,98.0962904205886,0.3598821954510742,-0.3874594129100694,1.406691339090187,1.35,-,103934.49517248603,12368.665107959074,0.5664002993903726,2.0258982725439325
9.520000000000088,73.39815893855283,-93.20527466695015,-0.36047408960589944,-0.4554019674565689,-73.39815893855283,93.20527466695015,0.36047408960589944,0.4554019674565689,-11.166319991733914,-1.35,-,103961.43162116388,12412.101224087788,0.5670500072367587,2.026935227303749
9.52500000000009,72.91400167427521,-97.83001896509711,-0.3613516564979508,0.13433152436872509,-72.91400167427521,97.83001896509711,0.3613516564979508,-0.13433152436872509,-2.4453422942693193,-1.35,-,103988.01387936466,12459.954787141352,0.5677028823350279,2.027025452095945
9.53000000000009,72.41975792041323,-99.21858758158301,-0.35868389039859255,0.7220337924339203,-72.41975792041323,99.21858758158301,0.35868389039859255,-0.7220337924339203,6.362667095714785,1.35,-,104014.23698605092,12509.176427749782,0.5683461530011853,2.029632116083028
9.53500000000009,71.93833777199113,-94.33003984715734,-0.3576016237700936,-0.12087759163637754,-71.93833777199113,94.33003984715734,0.3576016237700936,0.12087759163637754,-6.186255517160569,-1.35,-,104040.11260825791,12553.66720983762,0.5689855476078004,2.029705173043827
9.540000000000092,71.44866029450256,-98.85401074740206,-0.3568261556775919,0.4457819538555887,-71.44866029450256,98.85401074740206,0.3568261556775919,-0.4457819538555887,2.2152031695020136,1.35,-,104065.63716354732,12602.527787041865,0.5696221721346787,2.0306987807957437
9.545000000000092,70.96902372835719,-93.9754201315406,-0.3571295552868305,-0.39822096919606864,-70.96902372835719,93.9754201315406,0.3571295552868305,0.39822096919606864,-10.37100532074001,-1.35,-,104090.8201751921,12646.68468498637,0.5702598797309757,2.031491680497281
9.550000000000093,70.48106167708146,-98.5896843805161,-0.3577113364202822,0.19473411648468078,-70.48106167708146,98.5896843805161,0.3577113364202822,-0.19473411648468078,-1.5972095195610854,-1.35,-,104115.65807546774,12695.284314317627,0.5708996667319937,2.0316812873778964
9.555000000000094,69.98488356841487,-99.35095958639407,-0.3551832513984552,0.6490404136059243,-69.98488356841487,99.35095958639407,0.3551832513984552,-0.6490404136059243,5.22023358412075,1.35,-,104140.14749510816,12744.637380171322,0.5715304424423636,2.0337875546703654
9.560000000000095,69.50275744855247,-94.47642381098733,-0.3544701435104874,-0.1951858133024338,-69.50275744855247,94.47642381098733,0.3544701435104874,0.1951858133024338,-7.3542575304714655,-1.35,-,104164.30066157292,12789.266353451894,0.5721586878555655,2.033978042178938
9.565000000000095,69.01216111198677,-99.02395715443694,-0.35408820543789477,0.3604279934785439,-69.01216111198677,99.02395715443694,0.35408820543789477,-0.3604279934785439,0.8751041220004692,0.8751041220004692,-,104188.11405347966,12838.29507390452,0.5727855801417167,2.034627583871353
9.570000000000096,68.52299913544344,-97.03837775391253,-0.3543792123092578,-0.3373243751158782,-68.52299913544344,97.03837775391253,0.3543792123092578,0.3373243751158782,-9.575401401037551,-1.35,-,104211.59106053224,12885.377307690083,0.5734135032723015,2.0351965225415896
9.575000000000097,68.02992427417992,-99.26884076423732,-0.35390400240227504,0.3558870368129329,-68.02992427417992,99.26884076423732,0.35390400240227504,-0.3558870368129329,0.7655656718423172,0.7655656718423172,-,104234.731413516,12934.648821423469,0.5740397434868832,2.035829800456447
9.580000000000098,67.53799685466981,-97.79652582167022,-0.3540764476207614,-0.2947012531252957,-67.53799685466981,97.79652582167022,0.3540764476207614,0.2947012531252957,-8.98607615343747,-1.35,-,104257.53831861171,12982.46962373742,0.574666594140682,2.0362640445994153
9.585000000000099,67.04324707496956,-99.45230326981661,-0.35337545030500855,0.36294704542001993,-67.04324707496956,99.45230326981661,0.35337545030500855,-0.36294704542001993,0.8362577443276205,0.8362577443276205,-,104280.01230350349,13031.923426865786,0.5752909651850734,2.036922697388311
9.5900000000001,66.55122975381454,-97.70464260738072,-0.35361828538675005,-0.3229432035878552,-66.55122975381454,97.70464260738072,0.35361828538675005,0.3229432035878552,-9.440465996614112,-1.35,-,104302.15763441221,13079.654412800974,0.5759161946438728,2.037444158952029
9.5950000000001,66.05620391279926,-99.50193997715769,-0.35312950945238425,0.319115050991087,-66.05620391279926,99.50193997715769,0.35312950945238425,-0.319115050991087,0.14199248004935794,0.14199248004935794,-,104323.97474478907,13129.15759309707,0.5765396968961033,2.0379533310308746
9.600000000000101,65.55983267488051,-99.1224187603519,-0.35219912265120507,0.09742854363854085,-65.55983267488051,99.1224187603519,0.35219912265120507,-0.09742854363854085,-3.1816137534017805,-1.35,-,104345.46520309086,13178.283862601591,0.5771599180060848,2.0380007926364523
9.605000000000102,65.06224505616102,-99.52146007015482,-0.35043075228673143,0.47853992984517857,-65.06224505616102,99.52146007015482,0.35043075228673143,-0.47853992984517857,2.5336982642200523,1.35,-,104366.63068174961,13227.806467674076,0.5777739265668261,2.0391457949587335
9.610000000000102,64.57920876116661,-94.66514413068836,-0.3505755508681032,-0.3673751339779349,-64.57920876116661,94.66514413068836,0.3505755508681032,0.3673751339779349,-10.079394804857676,-1.35,-,104387.48305277071,13272.613915240503,0.5783884426511586,2.03982061740406
9.615000000000103,64.08755938526139,-99.23207116809719,-0.351061958234381,0.18473288643497984,-64.08755938526139,99.23207116809719,0.351061958234381,-0.18473288643497984,-1.916075124942506,-1.35,-,104408.01912911051,13321.848934982063,0.5790046651437555,2.039991248600713
9.620000000000104,63.59003078944847,-99.4677871712945,-0.3489827567137177,0.5322128287054934,-63.59003078944847,99.4677871712945,0.3489827567137177,-0.5322128287054934,3.3026965680286837,1.35,-,104428.23758918954,13371.31813840584,0.5796136099661731,2.041407501075907
9.625000000000105,63.10724723615594,-94.61722536087535,-0.3488605151114884,-0.3142081932626568,-63.10724723615594,94.61722536087535,0.3488605151114884,0.3142081932626568,-9.314085243383447,-1.35,-,104448.15021245816,13416.0802350808,0.5802221282611925,2.041901135019474
9.630000000000106,62.615778198305904,-99.19537554669658,-0.3490851475164066,0.23623034747800856,-62.615778198305904,99.19537554669658,0.3490851475164066,-0.23623034747800856,-1.1720983835776664,-1.1720983835776664,-,104467.75389085506,13465.27884773006,0.5808314304622754,2.042180158904822
9.635000000000106,62.118393170566165,-99.4637734733707,-0.3469003268667404,0.5362265266292996,-62.118393170566165,99.4637734733707,0.3469003268667404,-0.5362265266292996,3.3353532537936217,1.35,-,104487.04736470553,13514.744058897877,0.5814331296461768,2.0436178533441267
9.640000000000107,61.63560409661629,-94.62170906366777,-0.3467603552395278,-0.3109692545148435,-61.63560409661629,94.62170906366777,0.3467603552395278,0.3109692545148435,-9.292954163724273,-1.35,-,104506.0421031673,13559.510398028531,0.5820343433660061,2.0441013627303946
9.645000000000108,61.14428472299817,-99.16363493182034,-0.3469472998971769,0.2468176802342638,-61.14428472299817,99.16363493182034,0.3469472998971769,-0.2468176802342638,-1.0394456046601763,-1.0394456046601763,-,104524.73522093875,13608.677530492996,0.582636205510536,2.044405957566776
9.650000000000109,60.646960961830146,-99.48284428349005,-0.3448013604687689,0.5171557165099421,-60.646960961830146,99.48284428349005,0.3448013604687689,-0.5171557165099421,3.021536893421002,1.35,-,104543.12549030827,13658.16171202667,0.5832306454014416,2.0457432077423707
9.65500000000011,60.164050544994566,-94.64924578101267,-0.34475912829022,-0.3308117646056185,-60.164050544994566,94.64924578101267,0.34475912829022,0.3308117646056185,-9.619986287258047,-1.35,-,104561.22405519818,13702.954110661249,0.583824939684139,2.046290389860378
9.66000000000011,59.6727423227902,-99.15975976203131,-0.34502646521467556,0.23342049127623649,-59.6727423227902,99.15975976203131,0.34502646521467556,-0.23342049127623649,-1.2703751114056046,-1.2703751114056046,-,104579.0282360798,13752.117400441575,0.5844201559926318,2.0465628154891164
9.665000000000111,59.17546153119926,-99.43342038744213,-0.3427465317600705,0.5665796125578781,-59.17546153119926,99.43342038744213,0.3427465317600705,-0.5665796125578781,3.735846265466243,1.35,-,104596.53691231695,13801.552425891312,0.5850075319177996,2.0481678777759478
9.670000000000112,58.692775245145945,-94.60797757033626,-0.34245915063054877,-0.2821023779789499,-58.692775245145945,94.60797757033626,0.34245915063054877,0.2821023779789499,-8.912871470743367,-1.35,-,104613.76112164684,13846.305772991065,0.5855939232670527,2.0485657865342546
9.675000000000113,58.2015148957364,-99.14940285929337,-0.34249711340751793,0.2766552557132992,-58.2015148957364,99.14940285929337,0.34249711340751793,-0.2766552557132992,-0.6425553267696926,-0.6425553267696926,-,104630.69820332763,13895.458793427844,0.5861804446305152,2.0489484771868236
9.680000000000113,57.70428487595797,-99.53574637076653,-0.34053015986705476,0.44394419212578357,-57.70428487595797,99.53574637076653,0.34053015986705476,-0.44394419212578357,1.86866695150392,1.35,-,104647.34712579286,13944.99561745578,0.5867602485794107,2.0499339094154347
9.685000000000114,57.221053090349834,-94.72002115057018,-0.34085933401150464,-0.4056758140926736,-57.221053090349834,94.72002115057018,0.34085933401150464,0.4056758140926736,-10.803585520960082,-1.35,-,104663.71837037671,13989.855029489609,0.5873411740073246,2.0507567737461336
9.690000000000115,56.72971787675468,-99.16558954129215,-0.34145844558312916,0.17385226146587135,-56.72971787675468,99.16558954129215,0.34145844558312916,-0.17385226146587135,-2.228215837514523,-1.35,-,104679.80967482859,14039.024100234976,0.5879241433576249,2.0509078967902177
9.695000000000116,56.2322774888137,-99.46209842977495,-0.33937273748820335,0.5379015702250406,-56.2322774888137,99.46209842977495,0.33937273748820335,-0.5379015702250406,3.2379816220096074,1.35,-,104695.62001998648,14088.487645355255,0.5885000126323762,2.052354587286471
9.700000000000117,55.74940656447816,-94.650180439857,-0.339232473609017,-0.3119967017709617,-55.74940656447816,94.650180439857,0.339232473609017,0.3119967017709617,-9.431464976917693,-1.35,-,104711.16000164795,14133.28092864175,0.5890754059881307,2.052841296996051
9.705000000000117,55.25793708435247,-99.1891682568971,-0.33941561477670146,0.24770229235066774,-55.25793708435247,99.1891682568971,0.33941561477670146,-0.24770229235066774,-1.149165718154349,-1.149165718154349,-,104726.42719970204,14182.473384139234,0.589651420785902,2.0531480791242296
9.710000000000118,54.760592802675106,-99.45591951012108,-0.3371846237026961,0.5440804898789254,-54.760592802675106,99.45591951012108,0.3371846237026961,-0.5440804898789254,3.3047433145480225,1.35,-,104741.42081232254,14231.93078376726,0.5902198881382098,2.054628197021564
9.715000000000119,54.27772565407555,-94.65304886236638,-0.337015899013408,-0.3066291655661042,-54.27772565407555,94.65304886236638,0.337015899013408,0.3066291655661042,-9.376627919776988,-1.35,-,104756.15116983344,14276.726782061975,0.590787786719149,2.055098304247443
9.72000000000012,53.786402488296964,-99.15805005050896,-0.33715167595702694,0.2600389334878001,-53.786402488296964,99.15805005050896,0.33715167595702694,-0.2600389334878001,-0.9883960385167032,-0.9883960385167032,-,104770.6160552966,14325.888376511079,0.5913561429821522,2.0554364054820904
9.72500000000012,53.28911580503713,-99.48083990158662,-0.33497519127777503,0.519160098413375,-53.28911580503713,99.48083990158662,0.33497519127777503,-0.519160098413375,2.9047214412037516,1.35,-,104784.81470461302,14375.370564048711,0.5919171848760102,2.0567840415210137
9.730000000000121,52.806095884070366,-94.68707176855676,-0.3349336335067455,-0.3323703723413815,-52.806095884070366,94.68707176855676,0.3349336335067455,0.3323703723413815,-9.791057687730225,-1.35,-,104798.7571234256,14420.198771849238,0.5924780875702804,2.0573363918430654
9.735000000000122,52.31477642200607,-99.15547952527065,-0.33517635565130405,0.24175306297355484,-52.31477642200607,99.15547952527065,0.33517635565130405,-0.24175306297355484,-1.2918679237914088,-1.2918679237914088,-,104812.44130258603,14469.357817448677,0.593039803517219,2.057628614560351
9.740000000000123,51.817546091994764,-99.41698672903681,-0.33282856029988345,0.5830132709631857,-51.817546091994764,99.41698672903681,0.33282856029988345,-0.5830132709631857,3.8371327690485875,1.35,-,104825.866593001,14518.776503700092,0.5935936777699755,2.0593281369309473
9.745000000000124,51.33482182597711,-94.63176823783762,-0.3324696843181473,-0.26924574499032483,-51.33482182597711,94.63176823783762,0.3324696843181473,0.26924574499032483,-8.864973931344748,-1.35,-,104839.04291266053,14563.552361499198,0.5941463582249287,2.059690603286924
9.750000000000124,50.843561784991735,-99.14291658017278,-0.33241725212238,0.29713330690302736,-50.843561784991735,99.14291658017278,0.33241725212238,-0.29713330690302736,-0.47837503849407526,-0.47837503849407526,-,104851.96825153545,14612.698951039321,0.5946988643724718,2.06013204429728
9.755000000000125,50.346444369049635,-99.51376742001605,-0.33048039123193207,0.42301946612265773,-50.346444369049635,99.51376742001605,0.33048039123193207,-0.42301946612265773,1.411668549722549,1.35,-,104864.64207383848,14662.213900569954,0.5952449508174159,2.0610267716408734
9.760000000000126,49.86319836498303,-94.73912963569711,-0.33092527079371636,-0.4302608785305288,-49.86319836498303,94.73912963569711,0.33092527079371636,0.4302608785305288,-11.3180468979783,-1.35,-,104877.0737665944,14707.091413990607,0.5957925084916654,2.061952393758843
9.765000000000127,49.37191269845123,-99.15791003820848,-0.3316141434034802,0.1611581897117213,-49.37191269845123,99.15791003820848,0.3316141434034802,-0.1611581897117213,-2.565120998202504,-1.35,-,104889.26169541193,14756.252869606342,0.5963423481921917,2.062082253569399
9.770000000000127,48.87445014936695,-99.46792595384692,-0.3295671339478708,0.5320740461530912,-48.87445014936695,99.46792595384692,0.3295671339478708,-0.5320740461530912,3.003223169976046,1.35,-,104901.20525479894,14805.72221107415,0.5968854206710849,2.063497767522348
9.775000000000128,48.39143005928474,-94.6959770990398,-0.3294666520987061,-0.321366880795064,-48.39143005928474,94.6959770990398,0.3294666520987061,0.321366880795064,-9.72076533301596,-1.35,-,104912.91390731485,14850.558851467866,0.5974281620453106,2.0640141508827075
9.780000000000129,47.89987752162935,-99.19927045731883,-0.3296679616407645,0.24686296345235226,-47.89987752162935,99.19927045731883,0.3296679616407645,-0.24686296345235226,-1.3100652811073867,-1.3100652811073867,-,104924.38589864779,14899.761327764194,0.5979715668699725,2.06431885749633
9.78500000000013,47.40259774288966,-99.41385355471994,-0.3273051062151799,0.5861464452800667,-47.40259774288966,99.41385355471994,0.3273051062151799,-0.5861464452800667,3.790446924594489,1.35,-,104935.62093001166,14949.176899157199,0.5985072100327453,2.0660366957729024
9.79000000000013,46.919821456309194,-94.65126250318839,-0.3269365051562122,-0.26809996154397897,-46.919821456309194,94.65126250318839,0.3269365051562122,0.26809996154397897,-8.941779392314267,-1.35,-,104946.62827823912,14993.971206624443,0.5990416474247642,2.066396083719802
9.795000000000131,46.42850759800239,-99.1500986331247,-0.32686634974762807,0.3015809029589521,-46.42850759800239,99.1500986331247,0.32686634974762807,-0.3015809029589521,-0.5051433705725381,-0.5051433705725381,-,104957.40630982802,15043.124916919242,0.5995758554777509,2.0668508389249496
9.800000000000132,45.93137006280943,-99.5149995674286,-0.32488670962482435,0.43409409563377216,-45.93137006280943,99.5149995674286,0.32488670962482435,-0.43409409563377216,1.485065601298022,1.35,-,104967.95476360725,15092.641092613776,0.6001036123482052,2.0677930273442704
9.805000000000133,45.4480493348084,-94.76335516514618,-0.3252821948061947,-0.4211957943282083,-45.4480493348084,94.76335516514618,0.3252821948061947,0.4211957943282083,-11.274514966926633,-1.35,-,104978.28238954896,15137.541560024561,0.6006326548794949,2.068680056830069
9.810000000000134,44.95673258757069,-99.15784803507374,-0.32590938261441343,0.1745549273920063,-44.95673258757069,99.15784803507374,0.32590938261441343,-0.1745549273920063,-2.455204485534755,-1.35,-,104988.3879285737,15186.702954159304,0.6011637395078755,2.0688324039434534
9.815000000000135,44.45931618568452,-99.45490868697941,-0.32379735640791296,0.5450913130205937,-44.45931618568452,99.45490868697941,0.32379735640791296,-0.5450913130205937,3.108683822878003,1.35,-,104998.2710825522,15236.15934846899,0.6016879631479594,2.070318026641106
9.820000000000135,43.97629013183336,-94.70677191433984,-0.32363798256172854,-0.3104286730672983,-43.97629013183336,94.70677191433984,0.32363798256172854,0.3104286730672983,-9.646083667448865,-1.35,-,105007.940653021,15281.00621170117,0.6022116708667425,2.070799856446418
9.825000000000136,43.48476022948402,-99.19087645813111,-0.3237685385966328,0.26250619147588644,-43.48476022948402,99.19087645813111,0.3237685385966328,-0.26250619147588644,-1.163362326794457,-1.163362326794457,-,105017.39527488207,15330.200361563839,0.6027358011996676,2.071144403949234
9.830000000000137,42.9874737081168,-99.43521959895342,-0.32144517977442094,0.5647804010465715,-42.9874737081168,99.43521959895342,0.32144517977442094,-0.5647804010465715,3.3808228754278615,1.35,-,105026.6348893611,15379.637176047307,0.6032524362176688,2.072739288456266
9.835000000000138,42.50451676713309,-94.69700266069069,-0.32118989842579276,-0.29160110199913764,-42.50451676713309,94.69700266069069,0.32118989842579276,0.29160110199913764,-9.385624388902446,-1.35,-,105035.66805908913,15424.474787611907,0.6037682509719227,2.0731644444697017
9.840000000000138,42.01317892351269,-99.1506178657838,-0.3212071772421521,0.2878169261982686,-42.01317892351269,99.1506178657838,0.3212071772421521,-0.2878169261982686,-0.8033389660334211,-0.8033389660334211,-,105044.49359510544,15473.629012727748,0.6042841212254821,2.073578637384733
9.84500000000014,41.5159478447282,-99.49900112085855,-0.3190385891498661,0.5009988791414486,-41.5159478447282,99.49900112085855,0.3190385891498661,-0.5009988791414486,2.400062241245694,1.35,-,105053.11146473266,15523.129268847999,0.6047930493323159,2.074833636769238
9.85000000000014,41.03263802765503,-94.77122306071257,-0.3191053518706678,-0.3563234307527663,-41.03263802765503,94.77122306071257,0.3191053518706678,0.3563234307527663,-10.385550679459561,-1.35,-,105061.52985165021,15568.037192450123,0.6053021904602786,2.0754684687057554
9.85500000000014,40.541274129483284,-99.15317139399373,-0.3194054163453069,0.23721801168516926,-40.541274129483284,99.15317139399373,0.3194054163453069,-0.23721801168516926,-1.5942235326026073,-1.35,-,105069.74782619042,15617.193949437564,0.6058122895602323,2.0757498306310946
9.860000000000142,40.044071061604924,-99.40013494907282,-0.3170102870357967,0.5998650509271771,-40.044071061604924,99.40013494907282,0.3170102870357967,-0.5998650509271771,3.8565816018534473,1.35,-,105077.76546432635,15666.595883577042,0.6063147671706649,2.077549021027714
9.865000000000142,39.561235704884886,-94.6802407414784,-0.3165841451608698,-0.25808026824287916,-39.561235704884886,94.6802407414784,0.3165841451608698,0.25808026824287916,-8.931121587690406,-1.35,-,105085.59092117884,15711.41762351137,0.6068158947755011,2.077882048151996
9.870000000000143,39.06991225378772,-99.14513462280014,-0.3164354293507399,0.319949137175345,-39.06991225378772,99.14513462280014,0.3164354293507399,-0.319949137175345,-0.36740058493541783,-0.36740058493541783,-,105093.22321139643,15760.566412108243,0.6073165516802431,2.078393885403892
9.875000000000144,38.57294253327237,-99.49036130890488,-0.31449313070603885,0.4164995039290251,-38.57294253327237,99.49036130890488,0.31449313070603885,-0.4164995039290251,1.0832060734975915,1.0832060734975915,-,105100.6625708748,15810.058072075133,0.6078110813265496,2.079261244587758
9.880000000000145,38.08479680635929,-96.38845617684511,-0.3147334346143145,-0.3577792478476515,-38.08479680635929,96.38845617684511,0.3147334346143145,0.3577792478476515,-10.49206748821202,-1.35,-,105107.91482961371,15856.511744495918,0.6083063670008703,2.07990127453871
9.885000000000145,37.59119099733511,-99.37396576976812,-0.31462200637489807,0.28906393804296715,-37.59119099733511,99.37396576976812,0.31462200637489807,-0.28906393804296715,-0.8672027004809222,-0.8672027004809222,-,105114.9803178167,15905.887669859982,0.6088013020353472,2.0803190643400944
9.890000000000146,37.093516660787444,-99.51861480295756,-0.31253517827389166,0.4813851970424423,-37.093516660787444,99.51861480295756,0.31253517827389166,-0.4813851970424423,2.0261186519006067,1.35,-,105121.85996270803,15955.407443321486,0.6092896932236408,2.0814777228797525
9.895000000000147,36.61002993697735,-94.81734991953826,-0.31270667619316495,-0.3781906446966972,-36.61002993697735,94.81734991953826,0.31270667619316495,0.3781906446966972,-10.795405614259604,-1.35,-,105128.56143416796,16000.359092550314,0.6097786205503197,2.0821928636984333
9.900000000000148,36.11838689501981,-99.20504178529929,-0.31311306601343036,0.21520878830461584,-36.11838689501981,99.20504178529929,0.31311306601343036,-0.21520878830461584,-2.0079295255374108,-1.35,-,105135.08412352746,16049.567294128437,0.6102688195108614,2.082424437811251
9.905000000000149,35.62102368932194,-99.42530748634435,-0.3108404075761728,0.5746925136556469,-35.62102368932194,99.42530748634435,0.3108404075761728,-0.5746925136556469,3.3941163890381016,1.35,-,105141.42841017083,16098.994252972216,0.6107519283057721,2.0840757952375104
9.91000000000015,35.13798414464969,-94.73131977450853,-0.31054687228679106,-0.2854772560233391,-35.13798414464969,94.73131977450853,0.31054687228679106,0.2854772560233391,-9.429468954356135,-1.35,-,105147.60179981957,16143.864367703323,0.6112341251052077,2.0844832815560435
9.91500000000015,34.646486355470216,-99.1751188890075,-0.3105194964382016,0.296930174247999,-34.646486355470216,99.1751188890075,0.3105194964382016,-0.296930174247999,-0.8014827564143798,-0.8014827564143798,-,105153.60369490348,16193.042888736574,0.6117162368935489,2.084924119197938
9.920000000000151,34.149223675703574,-99.4928341364646,-0.3083173222176824,0.5071658635354072,-34.149223675703574,99.4928341364646,0.3083173222176824,-0.5071658635354072,2.3588403840647234,1.35,-,105159.43454229174,16242.537008959112,0.6121915347494464,2.0862102052636167
9.925000000000152,33.665810104948655,-94.81002371870447,-0.30836473594687047,-0.3539970015202766,-33.665810104948655,94.81002371870447,0.30836473594687047,0.3539970015202766,-10.484994132183349,-1.35,-,105165.10147614185,16287.481711946826,0.6126669788013244,2.0868367746490435
9.930000000000152,33.17439640700172,-99.15575849872586,-0.30862285883881924,0.2483462841366449,-33.17439640700172,99.15575849872586,0.30862285883881924,-0.2483462841366449,-1.5602879342270637,-1.35,-,105170.60417902669,16336.641034164122,0.6131432191463136,2.0871451540332657
9.935000000000153,32.677230007190595,-99.38780521965892,-0.3061686659436058,0.6121947803410813,-32.677230007190595,99.38780521965892,0.3061686659436058,-0.6121947803410813,3.909724811856578,1.35,-,105175.9431858314,16386.030713296033,0.6136119154063422,2.0890190662786505
9.940000000000154,32.194319858192046,-94.71357992699448,-0.30569247105448766,-0.24963610315684825,-32.194319858192046,94.71357992699448,0.30569247105448766,0.24963610315684825,-8.936427417382248,-1.35,-,105181.12555698707,16430.884024408977,0.6140791548406392,2.0893306571986474
9.945000000000155,31.70298555143752,-99.13890229820665,-0.30547156002379783,0.3369942649275194,-31.70298555143752,99.13890229820665,0.30547156002379783,-0.3369942649275194,-0.24181805035080894,-0.24181805035080894,-,105186.15095345145,16480.02663415345,0.6145457192105562,2.0898984828716176
9.950000000000156,31.206365032751336,-99.4377708291973,-0.30360872800950767,0.3938678359795233,-31.206365032751336,99.4377708291973,0.30360872800950767,-0.3938678359795233,0.6133858042763418,0.6133858042763418,-,105191.02013954424,16529.46598549086,0.615006610509174,2.0906741422327135
9.955000000000156,30.712801633235163,-98.22918773932372,-0.3032575066850965,-0.1455034666766187,-30.712801633235163,98.22918773932372,0.3032575066850965,0.1455034666766187,-7.467486289882796,-1.35,-,105195.73652046506,16577.710852110504,0.6154664360859784,2.0907799985267883
9.960000000000157,30.216709447117683,-99.55218526244686,-0.30195647164213024,0.4478147375531466,-30.216709447117683,99.55218526244686,0.30195647164213024,-0.4478147375531466,1.4054986613010156,1.35,-,105200.30176811412,16627.264040063154,0.6159223246398113,2.0917826887226374
9.965000000000158,29.73291182576089,-94.89732619796965,-0.30230828789072905,-0.4157603741910847,-29.73291182576089,94.89732619796965,0.30230828789072905,0.4157603741910847,-11.479659982156162,-1.35,-,105204.72199834231,16672.29155266078,0.6163792761444485,2.092646972166375
9.970000000000159,29.241292674025903,-99.1917858216128,-0.30284157305499465,0.1973122288257937,-29.241292674025903,99.1917858216128,0.30284157305499465,-0.1973122288257937,-2.3971241729092343,-1.35,-,105208.99726432856,16721.48660453319,0.6168378412363007,2.0928416327445962
9.97500000000016,28.743900736505637,-99.43432332886984,-0.30062614885187544,0.5656766711301594,-28.743900736505637,99.43432332886984,0.30062614885187544,-0.5656766711301594,3.136827397057088,1.35,-,105213.12832347631,16770.92252781255,0.6172897216431683,2.094441583225901
9.98000000000016,28.260685875063103,-94.78372180473964,-0.3003886861737524,-0.29815383913297777,-28.260685875063103,94.78372180473964,0.3003886861737524,0.29815383913297777,-9.743384880693224,-1.35,-,105217.12165530695,16815.842297408348,0.6177408884570743,2.09488606178485
9.985000000000161,27.769090044013797,-99.18690660636278,-0.30039423532587783,0.29311822695027423,-27.769090044013797,99.18690660636278,0.30039423532587783,-0.29311822695027423,-0.9821146560007581,-0.9821146560007581,-,105220.97726711632,16865.032509619054,0.6181920719401595,2.095315653259702
9.990000000000162,27.2718409061593,-99.4483415953749,-0.29805773402018737,0.5516584046250955,-27.2718409061593,99.4483415953749,0.29805773402018737,-0.5516584046250955,2.9059168634124966,1.35,-,105224.69603364838,16914.482372849412,0.6186362640042058,2.09683728823667
9.995000000000163,26.788522043116632,-94.80889376476175,-0.2978932364502569,-0.3131126670491373,-26.788522043116632,94.80889376476175,0.2978932364502569,0.3131126670491373,-9.989725546061484,-1.35,-,105228.28415821465,16959.426004533907,0.6190799659058199,2.097327485948003
10.000000000000163,26.297108113208246,-99.1490390296576,-0.29793367128951337,0.2919799153433385,-26.297108113208246,99.1490390296576,0.29793367128951337,-0.2919799153433385,-1.0204027952574453,-1.0204027952574453,-,105231.74184769024,17008.578664236436,0.6195237882682603,2.0977537473028227
10.005000000000164,25.79994511610248,-99.43194801807572,-0.29554306083032567,0.5680519819242792,-25.79994511610248,99.43194801807572,0.29554306083032567,-0.5680519819242792,3.130992660691888,1.35,-,105235.07003353021,17058.01222566979,0.6199605167722851,2.0993671625736634
10.010000000000165,25.316676333081517,-94.80329512803719,-0.2952992063452606,-0.2976077495986494,-25.316676333081517,94.80329512803719,0.2952992063452606,0.2976077495986494,-9.777003188396133,-1.35,-,105238.27470403299,17102.950549505465,0.620396524878626,2.0998100144367693
10.015000000000166,24.825309990297956,-99.1377686804915,-0.295256461265059,0.3090079281835289,-24.825309990297956,99.1377686804915,0.295256461265059,-0.3090079281835289,-0.7834709702208629,-0.7834709702208629,-,105241.35618411355,17152.092035400205,0.6208324067682198,2.1002874439351706
10.020000000000167,24.32815735532432,-99.47605025147281,-0.2929754370824724,0.5239497485271851,-24.32815735532432,99.47605025147281,0.2929754370824724,-0.5239497485271851,2.4482199608542072,1.35,-,105244.31548031508,17201.56945826838,0.6212615798018882,2.1016600606300795
10.025000000000167,23.84463122482964,-94.85892875589792,-0.2929553182034694,-0.3426968303137955,-23.84463122482964,94.85892875589792,0.2929553182034694,0.3426968303137955,-10.478175553883748,-1.35,-,105247.15831250632,17246.56054009197,0.6216906938942067,2.1022472662176153
10.030000000000168,23.353224617327967,-99.1433212868907,-0.29310827550881463,0.274001698954619,-23.353224617327967,99.1433212868907,0.29310827550881463,-0.274001698954619,-1.335336089357629,-1.335336089357629,-,105249.88517800646,17295.707530870957,0.6221202562000655,2.1026226508727652
10.035000000000169,22.856163333987254,-99.36307460673258,-0.2905287291827383,0.6369253932674145,-22.856163333987254,99.36307460673258,0.2905287291827383,-0.6369253932674145,4.122935002494981,1.35,-,105252.49719901821,17345.07263384748,0.6225422909124683,2.1046510206557096
10.04000000000017,22.373176523272008,-94.75592042454984,-0.2899454879777255,-0.2304722672450756,-22.373176523272008,94.75592042454984,0.2899454879777255,0.2304722672450756,-8.806457675902134,-1.35,-,105254.99999415691,17389.966056125006,0.6229626328424616,2.104916607985555
10.04500000000017,21.881873262533357,-99.12031785328328,-0.2895830808287798,0.3693123569644098,-21.881873262533357,99.12031785328328,0.2895830808287798,-0.3693123569644098,0.0888077154701179,0.0888077154701179,-,105257.3940760443,17439.090243181694,0.6233819246459731,2.1055985660705883
10.050000000000171,21.387083665826506,-98.84968517325885,-0.2882368705624276,0.20261095629296855,-21.387083665826506,98.84968517325885,0.2882368705624276,-0.20261095629296855,-2.4058990708740016,-1.35,-,105259.68111278294,17487.946544475963,0.6237973271137313,2.105803822068638
10.055000000000172,20.89037329995063,-99.36441679561167,-0.2857542869184556,0.6355832043883216,-20.89037329995063,99.36441679561167,0.2857542869184556,-0.6355832043883216,4.095760358133782,1.35,-,105261.86315126599,17537.31298110163,0.6242056046761927,2.107823652117141
10.060000000000173,20.407316250965824,-94.77831398535726,-0.28518299443392325,-0.23354407467096663,-20.407316250965824,94.77831398535726,0.28518299443392325,0.23354407467096663,-8.86017966624186,-1.35,-,105263.94544404883,17582.227625111173,0.6246122513777642,2.1080963662912104
10.065000000000174,19.916089138723525,-99.10312484196103,-0.2848049505490332,0.3764389556240578,-19.916089138723525,99.10312484196103,0.2848049505490332,-0.3764389556240578,0.18909114483509026,0.18909114483509026,-,105265.92869708175,17631.334771878388,0.6250178206770505,2.1088048977277674
10.070000000000174,19.42192032881368,-98.65419337084248,-0.28363166845072724,0.14020832654091014,-19.42192032881368,98.65419337084248,0.28363166845072724,-0.14020832654091014,-3.347557182911559,-1.35,-,105267.81475202805,17679.998021226653,0.6254200552937913,2.1089031896019246
10.075000000000175,18.925436127120005,-99.37948535792894,-0.2812840318579484,0.6205146420710517,-18.925436127120005,99.37948535792894,0.2812840318579484,-0.6205146420710517,3.85788689112277,1.35,-,105269.60561269106,17729.379431776695,0.6258156588266827,2.110828381707048
10.080000000000176,18.44224322253653,-94.81326207486404,-0.2807930661129907,-0.2502388813901433,-18.44224322253653,94.81326207486404,0.2807930661129907,0.2502388813901433,-9.124054725142829,-1.35,-,105271.30619436645,17774.327205103087,0.6262098825565684,2.1111414791958447
10.085000000000177,17.951006370829102,-99.10141096281781,-0.2804741503193841,0.36749648735276436,-17.951006370829102,99.10141096281781,0.2804741503193841,-0.36749648735276436,0.04134709107751178,0.04134709107751178,-,105272.91738751507,17823.4326533772,0.6266032113015554,2.111816747536928
10.090000000000177,17.456048488418485,-98.91840075947339,-0.2790277705811477,0.2372157216792141,-17.456048488418485,98.91840075947339,0.2790277705811477,-0.2372157216792141,-1.9073068091817327,-1.35,-,105274.44095565923,17872.356903421267,0.6269924937853328,2.112098104029987
10.095000000000178,16.959295831075682,-99.34489934668707,-0.27642956446066475,0.6551006533129351,-16.959295831075682,99.34489934668707,0.27642956446066475,-0.6551006533129351,4.3715401790933415,1.35,-,105275.87904423467,17921.70394855229,0.6273745603058725,2.1142438883598422
10.100000000000179,16.47621474438172,-94.79958167949579,-0.2757704098076772,-0.21729379448786282,-16.47621474438172,94.79958167949579,0.2757704098076772,0.21729379448786282,-8.632906108247747,-1.35,-,105277.23637249618,17966.638751985334,0.6277548069005,2.1144799713254567
10.10500000000018,15.984987373994166,-99.09503349067377,-0.2752892360188577,0.3984822503874302,-15.984987373994166,99.09503349067377,0.2752892360188577,-0.3984822503874302,0.5053940406748783,0.5053940406748783,-,105278.51397160291,18015.73788029793,0.6281337277178393,2.115273911844826
10.11000000000018,15.492556262010943,-98.08030372764699,-0.27467153121893595,-0.05971015443864619,-15.492556262010943,98.08030372764699,0.27467153121893595,0.05971015443864619,-6.3576291089362345,-1.35,-,105279.71406810057,18063.836610194474,0.62851094996815,2.1152917383575414
10.115000000000181,14.997056864681642,-99.44413270190505,-0.27286818494636084,0.5558672980949508,-14.997056864681642,99.44413270190505,0.27286818494636084,-0.5558672980949508,2.855986317778015,1.35,-,105280.83862667358,18113.28228783865,0.6288832351999297,2.1168366806229986
10.120000000000182,14.513422175428074,-94.91621660141101,-0.2727102808358362,-0.31801932807792094,-14.513422175428074,94.91621660141101,0.2727102808358362,0.31801932807792094,-10.178731578717455,-1.35,-,105281.89182378979,18158.32772870829,0.6292550896862976,2.1173423620881544
10.125000000000183,14.02216573602884,-99.09783290072713,-0.2726635848249178,0.3216883583768689,-14.02216573602884,99.09783290072713,0.2726635848249178,-0.3216883583768689,-0.6856984252941227,-0.6856984252941227,-,105282.87492944943,18207.429631136398,0.6296268168387456,2.1178597790877305
10.130000000000184,13.525132610756003,-99.47648179061024,-0.27035669316547417,0.5235182093897678,-13.525132610756003,99.47648179061024,0.27035669316547417,-0.5235182093897678,2.3488984119824394,1.35,-,105283.78957551012,18256.907483283594,0.6299922805464424,2.119230135665544
10.135000000000185,13.041306078187755,-94.95875743050661,-0.2703627878431816,-0.351143102525407,-13.041306078187755,94.95875743050661,0.2703627878431816,0.351143102525407,-10.70011126101145,-1.35,-,105284.63995383124,18301.99331134733,0.6303577607316941,2.1198466430578002
10.140000000000185,12.549835543884665,-99.13899929273514,-0.2704788409794739,0.28906874548680683,-12.549835543884665,99.13899929273514,0.2704788409794739,-0.28906874548680683,-1.2019379964893218,-1.2019379964893218,-,105285.42744569213,18351.136017251163,0.6307235547487822,2.120264446755887
10.145000000000186,12.052773906235293,-99.37682349034719,-0.26791486265308084,0.6231765096528137,-12.052773906235293,99.37682349034719,0.26791486265308084,-0.6231765096528137,3.8234991914384606,1.35,-,105286.15379248631,18400.51478248633,0.6310824466169344,2.1222061915668027
10.150000000000187,11.569418884225149,-94.86935388511989,-0.2674244322981828,-0.2522231116346935,-11.569418884225149,94.86935388511989,0.2674244322981828,0.2522231116346935,-9.229323481326537,-1.35,-,105286.8230497529,18445.515754019238,0.6314400257518844,2.122524274057016
10.155000000000188,11.077996986413513,-99.12712541606105,-0.267090132769546,0.37161301180592143,-11.077996986413513,99.12712541606105,0.267090132769546,-0.37161301180592143,0.028420556680951004,0.028420556680951004,-,105287.43665983906,18494.646688985504,0.6317967114469988,2.1232147552097334
10.160000000000188,10.582828370748402,-98.97151009317565,-0.2655826431765002,0.2548421066357853,-10.582828370748402,98.97151009317565,0.2655826431765002,-0.2548421066357853,-1.7172251151443003,-1.35,-,105287.99664112068,18543.62348803613,0.6321493821487819,2.123539477706306
10.16500000000019,10.08603392415345,-99.33523540391583,-0.2629275116314618,0.6647645960841689,-10.08603392415345,99.33523540391583,0.2629275116314618,-0.6647645960841689,4.44429291567843,1.35,-,105288.50528152227,18592.960932999893,0.6324950365306455,2.125749037547341
10.17000000000019,9.60282122375135,-94.85003929385445,-0.2622341633568086,-0.21235151247259468,-9.60282122375135,94.85003929385445,0.2622341633568086,0.21235151247259468,-8.631673074368084,-1.35,-,105288.96635239956,18637.943582770127,0.6328388703128028,2.125974503371588
10.17500000000019,9.11152866864958,-99.09603632565211,-0.26169280155072344,0.41306773530191787,-9.11152866864958,99.09603632565211,0.26169280155072344,-0.41306773530191787,0.6531644265008576,0.6531644265008576,-,105289.38145217295,18687.04370484741,0.6331812859247202,2.1268276281413256
10.180000000000192,8.619887920024722,-97.8161688528095,-0.26131010528549486,-0.1477815410504058,-8.619887920024722,97.8161688528095,0.26131010528549486,0.1477815410504058,-7.747902555293711,-1.35,-,105289.75296451172,18734.883719292622,0.6335227007803419,2.1269368250607017
10.185000000000192,8.125090583319608,-99.40703206468221,-0.2597741359099733,0.5288762487171834,-8.125090583319608,99.40703206468221,0.2597741359099733,-0.5288762487171834,2.373394674147292,1.35,-,105290.08304999665,18784.292509412175,0.6338601137887808,2.1283353754929877
10.190000000000193,7.641468008974576,-94.93714065708333,-0.2597646473040273,-0.34952762764159173,-7.641468008974576,94.93714065708333,0.2597646473040273,0.34952762764159173,-10.73246821696697,-1.35,-,105290.37501016332,18829.357812792896,0.6341975021487258,2.1289462233054115
10.195000000000194,7.150333149186126,-99.07696554878166,-0.25982635553020766,0.3076783064499622,-7.150333149186126,99.07696554878166,0.25982635553020766,-0.3076783064499622,-0.9777467212118702,-0.9777467212118702,-,105290.63064648405,18878.439038304678,0.6345350508238664,2.129419553006711
10.200000000000195,6.653358296556865,-99.40480493834141,-0.25731239472239736,0.5951950616585894,-6.653358296556865,99.40480493834141,0.25731239472239736,-0.5951950616585894,3.3462782371383257,1.35,-,105290.85198236715,18927.845614528833,0.6348660991662554,2.131190838813825
10.205000000000195,6.1697190264541,-94.94516923752425,-0.25697314727510284,-0.2839305657620031,-6.1697190264541,94.94516923752425,0.25697314727510284,0.2839305657620031,-9.76567031924891,-1.35,-,105291.04230953148,18972.91854033655,0.6351962751583577,2.131593921644695
10.210000000000196,5.6782805534577845,-99.12317049604228,-0.25673962675444784,0.3582600241829649,-5.6782805534577845,99.12317049604228,0.25673962675444784,-0.3582600241829649,-0.23252622635477826,-0.23252622635477826,-,105291.20352388169,19022.0455549825,0.6355258513380878,2.132235672869333
10.215000000000197,5.181726239318668,-99.42457849500816,-0.2547335054764727,0.4269813190013763,-5.181726239318668,99.42457849500816,0.2547335054764727,-0.4269813190013763,0.8024946825461372,0.8024946825461372,-,105291.33777531578,19071.471789027055,0.6358502971321495,2.1331472381032137
10.220000000000198,4.689250836911001,-97.87534540453305,-0.2545978981961756,-0.23943573519745184,-4.689250836911001,97.87534540453305,0.2545978981961756,0.23943573519745184,-9.180441375518633,-1.35,-,105291.44772068285,19119.369705217345,0.636174397580979,2.1334338854596613
10.225000000000199,4.194106398785686,-99.48598661201382,-0.25349925824921493,0.44474893370147484,-4.194106398785686,99.48598661201382,0.25349925824921493,-0.44474893370147484,1.0467896554950498,1.0467896554950498,-,105291.53567332527,19168.857012878183,0.6364957069506436,2.1344228935298046
10.2300000000002,3.7046097859562703,-96.84206865209957,-0.2536157092853795,-0.3353711704605295,-3.7046097859562703,96.84206865209957,0.2536157092853795,0.3353711704605295,-10.623460177792374,-1.35,-,105291.6042939936,19215.74894418228,0.6368173115906253,2.134985262639685
10.2350000000002,3.2107105246479266,-99.40026672932068,-0.25313013313414506,0.36468028782450074,-3.2107105246479266,99.40026672932068,0.25313013313414506,-0.36468028782450074,-0.1863245932451616,-0.1863245932451616,-,105291.65583730397,19265.151009311587,0.6371376859121278,2.135650221201324
10.240000000000201,2.7131942645392026,-99.54302075883012,-0.2512331127168952,0.38176750998503256,-2.7131942645392026,99.54302075883012,0.2512331127168952,-0.38176750998503256,0.07568331442702592,0.07568331442702592,-,105291.69264441956,19314.69507422056,0.637453276296755,2.136378953359725
10.245000000000202,2.216186887065777,-99.30714935670971,-0.2497605925644013,0.23639446034751851,-2.216186887065777,99.30714935670971,0.2497605925644013,-0.23639446034751851,-2.097987494904805,-1.35,-,105291.71720184115,19364.004623787347,0.6377651780647456,2.13665836506414
10.250000000000203,1.7187416899976038,-99.40521162220418,-0.24739279588689744,0.5947883777958228,-1.7187416899976038,99.40521162220418,0.24739279588689744,-0.5947883777958228,3.2915791637897014,1.35,-,105291.73197220614,19413.41160427563,0.6380711940420294,2.138427231135945
10.255000000000203,1.2349657121030102,-94.99056717885848,-0.2470657619079095,-0.28774090323672524,-1.2349657121030102,94.99056717885848,0.2470657619079095,0.28774090323672524,-9.87251269226257,-1.35,-,105291.73959790768,19458.52764354044,0.6383764014955651,2.1388412052729224
10.260000000000204,0.7431150354799143,-99.19171613214702,-0.2468731145671946,0.34400994665653184,-0.7431150354799143,99.19171613214702,0.2468731145671946,-0.34400994665653184,-0.497057239883685,-0.497057239883685,-,105291.74235900746,19507.72262628665,0.6386811331690456,2.1394329194899155
10.265000000000205,0.24593075933441164,-99.50885435437512,-0.24466027188224956,0.4845327830693611,-0.24593075933441164,99.50885435437512,0.24466027188224956,-0.4845327830693611,1.6177478110925472,1.35,-,105291.74266141716,19557.232686761257,0.6389804264122332,2.1406067795792603
10.270000000000206,-0.23840778202604376,-95.10745343752703,-0.24488823978510163,-0.39906668789333377,0.23840778202604376,95.10745343752703,0.24488823978510163,0.39906668789333377,-11.571009295208114,-1.35,-,105291.74294560851,19602.45982525812,0.6392802776621584,2.141403050686191
10.275000000000206,-0.7301240146484802,-99.1692576204957,-0.2451529474901146,0.26810865085462904,0.7301240146484802,99.1692576204957,0.2451529474901146,-0.26810865085462904,-1.6682545625281364,-1.35,-,105291.74561101389,19651.63253354313,0.6395807775004739,2.1417624619295066
10.280000000000207,-1.2272186799895726,-99.35294804040012,-0.24255003616972573,0.6470519595998748,1.2272186799895726,99.35294804040012,0.24255003616972573,-0.6470519595998748,4.031381143444651,1.35,-,105291.75314134233,19700.98757496473,0.6398749301007036,2.1438558431216173
10.285000000000208,-1.7107984783425307,-94.96052500815236,-0.24196642735131937,-0.23711134754338833,1.7107984783425307,94.96052500815236,0.24196642735131937,0.23711134754338833,-9.153809062717364,-1.35,-,105291.7677754995,19746.075081513856,0.6401676688605294,2.1441369520772864
10.290000000000209,-2.2023867921086104,-99.13564371440492,-0.24150035962377248,0.4007925335484671,2.2023867921086104,99.13564371440492,0.24150035962377248,-0.4007925335484671,0.31857426289797686,0.31857426289797686,-,105291.79202803741,19795.21446078721,0.6404592809790216,2.1449401253520275
10.29500000000021,-2.6960462415311337,-98.46271546139296,-0.24044697956293445,0.0839885902182862,2.6960462415311337,98.46271546139296,0.24044697956293445,-0.0839885902182862,-4.423971999058828,-1.35,-,105291.82837136408,19843.688992467374,0.6407483547289263,2.1449753957684616
10.30000000000021,-3.1922951520059977,-99.37546295567756,-0.23815769608544624,0.6245370443224352,3.1922951520059977,99.37546295567756,0.23815769608544624,-0.6245370443224352,3.680489158361042,1.35,-,105291.87932510578,19893.06640565566,0.64103195016995,2.146925628367117
10.305000000000211,-3.676052696781035,-95.00414252611408,-0.2376916965726811,-0.26123178190904306,3.676052696781035,95.00414252611408,0.2376916965726811,0.26123178190904306,-9.530977135619386,-1.35,-,105291.94689192293,19938.195341141276,0.641314436883048,2.1472668385865137
10.310000000000212,-4.167494221176776,-99.10835347388395,-0.23728631683752088,0.39736136956786194,4.167494221176776,99.10835347388395,0.23728631683752088,-0.39736136956786194,0.252258952630366,0.252258952630366,-,105292.03373196334,19987.307669782804,0.6415959608638396,2.148056318876638
10.315000000000213,-4.661380600353171,-98.55656765407215,-0.2361035989325055,0.12939728334516573,4.661380600353171,98.55656765407215,0.2361035989325055,-0.12939728334516573,-3.7581813109056665,-1.35,-,105292.14237430885,20035.87465492157,0.6418746854109841,2.1481400371613235
10.320000000000213,-5.157692478250385,-99.35347083898182,-0.23367568038275036,0.6465291610181739,5.157692478250385,99.35347083898182,0.23367568038275036,-0.6465291610181739,3.999425093621702,1.35,-,105292.27538326735,20085.230215760337,0.6421477070289959,2.1502300369415583
10.325000000000214,-5.641400693287332,-95.00272922471463,-0.23310404796462658,-0.24072235343897727,5.641400693287332,95.00272922471463,0.23310404796462658,0.24072235343897727,-9.233106633279844,-1.35,-,105292.43451027626,20130.357808561068,0.6424193945148834,2.150519773198784
10.330000000000215,-6.132809355358894,-99.09674766874141,-0.23259011965129067,0.418876768493245,6.132809355358894,99.09674766874141,0.23259011965129067,-0.418876768493245,0.5670524050401311,0.5670524050401311,-,105292.6225670292,20179.458635553685,0.6426898853336804,2.151397061934701
10.335000000000216,-6.6249267141609,-97.97458150130103,-0.23197615982766281,-0.07456172552620052,6.6249267141609,97.97458150130103,0.23197615982766281,0.07456172552620052,-6.8225569789004075,-1.35,-,105292.84201529904,20227.453728655466,0.6429589500273224,2.151424859189268
10.340000000000217,-7.120178174021872,-99.42160444925253,-0.2301255655898311,0.5783955507474762,7.120178174021872,99.42160444925253,0.2301255655898311,-0.5783955507474762,2.9508105614187503,1.35,-,105293.0954999852,20276.87700581179,0.6432237389070127,2.153097566254891
10.345000000000217,-7.604284314627239,-95.08866520977188,-0.22989916905343677,-0.31023399752163994,7.604284314627239,95.08866520977188,0.22989916905343677,0.31023399752163994,-10.307942175406678,-1.35,-,105293.38462568489,20322.08627706868,0.64348800704667,2.153578791920982
10.350000000000218,-8.095645188925024,-99.09330856349992,-0.22967144355520672,0.36897759661208307,8.095645188925024,99.09330856349992,0.22967144355520672,-0.36897759661208307,-0.21609968297385462,-0.21609968297385462,-,105293.71232304002,20371.18369607899,0.6437517519065937,2.1542595142549903
10.355000000000219,-8.592011503052197,-99.39114023223583,-0.22761142480726357,0.4402089416580902,8.592011503052197,99.39114023223583,0.22761142480726357,-0.4402089416580902,0.857459487995595,0.857459487995595,-,105294.08143634837,20420.57668986232,0.6440107867101077,2.155228433816569
10.36000000000022,-9.084019208674066,-97.74174161159732,-0.22751606881924785,-0.2616760484003744,9.084019208674066,97.74174161159732,0.22751606881924785,0.2616760484003744,-9.656077358873244,-1.35,-,105294.49403337328,20468.343930128667,0.6442696045179626,2.155570805588101
10.36500000000022,-9.578734360570687,-99.446547729302,-0.22643535123294298,0.4568771911215898,9.578734360570687,99.446547729302,0.22643535123294298,-0.4568771911215898,1.084547269320835,1.084547269320835,-,105294.95279413303,20517.792009405057,0.6445259693594025,2.156614489426937
10.370000000000221,-10.06770321713462,-96.69253062813544,-0.22655149042929826,-0.3433615225773923,10.06770321713462,96.69253062813544,0.22655149042929826,0.3433615225773923,-10.885253936348452,-1.35,-,105295.45958737338,20564.53923680143,0.6447825972484813,2.1572039751028704
10.375000000000222,-10.561187308698203,-99.35359990735427,-0.2260593960152047,0.3793519174261571,10.561187308698203,99.35359990735427,0.2260593960152047,-0.3793519174261571,-0.11013166933072749,-0.11013166933072749,-,105296.01728076022,20613.89492587419,0.6450381115011151,2.157923514489145
10.380000000000223,-11.058285076758267,-99.46363082365609,-0.22417198632746893,0.3763338637823645,11.058285076758267,99.46363082365609,0.22417198632746893,-0.3763338637823645,-0.1491758577200193,-0.1491758577200193,-,105296.62870910442,20663.35999515732,0.6452893768983852,2.158631650374292
10.385000000000224,-11.555940905050718,-99.55698756662905,-0.22226731106443215,0.3790360460816616,11.555940905050718,99.55698756662905,0.22226731106443215,-0.3790360460816616,-0.10184636227616828,-0.10184636227616828,-,105297.29640795542,20712.917964024036,0.6455363906862243,2.159349991995438
10.390000000000224,-12.053799814863881,-99.58201745897304,-0.22045162436821486,0.3526993591404815,12.053799814863881,99.58201745897304,0.22045162436821486,-0.3526993591404815,-0.49007632019001646,-0.49007632019001646,-,105298.0228784053,20762.50085503004,0.6457793852796572,2.159971976185129
10.395000000000225,-12.551774005752515,-99.57251182542015,-0.2184450890786256,0.42748817457985266,12.551774005752515,99.57251182542015,0.2184450890786256,-0.42748817457985266,0.6421250857799019,0.6421250857799019,-,105298.81061355876,20812.074280586166,0.6460179765643701,2.160885706882157
10.400000000000226,-13.046065929526343,-98.35548133294306,-0.2179604492648546,-0.12089393635519012,13.046065929526343,98.35548133294306,0.2179604492648546,0.12089393635519012,-7.571768048140586,-1.35,-,105299.66161273995,20860.44328412735,0.6462555103515888,2.1609587836013944
10.405000000000227,-13.542528155929428,-99.51835646982607,-0.21648900146045588,0.4816435301739305,13.542528155929428,99.51835646982607,0.21648900146045588,-0.4816435301739305,1.4452496750684207,1.35,-,105300.57861308422,20909.962800499634,0.6464898477903556,2.1621186860521866
10.410000000000228,-14.027310488255202,-95.24883872425858,-0.21676008833126334,-0.41148805825172186,14.027310488255202,95.24883872425858,0.21676008833126334,0.41148805825172186,-11.889791392760156,-1.35,-,105301.5624402819,20955.32450689124,0.6467247724698225,2.1629652981626055
10.415000000000228,-14.519431407645085,-99.23631993405124,-0.21701784684811687,0.2714640601903171,14.519431407645085,99.23631993405124,0.21701784684811687,-0.2714640601903171,-1.7488104548538246,-1.35,-,105302.6165097239,21004.563742861515,0.6469602561990755,2.163333761842481
10.420000000000229,-15.016620791499241,-99.35311827684295,-0.21441458773349337,0.6468817231570481,15.016620791499241,99.35311827684295,0.21441458773349337,-0.6468817231570481,3.8992798341564923,1.35,-,105303.74400422387,21053.918953418186,0.6471901242762401,2.1654260416612545
10.42500000000023,-15.50059719176864,-95.09282020632749,-0.2138602792978192,-0.24678201340644743,15.50059719176864,95.09282020632749,0.2138602792978192,0.24678201340644743,-9.431514682361295,-1.35,-,105304.94534679038,21099.132175692157,0.6474188053715468,2.1657305484719593
10.43000000000023,-15.992405176916941,-99.15288865894239,-0.21336253255070897,0.4127015473973268,15.992405176916941,99.15288865894239,0.21336253255070897,-0.4127015473973268,0.3673312424437414,0.3673312424437414,-,105306.22413190709,21148.288652339226,0.6476464232230291,2.1665821613080802
10.435000000000231,-16.485902787377327,-98.39727328681185,-0.21233239810504842,0.06829566727689317,16.485902787377327,98.39727328681185,0.21233239810504842,-0.06829566727689317,-4.787932539653659,-1.35,-,105307.58305686066,21196.698769290633,0.6478718484594543,2.166605482798924
10.440000000000232,-16.9820610270005,-99.3660690073587,-0.21002956434578182,0.6339309926412972,16.9820610270005,99.3660690073587,0.21002956434578182,-0.6339309926412972,3.6919176032055363,1.35,-,105309.02500884428,21246.066847640515,0.6480924105489507,2.16861482531608
10.445000000000233,-17.46616929209319,-95.1274527439643,-0.2095448704242607,-0.2612723334433833,17.46616929209319,95.1274527439643,0.2095448704242607,0.2612723334433833,-9.663453884577674,-1.35,-,105310.55034419299,21291.3130089683,0.6483119558125564,2.168956141477195
10.450000000000234,-17.957690192089355,-99.1084138866447,-0.2090470305823167,0.42165256309256716,17.957690192089355,99.1084138866447,0.2090470305823167,-0.42165256309256716,0.48860710223728865,0.48860710223728865,-,105312.16273737817,21340.42539748394,0.6485304591175328,2.1698450958970077
10.455000000000235,-18.450304331682027,-98.13240158691467,-0.20823246837177228,-0.009552943154732919,18.450304331682027,98.13240158691467,0.20823246837177228,0.009552943154732919,-5.967441377903152,-1.35,-,105313.86480602782,21388.575238690028,0.6487472629219538,2.169845552190622
10.460000000000235,-18.945891572034242,-99.38444528742616,-0.20613489196753698,0.6155547125738332,18.945891572034242,99.38444528742616,0.20613489196753698,-0.6155547125738332,3.3957727404645515,1.35,-,105315.65954006511,21437.961578515482,0.6489597208903862,2.1717400902114816
10.465000000000236,-19.430150397439828,-95.1649729275796,-0.2057462384360456,-0.2809879294577092,19.430150397439828,95.1649729275796,0.2057462384360456,0.2809879294577092,-9.981517992855506,-1.35,-,105317.54719378745,21483.243438877023,0.6491713784635391,2.172134861293986
10.470000000000237,-19.92156363610108,-99.09822611611492,-0.20530473372888244,0.4139253570101613,19.92156363610108,99.09822611611492,0.20530473372888244,-0.4139253570101613,0.3504822814528419,0.3504822814528419,-,105319.531537276,21532.345730973833,0.6493821286319966,2.172991532299866
10.475000000000238,-20.414885704917243,-98.3751933390027,-0.2042250441763306,0.08398778426475026,20.414885704917243,98.3751933390027,0.2042250441763306,-0.08398778426475026,-4.58765819365045,-1.35,-,105321.61537506772,21580.734124296272,0.6495906679753408,2.1730268020393946
10.480000000000238,-20.910952063872795,-99.34621252027786,-0.2018288031384367,0.6537874797221468,20.910952063872795,99.34621252027786,0.2018288031384367,-0.6537874797221468,3.9560178157951813,1.35,-,105323.80171464881,21630.0824740069,0.6497943423042223,2.1751639923826023
10.48500000000024,-21.39507872510583,-95.14705833985553,-0.2012527741620878,-0.24408765511080202,21.39507872510583,95.14705833985553,0.2012527741620878,0.24408765511080202,-9.438850754894691,-1.35,-,105326.09046161707,21675.347287560548,0.649996855699762,2.1754618862994897
10.49000000000024,-21.88652208248554,-99.09234799736458,-0.2006404475475379,0.4456332993103512,21.88652208248554,99.09234799736458,0.2006404475475379,-0.4456332993103512,0.8175849331954865,0.8175849331954865,-,105328.48556086142,21724.443754718708,0.6501981386457224,2.176454831486761
10.49500000000024,-22.377256002983057,-97.5163566591001,-0.20041726867936405,-0.22267955581554416,22.377256002983057,97.5163566591001,0.20041726867936405,0.22267955581554416,-9.191869740724947,-1.35,-,105330.98926879253,21771.99095379904,0.6503989740536469,2.176702762409652
10.500000000000242,-22.871121221890427,-99.33262778053815,-0.19903841412019527,0.5348577890898679,22.871121221890427,99.33262778053815,0.19903841412019527,-0.5348577890898679,2.1357932200587095,1.35,-,105333.60470972226,21821.32580850798,0.6505970555051244,2.1781331266824027
10.505000000000242,-23.35522542697185,-95.1474338157943,-0.19906044862396413,-0.3640339903441326,23.35522542697185,95.1474338157943,0.19906044862396413,0.3640339903441326,-11.28357427791621,-1.35,-,105336.33204249598,21866.590979316643,0.6507951808161563,2.1787957304130323
10.510000000000243,-23.846178210765313,-99.04491360811132,-0.198970612508011,0.3547595503419687,23.846178210765313,99.04491360811132,0.198970612508011,-0.3547595503419687,-0.5979113330834736,-0.5979113330834736,-,105339.17524357227,21915.640453874843,0.6509931273393654,2.179425002105827
10.515000000000244,-24.34302183845318,-99.43898673217498,-0.19647806661521758,0.5610132678250198,24.34302183845318,99.43898673217498,0.19647806661521758,-0.5610132678250198,2.5055274099654063,1.35,-,105342.1381571334,21965.081014286458,0.6511861454926697,2.1809986815392057
10.520000000000245,-24.82769369062953,-95.26594808523231,-0.19637161053586258,-0.3386601976470718,24.82769369062953,95.26594808523231,0.19637161053586258,0.3386601976470718,-10.923903832073842,-1.35,-,105345.22022900339,22010.459018609356,0.651378954539792,2.1815721351865576
10.525000000000245,-25.319245833907157,-99.1328178599074,-0.19616555628700819,0.3699885462826273,25.319245833907157,99.1328178599074,0.19616555628700819,-0.3699885462826273,-0.388081340620148,-0.388081340620148,-,105348.42555005138,22059.595596493593,0.651571359167159,2.1822565928084594
10.530000000000246,-25.816189517116545,-99.47148638419176,-0.19384600725748194,0.5034417180101582,25.816189517116545,99.47148638419176,0.19384600725748194,-0.5034417180101582,1.621858352921647,1.35,-,105351.7579282573,22109.068479511003,0.6517592405398074,2.1835238606256246
10.535000000000247,-26.301064466915545,-95.3113112150404,-0.19403026005404383,-0.3971129406664839,26.301064466915545,95.3113112150404,0.19403026005404383,0.3971129406664839,-11.825416813785345,-1.35,-,105355.21665821776,22154.48970973866,0.6519474792488906,2.1843123540638487
10.540000000000248,-26.792691039678292,-99.15718988404817,-0.1940939451530449,0.3188595099342173,26.792691039678292,99.15718988404817,0.1940939451530449,-0.3188595099342173,-1.183367967550509,-1.183367967550509,-,105358.8058996835,22203.650451267175,0.652135841546616,2.1848207109992264
10.545000000000249,-27.289659653040182,-99.33567424614712,-0.1913445092042066,0.6643257538528725,27.289659653040182,99.33567424614712,0.1913445092042066,-0.6643257538528725,4.0164187986854385,1.35,-,105362.5295273034,22252.988332156867,0.652318905152629,2.1870273545353878
10.55000000000025,-27.773883102887403,-95.18702825574219,-0.19072552205159263,-0.23686899569656514,27.773883102887403,95.18702825574219,0.19072552205159263,0.23686899569656514,-9.428613655452708,-1.35,-,105366.38647021646,22298.291183897672,0.6525007862764384,2.187307889140999
10.55500000000025,-28.265557458493877,-99.12173261372156,-0.19007884731418645,0.44960975955122273,28.265557458493877,99.12173261372156,0.19007884731418645,-0.44960975955122273,0.7799067329413578,0.7799067329413578,-,105370.38117890866,22347.416773279412,0.6526814361174198,2.1883186338204177
10.560000000000251,-28.756647472315034,-97.61547959504445,-0.18974728622868328,-0.1891914670300824,28.756647472315034,97.61547959504445,0.18974728622868328,0.1891914670300824,-8.786656789674977,-1.35,-,105374.5159027779,22395.06068256227,0.6528614562805756,2.1884976008764028
10.565000000000252,-29.25085542722709,-99.36015623172904,-0.18822949600398564,0.5532446651335796,29.25085542722709,99.36015623172904,0.18822949600398564,-0.5532446651335796,2.3179901952202453,1.35,-,105378.79396549403,22444.422885794247,0.6530386079964051,2.1900279991738967
10.570000000000253,-29.735254870181024,-95.22768432393654,-0.18816992194134283,-0.3491070098903503,29.735254870181024,95.22768432393654,0.18816992194134283,0.3491070098903503,-11.15311785876137,-1.35,-,105383.214892405,22489.76444510275,0.6532156475940222,2.1906373776956696
10.575000000000253,-30.226351271430097,-99.06478980370998,-0.18796723084768818,0.3766128566465433,30.226351271430097,99.06478980370998,0.18796723084768818,-0.3766128566465433,-0.360665459948577,-0.360665459948577,-,105387.78305396091,22538.833607997025,0.6533923059933849,2.1913465639146272
10.580000000000254,-30.723046500651197,-99.4407074084346,-0.1856036570915114,0.5154363254956619,30.723046500651197,99.4407074084346,0.1856036570915114,-0.5154363254956619,1.7297540178675175,1.35,-,105392.50258189232,22588.275879446483,0.6535645495810137,2.1926749369428298
10.585000000000255,-31.207889431214614,-95.32120659546263,-0.18573590115401795,-0.3877763519250496,31.207889431214614,95.32120659546263,0.18573590115401795,0.3877763519250496,-11.757423505343851,-1.35,-,105397.37224370608,22633.706541580563,0.6537370387059013,2.193426789438391
10.590000000000256,-31.699381201269198,-99.13489850510915,-0.18571981219174744,0.3372629513871142,31.699381201269198,99.13489850510915,0.18571981219174744,-0.3372629513871142,-0.9775261302224492,-0.9775261302224492,-,105402.39649754879,22682.845182088662,0.653909497949104,2.193995520930283
10.595000000000256,-32.196351105066405,-99.36719193305673,-0.1830367743902179,0.6328080669432717,32.196351105066405,99.36719193305673,0.1830367743902179,-0.6328080669432717,3.4713715054320176,1.35,-,105407.57952267119,22732.214376251974,0.6540770102529999,2.1959977511782256
10.600000000000257,-32.68085530258963,-95.25943024543275,-0.18258341410501952,-0.2710493363047134,32.68085530258963,95.25943024543275,0.18258341410501952,0.2710493363047134,-10.016914073158235,-1.35,-,105412.91971418774,22777.5861715054,0.6542436937685312,2.1963650898917817
10.605000000000258,-33.17250521626402,-99.12882336860318,-0.1820484516985058,0.4315848771657328,33.17250521626402,99.12882336860318,0.1820484516985058,-0.4315848771657328,0.4335697059857804,0.4335697059857804,-,105418.42178969935,22826.71878961763,0.6544094019623603,2.1972964174227725
10.610000000000259,-33.66553980901419,-98.2589810341866,-0.18104271180783651,0.04757360968261297,33.66553980901419,98.2589810341866,0.18104271180783651,-0.04757360968261297,-5.313837744922653,-1.35,-,105424.0886325525,22874.99292638702,0.6545732842798541,2.1973077336644637
10.61500000000026,-34.16138873578574,-99.34798728737549,-0.17871592062883973,0.652012712624516,34.16138873578574,99.34798728737549,0.17871592062883973,-0.652012712624516,3.7460365847562045,1.35,-,105429.92363495429,22924.343039277293,0.6547329811812852,2.199433336551584
10.62000000000026,-34.64586558051999,-95.26239513716972,-0.17817112140171026,-0.2532846075262609,34.64586558051999,95.26239513716972,0.17817112140171026,0.2532846075262609,-9.762918459883762,-1.35,-,105435.92531496342,22969.71765891365,0.654891705923793,2.1997541020136326
10.625000000000261,-35.13730062400677,-99.09360887966041,-0.17751210189106068,0.4590779320373961,35.13730062400677,99.09360887966041,0.17751210189106068,-0.4590779320373961,0.836123249641552,0.836123249641552,-,105442.09846443913,23018.815375517635,0.6550492586553819,2.2008078647520515
10.630000000000262,-35.62794431255798,-97.48544391812189,-0.1772484192719864,-0.21814247998903538,35.62794431255798,97.48544391812189,0.1772484192719864,0.21814247998903538,-9.305690139780083,-1.35,-,105448.44521651883,23066.33243439721,0.655206343666054,2.2010457954599305
10.635000000000263,-36.12172189516226,-99.32238712352509,-0.17580381937081896,0.552985588400935,36.12172189516226,99.32238712352509,0.17580381937081896,-0.552985588400935,2.22640991717475,1.35,-,105454.96911048218,23115.657117316794,0.6553608785805809,2.2025747607648265
10.640000000000263,-36.60611683499767,-95.25138660678729,-0.17575730312694218,-0.3532880988193579,36.60611683499767,95.25138660678729,0.17575730312694218,0.3532880988193579,-11.304953434730155,-1.35,-,105461.66914943088,23161.021250569378,0.6555153317285932,2.2031988231686634
10.645000000000264,-37.09705639177876,-99.0424320946723,-0.17552509938510427,0.38669470775827436,37.09705639177876,99.0424320946723,0.17552509938510427,-0.38669470775827436,-0.29718677196704535,-0.29718677196704535,-,105468.55010739555,23210.068267345523,0.655669377031164,2.2039464871537047
10.650000000000265,-37.59353591852685,-99.41308267726464,-0.17317485574762778,0.511984957238181,37.59353591852685,99.41308267726464,0.17317485574762778,-0.511984957238181,1.5901484320719315,1.35,-,105475.61647710984,23259.483072382514,0.6558193246844801,2.205257130135896
10.655000000000266,-38.07842613942344,-95.35529097091502,-0.17333612892117772,-0.3951406212836282,38.07842613942344,95.35529097091502,0.17333612892117772,0.3951406212836282,-11.957394118067326,-1.35,-,105482.86630979613,23304.94622996326,0.655969551752427,2.206037810688838
10.660000000000267,-38.56981014461737,-99.12083575056403,-0.17330686974791756,0.34367008330623305,38.56981014461737,99.12083575056403,0.17330686974791756,-0.34367008330623305,-0.9697609174212436,-0.9697609174212436,-,105490.30446106908,23354.07093036272,0.6561197281079362,2.2066283563196367
10.665000000000267,-39.06673181361768,-99.35746550776425,-0.17057979201166443,0.642534492235754,39.06673181361768,99.35746550776425,0.17057979201166443,-0.642534492235754,3.5295019206613505,1.35,-,105497.93550874207,23403.43046012336,0.6562652154351499,2.2086926091882004
10.670000000000268,-39.55137425059076,-95.31163612811702,-0.17008959548383812,-0.26520815755521493,39.55137425059076,95.31163612811702,0.17008959548383812,0.26520815755521493,-10.017753988171766,-1.35,-,105505.75706476762,23448.85200003046,0.6564098677876092,2.20904428602237
10.675000000000269,-40.04300018533192,-99.12333007048947,-0.16948021731659108,0.44805562167012336,40.04300018533192,99.12333007048947,0.16948021731659108,-0.44805562167012336,0.5944444564799172,0.5944444564799172,-,105513.77427408683,23497.979172851785,0.6565534855079177,2.210048055222921
10.68000000000027,-40.53512848019466,-97.96052692822435,-0.16873522174875072,-0.05033492172246506,40.53512848019466,97.96052692822435,0.16873522174875072,0.05033492172246506,-6.86666782984051,-1.35,-,105521.98975729136,23545.96049703207,0.6566958433832107,2.210060723244645
10.68500000000027,-41.030325471696614,-99.3743477880966,-0.16668154894521853,0.6256522119033958,41.030325471696614,99.3743477880966,0.16668154894521853,-0.6256522119033958,3.255859969742861,1.35,-,105530.40719533293,23595.336802023623,0.6568347570770047,2.2120179266959434
10.690000000000271,-41.51511642295712,-95.3492115761904,-0.16628000952509578,-0.28343015026182034,41.51511642295712,95.3492115761904,0.16628000952509578,0.28343015026182034,-10.313241285245834,-1.35,-,105539.02471979099,23640.794162764636,0.656973002284843,2.2124195899463306
10.695000000000272,-42.00647877868053,-99.09263682880449,-0.16569368067406484,0.4498100425781044,42.00647877868053,99.09263682880449,0.16569368067406484,-0.4498100425781044,0.5996335408372833,0.5996335408372833,-,105547.84744108791,23689.89091613307,0.6571102742639197,2.2134312353183514
10.700000000000273,-42.49842715353528,-97.92101742721731,-0.16494838863352188,-0.051404691438455385,42.49842715353528,97.92101742721731,0.16494838863352188,0.051404691438455385,-6.9036536357654175,-1.35,-,105556.87802264054,23737.833544402984,0.6572463141184837,2.2134444475298607
10.705000000000274,-42.9935140292778,-99.36711138862955,-0.16287450068361503,0.63288861137045,42.9935140292778,99.36711138862955,0.16287450068361503,-0.63288861137045,3.3431288713588216,1.35,-,105566.12023388347,23787.202658531594,0.6573789546333484,2.2154471875018733
10.710000000000274,-43.478326153156495,-95.36116733075082,-0.16244024183557906,-0.2773542917145388,43.478326153156495,95.36116733075082,0.16244024183557906,0.2773542917145388,-10.243274395993042,-1.35,-,105575.57205810887,23832.67141970502,0.6575108887941864,2.2158318145175357
10.715000000000275,-43.96964014992591,-99.0839553087707,-0.16180653924498511,0.460089126095313,43.96964014992591,99.0839553087707,0.16180653924498511,-0.460089126095313,0.7337740905824681,0.7337740905824681,-,105585.23870438345,23881.75957070318,0.6576417955748987,2.2168902245372917
10.720000000000276,-44.46080623775589,-97.6660309589848,-0.16130225165431153,-0.13860183883571345,44.46080623775589,97.6660309589848,0.16130225165431153,0.13860183883571345,-8.230314226040306,-1.35,-,105595.12252084,23929.452838719593,0.6577718876568425,2.216986276885935
10.725000000000277,-44.955177322114785,-99.36073864423642,-0.1595248592459604,0.6003344159678389,44.955177322114785,99.36073864423642,0.1595248592459604,-0.6003344159678389,2.826721485058858,1.35,-,105605.22736068032,23978.81562063924,0.6578991285604298,2.2187882839409125
10.730000000000278,-45.440012074048326,-95.37234393880176,-0.1592568783858018,-0.31101249304413947,45.440012074048326,95.37234393880176,0.1592568783858018,0.31101249304413947,-10.779087933187087,-1.35,-,105615.55133416677,24024.295040581153,0.6580259423269957,2.2192719277950603
10.735000000000278,-45.93115144652439,-99.06499800767594,-0.15875573028246218,0.43824692166750856,45.93115144652439,99.06499800767594,0.15875573028246218,-0.43824692166750856,0.3738218527612016,0.3738218527612016,-,105626.09968753278,24073.364409732465,0.6581519592364834,2.2202322296168155
10.740000000000279,-46.424214204284574,-98.31093833499051,-0.1575650563560491,0.10478529255965265,46.424214204284574,98.31093833499051,0.1575650563560491,-0.10478529255965265,-4.614883791817141,-1.35,-,105636.8757258552,24121.689612714003,0.6582760929714059,2.2202871294044995
10.74500000000028,-46.92007880069332,-99.30074371490639,-0.15497781941679795,0.6992562850936138,46.92007880069332,99.30074371490639,0.15497781941679795,-0.6992562850936138,4.301358958826377,1.35,-,105647.88319482852,24170.99280122568,0.6583961835939618,2.2227319261657144
10.75000000000028,-47.404673379931594,-95.33406247452486,-0.15421814536306308,-0.21324622820788683,47.404673379931594,95.33406247452486,0.15421814536306308,0.21324622820788683,-9.31483378825201,-1.35,-,105659.11921011981,24216.435718565168,0.658515099775758,2.2229592959349387
10.755000000000281,-47.896014347872,-99.067324220668,-0.1532864024515476,0.5150135631723666,47.896014347872,99.067324220668,0.1532864024515476,-0.5150135631723666,1.5287203524840454,1.35,-,105670.58935107187,24265.50739220639,0.6586325833816407,2.224285490786196
10.760000000000282,-48.37947808202862,-95.11017912314159,-0.1534508534506453,-0.39820347965857106,48.37947808202862,95.11017912314159,0.1534508534506453,0.39820347965857106,-12.112197702382222,-1.35,-,105682.29222056932,24310.737123070576,0.6587503192037644,2.225078320842257
10.765000000000283,-48.86926308745229,-98.87552041044577,-0.15333552872882444,0.38346873918582247,48.86926308745229,98.87552041044577,0.15333552872882444,-0.38346873918582247,-0.48028277485203663,-0.48028277485203663,-,105694.23324494288,24359.618965752765,0.6588678781256171,2.225813562211921
10.770000000000284,-49.365522906186236,-99.38587757187588,-0.150684679777006,0.5969852611327408,49.365522906186236,99.38587757187588,0.150684679777006,-0.5969852611327408,2.732170252651054,1.35,-,105706.41801920188,24409.006729056433,0.6589814074892146,2.22759551922197
10.775000000000285,-49.85061489480453,-95.44169069658483,-0.15044100747219927,-0.3169228058318917,49.85061489480453,95.44169069658483,0.15044100747219927,0.3169228058318917,-10.913315609285242,-1.35,-,105718.84343822884,24454.552310671552,0.6590945699728609,2.228097719546252
10.780000000000285,-50.3418914964506,-99.0880935426879,-0.1499371765028192,0.43885123342176896,50.3418914964506,99.0880935426879,0.1499371765028192,-0.43885123342176896,0.3382733230724648,0.3382733230724648,-,105731.51496842604,24503.644562081183,0.6592069757573491,2.2290606715716312
10.785000000000286,-50.835273970838465,-98.40212152071392,-0.14865692518960433,0.13424586615285197,50.835273970838465,98.40212152071392,0.14865692518960433,-0.13424586615285197,-4.217619274799103,-1.35,-,105744.4360938245,24552.059449680077,0.6593174701643832,2.229150781334527
10.790000000000287,-51.33124730884317,-99.29011660902408,-0.1459929477687954,0.7098833909759226,51.33124730884317,99.29011660902408,0.1459929477687954,-0.7098833909759226,4.419304423572699,1.35,-,105757.6105785759,24601.35208596125,0.6594240398683744,2.231670453478445
10.795000000000288,-51.81592447924575,-95.36934318578085,-0.1451878904511391,-0.20527333324621913,51.81592447924575,95.36934318578085,0.1451878904511391,0.20527333324621913,-9.23694219834582,-1.35,-,105771.0350287241,24646.828644059693,0.6595294374860426,2.231881139185155
10.800000000000288,-52.307291915872995,-99.06800925454212,-0.14419257120802292,0.5277384507235259,52.307291915872995,99.06800925454212,0.14419257120802292,-0.5277384507235259,1.679536331006782,1.35,-,105784.71529266196,24695.90099634799,0.6596333949740005,2.2332736785470155
10.80500000000029,-52.79089794824092,-95.15734355560812,-0.14430135039929862,-0.38814791695480805,52.79089794824092,95.15734355560812,0.14430135039929862,0.38814791695480805,-12.001521799353402,-1.35,-,105798.64968719287,24741.1755965108,0.6597375093726359,2.2340269725741972
10.81000000000029,-53.28070138250685,-98.8767107101442,-0.14410134309770423,0.4010375530378536,53.28070138250685,98.8767107101442,0.14410134309770423,-0.4010375530378536,-0.25471912040091715,-0.25471912040091715,-,105812.84385289194,24790.058616115093,0.6598413353580487,2.2348311281689304
10.81500000000029,-53.77631551853252,-99.28511324931797,-0.1416942789790537,0.5346095200013857,53.77631551853252,99.28511324931797,0.1416942789790537,-0.5346095200013857,1.75697372960732,1.35,-,105827.30331344568,24839.346284679752,0.6599417217015257,2.236260164863311
10.820000000000292,-54.261044505877905,-95.38717885148583,-0.1417707485459073,-0.38198580222659867,54.261044505877905,95.38717885148583,0.1417707485459073,0.38198580222659867,-11.934533618852422,-1.35,-,105842.02461820003,24884.839854125985,0.660042216427242,2.236989730628825
10.825000000000292,-54.75187859290457,-99.03481924107123,-0.1415462315108174,0.39352135801440463,54.75187859290457,99.03481924107123,0.1415462315108174,-0.39352135801440463,-0.3911446309837989,-0.3911446309837989,-,105857.01345924729,24933.879331236552,0.6601423931055166,2.2377640259248923
10.830000000000293,-55.24851630238612,-99.42845498049547,-0.13901207300261156,0.5573896779557178,55.24851630238612,99.42845498049547,0.13901207300261156,-0.5573896779557178,2.07715432259124,1.35,-,105872.27545201537,24983.309419535603,0.660239014887719,2.2393174421903503
10.835000000000294,-55.73400111460058,-95.54391138405994,-0.1389766730459651,-0.3599176778509909,55.73400111460058,95.54391138405994,0.1389766730459651,0.3599176778509909,-11.623653535719562,-1.35,-,105887.80684641658,25028.952614548434,0.6603355874659737,2.239965145864499
10.840000000000295,-56.22551316751352,-99.13479990799037,-0.13864331112633918,0.4062059508789157,56.22551316751352,99.13479990799037,0.13864331112633918,-0.4062059508789157,-0.21827692857170122,-0.21827692857170122,-,105903.61338807133,25078.09115731243,0.6604316973045741,2.2407901622371464
10.845000000000296,-56.722152487149515,-99.42608667687159,-0.1363033436703343,0.5011565474678952,56.722152487149515,99.42608667687159,0.1363033436703343,-0.5011565474678952,1.2153902239400003,1.2153902239400003,-,105919.70040098521,25127.51889087182,0.6605245903120527,2.2420459516624964
10.850000000000296,-57.20998137654448,-96.32631046904116,-0.13640682203669224,-0.3686668550017782,57.20998137654448,96.32631046904116,0.13640682203669224,0.3686668550017782,-11.79103062001966,-1.35,-,105936.06531083073,25173.912681314716,0.6606176244175435,2.242725527912381
10.855000000000297,-57.70252905357195,-99.25511370437059,-0.13590548055490667,0.41705031854908625,57.70252905357195,99.25511370437059,0.13590548055490667,-0.41705031854908625,-0.07603086631759615,-0.07603086631759615,-,105952.71322012662,25223.17056929706,0.6607099759157677,2.2435951827533906
10.860000000000298,-58.199058104317366,-99.33972758936667,-0.1338034302276369,0.42275885655787093,58.199058104317366,99.33972758936667,0.1338034302276369,-0.42275885655787093,0.01957451899348217,0.01957451899348217,-,105969.64887194778,25272.512476684715,0.6607994927054711,2.2444888080073815
10.865000000000299,-58.69548223800862,-99.24832087515766,-0.13188225522324287,0.3586458095240041,58.69548223800862,99.24832087515766,0.13188225522324287,-0.3586458095240041,-0.9313323925120802,-0.9313323925120802,-,105986.87467012354,25321.763622667415,0.6608864573516849,2.2451319420908273
10.8700000000003,-59.1925818831661,-99.36562585979459,-0.1291674957989659,0.6343741402054035,59.1925818831661,99.36562585979459,0.1291674957989659,-0.6343741402054035,3.223083873574028,1.35,-,106004.39347887352,25371.131260679966,0.6609698785615399,2.2471440948396344
10.8750000000003,-59.677901399072255,-95.53212732576962,-0.1287549981604589,-0.2856843059181473,59.677901399072255,95.53212732576962,0.1287549981604589,0.2856843059181473,-10.514348163657376,-1.35,-,106022.20073845051,25416.763197436907,0.6610527678092963,2.247552172452874
10.880000000000301,-60.16971071751121,-99.1527652509924,-0.1281050991169356,0.45985625509707895,60.16971071751121,99.1527652509924,0.1281050991169356,-0.45985625509707895,0.5864236059818546,0.5864236059818546,-,106040.30270888966,25465.919551721505,0.6611348223913952,2.248609511329634
10.885000000000302,-60.66205828433721,-98.0140163958695,-0.12724928235256663,-0.02125514937927513,60.66205828433721,98.0140163958695,0.12724928235256663,0.02125514937927513,-6.614329135268505,-1.35,-,106058.70213546613,25513.95328877176,0.6612157842906914,2.2486117702365096
10.890000000000303,-61.15736938368994,-99.34406797857237,-0.1250394029621415,0.6559320214276344,61.15736938368994,99.34406797857237,0.1250394029621415,-0.6559320214276344,3.5302131420633485,1.35,-,106077.4032546158,25563.299507984426,0.661293958552157,2.2507630043201807
10.895000000000303,-61.64264821542018,-95.53249837776872,-0.12452282287330452,-0.2653074295108159,61.64264821542018,95.53249837776872,0.12452282287330452,0.2653074295108159,-10.223809681933988,-1.35,-,106096.40233501085,25608.931799215927,0.6613714882192387,2.251114944480949
10.900000000000304,-62.13404864184832,-99.09001107089523,-0.12370834834204467,0.49841675585688666,62.13404864184832,99.09001107089523,0.12370834834204467,-0.49841675585688666,1.1534639456307918,1.1534639456307918,-,106115.70553501399,25658.025950686086,0.6614480069964863,2.2523570407935436
10.905000000000305,-62.62144383386962,-96.40576280343251,-0.12376779653377654,-0.3521571037931237,62.62144383386962,96.40576280343251,0.12376779653377654,0.3521571037931237,-11.57184651432694,-1.35,-,106135.31276115318,25704.49630619465,0.6615245993337805,2.2529771139223036
10.910000000000306,-63.11303528761536,-99.11667083622284,-0.12298658660425274,0.48877597208196805,63.11303528761536,99.11667083622284,0.12298658660425274,-0.48877597208196805,0.9799859539366582,0.9799859539366582,-,106155.22903726927,25753.616878382938,0.6616002278362033,2.254171623676727
10.915000000000306,-63.60301908797983,-97.25011632375428,-0.12285506130378018,-0.28200169892662386,63.60301908797983,97.25011632375428,0.12285506130378018,0.28200169892662386,-10.561974493450338,-1.35,-,106175.4557574548,25800.904804007863,0.6616756946666431,2.2545692484677144
10.920000000000307,-64.09601898804507,-99.25667227669156,-0.12156721910611726,0.5525020453129239,64.09601898804507,99.25667227669156,0.12156721910611726,-0.5525020453129239,1.9150481880464658,1.35,-,106195.99725570537,25850.164238965084,0.6617495876104491,2.2560955410180896
10.925000000000308,-64.58091044647664,-95.4616884749758,-0.12157024348046423,-0.36958155119231473,64.58091044647664,95.4616884749758,0.12157024348046423,0.36958155119231473,-11.859747107450264,-1.35,-,106216.85072567585,25895.72890879756,0.6618234842309486,2.256778493632998
10.930000000000309,-65.0716491608314,-99.01820625108616,-0.12120562036532001,0.4249674389332872,65.0716491608314,99.01820625108616,0.12120562036532001,-0.4249674389332872,-0.026802812935472042,-0.026802812935472042,-,106238.0223232984,25944.75193464348,0.6618969382429893,2.257681480253766
10.93500000000031,-65.5667385901912,-99.01777200558462,-0.11915662323763385,0.39978339446915306,65.5667385901912,99.01777200558462,0.11915662323763385,-0.39978339446915306,-0.3936234152465523,-0.3936234152465523,-,106259.51730934517,25993.774530508235,0.6619679297472963,2.2584806140662326
10.94000000000031,-66.06333003937526,-99.42145460524411,-0.11656017664393838,0.5731165885328885,66.06333003937526,99.42145460524411,0.11656017664393838,-0.5731165885328885,2.2173838846543594,1.35,-,106281.33912722464,26043.197658687357,0.6620358611211927,2.2601229271864907
10.945000000000311,-66.54913043013715,-95.65408039021094,-0.11646487541270571,-0.3504630786113902,66.54913043013715,95.65408039021094,0.11646487541270571,0.3504630786113902,-11.578966135371145,-1.35,-,106303.48306102968,26088.946174163848,0.6621036814572172,2.2607370490338394
10.950000000000312,-67.04065240953778,-99.13111111922498,-0.1160014452701502,0.4343726447826667,67.04065240953778,99.13111111922498,0.1160014452701502,-0.4343726447826667,0.11131967392173592,0.11131967392173592,-,106325.95530640717,26138.081060122517,0.662170963133741,2.261680447006517
10.955000000000313,-67.53554429249971,-98.87663539250109,-0.11420661209244633,0.30878507380275116,67.53554429249971,98.87663539250109,0.11420661209244633,-0.30878507380275116,-1.760277553895437,-1.35,-,106348.7605551216,26186.96400525523,0.6622361788849692,2.2621571881155336
10.960000000000313,-68.03191711382166,-99.22349736577311,-0.11108169050662199,0.7765026342268893,68.03191711382166,99.22349736577311,0.11108169050662199,-0.7765026342268893,5.27556752393568,1.35,-,106371.9022638525,26236.190517402716,0.6622978745947983,2.2651719698203405
10.965000000000314,-68.51680794000694,-95.48534442284,-0.10997289054169085,-0.1484501897779967,68.51680794000694,95.48534442284,0.10997289054169085,0.1484501897779967,-8.526725410852391,-1.35,-,106395.37502870394,26281.777772400466,0.6623583447780688,2.2652821571145663
10.970000000000315,-69.00823506200116,-99.05006597666079,-0.108614875754892,0.5990810615175974,69.00823506200116,99.05006597666079,0.108614875754892,-0.5990810615175974,2.615662064427318,1.35,-,106419.18571123581,26330.832350250377,0.662417330734245,2.267076647705912
10.975000000000316,-69.49230305132201,-95.324790962001,-0.10839593659901602,-0.32661753633817703,69.49230305132201,95.324790962001,0.10839593659901602,0.32661753633817703,-11.211390035350796,-1.35,-,106443.3316121527,26376.266429110132,0.6624760791296009,2.26761004278113
10.980000000000317,-69.98213918938139,-98.8526989767669,-0.10776223876625675,0.48932873473930094,69.98213918938139,98.8526989767669,0.10776223876625675,-0.48932873473930094,0.9471578924850694,0.9471578924850694,-,106467.81911118032,26425.125709585096,0.6625341426301206,2.268807255834338
10.985000000000317,-70.47099428430452,-97.04986693455308,-0.1075433425249452,-0.2532449021551286,70.47099428430452,97.04986693455308,0.1075433425249452,0.2532449021551286,-10.17166078026435,-1.35,-,106492.64991635742,26472.219092945175,0.6625919704827278,2.269127920736676
10.990000000000318,-70.96319562076494,-99.13162516273198,-0.10606840670986574,0.60632948811866,70.96319562076494,99.13162516273198,0.10606840670986574,-0.60632948811866,2.682755893046677,1.35,-,106517.82879202098,26521.354488482204,0.6626482230172376,2.2709660979774875
10.995000000000319,-71.44770576437173,-95.41865339154013,-0.1058145453893426,-0.3199002768419143,71.44770576437173,95.41865339154013,0.1058145453893426,0.3199002768419143,-11.152003631874527,-1.35,-,106543.35266531595,26566.878085557484,0.6627042066073173,2.271477778913105
11.00000000000032,-71.93794479182203,-98.9096905050902,-0.10514627533067106,0.49136135647509427,71.93794479182203,98.9096905050902,0.10514627533067106,-0.49136135647509427,0.9375146153916623,0.9375146153916623,-,106569.22800482031,26615.793719936555,0.6627594853033969,2.2726849588262903
11.00500000000032,-72.42714019751779,-97.1253116189264,-0.1048936552828309,-0.24335767242741776,72.42714019751779,97.1253116189264,0.1048936552828309,0.24335767242741776,-10.06336175593297,-1.35,-,106595.45645800627,26662.96035072193,0.6628144986979899,2.272981073609937
11.010000000000321,-72.9196739336971,-99.16839646031166,-0.10338436905054571,0.6067395712415894,72.9196739336971,99.16839646031166,0.10338436905054571,-0.6067395712415894,2.6501731463115377,1.35,-,106622.04285223926,26712.132205004484,0.6628679403368098,2.2748217381464895
11.015000000000322,-73.40441128810046,-95.46981979473799,-0.10313061508455972,-0.32020232878883553,73.40441128810046,95.46981979473799,0.10313061508455972,0.32020232878883553,-11.195567005519706,-1.35,-,106648.98389022202,26757.704637462688,0.6629211199556485,2.2753343858032986
11.020000000000323,-73.89484444876419,-98.93569124466927,-0.1024581788876533,0.49028340796602515,73.89484444876419,98.93569124466927,0.1024581788876533,-0.49028340796602515,0.8828708333316251,0.8828708333316251,-,106676.28613040256,26806.645992472997,0.6629736083477534,2.2765362749039326
11.025000000000324,-74.38447605116431,-97.2533817979671,-0.10208710102305116,-0.2031490674277151,74.38447605116431,97.2533817979671,0.10208710102305116,0.2031490674277151,-9.498989204767408,-1.35,-,106703.9513817896,26853.93709382871,0.6630257172287299,2.2767426226219163
11.030000000000324,-74.8775215447273,-99.22065561043779,-0.10040768590306572,0.6276038745203177,74.8775215447273,99.22065561043779,0.10040768590306572,-0.6276038745203177,2.9284288552609326,1.35,-,106731.98459795301,26903.160786327542,0.663076125745672,2.278712055738481
11.035000000000325,-75.36256883335547,-95.53833951751157,-0.10005200329367095,-0.30013537729100437,75.36256883335547,95.53833951751157,0.10005200329367095,0.30013537729100437,-10.92808025245458,-1.35,-,106760.38218185882,26948.798657916366,0.6631261777624874,2.279162461961989
11.040000000000326,-75.85326703709399,-98.96737780044687,-0.09927504950790438,0.5072424071885923,75.85326703709399,98.96737780044687,0.09927504950790438,-0.5072424071885923,1.106032127717622,1.106032127717622,-,106789.15077245982,26997.771367259855,0.6631754554397614,2.2804489362602416
11.045000000000327,-76.34120595937043,-96.66977478457011,-0.09925338867523327,-0.33110909403887956,76.34120595937043,96.66977478457011,0.09925338867523327,0.33110909403887956,-11.442480974777911,-1.35,-,106818.29067109647,27044.496594044358,0.663224711615579,2.280997102421018
11.050000000000328,-76.83271025268753,-99.07811218758123,-0.0982023374412212,0.5446323248209346,76.83271025268753,99.07811218758123,0.0982023374412212,-0.5446323248209346,1.6415791568365754,1.35,-,106847.80699792034,27093.57895561764,0.6632729301109737,2.2824802242672177
11.055000000000328,-77.31708352273232,-95.40753813405458,-0.09826368208323301,-0.38372128118529036,77.31708352273232,95.40753813405458,0.09826368208323301,0.38372128118529036,-12.230608552618236,-1.35,-,106877.69665494266,27139.09194728165,0.6633212088670565,2.2832164343753902
11.06000000000033,-77.80714317975878,-98.88522134445337,-0.09788188451484452,0.4413429772882895,77.80714317975878,98.88522134445337,0.09788188451484452,-0.4413429772882895,0.06192623752225557,0.06192623752225557,-,106907.96641259165,27187.983382283364,0.6633691131836373,2.2841903524933986
11.06500000000033,-78.3011019469005,-98.72953077181785,-0.09592263074580032,0.35894701948347674,78.3011019469005,98.72953077181785,0.09592263074580032,-0.35894701948347674,-1.1612688622472311,-1.1612688622472311,-,106938.62172542214,27236.72098351549,0.6634151189390833,2.284834567307379
11.07000000000033,-78.79713646033838,-99.1985622554222,-0.09261624332073064,0.8014377445778026,78.79713646033838,99.1985622554222,0.09261624332073064,-0.8014377445778026,5.496465815334101,1.35,-,106969.66666899389,27285.922757283213,0.6634580077817176,2.288046079599549
11.075000000000331,-79.282196575475,-95.55873126501099,-0.09139688381121573,-0.12824153306818642,79.282196575475,95.55873126501099,0.09139688381121573,0.12824153306818642,-8.377038741510251,-1.35,-,107001.09500246306,27331.580112888114,0.6634997747335696,2.2881283090535676
11.080000000000332,-79.7733755065019,-98.9966801905887,-0.08984820976471518,0.6426026633611045,79.7733755065019,98.9966801905887,0.08984820976471518,-0.6426026633611045,3.12044817987399,1.35,-,107032.91395966157,27380.58182633191,0.6635401382375592,2.2901929999683617
11.085000000000333,-80.25747403916924,-95.37134982357178,-0.08942564929034885,-0.2878290659733564,80.25747403916924,95.37134982357178,0.08942564929034885,0.2878290659733564,-10.776546686993784,-1.35,-,107065.12027035732,27426.060298167766,0.6635801229713142,2.290607227824457
11.090000000000334,-80.74719014221029,-98.79686989511946,-0.08853933128023159,0.542062300265762,80.74719014221029,98.79686989511946,0.08853933128023159,-0.542062300265762,1.5970195311921553,1.35,-,107097.72081393664,27474.86440567314,0.6636193190372319,2.2920763855113044
11.095000000000335,-81.23031271064056,-95.17799684763084,-0.08862078789730041,-0.3886960341964244,81.23031271064056,95.17799684763084,0.08862078789730041,0.3886960341964244,-12.31252477678411,-1.35,-,107130.71263245199,27520.158661092784,0.6636585872574696,2.2928318085463046
11.100000000000335,-81.71911866563313,-98.6804919708986,-0.08821386956256973,0.4633723050781989,81.71911866563313,98.6804919708986,0.08821386956256973,-0.4633723050781989,0.3850019466911403,0.3850019466911403,-,107164.10270422943,27568.847858570884,0.6636974956913856,2.293905378011872
11.105000000000336,-82.21025038999231,-97.92525489146259,-0.08685335284524817,0.1444868073441873,82.21025038999231,97.92525489146259,0.08685335284524817,-0.1444868073441873,-4.382413295944857,-1.35,-,107197.89533057537,27616.79463629868,0.6637352132158879,2.2940097601993545
11.110000000000337,-82.70498866256014,-99.17798077349244,-0.08381436663217477,0.8220192265075613,82.70498866256014,99.17798077349244,0.08381436663217477,-0.8220192265075613,5.781313736158543,1.35,-,107232.09590632374,27665.975995650224,0.6637703374561577,2.2973883382430955
11.115000000000338,-83.19008572974494,-95.5852091164538,-0.08249829939665895,-0.10976423944444236,83.19008572974494,95.5852091164538,0.08249829939665895,0.10976423944444236,-8.123245694135393,-1.35,-,107266.69885814235,27711.658656659412,0.6638043673031744,2.2974485791843997
11.120000000000339,-83.68091828516111,-98.93702791328899,-0.08078625539806707,0.6809224346920989,83.68091828516111,98.93702791328899,0.08078625539806707,-0.6809224346920989,3.6760653997382544,1.35,-,107301.71133856759,27760.601334120995,0.6638369993984806,2.299766855994735
11.12500000000034,-84.16486406464183,-95.3606642779807,-0.08017851252090813,-0.251686043640546,84.16486406464183,95.3606642779807,0.08017851252090813,0.251686043640546,-10.2517761905671,-1.35,-,107337.12996028269,27806.06961557869,0.6638691423678309,2.300083585317552
11.13000000000034,-84.65435990706894,-98.74036365725361,-0.07908211041109257,0.5860432341201829,84.65435990706894,98.74036365725361,0.07908211041109257,-0.5860432341201829,2.243435186208525,1.35,-,107372.96176353908,27854.817912654533,0.6639004122687663,2.3018008186788426
11.13500000000034,-85.13735253144705,-95.17289359124202,-0.0789503743547746,-0.34699867673980683,85.13735253144705,95.17289359124202,0.0789503743547746,0.34699867673980683,-11.698187739501446,-1.35,-,107409.2036075194,27900.10731102719,0.6639315780768201,2.3024028590871386
11.140000000000342,-85.62597474953706,-98.64464661084963,-0.07830680992710173,0.5106331184938719,85.62597474953706,98.64464661084963,0.07830680992710173,-0.5106331184938719,1.086962706303078,1.086962706303078,-,107445.86264527845,27948.761142552095,0.6639622378592249,2.303706589995653
11.145000000000342,-86.11285867738872,-96.54241290062063,-0.0782517756822983,-0.3231479069525367,86.11285867738872,96.54241290062063,0.0782517756822983,0.3231479069525367,-11.396357844630487,-1.35,-,107482.93976742642,27995.36332999547,0.663992854561212,2.304228712844492
11.150000000000343,-86.60325795494407,-98.8555001297944,-0.07703593137889467,0.5988438200147866,86.60325795494407,98.8555001297944,0.07703593137889467,-0.5988438200147866,2.3858780087447293,1.35,-,107520.44038886848,28044.225379525036,0.6640225272348291,2.306021782448342
11.155000000000344,-87.08685958917975,-95.2992559494326,-0.07684162426453531,-0.3346844082274561,87.08685958917975,95.2992559494326,0.07684162426453531,0.3346844082274561,-11.562349989935711,-1.35,-,107558.36099443401,28089.63512044762,0.6640520504109272,2.306581850713895
11.160000000000345,-87.57601711441681,-98.70224978068913,-0.07613719184839764,0.5173384982057662,87.57601711441681,98.70224978068913,0.07613719184839764,-0.5173384982057662,1.140933915170073,1.140933915170073,-,107596.70878830214,28138.345791006475,0.66408103477084,2.3079200463225242
11.165000000000346,-88.06238216430377,-96.32198138354137,-0.07611700959377166,-0.3383362730281179,88.06238216430377,96.32198138354137,0.07611700959377166,0.3383362730281179,-11.665734153571321,-1.35,-,107635.4837040644,28184.735411494737,0.6641100037665875,2.308492403490757
11.170000000000346,-88.55264190719812,-98.85417978282031,-0.07506282371814145,0.5694054590820259,88.55264190719812,98.85417978282031,0.07506282371814145,-0.5694054590820259,1.895950258513936,1.35,-,107674.69155600814,28233.596155797415,0.6641381759041102,2.310113516374919
11.175000000000347,-89.0362689693073,-95.30833611573159,-0.07501711925706164,-0.364569849841431,89.0362689693073,95.30833611573159,0.07501711925706164,0.364569849841431,-12.061422017564313,-1.35,-,107714.32884196802,28279.01455046317,0.6641663137450183,2.310778072251986
11.180000000000348,-89.5254423230717,-98.70877103763841,-0.07445410685884044,0.49095937575240856,89.5254423230717,98.70877103763841,0.07445410685884044,-0.49095937575240856,0.6923859197278852,0.6923859197278852,-,107754.40286608374,28327.731657861983,0.664194030815159,2.3119832777951825
11.185000000000349,-90.0150250990096,-97.38842223992684,-0.07362954629451952,-0.05241542241048974,90.0150250990096,97.38842223992684,0.07362954629451952,0.05241542241048974,-7.43904397933406,-1.35,-,107794.91638980161,28375.154181793903,0.6642211373655967,2.311997014677715
11.19000000000035,-90.50844669516619,-99.19936107858406,-0.07126857867325855,0.7453218779071603,90.50844669516619,99.19936107858406,0.07126857867325855,-0.7453218779071603,4.506474399130198,1.35,-,107835.87528441747,28424.35674798591,0.6642465334171272,2.3147745381861506
11.19500000000035,-90.993858296927,-95.67494017190033,-0.07034531577827156,-0.18948593258254262,90.993858296927,95.67494017190033,0.07034531577827156,0.18948593258254262,-9.450721860727299,-1.35,-,107877.27469565629,28470.1252188704,0.6642712757343869,2.314954062779384
11.200000000000351,-91.484547633421,-98.91145900681283,-0.06893249607723603,0.6311142756340412,91.484547633421,98.91145900681283,0.06893249607723603,-0.6311142756340412,2.79511560787898,1.35,-,107919.12180793476,28519.04260248469,0.6642950341794641,2.3169455889239297
11.205000000000352,-91.96856074016,-95.39946742396239,-0.06858232550735631,-0.30427200885539407,91.96856074016,95.39946742396239,0.06858232550735631,0.30427200885539407,-11.179546793526903,-1.35,-,107961.41288875786,28564.547894408573,0.6643185518563242,2.317408496200794
11.210000000000353,-92.4580397452376,-98.7320063881916,-0.06770750510492957,0.5469057465897011,92.4580397452376,98.7320063881916,0.06770750510492957,-0.5469057465897011,1.5150119046982382,1.35,-,108004.15533432552,28613.28793983577,0.6643414733875618,2.3189040256790587
11.215000000000353,-92.94117681238365,-95.22610169563471,-0.06777944986984605,-0.3887527241269803,92.94117681238365,95.22610169563471,0.06777944986984605,0.3887527241269803,-12.470151716360437,-1.35,-,108047.34564606188,28658.627992056514,0.6643644436566851,2.3196596690816396
11.220000000000354,-93.42990391221433,-98.69212097206932,-0.06731147820168137,0.4754105408114935,93.42990391221433,98.69212097206932,0.06731147820168137,-0.4754105408114935,0.41044736321722164,0.41044736321722164,-,108090.9913807871,28707.32866576635,0.6643870978321736,2.3207897449932133
11.225000000000355,-93.92064413407405,-97.83098048644528,-0.06589340532598004,0.15128672322628076,93.92064413407405,97.83098048644528,0.06589340532598004,-0.15128672322628076,-4.4325456065873565,-1.35,-,108135.09681775991,28755.183169481053,0.6644088075365009,2.320904183356336
11.230000000000356,-94.41511383729593,-99.14957852246128,-0.062757227330181,0.8504214775387173,94.41511383729593,99.14957852246128,0.062757227330181,-0.8504214775387173,6.055367629186982,1.35,-,108179.66788636446,28804.33636408697,0.6644284998844118,2.324520266803632
11.235000000000356,-94.90041057324399,-95.67112433719836,-0.061313459580644075,-0.08615689238890771,94.90041057324399,95.67112433719836,0.061313459580644075,0.08615689238890771,-7.921494189217004,-1.35,-,108224.69832599933,28850.101184246694,0.6644472965860405,2.324557381854163
11.240000000000357,-95.39116558842063,-98.90337961491356,-0.059412944739210216,0.7210678817873398,95.39116558842063,98.90337961491356,0.059412944739210216,-0.7210678817873398,4.1311098398868475,1.35,-,108270.19569836093,28899.01057674296,0.6644649460760534,2.3271570763048897
11.245000000000358,-95.8752907386845,-95.4434464758328,-0.05861878310273029,-0.21635041894326593,95.8752907386845,95.4434464758328,0.05861878310273029,0.21635041894326593,-9.86841858975398,-1.35,-,108316.15605523207,28944.557834118892,0.6644821268847156,2.3273911138237744
11.250000000000359,-96.36478808776381,-98.69874232907372,-0.05728157981654938,0.6353139705274146,96.36478808776381,98.69874232907372,0.05728157981654938,-0.6353139705274146,2.841919490570949,1.35,-,108362.58691714807,28993.265042805604,0.664498532781647,2.3294092330295113
11.25500000000036,-96.84792814440385,-95.25041400750962,-0.05691800064077349,-0.3026134325012961,96.84792814440385,95.25041400750962,0.05691800064077349,0.3026134325012961,-11.171896903057391,-1.35,-,108409.4845230774,29038.62824964862,0.6645147310756317,2.3298671074771624
11.26000000000036,-97.33653439300859,-98.61344322323751,-0.05598887209801636,0.5673617358592384,97.33653439300859,98.61344322323751,0.05598887209801636,-0.5673617358592384,1.8048627162332374,1.35,-,108456.8565277156,29087.251305570342,0.6645304048446258,2.3314766041737487
11.265000000000361,-97.81927047832701,-95.17179636238454,-0.055966106659219785,-0.37084573479826727,97.81927047832701,95.17179636238454,0.055966106659219785,0.37084573479826727,-12.218384368243077,-1.35,-,108504.69957610017,29132.539659684564,0.6645460658700988,2.3321642369688393
11.270000000000362,-98.30744214793836,-98.67715299732076,-0.05535415083554111,0.5039634954881627,98.30744214793836,98.67715299732076,0.05535415083554111,-0.5039634954881627,0.8232994239253735,0.8232994239253735,-,108553.02134200853,29181.225562302854,0.6645613862801724,2.3334341329927626
11.275000000000363,-98.79525394080076,-96.93910486734987,-0.05464923618578124,-0.11289651203700259,98.79525394080076,96.93910486734987,0.05464923618578124,0.11289651203700259,-8.403778478320785,-1.35,-,108601.82385301468,29228.211512565278,0.6645763189752508,2.333497861104913
11.280000000000364,-99.28720528551727,-98.9951788362216,-0.052458855266419385,0.7561608108919066,99.28720528551727,98.9951788362216,0.052458855266419385,-0.7561608108919066,4.604137546237185,1.35,-,108651.11359868172,29277.211739729362,0.6645900786327301,2.336356756964557
11.285000000000364,-99.77190302402819,-95.57349242661387,-0.05149348267742597,-0.1827033221981896,99.77190302402819,95.57349242661387,0.05149348267742597,0.1827033221981896,-9.415298042627638,-1.35,-,108700.88576184692,29322.88320200247,0.6646033365265214,2.3365236594842687
11.290000000000365,-100.26188317380455,-98.75403385990107,-0.049976496374414585,0.6643359849675365,100.26188317380455,98.75403385990107,0.049976496374414585,-0.6643359849675365,3.2298363247466257,1.35,-,108751.14798793472,29371.644998020492,0.6646158247774707,2.338730370988883
11.295000000000366,-100.74541950806801,-95.34601347474329,-0.04947226615114031,-0.2751064874594518,100.74541950806801,95.34601347474329,0.04947226615114031,0.2751064874594518,-10.805418353976467,-1.35,-,108801.89618569402,29417.09930944813,0.6646280623030614,2.3391087888860946
11.300000000000367,-101.23429892665636,-98.60263296938902,-0.04838578455705225,0.5976642782981981,101.23429892665636,98.60263296938902,0.04838578455705225,-0.5976642782981981,2.2177527896631526,1.35,-,108853.13810208988,29465.71170559062,0.6646397682237973,2.3408948018338633
11.305000000000367,-101.71710680896463,-95.2031878550805,-0.04821621971554853,-0.3421313658390332,101.71710680896463,95.2031878550805,0.04821621971554853,0.3421313658390332,-11.827961812778923,-1.35,-,108904.86995117782,29511.029940479475,0.6646513922430156,2.341480071191318
11.310000000000368,-102.20544597263351,-98.65716653882372,-0.047459278501545445,0.5327368443747476,102.20544597263351,98.65716653882372,0.047459278501545445,-0.5327368443747476,1.2178023184162166,1.2178023184162166,-,108957.09971711016,29559.696123026828,0.664662654158595,2.34289911391809
11.315000000000369,-102.69038674590907,-95.9244319011329,-0.04742904278486084,-0.3499367309513156,102.69038674590907,95.9244319011329,0.04742904278486084,0.3499367309513156,-11.986590713901668,-1.35,-,109009.82629476029,29605.70360620461,0.6646739017290925,2.343511392496435
11.32000000000037,-103.17930130587006,-98.60990878927734,-0.04642863868643563,0.58137486984768,103.17930130587006,98.60990878927734,0.04642863868643563,-0.58137486984768,1.924823239398317,1.35,-,109063.05613585014,29654.323176761765,0.6646846798215439,2.345201376192887
11.32500000000037,-103.66217917570297,-95.22123035978112,-0.04634185596398395,-0.35882386301264574,103.66217917570297,95.22123035978112,0.04634185596398395,0.35882386301264574,-12.128397558873186,-1.35,-,109116.78537280743,29699.658590317926,0.6646954176596148,2.3458451490162235
11.330000000000371,-104.1505762629147,-98.67464286551152,-0.045662266941255865,0.5172201196495259,104.1505762629147,98.67464286551152,0.045662266941255865,-0.5172201196495259,0.9338518827972313,0.9338518827972313,-,109171.02208548693,29748.342016041115,0.6647058428727259,2.347182732277075
11.335000000000372,-104.63788344407038,-96.75699281162855,-0.0451405196275268,-0.18125294957583973,104.63788344407038,96.75699281162855,0.0451405196275268,0.18125294957583973,-9.516557232045884,-1.35,-,109225.76751874521,29795.15159433087,0.6647160312052871,2.347346995435725
11.340000000000373,-105.12916190093979,-98.92272027627902,-0.04324136150976928,0.7199637644232617,105.12916190093979,98.92272027627902,0.04324136150976928,-0.7199637644232617,3.9672151621392135,1.35,-,109281.02822215519,29844.080117265174,0.6647253802820132,2.349938734546138
11.345000000000374,-105.6136547545873,-95.55243567607975,-0.042463125428005684,-0.22084372708598254,105.6136547545873,95.55243567607975,0.042463125428005684,0.22084372708598254,-10.08519769141491,-1.35,-,109336.7994425083,29889.731457083337,0.6647343958671188,2.350182594305104
11.350000000000374,-106.10337572742301,-98.70830119622345,-0.04110154056177696,0.6400472506538893,106.10337572742301,98.70830119622345,0.04110154056177696,-0.6400472506538893,2.7658845983602953,1.35,-,109393.08907421208,29938.448100708567,0.6647428425503016,2.352230896720452
11.355000000000375,-106.58683124336865,-95.34911151385884,-0.04072418470087377,-0.30116121016085795,106.58683124336865,95.34911151385884,0.04072418470087377,0.30116121016085795,-11.298736402937898,-1.35,-,109449.8928371846,29983.905366040985,0.6647511348463994,2.35268438709298
11.360000000000376,-107.07562079970502,-98.62115429866992,-0.03974167763310682,0.5775888097907996,107.07562079970502,98.62115429866992,0.03974167763310682,-0.5775888097907996,1.8122590644037924,1.35,-,109507.21878003282,30032.536026417,0.6647590318511049,2.354352431258958
11.365000000000377,-107.55866562786763,-95.26934571615429,-0.0396777536303084,-0.36391467032065794,107.55866562786763,95.26934571615429,0.0396777536303084,0.36391467032065794,-12.261619898702287,-1.35,-,109565.06311279107,30077.91726758293,0.6647669034717706,2.355014600695331
11.370000000000378,-108.0469809762921,-98.67897620884249,-0.038981311486310975,0.5203863983636439,108.0469809762921,98.67897620884249,0.038981311486310975,-0.5203863983636439,0.9256175399314592,0.9256175399314592,-,109623.43386328153,30126.60496931106,0.6647745011849966,2.3563686107133406
11.375000000000378,-108.53420135475595,-96.74670204982911,-0.03840241406024833,-0.1664618035803423,108.53420135475595,96.74670204982911,0.03840241406024833,0.1664618035803423,-9.34926535979568,-1.35,-,109682.33222760011,30173.40459109866,0.6647818749120249,2.3565071583735966
11.38000000000038,-109.02546615805335,-98.90843986142998,-0.03642879134697665,0.7356275931930261,109.02546615805335,98.90843986142998,0.03642879134697665,-0.7356275931930261,4.148794584140007,1.35,-,109741.76498895502,30222.31898847778,0.6647885101962199,2.359212898152932
11.38500000000038,-109.5099988478921,-95.57565252041954,-0.035575945696965545,-0.2064525072837573,109.5099988478921,95.57565252041954,0.035575945696965545,0.2064525072837573,-9.92233979903492,-1.35,-,109801.72718819336,30267.992515251306,0.664794838435781,2.3594260113417507
11.39000000000038,-109.99970468273949,-98.69157259013001,-0.03412262081206509,0.658665986307428,109.99970468273949,98.69157259013001,0.03412262081206509,-0.658665986307428,2.994330843318264,1.35,-,109862.22686334481,30316.69264775288,0.6648006602020364,2.3615952157493427
11.395000000000381,-110.48319135505578,-95.37106166000133,-0.033655988832551983,-0.2838502381613477,110.48319135505578,95.37106166000133,0.033655988832551983,0.2838502381613477,-11.089342292310754,-1.35,-,109923.25954120481,30362.170844763667,0.664806323829958,2.3619980705378643
11.400000000000382,-110.9719614558171,-98.6082851571395,-0.03256724423867406,0.5985710698007782,110.9719614558171,98.6082851571395,0.03256724423867406,-0.5985710698007782,2.0790132220560884,1.35,-,109984.83342235157,30410.788814271833,0.6648116269569445,2.363789507165877
11.405000000000383,-111.45506020847102,-95.29634079952436,-0.03240231057373189,-0.34427132550047196,111.45506020847102,95.29634079952436,0.03240231057373189,0.34427132550047196,-12.014233765442386,-1.35,-,110046.94457458195,30456.195777120734,0.6648168765055971,2.364382120893686
11.410000000000384,-111.94334460466462,-98.66327141542735,-0.031584153149878336,0.5444528926908948,111.94334460466462,98.66327141542735,0.031584153149878336,-0.5444528926908948,1.242031880620115,1.242031880620115,-,110109.60113658836,30504.867982752712,0.664821864299248,2.365864265655484
11.415000000000385,-112.4279354403074,-95.83448545402054,-0.03150790071161954,-0.3454774889715485,112.4279354403074,95.83448545402054,0.03150790071161954,0.3454774889715485,-12.068587971940227,-1.35,-,110172.80133992522,30550.789225763903,0.6648268280382843,2.3664610391324143
11.420000000000385,-112.91665098750943,-98.62381703095497,-0.030485162621483014,0.5853038636128404,112.91665098750943,98.62381703095497,0.030485162621483014,-0.5853038636128404,1.8331381347508842,1.35,-,110236.5521902764,30599.422512192687,0.6648314747639846,2.3681739421962154
11.425000000000386,-113.39986257370282,-95.32341145807793,-0.030387772328617287,-0.3579247511919833,113.39986257370282,95.32341145807793,0.030387772328617287,0.3579247511919833,-12.267150584918681,-1.35,-,110300.84983443508,30644.855276052724,0.6648360918475201,2.3688144928337946
11.430000000000387,-113.88812498660515,-98.67516476235792,-0.02961794474584894,0.5347174226057775,113.88812498660515,98.67516476235792,0.02961794474584894,-0.5347174226057775,1.0474638731875643,1.0474638731875643,-,110365.70235949992,30693.539216757123,0.664840477960775,2.3702441064439856
11.435000000000388,-114.37452738728919,-96.49346621153678,-0.02921812080457538,-0.23740437148298182,114.37452738728919,96.49346621153678,0.02921812080457538,0.23740437148298182,-10.504187804035663,-1.35,-,110431.11002207526,30740.094161864716,0.6648447464536917,2.370525910621982
11.440000000000389,-114.86499385805043,-98.74026364411921,-0.02757409097661245,0.6900876772345094,114.86499385805043,98.74026364411921,0.02757409097661245,-0.6900876772345094,3.3682987666640534,1.35,-,110497.07985614531,30788.842360187275,0.6648485481061577,2.372907015633337
11.44500000000039,-115.34883142589196,-95.45615397877569,-0.02695368561288328,-0.2535895610573389,115.34883142589196,95.45615397877569,0.02695368561288328,0.2535895610573389,-10.731225036664524,-1.35,-,110563.60662070192,30834.40174684938,0.6648521806119982,2.373228553960723
11.45000000000039,-115.83782832989583,-98.58248634406402,-0.02569535792757864,0.6321922673054106,115.83782832989583,98.58248634406402,0.02569535792757864,-0.6321922673054106,2.4922907805903662,1.35,-,110630.69863306286,30882.994279918275,0.6648554818690934,2.375226889274927
11.45500000000039,-116.32091107359578,-95.30883964425314,-0.025365788740187353,-0.31186122784698045,116.32091107359578,95.30883964425314,0.025365788740187353,0.31186122784698045,-11.61741848463641,-1.35,-,110698.35140482783,30928.413154489954,0.6648586989852855,2.3757131764020984
11.460000000000392,-116.80933308467338,-98.64052975734879,-0.024391656736202326,0.5753385898919567,116.80933308467338,98.64052975734879,0.024391656736202326,-0.5753385898919567,1.6190200788024056,1.35,-,110766.57350630627,30977.062925044014,0.6648616737498771,2.3773682488671932
11.465000000000392,-117.29265758580765,-95.35960648210025,-0.02434012392321287,-0.3675351985794636,117.29265758580765,95.35960648210025,0.02434012392321287,0.3675351985794636,-12.477028270614458,-1.35,-,110835.361343924,31022.530197786127,0.6648646359580401,2.3780436594781675
11.470000000000393,-117.78071895177963,-98.68166832550553,-0.023567850574648573,0.5349538089603345,117.78071895177963,98.68166832550553,0.023567850574648573,-0.5349538089603345,0.985927251203992,0.985927251203992,-,110904.72283270801,31071.22055610366,0.6648674131759437,2.3794745373667734
11.475000000000394,-118.26723025388091,-96.56210755731193,-0.02299508563410533,-0.18356904281894507,118.26723025388091,96.56210755731193,0.02299508563410533,0.18356904281894507,-9.76039328809723,-1.35,-,110974.65852146765,31117.84175918322,0.6648700570457603,2.3796430253341807
11.480000000000395,-118.75792940806699,-98.7711723914348,-0.021091509476473626,0.7355538973192423,118.75792940806699,98.7711723914348,0.021091509476473626,-0.7355538973192423,3.991195193490153,1.35,-,111045.17575045412,31166.620481661117,0.6648722813046203,2.382348223013489
11.485000000000396,-119.24202798564815,-95.52324668268083,-0.020246873758647668,-0.20921242871254303,119.24202798564815,95.52324668268083,0.020246873758647668,0.20921242871254303,-10.122035590147405,-1.35,-,111116.26905664477,31212.243934945127,0.6648743309841053,2.382567072215128
11.490000000000396,-119.73121152852615,-98.58692831137772,-0.01875314652656738,0.6754110366294513,119.73121152852615,98.58692831137772,0.01875314652656738,-0.6754110366294513,3.088881324174659,1.35,-,111187.94687171522,31260.840847114498,0.6648760893866286,2.3848479725571328
11.495000000000397,-120.21443026004852,-95.3520435570554,-0.01821072263590877,-0.26979299388913786,120.21443026004852,95.3520435570554,0.01821072263590877,0.26979299388913786,-11.035673829418748,-1.35,-,111260.20441792897,31306.30090816704,0.6648777475387232,2.3852119138548913
11.500000000000398,-120.70291024173238,-98.60375977189231,-0.017008905871041913,0.620515061871988,120.70291024173238,98.60375977189231,0.017008905871041913,-0.620515061871988,2.2524007349070496,1.35,-,111333.0503806331,31354.914415372812,0.6648791940531178,2.3871371085649415
11.505000000000399,-121.1862450671266,-95.37867142331197,-0.01674218816853224,-0.32502556379248176,121.1862450671266,95.37867142331197,0.01674218816853224,0.32502556379248176,-11.881539510566514,-1.35,-,111406.48091060045,31400.3998701852,0.6648805955574412,2.387665316650535
11.5100000000004,-121.67430525907837,-98.6457583218572,-0.015744109983720615,0.5797387396539639,121.67430525907837,98.6457583218572,0.015744109983720615,-0.5797387396539639,1.6200320682533715,1.35,-,111480.50409340186,31449.054798359677,0.664881834942437,2.389345801681813
11.5150000000004,-122.15731251847377,-95.31562884288024,-0.015626188260016823,-0.354844950285726,122.15731251847377,95.31562884288024,0.015626188260016823,0.354844950285726,-12.349672155782699,-1.35,-,111555.11613841055,31494.48014386825,0.6648830558312347,2.3899753763755296
11.520000000000401,-122.64510936397339,-98.67532448579394,-0.014770968608120116,0.551131620877091,122.64510936397339,98.67532448579394,0.014770968608120116,-0.551131620877091,1.1660989197597484,1.1660989197597484,-,111630.32525266506,31543.164242180144,0.6648841467388028,2.391494106693183
11.525000000000402,-123.13024496474823,-96.14584961590178,-0.014477406310526665,-0.29123719681613985,123.13024496474823,96.14584961590178,0.014477406310526665,0.29123719681613985,-11.433845837807961,-1.35,-,111706.13053879047,31589.38436417197,0.6648851947152702,2.3919182022172296
11.530000000000403,-123.61949640215816,-98.57005934928134,-0.013083302013782716,0.6587557879007938,123.61949640215816,98.57005934928134,0.013083302013782716,-0.6587557879007938,2.7689062452332123,1.35,-,111782.5394382441,31637.96464717258,0.6648860505792281,2.394087998157694
11.535000000000403,-124.10272648513097,-95.36687883562833,-0.012627003881992827,-0.28738025723363153,124.10272648513097,95.36687883562833,0.012627003881992827,0.28738025723363153,-11.371555552852172,-1.35,-,111859.54687184934,31683.438855066834,0.6648868477853633,2.3945009352189324
11.540000000000404,-124.59095013856411,-98.61867595555684,-0.011466111590198858,0.6120460575888911,124.59095013856411,98.61867595555684,0.011466111590198858,-0.6120460575888911,2.052687665326682,1.35,-,111937.1613961315,31732.067071302976,0.6648875051439384,2.396373937101983
11.545000000000405,-125.0741006590327,-95.35402960293865,-0.011209289369322311,-0.3273398906625709,125.0741006590327,95.35402960293865,0.011209289369322311,0.3273398906625709,-11.988282318898479,-1.35,-,112015.37904940984,31777.529026110573,0.6648881333847791,2.396909694122078
11.550000000000406,-125.56198628393582,-98.65128556564758,-0.010206909551901925,0.580304951019453,125.56198628393582,98.65128556564758,0.010206909551901925,-0.580304951019453,1.5559654593428813,1.35,-,112094.20811140769,31826.189406829355,0.6648886542897922,2.3985934633029666
11.555000000000407,-126.04484394904834,-95.29816517234329,-0.010061808343248093,-0.34976147848237854,126.04484394904834,95.29816517234329,0.010061808343248093,0.34976147848237854,-12.345106363793198,-1.35,-,112173.6446248384,31871.59810825544,0.6648891604897278,2.3992051287621177
11.560000000000407,-126.53251678581827,-98.67426979203171,-0.009168829196518131,0.5583829673996676,126.53251678581827,98.67426979203171,0.009168829196518131,-0.5583829673996676,1.2034260057738768,1.2034260057738768,-,112253.69701385919,31920.2811658504,0.664889580826872,2.400764086453528
11.565000000000408,-127.0170635503447,-95.95828329202584,-0.008878544293438517,-0.2979640205225627,127.0170635503447,95.95828329202584,0.008878544293438517,0.2979640205225627,-11.602486680094323,-1.35,-,112334.36368602396,31966.32112651217,0.6648899749696159,2.401207999241158
11.570000000000409,-127.50564324402013,-98.58361515722024,-0.007520410112295141,0.6512771709082636,127.50564324402013,98.58361515722024,0.007520410112295141,-0.6512771709082636,2.5844533790343167,1.35,-,112415.65213131934,32014.914772399516,0.6648902577524571,2.4033288090078897
11.57500000000041,-127.9890374242001,-95.41185494197883,-0.007104388744759037,-0.29575064361873576,127.9890374242001,95.41185494197883,0.007104388744759037,0.29575064361873576,-11.570624081260002,-1.35,-,112497.55809982322,32060.431882716868,0.6648905101141543,2.4037661512238944
11.58000000000041,-128.47709847856288,-98.62327208039306,-0.005936411374867766,0.6131872151912475,128.47709847856288,98.62327208039306,0.005936411374867766,-0.6131872151912475,1.9972126764953202,1.35,-,112580.08992399058,32109.064631696092,0.6648906863190543,2.405646144028265
11.585000000000411,-128.96010870880994,-95.33842820631904,-0.005650827262951998,-0.32192640096810615,128.96010870880994,95.33842820631904,0.005650827262951998,0.32192640096810615,-11.978831335944651,-1.35,-,112663.24347218154,32154.511711160358,0.6648908459782982,2.4061643270664663
11.590000000000412,-129.44787795161704,-98.6499515519347,-0.004609179060246195,0.5878630789395548,129.44787795161704,98.6499515519347,0.004609179060246195,-0.5878630789395548,1.597894349086254,1.35,-,112747.02723771243,32203.17077586636,0.6648909522009562,2.407892242064368
11.595000000000413,-129.93063533880186,-95.29072023251359,-0.0044100543212675135,-0.33929318620648125,129.93063533880186,95.29072023251359,0.0044100543212675135,0.33929318620648125,-12.258588426118578,-1.35,-,112831.43708771018,32248.572382678525,0.6648910494438518,2.408467841395399
11.600000000000414,-130.41821882402073,-98.66800453560963,-0.0034523789445097216,0.5710171340704011,130.41821882402073,98.66800453560963,0.0034523789445097216,-0.5710171340704011,1.3233824832153493,1.3233824832153493,-,112916.48164671633,32297.24925827373,0.6648911090384537,2.410098144232409
11.605000000000414,-130.90115531882017,-95.38703551014717,-0.0032703536833590856,-0.3386187772170457,130.90115531882017,95.38703551014717,0.0032703536833590856,0.3386187772170457,-12.272123886461824,-1.35,-,113002.15720903536,32342.742690990806,0.6648911625145197,2.4106714576138293
11.610000000000415,-131.3888015038423,-98.66064928871205,-0.0022688470565353984,0.5797144056008275,131.3888015038423,98.66064928871205,0.0022688470565353984,-0.5797144056008275,1.4329183322364498,1.35,-,113088.47229483846,32391.412309581166,0.6648911882528545,2.412351801574135
11.615000000000416,-131.87145390344384,-95.27495156190834,-0.0020917415573372795,-0.3438320603360807,131.87145390344384,95.27495156190834,0.0020917415573372795,0.3438320603360807,-12.36921421577719,-1.35,-,113175.42269661151,32436.798891556795,0.6648912101297683,2.41294290400271
11.620000000000417,-132.35895872229625,-98.67418623804427,-0.0011517465086696255,0.5673545639888778,132.35895872229625,98.67418623804427,0.0011517465086696255,-0.5673545639888778,1.2252001885503865,1.2252001885503865,-,113263.01716638177,32485.481866705504,0.6648912167623684,2.4145523600091057
11.625000000000417,-132.84307837022982,-95.84247029936438,-0.0008250636225090059,-0.2944550363500648,132.84307837022982,95.84247029936438,0.0008250636225090059,0.2944550363500648,-11.659774040385088,-1.35,-,113351.25358373618,32531.410762270934,0.6648912201660183,2.4149858788512653
11.630000000000418,-133.33133656396805,-98.59119002056147,0.0005419225149856656,0.6526015820308241,133.33133656396805,98.59119002056147,-0.0005419225149856656,-0.6526015820308241,2.4920753052171944,1.35,-,113440.13981028587,32580.011876019293,0.6648912216344184,2.417115322975611
11.635000000000419,-133.81451939784876,-95.38798675751958,0.0009994857349409753,-0.2879338785415538,133.81451939784876,95.38798675751958,-0.0009994857349409753,0.2879338785415538,-11.564356403163533,-1.35,-,113529.67143829426,32625.506216107562,0.664891226629277,2.417529852567671
11.64000000000042,-134.30239677554465,-98.62121681624672,0.0022253196222280936,0.6242958786803147,134.30239677554465,98.62121681624672,-0.0022253196222280936,-0.6242958786803147,2.053297767191422,1.35,-,113619.85710719255,32674.136938139156,0.6648912513895141,2.4194785792883575
11.64500000000042,-134.7852476544986,-95.32522255896197,0.002591571902693746,-0.30628230632137843,134.7852476544986,95.32522255896197,-0.002591571902693746,0.30628230632137843,-11.853275373639454,-1.35,-,113710.692422119,32719.57142841874,0.6648912849707387,2.4199476235441852
11.650000000000421,-135.27287692988554,-98.64049664780414,0.0037292502324645254,0.6065904067067989,135.27287692988554,98.64049664780414,-0.0037292502324645254,-0.6065904067067989,1.7710698439374468,1.35,-,113802.18617828345,32768.22116631338,0.6648913545072752,2.421787383151729
11.655000000000422,-135.75551171993203,-95.28530085229279,0.004040060177544838,-0.31744933916944673,135.75551171993203,95.28530085229279,-0.004040060177544838,0.31744933916944673,-12.037065670721665,-1.35,-,113894.33397309517,32813.617609105946,0.6648914361177064,2.4222912535664247
11.660000000000423,-136.2429786042249,-98.65233905847347,0.005125143003972555,0.5960169457876859,136.2429786042249,98.65233905847347,-0.005125143003972555,-0.5960169457876859,1.5943654065364135,1.35,-,113987.14471918994,32862.27902911449,0.6648915674531605,2.4240674345647553
11.665000000000424,-136.72547357748743,-95.26048605714122,0.005404724721637951,-0.3237735019579681,136.72547357748743,95.26048605714122,-0.005404724721637951,0.3237735019579681,-12.149760322787275,-1.35,-,114080.61399481489,32907.65183013371,0.664891713508407,2.424591580967606
11.670000000000424,-137.2128340061421,-98.65999273171958,0.006461312946553304,0.590213282817996,137.2128340061421,98.65999273171958,-0.006461312946553304,-0.590213282817996,1.4884057215881665,1.35,-,114174.75080389489,32956.320800962836,0.664891922251232,2.4263333395636804
11.675000000000425,-137.69523737151036,-95.24519300828376,0.006726551485084899,-0.32671604200464194,137.69523737151036,95.24519300828376,-0.006726551485084899,0.32671604200464194,-12.212555712819444,-1.35,-,114269.55069586888,33001.67903491877,0.6648921484837064,2.4268670564241965
11.680000000000426,-138.18252702270726,-98.66377612719815,0.007771367064645228,0.5877888083788195,138.18252702270726,98.66377612719815,-0.007771367064645228,-0.5877888083788195,1.4328260281997174,1.35,-,114365.0227497408,33050.35173851717,0.6648924504544367,2.4285945348404736
11.685000000000427,-138.66486879477836,-95.23581902443036,0.00803420806491961,-0.327263297516167,138.66486879477836,95.23581902443036,-0.00803420806491961,0.327263297516167,-12.239747474048452,-1.35,-,114461.16247893019,33095.70104464345,0.6648927731969329,2.4291300411699797
11.690000000000428,-139.152110243717,-98.66530948072226,0.009079048963591402,0.5877102802580085,139.152110243717,98.66530948072226,-0.009079048963591402,-0.5877102802580085,1.4124493389608739,1.35,-,114557.97902785659,33144.37526111809,0.6648931853425832,2.4308570580375846
11.695000000000428,-139.63441002225574,-95.230449304548,0.0093481506340613,-0.3260856940981522,139.63441002225574,95.230449304548,-0.0093481506340613,0.3260856940981522,-12.241048538942552,-1.35,-,114655.46787016792,33189.71945349183,0.6648936222821846,2.431388717437062
11.70000000000043,-140.12161676887533,-98.6651975746545,0.01040174106869244,0.5893682629288267,140.12161676887533,98.6651975746545,-0.01040174106869244,-0.5893682629288267,1.4183814377146824,1.35,-,114753.63820759756,33238.39355955407,0.6648941632632709,2.433125492183801
11.70500000000043,-140.6038866878498,-95.22746243724656,0.010683783357496939,-0.32356339486389923,140.6038866878498,95.22746243724656,-0.010683783357496939,0.32356339486389923,-12.221898888854959,-1.35,-,114852.48547235622,33283.73490756526,0.664894733979405,2.43364895853628
11.71000000000043,-141.0910671865362,-98.66370715990777,0.01175283250854894,0.5923727838063035,141.0910671865362,98.66370715990777,-0.01175283250854894,-0.5923727838063035,1.444967414063183,1.35,-,114952.0189185554,33332.407543117944,0.6648954246247649,2.4354034861112526
11.715000000000432,-141.57331436506473,-95.22599959600552,0.012053195581541144,-0.3199683710166684,141.57331436506473,95.22599959600552,-0.012053195581541144,0.3199683710166684,-12.186180198049609,-1.35,-,115052.23393525697,33377.74749811325,0.6648961510223835,2.435915384903508
11.720000000000432,-142.0604736853329,-98.6611978462675,0.013143088556425387,0.5964476958486313,142.0604736853329,98.6611978462675,-0.013143088556425387,-0.5964476958486313,1.488218861737184,1.35,-,115153.1398261755,33426.417657915554,0.6648970147262675,2.437694134172924
11.725000000000433,-142.54270196109462,-95.22540161792679,0.013466293697994831,-0.3154702427675938,142.54270196109462,95.22540161792679,-0.013466293697994831,0.3154702427675938,-12.136275346846304,-1.35,-,115254.73193558736,33471.75704348204,0.6648979214315973,2.438191741543283
11.730000000000434,-143.0298423485109,-98.65783374306181,0.014581622385442968,0.6014358850303588,143.0298423485109,98.65783374306181,-0.014581622385442968,-0.6014358850303588,1.5459122424353542,1.35,-,115357.01961459858,33520.42388427641,0.6648989845501543,2.4400003671622947
11.735000000000435,-143.51205344470205,-95.22526507767076,0.014931710816786547,-0.3101652871454432,143.51205344470205,95.22526507767076,-0.014931710816786547,0.3101652871454432,-12.073491084271348,-1.35,-,115459.99816201818,33565.76313982198,0.6649000993300939,2.4404813796890448
11.740000000000435,-143.99917552964223,-98.65367564558852,0.01607660323537419,0.6072461683924857,143.99917552964223,98.65367564558852,-0.01607660323537419,-0.6072461683924857,1.616801040320438,1.35,-,115563.67697478428,33614.42587841392,0.6649013916159519,2.442325119234182
11.745000000000436,-144.48136973765943,-95.22532136131844,0.016457344974742997,-0.30410794623642096,144.48136973765943,95.22532136131844,-0.016457344974742997,0.30410794623642096,-11.998520235657917,-1.35,-,115668.05130579065,33659.76518755576,0.66490274583697,2.4427875274490027
11.750000000000437,-144.9684730766313,-98.64881612018779,0.01763567237262778,0.6138248326031521,144.9684730766313,98.64881612018779,-0.01763567237262778,-0.6138248326031521,1.7001923291676904,1.35,-,115773.13059672152,33708.423132165335,0.6649043009216701,2.4446714320746046
11.755000000000438,-145.45064974543445,-95.22539879844197,0.01805072045020378,-0.2973217678676281,145.45064974543445,95.22539879844197,-0.01805072045020378,0.2973217678676281,-11.911599677047581,-1.35,-,115878.91005427837,33753.762515046954,0.664905930064214,2.4451134332428444
11.760000000000439,-145.93773317123106,-98.64328956839026,0.019266250406813172,0.6211502036372909,145.93773317123106,98.64328956839026,-0.019266250406813172,-0.6211502036372909,1.7958716924445137,1.35,-,115985.39916409417,33802.415007931326,0.6649077860062377,2.447042571120238
11.76500000000044,-146.41989100744306,-95.22538541205203,0.01971924197884522,-0.2898100351741413,146.41989100744306,95.22538541205203,-0.01971924197884522,0.2898100351741413,-11.812665246468203,-1.35,-,116092.59308650735,33847.7543780657,0.6649097302487588,2.4474625204026763
11.77000000000044,-146.90695284786085,-98.63710511686484,0.020975739026475176,0.6292209613763889,146.90695284786085,98.63710511686484,-0.020975739026475176,-0.6292209613763889,1.9039302897912311,1.35,-,116200.50135048258,33896.40077059488,0.6649119301568973,2.449442115493854
11.775000000000441,-147.38909010491585,-95.22520711019175,0.02147036589036609,-0.281561888665035,147.38909010491585,95.22520711019175,-0.02147036589036609,0.281561888665035,-11.701440588020503,-1.35,-,116309.11906989237,33941.739970940784,0.6649142350399546,2.449838500979597
11.780000000000442,-147.87612832584458,-98.63026261953684,0.022771661859078616,0.6380497965042158,147.87612832584458,98.63026261953684,-0.022771661859078616,-0.6380497965042158,2.0246714900248968,1.35,-,116418.4558165356,33990.379614462785,0.6649168277828738,2.451874038693693
11.785000000000442,-148.35824292994528,-95.22481531863565,0.023311723771184317,-0.27255576501394263,148.35824292994528,95.22481531863565,-0.023311723771184317,0.27255576501394263,-11.577486642211898,-1.35,-,116528.50665776191,34035.718441725134,0.6649195449651997,2.4522454719189044
11.790000000000443,-148.84525504713318,-98.6227474699479,0.02466179304000964,0.6476643800145421,148.84525504713318,98.6227474699479,-0.02466179304000964,-0.6476643800145421,2.1586274445339915,1.35,-,116639.28120751216,34084.35067331775,0.6649225859853795,2.4543428176646027
11.795000000000444,-149.32734472962636,-95.22418854217344,0.025251252861735907,-0.2627590302251982,149.32734472962636,95.22418854217344,-0.025251252861735907,0.2627590302251982,-11.440194220480457,-1.35,-,116750.77448693218,34129.68890373533,0.6649257741142349,2.4546880292044273
11.800000000000445,-149.81432824892616,-98.61454033894896,0.02665422562292941,0.6580949612428795,149.81432824892616,98.61454033894896,-0.02665422562292941,-0.6580949612428795,2.306373866251109,1.35,-,116862.99615167557,34178.31304156665,0.6649293263529528,2.456853474094494
11.805000000000446,-150.29639052210345,-95.22330111688372,0.027297223052331013,-0.2521362548490446,150.29639052210345,95.22330111688372,-0.027297223052331013,0.2521362548490446,-11.288907120172516,-1.35,-,116975.94117669546,34223.650426944645,0.6649330520448846,2.4571713375495405
11.810000000000446,-150.7833427490699,-98.6056105143105,0.02875741938940943,0.6693785245916137,150.7833427490699,98.6056105143105,-0.02875741938940943,-0.6693785245916137,2.4685932394663412,1.35,-,117089.6192589484,34272.26575906915,0.6649371869907343,2.459411675595463
11.815000000000447,-151.26537492760718,-95.22213245039408,0.029458297716067512,-0.24064660282273645,151.26537492760718,95.22213245039408,-0.029458297716067512,0.24064660282273645,-11.122882222712203,-1.35,-,117204.02532720836,34317.60203161116,0.664941525947256,2.4597012295327136
11.820000000000448,-151.75229298443685,-98.59592866347853,0.030980255073310967,0.6815574556356917,151.75229298443685,98.59592866347853,-0.030980255073310967,-0.6815574556356917,2.6460553679879952,1.35,-,117319.16911933855,34366.20781735624,0.664946324828278,2.462023832359377
11.825000000000449,-152.2342922038231,-95.22066651935295,0.031743588054468204,-0.22824379844343823,152.2342922038231,95.22066651935295,-0.031743588054468204,0.22824379844343823,-10.941288174374531,-1.35,-,117435.04551795256,34411.54269401819,0.6649513631051909,2.4622843085170163
11.83000000000045,-152.72117302930235,-98.58544955490186,0.03333208856119902,0.69467950112854,152.72117302930235,98.58544955490186,-0.03333208856119902,-0.69467950112854,2.8396179330759557,1.35,-,117551.66430140981,34460.13814833791,0.6649569182458301,2.4646972065634576
11.83500000000045,-153.20313623753268,-95.2188866164231,0.0341627012808462,-0.21487731973286125,153.20313623753268,95.2188866164231,-0.0341627012808462,0.21487731973286125,-10.743222458609996,-1.35,-,117669.0203061749,34505.47133018027,0.6649627536966242,2.4649280678761354
11.840000000000451,-153.68997657933602,-98.57412574740887,0.035822793107774704,0.7087965642608322,153.68997657933602,98.57412574740887,-0.035822793107774704,-0.7087965642608322,3.050208782407485,1.35,-,117787.12335067971,34554.055621514606,0.6649691700591543,2.4674400307236755
11.845000000000452,-154.171900527858,-95.21677526287989,0.03672578383815265,-0.20049218465668758,154.171900527858,95.21677526287989,-0.03672578383815265,0.20049218465668758,-10.527707538649942,-1.35,-,117905.9682252416,34599.38679297192,0.664975913975147,2.4676410163042175
11.850000000000453,-154.6586969379385,-98.5619111827803,0.03846280358355918,0.7239648984112029,154.6586969379385,98.5619111827803,-0.03846280358355918,-0.7239648984112029,3.2788294287482853,1.35,-,118025.56478793432,34647.959044651936,0.6649833109114446,2.4702616421748758
11.855000000000453,-155.14057817670118,-95.214315097561,0.03944356813333601,-0.18502843890780868,155.14057817670118,95.214315097561,-0.03944356813333601,0.18502843890780868,-10.293682490636359,-1.35,-,118145.90778291934,34693.28787364943,0.66499108988678,2.470432819790899
11.860000000000454,-155.627327017041,-98.54875539225489,0.04126316413227374,0.7402452795265929,155.627327017041,98.54875539225489,-0.04126316413227374,-0.7402452795265929,3.5265584663562612,1.35,-,118267.0071074917,34741.847159596255,0.664999603130351,2.473172635160206
11.865000000000455,-156.10916187978216,-95.21148700455888,0.04232741929233768,-0.16842132044457173,156.10916187978216,95.21148700455888,-0.04232741929233768,0.16842132044457173,-10.040004732565976,-1.35,-,118388.85745960576,34787.17329588436,0.6650085611824708,2.4733144638661075
11.870000000000456,-156.59585927133656,-98.53460371881485,0.04423558017799153,0.7577040341083973,156.59585927133656,98.53460371881485,-0.04423558017799153,-0.7577040341083973,3.7945677690660737,1.35,-,118511.46877531042,34835.71863653448,0.6650183451152392,2.4761850408826285
11.875000000000457,-157.07764387324053,-95.20827260208513,0.04538939135343249,-0.15060039650010162,157.07764387324053,95.20827260208513,-0.04538939135343249,0.15060039650010162,-9.765436284171361,-1.35,-,118634.83570633428,34881.04171239385,0.6650286460994763,2.4762984432797586
11.880000000000457,-157.5642857263092,-98.5193964748503,0.047392469838855936,0.7764120780733034,157.5642857263092,98.5193964748503,-0.047392469838855936,-0.7764120780733034,4.084108860133015,1.35,-,118758.96822701652,34929.57206980271,0.6650398763304635,2.4793125218546495
11.885000000000458,-158.04601593993954,-95.20465001325606,0.04864227580168084,-0.13149012183627104,158.04601593993954,95.20465001325606,-0.04864227580168084,0.13149012183627104,-9.468651328381556,-1.35,-,118883.86094278898,34974.89169672345,0.6650517066854393,2.4793989701153523
11.890000000000459,-158.53259792195482,-98.50306966532496,0.050747015309846835,0.7964454577774609,158.53259792195482,98.50306966532496,-0.050747015309846835,-0.7964454577774609,4.396521786124923,1.35,-,119009.52386580841,35023.405970390915,0.6650645829832537,2.4825705969514247
11.89500000000046,-159.01426935865862,-95.20059496810894,0.05209965566398999,-0.11100926492134747,159.01426935865862,95.20059496810894,-0.05209965566398999,0.11100926492134747,-9.148226812568886,-1.35,-,119135.95155510677,35068.721736802334,0.6650781548538552,2.4826322122359166
11.90000000000046,-159.50078689110268,-98.4855688710414,0.05431321833356595,0.8178856097162094,159.50078689110268,98.4855688710414,-0.05431321833356595,-0.8178856097162094,4.7332395676816965,1.35,-,119263.1540602012,35117.2187731816,0.665092904482284,2.4859768965888214
11.905000000000461,-159.98239489901997,-95.19608416278768,0.05577596774801738,-0.08906952154794191,159.98239489901997,95.19608416278768,-0.05577596774801738,0.08906952154794191,-8.80262078621542,-1.35,-,119391.12589358934,35162.53024538125,0.6651084592751751,2.486016563487165
11.910000000000462,-160.4688432450796,-98.4669413760185,0.05810597119675575,0.8408212018654744,160.4688432450796,98.4669413760185,-0.05810597119675575,-0.8408212018654744,5.095815038609898,1.35,-,119519.87714185144,35211.008938101,0.6651253407946187,2.4895514649546984
11.915000000000463,-160.9503830493369,-95.19112372663393,0.059686614768842065,-0.06556724484827486,160.9503830493369,95.19112372663393,-0.059686614768842065,0.06556724484827486,-8.430047247697646,-1.35,-,119649.4022708701,35256.3156882827,0.6651431532545315,2.4895729602726835
11.920000000000464,-161.4367570991355,-98.44681748362618,0.062141197409113905,0.8653541912612422,161.4367570991355,98.44681748362618,-0.062141197409113905,-0.8653541912612422,5.486024196417398,1.35,-,119779.71140358354,35304.77456764598,0.6651624608966088,2.493317149654351
11.925000000000464,-161.918223147854,-95.18558161740474,0.06384795799012445,-0.04041219255195952,161.918223147854,95.18558161740474,-0.06384795799012445,0.04041219255195952,-8.02890407668978,-1.35,-,119910.79895852035,35350.076042385204,0.6651828437053063,2.4933253153808854
11.930000000000465,-162.40451736067988,-98.42530761733262,0.06643570715843218,0.8915699144821642,162.40451736067988,98.42530761733262,-0.06643570715843218,-0.8915699144821642,5.905397477835098,1.35,-,120042.67509481615,35398.51374828305,0.6652049122212346,2.4972997999429345
11.935000000000466,-162.8859041250746,-95.17951175353224,0.06827732361196656,-0.013500425365606139,162.8859041250746,95.17951175353224,-0.06827732361196656,0.013500425365606139,-7.597372926378222,-1.35,-,120175.33418362938,35443.809445571256,0.6652282211858327,2.4973007112503596
11.940000000000467,-163.3721126711933,-98.40228832215098,0.07100738979496357,0.9195783079407857,163.3721126711933,98.40228832215098,-0.07100738979496357,-0.9195783079407857,6.355855192745487,1.35,-,120308.78641962264,35492.224497306444,0.6652534314328602,2.501528832572536
11.945000000000467,-163.85341438239092,-95.17284109619767,0.07299315538816976,0.015287054696432075,163.85341438239092,95.17284109619767,-0.07299315538816976,-0.015287054696432075,-7.1333902459505625,-1.35,-,120443.02612664651,35537.513845718066,0.6652800714365278,2.5015300010427426
11.950000000000468,-164.33955981768008,-98.37822036252811,0.07587178291111196,0.9487998194736593,164.33955981768008,98.37822036252811,-0.07587178291111196,-0.9487998194736593,6.828927235813803,1.35,-,120578.06358125187,35585.90521692656,0.6653088540737383,2.5060311065299095
11.955000000000469,-164.82076159691778,-95.16427907594189,0.0780092651424779,0.045561722584754445,164.82076159691778,95.16427907594189,-0.0780092651424779,-0.045561722584754445,-6.642551229487064,-1.35,-,120713.89299851883,35631.18641698679,0.6653392813009786,2.506041485882734
11.96000000000047,-165.3069069876904,-98.35467591141868,0.08103527277872928,0.9777529690343614,165.3069069876904,98.35467591141868,-0.08103527277872928,-0.9777529690343614,7.302453829460369,1.35,-,120850.52486600804,35679.554628355,0.6653721148781503,2.510821490225012
11.96500000000047,-165.78797302608845,-95.14886025214918,0.08332750066634102,0.07649133315303483,165.78797302608845,95.14886025214918,-0.08332750066634102,-0.07649133315303483,-6.137213618795884,-1.35,-,120987.95312600855,35724.82115639142,0.6654068322399868,2.51085074484525
11.970000000000471,-166.27409197660447,-98.33102234870594,0.08650410857560885,1.0072973340627438,166.27409197660447,98.33102234870594,-0.08650410857560885,-1.0072973340627438,7.789437513536992,1.35,-,121126.18849432179,35773.16610617214,0.6654442470439891,2.5159239844413004
11.975000000000472,-166.75499559266086,-95.12871560089778,0.0889572111492914,0.10867248024138769,166.75499559266086,95.12871560089778,-0.0889572111492914,-0.10867248024138769,-5.608328764864204,-1.35,-,121265.22463709736,35818.41346883153,0.6654838139710664,2.5159830329811093
11.980000000000473,-167.24107152702678,-98.3065420893188,0.09229035237273388,1.0379804815709341,167.24107152702678,98.3065420893188,-0.09229035237273388,-1.0379804815709341,8.298288806287575,1.35,-,121405.07251712492,35866.73434991934,0.6655264015167718,2.521370050381721
11.985000000000474,-167.72179046030612,-95.1047846598296,0.09491243182718354,0.14250076741005832,167.72179046030612,95.1047846598296,-0.09491243182718354,-0.14250076741005832,-5.04976932305021,-1.35,-,121545.725512101,35911.95895024531,0.6655714433653486,2.5214715827252836
11.990000000000475,-168.20781048107781,-98.28086747907167,0.09840996820391161,1.0701844828215272,168.20781048107781,98.28086747907167,-0.09840996820391161,-1.0701844828215272,8.834986996557033,1.35,-,121687.19484963521,35960.25459480751,0.665619865974558,2.5271980568616446
11.995000000000475,-168.68832489873841,-95.07756446395682,0.10121065118284274,0.1782873920491709,168.68832489873841,95.07756446395682,-0.10121065118284274,-0.1782873920491709,-4.456613636748468,-1.35,-,121829.47360442094,36005.45331112951,0.6656710839541223,2.527356988832463
12.000000000000476,-169.17427795497858,-98.25370497905595,0.10488196890596353,1.1042095023398195,169.17427795497858,98.25370497905595,-0.10488196890596353,-1.1042095023398195,9.404326850906482,1.35,-,121972.5732860289,36053.72226384007,0.6657260850911303,2.533453381957752
12.005000000000477,-169.65456941895042,-95.04735868236781,0.10787214244739553,0.21629055032321218,169.65456941895042,95.04735868236781,-0.10787214244739553,-0.21629055032321218,-3.8246895588462584,-1.35,-,122116.48665065257,36098.892265802555,0.6657842670867112,2.5336872899685474
12.010000000000478,-170.14044562893983,-98.22482861382889,0.11172788404026458,1.1403028780369173,170.14044562893983,98.22482861382889,-0.11172788404026458,-1.1403028780369173,10.010347033723557,1.35,-,122261.22550684666,36147.13285058364,0.6658466826870718,2.5401887432368446
12.015000000000478,-170.62049636089088,-95.01432017572624,0.11491954208146801,0.25673923788004216,170.62049636089088,95.01432017572624,-0.11491954208146801,-0.25673923788004216,-3.150224558527508,-1.35,-,122406.78227573886,36192.271455775925,0.6659127151928329,2.5405183184181808
12.02000000000048,-171.10628647287317,-98.19405849018905,0.11897145222316752,1.1786772464134145,171.10628647287317,98.19405849018905,-0.11897145222316752,-1.1786772464134145,10.656597850830025,1.35,-,122553.16908209157,36240.4818213898,0.6659834862250533,2.547464718674245
12.02500000000048,-171.58607858848512,-94.97842995050073,0.12237762785612222,0.2998517540297365,171.58607858848512,94.97842995050073,-0.12237762785612222,-0.2998517540297365,-2.4295710142615388,-1.35,-,122700.37799391846,36285.58633216912,0.6660583676440518,2.5479142740462186
12.03000000000048,-172.07177331211594,-98.16124022570074,0.1266384997289147,1.219534757345659,172.07177331211594,98.16124022570074,-0.1266384997289147,-1.219534757345659,11.346503119119951,1.35,-,122848.42146977237,36333.764477582365,0.6661385541921198,2.5553505991680905
12.035000000000482,-172.55123931350005,-94.91540499788644,0.13027808087803566,0.3482178492852497,172.55123931350005,94.91540499788644,-0.13027808087803566,-0.3482178492852497,-1.622918720048451,-1.35,-,122997.29112071551,36378.80914811193,0.6662234160839061,2.5559568775208947
12.040000000000482,-173.03672991459905,-98.12379933238931,0.13477360299730537,1.2654435629440455,173.03672991459905,98.12379933238931,-0.13477360299730537,-1.2654435629440455,12.119312305888512,1.35,-,123146.99967021322,36426.95054808906,0.6663142357042305,2.5639636145758784
12.045000000000483,-173.51585837322878,-94.85002515781437,0.13867162517200415,0.4017470107294858,173.51585837322878,94.85002515781437,-0.13867162517200415,-0.4017470107294858,-0.7313552995630896,-0.7313552995630896,-,123297.53843574824,36471.933184451256,0.6664103848023698,2.564770617879029
12.050000000000484,-173.9943361802106,-96.25921894431126,0.14245429222780276,0.9931246362683492,173.9943361802106,96.25921894431126,-0.14245429222780276,-0.9931246362683492,8.14872610134763,1.35,-,123448.90858086222,36518.26237061011,0.6665118509292405,2.5697021005948457
12.055000000000485,-174.4683279592872,-93.82488349338169,0.1445954002168278,0.05186956517043009,174.4683279592872,93.82488349338169,-0.1445954002168278,-0.05186956517043009,-5.908256307430253,-1.35,-,123601.10456816679,36562.27791442285,0.6666163900780598,2.5697155528538005
12.060000000000485,-174.94920979232458,-97.750110425255,0.1476005890237178,0.9665580990942567,174.94920979232458,97.750110425255,-0.1476005890237178,-0.9665580990942567,7.7594097215715365,1.35,-,123754.1406982016,36610.0533348636,0.6667253197474606,2.5743867256484245
12.065000000000486,-175.4238051802592,-93.94727078636886,0.15028650000744664,0.16205271704091007,175.4238051802592,93.94727078636886,-0.15028650000744664,-0.16205271704091007,-4.210809367212395,-1.35,-,123908.00825532124,36654.183783304645,0.6668382499078831,2.5745180310639264
12.070000000000487,-175.9053971740611,-97.9070238852897,0.15383646477769738,1.074507430633081,175.9053971740611,97.9070238852897,-0.15383646477769738,-1.074507430633081,9.430802066493438,1.35,-,124062.72179909609,36702.11270993503,0.6669565781973597,2.580290862156356
12.075000000000488,-176.38061809930184,-94.07440395005145,0.1570884072521317,0.2767491110578717,176.38061809930184,94.07440395005145,-0.1570884072521317,-0.2767491110578717,-2.4291500283230523,-1.35,-,124218.27241130157,36746.36267732782,0.6670799620358248,2.5806738125087123
12.080000000000489,-176.8629621346941,-98.07411912411257,0.1612044361805773,1.1866113246230896,176.8629621346941,98.07411912411257,-0.1612044361805773,-1.1866113246230896,11.181235544184986,1.35,-,124374.6749481769,36794.45534153769,0.6672098963870463,2.587714044687332
12.08500000000049,-177.33883421898804,-94.20704795051081,0.16504750429742227,0.39674515648532777,177.33883421898804,94.20704795051081,-0.16504750429742227,-0.39674515648532777,-0.5508044160284873,-0.5508044160284873,-,124531.92025878766,36838.83018095544,0.6673460997804204,2.588501078283305
12.09000000000049,-177.81311415617537,-95.2885936584525,0.1684276449948148,0.8622768120424079,177.81311415617537,95.2885936584525,-0.1684276449948148,-0.8622768120424079,6.442270416142277,1.35,-,124690.00777661728,36884.229761362476,0.6674879391384129,2.5922186847862356
12.095000000000491,-178.28231512901522,-92.8749634921318,0.1699590460511732,-0.06418143704962945,178.28231512901522,92.8749634921318,-0.1699590460511732,0.06418143704962945,-7.402127739980088,-1.35,-,124848.93069605611,36927.35855558081,0.667632369525086,2.5922392810705444
12.100000000000492,-178.7588239403885,-96.92389265787872,0.17236199219157913,0.8433474282685653,178.7588239403885,96.92389265787872,-0.17236199219157913,-0.8433474282685653,6.146810496129052,1.35,-,125008.70428173889,36974.329760420595,0.6677809128068473,2.5957954554943807
12.105000000000492,-179.22872725742425,-93.01682128394404,0.17452898767586278,0.06394175377025017,179.22872725742425,93.01682128394404,-0.17452898767586278,-0.06394175377025017,-5.452424394284156,-1.35,-,125169.31896511049,37017.590405629446,0.6679332146445431,2.5958158982337567
12.110000000000493,-179.70602165256452,-97.0926694540385,0.17756752487064387,0.9696432129014618,179.70602165256452,97.0926694540385,-0.17756752487064387,-0.9696432129014618,8.078066811398234,1.35,-,125330.79023620147,37064.725337938005,0.6680908657739866,2.600516938035387
12.115000000000494,-180.1766444040496,-93.16254792217437,0.1803871579394056,0.1958074980205576,180.1766444040496,93.16254792217437,-0.1803871579394056,-0.1958074980205576,-3.427396895206022,-1.35,-,125493.10835214502,37108.12163961477,0.6682535634077339,2.6007086409167925
12.120000000000495,-180.65477233357262,-97.27519945446151,0.18407760137937906,1.0988392133596472,180.65477233357262,97.27519945446151,-0.18407760137937906,-1.0988392133596472,10.072057338653257,1.35,-,125656.28908597952,37155.43396175931,0.6684229862243819,2.606745879000878
12.125000000000496,-181.1261357960607,-93.31295647431212,0.18757134911836146,0.33227839623254696,181.1261357960607,93.31295647431212,-0.18757134911836146,-0.33227839623254696,-1.3135583810650446,-1.3135583810650446,-,125820.3224713216,37198.9705009892,0.6685989012794323,2.6072979236638925
12.130000000000496,-181.60450093453974,-97.25502750921486,0.19189778597896218,1.219751195855043,181.60450093453974,97.25502750921486,-0.19189778597896218,-1.219751195855043,11.965454139944192,1.35,-,125985.22344512005,37246.2632028683,0.6687830250807505,2.6147368885628426
12.135000000000497,-182.07629674556551,-93.4021501010953,0.1959586990657733,0.4476790668135421,182.07629674556551,93.4021501010953,-0.1959586990657733,-0.4476790668135421,0.5034716163452029,0.5034716163452029,-,126150.98233430297,37289.88301108585,0.6689750241394483,2.615738971297158
12.140000000000498,-182.54078291676356,-92.56078321684429,0.19731513194758146,0.1537892130622633,182.54078291676356,92.56078321684429,-0.19731513194758146,-0.1537892130622633,-3.886281805859756,-1.35,-,126317.58802144232,37332.720504034434,0.6691696904459258,2.61585722690743
12.145000000000499,-183.01614606105076,-96.75409558472994,0.20077977024851057,1.0516407193810933,183.01614606105076,96.75409558472994,-0.20077977024851057,-1.0516407193810933,9.530579590307429,1.35,-,126485.06257003755,37379.52727909654,0.669371253026631,2.6213869679207327
12.1500000000005,-183.48453477718783,-92.72382123467611,0.20410235044987865,0.3021194289867458,183.48453477718783,92.72382123467611,-0.20410235044987865,-0.3021194289867458,-1.6005311242316695,-1.35,-,126653.39544254959,37422.51581421835,0.6695795418739269,2.621843348667589
12.1550000000005,-183.96082762578433,-96.95684778409912,0.20830025951597972,1.197012728950262,183.96082762578433,96.95684778409912,-0.20830025951597972,-1.197012728950262,11.782124766280267,1.35,-,126822.60337305344,37469.5189658795,0.669796486864499,2.629007546033935
12.160000000000501,-184.43004350557442,-92.89197200326377,0.2123808131056097,0.45568111247771387,184.43004350557442,92.89197200326377,-0.2123808131056097,-0.45568111247771387,0.7858877034616012,0.7858877034616012,-,126992.67557779081,37512.663558192784,0.670022014913376,2.6300457724152797
12.165000000000502,-184.89046159145173,-91.54487521943467,0.2131855158785566,-0.03546475532264792,184.89046159145173,91.54487521943467,-0.2131855158785566,0.03546475532264792,-6.560704559708133,-1.35,-,127163.59799172834,37554.5658790875,0.670249255234278,2.6300520611596303
12.170000000000503,-185.3609574833761,-95.80618611271758,0.21569009920310803,0.858077263154835,185.3609574833761,95.80618611271758,-0.21569009920310803,-0.858077263154835,6.77594841377975,1.35,-,127335.39141452414,37600.46000557483,0.6704818663287493,2.6337335441073475
12.175000000000503,-185.82429667768815,-91.71919883427209,0.21810079737500207,0.12336262690764732,185.82429667768815,91.71919883427209,-0.21810079737500207,-0.12336262690764732,-4.145404479553227,-1.35,-,127508.04476070296,37642.52206274884,0.6707197061178274,2.6338096357959353
12.180000000000504,-186.2957473174499,-96.00985686332132,0.2213932211543665,1.014632191336439,186.2957473174499,96.00985686332132,-0.2213932211543665,-1.014632191336439,9.168354157397658,1.35,-,127681.57528804583,37688.61152582342,0.6709647809096929,2.638957028214417
12.185000000000505,-186.75996645909416,-91.89735679319809,0.22460997796334126,0.2861387941905942,186.75996645909416,91.89735679319809,-0.22460997796334126,-0.2861387941905942,-1.647114211918697,-1.35,-,127855.97171340487,37730.837146751306,0.6712170291206964,2.6393664052621215
12.190000000000506,-187.23241687109726,-96.22677111329978,0.22870788935175124,1.1743392362773046,187.23241687109726,96.22677111329978,-0.22870788935175124,-1.1743392362773046,11.631874787325952,1.35,-,128031.25160304186,37777.13510414577,0.671478565613955,2.6462617684714242
12.195000000000507,-187.69753679708404,-92.08021303543293,0.23275360746196236,0.45388947411195335,187.69753679708404,92.08021303543293,-0.23275360746196236,-0.45388947411195335,0.9501404910167153,0.9501404910167153,-,128207.40342964036,37819.528932309026,0.6717494368228879,2.6472918467449724
12.200000000000507,-188.15304394195323,-90.44901466852308,0.23322611935073398,-0.1450351164607119,188.15304394195323,90.44901466852308,-0.23322611935073398,0.1450351164607119,-8.01223700769826,-1.35,-,128384.4112693635,37860.434053581565,0.672021408936625,2.647397022670006
12.205000000000508,-188.61833759572218,-94.80157524420152,0.23516337204303603,0.7421202028508094,188.61833759572218,94.80157524420152,-0.23516337204303603,-0.7421202028508094,5.218488614694763,1.35,-,128562.2956557504,37905.37074692548,0.6722979179943783,2.6501507346474034
12.210000000000509,-189.07623189502576,-90.63738253898661,0.23706893812263224,0.027263847021142977,189.07623189502576,90.63738253898661,-0.23706893812263224,-0.027263847021142977,-5.410805149424134,-1.35,-,128741.04476308853,37946.44642249308,0.6725789264014913,2.6501544512341755
12.21500000000051,-189.54253265265376,-95.01289933115252,0.2398625136561859,0.9125735929718217,189.54253265265376,95.01289933115252,-0.2398625136561859,-0.9125735929718217,7.8045823066909135,1.35,-,128920.67662151047,37991.58367768965,0.6728665965287787,2.6543184040471237
12.22000000000051,-190.00137645192564,-90.8288369228933,0.242638758606254,0.20279007145125408,190.00137645192564,90.8288369228933,-0.242638758606254,-0.20279007145125408,-2.73519934567227,-1.35,-,129101.17923677863,38032.833065773484,0.6731609643646687,2.65452402311252
12.225000000000511,-190.46872601079684,-95.23736116138303,0.24630267462212885,1.0853889646595598,190.46872601079684,95.23736116138303,-0.24630267462212885,-1.0853889646595598,10.451878325565794,1.35,-,129282.57091471953,38078.18384057841,0.6734642894022987,2.6604143691355446
12.230000000000512,-190.92856632428516,-91.0243258753545,0.249966285864277,0.3826629681221815,190.92856632428516,91.0243258753545,-0.249966285864277,-0.3826629681221815,0.03180963931837977,0.03180963931837977,-,129464.8395019128,38119.61098008373,0.6737767051226426,2.661146523871405
12.235000000000513,-191.38381230911153,-91.0658814836114,0.252084655155852,0.4511042345466238,191.38381230911153,91.0658814836114,-0.252084655155852,-0.4511042345466238,1.0711632235004456,1.0711632235004456,-,129647.97831998266,38161.07595393567,0.6740944384894679,2.6621639990235346
12.240000000000514,-191.83363658442545,-89.23095800353475,0.2523157273306083,-0.22363894378155558,191.83363658442545,89.23095800353475,-0.2523157273306083,0.22363894378155558,-9.027812870211923,-1.35,-,129831.97904060871,38200.88677326682,0.6744127546207599,2.6624140709094135
12.245000000000514,-192.29310032262606,-93.66954062660938,0.2538407036528036,0.6571724794984288,192.29310032262606,93.66954062660938,-0.2538407036528036,-0.6571724794984288,4.100082921831256,1.35,-,130016.86222276717,38244.75668747283,0.6747349301349147,2.6645734492484645
12.250000000000515,-192.74499181030427,-89.43224817349697,0.25538696528495425,-0.03866603273429362,192.74499181030427,89.43224817349697,-0.25538696528495425,0.03866603273429362,-6.2476306476222,-1.35,-,130202.61538210697,38284.74732253967,0.675061042645102,2.6645809245589014
12.255000000000516,-193.20550830911063,-93.88858395334685,0.25783322894235916,0.8406950855331037,193.20550830911063,93.88858395334685,-0.25783322894235916,-0.8406950855331037,6.871932705700578,1.35,-,130389.2572243119,38328.8226535235,0.6753934325148363,2.6681147656930997
12.260000000000517,-193.65843103612332,-89.63616007475869,0.2603102524921714,0.14904893216603424,193.65843103612332,89.63616007475869,-0.2603102524921714,-0.14904893216603424,-3.398672673067022,-1.35,-,130576.7751638688,38368.99585948825,0.6757322396525991,2.6682258436139987
12.265000000000517,-194.120046204335,-94.12103084026565,0.2636886032352012,1.0260051721547714,194.120046204335,94.12103084026565,-0.2636886032352012,-1.0260051721547714,9.698184165870876,1.35,-,130765.1881255607,38413.28970172042,0.6760798980499798,2.6734892766804412
12.270000000000518,-194.57402772838898,-89.84360600969708,0.26711214691082685,0.3406719970154519,194.57402772838898,89.84360600969708,-0.26711214691082685,-0.3406719970154519,-0.4630710704353185,-0.4630710704353185,-,130954.48338689297,38453.64906942456,0.6764366425451164,2.6740695637281937
12.275000000000519,-195.02605887817998,-90.78118467515276,0.2700951862589816,0.7672152805447681,195.02605887817998,90.78118467515276,-0.2700951862589816,-0.7672152805447681,5.94299095342599,1.35,-,131144.6592051008,38494.855186879686,0.6768013995933178,2.6770126601617013
12.28000000000052,-195.4730014240814,-88.46049455503744,0.2713447947643147,-0.09470323048192854,195.4730014240814,88.46049455503744,-0.2713447947643147,0.09470323048192854,-6.938506483828212,-1.35,-,131335.7076765295,38533.9814823643,0.6771695395815462,2.67705750367102
12.28500000000052,-195.9288779443098,-92.98796667483079,0.2734936473144475,0.779120995707721,195.9288779443098,92.98796667483079,-0.2734936473144475,-0.779120995707721,6.092305194063519,1.35,-,131527.6483025921,38577.215292095905,0.6775435334571531,2.6800926513007837
12.290000000000521,-196.37703670167522,-88.67485389954733,0.27571500842587926,0.10344052739971449,196.37703670167522,88.67485389954733,-0.27571500842587926,-0.10344052739971449,-3.94124550867405,-1.35,-,131720.4680053108,38616.53144066644,0.6779236272865096,2.6801461510143274
12.295000000000522,-196.834046801158,-93.22604911167609,0.2788496643694046,0.9752642207766611,196.834046801158,93.22604911167609,-0.2788496643694046,-0.9752642207766611,9.073825422911142,1.35,-,131914.18621521143,38659.98692183131,0.6783124129631043,2.6849018525159636
12.300000000000523,-197.28331073249012,-88.89240950153615,0.28206899323747586,0.30515423503506167,197.28331073249012,88.89240950153615,-0.28206899323747586,-0.30515423503506167,-0.8608321952422651,-0.8608321952422651,-,132108.78973867933,38699.49622416626,0.6787102275478344,2.6853674480517626
12.305000000000524,-197.73275742699283,-90.55991993371362,0.2857257465260248,1.0147960051086709,197.73275742699283,90.55991993371362,-0.2857257465260248,-1.0147960051086709,9.787317578766448,1.35,-,132304.28095547776,38740.50171965827,0.6791184235589737,2.690516502711686
12.310000000000525,-198.17855785233112,-88.23850467043962,0.288252928621465,0.1652706546510938,198.17855785233112,88.23850467043962,-0.288252928621465,-0.1652706546510938,-2.8890586584136555,-1.35,-,132500.65465943996,38779.43188819065,0.679533872313268,2.69065307465813
12.315000000000525,-198.6335626152998,-92.84775554060919,0.2916820307844143,1.0322846895994473,198.6335626152998,92.84775554060919,-0.2916820307844143,-1.0322846895994473,10.057203190333748,1.35,-,132697.93112042622,38822.5354167353,0.6799592643486807,2.695981133060038
12.320000000000526,-199.0807206585843,-88.46399919158323,0.29522891190856837,0.3753406285178967,199.0807206585843,88.46399919158323,-0.29522891190856837,-0.3753406285178967,0.326034296221938,0.326034296221938,-,132896.09678711597,38861.664812500145,0.6803950649008144,2.696685535997119
12.325000000000527,-199.52163678070247,-87.99612940986421,0.2967351368925189,0.2519023270301596,199.52163678070247,87.99612940986421,-0.2967351368925189,-0.2519023270301596,-1.5112261005852057,-1.35,-,133095.14120483425,38900.38140645574,0.6808353236081476,2.6970028099089354
12.330000000000528,-199.97554896415875,-92.64672270265288,0.30058722331342075,1.115333269253991,199.97554896415875,92.64672270265288,-0.30058722331342075,-1.115333269253991,11.38685097589177,1.35,-,133295.09230575187,38943.298482593455,0.681287087002244,2.70322265141646
12.335000000000528,-200.42154765679769,-88.22686690965254,0.30457922068813226,0.46767998235720476,200.42154765679769,88.22686690965254,-0.30457922068813226,-0.46767998235720476,1.8024888012150966,1.35,-,133495.93628957763,38982.21838281693,0.6817509295106191,2.7043162742459486
12.34000000000053,-200.8558238659075,-85.94091249887786,0.3044023272618187,-0.37072418686184755,200.8558238659075,85.94091249887786,-0.3044023272618187,0.37072418686184755,-10.74787909861429,-1.35,-,133697.65159948193,39019.147585022634,0.6822142333948312,2.7050034563595706
12.34500000000053,-201.29952756469277,-90.60732372695608,0.3051364565753,0.49186205805525113,201.29952756469277,90.60732372695608,-0.3051364565753,-0.49186205805525113,2.0908501423314347,1.35,-,133900.25909847082,39060.19602058745,0.6826797746804879,2.7062130977803425
12.35000000000053,-201.73527012386873,-86.17534049114109,0.3060247184918029,-0.15207340619028498,201.73527012386873,86.17534049114109,-0.3060247184918029,0.15207340619028498,-7.483647930254802,-1.35,-,134103.74469453061,39097.326967131274,0.6831480303221279,2.706328729384694
12.355000000000532,-202.18016195005853,-90.850526803825,0.30785109767194413,0.7097717922841276,202.18016195005853,90.850526803825,-0.30785109767194413,-0.7097717922841276,5.360126335262233,1.35,-,134308.1287839614,39138.59605823394,0.683621891813817,2.7088476093703053
12.360000000000532,-202.61709034964508,-86.41159969667629,0.3098365976234158,0.06848751602076153,202.61709034964508,86.41159969667629,-0.3098365976234158,-0.06848751602076153,-4.158053903256669,-1.35,-,134513.39721047023,39175.93088104464,0.6841018853999514,2.7088710620695586
12.365000000000533,-203.06322206253927,-91.10835090174186,0.31276055395877134,0.928358247926501,203.06322206253927,91.10835090174186,-0.31276055395877134,-0.928358247926501,8.672086127742674,1.35,-,134719.57057124237,39217.434539064816,0.6845909812205145,2.713180307252025
12.370000000000534,-203.50135943479577,-86.6504629552245,0.3158547838943002,0.29220074639819754,203.50135943479577,86.6504629552245,-0.3158547838943002,-0.29220074639819754,-0.7522306821088538,-0.7522306821088538,-,134926.63458770144,39254.97605271659,0.6850898024430592,2.7136072136330034
12.375000000000535,-203.93897373021576,-88.10413560026352,0.3192304745538259,0.9303271042513191,203.93897373021576,88.10413560026352,-0.3192304745538259,-0.9303271042513191,8.823722020863276,1.35,-,135134.59011273214,39293.787746265945,0.6855993429224786,2.7179347562375273
12.380000000000535,-204.3726808050139,-85.83362568827093,0.3213980501753967,0.10266807033022549,204.3726808050139,85.83362568827093,-0.3213980501753967,-0.10266807033022549,-3.5305879383816423,-1.35,-,135343.43107602932,39330.62480275992,0.6861158264557614,2.717987459900854
12.385000000000536,-204.81607766416417,-90.58091707351473,0.3244792177857979,0.958114728628949,204.81607766416417,90.58091707351473,-0.3244792177857979,-0.958114728628949,9.234647748184342,1.35,-,135553.17920437802,39371.64931544932,0.6866422602696359,2.7225773790669336
12.390000000000537,-205.25138952864268,-86.07925257283662,0.3277597812664443,0.33375129790778185,205.25138952864268,86.07925257283662,-0.3277597812664443,-0.33375129790778185,-0.008974444989046093,-0.008974444989046093,-,135763.81986889525,39408.69750406682,0.6871793926407151,2.7231343287112093
12.395000000000538,-205.682204519921,-86.21882806813394,0.3297969137780876,0.4565644024944516,205.682204519921,86.21882806813394,-0.3297969137780876,-0.4565644024944516,1.8437550019285704,1.35,-,135975.34571517617,39445.865935634036,0.687723222662403,2.724176583979335
12.400000000000539,-206.10651939103363,-83.95920561461162,0.3296176113649474,-0.36406415390018865,206.10651939103363,83.95920561461162,-0.3296176113649474,0.36406415390018865,-10.440143025962195,-1.35,-,136187.74520185363,39481.11167667122,0.6882664615110128,2.7248392975201106
12.40500000000054,-206.54063023611315,-88.73094384548928,0.330357910403386,0.4894654592905412,206.54063023611315,88.73094384548928,-0.330357910403386,-0.4894654592905412,2.261106459054597,1.35,-,136401.0403615453,39520.477578649785,0.6888121432558433,2.7260371796993033
12.41000000000054,-206.96660004791298,-84.20866996124442,0.3313139388776899,-0.12944261332916246,206.96660004791298,84.20866996124442,-0.3313139388776899,0.12944261332916246,-6.934767517913496,-1.35,-,136615.2162292223,39555.933079133,0.6893609878863166,2.7261209566500306
12.415000000000541,-207.40197425880987,-88.98936224961274,0.3332262675757872,0.7232949499204515,207.40197425880987,88.98936224961274,-0.3332262675757872,-0.7232949499204515,5.771952047098932,1.35,-,136830.2941238546,39595.52861210097,0.6899161866133291,2.728736734572933
12.420000000000542,-207.82920498561043,-84.4599410027565,0.3353593623501282,0.10715456921709746,207.82920498561043,84.4599410027565,-0.3353593623501282,-0.10715456921709746,-3.3646580459711624,-1.35,-,137046.2590160794,39631.19602027192,0.6904785161229086,2.7287941450814537
12.425000000000542,-208.26589661013736,-89.26308934723774,0.3384489767344312,0.9577474048394793,208.26589661013736,89.26308934723774,-0.3384489767344312,-0.9577474048394793,9.32704807225841,1.35,-,137263.13243453356,39671.03551587099,0.6910512546721715,2.733380545538838
12.430000000000543,-208.69441137076694,-84.71367446227097,0.34177075713722,0.3469940543389467,208.69441137076694,84.71367446227097,-0.34177075713722,-0.3469940543389467,0.28942222806640383,0.28942222806640383,-,137480.89922122055,39706.9175490755,0.6916352909243424,2.733982569907571
12.435000000000544,-209.11683588678144,-84.33245136702446,0.34326856633796554,0.267975009492023,209.11683588678144,84.33245136702446,-0.34326856633796554,-0.267975009492023,-0.8826688253619175,-0.8826688253619175,-,137699.54847647707,39742.47736084336,0.6922244574675211,2.734341622936132
12.440000000000545,-209.5445090700923,-86.34036775906475,0.34671446948065476,0.9695021156089708,209.5445090700923,86.34036775906475,-0.34671446948065476,-0.9695021156089708,9.634661058359397,1.35,-,137919.09298288423,39779.75065636722,0.6928255120842575,2.7390412946969844
12.445000000000546,-209.96783881592614,-83.76987335872093,0.34928128697987826,0.1904674721956448,209.96783881592614,83.76987335872093,-0.34928128697987826,-0.1904674721956448,-1.9778796321786185,-1.35,-,138139.52544956942,39814.837614779906,0.6934354991714292,2.7392226839868075
12.450000000000546,-210.40126255282613,-88.63296527141803,0.352770578439688,1.035542718787994,210.40126255282613,88.63296527141803,-0.352770578439688,-1.035542718787994,10.635989650873826,1.35,-,138360.86890598858,39854.11662744393,0.6940577345764927,2.7445844275989826
12.455000000000547,-210.82640136522795,-84.03109877500452,0.3565259520062597,0.43901212508918636,210.82640136522795,84.03109877500452,-0.3565259520062597,-0.43901212508918636,1.8193931263224825,1.35,-,138583.10776355167,39889.42275525061,0.6946932883487626,2.7455480858288595
12.460000000000548,-211.23986388784328,-81.80018713564044,0.35631725407923015,-0.3622203067314985,211.23986388784328,81.80018713564044,-0.35631725407923015,0.3622203067314985,-10.174144088010568,-1.35,-,138806.21916402847,39922.87910832775,0.6953280982765355,2.7462041035819027
12.465000000000549,-211.66350175069192,-86.67930948926146,0.3570378486017509,0.4816650858418161,211.66350175069192,86.67930948926146,-0.3570378486017509,-0.4816650858418161,2.3804177568405995,1.35,-,139030.22635389533,39960.44562179543,0.6959654784032064,2.747364109856498
12.47000000000055,-212.07881143142325,-82.06465989930346,0.358036990858073,-0.11114091450487101,212.07881143142325,82.06465989930346,-0.358036990858073,0.11114091450487101,-6.42100450994497,-1.35,-,139255.11346518618,39994.118663817375,0.6966064308373201,2.747425871370883
12.47500000000055,-212.50379642581464,-86.95421748431706,0.3600106879391491,0.73172345803325,212.50379642581464,86.95421748431706,-0.3600106879391491,-0.73172345803325,6.136775982867058,1.35,-,139480.90278266312,40031.92384350893,0.6972544693144723,2.7501029674660638
12.480000000000551,-212.92044265778654,-82.33075065940857,0.3622686488300548,0.14188505289295666,212.92044265778654,82.33075065940857,-0.3622686488300548,-0.14188505289295666,-2.6011271936544613,-1.35,-,139707.5783571711,40065.81560602964,0.6979106621840981,2.750203624307236
12.485000000000552,-213.3468207929196,-87.24334742039179,0.36550135812513657,0.9824565085170286,213.3468207929196,87.24334742039179,-0.36550135812513657,-0.9824565085170286,9.940628219507857,1.35,-,139935.16268688336,40103.87261437522,0.6985786183980548,2.7550297282628744
12.490000000000553,-213.764824589739,-82.59907442633468,0.36902979992534074,0.3981894756791773,213.764824589739,82.59907442633468,-0.36902979992534074,-0.3981894756791773,1.305714661951516,1.305714661951516,-,140163.6396880428,40137.98564985566,0.6992595333642195,2.7558225025555827
12.495000000000553,-214.17139851575013,-80.45864529442579,0.36873469346587173,-0.36382202179808604,214.17139851575013,80.45864529442579,-0.36873469346587173,0.36382202179808604,-10.102338771501733,-1.35,-,140392.9866277538,40170.353617868735,0.6999393597350465,2.756484334873309
12.500000000000554,-214.58846524078922,-85.38481678415887,0.3694349542842011,0.4757576340427617,214.58846524078922,85.38481678415887,-0.3694349542842011,-0.4757576340427617,2.386653879589696,1.35,-,140623.22767482582,40206.806452555065,0.7006217706622815,2.757616061505059
12.505000000000555,-214.99712579980198,-80.72966415767942,0.370441341535724,-0.10530909248341777,214.99712579980198,80.72966415767942,-0.370441341535724,0.10530909248341777,-6.237494579361074,-1.35,-,140854.34649533674,40239.39284593013,0.7013079045998756,2.7576715115298573
12.510000000000556,-215.41557108520257,-85.66594413753451,0.3724319812821083,0.7332697890750915,215.41557108520257,85.66594413753451,-0.3724319812821083,-0.7332697890750915,6.255584829199203,1.35,-,141086.3658366666,40276.08611585501,0.7020014325032843,2.7603599344477088
12.515000000000557,-215.82560043109007,-81.00238611981626,0.3747343136723516,0.15521606954204284,215.82560043109007,81.00238611981626,-0.3747343136723516,-0.15521606954204284,-2.3038159914240115,-1.35,-,141319.26928567386,40308.89304864054,0.7027035615325018,2.7604803945889294
12.520000000000557,-216.245482049162,-85.96344610551418,0.3780200596670507,0.9912397371611407,216.245482049162,85.96344610551418,-0.3780200596670507,-0.9912397371611407,10.169808748346107,1.35,-,141553.07982820726,40345.84161897222,0.7034180573600554,2.7653931756715666
12.525000000000558,-216.65690274028407,-81.27708481829906,0.38162970626033677,0.4189573621632657,216.65690274028407,81.27708481829906,-0.38162970626033677,-0.4189573621632657,1.7169882203766924,1.35,-,141787.78089573237,40378.87144155503,0.7041462635235572,2.766270802028121
12.530000000000559,-217.05667654359988,-79.073278094081,0.38137563866766294,-0.36398009281290056,217.05667654359988,79.073278094081,-0.38137563866766294,0.36398009281290056,-10.00279943580418,-1.35,-,142023.34889989317,40410.13435809775,0.7048735004124032,2.7669332095679415
12.53500000000056,-217.46696102165308,-84.04774403129584,0.38206149595459904,0.47104745609629545,217.46696102165308,84.04774403129584,-0.38206149595459904,-0.47104745609629545,2.417000959271377,1.35,-,142259.80829557317,40445.45447448151,0.7056033553458586,2.7680426380974157
12.54000000000056,-217.86875341014672,-79.35087518382198,0.38308171313355166,-0.09793008261916823,217.86875341014672,79.35087518382198,-0.38308171313355166,0.09793008261916823,-6.024493182366557,-1.35,-,142497.14226413565,40476.9372814437,0.7063371133405454,2.7680905896028247
12.545000000000561,-218.2804597462486,-84.33720290913203,0.3850942310260383,0.7358492186680456,218.2804597462486,84.33720290913203,-0.3850942310260383,-0.7358492186680456,6.396189297378673,1.35,-,142735.37405967087,40512.50110041639,0.7070786011743931,2.770797959965897
12.550000000000562,-218.6836546884969,-79.62984774761748,0.38744747862253387,0.16999578631603063,218.6836546884969,79.62984774761748,-0.38744747862253387,-0.16999578631603063,-1.9782941684137567,-1.35,-,142974.4867638105,40544.20566367794,0.707829178917848,2.770942452802723
12.555000000000563,-219.09681921341695,-84.63947050201305,0.39079321387175864,1.001374475743871,219.09681921341695,84.63947050201305,-0.39079321387175864,-1.001374475743871,10.425853165657502,1.35,-,143214.50384475774,40580.02486351225,0.7085927755978892,2.7759562070060806
12.560000000000564,-219.50143512054163,-79.91078377468058,0.3944910190712844,0.4411972023127991,219.50143512054163,79.91078377468058,-0.3944910190712844,-0.4411972023127991,2.157050240445975,1.35,-,143455.40824485765,40611.95353032967,0.7093708914185288,2.776929481862724
12.565000000000564,-219.89441994765951,-77.72119005140719,0.39437681650475886,-0.3321674682325288,219.89441994765951,77.72119005140719,-0.39437681650475886,0.3321674682325288,-9.417060374851074,-1.35,-,143697.17602447828,40642.15644724471,0.7101485567855111,2.777481157997484
12.570000000000565,-220.2980904092278,-82.74476661940717,0.3952076850700711,0.4981375701988387,220.2980904092278,82.74476661940717,-0.3952076850700711,-0.4981375701988387,2.93335988027639,1.35,-,143939.83226766807,40676.38992925922,0.7109295023572035,2.778721863191702
12.575000000000566,-220.6931812004306,-78.0052767804473,0.3964015913384017,-0.058437435660477696,220.6931812004306,78.0052767804473,-0.3964015913384017,0.058437435660477696,-5.31837044845731,-1.35,-,144183.35966880995,40706.814045287196,0.7117151734652818,2.778738937861135
12.580000000000567,-221.0983106951788,-83.0422567019249,0.39859695985491606,0.7704357673017189,221.0983106951788,83.0422567019249,-0.39859695985491606,-0.7704357673017189,7.030713345503877,1.35,-,144427.7819837713,40741.29412727794,0.7125095711473098,2.7817067942188247
12.585000000000568,-221.49483762667322,-78.29071447287063,0.4011623632459151,0.21731684351661965,221.49483762667322,78.29071447287063,-0.4011623632459151,-0.21731684351661965,-1.14841969308632,-1.14841969308632,-,144673.08179924768,40771.94130714131,0.7133142273557352,2.781942927271205
12.590000000000568,-221.89775201593054,-82.11515516959906,0.4045482208560244,0.9832461817763954,221.89775201593054,82.11515516959906,-0.4045482208560244,-0.9832461817763954,10.298702855457094,1.35,-,144919.27486099635,40805.65580068395,0.7141325236707242,2.786776792541095
12.595000000000569,-222.2932631043055,-78.23129406602337,0.40788334506426466,0.36114978628779393,222.2932631043055,78.23129406602337,-0.40788334506426466,-0.36114978628779393,1.0791405647881895,1.0791405647881895,-,145166.34633510417,40836.25647754018,0.7149643677866284,2.787428938381774
12.60000000000057,-222.6792920577531,-76.52214454541239,0.4079431723164012,-0.2208224103530754,222.6792920577531,76.52214454541239,-0.4079431723164012,0.2208224103530754,-7.630803143768484,-1.35,-,145414.2766706609,40865.53467056933,0.7157964559458264,2.787672751066345
12.60500000000057,-223.0771218234667,-81.5973857108362,0.4093155289344678,0.6043898394270178,223.0771218234667,81.5973857108362,-0.4093155289344678,-0.6043898394270178,4.650547938266892,1.35,-,145663.09368206616,40898.82533734355,0.716634151956961,2.789499186456358
12.610000000000571,-223.46627823790863,-76.81286727198675,0.4110810683587176,0.06107223462794667,223.46627823790863,76.81286727198675,-0.4110810683587176,-0.06107223462794667,-3.3926089301561153,-1.35,-,145912.77956961372,40928.32642023628,0.7174790901807758,2.7895178355455705
12.615000000000572,-223.8656167476738,-81.9072752156825,0.4138568903356512,0.8841987164187228,223.8656167476738,81.9072752156825,-0.4138568903356512,-0.8841987164187228,8.878063927095008,1.35,-,146163.35864142285,40961.87042890257,0.7183354778091674,2.7934268723961537
12.620000000000573,-224.25624748886653,-77.10499366046261,0.4170350419616412,0.34548463244382793,224.25624748886653,77.10499366046261,-0.4170350419616412,-0.34548463244382793,0.9254453433181227,0.9254453433181227,-,146414.81296411183,40991.59632913947,0.7192050689402872,2.794023670552428
12.625000000000574,-224.6374589615291,-75.66736553792899,0.4173411670403667,-0.12816788418740158,224.6374589615291,75.66736553792899,-0.4173411670403667,0.12816788418740158,-6.161246426425267,-1.35,-,146667.12290395534,41020.22408017673,0.7200759371888205,2.7941058055851133
12.630000000000575,-225.0311202206909,-80.77844190381155,0.4191662380150719,0.6934371304289902,225.0311202206909,80.77844190381155,-0.4191662380150719,-0.6934371304289902,6.072236879757065,1.35,-,146920.31792929428,41052.849863558775,0.7209544388642791,2.796510080854402
12.635000000000575,-225.41604405995756,-75.96243878517767,0.4214048179665907,0.1592882656662942,225.41604405995756,75.96243878517767,-0.4214048179665907,-0.1592882656662942,-1.8254942836085821,-1.35,-,147174.37989389253,41081.701324089736,0.7218423489673066,2.7966369446122967
12.640000000000576,-225.81124749674345,-81.0965663632671,0.42465985623341035,0.9783720600469784,225.81124749674345,81.0965663632671,-0.42465985623341035,-0.9783720600469784,10.391097517070751,1.35,-,147429.33349137276,41114.5845894693,0.7227440289347876,2.8014230040517005
12.645000000000577,-226.1976703323197,-76.25875900915757,0.42833933135882085,0.4496528727067319,226.1976703323197,76.25875900915757,-0.42833933135882085,-0.4496528727067319,2.596801067507353,1.35,-,147685.16042169163,41143.66158109739,0.7236614018487324,2.802433942581368
12.650000000000578,-226.57250845329514,-74.10689982175099,0.4283435425823512,-0.29835008931773516,226.57250845329514,74.10689982175099,-0.4283435425823512,0.29835008931773516,-8.595136535597586,-1.35,-,147941.83592962575,41171.12074410335,0.7245787928010925,2.8028790064603473
12.655000000000578,-226.958475823501,-79.25382839826177,0.42930696710127186,0.5197005911844046,226.958475823501,79.25382839826177,-0.42930696710127186,-0.5197005911844046,3.5716977733798716,1.35,-,148199.38667836643,41202.52659068226,0.7255003151611011,2.8042294499827345
12.66000000000058,-227.33563800748612,-74.40640858755678,0.4307050831069249,-0.005365209451047587,227.33563800748612,74.40640858755678,-0.4307050831069249,0.005365209451047587,-4.201455587212422,-1.35,-,148457.7941399078,41230.208158876754,0.726427849504172,2.804229593910097
12.66500000000058,-227.72314527882494,-79.56829069199033,0.43312871340187226,0.8110223491846579,227.72314527882494,79.56829069199033,-0.43312871340187226,-0.8110223491846579,7.961974313805146,1.35,-,148717.08329438625,41261.863723294984,0.727365851916038,2.8075183801644825
12.67000000000058,-228.10182117981014,-74.70709021798054,0.4359943127611946,0.2897476623891263,228.10182117981014,74.70709021798054,-0.4359943127611946,-0.2897476623891263,0.2679149757027961,0.2679149757027961,-,148977.23549851403,41289.76946993917,0.7283163071198386,2.807938148703782
12.675000000000582,-228.47444299545532,-74.40261860249667,0.4373574887770211,0.2612804622740082,228.47444299545532,74.40261860249667,-0.4373574887770211,-0.2612804622740082,-0.1474608261027066,-0.1474608261027066,-,149238.23835402448,41317.44821821372,0.7292727149847855,2.8082794861036127
12.680000000000582,-228.84765979974162,-74.80381295533508,0.43940093480220493,0.5069768291993978,228.84765979974162,74.80381295533508,-0.43940093480220493,-0.5069768291993978,3.5456838089276745,1.35,-,149500.09461100362,41345.42627037701,0.7302380808923109,2.809564613630338
12.685000000000583,-229.21526025354035,-72.66449952291403,0.43971665386429754,-0.23261467640738034,229.21526025354035,72.66449952291403,-0.43971665386429754,0.23261467640738034,-7.515370738746137,-1.35,-,149762.79278866915,41371.82691783159,0.7312048345707391,2.8098351615687385
12.690000000000584,-229.59414548455143,-77.85361798692902,0.44099517028000285,0.5810558734100172,229.59414548455143,77.85361798692902,-0.44099517028000285,-0.5810558734100172,4.589927476229663,1.35,-,150026.3601468731,41402.13284699987,0.7321772182717907,2.81152329120886
12.695000000000585,-229.96414257014862,-72.96876944008754,0.44273246900848956,0.06671343219051462,229.96414257014862,72.96876944008754,-0.44273246900848956,-0.06671343219051462,-3.016252573622633,-1.35,-,150290.77768121328,41428.755053567875,0.7331572784673627,2.811545544619033
12.700000000000585,-230.34459035399237,-78.17406055376686,0.4455031945290075,0.8786021677353649,230.34459035399237,78.17406055376686,-0.4455031945290075,-0.8786021677353649,9.084315608730552,1.35,-,150556.07083274005,41459.3109722852,0.7341496439490406,2.81540525346478
12.705000000000586,-230.7161255895744,-73.27424902376428,0.4487403171641762,0.3685326070397198,230.7161255895744,73.27424902376428,-0.4487403171641762,-0.3685326070397198,1.5649638590001775,1.35,-,150822.2204857754,41486.15655013519,0.7351564833102838,2.8160843348770377
12.710000000000587,-231.07610979654143,-71.14527167494225,0.4483851411980383,-0.36408127332364104,231.07610979654143,71.14527167494225,-0.4483851411980383,0.36408127332364104,-9.401391807244543,-1.35,-,151089.20132836897,41511.4647985437,0.7361617294845199,2.8167471107449624
12.715000000000588,-231.44748747478297,-76.36286276874627,0.44899711195909836,0.446649276512556,231.44748747478297,76.36286276874627,-0.44899711195909836,-0.446649276512556,2.6495390727085706,1.35,-,151357.04102566096,41540.621232594895,0.737169721517258,2.8177445886260086
12.720000000000589,-231.809919001432,-71.45264108539153,0.45008422277348953,-0.06056133168896472,231.809919001432,71.45264108539153,-0.45008422277348953,0.06056133168896472,-4.85860621549724,-1.35,-,151625.72021839826,41566.148632185286,0.7381826005552062,2.8177629270004885
12.72500000000059,-232.18285624989022,-76.68030526141827,0.4522113865559168,0.7490535244287654,232.18285624989022,76.68030526141827,-0.4522113865559168,-0.7490535244287654,7.198053309546259,1.35,-,151895.2646120801,41595.54797826021,0.7392050762458605,2.8205683329127846
12.73000000000059,-232.54683603505154,-71.76114552866635,0.4548187525051172,0.24485038398860434,232.54683603505154,71.76114552866635,-0.4548187525051172,-0.24485038398860434,-0.24205930456956581,-0.24205930456956581,-,152165.6547668297,41621.29628829815,0.7402393767340122,2.8208680914654813
12.735000000000591,-232.9073290733342,-72.32349797587342,0.45697668295091126,0.5560593394839484,232.9073290733342,72.32349797587342,-0.45697668295091126,-0.5560593394839484,4.432777214072059,1.35,-,152436.88388651013,41647.44973009549,0.7412835151778164,2.8224141014106183
12.740000000000592,-233.26258710622108,-70.20398303044782,0.4575777598259716,-0.17016725200250907,233.26258710622108,70.20398303044782,-0.4575777598259716,0.17016725200250907,-6.423425527505862,-1.35,-,152708.9410592276,41672.09272626219,0.7423304022092534,2.822558885878889
12.745000000000593,-233.62935373045963,-75.45492176029293,0.4591493206624258,0.6370410856542265,233.62935373045963,75.45492176029293,-0.4591493206624258,-0.6370410856542265,5.588583510325542,1.35,-,152981.8544338502,41700.559952351454,0.7433844927025774,2.8245879926029467
12.750000000000593,-233.98711564664308,-70.51532050999387,0.4612150387986261,0.1388905659110285,233.98711564664308,70.51532050999387,-0.4612150387986261,-0.1388905659110285,-1.7682069654207822,-1.35,-,153255.60428529343,41725.42200448459,0.7444480892626477,2.824684445549442
12.755000000000594,-234.35548817069053,-75.78504525815724,0.4643264475326523,0.9439846870988988,234.35548817069053,75.78504525815724,-0.4643264475326523,-0.9439846870988988,10.234746587482498,1.35,-,153530.2167594721,41754.1388699085,0.7455260845120394,2.8291399809968287
12.760000000000595,-234.71482490281153,-70.82764383243345,0.4679405454792264,0.4506512128289312,234.71482490281153,70.82764383243345,-0.4679405454792264,-0.4506512128289312,2.9737305018612337,1.35,-,153805.67200461793,41779.22164556277,0.7466209262825565,2.83015541357495
12.765000000000596,-235.0626410127757,-68.7204336409239,0.4680399374437957,-0.2672454937096608,235.0626410127757,68.7204336409239,-0.4680399374437957,0.2672454937096608,-7.764997657317483,-1.35,-,154081.94423061746,41802.83413556176,0.7477162331977686,2.8305125143444907
12.770000000000596,-235.4220931148451,-74.00493523928363,0.46911515963257383,0.5364195132112449,235.4220931148451,74.00493523928363,-0.46911515963257383,-0.5364195132112449,4.186037663277806,1.35,-,154359.06204025037,41830.217787760615,0.7488165783627543,2.8319512438152596
12.775000000000597,-235.7724728544506,-69.03546487561474,0.47070399109935146,0.04695587728932023,235.7724728544506,69.03546487561474,-0.47070399109935146,-0.04695587728932023,-3.046710185860244,-1.35,-,154637.0053350299,41854.047264813584,0.7499243895989387,2.8319622680873198
12.780000000000598,-236.13353550463287,-74.33428313132254,0.47334630125042676,0.8489945886608442,236.13353550463287,74.33428313132254,-0.47334630125042676,-0.8489945886608442,8.903086265857299,1.35,-,154915.80056797955,41881.67519305683,0.7510446732034761,2.8355662271451973
12.785000000000599,-236.48550446513818,-69.35142847833599,0.47650887904325606,0.3634252829238745,236.48550446513818,69.35142847833599,-0.47650887904325606,-0.3634252829238745,1.7525636813347119,1.35,-,155195.42753709023,41905.72329621676,0.7521799767625116,2.836226616826539
12.7900000000006,-236.8259684339404,-67.25374644226514,0.47619151489499206,-0.3480693408986369,236.8259684339404,67.25374644226514,-0.47619151489499206,0.3480693408986369,-8.89628105625759,-1.35,-,155475.86023371364,41928.33862826937,0.7533137685568017,2.8368323781569074
12.7950000000006,-237.1781670607334,-72.56428794876855,0.47685402262616094,0.45280762447586265,237.1781670607334,72.56428794876855,-0.47685402262616094,-0.45280762447586265,3.0065122651256475,1.35,-,155757.12764836513,41954.66650769693,0.7544507173512756,2.837857551880825
12.800000000000601,-237.5212401694199,-67.571441910743,0.4780449909801694,-0.02995504609688951,237.5212401694199,67.571441910743,-0.4780449909801694,0.02995504609688951,-4.130929271742458,-1.35,-,156039.20934602327,41977.496006506415,0.7555933524182818,2.8378620384047584
12.805000000000602,-237.8750513857107,-72.89257885362521,0.48029541842636214,0.7697118443488852,237.8750513857107,72.89257885362521,-0.48029541842636214,-0.7697118443488852,7.777255309127779,1.35,-,156322.1320463821,42004.06264676608,0.7567467708630888,2.840824320021414
12.810000000000603,-238.21972390864843,-67.89007381060921,0.48307940908289804,0.2900843974018111,238.21972390864843,67.89007381060921,-0.48307940908289804,-0.2900843974018111,0.7108666647125141,0.7108666647125141,-,156605.8752306777,42027.10795737613,0.7579135994404884,2.8412450648094936
12.815000000000603,-238.55609911650822,-66.86511461674692,0.4836417438589179,-0.005877862528454319,238.55609911650822,66.86511461674692,-0.4836417438589179,0.005877862528454319,-3.7130880370383146,-1.35,-,156890.42029280617,42049.462675139686,0.759083146122503,2.841245237555833
12.820000000000604,-238.90643176080462,-72.20424549142099,0.4860068462289403,0.7918440826737854,238.90643176080462,72.20424549142099,-0.4860068462289403,-0.7918440826737854,8.16742175328028,1.35,-,157175.80170848963,42075.52994047462,0.7602641593954103,2.844380322812161
12.825000000000605,-239.24759094980485,-67.18558050111557,0.48891582136110834,0.3170847811468043,239.24759094980485,67.18558050111557,-0.48891582136110834,-0.3170847811468043,1.1763937896041832,1.1763937896041832,-,157461.9987573661,42098.09945161098,0.7614593527972965,2.844883036604336
12.830000000000606,-239.5781335549623,-65.39053098077025,0.48872849756858305,-0.27382580452325883,239.5781335549623,65.39053098077025,-0.48872849756858305,0.27382580452325883,-7.667395566134034,-1.35,-,157748.98716775453,42119.479059320714,0.762653630518975,2.84525793946045
12.835000000000607,-239.92113876800963,-70.74241699690724,0.48974890072698585,0.5225522143652026,239.92113876800963,70.74241699690724,-0.48974890072698585,-0.5225522143652026,4.172822835724299,1.35,-,158036.79793189326,42144.50150713354,0.7638529004477916,2.84662324354414
12.840000000000607,-240.25493860690037,-65.71262478840083,0.49132123507623454,0.05088200417048899,240.25493860690037,65.71262478840083,-0.49132123507623454,-0.05088200417048899,-2.7914014513431784,-1.35,-,158325.41010951833,42166.09225241645,0.765059883227976,2.846636188435882
12.845000000000608,-240.59958708804157,-71.078072426972,0.4939614855538689,0.8456913482615143,240.59958708804157,71.078072426972,-0.4939614855538689,-0.8456913482615143,9.049247575169643,1.35,-,158614.85091605305,42191.35271431612,0.7662798729740291,2.8502121577185044
12.850000000000609,-240.93500994531664,-66.03546000991456,0.4971598995454817,0.3777971915267986,240.93500994531664,66.03546000991456,-0.4971598995454817,-0.3777971915267986,2.1662467680732465,1.35,-,158905.09931113984,42213.15612420973,0.7675157128026097,2.8509258113081324
12.85500000000061,-241.258963970152,-63.96110812881245,0.49696172822720736,-0.3179053266870775,241.258963970152,63.96110812881245,-0.49696172822720736,0.3179053266870775,-8.243734698280381,-1.35,-,159196.12874961965,42233.611240975064,0.7687505675992227,2.8514311302918127
12.86000000000061,-241.59489932386558,-69.33848199462614,0.49775326252349467,0.4756816321830649,241.59489932386558,69.33848199462614,-0.49775326252349467,-0.4756816321830649,3.550957807751247,1.35,-,159487.96922651623,42257.65036640166,0.7699893591509868,2.8525624953677946
12.865000000000611,-241.92157745423705,-64.28572963800735,0.4991112881899829,0.010768059016655684,241.92157745423705,64.28572963800735,-0.4991112881899829,-0.010768059016655684,-3.3143874828300506,-1.35,-,159780.59947470602,42278.31364157712,0.7712349195409802,2.8525630751232693
12.870000000000612,-242.25916331612632,-69.67483034791397,0.501543086828273,0.8029863678481478,242.25916331612632,69.67483034791397,-0.501543086828273,-0.8029863678481478,8.48407868054298,1.35,-,160074.04698575923,42302.58655149718,0.7724926468807066,2.8557870106580197
12.875000000000613,-242.58747553980615,-64.61108263675699,0.504546775681751,0.3414506911500501,242.58747553980615,64.61108263675699,-0.504546775681751,-0.3414506911500501,1.6942413281496305,1.35,-,160368.29040220316,42323.45951149466,0.773765484124961,2.856369953530454
12.880000000000614,-242.9043326170135,-62.544996236855056,0.5041837198099284,-0.34865868301702646,242.9043326170135,62.544996236855056,-0.5041837198099284,0.34865868301702646,-8.634197677524112,-1.35,-,160663.3029762238,42343.018894266,0.7750364902415682,2.85697776791667
12.885000000000614,-243.2332552443728,-67.94476474945525,0.5048139641941173,0.4424479261131321,243.2332552443728,67.94476474945525,-0.5048139641941173,-0.4424479261131321,3.120702849844723,1.35,-,160959.1150585077,42366.1013495503,0.7763106759337953,2.8579565687532793
12.890000000000615,-243.5528747682223,-62.87174698791786,0.506023317242239,-0.016537665354216583,243.5528747682223,62.87174698791786,-0.506023317242239,0.016537665354216583,-3.6572651521669117,-1.35,-,161255.70507254708,42385.86563239687,0.7775909739217597,2.857957936225156
12.895000000000616,-243.8834542748733,-68.2818249246798,0.5083115462549209,0.7733589351133087,243.8834542748733,68.2818249246798,-0.5083115462549209,-0.7733589351133087,8.104082551034914,1.35,-,161553.10076889236,42409.1776704721,0.7788828770620402,2.8609483564377545
12.900000000000617,-244.20471731658958,-63.199223436351325,0.5111836862846787,0.3174636057552909,244.20471731658958,63.199223436351325,-0.5111836862846787,-0.3174636057552909,1.3975362192089336,1.35,-,161851.28048869077,42429.14837968689,0.7801894208676583,2.8614522721426505
12.905000000000618,-244.5145374844672,-61.1405688569974,0.5107158532600126,-0.36760747194429766,244.5145374844672,61.1405688569974,-0.5107158532600126,0.36760747194429766,-8.856767156782913,-1.35,-,162150.21728389704,42447.83922548768,0.781493574281514,2.862127948409797
12.910000000000618,-244.83649871398578,-66.56045638652016,0.5112445673675058,0.4212531268365949,244.83649871398578,66.56045638652016,-0.5112445673675058,-0.4212531268365949,2.8627963367716767,1.35,-,162449.9418394097,42469.99069725959,0.7828004293198282,2.8630152193941454
12.915000000000619,-245.14911556556044,-61.46919084077125,0.5123636821070753,-0.032374412904948205,245.14911556556044,61.46919084077125,-0.5123636821070753,0.032374412904948205,-3.8355094014059357,-1.35,-,162750.43228372262,42488.88300437269,0.78411301203354,2.8630204599072
12.92000000000062,-245.47274035645788,-66.8984979418548,0.51456624094939,0.7553749672545403,245.47274035645788,66.8984979418548,-0.51456624094939,-0.7553749672545403,7.892238549963542,1.35,-,163051.71661501323,42511.26004950708,0.7854369041151641,2.8658734166129745
12.92500000000062,-245.78700927763526,-61.79852602100855,0.5173636243701031,0.3046586447710456,245.78700927763526,61.79852602100855,-0.5173636243701031,-0.3046586447710456,1.2628831455916494,1.2628831455916494,-,163353.7728846615,42530.35533859893,0.7867752297142712,2.866337501062143
12.930000000000621,-246.0902759929604,-59.88990382966,0.5170104011798259,-0.32085842868849,246.0902759929604,59.88990382966,-0.5170104011798259,0.32085842868849,-8.099129528941578,-1.35,-,163656.575004353,42548.28934150256,0.788111728488912,2.8668522517184454
12.935000000000622,-246.40604210050049,-65.32946517771816,0.5177663239393918,0.46578821112282337,246.40604210050049,65.32946517771816,-0.5177663239393918,-0.46578821112282337,3.590487038358846,1.35,-,163960.15469227123,42569.6290366046,0.7894521383199408,2.8679370450065504
12.940000000000623,-246.71242483048502,-60.22044834789175,0.5191237227487455,0.017563365165905332,246.71242483048502,60.22044834789175,-0.5191237227487455,-0.017563365165905332,-3.022599641457473,-1.35,-,164264.48979509997,42587.76154860071,0.7907995855175436,2.86793858736553
12.945000000000624,-247.02986962430134,-65.67130788735086,0.5215687622553593,0.8028681048521642,247.02986962430134,65.67130788735086,-0.5215687622553593,-0.8028681048521642,8.671932063893783,1.35,-,164569.608577533,42609.32515199889,0.7921597553863468,2.8711615733344753
