t_s,theta_rad,dtheta_rad_s,psi_rad,dpsi_rad_s,error_theta,error_dtheta,error_psi,error_dpsi,u_PD_Nm,u_Nm,status_cbf,ISE_theta,ISE_dtheta,ISE_psi,ISE_dpsi
0.005,0.0,0.0,-2.220446049250313e-16,0.0,0.0,0.0,2.220446049250313e-16,0.0,0.0,0.0,-,0.0,0.0,2.465190328815662e-34,0.0
0.01,1.2705494812293098e-25,-2.256949153578792e-36,-2.220446049250313e-16,-4.235164736271502e-23,-1.2705494812293098e-25,2.256949153578792e-36,2.220446049250313e-16,4.235164736271502e-23,0.0,0.0,-,8.0714799212603405e-53,2.5469097409200128e-74,4.930380657631324e-34,8.968310171678831e-48
0.015,4.658681184655103e-25,-4.502143363649361e-36,-2.220446049250313e-16,-8.470329472543003e-23,-4.658681184655103e-25,4.502143363649361e-36,2.220446049250313e-16,8.470329472543003e-23,0.0,0.0,-,1.1658803182255769e-51,1.2681557174346003e-73,7.395570986446985e-34,4.484155085839414e-47
0.02,-1.1429087849893071e-10,-1.1429095465615658e-07,1.3587986202306188e-10,1.3588000791044183e-07,1.1429087849893071e-10,1.1429095465615658e-07,-1.3587986202306188e-10,-1.3588000791044183e-07,0.0,0.0,-,6.531202454028672e-23,6.531211158107821e-17,9.231668451777125e-23,9.231688274870868e-17
0.025,-8.076586084131993e-10,-1.5394284861668204e-07,9.455874950566823e-10,1.796889356957358e-07,8.076586084131993e-10,1.5394284861668204e-07,-9.455874950566823e-10,-1.796889356957358e-07,0.0,0.0,-,3.326874163260015e-21,1.8380411478217164e-16,4.562995238555628e-21,2.537574508060401e-16
0.030000000000000002,-1.6926962532066879e-09,-1.924445497472949e-07,1.9781906079140335e-09,2.2447805143101836e-07,1.6926962532066879e-09,1.924445497472949e-07,-1.9781906079140335e-09,-2.2447805143101836e-07,0.0,0.0,-,1.7652977191359815e-20,3.68978638419367e-16,2.41291856447521e-20,5.057094286773748e-16
0.035,-2.7716366172689176e-09,-2.3141507717859608e-07,3.2363449650879344e-09,2.698076034592687e-07,2.7716366172689176e-09,2.3141507717859608e-07,-3.2363449650879344e-09,-2.698076034592687e-07,0.0,0.0,-,5.606282488228927e-20,6.36743328147245e-16,7.649882931000223e-20,8.6969014309954485e-16
0.04,-4.0469361937782255e-09,-2.7089406000312986e-07,4.72288907382834e-09,3.157253041638814e-07,4.0469361937782255e-09,2.7089406000312986e-07,-4.72288907382834e-09,-3.157253041638814e-07,0.0,0.0,-,1.3795128766485017e-19,1.0036612868721415e-15,1.8802723532843773e-19,1.3681024815464216e-15
0.045,-5.521289340600261e-09,-3.10933743349151e-07,6.4409451033429564e-09,3.6229300881045606e-07,5.521289340600261e-09,3.10933743349151e-07,-6.4409451033429564e-09,-3.6229300881045606e-07,0.0,0.0,-,2.9037446757798044e-19,1.4870602506377198e-15,3.9545610444982567e-19,2.024383602711087e-15
0.049999999999999996,-7.197681140733186e-09,-3.515952501358724e-07,8.393974173915801e-09,4.0958242638429414e-07,7.197681140733186e-09,3.515952501358724e-07,-8.393974173915801e-09,-4.0958242638429414e-07,0.0,0.0,-,5.494075365963112e-19,2.105156350228253e-15,7.477501166116528e-19,2.8631724227253155e-15
0.05499999999999999,-9.079419390739157e-09,-3.9294579556124173e-07,1.0585819100500431e-08,4.576722501008137e-07,9.079419390739157e-09,3.9294579556124173e-07,-1.0585819100500431e-08,-4.576722501008137e-07,0.0,0.0,-,9.61586818960962e-19,2.8771883414745384e-15,1.3080479467542512e-18,3.910491865287024e-15
0.05999999999999999,-1.1170162611654314e-08,-4.3505715731793487e-07,1.3020732370343865e-08,5.066464040264907e-07,1.1170162611654314e-08,4.3505715731793487e-07,-1.3020732370343865e-08,-5.066464040264907e-07,0.0,0.0,-,1.5854494828149612e-18,3.8235619921423496e-15,2.1557453040548538e-18,5.1939447588518935e-15
0.06499999999999999,-1.3473942685572936e-08,-4.780052836021358e-07,1.5703397237226005e-08,5.565931149283161e-07,1.3473942685572936e-08,4.780052836021358e-07,-1.5703397237226005e-08,-5.565931149283161e-07,0.0,0.0,-,2.493185140285483e-18,4.966007247900141e-15,3.38872872800544e-18,6.7429242367799214e-15
0.06999999999999999,-1.5995177152742902e-08,-5.218686598334683e-07,1.8638950814099482e-08,6.07603945392219e-07,1.5995177152742902e-08,5.218686598334683e-07,-1.8638950814099482e-08,-6.07603945392219e-07,0.0,0.0,-,3.7724136010236264e-18,6.327741738482043e-15,5.12578116525754e-18,8.588837009060876e-15
0.075,-1.873847130973763e-08,-5.666699298940895e-07,2.1832878936590652e-08,6.597394981686406e-07,1.873847130973763e-08,5.666699298940895e-07,-2.1832878936590652e-08,-6.597394981686406e-07,0.0,0.0,-,5.5280651361529295e-18,7.933315785712907e-15,7.509154178556661e-18,1.0765118036279927e-14
0.08,-2.170925603911511e-08,-6.12630323038333e-07,2.5291369320566057e-08,7.131773020564902e-07,2.170925603911511e-08,6.12630323038333e-07,-2.5291369320566057e-08,-7.131773020564902e-07,0.0,0.0,-,7.88452412501221e-18,9.80989534924317e-15,1.0707420989103014e-17,1.3308227357122801e-14
0.085,-2.49132881614583e-08,-6.59751099156398e-07,2.9021066094780575e-08,7.679681616832012e-07,2.49132881614583e-08,6.59751099156398e-07,-2.9021066094780575e-08,-7.679681616832012e-07,0.0,0.0,-,1.0987883760091504e-17,1.1986252913433548e-14,1.491853237549113e-17,1.625710284391818e-14
0.09000000000000001,-2.8356639842871118e-08,-7.081230272257758e-07,3.3029048707492613e-08,8.242167764271991e-07,2.8356639842871118e-08,7.081230272257758e-07,-3.3029048707492613e-08,-8.242167764271991e-07,0.0,0.0,-,1.5008378875983036e-17,1.4493444021870533e-14,2.0373122668100734e-17,1.9653769316638402e-14
0.09500000000000001,-3.2045847964385804e-08,-7.578394733403866e-07,3.732292573922382e-08,8.820305486985237e-07,3.2045847964385804e-08,7.578394733403866e-07,-3.732292573922382e-08,-8.820305486985237e-07,0.0,0.0,-,2.014306073476569e-17,1.7365047358634707e-14,2.733812659677882e-17,2.35436587608255e-14
0.10000000000000002,-3.5987917666031186e-08,-8.089954627072675e-07,4.191085355451268e-08,9.415195543576307e-07,3.5987917666031186e-08,8.089954627072675e-07,-4.191085355451268e-08,-9.415195543576307e-07,0.0,0.0,-,2.6618711824450893e-17,2.063741565203944e-14,3.612072482511787e-17,2.797595411701446e-14
0.10500000000000002,-4.019033876262578e-08,-8.616884865333613e-07,4.680154562779349e-08,1.0027969481812084e-06,4.019033876262578e-08,8.616884865333613e-07,-4.680154562779349e-08,-1.0027969481812084e-06,0.0,0.0,-,3.4695028473724e-17,2.4349950891160218e-14,4.707264819087006e-17,3.300396271342219e-14
0.11000000000000003,-4.466109803928547e-08,-9.160191998374207e-07,5.200429175025933e-08,1.0659793369486882e-06,4.466109803928547e-08,9.160191998374207e-07,-5.200429175025933e-08,-1.0659793369486882e-06,0.0,0.0,-,4.4668096864097355e-17,2.854540676351416e-14,6.059487999310052e-17,3.8685522447430024e-14
0.11500000000000003,-4.940869255432731e-08,-9.720911443024789e-07,5.752897634854548e-08,1.1311868708310874e-06,4.940869255432731e-08,9.720911443024789e-07,-5.752897634854548e-08,-1.1311868708310874e-06,0.0,0.0,-,5.687419136373756e-17,3.327021272767068e-14,7.714279559165806e-17,4.5083441131133163e-14
0.12000000000000004,-5.444214688006218e-08,-1.030010852845938e-06,6.338609558216664e-08,1.1985434489745462e-06,5.444214688006218e-08,1.030010852845938e-06,-6.338609558216664e-08,-1.1985434489745462e-06,0.0,0.0,-,7.16939281482889e-17,3.857482451257277e-14,9.723178115741591e-17,5.226597312653217e-14
0.12500000000000003,-5.977102823148427e-08,-1.0898883273546885e-06,6.958677643935499e-08,1.268177037112437e-06,5.977102823148427e-08,1.0898883273546885e-06,-6.958677643935499e-08,-1.268177037112437e-06,0.0,0.0,-,8.955680722753331e-17,4.4514107343092764e-14,1.2144337843351972e-16,6.030733811382855e-14
0.13000000000000003,-6.540546442493253e-08,-1.1518373476466169e-06,7.614280016276741e-08,1.3402199413107932e-06,6.540546442493253e-08,1.1518373476466169e-06,-7.614280016276741e-08,-1.3402199413107932e-06,0.0,0.0,-,1.109461811107389e-16,5.1147753720260736e-14,1.504320085166554e-16,6.928828556926409e-14
0.13500000000000004,-7.135616673421471e-08,-1.21597570490141e-06,8.30666204571442e-08,1.4148090653418705e-06,7.135616673421471e-08,1.21597570490141e-06,-8.30666204571442e-08,-1.4148090653418705e-06,0.0,0.0,-,1.3640469376574419e-16,5.854073829481315e-14,1.8493232568751166e-16,7.929670902613179e-14
0.14000000000000004,-7.763444500305355e-08,-1.2824255878519298e-06,9.037139346533158e-08,1.4920862186419248e-06,7.763444500305355e-08,1.2824255878519298e-06,-9.037139346533158e-08,-1.4920862186419248e-06,0.0,0.0,-,1.6654022902040495e-16,6.67638152367e-14,2.257672694718406e-16,9.042831544543759e-14
0.14500000000000005,-8.425223471169285e-08,-1.3513130583766864e-06,9.807099619798421e-08,1.572198166323444e-06,8.425223471169285e-08,1.3513130583766864e-06,-9.807099619798421e-08,-1.572198166323444e-06,0.0,0.0,-,2.020324242899759e-16,7.589405014539678e-14,2.738568709481658e-16,1.0278735081639159e-13
0.15000000000000005,-9.122211402362719e-08,-1.4227691498972154e-06,1.061800582859444e-07,1.6552971578438411e-06,9.122211402362719e-08,1.4227691498972154e-06,-1.061800582859444e-07,-1.6552971578438411e-06,0.0,0.0,-,2.436397947246741e-16,8.601541041489301e-14,3.302278948361986e-16,1.1648739422022108e-13
0.15500000000000005,-9.855733059672265e-08,-1.4969292750071456e-06,1.1471398540594785e-07,1.7415409719667283e-06,9.855733059672265e-08,1.4969292750071456e-06,-1.1471398540594785e-07,-1.7415409719667283e-06,0.0,0.0,-,2.922075317964326e-16,9.721939668676011e-14,3.960243870747787e-16,1.3165221900541518e-13
0.16000000000000006,-1.0627182593619472e-07,-1.573934542433289e-06,1.2368899069993584e-07,1.8310935245459773e-06,1.0627182593619472e-07,1.573934542433289e-06,-1.2368899069993584e-07,-1.8310935245459773e-06,0.0,0.0,-,3.4867603673549695e-16,1.0960574640608355e-13,4.725192191766229e-16,1.4841673648358624e-13
0.16500000000000006,-1.1438026206044392e-07,-1.6539312034707137e-06,1.331221260833443e-07,1.9241249409948654e-06,1.1438026206044392e-07,1.6539312034707137e-06,-1.331221260833443e-07,-1.9241249409948654e-06,0.0,0.0,-,4.1409025848057614e-16,1.2328318853515399e-13,5.61126721441372e-16,1.6692802042637874e-13
0.17000000000000007,-1.22898049783358e-07,-1.7370713647414886e-06,1.4303131366441577e-07,2.0208120063217094e-06,1.22898049783358e-07,1.7370713647414886e-06,-1.4303131366441577e-07,-2.0208120063217094e-06,0.0,0.0,-,4.896099116833399e-16,1.383702731661783e-13,6.634165048842146e-16,1.8734642625084863e-13
0.17500000000000007,-1.3184137885578168e-07,-1.8235129087029567e-06,1.5343537905088997e-07,2.1213383936909372e-06,1.3184137885578168e-07,1.8235129087029567e-06,-1.5343537905088997e-07,-2.1213383936909372e-06,0.0,0.0,-,5.765206575763088e-16,1.549962698072099e-13,7.811285826066662e-16,2.0984680915358488e-13
0.18000000000000008,-1.4122724515897796e-07,-1.9134201122261246e-06,1.64354089874743e-07,2.2258951059094585e-06,1.4122724515897796e-07,1.9134201122261246e-06,-1.64354089874743e-07,-2.2258951059094585e-06,0.0,0.0,-,6.762463314522792e-16,1.7330215243656708e-13,9.161899168994418e-16,2.346198542661433e-13
0.18500000000000008,-1.510734864767623e-07,-2.0069637435225205e-06,1.758081905421679e-07,2.3346807761661294e-06,1.510734864767623e-07,2.0069637435225205e-06,-1.758081905421679e-07,-2.3346807761661294e-06,0.0,0.0,-,7.903623230335017e-16,1.9344166977563675e-13,1.070732516207998e-15,2.6187352589914173e-13
0.19000000000000009,-1.613988158488361e-07,-2.1043214392564937e-06,1.878194416464922e-07,2.447902060405482e-06,1.613988158488361e-07,2.1043214392564937e-06,-1.878194416464922e-07,-2.447902060405482e-06,0.0,0.0,-,9.206102118205343e-16,2.1558251337420936e-13,1.2471132295099985e-15,2.9183464838582876e-13
0.1950000000000001,-1.7222285662020793e-07,-2.205678358987089e-06,2.0041066337789793e-07,2.565774122052963e-06,1.7222285662020793e-07,2.205678358987089e-06,-2.0041066337789793e-07,-2.565774122052963e-06,0.0,0.0,-,1.068913773532658e-15,2.3990759849072927e-13,1.4479353994878443e-15,3.2475063261281203e-13
0.2000000000000001,-1.835661779680614e-07,-2.3112269167834756e-06,2.1360577804496395e-07,2.6885208606414467e-06,1.835661779680614e-07,2.3112269167834756e-06,-2.1360577804496395e-07,-2.6885208606414467e-06,0.0,0.0,-,1.237396482001668e-15,2.6661644779505153e-13,1.6760725415588165e-15,3.6089135470333317e-13
0.2050000000000001,-1.9545033649971148e-07,-2.421167522528323e-06,2.2742985503869775e-07,2.8163754465244298e-06,1.9545033649971148e-07,2.421167522528323e-06,-2.2742985503869775e-07,-2.8163754465244298e-06,0.0,0.0,-,1.4284006521909205e-15,2.9592670865578125e-13,1.934694236373432e-15,4.0055120798226164e-13
0.2100000000000001,-2.0789791633641556e-07,-2.5357092958782936e-06,2.419091583500817e-07,2.949580860417892e-06,2.0789791633641556e-07,2.5357092958782936e-06,-2.419091583500817e-07,-2.949580860417892e-06,0.0,0.0,-,1.6445083702760369e-15,3.2807581682179924e-13,2.227294440841657e-15,4.4405134424297943e-13
0.2150000000000001,-2.209325715397204e-07,-2.6550695536007397e-06,2.570711970852201e-07,3.088390090944343e-06,2.209325715397204e-07,2.6550695536007397e-06,-2.570711970852201e-07,-3.088390090944343e-06,0.0,0.0,-,1.8885643761118056e-15,3.6332278849408743e-13,2.5577224426957977e-15,4.917421110121955e-13
0.2200000000000001,-2.3457907236249812e-07,-2.7794753836958282e-06,2.7294477697968765e-07,3.23306695232746e-06,2.3457907236249812e-07,2.7794753836958282e-06,-2.7294477697968765e-07,-3.23306695232746e-06,0.0,0.0,-,2.1637010820640564e-15,4.0195020553694283e-13,2.930216699098255e-15,5.440057206033554e-13
0.22500000000000012,-2.488633519285566e-07,-2.9091632282314497e-06,2.895600563537701e-07,3.383886339340664e-06,2.488633519285566e-07,2.9091632282314497e-06,-2.895600563537701e-07,-3.383886339340664e-06,0.0,0.0,-,2.4733659217296396e-15,4.4426635897941304e-13,3.349441830276248e-15,6.012591543912372e-13
0.23000000000000012,-2.6381255446379223e-07,-3.0443793547863353e-06,3.0694860295588287e-07,3.5411347558892154e-06,2.6381255446379223e-07,3.0443793547863353e-06,-3.0694860295588287e-07,-3.5411347558892154e-06,0.0,0.0,-,2.821351241193197e-15,4.906075872586594e-13,3.82052905455909e-15,6.639573311880701e-13
0.23500000000000013,-2.794550879001797e-07,-3.1853805825152126e-06,3.251434530264361e-07,3.705110934527517e-06,2.794550879001797e-07,3.1853805825152126e-06,-3.251434530264361e-07,-3.705110934527517e-06,0.0,0.0,-,3.2118269719596833e-15,5.413408345359842e-13,4.349120379788861e-15,7.32596566373847e-13
0.24000000000000013,-2.9582067732647517e-07,-3.332434758638694e-06,3.441791742474801e-07,3.8761264005342e-06,2.9582067732647517e-07,3.332434758638694e-06,-3.441791742474801e-07,-3.8761264005342e-06,0.0,0.0,-,3.649376337629157e-15,5.968664416389009e-13,4.941416899717248e-15,8.077183457384382e-13
0.24500000000000013,-3.1294042064167726e-07,-3.485821441443476e-06,3.640919331332429e-07,4.054506114569718e-06,3.1294042064167726e-07,3.485821441443476e-06,-3.640919331332429e-07,-4.054506114569718e-06,0.0,0.0,-,4.139034871986107e-15,6.576211972470364e-13,5.604231578580758e-15,8.899134449038544e-13
0.2500000000000001,-3.308468496949765e-07,-3.6458317442944946e-06,3.8491956086635575e-07,4.240588889968948e-06,3.308468496949765e-07,3.6458317442944946e-06,-3.8491956086635575e-07,-4.240588889968948e-06,0.0,0.0,-,4.686333061751556e-15,7.240816427855633e-13,6.345046920268495e-15,9.798264155724944e-13
0.2550000000000001,-3.495739886025104e-07,-3.812769861969005e-06,4.0670162890404095e-07,4.4347283196542525e-06,3.495739886025104e-07,3.812769861969005e-06,-4.0670162890404095e-07,-4.4347283196542525e-06,0.0,0.0,-,5.297342929288897e-15,7.96767712887259e-13,7.172077995034497e-15,1.0781604919182116e-12
0.2600000000000001,-3.691574247427355e-07,-3.9869530866635465e-06,4.2947951925522956e-07,4.637293284578404e-06,3.691574247427355e-07,3.9869530866635465e-06,-4.2947951925522956e-07,-4.637293284578404e-06,0.0,0.0,-,5.97872895050234e-15,8.76246687463539e-13,8.094341282333013e-15,1.1856829369541916e-12
0.2650000000000001,-3.8963436908393334e-07,-4.1687121270647904e-06,4.5329650830239913e-07,4.848668571914151e-06,3.8963436908393334e-07,4.1687121270647904e-06,-4.5329650830239913e-07,-4.848668571914151e-06,0.0,0.0,-,6.737803658359514e-15,9.631374914552243e-13,9.121729904528749e-15,1.3032308715555319e-12
0.27000000000000013,-4.110437316104574e-07,-4.358392524874858e-06,4.781978456274094e-07,5.0692558353649635e-06,4.110437316104574e-07,4.358392524874858e-06,-4.781978456274094e-07,-5.0692558353649635e-06,0.0,0.0,-,7.582588404840763e-15,1.0581154184596496e-12,1.0265095802342228e-14,1.4317176451774406e-12
0.27500000000000013,-4.334261932628775e-07,-4.55635445215925e-06,5.042308411640088e-07,5.299474108489704e-06,4.334261932628775e-07,4.55635445215925e-06,-5.042308411640088e-07,-5.299474108489704e-06,0.0,0.0,-,8.521879729872511e-15,1.1619172479282068e-12,1.1536339508247049e-14,1.5721397743102046e-12
0.28000000000000014,-4.5741146389373255e-07,-4.828747350172416e-06,5.31445744053353e-07,5.554372881250585e-06,4.5741146389373255e-07,4.828747350172416e-06,-5.31445744053353e-07,-5.554372881250585e-06,0.0,0.0,-,9.56800596637955e-15,1.2785012527871925e-12,1.294851240260916e-14,1.7263950648300644e-12
0.28500000000000014,-4.824569134707275e-07,-5.128754551624035e-06,5.599906198995605e-07,5.818001765098282e-06,4.824569134707275e-07,5.128754551624035e-06,-5.599906198995605e-07,-5.818001765098282e-06,0.0,0.0,-,1.0731829333158056e-14,1.410021869041214e-12,1.451645987448663e-14,1.895640787523498e-12
0.29000000000000015,-5.091073467296316e-07,-5.460781528185656e-06,5.898709291513344e-07,6.090471565149098e-06,5.091073467296316e-07,5.460781528185656e-06,-5.898709291513344e-07,-6.090471565149098e-06,0.0,0.0,-,1.2027780785628484e-14,1.5591225435340824e-12,1.6256198439775924e-14,2.081110006952947e-12
0.29500000000000015,-5.375241508662834e-07,-5.825274258394158e-06,6.211324134851514e-07,6.372296191222455e-06,5.375241508662834e-07,5.825274258394158e-06,-6.211324134851514e-07,-6.372296191222455e-06,0.0,0.0,-,1.3472441849451081e-14,1.7287916444616307e-12,1.818522581518537e-14,2.2841408006962882e-12
0.30000000000000016,-5.678711246022265e-07,-6.22272476595415e-06,6.538234215729924e-07,6.664004357491645e-06,5.678711246022265e-07,6.22272476595415e-06,-6.538234215729924e-07,-6.664004357491645e-06,0.0,0.0,-,1.508482992023607e-14,1.9224031620257264e-12,2.032265114817245e-14,2.5061855710796265e-12
0.30500000000000016,-6.003146065802518e-07,-6.653651302611588e-06,6.879949984038731e-07,6.966142696917168e-06,6.003146065802518e-07,6.653651302611588e-06,-6.879949984038731e-07,-6.966142696917168e-06,0.0,0.0,-,1.6886718054604083e-14,2.1437585403094512e-12,2.2689336737316177e-14,2.7488212914486888e-12
0.31000000000000016,-6.350236100015358e-07,-7.118599027825309e-06,7.237009753022999e-07,7.279276755082018e-06,6.350236100015358e-07,7.118599027825309e-06,-7.237009753022999e-07,-7.279276755082018e-06,0.0,0.0,-,1.8902992980900997e-14,2.3971308009042287e-12,2.530805224558368e-14,3.013760641834076e-12
0.31500000000000017,-6.721699585188156e-07,-7.61814102119411e-06,7.609980694610722e-07,7.6039920822773425e-06,6.721699585188156e-07,7.61814102119411e-06,-7.609980694610722e-07,-7.6039920822773425e-06,0.0,0.0,-,2.116205524657693e-14,2.687311163998231e-12,2.8203642554201077e-14,3.3028641197707587e-12
0.3200000000000002,-7.11928429739762e-07,-8.152879039999246e-06,7.999459857341241e-07,7.940895308334482e-06,7.11928429739762e-07,8.152879039999246e-06,-7.999459857341241e-07,-7.940895308334482e-06,0.0,0.0,-,2.3696265691935547e-14,3.0196583472025264e-12,3.1403210454661775e-14,3.618153211260402e-12
0.3250000000000002,-7.544768972984945e-07,-8.723444256202886e-06,8.406075291065688e-07,8.290615216157402e-06,7.544768972984945e-07,8.723444256202886e-06,-8.406075291065688e-07,-8.290615216157402e-06,0.0,0.0,-,2.6542442634721364e-14,3.4001507456579224e-12,3.493631554461503e-14,3.961824714572305e-12
0.3300000000000002,-7.999964876934861e-07,-9.330498902051458e-06,8.83048713638277e-07,8.65380412241384e-06,7.999964876934861e-07,9.330498902051458e-06,-8.83048713638277e-07,-8.65380412241384e-06,0.0,0.0,-,2.974241453633094e-14,3.83544179446384e-12,3.883519069790611e-14,4.336266343517839e-12
0.3350000000000002,-8.486717335859968e-07,-9.974736364712593e-06,9.273388860567463e-07,9.031138847512039e-06,8.486717335859968e-07,9.974736364712593e-06,-9.273388860567463e-07,-9.031138847512039e-06,0.0,0.0,-,3.3343633093270245e-14,4.33291862219144e-12,4.313497774587095e-14,4.7440736879330445e-12
0.3400000000000002,-9.006907354397319e-07,-1.0656883351427535e-05,9.735508547124647e-07,9.423322315159101e-06,9.006907354397319e-07,1.0656883351427535e-05,-9.735508547124647e-07,-9.423322315159101e-06,0.0,0.0,-,3.7399852097805075e-14,4.900764436021107e-12,4.78739840794278e-14,5.188068705209922e-12
0.3450000000000002,-9.562453302882546e-07,-1.1377700012798295e-05,1.02176101964006e-06,9.831084586512565e-06,9.562453302882546e-07,1.1377700012798295e-05,-1.02176101964006e-06,-9.831084586512565e-06,0.0,0.0,-,4.1971877756295547e-14,5.548024723927259e-12,5.309396198570728e-14,5.671319825945747e-12
0.3500000000000002,-1.0155312598639728e-06,-1.2137981697411864e-05,1.0720495174229759e-06,1.0255184434497472e-05,1.0155312598639728e-06,1.2137981697411864e-05,-1.0720495174229759e-06,-1.0255184434497472e-05,0.0,0.0,-,4.7128396455100093e-14,6.284677722360786e-12,5.884041282474146e-14,6.197163864873544e-12
0.3550000000000002,-1.0787483568090552e-06,-1.2938560168311705e-05,1.12450036360727e-06,1.0696410779227486e-05,1.0787483568090552e-06,1.2938560168311705e-05,-1.12450036360727e-06,-1.0696410779227486e-05,0.0,0.0,-,5.294688654169128e-14,7.121709418505898e-12,6.516291816350588e-14,6.769229882663414e-12
0.3600000000000002,-1.146100722517718e-06,-1.3780304338611492e-05,1.179201612802326e-06,1.1155584058609115e-05,1.146100722517718e-06,1.3780304338611492e-05,-1.179201612802326e-06,-1.1155584058609115e-05,0.0,0.0,-,5.951462087246946e-14,8.071193356829672e-12,7.211550038168391e-14,7.391465161106884e-12
0.3650000000000002,-1.2177969243120578e-06,-1.4664122221081496e-05,1.2362455174869736e-06,1.163355794968001e-05,1.2177969243120578e-06,1.4664122221081496e-05,-1.2362455174869736e-06,-1.163355794968001e-05,0.0,0.0,-,6.692976761678901e-14,9.146375759403753e-12,7.97570152792171e-14,8.0681635139497e-12
0.3700000000000002,-1.2940501913417268e-06,-1.5590962129089725e-05,1.2957286987000366e-06,1.2131220957262767e-05,1.2940501913417268e-06,1.5590962129089725e-05,-1.2957286987000366e-06,-1.2131220957262767e-05,0.0,0.0,-,7.530259710534682e-14,1.0361766259957305e-11,8.815157958239155e-14,8.803996123519358e-12
0.3750000000000002,-1.3750786177261237e-06,-1.6561813489710245e-05,1.357752329835151e-06,1.2649497967165141e-05,1.3750786177261237e-06,1.6561813489710245e-05,-1.357752329835151e-06,-1.2649497967165141e-05,0.0,0.0,-,8.475680312998476e-14,1.1733234590297048e-11,9.736903652825546e-14,9.604045117625935e-12
0.3800000000000002,-1.461105375985804e-06,-1.7577709018581996e-05,1.4224223198825002e-06,1.3189352182643636e-05,1.461105375985804e-06,1.7577709018581996e-05,-1.4224223198825002e-06,-1.3189352182643636e-05,0.0,0.0,-,9.543094772865786e-14,1.3278113862006743e-11,1.0748546280875503e-13,1.0473840172614968e-11
0.38500000000000023,-1.5523589390597442e-06,-1.8639725974733497e-05,1.4898495099118564e-06,1.3751786878546851e-05,1.5523589390597442e-06,1.8639725974733497e-05,-1.4898495099118564e-06,-1.3751786878546851e-05,0.0,0.0,-,1.0748003910705134e-13,1.501531078407252e-11,1.1858372061967803e-13,1.1419398384379836e-11
0.39000000000000024,-1.6490733027804777e-06,-1.974898762284338e-05,1.5601498830284433e-06,1.4337847309532473e-05,1.6490733027804777e-06,1.974898762284338e-05,-1.5601498830284433e-06,-1.4337847309532473e-05,0.0,0.0,-,1.2107725289676793e-13,1.6965423344708626e-11,1.3075405890724637e-13,1.2447267711737175e-11
0.39500000000000024,-1.7514882270692647e-06,-2.090666485295499e-05,1.6334447748264686e-06,1.4948622697155034e-05,1.7514882270692647e-06,2.090666485295499e-05,-1.6334447748264686e-06,-1.4948622697155034e-05,0.0,0.0,-,1.364158079445791e-13,1.9150866521077547e-11,1.4409476806928584e-13,1.356457431444667e-11
0.40000000000000024,-1.8598494742046439e-06,-2.211397842764975e-05,1.7098611051460661e-06,1.5585248438683675e-05,1.8598494742046439e-06,2.211397842764975e-05,-1.7098611051460661e-06,-1.5585248438683675e-05,0.0,0.0,-,1.537110082780756e-13,2.159600673057034e-11,1.5871289306374248e-13,1.4779074158924132e-11
0.40500000000000025,-1.9744090644477416e-06,-2.3372199850063696e-05,1.7895316117310798e-06,1.6248908043994676e-05,1.9744090644477416e-06,2.3372199850063696e-05,-1.7895316117310798e-06,-1.6248908043994676e-05,0.0,0.0,-,1.7320246404694265e-13,2.432730535972693e-11,1.7472501001066667e-13,1.6099209222035106e-11
0.41000000000000025,-2.0954255367379925e-06,-2.4682653874446072e-05,1.872595098111766e-06,1.6940835554791698e-05,2.0954255367379925e-06,2.4682653874446072e-05,-1.872595098111766e-06,-1.6940835554791698e-05,0.0,0.0,-,1.9515650494701118e-13,2.7373472371155468e-11,1.9225807201802776e-13,1.753416876850758e-11
0.41500000000000026,-2.2231642199481116e-06,-2.6046720131874547e-05,1.9591966938291953e-06,1.7662317871992283e-05,2.2231642199481116e-06,2.6046720131874547e-05,-1.9591966938291953e-06,-1.7662317871992283e-05,0.0,0.0,-,2.198688006912987e-13,3.0765630519296465e-11,2.11450330443584e-13,1.909395613156407e-11
0.42000000000000026,-2.357897512774263e-06,-2.7465835370084073e-05,2.049488125985053e-06,1.841469722336952e-05,2.357897512774263e-06,2.7465835370084073e-05,-2.049488125985053e-06,-1.841469722336952e-05,0.0,0.0,-,2.47667204095034e-13,3.453749108217927e-11,2.3245233833635267e-13,2.0789461500705937e-11
0.42500000000000027,-2.4999051745091866e-06,-2.8941495248704015e-05,2.143628005035087e-06,1.9199373695076098e-05,2.4999051745091866e-06,2.8941495248704015e-05,-2.143628005035087e-06,-1.9199373695076098e-05,0.0,0.0,-,2.789148335027231e-13,3.872554181833306e-11,2.554280434562062e-13,2.263254125212184e-11
0.43000000000000027,-2.6494746294986627e-06,-3.047525649060444e-05,2.241782118006461e-06,2.001780789515485e-05,2.6494746294986627e-06,3.047525649060444e-05,-2.241782118006461e-06,-2.001780789515485e-05,0.0,0.0,-,3.140134125645085e-13,4.33692481091737e-11,2.8055597877927393e-13,2.463610441675846e-11
0.4350000000000003,-2.8069012754536334e-06,-3.206873918390971e-05,2.3441237433841764e-06,2.0871523755817153e-05,2.8069012754536334e-06,3.206873918390971e-05,-2.3441237433841764e-06,-2.0871523755817153e-05,0.0,0.0,-,3.5340688641522475e-13,4.8511268273401834e-11,3.0803055940076116e-13,2.6814206936206662e-11
0.4400000000000003,-2.9724888089997525e-06,-3.372362936402426e-05,2.4508339742041185e-06,2.1762111515910485e-05,2.9724888089997525e-06,3.372362936402426e-05,-2.4508339742041185e-06,-2.1762111515910485e-05,0.0,0.0,-,3.975853350133686e-13,5.419768416081223e-11,3.38063495246327e-13,2.918215442436128e-11
0.4450000000000003,-3.1465495612600353e-06,-3.544168073168684e-05,2.562102059995285e-06,2.2691230591332612e-05,3.1465495612600353e-06,3.544168073168684e-05,-2.562102059995285e-06,-2.2691230591332612e-05,0.0,0.0,-,4.4708920572069727e-13,6.047824782624635e-11,3.708853300754874e-13,3.175661415310643e-11
0.4500000000000003,-3.3294048469585485e-06,-3.722471829989752e-05,2.678125761644228e-06,2.366061303006258e-05,3.3294048469585485e-06,3.722471829989752e-05,-2.678125761644228e-06,-2.366061303006258e-05,0.0,0.0,-,5.025138888954527e-13,6.740664608877998e-11,4.0674711805139984e-13,3.455573719789827e-11
0.4550000000000003,-3.5213853226181873e-06,-3.907463959946146e-05,2.7991117245046544e-06,2.4672066468246258e-05,3.5213853226181873e-06,3.907463959946146e-05,-2.7991117245046544e-06,-2.4672066468246258e-05,0.0,0.0,-,5.645146618472067e-13,7.5040783387919e-11,4.4592225028269697e-13,3.759929151696608e-11
0.4600000000000003,-3.722831364359811e-06,-4.099341860100594e-05,2.925275865814305e-06,2.5727477857074714e-05,3.722831364359811e-06,4.099341860100594e-05,-2.925275865814305e-06,-2.5727477857074714e-05,0.0,0.0,-,6.338120286845124e-13,8.34430852309055e-11,4.887084447382752e-13,4.0908807101397435e-11
0.4650000000000003,-3.934093454162412e-06,-4.298310804794611e-05,3.056843783604272e-06,2.6828817025477483e-05,3.934093454162412e-06,4.298310804794611e-05,-3.056843783604272e-06,-2.6828817025477483e-05,0.0,0.0,-,7.111974852149301e-13,9.268082311821256e-11,5.354299143250757e-13,4.450773421633019e-11
0.4700000000000003,-4.1555325828447935e-06,-4.5045842446514526e-05,3.1940511818760416e-06,2.7978140365919522e-05,4.1555325828447935e-06,4.5045842446514526e-05,-3.1940511818760416e-06,-2.7978140365919522e-05,0.0,0.0,-,7.975397404503538e-13,1.0282646272679362e-10,5.864397290872944e-13,4.8421615908005665e-11
0.4750000000000003,-4.387520669352834e-06,-4.718384077637949e-05,3.3371443132011817e-06,2.9177594766413795e-05,4.387520669352834e-06,4.718384077637949e-05,-3.3371443132011817e-06,-2.9177594766413795e-05,0.0,0.0,-,8.937914285703457e-13,1.1395803687884729e-10,6.421223899229494e-13,5.267827608977096e-11
0.4800000000000003,-4.6304409927658755e-06,-4.939941061427784e-05,3.486380447057257e-06,3.0429421886155865e-05,4.6304409927658755e-06,4.939941061427784e-05,-3.486380447057257e-06,-3.0429421886155865e-05,0.0,0.0,-,1.000996347507779e-12,1.2615954572403744e-10,7.028966330310653e-13,5.730802467139927e-11
0.4850000000000003,-4.884688644245451e-06,-5.169495066233218e-05,3.642028353250666e-06,3.173596223250633e-05,4.884688644245451e-06,5.169495066233218e-05,-3.642028353250666e-06,-3.173596223250633e-05,0.0,0.0,-,1.1202972632638813e-12,1.3952138534394223e-10,7.692184856604742e-13,6.234388116551461e-11
0.4900000000000003,-5.150670991950308e-06,-5.407295444512874e-05,3.8043688121313243e-06,3.309965978645e-05,5.150670991950308e-06,5.407295444512874e-05,-3.8043688121313243e-06,-3.309965978645e-05,0.0,0.0,-,1.2529443216004733e-12,1.5414080735606708e-10,8.415845959540618e-13,6.78218185554083e-11
0.49500000000000033,-5.428808170540696e-06,-5.653601423379023e-05,3.973695142909618e-06,3.452306674782452e-05,5.428808170540696e-06,5.653601423379023e-05,-3.973695142909618e-06,-3.452306674782452e-05,0.0,0.0,-,1.4003041123631205e-12,1.7012241188328376e-10,9.205358613979792e-13,7.378102924378204e-11
0.5000000000000003,-5.71953358033514e-06,-5.9086824456451775e-05,4.1503137629220755e-06,3.600884817049185e-05,5.71953358033514e-06,5.9086824456451775e-05,-4.1503137629220755e-06,-3.600884817049185e-05,0.0,0.0,-,1.5638694342460271e-12,1.875786760050215e-10,1.0066613830514813e-12,8.026421497660971e-11
0.5050000000000003,-6.023294412016155e-06,-6.172818552879792e-05,4.334544765529775e-06,3.75597873232267e-05,6.023294412016155e-06,6.172818552879792e-05,-4.334544765529775e-06,-3.75597873232267e-05,0.0,0.0,-,1.7452698121151524e-12,2.0663052044841001e-10,1.1006027746733892e-12,8.731790309543981e-11
0.5100000000000003,-6.340552191200475e-06,-6.446300837485626e-05,4.526722525182322e-06,3.917879086691526e-05,6.340552191200475e-06,6.446300837485626e-05,-4.526722525182322e-06,-3.917879086691526e-05,0.0,0.0,-,1.9462828225618384e-12,2.2740791769209398e-10,1.2030588587733543e-12,9.499279136440723e-11
0.5150000000000003,-6.6717833387101e-06,-6.729431844291521e-05,4.727196336047154e-06,4.086889452955224e-05,6.6717833387101e-06,6.729431844291521e-05,-4.727196336047154e-06,-4.086889452955224e-05,0.0,0.0,-,2.168846287155287e-12,2.500505441655764e-10,1.3147907847710427e-12,1.0334412406474556e-10
0.5200000000000004,-7.017479763529901e-06,-7.022526011588669e-05,4.936331066906189e-06,4.2633268841484674e-05,7.017479763529901e-06,7.022526011588669e-05,-4.936331066906189e-06,-4.2633268841484674e-05,0.0,0.0,-,2.4150713983130456e-12,2.7470847995729616e-10,1.4366276067815588e-12,1.1243210212529711e-10
0.5250000000000004,-7.378149462804167e-06,-7.32591014635512e-05,5.1545078629929194e-06,4.447522527575931e-05,7.378149462804167e-06,7.32591014635512e-05,-5.1545078629929194e-06,-4.447522527575931e-05,0.0,0.0,-,2.687256845790433e-12,3.0154295969353065e-10,1.5694723633298382e-12,1.2232233044194483e-10
0.5300000000000004,-7.75431716044941e-06,-7.639923914502072e-05,5.382124862170883e-06,4.6398222589110255e-05,7.75431716044941e-06,7.639923914502072e-05,-5.382124862170883e-06,-4.6398222589110255e-05,0.0,0.0,-,2.9879040189146343e-12,3.30727178403221e-10,1.714308703489828e-12,1.3308630573908795e-10
0.5350000000000004,-8.146524964411149e-06,-7.964920312215952e-05,5.619597953304912e-06,4.840587344952194e-05,8.146524964411149e-06,7.964920312215952e-05,-5.619597953304912e-06,-4.840587344952194e-05,0.0,0.0,-,3.319733363893505e-12,3.6244715619319616e-10,1.872208109273772e-12,1.4480194866114364e-10
0.5400000000000004,-8.555333046933265e-06,-8.301266235602862e-05,5.867361568428539e-06,5.0501951344729505e-05,8.555333046933265e-06,8.301266235602862e-05,-5.867361568428539e-06,-5.0501951344729505e-05,0.0,0.0,-,3.685701981613247e-12,3.9690266675037624e-10,2.0443377681471334e-12,1.575541841092708e-10
0.5450000000000004,-8.981320358195474e-06,-8.64934305509968e-05,6.125869507670925e-06,5.269039799788653e-05,8.981320358195474e-06,8.64934305509968e-05,-6.125869507670925e-06,-5.269039799788653e-05,0.0,0.0,-,4.08902255849593e-12,4.343082343927768e-10,2.2319691542721958e-12,1.7143557431514922e-10
0.5500000000000004,-9.425085365168505e-06,-9.009547058352001e-05,6.395595799615518e-06,5.497533052415733e-05,9.425085365168505e-06,9.009547058352001e-05,-6.395595799615518e-06,-5.497533052415733e-05,0.0,0.0,-,4.533183729199499e-12,4.748942034911065e-10,2.436487382432494e-12,1.8654700914635096e-10
0.5550000000000004,-9.88724681505036e-06,-9.382290188947644e-05,6.6770356075247105e-06,5.7361049767553694e-05,9.88724681505036e-06,9.382290188947644e-05,-6.6770356075247105e-06,-5.7361049767553694e-05,0.0,0.0,-,5.021971977108117e-12,5.189078880859182e-10,2.6594014049532586e-12,2.0299845929852984e-10
0.5600000000000004,-1.0368444538702574e-05,-9.76800061376424e-05,6.970706168919051e-06,5.9852048368633984e-05,1.0368444538702574e-05,9.76800061376424e-05,-6.970706168919051e-06,-5.9852048368633984e-05,0.0,0.0,-,5.559495187868874e-12,5.666148060811674e-10,2.9023551274202895e-12,2.2090979776813635e-10
0.5650000000000004,-1.0869340278856779e-05,-0.00010167123346239062,7.277147781096917e-06,6.245301932455513e-05,1.0869340278856779e-05,0.00010167123346239062,-7.277147781096917e-06,-6.245301932455513e-05,0.0,0.0,-,6.150207978356766e-12,6.183000046499872e-10,3.1671395265599087e-12,2.4041169588190265e-10
0.5700000000000004,-1.1390618556530169e-05,-0.00010580120995397502,7.596924828985058e-06,6.516886516570574e-05,1.1390618556530169e-05,0.00010580120995397502,-7.596924828985058e-06,-6.516886516570574e-05,0.0,0.0,-,6.798938933858614e-12,6.742694847886127e-10,3.455705860846157e-12,2.6164660081683235e-10
0.5750000000000004,-1.1932987563953339e-05,-0.00011007474396783893,7.93062686531645e-06,6.80047071283469e-05,1.1932987563953339e-05,0.00011007474396783893,-7.93062686531645e-06,-6.80047071283469e-05,0.0,0.0,-,7.51091989486594e-12,7.348517310865392e-10,3.7701800732305525e-12,2.8476980177489357e-10
0.5800000000000004,-1.2497180107126142e-05,-0.00011449683420584418,8.278869727329992e-06,7.096589527551737e-05,1.2497180107126142e-05,0.00011449683420584418,-8.278869727329992e-06,-7.096589527551737e-05,0.0,0.0,-,8.291817448015688e-12,8.003993563023422e-10,4.112878493041058e-12,3.099505932361721e-10
0.5850000000000004,-1.3083954575120355e-05,-0.00011907267698793936,8.642296715988784e-06,7.405801856840896e-05,1.3083954575120355e-05,0.00011907267698793936,-8.642296715988784e-06,-7.405801856840896e-05,0.0,0.0,-,9.147766784634752e-12,8.71290868327713e-10,4.486324955677011e-12,3.373735438075661e-10
0.5900000000000004,-1.3694095954532461e-05,-0.00012380767482395692,9.021579820139412e-06,7.728691566537995e-05,1.3694095954532461e-05,0.00012380767482395692,-9.021579820139412e-06,-7.728691566537995e-05,0.0,0.0,-,1.0085408104694464e-11,9.479325700542863e-10,4.893269467932745e-12,3.672398804729039e-10
0.5950000000000004,-1.432841688244584e-05,-0.00012870744423767137,9.417421001301283e-06,8.06586861761914e-05,1.432841688244584e-05,0.00012870744423767137,-9.417421001301283e-06,-8.06586861761914e-05,0.0,0.0,-,1.111192575648026e-11,1.0307606010652528e-09,5.336708559511497e-12,3.9976899875125056e-10
0.6000000000000004,-1.4987758745990102e-05,-0.0001337778250325271,9.830553530828254e-06,8.417970223125194e-05,1.4987758745990102e-05,0.0001337778250325271,-9.830553530828254e-06,-8.417970223125194e-05,0.0,0.0,-,1.2235090317620276e-11,1.12024313341742e-09,5.819907473123897e-12,4.352001100899618e-10
0.6050000000000004,-1.567299282600735e-05,-0.0001390248892386046,1.0261743388233289e-05,8.785662086792011e-05,1.567299282600735e-05,0.0001390248892386046,-1.0261743388233289e-05,-8.785662086792011e-05,0.0,0.0,-,1.3463303838240665e-11,1.2168827325564513e-09,6.346424359953645e-12,4.737940392416092e-10
0.6100000000000004,-1.6385021482154468e-05,-0.00014445495084594432,1.0711790729224304e-05,9.169639672671078e-05,1.6385021482154468e-05,0.00014445495084594432,-1.0711790729224304e-05,-9.169639672671078e-05,0.0,0.0,-,1.4805648483093983e-11,1.3212188966759724e-09,6.920136663087124e-12,5.158351851049208e-10
0.6150000000000004,-1.7124779398657956e-05,-0.0001500745761299592,1.1181531408706776e-05,9.570629550294654e-05,1.7124779398657956e-05,0.0001500745761299592,-1.1181531408706776e-05,-9.570629550294654e-05,0.0,0.0,-,1.6271938830357484e-11,1.4338307886789072e-09,7.545269886306606e-12,5.616336600994075e-10
0.6200000000000004,-1.7893234875192632e-05,-0.00015589059367936668,1.1671838577268987e-05,9.98939077939218e-05,1.7893234875192632e-05,0.00015589059367936668,-1.1671838577268987e-05,-9.98939077939218e-05,0.0,0.0,-,1.7872778101851534e-11,1.5553401746674343e-09,8.226428965175729e-12,6.115276241711103e-10
0.6250000000000004,-1.8691391166307232e-05,-0.00016191010538705854,1.218362435482541e-05,0.00010426716367671907,1.8691391166307232e-05,0.00016191010538705854,-1.218362435482541e-05,-0.00010426716367671907,0.0,0.0,-,1.9619618620511076e-11,1.6864145857996765e-09,8.968632477273204e-12,6.658858312770489e-10
0.6300000000000004,-1.9520287888501693e-05,-0.0001681404983394141,1.2717841568197545e-05,0.00010883434806499007,1.9520287888501693e-05,0.0001681404983394141,-1.2717841568197545e-05,-0.00010883434806499007,0.0,0.0,-,2.1524826816761007e-11,1.8277707217088092e-09,9.777349948042072e-12,7.25110407870706e-10
0.6350000000000005,-2.0381002480917317e-05,-0.00017458945694323282,1.3275485574428784e-05,0.00011360411644959255,2.0381002480917317e-05,0.00017458945694323282,-1.3275485574428784e-05,-0.00011360411644959255,0.0,0.0,-,2.36017531273968e-11,1.9801781140874743e-09,1.0658542534226406e-11,7.896398842421689e-10
0.6400000000000005,-2.127465172299162e-05,-0.0001812649743669473,1.3857596164843857e-05,0.00011858551167344545,2.127465172299162e-05,0.0001812649743669473,-1.3857596164843857e-05,-0.00011858551167344545,0.0,0.0,-,2.5864807157069754e-11,2.144463068748725e-09,1.1618707391565883e-11,8.599525021364334e-10
0.6450000000000005,-2.220239332368129e-05,-0.0001881753668348043,1.4465259553040788e-05,0.00012378798116226974,2.220239332368129e-05,0.0001881753668348043,-1.4465259553040788e-05,-0.00012378798116226974,0.0,0.0,-,2.8329538503566993e-11,2.3215129121657906e-09,1.2664926061250073e-11,9.365698235375858e-10
0.6500000000000005,-2.3165427577345125e-05,-0.0001953292870015364,1.5099610449489161e-05,0.0001292213950912693,2.3165427577345125e-05,0.0001953292870015364,-1.5099610449489161e-05,-0.0001292213950912693,0.0,0.0,-,3.1012723677773104e-11,2.5122805639684337e-09,1.3804917239881685e-11,1.0200606682842555e-09
0.6550000000000005,-2.416499908469821e-05,-0.0002027357378870495,1.5761834235071774e-05,0.0001348960654705303,2.416499908469821e-05,0.0002027357378870495,-1.5761834235071774e-05,-0.0001348960654705303,0.0,0.0,-,3.3932459581590434e-11,2.717789461051466e-09,1.5047094332151087e-11,1.1110454106814035e-09
0.6600000000000005,-2.520239855079378e-05,-0.00021040408823749142,1.645316922964155e-05,0.0001408227657274174,2.520239855079378e-05,0.00021040408823749142,-1.645316922964155e-05,-0.0001408227657274174,0.0,0.0,-,3.71082640451557e-11,2.9391388627867166e-09,1.6400628220647207e-11,1.210200667416999e-09
0.6650000000000005,-2.6278964661630142e-05,-0.00021834408861888194,1.7174909059818068e-05,0.00014701275161806477,2.6278964661630142e-05,0.00021834408861888194,-1.7174909059818068e-05,-0.00014701275161806477,0.0,0.0,-,4.0561183963591734e-11,3.1775095679607674e-09,1.7875515726712312e-11,1.318264413108573e-09
0.6700000000000005,-2.7396086039510874e-05,-0.00022656588680446439,1.7928405134180488e-05,0.00015347778263065064,2.7396086039510874e-05,0.00022656588680446439,-1.7928405134180488e-05,-0.00015347778263065064,0.0,0.0,-,4.431391161501315e-11,3.4341700732782347e-09,1.948265427998886e-11,1.4360415619146794e-09
0.6750000000000005,-2.8555203283572084e-05,-0.00023508004566787026,1.871506923084376e-05,0.00016023014469361614,2.8555203283572084e-05,0.00023508004566787026,-1.871506923084376e-05,-0.00016023014469361614,0.0,0.0,-,4.839090978784378e-11,3.7104832126342748e-09,2.1233923361565237e-11,1.5644100582573652e-09
0.6800000000000005,-2.9757811095701057e-05,-0.0002438975609361731,1.953637619915746e-05,0.0001672826736152162,2.9757811095701057e-05,0.0002438975609361731,-1.953637619915746e-05,-0.0001672826736152162,0.0,0.0,-,5.281854639388093e-11,4.007913313787346e-09,2.3142273336540268e-11,1.70432752271664e-09
0.6850000000000005,-3.100546049982354e-05,-0.0002530298800683095,2.0393866786680496e-05,0.00017464877992856787,3.100546049982354e-05,0.0002530298800683095,-2.0393866786680496e-05,-0.00017464877992856787,0.0,0.0,-,5.7625239297911525e-11,4.328033914824262e-09,2.522182234910462e-11,1.8568385043693267e-09
0.6900000000000005,-3.2299761162553366e-05,-0.0002624889220589001,2.1289150583188282e-05,0.0001823424743441003,3.2299761162553366e-05,0.0002624889220589001,-2.1289150583188282e-05,-0.0001823424743441003,0.0,0.0,-,6.284161215370148e-11,4.672536085842479e-09,2.7487962011872953e-11,2.023082394118971e-09
0.6950000000000005,-3.3642383807605314e-05,-0.0002722870970256503,2.222390910690147e-05,0.00019037839493340756,3.3642383807605314e-05,0.0002722870970256503,-2.222390910690147e-05,-0.00019037839493340756,0.0,0.0,-,6.850066209499261e-11,5.043237401875758e-09,2.995747269183205e-11,2.2043020604060737e-09
0.7000000000000005,-3.503506274209541e-05,-0.00028243732967102585,2.3199899023860415e-05,0.000198771835083722,3.503506274209541e-05,0.00028243732967102585,-2.3199899023860415e-05,-0.000198771835083722,0.0,0.0,-,7.463794020170543e-11,5.442091627834257e-09,3.2648649265418646e-11,2.4018532725188256e-09
0.7050000000000005,-3.647959848714031e-05,-0.00029295307957341837,2.4218955512377474e-05,0.00020753877271764449,3.647959848714031e-05,0.00029295307957341837,-2.4218955512377474e-05,-0.00020753877271764449,0.0,0.0,-,8.129174573062028e-11,5.871199161992005e-09,3.5581438295971244e-11,2.6172149834245564e-09
0.7100000000000005,-3.797786053086875e-05,-0.0003038483663510795,2.528299577534717e-05,0.00021669590105419674,3.797786053086875e-05,0.0003038483663510795,-2.528299577534717e-05,-0.00021669590105419674,0.0,0.0,-,8.850333518313088e-11,6.3328183106631046e-09,3.877758767285236e-11,2.8520005510930078e-09
0.7150000000000005,-3.953179019590326e-05,-0.0003151377936653261,2.6394022717105878e-05,0.00022626066070285434,3.953179019590326e-05,0.0003151377936653261,-2.6394022717105878e-05,-0.00022626066070285434,0.0,0.0,-,9.631714736359546e-11,6.829377455644354e-09,4.226080984880787e-11,3.1079699840014687e-09
0.7200000000000005,-4.114340363809235e-05,-0.0003268365753239545,2.755412877684568e-05,0.00023625127292364645,4.114340363809235e-05,0.0003268365753239545,-2.755412877684568e-05,-0.00023625127292364645,0.0,0.0,-,1.0478104567823042e-10,7.363488190491809e-09,4.605695991206285e-11,3.3870433037916852e-09
0.7250000000000005,-4.28147949813487e-05,-0.0003389605619787552,2.8765499935757566e-05,0.00024668677478505076,4.28147949813487e-05,0.0003389605619787552,-2.8765499935757566e-05,-0.00024668677478505076,0.0,0.0,-,1.1394657902470504e-10,7.937959503376578e-09,5.01942298448332e-11,3.6913151280609373e-09
0.7300000000000005,-4.454813957999724e-05,-0.00035152626986087297,3.003041990742319e-05,0.0002575870554065456,4.454813957999724e-05,0.00035152626986087297,-3.003041990742319e-05,-0.0002575870554065456,0.0,0.0,-,1.2386926272489963e-10,8.555813095388075e-09,5.4703360443913995e-11,4.023070583626012e-09
0.7350000000000005,-4.634569743788773e-05,-0.00036455090985871034,3.135127451185728e-05,0.00026897289434035505,4.634569743788773e-05,0.00036455090985871034,-3.135127451185728e-05,-0.00026897289434035505,0.0,0.0,-,1.346088810799208e-10,9.220299924782143e-09,5.961787251150315e-11,4.384802673075151e-09
0.7400000000000005,-4.820981677422604e-05,-0.00037805241916925836,3.273055624572379e-05,0.00028086600122380367,4.820981677422604e-05,0.00037805241916925836,-3.273055624572379e-05,-0.00028086600122380367,0.0,0.0,-,1.4622981324694305e-10,9.934918082980787e-09,6.49743190722756e-11,4.7792312262924e-09
0.7450000000000006,-5.0142937749826286e-05,-0.00039204949337015815,3.417086905665897e-05,0.0002932890573543432,5.0142937749826286e-05,0.00039204949337015815,-3.417086905665897e-05,-0.0002932890573543432,0.0,0.0,-,1.5880138427785783e-10,1.0703432109239777e-08,7.081256053271228e-11,5.2093235821113965e-09
0.7500000000000006,-5.214759636083368e-05,-0.0004065616199868382,3.5674933333220115e-05,0.00030626575939959996,5.214759636083368e-05,0.0004065616199868382,-3.5674933333220115e-05,-0.00030626575939959996,0.0,0.0,-,1.7239824330892e-10,1.1529893863471389e-08,7.717606487436079e-11,5.678317159014465e-09
0.7550000000000006,-5.422642850504649e-05,-0.0004216091151396836,3.724559111718313e-05,0.0003198208644945947,5.422642850504649e-05,0.0004216091151396836,-3.724559111718313e-05,-0.0003198208644945947,0.0,0.0,-,1.871007710509846e-10,1.2418665093315725e-08,8.411223516270274e-11,6.189744085844815e-09
0.7600000000000006,-5.6382174235765196e-05,-0.00043721315980819445,3.8885811545229406e-05,0.00033398023786892236,5.6382174235765196e-05,0.00043721315980819445,-3.8885811545229406e-05,-0.00033398023786892236,0.0,0.0,-,2.0299551890874554e-10,1.3374441828863054e-08,9.167276686035823e-11,6.747458082279725e-09
0.7650000000000006,-5.861768220150749e-05,-0.00045339583996620346,4.0598696540793115e-05,0.0003487709023076431,5.861768220150749e-05,0.00045339583996620346,-4.0598696540793115e-05,-0.0003487709023076431,0.0,0.0,-,2.201756822421302e-10,1.4402280767356352e-08,9.991403766441527e-11,7.355663793762163e-09
0.7700000000000006,-6.0935914288432823e-05,-0.0004701801858975279,4.2387486757016413e-05,0.00036422108992176857,6.0935914288432823e-05,0.0004701801858975279,-4.2387486757016413e-05,-0.00036422108992176857,0.0,0.0,-,2.387416104929664e-10,1.5507627803409522e-08,1.0889753283229648e-10,8.018948805481169e-09
0.7750000000000006,-6.333995047892682e-05,-0.0004875902164686614,4.4255567778748065e-05,0.0003803602961686108,6.333995047892682e-05,0.0004875902164686614,-4.4255567778748065e-05,-0.0003803602961686108,0.0,0.0,-,2.588013571263309e-10,1.6696348899389302e-08,1.186903092293933e-10,8.742318579988536e-09
0.7800000000000006,-6.583299391585373e-05,-0.0005056509828808876,4.620647661664246e-05,0.0003972193363776209,6.583299391585373e-05,0.0005056509828808876,-4.620647661664246e-05,-0.0003972193363776209,0.0,0.0,-,2.804712725659551e-10,1.797476348183134e-08,1.2936550163601496e-10,9.531234585949925e-09
0.7850000000000006,-6.841837621357202e-05,-0.0005243886161395003,4.824390847595342e-05,0.0004148304047537224,6.841837621357202e-05,0.0005243886161395003,-4.824390847595342e-05,-0.0004148304047537224,0.0,0.0,-,3.038766435844645e-10,1.9349680585514842e-08,1.410028751611958e-10,1.0391655909490611e-08
0.7900000000000006,-7.109956299790283e-05,-0.0005438303756391337,5.037172383862191e-05,0.00043322713578160883,7.109956299790283e-05,0.0005438303756391337,-5.037172383862191e-05,-0.00043322713578160883,0.0,0.0,-,3.2915238287692833e-10,2.0828437972853848e-08,1.5368942797356777e-10,1.1330084665378294e-08
0.7950000000000006,-7.388015970144486e-05,-0.0005640047019942044,5.2593955857299686e-05,0.0004524446688407442,7.388015970144486e-05,0.0005640047019942044,-5.2593955857299686e-05,-0.0004524446688407442,0.0,0.0,-,3.5644377286448335e-10,2.2418944492211705e-08,1.6752004893716573e-10,1.2353615557190349e-08
0.8000000000000006,-7.676391762911463e-05,-0.0005849412682418424,5.491481807714136e-05,0.00047251971535848,7.676391762911463e-05,0.0005849412682418424,-5.491481807714136e-05,-0.00047251971535848,0.0,0.0,-,3.8590726811333084e-10,2.4129725928673583e-08,1.825982351593934e-10,1.3469989964202645e-08
0.8050000000000006,-7.975474029417973e-05,-0.0006066710392563975,5.733871250935585e-05,0.0004934906289688438,7.975474029417973e-05,0.0006066710392563975,-5.733871250935585e-05,-0.0004934906289688438,0.0,0.0,-,4.1771136111029115e-10,2.596997467803577e-08,1.9903687492054623e-10,1.4687654968602972e-08
0.8100000000000006,-8.285669004463959e-05,-0.0006292263289547439,5.987023806064328e-05,0.0005153974789230876,8.285669004463959e-05,0.0006292263289547439,-5.987023806064328e-05,-0.0005153974789230876,0.0,0.0,-,4.5203751653605854e-10,2.794960354328509e-08,2.1695910194773674e-10,1.6015827775004346e-08
0.8150000000000006,-8.607399499574504e-05,-0.0006526408624606302,6.251419934072359e-05,0.0005382821266925568,8.607399499574504e-05,0.0006526408624606302,-6.251419934072359e-05,-0.0005382821266925568,0.0,0.0,-,4.890811796086963e-10,3.007930402005187e-08,2.3649922754379537e-10,1.7464566014587656e-08
0.8200000000000006,-8.941105628210355e-05,-0.0006769498413504997,6.52756158599479e-05,0.0005621883060021034,8.941105628210355e-05,0.0006769498413504997,-6.52756158599479e-05,-0.0005621883060021034,0.0,0.0,-,5.290528645361038e-10,3.2370609458574205e-08,2.578037576732728e-10,1.9044844471615232e-08
0.8250000000000006,-9.287245563666971e-05,-0.0007021900106343209,6.81597316432356e-05,0.0005871617064924201,9.287245563666971e-05,0.0007021900106343209,-6.81597316432356e-05,-0.0005871617064924201,0.0,0.0,-,5.721793296160297e-10,3.4835963513747346e-08,2.810325027616623e-10,2.076863881947069e-08
0.8300000000000006,-9.646296332239616e-05,-0.0007283997311168956,7.117202526986728e-05,0.0006132500607963064,9.646296332239616e-05,0.0007283997311168956,-7.117202526986728e-05,-0.0006132500607963064,0.0,0.0,-,6.187048460807194e-10,3.748879435520318e-08,3.0635978866673546e-10,2.264901700480406e-08
0.8350000000000006,-0.00010018754642902793,-0.000755619051859896,7.431822036022063e-05,0.0006405032360952634,0.00010018754642902793,0.000755619051859896,-7.431822036022063e-05,-0.0006405032360952634,0.0,0.0,-,6.688925683780626e-10,4.034359511287142e-08,3.3397577805428704e-10,2.4700238982046584e-08
0.8400000000000006,-0.00010405137755421747,-0.0007838897907685223,7.760429653348764e-05,0.0006689733293615211,0.00010405137755421747,0.0007838897907685223,-7.760429653348764e-05,-0.0006689733293615211,0.0,0.0,-,7.230260142327143e-10,4.3416011133227016e-08,3.640879122565745e-10,2.693786555903178e-08
0.8450000000000006,-0.00010805984387965404,-0.0008132556132821475,8.103650085339333e-05,0.0006987147664662255,0.00010805984387965404,0.0008132556132821475,-8.103650085339333e-05,-0.0006987147664662255,0.0,0.0,-,7.814106635291903e-10,4.672293459590163e-08,3.969224846093846e-10,2.9378877183421542e-08
0.8500000000000006,-0.00011221855666807035,-0.000843762119292922,8.462135978636009e-05,0.0007297844066308083,0.00011221855666807035,0.000843762119292922,-8.462135978636009e-05,-0.0007297844066308083,0.0,0.0,-,8.443756858325149e-10,5.028260716567005e-08,4.327263572698476e-10,3.204180358422895e-08
0.8550000000000006,-0.00011653336120744659,-0.0008754569332693917,8.836569168587651e-05,0.0007622416507398034,0.00011653336120744659,0.0008754569332693917,-8.836569168587651e-05,-0.0007622416507398034,0.0,0.0,-,9.12275807204041e-10,5.411473137571729e-08,4.717688346054646e-10,3.4946865254841656e-08
0.8600000000000007,-0.00012101034720234317,-0.0009083897963652258,9.227661984696555e-05,0.000796148554885003,0.00012101034720234317,0.0009083897963652258,-9.227661984696555e-05,-0.000796148554885003,0.0,0.0,-,9.854933278541994e-10,5.824059148641957e-08,5.143437074573717e-10,3.811612786206905e-08
0.8650000000000007,-0.00012565585965384658,-0.0009426126649353366,9.636158613241346e-05,0.0008315699486679557,0.00012565585965384658,0.0009426126649353366,-9.636158613241346e-05,-0.0008315699486679557,0.0,0.0,-,1.0644403031809354e-09,6.268318466690206e-08,5.607714838671444e-10,4.1573670759707185e-08
0.8700000000000007,-0.00013047651024743293,-0.0009781798140901543,0.00010062836520646674,0.0008685735590760446,0.00013047651024743293,0.0009781798140901543,-0.00010062836520646674,-0.0008685735590760446,0.0,0.0,-,1.1495609018126778e-09,6.74673634103693e-08,6.114018232877747e-10,4.534577089733732e-08
0.8750000000000007,-0.0001354791892547301,-0.0010151479447732688,0.00010508507941683967,0.0009072301396227791,0.0001354791892547301,0.0010151479447732688,-0.00010508507941683967,-0.0009072301396227791,0.0,0.0,-,1.2413339554182728e-09,7.261999015925626e-08,6.666161928679922e-10,4.946110352853716e-08
0.8800000000000007,-0.0001406710780062816,-0.0010535762957503713,0.00010974021432131704,0.0009476136055027707,0.0001406710780062816,0.0010535762957503713,-0.00010974021432131704,-0.0009476136055027707,0.0,0.0,-,1.3402757163555198e-09,7.817010521409164e-08,7.268307660644353e-10,5.395096125520697e-08
0.8850000000000007,-0.00014605966192747388,-0.0010935267618481944,0.0001146026349241337,0.0009898011745060457,0.00014605966192747388,0.0010935267618481944,-0.0001146026349241337,-0.0009898011745060457,0.0,0.0,-,1.4469428405673597e-09,8.414910910848264e-08,7.924995857222067e-10,5.8849493080474716e-08
0.8900000000000007,-0.00015165274419441782,-0.0011350640180715387,0.0001196816026219753,0.0010338735143244039,0.00015165274419441782,0.0011350640180715387,-0.0001196816026219753,-0.0010338735143244039,0.0,0.0,-,1.5619356146758475e-09,9.059096073408618e-08,8.641180157530288e-10,6.419396529858219e-08
0.8950000000000007,-0.0001574584600098325,-0.0011782556483802258,0.00012498679291905984,0.0010799148962682154,0.0001574584600098325,0.0011782556483802258,-0.00012498679291905984,-0.0010799148962682154,0.0,0.0,-,1.6859014478191877e-09,9.753239259878572e-08,9.422265077739887e-10,7.002504621449214e-08
0.9000000000000007,-0.0001634852915560539,-0.0012231722807314947,0.00013052831392024983,0.0011280133562171436,0.0001634852915560539,0.0012231722807314947,-0.00013052831392024983,-0.0011280133562171436,0.0,0.0,-,1.8195386505950275e-09,1.0501314474053516e-07,1.0274147114483051e-09,7.638711687351347e-08
0.9050000000000007,-0.00016974208363131684,-0.0012698877278285834,0.0001363167256595099,0.0011782608622385618,0.00016974208363131684,0.0012698877278285834,-0.0001363167256595099,-0.0011782608622385618,0.0,0.0,-,1.9636005253725322e-09,1.1307621894698337e-07,1.1203259599209556e-09,8.332861017092927e-08
0.9100000000000007,-0.0001762380600291412,-0.0013184791388964148,0.00014236306027954018,0.0012307534899870984,0.0001762380600291412,0.0013184791388964148,-0.00014236306027954018,-0.0012307534899870984,0.0,0.0,-,2.1188997943867082e-09,1.2176815514550855e-07,1.2216621645817356e-09,9.090238093650639e-08
0.9150000000000007,-0.0001829828406639327,-0.0013690271503120637,0.00014867884311955246,0.0012855916057806223,0.0001829828406639327,0.0013690271503120637,-0.00014867884311955246,-0.0012855916057806223,0.0,0.0,-,2.286313394273919e-09,1.3113933183696641e-07,1.3321891565385783e-09,9.91661098207744e-08
0.9200000000000007,-0.00018998645950716762,-0.0014216160518883097,0.00015527611473891258,0.0013428800579837513,0.00018998645950716762,0.0014216160518883097,-0.00015527611473891258,-0.0013428800579837513,0.0,0.0,-,2.4667876682542623e-09,1.4124429283189895e-07,1.452742515580638e-09,1.0818274407142662e-07
0.9250000000000007,-0.0001972593833524383,-0.0014763339542817166,0.0001621674539213913,0.0014027283765553511,0.0001972593833524383,0.0014763339542817166,-0.0001621674539213913,-0.0014027283765553511,0.0,0.0,-,2.6613439898571836e-09,1.521421025547244e-07,1.584233931137371e-09,1.1802097856339468e-07
0.9300000000000007,-0.00020481253145116434,-0.0015332729692524249,0.00016936600171207423,0.0014652509818977645,0.00020481253145116434,0.0015332729692524249,-0.00016936600171207423,-0.0014652509818977645,0.0,0.0,-,2.8710848550543547e-09,1.6389673254592516e-07,1.7276581438170427e-09,1.287557807631565e-07
0.9350000000000007,-0.00021265729607988453,-0.0015925293947181636,0.0001768854865103508,0.0015305674028768183,0.00021265729607988453,0.0015925293947181636,-0.0001768854865103508,-0.0015305674028768183,0.0,0.0,-,3.097200482934393e-09,1.7657748191113217e-07,1.8841005205070605e-09,1.4046896363690195e-07
0.9400000000000007,-0.00022080556404405988,-0.00165420390994446,0.00018474025029929003,0.00159880250413387,0.00022080556404405988,0.00165420390994446,-0.00018474025029929003,-0.00159880250413387,0.0,0.0,-,3.3409759684984705e-09,1.9025943478950988e-07,2.054745320910282e-09,1.5324981087302563e-07
0.9450000000000007,-0.0002292697391982464,-0.0017184017805553036,0.000192945276032546,0.001670086724226158,0.0002292697391982464,0.0017184017805553036,-0.000192945276032546,-0.001670086724226158,0.0,0.0,-,3.6037990350586304e-09,2.0502395818658807e-07,2.240884718626659e-09,1.6719575920520796e-07
0.9500000000000007,-0.0002380627660104784,-0.001785233071025497,0.00020151621624354575,0.0017445563237861363,0.0002380627660104784,0.001785233071025497,-0.00020151621624354575,-0.0017445563237861363,0.0,0.0,-,3.887168437861429e-09,2.2095924377600372e-07,2.4439286456722368e-09,1.8241314303951895e-07
0.9550000000000007,-0.00024719815422528837,-0.0018548128685945936,0.0002104694229326669,0.0018223536449931993,0.00024719815422528837,0.0018548128685945936,-0.0002104694229326669,-0.0018223536449931993,0.0,0.0,-,4.1927030751233764e-09,2.3816089766352427e-07,2.665415535620286e-09,1.9901800707661896e-07
0.9600000000000007,-0.0002566900046811181,-0.0019272615185285248,0.00021982197877834747,0.0019036273825110838,0.0002566900046811181,0.0019272615185285248,-0.00021982197877834747,-0.0019036273825110838,0.0,0.0,-,4.522151867639339e-09,2.5673258246752867e-07,2.9070240473904274e-09,2.17136993133849e-07
0.9650000000000007,-0.0002665530363185712,-0.0020027048677773948,0.00022959172974991912,0.0019885328664841265,0.0002665530363185712,0.0020027048677773948,-0.00022959172974991912,-0.0019885328664841265,0.0,0.0,-,4.877404473492587e-09,2.76786716404625e-07,3.170585859238227e-09,2.369083079392869e-07
0.9700000000000008,-0.0002768026144584321,-0.0020812745207535086,0.00023979731916272702,0.0020772323582483134,0.0002768026144584321,0.0020812745207535086,-0.00023979731916272702,-0.0020772323582483134,0.0,0.0,-,5.260502910347705e-09,2.9844523455831377e-07,3.4580996306263814e-09,2.5848277929005615e-07
0.9750000000000008,-0.0002874547803894159,-0.002163108108363837,0.0002504582232578065,0.002169895359006252,0.0002874547803894159,0.002163108108363837,-0.0002504582232578065,-0.002169895359006252,0.0,0.0,-,5.673654164191341e-09,3.218404180006607e-07,3.771746238613668e-09,2.8202500863524055e-07
0.9800000000000008,-0.0002985262823346597,-0.0022483495684978566,0.0002615947883628405,0.002266698932352526,0.0002985262823346597,0.0022483495684978566,-0.0002615947883628405,-0.002266698932352526,0.0,0.0,-,6.119243870414106e-09,3.471157969114832e-07,4.113905405106665e-09,3.0771462888488097e-07
0.9850000000000008,-0.0003100346078622945,-0.002337149438470685,0.00027322826970619665,0.0023678280410803798,0.0003100346078622945,0.002337149438470685,-0.00027322826970619665,-0.0023678280410803798,0.0,0.0,-,6.599851160775741e-09,3.744271344002024e-07,4.487173841939876e-09,3.3574767704551374e-07
0.9900000000000008,-0.0003219980177961066,-0.002429665162956,0.000285380871968425,0.002473475899213325,0.0003219980177961066,0.002429665162956,-0.000285380871968425,-0.002473475899213325,0.0,0.0,-,7.11826477809885e-09,4.0394349842061246e-07,4.894385052367169e-09,3.663380921654596e-07
0.9950000000000008,-0.000334435581712061,-0.0025260614146052226,0.0002980757916272174,0.002583844339208148,0.000334435581712061,0.0025260614146052226,-0.0002980757916272174,-0.002583844339208148,0.0,0.0,-,7.677500569674274e-09,4.358484297723992e-07,5.3386309401381316e-09,3.997193500117496e-07
1.0000000000000007,-0.0003473672150734814,-0.0026265104292446705,0.0003113372612025472,0.0026991441961807206,0.0003473672150734814,0.0026265104292446705,-0.0003113372612025472,-0.0026991441961807206,0.0,0.0,-,8.280820480213792e-09,4.7034121494705353e-07,5.823285391203637e-09,4.361462469706292e-07
1.0050000000000006,-0.00036081371810008447,-0.0027311923578148198,0.00032519059546149895,0.0028195957086923976,0.00036081371810008447,0.0027311923578148198,-0.00032519059546149895,-0.0028195957086923976,0.0,0.0,-,8.931753176059814e-09,5.076382734239831e-07,6.352030008086647e-09,4.7589684677301123e-07
1.0100000000000005,-0.0003747968164419128,-0.0028402956344512568,0.00033966223968294256,0.002945428937579658,0.0003747968164419128,0.0028402956344512568,-0.00033966223968294256,-0.002945428937579658,0.0,0.0,-,9.634116444134764e-09,5.479746698793966e-07,6.928882193418798e-09,5.192746049046685e-07
1.0150000000000003,-0.0003893392037295928,-0.0029540173580865415,0.00035477982007835033,0.0030768842033909115,0.0003893392037295928,0.0029540173580865415,-0.00035477982007835033,-0.0030768842033909115,0.0,0.0,-,1.0392041521938714e-08,5.916057626387786e-07,7.558225797092918e-09,5.666106869100501e-07
1.0200000000000002,-0.00040446458610732906,-0.00307256369746657,0.000370572196449114,0.0032142125432464844,0.00040446458610732906,0.00307256369746657,-0.000370572196449114,-0.0032142125432464844,0.0,0.0,-,1.120999952901356e-08,6.388090010137248e-07,8.244844560998507e-09,6.182664982758641e-07
1.0250000000000001,-0.00042019772882273163,-0.0031961503071684643,0.00038706951719625173,0.00335767618852212,0.00042019772882273163,0.0031961503071684643,-0.00038706951719625173,-0.00335767618852212,0.0,0.0,-,1.2092830185552452e-08,6.89885884943789e-07,8.993958616711188e-09,6.746364452107051e-07
1.03,-0.0004365645049782426,-0.003325002770212675,0.00040430327677707967,0.003507549062999844,0.0004365645049782426,0.003325002770212675,-0.00040430327677707967,-0.003507549062999844,0.0,0.0,-,1.3045773020586921e-08,7.451641020533976e-07,9.81126431477459e-09,7.361509473574592e-07
1.035,-0.00045359194653549336,-0.003459357054793542,0.00042230637571852173,0.0036641173036943272,0.00045359194653549336,0.003459357054793542,-0.00042230637571852173,-0.0036641173036943272,0.0,0.0,-,1.4074501290396188e-08,8.049998582161456e-07,1.0702977689637137e-08,8.032797254336188e-07
1.0399999999999998,-0.00047130829767539554,-0.0035994599967075053,0.00044111318330743794,0.0038276798047842835,0.00047130829767539554,0.0035994599967075053,-0.00044111318330743794,-0.0038276798047842835,0.0,0.0,-,1.518515884768456e-08,8.697804195556322e-07,1.1675881892075223e-08,8.765353888733845e-07
1.0449999999999997,-0.0004897430706219163,-0.003745569796663251,0.00046075960307173213,0.003998548785948008,0.0004897430706219163,0.003745569796663251,-0.00046075960307173213,-0.003998548785948008,0.0,0.0,-,1.6384400223795453e-08,9.399268850640106e-07,1.2737378951189301e-08,9.564773508414142e-07
1.0499999999999996,-0.0005089271040476254,-0.003897956549132277,0.00048128314117456964,0.004177050385767321,0.0005089271040476254,0.003897956549132277,-0.00048128314117456964,-0.004177050385767321,0.0,0.0,-,1.767943420996694e-08,1.015897211358625e-06,1.3895546261083581e-08,1.0437161004676069e-06
1.0549999999999995,-0.000528892624165019,-0.00405690278659335,0.0005027229778589529,0.004363525281714323,0.000528892624165019,0.00405690278659335,-0.0005027229778589529,-0.004363525281714323,0.0,0.0,-,1.907807124944771e-08,1.0981895124579678e-06,1.515919822342042e-08,1.1389178648884052e-06
1.0599999999999994,-0.000549673308629701,-0.004222704055611672,0.0005251200420741444,0.0045583293373396595,0.000549673308629701,0.004222704055611672,-0.0005251200420741444,-0.0045583293373396595,0.0,0.0,-,2.058877498054729e-08,1.1873456601643622e-06,1.6537953516360146e-08,1.2428096966266602e-06
1.0649999999999993,-0.0005713043533906174,-0.004395669511143994,0.0005485170894208299,0.004761834279304169,0.0005713043533906174,0.004395669511143994,-0.0005485170894208299,-0.004761834279304169,0.0,0.0,-,2.2220718301562612e-08,1.2839552124203645e-06,1.8042308503293606e-08,1.356185025144439e-06
1.0699999999999992,-0.0005938225426050977,-0.004576122545631074,0.0005729587835755737,0.004974428403500856,0.0005938225426050977,0.004576122545631074,-0.0005729587835755737,-0.004974428403500856,0.0,0.0,-,2.398384436209249e-08,1.3886597001835273e-06,1.9683717341675576e-08,1.4799097148522169e-06
1.074999999999999,-0.0006172663217678823,-0.004764401439513037,0.0005984917813356546,0.005196517313254019,0.0006172663217678823,0.004764401439513037,-0.0005984917813356546,-0.005196517313254019,0.0,0.0,-,2.5888932922036705e-08,1.5021573055676944e-06,2.1474679403307163e-08,1.614928675786958e-06
1.079999999999999,-0.0006416758741929862,-0.004960860045459027,0.000625164821457459,0.005428524690400015,0.0006416758741929862,0.004960860045459027,-0.000625164821457459,-0.005428524690400015,0.0,0.0,-,2.7947672559643325e-08,1.6252079675208504e-06,2.3428834673246805e-08,1.7622730773583677e-06
1.0849999999999989,-0.0006670932009958027,-0.005165868499115161,0.0006530288174456193,0.005670893100404023,0.0006670932009958027,0.005165868499115161,-0.0006530288174456193,-0.005670893100404023,0.0,0.0,-,3.017273925371741e-08,1.7586389542715993e-06,2.556106785531888e-08,1.923068220139414e-06
1.0899999999999987,-0.0006935622047363111,-0.00537981396630848,0.0006821369544850274,0.005924084833777385,0.0006935622047363111,0.00537981396630848,-0.0006821369544850274,-0.005924084833777385,0.0,0.0,-,3.257788191291082e-08,1.903350945832035e-06,2.7887621978689372e-08,2.0985421257283667e-06
1.0949999999999986,-0.0007211287768848831,-0.005603101418310678,0.0007125447906823843,0.006188582784929827,0.0007211287768848831,0.005603101418310678,-0.0007125447906823843,-0.006188582784929827,0.0,0.0,-,3.51780154771682e-08,2.0603246733514073e-06,3.042622237233233e-08,2.2900349101580118e-06
1.0999999999999985,-0.0007498408892805965,-0.005836154446689211,0.0007443103628232404,0.006464891369949722,0.0007498408892805965,0.005836154446689211,-0.0007443103628232404,-0.006464891369949722,0.0,0.0,-,3.798932227335372e-08,2.230628166979455e-06,3.3196211953362594e-08,2.4990090122842594e-06
1.1049999999999984,-0.000779748689754034,-0.006079416109114939,0.0007774942968407306,0.006753537485673149,0.000779748689754034,0.006079416109114939,-0.0007774942968407306,-0.006753537485673149,0.0,0.0,-,4.102936236921932e-08,2.415424668118282e-06,3.621869886146184e-08,2.7270603551362164e-06
1.1099999999999983,-0.0008109046021124419,-0.006333349816980975,0.0008121599232011914,0.007055071511407158,0.0008109046021124419,0.006333349816980975,-0.0008121599232011914,-0.007055071511407158,0.0,0.0,-,4.431719373785494e-08,2.6159812676395424e-06,3.951671756573259e-08,2.9759305252915558e-06
1.1149999999999982,-0.0008433634306596896,-0.006598440259612457,0.0008483733974428406,0.0073700683552811695,0.0008433634306596896,0.006598440259612457,-0.0008483733974428406,-0.0073700683552811695,0.0,0.0,-,4.7873503118725266e-08,2.83367833693791e-06,4.3115404673176056e-08,3.2475200630991345e-06
1.119999999999998,-0.0008771824694719974,-0.006875194370338538,0.000886203826073513,0.0076991285473535795,0.0008771824694719974,0.006875194370338538,-0.000886203826073513,-0.0076991285473535795,0.0,0.0,-,5.1720748542470144e-08,3.0700198250875786e-06,4.704219077991264e-08,3.543902965042502e-06
1.124999999999998,-0.0009124216166232241,-0.00716414233342561,0.0009257233980882156,0.008042879381887353,0.0009124216166232241,0.00716414233342561,-0.0009257233980882156,-0.008042879381887353,0.0,0.0,-,5.588331457487675e-08,3.3266445019554777e-06,5.1327009828752514e-08,3.867342508800438e-06
1.129999999999998,-0.0009491434935907799,-0.007465838639099932,0.0009670075223412307,0.008401976109559017,0.0009491434935907799,0.007465838639099932,-0.0009670075223412307,-0.008401976109559017,0.0,0.0,-,6.03876814320052e-08,3.6053382348808592e-06,5.6002527570075044e-08,4.220308521528433e-06
1.1349999999999978,-0.0009874135700537632,-0.0077808631810544,0.00101013497104972,0.008777103184297273,0.0009874135700537632,0.0077808631810544,-0.00101013497104972,-0.008777103184297273,0.0,0.0,-,6.526260922363669e-08,3.908047394092293e-06,6.110439086876302e-08,4.605496223067432e-06
1.1399999999999977,-0.0010273002943355324,-0.008109822402579268,0.0010551880296865203,0.009168975564593753,0.0010273002943355324,0.008109822402579268,-0.0010551880296865203,-0.009168975564593753,0.0,0.0,-,7.053933869734594e-08,4.236893491099169e-06,6.667149975873151e-08,5.02584678758801e-06
1.1449999999999976,-0.0010688752297281358,-0.008453350494331961,0.001102252653556388,0.009578340073698484,0.0010688752297281358,0.008453350494331961,-0.001102252653556388,-0.009578340073698484,0.0,0.0,-,7.625180998097769e-08,4.594189163999273e-06,7.274630432009187e-08,5.484569780425092e-06
1.1499999999999975,-0.001112213196954997,-0.008812110644094616,0.0011514186313605185,0.010005976820198194,0.001112213196954997,0.008812110644094616,-0.0011514186313605185,-0.010005976820198194,0.0,0.0,-,8.243690095838183e-08,4.982455634018093e-06,7.937512864331237e-08,5.985167641056799e-06
1.1549999999999974,-0.0011573924230596116,-0.009186796342984232,0.0012027797560379245,0.010452700682039646,0.0011573924230596116,0.009186796342984232,-0.0012027797560379245,-0.010452700682039646,0.0,0.0,-,8.913468706316068e-08,5.404441769255427e-06,8.660852435098546e-08,6.531462398798348e-06
1.1599999999999973,-0.0012044946969567852,-0.009578132740523672,0.0012564340032459728,0.01091936285727445,0.0012044946969567852,0.009578132740523672,-0.0012564340032459728,-0.01091936285727445,0.0,0.0,-,9.638872443814561e-08,5.863144903230875e-06,9.45016563735488e-08,7.127624824842459e-06
1.1649999999999971,-0.0012536055319947287,-0.009986878070894111,0.0013124837177799103,0.01140685248328337,0.0012536055319947287,0.009986878070894111,-0.0013124837177799103,-0.01140685248328337,0.0,0.0,-,1.0424635858738439e-07,6.361833571245393e-06,1.0311472392073549e-07,7.778206242719386e-06
1.169999999999997,-0.0013048143357824158,-0.010413825132050965,0.0013710358083183507,0.011916098329123385,0.0013048143357824158,0.010413825132050965,-0.0013710358083183507,-0.011916098329123385,0.0,0.0,-,1.1275906084170075e-07,6.904072340650063e-06,1.1251341985919105e-07,8.488173239666057e-06
1.174999999999997,-0.001358214587628541,-0.010859802832141868,0.001432201950849128,0.012448070563037612,0.001358214587628541,0.010859802832141868,-0.001432201950849128,-0.012448070563037612,0.0,0.0,-,1.219827951719354e-07,7.493748928415033e-06,1.2276943199927109e-07,9.262945543377858e-06
1.1799999999999968,-0.0014139040239103905,-0.011325677803719233,0.0014960988011729116,0.013003782599333494,0.0014139040239103905,0.011325677803719233,-0.0014960988011729116,-0.013003782599333494,0.0,0.0,-,1.3197841811608515e-07,8.135103816983313e-06,1.3396099011362596e-07,1.0108437352831484e-05
1.1849999999999967,-0.0014719848317252832,-0.01181235608968143,0.0015628482168810725,0.013584293027034589,0.0014719848317252832,0.01181235608968143,-0.0015628482168810725,-0.013584293027034589,0.0,0.0,-,1.4281211484023147e-07,8.832762598930467e-06,1.4617346285866742e-07,1.1031102438053167e-05
1.1899999999999966,-0.0015325638511715287,-0.012320784896049987,0.0016325774892430947,0.014190707625961472,0.0015325638511715287,0.012320784896049987,-0.0016325774892430947,-0.014190707625961472,0.0,0.0,-,1.5455587462981976e-07,9.591771301204119e-06,1.5950000915058358e-07,1.203798335268075e-05
1.1949999999999965,-0.0015957527866500482,-0.012851954427263168,0.0017054195854295045,0.01482418147148723,0.0015957527866500482,0.012851954427263168,-0.0017054195854295045,-0.01482418147148723,0.0,0.0,-,1.6728800941032647e-07,1.0417634964206348e-05,1.74042288962416e-07,1.3136765134178654e-05
1.1999999999999964,-0.0016616684275585286,-0.013406899799511908,0.001781513401552935,0.015485921134267187,0.0016616684275585286,0.013406899799511908,-0.001781513401552935,-0.015485921134267187,0.0,0.0,-,1.8109371922605034e-07,1.131635977537709e-05,1.8991123896197918e-07,1.4335833901062344e-05
1.2049999999999963,-0.0017304328788078818,-0.013986703035921678,0.0018610040269938885,0.01617718697832423,0.0017304328788078818,0.013986703035921678,-0.0018610040269938885,-0.01617718697832423,0.0,0.0,-,1.9606570896634667e-07,1.2294499084452373e-05,2.0722791890441618e-07,1.564434079372063e-05
1.2099999999999962,-0.001802173801569998,-0.01459249514892242,0.0019440430205219764,0.016899295561322684,0.001802173801569998,0.01459249514892242,-0.0019440430205219764,-0.016899295561322684,0.0,0.0,-,2.1230486102167263e-07,1.3359203657808972e-05,2.2612443523261683e-07,1.7072271746065302e-05
1.214999999999996,-0.0018770246647028714,-0.015225458310998755,0.002030788698744827,0.017653622142591693,0.0018770246647028714,0.015225458310998755,-0.002030788698744827,-0.017653622142591693,0.0,0.0,-,2.2992096898118687e-07,1.4518276561708753e-05,2.467449489273649e-07,1.8630523619832287e-05
1.219999999999996,-0.001955125007324966,-0.015886828123417213,0.002121406437423322,0.018441603302586734,0.001955125007324966,0.015886828123417213,-0.002121406437423322,-0.018441603302586734,0.0,0.0,-,2.490335379525237e-07,1.5780233100823726e-05,2.6924677529107e-07,2.033098728168214e-05
1.2249999999999959,-0.002036620713016317,-0.016577895982063214,0.0022160689862382025,0.01926473968040782,0.002036620713016317,0.016577895982063214,-0.0022160689862382025,-0.01926473968040782,0.0,0.0,-,2.6977265759595874e-07,1.7154366276784234e-05,2.9380158404990355e-07,2.21866382564515e-05
1.2299999999999958,-0.002121664296147754,-0.01730001154235169,0.0023149567976096107,0.020124598832786424,0.002121664296147754,0.01730001154235169,-0.0023149567976096107,-0.020124598832786424,0.0,0.0,-,2.92279954523699e-07,1.865081827361171e-05,3.205967089238977e-07,2.42116356473544e-05
1.2349999999999957,-0.002210415200871727,-0.018054585297650794,0.0024182583701895543,0.021022818220941885,0.002210415200871727,0.018054585297650794,-0.0024182583701895543,-0.021022818220941885,0.0,0.0,-,3.1670963132492244e-07,2.0280658524962417e-05,3.498365766488563e-07,2.6421430077108184e-05
1.2399999999999956,-0.0023030401133207735,-0.0188430912625886,0.0025261706076898393,0.021961108331699338,0.0023030401133207735,0.0188430912625886,-0.0025261706076898393,-0.021961108331699338,0.0,0.0,-,3.432296001427447e-07,2.2055968966613592e-05,3.8174426634463583e-07,2.8832881472891303e-05
1.2449999999999954,-0.002399713287590266,-0.019667069779417443,0.002638899193728661,0.022941255936894348,0.002399713287590266,0.019667069779417443,-0.002638899193728661,-0.022941255936894348,0.0,0.0,-,3.720227194559305e-07,2.3989937135155925e-05,4.1656321111794396e-07,3.14643875927017e-05
1.2499999999999953,-0.002500616886104242,-0.0205281304429558,0.0027566589834089475,0.023965127499320966,0.002500616886104242,0.0205281304429558,-0.0027566589834089475,-0.023965127499320966,0.0,0.0,-,4.032881435112782e-07,2.6096957832570924e-05,4.545590548719894e-07,3.4336024272995185e-05
1.2549999999999952,-0.002605941334983821,-0.021427955153515588,0.0028796744123833463,0.025034672730033125,0.002605941334983821,0.021427955153515588,-0.0028796744123833463,-0.025034672730033125,0.0,0.0,-,4.3724279471816375e-07,2.839274414287625e-05,4.960216784786654e-07,3.746969846649444e-05
1.2599999999999951,-0.002715885695086623,-0.022368301303920986,0.00300817992417563,0.026151928305429332,0.002715885695086623,0.022368301303920986,-0.00300817992417563,-0.026151928305429332,0.0,0.0,-,4.741229702620437e-07,3.0894448658991164e-05,5.412674107597309e-07,4.0889315236955945e-05
1.264999999999995,-0.0028306580493818244,-0.023351005101065116,0.003142420416584684,0.027319021749654858,0.0028306580493818244,0.023351005101065116,-0.003142420416584684,-0.027319021749654858,0.0,0.0,-,5.141860952246934e-07,3.362079585514095e-05,5.906414411325711e-07,4.462095998374644e-05
1.269999999999995,-0.002950475152453673,-0.024377976462615285,0.003282651670879595,0.028538151612657287,0.002950475152453673,0.024377976462615285,-0.003282651670879595,-0.028538151612657287,0.0,0.0,-,5.577126133509251e-07,3.6592224537200015e-05,6.445204510942129e-07,4.869309047108142e-05
1.2749999999999948,-0.0030755658810810212,-0.025451234872077736,0.0034291407767898744,0.029811679546766386,0.0030755658810810212,0.025451234872077736,-0.0034291407767898744,-0.029811679546766386,0.0,0.0,-,6.050081407952725e-07,3.983105131976828e-05,7.03315483429427e-07,5.313677165807677e-05
1.2799999999999947,-0.0032061671921386837,-0.026572874719881883,0.0035821669592673777,0.031142014315192163,0.0032061671921386837,0.026572874719881883,-0.0035821669592673777,-0.031142014315192163,0.0,0.0,-,6.564056811150036e-07,4.336163967416089e-05,7.674750840497601e-07,5.798589693611484e-05
1.2849999999999946,-0.00334252749063959,-0.027745078351334357,0.003742021810853181,0.03253168974744311,0.00334252749063959,0.027745078351334357,-0.003742021810853181,-0.03253168974744311,0.0,0.0,-,7.122681312434094e-07,4.721058653776922e-05,8.374887202142632e-07,6.32774511252342e-05
1.2899999999999945,-0.003484906411856158,-0.028970131211658534,0.0039090099276631995,0.03398335216827747,0.003484906411856158,0.028970131211658534,-0.0039090099276631995,-0.03398335216827747,0.0,0.0,-,7.72990994740389e-07,5.140692904987269e-05,9.138905132871089e-07,6.905179224819992e-05
1.2949999999999944,-0.003633575322703403,-0.030250420795640366,0.00408344948956198,0.03549976596926071,0.003633575322703403,0.030250420795640366,-0.00408344948956198,-0.03549976596926071,0.0,0.0,-,8.390053428691832e-07,5.598236884143914e-05,9.972633119561272e-07,7.535295916756119e-05
1.2999999999999943,-0.0037888178453859044,-0.03158844114300999,0.004265672866213511,0.03708381887857412,0.0037888178453859044,0.03158844114300999,-0.004265672866213511,-0.03708381887857412,0.0,0.0,-,9.107810461967552e-07,6.097151691066607e-05,1.0882431369638763e-06,8.222900728065549e-05
1.3049999999999942,-0.003950930418384637,-0.03298681185231049,0.004456027248252324,0.03873852551216901,0.003950930418384637,0.03298681185231049,-0.004456027248252324,-0.03873852551216901,0.0,0.0,-,9.888303020513384e-07,6.641216569156461e-05,1.18752403114971e-06,8.973237407494017e-05
1.309999999999994,-0.00412022302513685,-0.03444824551027593,0.0046548752734550045,0.04046703203100332,0.00412022302513685,0.03444824551027593,-0.0046548752734550045,-0.04046703203100332,0.0,0.0,-,1.073711490935676e-06,7.234557378524572e-05,1.2958633502068217e-06,9.792027748193124e-05
1.314999999999994,-0.004297019100910921,-0.03597553927532916,0.004862595843787714,0.04227264584087996,0.004297019100910921,0.03597553927532916,-0.004862595843787714,-0.04227264584087996,0.0,0.0,-,1.1660333567036405e-06,7.881677091599933e-05,1.414087541906927e-06,0.00010685516041387338
1.3199999999999938,-0.004481657019149711,-0.0375717073918599,0.005079584734228147,0.04415879947949762,0.004481657019149711,0.0375717073918599,-0.005079584734228147,-0.04415879947949762,0.0,0.0,-,1.2664596048901076e-06,8.587493689769687e-05,1.5430984472679424e-06,0.00011660515827122557
1.3249999999999937,-0.004674490388364583,-0.039239849058525386,0.0053062553608610565,0.04612908404602513,0.004674490388364583,0.039239849058525386,-0.0053062553608610565,-0.04612908404602513,0.0,0.0,-,1.3757139068446696e-06,9.357376566837598e-05,1.683880177041273e-06,0.00012724462024585158
1.3299999999999936,-0.004875888729096683,-0.04098320209788355,0.005543039571889158,0.04818725124185628,0.004875888729096683,0.04098320209788355,-0.005543039571889158,-0.04818725124185628,0.0,0.0,-,1.4945853613373275e-06,0.00010197187993935564,1.8375066155189154e-06,0.00013885467615708022
1.3349999999999935,-0.0050862381836686175,-0.04280514880569515,0.005790388472415681,0.0503372204136973,0.0050862381836686175,0.04280514880569515,-0.005790388472415681,-0.0503372204136973,0.0,0.0,-,1.623934455642368e-06,0.00011113328376074397,2.005149608826334e-06,0.00015152385495196567
1.3399999999999934,-0.005305942256421678,-0.044709222128313915,0.00604877328524688,0.05258308595101407,0.005305942256421678,0.044709222128313915,-0.00604877328524688,-0.05258308595101407,0.0,0.0,-,1.7646995717847708e-06,0.00012112785647733833,2.188087900107912e-06,0.00016534875959262405
1.3449999999999933,-0.0055354225860560005,-0.04669911217924,0.006318686249556275,0.05492912503806341,0.0055354225860560005,0.04669911217924,-0.006318686249556275,-0.05492912503806341,0.0,0.0,-,1.917904087815862e-06,0.0001320318918689843,2.3877168797095654e-06,0.00018043480347985975
1.3499999999999932,-0.005775119751604302,-0.0487786730726906,0.006600641559283166,0.05737980576896315,0.005775119751604302,0.0487786730726906,-0.006600641559283166,-0.05737980576896315,0.0,0.0,-,2.0846641285427093e-06,0.0001439286866026462,2.605559224680241e-06,0.00019689701403027908
1.354999999999993,-0.0060254941136483955,-0.050951930087052934,0.006895176343141955,0.059939795635054215,0.0060254941136483955,0.050951930087052934,-0.006895176343141955,-0.059939795635054215,0.0,0.0,-,2.266197025110763e-06,0.00015690918250062556,2.8432765086953584e-06,0.00021486090953413902
1.359999999999993,-0.006287026692403876,-0.05322308716347331,0.0072028516881643785,0.06261397039689336,0.006287026692403876,0.05322308716347331,-0.0072028516881643785,-0.06261397039689336,0.0,0.0,-,2.4638305482657527e-06,0.00017107266753667863,3.102681870903815e-06,0.0002344634559784538
1.3649999999999929,-0.006560220084343147,-0.05559653474374275,0.0075242537087615875,0.06540742335582135,0.006560220084343147,0.05559653474374275,-0.0075242537087615875,-0.06540742335582135,0.0,0.0,-,2.6790129860408443e-06,0.0001865275409142393,3.3857538402728718e-06,0.00025585411112869156
1.3699999999999928,-0.006845599419085238,-0.05807685795998618,0.007859994663356138,0.06832547503985453,0.006845599419085238,0.05807685795998618,-0.007859994663356138,-0.06832547503985453,0.0,0.0,-,2.91332414307374e-06,0.000203392148066761,3.6946514208128e-06,0.00027919596382579997
1.3749999999999927,-0.007143713358339007,-0.060668845190059315,0.008210714120719012,0.07137368332128936,0.007143713358339007,0.060668845190059315,-0.008210714120719012,-0.07137368332128936,0.0,0.0,-,3.1684873458042904e-06,0.0002217956919502375,4.031730552673665e-06,0.00030466697718003794
1.3799999999999926,-0.007455135138776915,-0.06337749699398856,0.008577080178222916,0.07455785398400691,0.007455135138776915,0.06337749699398856,-0.008577080178222916,-0.07455785398400691,0.0,0.0,-,3.4463825454914157e-06,0.00024187922757635223,4.39956207459198e-06,0.00033246134513353984
1.3849999999999925,-0.007780463660754088,-0.06620803544349736,0.00895979073432972,0.07788405175894923,0.007780463660754088,0.06620803544349736,-0.00895979073432972,-0.07788405175894923,0.0,0.0,-,3.749060619372984e-06,0.0002637967473627888,4.800951324606875e-06,0.0003627909727254926
1.3899999999999924,-0.008120324624898348,-0.06916591385567745,0.009359574817701574,0.08135861184869723,0.008120324624898348,0.06916591385567745,-0.009359574817701574,-0.08135861184869723,0.0,0.0,-,4.07875897944163e-06,0.00028771636556024324,5.238959528447633e-06,0.00039588709133522675
1.3949999999999922,-0.008475371718665142,-0.07225682695947619,0.009777193975455728,0.08498815196093815,0.008475371718665142,0.07225682695947619,-0.009777193975455728,-0.08498815196093815,0.0,0.0,-,4.437918608289367e-06,0.0003138216107715011,5.716927138616062e-06,0.00043200202120390356
1.3999999999999921,-0.008846287855030466,-0.07548672150272955,0.010213443723163995,0.08877958487274469,0.008846287855030466,0.07548672150272955,-0.010213443723163995,-0.08877958487274469,0.0,0.0,-,4.829202652359656e-06,0.0003423128363876538,6.238499302047241e-06,0.00047141109465478713
1.404999999999992,-0.00923378646558859,-0.07886180731529945,0.010669155059331858,0.0927401315494324,0.00923378646558859,0.07886180731529945,-0.010669155059331858,-0.0927401315494324,0.0,0.0,-,5.255516714820082e-06,0.0003734087596528302,6.8076536504475615e-06,0.0005144147546538164
1.409999999999992,-0.009638612850412441,-0.08238856885499497,0.011145196047188567,0.09687733484018395,0.009638612850412441,0.08238856885499497,-0.011145196047188567,-0.09687733484018395,0.0,0.0,-,5.720031003220751e-06,0.0004073481410427007,7.428730625098886e-06,0.0005613408446825009
1.4149999999999918,-0.010061545587130717,-0.08607377725344666,0.01164247346674565,0.10119907377506811,0.010061545587130717,0.08607377725344666,-0.01164247346674565,-0.10119907377506811,0.0,0.0,-,6.226204501230289e-06,0.00044439161669607965,8.106466567218254e-06,0.0006125471073471583
1.4199999999999917,-0.010503398001757775,-0.08992450287357244,0.012161934540221114,0.10571357849068043,0.010503398001757775,0.08992450287357244,-0.012161934540221114,-0.10571357849068043,0.0,0.0,-,6.777811349146923e-06,0.00048482369778137446,8.846029826021355e-06,0.0006684239107336834
1.4249999999999916,-0.01096501970391604,-0.0939481284034168,0.012704568734036987,0.1104294458081886,0.01096501970391604,0.0939481284034168,-0.012704568734036987,-0.1104294458081886,0.0,0.0,-,7.378969634683245e-06,0.000528954951933898,9.653060159610689e-06,0.0007293972232412004
1.4299999999999915,-0.011447298189211337,-0.09815236251124188,0.013271409640738722,0.11535565549351051,0.011447298189211337,0.09815236251124188,-0.013271409640738722,-0.11535565549351051,0.0,0.0,-,8.034172813846837e-06,0.0005771243832665882,1.0533711728872133e-05,0.0007959318595128864
1.4349999999999914,-0.011951160511580848,-0.10254525407314596,0.013863536944329681,0.12050158722622872,0.011951160511580848,0.10254525407314596,-0.013863536944329681,-0.12050158722622872,0.0,0.0,-,8.748324001714669e-06,0.0006297020289312173,1.1494700011906082e-05,0.0008685350221330868
1.4399999999999913,-0.01247757502857319,-0.10713520699997725,0.01448207847266117,0.1258770383080261,0.01247757502857319,0.10713520699997725,-0.01448207847266117,-0.1258770383080261,0.0,0.0,-,9.526773394683018e-06,0.000687091791825856,1.254335299634764e-05,0.0009477601659990865
1.4449999999999912,-0.013027553222605907,-0.1119309956784093,0.015128212340652977,0.1314922421401245,0.013027553222605907,0.1119309956784093,-0.015128212340652977,-0.1314922421401245,0.0,0.0,-,1.0375359109522148e-05,0.0007497345307936551,1.368766703946704e-05,0.0010342112147142704
1.449999999999991,-0.013602151601349494,-0.11694178105736855,0.015803169188293147,0.13735788750106445,0.013602151601349494,0.11694178105736855,-0.015803169188293147,-0.13735788750106445,0.0,0.0,-,1.1300451750452601e-05,0.0008181114315780013,1.4936367821436102e-05,0.0011285471610080438
1.454999999999991,-0.014202473680508889,-0.12217712739343589,0.016508234517510243,0.14348513865734536,0.014202473680508889,0.12217712739343589,-0.016508234517510243,-0.14348513865734536,0.0,0.0,-,1.2309003043680319e-05,0.0008927476838685589,1.6298976855861655e-05,0.0012314870860856298
1.4599999999999909,-0.014829672052347857,-0.12764701966706432,0.01724475113218433,0.14988565634125833,0.014829672052347857,0.12764701966706432,-0.01724475113218433,-0.14988565634125833,0.0,0.0,-,1.3408598909581231e-05,0.0009742164920179767,1.7785884063916488e-05,0.0013438156359698763
1.4649999999999908,-0.015484950543433768,-0.1333618817180143,0.018014121685730883,0.15657161962729252,0.015484950543433768,0.1333618817180143,-0.018014121685730883,-0.15657161962729252,0.0,0.0,-,1.4607517376244155e-05,0.001063143449494823,1.9408426964458053e-05,0.0014663889963334416
1.4699999999999906,-0.016169566465153624,-0.1393325950804325,0.01881781134086467,0.16355574874584555,0.016169566465153624,0.1393325950804325,-0.01881781134086467,-0.16355574874584555,0.0,0.0,-,1.591479177459923e-05,0.0011602113097540598,2.117897708275989e-05,0.0016001414110725096
1.4749999999999905,-0.016884832960683365,-0.14557051857650494,0.01965735054632269,0.17085132886735066,0.016884832960683365,0.14557051857650494,-0.01965735054632269,-0.17085132886735066,0.0,0.0,-,1.7340279695150097e-05,0.0012661651891472203,2.3111034235264915e-05,0.0017460922939512046
1.4799999999999904,-0.017632121452141204,-0.152087508656065,0.020534337935524737,0.17847223489513167,0.017632121452141204,0.152087508656065,-0.020534337935524737,-0.17847223489513167,0.0,0.0,-,1.8894738229665355e-05,0.001381818240593261,2.5219329407516523e-05,0.0019053539870935166
1.4849999999999903,-0.018412864191790158,-0.15889594051322628,0.021450443352316117,0.18643295730425238,0.018412864191790158,0.15889594051322628,-0.021450443352316117,-0.18643295730425238,0.0,0.0,-,2.058990606839186e-05,0.0015080578401511719,2.7519937007571087e-05,0.002079140224939559
1.4899999999999902,-0.019228556921194004,-0.16600873000517183,0.022407411009138192,0.19474862906337906,0.019228556921194004,0.16600873000517183,-0.022407411009138192,-0.19474862906337906,0.0,0.0,-,2.243859307474981e-05,0.001645852332340819,3.003039734823327e-05,0.0022687753675498827
1.4949999999999901,-0.020080761642327756,-0.17343935635368632,0.023407062783163117,0.20343505368067707,0.020080761642327756,0.17343935635368632,-0.023407062783163117,-0.20343505368067707,0.0,0.0,-,2.4454778015429676e-05,0.001796258384002721,3.276985028890791e-05,0.002475704472880178
1.49999999999999,-0.02097110950469574,-0.18120188567834897,0.024451301656127276,0.2125087344104791,0.02097110950469574,0.18120188567834897,-0.024451301656127276,-0.2125087344104791,0.0,0.0,-,2.665371518471933e-05,0.0019604290008696647,3.575918105230251e-05,0.002701504283883891
1.50499999999999,-0.021901303812557688,-0.18931099535015267,0.025542115303776796,0.2219869046606066,0.021901303812557688,0.18931099535015267,-0.025542115303776796,-0.2219869046606066,0.0,0.0,-,2.9052050728169047e-05,0.0021396222656719886,3.902117932325959e-05,0.0029478952130878723
1.5099999999999898,-0.022873123156367678,-0.19778199915445682,0.02668157984105836,0.23188755964000274,0.022873123156367678,0.19778199915445682,-0.02668157984105836,-0.23188755964000274,0.0,0.0,-,3.1667949542800806e-05,0.0023352108616196523,4.258071283733337e-05,0.0032167544146668456
1.5149999999999897,-0.023888424672603447,-0.20663087331429086,0.027871863729368108,0.2422294892855138,0.023888424672603447,0.20663087331429086,-0.027871863729368108,-0.2422294892855138,0.0,0.0,-,3.452123370949399e-05,0.0025486924506527803,4.6464916776075615e-05,0.0035101300420644437
1.5199999999999896,-0.024949147436059332,-0.21587428329732516,0.02911523185236356,0.2530323125055195,0.024949147436059332,0.21587428329732516,-0.02911523185236356,-0.2530323125055195,0.0,0.0,-,3.7633533498425054e-05,0.0027817009815984443,5.0703400405159955e-05,0.0038302567979238912
1.5249999999999895,-0.026057315988714767,-0.22552961145699435,0.030414049767051955,0.2643165127792545,0.026057315988714767,0.22552961145699435,-0.030414049767051955,-0.2643165127792545,0.0,0.0,-,4.102845208110363e-05,0.003036019009818153,5.532847252132342e-05,0.004179572892562813
1.5299999999999894,-0.027215044009168778,-0.23561498546888981,0.03177078813702169,0.2761034751458096,0.027215044009168778,0.23561498546888981,-0.03177078813702169,-0.2761034751458096,0.0,0.0,-,4.473174518320852e-05,0.0033135911167056727,6.0375387415560905e-05,0.004560738537500769
1.5349999999999893,-0.028424538126518524,-0.24614930751216013,0.033188027354886455,0.28841552462011566,0.028424538126518524,0.24614930751216013,-0.033188027354886455,-0.28841552462011566,0.0,0.0,-,4.877151702173796e-05,0.0036165385246492462,6.588261321410424e-05,0.004976656111710243
1.5399999999999892,-0.029688101882417967,-0.2571522841975011,0.034668462361168634,0.30127596606660695,0.029688101882417967,0.2571522841975011,-0.034668462361168634,-0.30127596606660695,0.0,0.0,-,5.317843398864201e-05,0.003947175010989201,7.189212462654294e-05,0.00543049215035707
1.544999999999989,-0.03100814182499001,-0.26864415105094935,0.03621490604794375,0.31470878460803436,0.03100814182499001,0.26864415105094935,-0.03621490604794375,-0.31470878460803436,0.0,0.0,-,5.798595828583538e-05,0.00430802341045862,7.844972172684976e-05,0.0059257002459043905
1.549999999999989,-0.03238716233795795,-0.28064695000456086,0.037830299362058076,0.3287400373325827,0.03238716233795795,0.28064695000456086,-0.037830299362058076,-0.3287400373325827,0.0,0.0,-,6.323059970736148e-05,0.004701836963192924,8.560537947596426e-05,0.006466050306631518
1.5549999999999888,-0.03382778622396121,-0.2931826034518103,0.039517711933666044,0.34339589910932006,0.03382778622396121,0.2931826034518103,-0.039517711933666044,-0.34339589910932006,0.0,0.0,-,6.895219531143146e-05,0.005131617158026822,9.341362725832515e-05,0.007055654024256997
1.5599999999999887,-0.03533274732973732,-0.3062743969919815,0.041280349270602174,0.35870401795248,0.03533274732973732,0.3062743969919815,-0.041280349270602174,-0.35870401795248,0.0,0.0,-,7.519421048076662e-05,0.005600637189290822,0.00010193396343783949,0.007698996886733249
1.5649999999999886,-0.0369048985611708,-0.3199465292265159,0.04312155873083456,0.37469324863029907,0.0369048985611708,0.3199465292265159,-0.04312155873083456,-0.37469324863029907,0.0,0.0,-,8.200406816981801e-05,0.00611246609711128,0.00011123130757472336,0.00840097203957887
1.5699999999999885,-0.03854721679051379,-0.3342241942688911,0.04504483567923592,0.39139369692393283,0.03854721679051379,0.3342241942688911,-0.04504483567923592,-0.39139369692393283,0.0,0.0,-,8.943350778129219e-05,0.0066709951572847155,0.00012137649368156997,0.00916691716953777
1.5749999999999884,-0.040262807932540695,-0.34913361457345277,0.047053829893881266,0.4088367702489312,0.040262807932540695,0.34913361457345277,-0.047053829893881266,-0.4088367702489312,0.0,0.0,-,9.753897629435532e-05,0.007280466561410324,0.00013244680821998132,0.010002654693075638
1.5799999999999883,-0.04205491218439684,-0.3647020736055829,0.04915235223010638,0.42705522982040095,0.04205491218439684,0.3647020736055829,-0.04915235223010638,-0.42705522982040095,0.0,0.0,-,0.00010638205448854178,0.00794550457387137,0.00014452657686874328,0.010914535539660396
1.5849999999999882,-0.04392690942762156,-0.3809579481041099,0.05134438154991172,0.4460832443206888,0.04392690942762156,0.3809579481041099,-0.05134438154991172,-0.4460832443206888,0.0,0.0,-,0.00011602992134785392,0.008671149364989823,0.00015770780445245757,0.011909486843978731
1.589999999999988,-0.04588232478965667,-0.3979307396890025,0.053634071924115324,0.4659564450285888,0.04588232478965667,0.3979307396890025,-0.053634071924115324,-0.4659564450285888,0.0,0.0,-,0.0001265558599883714,0.009462893732936989,0.00017209087280826315,0.012995063887297108
1.594999999999988,-0.047924834360668495,-0.41565110550967727,0.056025760114356365,0.4867119823436747,0.047924834360668495,0.41565110550967727,-0.056025760114356365,-0.4867119823436747,0.0,0.0,-,0.00013803980873085871,0.010326722940494054,0.00018778530179021984,0.014179506656081631
1.5999999999999879,-0.050058271059744495,-0.43415088755798514,0.05852397334171031,0.5083885836244977,0.050058271059744495,0.43415088755798514,-0.05852397334171031,-0.5083885836244977,0.0,0.0,-,0.0001505689612383127,0.011269157906330965,0.00020491057906872558,0.015471801415880218
1.6049999999999878,-0.05228663064259362,-0.45346314022826695,0.061133437348166925,0.5310266122384956,0.05228663064259362,0.45346314022826695,-0.061133437348166925,-0.5310266122384956,0.0,0.0,-,0.00016423841995808747,0.012297302004059348,0.00022359706487873644,0.016881747730407654
1.6099999999999877,-0.05461407784042696,-0.47362215560888354,0.06385908475665467,0.5546681276885097,0.05461407784042696,0.47362215560888354,-0.06385908475665467,-0.5546681276885097,0.0,0.0,-,0.00017915190744988821,0.013418891735477351,0.00024398697840852403,0.018420031389775004
1.6149999999999876,-0.05704495261714185,-0.4946634859655241,0.06670606373450835,0.5793569466544388,0.05704495261714185,0.4946634859655241,-0.06670606373450835,-0.5793569466544388,0.0,0.0,-,0.00019542254054534766,0.014642351557215147,0.000266235473103285,0.020098303747958738
1.6199999999999875,-0.059583776528733326,-0.5166239627364587,0.0696797469644103,0.6051387047595477,0.059583776528733326,0.5166239627364587,-0.0696797469644103,-0.6051387047595477,0.0,0.0,-,0.00021317367267247744,0.015976853151582728,0.0002905118087884057,0.021929268007949015
1.6249999999999873,-0.06223525916531501,-0.5395417112944116,0.07278574092570013,0.6320609188193571,0.06223525916531501,0.5395417112944116,-0.07278574092570013,-0.6320609188193571,0.0,0.0,-,0.00023253981008934665,0.01743237944271521,0.00031700062919892084,0.023926773033442823
1.6299999999999872,-0.06500430465203674,-0.5634561606205053,0.07602989548767738,0.6601730492937907,0.06500430465203674,0.5634561606205053,-0.07602989548767738,-0.6601730492937907,0.0,0.0,-,0.00025366760820582024,0.019019793667421177,0.00034590335423825597,0.026105915308512084
1.6349999999999871,-0.06789601818048181,-0.5884080468783631,0.07941831381495205,0.6895265626228425,0.06789601818048181,0.5884080468783631,-0.07941831381495205,-0.6895265626228425,0.0,0.0,-,0.0002767169546296413,0.020750913815577192,0.0003774396970843063,0.028483149711324398
1.639999999999987,-0.0709157125367569,-0.6144394097584014,0.08295736258306995,0.720174993040386,0.0709157125367569,0.6144394097584014,-0.08295736258306995,-0.720174993040386,0.0,0.0,-,0.0003018621460526205,0.022638592756898415,0.00041184931711800026,0.031076409814327945
1.644999999999987,-0.07406891458639725,-0.6415935803313435,0.086653682500548,0.7521740034338444,0.07406891458639725,0.6415935803313435,-0.086653682500548,-0.7521740034338444,0.0,0.0,-,0.00032929316659265496,0.024696804368510333,0.00044939362057252834,0.03390523847153637
1.6499999999999868,-0.07736543892626517,-0.6706572690577686,0.09051378111103499,0.7855043869070888,0.07736543892626517,0.6706572690577686,-0.09051378111103499,-0.7855043869070888,0.0,0.0,-,0.00035922022229392263,0.026945710231210406,0.0004903573434276092,0.03699032418078771
1.6549999999999867,-0.08080680961907309,-0.7001836156972395,0.09454532006115353,0.8203763872022484,0.08080680961907309,0.7001836156972395,-0.09454532006115353,-0.8203763872022484,0.0,0.0,-,0.00039186892469798753,0.029396995709664652,0.0005350514311549381,0.040355411264182704
1.6599999999999866,-0.08439957685251738,-0.7309706615088624,0.09875577088263458,0.8567742383981415,0.08439957685251738,0.7309706615088624,-0.09875577088263458,-0.8567742383981415,0.0,0.0,-,0.0004274853675624067,0.032068586249598116,0.0005838149425680541,0.0440257217420962
1.6649999999999865,-0.08815018451516747,-0.7630659059387045,0.10315295582543622,0.8947625010098385,0.08815018451516747,0.7630659059387045,-0.10315295582543622,-0.8947625010098385,0.0,0.0,-,0.0004663376427126962,0.034979934133628335,0.000637017604045675,0.04802872140816302
1.6699999999999864,-0.09206532085058947,-0.796518592443167,0.10774502662103905,0.93440801943217,0.09206532085058947,0.796518592443167,-0.10774502662103905,-0.93440801943217,0.0,0.0,-,0.0005087177592293052,0.03815214347416649,0.0006950625578535157,0.05239431314205868
1.6749999999999863,-0.09615192318007042,-0.8313788957335096,0.11254047634077564,0.9757800245830287,0.09615192318007042,0.8313788957335096,-0.11254047634077564,-0.9757800245830287,0.0,0.0,-,0.000554943720885435,0.041608097815521765,0.0007583893519285578,0.05715504642393486
1.6799999999999862,-0.10041718219634037,-0.86769780030446,0.11754815146412108,1.0189501748880154,0.10041718219634037,0.86769780030446,-0.11754815146412108,-1.0189501748880154,0.0,0.0,-,0.000605361773286699,0.045372595178787674,0.0008274771914917161,0.062346343718456335
1.684999999999986,-0.10486854557067284,-0.9055269511220494,0.12277726411805943,1.063992586918934,0.10486854557067284,0.9055269511220494,-0.12277726411805943,-1.063992586918934,0.0,0.0,-,0.0006603488325372393,0.04947249047482956,0.0009028484744132931,0.06800674484354843
1.689999999999986,-0.10951372072291934,-0.9449184729850979,0.12823740443484896,1.11098385496508,0.10951372072291934,0.9449184729850979,-0.12823740443484896,-1.11098385496508,0.0,0.0,-,0.0007203151076701259,0.05393684507777191,0.0009850726338942264,0.07417817047351365
1.6949999999999859,-0.11436067658547541,-0.985924754609812,0.1339385529703299,1.1600030584143448,0.11436067658547541,0.985924754609812,-0.1339385529703299,-1.1600030584143448,0.0,0.0,-,0.000785706929415563,0.0587970831865339,0.0010747703137531537,0.08090620595116667
1.6999999999999857,-0.11941762245893811,-1.028595053685402,0.13989108048578663,1.2111282805013102,0.11941762245893811,1.028595053685402,-0.13989108048578663,-1.2111282805013102,0.0,0.0,-,0.0008570097721842889,0.06408712210886416,0.0011726178857505557,0.08824036451031682
1.7049999999999856,-0.12469307695646054,-1.0729872240691023,0.14610579145307395,1.2644499318251867,0.12469307695646054,1.0729872240691023,-0.14610579145307395,-1.2644499318251867,0.0,0.0,-,0.0009347515893886361,0.06984363002394163,0.0012793523972311992,0.09623453266078025
1.7099999999999855,-0.13019578436399096,-1.1191501574792633,0.15259391519493723,1.320051447383837,0.13019578436399096,1.1191501574792633,-0.15259391519493723,-1.320051447383837,0.0,0.0,-,0.0010195063007194085,0.0761061153988708,0.0013957769120037952,0.10494721177948088
1.7149999999999854,-0.13593474978761766,-1.167134166529139,0.15936711647895518,1.3780216145617394,0.13593474978761766,1.167134166529139,-0.15936711647895518,-1.3780216145617394,0.0,0.0,-,0.0011118975817185177,0.08291712621226899,0.0015227663010778769,0.11444192963047739
1.7199999999999853,-0.14191922596218104,-1.2169881332236618,0.1664375108438338,1.4384514906322725,0.14191922596218104,1.2169881332236618,-0.1664375108438338,-1.4384514906322725,0.0,0.0,-,0.0012126029152070385,0.0903224267943049,0.0016612735261573304,0.1247876430849882
1.7249999999999852,-0.1481587040787039,-1.2687588778618246,0.1738176756755448,1.5014343037971507,0.1481587040787039,1.2687588778618246,-0.1738176756755448,-1.5014343037971507,0.0,0.0,-,0.001322357923178441,0.0983711722450707,0.0018123364480435715,0.13605916792808215
1.729999999999985,-0.15466290165219257,-1.3224905401814206,0.18152066066956754,1.5670653184340817,0.15466290165219257,1.3224905401814206,-0.18152066066956754,-1.5670653184340817,0.0,0.0,-,0.0014419609889158175,0.10711607838941725,0.0019770851992931496,0.14833763648927645
1.734999999999985,-0.1614417470388431,-1.3782238739305328,0.18955999752686795,1.6354416690667246,0.1614417470388431,1.3782238739305328,-0.18955999752686795,-1.6354416690667246,0.0,0.0,-,0.0015722781773505837,0.11661358362277748,0.002156750162605077,0.16171098375387494
1.739999999999985,-0.16850536014390566,-1.4359954461367515,0.19794970871700435,1.706662159628124,0.16850536014390566,1.4359954461367515,-0.19794970871700435,-1.706662159628124,0.0,0.0,-,0.0017142484593367173,0.1269239982294047,0.002352670598510807,0.17627446238940728
1.7449999999999848,-0.17586402881567656,-1.4958367317147379,0.206704315124304,1.7808270245039348,0.17586402881567656,1.4958367317147379,-0.206704315124304,-1.7808270245039348,0.0,0.0,-,0.0018688892424931196,0.1381116358691396,0.0025663039679658405,0.19213118684542463
1.7499999999999847,-0.18352818037317964,-1.5577730936431795,0.21583884237516543,1.8580376477196792,0.18352818037317964,1.5577730936431795,-0.21583884237516543,-1.8580376477196792,0.0,0.0,-,0.002037302207448568,0.15024492092553254,0.0027992359973550932,0.20939270634714266
1.7549999999999846,-0.19150834766601507,-1.6218226388980594,0.2253688256264624,1.9383962367118353,0.19150834766601507,1.6218226388980594,-0.2253688256264624,-1.9383962367118353,0.0,0.0,-,0.0022206794435774,0.1633964642857436,0.003053191535176342,0.2281796061996353
1.7599999999999845,-0.19981512901486403,-1.6879949400607899,0.23531031257714974,2.022005447087118,0.19981512901486403,1.6879949400607899,-0.23531031257714974,-2.022005447087118,0.0,0.0,-,0.00242030987249353,0.17764309887409743,0.0033300462512021157,0.24862213633988473
1.7649999999999844,-0.2084591413316324,-1.756289612832766,0.24567986444820844,2.1089679551348017,0.2084591413316324,1.756289612832766,-0.24567986444820844,-2.1089679551348017,0.0,0.0,-,0.002637585940517133,0.19306586489481845,0.00363183923017856,0.2708608655188116
1.7699999999999843,-0.21745096567011168,-1.8266947399883033,0.2564945546603426,2.1993859750490543,0.21745096567011168,1.8266947399883033,-0.2564945546603426,-2.1993859750490543,0.0,0.0,-,0.0028740105528714485,0.20974993326032276,0.00396078651303059,0.2950473588550235
1.7749999999999841,-0.22680108441319774,-1.8991851331690537,0.26777196492555905,2.293360718446297,0.22680108441319774,1.8991851331690537,-0.26777196492555905,-2.293360718446297,0.0,0.0,-,0.0031312042123264553,0.22778445411057416,0.004319295639031056,0.3213448757795855
1.779999999999984,-0.23651980926286703,-1.9737204250419889,0.27953017845857625,2.390991794456522,0.23651980926286703,1.9737204250419889,-0.27953017845857625,-2.390991794456522,0.0,0.0,-,0.0034109123131951646,0.2472623156917134,0.0047099812423764655,0.34992908458537697
1.784999999999984,-0.24661719916642855,-2.0502429859844398,0.2917877700081998,2.4923765496399186,0.24661719916642855,2.0502429859844398,-0.2917877700081998,-2.4923765496399186,0.0,0.0,-,0.0037150125278186275,0.26827979719960493,0.005135681756008247,0.38098878891135124
1.7899999999999838,-0.25710296729004645,-2.1286756617418985,0.30456379240868503,2.597609348195103,0.25710296729004645,2.1286756617418985,-0.30456379240868503,-2.597609348195103,0.0,0.0,-,0.004045522206765354,0.290936097564066,0.00559947727424004,0.41472666054050344
1.7949999999999837,-0.26798637614075754,-2.2089193312657223,0.31787775935815515,2.706780794557335,0.26798637614075754,2.2089193312657223,-0.31787775935815515,-2.706780794557335,0.0,0.0,-,0.0044046056957506245,0.31533272062426254,0.006104708623712835,0.45135997188942484
1.7999999999999836,-0.27927611994486284,-2.290850287590578,0.3317496241469527,2.8199769023228143,0.27927611994486284,2.290850287590578,-0.3317496241469527,-2.8199769023228143,0.0,0.0,-,0.004794581451607903,0.34157269582503114,0.006654997689321046,0.4911213205375949
1.8049999999999835,-0.29098019341716763,-2.3743174488141414,0.3461997540852355,2.937278215708066,0.29098019341716763,2.3743174488141414,-0.3461997540852355,-2.937278215708066,0.0,0.0,-,0.0052179288164133555,0.369759612563747,0.0072542690379644205,0.5342593371199598
1.8099999999999834,-0.3031057461061131,-2.4591394113896086,0.361248900417988,3.0587588924188496,0.3031057461061131,2.4591394113896086,-0.361248900417988,-3.0587588924188496,0.0,0.0,-,0.005677294283026063,0.3999964457869945,0.007906772878230434,0.5810393669297157
1.8149999999999833,-0.3156589215782355,-2.545101363893224,0.3769181635687253,3.1844857597664777,0.3156589215782355,2.545101363893224,-0.3769181635687253,-3.1844857597664777,0.0,0.0,-,0.006175497056885726,0.43238415054944956,0.008617109388370521,0.6317441147004921
1.8199999999999832,-0.32864468081559267,-2.631951885933067,0.3932289536224583,3.314517359273054,0.32864468081559267,2.631951885933067,-0.3932289536224583,-3.314517359273054,0.0,0.0,-,0.006715533688027628,0.467020004198782,0.009390254438205571,0.686674241325103
1.824999999999983,-0.3420666093453856,-2.719399664403122,0.4102029460452591,3.4489029985778874,0.3420666093453856,2.719399664403122,-0.4102029460452591,-3.4489029985778874,0.0,0.0,-,0.007300581514172858,0.5039956768725603,0.010231586722926601,0.7461489007930995
1.829999999999983,-0.3559267078047596,-2.8071101669189504,0.42786203274360785,3.5876818333706106,0.3559267078047596,2.8071101669189504,-0.42786203274360785,-3.5876818333706106,0.0,0.0,-,0.007934000620816518,0.5433950143186581,0.011146916318244042,0.8105062054805856
1.8349999999999829,-0.3702251658680824,-2.894702320622173,0.44622826869195087,3.7308820059890557,0.3702251658680824,2.894702320622173,-0.44622826869195087,-3.7308820059890557,0.0,0.0,-,0.008619333988026749,0.5852915219437342,0.0121425146571431,0.8801036081936487
1.8399999999999828,-0.3849601197288904,-2.981745252593576,0.46532381450177024,3.878519871181967,0.3849601197288904,2.981745252593576,-0.46532381450177024,-3.878519871181967,0.0,0.0,-,0.009360305456935142,0.629745545700555,0.013225145918855466,0.9553181901494141
1.8449999999999827,-0.40012739363365024,-3.067755155850456,0.48517087546887927,4.030599343104008,0.40012739363365024,3.067755155850456,-0.48517087546887927,-4.030599343104008,0.0,0.0,-,0.010160815112615415,0.6768011541817892,0.014402099810871635,1.0365468454725646
1.8499999999999825,-0.4157202263057914,-3.1521923519935813,0.5057916378157067,4.1871114007862,0.4157202263057914,3.1521923519935813,-0.5057916378157067,-4.1871114007862,0.0,0.0,-,0.011024931645414088,0.7264827373016223,0.015681225715293082,1.1242063548855317
