time_s,error_psi_deg,error_theta_left_deg,error_theta_right_deg
0.010799,0.014698,0.000000,0.000000
0.021796,0.019005,0.000000,0.021973
0.032795,0.022720,0.000000,0.021973
0.043794,0.021657,0.000000,0.000000
0.054796,0.024953,0.000000,0.021973
0.065796,0.021802,0.000000,0.021973
0.076802,0.023791,0.000000,0.021973
0.086826,0.025804,0.000000,0.000000
0.097822,0.028213,0.000000,0.000000
0.108806,0.023501,0.000000,0.021973
0.119799,0.018864,0.000000,0.000000
0.130808,-0.005832,0.000000,0.000000
0.141795,-0.011893,0.000000,0.021973
0.152797,-0.010065,0.000000,0.000000
0.163794,-0.018219,0.000000,0.000000
0.174797,-0.016477,0.000000,0.000000
0.185798,-0.013921,-0.043947,0.000000
0.196008,-0.011729,0.000000,0.021973
0.206879,-0.011307,0.000000,0.021973
0.217827,-0.018566,0.000000,0.021973
0.228800,-0.015643,0.000000,0.000000
0.239812,-0.017116,0.000000,0.000000
0.250806,-0.015630,0.000000,0.021973
0.261819,-0.013615,0.000000,0.000000
0.272005,-0.025482,0.000000,0.000000
0.282853,-0.030640,0.000000,0.000000
0.293808,-0.031238,0.000000,0.000000
0.304809,-0.026940,0.000000,0.021973
0.315809,-0.028532,0.000000,0.000000
0.325809,-0.030716,0.000000,0.000000
0.336811,-0.033927,0.000000,0.000000
0.346810,-0.036415,0.000000,-0.021973
0.358039,-0.025152,0.000000,0.000000
0.368890,-0.028733,-0.043947,0.021973
0.379811,-0.044379,0.000000,0.000000
0.390831,-0.042186,0.000000,0.000000
0.401813,-0.038242,0.000000,0.000000
0.412813,-0.027233,0.000000,0.021973
0.423810,-0.026423,-0.043947,0.000000
0.434814,-0.027897,-0.021973,0.000000
0.445812,-0.022298,-0.043947,0.000000
0.456812,-0.021360,0.000000,0.000000
0.467920,-0.038919,-0.043947,0.000000
0.478819,-0.060546,-0.043947,0.000000
0.489817,-0.086985,-0.043947,0.000000
0.500816,-0.088414,-0.043947,-0.021973
0.511815,-0.075374,-0.065920,-0.043947
0.522819,-0.115031,-0.087893,-0.065920
0.533819,-0.206212,-0.087893,-0.043947
0.544817,-0.342577,-0.109867,-0.087893
0.555918,-0.491128,-0.175787,-0.153813
0.565817,-0.637874,-0.263680,-0.285653
0.575816,-0.771342,-0.626240,-0.549333
0.586832,-0.888436,-1.208533,-1.120640
0.597819,-0.932964,-2.252266,-1.966613
0.608819,-0.886585,-3.911252,-3.295999
0.619818,-0.776189,-6.053652,-5.339518
0.630994,-0.551251,-9.173864,-9.020051
0.641900,-0.263888,-14.282662,-14.095889
0.652821,0.131536,-22.138127,-20.391247
0.663822,0.506443,-30.971404,-29.543138
0.674823,0.723799,-42.946867,-40.529801
0.685823,0.654567,-55.273904,-52.593158
0.696827,0.815143,-67.578967,-65.436567
0.707822,1.316589,-79.895016,-77.730644
0.718825,1.771200,-92.925199,-90.024720
0.729902,2.244683,-104.977569,-103.769036
0.740826,2.853922,-117.293619,-116.063112
0.751824,3.631974,-130.279855,-128.236335
0.762827,4.288036,-142.211371,-140.750145
0.773828,5.187765,-154.626301,-153.066195
0.784827,6.353436,-167.491684,-165.634938
0.795825,7.439313,-180.060427,-177.632374
0.806831,8.874857,-192.354503,-190.146184
0.817946,10.207491,-204.923246,-203.769646
0.828850,11.441213,-217.349162,-215.887936
0.839830,12.689220,-230.181585,-228.621479
0.850833,13.738081,-242.695395,-240.882595
0.861835,14.629642,-255.275124,-253.176672
0.872831,15.171079,-267.723014,-265.701468
0.883831,15.544149,-280.335704,-278.336131
0.894045,15.807612,-293.190100,-290.718101
0.904017,15.674922,-304.176763,-302.243110
0.914852,15.369758,-315.888546,-315.020600
0.925833,14.774454,-328.885769,-327.314676
0.936844,13.960279,-341.048006,-339.465926
0.947832,12.991776,-353.792535,-352.562029
0.958835,11.886915,-365.647145,-364.845119
0.969839,10.608061,-377.776421,-377.249062
0.980042,9.281842,-390.279244,-389.993591
0.990904,7.941479,-401.969054,-401.804254
1.001843,6.449771,-414.076357,-413.779717
1.011837,4.981679,-425.052034,-425.106967
1.022839,3.050995,-434.775231,-435.148778
1.033837,1.377574,-443.004242,-443.883175
1.044840,-0.031740,-449.936827,-450.552080
1.055837,-1.108830,-455.122532,-455.704825
1.066839,-1.937736,-457.188025,-458.847011
1.077981,-2.568826,-457.946104,-460.275277
1.088844,-2.834976,-457.462691,-460.033570
1.099843,-2.658967,-456.056398,-458.759117
1.109842,-2.183807,-453.837092,-456.858425
1.120841,-1.555165,-450.694906,-454.133732
1.130846,-0.906387,-447.179174,-450.947600
1.140846,-0.378434,-443.784295,-447.300027
1.151844,0.044545,-439.477523,-443.191015
1.163848,0.247287,-434.434645,-437.291177
1.175073,0.257864,-427.556993,-430.204779
1.185065,0.102629,-420.459609,-423.469955
1.195919,-0.127624,-411.450545,-413.735771
1.206846,-0.579587,-401.815241,-402.474441
1.217846,-0.723825,-389.213538,-390.795618
1.228857,-1.158114,-376.282235,-377.897275
1.239848,-1.466874,-364.196905,-365.647145
1.250850,-1.781811,-351.353496,-354.078188
1.261851,-2.159666,-338.630940,-341.080966
1.272966,-2.406834,-326.325877,-328.017823
1.283867,-2.757713,-313.899960,-316.163213
1.294854,-2.997740,-301.045564,-303.198950
1.305853,-3.277574,-288.751488,-290.838954
1.316855,-3.327010,-276.369518,-278.852504
1.327851,-3.307015,-263.449202,-266.151921
1.338853,-3.530611,-250.946379,-253.868831
1.349853,-3.733435,-239.146702,-241.607715
1.360049,-3.667026,-226.281320,-229.203772
1.370883,-3.926940,-214.734336,-216.558123
1.381853,-3.994989,-202.934660,-204.494766
1.392869,-3.926250,-189.629810,-192.244636
1.403853,-4.100715,-177.599414,-179.566027
1.414855,-4.269269,-165.250404,-167.304910
1.425855,-4.295574,-152.143315,-154.911954
1.436856,-4.256323,-139.794305,-142.551958
1.447035,-4.220124,-127.445296,-130.279855
1.457916,-4.154109,-115.843379,-118.260445
1.468860,-3.991928,-103.362529,-105.999329
1.479862,-3.877013,-90.991546,-93.892026
1.490861,-3.742730,-78.565630,-81.554003
1.501861,-3.515676,-65.996887,-69.325846
1.512869,-3.363111,-53.307291,-57.581103
1.523860,-3.190742,-41.452681,-45.495773
1.534069,-2.917237,-28.565325,-33.344523
1.545044,-2.556700,-15.710929,-20.918607
1.555861,-2.279235,-3.801386,-10.019837
1.566864,-1.844823,8.976104,2.548906
1.577864,-1.493227,21.500900,14.908902
1.588869,-1.122310,33.674123,26.796472
1.599864,-0.731750,45.847346,39.376202
1.610867,-0.028643,57.130650,50.791345
1.621903,-0.135020,66.974700,60.525529
1.632980,0.089076,77.379070,71.698965
1.643076,-0.068285,87.772454,80.740989
1.654866,0.275904,97.627491,91.925413
1.665866,0.385764,108.559221,101.549730
1.676872,0.471940,118.018738,111.130100
1.687868,0.840179,127.060762,120.084231
1.698871,1.161889,135.432600,128.467055
1.709871,1.427950,142.387158,134.883267
1.720960,1.526397,148.166143,140.332652
1.731978,1.620507,152.813501,144.903104
1.743873,1.636394,156.142460,147.759636
1.754873,1.594605,158.790246,149.374676
1.765874,1.548467,160.295419,150.088809
1.776874,1.479044,160.482192,149.814142
1.788026,1.370695,159.899899,148.979156
1.798875,1.322190,158.746300,147.704703
1.809874,1.294122,157.252113,145.793023
1.820876,1.276451,155.626087,142.980438
1.831873,1.207202,153.593554,139.662465
1.842875,1.146771,150.616169,136.080813
1.853875,1.094748,147.353130,131.817988
1.865070,1.106851,142.969451,127.390362
1.876034,1.134417,138.300119,122.149724
1.886012,1.221141,134.322947,116.942045
1.896954,1.277404,129.049348,111.349834
1.906877,1.287731,123.973510,106.263009
1.917880,1.198633,118.743858,100.165410
1.927876,1.136130,113.997620,94.880825
1.938878,0.980063,108.822901,89.343547
1.949882,0.794726,103.384503,82.971282
1.960882,0.693534,98.539384,76.763817
1.971880,0.542282,93.199866,71.786859
1.982883,0.369332,88.244881,66.711020
1.993885,0.296979,83.905148,61.690115
2.004886,0.232462,79.906003,57.339396
2.015883,0.078671,75.742058,53.175451
2.026090,-0.070727,72.226325,49.033479
2.036057,-0.084073,69.303873,45.341960
2.046924,-0.027587,66.469314,41.606494
2.057884,0.144723,64.074221,38.585162
2.068885,0.284168,61.360515,35.234230
2.079885,0.362083,58.855556,32.256844
2.090889,0.450830,56.592303,29.751885
2.101885,0.536927,54.087344,27.334819
2.112889,0.573234,51.571398,25.016633
2.123886,0.562963,49.418012,22.940153
2.134972,0.515744,47.868892,21.105380
2.145999,0.470352,46.803186,19.446394
2.156973,0.366635,46.034120,17.754448
2.167930,0.202821,45.539720,16.567888
2.178890,-0.019981,45.374920,15.941649
2.189965,-0.190795,45.517747,15.897702
2.200926,-0.302827,45.627613,16.029542
2.210890,-0.321195,45.649586,16.282235
2.221891,-0.242617,45.627613,16.370128
2.232892,-0.113033,45.583666,16.326182
2.243892,0.044815,45.495773,16.238289
2.254892,0.199847,45.352947,16.117435
2.265893,0.326987,45.133213,15.941649
2.276084,0.456616,44.715720,15.677969
2.286989,0.587397,43.891720,15.304422
2.297897,0.745784,42.826014,14.788049
2.308897,0.951506,41.375774,14.106876
2.319894,1.145612,39.705802,13.162023
2.330898,1.264338,37.607349,12.019410
2.341895,1.323807,35.014496,10.788903
2.352897,1.327281,32.201910,9.514451
2.363901,1.290497,29.949644,8.294931
2.374983,1.200445,28.389538,7.075411
2.385949,1.087820,27.093112,6.361278
2.396923,0.932548,26.137272,6.053652
2.407900,0.717411,25.576952,6.229438
2.418900,0.481583,25.576952,6.789758
2.429899,0.270940,25.840632,7.745598
2.440904,0.066462,26.532792,9.162877
2.451901,-0.078969,27.675405,11.162450
2.462903,-0.165029,29.158605,13.788263
2.473905,-0.160984,31.421857,16.831568
2.484904,-0.132916,34.750816,20.369274
2.495901,-0.009175,38.101749,23.291726
2.506903,0.035489,41.002228,27.422712
2.517904,0.079655,44.375134,32.245857
2.528949,0.083561,48.264412,37.816095
2.539910,0.151343,54.054384,42.968841
2.550913,0.175242,59.668569,50.231025
2.561913,0.203597,65.623341,57.537156
2.572911,0.154035,72.698752,65.711234
2.583909,-0.037441,79.982910,74.797205
2.594916,-0.196285,89.068880,84.937895
2.605913,-0.647335,99.747917,95.902585
2.616123,-1.100268,111.075167,108.592181
2.627110,-1.485446,121.940977,120.985137
2.638080,-1.541352,134.048280,133.378094
2.649020,-1.545160,147.122410,146.210517
2.659988,-1.610183,159.592273,158.460646
2.670948,-1.698360,172.864162,170.974456
2.681912,-1.971436,185.169225,183.477279
2.692912,-2.073497,196.979888,195.892209
2.703911,-2.247936,210.108951,208.318125
2.714914,-2.573018,222.787561,220.480361
2.725913,-2.855080,235.916623,233.224891
2.736914,-2.990970,248.111820,245.332194
2.747913,-3.115201,260.977203,257.285684
2.758914,-3.328720,273.512986,270.063173
2.769916,-3.474500,286.037782,282.357250
2.779914,-3.438520,297.507859,293.036287
2.790916,-3.451739,309.406415,305.440229
2.800916,-3.475666,321.337931,316.360973
2.811916,-3.417713,332.862941,328.215583
2.822920,-3.261568,345.805231,340.883206
2.833053,-3.230612,358.132267,352.891629
2.843917,-3.192958,370.459304,364.515519
2.854919,-3.080620,383.006073,377.249062
2.865922,-3.046691,395.684683,389.125645
2.876922,-2.960570,407.517319,400.848415
2.887920,-2.774580,420.459609,413.966491
2.898921,-2.701677,432.577898,426.007874
2.910080,-2.722361,444.871975,438.862270
2.920949,-2.576135,457.693411,451.980346
2.931918,-2.526132,470.086367,464.010743
2.942922,-2.277772,481.995911,476.172979
2.953923,-2.013859,494.949187,488.994415
2.964923,-1.957104,507.397076,501.255531
2.975921,-1.916189,519.328593,513.263955
2.986944,-1.564903,532.468642,525.755791
2.997925,-1.449059,544.466079,538.115787
3.009021,-1.444369,556.935942,551.596423
3.019974,-1.516832,569.713431,563.890500
3.030943,-1.819111,582.238227,576.415296
3.041927,-2.266393,594.894864,588.929106
3.052927,-2.584909,607.024140,601.047395
3.063929,-2.680679,619.757683,613.528245
3.074929,-2.866945,632.557146,625.624561
3.085929,-3.028526,644.708396,638.028504
3.096965,-2.948465,657.376019,650.454421
3.107977,-2.624080,670.197455,662.638630
3.119088,-2.258091,682.205878,675.020600
3.129162,-1.879306,694.532914,686.237983
3.140933,-1.414371,707.321390,698.630940
3.151933,-0.941473,719.769280,710.397656
3.162935,-0.403229,731.568957,722.790613
3.173934,0.002753,744.027833,735.359355
3.184950,0.250519,756.398816,747.115085
3.195932,0.590076,767.132786,758.497269
3.205950,0.764533,778.800623,768.835719
3.217031,1.116225,789.117100,779.273049
3.227944,0.964950,799.092990,789.688406
3.239058,0.279154,808.915067,799.334696
3.249941,-0.379635,820.451064,810.233467
3.260938,-0.454176,831.360820,820.714743
3.271935,-0.208389,841.765191,831.228980
3.282939,0.220157,852.059694,840.941191
3.293937,0.298038,861.332438,850.038148
3.304982,0.534412,870.528275,858.893399
3.316066,0.550133,878.526566,866.759850
3.327082,0.965902,886.634724,873.505661
3.337940,1.286587,894.061708,880.020753
3.348940,1.486132,900.214240,885.755791
3.359943,1.683469,905.531785,890.392163
3.370944,1.766161,910.596637,894.391308
3.381941,1.758855,913.958556,897.577441
3.393113,1.672019,917.254555,900.412000
3.403942,1.558148,919.726554,902.180853
3.414943,1.379904,921.517380,903.070772
3.425949,1.148616,922.747887,903.532212
3.436943,0.931114,923.516953,903.499252
3.447942,0.769173,923.637806,903.268532
3.458945,0.674263,923.341166,902.653279
3.469132,0.706202,922.616047,901.466720
3.480062,0.791976,921.407514,899.620960
3.490961,0.894672,919.374981,897.225867
3.501950,1.007380,916.529435,894.380322
3.512951,1.163108,913.090609,890.655843
3.523949,1.388775,909.256264,885.942564
3.534953,1.621602,903.147679,880.196539
3.545951,1.845474,896.533708,873.055208
3.556952,1.915905,889.414350,865.529344
3.568032,1.993376,880.064699,855.619373
3.578952,2.139195,870.813929,846.060976
3.589964,2.298467,860.354625,834.755699
3.600953,2.106646,848.752709,823.285623
3.611950,1.590592,836.271859,811.123386
3.622952,1.247558,823.856929,797.950377
3.633953,1.166099,811.365093,786.073794
3.644177,1.011632,799.796136,773.922544
3.655036,0.990166,787.172460,760.837428
3.665954,1.036141,776.273690,748.642232
3.675952,1.123159,763.562120,737.578661
3.686958,1.274331,750.663778,724.493545
3.697959,1.571510,738.875088,712.298349
3.708958,1.803305,726.229438,699.905393
3.719957,2.018325,713.715629,687.182836
3.730959,2.322731,701.553392,674.756920
3.742056,2.681136,689.303262,660.946684
3.752962,2.940347,676.668600,648.740501
3.763958,3.008418,664.066897,636.270638
3.774962,3.140090,652.003540,623.778802
3.785963,3.205416,639.577624,611.539659
3.796962,3.182247,626.679281,599.234596
3.807962,3.205949,614.824671,586.918546
3.818157,3.110268,602.497635,574.558550
3.828981,2.989568,590.621052,562.374340
3.839966,2.899669,578.656575,550.113224
3.850970,2.720868,566.637165,537.753227
3.861968,2.545384,553.683889,525.678884
3.872965,2.454789,541.323893,513.066195
3.883968,2.376032,529.392376,501.112705
3.894965,2.293667,516.318247,489.049348
3.905139,2.205693,504.166997,476.348766
3.916001,2.198469,492.795801,464.329356
3.926967,2.131494,479.974364,452.244026
3.937966,2.047269,467.998901,439.169897
3.948968,1.892570,455.572985,427.227393
3.959965,1.901068,443.048189,415.164037
3.970969,2.008605,430.490432,401.672414
3.981968,2.247898,418.427076,389.565111
3.992969,2.401017,405.759453,377.358928
4.003165,2.701375,393.300577,364.350719
4.013019,3.013202,382.215033,353.265175
4.023968,3.169288,370.624104,340.872219
4.034972,3.449261,358.231147,328.127689
4.045972,3.793781,346.079897,315.910520
4.055970,3.859993,333.478195,304.385510
4.066972,4.115003,320.865505,292.025513
4.078973,4.113471,309.197668,278.643757
4.090175,4.103043,295.222633,264.877468
4.100021,3.960578,283.510849,253.890805
4.110974,3.804323,272.557146,241.497848
4.121976,3.598280,259.999390,229.412519
4.132976,3.419811,247.232887,217.052522
4.143973,3.169734,234.938810,204.648579
4.154977,3.110496,222.227241,192.442396
4.165976,3.072371,209.680471,180.510880
4.177066,2.999580,197.891781,166.865444
4.187975,3.122364,185.180212,154.461501
4.198977,3.326461,173.116855,142.518998
4.209978,3.314039,159.735099,130.082095
4.220979,3.362713,147.331156,118.216498
4.231978,3.636416,135.751213,110.020447
4.242981,3.712791,122.347484,97.869198
4.253981,3.231293,110.152287,85.706961
4.265095,2.895449,97.737358,72.500992
4.276981,2.491398,84.674215,59.767449
4.287980,2.452240,72.050539,49.428999
4.298984,1.760225,59.855342,37.585376
4.309983,0.770188,46.825159,25.126499
4.321983,0.090238,34.860683,12.711570
4.332983,-0.285510,22.687460,1.889706
4.343982,-0.262680,10.327464,-8.174078
4.355083,-0.108832,-2.131413,-19.501328
4.365986,-0.064585,-14.106876,-31.026337
4.376986,-0.058978,-26.719565,-41.892148
4.387984,0.275844,-39.376202,-52.801904
4.398995,0.527253,-51.109958,-65.260781
4.409991,0.800377,-63.909421,-76.610004
4.420991,1.189076,-76.675924,-87.838374
4.431190,1.267538,-88.585467,-100.099490
4.443041,1.605543,-101.033357,-112.646260
4.453036,1.599441,-113.602100,-122.973724
4.463999,1.491624,-125.654469,-134.619587
4.474994,1.277737,-138.113346,-146.078677
4.485995,1.061821,-150.132756,-157.065340
4.496995,0.633267,-161.207312,-167.096164
4.507992,0.528794,-171.051363,-176.237068
4.519176,0.170699,-182.158879,-186.267891
4.530023,0.055076,-192.244636,-194.551836
4.540995,0.144382,-203.055513,-203.044527
4.551992,-0.262279,-210.954924,-211.064791
4.562995,-0.231973,-218.425855,-218.370922
4.573995,-1.707924,-225.006867,-225.160680
4.584995,-2.289404,-229.049959,-230.137638
4.595995,-3.022695,-230.664998,-232.378918
4.606995,-3.306505,-230.049745,-233.334758
4.618131,-3.565153,-228.643452,-232.510758
4.629116,-3.558356,-226.632893,-231.225318
4.640067,-3.279796,-224.380627,-230.049745
4.651022,-2.675904,-222.403027,-228.995025
4.662017,-1.734102,-220.809961,-228.709372
4.673063,-0.551740,-219.909055,-229.687185
4.684028,0.549536,-220.095828,-232.192145
4.695001,1.504066,-221.029695,-236.795557
4.706089,2.369253,-222.545854,-242.376782
4.717149,2.935107,-225.006867,-248.452406
4.728138,3.174482,-228.160039,-254.912564
4.739144,2.858500,-230.785852,-261.032136
4.750003,2.198294,-233.071078,-266.053041
4.761002,1.340583,-234.938810,-270.557573
4.772001,0.277486,-236.224250,-274.556719
4.783003,-0.708440,-236.751610,-277.962584
4.794006,-1.321339,-236.751610,-281.247597
4.805005,-1.735324,-236.422010,-283.862423
4.815006,-1.620932,-236.048463,-285.719169
4.826006,-1.194730,-235.938597,-288.301035
4.837147,-0.622231,-236.202277,-291.157567
4.849007,-0.071971,-236.894436,-294.310739
4.860005,0.462621,-238.048036,-297.914365
4.871009,0.899473,-239.388409,-301.693777
4.882009,1.040762,-240.827662,-305.055696
4.893009,1.007606,-242.431715,-309.274575
4.904010,0.826529,-244.343394,-313.680227
4.914009,0.578531,-245.936460,-317.569506
4.926132,0.330360,-247.452620,-321.282998
4.937011,0.122255,-248.891873,-324.458144
4.947011,-0.049896,-250.254219,-327.622303
4.958013,-0.192892,-251.473739,-331.192969
4.969012,-0.140083,-252.693258,-334.477981
4.980011,-0.090885,-253.956725,-337.664113
4.992015,0.016190,-255.341044,-340.729392
5.004027,0.110214,-256.813257,-344.464858
5.015195,0.147034,-258.098697,-348.233283
5.026072,0.261833,-259.384136,-351.716056
5.037015,0.338062,-261.098056,-355.231788
5.048013,0.474302,-262.976775,-358.231147
5.059016,0.525881,-264.954375,-361.669973
5.070017,0.495884,-266.822108,-364.998932
5.081015,0.412134,-268.700827,-368.756371
5.091230,0.360778,-270.623493,-372.612690
5.102088,0.319273,-272.392346,-375.623035
5.113020,0.190772,-274.304025,-378.732261
5.124015,0.152531,-275.908078,-381.852474
5.135019,0.085621,-277.347331,-385.280313
5.146016,0.138189,-279.083224,-388.949858
5.157019,0.196479,-281.082797,-392.245857
5.168018,0.250098,-283.104343,-395.267190
5.178220,0.281070,-284.906156,-398.585162
5.189084,0.278090,-286.455275,-401.837214
5.200019,0.315044,-288.169195,-405.309000
5.211022,0.267825,-290.058901,-408.791772
5.222023,0.236845,-292.036500,-411.703238
5.233025,0.248468,-293.728446,-415.251930
5.244021,0.271103,-295.266579,-418.789636
5.255025,0.351890,-297.035432,-422.162542
5.267057,0.480820,-299.056978,-425.865047
5.278028,0.512634,-301.221351,-429.018220
5.289029,0.498064,-303.242897,-432.610858
5.300024,0.459566,-305.484176,-436.027711
5.311026,0.420396,-307.791375,-439.466536
5.321258,0.385004,-310.131535,-443.081149
5.332028,0.306964,-311.867428,-446.179388
5.342197,0.259657,-313.526414,-449.508347
5.353046,0.279012,-315.306253,-453.133946
5.364033,0.213501,-317.130039,-456.572771
5.375028,0.291219,-318.887906,-460.132450
5.386029,0.296675,-320.645772,-463.670156
5.397036,0.259452,-322.524491,-466.823328
5.408048,0.216104,-324.666890,-470.415967
5.419245,0.118251,-326.930143,-473.898740
5.430220,0.031833,-329.006623,-477.139805
5.441186,-0.024995,-330.610675,-480.600604
5.452140,0.013039,-332.060915,-483.567003
5.463114,0.082993,-333.533128,-486.994842
5.474078,0.158843,-335.170141,-490.455641
5.485067,0.231154,-336.807154,-494.037294
5.496032,0.346464,-338.576006,-497.948546
5.507037,0.432530,-340.553606,-501.354411
5.518036,0.376857,-342.706992,-505.177770
5.529037,0.150072,-344.882351,-508.594623
5.540036,-0.102435,-346.673177,-511.890622
5.551037,-0.125395,-348.090457,-515.263527
5.562038,-0.028876,-349.441816,-518.471633
5.573039,0.156207,-350.990936,-521.800592
5.584036,0.322049,-352.792749,-525.525071
5.595038,0.361169,-354.638508,-529.128697
5.606042,0.428630,-356.374401,-532.930082
5.617041,0.468361,-358.319040,-536.511734
5.628042,0.438991,-360.461440,-540.291147
5.639041,0.219623,-362.636799,-543.960692
5.650041,-0.118888,-364.581439,-547.509384
5.661045,-0.259206,-365.987732,-550.926237
5.672041,-0.224259,-367.218238,-554.233222
5.683044,-0.057446,-368.602557,-557.353435
5.694045,0.166404,-370.250557,-561.110874
5.705044,0.284901,-371.931516,-564.934233
5.716042,0.365259,-373.777276,-568.746605
5.727063,0.410838,-375.710929,-572.339244
5.737266,0.439681,-377.930235,-575.942869
5.748231,0.411169,-380.347301,-579.843135
5.759196,0.222067,-382.654500,-583.732414
5.770162,0.094779,-384.225593,-587.621693
5.781138,0.018386,-385.719779,-590.906705
5.792096,0.070517,-387.400739,-594.290597
5.802066,0.169110,-389.070711,-597.718436
5.813048,0.254096,-390.685751,-601.607715
5.824047,0.328607,-392.476577,-605.749687
5.835051,0.370740,-394.531083,-609.210486
5.846051,0.384049,-396.805322,-612.814112
5.857050,0.316878,-399.112522,-616.670431
5.868050,0.178862,-401.397748,-620.537736
5.879054,0.061622,-403.056734,-624.361095
5.890201,-0.021736,-404.649800,-627.668081
5.901168,-0.077872,-406.176946,-631.216773
5.912134,-0.057830,-407.879879,-634.919279
5.923102,0.019039,-409.604785,-638.808557
5.934075,0.203386,-411.527451,-642.807703
5.945053,0.358642,-413.548997,-645.796075
5.956053,0.444551,-415.977050,-649.531541
5.967056,0.426573,-418.350169,-653.234046
5.978056,0.365473,-420.283822,-657.321085
5.989057,0.351040,-422.085635,-661.298257
6.000055,0.298996,-424.304941,-664.407483
6.011058,0.190449,-426.447340,-668.186895
6.022057,0.103231,-428.380993,-672.098148
6.033057,0.094609,-430.303659,-676.119266
6.044056,0.097315,-432.380139,-679.865719
6.054060,0.118996,-434.621418,-682.612384
6.065060,0.051404,-436.829737,-686.281930
6.076059,-0.035503,-438.554643,-689.874569
6.088064,-0.039736,-440.235603,-693.939634
6.099062,0.045186,-442.410962,-697.532273
6.109262,0.143808,-444.586322,-700.773339
6.120227,0.192519,-446.498001,-704.684591
6.131201,0.152694,-448.629414,-708.650777
6.142063,0.156672,-450.914640,-712.693869
6.153064,0.148493,-453.254799,-716.396374
6.164062,0.164839,-455.342265,-719.846187
6.175065,0.161500,-457.155065,-723.405866
6.186064,0.155027,-459.121677,-727.174291
6.197064,0.237204,-461.319010,-731.415143
6.208063,0.351734,-463.461409,-735.018769
6.219067,0.461412,-465.504929,-738.633381
6.230069,0.622754,-467.757195,-742.445753
6.241068,0.599109,-470.262154,-746.906339
6.252065,0.512127,-472.811060,-751.421857
6.263069,0.404457,-474.810633,-755.190283
6.274070,0.324058,-476.887112,-759.211402
6.285070,0.254148,-479.249245,-763.188574
6.296067,0.232021,-481.556444,-767.418439
6.307071,0.192818,-483.698843,-771.131932
6.318071,0.175437,-485.951109,-775.416730
6.329072,0.189794,-488.280282,-779.569689
6.340100,0.153124,-490.620441,-783.711661
6.351220,0.106383,-492.510147,-787.666860
6.361291,0.106418,-494.465773,-790.962859
6.372071,0.170265,-496.564226,-794.731285
6.383075,0.134716,-498.827479,-798.653523
6.394081,0.205307,-501.002838,-802.795495
6.405076,0.209810,-503.244118,-806.772668
6.416074,0.204794,-505.606250,-810.991546
6.427093,0.209168,-508.001343,-815.199438
6.437174,0.159344,-509.945982,-818.934904
6.449077,0.234939,-511.791742,-823.219703
6.460078,0.284414,-514.340648,-827.043062
6.471077,0.357475,-517.230140,-831.316874
6.481078,0.345089,-519.581286,-834.986419
6.492078,0.384552,-522.163152,-839.194311
6.503103,0.355732,-524.690085,-843.127537
6.514182,0.196035,-527.030244,-847.236549
6.525198,0.061334,-528.974883,-851.279641
6.536078,0.065530,-531.337016,-855.157933
6.547082,0.151939,-534.017762,-859.354839
6.558203,0.271485,-536.555681,-863.485824
6.569083,0.314071,-538.961760,-867.649770
6.580080,0.259913,-541.422773,-871.572008
6.591085,0.261105,-543.872799,-875.724967
6.602083,0.228082,-545.938292,-879.460433
6.613084,0.213335,-547.981811,-883.635365
6.624082,0.169766,-550.717490,-887.766350
6.635084,0.217098,-553.453169,-891.974242
6.647084,0.259986,-556.078982,-896.412854
6.658279,0.275646,-558.990448,-900.906400
6.669130,0.212520,-561.649220,-905.048372
6.680084,0.015019,-563.934446,-909.157384
6.691088,-0.071050,-565.769219,-913.200476
6.702087,0.001044,-568.164312,-916.727195
6.713089,0.112801,-570.658284,-921.001007
6.724092,0.124305,-572.976470,-925.285806
6.734303,0.208395,-575.426496,-929.570605
6.745158,0.251902,-577.865535,-933.218177
6.756089,0.279439,-580.579241,-937.239296
6.767091,0.219561,-582.842494,-941.392254
6.778091,0.220979,-585.336467,-945.731986
6.789096,0.254378,-588.160039,-949.917905
6.800089,0.312625,-590.829798,-953.620411
6.810092,0.358315,-593.543504,-957.531663
6.821312,0.401151,-596.400037,-962.420728
6.832167,0.363137,-599.278542,-967.046113
6.843094,0.279558,-601.322062,-970.671712
6.854096,0.295278,-604.167608,-974.736778
6.865100,0.278711,-606.826380,-978.999603
6.876098,0.410293,-609.375286,-983.328349
6.887103,0.510138,-612.034059,-987.041841
6.898096,0.500795,-614.890591,-991.172826
6.909096,0.451367,-617.472457,-995.545518
6.920242,0.419468,-619.889523,-1000.577410
6.931098,0.371255,-622.844935,-1004.499649
6.942097,0.351982,-625.679495,-1008.059328
6.953099,0.339933,-628.349254,-1011.882687
6.964096,0.342701,-630.975066,-1016.002686
6.975100,0.442915,-633.677786,-1020.276498
6.986107,0.452944,-636.094852,-1023.550523
6.996274,0.446858,-638.413038,-1027.176122
7.007240,0.410324,-640.950957,-1031.186254
7.018197,0.347448,-643.664663,-1035.328227
7.029146,0.348461,-645.927915,-1039.327372
7.040100,0.426235,-648.125248,-1042.238838
7.051103,0.503925,-650.388501,-1045.963317
7.062102,0.464145,-652.750633,-1049.544969
7.073103,0.386860,-654.563433,-1053.302408
7.084103,0.424143,-656.332286,-1056.796167
7.095280,0.556118,-658.485672,-1060.059206
7.106230,0.515868,-660.485244,-1063.629872
7.117195,0.368839,-662.265084,-1067.046724
7.128180,0.260615,-663.946043,-1070.551469
7.139131,0.294466,-665.637989,-1073.748589
7.150108,0.305446,-667.285989,-1076.572161
7.161106,0.380948,-668.835108,-1079.307840
7.171108,0.322336,-670.219428,-1081.823786
7.182108,0.250669,-671.307108,-1084.416639
7.193129,0.101499,-672.142094,-1087.130345
7.204109,0.115647,-672.724387,-1089.789117
7.214111,0.137967,-673.372600,-1092.349010
7.226112,0.253269,-674.064760,-1094.831996
7.236336,0.326426,-674.822840,-1096.908475
7.247241,0.417248,-675.624866,-1099.281594
7.258114,0.532620,-676.602680,-1101.621754
7.269113,0.532336,-677.459639,-1104.137700
7.280110,0.462437,-678.305612,-1106.840419
7.291116,0.352475,-679.019745,-1109.323405
7.302117,0.261448,-679.656972,-1111.531724
7.313118,0.186550,-680.217292,-1113.410443
7.323288,0.064099,-680.777612,-1115.399030
7.334147,-0.027353,-681.206091,-1117.431562
7.345117,-0.093666,-681.590625,-1119.310282
7.356115,-0.116343,-681.854305,-1121.068148
7.367120,-0.113895,-682.150945,-1122.793054
7.378119,-0.049079,-682.326731,-1124.528947
7.389119,0.024390,-682.524491,-1126.165960
7.400121,0.133098,-682.700278,-1127.945799
7.410316,0.231574,-682.909024,-1129.527879
7.421178,0.314644,-683.150731,-1130.945158
7.432118,0.363587,-683.414411,-1132.659078
7.443121,0.283329,-683.733024,-1134.416944
7.454121,0.119481,-683.930784,-1136.064943
7.465120,-0.109212,-684.040651,-1137.515183
7.476120,-0.284920,-684.040651,-1138.690756
7.488125,-0.327729,-684.040651,-1139.910276
7.499123,-0.224290,-684.040651,-1141.085849
7.510124,-0.119995,-684.084597,-1142.195502
7.522124,0.047585,-684.194464,-1143.469955
7.533152,0.164078,-684.392224,-1144.700461
7.544124,0.229934,-684.622944,-1145.908994
7.555267,0.291135,-684.886624,-1147.106540
7.566176,0.293905,-685.205237,-1148.205206
7.577132,0.280862,-685.512864,-1149.204993
7.588126,0.225654,-685.853450,-1150.303659
7.599133,0.157343,-686.128117,-1151.512192
7.610128,0.036441,-686.347850,-1152.643818
7.621128,-0.096580,-686.391797,-1153.511765
7.632126,-0.133624,-686.391797,-1154.313791
7.643317,-0.076216,-686.347850,-1155.049898
7.653303,0.005785,-686.347850,-1155.676138
7.664166,0.095553,-686.391797,-1156.346324
7.675130,0.157504,-686.479690,-1157.038484
7.686131,0.219207,-686.589557,-1157.796564
7.697134,0.273917,-686.743370,-1158.598590
7.708130,0.266217,-686.930143,-1159.455550
7.719134,0.208759,-687.061983,-1160.334483
7.730333,0.173349,-687.127903,-1161.290323
7.741203,0.128871,-687.127903,-1162.147282
7.752133,0.125823,-687.105930,-1163.015229
7.763141,0.120395,-687.083956,-1163.861202
7.774134,0.134220,-687.061983,-1164.619282
7.785135,0.118752,-687.018036,-1165.333415
7.796133,0.133608,-687.018036,-1166.014588
7.807137,0.136842,-687.061983,-1166.662801
7.818137,0.102523,-687.061983,-1167.300027
7.829265,0.083316,-687.061983,-1168.014161
7.840135,0.073402,-687.018036,-1168.728294
7.851138,0.051476,-686.974090,-1169.376507
7.862142,0.053720,-686.952116,-1169.980773
7.873139,0.051645,-686.952116,-1170.639973
7.884138,0.021516,-686.974090,-1171.167333
7.895142,-0.020795,-686.952116,-1171.617786
7.906140,-0.026021,-686.952116,-1172.013306
7.917264,-0.015098,-686.952116,-1172.375866
7.928139,-0.011166,-686.952116,-1172.573626
7.939141,-0.015794,-687.018036,-1172.771386
7.950142,0.000530,-686.996063,-1172.903226
7.960140,0.019840,-687.040010,-1172.947172
7.971144,0.048318,-687.061983,-1172.991119
7.982143,0.079232,-687.061983,-1173.013092
7.993143,0.127207,-687.105930,-1172.991119
8.004148,0.196583,-687.149876,-1172.991119
8.015205,0.252614,-687.281716,-1173.079012
8.026224,0.289647,-687.457503,-1173.133946
8.037198,0.323082,-687.611316,-1173.243812
8.048156,0.328286,-687.798090,-1173.265786
8.059223,0.320047,-687.973876,-1173.375652
8.070303,0.322920,-688.237556,-1173.441572
8.081264,0.305014,-688.402356,-1173.485519
8.091367,0.278663,-688.578143,-1173.529466
8.101356,0.263244,-688.666036,-1173.551439
8.111360,0.241916,-688.753929,-1173.573412
8.123155,0.234009,-688.841823,-1173.529466
8.134153,0.239763,-688.896756,-1173.529466
8.144362,0.257164,-688.896756,-1173.573412
8.155234,0.273153,-688.907743,-1173.573412
8.166152,0.284244,-688.885769,-1173.617359
8.177152,0.295833,-688.841823,-1173.573412
8.188151,0.307109,-688.863796,-1173.617359
8.199153,0.311116,-688.841823,-1173.617359
8.210155,0.306347,-688.863796,-1173.617359
8.221154,0.295588,-688.863796,-1173.617359
8.232162,0.289120,-688.841823,-1173.617359
8.243284,0.280287,-688.841823,-1173.617359
8.254156,0.274796,-688.797876,-1173.617359
8.265155,0.259786,-688.841823,-1173.617359
8.276154,0.242865,-688.819849,-1173.595386
8.287157,0.230380,-688.797876,-1173.551439
8.298158,0.224192,-688.775903,-1173.529466
8.309159,0.211731,-688.775903,-1173.507492
8.320157,0.190113,-688.753929,-1173.485519
8.331294,0.163269,-688.753929,-1173.441572
8.342263,0.157253,-688.688009,-1173.353679
8.353205,0.134073,-688.666036,-1173.331706
8.364159,0.123599,-688.666036,-1173.265786
8.375161,0.098246,-688.666036,-1173.221839
8.386162,0.082318,-688.622089,-1173.177892
8.397165,0.073165,-688.622089,-1173.079012
8.408176,0.053682,-688.578143,-1172.991119
8.419259,0.028947,-688.578143,-1172.925199
8.430164,-0.008917,-688.512223,-1172.837306
8.441164,-0.055522,-688.490249,-1172.727439
8.452162,-0.082335,-688.446303,-1172.573626
8.463166,-0.122864,-688.347423,-1172.463759
8.474165,-0.141757,-688.281503,-1172.331919
8.485320,-0.169110,-688.193609,-1172.145146
8.496188,-0.197758,-688.083743,-1171.969359
8.507165,-0.198228,-687.951903,-1171.793573
8.517169,-0.211770,-687.776116,-1171.617786
8.527169,-0.216307,-687.644276,-1171.474960
8.538169,-0.207573,-687.512436,-1171.321146
8.549169,-0.203792,-687.325663,-1171.167333
8.560167,-0.200709,-687.193823,-1170.991546
8.571170,-0.186073,-687.040010,-1170.815760
8.582266,-0.185712,-686.930143,-1170.683920
8.593172,-0.187040,-686.798303,-1170.596026
8.604169,-0.198748,-686.721397,-1170.486160
8.615172,-0.212184,-686.633503,-1170.420240
8.626177,-0.223562,-686.501663,-1170.310373
8.636376,-0.239561,-686.391797,-1170.266427
8.647223,-0.246797,-686.347850,-1170.200507
8.658174,-0.267580,-686.259957,-1170.090640
8.669174,-0.290743,-686.216010,-1170.024720
8.680173,-0.319483,-686.084170,-1169.936827
8.691177,-0.349380,-685.996277,-1169.837947
8.702177,-0.380087,-685.864437,-1169.706107
8.712367,-0.402694,-685.754570,-1169.574267
8.723239,-0.422041,-685.622730,-1169.398480
8.734184,-0.429211,-685.468917,-1169.211707
8.745181,-0.421416,-685.315104,-1168.948027
8.756178,-0.393483,-685.139317,-1168.728294
8.767182,-0.383891,-684.974517,-1168.530534
8.778181,-0.338765,-684.820704,-1168.277841
8.789183,-0.299521,-684.732810,-1168.124027
8.800249,-0.242050,-684.688864,-1168.014161
8.811183,-0.219785,-684.710837,-1167.926267
8.822184,-0.193714,-684.710837,-1167.882321
8.832180,-0.215924,-684.732810,-1167.882321
8.844182,-0.227121,-684.710837,-1167.882321
8.855189,-0.236543,-684.710837,-1167.860347
8.866190,-0.242808,-684.688864,-1167.882321
8.877347,-0.260299,-684.688864,-1167.882321
8.888185,-0.287788,-684.666890,-1167.904294
8.899185,-0.299275,-684.644917,-1167.860347
8.910185,-0.301878,-684.622944,-1167.882321
8.920183,-0.278888,-684.622944,-1167.860347
8.931185,-0.261879,-684.622944,-1167.882321
8.942407,-0.261606,-684.622944,-1167.926267
8.953258,-0.287897,-684.622944,-1167.882321
8.964184,-0.287015,-684.622944,-1167.882321
8.975189,-0.258011,-684.622944,-1167.882321
8.986192,-0.235149,-684.622944,-1167.860347
8.997189,-0.204056,-684.622944,-1167.882321
9.008190,-0.206416,-684.666890,-1167.904294
9.019350,-0.224775,-684.688864,-1167.926267
9.030266,-0.226037,-684.644917,-1167.926267
9.041190,-0.180206,-684.622944,-1167.926267
9.052188,-0.144229,-684.666890,-1167.926267
9.063192,-0.117493,-684.710837,-1168.014161
9.075192,-0.121584,-684.754784,-1168.014161
9.086339,-0.122498,-684.754784,-1168.014161
9.097205,-0.102854,-684.776757,-1168.014161
9.108191,-0.081502,-684.798730,-1168.058107
9.119196,-0.057186,-684.798730,-1168.124027
9.130196,-0.044399,-684.798730,-1168.124027
9.141199,-0.011145,-684.886624,-1168.189947
9.152193,0.020667,-684.974517,-1168.255867
9.163195,0.050906,-684.985504,-1168.365734
9.173377,0.065007,-685.095370,-1168.343760
9.184277,0.086445,-685.139317,-1168.442640
9.195199,0.109739,-685.227210,-1168.552507
9.206198,0.134794,-685.337077,-1168.618427
9.217198,0.166768,-685.468917,-1168.772240
9.228197,0.225326,-685.644704,-1168.882107
9.239202,0.288368,-685.864437,-1169.101840
9.250201,0.326287,-686.194037,-1169.354534
9.261334,0.304385,-686.501663,-1169.684133
9.271411,0.252952,-686.842250,-1170.002747
9.282357,0.163407,-686.974090,-1170.288400
9.293233,0.105254,-687.083956,-1170.552080
9.304200,0.070560,-687.061983,-1170.727866
9.315202,0.085012,-687.040010,-1170.925626
9.326204,0.153289,-686.996063,-1171.123386
9.337205,0.227436,-687.018036,-1171.343120
9.348202,0.273312,-687.083956,-1171.617786
9.358410,0.302315,-687.149876,-1171.925413
9.369281,0.339420,-687.237770,-1172.287973
9.380203,0.352854,-687.281716,-1172.595599
9.391245,0.348776,-687.413556,-1172.925199
9.402207,0.342518,-687.468490,-1173.265786
9.413216,0.347262,-687.512436,-1173.617359
9.424211,0.355483,-687.600330,-1173.979919
9.435213,0.392159,-687.710196,-1174.298532
9.446212,0.416649,-687.776116,-1174.716025
9.457348,0.415955,-687.864010,-1175.243385
9.468315,0.410364,-687.951903,-1175.726798
9.479281,0.410314,-688.061769,-1176.298105
9.490250,0.407608,-688.149663,-1176.836451
9.500212,0.380526,-688.149663,-1177.374798
9.511213,0.364916,-688.149663,-1178.033998
9.521212,0.373770,-688.127689,-1178.638264
9.532211,0.371499,-688.083743,-1179.330424
9.543214,0.325647,-688.039796,-1180.099490
9.554216,0.288467,-687.973876,-1180.879543
9.565214,0.237514,-687.951903,-1181.637623
9.576210,0.190226,-687.951903,-1182.351756
9.587214,0.172562,-687.907956,-1182.977996
9.598218,0.129712,-687.885983,-1183.549303
9.609218,0.081723,-687.864010,-1184.043703
9.620214,0.062443,-687.842036,-1184.461196
9.631339,0.051061,-687.776116,-1184.856716
9.642217,0.046353,-687.820063,-1185.131382
9.653217,0.049679,-687.820063,-1185.482955
9.664216,0.068756,-687.864010,-1185.834529
9.675218,0.108098,-687.885983,-1186.197089
9.686219,0.161629,-687.907956,-1186.548662
9.696217,0.175708,-687.951903,-1186.944182
9.707220,0.181700,-687.951903,-1187.394635
9.717242,0.189504,-687.951903,-1187.845088
9.727327,0.224917,-687.973876,-1188.295541
9.738293,0.261651,-687.951903,-1188.735008
9.749225,0.255856,-687.973876,-1189.207434
9.760222,0.275560,-688.017823,-1189.701834
9.771227,0.305163,-688.039796,-1190.196234
9.782225,0.331459,-688.083743,-1190.668661
9.793225,0.359103,-688.083743,-1191.228980
9.804227,0.357930,-688.127689,-1191.690420
9.815227,0.375624,-688.127689,-1192.173833
9.825415,0.393365,-688.127689,-1192.712180
9.836275,0.392150,-688.149663,-1193.217566
9.847230,0.405132,-688.215583,-1193.766900
9.858229,0.459660,-688.215583,-1194.426099
9.869249,0.498208,-688.259529,-1195.085299
9.880230,0.497174,-688.303476,-1195.821406
9.891234,0.498374,-688.303476,-1196.579485
9.902231,0.465682,-688.358409,-1197.414472
9.913231,0.435342,-688.303476,-1198.304392
9.924429,0.404061,-688.303476,-1199.370098
9.935355,0.344227,-688.270516,-1200.369884
9.946233,0.290363,-688.237556,-1201.215857
9.956230,0.230491,-688.127689,-1201.940977
9.967234,0.205323,-688.083743,-1202.699057
9.978233,0.143941,-688.017823,-1203.402203
9.989237,0.101261,-687.951903,-1204.149297
10.000231,0.051953,-687.907956,-1204.863430
10.011362,0.016810,-687.864010,-1205.577563
10.022234,0.020667,-687.864010,-1206.137883
10.033234,0.011285,-687.864010,-1206.643269
10.044232,-0.002814,-687.885983,-1207.082736
10.055237,-0.013024,-687.907956,-1207.434309
10.066237,0.036072,-687.951903,-1207.730949
10.077237,0.090246,-688.017823,-1208.060549
10.088234,0.131179,-688.061769,-1208.302255
10.099377,0.189675,-688.149663,-1208.631855
10.110238,0.239397,-688.237556,-1208.961455
10.121241,0.306633,-688.347423,-1209.269082
10.132240,0.409636,-688.490249,-1209.697562
10.143239,0.492461,-688.666036,-1210.213935
10.154241,0.547684,-688.907743,-1210.851161
10.165242,0.584810,-689.083529,-1211.510361
10.176238,0.592517,-689.325236,-1212.279427
10.186441,0.559363,-689.468062,-1213.059481
10.197285,0.527091,-689.533982,-1213.883480
10.208239,0.508407,-689.599902,-1214.795373
10.219242,0.461072,-689.621876,-1215.729240
10.230243,0.441460,-689.599902,-1216.652120
10.241251,0.427184,-689.512009,-1217.640919
10.252250,0.426292,-689.468062,-1218.640706
10.262468,0.398330,-689.424116,-1219.596545
10.272469,0.335739,-689.424116,-1220.409558
10.283382,0.271858,-689.336222,-1221.211585
10.294254,0.194128,-689.193396,-1222.013611
10.305255,0.180378,-689.061556,-1222.881558
10.316252,0.133330,-689.006623,-1223.749504
10.327257,0.088547,-688.841823,-1224.463637
10.338251,0.030710,-688.753929,-1225.089877
10.349251,-0.003156,-688.666036,-1225.595264
10.360384,0.013924,-688.622089,-1225.968810
10.371258,0.066818,-688.644063,-1226.331370
10.382255,0.101699,-688.688009,-1226.595050
10.393262,0.104591,-688.775903,-1226.814783
10.404251,0.125887,-688.841823,-1226.946623
10.414478,0.139089,-688.896756,-1227.089450
10.425332,0.202546,-688.973663,-1227.199316
10.436252,0.281618,-689.017609,-1227.353130
10.447252,0.351703,-689.149449,-1227.484970
10.458293,0.424346,-689.281289,-1227.704703
10.469255,0.485305,-689.446089,-1228.001343
10.480254,0.543249,-689.643849,-1228.341929
10.491262,0.564922,-689.797662,-1228.737449
10.501482,0.576221,-690.006409,-1229.121982
10.512344,0.591812,-690.182196,-1229.561449
10.523257,0.593420,-690.368969,-1230.121769
10.534258,0.562848,-690.610675,-1230.660115
10.545258,0.524623,-690.720542,-1231.242409
10.556256,0.443513,-690.819422,-1231.824702
10.567260,0.385200,-690.819422,-1232.352062
10.578259,0.328789,-690.841395,-1232.868435
10.589261,0.320643,-690.797449,-1233.373821
10.600381,0.353327,-690.731529,-1234.022034
10.611262,0.392141,-690.731529,-1234.615314
10.622262,0.379049,-690.764489,-1235.241554
10.633279,0.338383,-690.742515,-1235.911740
10.644262,0.310661,-690.731529,-1236.439100
10.655262,0.269342,-690.687582,-1237.021393
10.666264,0.230659,-690.632649,-1237.515793
10.677418,0.220761,-690.632649,-1238.043153
10.688280,0.212469,-690.566729,-1238.504593
10.699266,0.171843,-690.566729,-1238.998993
10.710267,0.099279,-690.456862,-1239.394513
10.721267,0.066425,-690.412915,-1239.746086
10.731266,0.046599,-690.368969,-1240.064699
10.742266,0.002331,-690.325022,-1240.372326
10.753268,-0.061965,-690.248115,-1240.570086
10.763484,-0.088796,-690.094302,-1240.646992
10.774338,-0.046965,-690.006409,-1240.690939
10.785267,0.031987,-689.962462,-1240.734886
10.796266,0.098929,-689.951476,-1240.778832
10.807270,0.130109,-690.050356,-1240.844752
10.818269,0.164499,-690.094302,-1240.910672
10.829270,0.168360,-690.094302,-1240.888699
10.840268,0.177292,-690.160222,-1240.998566
10.850476,0.191404,-690.182196,-1241.042512
10.861321,0.208457,-690.138249,-1241.130406
10.872274,0.235057,-690.182196,-1241.218299
10.882276,0.272632,-690.160222,-1241.394086
10.893274,0.284627,-690.160222,-1241.558885
10.904271,0.288996,-690.160222,-1241.756645
10.915275,0.276075,-690.160222,-1241.954405
10.927278,0.250559,0.021973,-0.296640
10.938377,0.248479,0.000000,-0.076907
10.948344,0.142861,-0.131840,0.098880
10.959276,0.134329,-0.230720,0.296640
10.970277,0.118521,-0.318613,0.351573
10.981277,0.092413,-0.351573,0.516373
10.992278,0.072880,-0.439467,0.582293
11.003278,0.086942,-0.538347,0.648213
11.014281,0.121653,-0.670186,0.703146
11.025414,0.128174,-0.802026,0.791040
11.036277,0.164731,-0.977813,0.824000
11.047278,0.126854,-1.219520,0.955840
11.058279,0.080126,-1.285440,1.318400
11.069280,0.009053,-2.691733,2.867519
11.080279,-0.204964,-4.196905,4.537492
11.091287,-0.281856,-5.647145,6.163518
11.102281,-0.286123,-7.075411,7.844478
11.113286,-0.325960,-8.327891,9.558397
11.124278,-0.296531,-9.492477,11.239357
11.135282,-0.218571,-10.492264,12.942289
11.146281,-0.027888,-11.426130,14.414502
11.157283,0.166427,-12.272103,15.568102
11.168279,0.286804,-13.173009,16.326182
11.179285,0.370663,-14.062929,16.919462
11.190286,0.386066,-15.117649,17.457808
11.201284,0.316088,-16.095462,17.941221
11.212283,0.247900,-16.952422,18.292795
11.223286,0.148121,-17.644581,18.699301
11.234312,0.054297,-18.215888,18.962981
11.245336,-0.044523,-18.666341,19.281594
11.255366,-0.127024,-18.908048,19.567248
11.267292,-0.173914,-19.127781,19.907834
11.278292,-0.180514,-19.127781,20.171514
11.289292,-0.136471,-19.105808,20.347301
11.299429,-0.036827,-19.039888,20.435194
11.310293,0.052817,-18.984954,20.391247
11.321291,0.063559,-18.995941,20.259407
11.332452,0.020428,-18.984954,20.061647
11.343294,-0.035282,-18.951994,19.995727
11.354295,-0.056789,-18.908048,19.984741
11.365294,-0.043780,-18.875088,19.984741
11.376295,-0.034026,-18.875088,20.039674
11.387297,-0.035091,-18.941008,20.039674
11.398298,-0.050577,-18.951994,20.039674
11.409459,-0.074284,-18.951994,20.039674
11.420326,-0.090083,-18.908048,20.083621
11.431298,-0.064434,-18.908048,20.083621
11.442299,-0.038792,-18.875088,20.039674
11.453299,-0.026883,-18.908048,20.039674
11.464295,-0.033076,-18.908048,20.039674
11.475297,-0.049600,-18.908048,19.995727
11.486297,-0.036874,-18.908048,20.039674
11.496476,-0.030110,-18.941008,19.995727
11.507435,-0.030415,-18.941008,19.995727
11.518354,-0.037387,-18.951994,19.984741
11.529309,-0.031971,-18.941008,19.984741
11.540301,-0.035515,-18.951994,20.039674
11.551305,-0.031845,-18.951994,19.984741
11.562303,-0.017208,-18.908048,20.039674
11.573305,-0.011591,-18.941008,19.995727
11.583528,-0.031427,-18.951994,19.951781
11.594381,-0.027730,-18.951994,19.951781
11.605305,-0.010986,-18.941008,19.984741
11.616303,0.006331,-18.941008,19.951781
11.627305,0.014228,-18.951994,19.951781
11.638305,0.034805,-18.941008,19.984741
11.649304,0.047676,-18.941008,19.984741
11.660303,0.045345,-18.941008,19.940794
11.670522,0.040444,-18.941008,19.951781
11.681388,0.040513,-18.941008,19.951781
11.692312,0.043153,-18.962981,19.940794
11.703310,1.252401,0.010987,0.043947
11.714312,1.494861,-0.076907,-0.175787
11.725312,1.809656,-0.516373,-0.714133
11.736315,1.979643,-0.834986,-1.065706
11.747315,1.893733,-0.988800,-1.241493
11.758537,1.570161,-1.164586,-1.131626
11.769441,1.065538,-0.955840,-0.999786
11.780310,0.589429,-0.670186,-0.736106
11.790313,0.093488,-0.219733,-0.307627
11.801331,-0.274192,0.109867,-0.065920
11.811316,-0.419029,0.186773,0.120853
11.822315,-0.325517,0.274667,0.252693
11.832499,-0.170558,0.131840,0.219733
11.843373,-0.051072,0.043947,0.131840
11.854311,0.013956,0.000000,0.043947
11.865311,0.038134,-0.032960,0.043947
11.876316,0.007477,0.000000,0.010987
11.887316,-0.057446,0.021973,0.087893
11.898320,-0.075024,0.054933,0.087893
11.908510,-1.275720,0.131840,0.175787
11.919356,-1.473099,0.285653,0.417493
11.930320,-1.863206,1.021760,1.153600
11.941321,-2.053366,2.098453,2.318186
11.952318,-1.895334,3.295999,3.658559
11.963323,-1.582607,4.504532,5.218665
11.974322,-1.078284,5.603198,6.613971
11.985323,-0.547082,6.372265,7.745598
11.995388,-0.096195,6.976531,8.547624
12.006322,0.249936,7.174291,8.910184
12.017322,0.419629,7.196265,9.173864
12.028320,0.393833,7.086398,9.327677
12.038322,0.221178,6.976531,9.448531
12.049323,0.015901,6.998505,9.635304
12.060323,-0.169747,7.119358,9.909970
12.071539,-0.274915,7.350078,10.415357
12.082447,-0.340946,7.701651,10.843837
12.093329,-0.387863,8.086184,11.437117
12.104325,-0.416655,8.481704,12.041383
12.115331,-0.394046,8.866237,12.678610
12.126329,-0.350603,9.283731,13.304849
12.137329,-0.307291,9.580370,13.975036
12.148330,-0.250321,9.953917,14.645222
12.159479,-0.178341,10.184637,15.370342
12.169433,-0.128758,10.360424,15.853755
12.180410,-0.073888,10.547197,16.436048
12.190332,-0.035129,10.701010,16.886502
12.201331,-0.023901,10.832850,17.282022
12.212329,-0.051598,10.964690,17.677541
12.223334,-0.081523,11.140477,18.040101
12.234334,-0.104750,11.316263,18.402661
12.245340,-0.140057,11.525010,18.754234
12.256454,-0.180828,11.777703,19.083834
12.267335,-0.248405,12.140263,19.380474
12.278354,-0.269993,12.502823,19.743034
12.289334,-0.271988,13.019196,19.951781
12.300332,-0.259599,13.535569,20.215461
12.311335,-0.272029,14.106876,20.468154
12.322367,-0.289732,14.711142,20.687887
12.333338,-0.274411,15.337382,20.885647
12.343520,-0.252095,15.952635,21.105380
12.354373,-0.238270,16.479995,21.325114
12.365338,-0.226086,17.018342,21.500900
12.376339,-0.216042,17.468795,21.687674
12.387339,-0.207043,17.820368,21.841487
12.398339,-0.225800,18.149968,22.017273
12.409339,-0.283325,18.435621,22.280953
12.420336,-0.374951,18.765221,22.588580
12.430521,-0.456190,19.127781,22.995087
12.441358,-0.506272,19.479354,23.489486
12.452338,-0.500265,19.808954,23.972900
12.463343,-0.478299,20.160527,24.544206
12.474342,-0.474589,20.424207,25.071566
12.485342,-0.478044,20.709861,25.675832
12.496343,-0.448640,20.951567,26.280099
12.506550,-0.408921,21.116367,26.928312
12.517411,-0.377616,21.281167,27.554552
12.528348,-0.352270,21.369060,28.180792
12.539378,-0.323089,21.380047,28.872951
12.550347,-0.336873,21.336100,29.587085
12.561346,-0.359431,21.303140,30.356151
12.572346,-0.365635,21.270180,31.202124
12.583347,-0.346169,21.270180,32.059084
12.594353,-0.305447,21.193274,33.014924
12.605466,-0.288319,21.138340,34.036683
12.616349,-0.213067,21.050447,34.948576
12.627352,-0.191431,21.017487,35.684683
12.638352,-0.127619,20.918607,36.310923
12.649353,-0.084978,20.863674,36.838282
12.660350,-0.092115,20.819727,37.332682
12.671357,-0.113301,20.819727,37.783135
12.682353,-0.097379,20.808741,38.145695
12.692566,-0.088017,20.819727,38.486282
12.703430,-0.078331,20.830714,38.771935
12.714355,-0.079879,20.863674,39.035615
12.725355,-0.086523,20.852687,39.277322
12.736353,-0.098077,20.896634,39.475082
12.747356,-0.123399,20.907620,39.617908
12.758357,-0.161891,20.940580,39.749748
12.769361,-0.196131,20.995514,39.793695
12.780355,-0.234394,21.028474,39.925535
12.791357,-0.278967,21.094394,40.090335
12.802357,-0.317798,21.116367,40.200201
12.813358,-0.357078,21.182287,40.419935
12.824379,-0.405555,21.237220,40.639668
12.835408,-0.459752,21.248207,40.980255
12.846358,-0.498709,21.325114,41.331828
12.856549,-0.491177,21.369060,41.760308
12.867365,-0.422423,21.369060,42.177801
12.878366,-0.368095,21.303140,42.551347
12.889364,-0.345641,21.270180,42.990814
12.900363,-0.326245,21.193274,43.320414
12.911365,-0.288716,21.171300,43.617054
12.922364,-0.245594,21.138340,43.924680
12.933366,-0.210083,21.094394,44.067507
12.944363,-0.209214,21.072420,44.133427
12.955366,-0.199573,21.083407,44.155400
12.966366,-0.190563,21.094394,44.155400
12.977364,-0.193072,21.138340,44.111454
12.988521,-0.222562,21.138340,44.056520
12.999396,-0.234694,21.149327,44.012574
13.010369,-0.252183,21.171300,43.968627
13.021368,-0.263737,21.182287,44.012574
13.031368,-0.261152,21.193274,44.012574
13.042368,-0.259578,21.160314,44.056520
13.052366,-0.254284,21.138340,44.012574
13.063369,-0.247104,21.138340,44.012574
13.073536,-0.239726,21.116367,44.012574
13.084450,-0.232148,21.116367,43.968627
13.094375,-0.219685,21.138340,43.924680
13.105370,-0.201908,21.094394,43.968627
13.116368,-0.189696,21.094394,43.924680
13.127372,-0.169651,21.072420,43.880734
13.138376,-0.151929,21.050447,43.836787
13.149374,-0.132446,21.017487,43.792840
13.160372,-1.298122,-0.021973,-0.065920
13.171371,-1.437152,0.065920,0.109867
13.182373,-1.569720,0.351573,0.362560
13.193375,-1.587490,0.417493,0.527360
13.204373,-1.493918,0.450453,0.637226
13.215374,-1.285006,0.494400,0.615253
13.226375,-0.966459,0.307627,0.604266
13.237385,-0.648945,0.120853,0.307627
13.247581,-0.367484,-0.120853,0.186773
13.258546,-0.216003,-0.230720,0.021973
13.269513,-0.135788,-0.197760,-0.032960
13.280472,-0.076370,-0.307627,-0.120853
13.291436,-0.047305,-0.318613,-0.142827
13.302397,-0.002210,-0.384533,-0.175787
13.313382,0.040246,-0.439467,-0.208747
13.324382,0.056601,-0.538347,-0.263680
13.335381,0.067761,-0.538347,-0.252693
13.346380,0.103577,-0.626240,-0.241707
13.357381,1.312835,-1.285440,-0.538347
13.368380,1.595087,-2.164373,-1.087680
13.379383,1.927940,-3.581652,-2.153386
13.390414,2.079766,-5.460372,-3.614612
13.401384,1.737918,-7.339091,-5.350505
13.412382,1.185007,-8.866237,-6.910611
13.423386,0.637193,-10.129704,-8.031251
13.434386,0.101826,-11.041597,-8.855251
13.445386,-0.319801,-11.711783,-9.327677
13.456384,-0.557066,-12.107303,-9.635304
13.467387,-0.558440,-12.283090,-9.745170
13.478388,-0.368587,-12.425916,-9.833064
13.489387,-0.077369,-12.645650,-10.085757
13.499392,0.232382,-13.085116,-10.437330
13.511389,0.467944,-13.711356,-11.151463
13.523388,0.613062,-14.590289,-12.107303
13.534391,0.664441,-15.568102,-13.008209
13.545531,0.585978,-16.523942,-14.128849
13.556413,0.492791,-17.501755,-14.985809
13.567390,0.366400,-18.446608,-15.710929
13.578393,0.286784,-19.435408,-16.359142
13.589394,0.190399,-20.446181,-16.985382
13.600390,0.079103,-21.423994,-17.446821
13.611392,0.013526,-22.379833,-17.886288
13.622394,0.033216,-23.236793,-18.270821
13.633597,0.092460,-24.170660,-18.655354
13.644437,0.172671,-25.038606,-19.105808
13.655394,0.270075,-25.829646,-19.622181
13.666395,0.389989,-26.664632,-20.303354
13.677395,0.497719,-27.477645,-21.083407
13.688394,0.553840,-28.433485,-22.105167
13.699398,0.597830,-29.532151,-23.170873
13.709617,0.577217,-30.674764,-24.313486
13.720563,0.520831,-31.729484,-25.368206
13.731547,0.442742,-32.872097,-26.346019
13.742417,0.320513,-33.948790,-27.312845
13.753400,0.227344,-34.959563,-28.279672
13.764398,0.105362,-35.959349,-29.246498
13.775401,0.072633,-36.959136,-30.180364
13.786402,0.056783,-37.991882,-30.971404
13.797400,0.108878,-39.068575,-31.707511
13.807595,0.137153,-40.266121,-32.399670
13.818459,0.163582,-41.419721,-33.069857
13.829402,0.185735,-42.617267,-33.783990
13.839403,0.250419,-43.671987,-34.421216
13.850405,0.284168,-44.572893,-35.190283
13.861404,0.358938,-45.539720,-36.047243
13.872446,0.408639,-46.638386,-36.970122
13.884405,0.484552,-47.791986,-38.112735
13.895421,0.511292,-49.209265,-39.244362
13.906495,0.489164,-50.516678,-40.595721
13.917408,0.449774,-51.879025,-41.881161
13.928401,0.421309,-53.131504,-43.067721
13.939408,0.324420,-54.307077,-44.034547
13.950405,0.266420,-55.713370,-45.067293
13.961407,0.221938,-57.196570,-46.045106
13.972406,0.156058,-58.712729,-47.154759
13.984419,0.069026,-60.217902,-48.308359
13.994636,-0.011352,-61.492355,-49.165319
14.004454,-0.067851,-62.327342,-49.813532
14.015425,-0.009405,-63.074435,-50.527665
14.025412,0.088685,-63.865474,-51.241798
14.036426,0.223841,-64.667501,-52.010865
14.046412,0.373277,-65.733207,-52.746971
14.057427,0.522695,-67.040620,-53.735771
14.068410,0.667519,-68.501846,-54.878384
14.079567,0.712346,-70.028993,-56.284677
14.090531,0.647683,-71.786859,-57.592090
14.101417,0.558328,-73.621632,-59.042329
14.112415,0.430256,-75.577258,-60.426649
14.123419,0.302529,-77.368084,-61.580248
14.134420,0.186498,-79.005097,-62.547075
14.145422,0.089376,-80.334483,-63.546861
14.156417,0.032773,-81.378216,-64.623554
14.167568,-0.016609,-82.345042,-65.821100
14.178420,0.048231,-83.465682,-66.886807
14.189420,0.070281,-84.663228,-67.974487
14.200419,0.114353,-85.838801,-68.941313
14.211421,0.223919,-87.080294,-69.963073
14.222422,0.376115,-88.343760,-71.083712
14.233422,0.549720,-89.761040,-72.292245
14.244422,0.689982,-91.343120,-73.643605
14.255579,0.794297,-93.243812,-75.401471
14.266442,0.722984,-95.331278,-77.126377
14.277424,0.454922,-97.330851,-78.708457
14.288421,0.227782,-98.825037,-80.004883
14.299422,0.059721,-100.022584,-81.202429
14.310424,-0.015114,-101.220130,-82.421949
14.321424,-0.059956,-102.439650,-83.740349
14.332422,-0.033723,-103.714103,-84.970855
14.343424,0.013651,-104.922636,-86.311228
14.354429,0.068832,-106.153142,-87.464827
14.365426,0.217614,-107.405622,-88.695334
14.376429,0.328567,-108.789941,-90.024720
14.387442,0.499095,-110.426954,-91.485946
14.398655,0.618185,-112.217780,-93.111972
14.409427,0.609765,-114.162420,-94.770959
14.419424,0.561684,-115.953246,-96.331065
14.429426,0.455249,-117.337565,-97.715384
14.440423,0.407039,-118.908658,-99.110691
14.451426,0.359192,-120.666524,-100.626850
14.462446,0.283724,-122.424390,-102.362743
14.473550,0.213309,-124.017457,-104.065676
14.484631,0.113069,-125.445723,-105.603809
14.495436,0.101254,-126.884976,-106.944182
14.506432,0.149004,-128.423109,-108.416395
14.517432,0.227612,-130.104068,-109.866634
14.528430,0.339844,-131.971801,-111.360820
14.538632,0.376927,-133.718680,-112.822047
14.549496,0.374611,-135.048067,-114.426099
14.560430,0.414627,-136.553240,-115.898312
14.571437,0.460758,-138.355052,-117.271645
14.582440,0.475863,-140.387585,-118.930631
14.593437,0.431815,-142.354198,-120.710471
14.604435,0.345623,-144.145024,-122.468337
14.615438,0.239988,-146.023743,-124.083377
14.626438,0.210841,-147.880490,-125.654469
14.637438,0.242974,-149.671316,-127.203589
14.648511,0.223442,-151.473128,-128.917508
14.659438,0.191285,-152.912381,-130.510575
14.670440,0.192410,-154.406568,-132.158574
14.681443,0.269892,-156.175420,-133.586840
14.692439,0.365585,-157.977233,-134.927213
14.702443,0.428190,-159.855953,-136.245613
14.714442,0.422345,-161.679739,-138.091372
14.725570,0.381683,-163.734245,-140.046999
14.736531,0.324290,-165.678884,-141.738945
14.747501,0.252901,-167.678457,-143.463851
14.758443,0.159278,-169.458296,-145.221717
14.769445,0.083372,-170.919523,-146.913663
14.780442,0.033777,-172.281869,-148.594623
14.791449,0.047590,-174.050722,-150.220649
14.802448,0.152294,-175.929441,-151.626942
14.813445,0.272725,-177.983947,-152.890408
14.824444,0.394296,-179.950560,-154.307688
14.834648,0.465852,-182.016053,-155.944700
14.845545,0.458635,-183.927732,-157.691580
14.856446,0.384594,-185.960265,-159.383526
14.867448,0.295735,-187.718131,-161.031526
14.878454,0.290876,-189.267251,-162.734458
14.889451,0.331256,-191.156957,-164.470351
14.900451,1.525729,-2.296213,-1.856746
14.911453,1.739645,-2.471999,-1.922666
14.922451,1.982461,-2.647786,-1.988586
14.933554,2.044023,-2.856532,-2.515946
14.944450,1.835861,-3.010346,-2.801599
14.955453,1.294482,-2.461013,-2.559893
14.966453,0.767755,-2.252266,-2.351146
14.977453,0.450564,-2.428053,-2.098453
14.988468,0.275970,-2.219306,-1.856746
14.999456,0.246269,-2.043519,-1.735893
15.010602,0.259635,-1.999573,-1.450240
15.020661,0.269975,-1.944639,-1.076693
15.031535,0.246991,-1.746879,-1.175573
15.042454,0.211457,-1.812799,-1.307413
15.053454,0.147892,-1.472213,-1.373333
15.064455,0.111544,-1.373333,-1.329386
15.074459,0.191052,-1.571093,-1.208533
15.085459,0.280851,-1.834773,-1.318400
15.097461,0.361135,-1.768853,-1.494186
15.108650,0.445554,-1.911679,-1.691946
15.119516,0.506853,-1.878719,-1.648000
15.130468,0.485870,-1.999573,-1.724906
15.141460,0.399473,-2.175359,-1.658986
15.152457,0.239899,-2.010559,-1.285440
15.163459,0.039394,-1.461226,-0.966826
15.174461,-0.087683,-1.175573,-0.889920
15.185463,-0.009097,-1.296426,-0.955840
15.196459,0.120239,-1.516160,-1.076693
15.207616,0.320155,-1.516160,-1.274453
15.218479,0.495054,-1.648000,-1.208533
15.229463,0.609811,-1.669973,-1.362346
15.240467,0.710665,-1.790826,-1.494186
15.251467,0.733235,-1.988586,-1.658986
15.262465,0.615421,-2.109439,-1.669973
15.273465,0.397046,-1.999573,-1.505173
15.284464,0.161691,-1.395306,-1.428266
15.295487,-0.007266,-1.252480,-1.021760
15.306473,-0.012573,-1.153600,-0.867946
15.317579,0.026417,-1.340373,-0.824000
15.328469,-1.088200,-2.592853,-1.615040
15.339473,-1.199459,-3.735466,-2.296213
15.350472,-1.373679,-4.328745,-2.702719
15.361473,-1.383213,-4.581439,-2.889492
15.372470,-1.203280,-4.735252,-3.109226
15.383475,-0.842988,-4.965972,-3.460799
15.393705,-0.434456,-5.350505,-3.999145
15.404534,-0.039656,-5.822932,-4.801172
15.415490,0.256946,-6.624958,-5.855892
15.426472,0.489291,-7.635731,-7.064425
15.437473,0.606315,-8.877224,-8.294931
15.448472,0.655617,-10.294504,-9.591357
15.459473,0.598269,-11.744743,-10.898770
15.469473,0.532674,-13.129063,-12.118290
15.480472,0.433261,-14.381542,-13.447676
15.490680,0.306304,-15.535142,-14.788049
15.501522,0.217972,-16.523942,-16.106449
15.512474,0.132328,-17.710501,-17.249062
15.523478,0.077104,-18.864101,-18.237861
15.534477,0.069562,-20.072634,-19.061861
15.545478,0.096885,-21.281167,-19.973754
15.556477,0.103694,-22.401807,-21.017487
15.567477,0.119076,-23.423566,-22.182073
15.577684,0.166298,-24.368419,-23.324686
15.588596,0.166174,-25.379192,-24.533219
15.599480,0.141692,-26.455885,-25.598926
15.610481,0.102683,-27.521592,-26.686605
15.621481,0.115146,-28.642232,-27.741325
15.632479,0.084949,-29.740898,-28.818018
15.643483,0.050740,-30.850551,-29.773858
15.654482,0.032255,-31.828364,-30.707724
15.665483,0.098477,-32.674337,-31.630604
15.676636,0.179819,-33.531297,-32.685324
15.687483,0.270049,-34.454176,-33.751030
15.698486,0.341561,-35.541856,-34.871670
15.709484,0.375737,-36.904202,-35.882443
15.720484,0.372004,-38.387402,-36.904202
15.731489,0.318577,-39.793695,-37.882015
15.742486,0.241468,-41.013215,-38.925748
15.753647,0.165076,-42.056948,-40.178228
15.764513,0.061579,-42.979827,-41.243934
15.775488,-0.017107,-43.836787,-42.276681
15.786487,-0.047922,-44.649800,-43.122654
15.797489,-0.016292,-45.451827,-43.902707
15.808487,0.003104,-46.308786,-44.649800
15.819492,0.025873,-47.209693,-45.341960
15.830491,0.079348,-48.187506,-46.045106
15.841492,0.113574,-49.165319,-46.781213
15.852566,0.198457,-50.187078,-47.671133
15.863493,0.244280,-51.109958,-48.517106
15.874513,0.338049,-51.955931,-49.516892
15.884491,0.351064,-52.867824,-50.461745
15.895526,0.382591,-53.944517,-51.692251
15.905497,0.375502,-55.153050,-52.779931
15.916494,1.560091,-1.164586,-1.098666
15.927496,1.772830,-1.362346,-1.054720
15.938498,2.075962,-1.757866,-1.362346
15.949498,2.141631,-2.263253,-1.867733
15.960497,1.917216,-2.713706,-2.054506
15.971499,1.390828,-2.746666,-1.812799
15.981562,0.712678,-2.076479,-1.417280
15.992674,0.107354,-1.329386,-1.285440
16.003500,-0.313958,-1.021760,-0.758080
16.014512,-0.506072,-0.824000,-0.571306
16.025498,-0.527039,-0.714133,-0.362560
16.036498,-0.347573,-0.637226,-0.175787
16.047501,-0.074983,-0.714133,-0.362560
16.058500,0.220158,-0.889920,-0.505387
16.069532,0.462574,-1.054720,-0.714133
16.080549,0.613637,-1.109653,-0.791040
16.091504,0.658859,-1.263466,-0.889920
16.102503,0.615523,-1.417280,-0.867946
16.113501,0.549897,-1.483200,-0.802026
16.124501,0.406706,-1.505173,-0.670186
16.134730,0.301260,-1.384320,-0.571306
16.145568,0.168977,-1.120640,-0.494400
16.156502,0.077298,-0.999786,-0.417493
16.167503,0.027096,-0.692160,-0.362560
16.178506,0.025178,-0.582293,-0.428480
16.189506,0.064239,-0.538347,-0.406507
16.200504,0.125138,-0.439467,-0.538347
16.211508,0.205971,-0.472427,-0.582293
16.221720,0.277027,-0.516373,-0.670186
16.232589,0.329334,-0.373547,-0.747093
16.243513,0.326840,-0.406507,-0.714133
16.254509,0.332243,-0.439467,-0.758080
16.265510,0.338655,-0.472427,-0.681173
16.276508,0.283360,-0.351573,-0.604266
16.287514,0.218480,-0.307627,-0.571306
16.298514,0.179845,-0.241707,-0.538347
16.309528,0.162400,-0.285653,-0.439467
16.320723,0.200867,-0.175787,-0.472427
16.331642,0.278529,-0.230720,-0.439467
16.342509,0.334503,-0.285653,-0.516373
16.353510,0.307924,-0.384533,-0.483413
16.364508,0.235447,-0.175787,-0.395520
16.375528,0.163707,-0.197760,-0.362560
16.386512,0.128883,-0.109867,-0.219733
16.397517,0.141041,-0.043947,-0.241707
16.408652,0.156871,-0.109867,-0.208747
16.419516,0.173675,-0.109867,-0.197760
16.430517,0.143700,-0.054933,-0.164800
16.441517,0.111708,-0.054933,-0.043947
16.452515,0.073539,-0.087893,0.021973
16.463524,0.076019,-0.032960,0.043947
16.474518,0.094169,-0.076907,0.065920
16.485520,0.120137,0.000000,0.054933
16.496562,0.142405,-0.065920,0.010987
16.507646,0.151202,-0.076907,0.000000
16.518524,0.123453,-0.054933,0.054933
16.529523,0.084116,0.032960,0.043947
16.540525,0.060061,0.032960,0.065920
16.551524,0.038302,0.054933,0.010987
16.562524,0.026249,0.065920,0.032960
16.573525,0.014249,0.065920,0.087893
16.584619,-0.009033,0.076907,0.175787
16.595524,-0.030239,0.043947,0.120853
16.606524,-0.073358,0.065920,0.153813
16.617528,-0.137285,0.087893,0.208747
16.628522,-0.221997,0.175787,0.230720
16.639524,-0.313972,0.186773,0.406507
16.650525,-0.382107,0.318613,0.527360
16.661672,-0.375758,0.307627,0.593280
16.671724,-0.339316,0.406507,0.560320
16.682536,-0.320606,0.406507,0.582293
16.693525,-0.321156,0.439467,0.659200
16.704545,-0.297415,0.483413,0.659200
16.715536,-0.259024,0.417493,0.659200
16.726535,-0.177071,0.494400,0.604266
16.737532,-0.100181,0.384533,0.604266
16.747758,-0.092820,0.439467,0.549333
16.758630,-0.145771,0.395520,0.505387
16.769534,-0.197225,0.494400,0.549333
16.780531,-0.280161,0.571306,0.582293
16.791536,-0.370557,0.615253,0.670186
16.802550,-0.417044,0.780053,0.593280
16.813537,-0.466110,0.922880,0.703146
16.824551,-0.506041,1.219520,0.692160
16.835538,-0.528151,1.340373,0.637226
16.845745,-0.424829,1.318400,0.725120
16.856597,-0.371329,1.164586,0.824000
16.867541,-0.229418,1.153600,0.780053
16.878554,-0.166464,1.032746,0.889920
16.889539,-0.105919,0.922880,0.977813
16.900538,-0.109741,0.878933,0.922880
16.911539,-0.109628,0.845973,0.900906
16.922544,-0.139777,0.856960,0.955840
16.932776,-0.201279,0.824000,0.966826
16.943629,-0.286628,0.834986,0.999786
16.954540,-0.380076,1.021760,1.076693
16.965539,-0.469170,1.120640,1.054720
16.976538,-0.514305,1.197546,1.120640
16.987541,-0.501626,1.120640,1.285440
16.997545,-0.387880,1.164586,1.098666
17.008543,-0.264286,1.164586,1.142613
17.018755,-0.194734,1.285440,1.021760
17.029694,-0.145623,1.153600,0.856960
17.040561,-0.167824,1.175573,0.889920
17.051546,-0.245312,1.175573,1.076693
17.062546,-0.370787,1.208533,1.362346
17.073546,-0.508457,1.197546,1.571093
17.084546,-0.633595,1.219520,1.735893
17.095570,-0.682339,1.428266,1.812799
17.105744,-0.583280,1.505173,1.812799
17.116615,-0.472223,1.395306,1.637013
17.127546,-0.324165,1.406293,1.604053
17.138565,-0.210544,1.043733,1.560106
17.149548,-0.102579,1.087680,1.384320
17.160547,-0.055656,1.175573,1.175573
17.171549,-0.091429,1.428266,1.175573
17.182550,-0.171106,1.329386,1.219520
17.193551,-0.227972,1.417280,1.604053
17.204692,-0.270510,1.461226,1.812799
17.215550,-0.342227,1.494186,1.735893
17.226552,-0.446186,1.582080,1.834773
17.237557,-0.506576,1.757866,1.812799
17.248552,-0.548710,2.087466,1.845759
17.259552,-0.533392,1.977599,2.043519
17.270554,-0.403718,1.637013,1.867733
17.281555,-0.276322,1.648000,1.516160
17.292689,-0.168170,1.812799,1.417280
17.303568,-0.111998,1.834773,1.582080
17.314556,-0.113384,1.757866,1.735893
17.325556,-1.420456,3.559679,3.504746
17.336551,-1.761524,5.515305,5.691092
17.347554,-2.173524,8.272958,8.218024
17.358555,-2.280033,11.492050,11.195410
17.368754,-2.076729,14.381542,14.150822
17.378745,-1.586631,17.227088,16.326182
17.390718,-0.917443,20.017701,19.336528
17.401630,-0.385032,22.368847,21.731620
17.411557,-0.103501,24.434339,23.830073
17.422563,-0.041479,26.389966,25.774712
17.433559,0.010857,28.477432,27.653432
17.444558,-0.045828,30.169378,29.466231
17.455561,-0.110097,31.828364,31.268044
17.466562,-0.154083,33.948790,32.751244
17.477631,-0.171646,36.113163,34.333323
17.488729,-0.186939,38.233589,36.201056
17.499565,-0.292667,40.277108,38.244575
17.510672,-0.406773,42.430494,40.606708
17.520763,-0.529728,44.847560,42.760094
17.531564,-0.670076,47.209693,44.957427
17.542692,-0.670092,49.363079,47.418439
17.554567,-0.598297,51.900998,49.747612
17.566573,-0.383167,54.746544,51.725211
17.577568,-0.239225,57.218543,53.900571
17.588565,-0.229307,59.262062,56.372570
17.599574,-0.266503,61.327555,58.833583
17.610572,-0.373330,63.546861,61.250649
17.621726,-0.537819,65.799127,63.700674
17.632570,-0.686731,67.897580,66.018860
17.643608,-0.690554,70.435499,68.402966
17.654572,-0.533302,73.138218,70.512406
17.665588,-0.439731,75.665151,73.006378
17.676571,-0.333499,78.148137,75.544298
17.687572,-0.270356,80.697043,78.049257
17.698685,-0.243382,83.223975,80.444349
17.708760,-0.324847,85.212561,82.630696
17.719715,-0.444401,87.124241,85.069735
17.730682,-0.424914,89.541307,87.124241
17.741574,-0.361519,91.914426,89.266640
17.752571,-0.312237,94.298532,92.024293
17.763580,-0.309419,96.726585,94.737999
17.774575,-0.336880,99.473251,97.385784
17.785576,-0.360680,101.901303,99.835810
17.796575,-0.422684,103.922849,102.406690
17.807579,-0.442391,106.284982,104.680929
17.818578,-0.404313,108.855861,106.779382
17.829727,-0.366958,111.349834,109.723807
17.840577,-0.338411,113.766900,112.338633
17.851578,-0.359020,116.403699,114.953459
17.862588,-0.390025,118.996551,117.524339
17.873583,-0.400302,121.095004,120.227058
17.884583,-0.386032,123.567003,122.721030
17.895584,-0.408895,125.984069,124.863430
17.906589,-0.348386,128.456069,127.522202
17.917725,-0.317736,130.829188,130.433668
17.927601,-0.279729,133.092441,132.916654
17.939586,-0.236742,135.564440,135.905026
17.949585,-0.223457,137.860652,138.388012
17.960584,-0.103721,139.904172,140.673238
17.971584,-0.066366,142.486038,142.826624
17.982585,-0.121184,145.144810,145.584277
17.992813,-0.168733,147.704703,148.166143
18.002788,-0.319180,149.913022,150.660115
18.013702,-0.448638,152.385022,153.318888
18.024586,-0.497067,155.076754,156.230354
18.035586,-0.503507,157.438887,158.922086
18.046588,-0.528056,160.339366,161.449019
18.057588,-0.458251,163.327738,164.448378
18.068587,-0.416857,165.986511,167.370830
18.079589,-0.451913,168.502457,170.271310
18.090736,-0.393072,171.271096,173.512375
18.101590,-0.319920,173.841975,176.335948
18.112589,-0.212596,176.094241,178.731040
18.123592,-0.201239,178.862880,181.587573
18.134595,-0.179357,181.631520,184.246345
18.145594,-0.209067,184.224372,186.905118
18.156590,-0.313133,186.696371,189.629810
18.167591,-0.372995,189.399091,192.629170
18.178754,-0.371722,191.904050,195.562609
18.189615,-0.297153,194.145329,198.386181
18.200591,-0.296559,196.990875,201.495407
18.211594,-0.270675,199.770501,204.362926
18.222594,-0.267905,202.231513,207.131565
18.233594,-0.342432,204.538713,210.032044
18.244599,-0.326995,207.076632,212.789697
18.255596,-0.324061,209.493698,215.272683
18.266597,-0.340501,211.658071,218.162175
18.277672,-0.321731,214.393750,221.095614
18.288598,-0.318779,217.305216,223.831294
18.298601,-0.310831,220.051881,226.325266
18.309598,-0.371360,222.348094,229.324625
18.320596,-0.352206,224.589373,231.807611
18.331598,-0.347024,226.874599,234.653157
18.342601,-0.397585,228.907132,237.630543
18.353734,-0.366532,231.456038,240.827662
18.364697,-0.380726,234.389477,243.706168
18.375602,-0.276302,236.971343,246.672567
18.386602,-0.218685,239.168676,249.309366
18.397606,-0.219760,241.223182,251.858272
18.408601,-0.259969,243.409528,254.714805
18.419603,-0.363883,245.562914,257.472457
18.430603,-0.495756,247.584460,260.153203
18.441796,-0.722037,250.243233,263.207495
18.452670,-0.882467,253.099765,266.107974
18.463611,-0.837053,255.626698,268.492080
18.474608,-0.728976,257.725150,271.106906
18.485607,-0.677905,259.647816,273.611866
18.496606,-0.582636,261.504563,275.995972
18.507624,-0.551720,263.328349,278.314158
18.518609,-0.561955,264.844508,280.632344
18.529630,-0.524070,266.569414,282.895596
18.540770,-0.421073,268.448134,284.939116
18.551632,-0.252501,270.260933,286.510208
18.562612,-0.068792,271.766106,288.169195
18.573612,0.108613,273.062532,289.872127
18.584609,0.258574,274.128239,291.366314
18.595612,0.341081,275.062105,292.783593
18.606613,0.397224,275.897092,294.112980
18.617619,0.380952,276.797998,295.464339
18.627812,0.419412,277.841731,296.914579
18.638672,0.453984,278.918424,298.551592
18.649631,0.545695,280.324717,300.408338
18.660614,0.724997,281.741997,302.221137
18.671618,0.880860,283.236183,304.011963
18.682614,0.957095,285.752129,306.703696
18.693618,0.949134,289.311808,310.538041
18.704616,0.686983,293.146153,314.471267
18.715757,0.172195,297.903378,319.547105
18.726729,-0.305359,303.869137,325.941343
18.737684,-0.884770,312.142094,334.368114
18.748650,-1.498530,320.975372,343.728751
18.759622,-2.021417,332.599261,355.726188
18.771625,-2.435150,344.530778,368.833277
18.782623,-2.614146,356.956694,381.094394
18.793626,-2.395352,370.228584,393.531297
18.804628,-1.987142,382.533647,405.825373
18.815623,-1.329283,392.970977,415.999023
18.827623,-0.904375,403.441267,427.699820
18.838623,-0.498516,412.703024,436.478164
18.849634,-0.290216,421.701102,445.256508
18.860625,0.140790,429.501633,452.738426
18.871629,0.788719,437.104404,460.187384
18.882762,1.142192,444.201788,466.295969
18.893631,1.322284,449.200720,471.514634
18.904634,1.461775,453.903012,476.129032
18.915627,1.370689,458.407544,480.271004
18.926628,1.124302,462.461623,483.512070
18.937630,0.850425,465.867489,486.830042
18.948649,0.545962,469.471114,490.093081
18.959628,0.212001,472.745140,493.433027
18.970766,-0.101409,476.183966,497.201453
18.981628,-0.303175,479.655751,500.409558
18.992649,-0.446169,482.523270,503.145238
19.003632,-0.512396,486.181829,506.671957
19.014635,-0.459399,489.422895,509.880062
19.025633,-0.384756,492.257454,512.989288
19.036639,-0.251779,495.037080,516.142460
19.046826,-0.110026,497.574999,518.592486
19.057732,-0.078137,499.596545,520.646992
19.068697,-0.079449,502.321238,523.064058
19.079660,-0.087201,505.012970,525.426191
19.090651,-0.141763,507.375103,527.645497
19.101639,-0.223500,509.363689,529.787896
19.112641,-0.318123,511.198462,531.853389
19.123633,-0.388789,512.626728,533.732109
19.134766,-0.380151,513.681448,535.050508
19.144855,-0.391497,514.197821,535.632801
19.154823,-0.373259,514.153874,535.654775
19.166639,-0.309675,513.813288,535.182348
19.177640,-0.016452,512.538835,534.006775
19.188647,0.343369,510.363475,531.853389
19.198639,0.723520,507.331156,529.260537
19.209655,1.101501,503.200171,525.305338
19.219726,1.457183,498.014466,520.427259
19.229763,1.788736,492.125614,514.846034
19.241658,2.018535,484.588763,507.232276
19.252646,1.901987,475.041353,498.629719
19.263639,2.029884,464.955596,488.554949
19.274649,1.888167,454.430372,478.359325
19.285645,1.746354,443.707389,466.867275
19.296649,1.539114,431.017792,454.825892
19.307644,1.187922,418.899503,442.520829
19.318647,0.943497,406.572466,430.018006
19.329663,0.717016,393.146764,417.493210
19.340651,0.498826,381.314127,405.155187
19.351662,0.248336,368.976104,392.817164
19.362649,0.446900,356.044801,379.907834
19.373799,0.741921,343.695791,366.526078
19.384760,1.039093,331.566515,354.242988
19.395703,1.426279,318.602252,341.015046
19.406651,1.972527,306.670736,328.874783
19.417649,2.276907,294.134953,316.426893
19.428658,2.595409,281.566210,303.649403
19.439648,2.892380,269.305094,291.454207
19.450648,3.045588,256.890164,278.764611
19.460854,3.181214,244.255501,266.536454
19.471699,3.393410,232.983184,254.077578
19.482655,3.248081,220.963775,241.585742
19.493654,2.805852,208.417005,229.522385
19.504665,2.376979,195.848262,217.019562
19.515652,2.121868,183.795892,204.780419
19.526654,1.812243,171.260109,192.574236
19.537655,1.578044,158.636433,180.192267
19.547837,1.329805,146.649983,167.953124
19.557696,1.237828,135.410627,157.263100
19.568654,1.197188,123.951537,144.749290
19.578654,1.364201,111.624500,133.476974
19.589654,1.359143,99.572130,121.589404
19.600660,1.645279,86.684774,109.020661
19.611655,2.064436,74.258858,96.891385
19.622659,2.635365,62.019715,84.542375
19.632859,3.110349,49.396039,71.830805
19.643780,3.606999,38.222602,59.591662
19.654658,3.904000,25.554979,47.242653
19.665674,4.029470,13.052156,34.454176
19.676663,4.151356,0.307627,22.083193
19.687658,4.365240,-12.557756,9.844050
19.697659,4.315256,-23.643300,-1.626026
19.708662,4.331070,-34.981536,-14.359569
19.718789,4.096976,-47.286599,-26.587725
19.729660,3.671600,-59.163182,-39.112522
19.740662,3.308668,-71.149632,-51.615345
19.751664,2.639999,-83.586535,-63.942381
19.762663,1.962581,-95.869625,-75.972777
19.773664,1.607614,-108.229621,-88.948027
19.783660,1.179400,-120.227058,-99.956664
19.794664,0.770482,-131.982788,-111.932127
19.805798,0.666550,-145.419477,-125.874203
19.816665,0.754596,-157.383953,-138.091372
19.827663,0.825354,-169.656056,-150.165716
19.838666,0.882481,-182.554399,-162.767418
19.849666,1.155349,-194.551836,-174.951628
19.860668,1.536481,-206.944792,-187.190771
19.871667,1.835208,-220.007935,-199.616688
19.882672,2.044735,-231.939451,-211.702017
19.892872,2.000245,-244.200568,-223.985107
19.903671,2.105114,-255.747551,-236.257210
19.914672,2.009410,-268.316294,-248.430433
19.925673,1.718644,-280.291757,-260.427870
19.936674,1.441089,-293.058260,-273.073519
19.947671,1.396706,-305.011750,-285.301675
19.958674,1.128741,-317.624439,-297.408979
19.969674,0.628787,-330.127262,-309.878842
19.979872,0.163519,-342.366405,-322.590411
19.990743,0.022069,-353.715629,-334.510941
20.001689,-0.181023,-366.152532,-346.695151
20.012677,-0.234620,-378.710288,-359.560533
20.023675,-0.178621,-390.718711,-371.821650
20.034676,0.003840,-403.441267,-384.159673
20.045675,0.379759,-415.823237,-396.981109
20.056676,0.596860,-428.018433,-408.923612
20.067828,0.786393,-440.510269,-422.755821
20.078694,1.239916,-453.155919,-435.082858
20.089677,1.556093,-464.999542,-447.882321
20.100685,1.722087,-477.568285,-460.198370
20.111677,1.767371,-490.598468,-472.228767
20.122677,1.699145,-502.288278,-484.984283
20.133678,1.511146,-514.626301,-497.146519
20.144684,0.780671,-525.997497,-508.001343
20.154854,0.345838,-535.808588,-518.493606
20.165693,0.009277,-545.345012,-528.546403
20.176683,-0.561404,-554.716636,-538.621174
20.187682,-0.866714,-564.198126,-547.981811
20.198682,-1.004388,-573.009430,-557.342448
20.209681,-1.232860,-581.590014,-565.758232
20.220682,-1.499551,-589.269692,-574.206977
20.231681,-1.425658,-596.773583,-581.568041
20.242865,-1.305570,-603.277688,-590.104678
20.253733,-0.977019,-610.221259,-597.015290
20.264686,-0.831073,-616.417737,-604.024781
20.275684,-0.565648,-621.746269,-610.869472
20.286686,-0.245986,-628.118534,-617.384564
20.297686,0.051801,-634.315012,-624.943388
20.308709,0.328291,-640.961943,-632.765893
20.320690,0.585262,-648.762474,-641.456343
20.331798,0.662862,-656.211432,-650.542314
20.342875,0.782699,-664.308603,-659.869991
20.353832,0.744858,-673.339640,-669.615162
20.364807,0.706537,-683.480331,-679.887692
20.375759,1.062548,-692.390515,-690.226142
20.386730,1.094948,-702.959685,-702.355419
20.397698,1.117429,-715.385601,-714.572588
20.408697,0.922281,-728.174078,-726.877651
20.419695,0.880005,-739.995727,-739.786981
20.430694,0.766339,-752.300790,-752.300790
20.441693,0.911108,-765.045320,-764.792627
20.452694,1.097729,-777.910703,-777.515183
20.463692,1.691501,-789.710379,-790.094913
20.474698,2.127509,-802.432936,-802.971282
20.485696,2.601515,-815.166478,-815.133518
20.496696,3.144800,-827.493515,-827.834101
20.507695,3.540564,-839.765618,-840.446791
20.518698,3.811304,-852.422254,-852.916654
20.529696,3.907397,-864.881130,-865.353557
20.540696,3.875930,-877.010407,-877.702567
20.550698,3.543665,-889.260537,-889.007843
20.561701,3.199399,-902.246773,-901.433760
20.572699,2.851317,-914.112369,-913.617969
20.583699,2.289065,-926.340526,-925.714286
20.594875,1.697793,-939.238868,-939.030122
20.606701,1.347163,-951.247291,-951.796625
20.618702,1.035318,-964.662008,-965.167394
20.629703,1.079001,-978.131657,-977.208777
20.639888,1.173883,-990.909146,-990.140080
20.650790,1.489059,-1002.027650,-1002.324290
20.661701,2.001844,-1014.420606,-1014.211859
20.672715,2.493972,-1026.846522,-1027.593616
20.683702,3.195947,-1039.569079,-1039.865719
20.694707,4.013938,-1051.852168,-1052.170782
20.705769,4.660879,-1064.387951,-1065.124058
20.717707,5.311965,-1076.747948,-1078.220161
20.728707,5.817931,-1090.744957,-1090.920743
20.739706,5.991287,-1103.258766,-1103.632313
20.750706,6.051583,-1115.574816,-1116.827296
20.761705,6.135752,-1127.759026,-1129.242225
20.772707,5.915049,-1140.602435,-1142.129582
20.783749,5.521332,-1152.775658,-1154.731285
20.794834,4.832745,-1164.839015,-1167.717521
20.805853,4.135699,-1177.199011,-1180.033570
20.817712,3.456935,-1189.932554,-1192.404553
20.828710,2.972607,-1202.699057,-1205.467696
20.839709,2.619714,-1215.135960,-1218.135319
20.850712,2.353042,-1228.418836,-1230.341502
20.861714,2.278733,-1239.987793,-1243.217872
20.872713,2.558752,-1252.622456,-1255.610828
20.882723,2.990505,-1265.279092,-1266.619465
20.893717,3.311426,-1277.309488,-1279.385968
20.904716,3.782110,-1289.790338,-1291.702017
20.915714,4.193190,-1302.249214,-1304.007080
20.926714,4.433099,-1314.774010,-1316.586810
20.937721,4.410351,-1327.144993,-1328.990753
20.948715,4.471745,-1339.131443,-1341.142003
20.959713,4.102600,-1352.029786,-1353.721732
20.970717,3.565725,-1364.543596,-1366.246529
20.981715,2.946202,-1376.475112,-1378.419752
20.992732,2.030558,-1389.208655,-1390.658895
21.003718,1.168177,-1401.293985,-1403.172704
21.014719,0.391346,-1413.148595,-1414.752647
21.025719,-0.595236,-1423.651845,-1425.937071
21.036717,-0.735529,-1434.649495,-1437.495041
21.047717,-1.111309,-1446.064638,-1448.778344
21.058719,-1.293367,-1457.260048,-1460.336314
21.069719,-0.862998,-1468.015992,-1471.322977
21.080723,-0.158808,-1480.354015,-1483.023774
21.091720,0.279306,-1492.219611,-1495.735343
21.102725,0.864513,-1504.953154,-1508.007447
21.114723,1.308251,-1517.642750,-1522.235176
21.124949,1.555346,-1531.178320,-1534.232612
21.135810,1.824923,-1542.143010,-1546.669515
21.146724,1.902098,-1554.876553,-1559.183325
21.157723,1.681997,-1567.137669,-1571.411481
21.168723,1.238121,-1578.827479,-1583.650624
21.179722,0.787248,-1591.330302,-1595.637074
21.190726,0.091693,-1603.108005,-1607.326884
21.201725,-0.527429,-1613.699149,-1618.335520
21.212932,-0.838293,-1624.839625,-1629.651784
21.223762,-0.902547,-1635.156102,-1640.352794
21.234726,-0.859144,-1646.549272,-1651.658071
21.245760,-0.596170,-1658.359935,-1663.084201
21.256732,-0.049180,-1669.269692,-1674.894864
21.266731,0.492670,-1680.168462,-1685.277261
21.277732,1.109155,-1692.517472,-1697.384564
21.289732,1.493933,-1704.767602,-1711.656240
21.300924,1.812202,-1717.226478,-1724.972076
21.311759,1.691331,-1729.157994,-1735.629139
21.322732,1.602483,-1739.265725,-1747.110202
21.333731,1.313612,-1749.703055,-1756.800439
21.344732,0.794670,-1758.657186,-1766.534623
21.355732,0.282804,-1766.897183,-1774.269234
21.366734,-0.681743,-1772.873928,-1781.575365
21.377734,-1.631191,-1777.598193,-1786.442457
21.388840,-2.342272,-1780.575579,-1790.221870
21.399736,-2.847262,-1782.080752,-1791.770989
21.410741,-3.063143,-1782.410352,-1791.792962
21.421738,-3.010841,-1782.058779,-1791.089816
21.432738,-2.597229,-1781.696219,-1790.221870
21.443737,-1.939349,-1781.344646,-1789.266030
21.454740,-1.113756,-1781.476485,-1788.650777
21.465739,-0.298148,-1782.058779,-1788.826563
21.476881,0.412674,-1783.091525,-1789.540696
21.487737,0.986857,-1784.761498,-1790.760216
21.498741,1.327540,-1786.772057,-1792.276376
21.509741,1.484679,-1789.090243,-1794.155095
21.520741,1.370873,-1792.122562,-1796.231574
21.531740,1.055526,-1794.924162,-1798.176214
21.542763,0.595240,-1797.418134,-1800.109867
21.553743,0.072511,-1799.692373,-1801.516160
21.565741,-0.417390,-1801.527146,-1802.515946
21.576942,-0.799625,-1802.977386,-1803.186132
21.586927,-0.995850,-1803.823359,-1803.570666
21.597793,-1.005491,-1804.262825,-1803.933226
21.608743,-0.807333,-1804.669332,-1804.416639
21.619742,-0.481920,-1805.152745,-1805.141758
21.630748,-0.061698,-1805.877865,-1806.295358
21.641753,0.379284,-1806.954558,-1807.888424
21.651745,0.746572,-1808.690451,-1809.360637
21.663749,1.003941,-1810.679037,-1811.019623
21.674861,1.087501,-1812.733543,-1812.777490
21.685759,1.013407,-1814.271676,-1814.227729
21.696747,0.761618,-1815.414289,-1815.293435
21.707747,0.349406,-1816.128422,-1815.787835
21.718749,-0.075390,-1816.216315,-1815.655995
21.729749,-0.503469,-1815.930662,-1815.205542
21.739749,-0.920828,-1815.524155,-1814.491409
21.750753,-1.241130,-1814.919889,-1813.238929
21.761913,-1.426874,-1814.007996,-1811.579943
21.771781,-1.373654,-1813.096103,-1810.162664
21.782754,-1.157224,-1812.338023,-1808.690451
21.793752,-0.663846,-1812.041383,-1807.624744
21.803749,-0.045720,-1812.261116,-1807.339091
21.813751,0.627252,-1812.821436,-1807.624744
21.824753,1.269846,-1813.887143,-1808.338878
21.835751,1.786932,-1815.337382,-1809.448531
21.845950,2.167349,-1817.128208,-1810.602130
21.856807,2.432356,-1818.842128,-1811.733757
21.867755,2.388296,-1820.534074,-1812.535783
21.878757,2.109227,-1821.105380,-1812.491836
21.890759,1.628068,-1820.709861,-1811.448103
21.901761,0.751103,-1818.930021,-1809.294717
21.912760,-0.225372,-1815.842769,-1805.273598
21.922944,-1.185682,-1811.019623,-1800.494400
21.933802,-2.139710,-1804.284799,-1792.221442
21.944772,-2.982403,-1794.363842,-1782.487259
21.955756,-3.509277,-1783.673818,-1769.512009
21.966759,-3.523761,-1771.017182,-1757.371746
21.977760,-3.299983,-1758.096866,-1745.396283
21.988760,-2.855183,-1744.792016,-1732.256233
22.000798,-2.399170,-1732.673727,-1719.083224
22.010943,-1.822549,-1719.368877,-1706.866054
22.021827,-1.552220,-1707.964721,-1694.484085
22.032765,-1.197813,-1695.143284,-1681.992248
22.043764,-0.914158,-1682.080142,-1669.786065
22.054766,-0.940389,-1669.588305,-1657.459029
22.065766,-0.985997,-1657.217322,-1644.758446
22.076764,-1.115786,-1644.209113,-1632.508316
22.087764,-1.646939,-1631.717277,-1620.368053
22.097994,-1.956907,-1619.170507,-1607.865230
22.108878,-2.403401,-1607.920164,-1595.373394
22.119785,-2.724612,-1595.362407,-1583.408918
22.130771,-2.882759,-1582.595904,-1571.015961
22.141778,-3.010052,-1570.664388,-1559.084445
22.152770,-3.071250,-1557.722098,-1546.801355
22.163768,-3.071865,-1544.856716,-1534.397412
22.174770,-3.007123,-1532.848292,-1522.652669
22.185771,-2.705026,-1520.070803,-1510.336619
22.196873,-2.420377,-1507.458113,-1497.251503
22.207770,-1.894684,-1495.164037,-1484.913480
22.218773,-1.431535,-1483.089694,-1473.146764
22.229786,-1.019185,-1470.422071,-1461.105380
22.240773,-0.747848,-1458.534501,-1448.877224
22.251771,-1.059993,-1446.240425,-1437.077548
22.262773,-0.054652,-1435.088961,-1426.024964
22.272941,0.448554,-1425.146031,-1416.774194
22.283906,0.550194,-1416.543474,-1407.589343
22.294973,0.957395,-1408.545183,-1399.975585
22.305779,1.189110,-1400.535905,-1393.064974
22.316774,1.213913,-1393.141881,-1387.088229
22.327773,1.219588,-1387.560656,-1381.078524
22.338780,0.799024,-1387.296976,-1375.804926
22.349779,0.683479,-1385.967589,-1371.157567
22.360782,0.817634,-1384.704123,-1367.345195
22.370973,0.792577,-1384.572283,-1364.038209
22.382794,0.759742,-1385.572069,-1361.104770
22.394784,0.722820,-1386.681722,-1358.435011
22.405780,0.354212,-1387.758415,-1356.237678
22.416781,0.407809,-1388.879055,-1354.611652
22.427778,0.490552,-1390.065615,-1353.765679
22.438779,0.614693,-1391.175268,-1353.370159
22.449783,0.685962,-1392.339854,-1353.359172
22.460787,0.655717,-1393.965880,-1353.589892
22.471782,0.770082,-1396.053346,-1354.029359
22.482893,0.558086,-1398.525346,-1354.930265
22.492977,0.683405,-1401.107212,-1355.995972
22.503839,0.484349,-1403.908811,-1357.435224
22.514784,0.628755,-1407.479476,-1359.061251
22.525785,0.500139,-1410.533769,-1360.994903
22.536784,0.662897,-1414.313181,-1363.422956
22.547782,0.620837,-1418.345286,-1366.158635
22.558789,0.783024,-1422.860805,-1369.245888
22.569815,0.668928,-1427.497177,-1371.948607
22.580006,0.754804,-1432.869655,-1375.717032
22.589989,0.631439,-1438.033387,-1379.551378
22.600842,0.690485,-1443.603626,-1384.176763
22.611789,0.597725,-1449.448531,-1388.703269
22.622790,0.659240,-1455.908689,-1393.108921
22.633790,0.650965,-1462.544633,-1398.195746
22.644792,0.813194,-1468.993805,-1402.898038
22.655789,1.129562,-1476.530656,-1404.040651
22.666793,0.132067,-1483.155614,-1405.820490
22.677918,-0.795634,-1488.198492,-1406.974090
22.688790,0.712466,-1493.691824,-1407.864010
22.699798,0.366647,-1500.536515,-1410.039369
22.710799,1.621526,-1507.787713,-1413.906674
22.721799,2.499696,-1516.972564,-1418.982513
22.732797,2.241394,-1525.849788,-1424.420911
22.743795,2.079927,-1537.155065,-1430.463576
22.755798,1.742365,-1549.108554,-1438.439894
22.766934,1.256250,-1562.061831,-1447.448958
22.777799,1.953324,-1574.762413,-1457.776421
22.788800,2.563808,-1587.968383,-1468.433485
22.798798,2.156531,-1598.680380,-1479.255348
22.809800,1.602219,-1610.073550,-1491.549425
22.819798,1.334962,-1622.949919,-1502.898648
22.830799,1.644981,-1634.815516,-1515.181738
22.841797,2.161158,-1647.263405,-1528.167974
22.852798,1.975603,-1660.304575,-1540.407117
22.864010,1.624150,-1672.214118,-1553.558153
22.874849,1.599034,-1684.552141,-1566.544389
22.885803,1.757750,-1697.022004,-1578.783532
22.896801,1.608767,-1709.634693,-1590.748009
22.907800,1.450689,-1722.049623,-1603.349712
22.918802,1.586285,-1734.552446,-1615.500961
22.929803,1.713793,-1746.978362,-1627.806024
22.940809,1.570514,-1759.547105,-1640.111087
22.951008,1.509803,-1771.940062,-1652.383190
22.961856,1.703530,-1783.025605,-1664.589373
22.972804,1.706242,-1795.572375,-1676.971343
22.983802,1.571018,-1808.020264,-1689.188513
22.994807,1.573382,-1820.885647,-1701.405683
23.005813,1.444367,-1832.970977,-1713.765679
23.016814,1.513831,-1845.715506,-1726.202582
23.027805,1.428861,-1858.712729,-1738.419752
23.038916,1.240564,-1870.644246,-1751.735588
23.049826,1.107925,-1883.158055,-1764.776757
23.060809,1.267979,-1895.682852,-1776.971953
23.070809,1.388142,-1906.845302,-1788.112430
23.081810,1.362971,-1919.139378,-1800.889920
23.092808,1.359271,-1931.850948,-1813.469649
23.103809,1.346354,-1944.002197,-1825.763726
23.114810,1.280055,-1956.340220,-1838.563189
23.125812,1.328034,-1968.634297,-1850.736412
23.136811,1.462211,-1981.290933,-1863.393048
23.147933,1.356825,-1993.453169,-1876.599017
23.158813,1.037039,-2005.681326,-1889.442427
23.169813,0.900758,-2018.524735,-1901.538743
23.180814,0.930191,-2030.434278,-1913.602100
23.191812,0.885537,-2042.673421,-1926.544389
23.202814,0.809047,-2055.527818,-1938.728599
23.213817,0.779648,-2067.898801,-1950.682089
23.224815,0.792600,-2079.841304,-1963.349712
23.235813,1.027024,-2092.728660,-1975.632801
23.246913,1.090111,-2104.846950,-1988.970611
23.257816,0.949954,-2117.470626,-2001.022980
23.268818,0.952552,-2130.138249,-2013.306070
23.279816,1.006278,-2142.410352,-2025.655080
23.290818,1.007306,-2154.792322,-2037.707450
23.301820,1.068788,-2167.042451,-2050.199286
23.312819,0.914213,-2179.907834,-2062.240669
23.323946,0.654969,-2191.685537,-2075.589465
23.334883,0.624604,-2204.331187,-2088.366955
23.345821,0.749714,-2217.042756,-2100.540178
23.356821,0.777719,-2229.018220,-2112.757347
23.367820,0.597211,-2241.488083,-2125.644704
23.378824,0.441158,-2254.177679,-2137.872860
23.389859,0.470919,-2266.383862,-2149.980163
23.400823,0.550441,-2278.710898,-2162.175359
23.411820,0.791340,-2291.532334,-2174.722129
23.422969,0.807600,-2303.672597,-2188.015992
23.433941,0.687903,-2316.153447,-2200.529801
23.444908,0.663960,-2328.678243,-2213.373211
23.455866,0.690377,-2340.444960,-2225.667287
23.466836,0.681067,-2352.837916,-2237.983337
23.477826,0.467235,-2365.461592,-2250.837733
23.488827,0.267723,-2378.733482,-2262.956023
23.499845,0.285812,-2390.643025,-2275.316019
23.510829,0.422340,-2401.849422,-2287.983642
23.521831,0.526285,-2415.242164,-2300.233772
23.532828,0.454895,-2427.624134,-2312.494888
23.543829,0.254813,-2439.764397,-2324.909818
23.554836,0.328710,-2452.014527,-2337.258827
23.565833,0.470033,-2464.055910,-2349.629810
23.576833,0.480244,-2476.844386,-2361.759087
23.587831,0.472657,-2489.709769,-2374.250923
23.597834,0.388999,-2500.762352,-2385.457320
23.608833,0.458074,-2512.023682,-2397.520676
23.619832,0.553798,-2525.152745,-2409.946593
23.630023,0.460903,-2537.864315,-2421.987976
23.640916,0.395384,-2548.927885,-2434.161199
23.651883,0.426393,-2560.848415,-2446.740928
23.662836,0.467974,-2573.581957,-2458.969085
23.673834,0.361529,-2585.974914,-2471.087374
23.683832,0.276160,-2597.488937,-2482.546464
23.693835,0.267432,-2608.354747,-2493.214515
23.705837,0.226121,-2620.593890,-2506.508377
23.716837,0.201763,-2633.613086,-2518.978240
23.727920,0.077417,-2645.335856,-2531.766717
23.738837,-0.072888,-2657.585986,-2543.401593
23.749837,-0.366320,-2669.187902,-2554.311350
23.760839,-0.450422,-2678.966033,-2564.243294
23.771836,-0.208048,-2689.194617,-2575.383770
23.781838,-0.403038,-2699.752800,-2584.700461
23.792839,-0.245980,-2709.684744,-2595.005951
23.804840,-0.409393,-2719.979247,-2606.827601
23.815934,0.058205,-2730.768151,-2618.077944
23.826904,0.450642,-2741.337321,-2628.921781
23.837873,0.857074,-2750.368358,-2639.699698
23.847838,1.056242,-2758.894009,-2648.884548
23.858842,1.294702,-2767.914060,-2658.684652
23.869844,1.332789,-2777.197790,-2668.385876
23.881843,1.541380,-2787.382427,-2680.427259
23.892847,1.170390,-2797.270425,-2692.413709
23.903842,0.845871,-2809.465621,-2704.202399
23.914889,0.550922,-2820.507218,-2717.364422
23.924948,0.538010,-2831.834468,-2728.559832
23.936069,0.500360,-2843.436384,-2740.744041
23.946846,0.528669,-2854.598834,-2752.807398
23.957847,0.368777,-2865.475631,-2765.013581
23.968846,0.325686,-2876.418348,-2777.054964
23.979846,0.248427,-2887.503891,-2790.359813
23.990865,0.307114,-2898.468581,-2802.587970
24.001874,0.298911,-2908.796045,-2814.486526
24.012948,0.324924,-2920.310068,-2827.571642
24.023060,0.264407,-2930.198065,-2838.272652
24.033856,-0.073288,-2940.327769,-2848.819849
24.044868,-0.150968,-2949.776299,-2860.729392
24.055853,0.021120,-2960.092776,-2871.749016
24.066858,-0.372795,-2969.914853,-2882.493973
24.077855,-0.708628,-2978.847011,-2892.953276
24.088857,-0.536465,-2987.911008,-2902.643513
24.099851,-0.569950,-2996.315806,-2912.179937
24.110867,-0.623581,-3004.171270,-2921.167028
24.121855,-0.788591,-3012.246467,-2930.000305
24.132857,-0.799319,-3018.508866,-2938.152409
24.142862,-0.688099,-3024.848170,-2945.117954
24.153856,-0.735509,-3030.561235,-2952.511979
24.164870,-0.729620,-3035.538194,-2958.741417
24.176857,-0.659809,-3039.877926,-2965.608081
24.187927,-0.640154,-3044.668111,-2971.200293
24.198858,-0.597482,-3047.799310,-2975.452132
24.209859,-0.548451,-3050.260323,-2979.616077
24.220860,-0.586857,-3052.413709,-2982.945036
24.231858,-0.597796,-3054.325388,-2986.054262
24.241861,-0.568790,-3055.391095,-2988.383435
24.252862,-0.523671,-3056.160161,-2990.284127
24.264873,-0.473255,-3056.588641,-2991.899167
24.275936,-0.452349,-3056.588641,-2993.052767
24.286909,-0.449443,-3056.412854,-2993.635060
24.297862,-0.436498,-3056.138188,-2993.744926
24.308883,-0.386359,-3055.753655,-2993.536180
24.319862,-0.371679,-3055.193335,-2993.184606
24.330866,-0.464990,-3054.633015,-2992.646260
24.340882,-0.545831,-3053.787042,-2992.118900
24.351863,-0.501604,-3052.721335,-2991.404767
24.363085,-0.439786,-3051.446883,-2990.470901
24.373994,-0.358944,-3050.084536,-2989.515061
24.384886,-0.338686,-3048.722190,-2988.185675
24.395866,-0.360238,-3047.381817,-2986.713462
24.406881,-0.386009,-3045.832698,-2985.131382
24.417871,-0.387256,-3043.635365,-2983.439436
24.428874,-0.396584,-3041.339152,-2981.615650
24.439868,-0.406730,-3039.207739,-2979.692984
24.450880,-0.427474,-3037.197180,-2977.451704
24.462008,-0.410727,-3035.065767,-2974.694052
24.472871,-0.377236,-3032.670675,-2972.507706
24.483868,-0.357343,-3030.198675,-2970.101627
24.494874,-0.370612,-3027.660756,-2967.245094
24.505871,-0.363323,-3024.364757,-2964.245735
24.516872,-0.345502,-3020.991852,-2961.026643
24.527872,-0.349996,-3018.102359,-2957.401044
24.538067,-0.334652,-3015.278787,-2954.302805
24.548874,-0.348759,-3012.652974,-2951.204566
24.560079,-0.283203,-3009.642628,-2947.084567
24.570876,-0.286926,-3005.599536,-2943.491928
24.581875,-0.319726,-3002.160710,-2939.690542
24.592874,-0.348802,-2999.249245,-2936.350597
24.603873,-0.366830,-2996.052126,-2932.318491
24.614875,-0.335183,-2992.898953,-2927.802973
24.625876,-0.288211,-2988.735008,-2923.726920
24.636877,-0.273939,-2984.571062,-2919.738762
24.647964,-0.325763,-2981.044343,-2915.464949
24.658960,-0.280239,-2977.418744,-2910.630818
24.669902,-0.247825,-2973.957945,-2906.115299
24.680877,-0.208173,-2969.585253,-2901.676687
24.691879,-0.259145,-2965.772881,-2897.688528
24.702882,-0.309843,-2962.290109,-2892.854396
24.713885,-0.340429,-2958.499710,-2887.712638
24.723881,-0.289760,-2954.753258,-2883.339946
24.735096,-0.253530,-2950.171819,-2878.769494
24.745958,-0.175810,-2946.161687,-2873.693655
24.756880,-0.187547,-2942.426222,-2868.540910
24.767880,-0.225648,-2938.602863,-2864.135258
24.778883,-0.272225,-2933.472091,-2859.092380
24.789883,-0.238392,-2929.176305,-2853.555101
24.800884,-0.241212,-2925.539720,-2848.281503
24.811881,-0.227234,-2921.705374,-2843.974731
24.822885,-0.253504,-2917.156896,-2838.613239
24.833888,-0.199008,-2912.278817,-2833.284707
24.844069,-0.200976,-2908.147832,-2828.637349
24.854963,-0.168999,-2904.456313,-2823.583483
24.865886,-0.140472,-2900.512101,-2818.024232
24.876887,-0.112724,-2896.128422,-2812.662740
24.887906,-0.156224,-2891.997436,-2808.388928
24.898888,-0.146829,-2887.306131,-2803.357036
24.909914,-0.139505,-2883.416852,-2798.347118
24.920890,-0.137192,-2878.956267,-2793.589892
24.932010,-0.188508,-2874.704428,-2788.634907
24.942972,-0.182959,-2870.210883,-2783.350322
24.953947,-0.159276,-2866.277657,-2778.219550
24.964892,-0.101087,-2862.234565,-2774.066591
24.975889,-0.052196,-2858.290353,-2769.309366
24.986893,-0.100693,-2854.609821,-2764.596088
24.997894,-0.123279,-2850.643635,-2759.860836
25.008909,-0.116851,-2847.040010,-2755.927610
25.019118,-0.137572,-2842.788171,-2751.554918
25.029987,-0.142978,-2839.261452,-2746.841639
25.040893,-0.148472,-2835.240333,-2742.128361
25.051893,-0.122143,-2831.449934,-2738.151189
25.062895,-0.128008,-2827.516709,-2733.745537
25.074896,-0.140653,-2823.473617,-2728.944365
25.085897,-0.147314,-2820.056764,-2724.549699
25.096895,-0.077896,-2816.519059,-2720.539567
25.107901,-0.074307,-2813.102206,-2716.595355
25.119052,-0.105494,-2809.377728,-2711.980956
25.128912,-0.132804,-2806.004822,-2708.080691
25.139897,-0.178213,-2802.752770,-2703.762932
25.150905,-0.120205,-2798.973357,-2700.170293
25.161900,-0.111691,-2795.600452,-2696.127201
25.172899,-0.069888,-2792.645039,-2692.128056
25.183898,-0.012069,-2789.491867,-2687.854244
25.194900,-0.003193,-2786.371654,-2684.173711
25.205087,-0.034218,-2783.361309,-2680.383312
25.215917,-0.051062,-2780.592669,-2676.889554
25.227902,-0.114309,-2777.780084,-2672.989288
25.238905,-0.122718,-2775.352031,-2669.264809
25.249909,-0.098942,-2772.418592,-2666.133610
25.260905,-0.129932,-2769.638966,-2662.892544
25.271902,-0.230896,-2767.035127,-2659.728385
25.282123,-0.248453,-2764.277474,-2656.432386
25.293006,-0.118590,-2761.772515,-2652.839747
25.303904,-0.044553,-2759.410382,-2649.236122
25.314907,-0.099048,-2757.213050,-2646.181829
25.325907,-0.203332,-2754.455397,-2642.655110
25.336907,-0.202009,-2751.873531,-2639.348125
25.347948,-0.144184,-2749.511399,-2635.854366
25.358914,-0.046163,-2747.292093,-2632.162847
25.369913,-0.008508,-2745.083773,-2629.262368
25.380913,-0.150159,-2742.897427,-2625.966369
25.392039,-0.207734,-2740.985748,-2622.549516
25.402979,-0.122310,-2738.689535,-2619.572130
25.413945,-0.081122,-2736.118656,-2616.418958
25.424920,-0.028778,-2733.822443,-2613.408612
25.435914,-0.165087,-2731.745964,-2610.771813
25.446957,-0.202332,-2729.768365,-2607.640614
25.457914,-0.081152,-2727.757805,-2604.641255
25.468913,0.018607,-2725.857112,-2601.630909
25.479912,-0.024724,-2724.165166,-2598.444777
25.490914,-0.095116,-2722.583087,-2595.555284
25.501945,-0.114533,-2720.638447,-2593.226112
25.512915,-0.046905,-2718.561968,-2590.523392
25.523973,0.045114,-2716.935942,-2587.985473
25.534916,-0.034586,-2715.518662,-2585.678274
25.545918,-0.121764,-2714.354076,-2583.404035
25.556917,-0.184235,-2713.178503,-2581.272622
25.567921,-0.113204,-2712.101810,-2579.053316
25.578919,-0.026787,-2710.959197,-2577.196570
25.589919,-0.078887,-2709.860530,-2575.438704
25.600976,-0.160395,-2708.695944,-2573.296304
25.612000,-0.138914,-2707.531358,-2570.901212
25.622921,-0.055459,-2706.575518,-2568.791772
25.633920,-0.021498,-2705.685598,-2566.583453
25.644939,-0.038510,-2704.806665,-2564.693747
25.655921,-0.083696,-2703.916746,-2562.858974
25.666941,-0.049064,-2702.949919,-2561.287881
25.677924,0.023056,-2702.103946,-2560.112308
25.688923,0.025677,-2701.378826,-2559.222388
25.699923,-0.023809,-2700.862453,-2558.442335
25.710930,-0.062063,-2700.587786,-2557.684256
25.721925,-0.041528,-2700.477920,-2556.904202
25.732926,-0.000448,-2700.565813,-2556.343883
25.743926,0.008005,-2700.598773,-2555.739616
25.754927,-0.021015,-2700.620746,-2555.300150
25.765132,-0.018729,-2700.675680,-2555.069430
25.776002,-0.009371,-2700.719626,-2555.025483
25.786929,-0.001997,-2700.719626,-2555.113376
25.797928,-0.005847,-2700.741600,-2555.157323
25.808928,-0.021550,-2700.719626,-2555.179296
25.819927,-0.020537,-2700.719626,-2555.201270
25.830934,-0.012791,-2700.730613,-2555.223243
25.841930,0.001130,-2700.741600,-2555.223243
25.852929,-0.011163,-2700.719626,-2555.245216
25.863940,-0.027539,-2700.719626,-2555.256203
25.874931,-0.019256,-2700.741600,-2555.300150
25.885931,-0.016150,-2700.741600,-2555.300150
25.896933,-0.010511,-2700.741600,-2555.256203
25.907931,-0.025570,-2700.719626,-2555.344096
25.919058,-0.027943,-2700.741600,-2555.300150
25.930012,-0.018456,-2700.741600,-2555.300150
25.940970,-0.007572,-2700.741600,-2555.256203
25.951934,-0.012004,-2700.741600,-2555.300150
25.962935,-0.022502,-2700.741600,-2555.278176
25.973936,-0.028260,-2700.741600,-2555.278176
25.984935,-0.017367,-2700.752586,-2555.300150
25.995950,-0.014797,-2700.752586,-2555.300150
26.006939,-0.011816,-2700.741600,-2555.300150
26.017938,-0.018928,-2700.741600,-2555.300150
26.028941,-0.017657,-2700.752586,-2555.300150
26.039939,-0.004901,-2700.741600,-2555.322123
26.050939,-0.002692,-2700.741600,-2555.344096
26.061942,-0.009502,-2700.741600,-2555.300150
26.072940,-0.009524,-2700.741600,-2555.300150
26.083939,-0.003744,-2700.752586,-2555.300150
26.094941,0.005318,-2700.752586,-2555.344096
26.105941,0.004848,-2700.752586,-2555.344096
26.116942,0.002029,-2700.741600,-2555.300150
26.127941,-0.004642,-2700.741600,-2555.278176
26.138944,-0.003843,-2700.741600,-2555.300150
26.149948,-0.000700,-2700.752586,-2555.300150
26.160944,0.001997,-2700.741600,-2555.344096
26.171943,0.001498,-2700.752586,-2555.300150
26.182945,-0.001416,-2700.741600,-2555.344096
26.193159,0.002247,-2700.752586,-2555.300150
26.203130,0.014226,-2700.752586,-2555.300150
26.213947,0.012164,-2700.752586,-2555.300150
26.224947,0.006424,-2700.741600,-2555.267190
26.235946,-0.001037,-2700.752586,-2555.256203
26.246992,0.007902,-2700.752586,-2555.344096
26.257951,0.017276,-2700.752586,-2555.300150
26.268951,0.019005,-2700.741600,-2555.344096
26.279949,-0.001495,-2700.752586,-2555.344096
26.290950,0.001771,-2700.741600,-2555.300150
26.302133,0.021097,-2700.741600,-2555.344096
26.312953,0.020556,-2700.752586,-2555.300150
26.323949,0.013787,-2700.741600,-2555.344096
26.333953,-0.017101,-2700.752586,-2555.300150
26.344953,-0.028042,-2700.741600,-2555.300150
26.355951,-0.023781,-2700.752586,-2555.300150
26.366954,-0.022863,-2700.752586,-2555.267190
26.377953,-0.022999,-2700.752586,-2555.300150
26.388970,-0.028281,-2700.752586,-2555.300150
26.399955,-0.027598,-2700.752586,-2555.344096
26.410954,-0.000874,-2700.752586,-2555.300150
26.421175,-0.000885,-2700.752586,-2555.300150
26.432126,-0.007210,-2700.752586,-2555.300150
26.443099,-0.002951,-2700.752586,-2555.300150
26.453969,0.001743,-2700.752586,-2555.300150
26.464957,0.000026,-2700.752586,-2555.344096
26.475955,-0.001111,-2700.752586,-2555.300150
26.486166,0.000293,-2700.752586,-2555.344096
26.496983,0.004223,-2700.741600,-2555.300150
26.507956,0.008288,-2700.763573,-2555.300150
26.518959,0.012766,-2700.752586,-2555.300150
26.529960,0.018842,-2700.752586,-2555.300150
26.541049,0.021733,-2700.752586,-2555.300150
26.550984,0.028579,-2700.752586,-2555.300150
26.561961,0.029512,-2700.752586,-2555.300150
26.572962,0.027632,-2700.752586,-2555.300150
26.584962,0.042204,-2700.752586,-2555.245216
26.595961,0.034339,-2700.763573,-2555.300150
26.607125,0.025828,-2700.752586,-2555.344096
26.617987,0.028172,-2700.752586,-2555.344096
26.628964,0.024210,-2700.752586,-2555.300150
26.639962,0.017843,-2700.741600,-2555.300150
26.650966,0.027613,-2700.763573,-2555.300150
26.661966,0.024848,-2700.752586,-2555.256203
26.672966,0.019589,-2700.763573,-2555.344096
26.684092,0.011119,-2700.763573,-2555.300150
26.694968,0.002713,-2700.752586,-2555.344096
26.705967,-0.006655,-2700.763573,-2555.300150
26.716969,-0.015047,-2700.741600,-2555.300150
26.727965,-0.018954,-2700.752586,-2555.344096
26.738970,-0.010429,-2700.752586,-2555.300150
26.750066,-0.019105,-2700.741600,-2555.300150
26.760971,-0.012322,-2700.763573,-2555.344096
26.771968,-0.001239,-2700.741600,-2555.300150
26.782971,0.002150,-2700.752586,-2555.344096
26.793971,0.006791,-2700.763573,-2555.344096
26.804972,0.000926,-2700.763573,-2555.344096
26.815969,-0.002064,-2700.763573,-2555.300150
26.827056,-0.006462,-2700.752586,-2555.344096
26.837973,-0.012624,-2700.752586,-2555.344096
26.848973,-0.019432,-2700.752586,-2555.344096
26.859971,-0.025624,-2700.763573,-2555.344096
26.870974,-0.021329,-2700.752586,-2555.300150
26.881975,-0.019408,-2700.763573,-2555.300150
26.893104,-0.011808,-2700.752586,-2555.300150
26.903975,-0.010582,-2700.752586,-2555.300150
26.914980,-0.008417,-2700.752586,-2555.344096
26.925978,-0.008652,-2700.752586,-2555.300150
26.936977,-0.009061,-2700.752586,-2555.344096
26.947976,0.003259,-2700.752586,-2555.344096
26.958978,-0.002844,-2700.752586,-2555.300150
26.970075,-0.003502,-2700.752586,-2555.300150
26.980979,0.007645,-2700.752586,-2555.300150
26.991994,-0.003900,-2700.763573,-2555.300150
27.001993,-0.003796,-2700.741600,-2555.300150
27.012981,0.006454,-2700.752586,-2555.267190
27.023979,-0.000348,-2700.763573,-2555.300150
27.034982,-0.015420,-2700.763573,-2555.344096
27.046016,-0.013581,-2700.752586,-2555.300150
27.056983,0.021859,-2700.752586,-2555.344096
27.067981,0.022965,-2700.752586,-2555.300150
27.078983,0.016671,-2700.763573,-2555.344096
27.089984,0.023817,-2700.763573,-2555.300150
27.100985,0.028044,-2700.752586,-2555.300150
27.111989,0.033111,-2700.763573,-2555.300150
27.122206,-0.002246,-2700.752586,-2555.300150
27.132989,-0.004368,-2700.752586,-2555.344096
27.143994,0.004237,-2700.763573,-2555.300150
27.155157,-0.001464,-2700.763573,-2555.322123
